Symbol,Price,Price % Change,# of Funds...,IBD Comp. Rating,EPS Rating,RS Rating,Ind Grp RS,SMR Rating,Acc/Dis Rating,Industry Group Rank,Vol. % Change,Vol. (1000s),Last Qtr Sales % Chg.,Div Yield,PE Ratio,IPO Date,Pretax Margin,Curr Yr EPS Est. % Chg.,Curr Qtr EPS Est. % Chg.,Last Qtr EPS % Chg.,Vol. 50 Day Avg. (1000s)
AAA,24.95,-0.23,,,,23,,,B+,,-78,2,,4.9,,-,,,,,12
AAAA,30.18,-0.20,,,,80,,,E,,14,6,,1.3,,-,,,,,4
AAAC,20.02,,,,,26,,,C,,-97,0,,4.5,,-,,,,,0
AAAD,50.19,,,,,34,,,,,-97,0,,0.4,,-,,,,,
AAAP,25.19,0.06,,,,,,,,,65,1,,,,-,,,,,
AAAU,40.63,2.03,16,,,35,,,E,,-30,1182,,,,-,,,,,1693
AACB,10.52,0.19,35,,,,,,D,,-54,17,,,89,-,,,,105.14,27
AACI,10.00,,11,,,,,,E,,154,58,,,47,-,,,,,17
AACO,9.95,0.20,1,,,,,,,,72,49,,,22,-,,,,,15
AACP,9.97,-0.10,,,,,,,,,-92,21,,,92,-,,,,,
AADR,82.48,1.03,1,,,33,,,D,,-44,1,,0.9,,-,,,,,2
AAEQ,53.05,,1,,,62,,,E,,-99,0,,0.1,,-,,,,,1
AALG,20.11,-3.08,,,,95,,,C,,-44,26,,1.4,,-,,,,,48
AAOG,4.59,-26.21,,,,17,,,,,155,2463,,,,-,,,,,
AAOX,20.38,-26.11,1,,,40,,,E,,29,7394,,,,-,,,,,5759
AAPB,38.53,9.64,,,,96,,,D+,,-4,75,,,,-,,,,,81
AAPD,11.36,-4.54,3,,,4,,,B,,28,9770,,3.2,,-,,,,,7513
AAPR,29.51,0.04,1,,,47,,,E,,-42,0,,,,-,,,,,18
AAPU,39.48,9.27,2,,,96,,,D,,15,2527,,2.4,,-,,,,,2251
AAPW,40.15,5.54,1,,,54,,,E,,49,21,,35.2,,-,,,,,16
AAPX,35.78,9.79,1,,,96,,,D,,-28,54,,,,-,,,,,77
AAPY,26.23,4.49,,,,79,,,C,,586,30,,12.6,,-,,,,,5
AAUA,56.84,,1,,,68,,,D+,,-99,0,,,,-,,,,,1
AAUM,20.04,1.47,,,,24,,,D-,,-37,0,,1.0,,-,,,,,0
AAUS,59.71,0.01,1,,,78,,,C,,-47,1,,0.3,,-,,,,,1
AAVM,33.62,0.20,,,,79,,,D+,,-58,1,,1.8,,-,,,,,2
AAXJ,113.94,-1.66,79,,,94,,,D,,-13,567,,0.8,,-,,,,,664
ABCS,34.10,0.87,,,,81,,,A+,,7,2,,1.2,,-,,,,,2
ABEQ,37.83,1.71,1,,,44,,,E,,33,18,,1.2,,-,,,,,13
ABFL,83.12,-1.47,,,,87,,,C-,,-58,6,,0.5,,-,,,,,16
ABI,24.90,,5,,,26,,,C,,-96,0,,5.7,,-,,,,,0
ABIG,34.42,-0.21,,,,78,,,C,,-85,1,,0.1,,-,,,,,4
ABLD,30.05,1.03,,,,35,,,E,,-51,6,,3.6,,-,,,,,12
ABLG,31.62,-1.43,,,,46,,,D,,611,13,,2.5,,-,,,,,1
ABLS,23.59,-0.30,,,,57,,,C,,410,5,,0.7,,-,,,,,1
ABNG,19.48,2.47,,,,80,,,C,,57,3,,,,-,,,,,2
ABOT,39.76,,,,,55,,,B,,-97,0,,0.4,,-,,,,,0
ABUF,27.06,-0.00,,,,41,,,E,,-24,0,,,,-,,,,,3
ABXB,19.32,,,,,14,,,D,,-100,0,,5.2,,-,,,,,1
ACAA,10.20,1.64,1,,,,,,,,988,229,,,31,-,,,,,11
ACEI,23.16,0.30,,,,12,,,E,,123,46,,13.0,,-,,,,,21
ACEP,19.65,,,,,78,,,E,,-99,0,,0.1,,-,,,,,3
ACES,34.13,-2.29,6,,,58,,,E,,-23,61,,0.6,,-,,,,,81
ACGC,9.96,,,,,,,,,,-100,0,,,92,-,,,,,
ACGO,37.59,,,,,27,,,,,-100,0,,,,-,,,,,
ACGR,68.03,,1,,,68,,,C-,,-89,0,,0.1,,-,,,,,0
ACHX,28.00,0.86,,,,,,,,,-100,0,,,,-,,,,,
ACII,25.56,-0.08,,,,31,,,C,,-49,36,,8.9,,-,,,,,71
ACIO,46.15,-0.09,2,,,62,,,C,,44,171,,0.4,,-,,,,,124
ACKY,17.71,0.78,,,,18,,,E,,-84,5,,16.4,,-,,,,,30
ACLC,84.12,0.09,2,,,74,,,D,,-71,5,,0.6,,-,,,,,16
ACLO,50.30,-0.03,,,,30,,,A,,-91,52,,4.9,,-,,,,,32
ACLZ,16.62,-37.68,,,,,,,,,-58,1,,,,-,,,,,
ACMM,22.23,-33.84,,,,,,,,,223,45,,,,-,,,,,
ACOM,19.66,0.04,,,,,,,,,336,0,,,,-,,,,,
ACP,5.28,0.57,14,,,21,,,D+,,-57,199,256.54,17.9,32,1/27/2011,47.2,,,-112.76,465
ACQC,8.00,-5.88,,,,,,,E,,100,0,,,99,-,,,,44.37,0
ACSG,49.37,-1.04,1,,,84,,,E,,-93,0,,,,-,,,,,5
ACSI,74.93,-0.13,,,,84,,,A+,,160,1,,0.8,,-,,,,,0
ACSV,49.22,-1.04,1,,,77,,,D-,,126,1,,1.1,,-,,,,,2
ACTS,27.99,-2.21,,,,67,,,E,,4,5,,,,-,,,,,5
ACV,28.03,-0.71,,,,82,,,D,,-26,16,45.24,7.9,83,5/22/2015,117.5,,,34.86,22
ACVF,53.82,-0.47,,,,73,,,B,,-38,4,,0.5,,-,,,,,6
ACVT,28.24,,1,,,56,,,C,,-100,0,,1.4,,-,,,,,1
ACVU,31.45,0.70,,,,87,,,A+,,-19,11,,1.7,,-,,,,,13
ACWI,156.15,0.02,206,,,81,,,D,,-10,3202,,1.5,,-,,,,,3485
ACWV,122.06,1.19,29,,,44,,,E,,29,121,,2.0,,-,,,,,102
ACWX,75.23,0.32,26,,,82,,,E,,27,2675,,1.6,,-,,,,,1824
ACYN,20.55,-0.10,,,,37,,,E,,58,2149,,10.5,,-,,,,,1374
ACYQ,20.26,-0.61,,,,,,,,,149,241,,,,-,,,,,
ACYS,20.40,0.20,,,,34,,,,,-42,140,,7.2,,-,,,,,
ADBG,3.43,8.20,,,,1,,,D,,51,8276,,,,-,,,,,5671
ADBU,19.23,8.16,,,,10,,,E,,73,95,,1.5,,-,,,,,58
ADDS,25.63,-1.37,,,,37,,,,,-23,21,,,,-,,,,,
ADFI,8.49,0.05,1,,,23,,,B,,-34,10,,3.2,,-,,,,,16
ADIU,11.29,-7.61,,,,,,,,,-56,3,,,,-,,,,,
ADIV,18.44,0.08,1,,,44,,,D,,-25,3,,2.9,,-,,,,,6
ADME,55.37,-0.38,,,,71,,,C-,,-71,6,,0.4,,-,,,,,16
ADPV,45.91,-2.41,,,,69,,,D+,,9,12,,0.6,,-,,,,,11
ADVE,44.95,-0.02,,,,81,,,E,,343,0,,1.7,,-,,,,,1
ADX,25.59,-0.12,6,,,86,,,B+,,-17,226,-53.74,7.5,73,-,237.1,,,80.51,273
AEAQ,10.00,,35,,,,,,C,,-98,0,,,37,-,,,,,11
AEF,9.19,-0.76,2,,,97,,,E,,-23,129,258.75,8.5,93,9/27/1989,285.6,,,3754.44,171
AEHG,6.97,-34.92,,,,,,,,,386,157,,,,-,,,,,
AEMS,2.58,7.99,,,,1,,,E,,154,814,,0.8,,-,,,,,318
AESP,9.87,0.10,,,,,,,,,-43,123,,,,-,,,,,
AESR,20.00,-1.72,,,,70,,,C-,,-70,31,,,,-,,,,,105
AETH,29.27,-0.02,,,,4,,,E,,63,0,,3.0,,-,,,,,1
AEXA,11.85,0.25,44,,,,,,D-,,-41,71,,,5,9/26/2025,,,,,122
AFB,11.39,-0.52,11,,,58,,,A,,41,150,42.16,5.2,4,-,23.8,,,118.98,108
AFGR,36.28,-0.73,1,,,61,,,B-,,153,12,,,,-,,,,,5
AFIF,9.43,-0.01,2,,,38,,,E,,-54,30,,3.7,,-,,,,,64
AFIX,24.76,0.08,6,,,13,,,D-,,-75,14,,4.7,,-,,,,,52
AFJK,27.00,2.23,4,,,,,,E,,178,16,,,99,-,,,,-43.4,6
AFK,26.11,1.32,3,,,52,,,E,,-57,31,,1.1,,-,,,,,74
AFLG,43.16,-0.20,,,,77,,,D,,-35,37,,0.7,,-,,,,,57
AFMC,40.28,-0.86,2,,,86,,,C-,,-26,18,,0.7,,-,,,,,25
AFOS,45.11,-1.15,,,,97,,,E,,68,23,,0.2,,-,,,,,14
AFRU,14.21,2.08,,,,44,,,C,,274,196,,,,-,,,,,56
AFSC,38.40,-1.41,1,,,95,,,D-,,96,1,,0.1,,-,,,,,0
AFSM,40.19,-1.69,2,,,94,,,A,,-7,15,,0.5,,-,,,,,17
AGD,11.93,-0.83,4,,,45,,,E,,-7,98,178.29,11.7,72,-,141.3,,,101.66,107
AGEM,47.60,-1.21,1,,,94,,,D,,-86,2,,1.9,,-,,,,,16
AGG,98.61,0.11,221,,,16,,,E,,-9,8406,,4.0,,-,,,,,8423
AGGA,25.14,0.11,,,,23,,,E,,42,25,,4.2,,-,,,,,18
AGGH,20.18,0.34,2,,,10,,,D,,919,1990,,7.5,,-,,,,,197
AGGS,40.68,0.07,,,,15,,,C+,,105,0,,4.9,,-,,,,,1
AGGY,43.48,0.16,3,,,20,,,D,,-22,88,,4.5,,-,,,,,114
AGIQ,23.92,-1.69,,,,78,,,D+,,-44,5,,1.9,,-,,,,,10
AGIX,44.41,-3.07,2,,,95,,,C,,-48,253,,,,-,,,,,472
AGMI,63.48,3.46,,,,53,,,E,,-69,1,,3.4,,-,,,,,3
AGNG,37.06,2.99,6,,,57,,,C+,,44,20,,0.9,,-,,,,,14
AGOX,34.31,-0.78,1,,,89,,,A+,,-80,17,,,,-,,,,,85
AGQ,71.92,5.25,6,,,30,,,E,,-9,2985,,,,-,,,,,3321
AGQI,18.24,1.52,,,,72,,,E,,-27,1,,1.7,,-,,,,,10
AGRH,26.23,0.03,1,,,36,,,E,,-75,0,,4.7,,-,,,,,1
AGRW,31.61,,1,,,72,,,C,,-99,0,,0.1,,-,,,,,1
AGZ,108.84,0.07,5,,,14,,,E,,0,12,,3.7,,-,,,,,12
AGZD,22.57,0.00,3,,,36,,,E,,140,99,,3.7,,-,,,,,49
AHD,25.52,,,,,38,,,,,-72,0,,27.7,,-,,,,,
AHLT,28.65,-1.00,1,,,64,,,E,,-53,6,,1.6,,-,,,,,73
AHYB,46.38,0.21,,,,28,,,D-,,-50,1,,6.0,,-,,,,,2
AIA,134.31,-1.52,35,,,97,,,E,,96,1022,,0.8,,-,,,,,529
AIBD,5.53,3.69,,,,2,,,B-,,-45,48,,3.3,,-,,,,,84
AIBU,59.84,-3.28,,,,93,,,C,,-58,8,,,,-,,,,,20
AIEQ,49.66,-0.06,,,,78,,,C,,-21,3,,0.8,,-,,,,,5
AIFD,51.61,-3.96,3,,,98,,,C,,-27,19,,,,-,,,,,26
AIIA,10.23,,26,,,,,,E,,-100,0,,,27,-,,,,,17
AIMS,28.88,-1.92,,,,70,,,C,,21,3,,,,-,,,,,3
AINP,25.05,0.22,6,,,26,,,A,,-45,12,,5.5,,-,,,,,21
AINT,29.64,-0.56,,,,70,,,C,,2,1,,,,-,,,,,3
AIO,27.04,-2.24,7,,,85,,,B+,,-28,65,-4.01,7.8,75,10/29/2019,138.3,,,-26.84,89
AIOO,26.27,-0.13,1,,,43,,,C,,4,18,,,,-,,,,,17
AIPI,36.42,-1.22,3,,,30,,,C,,35,247,,37.1,,-,,,,,184
AIPO,31.03,-3.12,5,,,97,,,E,,3,1482,,,,-,,,,,1452
AIQ,61.85,-2.80,41,,,96,,,D+,,23,3169,,0.1,,-,,,,,2604
AIQD,66.27,5.09,,,,64,,,,,-77,0,,,,-,,,,,
AIQU,16.21,-5.37,,,,20,,,,,5,14,,,,-,,,,,
AIRR,125.91,-2.67,38,,,93,,,E,,17,892,,0.1,,-,,,,,763
AIS,74.23,-6.62,4,,,99,,,C,,123,1491,,,,-,,,,,649
AIUP,27.54,-0.36,,,,67,,,E,,-70,1,,,,-,,,,,2
AIVC,106.33,-4.44,,,,99,,,C,,11,25,,0.1,,-,,,,,27
AIVI,56.81,1.50,1,,,68,,,E,,-81,0,,3.5,,-,,,,,2
AIVL,131.75,1.27,2,,,82,,,A,,2,3,,1.5,,-,,,,,3
AIX,24.06,-3.10,,,,,,,,,-12,3,,,,-,,,,,
AIYY,8.01,-3.55,,,,2,,,C,,-33,64,,150.9,,-,,,,,96
AJAN,28.40,0.06,,,,45,,,B-,,-1,5,,,,-,,,,,5
AJUL,30.02,-0.06,,,,49,,,B,,491,38,,,,-,,,,,6
AKAF,31.73,,,,,64,,,E,,-88,0,,4.0,,-,,,,,0
AKRE,55.67,2.83,7,,,26,,,C-,,-18,784,,,,-,,,,,958
ALAI,43.57,-3.24,1,,,94,,,D,,306,339,,,,-,,,,,84
ALBG,7.51,-1.55,,,,8,,,E,,-33,21,,,,-,,,,,33
ALCYF,11.93,-0.50,6,,,,,,A,,142,0,,,90,-,,,,-18.57,1
ALDB,25.22,0.04,,,,33,,,,,-85,1,,,,-,,,,,
ALDF,10.71,,30,,,,,,E,,-100,0,,,6,-,,,,-38.85,22
ALF,10.89,0.09,37,,,,,,E,,-100,0,,,72,-,,,,-13.11,96
ALIL,31.67,-3.04,,,,70,,,C,,-4,2,,0.2,,-,,,,,2
ALIS,10.18,0.20,14,,,,,,C,,266,46,,,62,-,,,,-229.04,11
ALLW,29.24,0.34,5,,,48,,,E,,-49,356,,2.9,,-,,,,,715
ALOV,9.96,0.20,13,,,,,,E,,-90,1,,,9,-,,,,,6
ALRG,29.84,,,,,77,,,C,,-99,0,,0.4,,-,,,,,0
ALTL,48.63,-3.02,2,,,79,,,C,,-80,1,,0.9,,-,,,,,6
ALTY,12.39,0.24,,,,48,,,D,,159,28,,7.4,,-,,,,,12
ALUB,10.08,0.20,25,,,,,,C,,-82,6,,,36,-,,,,,22
AMA,40.65,-14.11,,,,,,,,,186,767,,,,-,,,,,
AMAA,28.53,0.94,,,,,,,,,-66,2,,,,-,,,,,
AMAN,10.15,,1,,,,,,,,-99,2,,,,5/19/2026,,,,,
AMAU,24.54,-14.58,,,,65,,,,,221,737,,,,-,,,,,
AMAX,7.50,0.54,1,,,8,,,E,,-83,9,,11.7,,-,,,,,55
AMDC,22.98,-8.98,,,,,,,,,-55,3,,,,-,,,,,
AMDD,2.96,4.60,2,,,1,,,C,,-0,19805,,13.4,,-,,,,,20052
AMDG,109.69,-8.75,1,,,99,,,D-,,-34,68,,2.6,,-,,,,,105
AMDL,65.15,-8.78,3,,,99,,,B-,,-60,3486,,,,-,,,,,9001
AMDW,100.45,-5.13,,,,99,,,D,,48,109,,37.1,,-,,,,,77
AMDY,53.25,-2.39,2,,,98,,,B,,-3,403,,64.7,,-,,,,,423
AMEI,26.12,0.11,,,,,,,,,-42,8,,,,-,,,,,
AMEM,24.25,-1.25,,,,,,,,,-62,6,,,,-,,,,,
AMGR,25.09,-0.17,,,,,,,,,-51,10,,,,-,,,,,
AMHI,25.17,0.11,,,,,,,,,,0,,,,-,,,,,
AMID,35.86,-0.83,1,,,63,,,D,,-90,1,,0.3,,-,,,,,12
AMJB,34.44,0.94,2,,,53,,,C-,,-47,17,,5.8,,-,,,,,36
AMKL,16.07,-26.18,,,,18,,,,,14,203,,,,-,,,,,
AMLP,52.06,0.85,32,,,45,,,D+,,-29,1087,,7.8,,-,,,,,1540
AMOM,58.82,-4.13,1,,,94,,,B,,37,7,,,,-,,,,,5
AMPU,4.43,-17.96,,,,16,,,,,108,493,,,,-,,,,,
AMUB,21.69,0.77,,,,53,,,D,,-100,0,,6.0,,-,,,,,1
AMUN,26.02,0.02,2,,,23,,,D-,,-78,1,,2.6,,-,,,,,3
AMUU,230.50,-8.23,1,,,99,,,D,,-30,106,,0.6,,-,,,,,155
AMYY,15.50,-0.55,1,,,9,,,C,,18,31,,92.9,,-,,,,,26
AMZA,46.50,0.67,3,,,52,,,C-,,-50,19,,8.2,,-,,,,,38
AMZD,9.30,-0.21,1,,,5,,,B,,13,15797,,3.1,,-,,,,,14034
AMZO,17.49,-0.55,,,,9,,,E,,9,11,,,,-,,,,,11
AMZP,26.34,0.57,,,,37,,,E,,-50,9,,21.1,,-,,,,,18
AMZU,34.31,0.29,3,,,45,,,D,,17,3905,,2.6,,-,,,,,3401
AMZW,36.72,0.63,2,,,30,,,E,,-3,18,,49.6,,-,,,,,20
AMZY,10.67,-0.16,3,,,7,,,D-,,-67,158,,54.9,,-,,,,,497
AMZZ,31.83,0.70,,,,64,,,D,,15,221,,,,-,,,,,194
ANEL,18.82,-8.43,,,,62,,,C-,,-74,85,,,,-,,,,,336
ANEW,52.18,0.72,1,,,62,,,B-,,465,0,,0.5,,-,,,,,0
ANGL,29.16,0.17,33,,,28,,,B+,,105,1345,,6.4,,-,,,,,658
ANSC,11.44,,29,,,,,,E,,-100,0,,,97,-,,,,11.52,54
ANV,24.76,-0.51,,,,33,,,E,,9,3,,16.8,,-,,,,,2
AOA,96.99,0.57,4,,,72,,,D,,-24,84,,2.1,,-,,,,,111
AOCT,27.36,,,,,48,,,A,,-97,1,,,,-,,,,,21
AOD,10.34,0.78,12,,,72,,,E,,-7,384,153.5,12.0,61,-,131.5,,,27.42,415
AOHY,11.02,-0.08,3,,,22,,,E,,-60,17,,6.6,,-,,,,,43
AOK,41.30,0.31,4,,,46,,,D,,-57,86,,3.2,,-,,,,,200
AOM,49.35,0.02,5,,,49,,,D,,-20,117,,3.0,,-,,,,,149
AOR,69.27,0.82,11,,,62,,,D,,-21,263,,2.5,,-,,,,,334
AOTG,63.04,-2.09,,,,91,,,A+,,-80,1,,,,-,,,,,6
AOTS,23.07,1.02,,,,37,,,D-,,-70,1,,,,-,,,,,1
APAC,10.12,,17,,,,,,C,,-90,1,,,16,-,,,,1689046.75,4
APCB,29.33,0.18,1,,,18,,,E,,-24,42,,4.1,,-,,,,,56
APDB,25.66,-0.14,,,,33,,,,,-76,1,,,,-,,,,,
APHG,15.85,-9.64,,,,,,,,,-31,8,,,,-,,,,,
APHU,26.82,-9.82,,,,,,,C,,-51,12,,,,-,,,,,25
APIE,38.53,0.85,1,,,71,,,A+,,-39,33,,3.5,,-,,,,,54
APLU,24.58,0.14,5,,,14,,,E,,-29,36,,4.8,,-,,,,,51
APLX,16.03,-13.63,1,,,64,,,E,,-88,1717,,,,-,,,,,1413
APLY,12.13,4.00,2,,,21,,,D,,-37,83,,36.6,,-,,,,,132
APLZ,23.67,13.25,,,,8,,,C,,-61,218,,,,-,,,,,313
APMC,9.91,0.10,,,,,,,,,-94,3,,,94,-,,,,,
APMU,25.01,-0.08,,,,31,,,B+,,-6,23,,2.7,,-,,,,,25
APOC,26.30,0.19,,,,40,,,B-,,-72,9,,,,-,,,,,31
APPC,34.34,-12.92,,,,,,,,,-94,0,,,,-,,,,,
APPX,41.62,-13.63,1,,,54,,,C,,-78,383,,,,-,,,,,735
APRB,26.88,0.04,,,,50,,,C,,-28,1,,,,-,,,,,2
APRH,24.96,-0.02,,,,29,,,D+,,-89,0,,5.8,,-,,,,,7
APRJ,24.75,0.04,,,,26,,,C-,,-6,7,,4.8,,-,,,,,8
APRP,32.54,0.04,,,,68,,,E,,26,6,,,,-,,,,,4
APRT,45.84,-0.01,,,,72,,,E,,7355,168,,,,-,,,,,2
APRW,37.12,-0.01,,,,55,,,D-,,2712,200,,,,-,,,,,7
APRZ,39.79,-0.12,1,,,63,,,E,,-51,2,,3.2,,-,,,,,2
APUE,46.10,-0.11,1,,,84,,,C,,-32,64,,0.8,,-,,,,,95
APUR,9.92,,,,,,,,,,-98,5,,,85,-,,,,,
APXM,31.70,-0.00,1,,,41,,,E,,-88,0,,,,-,,,,,5
APXT,10.08,0.30,39,,,,,,D+,,-84,21,,,46,-,,,,,134
AQEC,24.92,2.88,,,,34,,,E,,-90,5,,1.3,,-,,,,,52
AQLG,25.75,,,,,39,,,,,-88,0,,,,-,,,,,
AQLT,31.39,0.06,1,,,85,,,A+,,158,79,,1.0,,-,,,,,31
AQWA,19.46,0.57,,,,43,,,B,,-79,2,,1.5,,-,,,,,9
ARB,29.34,-1.03,4,,,37,,,D,,-48,6,,0.4,,-,,,,,13
ARCI,10.00,-0.40,24,,,,,,D+,,-97,1,,,7,-,,,,,27
ARCL,9.94,,,,,,,,,,-100,0,,,,-,,,,,
ARCM,100.11,,3,,,22,,,A+,,-95,0,,3.7,,-,,,,,1
ARCX,11.78,0.51,,,,2,,,E,,-65,20,,,,-,,,,,57
ARDC,12.77,0.31,10,,,26,,,A,,-42,69,-8.44,10.8,35,-,50.9,,,-40.23,121
ARGT,91.45,0.37,20,,,51,,,E,,144,573,,1.1,,-,,,,,253
ARKB,20.37,2.41,8,,,4,,,D,,12,2179,,,,-,,,,,1955
ARKD,20.39,-0.65,,,,46,,,C,,-78,0,,,,-,,,,,0
ARKE,20.06,-0.47,,,,,,,,,222,4,,,,-,,,,,
ARKF,40.97,0.32,10,,,30,,,D+,,14,217,,0.1,,-,,,,,192
ARKG,42.91,0.68,15,,,98,,,A+,,45,4676,,,,-,,,,,3267
ARKI,22.25,-0.85,,,,44,,,E,,-69,0,,,,-,,,,,0
ARKK,81.25,-0.73,33,,,65,,,B,,-9,8437,,,,-,,,,,7768
ARKQ,127.94,-1.92,23,,,87,,,E,,-41,122,,0.2,,-,,,,,209
ARKT,19.22,-0.64,,,,39,,,D,,230,1,,0.1,,-,,,,,0
ARKW,145.18,-0.87,14,,,44,,,C,,-25,75,,1.7,,-,,,,,101
ARKX,33.87,0.12,8,,,91,,,E,,-12,1235,,,,-,,,,,1437
ARLI,26.30,1.03,,,,38,,,E,,-35,0,,,,-,,,,,1
ARLU,31.82,-0.17,2,,,66,,,A,,-57,1,,,,-,,,,,3
ARMA,20.72,-13.69,,,,,,,,,-93,0,,,,-,,,,,
ARMG,30.76,-13.62,,,,99,,,D,,-49,1238,,0.8,,-,,,,,2572
ARMH,133.36,-7.12,,,,99,,,E,,58,9,,1.1,,-,,,,,6
ARMW,61.70,-8.74,,,,88,,,D,,208,144,,32.7,,-,,,,,48
ARMY,25.36,4.99,1,,,41,,,C,,14,5,,,,-,,,,,4
ARP,32.16,-0.23,,,,45,,,D,,-69,2,,6.2,,-,,,,,7
ARTC,9.98,0.30,19,,,,,,E,,-65,25,,,4,-,,,,,77
ARTY,71.09,-2.80,7,,,98,,,D+,,31,1251,,0.1,,-,,,,,944
ARVR,55.63,,1,,,87,,,B,,-89,0,,0.7,,-,,,,,1
ARWG,25.76,-3.06,,,,54,,,D,,449,5,,0.5,,-,,,,,1
ASA,54.48,4.03,13,,,44,,,E,,-3,94,98.64,0.1,100,-,448.2,,,997.1,97
ASCE,34.17,-1.50,1,,,95,,,C,,-72,10,,0.2,,-,,,,,37
ASCI,36.77,0.58,1,,,58,,,E,,-63,1,,0.8,,-,,,,,3
ASD,27.67,2.26,,,,50,,,,,-11,1,,0.1,,-,,,,,
ASEA,19.75,1.53,3,,,61,,,E,,-80,6,,3.6,,-,,,,,30
ASEC,50.16,,,,,32,,,,,-100,0,,,,-,,,,,
ASG,5.46,-0.18,9,,,50,,,A,,13,310,-85.2,8.8,24,3/6/1986,47.1,,,-65.95,277
ASGI,23.26,0.78,2,,,59,,,D,,-39,91,,12.1,,7/29/2020,,,,,149
ASGM,30.86,-0.38,,,,82,,,E,,-81,0,,1.7,,-,,,,,1
ASHR,35.16,-3.25,52,,,70,,,E,,133,10107,,2.1,,-,,,,,4391
ASHS,46.28,-4.30,1,,,90,,,E,,41,22,,,,-,,,,,16
ASIA,42.49,-2.63,,,,95,,,C-,,-16,4,,0.8,,-,,,,,4
ASLV,30.37,1.04,6,,,68,,,C,,-40,11,,0.8,,-,,,,,15
ASMF,25.49,-0.49,,,,52,,,D+,,-1,2,,0.2,,-,,,,,2
ASMG,51.02,-8.51,1,,,99,,,E,,20,149,,4.7,,-,,,,,126
ASMH,121.06,-4.33,,,,98,,,D,,1190,24,,0.1,,-,,,,,2
ASMU,33.30,-8.54,,,,77,,,D,,111,197,,1.1,,-,,,,,98
ASMZ,21.74,-8.21,,,,,,,,,-94,1,,,,-,,,,,
ASPC,10.77,,1,,,,,,C,,-89,1,,,57,-,,,,-194.65,6
ASTG,19.09,-4.16,,,,,,,,,-63,2,,,,-,,,,,
ASTN,4.13,2.23,,,,8,,,E,,-8,4597,,,,-,,,,,5125
ASTT,40.12,-3.10,,,,,,,,,-9,3,,,,-,,,,,
ASTX,25.36,-1.97,1,,,5,,,E,,-22,5329,,,,-,,,,,7037
ASTY,13.84,-2.74,,,,19,,,,,-22,175,,,,-,,,,,
ASUP,17.40,-3.76,,,,19,,,,,-84,4,,,,-,,,,,
ATC,21.58,,,,,23,,,,,-87,0,,37.9,,-,,,,,
ATCL,24.83,0.04,,,,37,,,C,,-58,16,,13.8,,-,,,,,39
ATFV,39.50,-1.25,3,,,90,,,A,,-56,27,,0.1,,-,,,,,67
ATII,10.90,0.37,40,,,,,,E,,-84,70,,,40,-,,,,47.06,378
ATMP,34.52,1.03,,,,59,,,D,,-78,4,,4.5,,-,,,,,17
ATTR,94.09,-0.15,,,,43,,,C,,-75,0,,,,-,,,,,1
AUAU,33.59,3.86,,,,8,,,E,,160,5,,,,-,,,,,3
AUGM,35.08,0.02,2,,,48,,,C+,,-55,0,,,,-,,,,,2
AUGP,33.08,0.06,1,,,65,,,E,,116,6,,,,-,,,,,4
AUGT,38.10,-0.03,,,,68,,,C,,12,0,,,,-,,,,,5
AUGU,31.58,-0.17,2,,,70,,,E,,-77,2,,,,-,,,,,8
AUGW,34.08,-0.01,,,,55,,,A+,,-56,2,,,,-,,,,,8
AUGZ,45.21,-0.15,1,,,62,,,D,,-97,1,,3.5,,-,,,,,28
AUMI,80.81,4.48,,,,33,,,E,,-81,1,,1.0,,-,,,,,5
AUSF,49.90,1.28,2,,,54,,,E,,-50,47,,2.7,,-,,,,,95
AUSM,25.08,0.01,,,,31,,,C,,75,0,,2.6,,-,,,,,5
AV,29.30,0.97,,,,46,,,,,-89,0,,,,-,,,,,
AVAZ,8.19,1.47,,,,18,,,,,-48,1,,1.5,,-,,,,,
AVDE,89.92,1.05,21,,,73,,,E,,28,1370,,3.3,,-,,,,,1086
AVDS,76.13,0.70,3,,,72,,,E,,-25,17,,3.1,,-,,,,,25
AVDV,104.42,0.79,32,,,76,,,E,,7,753,,3.8,,-,,,,,705
AVEE,68.46,0.03,4,,,65,,,D,,215,30,,3.0,,-,,,,,10
AVEM,92.44,-1.18,38,,,92,,,E,,36,2436,,2.5,,-,,,,,1831
AVES,64.85,0.78,12,,,75,,,E,,83,148,,3.3,,-,,,,,84
AVGB,51.20,0.17,1,,,35,,,C,,-39,2,,3.2,,-,,,,,4
AVGC,23.27,-5.45,,,,,,,,,-98,0,,,,-,,,,,
AVGE,98.57,0.07,2,,,86,,,C-,,30,78,,1.9,,-,,,,,61
AVGG,24.74,-5.21,,,,61,,,E,,-18,278,,2.4,,-,,,,,352
AVGU,31.67,-5.18,,,,60,,,E,,5,138,,,,-,,,,,142
AVGV,85.00,0.56,1,,,85,,,E,,102,77,,2.2,,-,,,,,39
AVGW,37.54,-2.65,1,,,25,,,E,,21,41,,68.3,,-,,,,,35
AVGX,42.20,-5.32,1,,,60,,,D-,,-37,638,,1.8,,-,,,,,1072
AVIE,75.52,1.58,1,,,73,,,D,,167,3,,1.4,,-,,,,,1
AVIG,41.42,0.17,5,,,21,,,E,,-18,230,,4.5,,-,,,,,328
AVIV,78.42,1.61,9,,,74,,,E,,-64,67,,3.5,,-,,,,,190
AVK,12.94,-0.84,6,,,65,,,D+,,8,150,20.91,11.0,87,-,116.3,,,328.87,140
AVL,40.04,-5.10,3,,,52,,,D,,-10,560,,1.8,,-,,,,,654
AVLC,89.19,-0.36,3,,,87,,,C+,,-10,66,,0.8,,-,,,,,73
AVLV,90.83,,10,,,89,,,D,,-8,1045,,1.1,,-,,,,,1709
AVMA,72.54,0.00,,,,70,,,D,,25,8,,2.7,,-,,,,,6
AVMC,79.80,-0.10,3,,,79,,,D,,-12,27,,0.9,,-,,,,,30
AVMU,46.61,0.07,1,,,42,,,B+,,289,40,,3.5,,-,,,,,11
AVMV,80.42,0.21,3,,,77,,,D,,1,39,,1.0,,-,,,,,39
AVNM,82.05,0.51,2,,,79,,,E,,42,73,,3.2,,-,,,,,52
AVNV,82.72,1.04,1,,,75,,,E,,145,19,,3.6,,-,,,,,8
AVOS,27.00,,,,,55,,,C-,,-99,0,,,,-,,,,,5
AVRE,48.02,1.24,6,,,65,,,D+,,-40,34,,3.4,,-,,,,,59
AVRY,24.60,-0.04,,,,49,,,D+,,-65,5,,,,-,,,,,15
AVS,8.26,2.65,,,,4,,,A,,54,12041,,3.3,,-,,,,,7899
AVSC,72.63,-0.78,7,,,93,,,C-,,-9,123,,0.9,,-,,,,,135
AVSD,80.49,1.07,5,,,75,,,E,,-49,6,,3.1,,-,,,,,11
AVSE,78.15,-1.38,2,,,93,,,E,,75,21,,2.7,,-,,,,,12
AVSF,46.64,0.09,2,,,20,,,D+,,-39,30,,4.4,,-,,,,,51
AVSU,87.53,-0.48,2,,,91,,,D+,,-9,8,,0.9,,-,,,,,10
AVTM,54.00,-0.54,,,,61,,,E,,-69,1,,0.6,,-,,,,,2
AVUQ,65.45,-0.49,3,,,81,,,D-,,32,29,,0.3,,-,,,,,22
AVUS,127.09,-0.33,13,,,87,,,D,,-6,317,,0.9,,-,,,,,338
AVUV,123.51,-0.68,38,,,88,,,D+,,13,1455,,1.2,,-,,,,,1287
AVXC,81.48,-1.25,1,,,96,,,E,,-9,34,,1.6,,-,,,,,42
AVXX,9.04,21.55,,,,6,,,C,,-35,2496,,1.7,,-,,,,,501
AWAY,18.55,0.19,,,,38,,,A,,-50,4,,0.1,,-,,,,,9
AWF,10.20,-0.43,17,,,17,,,A-,,-2,408,-27.05,7.7,36,7/26/1993,101.7,,,-66.27,420
AWP,11.88,0.93,1,,,47,,,C-,,77,195,-41.24,12.1,6,-,84.9,,,-66.69,111
AXIN,10.35,,41,,,,,,C-,,-98,5,,,41,-,,,,2027.06,136
AXPG,14.40,2.60,,,,57,,,C,,-69,3,,,,-,,,,,9
AXTL,3.35,-26.15,,,,,,,,,-20,59,,,,-,,,,,
AXTN,,,,,,,,,,,,0,,,,-,,,,,
AXTU,4.71,-25.71,,,,15,,,,,60,496,,,,-,,,,,
AXTX,8.66,-26.05,,,,15,,,,,8,3213,,,,-,,,,,
AZTD,33.00,,,,,87,,,B+,,-98,0,,0.9,,-,,,,,0
AZYY,15.18,0.05,1,,,5,,,E,,-81,1,,48.3,,-,,,,,4
BAB,26.79,-0.07,9,,,28,,,D,,-3,155,,4.1,,-,,,,,179
BABO,7.29,-1.50,,,,2,,,E,,-53,20,,113.2,,-,,,,,43
BABU,7.52,-3.84,,,,8,,,E,,775,488,,2.6,,-,,,,,55
BABW,18.94,-1.87,,,,5,,,E,,-63,1,,57.0,,-,,,,,2
BABX,13.88,-3.81,1,,,1,,,E,,-7,830,,,,-,,,,,892
BACC,10.86,0.28,32,,,,,,C,,33,210,,,73,-,,,,1903.26,150
BAFE,29.32,0.08,1,,,74,,,A,,-76,17,,0.3,,-,,,,,74
BAGY,22.44,2.09,,,,2,,,E,,-40,3,,59.8,,-,,,,,8
BAI,47.00,-5.03,18,,,98,,,C-,,7,4655,,1.2,,-,,,,,4380
BAIG,23.79,-5.44,,,,12,,,E,,-79,21,,20.3,,-,,,,,56
BAIV,26.12,1.86,,,,50,,,C,,397,90,,,,-,,,,,19
BALI,33.64,0.09,1,,,63,,,D+,,-27,275,,8.0,,-,,,,,378
BALQ,55.23,-1.81,,,,74,,,D,,-13,2,,10.3,,-,,,,,2
BALT,34.28,0.03,,,,45,,,C-,,70,739,,,,-,,,,,440
BAMA,36.33,-0.24,,,,67,,,D+,,-45,3,,1.3,,-,,,,,5
BAMB,25.99,0.12,,,,12,,,C,,-36,5,,2.9,,-,,,,,8
BAMD,33.21,1.37,,,,58,,,B,,13,14,,3.5,,-,,,,,12
BAMG,44.43,-0.69,,,,88,,,B,,-10,15,,,,-,,,,,16
BAMO,34.54,0.18,,,,61,,,C,,-44,3,,1.5,,-,,,,,5
BAMU,25.24,0.04,,,,24,,,B,,-33,5,,3.0,,-,,,,,8
BAMV,35.53,0.38,,,,70,,,D+,,-56,5,,1.3,,-,,,,,12
BAMY,27.53,0.14,,,,31,,,B+,,-24,5,,7.0,,-,,,,,7
BANX,19.72,0.61,1,,,20,,,D,,19,44,-23.03,9.3,59,-,103.0,,,-25.25,38
BAPR,53.22,0.04,2,,,75,,,C-,,281,29,,,,-,,,,,9
BAR,40.55,1.96,14,,,35,,,E,,-7,223,,,,-,,,,,246
BASG,26.90,0.41,1,,,66,,,C,,46,24,,,,-,,,,,17
BASV,30.88,0.21,,,,82,,,C,,-73,6,,0.4,,-,,,,,24
BATT,15.13,-1.30,3,,,73,,,E,,-39,59,,1.7,,-,,,,,96
BAUG,53.62,-0.03,2,,,69,,,B-,,7,5,,,,-,,,,,5
BAVA,18.21,0.81,,,,17,,,,,116,0,,,,-,,,,,1
BAY,28.73,-1.49,,,,43,,,,,-100,0,,,,-,,,,,
BAYA,12.00,-1.48,4,,,,,,E,,-68,1,,,93,-,,,,-607.23,3
BBAG,45.72,0.07,10,,,12,,,E,,-92,12,,3.0,,-,,,,,136
BBAX,60.03,1.11,23,,,50,,,E,,75,442,,3.8,,-,,,,,252
BBB,29.14,0.65,,,,41,,,D,,735,8,,0.2,,-,,,,,1
BBBI,51.26,0.16,1,,,18,,,E,,-20,14,,4.8,,-,,,,,18
BBBL,47.77,0.12,,,,19,,,B+,,66,2,,5.5,,-,,,,,1
BBBS,50.89,0.14,1,,,16,,,E,,-77,8,,4.6,,-,,,,,36
BBC,52.79,2.41,2,,,98,,,A,,-46,14,,1.3,,-,,,,,26
BBCA,99.69,0.17,34,,,70,,,E,,30,400,,1.8,,-,,,,,306
BBCB,45.13,0.22,,,,15,,,D,,-15,3,,4.0,,-,,,,,4
BBCQ,10.38,-0.10,26,,,,,,E,,-79,85,,,72,-,,,,,409
BBEM,75.71,-1.50,18,,,91,,,B,,28,27,,2.8,,-,,,,,49
BBEU,78.45,1.91,50,,,72,,,E,,27,598,,3.0,,-,,,,,403
BBH,211.34,3.37,6,,,87,,,B+,,42,7,,0.5,,-,,,,,5
BBHL,17.42,0.29,,,,69,,,C-,,153,102,,,,-,,,,,42
BBHM,11.93,-0.58,1,,,55,,,C,,3,155,,,,-,,,,,152
BBHY,45.91,0.16,8,,,20,,,D,,-50,35,,7.1,,-,,,,,70
BBIB,97.45,0.12,2,,,11,,,C+,,-96,0,,3.9,,-,,,,,6
BBIN,78.61,1.38,16,,,70,,,C-,,-67,40,,3.7,,-,,,,,134
BBJP,75.22,,75,,,79,,,D,,-11,1386,,4.7,,-,,,,,1584
BBLB,80.88,0.03,3,,,9,,,C+,,-12,1,,4.9,,-,,,,,1
BBLU,16.75,0.93,,,,80,,,B-,,-10,75,,1.2,,-,,,,,84
BBMC,126.43,-0.31,24,,,91,,,C,,-74,3,,1.1,,-,,,,,28
BBN,16.02,-0.50,15,,,24,,,B,,-44,98,-22.16,7.3,40,-,91.3,,,178.53,174
BBP,99.08,3.18,1,,,96,,,A+,,-31,7,,,,-,,,,,10
BBRE,108.89,1.20,36,,,83,,,E,,-36,27,,2.6,,-,,,,,50
BBSB,98.07,0.10,,,,14,,,E,,-95,0,,3.8,,-,,,,,5
BBSC,90.72,-0.86,11,,,94,,,A+,,-82,1,,1.0,,-,,,,,11
BBUS,134.32,-0.10,27,,,79,,,C-,,-45,122,,1.0,,-,,,,,232
BBYY,9.59,-0.14,1,,,5,,,E,,-71,1,,106.1,,-,,,,,3
BCAR,10.51,0.48,43,,,,,,E,,38,884,,,60,-,,,,33349.01,652
BCAT,15.76,-0.44,15,,,67,,,B-,,-14,588,,19.7,,9/25/2020,,,,,683
BCCC,11.66,1.79,,,,3,,,E,,-18,13,,65.0,,-,,,,,16
BCD,34.16,0.03,2,,,21,,,E,,13,74,,15.6,,-,,,,,67
BCDF,30.45,1.03,,,,23,,,E,,-81,0,,2.6,,-,,,,,2
BCEM,26.33,-2.50,,,,39,,,,,5,7,,,,-,,,,,7
BCFN,22.27,1.86,1,,,32,,,C,,-73,1,,,,-,,,,,4
BCGD,26.39,-0.28,,,,59,,,C,,-90,0,,,,-,,,,,3
BCGS,27.54,,,,,,,,E,,-93,0,,0.9,,-,,,,,1
BCHI,38.03,-0.70,1,,,95,,,E,,226,0,,2.0,,-,,,,,1
BCHP,36.83,0.52,,,,46,,,B-,,-18,23,,,,-,,,,,29
BCI,22.30,0.22,22,,,26,,,E,,-58,524,,14.4,,-,,,,,1338
BCIC,7.25,-1.63,12,1,43,12,,C,C-,,-1,75,45.22,15.4,97,-,28.9,-24.56,-18,17.02,75
BCIL,29.75,0.14,,,,54,,,B-,,-21,4,,0.7,,-,,,,,4
BCKT,41.05,0.13,,,,8,,,C,,-66,1,,23.9,,-,,,,,0
BCLO,49.52,,1,,,27,,,E,,-86,1,,6.5,,-,,,,,5
BCOR,22.80,-0.06,,,,27,,,E,,-43,1,,3.7,,-,,,,,1
BCPL,24.81,,,,,28,,,E,,187,105,,3.8,,-,,,,,59
BCSM,25.24,-0.12,1,,,62,,,C,,45,9,,,,-,,,,,6
BCSS,10.28,0.29,33,,,,,,E,,-74,18,,,52,-,,,,19573.83,68
BCTK,30.55,-2.87,2,,,86,,,C,,-39,18,,,,-,,,,,23
BCUS,36.17,-1.69,,,,78,,,C-,,-87,4,,0.3,,-,,,,,34
BCV,25.15,-2.63,7,,,88,,,E,,21,19,446.79,5.5,93,-,428.1,,,-84.99,16
BCX,11.46,1.78,8,,,45,,,E,,-33,139,-14.57,7.7,92,3/29/2011,243.5,,,409.66,208
BD,25.09,0.06,,,,,,,,,-95,0,,,,-,,,,,
BDBT,25.15,0.12,1,,,16,,,D+,,-60,19,,3.8,,-,,,,,49
BDCI,10.09,0.10,34,,,,,,C,,-68,19,,,8,-,,,,4876.14,53
BDCX,20.49,-0.49,,,,13,,,A,,-0,0,,20.4,,-,,,,,3
BDCZ,15.16,-0.34,,,,13,,,E,,-44,0,,11.2,,-,,,,,1
BDEC,53.14,0.00,2,,,72,,,E,,-82,6,,,,-,,,,,32
BDGS,36.46,-0.14,,,,57,,,A+,,-93,1,,0.4,,-,,,,,6
BDIV,24.46,0.71,,,,65,,,D+,,-42,2,,1.1,,-,,,,,3
BDJ,9.65,0.84,17,,,63,,,B,,1,553,148.21,7.9,77,-,140.9,,,238,547
BDRY,12.27,1.81,1,,,96,,,D,,-45,46,,,,-,,,,,82
BDVG,14.44,0.56,1,,,76,,,C,,123,24,,1.5,,-,,,,,11
BDVL,26.07,0.61,,,,52,,,E,,-45,159,,,,-,,,,,293
BDYN,27.65,0.58,,,,72,,,D,,17,418,,0.3,,-,,,,,357
BEAG,10.70,0.28,31,,,,,,A+,,-58,32,,,50,-,,,,-11.45,72
BEBE,9.99,0.10,,,,,,,C,,118,36,,,54,-,,,,,5
BEC,23.87,-12.04,,,,,,,,,-77,1,,,,-,,,,,
BEDY,29.11,0.53,1,,,57,,,E,,-39,31,,6.8,,-,,,,,49
BEDZ,36.76,-0.67,,,,77,,,A,,-39,2,,2.0,,-,,,,,2
BEEX,26.91,1.06,,,,62,,,E,,-64,1,,0.3,,-,,,,,4
BEEZ,33.94,0.26,,,,48,,,A+,,1315,1,,0.5,,-,,,,,0
BEG,66.33,-13.11,,,,90,,,E,,100,209,,,,-,,,,,108
BEGS,13.26,5.57,,,,2,,,E,,236,6,,87.6,,-,,,,,3
BELT,39.24,-0.81,,,,91,,,B+,,28,3,,,,-,,,,,2
BEMB,53.22,0.11,,,,32,,,B-,,128,2,,6.1,,-,,,,,1
BENJ,52.78,0.03,,,,40,,,D,,-90,2,,,,-,,,,,20
BERZ,25.28,6.31,,,,1,,,B,,-12,79,,,,-,,,,,96
BESF,38.18,0.22,,,,60,,,E,,78,5,,5.9,,-,,,,,3
BESO,24.83,,,,,,,,,,-100,0,,,,-,,,,,8
BETE,28.44,3.98,,,,3,,,C,,152,5,,88.4,,-,,,,,3
BETH,33.90,2.92,,,,3,,,C-,,-21,2,,57.5,,-,,,,,2
BETZ,19.05,0.42,2,,,26,,,D,,-46,25,,5.1,,-,,,,,46
BEX,47.17,-13.43,1,,,90,,,E,,214,2753,,,,-,,,,,915
BEZ,13.64,12.26,,,,,,,C,,100,1618,,,,-,,,,,675
BFAP,14.03,1.03,,,,5,,,E,,513,0,,1.8,,-,,,,,2
BFEB,52.58,-0.03,3,,,73,,,D,,-54,3,,,,-,,,,,13
BFEW,21.41,0.29,,,,39,,,,,-100,0,,,,-,,,,,1
BFIX,25.09,0.01,,,,21,,,C+,,49,3,,3.6,,-,,,,,2
BFJA,17.35,0.50,,,,,,,E,,-58,1,,,,-,,,,,0
BFJL,16.95,1.04,,,,11,,,C,,-68,0,,0.9,,-,,,,,0
BFLB,54.37,-0.01,,,,55,,,C,,390,0,,,,-,,,,,7
BFLX,25.26,-0.27,,,,31,,,,,-88,139,,,,-,,,,,
BFOC,16.97,0.09,1,,,9,,,E,,-23,3,,,,-,,,,,4
BFOR,23.83,-0.08,,,,86,,,A,,-36,19,,0.5,,-,,,,,16
BFRZ,27.04,0.13,,,,43,,,E,,-33,31,,0.3,,-,,,,,47
BFXU,23.07,-0.23,,,,51,,,,,-35,0,,,,-,,,,,0
BGB,11.32,,17,,,19,,,A,,11,132,-23.66,8.2,28,9/26/2012,45.7,,,-52.5,120
BGCG,26.35,0.30,,,,33,,,,,-92,2,,,,-,,,,,
BGDV,30.81,-0.01,,,,82,,,E,,-41,7,,0.9,,-,,,,,12
BGEG,23.48,-1.66,,,,26,,,,,-88,3,,,,-,,,,,
BGGG,35.54,-0.34,,,,27,,,,,-82,18,,,,-,,,,,
BGH,14.20,0.50,10,,,24,,,B,,-16,70,90.61,10.5,34,-,52.6,,,-64.18,85
BGIA,24.56,0.21,,,,29,,,,,-95,0,,,,-,,,,,
BGIG,35.96,0.70,1,,,73,,,D+,,-51,64,,1.7,,-,,,,,132
BGLD,16.52,1.01,,,,6,,,E,,117,38,,46.2,,-,,,,,21
BGR,14.96,1.56,6,,,44,,,E,,-22,84,-20.8,8.0,55,-,91.9,,,237.64,108
BGRN,47.33,0.14,7,,,20,,,E,,-20,25,,4.3,,-,,,,,32
BGRO,42.03,-1.21,,,,81,,,C-,,1,1,,0.3,,-,,,,,1
BGT,10.64,,9,,,13,,,D,,-33,66,-5.91,13.7,31,-,72.9,,,-29.09,101
BGX,10.86,-0.18,7,,,13,,,A,,-56,24,-9.57,9.0,30,1/27/2011,49.0,,,-35.67,55
BGY,5.73,0.35,15,,,35,,,D-,,-34,215,-22.82,9.0,76,-,180.9,,,266.68,330
BHAV,9.93,0.10,2,,,,,,,,-95,2,,,42,-,,,,,35
BHDG,25.08,-1.81,1,,,16,,,E,,-49,7,,,,-,,,,,17
BHK,9.15,0.55,15,,,15,,,A,,-33,198,772.97,9.9,39,11/28/2001,98.8,,,56.81,294
BHV,12.70,-0.16,3,,,90,,,A,,-58,2,11.48,4.5,2,-,-148.8,,,2169.13,5
BHYB,53.95,-0.01,,,,24,,,B+,,-97,14,,6.3,,-,,,,,225
BHYP,37.18,5.03,,,,64,,,,,-32,418,,,,-,,,,,
BIB,106.84,6.03,5,,,98,,,A-,,90,21,,0.3,,-,,,,,11
BIBL,55.76,-1.64,3,,,94,,,C,,-37,39,,0.9,,-,,,,,62
BIDD,29.70,0.17,1,,,54,,,E,,-42,20,,2.3,,-,,,,,35
BIDG,11.07,-8.07,,,,16,,,C,,427,186,,,,-,,,,,38
BIGY,52.45,0.28,,,,44,,,B+,,43,16,,12.1,,-,,,,,12
BIII,9.97,0.20,15,,,,,,D-,,133,0,,,42,-,,,,,5
BIL,91.44,0.04,109,,,25,,,C,,5,10414,,3.8,,-,,,,,10062
BILD,29.84,1.98,,,,42,,,A-,,-65,0,,4.7,,-,,,,,0
BILS,99.16,0.05,9,,,29,,,D+,,-7,311,,3.8,,-,,,,,338
BILT,28.51,1.68,1,,,53,,,E,,-1,47,,2.1,,-,,,,,48
BILZ,100.69,0.04,3,,,22,,,C+,,-63,93,,4.0,,-,,,,,250
BINC,52.13,0.02,14,,,21,,,E,,-45,1433,,5.6,,-,,,,,2604
BINT,32.07,0.06,,,,85,,,E,,-54,30,,1.8,,-,,,,,64
BINV,42.68,1.89,1,,,62,,,E,,-38,27,,2.2,,-,,,,,46
BIOY,23.16,1.64,,,,23,,,,,-57,1,,9.5,,-,,,,,
BIS,12.79,-6.05,1,,,2,,,D,,-98,8,,5.6,,-,,,,,9
BIT,12.50,0.16,22,,,14,,,A,,-16,241,-9.78,12.0,48,2/26/2013,88.0,,,-36.36,272
BITA,49.75,2.19,,,,,,,,,-34,73,,,,-,,,,,
BITB,33.35,2.46,11,,,4,,,D-,,6,1781,,,,-,,,,,1698
BITC,36.29,,,,,9,,,D-,,-72,1,,3.4,,-,,,,,3
BITI,26.31,-2.45,3,,,61,,,B,,-10,1465,,13.7,,-,,,,,1682
BITK,9.53,2.78,,,,6,,,E,,-63,2,,51.6,,-,,,,,5
BITO,8.34,2.58,9,,,4,,,D,,16,205916,,64.7,,-,,,,,177108
BITQ,23.79,-2.50,4,,,74,,,D,,-44,78,,,,-,,,,,140
BITS,55.84,-1.32,,,,29,,,D,,-13,3,,24.2,,-,,,,,3
BITU,8.83,4.75,1,,,1,,,D,,5,4830,,37.9,,-,,,,,4678
BITW,39.50,2.89,2,,,4,,,E,,-36,41,,,,-,,,,,64
BITX,11.31,4.92,2,,,2,,,D-,,35,11714,,35.9,,-,,,,,8799
BITY,25.00,2.36,,,,3,,,E,,-58,2,,40.6,,-,,,,,6
BIV,76.43,0.16,25,,,12,,,E,,-25,1183,,4.2,,-,,,,,1579
BIXI,10.02,0.20,29,,,,,,C,,284,34,,,5,-,,,,,6
BIZD,12.51,-0.24,10,,,8,,,A,,2,3346,,12.3,,-,,,,,3282
BJAN,58.82,0.02,3,,,72,,,E,,-56,8,,,,-,,,,,19
BJUL,54.12,-0.22,3,,,66,,,A-,,292,104,,,,-,,,,,27
BJUN,48.54,-0.15,2,,,53,,,D,,-89,10,,,,-,,,,,92
BKAG,41.78,0.10,,,,13,,,E,,2,119,,4.2,,-,,,,,132
BKCG,37.56,0.59,1,,,61,,,E,,387,8,,0.6,,-,,,,,2
BKCH,68.65,-5.77,8,,,59,,,E,,-46,64,,1.6,,-,,,,,117
BKCI,53.98,0.83,1,,,57,,,D+,,-58,2,,1.3,,-,,,,,7
BKDV,33.70,0.49,,,,87,,,B-,,-1,381,,0.5,,-,,,,,389
BKEM,90.73,-1.54,1,,,92,,,E,,69,3,,1.9,,-,,,,,2
BKF,38.78,-0.37,1,,,7,,,E,,-25,8,,1.6,,-,,,,,16
BKFI,23.79,-0.02,1,,,19,,,E,,55,47,,4.2,,-,,,,,59
BKGI,44.59,1.39,4,,,59,,,E,,-10,213,,2.9,,-,,,,,239
BKHA,12.05,,9,,,,,,E,,-91,0,,,86,-,,,,-54.35,1
BKHY,47.44,0.19,1,,,18,,,A-,,-55,9,,7.5,,-,,,,,20
BKIE,100.38,1.31,1,,,70,,,E,,-37,34,,3.2,,-,,,,,56
BKLC,142.97,-0.06,7,,,80,,,C-,,-19,103,,1.1,,-,,,,,162
BKLG,24.89,-0.60,,,,,,,,,-21,1,,,,-,,,,,
BKLN,20.35,-0.05,115,,,12,,,D-,,-31,7015,,6.6,,-,,,,,9775
BKMC,122.32,-0.46,2,,,77,,,D,,-14,5,,1.4,,-,,,,,8
BKMI,26.40,0.36,2,,,31,,,C,,-55,29,,2.5,,-,,,,,96
BKMS,25.49,-0.06,,,,26,,,C,,-15,26,,2.7,,-,,,,,46
BKSE,133.04,-0.42,1,,,91,,,A+,,-42,0,,1.2,,-,,,,,2
BKT,10.63,-0.09,17,,,14,,,B+,,-27,74,-37.83,9.9,43,7/22/1988,250.9,,,23.51,104
BKUI,49.60,0.01,2,,,20,,,D+,,40,219,,4.2,,-,,,,,45
BLCK,23.52,-2.91,,,,20,,,,,-92,0,,,,-,,,,,
BLCN,24.23,-0.98,1,,,49,,,C-,,-72,7,,2.7,,-,,,,,25
BLCR,49.40,-1.48,,,,93,,,B+,,-43,379,,0.3,,-,,,,,698
BLCV,41.82,0.70,,,,86,,,D,,-84,3,,1.3,,-,,,,,19
BLDG,27.15,0.67,3,,,70,,,A+,,-86,6,,5.2,,-,,,,,43
BLDX,26.03,1.14,,,,38,,,E,,44,21,,1.9,,-,,,,,14
BLES,47.88,0.76,,,,72,,,E,,-41,6,,1.9,,-,,,,,10
BLGR,31.42,-0.75,1,,,80,,,C,,-64,13,,0.3,,-,,,,,36
BLOK,61.58,-1.75,20,,,61,,,D,,-61,135,,0.8,,-,,,,,352
BLOX,14.40,-4.32,1,,,34,,,E,,118,829,,43.2,,-,,,,,384
BLRK,9.99,,,,,,,,E,,-92,1,,,35,-,,,,,5
BLSG,2.04,2.51,,,,4,,,E,,29,109,,,,-,,,,,88
BLST,25.00,0.10,1,,,17,,,D,,-70,5,,3.7,,-,,,,,17
BLTD,25.16,0.14,,,,16,,,D,,-41,11,,4.3,,-,,,,,19
BLUC,31.00,-0.25,,,,79,,,E,,-66,13,,0.6,,-,,,,,41
BLUI,25.72,0.30,,,,40,,,D+,,-43,6,,5.0,,-,,,,,10
BLUW,10.34,0.10,45,,,,,,D,,-74,6,,,61,-,,,,2111.67,24
BLUX,32.00,-0.34,,,,87,,,C,,-72,18,,1.0,,-,,,,,65
BLV,68.42,0.10,19,,,12,,,D+,,38,827,,4.7,,-,,,,,619
BLW,12.53,0.56,5,,,14,,,B,,-19,111,20.28,11.0,50,-,81.8,,,-20.36,138
BLZR,10.12,0.10,36,,,,,,D-,,-64,16,,,23,-,,,,,44
BMAR,57.53,-0.14,2,,,73,,,E,,-37,3,,,,-,,,,,10
BMAY,47.34,-0.01,2,,,58,,,E,,-64,23,,,,-,,,,,59
BME,43.65,1.44,3,,,79,,,A+,,14,58,-38.02,7.4,67,-,212.9,,,467.22,51
BMED,31.54,2.76,1,,,75,,,C+,,-17,2,,0.3,,-,,,,,3
BMEZ,15.71,1.88,10,,,65,,,A+,,-21,151,,8.7,,1/29/2020,,,,,191
BMN,25.74,0.08,1,,,32,,,E,,-50,5,,4.4,,10/27/2022,,,,,10
BMNG,10.50,2.64,,,,3,,,E,,-29,1366,,,,-,,,,,1228
BMNU,0.77,2.75,3,,,3,,,E,,-54,54910,,,,-,,,,,118541
BMNZ,26.14,-2.93,1,,,63,,,C,,-44,509,,,,-,,,,,932
BMOP,25.16,0.16,1,,,36,,,C,,-39,49,,3.0,,-,,,,,120
BMVP,51.92,1.22,,,,52,,,C-,,-38,0,,1.0,,-,,,,,1
BND,73.11,0.07,181,,,15,,,E,,-8,7628,,3.9,,-,,,,,8300
BNDC,22.07,-0.02,,,,13,,,C-,,18,13,,4.2,,-,,,,,11
BNDD,100.24,-0.40,4,,,41,,,A+,,376,163,,3.5,,-,,,,,15
BNDI,47.04,0.12,1,,,21,,,E,,-16,27,,5.5,,-,,,,,31
BNDP,73.91,-0.01,1,,,18,,,D,,-83,2,,3.6,,-,,,,,11
BNDS,50.69,0.12,1,,,37,,,E,,-32,17,,8.0,,-,,,,,25
BNDW,68.20,-0.03,8,,,18,,,E,,18,119,,4.2,,-,,,,,114
BNDX,48.24,-0.06,158,,,22,,,D,,-20,4038,,4.5,,-,,,,,5147
BNDY,25.12,-0.30,,,,18,,,E,,-84,10,,11.2,,-,,,,,63
BNGE,31.34,,1,,,20,,,A+,,-91,0,,0.4,,-,,,,,1
BNKD,31.27,-0.26,,,,1,,,E,,66,0,,,,-,,,,,0
BNKU,41.57,0.14,,,,97,,,D,,-33,7,,,,-,,,,,11
BNO,39.67,0.66,11,,,59,,,E,,-76,836,,,,-,,,,,3461
BNOV,47.73,-0.08,2,,,71,,,D+,,-53,14,,,,-,,,,,30
BOAT,38.91,3.20,1,,,62,,,E,,12,27,,7.1,,-,,,,,25
BOBP,31.12,-3.63,,,,91,,,E,,87,4,,0.6,,-,,,,,3
BOCT,52.99,-0.04,1,,,71,,,C,,125,32,,,,-,,,,,14
BOE,12.10,0.17,14,,,60,,,B,,-25,79,186.11,8.4,72,-,121.7,,,210.73,108
BOEG,14.64,6.54,,,,45,,,E,,-29,30,,,,-,,,,,40
BOEU,36.89,6.50,,,,45,,,E,,-51,23,,1.9,,-,,,,,48
BOIL,26.44,-0.15,4,,,2,,,D,,-24,3251,,,,-,,,,,3961
BOND,91.80,0.17,15,,,23,,,E,,-3,498,,4.1,,-,,,,,517
BOT,35.63,-10.16,,,,24,,,,,1,874,,,,-,,,,,
BOTT,48.78,-4.47,1,,,84,,,E,,-44,19,,1.0,,-,,,,,33
BOTZ,37.39,-1.76,27,,,67,,,D,,-16,847,,0.7,,-,,,,,1052
BOUT,47.04,-2.03,1,,,93,,,A,,-41,1,,0.8,,-,,,,,2
BOXA,105.53,0.13,,,,36,,,E,,22,1,,0.1,,-,,,,,1
BOXX,117.22,0.07,11,,,40,,,E,,17,2736,,,,-,,,,,2314
BPAC,10.13,0.10,22,,,,,,E,,12,13,,,58,-,,,,,6
BPAY,26.55,0.71,,,,41,,,A+,,16,2,,3.2,,-,,,,,2
BPH,58.75,1.77,,,,46,,,E,,-39,1,,2.9,,-,,,,,1
BPI,20.10,2.53,,,,4,,,E,,-64,1,,34.2,,-,,,,,2
BPRE,12.85,-1.23,8,,,7,,,E,,48,1001,,10.9,,-,,,,,678
BPRO,19.30,1.51,,,,10,,,E,,-45,18,,,,-,,,,,13
BRAZ,29.24,0.74,2,,,46,,,C,,-60,0,,2.7,,-,,,,,2
BRCE,29.08,-0.07,,,,74,,,D-,,-73,0,,0.7,,-,,,,,1
BREE,26.48,-1.92,1,,,69,,,E,,102,3,,,,-,,,,,2
BREM,51.31,0.09,,,,39,,,D+,,-58,0,,5.8,,-,,,,,0
BRES,27.13,0.45,,,,60,,,E,,-27,17,,0.3,,-,,,,,23
BREW,27.63,,,,,43,,,,,-95,0,,,,-,,,,,
BREZ,9.94,,,,,,,,,,-49,104,,,81,-,,,,,
BRF,16.30,-0.12,,,,32,,,E,,-86,1,,5.4,,-,,,,,8
BRHY,51.06,0.23,1,,,26,,,E,,-62,11,,6.3,,-,,,,,28
BRIB,25.02,0.24,1,,,30,,,E,,-68,3,,3.1,,-,,,,,19
BRIE,29.95,0.28,1,,,72,,,D,,-13,118,,0.2,,-,,,,,138
BRIF,36.45,-0.81,,,,94,,,B,,159,30,,0.4,,-,,,,,12
BRKC,41.41,0.56,,,,9,,,C,,-45,2,,21.7,,-,,,,,4
BRKU,23.60,2.97,,,,31,,,A+,,-58,82,,0.4,,-,,,,,197
BRKW,40.47,1.47,1,,,13,,,C,,-43,2,,24.8,,-,,,,,3
BRLN,50.53,0.41,1,,,11,,,C,,-23,5,,6.3,,-,,,,,7
BRNY,57.92,-0.19,,,,91,,,D,,-53,13,,0.2,,-,,,,,27
BROL,25.67,0.62,,,,38,,,,,-66,2,,,,-,,,,,
BRRR,17.33,2.54,1,,,5,,,D-,,-54,106,,,,-,,,,,229
BRSM,25.67,-0.67,,,,39,,,,,304,8,,,,-,,,,,
BRTR,50.08,0.10,1,,,19,,,D-,,-62,41,,2.6,,-,,,,,113
BRW,6.65,1.06,15,,,10,,,A,,15,249,24.28,15.5,84,-,66.1,,,15.96,218
BRZU,88.39,1.31,3,,,56,,,E,,-60,12,,2.0,,-,,,,,31
BRZX,23.26,1.38,,,,30,,,,,-99,0,,,,-,,,,,
BSAA,12.01,5.26,21,,,,,,E,,-84,2,,,24,-,,,,1028.03,17
BSCA,20.23,0.27,,,,36,,,,,21,13,,,,-,,,,,
BSCQ,19.54,0.05,3,,,30,,,C-,,-36,593,,4.1,,-,,,,,921
BSCR,19.63,0.03,5,,,24,,,A,,-3,613,,4.3,,-,,,,,649
BSCS,20.39,0.17,5,,,21,,,B-,,-22,419,,4.5,,-,,,,,540
BSCT,18.59,0.16,4,,,19,,,D,,-46,317,,4.6,,-,,,,,591
BSCU,16.66,0.18,5,,,18,,,E,,-53,291,,4.6,,-,,,,,655
BSCV,16.41,0.15,5,,,17,,,D,,-50,263,,4.7,,-,,,,,575
BSCW,20.52,0.12,3,,,19,,,E,,3,329,,4.8,,-,,,,,348
BSCX,21.07,0.17,4,,,17,,,E,,-54,95,,4.9,,-,,,,,214
BSCY,20.69,0.29,3,,,22,,,B+,,-36,70,,4.9,,-,,,,,121
BSCZ,20.48,0.20,2,,,27,,,C,,-39,44,,4.5,,-,,,,,91
BSEP,52.75,-0.03,2,,,69,,,C-,,-2,4,,,,-,,,,,5
BSGR,25.07,,,,,34,,,,,-99,0,,,,-,,,,,
BSGT,25.13,,,,,34,,,,,-95,0,,,,-,,,,,
BSJQ,22.95,0.04,6,,,12,,,E,,-15,234,,5.8,,-,,,,,297
BSJR,22.36,0.18,6,,,20,,,B,,-16,142,,5.7,,-,,,,,154
BSJS,21.79,0.14,3,,,24,,,D,,-16,106,,6.2,,-,,,,,132
BSJT,21.15,0.12,2,,,21,,,D,,29,164,,6.7,,-,,,,,164
BSJU,25.86,0.17,2,,,28,,,D,,20,73,,6.6,,-,,,,,68
BSJV,26.25,-0.02,,,,24,,,E,,12,25,,6.5,,-,,,,,21
BSJW,25.34,0.25,,,,24,,,C-,,-18,9,,6.5,,-,,,,,10
BSJX,25.23,0.26,,,,27,,,C,,-76,2,,6.6,,-,,,,,10
BSJY,25.20,,,,,35,,,,,-91,0,,,,-,,,,,
BSL,12.99,0.15,3,,,14,,,A+,,16,42,-20.66,8.2,24,5/24/2010,37.6,,,-53.65,38
BSMC,39.43,0.39,,,,79,,,D+,,12,12,,0.9,,-,,,,,11
BSMQ,23.55,0.02,1,,,27,,,D-,,-35,43,,2.8,,-,,,,,67
BSMR,23.63,0.02,,,,29,,,E,,-30,41,,2.7,,-,,,,,59
BSMS,23.48,0.04,,,,33,,,C,,55,87,,2.8,,-,,,,,57
BSMT,23.02,0.02,,,,29,,,E,,21,63,,2.7,,-,,,,,52
BSMU,21.89,-0.03,,,,31,,,B,,-9,46,,2.8,,-,,,,,50
BSMV,20.98,0.05,,,,31,,,C,,-13,33,,2.9,,-,,,,,38
BSMW,25.14,0.08,,,,38,,,E,,-78,10,,3.2,,-,,,,,48
BSMY,24.69,0.06,,,,41,,,B+,,-46,19,,3.5,,-,,,,,35
BSMZ,25.65,-0.13,,,,42,,,C,,-54,6,,3.1,,-,,,,,12
BSOL,10.99,5.17,7,,,9,,,D,,56,3919,,,,-,,,,,2544
BSP,35.93,-11.28,,,,,,,,,-50,7302,,,88,-,8.5,,,,
BSR,30.12,-0.29,,,,40,,,C,,-94,0,,1.0,,-,,,,,3
BSSX,25.80,0.03,,,,39,,,E,,-26,16,,3.3,,-,,,,,22
BST,48.50,-2.92,6,,,94,,,A,,-54,58,194.14,6.2,72,10/29/2014,111.5,,,111.11,128
BSTP,39.24,-0.10,1,,,64,,,D+,,31,5,,,,-,,,,,5
BSTS,25.10,,,,,34,,,,,-96,0,,,,-,,,,,
BSTU,25.16,,,,,34,,,,,-100,0,,,,-,,,,,
BSTV,25.18,,,,,35,,,,,-98,0,,,,-,,,,,
BSTZ,29.39,-3.26,13,,,97,,,C,,-4,240,47.02,6.9,74,-,118.2,,,159.52,253
BSV,77.75,0.17,28,,,13,,,E,,-37,1610,,3.8,,-,,,,,2643
BSVO,28.83,-1.09,2,,,90,,,C-,,-46,78,,1.2,,-,,,,,146
BTAL,11.58,2.12,5,,,4,,,B,,13,858,,1.9,,-,,,,,767
BTC,27.18,2.53,24,,,5,,,D-,,-14,1711,,,,-,,,,,1994
BTCC,12.81,1.24,,,,2,,,E,,53,29,,154.7,,-,,,,,18
BTCI,27.90,2.39,2,,,3,,,D-,,-52,391,,45.4,,-,,,,,829
BTCL,11.58,4.70,,,,1,,,D-,,-5,85,,4.4,,-,,,,,93
BTCO,61.16,2.50,1,,,4,,,E,,-7,108,,,,-,,,,,117
BTCU,15.77,4.66,,,,20,,,,,84,25,,1.2,,-,,,,,
BTCW,64.90,2.38,4,,,4,,,E,,-70,5,,,,-,,,,,16
BTCZ,6.04,-4.88,1,,,83,,,B+,,33,27219,,,,-,,,,,20426
BTF,16.25,4.02,1,,,3,,,E,,-39,4,,245.0,,-,,,,,6
BTGD,20.72,4.53,2,,,3,,,E,,-71,20,,5.8,,-,,,,,57
BTO,39.67,-0.40,1,,,74,,,A,,11,50,-24.01,6.7,46,8/16/1994,106.1,,,-55.73,46
BTOT,49.41,0.12,,,,18,,,E,,-55,0,,4.2,,-,,,,,2
BTR,27.80,0.59,,,,66,,,A,,-78,0,,1.2,,-,,,,,3
BTRN,24.56,0.04,,,,4,,,E,,-3,0,,30.8,,-,,,,,2
BTT,22.83,,15,,,42,,,D,,46,116,-9.25,2.5,26,8/29/2012,64.3,,,123.28,82
BTTC,0.74,-1.63,1,,,,,,E,,-92,17,,,58,-,,,,-49662.1,223
BTX,8.60,-4.76,14,,,93,,,C+,,3,780,,7.2,,3/26/2021,,,,,751
BTZ,10.26,0.39,18,,,22,,,A-,,-34,169,3.5,9.9,56,-,93.3,,,-1.95,260
BUCK,23.42,0.04,1,,,13,,,D+,,-30,117,,7.4,,-,,,,,167
BUFB,39.27,0.28,5,,,69,,,D,,22,51,,,,-,,,,,42
BUFC,42.53,-0.02,,,,50,,,D,,-28,35,,,,-,,,,,45
BUFD,29.72,0.05,,,,57,,,B,,21,342,,,,-,,,,,284
BUFE,20.97,-0.76,,,,34,,,,,-40,2,,,,-,,,,,3
BUFF,52.63,-0.06,1,,,58,,,B,,10,75,,,,-,,,,,69
BUFG,29.27,0.09,,,,66,,,D,,48,57,,,,-,,,,,39
BUFH,21.40,0.02,,,,46,,,C,,-39,5,,,,-,,,,,8
BUFI,42.56,0.79,,,,60,,,E,,-9,9,,,,-,,,,,10
BUFM,40.49,0.09,,,,52,,,A,,89,67,,,,-,,,,,36
BUFP,32.05,,,,,64,,,E,,-17,41,,,,-,,,,,50
BUFQ,38.76,-0.76,,,,72,,,D,,-20,133,,,,-,,,,,167
BUFR,36.55,0.11,5,,,65,,,D,,-14,1087,,,,-,,,,,1262
BUFS,25.04,-0.08,1,,,71,,,A-,,-15,28,,,,-,,,,,34
BUFT,25.90,0.05,1,,,54,,,D+,,356,71,,,,-,,,,,16
BUFX,22.17,-0.07,1,,,53,,,C,,-72,2,,,,-,,,,,6
BUFY,23.48,0.56,,,,56,,,E,,34,62,,,,-,,,,,47
BUFZ,27.91,-0.04,,,,58,,,D+,,-2,165,,,,-,,,,,170
BUG,39.33,0.38,16,,,88,,,A+,,-2,1030,,,,-,,,,,1070
BUI,28.75,0.03,3,,,76,,,E,,-20,78,425.92,6.4,74,-,92.8,,,18.31,78
BUL,60.13,1.29,2,,,76,,,D,,-53,5,,0.2,,-,,,,,9
BULD,35.42,-4.13,,,,97,,,B+,,231,21,,0.3,,-,,,,,6
BULG,38.75,0.43,2,,,,,,C,,-94,5,,,,-,,,,,14
BULZ,36.01,-6.39,1,,,99,,,D,,41,1827,,,,-,,,,,1339
BUSA,40.20,1.09,,,,74,,,B,,0,21,,1.5,,-,,,,,21
BUXX,20.23,0.20,1,,,22,,,B-,,13,320,,4.7,,-,,,,,288
BUYB,42.15,0.89,,,,41,,,,,-79,1,,0.5,,-,,,,,
BUYO,33.15,-1.23,,,,93,,,E,,-16,0,,,,-,,,,,1
BUYW,14.51,0.21,,,,45,,,B,,24,432,,5.9,,-,,,,,353
BUYZ,35.04,0.18,1,,,31,,,A+,,107,0,,,,-,,,,,0
BUZZ,36.33,-1.33,3,,,81,,,D,,-19,96,,,,-,,,,,119
BVAL,31.35,0.51,1,,,81,,,D-,,-73,10,,1.3,,-,,,,,37
BWET,170.55,14.48,,,,98,,,E,,-23,95,,,,-,,,,,123
BWG,7.90,0.25,6,,,22,,,E,,-40,43,-13.24,12.2,59,3/28/2012,78.2,,,-16.91,73
BWIV,9.90,,,,,,,,,,-100,0,,,45,-,,,,,
BWOW,12.20,2.50,,,,6,,,E,,12,1,,,,-,,,,,0
BWTG,41.94,-0.26,,,,74,,,A+,,209,1,,0.3,,-,,,,,1
BWX,21.68,0.42,21,,,10,,,E,,-16,488,,2.4,,-,,,,,594
BWZ,26.70,,10,,,11,,,E,,730,682,,2.1,,-,,,,,75
BXDC,21.95,0.83,26,,,,,,,,-60,598,,,,5/14/2026,,,,,
BXSL,23.77,-0.34,68,,,8,,,C+,,-12,1859,-9.03,12.8,66,10/28/2021,44.7,-15.2,-14.12,-7.23,2128
BYLD,22.56,0.13,,,,28,,,E,,-62,49,,5.4,,-,,,,,130
BYRE,27.33,0.74,,,,66,,,D+,,-6,3,,2.7,,-,,,,,3
BZQ,23.19,-1.40,1,,,19,,,A+,,-100,2,,7.3,,-,,,,,13
BZZ,25.30,-0.78,,,,27,,,,,-77,2,,,,-,,,,,
CAAA,20.30,-0.05,4,,,22,,,D,,-46,5,,6.0,,-,,,,,10
CABZ,22.89,-4.06,,,,49,,,E,,-87,1,,,,-,,,,,4
CAES,10.11,0.20,1,,,,,,,,-90,419,,,,6/17/2026,,,,,
CAF,20.60,-3.42,5,,,94,,,B+,,-7,34,236.92,1.3,86,-,524.7,,,148.11,37
CAFG,33.57,-1.04,,,,95,,,A,,1069,47,,0.3,,-,,,,,4
CAFX,24.65,0.16,1,,,14,,,E,,-57,16,,4.0,,-,,,,,37
CAGE,27.65,0.14,,,,45,,,,,-24,69,,,,-,,,,,91
CAIE,26.92,-0.30,,,,43,,,D-,,45,601,,13.3,,-,,,,,414
CAII,9.93,0.10,1,,,,,,,,-21,87,,,88,-,,,,,
CAIQ,26.20,-0.40,,,,52,,,E,,56,286,,17.2,,-,,,,,184
CALF,51.69,1.23,7,,,88,,,A,,-32,388,,1.2,,-,,,,,574
CALI,50.42,0.02,1,,,30,,,E,,118,220,,2.5,,-,,,,,102
CAM,25.10,0.12,2,,,30,,,C-,,-36,83,,3.3,,-,,,,,130
CAMC,16.82,-18.39,,,,,,,,,-79,1,,,,-,,,,,
CAML,39.86,-0.46,1,,,65,,,C,,-8,21,,,,-,,,,,23
CAMX,35.19,1.59,,,,76,,,B-,,126,0,,1.7,,-,,,,,0
CANC,41.83,2.50,4,,,94,,,B-,,-29,19,,,,-,,,,,31
CANE,9.77,-0.81,2,,,9,,,B+,,-60,202,,,,-,,,,,512
CANQ,30.44,-0.08,,,,53,,,D+,,-80,1,,4.3,,-,,,,,5
CAOS,90.47,0.21,1,,,34,,,E,,-62,19,,,,-,,,,,49
CAPE,32.97,1.25,5,,,50,,,B-,,-46,18,,1.4,,-,,,,,34
CAPN,11.06,,8,,,,,,B+,,-100,0,,,84,-,,,,-35.54,1
CAQ,9.96,0.40,8,,,,,,E,,12,10,,,12,-,,,,,6
CARD,2.41,-0.82,1,,,6,,,D-,,-60,7,,,,-,,,,,17
CARK,46.61,-0.70,1,,,74,,,A+,,-94,0,,,,-,,,,,1
CARU,24.53,-0.09,,,,40,,,C+,,75,1,,,,-,,,,,1
CARX,24.48,4.57,,,,,,,,,-100,0,,,,-,,,,,
CARY,20.77,0.09,5,,,20,,,C,,-31,275,,6.1,,-,,,,,403
CARZ,110.03,-3.39,1,,,98,,,C,,-66,2,,1.2,,-,,,,,4
CAS,28.03,-3.51,,,,49,,,E,,61,4,,35.7,,-,,,,,4
CATF,50.34,0.01,2,,,40,,,C,,-78,1,,3.5,,-,,,,,7
CATG,15.23,-6.85,,,,40,,,,,168,95,,,,-,,,,,
CATH,88.45,-0.16,2,,,74,,,D,,73,79,,0.8,,-,,,,,46
CBIL,25.04,0.04,,,,33,,,,,534,0,,1.9,,-,,,,,
CBLS,32.91,-1.05,,,,82,,,A,,-42,3,,0.7,,-,,,,,4
CBOA,24.07,0.27,,,,8,,,E,,-82,0,,2.4,,-,,,,,1
CBOJ,23.62,0.21,,,,9,,,E,,-29,5,,3.2,,-,,,,,6
CBOL,23.41,0.09,,,,14,,,E,,-32,0,,1.8,,-,,,,,0
CBON,23.89,0.51,,,,48,,,E,,-55,3,,1.5,,-,,,,,7
CBOO,24.50,0.02,,,,27,,,D,,-32,0,,0.6,,-,,,,,1
CBOT,25.40,-1.94,,,,24,,,,,-95,0,,,,-,,,,,
CBOX,100.78,0.03,1,,,32,,,,,-77,68,,,,-,,,,,59
CBOY,24.50,0.04,,,,19,,,E,,201,0,,1.4,,-,,,,,1
CBRG,4.93,-15.15,,,,18,,,,,39,8719,,,,-,,,,,
CBRX,14.54,-14.57,,,,20,,,,,-12,156,,,,-,,,,,
CBRZ,19.57,14.71,,,,21,,,,,391,690,,,,-,,,,,
CBSE,50.37,-1.19,,,,95,,,D,,-70,2,,0.2,,-,,,,,8
CBTA,20.48,1.36,1,,,6,,,E,,-62,0,,1.2,,-,,,,,2
CBTJ,17.61,0.99,1,,,5,,,E,,-70,6,,1.8,,-,,,,,21
CBTL,17.51,0.65,,,,8,,,C,,-28,1,,1.2,,-,,,,,3
CBTO,19.72,0.13,1,,,8,,,E,,-69,5,,0.2,,-,,,,,17
CBTY,19.56,0.03,1,,,7,,,C,,-92,1,,1.7,,-,,,,,10
CBXA,21.12,0.88,1,,,6,,,E,,125,4,,2.5,,-,,,,,3
CBXJ,19.97,0.54,1,,,6,,,E,,-90,1,,2.2,,-,,,,,13
CBXL,19.81,0.36,,,,8,,,E,,164,0,,1.6,,-,,,,,0
CBXO,22.04,,1,,,12,,,D-,,13,3,,0.5,,-,,,,,3
CBXY,22.02,0.16,1,,,10,,,C,,-58,2,,1.4,,-,,,,,4
CCAQ,10.47,0.05,34,,,,,,C,,260,75,,,53,-,,,,1392.02,7
CCD,25.45,-1.59,2,,,92,,,A+,,-40,51,154.17,9.4,84,-,137.4,,,720,86
CCEF,29.58,-0.15,,,,50,,,A,,-74,1,,7.3,,-,,,,,3
CCFE,26.81,-0.85,,,,40,,,D+,,-92,0,,,,-,,,,,1
CCIF,2.80,1.45,4,,,3,,,D,,-36,77,-166.63,35.7,27,-,-38.8,,,-806.58,122
CCII,10.37,,35,,,,,,E,,-71,17,,,12,-,,,,30155.78,62
CCIX,10.93,0.28,27,,,,,,B-,,8,244,,,74,-,,,,-44.96,229
CCNR,37.14,1.12,1,,,59,,,D,,6,15,,3.1,,-,,,,,16
CCOM,24.09,-0.06,,,,14,,,D,,663,0,,2.5,,-,,,,,0
CCOR,26.08,2.13,1,,,26,,,B,,201,9,,1.0,,-,,,,,5
CCPX,19.33,-0.69,,,,22,,,,,-99,0,,,,-,,,,,
CCRP,19.73,0.24,,,,24,,,D,,432,0,,4.1,,-,,,,,47
CCSB,19.99,0.08,2,,,14,,,B-,,65,9,,4.6,,-,,,,,5
CCSO,27.12,-1.23,1,,,67,,,E,,84,8,,0.6,,-,,,,,4
CCUP,1.57,7.51,1,,,1,,,E,,120,9277,,,,-,,,,,4312
CCXI,19.10,11.96,26,,,,,,C,,720,10873,,,34,-,,,,,1022
CDC,76.00,1.66,2,,,72,,,C,,-36,11,,3.1,,-,,,,,18
CDEI,91.45,0.35,1,,,87,,,D,,-51,0,,1.0,,-,,,,,1
CDIG,25.85,0.92,,,,48,,,E,,-75,2,,,,-,,,,,10
CDL,79.30,1.69,2,,,72,,,B-,,-13,6,,3.1,,-,,,,,7
CDNG,13.69,-2.85,,,,,,,,,19,1,,,,-,,,,,
CDX,20.90,-0.24,4,,,8,,,E,,-46,85,,8.4,,-,,,,,159
CEE,20.87,1.90,9,,,93,,,E,,-94,1,177.12,1.9,93,2/28/1990,824.1,,,38.73,24
CEF,41.33,2.45,16,,,40,,,E,,-9,655,206.88,,99,-,2183.8,,,-28.47,721
CEFA,39.79,1.20,1,,,67,,,C-,,-90,1,,2.7,,-,,,,,7
CEFD,19.28,-0.53,,,,43,,,B,,-35,0,,14.8,,-,,,,,1
CEFS,25.74,0.27,1,,,79,,,A,,-25,68,,6.1,,-,,,,,88
CEFZ,8.24,-0.62,,,,42,,,C,,-43,9,,10.0,,-,,,,,16
CEGX,10.75,1.90,,,,1,,,E,,0,230,,,,-,,,,,236
CEMB,45.46,0.08,30,,,30,,,D,,-82,11,,5.2,,-,,,,,70
CEPF,10.40,-0.10,56,,,,,,C,,7,77,,,65,8/21/2025,,,,13664.16,71
CEPI,32.39,-2.58,1,,,37,,,C-,,24,61,,43.3,,-,,,,,50
CEPO,10.55,0.48,38,,,,,,E,,-50,44,,,79,1/7/2025,,,,-116.92,89
CEPS,10.40,0.29,,,,,,,D,,-90,4,,,46,2/5/2026,,,,504.78,28
CEPV,10.38,0.29,55,,,,,,C,,-44,28,,,56,11/4/2025,,,,474082.79,43
CERY,33.36,0.18,12,,,52,,,E,,-44,79,,4.3,,-,,,,,143
CET,52.70,-0.45,11,,,53,,,C-,,122,80,21.73,1.7,80,-,305.0,,,46.21,37
CEV,10.58,-0.19,,,,53,,,A+,,-72,7,0.81,5.7,0,1/29/2000,0.2,,,47.87,25
CEW,19.34,0.35,,,,42,,,E,,17,2,,0.7,,-,,,,,3
CFA,99.54,0.67,2,,,67,,,A,,-69,2,,1.2,,-,,,,,7
CFIT,25.93,-0.26,,,,47,,,E,,-78,5,,3.9,,-,,,,,23
CFND,3.12,2.63,2,,,3,,,E,,126,74,,,,8/7/2025,,,,,33
CFO,80.68,0.67,2,,,67,,,A,,-57,3,,1.2,,-,,,,,5
CGBL,37.74,0.11,2,,,65,,,D,,13,2227,,1.9,,-,,,,,1994
CGCB,26.17,0.15,2,,,16,,,E,,-5,1082,,4.2,,-,,,,,1169
CGCP,22.29,0.22,1,,,14,,,E,,-5,1513,,5.1,,-,,,,,1609
CGCV,32.97,0.50,2,,,69,,,A,,1,319,,1.5,,-,,,,,318
CGDG,37.88,1.50,6,,,58,,,E,,-18,510,,2.3,,-,,,,,649
CGDV,48.95,-0.29,19,,,86,,,D+,,8,3941,,1.2,,-,,,,,3689
CGGE,34.94,0.20,1,,,83,,,D+,,-5,553,,0.4,,-,,,,,618
CGGG,28.27,-1.22,,,,49,,,E,,-16,38,,0.1,,-,,,,,48
CGGO,40.77,-1.33,5,,,93,,,D+,,30,1648,,1.0,,-,,,,,1279
CGGR,46.53,-1.15,7,,,72,,,C-,,10,2772,,0.2,,-,,,,,2559
CGHM,25.93,0.12,3,,,43,,,A-,,-21,334,,3.8,,-,,,,,431
CGHY,25.32,,1,,,33,,,D,,-45,22,,5.5,,-,,,,,60
CGIB,25.50,-0.06,1,,,39,,,A+,,-23,71,,1.4,,-,,,,,96
CGIC,35.97,0.64,2,,,79,,,E,,-13,453,,1.7,,-,,,,,569
CGIE,36.84,1.35,3,,,66,,,E,,-21,360,,1.4,,-,,,,,471
CGMM,32.72,-0.64,1,,,81,,,C,,-23,839,,0.4,,-,,,,,1095
CGMS,27.38,0.22,4,,,23,,,E,,-26,748,,6.1,,-,,,,,1023
CGMU,27.49,0.11,4,,,38,,,B,,-16,922,,3.3,,-,,,,,1110
CGNG,36.15,-1.12,4,,,89,,,D-,,0,640,,0.6,,-,,,,,694
CGO,13.60,0.29,2,,,87,,,C,,22,35,-1.66,7.2,79,-,156.6,,,518.34,30
CGOV,25.06,0.04,,,,33,,,,,-100,0,,1.5,,-,,,,,
CGRO,20.63,-1.23,,,,5,,,A,,-51,0,,0.9,,-,,,,,2
CGSD,25.74,0.08,2,,,17,,,E,,-11,388,,4.4,,-,,,,,436
CGSM,26.38,0.04,2,,,31,,,C-,,-59,188,,3.0,,-,,,,,464
CGUI,25.30,0.04,2,,,30,,,D,,-54,52,,3.8,,-,,,,,115
CGUS,44.16,-0.45,4,,,81,,,C-,,-16,876,,0.9,,-,,,,,1066
CGV,15.57,0.83,1,,,52,,,E,,42,32,,4.8,,-,,,,,23
CGVV,30.73,-0.10,,,,85,,,C,,59,74,,0.9,,-,,,,,50
CGW,65.81,0.66,8,,,48,,,C+,,129,74,,1.5,,-,,,,,33
CGXU,34.11,0.24,4,,,88,,,D-,,31,1167,,4.9,,-,,,,,899
CHAR,10.81,,18,,,,,,A,,-100,0,,,91,-,,,,-4.29,10
CHAT,88.79,-5.06,32,,,98,,,D+,,17,876,,1.8,,-,,,,,750
CHAU,22.92,-6.64,2,,,86,,,E,,-3,106,,1.9,,-,,,,,111
CHEC,10.18,0.30,35,,,,,,C,,-26,12,,,48,-,,,,4860.79,12
CHGX,32.80,-0.56,1,,,93,,,C,,841,162,,0.6,,-,,,,,18
CHI,13.07,-1.13,1,,,93,,,A,,23,215,77.18,8.8,79,-,130.2,,,886.41,176
CHIQ,16.28,0.18,8,,,4,,,E,,41,57,,2.0,,-,,,,,41
CHNL,17.71,5.27,,,,19,,,E,,594,0,,2.1,,-,,,,,0
CHNU,13.96,10.26,,,,16,,,E,,37,5,,1.7,,-,,,,,4
CHPG,10.37,-0.04,23,,,,,,E,,139,0,,,75,-,,,,586.99,8
CHPS,91.33,-6.02,1,,,99,,,D-,,17,53,,0.3,,-,,,,,45
CHPX,95.91,-4.42,,,,89,,,D,,-37,82,,0.1,,-,,,,,131
CHPY,78.33,-5.46,2,,,98,,,D-,,47,1128,,31.1,,-,,,,,779
CHRI,88.47,-0.06,,,,67,,,E,,2,1,,0.3,,-,,,,,1
CHW,8.76,-1.13,3,,,91,,,D,,-14,175,-16.52,6.9,79,-,157.3,,,559.48,204
CHY,13.44,-0.30,4,,,91,,,B,,-13,175,106.93,9.1,81,-,132.7,,,894.17,202
CHYG,25.01,0.09,,,,32,,,,,-67,0,,2.8,,-,,,,,
CIBR,90.67,-0.48,49,,,94,,,A,,-22,1223,,0.5,,-,,,,,1638
CIEG,6.99,-17.57,,,,17,,,,,-27,530,,,,-,,,,,
CIEI,25.08,0.04,,,,33,,,,,1240,0,,1.5,,-,,,,,
CIEX,18.25,-17.47,,,,,,,,,358,7,,,,-,,,,,
CIFC,15.54,-25.65,,,,,,,,,-77,2,,,,-,,,,,
CIFG,8.94,-24.02,,,,48,,,E,,18,254,,,,-,,,,,212
CIFU,22.04,-23.92,2,,,50,,,D,,143,451,,,,-,,,,,185
CII,25.66,-0.43,5,,,87,,,A,,8,74,-63.46,15.6,85,-,164.9,,,281.6,69
CIK,2.47,,3,,,10,,,E,,-43,402,-8.77,9.8,27,4/8/1987,53.0,,,-78.61,716
CIVG,25.05,0.04,,,,33,,,,,-93,0,,1.8,,-,,,,,
CJUL,25.08,0.06,,,,,,,,,,39,,,,-,,,,,
CJUN,24.92,-0.07,,,,,,,,,42,0,,,,-,,,,,
CLBR,10.30,-0.29,16,,,,,,E,,-97,1,,,32,-,,,,,34
CLCG,28.46,-1.15,,,,73,,,C,,-32,2,,0.1,,-,,,,,3
CLCV,30.04,0.02,,,,82,,,E,,-43,1,,0.4,,-,,,,,2
CLIM,27.09,1.33,,,,61,,,C-,,-26,0,,2.3,,-,,,,,0
CLIP,100.10,0.05,12,,,28,,,D,,10,341,,3.8,,-,,,,,370
CLIX,56.43,0.08,,,,38,,,B+,,221,2,,0.3,,-,,,,,0
CLM,7.49,0.13,11,,,24,,,E,,-18,1194,106.49,19.6,71,6/23/1987,158.1,,,22.81,1565
CLNK,14.02,4.63,,,,10,,,E,,-16,18,,,,-,,,,,22
CLOA,51.77,0.08,15,,,30,,,E,,-9,367,,4.9,,-,,,,,416
CLOB,50.26,-0.09,1,,,22,,,E,,-26,7,,6.2,,-,,,,,10
CLOC,24.96,0.08,,,,23,,,C,,-43,3,,6.3,,-,,,,,5
CLOD,31.59,,,,,43,,,A,,-90,0,,,,-,,,,,2
CLOI,52.78,0.04,4,,,25,,,A,,-8,162,,5.2,,-,,,,,179
CLOO,25.14,0.04,,,,32,,,,,409,0,,3.6,,-,,,,,
CLOU,23.22,-0.47,2,,,57,,,A,,-39,178,,,,-,,,,,299
CLOX,25.58,0.09,2,,,33,,,A+,,-12,144,,5.0,,-,,,,,165
CLOZ,26.34,0.22,13,,,27,,,A+,,15,335,,7.4,,-,,,,,293
CLSE,33.26,-1.51,2,,,94,,,D+,,-12,211,,0.8,,-,,,,,241
CLSM,27.00,-0.68,,,,89,,,D,,-8,8,,0.8,,-,,,,,8
CLSX,15.34,-14.92,,,,41,,,E,,-2,261,,,,-,,,,,270
CLUB,24.84,0.03,,,,25,,,,,-96,0,,0.3,,-,,,,,
CMAG,24.58,0.02,,,,25,,,,,-99,0,,,,-,,,,,
CMAY,25.55,-0.23,,,,,,,,,2541,39,,,,-,,,,,
CMBO,102.66,0.04,,,,35,,,E,,-42,0,,,,-,,,,,0
CMBS,48.55,0.20,11,,,24,,,B-,,-31,29,,3.6,,-,,,,,43
CMCI,27.55,0.01,,,,39,,,D,,118,0,,8.6,,-,,,,,1
CMDT,30.43,0.16,3,,,48,,,E,,0,78,,2.7,,-,,,,,78
CMDY,55.12,0.31,4,,,41,,,E,,38,102,,11.4,,-,,,,,74
CMF,57.58,0.12,6,,,39,,,B+,,-13,397,,2.9,,-,,,,,460
CMGG,16.19,2.03,,,,59,,,D,,-45,6,,,,-,,,,,11
CMII,10.15,,23,,,,,,C,,-96,7,,,8,-,,,,,125
CNAV,42.74,-5.84,,,,98,,,D+,,100,15,,,,-,,,,,8
CNBS,28.78,1.94,2,,,84,,,D,,-53,4,,,,-,,,,,15
CNCG,36.59,-1.84,,,,90,,,C,,-81,1,,,,-,,,,,2
CNEQ,39.69,-2.05,,,,92,,,C,,-6,160,,,,-,,,,,225
CNQQ,24.73,-5.69,2,,,52,,,E,,72,25,,0.5,,-,,,,,18
CNRG,104.94,-3.78,5,,,92,,,E,,-20,10,,1.1,,-,,,,,13
CNXT,56.68,-6.85,4,,,96,,,E,,110,301,,0.1,,-,,,,,144
CNYA,36.63,-3.61,6,,,67,,,E,,-72,33,,1.7,,-,,,,,119
COAL,22.72,1.07,3,,,31,,,E,,-74,18,,2.6,,-,,,,,68
COHH,9.90,-19.38,,,,19,,,,,78,399,,,,-,,,,,
COHX,39.32,-19.33,1,,,78,,,E,,-52,456,,,,-,,,,,955
COIA,8.23,7.58,2,,,2,,,D,,-92,78,,9.3,,-,,,,,35
COIG,5.29,7.30,,,,2,,,E,,99,289,,,,-,,,,,144
COIW,9.37,4.93,,,,2,,,E,,-25,124,,256.5,,-,,,,,163
COIX,33.27,7.70,,,,,,,,,75050,2,,,,-,,,,,
COLA,10.63,-0.09,7,,,,,,E,,-86,8,,,69,-,,,,-32.58,50
COLO,42.21,0.31,7,,,80,,,C,,-46,122,,6.4,,-,,,,,228
COM,32.64,-0.11,2,,,50,,,E,,-23,141,,2.6,,-,,,,,183
COMB,24.06,0.21,,,,41,,,E,,-75,17,,7.9,,-,,,,,86
COMD,25.60,0.32,,,,25,,,E,,-50,1,,,,-,,,,,2
COMT,30.19,0.22,9,,,50,,,E,,-52,215,,6.4,,-,,,,,511
CONI,47.97,-8.04,,,,20,,,C,,-12,169,,1.0,,-,,,,,200
CONL,5.40,7.57,2,,,2,,,D+,,32,27854,,,,-,,,,,21238
CONX,6.54,7.78,1,,,6,,,E,,11,106,,3.3,,-,,,,,93
CONY,20.40,2.05,3,,,2,,,C-,,-39,292,,194.3,,-,,,,,489
COPA,48.28,1.39,,,,92,,,E,,-16,3,,3.9,,-,,,,,4
COPJ,39.89,2.41,2,,,79,,,E,,-48,51,,11.7,,-,,,,,98
COPL,10.45,0.19,30,,,,,,C-,,266,193,,,72,-,,,,1765.35,43
COPP,37.83,0.56,4,,,87,,,E,,50,231,,2.2,,-,,,,,156
COPX,76.65,1.81,72,,,75,,,E,,-34,2638,,2.5,,-,,,,,4082
COPY,14.95,1.23,,,,83,,,D,,-39,74,,0.8,,-,,,,,121
COPZ,13.35,1.04,,,,25,,,E,,-56,18,,,,-,,,,,41
CORB,29.42,0.14,,,,14,,,D,,-55,41,,4.1,,-,,,,,105
CORD,7.65,8.97,2,,,3,,,C,,-38,3183,,,,-,,,,,5282
CORN,16.86,-0.53,6,,,7,,,D,,-62,212,,,,-,,,,,570
CORO,35.90,0.24,1,,,87,,,E,,-76,652,,2.1,,-,,,,,2774
CORP,96.52,0.20,6,,,17,,,E,,6,79,,4.8,,-,,,,,75
COSW,41.00,3.42,1,,,8,,,E,,-24,4,,20.1,,-,,,,,5
COTG,13.12,5.70,1,,,20,,,E,,-23,80,,,,-,,,,,106
COWG,38.89,-1.77,3,,,74,,,B,,-7,270,,0.4,,-,,,,,290
COWS,36.76,1.33,1,,,79,,,C+,,272,14,,1.6,,-,,,,,4
COWZ,63.79,1.63,16,,,54,,,D-,,-4,936,,2.0,,-,,,,,975
COYY,18.20,0.36,3,,,1,,,E,,-89,12,,435.9,,-,,,,,35
COZX,15.44,-19.54,,,,69,,,E,,-34,75,,,,-,,,,,115
CPAG,102.57,0.09,1,,,38,,,D,,-43,2,,,,-,,,,,4
CPAI,51.01,-1.07,1,,,95,,,C-,,-42,35,,0.7,,-,,,,,61
CPER,37.29,0.21,8,,,76,,,E,,-73,198,,,,-,,,,,739
CPHY,51.67,0.16,,,,42,,,C,,145,2,,,,-,,,,,1
CPII,18.92,0.03,,,,13,,,B-,,-14,0,,4.6,,-,,,,,2
CPLB,20.89,0.02,7,,,11,,,D,,-75,13,,5.5,,-,,,,,50
CPLS,35.02,0.11,1,,,12,,,B-,,197,33,,4.6,,-,,,,,12
CPNJ,27.53,-0.18,,,,43,,,E,,-95,1,,,,-,,,,,15
CPNM,26.73,-0.04,,,,46,,,D-,,-77,0,,,,-,,,,,2
CPNQ,27.34,-0.15,,,,48,,,E,,-81,2,,,,-,,,,,9
CPNS,28.10,-0.10,,,,48,,,E,,87,0,,,,-,,,,,3
CPNX,18.15,4.67,,,,18,,,,,-27,11,,,,-,,,,,
CPRA,27.67,-0.01,,,,49,,,C,,401,0,,,,-,,,,,3
CPRJ,27.65,-0.04,,,,47,,,A,,1533,139,,,,-,,,,,7
CPRO,28.19,0.10,,,,52,,,A,,-79,1,,,,-,,,,,5
CPRY,27.97,0.09,,,,51,,,C,,-88,1,,,,-,,,,,13
CPSA,27.79,0.05,1,,,48,,,A,,21,4,,,,-,,,,,3
CPSD,26.70,-0.05,1,,,47,,,D,,129,0,,,,-,,,,,2
CPSF,26.21,0.03,1,,,45,,,E,,-38,0,,,,-,,,,,2
CPSJ,27.69,0.05,1,,,47,,,B+,,463,42,,,,-,,,,,6
CPSL,27.99,0.08,,,,46,,,D-,,-44,22,,,,-,,,,,23
CPSM,29.28,0.06,1,,,43,,,E,,-86,1,,,,-,,,,,9
CPSN,27.68,-0.07,1,,,47,,,E,,-19,0,,,,-,,,,,2
CPSO,27.86,0.03,1,,,47,,,E,,4525,0,,,,-,,,,,1
CPSP,26.93,0.09,1,,,45,,,E,,-86,0,,,,-,,,,,1
CPSR,25.86,0.05,1,,,45,,,E,,90,3,,,,-,,,,,2
CPST,27.82,-0.02,1,,,47,,,E,,-13,0,,,,-,,,,,2
CPSU,27.64,0.00,1,,,44,,,E,,-79,3,,,,-,,,,,12
CPSY,25.71,0.05,1,,,46,,,D,,-84,0,,,,-,,,,,1
CPXR,28.43,0.62,1,,,86,,,E,,-59,11,,0.7,,-,,,,,28
CPZ,13.02,0.23,5,,,7,,,C,,38,116,-71.65,12.9,37,11/26/2019,34.7,,,-259.57,85
CQQQ,53.99,-5.26,54,,,68,,,B,,118,2813,,2.1,,-,,,,,1378
CQTM,29.41,-4.70,,,,41,,,,,-35,31,,,,-,,,,,
CRAC,10.12,0.05,24,,,,,,E,,-32,33,,,52,-,,,,,47
CRAK,47.46,1.09,1,,,64,,,E,,-13,84,,1.7,,-,,,,,97
CRAN,10.15,,31,,,,,,C-,,-85,8,,,8,-,,,,,38
CRAQ,10.32,0.19,40,,,,,,C,,-79,6,,,33,-,,,,4578.12,13
CRAUY,12.60,-16.00,,,,,,,,,,0,,,69,-,7.5,,,,
CRBN,251.49,-0.11,5,,,78,,,E,,-36,5,,2.1,,-,,,,,9
CRCA,13.48,7.58,2,,,1,,,E,,72,2271,,4.7,,-,,,,,1349
CRCD,6.49,-8.59,2,,,5,,,C,,-59,2314,,,,-,,,,,5672
CRCG,9.10,7.82,3,,,1,,,E,,23,4503,,,,-,,,,,2465
CRCO,13.29,3.66,3,,,4,,,E,,-32,56,,125.9,,-,,,,,84
CRDD,12.77,5.04,,,,15,,,E,,-36,1,,2.5,,-,,,,,2
CRDT,23.31,0.09,,,,32,,,E,,-21,5,,6.2,,-,,,,,6
CRDU,74.11,-13.50,,,,72,,,E,,-68,799,,,,-,,,,,630
CRDX,7.33,9.08,,,,14,,,E,,9,11,,2.9,,-,,,,,10
CRED,22.77,0.72,,,,67,,,E,,940,0,,,,-,,,,,0
CRF,7.14,-0.28,5,,,24,,,E,,-8,952,155.03,19.9,71,-,168.4,,,24.25,1115
CRIB,25.51,1.12,,,,,,,,,-93,1,,,,-,,,,,
CRMG,4.57,3.39,,,,1,,,D,,44,4053,,,,-,,,,,2927
CRMU,5.13,-6.75,,,,51,,,E,,-81,36,,,,-,,,,,160
CRMX,11.97,-6.78,1,,,50,,,E,,-93,55,,,,-,,,,,345
CRPT,12.17,3.75,2,,,17,,,D,,-57,44,,1.0,,-,,,,,102
CRRFY,3.67,3.67,6,1,1,54,,E,E,,-12,292,5.99,4.4,,-,1.8,69.79,,,332
CRSH,20.75,6.73,1,,,3,,,E,,-34,12,,85.6,,-,,,,,18
CRTC,38.79,-0.37,2,,,64,,,E,,-54,5,,0.9,,-,,,,,11
CRUC,21.21,-0.72,,,,,,,,,-99,0,,,,-,,,,,
CRUX,29.82,0.03,,,,25,,,E,,27,317,,4.1,,-,,,,,300
CRWG,20.88,-9.79,1,,,16,,,E,,-22,1859,,0.7,,-,,,,,1595
CRWL,65.40,-0.14,,,,99,,,A,,-45,119,,,,-,,,,,222
CRWU,3.98,-9.13,1,,,23,,,E,,88,4400,,7.5,,-,,,,,2401
CRXP,19.80,,,,,19,,,D,,-100,0,,4.2,,-,,,,,0
CRY,19.18,-0.03,,,,18,,,,,-53,2,,18.9,,-,,,,,4
CSB,65.88,0.28,2,,,67,,,B,,85,11,,3.1,,-,,,,,6
CSCL,57.06,-7.55,,,,99,,,D-,,-81,8,,1.3,,-,,,,,51
CSCS,13.77,3.63,,,,2,,,C,,-72,3,,4.5,,-,,,,,15
CSD,142.01,-2.77,1,,,97,,,B+,,-7,15,,0.1,,-,,,,,17
CSEN,23.32,-0.06,,,,,,,,,-89,6,,1.3,,-,,,,,
CSEX,15.84,-14.38,,,,47,,,D-,,20,157,,,,-,,,,,136
CSHI,49.83,0.02,2,,,31,,,A+,,7,621,,4.7,,-,,,,,582
CSHP,99.27,0.10,1,,,25,,,A+,,-73,1,,4.0,,-,,,,,2
CSIO,28.56,1.01,,,,56,,,E,,-69,4,,1.9,,-,,,,,15
CSM,85.31,0.16,1,,,77,,,C-,,75,11,,1.1,,-,,,,,6
CSMD,35.77,-1.04,,,,78,,,A+,,-41,31,,,,-,,,,,55
CSNR,33.63,1.66,,,,51,,,E,,-60,9,,2.0,,-,,,,,25
CSPF,26.11,0.13,1,,,41,,,E,,-78,23,,5.3,,-,,,,,105
CSQ,20.52,-0.53,12,,,75,,,A,,-23,174,79.9,7.3,89,-,207.9,,,402.02,222
CSRE,28.90,1.23,2,,,73,,,D,,127,276,,2.2,,-,,,,,128
CSSD,25.19,0.10,1,,,36,,,E,,-7,3,,5.2,,-,,,,,4
CSTK,32.86,0.26,,,,84,,,E,,-84,5,,2.2,,-,,,,,26
CTA,25.69,-0.31,12,,,7,,,E,,-9,490,,4.8,,-,,,,,543
CTAA,9.98,0.71,,,,,,,,,-99,1,,,1,-,,,,,51
CTAP,26.13,-0.46,1,,,30,,,E,,37,78,,3.9,,-,,,,,57
CTEC,61.62,-2.86,2,,,84,,,E,,-64,2,,0.6,,-,,,,,5
CTEF,91.02,-1.97,,,,98,,,C,,480,12,,0.1,,-,,,,,2
CTEX,40.21,-5.03,1,,,91,,,E,,42,1,,1.8,,-,,,,,2
CTIF,51.82,0.64,,,,45,,,E,,232056,0,,5.0,,-,,,,,5
CTJL,25.11,-0.00,,,,,,,,,,39,,,,-,,,,,
CTJN,24.84,-0.06,,,,,,,,,,0,,,,-,,,,,
CTMA,25.38,-0.23,,,,,,,,,13091,40,,,,-,,,,,
CTWO,17.00,-0.73,,,,33,,,D,,-53,0,,,,-,,,,,0
CUB,10.81,0.28,31,,,,,,E,,-98,8,,,59,-,,,,-12.02,410
CURE,122.89,7.75,2,,,95,,,A+,,74,151,,1.1,,-,,,,,88
CUSD,19.41,-1.64,1,,,11,,,A+,,-97,0,,21.9,,-,,,,,13
CUST,25.05,0.06,,,,33,,,,,-53,0,,1.6,,-,,,,,
CUT,28.26,1.59,2,,,14,,,D-,,-50,1,,2.5,,-,,,,,3
CUX,,,,,,,,,,,,0,,,66,-,,,,,
CVAR,29.34,1.23,,,,48,,,C,,-93,0,,1.4,,-,,,,,2
CVGD,25.55,1.99,,,,36,,,,,500,0,,,,-,,,,,
CVIE,83.87,0.18,1,,,92,,,C+,,-13,17,,2.3,,-,,,,,20
CVLC,93.91,-0.11,,,,87,,,B,,-53,13,,0.9,,-,,,,,28
CVMC,76.35,0.10,,,,92,,,A,,34,6,,1.2,,-,,,,,5
CVNY,21.86,0.16,1,,,4,,,E,,-31,27,,115.7,,-,,,,,39
CVRD,17.91,1.10,2,,,14,,,A+,,5205,0,,7.9,,-,,,,,1
CVRT,49.18,-2.42,,,,95,,,E,,1,9,,1.5,,-,,,,,9
CVSB,50.62,-0.01,7,,,24,,,E,,-42,12,,4.3,,-,,,,,28
CVSM,26.21,0.94,,,,40,,,,,82,5,,,,-,,,,,
CVY,29.31,1.12,1,,,65,,,D+,,119,10,,4.3,,-,,,,,5
CWB,104.38,-1.39,51,,,87,,,E,,36,1304,,1.4,,-,,,,,993
CWEB,19.66,-1.35,3,,,2,,,E,,32,938,,7.9,,-,,,,,718
CWI,40.21,0.30,4,,,81,,,E,,-33,161,,2.7,,-,,,,,233
CWS,68.71,0.75,1,,,36,,,C,,-58,4,,0.3,,-,,,,,13
CWVX,17.30,-9.14,,,,23,,,E,,17,1557,,,,-,,,,,1331
CWY,19.02,-0.59,,,,17,,,,,-16,2,,20.8,,-,,,,,2
CXII,10.75,-0.37,1,,,,,,,,-35,119,,,91,-,,,,,
CXRN,15.36,-0.36,,,,4,,,C,,-66,7,,2.7,,-,,,,,21
CXSE,37.68,-2.69,3,,,28,,,E,,8,28,,1.5,,-,,,,,26
CZA,123.58,0.41,2,,,77,,,A,,16,3,,1.4,,-,,,,,3
CZAR,31.96,,,,,39,,,C-,,-74,0,,1.4,,-,,,,,0
DAAQ,10.40,-0.02,29,,,,,,C-,,-96,2,,,13,-,,,,2001.8,52
DABS,50.43,-0.14,2,,,24,,,E,,-64,8,,4.8,,-,,,,,21
DADS,20.01,-0.99,1,,,44,,,E,,-69,1,,4.5,,-,,,,,3
DAK,29.02,,,,,76,,,E,,-48,0,,0.8,,-,,,,,0
DALI,29.26,-0.14,1,,,51,,,C-,,-95,1,,1.2,,-,,,,,9
DAMD,1.75,9.38,,,,3,,,D,,88,32981,,,,-,,,,,18093
DANA,25.07,0.08,,,,21,,,E,,749,0,,3.1,,-,,,,,3
DAPP,18.48,-3.20,13,,,62,,,D-,,-42,406,,,,-,,,,,974
DAPR,40.84,-0.06,2,,,49,,,D+,,-90,3,,,,-,,,,,31
DARP,56.94,-2.74,3,,,96,,,E,,-27,7,,0.3,,-,,,,,10
DAT,43.88,0.82,,,,44,,,A,,-14,2,,,,-,,,,,2
DAUG,46.84,-0.04,2,,,60,,,D+,,-49,4,,,,-,,,,,7
DAX,45.25,2.25,4,,,49,,,D,,-28,31,,2.1,,-,,,,,42
DBA,26.74,-0.45,17,,,32,,,D-,,-74,387,,,,-,,,,,1492
DBAW,47.78,-0.26,1,,,88,,,C-,,-34,11,,1.7,,-,,,,,17
DBB,23.96,0.08,13,,,65,,,E,,49,627,,,,-,,,,,425
DBC,26.57,0.45,27,,,54,,,E,,-35,830,,,,-,,,,,1281
DBCA,9.97,,24,,,,,,E,,-100,0,,,10,-,,,,,76
DBE,25.79,0.30,10,,,61,,,D-,,75,118,,,,-,,,,,69
DBEF,54.74,0.66,8,,,84,,,D,,7,462,,2.3,,-,,,,,433
DBEM,39.32,-1.70,1,,,93,,,C-,,-3,8,,2.1,,-,,,,,9
DBEU,54.20,1.28,3,,,83,,,B+,,-44,27,,1.4,,-,,,,,48
DBEZ,62.59,1.02,,,,87,,,C-,,-36,2,,1.3,,-,,,,,3
DBJP,113.48,-0.68,7,,,90,,,E,,55,59,,1.2,,-,,,,,39
DBL,14.33,,4,,,12,,,B+,,21,77,-0.43,9.2,25,1/27/2012,119.4,,,-95.66,64
DBMF,30.33,-0.62,27,,,49,,,E,,216,4448,,5.3,,-,,,,,1492
DBND,45.37,0.08,1,,,11,,,E,,-10,64,,4.7,,-,,,,,71
DBO,17.28,0.47,9,,,59,,,D-,,-81,148,,,,-,,,,,805
DBP,95.05,2.22,9,,,35,,,E,,-29,9,,,,-,,,,,14
DCMT,30.71,0.09,,,,52,,,E,,-15,4,,3.1,,-,,,,,5
DCOR,82.00,0.04,2,,,83,,,C,,-12,93,,0.9,,-,,,,,108
DCRE,51.59,0.03,,,,17,,,E,,-33,31,,4.7,,-,,,,,49
DDDD,31.84,1.31,1,,,40,,,E,,98,10,,6.3,,-,,,,,5
DDEC,47.36,-0.01,2,,,59,,,D-,,-42,5,,,,-,,,,,10
DDFA,20.20,0.36,,,,38,,,E,,-39,9,,,,-,,,,,17
DDFD,19.98,-0.06,1,,,46,,,C,,-91,2,,,,-,,,,,25
DDFF,19.95,-0.10,,,,43,,,E,,84,48,,,,-,,,,,26
DDFJ,19.77,0.33,,,,42,,,E,,-81,5,,,,-,,,,,19
DDFL,21.18,-0.12,,,,49,,,C,,350,251,,,,-,,,,,57
DDFM,19.77,0.03,,,,43,,,E,,-18,4,,,,-,,,,,6
DDFN,20.06,-0.13,1,,,46,,,C,,-59,23,,,,-,,,,,56
DDFO,22.50,0.11,1,,,45,,,D-,,-71,4,,,,-,,,,,14
DDFS,22.02,-0.06,,,,50,,,D+,,-7,15,,,,-,,,,,16
DDFY,20.05,-0.00,,,,34,,,,,-75,17,,,,-,,,,,
DDFZ,19.32,-0.05,,,,31,,,,,-63,140,,,,-,,,,,
DDIV,45.34,0.77,1,,,78,,,D,,-46,2,,1.6,,-,,,,,4
DDLS,44.58,0.36,1,,,53,,,E,,-10,19,,3.7,,-,,,,,22
DDM,66.80,2.02,4,,,95,,,A,,-13,160,,1.0,,-,,,,,186
DDNQ,20.39,-0.54,,,,44,,,E,,17,22,,,,-,,,,,19
DDSQ,21.02,-0.14,,,,54,,,C,,89,61,,,,-,,,,,32
DDTA,20.43,-0.01,,,,40,,,E,,90,4,,,,-,,,,,3
DDTD,20.32,-0.11,,,,54,,,C,,-82,1,,,,-,,,,,5
DDTF,20.21,-0.12,,,,48,,,E,,22,4,,,,-,,,,,10
DDTJ,20.07,0.11,,,,48,,,C,,-64,0,,,,-,,,,,10
DDTL,21.90,-0.02,,,,55,,,C,,442,351,,,,-,,,,,64
DDTM,20.06,-0.04,,,,49,,,C,,-99,0,,,,-,,,,,2
DDTN,20.39,0.03,,,,54,,,C,,-45,5,,,,-,,,,,11
DDTO,22.91,-0.04,,,,52,,,D-,,-50,3,,,,-,,,,,7
DDTS,22.56,-0.02,,,,59,,,E,,-42,5,,,,-,,,,,9
DDTY,20.19,-0.10,,,,36,,,,,-73,8,,,,-,,,,,
DDTZ,19.30,-0.25,,,,29,,,,,-88,10,,,,-,,,,,
DDV,25.34,0.11,,,,36,,,E,,-6,4,,2.2,,-,,,,,5
DDWM,46.54,0.82,,,,65,,,E,,-34,78,,2.6,,-,,,,,117
DDX,25.11,0.18,,,,48,,,E,,13,6,,3.4,,-,,,,,7
DDXX,27.87,0.43,,,,64,,,E,,396,2,,2.3,,-,,,,,4
DECM,33.73,-0.03,1,,,47,,,E,,-91,1,,,,-,,,,,4
DECO,75.96,-3.04,1,,,99,,,E,,-50,1,,0.7,,-,,,,,2
DECP,32.49,0.00,1,,,69,,,E,,9,11,,,,-,,,,,10
DECT,39.20,-0.06,1,,,71,,,B-,,-10,9,,,,-,,,,,11
DECU,29.10,-0.18,1,,,65,,,B-,,-99,1,,,,-,,,,,195
DECW,35.65,0.01,,,,59,,,B-,,-69,5,,,,-,,,,,16
DECZ,43.12,,1,,,63,,,D+,,-96,0,,3.1,,-,,,,,21
DEED,21.43,-0.28,2,,,31,,,D,,-68,5,,4.2,,-,,,,,15
DEEF,38.92,1.21,,,,63,,,E,,34,1,,3.5,,-,,,,,1
DEEP,42.65,0.16,,,,88,,,E,,10,0,,1.9,,-,,,,,1
DEFI,69.79,2.86,,,,5,,,E,,-17,2,,,,-,,,,,3
DEFR,26.70,-0.04,,,,38,,,D-,,-83,4,,,,-,,,,,24
DEHP,40.99,-1.45,4,,,96,,,E,,747,290,,1.3,,-,,,,,37
DEM,53.38,0.45,23,,,74,,,E,,-11,175,,4.2,,-,,,,,201
DEMZ,47.00,-0.74,2,,,84,,,C,,74,7,,0.4,,-,,,,,4
DES,40.32,-0.79,4,,,85,,,A,,14,169,,2.3,,-,,,,,149
DESK,42.75,1.76,,,,76,,,A+,,4,2,,4.7,,-,,,,,1
DEUS,65.83,0.72,2,,,76,,,D,,-2,15,,1.4,,-,,,,,16
DEW,69.26,1.17,1,,,69,,,E,,-59,1,,3.3,,-,,,,,3
DEXC,78.87,-0.99,2,,,96,,,E,,137,48,,1.5,,-,,,,,20
DFAC,44.25,-0.09,15,,,84,,,D+,,-10,1805,,0.9,,-,,,,,2015
DFAE,38.84,-0.97,8,,,92,,,E,,8,1353,,1.8,,-,,,,,1288
DFAI,41.58,1.19,15,,,73,,,E,,6,1428,,2.4,,-,,,,,1364
DFAL,50.16,-0.10,,,,,,,,,788,53,,,,-,,,,,
DFAR,26.57,1.26,7,,,77,,,C+,,3,2483,,2.6,,-,,,,,2421
DFAS,81.53,-0.66,14,,,88,,,A-,,44,618,,1.0,,-,,,,,431
DFAT,69.58,-0.20,10,,,84,,,B-,,1,309,,1.4,,-,,,,,305
DFAU,51.54,-0.14,7,,,81,,,D,,26,840,,0.9,,-,,,,,668
DFAW,82.77,0.30,1,,,83,,,D,,-49,467,,1.3,,-,,,,,88
DFAX,36.69,0.52,6,,,79,,,E,,-9,675,,2.4,,-,,,,,743
DFCA,50.20,0.05,2,,,37,,,B+,,9,69,,2.7,,-,,,,,64
DFCF,42.19,0.14,12,,,23,,,E,,46,2017,,4.3,,-,,,,,1449
DFE,73.27,1.80,2,,,47,,,E,,-50,2,,4.2,,-,,,,,7
DFEB,50.48,-0.02,2,,,60,,,E,,32,17,,,,-,,,,,14
DFEM,39.38,-0.81,7,,,90,,,E,,-10,856,,1.9,,-,,,,,950
DFEN,85.78,5.58,3,,,98,,,B-,,1,265,,0.1,,-,,,,,263
DFEV,41.26,-0.65,4,,,93,,,D,,23,280,,2.1,,-,,,,,207
DFGP,54.37,-0.04,,,,29,,,E,,24,242,,4.4,,-,,,,,196
DFGR,29.34,1.14,3,,,68,,,C,,17,533,,3.6,,-,,,,,460
DFGX,53.45,-0.22,1,,,37,,,B,,10,168,,4.2,,-,,,,,153
DFIC,37.61,1.13,11,,,72,,,E,,75,2044,,2.4,,-,,,,,1164
DFII,11.37,2.27,,,,3,,,E,,64,17,,28.7,,-,,,,,13
DFIP,41.26,0.21,5,,,12,,,E,,-10,82,,4.6,,-,,,,,92
DFIS,35.52,0.89,4,,,68,,,E,,34,728,,2.0,,-,,,,,557
DFIV,54.87,1.63,16,,,73,,,E,,7,1314,,2.7,,-,,,,,1229
DFJ,107.57,0.25,10,,,73,,,D-,,-38,21,,2.6,,-,,,,,36
DFLV,39.71,0.46,10,,,86,,,D+,,-24,648,,1.4,,-,,,,,849
DFMC,60.23,-1.15,1,,,72,,,D,,-52,20,,0.4,,-,,,,,42
DFNL,50.60,0.87,1,,,71,,,B,,-14,36,,1.3,,-,,,,,43
DFNM,48.35,0.04,4,,,38,,,B-,,14,193,,2.9,,-,,,,,171
DFP,20.70,-0.14,5,,,30,,,B,,16,64,-9.43,7.6,47,5/24/2013,83.3,,,-10.73,56
DFSB,52.08,0.08,1,,,28,,,D-,,191,117,,4.3,,-,,,,,41
DFSD,47.75,0.06,3,,,21,,,E,,0,522,,4.2,,-,,,,,522
DFSE,47.43,-0.97,2,,,85,,,D+,,96,47,,1.9,,-,,,,,25
DFSI,45.39,0.79,2,,,66,,,E,,117,130,,2.2,,-,,,,,62
DFSU,46.93,0.15,4,,,77,,,B-,,99,182,,0.8,,-,,,,,93
DFSV,38.67,-0.23,6,,,85,,,D+,,20,1197,,1.4,,-,,,,,996
DFTT,30.24,-3.04,1,,,84,,,E,,359,8,,,,-,,,,,2
DFUS,81.61,-0.17,15,,,83,,,C-,,58,1140,,0.9,,-,,,,,735
DFUV,54.85,0.13,12,,,88,,,B-,,17,483,,1.3,,-,,,,,424
DFVE,36.04,0.73,1,,,79,,,C-,,-8,5,,1.4,,-,,,,,6
DFVX,82.39,0.12,1,,,77,,,D,,-36,7,,1.2,,-,,,,,11
DGAP,30.49,-0.03,,,,35,,,,,-34,2,,,,-,,,,,3
DGCB,54.64,0.07,1,,,35,,,E,,82,216,,4.4,,-,,,,,117
DGIN,35.61,0.28,1,,,35,,,A+,,-66,1,,0.4,,-,,,,,4
DGJA,31.60,-0.02,,,,49,,,C,,-38,0,,,,-,,,,,0
DGLO,23.80,,1,,,75,,,C,,-97,0,,0.6,,-,,,,,0
DGOC,32.52,0.02,,,,43,,,C,,-15,0,,,,-,,,,,0
DGP,136.40,3.73,1,,,32,,,E,,-60,87,,,,-,,,,,216
DGRE,39.44,-0.47,1,,,95,,,D,,311,45,,1.3,,-,,,,,11
DGRO,77.26,1.52,38,,,77,,,C-,,28,1921,,1.9,,-,,,,,1509
DGRS,58.69,-0.70,8,,,81,,,B,,-19,21,,1.9,,-,,,,,26
DGRW,95.86,0.32,16,,,65,,,D-,,-40,377,,1.1,,-,,,,,636
DGS,64.14,0.52,3,,,68,,,E,,-13,41,,3.8,,-,,,,,47
DGT,184.76,0.86,9,,,77,,,E,,533,94,,2.5,,-,,,,,16
DGZ,6.42,1.61,,,,72,,,A-,,-34,4,,,,-,,,,,8
DHDG,36.56,-0.07,,,,65,,,C,,-90,7,,,,-,,,,,69
DHF,2.42,-0.41,7,,,21,,,E,,12,280,-21.49,8.7,34,-,55.8,,,-185.1,255
DHLX,13.34,1.87,,,,38,,,E,,-72,12,,0.7,,-,,,,,40
DHS,115.07,1.04,5,,,69,,,D-,,-50,12,,3.2,,-,,,,,24
DHSB,27.06,0.06,,,,51,,,E,,-63,0,,0.1,,-,,,,,10
DHY,1.79,1.13,8,,,7,,,B+,,-30,539,-72.67,10.6,25,-,49.6,,,-144,782
DIA,527.88,1.05,37,,,81,,,B,,-31,3536,,1.4,,-,,,,,4880
DIAL,18.11,0.17,1,,,21,,,E,,-44,50,,5.0,,-,,,,,92
DIEM,41.64,-1.35,,,,94,,,D,,1,16,,3.3,,-,,,,,15
DIG,49.29,1.40,3,,,60,,,E,,-61,17,,1.8,,-,,,,,44
DIHP,34.22,1.33,3,,,67,,,E,,-5,602,,2.0,,-,,,,,647
DIM,85.87,0.71,,,,59,,,E,,-68,1,,3.1,,-,,,,,4
DIME,7.96,3.51,,,,7,,,E,,-45,2,,,,-,,,,,3
DINE,25.34,-0.24,,,,33,,,,,-21,1,,0.8,,-,,,,,
DINT,28.74,0.25,1,,,52,,,D,,-45,7,,1.7,,-,,,,,13
DIPR,26.24,-0.35,,,,33,,,,,-92,1,,,,-,,,,,
DIPS,40.37,1.41,1,,,3,,,B+,,-15,5,,61.6,,-,,,,,7
DISK,40.81,-9.57,,,,,,,,,44,469,,,,-,,,,,
DISV,40.76,1.07,4,,,68,,,E,,88,549,,2.6,,-,,,,,294
DIV,19.35,0.94,5,,,56,,,C,,120,492,,6.6,,-,,,,,229
DIVB,63.39,1.59,5,,,91,,,B,,-14,84,,2.2,,-,,,,,99
DIVD,43.42,2.02,,,,74,,,E,,101,5,,2.7,,-,,,,,3
DIVE,26.42,1.28,1,,,57,,,C,,87,5,,1.9,,-,,,,,2
DIVG,36.88,1.17,,,,70,,,B,,1148,17,,3.0,,-,,,,,1
DIVI,42.87,1.20,4,,,75,,,E,,26,249,,3.7,,-,,,,,199
DIVL,24.76,1.72,2,,,51,,,E,,187,0,,1.8,,-,,,,,0
DIVN,29.49,0.88,,,,63,,,C,,-85,5,,6.9,,-,,,,,35
DIVO,46.43,1.40,7,,,48,,,E,,-22,681,,5.2,,-,,,,,870
DIVP,27.35,1.45,,,,55,,,E,,87,22,,5.9,,-,,,,,16
DIVS,33.24,1.40,1,,,63,,,B-,,-52,1,,1.9,,-,,,,,2
DIVY,29.59,1.34,1,,,71,,,B+,,59,3,,3.0,,-,,,,,3
DIVZ,38.21,2.03,1,,,48,,,E,,26,39,,2.5,,-,,,,,31
DJAN,45.50,-0.03,1,,,59,,,D,,-50,7,,,,-,,,,,15
DJD,64.67,1.56,3,,,77,,,D,,-3,36,,2.5,,-,,,,,37
DJIA,22.18,0.45,1,,,42,,,A+,,-31,48,,8.6,,-,,,,,70
DJP,43.59,0.16,2,,,57,,,E,,-61,33,,,,-,,,,,86
DJTU,1.17,14.71,2,,,1,,,C,,26,1168,,,,-,,,,,947
DJUL,50.19,0.06,2,,,60,,,D,,-65,3,,,,-,,,,,8
DJUN,49.24,-0.02,3,,,52,,,E,,4,41,,,,-,,,,,40
DKNX,20.58,0.49,,,,37,,,C,,-99,6,,,,-,,,,,21
DLAG,33.06,0.03,1,,,58,,,E,,-68,2,,,,-,,,,,8
DLFE,31.71,-0.02,,,,48,,,D,,63,14,,,,-,,,,,9
DLLL,20.63,-15.10,2,,,99,,,D,,-77,1182,,,,-,,,,,2637
DLMY,29.84,-0.15,,,,33,,,,,-96,3,,,,-,,,,,
DLN,97.14,0.76,11,,,72,,,D+,,353,643,,1.8,,-,,,,,145
DLNV,32.91,-0.02,1,,,52,,,E,,-47,1,,,,-,,,,,2
DLS,85.11,1.14,2,,,56,,,E,,44,31,,3.6,,-,,,,,22
DLUX,50.26,0.06,,,,31,,,E,,201,1,,3.2,,-,,,,,71
DLY,14.10,0.28,7,,,21,,,B+,,-18,133,,10.1,,2/26/2020,,,,,162
DMA,7.64,0.53,11,,,7,,,D+,,-76,7,-69.22,17.8,3,-,-19.1,,,22.81,29
DMAA,10.65,0.09,25,,,,,,E,,-99,0,,,93,-,,,,56.13,51
DMAR,44.74,0.03,3,,,61,,,E,,-16,10,,,,-,,,,,22
DMAX,27.34,0.07,1,,,45,,,E,,-29,10,,0.9,,-,,,,,13
DMAY,47.07,-0.08,1,,,53,,,D,,-86,6,,,,-,,,,,46
DMB,11.06,-0.36,13,,,50,,,D,,106,93,-6.34,5.4,12,4/26/2013,43.5,,,961.65,47
DMBS,48.87,0.18,4,,,22,,,E,,-21,57,,5.1,,-,,,,,73
DMII,10.09,0.20,39,,,,,,C,,-91,14,,,69,-,,,,7411.71,141
DMO,10.72,-0.37,2,,,14,,,D,,-7,33,-30.75,13.5,58,-,85.3,,,-26.12,37
DMX,50.07,0.12,1,,,24,,,B,,-15,10,,5.9,,-,,,,,12
DMXF,84.15,0.50,6,,,76,,,D+,,-78,19,,1.4,,-,,,,,85
DNL,45.62,-0.39,1,,,77,,,D,,-11,20,,1.3,,-,,,,,23
DNMX,10.01,0.10,28,,,,,,C,,65,28,,,45,-,,,,,17
DNNG,7.64,6.86,,,,9,,,E,,-64,1,,,,-,,,,,3
DNOV,51.34,0.03,2,,,61,,,C-,,-80,2,,,,-,,,,,11
DNP,10.84,0.56,6,,,58,,,E,,47,971,-5.28,7.2,56,1/21/1987,129.8,,,96.75,663
DOCK,27.12,,,,,39,,,,,-100,0,,,,-,,,,,
DOCT,46.66,-0.06,2,,,60,,,A+,,-41,7,,,,-,,,,,12
DOG,21.43,-1.02,8,,,6,,,E,,-18,1683,,3.3,,-,,,,,2049
DOGG,21.83,2.10,,,,48,,,B,,203,90,,8.7,,-,,,,,30
DOJE,6.88,1.98,,,,2,,,E,,-53,17,,,,-,,,,,41
DOL,74.29,1.17,2,,,82,,,E,,-53,7,,2.5,,-,,,,,15
DON,56.75,0.48,6,,,63,,,D,,-26,81,,2.2,,-,,,,,110
DPG,14.67,-0.07,9,,,66,,,C+,,-61,30,-60.81,6.1,75,-,128.8,,,182.57,77
DPRE,26.43,1.46,,,,,,,,,-72,1,,3.5,,-,,,,,2
DPST,142.31,-4.52,3,,,97,,,A-,,36,539,,1.5,,-,,,,,396
DQJN,28.75,-1.15,,,,,,,,,-5,25,,,,-,,,,,
DRAI,33.72,-1.20,,,,83,,,E,,-21,3,,1.7,,-,,,,,4
DRAL,14.57,-15.04,,,,,,,,,118,556,,,,-,,,,,
DRAM,60.63,-7.94,1,,,64,,,,,146,98425,,,,-,,,,,40816
DRAY,16.59,0.46,1,,,11,,,E,,-27,7,,97.9,,-,,,,,10
DRDB,10.55,0.12,41,,,,,,E,,-43,83,,,82,-,,,,-111.26,149
DRES,30.89,0.28,5,,,73,,,D,,-88,1,,0.5,,-,,,,,4
DRGN,35.49,-4.71,,,,73,,,E,,-30,11,,1.1,,-,,,,,15
DRIL,,,,,,,,,,,,0,,,99,-,,,,,
DRIP,5.32,-1.30,5,,,39,,,A-,,-4,33014,,2.9,,-,,,,,34416
DRIV,36.74,-2.85,7,,,95,,,D-,,-50,40,,0.9,,-,,,,,82
DRKY,20.81,0.46,1,,,45,,,D+,,-67,4,,15.1,,-,,,,,12
DRLL,33.76,0.96,,,,54,,,E,,-31,12,,2.6,,-,,,,,17
DRMP,25.95,-10.58,,,,27,,,,,66,65,,1.4,,-,,,,,
DRN,11.01,3.28,5,,,90,,,C+,,-5,992,,1.8,,-,,,,,1051
DRNL,7.64,-2.92,1,,,9,,,E,,-29,7,,,,-,,,,,10
DRNZ,23.09,1.88,2,,,27,,,E,,36,237,,,,-,,,,,177
DRSK,28.72,-0.03,,,,36,,,D,,-14,117,,3.6,,-,,,,,105
DRUP,63.75,0.65,1,,,49,,,A+,,-27,2,,,,-,,,,,2
DRV,18.34,-3.10,3,,,3,,,C,,-58,56,,4.0,,-,,,,,128
DSAC,10.13,,29,,,,,,C,,119,74,,,28,-,,,,,21
DSCO,24.81,0.20,,,,,,,D-,,-79,11,,5.4,,-,,,,,52
DSEP,47.46,0.02,2,,,60,,,D,,-47,5,,,,-,,,,,11
DSI,141.41,-0.49,8,,,84,,,C-,,-47,74,,0.9,,-,,,,,138
DSL,11.01,,10,,,22,,,A,,-6,447,-102.8,12.2,15,4/26/2013,76.7,,,-275.08,476
DSM,6.17,-0.16,17,,,50,,,B,,82,174,-12.73,5.9,80,11/22/1989,-27.4,,,11.72,100
DSMC,40.99,0.90,5,,,76,,,C-,,-17,5,,0.8,,-,,,,,6
DSPY,65.45,-0.13,,,,85,,,C,,-73,0,,0.8,,-,,,,,40
DSTL,62.06,2.14,14,,,58,,,D+,,-21,67,,1.2,,-,,,,,86
DSTX,33.14,1.37,,,,57,,,E,,-88,0,,1.9,,-,,,,,3
DSU,9.71,,13,,,18,,,D,,-51,153,78.59,12.1,35,-,84.2,,,-20.8,316
DTAN,32.12,2.19,,,,55,,,D+,,-33,2,,2.8,,-,,,,,2
DTCR,28.46,-3.49,15,,,96,,,D,,532,9155,,0.8,,-,,,,,1464
DTD,93.90,0.67,7,,,72,,,B+,,-42,11,,1.9,,-,,,,,21
DTEC,49.09,0.45,,,,43,,,B,,-35,4,,,,-,,,,,7
DTF,11.54,0.79,4,,,41,,,C-,,-73,3,-9.42,3.4,13,11/22/1991,90.5,,,63.79,9
DTH,54.75,1.71,2,,,58,,,E,,-32,37,,4.1,,-,,,,,55
DTRE,41.96,0.76,3,,,56,,,E,,-79,0,,2.6,,-,,,,,0
DTSQ,11.35,0.27,10,,,,,,B+,,-26,3,,,86,-,,,,-179.87,3
DUBS,41.48,-0.17,,,,84,,,C,,-44,13,,2.0,,-,,,,,21
DUG,21.31,-1.51,2,,,39,,,A+,,-75,35,,3.7,,-,,,,,139
DUHP,41.59,0.12,7,,,75,,,C+,,5,980,,0.9,,-,,,,,932
DUKH,24.00,-0.02,,,,18,,,C-,,-98,0,,5.6,,-,,,,,13
DUKQ,31.39,-0.58,,,,85,,,B,,816,19,,0.3,,-,,,,,2
DUKX,28.15,0.07,,,,60,,,E,,207,1,,1.9,,-,,,,,0
DUKZ,25.54,-0.08,,,,42,,,A,,-75,6,,3.8,,-,,,,,22
DULL,71.11,-6.23,,,,38,,,A,,129,21,,,,-,,,,,10
DUNK,25.61,-0.31,,,,68,,,C-,,-81,2,,,,-,,,,,12
DUOG,46.23,7.25,2,,,45,,,C,,-81,17,,,,-,,,,,30
DURA,37.56,1.69,2,,,54,,,E,,56,0,,3.2,,-,,,,,2
DUSA,56.87,0.37,1,,,81,,,C,,-5,49,,0.9,,-,,,,,51
DUSB,50.78,,4,,,32,,,E,,-16,454,,4.0,,-,,,,,318
DUSG,52.10,-0.93,,,,38,,,,,23,1,,,,-,,,,,
DUSL,102.39,0.75,4,,,98,,,A,,-9,19,,0.3,,-,,,,,21
DUST,58.25,-9.18,2,,,6,,,A,,14,967,,0.6,,-,,,,,856
DUTY,26.77,1.82,,,,41,,,,,68,5,,,,-,,,,,3
DVAL,15.84,0.54,5,,,64,,,C+,,-96,1,,1.8,,-,,,,,22
DVDN,16.48,-0.37,,,,7,,,C,,4,2,,14.9,,-,,,,,2
DVGR,26.28,0.68,,,,52,,,C,,-55,1,,0.8,,-,,,,,1
DVIN,31.08,0.25,,,,90,,,C,,-94,0,,,,-,,,,,0
DVLU,39.41,-0.26,1,,,88,,,D,,-56,2,,0.7,,-,,,,,6
DVND,38.53,0.41,,,,69,,,B-,,-70,1,,1.8,,-,,,,,6
DVOL,36.90,1.10,1,,,55,,,E,,-35,6,,0.8,,-,,,,,9
DVQQ,31.20,,,,,91,,,B,,-99,0,,,,-,,,,,2
DVRE,24.81,1.30,,,,14,,,C,,-94,0,,0.9,,-,,,,,0
DVSP,28.80,-0.09,,,,78,,,A-,,-95,0,,0.3,,-,,,,,1
DVUT,27.68,3.31,,,,50,,,E,,-97,0,,,,-,,,,,0
DVVY,26.85,,,,,53,,,D+,,-99,0,,1.8,,-,,,,,0
DVXB,28.34,,,,,66,,,E,,-97,0,,,,-,,,,,0
DVXC,23.83,-0.10,,,,46,,,E,,-98,0,,,,-,,,,,0
DVXE,34.80,1.11,,,,60,,,E,,-82,0,,,,-,,,,,1
DVXF,26.90,2.80,,,,71,,,D,,42,1,,,,-,,,,,0
DVXK,36.53,,,,,96,,,C,,-100,0,,,,-,,,,,7
DVXP,25.77,2.47,,,,59,,,D+,,-20,2,,0.2,,-,,,,,1
DVXV,32.99,,,,,85,,,C,,-97,0,,,,-,,,,,0
DVXY,22.97,-0.81,,,,7,,,E,,-52,0,,,,-,,,,,0
DVY,159.08,1.32,23,,,67,,,D+,,13,441,,3.3,,-,,,,,422
DVYA,47.61,0.58,2,,,56,,,E,,-60,2,,4.7,,-,,,,,5
DVYE,32.16,0.75,8,,,38,,,E,,-34,128,,5.1,,-,,,,,196
DWAS,120.49,-3.38,4,,,95,,,B+,,46,20,,,,-,,,,,14
DWAW,50.26,,,,,88,,,C+,,-96,0,,0.7,,-,,,,,3
DWLD,46.85,0.08,2,,,51,,,D,,68,29,,0.9,,-,,,,,18
DWM,74.11,1.37,2,,,66,,,E,,-48,5,,2.8,,-,,,,,12
DWMF,33.74,0.06,1,,,46,,,E,,1,3,,3.1,,-,,,,,2
DWSH,6.02,-1.71,,,,6,,,E,,-12,39,,6.5,,-,,,,,45
DWUS,60.14,-2.57,,,,84,,,D-,,-77,1,,,,-,,,,,2
DWWN,25.91,-0.05,,,,,,,,,-96,0,,5.6,,-,,,,,
DWX,46.26,1.64,7,,,52,,,E,,-31,10,,4.3,,-,,,,,15
DXD,16.84,-2.09,2,,,3,,,D,,-34,1309,,4.0,,-,,,,,1983
DXIV,70.96,0.99,1,,,72,,,D,,103,31,,2.4,,-,,,,,16
DXJ,174.73,-0.57,45,,,89,,,E,,-39,197,,1.0,,-,,,,,345
DXUV,66.83,0.04,,,,81,,,B,,187,117,,1.0,,-,,,,,41
DXYZ,24.84,0.04,9,,,6,,,D,,-75,1237,-13.6,,70,-,,,,136.78,5032
DYFI,22.79,0.18,,,,15,,,C-,,5,5,,4.6,,-,,,,,5
DYLD,22.42,0.07,1,,,20,,,E,,-51,0,,4.3,,-,,,,,3
DYLG,28.09,0.62,,,,54,,,A+,,-6,3,,4.3,,-,,,,,3
DYNB,39.30,0.11,1,,,22,,,C,,738,30,,3.5,,-,,,,,5
DYNC,10.80,0.28,24,,,,,,E,,-93,10,,,87,-,,,,264.68,110
DYNF,67.13,-0.55,47,,,85,,,D+,,-21,2039,,0.8,,-,,,,,2662
DYOR,10.05,0.10,25,,,,,,E,,-98,0,,,15,-,,,,,12
DYTA,31.36,-0.51,2,,,70,,,B,,-16,8,,1.5,,-,,,,,9
DZZ,2.06,-2.32,,,,35,,,D-,,-97,1,,,,-,,,,,16
EAD,6.51,0.46,17,,,20,,,C-,,34,267,36.68,10.0,52,-,92.1,,,35.73,202
EAFG,25.79,-0.51,2,,,76,,,E,,108,1,,2.1,,-,,,,,1
EAGG,47.20,0.04,17,,,15,,,E,,-3,401,,4.0,,-,,,,,428
EAGL,32.96,1.14,1,,,57,,,D,,-13,297,,0.6,,-,,,,,346
EALT,35.70,-0.25,,,,48,,,C-,,182,65,,,,-,,,,,23
EAOA,44.85,-0.05,1,,,73,,,E,,8,0,,2.0,,-,,,,,2
EAOK,28.16,0.03,,,,46,,,C-,,211,5,,3.2,,-,,,,,1
EAOM,31.11,,1,,,50,,,B-,,-97,0,,2.8,,-,,,,,1
EAOR,37.46,,1,,,61,,,D,,-90,0,,2.4,,-,,,,,2
EAPR,32.32,-0.56,,,,64,,,C,,-67,6,,,,-,,,,,17
EART,28.79,0.19,1,,,63,,,D,,-63,7,,0.6,,-,,,,,18
EASG,38.42,1.07,2,,,72,,,D,,-72,0,,3.9,,-,,,,,3
EASY,27.39,2.17,,,,47,,,D,,-1,11,,1.1,,-,,,,,11
EBI,64.62,0.07,1,,,84,,,C-,,-65,2,,0.9,,-,,,,,5
EBIT,39.71,-0.51,1,,,85,,,A-,,18,0,,0.7,,-,,,,,1
EBIZ,28.38,0.65,,,,26,,,B+,,-63,1,,0.6,,-,,,,,3
EBND,20.88,0.63,30,,,22,,,E,,186,858,,5.9,,-,,,,,302
EBUF,31.14,-0.81,1,,,65,,,E,,5,14,,,,-,,,,,14
ECAT,15.80,0.38,7,,,47,,,A+,,-35,327,,21.6,,9/28/2021,,,,,509
ECC,3.86,1.05,11,,,15,,,C,,0,1027,-18.93,19.5,91,10/8/2014,-99.1,-22.89,-27.2,-20,1025
ECF,12.70,-2.23,9,,,78,,,D,,68,52,81.03,5.9,91,6/20/1986,326.8,,,-92.29,32
ECH,39.13,-0.66,50,,,52,,,E,,55,726,,2.0,,-,,,,,491
ECHX,10.94,1.55,,,,6,,,E,,-80,119,,,,-,,,,,610
ECML,39.14,1.06,,,,79,,,D,,-94,1,,1.2,,-,,,,,10
ECNS,28.36,-0.53,2,,,5,,,E,,-65,6,,6.8,,-,,,,,18
ECON,34.60,-1.70,6,,,95,,,D,,-69,6,,1.4,,-,,,,,21
ECOW,26.64,0.90,1,,,55,,,D,,-69,19,,4.6,,-,,,,,62
EDC,78.37,-3.93,4,,,98,,,E,,7,122,,1.4,,-,,,,,120
EDD,5.82,0.69,8,,,64,,,B-,,24,428,243.13,16.2,88,-,159.6,,,38,353
EDEN,114.67,3.01,16,,,52,,,C,,-72,2,,3.2,,-,,,,,8
EDF,5.53,-1.60,3,,,75,,,B+,,15,179,23.42,13.1,75,-,102.4,,,44.19,158
EDGE,49.67,-0.15,,,,85,,,D-,,-84,0,,,,-,,,,,2
EDGF,24.66,0.16,1,,,18,,,D-,,-48,71,,3.2,,-,,,,,136
EDGH,32.13,0.71,,,,45,,,E,,-34,27,,1.1,,-,,,,,41
EDGI,31.01,0.72,,,,74,,,C-,,-56,14,,1.4,,-,,,,,32
EDGQ,27.75,-1.63,,,,64,,,E,,81,20,,4.5,,-,,,,,11
EDGU,31.49,-0.89,,,,80,,,C,,-37,23,,0.7,,-,,,,,36
EDGX,26.59,-0.02,,,,54,,,E,,90,11,,3.0,,-,,,,,6
EDIV,41.20,1.03,9,,,52,,,E,,-1,126,,4.3,,-,,,,,134
EDOG,23.62,0.49,,,,24,,,E,,791,16,,5.0,,-,,,,,3
EDOW,44.97,1.50,1,,,74,,,B-,,55,22,,1.3,,-,,,,,15
EDV,63.49,0.05,23,,,8,,,C+,,-5,948,,4.9,,-,,,,,1026
EDZ,16.22,2.98,5,,,1,,,A,,-34,214,,7.6,,-,,,,,327
EEA,11.05,0.94,6,,,58,,,C,,75,78,1280.34,1.7,92,7/18/1986,192.4,,,182.46,45
EEE,20.02,,,,,39,,,E,,-95,0,,0.2,,-,,,,,0
EELV,27.79,0.67,16,,,41,,,E,,190,130,,3.9,,-,,,,,45
EEM,65.70,-1.17,172,,,93,,,E,,17,34260,,1.7,,-,,,,,29445
EEMA,113.38,-1.06,29,,,94,,,E,,-66,66,,0.8,,-,,,,,201
EEMO,22.34,-3.42,1,,,96,,,E,,682,146,,1.6,,-,,,,,19
EEMS,74.86,0.39,18,,,71,,,E,,-62,17,,2.9,,-,,,,,74
EEMV,73.56,-0.76,39,,,83,,,D-,,-21,203,,2.2,,-,,,,,256
EEMX,51.80,-1.59,1,,,94,,,E,,-65,2,,1.8,,-,,,,,6
EES,67.47,-1.01,5,,,90,,,C,,-20,13,,1.1,,-,,,,,15
EET,107.21,-3.30,,,,98,,,E,,-59,6,,1.4,,-,,,,,13
EETH,20.72,5.23,1,,,2,,,D,,19,39,,102.3,,-,,,,,34
EEV,11.48,2.82,,,,2,,,A-,,-65,24,,7.8,,-,,,,,67
EFA,104.37,1.31,138,,,71,,,E,,-18,12686,,3.3,,-,,,,,14536
EFAA,55.96,1.18,1,,,55,,,B,,-40,50,,8.2,,-,,,,,83
EFAD,43.29,1.56,,,,49,,,A+,,101,7,,2.7,,-,,,,,3
EFAS,21.57,1.58,,,,65,,,E,,129,37,,4.8,,-,,,,,17
EFAV,89.02,2.06,46,,,37,,,E,,-10,461,,3.3,,-,,,,,505
EFAX,54.42,1.32,3,,,71,,,E,,-59,10,,3.2,,-,,,,,25
EFFE,26.94,-0.15,,,,87,,,E,,-54,0,,2.6,,-,,,,,0
EFFI,25.74,,,,,66,,,B-,,-91,0,,4.2,,-,,,,,0
EFG,123.63,0.70,24,,,70,,,C-,,-24,684,,2.3,,-,,,,,921
EFIV,72.34,-0.26,9,,,84,,,B+,,-21,27,,1.0,,-,,,,,35
EFNL,52.27,-0.40,2,,,78,,,E,,239,64,,1.0,,-,,,,,67
EFO,73.77,2.70,1,,,92,,,E,,61,12,,1.6,,-,,,,,7
EFR,10.56,,15,,,17,,,A,,-57,54,,8.7,,-,,,,,129
EFRA,35.86,0.88,,,,54,,,E,,526,4,,1.6,,-,,,,,1
EFT,10.78,,16,,,18,,,D,,-49,48,-39.35,8.9,24,-,44.2,,,-47.21,93
EFU,7.25,-2.77,,,,4,,,A-,,-65,4,,5.9,,-,,,,,9
EFV,77.85,1.90,55,,,71,,,D-,,65,7679,,4.8,,-,,,,,4726
EFZ,22.92,-1.29,2,,,6,,,D-,,-99,12,,1.8,,-,,,,,27
EGGQ,56.60,-6.42,,,,92,,,E,,99,13,,6.0,,-,,,,,6
EGGS,39.80,-4.37,,,,44,,,B,,82,24,,16.2,,-,,,,,13
EGGY,38.10,-6.16,,,,53,,,C+,,152,165,,27.3,,-,,,,,66
EGHA,10.32,0.10,34,,,,,,E,,3,42,,,39,-,,,,2219.66,41
EGLE,30.74,0.27,,,,65,,,C,,1042,0,,0.5,,-,,,,,0
EGUS,57.54,-0.81,1,,,86,,,B,,-42,2,,0.2,,-,,,,,3
EHCC,18.82,2.68,,,,17,,,,,46,1,,10.5,,-,,,,,1
EHI,5.98,0.17,10,,,15,,,B-,,-34,61,-1.35,14.2,49,-,51.8,,,33.07,94
EHLS,26.46,,,,,73,,,E,,-97,0,,,,-,,,,,3
EHY,7.15,4.69,,,,4,,,E,,-56,4,,91.8,,-,,,,,10
EIC,10.21,0.69,8,,,28,,,C,,-40,65,-18.05,13.2,2,7/24/2019,-2.3,,,-128.94,109
EIDO,11.45,1.51,25,,,3,,,E,,37,2188,,3.4,,-,,,,,1617
EIM,9.97,,15,,,45,,,A,,-21,96,6.46,6.2,8,-,-115.3,,,123.02,123
EINC,117.96,0.40,3,,,60,,,E,,-60,6,,2.7,,-,,,,,14
EIPI,21.91,1.44,2,,,46,,,D,,-26,66,,6.8,,-,,,,,91
EIPX,31.34,1.23,1,,,58,,,E,,-75,8,,2.8,,-,,,,,33
EIRL,79.51,1.30,3,,,85,,,C,,19,21,,2.4,,-,,,,,16
EIS,120.48,-0.10,16,,,76,,,E,,166,235,,1.6,,-,,,,,89
EJAN,35.60,-0.28,,,,57,,,E,,-43,9,,,,-,,,,,15
EJUL,30.38,-1.21,2,,,48,,,E,,1884,701,,,,-,,,,,39
EKG,19.85,1.39,1,,,79,,,B-,,671,7,,,,-,,,,,1
ELCV,32.05,-0.41,,,,85,,,D+,,-11,56,,2.1,,-,,,,,65
ELD,28.79,0.53,3,,,35,,,E,,-81,9,,5.9,,-,,,,,54
ELFY,42.98,-1.59,2,,,86,,,E,,-1,49,,1.0,,-,,,,,48
ELIL,31.59,2.66,,,,97,,,C,,-12,112,,1.3,,-,,,,,128
ELM,29.17,-0.00,,,,62,,,E,,-11,18,,2.1,,-,,,,,21
EMB,96.20,0.19,221,,,41,,,D-,,12,7173,,5.0,,-,,,,,6549
EMBD,23.86,-0.00,2,,,36,,,B+,,-15,15,,5.7,,-,,,,,18
EMBX,51.19,0.41,2,,,38,,,E,,-78,10,,5.5,,-,,,,,45
EMC,36.41,-0.98,,,,91,,,E,,55,10,,0.6,,-,,,,,7
EMCB,66.17,0.06,1,,,29,,,C,,-25,4,,5.6,,-,,,,,6
EMCR,42.96,-1.66,,,,91,,,E,,-51,1,,1.5,,-,,,,,3
EMCS,44.40,-2.12,1,,,95,,,A,,31,3,,1.5,,-,,,,,2
EMD,10.78,0.75,9,,,52,,,C-,,-52,90,107.82,10.6,77,-,165.2,,,48.2,189
EMDM,41.36,-1.19,,,,96,,,E,,298,40,,2.8,,-,,,,,11
EMDV,45.22,0.63,,,,17,,,D,,-34,0,,2.0,,-,,,,,0
EMEM,25.64,-1.27,,,,35,,,,,-90,8,,,,-,,,,,
EMEQ,67.35,-3.25,2,,,99,,,E,,-3,182,,1.5,,-,,,,,189
EMES,27.64,-1.73,,,,94,,,E,,175,7,,0.4,,-,,,,,0
EMET,39.69,0.12,,,,73,,,E,,-49,6,,1.7,,-,,,,,11
EMF,22.31,-1.85,6,,,97,,,E,,-47,21,395.34,4.3,99,2/26/1987,416.9,,,1056.12,40
EMFI,50.75,0.30,,,,34,,,,,-97,0,,5.4,,-,,,,,
EMGF,70.40,-1.18,15,,,93,,,E,,-17,119,,2.0,,-,,,,,146
EMHC,25.31,0.13,4,,,39,,,C,,-32,29,,6.1,,-,,,,,43
EMHY,40.55,0.25,13,,,44,,,D,,147,208,,6.4,,-,,,,,85
EMI,,,,,,,,,,,,0,,,15,-,-35.9,,,,0
EMIF,26.22,0.24,,,,27,,,E,,-74,1,,2.1,,-,,,,,3
EMIS,10.18,0.69,23,,,,,,E,,629,5,,,19,-,,,,,3
EMJL,24.92,-0.11,,,,,,,,,,40,,,,-,,,,,
EMJN,22.88,-1.77,,,,25,,,,,1726,0,,,,-,,,,,
EMKT,30.74,-1.99,1,,,83,,,D-,,-13,22,,0.4,,-,,,,,22
EMLC,25.46,0.43,100,,,33,,,E,,10,2915,,6.2,,-,,,,,2719
EMLP,43.70,1.32,8,,,56,,,E,,-27,200,,2.8,,-,,,,,284
EMM,43.50,-1.08,,,,96,,,E,,-28,8,,0.7,,-,,,,,11
EMMF,37.50,-0.80,,,,89,,,D-,,-42,9,,2.0,,-,,,,,15
EMMY,24.23,-0.71,,,,24,,,,,645,41,,,,-,,,,,
EMNT,98.69,0.08,1,,,29,,,C,,-63,3,,3.9,,-,,,,,8
EMO,49.28,-0.16,7,,,42,,,D,,-25,40,3.14,8.7,47,6/10/2011,-84.8,,,-85.01,54
EMOP,50.41,-1.36,2,,,93,,,E,,-71,31,,0.2,,-,,,,,109
EMOT,26.74,0.32,2,,,79,,,B,,-86,0,,1.1,,-,,,,,1
EMPB,32.68,-0.95,,,,77,,,A-,,43,9,,0.8,,-,,,,,7
EMQQ,31.94,0.19,4,,,8,,,D,,-9,50,,4.1,,-,,,,,56
EMSC,25.62,-0.21,,,,32,,,,,-95,3,,,,-,,,,,
EMSF,40.46,-2.26,1,,,97,,,E,,-22,4,,4.7,,-,,,,,5
EMTL,42.59,0.13,,,,16,,,E,,42,30,,4.9,,-,,,,,21
EMTY,23.72,-0.65,,,,13,,,A,,-99,0,,3.3,,-,,,,,3
EMXC,96.98,-1.57,87,,,97,,,D-,,59,4639,,1.2,,-,,,,,2754
EMXF,56.40,-1.12,,,,93,,,D,,81,13,,1.5,,-,,,,,7
EMXX,23.00,-0.83,,,,27,,,,,87,0,,,,-,,,,,
ENDW,33.51,0.53,1,,,64,,,E,,-48,5,,2.5,,-,,,,,10
ENFR,38.01,0.72,2,,,58,,,D,,-45,39,,4.0,,-,,,,,71
ENHI,26.57,1.08,,,,55,,,C-,,-21,1,,2.4,,-,,,,,0
ENHU,27.76,,1,,,70,,,E,,-99,0,,0.5,,-,,,,,1
ENOR,32.00,2.17,8,,,45,,,E,,57,89,,5.9,,-,,,,,82
ENTL,8.94,-23.30,,,,,,,,,21,8,,,,-,,,,,
ENZL,44.94,0.47,7,,,30,,,E,,127,85,,1.6,,-,,,,,41
EO,18.22,-12.93,,,,,,,,,-98,0,,,,-,,,,,
EOCT,33.85,-0.41,,,,66,,,B,,-46,6,,,,-,,,,,11
EOD,6.46,-2.12,2,,,82,,,E,,46,141,60.6,8.4,89,-,168.7,,,133.23,100
EOI,19.75,-0.25,4,,,29,,,C-,,-26,58,-5.46,8.4,61,-,128.5,,,-4.87,79
EOS,22.05,-0.23,8,,,34,,,C,,-18,102,-45.03,8.5,66,-,131.3,,,12.09,125
EOSU,17.67,-11.69,3,,,,,,D+,,-75,135,,,,-,,,,,97
EOT,17.61,-0.56,3,,,53,,,A-,,-34,24,27.48,4.6,22,5/25/2009,79.2,,,168.77,35
EPAI,28.38,,,,,88,,,C,,-84,0,,,,-,,,,,1
EPEM,28.70,,,,,92,,,D,,-99,0,,3.0,,-,,,,,0
EPHE,24.48,1.37,31,,,15,,,E,,-43,70,,2.8,,-,,,,,123
EPI,42.92,0.99,26,,,27,,,D-,,-60,222,,,,-,,,,,551
EPIN,28.31,0.20,,,,95,,,D-,,-40,0,,0.6,,-,,,,,1
EPMB,26.33,-0.74,,,,85,,,D,,-88,0,,0.4,,-,,,,,0
EPMV,26.81,-0.68,,,,84,,,C,,-96,0,,0.5,,-,,,,,0
EPOL,39.44,1.94,30,,,84,,,E,,247,1348,,3.8,,-,,,,,427
EPP,53.39,0.96,66,,,47,,,E,,15,425,,3.5,,-,,,,,374
EPRF,16.61,0.04,,,,9,,,E,,-47,6,,6.2,,-,,,,,11
EPS,77.72,-0.12,9,,,81,,,D,,-61,21,,1.2,,-,,,,,54
EPSB,27.39,-0.48,,,,88,,,D+,,-88,0,,0.3,,-,,,,,1
EPSV,30.71,-1.56,,,,95,,,E,,70,0,,0.4,,-,,,,,1
EPU,84.13,1.66,18,,,86,,,E,,-65,27,,2.0,,-,,,,,82
EPV,17.86,-3.81,3,,,3,,,D+,,-33,24,,4.6,,-,,,,,37
EQAL,59.49,0.43,1,,,75,,,D,,-15,30,,1.7,,-,,,,,36
EQIN,52.32,1.15,,,,66,,,D-,,-27,12,,1.9,,-,,,,,16
EQL,50.92,0.81,1,,,66,,,C,,-44,29,,1.4,,-,,,,,48
EQLT,37.62,-0.70,1,,,94,,,B+,,-88,1,,1.6,,-,,,,,4
EQRR,79.06,-1.80,,,,89,,,E,,10,49,,1.1,,-,,,,,45
EQTY,28.44,0.81,,,,69,,,B,,-77,9,,,,-,,,,,38
EQWL,130.55,0.97,2,,,80,,,B,,2,86,,1.6,,-,,,,,85
ERC,9.16,-0.33,3,,,24,,,A+,,-34,49,12.44,9.5,55,-,102.9,,,-2,75
ERET,29.22,1.33,,,,63,,,D,,-92,0,,3.3,,-,,,,,4
ERH,12.14,1.00,6,,,40,,,C,,-46,13,134.58,8.4,86,-,249.8,,,109.6,24
ERTH,46.81,-0.46,2,,,34,,,E,,46,5,,1.9,,-,,,,,3
ERX,76.42,1.53,6,,,60,,,E,,-59,150,,1.8,,-,,,,,364
ERY,13.04,-1.44,4,,,39,,,A,,-31,1486,,2.9,,-,,,,,2145
ESBG,20.86,1.43,,,,32,,,D-,,28,3,,1.5,,-,,,,,1
ESG,175.33,0.23,1,,,84,,,D,,-59,0,,0.9,,-,,,,,1
ESGD,103.31,1.23,26,,,71,,,E,,-20,244,,1.6,,-,,,,,307
ESGE,52.46,-1.24,39,,,92,,,E,,-54,535,,1.4,,-,,,,,1160
ESGG,231.02,0.20,1,,,88,,,B,,-60,1,,1.3,,-,,,,,1
ESGU,163.40,-0.12,35,,,83,,,C-,,-36,290,,1.0,,-,,,,,461
ESGV,131.90,-0.30,8,,,83,,,C,,-33,126,,0.9,,-,,,,,222
ESIM,29.35,-0.36,1,,,,,,E,,-16,6,,0.4,,-,,,,,7
ESLG,28.20,-0.77,,,,76,,,D-,,-34,3,,0.4,,-,,,,,4
ESLV,28.71,0.62,,,,63,,,D,,-35,2,,1.0,,-,,,,,4
ESML,54.87,-0.94,28,,,92,,,A,,-71,67,,0.9,,-,,,,,230
ESMV,30.78,,2,,,60,,,C,,-89,0,,1.5,,-,,,,,0
ESN,20.07,0.75,,,,88,,,D+,,-40,48,,0.8,,-,,,,,81
ESPO,91.93,0.71,14,,,17,,,A,,69,29,,1.5,,-,,,,,18
ESSC,31.23,-1.08,,,,82,,,E,,-62,4,,0.3,,-,,,,,11
ESUM,30.30,-0.55,,,,81,,,B,,-10,29,,0.8,,-,,,,,32
ETB,15.52,-0.06,6,,,54,,,B,,-40,29,8.61,8.4,65,-,162.9,,,48.92,51
ETCO,8.16,1.81,,,,1,,,E,,17,7,,151.9,,-,,,,,7
ETEC,29.13,,,,,86,,,C-,,-89,0,,0.4,,-,,,,,1
ETFT,9.87,0.80,,,,44,,,D,,-77,5,,,,-,,,,,18
ETG,23.46,-0.04,7,,,74,,,B,,-48,74,31.72,6.8,94,-,227.0,,,22215.07,144
ETH,16.18,5.27,16,,,3,,,D,,-26,2134,,,,-,,,,,2872
ETHA,12.86,5.50,41,,,3,,,D,,49,40682,,,,-,,,,,27679
ETHB,21.87,5.14,3,,,,,,D,,43,573,,0.9,,-,,,,,408
ETHD,77.58,-10.62,3,,,73,,,B,,13,424,,88.6,,-,,,,,390
ETHE,13.75,5.28,15,,,3,,,D,,28,3080,,3.1,,-,,,,,2434
ETHO,79.54,-1.33,2,,,94,,,A,,1,5,,1.0,,-,,,,,5
ETHT,8.64,10.20,2,,,1,,,D,,39,2681,,23.9,,-,,,,,1930
ETHU,13.21,10.45,2,,,1,,,D,,39,7407,,6.8,,-,,,,,5473
ETHV,24.82,5.17,1,,,3,,,D,,24,73,,,,-,,,,,60
ETHW,12.17,5.19,6,,,3,,,D,,-5,726,,,,-,,,,,767
ETJ,8.37,-0.12,9,,,23,,,D,,-42,77,-67.1,9.6,46,-,150.3,,,-36.16,133
ETNG,12.80,-6.98,,,,24,,,,,-28,10,,,,-,,,,,
ETO,30.80,0.23,6,,,76,,,D+,,-22,30,4.5,6.9,94,-,202.9,,,1622.72,40
ETSS,9.92,0.20,,,,,,,,,157,22,,,98,-,,,,,
ETTY,7.74,3.98,,,,5,,,E,,-24,6,,65.4,,-,,,,,8
ETU,3.50,10.76,,,,1,,,D,,11,135,,,,-,,,,,126
ETV,15.02,0.60,7,,,62,,,A-,,71,286,-20.12,8.2,65,-,157.9,,,36.24,170
ETW,9.54,-0.42,10,,,61,,,A-,,-22,198,-26.7,8.6,82,-,248.4,,,195.49,256
ETX,18.64,-0.05,,,,28,,,D-,,6,11,-4.85,5.0,23,3/26/2013,95.3,,,62.08,11
ETY,14.58,,6,,,31,,,C,,-39,162,-15.33,8.4,84,-,148.9,,,266.36,268
EUAD,44.35,3.52,17,,,53,,,D+,,-35,282,,0.4,,-,,,,,438
EUDG,39.59,2.42,,,,68,,,D,,26,4,,2.4,,-,,,,,4
EUDV,53.61,,1,,,41,,,D,,-95,0,,2.1,,-,,,,,1
EUFN,39.86,2.02,34,,,86,,,D,,-23,1013,,4.3,,-,,,,,1162
EUHY,53.65,0.09,2,,,29,,,B,,-48,17,,3.3,,-,,,,,33
EUIG,50.33,,,,,36,,,E,,-99,0,,3.1,,-,,,,,0
EUM,16.13,1.32,,,,4,,,A+,,196,282,,3.9,,-,,,,,96
EUO,30.63,-0.97,1,,,54,,,A+,,3,18,,,,-,,,,,19
EURK,11.41,-0.35,13,,,,,,A,,-82,4,,,83,-,,,,-41.99,13
EURL,47.38,5.31,,,,95,,,D-,,-16,25,,1.7,,-,,,,,30
EUSA,115.14,0.54,3,,,77,,,C,,1139,483,,1.5,,-,,,,,40
EUSB,43.29,-0.00,6,,,17,,,D-,,-4,44,,3.9,,-,,,,,63
EUV,26.25,-10.90,,,,27,,,,,52,2316,,,,-,,,,,
EUVX,19.72,-17.15,,,,23,,,,,342,108,,,,-,,,,,
EVAC,10.17,-0.10,36,,,,,,C,,-71,36,,,30,-,,,,459159.3,126
EVF,4.98,-0.20,8,,,14,,,A,,-47,37,-39.97,8.9,23,10/28/1998,67.9,,,-61.56,73
EVG,10.79,0.28,3,,,25,,,A+,,-19,27,-11.2,8.4,50,-,116.2,,,-4.49,34
EVHY,52.38,0.17,1,,,22,,,E,,44,2,,7.1,,-,,,,,6
EVIM,53.36,0.15,,,,40,,,A,,64,48,,3.5,,-,,,,,30
EVLN,48.60,0.11,14,,,14,,,B-,,-55,35,,6.8,,-,,,,,67
EVLU,39.99,-0.45,1,,,95,,,D,,210,10,,3.8,,-,,,,,3
EVMO,50.06,0.24,4,,,17,,,E,,266,206,,4.9,,-,,,,,57
EVMT,17.41,-0.09,,,,42,,,D-,,-6,4,,11.4,,-,,,,,4
EVMU,15.75,10.55,,,,20,,,,,5,8,,1.3,,-,,,,,
EVN,11.18,-0.27,3,,,55,,,A+,,-35,55,-32.81,5.5,0,1/27/1999,2.3,,,6.39,83
EVNT,12.18,,,,,50,,,D-,,43,0,,0.4,,-,,,,,4
EVOX,10.05,,30,,,,,,E,,-14,22,,,38,-,,,,,22
EVPF,50.24,0.06,2,,,36,,,E,,-75,2,,4.7,,-,,,,,7
EVSB,50.80,0.08,6,,,24,,,A-,,-53,22,,4.6,,-,,,,,47
EVSD,50.89,0.11,13,,,18,,,E,,-48,76,,4.6,,-,,,,,147
EVSM,50.32,,2,,,31,,,C+,,-27,74,,3.0,,-,,,,,103
EVT,27.74,-0.18,4,,,80,,,B+,,3,106,1.99,7.3,90,-,101.5,,,343.1,104
EVTR,50.72,0.12,14,,,17,,,E,,5,520,,4.6,,-,,,,,512
EVUS,35.57,0.68,2,,,78,,,A,,-6,25,,1.5,,-,,,,,27
EVV,9.40,0.43,21,,,19,,,B,,-19,294,17.59,9.1,30,-,71.1,,,-85.51,364
EVX,41.27,0.55,2,,,57,,,A,,-14,7,,0.2,,-,,,,,9
EVYM,51.06,0.06,,,,44,,,C,,74,9,,4.8,,-,,,,,5
EWA,28.09,1.41,52,,,48,,,E,,2,3355,,3.0,,-,,,,,2341
EWC,57.77,0.17,125,,,69,,,E,,-15,2036,,1.3,,-,,,,,2035
EWD,50.48,1.65,19,,,53,,,D-,,145,340,,3.7,,-,,,,,148
EWG,42.31,2.67,42,,,48,,,D,,35,1732,,2.0,,-,,,,,1323
EWH,20.93,-0.62,36,,,14,,,E,,4,3056,,4.9,,-,,,,,2917
EWI,60.63,2.54,43,,,87,,,C+,,93,1461,,3.2,,-,,,,,397
EWJ,93.14,0.10,187,,,84,,,E,,16,7935,,3.7,,-,,,,,6014
EWJV,45.15,1.53,8,,,78,,,E,,-67,50,,1.5,,-,,,,,161
EWK,27.25,1.98,4,,,86,,,E,,143,113,,1.8,,-,,,,,60
EWL,63.98,2.37,31,,,71,,,B-,,25,548,,1.7,,-,,,,,468
EWM,26.97,1.16,38,,,30,,,E,,-44,157,,3.7,,-,,,,,273
EWN,67.56,-1.08,28,,,91,,,D,,43,217,,4.2,,-,,,,,197
EWO,42.64,2.08,7,,,95,,,E,,157,66,,2.0,,-,,,,,26
EWP,59.66,1.17,68,,,86,,,D,,610,2322,,2.8,,-,,,,,335
EWQ,45.92,2.14,28,,,53,,,D-,,-13,289,,2.9,,-,,,,,361
EWS,30.16,1.55,38,,,63,,,A-,,-31,568,,4.0,,-,,,,,852
EWT,104.86,-0.79,95,,,98,,,C-,,-5,5818,,1.0,,-,,,,,6278
EWU,47.16,2.66,57,,,65,,,D,,49,1993,,3.3,,-,,,,,1364
EWUS,42.79,1.23,,,,57,,,C,,-28,4,,3.3,,-,,,,,5
EWV,17.85,-0.37,1,,,3,,,B+,,-67,9,,5.0,,-,,,,,28
EWW,75.50,0.31,79,,,63,,,E,,-39,807,,3.3,,-,,,,,1348
EWX,73.33,-0.08,9,,,74,,,E,,4,23,,2.5,,-,,,,,22
EWY,180.14,-2.89,210,,,99,,,E,,59,31713,,1.0,,-,,,,,19414
EWZ,34.43,0.73,160,,,48,,,E,,-25,19431,,4.2,,-,,,,,25688
EWZS,12.98,0.70,4,,,12,,,E,,-86,53,,3.8,,-,,,,,447
EXEQ,27.40,0.70,,,,49,,,C-,,-96,0,,0.2,,-,,,,,0
EXG,9.79,0.62,17,,,71,,,B,,-36,295,-11.87,8.3,90,-,153.0,,,1281.25,460
EXI,200.42,0.71,11,,,83,,,D-,,-30,37,,1.1,,-,,,,,71
EXUS,28.27,-0.18,9,,,76,,,C,,-87,3,,,,-,,,,,23
EYEG,35.22,,1,,,15,,,B-,,-77,0,,4.9,,-,,,,,0
EYES,26.97,0.81,,,,42,,,,,-96,0,,,,-,,,,,
EYLD,45.60,1.56,9,,,86,,,E,,8,128,,5.1,,-,,,,,130
EZA,64.00,2.02,55,,,33,,,E,,-23,167,,8.0,,-,,,,,231
EZBC,35.52,2.51,2,,,4,,,D,,-60,79,,,,-,,,,,197
EZET,12.89,5.31,2,,,3,,,D,,-64,22,,,,-,,,,,57
EZJ,64.50,-0.13,,,,95,,,E,,24,5,,0.7,,-,,,,,4
EZM,75.00,-0.29,6,,,78,,,C-,,37,24,,1.2,,-,,,,,18
EZMO,26.01,-1.13,,,,19,,,E,,34,8,,,,-,,,,,6
EZPZ,15.35,3.02,,,,4,,,E,,-22,11,,,,-,,,,,14
EZRO,24.58,-2.31,,,,14,,,E,,-52,6,,,,-,,,,,12
EZU,69.22,1.27,79,,,76,,,D-,,-18,1204,,2.7,,-,,,,,1316
FAAA,50.19,0.06,1,,,32,,,E,,-5,25,,4.0,,-,,,,,36
FAAR,31.43,0.14,3,,,43,,,D-,,-12,47,,9.7,,-,,,,,54
FAB,102.63,0.75,1,,,78,,,A,,275,6,,1.6,,-,,,,,2
FACT,10.63,,33,,,,,,C,,-100,0,,,43,-,,,,-27.65,97
FAD,191.62,-2.07,,,,92,,,B,,-37,8,,0.1,,-,,,,,14
FAI,51.56,-2.41,,,,97,,,B+,,53,87,,,,-,,,,,62
FALN,27.17,0.18,16,,,34,,,C+,,7,1132,,6.4,,-,,,,,1083
FAN,24.84,,8,,,77,,,E,,-66,35,,1.0,,-,,,,,104
FAPR,46.67,-0.02,1,,,53,,,E,,-84,14,,,,-,,,,,88
FARX,28.69,,,,,50,,,E,,-88,0,,2.9,,-,,,,,2
FAS,163.85,4.34,7,,,46,,,A+,,12,714,,1.3,,-,,,,,640
FAUG,56.49,0.01,2,,,66,,,E,,-69,10,,,,-,,,,,32
FAX,14.56,-0.21,14,,,14,,,B,,-44,102,15.75,13.8,28,4/17/1986,414.5,,,-30.25,185
FAZ,35.20,-4.30,4,,,5,,,E,,-13,448,,3.0,,-,,,,,517
FB,44.37,-0.03,,,,53,,,C,,-51,1,,2.0,,-,,,,,2
FBCG,61.09,-1.24,22,,,89,,,C,,12,744,,,,-,,,,,684
FBCV,40.44,0.94,1,,,85,,,D+,,-31,7,,1.3,,-,,,,,11
FBDC,17.02,-0.02,1,,,13,,,D,,-51,6,,11.4,,-,,,,,12
FBL,22.21,-9.90,,,,21,,,C-,,7,1527,,,,-,,,,,1433
FBND,45.47,0.15,6,,,15,,,E,,-11,2360,,4.7,,-,,,,,2643
FBOT,38.88,-1.49,1,,,91,,,D,,-24,18,,0.4,,-,,,,,24
FBT,255.37,2.45,10,,,96,,,A+,,-20,40,,,,-,,,,,67
FBTC,53.52,2.47,22,,,5,,,D-,,1,4253,,,,-,,,,,4223
FBUF,32.23,-0.14,,,,59,,,C+,,-22,7,,0.6,,-,,,,,9
FBX,28.59,-9.66,,,,,,,,,-39,3,,,,-,,,,,
FBY,9.15,-4.30,2,,,5,,,D,,87,321,,60.9,,-,,,,,173
FBYY,11.80,-0.08,1,,,6,,,E,,-21,1,,47.5,,-,,,,,1
FCA,26.62,-3.12,4,,,12,,,E,,-71,22,,2.8,,-,,,,,81
FCAL,49.73,0.21,1,,,41,,,C,,-40,13,,3.3,,-,,,,,22
FCBD,25.24,0.03,1,,,13,,,E,,-75,0,,4.1,,-,,,,,5
FCEF,23.98,-0.04,,,,55,,,A-,,11,18,,6.3,,-,,,,,16
FCFY,27.58,,1,,,49,,,B+,,-99,0,,1.5,,-,,,,,0
FCG,26.44,1.11,17,,,46,,,E,,-53,435,,2.4,,-,,,,,946
FCLD,38.13,-2.48,1,,,96,,,A,,-43,12,,,,-,,,,,22
FCLO,50.20,0.06,,,,32,,,E,,709,28,,4.9,,-,,,,,4
FCOM,70.81,-0.72,10,,,39,,,D,,290,619,,1.0,,-,,,,,159
FCOR,47.15,0.13,4,,,20,,,C,,-24,27,,4.5,,-,,,,,36
FCPI,54.11,0.20,7,,,69,,,D,,-37,9,,1.6,,-,,,,,15
FCRS,10.29,0.39,37,,,,,,D,,-88,13,,,62,-,,,,,111
FCSH,24.13,0.04,1,,,13,,,E,,24,1,,4.1,,-,,,,,2
FCT,9.60,,4,,,13,,,B,,-56,43,3.28,10.1,32,-,75.5,,,-15.47,100
FCTE,28.95,-0.42,3,,,80,,,A,,58,32,,0.1,,-,,,,,21
FCTR,40.48,-0.78,,,,81,,,C,,62,4,,0.5,,-,,,,,2
FCUS,39.66,-7.98,2,,,90,,,E,,102,54,,1.0,,-,,,,,27
FCVT,51.49,-1.77,,,,92,,,D,,182,56,,1.1,,-,,,,,20
FCXG,12.06,0.83,,,,38,,,E,,-81,9,,,,-,,,,,44
FDAT,22.43,0.30,,,,42,,,D+,,4,1,,5.9,,-,,,,,1
FDCF,50.08,-0.91,2,,,68,,,A,,-58,4,,,,-,,,,,9
FDD,18.75,1.35,7,,,71,,,E,,74,227,,5.4,,-,,,,,135
FDEC,54.40,-0.11,3,,,69,,,E,,-80,9,,,,-,,,,,44
FDEM,35.26,-0.79,1,,,86,,,D,,2,105,,3.0,,-,,,,,128
FDEV,36.02,2.13,1,,,51,,,D,,-47,17,,3.1,,-,,,,,33
FDFF,34.33,1.80,2,,,33,,,B,,-47,2,,1.1,,-,,,,,4
FDG,132.09,-1.50,3,,,77,,,D+,,-68,7,,,,-,,,,,22
FDHY,49.10,0.21,1,,,33,,,B,,94,150,,6.5,,-,,,,,79
FDIF,40.08,-1.06,1,,,87,,,A,,90,8,,0.3,,-,,,,,5
FDIG,41.66,-2.06,1,,,64,,,D-,,-29,35,,1.4,,-,,,,,50
FDIQ,67.75,2.97,2,,,50,,,D-,,-30,3,,2.4,,-,,,,,3
FDIS,102.73,-0.64,11,,,49,,,C-,,-12,89,,0.7,,-,,,,,102
FDIV,28.29,1.31,,,,52,,,D-,,39,17,,2.3,,-,,,,,12
FDL,49.85,1.90,11,,,52,,,E,,41,1109,,3.7,,-,,,,,786
FDLO,70.00,1.51,3,,,59,,,D,,-35,36,,1.4,,-,,,,,58
FDLS,41.91,-0.57,,,,88,,,E,,-48,20,,0.8,,-,,,,,39
FDM,92.48,-1.38,3,,,86,,,A,,26,11,,1.3,,-,,,,,9
FDMO,94.75,-1.82,5,,,89,,,C,,-6,45,,0.6,,-,,,,,51
FDN,267.05,-0.94,10,,,47,,,C,,-39,283,,,,-,,,,,485
FDND,21.16,-0.71,,,,32,,,D,,28,0,,8.6,,-,,,,,3
FDNI,25.81,-0.64,2,,,6,,,D,,-31,24,,1.5,,-,,,,,33
FDRR,65.73,0.53,2,,,76,,,D+,,-24,12,,2.2,,-,,,,,16
FDRS,23.24,-1.99,,,,49,,,C,,-83,38,,,,-,,,,,104
FDRV,18.84,-2.29,1,,,84,,,D,,43,15,,1.3,,-,,,,,11
FDRX,21.08,-3.74,,,,53,,,D,,-89,4,,,,-,,,,,17
FDT,93.45,-0.19,8,,,85,,,E,,3,121,,2.8,,-,,,,,118
FDTS,65.30,0.22,1,,,70,,,E,,-39,1,,2.9,,-,,,,,2
FDTX,53.87,-4.21,2,,,97,,,B-,,69,87,,,,-,,,,,52
FDV,32.19,1.96,1,,,65,,,D+,,-54,68,,2.9,,-,,,,,149
FDVV,61.28,0.99,4,,,73,,,D,,6,766,,2.9,,-,,,,,722
FEAC,32.19,-0.22,,,,85,,,C+,,-47,7,,0.8,,-,,,,,13
FEBM,31.23,0.03,1,,,47,,,E,,1528,1,,,,-,,,,,6
FEBP,34.02,0.00,1,,,67,,,E,,78,6,,,,-,,,,,4
FEBT,41.06,-0.21,,,,71,,,C-,,-79,9,,,,-,,,,,42
FEBU,29.59,-0.15,2,,,66,,,E,,-77,1,,,,-,,,,,3
FEBW,35.53,-0.12,,,,56,,,E,,-88,7,,,,-,,,,,56
FEBZ,40.27,-0.11,,,,62,,,A-,,-76,2,,2.3,,-,,,,,7
FECM,25.06,0.10,,,,,,,,,,1,,,,-,,,,,
FEDM,62.70,1.36,1,,,66,,,A,,-52,1,,3.0,,-,,,,,1
FEGE,49.81,1.24,2,,,68,,,E,,25,386,,1.2,,-,,,,,310
FEIG,40.75,0.14,1,,,17,,,A,,-94,0,,4.7,,-,,,,,5
FELC,41.84,-0.12,3,,,83,,,C+,,-14,759,,0.9,,-,,,,,907
FELG,43.00,-1.26,4,,,70,,,C-,,-22,378,,0.4,,-,,,,,486
FELV,40.63,1.12,13,,,91,,,B-,,-29,108,,1.5,,-,,,,,155
FEM,31.43,-0.16,4,,,73,,,E,,0,114,,2.3,,-,,,,,114
FEMB,29.31,0.03,7,,,33,,,E,,18,86,,6.1,,-,,,,,74
FEMD,36.81,-2.33,,,,51,,,E,,411,15,,,,-,,,,,2
FEMG,26.16,-1.38,,,,38,,,,,-53,1,,0.4,,-,,,,,
FEMR,40.73,-1.59,1,,,95,,,E,,20,53,,1.5,,-,,,,,45
FEMS,45.20,0.35,1,,,46,,,E,,-21,30,,4.3,,-,,,,,38
FEMV,26.54,,,,,40,,,,,-93,0,,1.0,,-,,,,,
FENI,40.31,1.21,19,,,77,,,E,,-16,1218,,3.0,,-,,,,,1447
FENY,29.62,0.82,13,,,57,,,E,,2,1956,,2.6,,-,,,,,1934
FEOE,53.80,1.38,1,,,76,,,D,,49,380,,1.4,,-,,,,,255
FEP,57.67,1.85,11,,,72,,,E,,-42,14,,2.8,,-,,,,,25
FEPI,41.90,-1.74,1,,,28,,,D,,3,218,,26.0,,-,,,,,212
FERA,10.44,0.10,45,,,,,,D,,-8,62,,,80,-,,,,107.81,70
FESC,24.13,-2.52,,,,,,,,,,27,,,,-,,,,,
FESM,47.59,-1.10,16,,,96,,,B,,17,752,,0.7,,-,,,,,683
FETH,16.94,5.28,9,,,3,,,D,,22,2426,,,,-,,,,,1983
FEUS,80.62,0.01,1,,,80,,,D-,,15,0,,1.0,,-,,,,,2
FEUZ,66.97,1.97,4,,,76,,,D,,-82,1,,2.7,,-,,,,,6
FEX,137.10,-0.70,3,,,85,,,D+,,-71,8,,0.9,,-,,,,,25
FEZ,68.99,1.61,59,,,75,,,D-,,-48,907,,2.7,,-,,,,,1759
FFA,22.43,0.58,5,,,63,,,B-,,-41,16,300.29,7.1,82,-,245.3,,,111.83,28
FFC,16.19,-0.55,8,,,30,,,B,,-42,70,1.44,7.7,49,-,78.8,,,-11.87,123
FFDI,32.71,0.68,1,,,71,,,B-,,42,2,,2.0,,-,,,,,3
FFEB,61.01,0.01,2,,,70,,,D,,-63,13,,,,-,,,,,33
FFEM,41.79,-1.55,1,,,95,,,B,,-7,15,,1.2,,-,,,,,16
FFF,24.59,-1.34,,,,49,,,C,,132,9,,,,-,,,,,4
FFGX,34.19,-0.07,1,,,83,,,D-,,-75,3,,1.5,,-,,,,,11
FFIU,21.82,0.14,,,,16,,,E,,110,2,,4.0,,-,,,,,2
FFLC,58.59,-0.24,,,,82,,,D+,,-21,74,,1.0,,-,,,,,94
FFLG,33.20,-2.41,2,,,87,,,B-,,32,116,,0.1,,-,,,,,89
FFLS,23.35,-0.20,,,,26,,,A+,,-51,3,,0.1,,-,,,,,7
FFLV,27.89,0.68,1,,,85,,,A+,,21,3,,1.4,,-,,,,,3
FFND,32.67,0.90,,,,75,,,C-,,15,10,,0.6,,-,,,,,9
FFOG,49.38,-2.73,2,,,74,,,C-,,176,141,,,,-,,,,,53
FFOX,30.30,-0.49,,,,77,,,C,,-86,3,,,,-,,,,,20
FFSM,37.21,-1.30,15,,,93,,,C,,73,233,,0.4,,-,,,,,153
FFTY,40.66,-4.17,3,,,87,,,C,,37,59,,1.1,,-,,,,,44
FFUT,57.55,-0.61,9,,,48,,,E,,-38,8,,0.8,,-,,,,,15
FGD,32.51,1.66,2,,,59,,,E,,-30,149,,5.4,,-,,,,,217
FGDL,54.78,1.76,2,,,34,,,E,,-13,22,,,,-,,,,,25
FGII,9.94,0.10,17,,,,,,E,,-79,3,,,1,-,,,,,12
FGM,64.79,3.09,4,,,69,,,C,,-80,1,,1.4,,-,,,,,7
FGMC,10.08,-0.49,19,,,,,,D,,-89,17,,,64,-,,,,-15.55,193
FGRU,12.96,7.82,,,,20,,,D,,83,104,,,,-,,,,,57
FGSI,20.57,,,,,45,,,C,,-98,0,,8.4,,-,,,,,1
FGSM,34.73,-0.22,,,,85,,,D,,-90,1,,1.3,,-,,,,,10
FHDG,36.21,-0.08,,,,63,,,D,,-96,3,,,,-,,,,,91
FHEQ,33.04,0.06,10,,,69,,,B,,-56,38,,0.6,,-,,,,,87
FHIL,25.05,1.29,,,,,,,,,-98,0,,,,-,,,,,
FHLC,79.67,2.54,8,,,83,,,A,,85,377,,1.3,,-,,,,,204
FHYS,23.08,0.10,,,,23,,,E,,-2,15,,5.8,,-,,,,,17
FIAT,20.49,-3.60,,,,3,,,C,,68,117,,95.3,,-,,,,,75
FIAX,17.62,0.11,2,,,22,,,D,,-11,10,,8.2,,-,,,,,11
FICS,42.33,1.56,1,,,63,,,A,,-65,10,,1.8,,-,,,,,27
FID,21.54,0.94,,,,53,,,E,,-30,16,,4.2,,-,,,,,23
FIDI,27.56,1.45,1,,,57,,,E,,9,77,,4.2,,-,,,,,69
FIDU,98.25,-0.01,3,,,89,,,C-,,98,217,,0.9,,-,,,,,110
FIGB,42.78,0.05,1,,,14,,,B-,,9,72,,4.1,,-,,,,,70
FIGG,19.38,18.60,,,,5,,,C,,-21,403,,,,-,,,,,282
FIGX,10.27,0.49,37,,,,,,E,,-35,49,,,35,-,,,,4136.15,31
FIIG,20.75,0.24,3,,,17,,,D-,,-47,108,,4.6,,-,,,,,208
FIMU,20.05,0.02,,,,,,,,,-63,1,,1.3,,-,,,,,
FINS,12.82,0.23,2,,,22,,,B,,-29,25,,10.9,,5/29/2019,,,,,35
FINT,35.56,0.30,,,,79,,,D-,,-60,3,,1.9,,-,,,,,8
FINX,25.57,0.95,5,,,32,,,B,,-6,76,,0.7,,-,,,,,81
FINY,25.27,,,,,33,,,,,-94,0,,3.9,,-,,,,,
FISR,25.52,0.08,,,,13,,,E,,-61,66,,4.2,,-,,,,,172
FITE,112.69,-0.48,2,,,97,,,B,,1,9,,0.1,,-,,,,,9
FITZ,24.49,0.57,,,,26,,,,,-85,38,,,,-,,,,,
FIVA,38.48,0.65,1,,,86,,,E,,-1,81,,2.6,,-,,,,,83
FIW,109.00,0.60,7,,,32,,,B,,-46,32,,0.7,,-,,,,,59
FIXD,43.61,0.21,5,,,19,,,B-,,-44,244,,4.7,,-,,,,,438
FIXP,19.86,0.13,,,,33,,,D+,,-29,1,,5.4,,-,,,,,2
FIXT,37.57,0.02,1,,,11,,,D-,,-55,8,,5.5,,-,,,,,18
FIYY,24.33,,,,,25,,,,,-44,0,,1.0,,-,,,,,
FJAN,55.06,-0.15,2,,,68,,,E,,-68,12,,,,-,,,,,37
FJP,76.25,-0.69,2,,,74,,,E,,11,10,,2.5,,-,,,,,9
FJUL,59.62,0.10,3,,,66,,,A+,,111,57,,,,-,,,,,28
FJUN,59.85,-0.06,3,,,57,,,E,,-59,36,,,,-,,,,,86
FKU,53.66,1.63,3,,,67,,,D-,,-66,3,,3.9,,-,,,,,8
FLAG,27.93,1.01,,,,43,,,E,,164,1,,2.0,,-,,,,,0
FLAO,28.27,-0.00,,,,43,,,E,,-46,0,,,,-,,,,,0
FLAU,33.58,1.19,6,,,49,,,C,,-75,1,,3.2,,-,,,,,10
FLAX,35.69,-1.62,2,,,93,,,E,,-42,5,,2.0,,-,,,,,9
FLBL,22.88,0.04,11,,,10,,,A+,,-11,140,,7.6,,-,,,,,158
FLBR,21.40,0.94,9,,,50,,,E,,-65,85,,6.0,,-,,,,,271
FLC,16.95,0.18,5,,,24,,,B-,,-50,12,-4.07,7.5,48,-,76.4,,,-10.94,24
FLCA,51.67,0.19,6,,,69,,,E,,-49,31,,1.8,,-,,,,,63
FLCB,21.32,0.14,23,,,14,,,E,,-44,254,,4.3,,-,,,,,461
FLCC,35.33,0.39,,,,76,,,D,,-59,8,,0.5,,-,,,,,23
FLCE,31.04,-0.19,,,,77,,,C-,,-32,3,,0.3,,-,,,,,8
FLCG,33.69,0.33,,,,64,,,D+,,-44,37,,,,-,,,,,67
FLCH,20.41,-1.12,20,,,6,,,E,,163,295,,2.5,,-,,,,,119
FLCO,21.34,0.12,13,,,17,,,E,,-65,23,,4.6,,-,,,,,65
FLCV,35.82,0.12,,,,85,,,D,,-46,8,,0.7,,-,,,,,15
FLDB,50.28,0.06,3,,,22,,,D,,-19,5,,4.2,,-,,,,,7
FLDR,50.12,0.02,3,,,29,,,B+,,-63,139,,4.4,,-,,,,,426
FLDZ,31.42,0.51,,,,59,,,A+,,17,0,,1.4,,-,,,,,0
FLEE,39.06,1.62,4,,,69,,,D-,,-50,6,,3.2,,-,,,,,18
FLEU,35.85,1.40,1,,,76,,,D-,,13,9,,2.1,,-,,,,,8
FLGB,36.12,2.47,15,,,65,,,D,,18,134,,3.0,,-,,,,,118
FLGR,32.99,2.71,1,,,38,,,D+,,22,6,,3.5,,-,,,,,5
FLGV,20.22,0.25,13,,,12,,,E,,-74,32,,4.1,,-,,,,,124
FLHY,24.20,0.08,14,,,26,,,D,,-28,207,,6.5,,-,,,,,291
FLIA,20.45,-0.12,1,,,31,,,D+,,-48,52,,2.8,,-,,,,,100
FLIN,35.66,0.68,21,,,29,,,A,,-66,237,,0.4,,-,,,,,676
FLJH,45.31,-0.93,1,,,90,,,C+,,49,40,,4.2,,-,,,,,26
FLJJ,33.76,-0.14,,,,59,,,D+,,314,0,,,,-,,,,,11
FLJP,39.80,-0.03,67,,,83,,,D+,,40,2409,,4.3,,-,,,,,1107
FLKR,59.08,-3.32,14,,,99,,,E,,28,937,,2.3,,-,,,,,769
FLLA,26.45,0.46,3,,,50,,,E,,-51,19,,4.9,,-,,,,,46
FLMB,23.93,0.08,3,,,41,,,C-,,-91,1,,4.0,,-,,,,,14
FLMI,25.11,0.12,6,,,41,,,D,,-1,768,,3.9,,-,,,,,784
FLMX,36.82,0.41,3,,,62,,,E,,39,17,,3.9,,-,,,,,12
FLN,24.60,0.18,,,,55,,,E,,-77,4,,3.6,,-,,,,,15
FLOT,50.92,0.02,32,,,32,,,C,,-8,1571,,4.5,,-,,,,,1702
FLOW,39.14,1.79,1,,,73,,,C,,-49,1,,2.1,,-,,,,,1
FLQL,76.94,-0.72,17,,,82,,,D,,-42,49,,1.0,,-,,,,,88
FLQM,59.17,1.65,2,,,55,,,C,,-56,66,,1.7,,-,,,,,151
FLQS,49.08,0.07,2,,,80,,,A,,-39,1,,1.3,,-,,,,,4
FLRG,40.87,-0.00,1,,,67,,,C,,-14,17,,1.4,,-,,,,,21
FLRN,30.76,,17,,,31,,,E,,-10,987,,4.4,,-,,,,,1148
FLRT,46.68,0.07,8,,,22,,,C-,,-24,78,,6.8,,-,,,,,104
FLSA,32.04,-0.46,1,,,13,,,E,,-15,0,,3.1,,-,,,,,1
FLSP,27.37,-0.62,24,,,45,,,B,,-5,89,,2.6,,-,,,,,94
FLSW,44.17,2.27,2,,,70,,,A,,-3,6,,2.3,,-,,,,,6
FLTB,50.13,0.10,,,,19,,,D,,8,53,,4.3,,-,,,,,50
FLTR,25.54,0.04,12,,,34,,,B,,-19,748,,4.6,,-,,,,,936
FLTW,101.16,-0.87,13,,,98,,,C+,,-84,87,,1.6,,-,,,,,665
FLUD,24.97,0.02,10,,,26,,,B,,-82,50,,4.1,,-,,,,,283
FLV,83.25,1.51,4,,,71,,,D,,-79,3,,1.6,,-,,,,,16
FLXI,49.23,0.20,,,,,,,E,,7,0,,5.1,,-,,,,,0
FLXN,24.96,0.10,,,,15,,,D,,-81,2,,16.8,,-,,,,,12
FLXR,39.05,0.18,8,,,14,,,E,,36,616,,5.9,,-,,,,,453
FLYD,41.87,-1.06,,,,2,,,E,,-85,0,,,,-,,,,,3
FLYT,10.20,3.76,,,,7,,,E,,5,412,,,,-,,,,,401
FLYU,52.51,1.22,,,,46,,,A,,1,1,,,,-,,,,,2
FMACU,10.17,0.49,16,,,,,,E,,,7,,,2,3/27/2026,,,,,43
FMAG,35.91,-1.45,2,,,64,,,B+,,-52,10,,0.1,,-,,,,,22
FMAR,52.30,0.03,2,,,71,,,E,,-85,6,,,,-,,,,,42
FMAT,59.52,1.80,3,,,65,,,E,,485,370,,1.4,,-,,,,,64
FMAY,56.13,-0.05,1,,,58,,,E,,-77,24,,,,-,,,,,106
FMB,51.43,0.12,3,,,40,,,A,,-25,103,,3.5,,-,,,,,139
FMCE,28.91,0.11,,,,74,,,A+,,1257,0,,0.7,,-,,,,,0
FMCX,37.08,-0.36,,,,73,,,A,,302,0,,0.3,,-,,,,,1
FMDE,40.38,-0.15,14,,,77,,,B,,36,1080,,1.1,,-,,,,,804
FMED,29.38,1.49,1,,,88,,,A+,,5,22,,,,-,,,,,21
FMET,36.82,-0.70,3,,,60,,,D,,-86,1,,0.5,,-,,,,,4
FMF,49.47,-1.18,1,,,37,,,E,,-38,41,,5.1,,-,,,,,66
FMHI,48.59,0.15,3,,,43,,,A+,,-62,36,,4.3,,-,,,,,93
FMKT,22.03,0.33,,,,43,,,E,,-82,1,,2.1,,-,,,,,5
FMN,11.44,-0.09,4,,,52,,,D-,,75,33,-43.61,4.7,4,-,16.8,,,-10.91,19
FMNY,26.90,0.02,2,,,41,,,D,,-36,4,,3.6,,-,,,,,7
FMQQ,12.11,0.95,,,,29,,,A+,,-56,2,,0.7,,-,,,,,5
FMTL,32.59,1.06,1,,,55,,,E,,61,12,,1.6,,-,,,,,7
FMTM,40.57,-4.07,,,,95,,,E,,138,473,,0.2,,-,,,,,198
FMUB,51.42,0.03,,,,40,,,C,,-44,15,,3.2,,-,,,,,27
FMUN,50.51,0.09,1,,,41,,,C,,-9,10,,3.3,,-,,,,,11
FMY,11.96,2.22,2,,,29,,,B+,,-40,2,-21.34,6.6,47,-,140.0,,,-30.24,4
FNCL,79.24,1.28,8,,,59,,,A,,5,129,,1.6,,-,,,,,124
FNDA,37.62,-0.79,9,,,90,,,A-,,-73,382,,1.1,,-,,,,,1405
FNDB,30.62,0.43,1,,,86,,,D,,-7,139,,1.5,,-,,,,,151
FNDC,48.88,0.56,9,,,65,,,E,,-58,92,,3.7,,-,,,,,227
FNDE,39.42,0.05,23,,,63,,,E,,13,952,,3.8,,-,,,,,849
FNDF,52.74,1.13,24,,,84,,,E,,17,1868,,3.1,,-,,,,,1483
FNDX,31.27,0.51,18,,,86,,,D,,-42,2199,,1.5,,-,,,,,3817
FNG,8.81,-18.39,,,,,,,,,-82,3,,,,-,,,,,
FNGD,36.05,0.90,2,,,2,,,C,,16,691,,,,-,,,,,603
FNGG,225.75,-0.38,2,,,67,,,C-,,-64,3,,0.8,,-,,,,,9
FNGO,129.15,-0.27,1,,,79,,,C+,,39,10,,,,-,,,,,8
FNGS,73.76,0.27,2,,,78,,,C-,,24,41,,,,-,,,,,35
FNGU,26.49,-0.60,3,,,62,,,E,,54,9065,,,,-,,,,,6071
FNK,61.68,0.49,2,,,69,,,D,,-30,4,,1.5,,-,,,,,5
FNOV,58.42,-0.04,2,,,69,,,E,,-80,8,,,,-,,,,,40
FNX,144.05,-0.63,1,,,83,,,B-,,94,40,,0.8,,-,,,,,21
FNY,106.96,-1.82,1,,,90,,,E,,-14,22,,,,-,,,,,25
FOCT,52.29,-0.04,2,,,69,,,E,,-72,12,,,,-,,,,,44
FOF,13.81,-0.50,1,,,58,,,E,,3,54,-0.86,7.8,78,-,180.8,,,47.56,53
FOMG,8.46,-31.98,,,,,,,,,238,19,,,,-,,,,,
FOPC,25.35,0.12,1,,,14,,,E,,30,1,,4.2,,-,,,,,2
FORH,24.46,-0.71,,,,33,,,E,,-38,1,,1.8,,-,,,,,1
FORL,11.00,-8.26,2,,,,,,E,,22,0,,,,-,,,,-185.71,0
FOTO,20.84,-8.36,,,,23,,,,,-35,828,,,,-,,,,,
FOWF,34.30,1.32,1,,,69,,,A+,,853,24,,0.8,,-,,,,,3
FOXY,29.72,-0.40,,,,50,,,C,,-56,38,,10.5,,-,,,,,87
FPA,50.84,-2.51,3,,,95,,,E,,-58,6,,3.4,,-,,,,,14
FPAA,24.99,0.42,,,,37,,,,,-14,23,,,,-,,,,,
FPAG,40.58,0.79,3,,,78,,,B+,,-34,41,,1.4,,-,,,,,67
FPAS,24.67,-0.04,,,,10,,,B+,,-43,3,,4.7,,-,,,,,6
FPE,17.95,0.28,7,,,30,,,E,,-16,889,,5.8,,-,,,,,1064
FPEI,19.30,0.08,2,,,35,,,B-,,-53,169,,5.6,,-,,,,,363
FPF,18.03,-0.06,4,,,22,,,C-,,-21,74,25.8,9.1,57,5/24/2013,84.4,,,24.44,95
FPFD,21.43,-0.12,,,,13,,,E,,-12,13,,5.3,,-,,,,,15
FPRO,25.11,0.92,,,,72,,,D+,,-61,2,,2.4,,-,,,,,4
FPSX,8.34,-13.95,,,,,,,,,359,32,,,,-,,,,,
FPWR,37.55,1.36,,,,60,,,E,,-71,1,,1.9,,-,,,,,4
FPX,195.20,-3.01,11,,,93,,,B,,-8,42,,0.4,,-,,,,,46
FPXE,34.46,0.18,1,,,71,,,D,,90,1,,1.4,,-,,,,,1
FPXI,77.28,-5.08,3,,,96,,,B,,17,59,,0.6,,-,,,,,51
FQAL,81.47,0.15,8,,,73,,,C+,,-62,15,,1.2,,-,,,,,40
FRA,10.92,0.09,11,,,14,,,D-,,-34,85,-8.37,13.7,29,-,66.9,,,-32.26,131
FRDM,68.44,-1.92,11,,,97,,,E,,58,573,,1.5,,-,,,,,364
FREI,25.11,0.34,,,,,,,,,256,2,,1.8,,-,,,,,
FREL,29.79,1.19,8,,,68,,,C,,-17,215,,3.2,,-,,,,,261
FRGN,30.99,0.03,,,,81,,,D,,-70,3,,0.2,,-,,,,,12
FRI,32.15,1.20,1,,,83,,,A,,-64,8,,2.4,,-,,,,,23
FRIZ,26.53,1.21,1,,,54,,,E,,-92,0,,0.8,,-,,,,,1
FRNW,23.68,-1.37,,,,78,,,E,,-33,83,,1.2,,-,,,,,125
FRTT,0.89,-14.00,,,,,,,,,-91,431,,,,-,,,,,4937
FRTY,23.34,-3.65,,,,83,,,A-,,-58,11,,0.2,,-,,,,,27
FRWD,31.66,-3.08,8,,,75,,,C,,14,120,,,,-,,,,,124
FSCC,36.36,-1.86,,,,94,,,B+,,23,49,,0.2,,-,,,,,56
FSCO,4.95,-1.00,17,,,6,,,A,,-37,694,,16.1,,-,,,,,1107
FSCS,37.18,0.99,1,,,47,,,A,,-63,2,,1.0,,-,,,,,6
FSEC,43.82,0.07,,,,26,,,B-,,-53,120,,4.3,,-,,,,,337
FSEG,27.93,-1.59,,,,46,,,,,-11,2,,0.1,,-,,,,,
FSEP,55.09,0.02,3,,,67,,,E,,-83,10,,,,-,,,,,60
FSEV,26.44,-0.64,,,,39,,,,,-14,1,,1.1,,-,,,,,
FSGS,32.15,0.84,1,,,58,,,A,,-63,1,,,,-,,,,,3
FSHP,11.05,,12,,,,,,E,,-96,0,,,97,-,,,,-51.21,16
FSIG,18.88,0.16,4,,,17,,,D-,,-48,188,,4.6,,-,,,,,365
FSMB,20.02,0.13,1,,,30,,,E,,-40,80,,3.1,,-,,,,,133
FSMD,51.63,-1.26,2,,,88,,,A,,12,135,,1.2,,-,,,,,121
FSML,30.04,-1.99,10,,,83,,,D,,-99,1,,0.5,,-,,,,,68
FSOL,9.52,5.08,2,,,8,,,C-,,-32,216,,3.2,,-,,,,,318
FSSL,11.05,-1.43,13,,,,,,E,,-5,279,,19.7,,-,,,,,297
FSTA,53.70,2.13,5,,,52,,,D,,-43,78,,2.2,,-,,,,,138
FSTB,20.02,0.15,,,,,,,,,244,4,,1.7,,-,,,,,
FSYD,48.62,0.07,1,,,37,,,D,,-24,19,,6.4,,-,,,,,26
FSZ,83.15,,1,,,52,,,E,,-71,0,,2.0,,-,,,,,1
FT,8.10,0.37,7,,,44,,,B-,,-23,32,-26.8,6.3,76,9/23/1988,100.9,,,167.49,43
FTA,98.40,1.18,3,,,75,,,D+,,78,52,,1.7,,-,,,,,29
FTAG,29.43,1.95,,,,55,,,E,,-84,1,,1.3,,-,,,,,7
FTBD,49.17,0.06,1,,,21,,,D,,-22,3,,5.0,,-,,,,,4
FTBI,21.69,-0.06,,,,46,,,E,,20,7,,7.5,,-,,,,,5
FTC,183.81,-2.54,3,,,88,,,B-,,-26,12,,0.1,,-,,,,,16
FTCA,7.42,0.24,,,,37,,,C,,-31,132,,4.0,,-,,,,,194
FTCB,20.84,0.10,3,,,13,,,E,,-32,416,,4.7,,-,,,,,613
FTCE,27.24,-0.23,1,,,82,,,D,,-49,6,,0.7,,-,,,,,11
FTCS,97.17,2.28,5,,,50,,,C,,-9,622,,1.1,,-,,,,,680
FTDS,61.99,0.62,,,,60,,,C-,,-18,3,,1.6,,-,,,,,3
FTEC,273.89,-2.18,13,,,96,,,C,,-12,327,,0.4,,-,,,,,374
FTF,5.81,0.17,8,,,12,,,C,,10,237,-20.13,12.8,35,-,65.8,,,-26.39,218
FTGC,27.11,0.09,6,,,43,,,E,,-23,701,,16.4,,-,,,,,909
FTGS,37.79,0.67,1,,,64,,,C+,,-33,72,,0.1,,-,,,,,106
FTHA,9.93,,,,,,,,,,-43,22,,,81,-,,,,,
FTHB,25.28,0.08,,,,36,,,D+,,442,2,,3.0,,-,,,,,2
FTHF,46.66,-2.63,1,,,98,,,E,,-31,8,,2.0,,-,,,,,12
FTHI,23.71,,4,,,39,,,D,,-17,806,,8.9,,-,,,,,765
FTHY,13.59,-0.15,7,,,18,,,B-,,-8,88,,11.0,,6/26/2020,,,,,96
FTIF,26.89,0.23,,,,61,,,E,,-53,0,,1.1,,-,,,,,2
FTKI,20.08,0.41,,,,51,,,E,,14,8,,11.4,,-,,,,,6
FTLS,73.90,0.37,10,,,53,,,D-,,-27,88,,0.9,,-,,,,,120
FTMA,9.11,0.11,,,,37,,,C,,-62,52,,3.4,,-,,,,,140
FTMH,11.85,0.17,,,,39,,,C,,-29,122,,4.6,,-,,,,,176
FTMN,8.90,0.23,,,,37,,,D,,11,90,,3.2,,-,,,,,85
FTMS,9.92,,,,,26,,,E,,39,97,,3.4,,-,,,,,71
FTMU,7.92,,,,,37,,,C,,-59,61,,4.1,,-,,,,,151
FTNJ,8.82,,,,,36,,,C,,7,94,,3.4,,-,,,,,90
FTNY,7.96,,1,,,37,,,C,,-59,70,,3.8,,-,,,,,174
FTOH,8.45,,,,,36,,,C-,,41,49,,3.8,,-,,,,,35
FTPA,8.74,-0.05,1,,,37,,,D+,,-5,45,,3.6,,-,,,,,49
FTQI,21.95,-0.54,2,,,64,,,B-,,-36,205,,11.2,,-,,,,,324
FTRB,25.06,0.06,,,,16,,,E,,-64,52,,3.7,,-,,,,,147
FTRI,16.16,2.75,,,,35,,,E,,71,70,,2.2,,-,,,,,43
FTSD,90.19,0.08,1,,,17,,,E,,25,22,,4.5,,-,,,,,20
FTSL,44.83,0.13,12,,,13,,,B+,,-1,210,,6.4,,-,,,,,215
FTSM,59.77,0.06,6,,,21,,,E,,-28,544,,4.1,,-,,,,,754
FTWO,43.38,1.24,,,,45,,,E,,-53,4,,1.0,,-,,,,,8
FTXG,22.98,1.55,,,,52,,,C+,,-28,9,,2.5,,-,,,,,13
FTXH,39.15,2.71,1,,,91,,,A+,,41,13,,1.1,,-,,,,,9
FTXL,250.32,-6.17,9,,,99,,,C-,,16,303,,0.1,,-,,,,,292
FTXN,33.52,0.96,5,,,54,,,E,,-90,87,,1.9,,-,,,,,1651
FTXO,41.78,-0.82,4,,,85,,,B,,39,153,,1.7,,-,,,,,112
FTXR,45.10,-0.88,5,,,93,,,C,,-70,19,,1.0,,-,,,,,156
FUMB,20.07,0.05,1,,,23,,,A+,,-50,44,,2.9,,-,,,,,89
FUND,9.52,0.21,5,,,62,,,E,,11,26,19.13,6.3,83,-,247.9,,,761.44,24
FUSD,25.05,0.02,,,,,,,,,906,0,,,,-,,,,,
FUSI,50.66,0.03,1,,,34,,,A+,,154,5,,5.2,,-,,,,,3
FUTG,3.30,-9.59,,,,4,,,E,,-56,1417,,,,-,,,,,3210
FUTY,58.98,2.17,9,,,45,,,D,,10,373,,2.5,,-,,,,,342
FV,72.51,-2.33,5,,,90,,,B,,15,94,,0.5,,-,,,,,82
FVAL,78.48,0.70,3,,,80,,,D,,-63,12,,1.6,,-,,,,,33
FVAV,10.16,-0.39,30,,,,,,E,,154,18,,,54,2/26/2026,,,,,6
FVC,41.84,-2.25,1,,,88,,,B,,-75,1,,1.3,,-,,,,,3
FVD,49.39,1.88,9,,,55,,,C+,,-46,468,,2.3,,-,,,,,870
FVN,10.97,,16,,,,,,A-,,-100,0,,,0,-,,,,-3.13,68
FWD,137.55,-3.75,3,,,97,,,D+,,28,295,,0.1,,-,,,,,231
FXA,68.48,0.42,1,,,42,,,E,,-10,11,,1.1,,-,,,,,12
FXB,128.19,0.50,2,,,22,,,D-,,10,35,,2.2,,-,,,,,33
FXC,69.01,0.36,1,,,9,,,D-,,524,88,,0.2,,-,,,,,14
FXD,69.66,0.94,4,,,55,,,C,,39,12,,0.6,,-,,,,,9
FXE,105.47,0.50,4,,,10,,,E,,-38,121,,0.7,,-,,,,,197
FXED,17.64,0.97,,,,21,,,A+,,-32,6,,5.8,,-,,,,,9
FXF,109.70,0.71,1,,,11,,,E,,-48,32,,,,-,,,,,62
FXG,64.35,1.31,3,,,39,,,B,,-31,10,,2.4,,-,,,,,15
FXH,126.20,2.18,6,,,87,,,A+,,96,65,,0.8,,-,,,,,33
FXI,31.91,-0.19,99,,,6,,,E,,15,32314,,2.1,,-,,,,,28729
FXL,205.14,-3.37,5,,,94,,,C,,-51,45,,,,-,,,,,166
FXN,20.15,0.70,8,,,59,,,E,,-74,375,,1.8,,-,,,,,2154
FXO,63.95,0.76,4,,,68,,,A,,-14,53,,2.1,,-,,,,,61
FXP,25.32,2.18,,,,91,,,A+,,-32,3,,2.6,,-,,,,,4
FXR,90.60,0.12,2,,,81,,,C,,-34,23,,0.6,,-,,,,,35
FXU,49.96,2.10,11,,,59,,,D+,,-26,189,,2.1,,-,,,,,257
FXY,56.95,0.92,6,,,8,,,E,,16,222,,,,-,,,,,194
FXZ,78.79,0.62,3,,,79,,,D-,,-24,44,,1.4,,-,,,,,59
FYC,123.50,-1.67,4,,,97,,,C,,13,62,,0.2,,-,,,,,56
FYEE,28.83,-0.33,,,,51,,,E,,-24,59,,8.7,,-,,,,,81
FYLD,36.93,1.34,5,,,66,,,E,,-59,42,,3.5,,-,,,,,103
FYT,70.27,0.28,2,,,90,,,C-,,-52,7,,1.5,,-,,,,,12
FYX,142.33,-0.85,3,,,95,,,A,,17,35,,0.9,,-,,,,,30
GAA,34.35,0.10,,,,53,,,E,,30,7,,3.5,,-,,,,,6
GAB,5.67,0.71,9,,,21,,,B-,,-35,789,30.74,10.7,78,-,158.6,,,22.44,1231
GABF,45.36,0.98,3,,,32,,,A,,-94,0,,2.1,,-,,,,,6
GAEM,27.00,0.22,,,,45,,,E,,-36,5,,7.7,,-,,,,,9
GAL,52.66,0.00,,,,57,,,E,,50,21,,2.8,,-,,,,,13
GAM,63.94,-0.02,8,,,66,,,D,,-5,28,95.78,0.7,95,-,207.4,,,-17.66,30
GAMR,91.13,,1,,,58,,,B+,,-84,0,,,,-,,,,,1
GAPR,41.63,-0.05,1,,,49,,,B,,-93,2,,,,-,,,,,45
GARA,27.75,1.77,,,,53,,,C,,-90,0,,3.1,,-,,,,,0
GARP,80.48,-1.49,10,,,94,,,B-,,13,317,,0.3,,-,,,,,281
GARY,26.54,-1.97,,,,87,,,C,,13,10,,,,-,,,,,9
GASZ,24.54,-2.12,,,,25,,,,,-97,1,,,,-,,,,,
GAUG,41.41,-0.06,,,,59,,,A,,-68,5,,,,-,,,,,15
GAVA,16.36,0.82,,,,10,,,C-,,-61,1,,,,-,,,,,3
GBAB,14.33,,4,,,17,,,A-,,-60,42,-15.71,10.6,33,10/27/2010,84.3,,,18.75,107
GBF,103.40,0.09,,,,14,,,B-,,-31,4,,3.7,,-,,,,,6
GBHI,25.21,0.27,,,,38,,,C,,-65,0,,4.4,,-,,,,,0
GBIL,99.91,0.05,9,,,27,,,E,,-28,565,,3.7,,-,,,,,787
GBND,50.30,0.03,1,,,25,,,C,,-78,12,,3.8,,-,,,,,56
GBTC,47.64,2.45,21,,,4,,,D-,,-21,1641,,,,-,108.7,,,,2091
GBUG,40.76,4.26,3,,,40,,,E,,-39,26,,1.7,,-,,,,,42
GCAD,56.74,0.76,2,,,92,,,C-,,-85,1,,0.7,,-,,,,,8
GCAL,51.13,0.13,,,,38,,,A,,19,22,,3.4,,-,,,,,17
GCC,22.75,0.40,2,,,40,,,E,,-63,16,,6.2,,-,,,,,46
GCGR,10.17,0.30,1,,,,,,,,60,125,,,89,-,,,,,
GCOR,40.98,0.06,2,,,13,,,E,,71,146,,4.1,,-,,,,,86
GCOW,44.04,2.37,12,,,42,,,E,,-8,255,,4.9,,-,,,,,276
GCSH,50.16,0.10,,,,,,,,,-55,0,,,,-,,,,,
GCV,4.64,-1.07,,,,74,,,D,,-44,37,4204.57,10.4,89,-,192.5,,,-65.14,68
GDE,62.06,0.84,2,,,52,,,E,,109,327,,4.4,,-,,,,,157
GDEC,39.79,0.05,,,,61,,,D,,-62,4,,,,-,,,,,11
GDIV,18.45,0.87,1,,,77,,,D-,,116,23,,1.0,,-,,,,,11
GDL,8.46,-0.05,3,,,35,,,D,,-5,8,-18.39,5.7,41,-,82.5,,,38.89,9
GDLC,27.70,3.05,2,,,4,,,E,,43,66,226.73,,2,-,1124.0,,,-19.79,47
GDMA,41.63,-1.91,1,,,53,,,E,,47,20,,2.5,,-,,,,,14
GDMN,76.58,5.45,1,,,30,,,E,,-30,32,,3.4,,-,,,,,47
GDO,10.74,0.09,3,,,13,,,B-,,-52,12,-21.31,13.7,59,11/24/2009,83.5,,,-5.38,26
GDOC,36.89,1.85,1,,,74,,,A+,,-64,0,,0.3,,-,,,,,3
GDOG,8.71,2.10,1,,,6,,,E,,30,49,,,,-,,,,,38
GDT,34.37,1.91,,,,11,,,C,,354,13,,6.5,,-,,,,,3
GDV,29.57,0.41,10,,,67,,,D,,-58,50,-20.81,6.3,77,-,236.1,,,54.12,121
GDX,78.43,4.48,218,,,35,,,E,,24,29983,,0.8,,-,,,,,23213
GDXD,44.31,-13.69,3,,,2,,,A,,-3,832,,,,-,,,,,849
GDXJ,102.91,4.96,46,,,36,,,E,,7,6394,,2.6,,-,,,,,6011
GDXU,95.79,13.03,1,,,12,,,E,,106,2866,,,,-,,,,,1410
GDXW,38.19,5.56,,,,6,,,E,,-60,22,,50.7,,-,,,,,58
GDXY,10.30,3.10,1,,,3,,,E,,-18,691,,93.5,,-,,,,,855
GEM,50.21,-0.83,6,,,93,,,D,,-21,76,,1.9,,-,,,,,96
GEMD,42.29,0.27,,,,39,,,C,,162,8,,5.6,,-,,,,,3
GEME,42.14,-0.84,1,,,95,,,E,,-9,62,,3.8,,-,,,,,70
GEMG,8.36,-14.17,,,,5,,,E,,-87,37,,,,-,,,,,17
GEND,12.86,0.54,,,,67,,,E,,-13,3,,2.7,,-,,,,,3
GENM,10.29,0.05,,,,32,,,A+,,-88,2,,2.9,,-,,,,,19
GENT,10.23,,,,,12,,,A-,,-56,15,,4.1,,-,,,,,35
GENW,15.00,1.97,,,,79,,,C,,260,3,,2.3,,-,,,,,1
GENZ,38.06,0.36,,,,32,,,C,,-45,1,,3.7,,-,,,,,2
GEOA,36.09,0.40,,,,74,,,D-,,83,0,,0.6,,-,,,,,0
GEQ,51.16,0.07,,,,38,,,,,-99,0,,,,-,,,,,
GEVG,32.72,-3.84,,,,90,,,D+,,-35,52,,,,-,,,,,79
GEVX,25.54,-3.80,,,,99,,,C-,,-61,428,,,,-,,,,,331
GEW,54.97,,1,,,58,,,D+,,-97,0,,0.4,,-,,,,,3
GF,11.57,1.05,7,,,47,,,B-,,-23,35,362.02,2.5,96,12/4/1990,1771.0,,,-45.09,47
GFEB,44.00,0.01,1,,,61,,,D-,,44,12,,,,-,,,,,8
GFGF,36.15,0.89,,,,66,,,D,,9,0,,0.2,,-,,,,,0
GFLW,33.09,-1.76,11,,,92,,,B,,76,192,,,,-,,,,,110
GFSG,8.78,-19.24,,,,,,,,,14,9,,,,-,,,,,
GGLL,115.01,-1.08,2,,,98,,,D-,,-35,988,,1.8,,-,,,,,1574
GGLS,5.68,0.26,3,,,3,,,B,,-11,13333,,2.8,,-,,,,,15164
GGM,30.40,,,,,69,,,E,,-100,0,,1.4,,-,,,,,1
GGME,60.75,-0.23,2,,,57,,,A+,,1024,33,,,,-,,,,,3
GGN,4.91,2.29,6,,,16,,,E,,-6,531,50.69,7.4,98,-,295.2,,,8382.15,571
GGOV,50.18,-0.10,,,,37,,,E,,-69,559,,3.2,,-,,,,,1378
GGRW,37.41,-0.80,2,,,71,,,D,,18675,0,,0.4,,-,,,,,1
GGT,4.20,,1,,,35,,,C-,,-44,172,-3.6,21.8,92,-,427.5,,,-4.28,310
GGTL,39.13,-2.71,2,,,94,,,B+,,-67,0,,0.9,,-,,,,,0
GGUS,66.31,-1.76,2,,,70,,,B+,,84,29,,0.4,,-,,,,,27
GGZ,16.35,0.06,2,,,72,,,A-,,-13,7,53.39,5.2,81,-,306.2,,,1.99,8
GHTA,30.70,0.38,,,,35,,,B-,,-6,3,,3.7,,-,,,,,3
GHY,12.04,,16,,,25,,,B+,,-19,106,67.87,10.6,53,12/21/2012,243.8,,,-14.78,135
GHYB,44.70,0.13,,,,20,,,C+,,53,14,,6.7,,-,,,,,13
GHYG,44.98,,3,,,14,,,E,,817,172,,6.3,,-,,,,,19
GIAX,16.44,-2.61,1,,,43,,,C,,73,175,,23.8,,-,,,,,102
GIEQ,41.56,,,,,38,,,,,-98,0,,,,-,,,,,
GIGB,45.74,0.20,7,,,20,,,E,,-26,78,,4.6,,-,,,,,106
GIGL,50.35,0.16,5,,,23,,,E,,-80,6,,4.1,,-,,,,,32
GII,76.00,1.52,5,,,51,,,E,,-66,21,,2.6,,-,,,,,62
GIND,24.55,0.88,,,,34,,,E,,-54,5,,,,-,,,,,10
GINN,79.08,-0.05,1,,,77,,,B+,,-79,1,,1.2,,-,,,,,4
GINX,35.08,1.45,2,,,78,,,E,,25,9,,2.0,,-,,,,,7
GISC,50.24,0.08,,,,,,,,,-94,1,,,,-,,,,,
GIW,10.07,0.05,33,,,,,,E,,169,101,,,32,-,,,,,35
GIX,9.94,0.10,26,,,,,,D+,,-23,12,,,21,-,,,,,26
GJAN,44.99,0.07,1,,,60,,,B+,,-48,5,,,,-,,,,,31
GJUL,43.53,0.06,1,,,58,,,B+,,-48,13,,,,-,,,,,25
GJUN,41.11,-0.15,2,,,52,,,D,,-62,40,,,,-,,,,,105
GK,29.06,-1.05,,,,88,,,D+,,31,1,,0.1,,-,,,,,2
GKAT,43.28,-0.02,,,,60,,,C,,238,11,,0.9,,-,,,,,3
GLAM,28.55,1.24,,,,46,,,,,-90,0,,,,-,,,,,
GLBL,27.64,,1,,,84,,,A-,,-97,0,,0.8,,-,,,,,0
GLCR,23.59,,,,,7,,,C,,-97,0,,0.8,,-,,,,,1
GLD,378.13,2.03,356,,,34,,,E,,4,7605,,,,-,,,,,7107
GLDB,19.67,2.89,,,,7,,,E,,-62,9,,0.2,,-,,,,,23
GLDI,143.03,1.29,1,,,6,,,E,,57,70,,18.0,,-,,,,,45
GLDM,81.54,2.03,75,,,35,,,E,,-17,3464,,,,-,,,,,4087
GLDN,14.96,3.61,,,,11,,,E,,-52,2,,5.9,,-,,,,,6
GLDW,42.16,2.60,1,,,7,,,E,,-57,6,,24.0,,-,,,,,13
GLED,9.95,,2,,,,,,,,-79,4,,,41,-,,,,,22
GLGG,6.15,-10.13,,,,40,,,E,,7,59,,,,-,,,,,54
GLIN,46.17,-0.18,5,,,49,,,A,,-17,8,,0.8,,-,,,,,10
GLIX,28.05,1.99,1,,,54,,,C,,-45,5,,2.7,,-,,,,,9
GLL,25.63,-3.94,4,,,46,,,A+,,-38,1954,,,,-,,,,,3132
GLNK,6.88,5.20,2,,,3,,,D,,-25,180,,,,-,,,,,239
GLO,6.14,0.49,12,,,69,,,A,,-2,144,-21.39,10.8,82,-,172.2,,,262.9,148
GLOF,58.56,-0.09,3,,,81,,,E,,-64,5,,1.5,,-,,,,,15
GLOW,34.59,0.31,1,,,85,,,A+,,41,14,,1.1,,-,,,,,10
GLQ,8.63,-0.35,9,,,84,,,D,,13,106,-22.49,10.4,88,-,226.6,,,255.81,94
GLRY,41.67,-2.59,,,,85,,,C,,-41,16,,0.2,,-,,,,,28
GLTR,186.27,2.35,6,,,39,,,E,,-38,42,,,,-,,,,,68
GLU,19.30,0.52,1,,,42,,,D+,,-62,4,146.65,7.0,92,-,335.8,,,153.86,9
GLV,6.56,-1.06,10,,,73,,,A-,,14,57,-89.29,10.4,74,-,253.1,,,268.72,51
GLWG,25.80,-21.96,1,,,,,,D+,,197,4575,,,,-,,,,,1564
GLX,18.36,-10.46,,,,,,,,,-44,3,,,,-,,,,,
GLXU,7.23,-9.74,,,,39,,,E,,4,324,,7.6,,-,,,,,311
GMAR,44.29,0.07,1,,,64,,,A,,-9,11,,,,-,,,,,12
GMAY,43.04,0.07,1,,,53,,,E,,-58,67,,,,-,,,,,159
GMEC,26.75,2.19,,,,,,,,,-100,0,,,,-,,,,,
GMEU,8.83,1.38,,,,5,,,C,,-61,103,,,,-,,,,,278
GMEY,28.96,0.59,,,,4,,,E,,-53,2,,56.4,,-,,,,,2
GMF,153.69,-0.61,9,,,80,,,E,,11,10,,1.2,,-,,,,,9
GMMA,21.46,-0.22,,,,42,,,A-,,-45,0,,3.5,,-,,,,,0
GMMF,100.29,0.04,1,,,30,,,C,,-37,22,,3.7,,-,,,,,36
GMNY,50.28,0.12,,,,39,,,B+,,-41,2,,3.3,,-,,,,,3
GMOC,50.09,0.10,3,,,27,,,D,,-67,0,,2.7,,-,,,,,11
GMOD,27.39,0.34,1,,,50,,,D,,94,20,,1.4,,-,,,,,11
GMOI,38.05,1.66,2,,,77,,,E,,44,79,,2.9,,-,,,,,56
GMOM,35.35,0.33,1,,,52,,,E,,-96,2,,1.5,,-,,,,,49
GMOV,30.39,0.83,2,,,72,,,E,,573,95,,2.0,,-,,,,,15
GMUB,51.39,0.12,,,,38,,,C+,,114,71,,3.3,,-,,,,,34
GNMA,44.05,0.14,4,,,25,,,E,,-69,10,,4.2,,-,,,,,35
GNMX,32.07,,,,,60,,,,,-94,0,,,,-,,,,,
GNOM,58.40,1.07,3,,,97,,,A+,,151,48,,1.2,,-,,,,,20
GNOV,41.79,0.10,2,,,62,,,D,,-70,6,,,,-,,,,,19
GNR,67.96,1.81,20,,,50,,,E,,3,249,,2.7,,-,,,,,253
GNT,8.20,0.86,2,,,55,,,E,,16,127,41.69,8.9,98,1/27/2011,331.6,,,31238.95,110
GOAU,38.65,4.03,,,,29,,,E,,-15,30,,1.0,,-,,,,,36
GOCT,41.47,-0.18,,,,61,,,C+,,-19,15,,,,-,,,,,18
GOEX,72.28,3.71,2,,,37,,,E,,-30,7,,2.4,,-,,,,,11
GOF,10.99,0.46,9,,,13,,,C,,-21,1098,48.07,20.4,42,-,112.8,,,-4.05,1383
GOGL,27.28,-0.83,,,,,,,,,-60,2,,,,-,,,,,
GOLI,12.70,1.78,,,,4,,,E,,-68,11,,57.4,,-,,,,,37
GOLS,26.77,0.72,3,,,51,,,D,,-51,1,,,,-,,,,,3
GOLY,25.75,2.46,2,,,5,,,E,,-54,20,,9.9,,-,,,,,45
GOOP,40.87,-0.35,1,,,91,,,D-,,-79,5,,13.5,,-,,,,,22
GOOW,68.48,-0.20,1,,,74,,,E,,-24,25,,41.8,,-,,,,,34
GOOX,81.55,-0.67,1,,,97,,,E,,-18,72,,,,-,,,,,92
GOOY,13.32,0.22,4,,,37,,,E,,-57,276,,55.6,,-,,,,,645
GOP,43.73,-0.99,,,,91,,,D,,30,15,,0.6,,-,,,,,12
GOU,29.14,-0.42,,,,85,,,E,,-46,31,,,,-,,,,,62
GOVI,27.07,0.11,14,,,12,,,E,,-73,93,,2.6,,-,,,,,341
GOVM,24.96,,,,,35,,,,,-71,0,,6.0,,-,,,,,
GOVT,22.69,0.18,83,,,13,,,E,,-27,6249,,3.6,,-,,,,,8561
GOVZ,36.06,-0.14,11,,,8,,,B-,,-96,83,,5.0,,-,,,,,260
GPAC,10.00,-0.10,24,,,,,,D,,-99,0,,,43,-,,,,,11
GPAT,10.89,,35,,,,,,E,,-100,0,,,79,-,,,,-25.93,132
GPIQ,57.15,-1.55,3,,,77,,,C+,,-7,1316,,9.8,,-,,,,,1430
GPIX,55.04,-0.13,2,,,62,,,D+,,44,1262,,8.2,,-,,,,,875
GPRF,49.96,0.11,3,,,16,,,E,,-90,1,,5.6,,-,,,,,9
GPT,33.67,0.81,,,,81,,,B+,,39,3,,0.1,,-,,,,,2
GPTY,43.46,-2.80,2,,,47,,,D-,,25,73,,35.9,,-,,,,,61
GPZ,21.98,1.67,2,,,15,,,E,,-13,201,,1.1,,-,,,,,233
GQGU,25.92,1.96,,,,35,,,E,,-64,44,,1.0,,-,,,,,137
GQI,58.84,-0.05,,,,56,,,A+,,-20,31,,8.8,,-,,,,,39
GQQQ,35.18,-1.49,1,,,93,,,C,,64,25,,0.4,,-,,,,,15
GQRE,64.76,1.27,2,,,63,,,A+,,7,20,,4.2,,-,,,,,19
GRAF,10.79,-0.28,33,,,,,,E,,-81,56,,,90,-,,,,-3.21,193
GRAG,7.36,0.46,,,,34,,,C,,14,24,,,,-,,,,,22
GREK,76.04,0.49,16,,,91,,,E,,-66,31,,2.6,,-,,,,,92
GRF,10.05,-1.47,,,,13,,,E,,84,9,-28.25,0.9,64,-,126.5,,,0.41,4
GRID,184.17,-1.62,49,,,90,,,E,,21,951,,0.8,,-,,,,,807
GRIN,33.12,0.12,10,,,93,,,C-,,-91,1,,0.5,,-,,,,,13
GRN,31.51,-0.18,,,,49,,,B,,-39,0,,,,-,,,,,1
GRNB,24.00,0.08,1,,,19,,,E,,4,26,,4.3,,-,,,,,26
GRNI,21.09,-0.38,1,,,55,,,C,,-8,35,,8.6,,-,,,,,38
GRNJ,30.34,-2.07,4,,,83,,,E,,79,314,,,,-,,,,,176
GRNY,27.57,-0.40,5,,,82,,,B-,,-11,1564,,,,-,,,,,1756
GROZ,31.69,-0.25,,,,76,,,D,,-39,19,,,,-,,,,,32
GRPM,132.62,1.26,3,,,75,,,B,,116,23,,0.7,,-,,,,,11
GRPZ,32.32,0.53,1,,,91,,,B+,,98,5,,0.9,,-,,,,,1
GRW,32.27,0.30,1,,,52,,,A-,,-51,4,,0.1,,-,,,,,8
GRX,9.66,2.01,6,,,46,,,A-,,113,46,-25.81,7.3,5,-,15.0,,,370.23,22
GSC,67.29,-1.61,,,,95,,,A,,-74,6,,0.1,,-,,,,,22
GSEE,67.71,-1.47,5,,,92,,,D,,-3,4,,2.1,,-,,,,,4
GSEP,40.96,-0.05,1,,,60,,,E,,-90,11,,,,-,,,,,113
GSEU,48.99,1.78,,,,71,,,C-,,36,9,,2.8,,-,,,,,7
GSEW,95.24,0.67,4,,,77,,,A+,,203,197,,1.4,,-,,,,,66
GSG,28.37,0.14,16,,,58,,,E,,57,1560,,,,-,,,,,969
GSGO,44.02,-1.52,,,,74,,,D+,,-44,3,,,,-,,,,,6
GSHR,10.48,0.29,34,,,,,,C,,187,47,,,55,-,,,,2922.48,6
GSIB,60.50,0.58,1,,,93,,,D-,,-30,5,,1.5,,-,,,,,7
GSID,75.45,1.11,6,,,73,,,A+,,-43,20,,2.5,,-,,,,,36
GSIE,45.95,1.06,8,,,66,,,E,,117,955,,2.6,,-,,,,,439
GSJY,52.44,0.42,,,,79,,,E,,80,10,,2.1,,-,,,,,6
GSKH,75.05,3.68,,,,60,,,C-,,307,2,,2.8,,-,,,,,1
GSLC,141.83,-0.01,11,,,73,,,C-,,5,1807,,1.0,,-,,,,,230
GSOL,6.08,5.01,2,,,,,,B-,,60,5257,,,,-,,,,,3297
GSPY,40.59,,5,,,80,,,B-,,213,11,,2.4,,-,,,,,3
GSRF,10.16,0.05,31,,,,,,E,,-89,6,,,3,-,,,,53014.79,28
GSSC,90.29,-0.94,,,,92,,,A,,-22,24,,1.0,,-,,,,,32
GSST,50.42,0.05,3,,,27,,,C,,-20,208,,4.3,,-,,,,,262
GSUI,10.65,3.03,,,,6,,,E,,-56,25,,,,-,,,,,58
GSUS,102.94,-0.07,9,,,80,,,B-,,-14,83,,1.0,,-,,,,,96
GSWO,63.38,0.14,,,,77,,,D+,,-0,71,,1.6,,-,,,,,72
GSY,50.15,-0.02,5,,,25,,,B,,-18,511,,4.3,,-,,,,,626
GTEK,59.60,-3.48,1,,,98,,,B-,,7,22,,,,-,,,,,21
GTEN,10.49,0.10,39,,,,,,C-,,631,357,,,74,-,,,,7408.48,42
GTERA,10.31,,29,,,,,,E,,-100,0,,,33,-,,,,-34.32,22
GTIP,48.26,0.13,1,,,9,,,E,,23,49,,5.3,,-,,,,,40
GTND,25.03,-0.80,,,,29,,,,,-95,1,,0.6,,-,,,,,
GTO,46.81,0.12,8,,,22,,,E,,-39,163,,4.8,,-,,,,,268
GTOC,25.04,0.09,8,,,25,,,C,,-78,31,,4.2,,-,,,,,141
GTOH,25.49,0.18,8,,,28,,,A+,,46,0,,5.9,,-,,,,,3
GTOP,48.17,-1.98,1,,,,,,D-,,-23,10,,,,-,,,,,13
GTOQ,22.36,0.13,10,,,26,,,E,,-91,7,,6.8,,-,,,,,77
GTOS,24.97,0.12,9,,,25,,,C,,-54,0,,4.5,,-,,,,,5
GTPE,60.66,-0.49,,,,81,,,D,,-83,0,,,,-,,,,,1
GTR,27.12,0.04,,,,59,,,B,,-78,1,,2.2,,-,,,,,6
GUAC,,,,,,,,,,,,0,,,,-,,,,,
GUG,15.96,0.31,3,,,49,,,B+,,-9,69,,9.0,,11/24/2021,,,,,76
GUMI,50.32,0.03,,,,29,,,E,,-44,7,,2.7,,-,,,,,12
GUNR,49.81,1.63,17,,,49,,,E,,-30,288,,2.5,,-,,,,,415
GURU,69.13,-0.41,2,,,87,,,D,,31,2,,0.1,,-,,,,,1
GUSA,64.53,-0.20,1,,,80,,,B+,,-86,0,,1.0,,-,,,,,0
GUSE,44.92,-0.10,1,,,72,,,C-,,-32,4,,0.7,,-,,,,,6
GUSH,30.92,1.21,6,,,58,,,D-,,-49,470,,1.5,,-,,,,,925
GUT,6.60,0.76,,,,68,,,A,,-19,186,132.45,9.3,38,-,263.3,,,-21.04,212
GVAL,36.08,0.87,8,,,85,,,E,,-58,110,,2.5,,-,,,,,271
GVI,105.81,0.12,6,,,14,,,E,,-45,93,,3.6,,-,,,,,183
GVIP,179.92,-2.32,1,,,92,,,B,,-36,8,,0.3,,-,,,,,13
GVLE,47.22,0.66,1,,,80,,,C,,-56,1,,1.0,,-,,,,,1
GVLU,26.91,1.36,3,,,58,,,D+,,-69,2,,2.9,,-,,,,,6
GVUS,63.33,1.19,2,,,89,,,D,,-86,0,,1.5,,-,,,,,2
GWX,43.81,-0.36,3,,,61,,,E,,31,95,,2.8,,-,,,,,73
GXC,86.18,-1.54,8,,,7,,,E,,11,27,,2.3,,-,,,,,25
GXDW,25.28,,2,,,45,,,D,,-99,0,,1.4,,-,,,,,7
GXIG,24.74,-0.64,4,,,10,,,C,,1899,96,,4.9,,-,,,,,7
GXLC,89.93,,2,,,70,,,C,,-94,0,,0.9,,-,,,,,0
GXPC,30.27,-1.11,1,,,68,,,E,,-53,46,,0.3,,-,,,,,99
GXPD,26.14,-0.87,,,,43,,,D,,-88,7,,0.4,,-,,,,,50
GXPE,31.01,,,,,54,,,E,,-88,0,,2.3,,-,,,,,1
GXPS,26.74,2.53,1,,,52,,,C,,-31,21,,1.1,,-,,,,,30
GXPT,31.78,-1.24,,,,93,,,D,,19,123,,0.2,,-,,,,,103
GXRP,21.01,2.34,1,,,6,,,E,,-73,10,,,,-,,,,,36
GXUS,62.33,,,,,80,,,B-,,-81,0,,2.3,,-,,,,,0
GYLD,14.34,1.45,2,,,53,,,C+,,18,19,,7.4,,-,,,,,16
HACK,106.97,-0.12,11,,,95,,,A+,,84,254,,0.1,,-,,,,,140
HACQ,10.04,0.10,,,,,,,,,38,28,,,57,-,,,,,19
HAIL,38.48,-3.15,1,,,86,,,D,,16,4,,1.7,,-,,,,,3
HAKY,29.75,-0.62,,,,73,,,C,,173,10,,15.9,,-,,,,,4
HALX,25.26,1.25,,,,34,,,,,-85,1,,,,-,,,,,
HAP,69.10,1.63,2,,,59,,,E,,-27,23,,2.0,,-,,,,,32
HAPI,44.44,-0.02,1,,,74,,,C+,,-31,1,,0.8,,-,,,,,2
HAPS,37.50,,,,,92,,,A+,,-83,0,,0.5,,-,,,,,0
HARD,29.50,-0.51,1,,,12,,,E,,148,133,,4.0,,-,,,,,54
HAUS,19.30,1.28,1,,,69,,,A-,,-91,0,,4.5,,-,,,,,3
HAUZ,22.66,1.25,3,,,22,,,E,,-16,72,,3.6,,-,,,,,108
HAVA,10.13,,22,,,,,,E,,-100,0,,,55,-,,,,,12
HAWX,45.42,-0.15,2,,,86,,,C,,-44,11,,2.4,,-,,,,,20
HBDC,24.75,,1,,,23,,,C,,-94,0,,4.9,,-,,,,,5
HBMX,26.06,-9.14,,,,27,,,,,82,329,,,,-,,,,,
HBR,9.92,1.37,,,,6,,,E,,113,138,,,,-,,,,,66
HBRD,24.67,0.16,,,,,,,E,,-95,0,,5.9,,-,,,,,0
HBTA,32.14,-1.11,,,,88,,,E,,-77,16,,,,-,,,,,66
HBTC,17.66,1.77,,,,5,,,D,,447,0,,0.4,,-,,,,,0
HCAC,10.04,,27,,,,,,E,,-64,28,,,11,-,,,,,57
HCIC,10.00,0.60,11,,,,,,E,,663,196,,,27,-,,,,,16
HCMA,10.30,0.43,33,,,,,,C,,-53,21,,,61,-,,,,,42
HCMT,39.92,-2.11,2,,,67,,,C,,202,126,,0.6,,-,,,,,42
HCOW,24.01,0.91,,,,36,,,E,,10,6,,11.9,,-,,,,,5
HCRB,34.97,0.16,4,,,16,,,D,,-52,20,,4.2,,-,,,,,45
HDEF,32.68,2.28,4,,,54,,,E,,-50,96,,3.9,,-,,,,,193
HDG,54.43,-0.23,1,,,53,,,C+,,-59,1,,3.1,,-,,,,,2
HDGE,15.97,-1.48,,,,12,,,E,,-26,48,,3.4,,-,,,,,66
HDLB,16.83,2.55,,,,42,,,C,,-29,2,,10.8,,-,,,,,3
HDMV,37.48,1.78,1,,,50,,,D,,-69,0,,4.2,,-,,,,,1
HDUS,71.28,0.18,1,,,77,,,C,,-11,7,,1.3,,-,,,,,8
HDV,28.04,2.30,30,,,68,,,D,,-89,7292,,2.9,,-,,,,,2745
HEAL,28.97,1.43,,,,43,,,A,,-2,8,,0.3,,-,,,,,8
HECA,27.38,0.18,2,,,26,,,E,,-41,107,,1.1,,-,,,,,180
HECO,65.35,-1.81,,,,99,,,D+,,-29,1,,,,-,,,,,8
HEDG,30.00,0.07,1,,,42,,,D+,,-81,8,,1.6,,-,,,,,43
HEDJ,57.08,1.01,7,,,74,,,D-,,-88,13,,1.8,,-,,,,,108
HEEM,42.59,-1.72,,,,93,,,C-,,871,489,,1.8,,-,,,,,53
HEFA,46.35,0.83,12,,,80,,,D,,-24,394,,3.0,,-,,,,,517
HEFT,26.22,0.04,,,,30,,,E,,-54,20,,,,-,,,,,44
HEGD,26.63,,2,,,59,,,D,,27,141,,0.3,,-,,,,,112
HELO,67.59,0.00,7,,,49,,,E,,-49,162,,0.6,,-,,,,,333
HELS,24.70,-0.46,1,,,31,,,C,,-76,5,,,,-,,,,,17
HELX,40.96,1.07,1,,,94,,,A+,,-56,1,,0.4,,-,,,,,1
HEMI,41.61,-0.09,,,,53,,,E,,-89,0,,8.5,,-,,,,,1
HEQ,11.41,-0.78,5,,,,,,C-,,-54,18,,8.9,,5/26/2011,,,,,41
HEQQ,60.34,-0.65,,,,56,,,D,,-100,0,,0.2,,-,,,,,2
HEQT,33.47,-0.26,2,,,57,,,B+,,781,383,,1.2,,-,,,,,47
HERD,47.94,1.64,1,,,65,,,D-,,-9,4,,2.9,,-,,,,,5
HERO,25.23,0.56,3,,,9,,,C-,,-65,12,,2.0,,-,,,,,35
HERZ,16.81,-1.64,1,,,23,,,E,,254,42,148.77,24.1,12,-,7.8,,,-72.55,12
HEWJ,63.38,-1.12,9,,,90,,,A-,,-78,17,,3.8,,-,,,,,106
HEZU,49.14,0.90,5,,,85,,,D-,,-46,27,,2.6,,-,,,,,57
HF,22.25,0.12,,,,52,,,B-,,-91,0,,0.9,,-,,,,,1
HFEQ,24.29,-0.04,,,,77,,,D+,,-11,7,,4.4,,-,,,,,8
HFGM,30.04,-0.61,1,,,17,,,E,,63,93,,5.8,,-,,,,,57
HFGO,28.89,-1.37,3,,,76,,,A,,-56,19,,,,-,,,,,44
HFMF,21.18,-0.66,1,,,19,,,E,,-62,4,,1.7,,-,,,,,11
HFND,24.40,-0.06,,,,51,,,D,,229,29,,3.8,,-,,,,,9
HFRO,7.50,1.63,13,,,93,,,A,,66,257,-63.66,6.5,53,-,-94.9,,,139.28,157
HFSI,35.12,0.03,4,,,29,,,E,,94,305,,5.5,,-,,,,,159
HFSP,13.83,,,,,5,,,E,,-50,0,,,,-,,,,,0
HFXI,37.63,0.45,9,,,88,,,D+,,-13,235,,3.3,,-,,,,,270
HGER,29.65,0.47,16,,,55,,,E,,21,1314,,0.5,,-,,,,,1096
HGLB,7.67,0.52,4,,,7,,,D,,5,100,,13.8,,-,,,,,95
HGRO,30.91,-0.63,1,,,73,,,E,,-72,21,,0.1,,-,,,,,80
HIBL,112.77,-8.15,1,,,99,,,C-,,32,81,,0.1,,-,,,,,61
HIBS,20.12,9.17,3,,,1,,,B,,27,232,,9.1,,-,,,,,185
HIDE,23.98,0.39,2,,,41,,,E,,-87,8,,3.0,,-,,,,,59
HIDV,88.05,-0.17,,,,78,,,D-,,238,44,,2.4,,-,,,,,13
HIGH,21.55,-0.37,1,,,12,,,B,,-81,5,,7.4,,-,,,,,30
HIMU,49.62,0.08,8,,,44,,,C,,27,484,,5.1,,-,,,,,382
HIMZ,54.92,-4.19,,,,40,,,C,,-78,268,,4.2,,-,,,,,864
HIO,3.66,0.27,22,,,24,,,A,,-4,313,-48.49,11.8,40,-,67.2,,,63.94,330
HIPS,11.47,-0.26,,,,12,,,C-,,-28,41,,11.3,,-,,,,,58
HIS,25.26,0.53,,,,36,,,,,-77,13,,,,-,,,,,
HISF,44.34,0.12,1,,,18,,,E,,86,14,,5.0,,-,,,,,7
HIX,3.95,-0.75,9,,,21,,,C,,-23,278,-11,15.0,65,-,98.7,,,251.86,366
HIYY,16.90,-2.73,,,,43,,,C,,58,76,,88.1,,-,,,,,50
HJLY,25.09,-0.07,,,,,,,,,,39,,,,-,,,,,
HJUN,24.98,-0.02,,,,30,,,,,1056,0,,,,-,,,,,
HLAL,70.30,-0.92,1,,,90,,,D+,,45,92,,0.5,,-,,,,,64
HLXC,10.37,,25,,,,,,C,,-100,0,,,17,1/23/2026,,,,,16
HMAY,25.19,-0.18,,,,,,,,,7570,40,,,,-,,,,,
HMOP,39.22,0.15,1,,,38,,,D,,-8,63,,3.4,,-,,,,,70
HMYY,6.96,-0.23,1,,,7,,,C,,-15,3,,109.2,,-,,,,,4
HNDL,22.79,0.20,1,,,48,,,D,,-37,40,,6.8,,-,,,,,62
HODL,17.37,2.42,10,,,5,,,D-,,2,1328,,,,-,,,,,1311
HODU,15.51,7.44,,,,47,,,C,,26,367,,1.6,,-,,,,,305
HOLA,55.39,0.94,1,,,57,,,E,,-66,8,,2.9,,-,,,,,23
HOLD,31.79,-1.10,,,,50,,,E,,3,0,,5.5,,-,,,,,0
HOMZ,47.82,0.32,,,,63,,,A,,-50,2,,2.5,,-,,,,,4
HONA,247.15,8.74,,,,,,,,,150,5557,,,,-,,,,,
HONG,15.44,6.57,,,,38,,,,,6,20,,,,-,,,,,
HOOG,37.70,7.35,1,,,41,,,C,,42,1049,,22.9,,-,,,,,770
HOOW,32.64,4.55,,,,40,,,C,,64,344,,143.0,,-,,,,,212
HOOX,42.62,7.35,1,,,41,,,C,,-92,128,,26.5,,-,,,,,132
HOOY,32.61,2.38,,,,36,,,C,,19,148,,137.8,,-,,,,,125
HOOZ,9.62,-7.41,1,,,4,,,E,,213,646,,,,-,,,,,212
HOYY,5.67,0.80,2,,,5,,,D,,-58,13,,204.1,,-,,,,,32
HPEL,10.65,-13.02,,,,,,,,,41,30,,,,-,,,,,
HPF,15.95,0.13,2,,,29,,,A,,-47,19,16.61,9.4,41,-,83.8,,,-7.29,35
HPI,16.29,0.18,2,,,35,,,A,,-34,34,20.39,9.2,39,-,88.1,,,-9.31,53
HPS,14.50,-0.07,2,,,36,,,A,,7,54,16.27,9.2,40,-,84.1,,,-5.14,51
HQGO,65.21,,3,,,79,,,A,,-99,0,,0.5,,-,,,,,1
HQH,22.00,1.24,8,,,94,,,A+,,37,211,556.37,10.7,87,4/23/1987,293.7,,,199.83,154
HQL,20.12,0.70,10,,,95,,,A+,,14,127,164.14,10.6,97,5/1/1992,286.9,,,231.35,112
HRSK,25.30,-0.16,,,,,,,,,-46,30,,,,-,,,,,
HRTS,37.27,2.83,1,,,80,,,A,,-6,5,,1.3,,-,,,,,6
HSBH,106.96,0.36,1,,,92,,,E,,-56,1,,0.3,,-,,,,,3
HSCZ,42.85,-0.36,1,,,75,,,E,,24,28,,2.9,,-,,,,,23
HSMV,38.58,0.84,1,,,56,,,A,,207,1,,1.9,,-,,,,,3
HSPOF,11.11,-2.63,2,,,,,,E,,809,0,,,96,-,,,,-399.84,0
HTAB,19.20,0.10,,,,36,,,B,,-19,42,,3.8,,-,,,,,53
HTAX,25.00,0.09,,,,45,,,C,,-2,4,,4.5,,-,,,,,3
HTD,25.58,1.27,8,,,52,,,E,,-0,65,-18.69,7.4,60,-,112.5,,,256.55,66
HTEC,38.68,1.87,2,,,89,,,A+,,-38,100,,0.9,,-,,,,,11
HTRB,33.70,0.09,2,,,16,,,E,,-23,188,,4.6,,-,,,,,248
HTUS,43.86,0.03,,,,61,,,D,,25,18,,1.3,,-,,,,,13
HULL,24.97,1.34,,,,25,,,,,-99,0,,,,-,,,,,
HUMN,33.60,-3.34,1,,,90,,,E,,161,295,,0.4,,-,,,,,114
HUSV,40.35,1.88,2,,,48,,,C-,,-65,2,,1.3,,-,,,,,6
HUTG,21.39,-16.76,,,,77,,,E,,-3,62,,,,-,,,,,66
HVAC,38.23,-4.45,,,,91,,,E,,7,12,,0.2,,-,,,,,11
HVII,10.46,0.10,34,,,,,,E,,-99,0,,,25,-,,-163.52,,-43.46,57
HVMC,10.20,,37,,,,,,C,,-100,0,,,47,-,,,,,13
HWAY,38.06,-1.02,,,,92,,,E,,33,1,,1.0,,-,,,,,1
HWSM,30.79,,,,,83,,,E,,-98,0,,1.2,,-,,,,,0
HYBB,46.65,0.19,13,,,25,,,B+,,-78,15,,5.8,,-,,,,,91
HYBI,49.38,0.19,1,,,12,,,C,,-46,18,,8.3,,-,,,,,33
HYBL,27.84,0.16,2,,,15,,,E,,-42,65,,7.1,,-,,,,,112
HYBX,29.68,0.36,1,,,17,,,B+,,-87,1,,7.8,,-,,,,,4
HYD,51.59,0.19,15,,,42,,,A+,,8,781,,4.3,,-,,,,,756
HYDB,46.57,0.06,17,,,18,,,E,,-22,160,,7.0,,-,,,,,205
HYDR,50.47,-3.57,2,,,98,,,E,,-73,29,,2.5,,-,,,,,116
HYDW,46.71,0.17,1,,,24,,,E,,42,4,,5.7,,-,,,,,3
HYEM,20.02,0.10,10,,,36,,,D,,-15,172,,6.7,,-,,,,,248
HYFI,37.14,0.13,,,,21,,,A-,,582,315,,6.6,,-,,,,,47
HYG,79.71,0.15,186,,,23,,,D-,,-27,26113,,5.9,,-,,,,,36188
HYGH,86.39,0.08,2,,,36,,,D+,,46,82,,6.9,,-,,,,,56
HYGM,24.67,0.06,,,,26,,,,,348,3,,10.0,,-,,,,,1
HYGV,40.13,0.21,4,,,20,,,D-,,-67,37,,7.4,,-,,,,,113
HYGW,28.92,0.08,1,,,9,,,B-,,-64,33,,11.5,,-,,,,,90
HYHG,64.68,0.18,,,,31,,,C,,-8,16,,6.7,,-,,,,,17
HYI,10.61,-0.56,3,,,13,,,B,,-35,43,-62.32,10.8,34,10/27/2010,78.8,,,-26.22,67
HYIN,14.24,-0.47,,,,11,,,D,,-42,13,,13.4,,-,,,,,22
HYLB,36.39,0.17,54,,,22,,,C,,9,1432,,6.5,,-,,,,,1276
HYLS,40.80,0.22,9,,,19,,,E,,23,181,,6.8,,-,,,,,149
HYMB,25.37,0.20,9,,,43,,,A+,,-44,540,,4.5,,-,,,,,961
HYP,28.85,-6.65,,,,81,,,C,,-60,15,,0.1,,-,,,,,38
HYPG,23.46,5.15,,,,24,,,,,181,271,,,,-,,,,,
HYS,92.98,-0.01,19,,,14,,,E,,2,128,,7.4,,-,,,,,124
HYSA,14.93,0.40,1,,,20,,,A,,3,59,,6.7,,-,,,,,58
HYSD,20.13,0.10,7,,,23,,,D+,,-22,4,,5.8,,-,,,,,5
HYT,8.54,-0.12,29,,,17,,,A,,-2,723,65.58,11.0,56,-,92.2,,,-21.21,739
HYTI,19.07,0.42,,,,10,,,C,,17,38,,10.4,,-,,,,,33
HYTR,21.41,0.18,2,,,19,,,B-,,-19,54,,5.7,,-,,,,,60
HYUP,41.57,0.24,1,,,21,,,C-,,-34,4,,7.5,,-,,,,,7
HYXF,46.53,-0.17,2,,,21,,,E,,2009,340,,6.0,,-,,,,,16
HYZD,22.54,-0.04,9,,,34,,,E,,371,259,,5.5,,-,,,,,58
IACO,9.92,,2,,,,,,,,51,51,,,73,-,,,,,52
IACQ,9.98,0.30,,,,,,,,,-99,1,,,88,-,,,,,
IAE,8.73,-2.13,8,,,92,,,C+,,-47,35,76,8.8,96,-,396.7,,,5555.52,67
IAF,12.38,1.14,3,,,19,,,E,,192,55,65.75,11.7,60,12/12/1985,126.1,,,-17.17,20
IAGG,50.13,-0.06,70,,,24,,,D-,,-67,752,,2.9,,-,,,,,2272
IAI,184.28,1.69,12,,,61,,,C-,,-28,66,,1.2,,-,,,,,111
IAK,147.25,2.55,5,,,74,,,A+,,197,160,,2.5,,-,,,,,53
IALT,28.06,,,,,52,,,E,,-73,1182,,0.4,,-,,,,,4456
IAPR,33.32,0.53,1,,,62,,,C-,,-82,4,,,,-,,,,,19
IAT,62.75,-1.01,8,,,88,,,B+,,-8,162,,2.6,,-,,,,,162
IAU,77.51,2.04,199,,,34,,,E,,-26,4679,,,,-,,,,,6268
IAUG,30.23,0.29,,,,57,,,A,,-96,0,,,,-,,,,,5
IAUI,49.59,1.83,1,,,10,,,E,,-1,216,,13.6,,-,,,,,210
IAUM,41.06,1.99,34,,,35,,,E,,102,4669,,,,-,,,,,2329
IBAC,,,4,,,,,,C-,,,0,,,79,-,,,,-314.86,4
IBAT,43.25,-2.71,6,,,98,,,C-,,-24,38,,0.7,,-,,,,,58
IBB,195.70,2.94,80,,,93,,,A-,,50,2214,,0.2,,-,,,,,1502
IBBQ,33.63,2.91,2,,,94,,,A,,185,59,,0.8,,-,,,,,21
IBCA,25.53,0.24,1,,,25,,,C-,,25,80,,4.7,,-,,,,,74
IBCB,25.04,0.16,,,,33,,,E,,-66,16,,4.0,,-,,,,,54
IBD,23.81,0.17,1,,,19,,,E,,-11,59,,4.3,,-,,,,,67
IBDR,24.18,0.08,7,,,28,,,E,,-32,401,,4.1,,-,,,,,600
IBDS,24.14,0.08,5,,,21,,,E,,-24,426,,4.3,,-,,,,,591
IBDT,25.19,0.20,4,,,17,,,E,,-12,491,,4.5,,-,,,,,573
IBDU,23.11,0.22,6,,,15,,,E,,-8,598,,4.6,,-,,,,,673
IBDV,21.72,0.12,6,,,13,,,E,,-5,578,,4.6,,-,,,,,618
IBDW,20.77,0.14,5,,,13,,,E,,13,599,,4.8,,-,,,,,564
IBDX,25.09,0.12,4,,,15,,,E,,12,238,,4.8,,-,,,,,221
IBDY,25.65,0.16,3,,,13,,,E,,-31,185,,4.9,,-,,,,,282
IBDZ,25.94,0.15,1,,,18,,,E,,-25,113,,4.8,,-,,,,,154
IBFR,50.23,0.80,,,,35,,,E,,-32,1,,1.6,,-,,,,,5
IBGA,24.23,0.01,2,,,10,,,E,,-45,8,,1.5,,-,,,,,16
IBGB,24.18,0.04,2,,,10,,,C,,-77,1,,4.5,,-,,,,,4
IBGC,24.81,,,,,28,,,E,,-98,0,,4.7,,-,,,,,7
IBGK,23.13,,1,,,9,,,A+,,-95,0,,3.4,,-,,,,,2
IBGL,23.78,,1,,,9,,,C,,-98,0,,4.6,,-,,,,,1
IBGM,24.71,-0.02,,,,27,,,E,,-89,0,,4.7,,-,,,,,1
IBHF,22.57,0.04,13,,,9,,,C,,-61,146,,6.2,,-,,,,,374
IBHG,21.99,0.09,7,,,13,,,D-,,15,182,,6.0,,-,,,,,161
IBHH,23.43,0.19,4,,,21,,,D-,,-31,67,,6.2,,-,,,,,104
IBHI,23.29,-0.04,3,,,21,,,E,,-4,135,,6.6,,-,,,,,142
IBHJ,26.36,0.17,2,,,25,,,E,,-8,22,,6.6,,-,,,,,25
IBHK,25.59,-0.04,1,,,25,,,C+,,3,17,,6.4,,-,,,,,17
IBHL,25.36,0.26,,,,24,,,E,,26,9,,6.3,,-,,,,,7
IBHM,25.34,0.14,,,,37,,,E,,125,9,,6.3,,-,,,,,4
IBIC,25.54,-0.02,4,,,18,,,D,,-14,8,,4.5,,-,,,,,13
IBID,25.66,0.12,2,,,12,,,E,,20,32,,4.8,,-,,,,,28
IBIE,25.66,0.06,3,,,10,,,E,,-53,13,,4.8,,-,,,,,30
IBIF,25.66,0.02,3,,,10,,,E,,-17,14,,4.8,,-,,,,,17
IBIG,25.61,,3,,,9,,,E,,-64,10,,5.0,,-,,,,,29
IBIH,25.66,0.08,2,,,10,,,E,,-21,12,,4.8,,-,,,,,16
IBII,25.35,0.18,2,,,10,,,B-,,53,20,,5.1,,-,,,,,13
IBIJ,25.34,0.08,2,,,9,,,E,,250,25,,5.3,,-,,,,,7
IBIK,25.14,-0.06,2,,,9,,,E,,20,14,,5.4,,-,,,,,12
IBIL,24.90,-0.06,2,,,10,,,E,,90,17,,4.7,,-,,,,,9
IBIM,24.84,0.09,1,,,26,,,E,,46,16,,7.2,,-,,,,,10
IBIT,34.87,2.56,106,,,5,,,D-,,5,46689,,,,-,,,,,45272
IBLC,45.32,-3.48,1,,,63,,,D,,-55,8,,1.2,,-,,,,,17
IBMO,25.60,0.12,2,,,28,,,E,,-6,60,,2.4,,-,,,,,65
IBMP,25.38,0.08,2,,,29,,,B+,,-21,62,,2.5,,-,,,,,82
IBMQ,25.53,0.02,2,,,31,,,D-,,-18,58,,2.4,,-,,,,,72
IBMR,25.36,0.06,1,,,29,,,D-,,41,80,,2.5,,-,,,,,57
IBMS,25.89,0.07,2,,,30,,,B,,37,78,,2.5,,-,,,,,59
IBMT,25.76,0.12,,,,30,,,C,,131,75,,2.3,,-,,,,,33
IBMU,25.39,0.14,,,,35,,,E,,88,17,,2.4,,-,,,,,9
IBMV,25.39,0.14,,,,35,,,E,,580,26,,3.0,,-,,,,,3
IBMW,25.34,0.25,,,,32,,,,,-12,3,,4.0,,-,,,,,2
IBMX,25.16,0.14,,,,31,,,,,13,3,,3.5,,-,,,,,2
IBND,31.11,0.48,6,,,15,,,E,,-74,27,,2.8,,-,,,,,102
IBOT,66.23,-2.07,1,,,96,,,C,,13,24,,0.3,,-,,,,,23
IBRN,39.06,1.96,,,,96,,,B-,,-36,1,,0.8,,-,,,,,2
IBTG,22.83,0.04,4,,,21,,,E,,-13,341,,3.9,,-,,,,,417
IBTH,22.32,0.11,5,,,19,,,E,,120,942,,3.8,,-,,,,,431
IBTI,22.09,0.16,5,,,14,,,E,,-17,299,,3.8,,-,,,,,368
IBTJ,21.60,0.16,4,,,12,,,D-,,204,790,,3.8,,-,,,,,262
IBTK,19.48,0.13,2,,,11,,,E,,-15,166,,3.8,,-,,,,,201
IBTL,20.12,0.20,2,,,11,,,E,,-46,98,,3.9,,-,,,,,182
IBTM,22.62,0.13,4,,,11,,,E,,48,198,,3.9,,-,,,,,131
IBTO,24.04,0.13,3,,,10,,,E,,-40,40,,4.1,,-,,,,,68
IBTP,25.27,0.10,4,,,11,,,E,,-23,49,,4.0,,-,,,,,64
IBTQ,24.96,0.06,5,,,11,,,C-,,-61,36,,3.7,,-,,,,,95
IBTR,24.77,0.08,1,,,26,,,E,,-5,8,,3.9,,-,,,,,8
IBUF,31.48,0.22,1,,,63,,,A-,,183,57,,,,-,,,,,22
IBUY,70.60,0.66,6,,,44,,,B-,,-20,5,,0.1,,-,,,,,14
IBX,31.12,1.87,,,,76,,,E,,39,788,,,,-,,,,,597
ICAP,28.33,0.62,1,,,52,,,E,,-65,12,,9.6,,-,,,,,34
ICF,68.56,1.12,9,,,75,,,C-,,-40,86,,2.4,,-,,,,,145
ICLN,19.67,-2.53,49,,,87,,,E,,-35,4390,,0.8,,-,,,,,6447
ICLO,25.62,0.16,3,,,35,,,A+,,-34,79,,5.0,,-,,,,,120
ICOI,10.55,1.93,1,,,7,,,C,,-54,23,,751.3,,-,,,,,51
ICOP,49.24,1.45,6,,,84,,,E,,-40,75,,2.3,,-,,,,,131
ICOW,42.20,2.10,4,,,62,,,E,,-9,182,,2.4,,-,,,,,201
ICPI,50.19,-0.02,1,,,28,,,C,,-2,4,,4.4,,-,,,,,5
ICPY,12.38,1.39,1,,,82,,,C,,41,13,,0.3,,-,,,,,10
ICRC,18.12,3.00,,,,5,,,E,,2,0,,69.1,,-,,,,,1
ICSH,50.44,0.04,11,,,21,,,E,,-2,1360,,4.3,,-,,,,,1424
ICVT,117.43,-1.67,36,,,90,,,D+,,97,1627,,1.3,,-,,,,,854
IDE,13.84,0.22,2,,,78,,,E,,-38,24,,8.8,,-,,,,,40
IDEC,34.43,0.72,1,,,63,,,C-,,-35,0,,,,-,,,,,2
IDEF,32.99,2.87,1,,,56,,,E,,-55,432,,0.3,,-,,,,,967
IDEQ,34.76,0.38,4,,,86,,,E,,-49,177,,1.3,,-,,,,,360
IDEV,89.56,1.07,47,,,70,,,E,,-30,1046,,3.3,,-,,,,,1398
IDGT,114.26,-2.64,1,,,95,,,D,,-56,32,,0.8,,-,,,,,73
IDHQ,43.87,1.34,2,,,95,,,B,,-40,63,,2.1,,-,,,,,107
IDIAU,10.00,,,,,,,,,,,0,,,76,-,,,,,
IDJL,25.33,0.02,,,,,,,,,,39,,,,-,,,,,
IDJN,24.82,0.41,,,,28,,,,,-44,1,,,,-,,,,,
IDLV,34.71,1.28,15,,,43,,,E,,17,42,,5.0,,-,,,,,35
IDMO,60.17,0.48,11,,,75,,,E,,-22,311,,2.1,,-,,,,,400
IDMY,25.12,0.05,,,,25,,,,,2959,40,,,,-,,,,,
IDNA,34.91,3.87,7,,,96,,,A+,,-6,50,,0.8,,-,,,,,52
IDOG,41.48,1.25,3,,,62,,,E,,74,45,,4.5,,-,,,,,27
IDRV,37.74,-0.19,4,,,42,,,E,,-55,112,,1.7,,-,,,,,29
IDU,115.75,2.15,31,,,44,,,D,,-49,85,,2.2,,-,,,,,185
IDUB,27.33,-0.36,,,,81,,,E,,-46,17,,4.6,,-,,,,,32
IDV,41.81,1.63,23,,,57,,,E,,63,1551,,5.5,,-,,,,,963
IDVO,41.79,0.99,3,,,67,,,E,,-54,128,,5.7,,-,,,,,278
IDVY,26.00,1.14,1,,,53,,,E,,1,0,,1.6,,-,,,,,0
IDVZ,34.33,1.51,,,,62,,,E,,20,28,,2.6,,-,,,,,23
IDX,10.05,1.31,3,,,3,,,E,,-71,30,,3.3,,-,,,,,85
IDYN,30.06,1.20,1,,,66,,,D-,,-82,1,,1.8,,-,,,,,10
IEAG,10.20,0.39,27,,,,,,C-,,9,76,,,48,-,,,,,39
IEDI,55.56,1.44,2,,,38,,,D-,,-48,2,,1.0,,-,,,,,3
IEF,94.12,0.10,187,,,10,,,E,,8,7607,,3.9,,-,,,,,7089
IEFA,97.30,1.27,257,,,71,,,E,,4,10152,,3.4,,-,,,,,10013
IEI,117.11,0.14,86,,,11,,,E,,-19,957,,3.6,,-,,,,,1203
IEMG,79.84,-0.98,373,,,91,,,E,,3,13540,,2.2,,-,,,,,13353
IEO,110.52,0.67,9,,,56,,,D-,,-78,20,,2.1,,-,,,,,89
IETC,103.67,-2.06,2,,,66,,,C-,,-40,31,,0.4,,-,,,,,52
IETH,17.36,4.59,,,,6,,,D,,174,0,,71.6,,-,,,,,0
IEUR,75.87,1.85,83,,,69,,,E,,-57,484,,3.2,,-,,,,,1067
IEUS,70.27,1.58,2,,,53,,,E,,-50,4,,3.3,,-,,,,,10
IEV,73.60,1.98,18,,,72,,,E,,-44,75,,2.8,,-,,,,,137
IEZ,25.86,-0.73,5,,,63,,,E,,-56,258,,1.3,,-,,,,,682
IFEB,31.37,0.65,1,,,54,,,E,,247,65,,,,-,,,,,21
IFED,44.77,0.92,,,,34,,,D-,,-57,0,,,,-,,,,,1
IFGL,22.47,1.38,1,,,23,,,E,,32,12,,4.1,,-,,,,,10
IFLN,18.34,0.16,10,,,28,,,B-,,-50,64,,6.1,,-,,,,,130
IFLO,33.58,1.72,3,,,84,,,E,,-34,6,,1.5,,-,,,,,8
IFLR,53.21,0.77,,,,51,,,C,,-46,8,,1.3,,-,,,,,14
IFN,11.70,-0.43,6,,,21,,,A,,-14,129,-52.07,14.4,3,2/14/1994,-59.9,,,-605.44,150
IFRA,62.23,0.55,21,,,81,,,D+,,3,405,,1.5,,-,,,,,393
IFV,26.53,0.23,1,,,63,,,E,,1,44,,1.8,,-,,,,,44
IG,20.59,0.10,1,,,17,,,E,,-50,23,,5.0,,-,,,,,45
IGA,9.87,0.20,2,,,36,,,B+,,7,52,173.5,10.5,64,-,96.3,,,9.02,50
IGAC,10.03,0.20,27,,,,,,C,,-76,8,,,65,-,,,,,8
IGBH,24.56,0.18,1,,,38,,,D-,,-29,49,,6.1,,-,,,,,72
IGCB,45.70,,1,,,15,,,A+,,-97,0,,4.7,,-,,,,,1
IGD,6.16,0.49,12,,,56,,,D,,-30,216,191.75,9.9,63,-,98.0,,,19.94,312
IGE,56.51,1.42,4,,,53,,,E,,-4,174,,2.1,,-,,,,,191
IGEB,44.96,0.20,4,,,17,,,E,,-34,158,,5.0,,-,,,,,268
IGF,66.87,1.64,111,,,51,,,E,,-24,607,,1.8,,-,,,,,833
IGGY,28.55,,,,,37,,,D-,,-96,0,,,,-,,,,,0
IGHG,78.17,0.08,3,,,26,,,E,,-83,4,,5.1,,-,,,,,26
IGI,16.12,-0.06,3,,,19,,,E,,-84,3,5.24,5.3,29,-,145.0,,,-36.31,21
IGIB,52.95,0.13,56,,,16,,,E,,-15,3048,,4.8,,-,,,,,2643
IGLB,49.76,0.16,27,,,19,,,E,,4,2306,,5.2,,-,,,,,1379
IGLD,21.10,1.98,3,,,6,,,E,,9,390,,20.9,,-,,,,,358
IGM,156.84,-2.59,21,,,96,,,C,,-28,438,,0.1,,-,,,,,622
IGME,23.48,0.92,,,,6,,,D+,,1094,1,,72.4,,-,,,,,1
IGOV,41.04,0.34,36,,,16,,,E,,-47,284,,1.4,,-,,,,,556
IGPT,95.27,-4.86,6,,,99,,,C+,,15,231,,,,-,,,,,200
IGR,4.62,1.32,6,,,41,,,C,,-0,573,-74.14,15.7,10,-,231.7,,,-249.53,578
IGRO,89.12,1.62,5,,,65,,,E,,-45,24,,2.8,,-,,,,,44
IGSB,52.25,0.15,61,,,16,,,E,,-26,2319,,4.6,,-,,,,,3402
IGTA,0.00,-99.99,1,,,,,,E,,-4,0,,,96,-,,,,-5.64,0
IGTR,33.38,-0.43,,,,93,,,B-,,-88,3,,,,-,,,,,26
IGV,93.57,0.25,120,,,38,,,A,,12,24908,,,,-,,,,,21113
IHAK,62.07,0.24,6,,,92,,,A+,,-49,83,,0.1,,-,,,,,163
IHD,7.60,-0.91,5,,,91,,,E,,30,131,197.19,8.5,97,-,354.9,,,4391.5,102
IHDG,52.82,1.05,2,,,75,,,A,,-61,61,,1.8,,-,,,,,154
IHE,100.96,2.72,3,,,94,,,A+,,686,885,,1.5,,-,,,,,118
IHF,57.50,0.72,14,,,94,,,A+,,-53,323,,0.9,,-,,,,,556
IHI,51.88,3.80,21,,,7,,,B-,,52,4200,,0.5,,-,,,,,2754
IHY,21.63,0.30,,,,20,,,C+,,-80,3,,5.8,,-,,,,,18
IIF,22.90,0.31,5,,,33,,,A+,,-32,23,-51.93,,2,2/17/1994,-29.8,,,-267.9,34
IIGD,24.48,0.18,1,,,17,,,E,,-84,1,,4.2,,-,,,,,8
IIM,12.93,0.54,5,,,57,,,A-,,27,141,5.58,7.3,15,2/19/1993,49.0,,,906.76,113
IINC,25.40,0.57,,,,,,,,,-100,0,,,,-,,,,,
IJAN,38.23,0.82,,,,59,,,C,,1262,141,,,,-,,,,,10
IJH,76.09,-0.46,108,,,84,,,C,,-14,8444,,1.2,,-,,,,,7768
IJJ,146.76,-0.01,13,,,75,,,B,,-56,75,,1.6,,-,,,,,169
IJK,115.13,-0.81,15,,,89,,,C,,63,491,,0.5,,-,,,,,302
IJR,146.48,-0.72,140,,,92,,,A,,-2,4003,,1.1,,-,,,,,4236
IJS,135.45,-0.77,16,,,90,,,A-,,-34,288,,1.3,,-,,,,,435
IJT,175.89,-0.76,10,,,94,,,A,,3,174,,0.7,,-,,,,,170
IJUL,36.17,0.78,,,,66,,,A+,,910,273,,,,-,,,,,27
IJUN,31.30,0.77,,,,63,,,E,,-97,1,,,,-,,,,,53
ILCB,103.35,-0.09,7,,,81,,,C+,,752,95,,1.0,,-,,,,,12
ILCG,114.09,-1.36,8,,,83,,,C,,29,120,,0.4,,-,,,,,93
ILCV,103.18,1.04,13,,,78,,,D+,,-21,23,,1.6,,-,,,,,30
ILDR,38.24,-1.77,1,,,93,,,C,,-31,33,,,,-,,,,,48
ILF,33.69,0.45,127,,,56,,,E,,-48,1341,,3.5,,-,,,,,2643
ILIT,17.24,-1.43,,,,70,,,E,,-59,16,,1.9,,-,,,,,39
ILLU,9.92,0.20,1,,,,,,,,-58,10,,,63,-,,,,,12
ILOW,45.90,1.72,1,,,65,,,C,,232,161,,0.6,,-,,,,,49
ILS,19.68,-0.03,,,,11,,,E,,-75,12,,8.2,,-,,,,,48
ILTB,48.90,0.12,4,,,16,,,D+,,-22,39,,4.9,,-,,,,,53
IMAR,30.58,0.88,1,,,52,,,E,,-96,6,,,,-,,,,,177
IMAY,31.81,0.56,,,,60,,,E,,-29,35,,,,-,,,,,50
IMCB,96.96,0.27,1,,,88,,,A,,88,71,,1.2,,-,,,,,38
IMCG,97.27,-0.61,3,,,92,,,B+,,-6,91,,0.6,,-,,,,,97
IMCV,93.28,1.39,2,,,79,,,C-,,-1,19,,1.9,,-,,,,,20
IMF,50.83,-0.04,4,,,57,,,E,,-98,0,,0.9,,-,,,,,12
IMFL,34.05,0.89,9,,,83,,,E,,-7,53,,2.9,,-,,,,,58
IMOM,42.93,-0.92,2,,,83,,,E,,-13,15,,2.3,,-,,,,,17
IMRA,15.76,-5.81,,,,39,,,C-,,-62,2,,65.9,,-,,,,,4
IMST,7.66,6.24,,,,2,,,E,,-51,17,,196.0,,-,,,,,36
IMTB,43.42,0.16,1,,,22,,,E,,38,42,,4.5,,-,,,,,31
IMTG,49.08,0.15,,,,19,,,C-,,156,0,,5.1,,-,,,,,0
IMTM,52.52,-0.02,17,,,73,,,E,,-26,350,,2.3,,-,,,,,484
IMVP,20.16,0.85,1,,,11,,,D-,,-73,12,,0.5,,-,,,,,46
INAC,10.25,0.08,28,,,,,,E,,53,19,,,21,-,,,,665.16,9
INCE,67.68,1.05,,,,65,,,E,,-34,10,,1.7,,-,,,,,16
INCM,29.15,0.59,2,,,45,,,C-,,-28,268,,5.2,,-,,,,,373
INCO,60.37,0.94,6,,,33,,,B,,158,82,,,,-,,,,,32
IND,22.89,,,,,35,,,E,,-86,0,,0.3,,-,,,,,1
INDA,49.56,0.71,146,,,27,,,B,,-39,3649,,,,-,,,,,6470
INDE,29.57,0.15,1,,,42,,,E,,-96,0,,1.8,,-,,,,,4
INDH,39.46,,1,,,22,,,D,,-49,0,,,,-,,,,,1
INDL,45.45,1.56,2,,,33,,,A,,-54,9,,1.4,,-,,,,,20
INDQ,26.06,,,,,36,,,,,-100,0,,,,-,,,,,2
INDS,41.04,1.44,,,,72,,,A,,23,10,,3.3,,-,,,,,9
INDY,43.67,0.76,11,,,20,,,A-,,-23,102,,0.9,,-,,,,,135
INDZ,25.43,0.20,1,,,,,,C,,-77,0,,,,-,,,,,2
INEQ,39.17,1.94,,,,49,,,E,,-50,8,,1.7,,-,,,,,16
INFH,9.09,-9.19,,,,20,,,,,139,648,,,,-,,,,,
INFL,49.78,1.26,4,,,51,,,E,,26,587,,0.8,,-,,,,,313
INFO,27.04,-0.26,,,,85,,,E,,-67,8,,0.3,,-,,,,,23
INKM,34.44,0.54,2,,,46,,,C+,,-72,3,,4.8,,-,,,,,12
INMU,24.21,0.04,2,,,40,,,A,,-13,157,,3.3,,-,,,,,180
INOV,36.86,0.78,,,,64,,,D,,-75,1,,,,-,,,,,3
INQQ,13.13,0.74,,,,34,,,A+,,-93,2,,0.5,,-,,,,,37
INRO,36.14,-0.47,,,,88,,,D,,113,5,,0.6,,-,,,,,2
INTF,41.24,1.38,7,,,72,,,E,,17,333,,3.1,,-,,,,,294
INTL,30.34,0.33,1,,,70,,,D-,,-24,20,,3.4,,-,,,,,26
INTM,52.31,0.04,11,,,42,,,E,,-75,0,,3.5,,-,,,,,1
INTW,37.10,-10.86,1,,,99,,,D-,,-24,5707,,,,-,,,,,6732
INVG,25.39,0.10,2,,,20,,,E,,-6,7,,4.4,,-,,,,,6
INVN,22.24,1.47,,,,71,,,C,,1190,1,,0.3,,-,,,,,4
INYY,51.49,-6.00,,,,29,,,,,146,55,,5.8,,-,,,,,
IOCT,37.08,0.47,,,,60,,,A-,,268,52,,,,-,,,,,14
ION,50.94,-0.37,,,,46,,,E,,-10,4,,1.5,,-,,,,,5
IONC,20.52,-10.52,,,,,,,,,-100,0,,,,-,,,,,
IONL,22.91,-8.80,,,,40,,,E,,-39,626,,,,-,,,,,1063
IONX,42.90,-9.21,2,,,40,,,E,,-72,779,,3.8,,-,,,,,1805
IONZ,2.99,8.73,2,,,1,,,C,,-11,18130,,,,-,,,,,21003
IOO,137.21,0.74,21,,,83,,,D,,-34,162,,0.9,,-,,,,,251
IOPP,26.14,0.86,1,,,36,,,D,,757,0,,0.4,,-,,,,,1
IOSX,29.91,9.63,,,,,,,,,,0,,,,-,,,,,
IOYY,7.92,-1.32,3,,,6,,,E,,51,52,,144.5,,-,,,,,35
IPAC,82.03,0.29,11,,,73,,,D,,258,556,,3.9,,-,,,,,156
IPAV,31.79,0.57,,,,66,,,B+,,-19,1,,1.2,,-,,,,,2
IPAY,48.40,1.88,7,,,34,,,B+,,-39,20,,0.1,,-,,,,,34
IPCX,10.35,0.19,30,,,,,,C,,-77,18,,,43,-,,,,1925.78,75
IPEX,10.50,-0.01,26,,,,,,D,,-92,1,,,86,-,,,,-20.67,11
IPFX,10.38,-0.10,1,,,,,,,,-97,15,,,14,-,,,,,
IPKW,57.26,1.41,1,,,56,,,E,,8,46,,3.7,,-,,,,,43
IPO,57.50,-1.57,5,,,92,,,A-,,-53,21,,0.4,,-,,,,,45
IPOS,24.55,-2.91,3,,,98,,,B+,,175,13,,0.3,,-,,,,,5
IQDF,34.25,0.53,2,,,81,,,E,,41,75,,3.1,,-,,,,,56
IQDG,43.53,1.49,7,,,63,,,E,,-76,14,,2.4,,-,,,,,59
IQDY,42.14,0.26,,,,87,,,E,,-70,2,,3.0,,-,,,,,8
IQHI,25.89,0.15,7,,,16,,,B,,308,1,,6.6,,-,,,,,7
IQI,10.20,0.29,17,,,53,,,B+,,-23,102,5.11,7.5,17,9/29/1992,48.6,,,1025.23,134
IQLT,49.60,1.25,24,,,70,,,E,,81,2347,,2.5,,-,,,,,1344
IQM,111.65,-5.49,1,,,96,,,B-,,-18,7,,,,-,,,,,9
IQMM,100.14,0.05,75,,,30,,,C,,-82,137,,1.2,,-,,,,,1536
IQQQ,48.73,-1.65,,,,82,,,C,,-18,51,,5.3,,-,,,,,62
IQRA,30.53,,,,,59,,,C-,,-97,0,,2.6,,-,,,,,0
IQSI,38.31,1.00,8,,,73,,,A+,,-95,1,,2.7,,-,,,,,27
IQSM,39.46,-0.36,8,,,84,,,A,,934,4,,1.1,,-,,,,,5
IQSU,61.93,-0.47,9,,,90,,,A,,-36,3,,1.0,,-,,,,,5
IQSZ,31.36,-0.09,,,,86,,,E,,197,0,,1.5,,-,,,,,0
IRAB,9.94,,17,,,,,,E,,-51,4,,,47,-,,,,,4
IRE,11.92,-21.01,,,,19,,,E,,35,9811,,,,-,,,,,6260
IREG,9.27,-21.17,1,,,32,,,E,,64,705,,,,-,,,,,435
IREX,16.52,-21.26,2,,,28,,,E,,-37,1519,,,,-,,,,,947
IREZ,10.80,20.54,2,,,,,,C,,-1,7344,,,,-,,,,,7937
IRHO,10.05,,18,,,,,,C-,,-100,0,,,34,-,,,,1730.79,49
IROC,51.28,0.09,12,,,41,,,A+,,-10,7,,5.1,,-,,,,,9
IRTR,31.89,0.07,,,,50,,,E,,42,24,,2.9,,-,,,,,13
IRVH,19.29,0.29,,,,7,,,B+,,6691,2,,5.6,,-,,,,,0
ISBG,11.39,5.40,1,,,8,,,E,,-73,3,,14.9,,-,,,,,11
ISCB,75.02,-0.40,1,,,89,,,A,,1,3,,1.3,,-,,,,,3
ISCF,43.75,0.71,7,,,57,,,E,,11,60,,3.7,,-,,,,,54
ISCG,64.58,-0.81,7,,,90,,,A,,49,46,,0.6,,-,,,,,31
ISCV,78.79,0.59,3,,,86,,,A,,11,13,,1.9,,-,,,,,12
ISD,12.98,0.08,12,,,14,,,C+,,3,102,92.42,9.8,47,4/26/2012,173.8,,,-26.79,100
ISEP,34.69,0.42,1,,,59,,,A+,,-92,2,,,,-,,,,,19
ISHG,74.40,0.53,5,,,19,,,E,,6,130,,1.5,,-,,,,,123
ISHP,34.09,,,,,19,,,D,,25,0,,1.2,,-,,,,,0
ISMD,49.18,-1.07,1,,,95,,,D,,98,66,,1.1,,-,,,,,34
ISMF,27.77,-0.42,1,,,50,,,E,,34,13,,2.6,,-,,,,,10
ISPY,47.84,-0.10,,,,64,,,C,,-61,43,,4.8,,-,,,,,110
ISRA,65.21,-0.32,2,,,81,,,E,,-51,4,,1.4,,-,,,,,8
ISRLF,12.51,-13.72,2,,,,,,E,,-40,0,,,67,-,,,,5.12,0
ISSB,16.73,2.34,1,,,11,,,E,,-53,2,,10.9,,-,,,,,4
ISTB,48.12,0.15,7,,,14,,,E,,-32,335,,4.2,,-,,,,,566
ISTM,28.86,0.72,1,,,43,,,E,,-16,4,,14.6,,-,,,,,5
ISUL,19.44,11.72,,,,6,,,D-,,44,78,,,,-,,,,,56
ISVL,50.94,0.78,4,,,70,,,E,,-33,12,,3.2,,-,,,,,18
ISWN,22.27,0.80,,,,50,,,D,,-85,0,,2.8,,-,,,,,3
ITA,248.19,1.78,75,,,89,,,C,,-18,731,,0.4,,-,,,,,901
ITAN,42.02,0.11,,,,90,,,D,,-77,2,,1.0,,-,,,,,8
ITB,102.90,0.74,23,,,57,,,B+,,-36,1483,,0.6,,-,,,,,2325
ITDB,34.98,0.05,1,,,58,,,D,,26,33,,1.9,,-,,,,,26
ITDC,36.59,0.04,,,,64,,,D,,-8,21,,1.9,,-,,,,,23
ITDD,38.43,0.18,,,,72,,,D,,44,28,,1.7,,-,,,,,20
ITDE,39.89,0.07,,,,76,,,C,,21,16,,1.7,,-,,,,,14
ITDF,41.30,0.05,1,,,80,,,D,,-53,7,,1.5,,-,,,,,15
ITDG,41.97,0.02,,,,82,,,D,,66,14,,1.5,,-,,,,,9
ITDH,42.01,0.10,,,,83,,,D,,42,8,,1.5,,-,,,,,6
ITDI,41.95,0.02,2,,,83,,,D,,-75,1,,1.5,,-,,,,,4
ITDJ,32.64,0.14,,,,83,,,B-,,184,10,,1.3,,-,,,,,4
ITEQ,66.23,-0.86,1,,,84,,,C,,-71,2,,0.8,,-,,,,,7
ITG,15.46,-12.70,,,,,,,,,-38,2523,,,,-,,,,,
ITHA,10.03,0.50,24,,,,,,E,,477,13,,,14,-,,,,,2
ITM,46.87,0.13,8,,,35,,,D,,-11,188,,3.0,,-,,,,,213
ITOT,163.76,-0.16,62,,,83,,,C-,,8,2207,,1.0,,-,,,,,2153
ITWO,46.24,-0.43,,,,89,,,A-,,-34,21,,7.2,,-,,,,,32
IUS,66.44,0.72,1,,,89,,,C,,-49,26,,1.3,,-,,,,,53
IUSB,45.96,0.09,27,,,17,,,E,,-56,2716,,4.2,,-,,,,,6365
IUSG,185.30,-1.08,24,,,87,,,C-,,-3,555,,0.5,,-,,,,,570
IUSV,111.58,0.99,14,,,71,,,D,,-9,634,,1.7,,-,,,,,694
IVAL,34.72,2.48,2,,,68,,,E,,101,37,,2.7,,-,,,,,20
IVE,230.20,1.06,51,,,71,,,D,,-36,634,,1.6,,-,,,,,1085
IVEP,26.71,-1.11,,,,35,,,,,-2,34,,,,-,,,,,35
IVES,37.28,-1.66,3,,,93,,,E,,35,812,,0.4,,-,,,,,606
IVLU,42.32,1.39,17,,,78,,,E,,2,974,,3.4,,-,,,,,957
IVOG,143.43,-0.66,2,,,89,,,C+,,-6,25,,0.5,,-,,,,,27
IVOL,17.38,0.49,2,,,7,,,E,,-51,81,,3.9,,-,,,,,133
IVOO,128.67,-0.49,6,,,83,,,B-,,-14,69,,1.2,,-,,,,,81
IVOV,113.36,-0.14,2,,,76,,,D+,,-54,7,,1.6,,-,,,,,16
IVRS,31.74,-0.31,1,,,33,,,D,,-20,0,,,,-,,,,,0
IVSI,29.07,1.60,1,,,68,,,C,,95,2,,,,-,,,,,1
IVSS,30.04,0.19,1,,,78,,,E,,-53,2,,0.1,,-,,,,,3
IVSX,24.65,1.54,1,,,40,,,E,,891,8,,,,-,,,,,1
IVV,748.43,-0.09,601,,,81,,,D,,-19,6039,,1.1,,-,,,,,8817
IVVB,34.60,-0.03,,,,57,,,B-,,-55,14,,1.2,,-,,,,,30
IVVM,36.93,-0.08,,,,64,,,B-,,-67,6,,0.6,,-,,,,,21
IVVW,44.16,-0.02,1,,,22,,,A,,24,56,,17.6,,-,,,,,62
IVW,135.41,-1.07,41,,,86,,,C-,,-21,1861,,0.4,,-,,,,,2536
IWB,408.75,-0.03,51,,,80,,,C-,,-18,580,,0.9,,-,,,,,721
IWC,197.59,-1.35,16,,,96,,,D,,50,218,,0.8,,-,,,,,146
IWD,246.81,1.20,93,,,89,,,B-,,-6,2346,,1.4,,-,,,,,2340
IWDL,64.25,1.88,,,,97,,,B,,1391,10,,,,-,,,,,0
IWF,121.16,-1.51,95,,,66,,,D,,-99,3865,,0.4,,-,,,,,5539
IWFG,53.13,-1.44,,,,51,,,E,,-63,1,,,,-,,,,,3
IWFL,57.88,-3.12,,,,68,,,E,,-3,1,,,,-,,,,,0
IWL,184.49,-0.11,7,,,80,,,D+,,-26,40,,0.9,,-,,,,,55
IWLG,55.37,-1.50,5,,,65,,,E,,1,27,,,,-,,,,,175
IWM,297.58,-0.58,287,,,94,,,A-,,-24,21236,,0.9,,-,,,,,27708
IWMI,53.18,-0.43,,,,72,,,A,,-11,290,,13.4,,-,,,,,327
IWML,32.94,-1.27,,,,98,,,B,,-29,1,,,,-,,,,,1
IWMW,39.36,0.04,,,,41,,,A-,,10,13,,21.6,,-,,,,,14
IWMY,19.60,-0.49,,,,31,,,B-,,-28,42,,42.5,,-,,,,,57
IWN,221.33,-0.17,68,,,93,,,C,,-47,377,,1.4,,-,,,,,740
IWO,386.78,-1.10,41,,,93,,,C,,179,1194,,0.4,,-,,,,,414
IWP,142.96,-1.37,44,,,54,,,A,,20,1009,,0.3,,-,,,,,812
IWR,110.34,0.15,24,,,83,,,A,,2,1906,,1.2,,-,,,,,1903
IWS,166.05,0.73,27,,,88,,,B,,39,578,,1.3,,-,,,,,406
IWV,425.26,-0.08,13,,,82,,,C,,-53,168,,0.9,,-,,,,,250
IWX,107.45,1.42,6,,,90,,,C,,95,526,,1.5,,-,,,,,294
IWY,283.39,-1.54,14,,,67,,,D,,-13,368,,0.4,,-,,,,,422
IXC,49.25,1.23,38,,,55,,,E,,-55,465,,3.2,,-,,,,,1092
IXG,127.77,1.22,7,,,71,,,A,,322,114,,2.3,,-,,,,,27
IXJ,101.54,2.93,30,,,69,,,A-,,-31,147,,1.5,,-,,,,,249
IXN,136.50,-2.43,27,,,97,,,C,,53,508,,0.2,,-,,,,,459
IXP,114.64,-0.25,7,,,29,,,E,,-37,17,,3.5,,-,,,,,27
IXUS,94.72,0.39,23,,,80,,,E,,-40,1168,,1.6,,-,,,,,1991
IYC,102.07,0.56,8,,,37,,,D-,,4,116,,0.5,,-,,,,,115
IYE,56.75,0.82,14,,,56,,,E,,-30,965,,2.3,,-,,,,,1396
IYF,131.89,1.27,21,,,60,,,A-,,2,372,,1.5,,-,,,,,228
IYG,93.37,1.15,9,,,58,,,A,,-48,54,,1.1,,-,,,,,105
IYH,69.21,2.62,21,,,79,,,A+,,70,1000,,1.0,,-,,,,,801
IYJ,166.54,0.51,10,,,80,,,B-,,34,716,,0.7,,-,,,,,75
IYK,74.81,2.07,13,,,61,,,B+,,2,271,,2.6,,-,,,,,308
IYLD,22.07,0.26,,,,45,,,E,,-14,26,,4.6,,-,,,,,19
IYM,182.15,1.63,15,,,76,,,D-,,35,268,,1.3,,-,,,,,226
IYR,104.01,1.27,53,,,68,,,C-,,-3,5576,,2.2,,-,,,,,5783
IYRI,49.77,0.87,1,,,36,,,D-,,-10,68,,10.9,,-,,,,,77
IYT,87.99,0.53,11,,,92,,,C-,,-52,338,,0.9,,-,,,,,783
IYW,243.48,-2.12,65,,,96,,,C,,-26,610,,0.1,,-,,,,,915
IYY,181.79,-0.07,6,,,81,,,B-,,-17,17,,0.9,,-,,,,,20
IYZ,40.80,-2.39,11,,,79,,,E,,7,1709,,1.7,,-,,,,,1691
IZRL,30.67,-0.55,1,,,67,,,A,,-38,9,,2.7,,-,,,,,15
JA,50.08,0.06,,,,28,,,E,,-69,5,,5.1,,-,,,,,17
JAAA,50.55,0.10,57,,,31,,,A,,73,8998,,4.9,,-,,,,,5242
JABS,49.86,-0.08,1,,,20,,,C,,57,4,,4.9,,-,,,,,6
JACS,10.66,,36,,,,,,C,,-98,1,,,61,-,,,,-11.6,41
JADB,25.67,0.01,,,,,,,,,349,0,,,,-,,,,,
JADE,77.26,-1.43,1,,,94,,,E,,194,7,,1.8,,-,,,,,3
JAJL,29.94,0.03,,,,47,,,B,,151,105,,,,-,,,,,41
JANB,27.22,-0.04,1,,,54,,,C,,-94,1,,,,-,,,,,24
JANH,24.77,0.04,,,,34,,,E,,-2,0,,6.1,,-,,,,,6
JANI,25.77,0.91,,,,42,,,C,,-42,1,,,,-,,,,,10
JANJ,24.70,0.08,,,,32,,,E,,42,2,,5.0,,-,,,,,2
JANM,33.86,-0.03,2,,,47,,,D-,,-96,0,,,,-,,,,,2
JANP,34.73,0.05,1,,,66,,,E,,97,20,,,,-,,,,,11
JANT,43.97,-0.02,,,,70,,,A,,2522,164,,,,-,,,,,6
JANU,29.99,-0.17,1,,,66,,,D,,-87,1,,,,-,,,,,12
JANW,38.68,0.03,1,,,56,,,D,,1147,193,,,,-,,,,,17
JANZ,40.82,-0.14,1,,,67,,,E,,-96,1,,1.4,,-,,,,,32
JAPN,23.25,2.09,1,,,19,,,C,,-48,3,,0.3,,-,,,,,5
JATT,11.76,2.31,1,,,,,,,,-56,11,,,100,4/17/2026,,,,,17
JAVA,80.18,0.44,25,,,81,,,C+,,-11,388,,1.2,,-,,,,,455
JBBB,47.37,0.42,11,,,23,,,A+,,-59,136,,6.5,,-,,,,,360
JBND,53.28,0.08,7,,,14,,,E,,-20,825,,4.3,,-,,,,,1043
JCAL,50.24,0.12,,,,,,,,,-82,4,,3.3,,-,,,,,
JCE,16.31,-0.37,4,,,60,,,B,,-61,17,9.28,9.2,80,-,197.3,,,37.09,43
JCHI,51.77,-2.17,,,,26,,,E,,61,2,,1.9,,-,,,,,1
JCPB,46.74,0.11,16,,,15,,,E,,-26,1500,,4.9,,-,,,,,2380
JCPI,47.73,0.21,16,,,12,,,E,,1,39,,4.2,,-,,,,,63
JDIV,56.48,0.88,1,,,58,,,A+,,550,4,,1.7,,-,,,,,2
JDOC,61.89,,1,,,79,,,A+,,-98,0,,0.8,,-,,,,,1
JDST,37.94,-9.52,1,,,4,,,A,,9,656,,0.6,,-,,,,,607
JDVI,39.09,1.81,8,,,78,,,B-,,-76,4,,2.2,,-,,,,,18
JDVL,31.55,0.10,8,,,,,,E,,15,29,,1.5,,-,,,,,51
JEDI,28.74,-1.00,1,,,76,,,E,,3,246,,,,-,,,,,242
JELH,25.14,0.28,,,,30,,,,,-43,3,,7.5,,-,,,,,7
JELM,25.23,0.10,,,,32,,,,,-76,6,,4.0,,-,,,,,34
JEMA,61.36,-1.32,13,,,95,,,B+,,4,97,,2.3,,-,,,,,113
JEMB,53.74,0.33,9,,,42,,,E,,-87,1,,6.3,,-,,,,,60
JENA,10.37,-0.48,31,,,,,,C-,,409,62,,,57,-,,,,2984.9,8
JEPI,56.71,1.05,61,,,27,,,D,,-18,4628,,8.1,,-,,,,,5622
JEPQ,59.39,-1.35,29,,,54,,,C-,,5,7328,,10.5,,-,,,,,7047
JETD,2.15,-4.02,1,,,1,,,D+,,49,232,,,,-,,,,,159
JETS,33.20,-0.09,14,,,95,,,A,,-48,1941,,0.7,,-,,,,,3726
JETU,41.91,2.52,,,,99,,,B,,-88,1,,,,-,,,,,10
JFLI,53.84,-0.46,1,,,58,,,C,,-48,3,,6.7,,-,,,,,6
JFLX,50.20,0.04,4,,,29,,,D+,,-40,61,,4.8,,-,,,,,101
JFR,7.71,0.26,32,,,28,,,A+,,-38,396,-7.3,12.2,29,-,70.1,,,-52.78,640
JGH,12.64,-0.32,12,,,32,,,D+,,-3,80,26.68,9.9,53,-,96.5,,,-29.75,85
JGLO,71.33,0.32,26,,,62,,,B,,-33,132,,1.2,,-,,,,,209
JGRO,94.91,-2.00,14,,,62,,,D+,,-32,403,,0.2,,-,,,,,608
JGRW,27.33,0.75,1,,,53,,,A+,,-83,4,,0.4,,-,,,,,22
JHAC,14.95,0.49,,,,41,,,B+,,79,0,,0.6,,-,,,,,1
JHAI,34.02,-3.18,1,,,96,,,D,,73,11,,0.3,,-,,,,,7
JHCB,21.24,0.14,1,,,18,,,D,,-49,9,,4.9,,-,,,,,17
JHCP,25.10,0.28,1,,,20,,,D,,90,72,,4.6,,-,,,,,38
JHCR,25.24,0.12,8,,,26,,,A-,,-74,25,,4.2,,-,,,,,133
JHDG,27.29,-0.46,1,,,40,,,,,-91,0,,0.4,,-,,,,,35
JHDV,46.40,,,,,88,,,B+,,-99,0,,2.1,,-,,,,,1
JHEM,38.79,-1.02,23,,,90,,,E,,35,37,,1.8,,-,,,,,30
JHHY,25.62,0.06,4,,,23,,,A+,,-57,8,,6.8,,-,,,,,18
JHI,13.35,-0.01,4,,,27,,,B+,,-76,4,-7.3,9.4,45,-,63.5,,,2203.47,19
JHID,42.06,1.12,1,,,72,,,E,,-82,0,,3.5,,-,,,,,1
JHLN,24.58,-0.14,18,,,19,,,C,,116,34,,5.2,,-,,,,,17
JHMB,21.93,0.23,1,,,25,,,E,,187,120,,4.7,,-,,,,,43
JHMD,44.90,1.61,1,,,67,,,E,,-56,46,,3.1,,-,,,,,105
JHML,88.86,-0.12,,,,82,,,D+,,-13,21,,1.0,,-,,,,,25
JHMM,74.39,-0.31,11,,,80,,,C-,,28,273,,0.9,,-,,,,,243
JHMU,26.33,,,,,40,,,C,,-86,1,,3.7,,-,,,,,5
JHPI,22.76,0.07,,,,28,,,D,,-36,33,,5.7,,-,,,,,53
JHS,11.02,0.36,4,,,16,,,E,,-52,9,0.31,5.6,44,2/14/1973,105.7,,,-70.24,19
JHSC,48.12,-0.29,9,,,81,,,D,,-69,15,,1.0,,-,,,,,49
JIDE,50.58,1.14,,,,47,,,C-,,66,0,,,,-,,,,,1
JIG,85.20,-0.54,3,,,87,,,D+,,154,81,,1.9,,-,,,,,33
JIII,49.86,0.17,,,,20,,,B,,-65,6,,6.6,,-,,,,,16
JIRE,82.79,1.31,24,,,75,,,D,,-30,319,,2.8,,-,,,,,462
JIVE,92.26,1.13,6,,,84,,,E,,8,383,,2.0,,-,,,,,359
JLQD,41.17,0.08,,,,15,,,A+,,66,0,,5.4,,-,,,,,0
JLS,17.39,-0.46,1,,,8,,,E,,22,29,-22.78,10.6,52,-,92.1,,,-22.02,24
JMBS,44.99,0.29,17,,,23,,,E,,-29,453,,5.1,,-,,,,,641
JMEE,76.87,-0.66,8,,,90,,,C,,-4,125,,0.9,,-,,,,,134
JMHI,50.55,0.22,1,,,39,,,B,,1,24,,4.5,,-,,,,,25
JMID,31.16,-1.13,1,,,62,,,A-,,-92,1,,0.6,,-,,,,,5
JMM,5.86,-0.31,4,,,16,,,D,,-95,0,-4.58,5.9,44,12/30/1988,101.9,,,14.05,10
JMMF,100.19,0.01,1,,,31,,,C,,-62,1,,1.9,,-,,,,,5
JMOM,83.19,-1.28,1,,,94,,,C+,,315,352,,0.7,,-,,,,,86
JMSI,50.35,0.06,,,,36,,,A-,,-24,25,,3.6,,-,,,,,32
JMST,50.93,0.06,10,,,29,,,D,,396,5180,,2.6,,-,,,,,1048
JMTG,50.48,0.10,4,,,23,,,E,,-75,188,,4.3,,-,,,,,741
JMUB,50.55,0.06,5,,,36,,,B,,57,1340,,3.6,,-,,,,,862
JNEU,33.03,-0.00,2,,,76,,,E,,-86,0,,,,-,,,,,5
JNK,95.99,0.11,106,,,23,,,D-,,-22,2196,,6.6,,-,,,,,2915
JNUG,132.08,9.76,3,,,18,,,E,,72,498,,2.3,,-,,,,,293
JOBX,16.51,-7.56,,,,4,,,E,,-76,156,,,,-,,,,,117
JOET,45.74,-0.28,2,,,72,,,B,,103,40,,0.6,,-,,,,,20
JOF,11.68,-0.60,12,,,67,,,D,,39,102,,9.5,,3/14/1990,,,,,74
JOJO,15.43,-0.03,,,,28,,,E,,-30,4,,5.1,,-,,,,,4
JOUL,24.84,-4.03,,,,24,,,,,-54,7,,,,-,,,,,
JOYT,56.92,0.14,,,,63,,,E,,-3,9,,0.6,,-,,,,,9
JPAN,42.08,-0.59,,,,89,,,B-,,137,1,,3.3,,-,,,,,2
JPC,7.87,0.38,21,,,30,,,D+,,-14,790,9.64,9.7,58,-,81.2,,,23.23,921
JPEF,79.93,-0.11,2,,,69,,,B-,,-4,85,,0.7,,-,,,,,88
JPEM,62.74,0.67,2,,,50,,,E,,-2,19,,4.4,,-,,,,,19
JPFP,48.73,-0.37,,,,27,,,,,-93,0,,,,-,,,,,
JPHY,50.30,0.16,,,,24,,,D,,26,48,,6.4,,-,,,,,38
JPIB,48.27,0.10,7,,,26,,,D+,,-46,121,,4.9,,-,,,,,224
JPIE,45.89,0.11,8,,,18,,,E,,-12,1213,,5.6,,-,,,,,1434
JPIN,73.05,1.54,6,,,58,,,E,,-26,6,,4.2,,-,,,,,8
JPLD,51.99,0.09,4,,,19,,,B,,-51,217,,4.3,,-,,,,,498
JPMB,40.10,0.19,3,,,36,,,C+,,-14,5,,5.8,,-,,,,,7
JPME,124.78,0.61,2,,,77,,,C-,,-46,7,,1.8,,-,,,,,12
JPO,14.18,0.11,,,,17,,,B,,-10,17,,33.1,,-,,,,,21
JPRE,53.13,1.28,15,,,73,,,D-,,-45,10,,2.2,,-,,,,,26
JPSE,59.70,-0.48,1,,,88,,,C-,,10,36,,1.3,,-,,,,,33
JPST,50.42,0.04,32,,,20,,,E,,-34,4315,,4.4,,-,,,,,6619
JPSV,68.79,,1,,,87,,,A,,-99,0,,1.2,,-,,,,,1
JPUS,140.89,0.74,3,,,74,,,D,,-26,6,,2.0,,-,,,,,8
JPXN,99.68,0.09,1,,,82,,,C-,,-59,7,,2.8,,-,,,,,17
JPY,37.27,1.04,1,,,88,,,C,,35,8,,1.2,,-,,,,,6
JQC,4.83,-0.41,29,,,17,,,A,,-29,442,4.46,13.1,32,-,68.9,,,-45.24,623
JQUA,71.98,-0.15,8,,,87,,,B,,-39,344,,1.1,,-,,,,,570
JRE,27.65,1.09,,,,82,,,A+,,229,2,,,,-,,,,,1
JRI,13.00,0.46,8,,,29,,,D+,,-16,114,-11.34,12.5,68,4/26/2012,112.6,,,-28.64,139
JRS,8.62,0.82,6,,,78,,,A+,,-21,57,4.75,8.9,20,-,-17.8,,,-75.67,73
JSCP,46.98,0.14,3,,,15,,,E,,26,261,,4.4,,-,,,,,221
JSI,51.19,0.13,3,,,11,,,E,,-56,64,,5.6,,-,,,,,147
JSMD,97.76,-2.26,1,,,91,,,B,,-16,77,,0.4,,-,,,,,92
JSML,90.97,-2.37,,,,95,,,D,,-14,16,,0.3,,-,,,,,19
JSTC,22.57,-1.03,,,,80,,,B,,8,23,,1.2,,-,,,,,23
JTEK,103.63,-4.33,7,,,90,,,B-,,-12,237,,,,-,,,,,270
JTNY,50.16,0.08,,,,,,,,,-65,6,,3.5,,-,,,,,
JUCY,21.98,-0.11,,,,13,,,E,,1931,916,,8.1,,-,,,,,46
JUDB,25.81,-0.05,,,,34,,,,,480,22,,,,-,,,,,
JUDO,27.56,-0.11,,,,59,,,E,,688,0,,5.3,,-,,,,,1
JULB,27.51,-0.14,,,,57,,,C,,146,18,,,,-,,,,,8
JULC,25.08,-0.09,,,,,,,,,,39,,,,-,,,,,
JULH,24.83,-0.09,,,,18,,,E,,291,20,,4.7,,-,,,,,5
JULI,25.03,0.80,,,,,,,,,-96,8,,,,-,,,,,
JULJ,24.72,-0.12,,,,11,,,E,,308,14,,4.4,,-,,,,,3
JULM,34.63,0.06,1,,,47,,,E,,-81,0,,,,-,,,,,2
JULP,32.59,-0.07,1,,,61,,,A,,336,31,,,,-,,,,,7
JULT,47.69,-0.04,,,,65,,,B,,895,158,,,,-,,,,,16
JULU,31.95,-0.16,2,,,71,,,A+,,-95,5,,,,-,,,,,83
JULW,40.73,-0.05,,,,52,,,C,,251,211,,,,-,,,,,62
JULZ,45.24,-0.30,1,,,45,,,A,,3,1,,5.8,,-,,,,,5
JUNC,24.83,-0.11,,,,29,,,,,-92,0,,,,-,,,,,
JUNM,35.09,0.06,2,,,45,,,D+,,-80,1,,,,-,,,,,7
JUNP,31.59,-0.04,1,,,51,,,B,,-18,14,,,,-,,,,,17
JUNT,37.72,-0.13,,,,53,,,E,,-72,18,,,,-,,,,,58
JUNW,34.31,-0.07,1,,,48,,,E,,-87,31,,,,-,,,,,195
JUNZ,35.13,-0.19,1,,,68,,,A-,,-34,9,,2.2,,-,,,,,6
JUSA,67.07,-0.15,1,,,78,,,D,,-76,32,,0.8,,-,,,,,142
JUST,106.53,0.25,1,,,84,,,C,,-40,4,,1.0,,-,,,,,7
JVAL,57.82,-0.70,4,,,92,,,D,,-39,35,,1.6,,-,,,,,58
JXI,85.51,2.17,8,,,51,,,E,,-47,16,,2.4,,-,,,,,30
JXX,31.49,-1.19,1,,,88,,,E,,-21,1,,,,-,,,,,2
KAMO,24.64,0.05,3,,,15,,,C-,,-33,24,,2.4,,-,,,,,35
KAPR,39.69,-0.14,1,,,77,,,C-,,-71,3,,,,-,,,,,10
KARD,24.35,1.00,,,,,,,,,-73,343,,,33,6/18/2026,,,,,
KARS,31.33,-1.11,3,,,48,,,E,,-80,7,,0.2,,-,,,,,43
KAT,55.34,1.27,2,,,39,,,E,,1,14,,0.6,,-,,,,,14
KAUG,28.65,0.02,,,,64,,,A,,56,3,,,,-,,,,,19
KBA,32.74,-3.25,6,,,72,,,E,,37,98,,1.4,,-,,,,,72
KBAB,5.45,-3.47,,,,1,,,E,,57,32,,160.3,,-,,,,,21
KBDC,13.59,-0.66,21,,,8,,,E,,21,334,3.77,11.6,64,5/22/2024,40.5,-2.51,-0.56,7.5,274
KBDU,18.99,-8.36,,,,13,,,E,,183,4,,,,-,,,,,2
KBE,68.62,-1.10,29,,,83,,,A,,61,3646,,2.1,,-,,,,,2129
KBFR,27.37,-0.38,,,,55,,,E,,-92,1,,0.6,,-,,,,,5
KBON,10.13,0.05,24,,,,,,C,,-93,4,,,49,-,,,,,33
KBUF,26.10,-0.60,,,,6,,,E,,255,31,,7.3,,-,,,,,7
KBWB,94.44,-0.29,38,,,90,,,B,,-19,1169,,2.0,,-,,,,,1478
KBWD,12.42,-0.44,4,,,12,,,D,,-1,358,,14.2,,-,,,,,357
KBWP,133.79,3.08,4,,,67,,,A+,,32,16,,1.9,,-,,,,,13
KBWY,18.88,1.18,5,,,91,,,A+,,63,206,,8.0,,-,,,,,127
KCAI,31.29,-1.45,1,,,26,,,A+,,-2,1,,3.7,,-,,,,,6
KCCA,17.08,0.29,4,,,57,,,A+,,-93,3,,2.8,,-,,,,,45
KCE,153.35,1.80,5,,,51,,,D-,,-49,8,,1.8,,-,,,,,16
KCHV,10.39,0.05,33,,,,,,D,,-97,1,,,38,-,,,,9654.6,25
KCOP,22.18,0.59,,,,,,,E,,-46,14,,16.2,,-,,,,,26
KCSH,25.07,0.06,4,,,24,,,E,,-36,0,,3.9,,-,,,,,9
KDEC,28.34,-0.11,,,,73,,,B+,,-78,2,,,,-,,,,,10
KDEF,42.75,2.86,7,,,10,,,E,,-37,95,,1.9,,-,,,,,148
KDRN,23.16,,1,,,19,,,E,,-98,0,,3.3,,-,,,,,0
KDVD,28.42,-0.40,1,,,68,,,C-,,290,2,,1.7,,-,,,,,0
KEAT,31.57,1.39,,,,39,,,E,,-93,0,,2.3,,-,,,,,4
KEEX,69.97,-27.55,,,,77,,,E,,-97,29,,,,-,,,,,16
KEMQ,25.21,-1.59,1,,,56,,,C,,-70,4,,5.2,,-,,,,,15
KEMX,50.34,-0.88,7,,,97,,,D-,,-30,8,,2.4,,-,,,,,12
KEYG,11.28,-13.17,,,,,,,,,-67,1,,,,-,,,,,
KEYX,19.51,-13.48,,,,,,,,,-91,0,,,,-,,,,,
KEYY,9.88,,,,,,,,,,-100,1,,,95,-,,,,,
KF,68.49,-2.44,3,,,99,,,E,,-3,22,90.99,0.6,96,-,112.1,,,292.29,23
KFEB,30.99,-0.26,,,,80,,,E,,-86,0,,,,-,,,,,13
KFII,10.55,,38,,,,,,E,,-100,0,,,0,-,,,,50.06,34
KGLD,27.01,2.04,1,,,14,,,E,,-42,50,,15.1,,-,,,,,86
KGRN,23.38,-1.32,6,,,5,,,E,,-69,6,,1.0,,-,,,,,19
KHPI,25.87,,,,,44,,,A+,,45,133,,9.0,,-,,,,,93
KHYB,24.07,0.04,,,,30,,,E,,-62,1,,9.3,,-,,,,,4
KIE,64.08,2.69,10,,,72,,,A+,,64,2064,,1.6,,-,,,,,1262
KIO,11.36,0.09,13,,,25,,,A,,6,174,92.29,13.0,44,7/26/2013,39.7,,,122.76,166
KIQQ,25.50,-1.24,,,,50,,,E,,100,0,,8.8,,-,,,,,0
KJAN,45.60,-0.04,,,,73,,,A-,,1791,152,,,,-,,,,,8
KJD,15.25,2.60,,,,7,,,E,,31,6,,,,-,,,,,5
KJUL,33.84,-0.21,,,,60,,,D,,1556,365,,,,-,,,,,22
KJUN,29.71,-0.25,,,,58,,,C,,-24,39,,,,-,,,,,47
KLAG,43.89,-23.18,,,,90,,,C,,443,422,,,,-,,,,,76
KLIP,23.18,-0.04,,,,5,,,E,,16,53,,30.4,,-,,,,,46
KLMN,30.67,0.10,,,,81,,,B,,33903,5782,,1.2,,-,,,,,190
KLMT,34.23,0.01,,,,82,,,B,,-76,0,,1.8,,-,,,,,2
KMAR,32.07,-0.27,,,,79,,,C,,-78,1,,,,-,,,,,7
KMAY,30.31,-0.36,,,,60,,,E,,139,64,,,,-,,,,,50
KMCA,19.93,-4.78,,,,23,,,,,388,63,,,,-,,,,,
KMEM,20.69,-10.51,,,,,,,,,-35,550,,,,-,,,,,
KMID,25.21,0.29,,,,44,,,D+,,6,13,,0.1,,-,,,,,12
KMLI,9.00,2.56,,,,19,,,C-,,-20,77,,18.0,,-,,,,,99
KMLM,27.43,-0.40,1,,,34,,,D-,,-54,99,,4.8,,-,,,,,254
KNCT,196.71,-2.84,,,,98,,,D+,,435,21,,0.3,,-,,,,,4
KNG,51.63,1.59,4,,,51,,,B+,,-20,257,,6.9,,-,,,,,323
KNGZ,40.36,0.40,1,,,78,,,C,,-48,3,,2.6,,-,,,,,5
KNO,62.76,-0.87,,,,94,,,E,,-19,0,,0.9,,-,,,,,1
KNOV,31.68,-0.24,,,,79,,,D,,11,2,,,,-,,,,,8
KNOW,12.94,-0.74,,,,72,,,E,,-22,1,,1.3,,-,,,,,1
KNRG,25.76,0.16,1,,,33,,,E,,-43,9,,6.9,,-,,,,,16
KOCT,37.30,-0.16,2,,,75,,,A+,,-76,2,,,,-,,,,,8
KOID,40.23,-1.97,8,,,96,,,E,,26,208,,,,-,,,,,165
KOKU,128.90,0.20,,,,74,,,D,,1024,5,,1.5,,-,,,,,0
KOLD,23.44,0.04,3,,,20,,,C-,,-14,2917,,,,-,,,,,3407
KOMP,69.44,-2.03,6,,,88,,,D+,,-18,76,,1.5,,-,,,,,101
KONG,31.54,0.32,,,,52,,,A+,,-79,0,,0.4,,-,,,,,1
KOOL,14.19,-0.48,,,,76,,,A+,,83,0,,0.4,,-,,,,,6
KORP,46.87,0.26,4,,,26,,,E,,1,90,,5.1,,-,,,,,94
KORU,541.43,-9.76,4,,,99,,,E,,187,2431,,0.2,,-,,,,,883
KOYN,10.14,-0.10,39,,,,,,E,,297,49,,,37,-,,,,3797.66,11
KPDD,5.33,-0.19,1,,,1,,,D,,-60,157,,143.6,,-,,,,,394
KPET,9.98,-0.30,,,,,,,,,282,0,,,68,-,,,,,
KPHO,23.78,-0.66,1,,,25,,,C,,-26,0,,0.1,,-,,,,,1
KPRO,26.70,-0.05,,,,7,,,E,,-78,1,,6.8,,-,,,,,5
KQQQ,29.64,-1.28,1,,,68,,,C,,-36,36,,3.5,,-,,,,,56
KRAQ,10.00,0.10,22,,,,,,D,,-71,16,,,22,-,,,,,58
KRBN,33.16,0.33,10,,,50,,,A-,,-41,10,,2.0,,-,,,,,17
KRE,75.02,-1.52,101,,,86,,,A-,,20,17881,,2.1,,-,,,,,14784
KRMA,47.27,0.37,1,,,74,,,D+,,-25,2,,2.4,,-,,,,,3
KROP,35.35,0.68,,,,60,,,B+,,-80,1,,2.1,,-,,,,,3
KRSP,10.50,-0.10,29,,,,,,C,,-83,7,,,6,-,,,,,42
KRWX,16.06,-6.57,,,,21,,,,,-31,7,,,,-,,,,,
KRYP,17.50,3.24,,,,10,,,C,,8,1,,0.2,,-,,,,,5
KSA,37.38,-0.72,36,,,13,,,D,,-54,227,,2.7,,-,,,,,504
KSEP,30.83,-0.02,,,,74,,,B,,443,12,,,,-,,,,,4
KSLV,26.07,3.08,,,,11,,,E,,-58,38,,31.2,,-,,,,,89
KSPY,29.24,-0.11,,,,56,,,B-,,1948,440,,0.3,,-,,,,,23
KSTR,28.19,-8.47,5,,,98,,,B+,,251,1756,,,,-,,,,,492
KTEC,12.40,-1.04,6,,,5,,,E,,274,274,,4.4,,-,,,,,91
KTF,9.26,-0.11,9,,,46,,,A+,,-53,50,10.59,7.9,71,10/20/1988,-25.2,,,2.99,110
KTUP,7.88,8.54,,,,1,,,E,,32,418,,8.4,,-,,,,,325
KTWO,9.95,,21,,,,,,C,,-98,0,,,39,-,,,,,11
KURE,16.46,1.33,5,,,7,,,C,,324,112,,4.7,,-,,,,,27
KVAC,12.16,,5,,,,,,E,,-100,0,,,94,-,,,,-76.86,2
KVLE,28.31,0.24,,,,68,,,A-,,-74,1,,2.0,,-,,,,,2
KWEB,24.99,-0.52,121,,,4,,,D-,,-35,17188,,8.8,,-,,,,,26987
KWIN,26.01,1.50,,,,39,,,E,,858,169,,,,-,,,,,16
KWT,36.49,0.33,10,,,17,,,C-,,81,3,,5.0,,-,,,,,4
KXI,69.08,2.25,16,,,51,,,E,,88,110,,2.3,,-,,,,,61
KYC,25.59,,,,,38,,,,,-99,0,,,,-,,,,,
KYLD,22.36,-1.63,,,,52,,,C,,8,38,,18.7,,-,,,,,34
KYN,13.91,1.16,23,,,50,,,B,,-40,248,10.22,7.8,78,-,422.0,,,-77.3,414
LABD,7.38,-7.17,4,,,1,,,E,,180,17907,,7.9,,-,,,,,6391
LABU,303.45,7.54,3,,,99,,,A,,-11,528,,0.4,,-,,,,,593
LABX,151.74,-12.69,,,,98,,,C-,,-79,252,,,,-,,,,,327
LACG,5.42,-3.33,,,,6,,,E,,-36,20,,,,-,,,,,32
LADM,32.15,-0.02,,,,,,,,,,0,,,,-,,,,,
LAFA,10.09,-0.10,20,,,,,,E,,-82,3,,,26,-,,,,1176.25,5
LALT,23.93,-0.25,2,,,40,,,E,,-24,154,,3.8,,-,,,,,204
LAPR,25.29,0.22,,,,36,,,A+,,101,11,,5.6,,-,,,,,6
LASC,22.00,-12.37,,,,,,,,,-67,1,,,,-,,,,,
LATA,10.11,,34,,,,,,C,,865,30,,,13,-,,,,,22
LATR,28.00,0.85,,,,51,,,,,-100,0,,,,-,,,,,
LAZR,42.38,-10.77,,,,,,,,,131,96,,,,-,,,,,
LBAY,25.78,3.49,1,,,35,,,B+,,78,5,,3.7,,-,,,,,2
LBO,24.37,0.46,,,,15,,,A,,-68,1,,6.7,,-,,,,,2
LCAP,33.13,-0.30,,,,85,,,E,,-30,35,,0.1,,-,,,,,50
LCCC,10.43,0.14,19,,,,,,C,,-98,0,,,19,-,,,,1569.8,36
LCDL,0.73,-18.14,1,,,1,,,C,,68,1412,,,,-,,,,,862
LCDS,71.04,,,,,78,,,E,,-92,0,,0.9,,-,,,,,0
LCF,43.71,0.52,,,,64,,,D+,,12,0,,0.5,,-,,,,,5
LCLG,73.57,-2.13,,,,92,,,C-,,-75,0,,,,-,,,,,1
LCO,26.35,-0.54,,,,40,,,E,,-100,0,,,,-,,,,,0
LCOW,25.64,0.10,,,,76,,,D-,,-74,2,,0.6,,-,,,,,7
LCR,39.66,0.11,1,,,54,,,B-,,-50,3,,,,-,,,,,5
LCTD,57.96,1.22,1,,,61,,,E,,-79,6,,3.4,,-,,,,,36
LCTU,80.18,-0.01,,,,78,,,D+,,-1,34,,1.0,,-,,,,,35
LDDR,78.35,,,,,7,,,C-,,-85,0,,12.6,,-,,,,,2
LDEM,58.82,-0.93,4,,,43,,,E,,-29,1,,0.8,,-,,,,,2
LDP,21.23,-0.14,6,,,39,,,A,,-7,54,4.88,7.5,54,7/27/2012,80.3,,,-6.14,59
LDRC,25.14,0.29,1,,,26,,,A+,,-29,15,,4.5,,-,,,,,22
LDRH,24.56,0.14,,,,16,,,A,,-78,3,,6.6,,-,,,,,13
LDRI,24.94,0.10,1,,,11,,,E,,5,7,,3.5,,-,,,,,9
LDRT,25.04,0.23,1,,,16,,,A+,,42,80,,3.9,,-,,,,,57
LDRX,35.35,0.10,1,,,78,,,E,,38,7,,0.7,,-,,,,,5
LDSF,18.89,0.06,,,,21,,,B-,,20,30,,4.6,,-,,,,,25
LDUR,95.30,0.07,2,,,18,,,C+,,-35,30,,4.3,,-,,,,,45
LEAD,87.30,-2.16,1,,,85,,,E,,5,1,,0.5,,-,,,,,1
LEGO,9.94,0.10,16,,,,,,E,,-64,6,,,1,-,,,,,15
LEGR,63.88,0.34,2,,,75,,,D,,-10,3,,1.8,,-,,,,,3
LEMB,42.56,0.50,43,,,47,,,E,,96,272,,2.4,,-,,,,,145
LEND,25.19,0.08,,,,33,,,,,-41,35,,,,-,,,,,
LENS,39.29,1.80,2,,,44,,,D,,307,40,,1.6,,-,,,,,10
LEO,6.47,-0.61,19,,,51,,,B,,46,319,7.15,5.6,17,9/23/1987,-50.9,,,125.4,219
LEUX,11.59,-4.45,,,,9,,,E,,13,97,,,,-,,,,,87
LEXI,40.34,-0.15,,,,86,,,D,,23,15,,0.8,,-,,,,,12
LFAC,10.00,0.05,26,,,,,,D,,-86,3,,,4,-,,,,,12
LFAI,149.24,,,,,8,,,B+,,-100,0,,7.1,,-,,,,,0
LFAO,163.01,,,,,8,,,C,,-98,0,,6.3,,-,,,,,0
LFAW,174.22,,,,,9,,,E,,-97,0,,5.8,,-,,,,,0
LFBE,183.82,,,,,8,,,D,,-100,0,,5.5,,-,,,,,0
LFDR,183.92,0.03,,,,8,,,D+,,-98,0,,5.5,,-,,,,,0
LFEQ,59.29,-0.12,1,,,79,,,B+,,-79,0,,0.8,,-,,,,,1
LFGY,20.44,-1.97,2,,,18,,,E,,-12,57,,81.9,,-,,,,,70
LFSC,46.14,1.55,1,,,97,,,A+,,306,12,,,,-,,,,,3
LGCF,36.32,1.27,,,,57,,,A-,,-55,0,,1.7,,-,,,,,1
LGDX,24.81,-0.03,,,,75,,,D+,,-20,0,,0.5,,-,,,,,2
LGH,63.64,-0.03,2,,,63,,,C-,,216,75,,0.4,,-,,,,,24
LGHT,8.98,3.07,,,,19,,,A+,,-90,1,,,,-,,,,,4
LGI,18.62,0.38,1,,,72,,,B,,-23,30,-22.25,10.2,68,-,144.0,,,780.69,40
LGLV,186.01,1.91,9,,,51,,,C-,,-56,14,,2.0,,-,,,,,32
LGOV,21.34,-0.09,4,,,13,,,E,,-52,89,,4.0,,-,,,,,186
LGRO,43.82,0.38,,,,80,,,C+,,-55,4,,0.4,,-,,,,,8
LIAE,206.75,0.20,,,,9,,,A,,-53,0,,4.9,,-,,,,,0
LIAM,234.91,0.20,,,,12,,,E,,-94,0,,4.6,,-,,,,,0
LIAU,260.24,0.18,,,,10,,,E,,,0,,4.1,,-,,,,,0
LIBD,276.67,0.18,,,,11,,,E,,255,0,,3.8,,-,,,,,0
LIFT,23.37,0.10,,,,7,,,C,,-56,1,,41.3,,-,,,,,1
LIMI,48.30,-1.01,,,,59,,,E,,42,1,,0.4,,-,,,,,1
LINT,187.80,-11.00,,,,90,,,D,,-33,143,,0.3,,-,,,,,218
LIT,76.53,-1.85,35,,,79,,,E,,-32,314,,0.7,,-,,,,,487
LITL,34.48,-0.59,1,,,90,,,C,,-84,0,,2.7,,-,,,,,1
LITP,12.34,-1.09,2,,,48,,,E,,-67,28,,7.4,,-,,,,,84
LITU,15.49,-17.91,,,,18,,,,,116,255,,,,-,,,,,
LITX,24.42,-18.36,1,,,37,,,E,,-70,3214,,,,-,,,,,6307
LITZ,21.25,18.45,,,,,,,,,13,751,,,,-,,,,,
LJAN,24.68,0.04,,,,37,,,E,,395,7,,5.0,,-,,,,,1
LJUL,23.86,-0.04,,,,28,,,A,,1379,22,,5.2,,-,,,,,1
LKOR,41.69,0.25,2,,,15,,,D+,,-25,2,,5.6,,-,,,,,4
LKSP,10.15,,22,,,,,,E,,-80,7,,,60,-,,,,1740.24,33
LLDR,44.56,0.04,1,,,10,,,E,,-29,0,,4.5,,-,,,,,0
LLYX,28.21,3.14,1,,,95,,,A,,-17,531,,2.5,,-,,,,,643
LMBS,49.73,0.11,7,,,29,,,D-,,1,498,,4.1,,-,,,,,496
LMNX,19.65,6.52,,,,60,,,C,,41,47,,,,-,,,,,34
LMTL,34.84,8.78,1,,,51,,,E,,76,60,,1.4,,-,,,,,35
LMUB,51.18,0.22,,,,43,,,C,,-22,129,,3.7,,-,,,,,167
LNGX,40.04,1.14,1,,,40,,,E,,-86,3,,0.5,,-,,,,,20
LNOK,53.17,-13.95,,,,77,,,E,,-36,227,,,,-,,,,,355
LOCT,23.89,0.04,,,,34,,,A,,-80,1,,5.1,,-,,,,,5
LODI,25.18,-0.01,,,,26,,,D+,,-77,4,,4.9,,-,,,,,19
LOFF,22.82,4.73,,,,,,,,,-50,1003,,0.2,,-,,,,,
LOGO,20.79,0.58,1,,,42,,,C,,-65,1,,,,-,,,,,2
LOHA,25.74,1.02,,,,38,,,,,-79,18,,,,-,,,,,
LONZ,49.11,0.15,7,,,11,,,B+,,-72,37,,9.1,,-,,,,,131
LOPP,38.90,-0.79,2,,,87,,,C-,,66,0,,0.7,,-,,,,,1
LOTI,26.33,1.05,,,,42,,,C,,-15,4,,2.4,,-,,,,,5
LOUP,96.06,-2.83,1,,,97,,,B,,-44,9,,,,-,,,,,17
LOWV,80.44,0.86,1,,,55,,,A,,467,49,,0.9,,-,,,,,9
LPAA,10.85,0.09,24,,,,,,A+,,-99,1,,,74,-,,,,-25.31,38
LPBB,10.70,-0.19,32,,,,,,C-,,-98,1,,,62,-,,,,276.38,43
LPCV,10.04,0.40,25,,,,,,C,,593,51,,,25,-,,,,,4
LPRE,30.62,1.13,2,,,88,,,D+,,-86,3,,1.7,,-,,,,,17
LQ,23.77,0.14,,,,24,,,,,-87,0,,0.8,,-,,,,,
LQAI,45.91,-2.62,1,,,91,,,D-,,-34,0,,0.9,,-,,,,,0
LQD,108.64,0.17,199,,,17,,,E,,-32,18406,,4.5,,-,,,,,27111
LQDB,86.06,0.05,1,,,19,,,E,,-42,3,,4.7,,-,,,,,6
LQDH,92.87,0.10,4,,,32,,,D,,746,260,,6.2,,-,,,,,31
LQDI,26.23,0.36,1,,,23,,,D,,-52,4,,4.6,,-,,,,,9
LQDM,24.48,0.10,,,,25,,,,,148,0,,12.0,,-,,,,,4
LQDW,23.83,0.05,5,,,9,,,B-,,-52,28,,12.4,,-,,,,,61
LQID,25.04,0.08,,,,28,,,,,44,14,,5.3,,-,,,,,
LQTI,19.23,0.31,1,,,8,,,D+,,22,88,,9.0,,-,,,,,73
LRCU,71.62,-20.90,1,,,99,,,D,,-95,311,,,,-,,,,,123
LRGC,84.02,0.18,1,,,76,,,B-,,67,96,,0.5,,-,,,,,61
LRGE,86.03,-0.35,1,,,66,,,A,,-69,4,,0.1,,-,,,,,12
LRGF,75.35,-0.23,16,,,76,,,C-,,12,197,,1.1,,-,,,,,177
LRGG,28.24,1.62,9,,,35,,,C-,,-25,42,,0.2,,-,,,,,58
LRND,44.13,-0.11,8,,,83,,,A,,-98,1,,0.4,,-,,,,,34
LRNX,29.45,2.80,,,,,,,,,-100,0,,,,-,,,,,
LRNZ,61.92,-2.83,1,,,97,,,A,,-65,2,,,,-,,,,,5
LSAF,52.77,0.95,,,,87,,,A+,,-22,2,,0.6,,-,,,,,4
LSAT,45.45,1.36,,,,79,,,A+,,-27,1,,1.7,,-,,,,,2
LSCP,25.08,0.04,,,,,,,,,-99,5,,,,-,,,,,
LSEQ,34.38,-1.31,,,,75,,,E,,-63,1,,1.7,,-,,,,,2
LSGR,42.81,0.01,4,,,41,,,D+,,-47,51,,,,-,,,,,99
LST,46.18,-0.84,2,,,87,,,C,,-77,14,,1.2,,-,,,,,60
LSTB,25.09,-0.02,,,,,,,,,-100,0,,,,-,,,,,
LSVD,34.34,-0.40,1,,,91,,,C-,,-79,1,,0.3,,-,,,,,2
LTAX,25.39,0.20,,,,36,,,C-,,293,0,,3.2,,-,,,,,1
LTCC,10.59,2.32,,,,6,,,E,,-50,7,,,,-,,,,,14
LTCN,3.19,1.85,,,,,,,D,,-61,41,-250.42,,0,-,,,,-10.76,110
LTL,23.84,-0.19,,,,12,,,D,,-49,2,,1.1,,-,,,,,3
LTPZ,49.86,0.28,3,,,8,,,D,,-30,92,,6.0,,-,,,,,132
LTTI,18.18,-0.06,,,,8,,,C-,,-75,1,,9.0,,-,,,,,8
LULG,6.51,3.28,,,,4,,,D-,,-27,119,,,,-,,,,,183
LUNL,8.14,-6.00,,,,10,,,E,,-18,757,,,,-,,,,,931
LVDS,58.09,1.13,1,,,83,,,D,,52,4,,1.4,,-,,,,,3
LVHD,45.12,2.06,1,,,63,,,A-,,-28,65,,3.2,,-,,,,,67
LVHI,41.05,1.61,6,,,69,,,D-,,28,814,,4.0,,-,,,,,641
LVIG,98.79,0.13,1,,,29,,,E,,192,7,,,,-,,,,,3
LVLN,24.60,0.05,,,,18,,,C-,,-91,0,,6.5,,-,,,,,12
LWAC,10.27,0.10,39,,,,,,E,,8,12,,,40,-,,,,3821.07,6
LYLD,30.43,,2,,,62,,,A,,-82,0,,2.1,,-,,,,,1
LYSDY,12.26,-1.37,7,1,68,59,,E,E,,-20,202,82.84,,,-,1.8,,,1379.37,251
MAAY,6.27,-2.73,1,,,5,,,D,,89,23,,146.0,,-,,,,,12
MACI,10.88,,22,,,,,,B,,-100,0,,,67,-,,,,-50.74,17
MADE,38.06,-1.50,3,,,93,,,D,,25,23,,0.6,,-,,,,,19
MAGA,56.70,1.12,,,,60,,,C,,-64,0,,1.5,,-,,,,,1
MAGC,17.55,0.56,1,,,4,,,D-,,-60,3,,5.9,,-,,,,,8
MAGG,20.20,0.02,3,,,13,,,A,,88,0,,4.7,,-,,,,,7
MAGO,22.25,-1.00,,,,41,,,E,,-53,1,,8.5,,-,,,,,2
MAGS,65.10,-1.12,25,,,55,,,D,,127,10053,,,,-,,,,,3967
MAGX,52.20,-2.26,,,,60,,,C-,,-19,107,,1.8,,-,,,,,124
MAGY,42.24,-0.01,1,,,6,,,E,,-46,38,,40.9,,-,,,,,72
MAIN,51.96,-0.12,73,1,56,23,,A,D,,-22,540,2.23,7.9,37,10/5/2007,80.7,-3.68,-4.61,-7.92,699
MAKX,68.45,-5.88,,,,97,,,C-,,-62,1,,0.1,,-,,,,,3
MAMB,24.04,0.25,1,,,36,,,E,,162,64,,2.6,,-,,,,,23
MANI,25.63,-0.00,1,,,42,,,C,,-83,1,,6.3,,-,,,,,5
MAPP,27.60,,,,,55,,,A+,,-77,0,,2.8,,-,,,,,0
MARM,34.14,0.06,2,,,46,,,E,,17,6,,,,-,,,,,5
MARO,5.40,-8.90,1,,,12,,,C,,54,803,,182.9,,-,,,,,530
MARS,31.36,0.22,,,,75,,,E,,-81,41,,,,-,,,,,204
MART,41.90,-0.04,,,,71,,,D,,-68,0,,,,-,,,,,1
MARU,29.56,-0.16,2,,,66,,,E,,259,0,,,,-,,,,,1
MARW,36.12,0.03,,,,56,,,A,,35,0,,,,-,,,,,4
MARZ,36.59,-0.19,1,,,62,,,B-,,-29,6,,3.1,,-,,,,,7
MATE,29.94,0.01,,,,,,,E,,211,14,,,,-,,,,,5
MAUG,32.53,-0.00,,,,,,,,,,0,,,,-,,,,,
MAVF,136.34,,,,,87,,,D+,,-97,0,,0.2,,-,,,,,0
MAXI,8.77,3.07,,,,4,,,D,,-22,22,,74.9,,-,,,,,28
MAXJ,29.12,-0.02,1,,,47,,,C-,,613,289,,0.7,,-,,,,,41
MAYC,25.65,-0.24,,,,,,,,,5393,39,,,,-,,,,,
MAYM,32.90,-0.05,1,,,44,,,E,,-95,1,,,,-,,,,,17
MAYP,32.42,-0.02,1,,,54,,,C-,,-27,7,,,,-,,,,,10
MAYT,38.97,0.15,,,,57,,,E,,-87,16,,,,-,,,,,126
MAYU,34.01,-0.20,2,,,75,,,E,,-81,4,,,,-,,,,,19
MAYW,34.78,0.06,,,,49,,,E,,-91,27,,,,-,,,,,304
MAYZ,36.01,-0.10,1,,,69,,,E,,-47,8,,2.0,,-,,,,,6
MBAV,10.83,-0.09,33,,,,,,A,,-100,689,,,81,-,,,,-41.2,235
MBB,94.13,0.12,80,,,24,,,E,,-26,1645,,4.2,,-,,,,,2220
MBBA,49.47,-0.03,1,,,24,,,D,,-62,8,,5.3,,-,,,,,20
MBBB,21.31,0.23,,,,14,,,D,,-72,1,,5.0,,-,,,,,7
MBCE,39.24,-2.27,,,,67,,,B,,35,30,,0.3,,-,,,,,21
MBGL,19.80,-6.56,,,,,,,,,21,26965,,,,-,,,,,
MBND,27.29,0.17,,,,33,,,C-,,-58,2,,3.5,,-,,,,,6
MBOX,40.03,0.00,,,,75,,,A,,364,18,,1.9,,-,,,,,4
MBS,8.63,,2,,,21,,,B-,,-56,30,,5.6,,-,,,,,68
MBSD,20.55,0.05,2,,,15,,,E,,-56,5,,4.1,,-,,,,,12
MBSF,25.66,-0.14,1,,,34,,,C,,-52,32,,4.4,,-,,,,,68
MBSX,27.32,1.91,1,,,46,,,C,,56,6,,2.0,,-,,,,,3
MBVI,10.19,0.49,36,,,,,,D,,88,57,,,49,-,,,,,28
MCAH,9.94,,1,,,,,,,,-100,0,,,78,-,,,,,
MCDS,67.60,,,,,85,,,A,,-91,0,,0.5,,-,,,,,0
MCGA,10.22,,35,,,,,,E,,-30,30,,,82,-,,,,3200.69,43
MCH,27.94,-3.31,1,,,41,,,E,,-34,0,,1.7,,-,,,,,3
MCHG,10.27,-11.01,,,,,,,,,-50,5,,,,-,,,,,
MCHI,50.91,-1.19,126,,,6,,,E,,219,9185,,1.6,,-,,,,,3048
MCHS,47.31,-8.44,,,,97,,,A,,1195,156,,1.6,,-,,,,,13
MCHU,17.97,-9.93,,,,21,,,,,-60,4,,,,-,,,,,
MCI,17.36,0.50,1,,,8,,,D,,-50,20,,9.2,,-,,,,,40
MCN,5.56,0.36,6,,,7,,,E,,-40,42,37.22,13.1,26,-,92.1,,,103.32,71
MCOW,21.31,-1.13,,,,69,,,D-,,519,15,,0.3,,-,,,,,2
MCVT,28.39,0.17,,,,64,,,E,,-39,5,,0.1,,-,,,,,8
MDAA,114.88,-0.57,,,,76,,,C,,2,0,,0.4,,-,,,,,0
MDCR,32.25,0.03,,,,,,,,,2,0,,,,-,,,,,
MDEV,19.77,2.21,,,,26,,,A+,,1197,31,,0.1,,-,,,,,2
MDIV,16.61,0.35,2,,,47,,,D+,,-47,33,,6.7,,-,,,,,64
MDLV,31.17,1.36,,,,61,,,E,,136,14,,2.8,,-,,,,,6
MDPL,26.01,2.48,,,,23,,,D-,,100,25,,1.6,,-,,,,,13
MDST,28.87,1.19,1,,,46,,,D+,,-37,39,,9.2,,-,,,,,63
MDY,693.70,-0.48,42,,,83,,,C+,,-16,677,,1.0,,-,,,,,712
MDYG,109.87,-0.80,6,,,89,,,C,,24,114,,0.6,,-,,,,,92
MDYV,94.29,-0.04,8,,,75,,,C,,-27,56,,1.7,,-,,,,,77
MEAR,50.27,0.02,3,,,29,,,A-,,-19,117,,2.8,,-,,,,,153
MEDI,34.81,2.29,1,,,91,,,A-,,21,12,,,,-,,,,,11
MEDX,37.55,3.19,,,,89,,,A+,,-11,1,,1.1,,-,,,,,1
MEGI,15.28,1.06,11,,,57,,,D-,,-4,134,-24.14,9.8,66,-,120.5,,,31.07,141
MEM,43.64,-1.02,,,,93,,,D-,,-22,2,,1.6,,-,,,,,3
MEMA,30.18,,1,,,76,,,D,,-99,0,,0.6,,-,,,,,5
MEME,8.39,-7.50,,,,67,,,E,,-30,154,,,,-,,,,,224
MEMS,31.56,,,,,91,,,B-,,-84,0,,2.3,,-,,,,,1
MEMX,47.77,-0.93,1,,,96,,,E,,-28,1,,1.5,,-,,,,,3
MEMY,20.11,-5.53,,,,44,,,E,,-53,1,,7.8,,-,,,,,1
MESH,10.02,0.05,26,,,,,,D,,2,24,,,26,-,,,,,11
METD,16.76,4.95,1,,,44,,,C+,,138,738,,2.4,,-,,,,,320
METL,25.64,0.93,1,,,54,,,E,,-55,11,,1.0,,-,,,,,24
METU,21.49,-9.78,1,,,18,,,C-,,56,8577,,4.0,,-,,,,,5605
METV,18.73,0.92,2,,,56,,,A,,-13,44,,0.2,,-,,,,,51
METW,25.27,-5.67,1,,,7,,,E,,-38,12,,67.5,,-,,,,,20
MEVO,9.93,0.10,29,,,,,,E,,-48,19,,,17,-,,,,,37
MEXX,28.68,0.82,1,,,77,,,E,,15,28,,1.4,,-,,,,,25
MFDX,41.49,1.13,1,,,64,,,E,,107,36,,2.9,,-,,,,,18
MFEB,32.64,0.01,,,,,,,,,-97,0,,,,-,,,,,
MFEM,27.38,-0.31,1,,,86,,,E,,-2,22,,2.3,,-,,,,,23
MFIG,21.01,0.29,,,,63,,,D,,137,27,,,,-,,,,,12
MFLX,17.40,0.17,,,,45,,,B+,,-91,1,,4.0,,-,,,,,6
MFM,5.61,,12,,,54,,,A,,-27,132,8.71,5.3,36,11/18/1986,41.6,,,153.2,187
MFMO,24.09,-2.80,,,,85,,,D+,,112,27,,,,-,,,,,13
MFPVV,36.01,-7.62,,,,,,,,,170,188,,,,-,,,,,
MFSB,24.93,0.12,1,,,25,,,E,,-59,41,,4.5,,-,,,,,104
MFSG,29.61,-1.10,,,,71,,,D+,,-53,51,,0.1,,-,,,,,109
MFSI,32.50,1.06,1,,,70,,,D-,,-21,168,,0.8,,-,,,,,214
MFSM,25.20,0.07,,,,39,,,A+,,-48,11,,3.5,,-,,,,,23
MFSV,29.00,1.12,,,,69,,,A,,-71,42,,1.4,,-,,,,,146
MFUL,22.38,0.18,1,,,45,,,A+,,-68,0,,2.4,,-,,,,,1
MFUS,65.72,-0.54,2,,,85,,,B+,,-74,4,,1.4,,-,,,,,15
MFUT,18.28,-0.51,4,,,71,,,D-,,-82,3,,0.3,,-,,,,,13
MFVL,20.64,1.65,,,,41,,,C,,-33,3,,,,-,,,,,5
MGC,272.75,-0.17,20,,,82,,,C-,,21,140,,0.9,,-,,,,,117
MGF,2.87,0.70,4,,,8,,,C,,-12,93,16.91,8.1,26,5/26/1987,118.5,,,3.75,106
MGK,87.01,-1.02,48,,,78,,,D+,,-96,1930,,0.3,,-,,,,,1732
MGKX,22.23,-1.95,,,,25,,,,,-86,0,,,,-,,,,,
MGMT,49.88,-1.41,,,,77,,,C-,,-67,3,,0.3,,-,,,,,11
MGNR,48.30,1.13,1,,,56,,,E,,-12,79,,0.8,,-,,,,,105
MGOV,20.14,-0.03,4,,,22,,,E,,-55,13,,4.9,,-,,,,,31
MGV,164.03,0.85,11,,,86,,,B,,6,261,,1.9,,-,,,,,248
MHD,11.92,0.08,28,,,49,,,B+,,18,428,4.46,6.1,10,-,-135.5,,,4144.36,365
MHF,7.03,,2,,,33,,,E,,66,101,24.43,5.9,25,11/17/1988,62.3,,,190.7,62
MHIG,19.96,0.80,,,,25,,,,,-99,0,,,,-,,,,,0
MHIP,20.33,1.57,,,,36,,,,,3280,0,,,,-,,,,,1
MHY,25.46,0.16,1,,,43,,,C,,-49,8,,7.0,,-,,,,,6
MIC,15.43,-14.60,,,,,,,,,-16,16,,,,-,,,,,
MID,68.13,-0.58,,,,54,,,E,,-20,3,,,,-,,,,,4
MIDE,37.93,,,,,84,,,B+,,-93,0,,1.3,,-,,,,,0
MIDU,71.74,-1.56,5,,,98,,,C,,96,49,,0.5,,-,,,,,26
MIG,21.27,0.23,,,,15,,,A+,,94,9,,4.7,,-,,,,,4
MIGO,29.61,-2.01,,,,74,,,E,,-99,0,,,,-,,,,,25
MILK,24.58,0.18,1,,,29,,,E,,-18,6,,6.9,,-,,,,,4
MILN,44.89,1.40,3,,,34,,,A,,-29,5,,0.3,,-,,,,,8
MIN,2.47,,6,,,11,,,B,,-63,74,24.16,9.4,21,3/11/1988,172.8,,,-74.35,203
MINN,22.43,-0.02,,,,37,,,E,,70,6,,3.1,,-,,,,,7
MINO,45.66,0.13,1,,,39,,,B,,-34,72,,3.9,,-,,,,,111
MINT,100.54,0.05,19,,,29,,,C+,,-9,1352,,4.2,,-,,,,,1508
MINV,53.69,-3.57,1,,,98,,,E,,-14,15,,1.0,,-,,,,,18
MINY,37.75,0.57,,,,11,,,E,,-40,3,,11.6,,-,,,,,6
MISL,46.85,2.07,4,,,72,,,D,,-84,70,,0.3,,-,,,,,531
MIVL,25.32,1.79,,,,33,,,,,-81,8,,,,-,,,,,
MIY,12.26,0.57,3,,,54,,,E,,-14,52,9.05,5.4,13,11/4/1992,-98.5,,,3010.89,62
MJ,25.66,0.59,4,,,58,,,C+,,26,63,,0.7,,-,,,,,50
MJSC,62.20,,,,,90,,,D,,-100,0,,0.5,,-,,,,,3
MJUN,32.28,-0.03,,,,35,,,,,-44,2,,,,-,,,,,
MKAM,31.80,,,,,50,,,E,,-98,0,,2.0,,-,,,,,0
MKLY,10.18,0.10,34,,,,,,E,,-77,3,,,7,-,,,,15074.43,16
MKOR,61.14,-2.48,,,,98,,,E,,170,66,,1.2,,-,,,,,25
MKTN,26.12,0.42,1,,,34,,,C,,-77,6,,0.3,,-,,,,,25
MLAA,9.94,,19,,,,,,E,,-99,1,,,2,-,,,,,91
MLDR,48.52,0.13,,,,10,,,C-,,222,0,,3.8,,-,,,,,0
MLN,17.76,0.28,4,,,42,,,A-,,-61,96,,3.8,,-,,,,,246
MLPA,53.41,1.00,8,,,44,,,D,,-34,138,,7.4,,-,,,,,209
MLPB,28.95,1.01,1,,,51,,,D,,16,6,,6.0,,-,,,,,5
MLPD,24.89,0.24,,,,10,,,A-,,-18,8,,11.1,,-,,,,,11
MLPI,55.05,1.25,1,,,38,,,E,,-18,261,,14.4,,-,,,,,323
MLPR,69.64,0.90,,,,55,,,E,,-3,1,,9.4,,-,,,,,0
MLPX,72.96,0.55,15,,,57,,,D,,-37,239,,4.0,,-,,,,,432
MMAR,32.27,0.02,,,,,,,,,2,0,,,,-,,,,,
MMAX,27.09,0.06,,,,44,,,E,,-47,3,,0.8,,-,,,,,7
MMAY,32.64,-0.11,,,,35,,,,,-92,0,,,,-,,,,,
MMCA,21.78,0.00,,,,33,,,B+,,-84,4,,3.2,,-,,,,,24
MMD,15.47,,4,,,49,,,A-,,-41,34,-46.41,5.2,3,6/27/2012,3.0,,,40.86,57
MMID,26.59,0.58,,,,52,,,E,,68,1,,0.9,,-,,,,,1
MMIN,24.19,0.10,1,,,41,,,A,,-65,33,,4.0,,-,,,,,93
MMIT,24.37,0.04,2,,,36,,,B,,-67,165,,3.6,,-,,,,,375
MMK,100.04,0.04,1,,,28,,,D+,,-71,1,,3.3,,-,,,,,2
MMKT,100.19,0.02,1,,,24,,,D,,-21,7,,3.7,,-,,,,,8
MMMA,25.52,0.13,,,,38,,,C,,170,0,,3.9,,-,,,,,1
MMSC,28.59,-2.03,1,,,94,,,B+,,-78,1,,,,-,,,,,5
MMSD,25.34,0.04,,,,29,,,E,,65,31,,3.5,,-,,,,,18
MMT,4.40,,4,,,7,,,E,,53,251,-19.57,9.1,45,3/5/1987,94.2,,,-27.29,165
MMTM,304.79,-1.18,1,,,63,,,E,,-14,1,,0.9,,-,,,,,1
MMTX,10.15,,20,,,,,,C,,-100,0,,,10,-,,,,,16
MMU,10.48,0.19,14,,,45,,,B,,-24,103,-13.53,6.3,2,-,-7.2,,,14.86,134
MNA,36.43,-0.22,12,,,38,,,E,,5,23,,,,-,,,,,24
MNBD,26.05,0.06,,,,38,,,C,,-52,3,,3.3,,-,,,,,6
MNRS,36.88,-7.94,1,,,82,,,E,,163,33,,,,-,,,,,13
MNSX,27.13,0.80,,,,,,,,,-62,1,,,,-,,,,,
MNVR,32.62,-0.05,,,,,,,,,5,0,,,,-,,,,,
MNVT,29.24,-2.31,,,,74,,,E,,1,45,,,,-,,,,,45
MNZL,60.47,-0.77,,,,82,,,C-,,-30,5,,,,-,,,,,7
MOAT,106.29,1.06,28,,,61,,,A-,,-16,744,,1.4,,-,,,,,897
MODL,51.31,0.41,10,,,78,,,B-,,83,110,,0.7,,-,,,,,61
MOO,80.91,2.43,17,,,44,,,C,,-31,213,,2.3,,-,,,,,313
MOOD,43.58,0.27,1,,,78,,,D-,,-52,9,,0.4,,-,,,,,18
MORT,9.91,0.20,5,,,8,,,E,,36,1024,,14.4,,-,,,,,755
MOTG,38.58,1.23,,,,28,,,E,,-45,1,,2.5,,-,,,,,2
MOTI,34.07,1.70,,,,17,,,D+,,-89,9,,3.6,,-,,,,,72
MOTO,62.88,-1.64,,,,91,,,C-,,-22,0,,0.9,,-,,,,,0
MPA,11.39,,4,,,46,,,C-,,-31,22,-6.33,5.1,15,11/4/1992,-86.3,,,545.94,32
MPG,5.33,-4.00,,,,35,,,E,,159,371,,,,-,,,,,148
MPL,14.49,-4.24,,,,33,,,E,,-96,18,,,,-,,,,,40
MPLY,31.65,-0.21,,,,74,,,E,,-6,4,,,,-,,,,,5
MPRO,32.82,0.39,,,,56,,,D,,114,56,,1.9,,-,,,,,20
MPV,16.33,-0.27,1,,,7,,,D-,,-40,8,44.51,8.9,28,10/21/1988,79.4,,,-69.26,14
MPWX,14.69,-6.25,,,,16,,,,,-24,19,,,,-,,,,,
MQQQ,229.74,-3.32,,,,97,,,C,,36,104,,,,-,,,,,77
MQY,11.62,0.26,22,,,44,,,B,,-20,292,,6.0,73,-,-119.9,,,,369
MRA,22.38,,,,,24,,,,,162,0,,42.2,,-,,,,,
MRAL,55.42,-15.00,2,,,46,,,E,,-67,92,,,,-,,,,,126
MRCP,34.35,0.02,1,,,67,,,E,,77,7,,,,-,,,,,3
MRGR,45.52,0.02,,,,42,,,A,,-85,0,,1.2,,-,,,,,1
MRNX,55.08,20.68,,,,78,,,C,,168,88,,,,-,,,,,34
MRNY,21.03,7.93,2,,,74,,,A+,,45,292,,82.1,,-,,,,,192
MRSK,38.67,0.00,,,,65,,,A,,210,61,,0.4,,-,,,,,20
MRVU,152.01,-20.35,,,,79,,,E,,-10,342,,0.4,,-,,,,,392
MSBT,17.61,2.44,,,,19,,,,,-27,459,,,,-,,,,,639
MSD,7.28,,10,,,20,,,E,,-27,70,-30.13,8.1,70,7/16/1993,249.5,,,54.77,97
MSEP,32.22,-0.02,,,,,,,,,,0,,,,-,,,,,
MSFC,30.46,3.53,,,,,,,,,-81,1,,,,-,,,,,
MSFD,13.56,-1.55,,,,55,,,D+,,-57,832,,3.1,,-,,,,,1921
MSFL,16.05,2.82,1,,,26,,,C,,13,2180,,,,-,,,,,1998
MSFO,10.75,1.17,2,,,5,,,D,,-62,37,,43.5,,-,,,,,102
MSFU,24.10,2.73,2,,,24,,,C-,,51,12213,,3.3,,-,,,,,8292
MSFW,25.93,1.85,1,,,9,,,E,,-31,14,,49.1,,-,,,,,21
MSFX,15.96,2.64,1,,,24,,,C-,,83,517,,,,-,,,,,296
MSFY,17.22,1.73,,,,13,,,D+,,-66,5,,28.1,,-,,,,,16
MSIX,29.24,1.50,,,,,,,,,-100,0,,,,-,,,,,
MSLC,58.89,0.15,,,,74,,,D,,-39,51,,0.8,,-,,,,,86
MSMR,35.17,0.16,,,,48,,,E,,1,22,,1.9,,-,,,,,22
MSOS,4.89,1.24,23,,,89,,,A-,,-56,4309,,,,-,,,,,9687
MSOX,3.12,4.00,1,,,53,,,C,,-57,1465,,,,-,,,,,3446
MSR,14.72,9.28,,,,18,,,,,-75,0,,36.4,,-,,,,,
MSSM,60.79,-0.93,1,,,92,,,D,,219,79,,0.5,,-,,,,,25
MSSS,36.37,0.75,,,,93,,,A+,,62,23,,0.3,,-,,,,,11
MSST,23.34,,1,,,5,,,E,,-87,0,,28.9,,-,,,,,2
MST,9.12,13.67,,,,1,,,E,,-67,199,,371.7,,-,,,,,98
MSTB,42.67,-0.32,,,,68,,,D,,-15,7,,0.4,,-,,,,,8
MSTC,33.71,14.92,,,,,,,,,67,6,,,,-,,,,,
MSTI,20.25,0.05,4,,,12,,,A+,,-87,0,,5.1,,-,,,,,6
MSTP,14.90,15.35,2,,,1,,,E,,-20,232,,,,-,,,,,72
MSTQ,38.58,-1.78,,,,54,,,D,,-59,1,,0.8,,-,,,,,2
MSTU,2.15,16.22,4,,,1,,,D,,160,122005,,,,-,,,,,47633
MSTW,3.77,9.59,,,,1,,,E,,-42,345,,437.5,,-,,,,,584
MSTX,9.83,15.24,1,,,1,,,D,,132,13226,,,,-,,,,,4728
MSTY,13.58,5.97,5,,,1,,,D,,-26,1336,,429.7,,-,,,,,1823
MSTZ,11.11,-16.09,1,,,43,,,B+,,3,24938,,,,-,,,,,24599
MTAL,10.16,-0.10,3,,,,,,,,-55,15,,,9,-,,,,,22
MTBA,49.06,0.10,11,,,10,,,E,,-49,101,,5.4,,-,,,,,202
MTGP,44.06,0.03,2,,,24,,,E,,-50,3,,4.3,,-,,,,,7
MTNE,9.86,0.05,2,,,,,,,,700,112,,,93,-,,,,,
MTRA,26.99,-0.24,1,,,62,,,C,,-85,0,,0.1,,-,,,,,6
MTSG,9.50,-17.28,,,,,,,,,144,13,,,,-,,,,,
MTUL,60.00,-3.74,,,,99,,,C,,46,2,,,,-,,,,,1
MTUM,316.53,-3.53,79,,,96,,,B,,67,2300,,0.6,,-,,,,,1386
MTYY,19.55,-0.02,1,,,4,,,E,,-99,1,,222.8,,-,,,,,4
MUA,11.00,-0.27,11,,,44,,,A+,,74,191,5.72,6.2,12,-,-66.9,,,784.63,111
MUB,107.50,0.15,45,,,39,,,B,,-22,2533,,3.2,,-,,,,,3285
MUC,11.04,0.27,18,,,52,,,A-,,38,395,16.08,5.8,6,-,-118.8,,,1242.13,293
MUD,11.42,5.84,2,,,1,,,B-,,-10,34377,,53.7,,-,,,,,13284
MUJ,12.35,0.32,4,,,57,,,D-,,-19,80,17.26,5.3,20,-,-62.5,,,1495.85,99
MULL,25.79,-11.74,1,,,99,,,D,,14,15845,,,,-,,,,,10556
MULT,25.10,,,,,22,,,D-,,-96,0,,4.5,,-,,,,,0
MUNA,100.29,-0.08,,,,32,,,E,,-93,0,,2.0,,-,,,,,1
MUNB,100.92,0.08,,,,33,,,E,,65,0,,2.2,,-,,,,,1
MUNC,102.59,0.08,,,,36,,,C,,1752,0,,3.0,,-,,,,,0
MUND,103.15,0.05,,,,38,,,C,,-2,0,,3.5,,-,,,,,1
MUNI,52.48,0.08,5,,,35,,,C,,-36,207,,3.3,,-,,,,,326
MUNX,25.18,0.20,,,,36,,,D,,-100,0,,3.4,,-,,,,,3
MUNY,103.84,0.12,1,,,40,,,C,,3,55,,3.1,,-,,,,,52
MUSE,49.63,0.11,,,,22,,,B+,,-72,0,,7.7,,-,,,,,0
MUSI,43.75,0.19,4,,,23,,,E,,-42,8,,5.7,,-,,,,,19
MUSQ,25.69,2.07,,,,28,,,D,,24,1,,0.7,,-,,,,,1
MUST,20.73,0.29,2,,,39,,,A,,-16,91,,3.3,,-,,,,,109
MUU,745.21,-12.33,2,,,99,,,D+,,26,3866,,0.3,,-,,,,,3142
MUYY,22.57,-1.66,,,,21,,,,,298,208,,22.1,,-,,,,,52
MUZ,13.36,10.87,,,,21,,,,,221,21685,,,,-,,,,,
MUZE,9.99,0.50,17,,,,,,E,,-84,3,,,26,-,,,,,12
MVAL,37.41,1.38,,,,57,,,D,,50,2,,1.7,,-,,,,,1
MVFD,29.89,0.39,,,,53,,,E,,4,14,,1.6,,-,,,,,10
MVFG,34.79,0.96,,,,75,,,E,,-10,15,,1.5,,-,,,,,16
MVLL,37.93,-19.98,1,,,99,,,D-,,-24,5471,,,,-,,,,,6769
MVPA,33.86,0.19,,,,38,,,A-,,-47,1,,0.6,,-,,,,,2
MVPL,42.18,-0.27,,,,92,,,A+,,-34,1,,0.7,,-,,,,,0
MVRL,13.74,0.05,,,,21,,,E,,-69,1,,20.2,,-,,,,,6
MVV,89.44,-1.07,2,,,96,,,A,,112,23,,0.7,,-,,,,,11
MWHS,21.00,-7.17,,,,,,,,,-29,8,,,,-,,,,,
MXE,13.25,1.69,6,,,64,,,D,,-85,1,842.91,1.8,98,8/14/1990,586.0,,,285.26,2
MXF,21.75,0.32,9,,,66,,,E,,-30,40,106.52,6.5,95,-,458.1,,,50.24,56
MXI,107.78,1.72,8,,,69,,,E,,31,33,,1.7,,-,,,,,26
MYCF,25.00,0.06,2,,,22,,,A,,-79,3,,4.4,,-,,,,,12
MYCG,24.93,0.06,2,,,23,,,C-,,-8,5,,4.3,,-,,,,,6
MYCH,24.85,0.09,1,,,19,,,B,,-69,75,,4.3,,-,,,,,263
MYCI,24.70,0.08,1,,,15,,,D,,-12,54,,4.5,,-,,,,,4
MYCJ,24.63,0.24,1,,,15,,,E,,-24,6,,4.6,,-,,,,,7
MYCK,24.73,0.16,1,,,17,,,A-,,-49,2,,4.5,,-,,,,,3
MYCL,24.61,0.19,1,,,17,,,A,,53,3,,4.6,,-,,,,,1
MYCM,24.59,,1,,,18,,,B+,,-100,0,,4.7,,-,,,,,2
MYCN,24.41,0.15,1,,,17,,,B+,,26,2,,5.0,,-,,,,,1
MYCO,24.41,0.17,,,,15,,,D-,,71,2,,4.1,,-,,,,,1
MYHA,24.90,,1,,,28,,,E,,-99,0,,6.2,,-,,,,,0
MYHB,24.91,,,,,29,,,C,,-100,0,,6.7,,-,,,,,2
MYHC,25.06,0.09,,,,34,,,C,,-99,0,,7.3,,-,,,,,1
MYHD,25.00,0.18,,,,33,,,E,,-99,0,,7.3,,-,,,,,1
MYHE,24.89,0.20,,,,32,,,E,,-99,0,,7.1,,-,,,,,1
MYI,11.12,0.09,25,,,50,,,B+,,1,288,-4.49,6.0,18,-,-93.2,,,16576.29,288
MYLD,32.02,-0.59,4,,,89,,,B-,,482,10,,2.2,,-,,,,,3
MYMF,24.85,,1,,,26,,,C+,,-100,0,,2.5,,-,,,,,2
MYMG,24.64,0.02,,,,27,,,C+,,-93,0,,2.8,,-,,,,,1
MYMH,24.52,0.04,,,,27,,,C+,,-70,0,,2.9,,-,,,,,0
MYMI,24.68,0.04,,,,33,,,E,,-86,0,,2.8,,-,,,,,1
MYMJ,24.82,0.06,,,,32,,,E,,-21,2,,2.9,,-,,,,,1
MYMK,25.04,0.12,,,,31,,,C-,,129,4,,2.2,,-,,,,,1
MYN,10.19,0.30,13,,,50,,,A+,,3,128,17.64,6.1,5,-,-192.1,,,902.16,128
MYX,9.90,0.20,,,,,,,,,1598,0,,,99,5/15/2026,,,,,
MYY,15.17,0.65,1,,,5,,,E,,-32,7,,4.4,,-,,,,,11
MZYX,10.04,-0.50,1,,,,,,,,127,275,,,20,-,,,,,95
MZZ,5.92,1.33,,,,3,,,D,,-98,0,,9.7,,-,,,,,13
NAC,12.16,-0.16,5,,,53,,,A,,-46,298,4.39,6.9,22,-,-95.6,,,6453.94,553
NACP,59.28,-1.35,2,,,94,,,A+,,-60,1,,0.6,,-,,,,,3
NAD,12.06,-0.25,12,,,49,,,A,,15,719,6.09,7.0,8,-,31.8,,,138.44,629
NAIL,49.20,1.97,1,,,43,,,B+,,-44,979,,0.6,,-,,,,,1752
NAN,11.77,0.09,,,,50,,,A+,,43,99,-1.12,7.0,16,-,-86.2,,,2789.51,72
NANC,50.12,-0.41,1,,,84,,,B-,,-40,14,,0.2,,-,,,,,23
NANR,76.06,1.52,2,,,54,,,E,,163,88,,1.9,,-,,,,,30
NAPR,58.89,-0.40,2,,,67,,,C,,-66,5,,,,-,,,,,13
NASA,29.18,-0.92,,,,51,,,E,,-74,1857,,,,-,,,,,7432
NATO,42.20,2.80,1,,,75,,,C,,0,35,,0.4,,-,,,,,35
NAUG,31.61,-0.19,1,,,67,,,D,,-72,1,,,,-,,,,,32
NAZ,12.58,-0.44,1,,,54,,,D,,-58,8,9.7,6.0,25,11/19/1992,-83.6,,,21448.41,19
NBB,15.71,-0.19,7,,,30,,,D,,-24,39,-41.42,7.4,27,-,71.7,,,288.91,53
NBCE,42.61,,,,,95,,,B,,-89,0,,1.0,,-,,,,,1
NBCM,26.54,0.34,,,,52,,,E,,596,481,,7.2,,-,,,,,70
NBCR,33.58,0.12,,,,72,,,D,,-32,34,,0.4,,-,,,,,51
NBDS,40.90,-1.73,,,,90,,,A+,,-70,18,,,,-,,,,,55
NBET,38.78,0.49,,,,55,,,E,,40,6,,2.5,,-,19.6,,,,5
NBFC,50.67,0.12,,,,24,,,B+,,72,2,,6.6,,-,,,,,1
NBFR,26.56,-1.21,,,,50,,,E,,-95,1,,,,-,,,,,12
NBGX,29.16,-0.62,,,,69,,,A,,29,0,,0.3,,-,,,,,0
NBH,10.53,-0.57,13,,,50,,,A-,,77,156,18.76,6.2,31,-,29.1,,,137.03,90
NBIE,26.38,1.00,,,,50,,,D,,64,31,,,,-,,,,,24
NBIG,22.99,-12.32,1,,,89,,,E,,124,2441,,,,-,,,,,1104
NBIL,33.16,-12.04,1,,,89,,,E,,136,3590,,,,-,,,,,1550
NBIZ,10.07,11.27,2,,,8,,,C,,163,8096,,,,-,,,,,2649
NBJP,36.91,-1.30,1,,,92,,,D,,-31,13,,1.9,,-,,,,,18
NBOS,28.02,-0.11,,,,51,,,E,,-72,20,,4.2,,-,,,,,74
NBRG,9.97,,3,,,,,,E,,4471,0,,,66,-,,,,,2
NBSD,50.56,0.11,1,,,17,,,D+,,117,339,,4.8,,-,,,,,157
NBSM,28.41,-0.26,1,,,75,,,C,,-88,13,,0.4,,-,,,,,107
NBTR,49.88,0.10,,,,15,,,A,,-65,0,,5.1,,-,,,,,0
NBXG,16.05,-3.25,11,,,80,,,C,,-2,220,,9.2,,5/26/2021,,,,,227
NCA,9.39,0.43,,,,49,,,B,,-53,26,3.56,3.9,19,10/7/1987,-57.3,,,527.92,58
NCIQ,15.31,2.48,,,,4,,,E,,-24,32,,,,-,,,,,59
NCLO,24.97,-0.01,3,,,25,,,A+,,-73,11,,5.8,,-,,,,,39
NCPB,24.87,0.07,1,,,16,,,B+,,-81,1,,5.2,,-,,,,,7
NCV,17.38,-0.97,13,,,87,,,D,,-34,48,25.11,9.4,85,-,116.2,,,53.67,74
NCZ,15.70,-0.76,7,,,86,,,A,,-16,58,26.46,9.3,87,-,120.3,,,54.62,70
NDAA,23.68,-0.09,,,,70,,,A,,19,2,,2.5,,-,,,,,1
NDEC,29.79,-0.40,,,,70,,,E,,54,29,,,,-,,,,,20
NDIA,27.30,0.44,1,,,27,,,D-,,-96,1,,0.1,,-,,,,,18
NDIV,31.77,1.15,1,,,46,,,E,,-67,5,,7.4,,-,,,,,16
NDMO,10.44,,1,,,46,,,D-,,-17,94,2.84,6.7,9,8/27/2020,34.9,,,158.69,114
NDOW,29.35,-0.06,,,,61,,,D+,,-33,6,,1.2,,-,,,,,9
NEA,11.70,,11,,,49,,,A-,,-29,563,11.16,7.0,8,-,34.5,,,136.24,792
NEAR,50.52,0.11,11,,,15,,,E,,-38,388,,4.4,,-,,,,,649
NEBX,34.18,-12.18,2,,,99,,,E,,47,3976,,,,-,,,,,2259
NEHI,24.98,4.69,,,,6,,,E,,-26,59,,53.6,,-,,,,,83
NELS,28.58,-0.05,,,,72,,,C,,-18,5,,,,-,,,,,8
NEMD,53.11,0.12,,,,46,,,E,,347,54,,5.7,,-,,,,,12
NEMG,14.60,7.83,,,,8,,,E,,-70,5,,,,-,,,,,16
NERD,20.64,0.40,1,,,11,,,B-,,64,2,,0.8,,-,,,,,2
NETG,13.06,-3.39,,,,45,,,C,,-72,100,,,,-,,,,,362
NETL,27.21,1.89,2,,,71,,,A,,10,12,,4.6,,-,,,,,11
NEWZ,30.13,0.30,,,,62,,,B-,,-19,1,,0.2,,-,,,,,1
NFEB,30.09,-0.55,1,,,70,,,E,,75,8,,,,-,,,,,5
NFJ,15.26,0.39,14,,,91,,,B,,-10,142,42.17,8.1,54,-,143.0,,,175.79,159
NFLP,19.35,5.42,,,,3,,,D,,58,6,,28.5,,-,,,,,4
NFLT,22.95,0.15,1,,,33,,,E,,-15,74,,5.5,,-,,,,,88
NFLU,19.42,8.98,,,,1,,,E,,152,447,,,,-,,,,,181
NFLW,17.98,5.64,1,,,2,,,E,,62,19,,84.5,,-,,,,,18
NFLY,8.27,2.61,,,,2,,,E,,-13,86,,61.8,,-,,,,,97
NFRA,64.44,1.59,9,,,46,,,D-,,-50,37,,5.7,,-,,,,,75
NFRX,27.00,,2,,,41,,,E,,-64,0,,2.0,,-,,,,,0
NFTY,54.09,0.72,,,,27,,,B,,-76,8,,1.9,,-,,,,,32
NFXL,18.34,9.10,2,,,1,,,D-,,244,3240,,4.8,,-,,,,,972
NFXS,19.80,-4.72,,,,91,,,B,,-5,28,,2.9,,-,,,,,30
NGHT,22.46,2.32,,,,20,,,,,-41,7,,,,-,,,,,29
NGIF,13.06,1.53,,,,40,,,,,-100,0,,,,-,,,,,
NHIC,11.00,0.64,40,,,,,,E,,-96,7,,,71,-,,,,79.13,158
NHIV,10.07,0.70,,,,,,,,,-44,8,,,96,-,,,,,
NHS,6.21,-0.16,6,,,7,,,E,,-36,139,-6.56,17.7,50,-,75.7,,,-54.55,230
NHYB,24.70,0.16,11,,,26,,,E,,45,133,,6.4,,-,,,,,131
NHYM,25.04,-0.02,5,,,41,,,E,,-9,24,,4.5,,-,,,,,27
NICM,6.08,0.23,,,,,,,,,-93,2,,,,-,,,,,24
NICO,25.93,1.93,,,,36,,,,,-91,0,,,,-,,,,,
NIE,26.43,-1.23,1,,,65,,,D,,-36,43,4.08,8.8,75,-,131.8,,,12.51,69
NIHI,51.78,0.86,1,,,51,,,C,,-40,28,,10.1,,-,,,,,47
NIKL,13.11,2.18,5,,,12,,,E,,-50,73,,3.1,,-,,,,,147
NIM,9.38,-0.85,1,,,38,,,B,,-57,7,24.32,3.7,23,9/18/1992,93.7,,,257.25,17
NIOG,11.46,-7.53,,,,6,,,E,,0,31,,,,-,,,,,32
NISM,24.58,0.60,,,,27,,,,,-100,0,,0.5,,-,,,,,0
NITE,37.01,-0.77,,,,60,,,E,,-62,0,,,,-,,,,,0
NIXT,32.98,0.73,,,,94,,,B,,-70,1,,1.3,,-,,,,,2
NJAN,58.51,-0.42,2,,,68,,,D-,,1392,184,,,,-,,,,,13
NJNK,20.07,0.07,2,,,24,,,E,,-68,4,,6.4,,-,,,,,12
NJUL,76.15,-0.89,3,,,58,,,E,,1452,186,,,,-,,,,,12
NJUN,32.34,-0.96,1,,,49,,,C+,,-63,43,,,,-,,,,,109
NKX,12.59,0.24,1,,,45,,,D+,,-13,113,2,6.9,19,-,-87.4,,,2724.76,135
NLR,114.93,0.05,35,,,10,,,E,,-19,403,,2.7,,-,,,,,496
NLSI,51.90,0.80,,,,53,,,C,,194,2,,5.1,,-,,,,,2
NMAI,13.96,-0.57,7,,,71,,,C+,,-5,105,96.62,10.1,81,-,111.2,,,166.9,112
NMAR,31.97,-0.49,,,,71,,,E,,-69,2,,,,-,,,,,6
NMAY,29.20,-0.69,1,,,53,,,E,,-80,12,,,,-,,,,,59
NMB,25.02,0.36,1,,,31,,,E,,183,10,,6.8,,-,,,,,4
NMBL,20.58,-0.55,,,,45,,,E,,-84,0,,0.9,,-,,,,,4
NMCO,10.87,-0.46,3,,,44,,,A-,,33,189,6.2,7.6,1,9/17/2019,2.1,,,141.14,145
NMI,10.94,-0.43,,,,66,,,A,,-3,22,18.26,4.1,10,4/20/1988,59.1,,,304.47,24
NML,10.10,-0.10,10,,,53,,,C-,,-54,65,-66.12,8.6,4,3/26/2013,-6.9,,,-68.1,143
NMP,10.28,,23,,,,,,E,,-100,0,,,64,-,,,,1029.13,4
NMS,12.24,0.00,1,,,43,,,D,,-48,6,2.61,6.3,1,-,-5.2,,,11.65,11
NMT,12.94,0.94,1,,,64,,,C+,,-37,13,-4.06,5.8,72,3/18/1993,-31.2,,,26.13,21
NMZ,10.53,-0.09,3,,,46,,,A+,,-30,482,-0.3,7.5,7,-,27.2,,,118.8,691
NNOV,31.14,-0.65,3,,,71,,,D+,,-93,2,,,,-,,,,,26
NNY,8.75,,1,,,51,,,A,,-60,11,0.61,4.1,21,10/7/1987,-43.5,,,512.44,29
NOBL,57.71,1.91,36,,,69,,,B+,,-98,1166,,2.1,,-,,,,,1035
NOCT,62.15,-0.28,3,,,69,,,D,,-34,7,,,,-,,,,,10
NODE,40.33,-4.27,,,,82,,,E,,82,23,,0.7,,-,,,,,13
NOEM,10.42,-0.19,22,,,,,,D,,-92,0,,,51,-,,,,-23.93,7
NOEQ,28.82,0.21,,,,52,,,D,,-64,0,,0.7,,-,,,,,0
NORW,32.44,2.17,2,,,39,,,E,,-36,69,,3.9,,-,,,,,109
NOVM,33.75,0.06,2,,,47,,,D,,-42,0,,,,-,,,,,1
NOVP,32.49,-0.03,1,,,67,,,E,,81,8,,,,-,,,,,4
NOVZ,46.93,-0.10,1,,,61,,,C-,,-69,6,,3.4,,-,,,,,6
NOWL,4.97,0.61,,,,2,,,C,,1,21610,,,,-,,,,,21941
NPAC,10.36,-0.19,40,,,,,,C,,-98,1,,,70,-,,,,2359.92,70
NPCT,10.07,,5,,,20,,,D+,,11,130,,10.8,,-,,,,,119
NPFD,18.76,-0.27,5,,,26,,,C,,13,57,,10.1,,-,,,,,52
NPFE,27.59,-0.03,,,,63,,,C-,,75,10,,,,-,,,,,6
NPFI,26.03,0.10,2,,,32,,,B,,-64,7,,6.4,,-,,,,,20
NPV,11.53,0.09,1,,,43,,,D+,,9,39,10.62,6.4,70,3/18/1993,-25.8,,,11.77,37
NRES,31.07,,3,,,45,,,C-,,-98,0,,2.7,,-,,,,,1
NRGD,31.13,-2.32,,,,37,,,C,,-87,4,,,,-,,,,,31
NRGU,29.75,2.41,,,,61,,,E,,-75,29,,,,-,,,,,116
NRK,10.72,-0.28,12,,,56,,,D+,,18,313,-6.77,7.4,14,-,-103.9,,,3546.94,273
NRO,3.09,1.31,6,,,41,,,A+,,196,833,-12.51,12.4,62,-,-24.7,,,238.15,282
NRSH,32.44,-3.48,1,,,97,,,E,,-8,0,,0.3,,-,,,,,2
NSCI,25.16,0.02,3,,,31,,,E,,-88,5,,4.6,,-,,,,,37
NSEP,31.15,-0.25,,,,64,,,E,,-87,1,,,,-,,,,,6
NSI,37.38,-0.78,,,,79,,,E,,-75,0,,1.2,,-,,,,,1
NTRL,20.76,0.43,1,,,35,,,E,,112,18,,3.0,,-,,,,,9
NTSD,46.35,0.84,,,,73,,,D+,,6,10,,0.6,,-,,,,,9
NTSE,46.25,-1.26,,,,94,,,E,,14,4,,2.6,,-,,,,,4
NTSI,46.98,1.22,,,,63,,,D,,-55,13,,3.6,,-,,,,,28
NTSX,58.78,-0.24,2,,,73,,,B-,,-65,18,,1.1,,-,,,,,50
NTWO,10.74,0.75,33,,,,,,C-,,1054,10,,,33,-,,,,-17.74,3
NUAG,20.92,0.05,,,,18,,,D-,,-76,2,,4.5,,-,,,,,12
NUBD,22.05,0.07,3,,,14,,,E,,74,121,,4.0,,-,,,,,73
NUDG,62.81,1.09,,,,33,,,,,-100,0,,1.1,,-,,,,,
NUDM,40.13,1.21,4,,,73,,,D,,22,55,,5.1,,-,,,,,49
NUDV,33.06,1.14,,,,70,,,D+,,72,7,,2.1,,-,,,,,4
NUEM,40.94,-1.24,2,,,85,,,E,,38,32,,3.1,,-,,,,,24
NUG,9.21,2.90,,,,7,,,D-,,-6,14,,,,-,,,,,15
NUGO,42.42,-1.03,20,,,78,,,E,,-88,5,,,,-,,,,,226
NUGT,126.01,8.61,3,,,19,,,E,,34,831,,0.6,,-,,,,,623
NUGY,13.68,1.18,,,,6,,,E,,-42,14,,83.6,,-,,,,,24
NUHY,21.38,0.21,,,,25,,,B,,98,29,,6.7,,-,,,,,16
NUIF,25.95,1.61,,,,,,,,,-100,0,,,,-,,,,,
NUKX,38.13,-0.50,,,,12,,,E,,2,6,,5.3,,-,,,,,6
NUKZ,66.52,-0.48,14,,,48,,,E,,-52,60,,0.9,,-,,,,,125
NULC,53.73,-0.45,1,,,74,,,A-,,897,63,,0.9,,-,,,,,4
NULG,114.19,-1.25,6,,,91,,,B,,-24,69,,0.1,,-,,,,,92
NULV,50.73,0.52,3,,,81,,,D,,-38,50,,1.5,,-,,,,,83
NUMG,46.91,-0.38,2,,,40,,,A,,-47,14,,,,-,,,,,27
NUMI,25.15,0.04,4,,,39,,,C-,,-86,0,,3.6,,-,,,,,4
NUMV,44.09,0.85,2,,,83,,,A,,-45,13,,1.4,,-,,,,,25
NURE,32.91,1.42,2,,,85,,,A+,,125,11,,4.0,,-,,,,,5
NUSA,23.11,0.09,,,,15,,,E,,326,21,,3.9,,-,,,,,5
NUSB,25.18,0.02,4,,,22,,,C,,-73,0,,4.3,,-,,,,,1
NUSC,51.38,-0.96,2,,,87,,,C+,,-26,70,,0.9,,-,,,,,99
NUV,9.23,,4,,,46,,,A,,-32,351,16.28,4.2,17,6/16/1987,89.5,,,215.05,523
NUW,14.40,-0.28,4,,,42,,,B,,-18,41,53.58,4.1,18,-,100.7,,,172.48,50
NVA,4.78,-3.24,5,,,,,,,,-46,173,,,,-,,,,-304.72,
NVBT,39.52,-0.10,1,,,69,,,A,,-84,0,,,,-,,,,,2
NVBU,30.71,-0.18,1,,,65,,,A,,-9,0,,,,-,,,,,9
NVBW,35.58,-0.09,,,,57,,,C,,-72,2,,,,-,,,,,6
NVC,24.61,-3.07,,,,,,,,,-97,0,,,,-,,,,,
NVD,5.50,3.00,2,,,2,,,B+,,-7,63758,,14.9,,-,,,,,69183
NVDB,26.53,-3.15,1,,,43,,,E,,-59,14,,2.3,,-,,,,,33
NVDD,35.03,1.62,1,,,5,,,B+,,-70,42,,3.5,,-,,,,,138
NVDG,16.06,-3.37,1,,,51,,,E,,-65,146,,12.7,,-,,,,,395
NVDL,28.22,-3.16,10,,,60,,,D-,,-45,12787,,,,-,,,,,24139
NVDQ,12.58,3.11,3,,,2,,,B+,,-58,2555,,0.3,,-,,,,,6110
NVDS,23.69,2.06,2,,,3,,,B,,-73,106,,16.4,,-,,,,,401
NVDU,112.36,-3.08,2,,,55,,,D-,,-50,270,,2.2,,-,,,,,546
NVDW,34.45,-1.54,1,,,21,,,E,,-36,59,,66.9,,-,,,,,91
NVDX,16.03,-3.38,3,,,53,,,D-,,-19,7963,,,,-,,,,,10025
NVDY,12.12,-1.32,6,,,6,,,E,,-14,2808,,68.8,,-,,,,,3267
NVG,12.84,-0.08,10,,,51,,,B,,-29,366,14.78,7.4,7,-,26.5,,,136.07,517
NVII,23.25,-1.52,,,,13,,,E,,-39,97,,59.6,,-,,,,,159
NVIR,37.69,-0.67,,,,56,,,B+,,106,1,,0.8,,-,,,,,1
NVIT,47.00,-1.26,1,,,28,,,E,,-53,2,,15.7,,-,,,,,6
NVOH,27.38,2.34,,,,46,,,C,,-48,1,,0.6,,-,,,,,2
NVOX,17.75,6.67,3,,,42,,,A+,,-42,359,,,,-,,,,,631
NVPS,23.91,-6.78,,,,,,,,,-81,7,,,,-,,,,,
NVTX,30.98,-25.37,,,,80,,,E,,13,390,,,,-,,,,,354
NVYY,12.56,-0.35,1,,,4,,,D,,-36,65,,144.6,,-,,,,,103
NWAX,10.16,0.10,28,,,,,,C,,-31,32,,,59,-,,,,,46
NXDT,5.36,1.32,143,,,89,,,B-,,-9,143,-34.36,12.6,3,-,-138.3,,,40.54,159
NXG,63.03,-2.37,3,,,90,,,B,,119,216,80.27,12.0,57,9/26/2012,212.8,,,-29.16,99
NXP,14.41,0.42,2,,,36,,,D,,22,173,17.29,4.5,19,3/20/1992,90.5,,,180.02,142
NXPG,10.99,-5.30,,,,20,,,,,-81,1,,,,-,,,,,
NXPX,16.42,-6.49,,,,20,,,,,-71,1,,,,-,,,,,
NXTE,50.79,-2.99,,,,97,,,C+,,544,3,,0.5,,-,,,,,4
NXTG,148.08,-1.04,5,,,97,,,E,,-71,4,,1.2,,2/18/2011,,,,,14
NXTI,34.75,-0.31,1,,,73,,,A+,,15025,0,,0.6,,-,,,,,2
NXUS,24.95,-0.10,13,,,28,,,E,,-17,1003,,2.6,,-,,,,,339
NYF,53.86,0.13,1,,,40,,,E,,-27,111,,3.1,,-,,,,,154
NYM,25.06,-0.04,1,,,31,,,D,,46,124,,2.9,,-,,,,,85
NYNY,26.62,1.27,,,,39,,,,,-100,0,,,,-,,,,,
NYSX,123.95,-2.07,,,,75,,,E,,-34,3,,,,-,,,,,4
NYYY,40.35,-1.54,,,,22,,,,,-66,0,,2.5,,-,,,,,
NZAC,45.67,-0.01,1,,,71,,,D,,-53,2,,2.1,,-,,,,,5
NZF,12.63,-0.39,9,,,47,,,C+,,27,659,1.74,7.5,9,-,28.4,,,140.21,519
OACC,10.74,0.37,34,,,,,,B-,,-83,4,,,64,-,,,,-15.96,11
OACP,22.70,0.04,1,,,19,,,E,,-4,54,,4.3,,-,,,,,56
OAEM,47.72,-0.71,1,,,95,,,E,,-70,7,,0.6,,-,,,,,36
OAIM,46.66,-0.77,1,,,79,,,E,,-30,16,,0.9,,-,,,,,23
OAKG,25.82,1.69,1,,,45,,,D+,,-97,0,,,,-,,,,,3
OAKI,26.27,2.02,,,,52,,,C,,-19,6,,,,-,,,,,8
OAKM,29.13,1.71,2,,,55,,,B+,,3,247,,0.7,,-,,,,,240
OALC,40.33,-0.77,,,,89,,,C,,-18,16,,0.5,,-,,,,,21
OARK,31.12,-0.69,2,,,21,,,A,,-62,5,,64.3,,-,,,,,13
OASC,34.89,-1.85,,,,92,,,C,,-29,8,,0.4,,-,,,,,11
OBA,10.25,0.29,38,,,,,,E,,186,0,,,28,-,,,,14949.36,11
OBIL,50.02,0.08,,,,23,,,C+,,-47,21,,3.6,,-,,,,,40
OBND,25.66,0.08,,,,20,,,E,,-28,4,,6.3,,-,,,,,6
OBOR,25.94,0.51,,,,28,,,E,,-72,0,,2.0,,-,,,,,1
OBTC,19.71,2.11,1,,,,,,D,,232,63,,,,-,,,,,9
OCCI,2.54,,2,,,3,,,D,,6,280,-81.75,23.5,69,10/5/2018,-24.4,352.64,-25.81,16.96,265
OCDB,25.72,-0.02,,,,,,,,,-85,0,,,,-,,,,,
OCIO,37.25,-0.47,,,,45,,,D+,,-87,1,,2.1,,-,,,,,11
OCTB,27.18,-0.04,,,,54,,,D+,,902,11,,,,-,,,,,2
OCTH,24.00,0.04,,,,32,,,B,,81,6,,6.1,,-,,,,,3
OCTJ,23.96,0.04,,,,29,,,A,,86,3,,5.2,,-,,,,,3
OCTM,33.61,-0.03,1,,,48,,,C-,,38,1,,,,-,,,,,2
OCTP,32.25,-0.14,1,,,65,,,E,,9,7,,,,-,,,,,6
OCTT,46.60,0.03,,,,69,,,A,,4610,163,,,,-,,,,,4
OCTU,30.28,-0.19,1,,,66,,,C,,-91,1,,,,-,,,,,17
OCTW,40.93,0.02,,,,56,,,D,,28,178,,,,-,,,,,140
OCTZ,45.57,-0.13,1,,,61,,,D+,,-95,2,,2.1,,-,,,,,24
ODDS,24.67,,1,,,23,,,B,,-82,0,,0.8,,-,,,,,1
ODDZ,26.81,0.94,,,,41,,,,,-98,0,,,,-,,,,,
ODHY,9.97,0.10,,,,23,,,D+,,100,0,,5.2,,-,,,,,0
ODTC,,,,,,,,,E,,,0,,,,-,,,,233.4,0
ODTE,26.72,-0.88,,,,40,,,,,242,19,,3.0,,-,,,,,6
OEF,366.08,0.06,30,,,78,,,D+,,-50,188,,0.9,,-,,,,,374
OEFA,34.74,1.35,1,,,61,,,A,,-50,3,,1.5,,-,,,,,6
OEI,25.63,-0.13,,,,41,,,D,,97,14,,9.1,,-,,,,,8
OGIG,45.96,-0.15,4,,,35,,,A,,-59,4,,0.1,,-,,,,,10
OGSP,9.99,,,,,20,,,B+,,1868,0,,5.8,,-,,,,,0
OHAC,9.90,,,,,,,,,,-100,1,,,87,-,,,,,
OIA,6.24,,3,,,46,,,A,,50,174,36.51,5.6,16,-,53.5,,,460.13,118
OIH,359.60,-0.13,43,,,63,,,E,,-5,372,,1.3,,-,,,,,393
OILD,52.48,-2.58,,,,39,,,A+,,41,144,,,,-,,,,,103
OILK,46.86,0.84,2,,,51,,,D-,,-70,66,,9.6,,-,,,,,223
OILT,26.95,1.10,1,,,52,,,E,,-86,1,,2.8,,-,,,,,4
OILU,32.40,2.02,1,,,60,,,E,,220,594,,,,-,,,,,189
OIM,10.20,0.89,23,,,,,,C-,,209,120,,,25,-,,,,,25
OKLL,4.90,-0.61,3,,,3,,,E,,18,17355,,,,-,,,,,14658
OKLS,24.22,0.08,1,,,5,,,C,,-89,250,,,,-,,,,,637
OKTG,30.74,1.25,,,,90,,,C,,-45,26,,,,-,,,,,50
OMAH,18.87,1.29,,,,29,,,E,,18,966,,15.2,,-,,,,,823
OMFL,68.82,0.53,20,,,83,,,C-,,93,276,,0.8,,-,,,,,144
OMFS,53.04,-0.54,3,,,91,,,C,,-47,8,,1.1,,-,,,,,13
ONCH,10.30,,40,,,,,,D+,,211,48,,,53,-,,,,3953.71,12
OND,34.96,-1.24,1,,,22,,,A+,,-58,0,,,,-,,,,,0
ONDG,2.66,-13.36,,,,8,,,E,,111,3180,,,,-,,,,,1531
ONDL,7.00,-12.94,,,,8,,,E,,6,1814,,,,-,,,,,1728
ONDU,4.26,-13.41,,,,8,,,E,,-25,135,,,,-,,,,,184
ONEH,24.64,-0.06,1,,,30,,,E,,-65,1,,,,-,,,,,3
ONEO,152.43,0.08,,,,87,,,A,,-59,0,,1.2,,-,,,,,0
ONEQ,101.66,-0.86,7,,,88,,,D+,,-32,279,,0.5,,-,,,,,412
ONEV,146.09,1.55,2,,,67,,,A+,,-78,2,,1.9,,-,,,,,30
ONEY,130.80,1.62,3,,,76,,,A+,,-14,9,,2.8,,-,,,,,34
ONEZ,27.55,-0.07,,,,57,,,E,,-78,37,,3.7,,-,,,,,168
ONG,7.01,-7.94,,,,19,,,,,53,84,,,,-,,,,,
ONLN,55.86,0.27,3,,,38,,,D,,-80,1,,0.1,,-,,,,,7
ONOF,39.78,-0.23,,,,61,,,C,,-84,2,,1.0,,-,,,,,14
ONTX,22.84,-23.23,,,,,,,,,-15,27,,,,-,,,,,
ONX,11.05,-7.30,,,,19,,,,,38,73,,,,-,,,,,
OOSP,10.13,0.15,,,,25,,,A,,-63,2,,6.4,,-,,,,,6
OPEG,4.93,-0.78,,,,20,,,D,,-57,34,,,,-,,,,,82
OPER,100.11,0.03,3,,,24,,,B,,-3,1,,4.0,,-,,,,,13
OPEX,19.80,-1.35,1,,,16,,,D,,-85,114,,,,-,,,,,77
OPI,16.60,1.84,1,,,,,,,,132,86,,,,-,,,,,
OPP,7.70,0.39,6,,,18,,,A+,,-12,72,-29.26,14.4,51,9/28/2016,75.8,,,7.25,83
OPPE,56.72,1.87,2,,,74,,,D,,-26,17,,2.8,,-,,,,,29
OPPJ,57.23,-1.42,6,,,83,,,E,,15,100,,2.8,,-,,,,,84
OPTZ,46.67,-3.32,,,,97,,,E,,-66,2,,0.4,,-,,,,,4
ORAC,22.32,-4.51,,,,,,,,,198,3,,,,-,,,,,
ORBX,53.48,-0.35,,,,35,,,,,-24,69,,,,-,,,,,101
ORCS,32.21,1.93,,,,45,,,C,,53,146,,1.3,,-,,,,,113
ORCU,7.57,-3.69,2,,,6,,,E,,132,4499,,1.9,,-,,,,,1851
ORCX,21.15,-3.60,2,,,2,,,E,,8,4475,,,,-,,,,,2595
ORIQ,10.30,-0.05,21,,,,,,D+,,-98,1,,,19,-,,,,7782.6,18
ORLG,12.32,-5.28,,,,11,,,D+,,31,3,,,,-,,,,,2
ORO,18.04,1.03,2,,,10,,,E,,-83,0,,,,-,,,,,0
ORR,36.76,0.85,4,,,64,,,C,,-38,90,,,,-,,,,,146
OSCG,33.17,2.20,,,,90,,,C,,-5,9,,,,-,,,,,10
OSCV,42.21,0.14,1,,,68,,,B,,-3,43,,1.1,,-,,,,,45
OSCX,128.19,1.93,,,,90,,,C,,-98,10,,,,-,,,,,10
OSEA,30.31,0.56,2,,,48,,,E,,68,83,,1.3,,-,,,,,50
OSSL,14.56,-26.13,,,,20,,,,,-64,2,,,,-,,,,,
OTAI,9.93,,,,,,,,,,-99,4,,,69,-,,,,,
OTF,10.46,-1.88,28,1,42,10,,A,E,,-13,2001,76.5,13.3,71,-,60.1,0.29,-11.26,11.45,2314
OTGA,10.16,-0.10,36,,,,,,E,,-100,0,,,35,-,,,,,59
OTGL,10.51,0.37,,,,49,,,E,,-87,1,,2.8,,-,,,,,4
OUNZ,39.61,2.01,10,,,34,,,E,,-20,604,,,,-,,,,,681
OUSA,59.90,1.82,2,,,56,,,D+,,-48,14,,1.4,,-,,,,,27
OUSM,47.75,0.46,5,,,63,,,D,,-30,45,,2.0,,-,,,,,65
OVB,20.41,-0.03,1,,,19,,,D-,,-52,6,,9.0,,-,,,,,13
OVF,31.62,0.67,,,,68,,,B,,329,59,,13.4,,-,,,,,14
OVL,56.45,-0.18,,,,71,,,D,,-12,85,,4.9,,-,,,,,96
OVLH,41.66,-0.11,,,,63,,,D+,,-72,4,,0.3,,-,,,,,14
OVM,21.80,0.11,,,,41,,,A,,-17,12,,7.9,,-,,,,,15
OVS,42.00,-0.93,,,,89,,,A+,,-24,7,,4.8,,-,,,,,9
OVT,21.83,0.08,,,,17,,,C+,,-47,7,,9.7,,-,,,,,13
OWN,24.19,-1.00,,,,28,,,,,6,1,,,,-,,,,,
OWNB,17.89,-0.17,1,,,31,,,E,,-64,3,,,,-,,,,,10
OWNS,17.25,0.12,,,,18,,,D,,-29,9,,3.0,,-,,,,,13
OXLC,8.81,0.11,13,1,3,9,,D,D+,,-24,804,-31.41,27.4,1,1/20/2011,-149.3,169.26,291.67,-1454.73,1057
OYSE,10.31,0.19,42,,,,,,E,,-14,0,,,29,-,,,,6687.75,16
OZEM,33.55,3.58,,,,66,,,B,,124,52,,1.3,,-,,,,,24
PAAA,51.32,0.06,19,,,30,,,D-,,-2,1407,,4.8,,-,,,,,2008
PAAC,9.96,,,,,,,,,,-93,2,,,16,-,,,,,7
PAAU,12.34,8.20,,,,9,,,E,,107,17,,,,-,,,,,8
PAB,42.06,0.04,2,,,12,,,E,,-55,14,,4.6,,-,,,,,30
PABD,69.31,0.93,1,,,70,,,E,,-95,0,,2.1,,-,,,,,7
PABU,75.90,-0.32,4,,,70,,,A,,-74,7,,1.0,,-,,,,,31
PACH,10.26,0.20,41,,,,,,C,,-99,0,,,51,-,,,,7349.04,22
PAI,12.13,0.12,3,,,16,,,B,,31,24,-31.35,5.2,42,-,236.0,,,26.74,21
PAII,10.24,0.10,32,,,,,,C,,1250,258,,,44,-,,,,,13
PALC,58.05,-1.53,1,,,77,,,B,,-81,3,,1.1,,-,,,,,16
PALD,11.54,1.26,,,,1,,,E,,112,69,,4.6,,-,,,,,38
PALL,22.91,3.99,9,,,23,,,E,,-49,735,,,,-,,,,,936
PALO,9.90,,1,,,,,,,,-100,0,,,31,-,,,,,21
PALU,53.69,-2.59,,,,99,,,C,,-46,105,,1.1,,-,,,,,219
PAMC,54.26,-0.97,,,,87,,,B-,,-76,2,,1.1,,-,,,,,8
PANG,33.19,-2.36,,,,99,,,C,,-55,37,,5.1,,-,,,,,86
PAPI,27.14,1.27,,,,37,,,C,,-12,68,,7.5,,-,,,,,78
PAPR,42.28,0.24,3,,,61,,,C,,-56,19,,,,-,,,,,43
PATN,35.85,-1.02,1,,,97,,,B-,,-1,81,,1.6,,-,,,,,84
PATX,9.03,3.56,,,,28,,,C,,-77,22,,,,-,,,,,100
PAUG,45.67,0.07,5,,,59,,,A,,11,37,,,,-,,,,,33
PAVE,57.15,-0.92,51,,,88,,,E,,8,1940,,0.5,,-,,,,,1790
PAWZ,48.99,1.99,1,,,7,,,B,,-87,0,,0.7,,-,,,,,7
PAXS,14.67,0.48,4,,,22,,,B,,-11,166,,12.5,,1/27/2022,,,,,187
PAYH,24.93,-0.09,,,,53,,,E,,237,55,,16.1,,-,,,,,16
PAYM,25.12,-2.41,,,,45,,,C,,110,68,,10.0,,-,,,,,33
PAYR,54.85,1.29,,,,44,,,E,,-57,4,,8.0,,-,,,,,9
PBAP,31.01,0.03,,,,57,,,D,,104,9,,,,-,,,,,5
PBAU,31.46,0.06,1,,,56,,,B-,,30,9,,,,-,,,,,6
PBD,19.04,-1.40,4,,,84,,,E,,-0,65,,1.6,,-,,,,,67
PBDC,27.35,-0.26,1,,,11,,,C+,,-50,69,,11.8,,-,,,,,149
PBDE,30.92,-0.02,1,,,59,,,D,,422,51,,,,-,,,,,9
PBE,92.04,2.35,2,,,91,,,A,,110,12,,1.7,,-,,,,,6
PBEU,33.21,1.84,,,,84,,,E,,1440,3310,,,,-,,,,,133
PBFB,31.91,0.03,1,,,57,,,E,,68,9,,,,-,,,,,5
PBFR,30.63,,,,,55,,,E,,52,84,,,,-,,,,,56
PBJ,48.04,1.39,2,,,33,,,D,,26,11,,1.3,,-,,,,,9
PBJA,32.32,0.14,1,,,56,,,E,,95,9,,,,-,,,,,4
PBJL,31.27,-0.03,1,,,53,,,B+,,339,79,,,,-,,,,,18
PBJN,30.80,-0.09,1,,,49,,,D,,-50,11,,,,-,,,,,25
PBL,33.14,0.04,,,,64,,,D+,,-69,2,,2.1,,-,,,,,6
PBMR,32.08,0.03,1,,,57,,,E,,-26,9,,,,-,,,,,11
PBMY,31.16,0.02,1,,,49,,,C,,-47,9,,0.1,,-,,,,,17
PBNV,30.96,0.01,1,,,58,,,D,,103,9,,,,-,,,,,5
PBOC,30.63,0.01,1,,,56,,,E,,117,21,,,,-,,,,,10
PBOG,29.38,1.53,1,,,42,,,E,,220,1437,,0.1,,-,,,,,193
PBOT,32.29,-2.72,,,,,,,D,,154,1,,0.1,,-,,,,,1
PBP,22.89,-0.07,3,,,46,,,D+,,17,44,,10.1,,-,,,,,38
PBPH,27.91,3.28,,,,62,,,E,,1189,1994,,0.1,,-,,,,,114
PBQQ,31.22,-0.43,,,,72,,,D,,119,70,,,,-,,,,,32
PBRG,27.45,1.60,,,,46,,,E,,-66,1,,,,-,,,,,4
PBSC,25.19,0.17,,,,,,,,,-36,0,,,,-,,,,,
PBSE,30.86,,1,,,55,,,A,,137,9,,,,-,,,,,5
PBTP,25.66,0.09,1,,,12,,,B-,,-80,8,,4.8,,-,,,,,41
PBUS,74.73,0.01,13,,,80,,,D+,,13,557,,1.0,,-,,,,,388
PBW,36.58,-4.04,8,,,93,,,D-,,-25,660,,1.3,,-,,,,,888
PCAP,10.30,0.24,44,,,,,,D,,-84,16,,,24,-,,,,2877.68,86
PCCE,12.26,-2.31,,,,14,,,D,,-85,0,,1.8,,-,,,,,0
PCEB,24.53,0.50,,,,26,,,,,-38,13,,3.1,,-,,,,,
PCEF,20.30,-0.39,3,,,52,,,A+,,-24,100,,7.8,,-,,,,,131
PCF,5.56,-0.71,11,,,12,,,C+,,-29,44,63.95,12.9,22,7/9/1987,100.0,,,-109.47,63
PCFI,22.55,0.07,,,,8,,,C,,-85,0,,10.3,,-,,,,,3
PCGG,11.02,0.28,1,,,32,,,C,,689,16,,,,-,,,,,3
PCHI,24.39,-0.69,,,,11,,,E,,-70,3,,8.4,,-,,,,,9
PCI,49.91,0.16,8,,,14,,,D-,,-23,1,,4.8,,-,,,,,6
PCIG,8.74,-0.25,1,,,33,,,A,,-15,3,,0.2,,-,,,,,6
PCL,49.69,0.17,1,,,16,,,E,,-98,0,,5.5,,-,,,,,12
PCLC,24.62,-1.83,,,,35,,,,,-86,0,,,,-,,,,,
PCLG,21.88,-0.18,1,,,31,,,C,,80,78,,,,-,,,,,44
PCLN,31.82,-2.28,,,,86,,,C,,-37,0,,0.1,,-,,,,,0
PCLO,24.93,,2,,,25,,,A-,,-99,0,,5.2,,-,,,,,6
PCM,5.76,2.86,1,,,15,,,B-,,344,189,-37.9,13.9,49,8/27/1993,51.4,,,-7.67,44
PCMM,49.90,0.42,2,,,25,,,A-,,-0,36,,6.5,,-,,,,,36
PCN,11.87,-0.34,3,,,17,,,B+,,-32,206,-28.53,11.4,55,-,102.9,,,-23.49,302
PCPI,49.86,-0.07,,,,28,,,,,-62,8,,4.8,,-,,,,,19
PCPP,25.87,0.70,,,,40,,,,,-55,19,,,,-,,,,,
PCQ,9.00,0.33,12,,,49,,,B,,132,296,116.33,4.9,30,-,149.4,,,1624.1,129
PCR,19.49,0.18,,,,14,,,D+,,42,0,,12.0,,-,,,,,1
PCS,49.97,0.15,9,,,18,,,E,,-33,0,,4.3,,-,,,,,1
PCSC,11.00,1.29,21,,,,,,E,,177,241,,,78,6/12/2024,,,,-104,88
PCSG,24.18,-3.77,,,,36,,,,,-66,0,,,,-,,,,,
PCY,21.65,0.28,22,,,43,,,E,,29,403,,5.8,,-,,,,,320
PDBA,35.69,-0.53,3,,,32,,,C,,-37,243,,3.2,,-,,,,,420
PDBC,15.87,0.57,55,,,55,,,E,,-18,5245,,3.2,,-,,,,,6564
PDCC,9.80,2.08,,,,4,,,A,,-1,6,-28.38,15.3,51,7/18/2024,-86.8,,,327.59,11
PDDL,12.83,-0.68,,,,1,,,D,,-64,20,,,,-,,,,,55
PDEC,45.89,0.01,3,,,64,,,C,,-69,14,,,,-,,,,,47
PDI,16.70,-0.12,21,,,10,,,D+,,-34,1733,-6.81,16.0,63,5/25/2012,79.0,,,-20.71,2638
PDN,45.30,0.54,4,,,63,,,E,,-4,22,,3.3,,-,,,,,23
PDO,13.25,-0.08,7,,,26,,,B-,,-32,438,12.53,11.7,67,1/27/2021,109.9,,,-1.77,642
PDP,141.38,-3.80,4,,,92,,,C-,,-10,24,,0.1,,-,,,,,27
PDT,12.94,0.15,12,,,24,,,D,,-34,86,,8.3,,12/14/1989,,,,,131
PDX,20.91,-0.24,10,,,7,,,D+,,95,171,,7.8,,1/30/2019,,,,,88
PECE,9.91,0.30,,,,,,,,,-100,0,,,82,-,,,,,
PECEU,10.43,-0.10,,,,,,,,,,0,,,82,5/22/2026,,,,,
PEJ,67.23,1.07,7,,,80,,,A,,20,46,,0.5,,-,,,,,41
PEMX,87.48,-1.59,,,,97,,,E,,105,1,,1.1,,-,,,,,3
PEO,24.70,0.49,11,,,48,,,E,,-27,60,38.04,8.2,42,-,88.1,,,224.9,82
PEPS,32.09,,,,,84,,,E,,-96,0,,1.0,,-,,,,,1
PEVC,30.12,,,,,68,,,C,,-99,0,,4.4,,-,,,,,1
PEX,22.25,0.74,,,,22,,,B,,-62,1,,9.1,,-,,,,,3
PEXL,72.96,-2.16,1,,,95,,,B,,-56,1,,0.3,,-,,,,,2
PEY,23.74,1.15,2,,,75,,,A+,,-46,118,,4.3,,-,,,,,212
PEZ,101.90,,,,,44,,,A,,-78,0,,0.2,,-,,,,,0
PFD,11.58,-0.17,5,,,32,,,B,,5,23,-2.21,7.2,43,-,74.5,,,-13.49,22
PFDE,27.53,-0.51,,,,65,,,D,,62,37,,0.4,,-,,,,,24
PFEB,43.04,0.06,2,,,61,,,D,,-12,25,,,,-,,,,,30
PFF,30.48,0.03,43,,,17,,,E,,4,3128,,5.5,,-,,,,,3005
PFFA,20.79,,5,,,19,,,E,,-13,858,,10.0,,-,,,,,992
PFFD,18.58,-0.16,15,,,18,,,D-,,153,1400,,6.4,,-,,,,,556
PFFL,7.60,-0.25,,,,8,,,D,,101,3,,17.3,,-,,,,,2
PFFR,17.72,1.20,2,,,22,,,D-,,-32,21,,8.3,,-,,,,,32
PFFV,22.02,0.16,,,,13,,,B,,-3,53,,8.2,,-,,,,,55
PFI,61.54,-0.12,1,,,69,,,A+,,-25,1,,1.0,,-,,,,,1
PFIG,23.92,0.15,,,,18,,,E,,-15,12,,4.4,,-,,,,,14
PFIX,44.46,0.41,2,,,7,,,D-,,-30,319,,5.7,,-,,,,,458
PFL,7.85,-0.51,3,,,13,,,C,,-31,126,-4.71,12.6,69,-,113.5,,,56.82,183
PFLD,19.62,0.14,2,,,32,,,D+,,-45,38,,5.4,,-,,,,,69
PFM,55.93,1.02,2,,,70,,,C,,-22,15,,1.3,,-,,,,,19
PFN,7.13,-0.14,12,,,27,,,A,,10,422,-17.74,12.3,69,-,103.2,,,51.7,389
PFO,9.23,-0.32,3,,,25,,,B-,,-46,17,-1.87,7.3,46,2/6/1992,72.3,,,-13.52,31
PFOE,23.34,1.28,,,,36,,,C,,-49,28,,0.2,,-,,,,,55
PFRL,49.49,0.03,3,,,25,,,D,,-68,3,,6.7,,-,,,,,11
PFXF,17.75,-0.17,14,,,34,,,E,,-2,839,,6.5,,-,,,,,1041
PGAC,10.61,,16,,,,,,C-,,-100,0,,,80,-,,,,-48.09,5
PGF,13.78,0.27,2,,,12,,,B+,,-7,119,,6.4,,-,,,,,128
PGHY,19.79,0.16,4,,,28,,,A+,,36,66,,7.1,,-,,,,,49
PGJ,22.83,-1.72,5,,,5,,,E,,38,38,,3.5,,-,,,,,28
PGP,8.64,,1,,,40,,,E,,36,56,-38.25,9.8,91,-,116.8,,,89.64,43
PGRI,27.04,0.05,,,,62,,,E,,-70,1,,0.1,,-,,,,,1
PGRO,46.44,-1.37,,,,70,,,A,,-74,11,,,,-,,,,,28
PGX,10.88,,17,,,10,,,D,,-11,2115,,6.3,,-,,,,,2388
PGZ,10.31,0.24,6,,,40,,,A+,,-34,14,-15.9,12.5,36,-,84.7,,,-66.05,22
PHDG,40.95,,1,,,67,,,E,,-95,0,,1.7,,-,,,,,20
PHEQ,34.46,0.00,,,,60,,,A+,,-45,9,,0.9,,-,,,,,17
PHK,4.64,-0.22,11,,,22,,,C+,,14,750,-59.71,12.4,58,-,90.3,,,-25,660
PHO,69.67,1.15,14,,,27,,,B,,-48,59,,0.6,,-,,,,,149
PHYL,34.95,0.07,16,,,20,,,D,,323,568,,6.9,,-,,,,,135
PHYS,31.08,2.34,33,,,33,,,E,,20,4091,162678.79,,0,-,4059.2,,,-29.99,3457
PICB,23.19,0.48,1,,,16,,,E,,-26,64,,3.4,,-,,,,,91
PICK,57.74,0.79,17,,,79,,,E,,-26,578,,2.3,,-,,,,,783
PID,22.50,1.24,4,,,47,,,E,,-48,41,,3.6,,-,,,,,90
PIE,32.43,-0.37,4,,,96,,,C-,,316,252,,1.8,,-,,,,,61
PIEL,29.33,0.23,,,,80,,,C,,294,0,,,,-,,,,,0
PIEQ,35.48,0.60,11,,,70,,,B-,,-21,31,,1.2,,-,,,,,130
PIFI,93.52,0.10,1,,,11,,,D+,,-89,0,,1.0,,-,,,,,2
PILL,18.43,7.59,4,,,99,,,A,,56,105,,0.4,,-,,,,,67
PIM,3.22,0.31,3,,,9,,,A,,-57,31,12.86,8.4,33,4/21/1988,98.8,,,-3.97,73
PINC,50.07,0.11,,,,,,,,,1654,0,,4.2,,-,,,,,
PINK,40.16,1.54,4,,,91,,,A,,-40,93,,0.6,,-,,,,,154
PIO,45.51,0.95,10,,,48,,,C+,,-53,6,,0.9,,-,,,,,12
PIPE,29.56,0.21,2,,,61,,,C,,-60,1,,3.7,,-,,,,,3
PIT,65.77,0.29,3,,,59,,,E,,-82,10,,7.2,,-,,,,,54
PIZ,54.67,-1.61,9,,,81,,,E,,5,82,,1.5,,-,,,,,79
PJAN,49.56,0.07,3,,,61,,,C-,,168,288,,,,-,,,,,108
PJBF,67.42,,1,,,75,,,B+,,-99,0,,0.2,,-,,,,,0
PJFG,115.43,-0.63,,,,71,,,C,,-36,1,,,,-,,,,,3
PJFM,67.78,,1,,,74,,,C,,-100,0,,0.6,,-,,,,,1
PJFV,98.29,0.32,,,,92,,,E,,-36,9,,0.6,,-,,,,,14
PJIO,65.54,-1.71,,,,71,,,B,,-61,2,,0.2,,-,,,,,4
PJP,120.91,2.84,6,,,92,,,B+,,-42,12,,0.9,,-,,,,,21
PJUL,48.70,-0.04,3,,,56,,,A,,651,554,,,,-,,,,,81
PJUN,43.21,-0.05,3,,,50,,,E,,-73,56,,,,-,,,,,212
PJUS,51.14,-0.32,,,,37,,,,,-100,0,,,,-,,,,,
PKB,107.61,-1.34,4,,,83,,,D+,,-19,13,,0.2,,-,,,,,16
PKW,143.03,0.54,8,,,65,,,C,,-23,20,,0.8,,-,,,,,26
PLA,24.29,0.83,,,,26,,,,,-62,1,,22.5,,-,,,,,
PLGI,24.36,0.13,,,,25,,,E,,-99,0,,0.5,,-,,,,,10
PLMK,10.67,0.09,28,,,,,,E,,-97,2,,,71,-,,,,1.44,91
PLTA,11.80,5.81,,,,2,,,C-,,207,223,,6.1,,-,,,,,76
PLTD,7.96,-2.57,2,,,43,,,B,,64,70132,,2.5,,-,,,,,42875
PLTG,10.94,5.39,,,,2,,,D,,80,727,,56.2,,-,,,,,421
PLTL,36.03,5.72,,,,,,,,,-26,2,,,,-,,,,,
PLTM,15.55,2.78,,,,30,,,E,,30,293,,,,-,,,,,229
PLTU,30.68,5.39,1,,,2,,,D,,76,5857,,6.3,,-,,,,,3437
PLTW,18.73,3.25,1,,,2,,,E,,19,226,,155.6,,-,,,,,195
PLTY,30.49,2.48,1,,,3,,,D,,-49,111,,132.6,,-,,,,,223
PLTZ,28.81,-5.73,3,,,23,,,C-,,65,901,,,,-,,,,,561
PLU,20.05,-3.28,1,,,10,,,E,,-48,186,,,,-,,,,,371
PLUL,12.82,-0.22,,,,48,,,E,,85,119,,,,-,,,,,69
PLUN,9.98,,,,,,,,,,-98,6,,,76,-,,,,,
PLYY,8.80,0.36,1,,,4,,,E,,28,10,,129.5,,-,,,,,8
PMAP,27.29,0.07,,,,46,,,E,,3,0,,,,-,,,,,0
PMAR,47.74,-0.10,2,,,62,,,D,,-77,5,,,,-,,,,,22
PMAU,26.63,0.06,,,,,,,E,,285,0,,,,-,,,,,0
PMAY,41.31,0.02,3,,,51,,,D,,-91,26,,,,-,,,,,291
PMBS,49.19,0.15,6,,,24,,,E,,-61,46,,4.9,,-,,,,,119
PMDE,25.81,-0.02,,,,47,,,E,,588,95,,,,-,,,,,5
PMFB,27.27,,,,,53,,,E,,-33,0,,,,-,,,,,0
PMIO,51.11,0.04,,,,37,,,D-,,21,4,,3.9,,-,,,,,5
PMJA,27.42,0.05,,,,46,,,C,,-27,0,,,,-,,,,,0
PMJL,26.64,-0.10,,,,,,,C-,,-2,5,,,,-,,,,,1
PMJN,26.65,-0.11,,,,42,,,E,,589,69,,,,-,,,,,5
PML,7.64,,15,,,38,,,B-,,0,454,19.51,6.2,18,-,92.1,,,5138.1,455
PMM,6.52,-0.31,9,,,59,,,A+,,13,111,14.99,6.2,42,2/16/1989,86.5,,,171.77,103
PMMF,100.29,0.04,3,,,30,,,D+,,68,279,,3.9,,-,,,,,167
PMMR,27.09,0.09,,,,46,,,E,,45,0,,,,-,,,,,1
PMMY,26.77,0.02,,,,47,,,E,,-67,0,,,,-,,,,,3
PMNV,25.94,0.04,,,,47,,,E,,152,0,,,,-,,,,,0
PMO,10.72,-0.09,12,,,50,,,B+,,55,98,-5.41,5.8,39,5/21/1993,179.1,,,144.07,65
PMOC,26.05,0.00,,,,41,,,C-,,-32,0,,,,-,,,,,0
PMSE,26.33,0.00,,,,47,,,C,,-98,0,,,,-,,,,,0
PMTR,10.45,,36,,,,,,D-,,-83,5,,,65,-,,,,3314.77,32
PNI,7.09,-0.14,11,,,47,,,B+,,233,150,69.39,5.1,21,-,87.8,,,3404.69,46
PNOV,44.31,-0.19,4,,,62,,,C,,-85,8,,,,-,,,,,50
PNQI,47.48,1.06,4,,,27,,,C,,-3,44,,,,-,,,,,46
POCT,46.37,-0.04,4,,,60,,,C,,-54,38,,,,-,,,,,85
POEL,15.05,-18.65,,,,18,,,,,-24,841,,,,-,,,,,
POLE,10.79,0.19,38,,,,,,D,,187,39,,,3,-,,,,-18.66,15
PONO,10.00,,2,,,,,,,,-100,0,,,40,-,,,,,
PONX,3.07,-13.03,,,,1,,,E,,-33,67,,,,-,,,,,102
POW,28.92,-3.28,2,,,86,,,E,,-40,67,,0.1,,-,,,,,111
POWA,89.50,0.65,4,,,37,,,C-,,-25,3,,1.1,,-,,,,,5
POWR,27.26,-0.11,1,,,62,,,D,,-43,486,,2.1,,-,,,,,261
PPA,181.08,2.00,28,,,84,,,E,,-14,217,,0.4,,-,,,,,254
PPH,111.39,3.19,14,,,76,,,B-,,99,470,,2.0,,-,,,,,240
PPI,21.07,0.53,1,,,69,,,E,,8,34,,1.1,,-,,,,,31
PPLT,14.72,3.01,8,,,31,,,E,,-41,2736,,,,-,,,,,2634
PPT,3.46,-0.29,6,,,9,,,B+,,-59,45,101.09,9.1,37,2/18/1988,100.3,,,21.69,111
PPTY,34.81,1.18,1,,,81,,,A+,,267,7,,2.5,,-,,,,,2
PQAP,31.80,-0.42,1,,,73,,,E,,274,21,,,,-,,,,,5
PQDI,19.42,0.15,,,,32,,,C+,,-51,2,,5.5,,-,,,,,6
PQJA,31.41,-0.51,1,,,75,,,E,,293,22,,,,-,,,,,5
PQJL,30.59,-1.01,1,,,62,,,E,,401,29,,,,-,,,,,5
PQNT,22.82,1.15,,,,62,,,E,,-86,0,,0.4,,-,,,,,1
PQOC,31.05,-0.40,1,,,75,,,E,,261,21,,,,-,,,,,4
PQUS,27.59,-0.01,,,,62,,,C,,-94,1,,,,-,,,,,20
PQV,24.98,-0.07,,,,,,,,,,0,,,,-,,,,,
PQX,25.00,-0.06,,,,,,,,,72,28,,,,-,,,,,
PQXV,25.02,0.06,,,,,,,,,,2,,,,-,,,,,
PRAB,24.93,0.08,,,,25,,,C-,,68346,0,,4.4,,-,,,,,4
PRAE,39.33,-0.38,,,,65,,,A-,,-79,0,,0.5,,-,,,,,1
PRAY,34.83,-0.50,1,,,71,,,E,,47,11,,,,-,,,,,8
PRCS,28.61,0.03,,,,72,,,A-,,84,36,,0.1,,-,,,,,20
PREF,18.98,0.03,13,,,32,,,D+,,44,332,,5.2,,-,,,,,232
PRF,54.26,0.39,18,,,88,,,C-,,-53,255,,1.4,,-,,,,,495
PRFD,51.06,0.06,2,,,30,,,B+,,-36,10,,5.7,,-,,,,,15
PRFZ,55.09,-1.02,7,,,93,,,A,,-44,96,,0.8,,-,,,,,173
PRIV,25.04,0.08,,,,15,,,D,,-35,23,,4.5,,-,,,,,35
PRIZ,25.07,,,,,32,,,,,-60,0,,,,-,,,,,
PRMR,28.14,0.43,,,,76,,,C,,-46,5,,,,-,,,,,9
PRN,235.15,-5.96,1,,,96,,,D-,,93,72,,0.1,,-,,,,,38
PRNT,24.23,-1.24,2,,,74,,,D,,-20,11,,0.7,,-,,,,,14
PRSD,24.99,0.20,1,,,22,,,C,,-89,10,,4.0,,-,,,,,91
PRTO,27.57,-0.29,,,,54,,,E,,-84,0,,,,-,,,,,1
PRVS,32.86,0.30,,,,93,,,A+,,-30,3,,0.5,,-,,,,,5
PRXG,38.71,-0.78,,,,78,,,E,,-43,2,,0.1,,-,,,,,5
PRXI,24.94,1.43,,,,,,,,,-59,0,,,,-,,,,,
PRXV,35.03,0.72,,,,85,,,E,,-73,1,,1.4,,-,,,,,5
PRYMY,81.19,-0.56,6,1,1,94,,C,E,,-9,80,,0.3,58,-,8.3,,,,88
PSAI,27.49,-1.46,,,,42,,,,,-91,0,,,,-,,,,,
PSC,68.83,-1.43,12,,,92,,,A,,-33,75,,0.5,,-,,,,,119
PSCC,36.28,1.04,1,,,75,,,A+,,-75,2,,1.7,,-,,,,,6
PSCD,117.96,0.29,,,,76,,,A+,,230,2,,1.0,,-,,,,,1
PSCE,53.56,-0.06,7,,,60,,,D-,,-3,38,,2.3,,-,,,,,40
PSCF,65.85,0.14,3,,,83,,,A-,,66,3,,2.2,,-,,,,,2
PSCH,53.78,1.80,3,,,95,,,A+,,-41,10,,,,-,,,,,16
PSCI,181.18,-1.27,1,,,92,,,C,,100,8,,0.5,,-,,,,,4
PSCJ,31.61,-0.00,2,,,59,,,B-,,-51,0,,,,-,,,,,0
PSCM,101.19,-0.21,2,,,78,,,D-,,413,10,,1.0,,-,,,,,2
PSCQ,31.21,-0.01,2,,,61,,,A,,-50,0,,,,-,,,,,1
PSCT,84.10,-6.25,7,,,98,,,C,,73,68,,,,-,,,,,39
PSCU,65.53,,1,,,75,,,A,,-90,0,,1.0,,-,,,,,2
PSCW,30.01,-0.00,2,,,59,,,B,,-85,0,,,,-,,,,,2
PSCX,32.63,-0.08,2,,,60,,,C+,,264,0,,,,-,,,,,2
PSDM,50.94,0.08,1,,,18,,,E,,-22,17,,4.4,,-,,,,,23
PSEP,46.08,0.07,4,,,59,,,B+,,1,25,,,,-,,,,,25
PSET,76.37,0.64,,,,47,,,A,,-15,3,,0.7,,-,,,,,3
PSF,20.02,-0.50,4,,,29,,,B+,,-29,33,-1.34,7.6,54,11/24/2010,78.6,,,3.63,47
PSFD,39.78,-0.10,1,,,67,,,D,,1521,5,,,,-,,,,,2
PSFF,34.25,0.02,1,,,60,,,D,,-44,35,,,,-,,,,,59
PSFJ,35.03,0.01,2,,,61,,,D+,,204,14,,,,-,,,,,3
PSFM,34.83,-0.07,2,,,68,,,D,,3693,0,,,,-,,,,,3
PSFO,34.63,-0.00,2,,,68,,,D-,,-65,0,,,,-,,,,,1
PSH,49.93,0.17,1,,,21,,,C-,,-9,24,,6.0,,-,,,,,27
PSI,158.01,-9.40,9,,,99,,,D+,,55,714,,,,-,,,,,474
PSIL,23.23,2.15,,,,97,,,A,,-38,28,,7.2,,-,,,,,44
PSK,30.53,0.11,5,,,9,,,D-,,43,103,,7.1,,-,,,,,72
PSL,114.74,1.31,3,,,57,,,A-,,-55,1,,0.7,,-,,,,,2
PSLV,19.45,3.02,31,,,42,,,E,,-18,7473,15247.38,,67,-,12788.1,,,-41.7,9259
PSMD,34.32,0.05,2,,,62,,,D,,-26,1,,,,-,,,,,2
PSMJ,33.75,-0.03,2,,,56,,,D+,,93,20,,,,-,,,,,5
PSMO,32.53,-0.02,3,,,61,,,B+,,135,1,,,,-,,,,,1
PSMR,32.19,0.01,2,,,61,,,E,,-39,0,,,,-,,,,,6
PSP,57.07,1.44,1,,,13,,,E,,33,68,,6.5,,-,,,,,54
PSQ,25.89,1.89,8,,,4,,,C,,-14,8002,,11.2,,-,,,,,8479
PSQA,20.40,-0.29,3,,,27,,,E,,-6,114,,4.2,,-,,,,,92
PSQO,20.64,-0.07,2,,,30,,,D,,-27,28,,4.5,,-,,,,,41
PSR,103.81,0.90,3,,,77,,,B,,-5,3,,2.5,,-,,,,,4
PST,22.86,-0.17,1,,,40,,,A-,,73,15,,2.9,,-,,,,,9
PSTP,36.73,-0.01,,,,54,,,C,,60,12,,,,-,,,,,8
PSTR,30.65,-1.18,,,,64,,,A,,-26,4,,4.8,,-,,,,,6
PSUS,37.90,-2.52,5,,,15,,,,,-70,279,,,0,4/29/2026,-1665.2,,,,
PSWD,42.31,-0.21,,,,90,,,A+,,-45,1,,0.7,,-,,,,,2
PTA,19.32,-0.41,5,,,32,,,C-,,-47,69,,8.4,,10/28/2020,,,,,130
PTBD,19.18,0.16,3,,,22,,,A,,-56,9,,5.9,,-,,,,,20
PTEU,33.49,1.10,1,,,76,,,C,,114,1,,1.8,,-,,,,,1
PTF,113.41,-10.54,3,,,98,,,D+,,101,213,,,,-,,,,,109
PTH,60.55,0.73,3,,,96,,,A+,,402,56,,2.6,,-,,,,,12
PTIN,36.49,0.87,2,,,86,,,E,,101,27,,2.2,,-,,,,,14
PTIR,11.44,5.44,2,,,2,,,D,,116,10948,,,,-,,,,,5226
PTL,281.26,-0.86,1,,,82,,,D+,,138,100,,1.2,,-,,,,,42
PTLC,58.14,-0.04,6,,,63,,,D+,,-2,111,,1.0,,-,,,,,114
PTMC,41.24,-0.61,3,,,82,,,B,,36,28,,1.6,,-,,,,,21
PTNQ,86.01,-1.66,2,,,81,,,C,,-37,21,,0.4,,-,,,,,36
PTNT,26.04,,,,,35,,,,,-100,0,,,,-,,,,,
PTOR,9.94,,21,,,,,,E,,-72,7,,,18,-,,,,,23
PTRB,41.47,0.18,14,,,16,,,E,,-51,74,,4.7,,-,,,,,154
PTY,12.08,-0.17,8,,,15,,,B+,,-22,810,-18.89,12.0,58,-,119.3,,,-25.49,1031
PUI,47.46,1.40,3,,,51,,,C,,-81,2,,1.9,,-,,,,,8
PULS,49.57,0.04,8,,,22,,,C+,,-20,1991,,4.5,,-,,,,,2534
PUSH,50.38,-0.08,,,,28,,,A+,,-12,16,,3.2,,-,,,,,18
PVAL,51.67,1.14,5,,,85,,,D+,,49,2465,,1.0,,-,,,,,1652
PVEX,30.58,0.30,,,,73,,,C,,33,10,,0.1,,-,,,,,8
PVI,24.89,-0.02,,,,34,,,A-,,-53,3,,2.1,,-,,,,,9
PWB,158.59,-3.13,7,,,95,,,C+,,-49,46,,,,-,,,,,91
PWER,40.10,-0.05,,,,72,,,E,,52,0,,0.8,,-,,,,,1
PWRD,115.00,-2.80,5,,,92,,,C-,,-31,80,,0.3,,-,,,,,116
PWRL,15.23,1.87,,,,19,,,,,-77,90,,,49,-,340.6,,,,
PWS,32.70,0.36,,,,41,,,C-,,105,13,,1.3,,-,,,,,7
PWV,77.53,1.39,1,,,84,,,B+,,-15,43,,1.7,,-,,,,,51
PWZ,24.57,0.23,2,,,44,,,A+,,-37,129,,3.6,,-,,,,,214
PXE,34.09,1.04,,,,53,,,E,,-75,17,,2.0,,-,,,,,69
PXF,75.51,1.07,18,,,85,,,E,,-49,48,,3.2,,-,,,,,95
PXH,27.67,0.07,32,,,61,,,E,,-34,154,,4.4,,-,,,,,234
PXI,54.11,-0.48,4,,,56,,,E,,-90,1,,1.3,,-,,,,,10
PXJ,38.54,1.84,3,,,65,,,E,,-3,47,,2.6,,-,,,,,50
PY,54.73,1.26,6,,,54,,,E,,42,20,,2.0,,-,,,,,14
PYLD,26.39,0.19,18,,,24,,,E,,6,4064,,5.9,,-,,,,,3874
PYPG,5.67,6.38,,,,5,,,C,,-43,370,,,,-,,,,,648
PYPU,24.66,5.81,,,,16,,,E,,-56,3,,2.8,,-,,,,,7
PYPY,25.60,1.12,,,,3,,,D+,,-65,4,,67.0,,-,,,,,12
PYZ,122.94,-0.43,1,,,72,,,E,,-75,2,,0.5,,-,,,,,6
PZA,23.57,0.30,4,,,44,,,A+,,-42,659,,3.6,,-,,,,,1147
PZIV,28.75,1.80,,,,48,,,E,,-79,2,,,,-,,,,,8
PZLV,29.03,0.77,,,,51,,,E,,83,4,,,,-,,,,,2
PZT,22.66,0.02,,,,44,,,A+,,19,27,,3.6,,-,,,,,27
QABA,67.66,-1.38,3,,,87,,,A+,,-73,2,,2.3,,-,,,,,6
QADR,9.96,0.10,,,,,,,,,-56,56,,,15,-,,,,,
QAI,36.34,-0.18,4,,,59,,,D+,,74,105,,1.4,,-,,,,,154
QALT,26.34,-0.62,4,,,46,,,C,,-30,6,,4.1,,-,,,,,9
QARP,65.34,0.74,,,,79,,,E,,-65,1,,1.1,,-,,,,,3
QAT,17.96,-0.86,13,,,8,,,C-,,-89,2,,4.6,,-,,,,,62
QB,46.82,-0.07,,,,71,,,C,,-81,1,,0.8,,-,,,,,4
QBER,23.75,-0.34,1,,,9,,,B,,-63,8,,3.3,,-,,,,,32
QBF,15.09,1.50,,,,4,,,E,,56,13,,7.9,,-,,,,,8
QBIF,26.10,0.04,,,,37,,,E,,9,0,,,,-,,,,,1
QBIG,38.99,-0.50,,,,68,,,D-,,-58,3,,,,-,,,,,7
QBIV,26.72,0.51,,,,39,,,E,,41,2,,,,-,,,,,1
QBKF,26.03,-0.23,,,,37,,,E,,-78,0,,,,-,,,,,1
QBKV,27.36,-0.60,,,,55,,,E,,-18,1,,,,-,,,,,1
QBQF,25.74,-0.54,,,,35,,,E,,108,5,,,,-,,,,,1
QBQV,26.47,-1.26,,,,38,,,E,,599,18,,,,-,,,,,2
QBSF,26.94,-0.23,,,,47,,,D-,,-81,3,,,,-,,,,,21
QBSV,26.61,-0.13,,,,39,,,E,,-87,3,,,,-,,,,,21
QBTX,13.25,-8.43,1,,,40,,,E,,-46,1427,,,,-,,,,,2680
QBTZ,4.20,5.79,,,,3,,,D,,-82,3626,,,,-,,,,,4533
QBUF,30.41,-0.72,1,,,50,,,D+,,7,60,,,,-,,,,,56
QBUL,24.11,-0.10,1,,,15,,,D-,,-86,2,,8.9,,-,,,,,19
QBY,7.96,-0.61,1,,,6,,,E,,-18,11,,119.7,,-,,,,,14
QCAP,24.76,-0.28,1,,,50,,,E,,-88,11,,,,-,,,,,88
QCJA,23.21,-0.36,,,,61,,,C,,-73,3,,,,-,,,,,10
QCJL,25.06,0.04,1,,,59,,,D+,,-27,0,,,,-,,,,,9
QCLN,56.71,-4.94,10,,,96,,,D-,,-12,358,,0.1,,-,,,,,249
QCLR,28.71,,,,,28,,,A+,,-97,0,,0.5,,-,,,,,3
QCMD,17.31,3.25,,,,3,,,C,,-53,29,,4.0,,-,,,,,66
QCML,17.93,-6.52,,,,43,,,E,,-9,2247,,,,-,,,,,2575
QCMU,22.34,-6.17,1,,,43,,,E,,-43,257,,2.6,,-,,,,,478
QCOC,23.80,-0.33,,,,62,,,A+,,-85,3,,,,-,,,,,18
QDEC,35.26,-0.68,1,,,78,,,C-,,-48,15,,,,-,,,,,30
QDEF,87.40,0.68,2,,,70,,,D,,-35,6,,1.6,,-,,,,,10
QDF,89.53,0.03,4,,,81,,,C,,-3,29,,1.5,,-,,,,,25
QDIV,38.24,,1,,,58,,,E,,-82,0,,3.0,,-,,,,,4
QDPL,45.36,-0.13,3,,,71,,,C,,-15,126,,4.6,,-,,,,,149
QDTE,29.95,-1.54,1,,,29,,,C-,,26,804,,44.8,,-,,,,,637
QDTY,40.48,-1.71,1,,,29,,,D,,-36,13,,32.8,,-,,,,,21
QDVO,29.60,-0.30,2,,,57,,,C,,-17,252,,10.7,,-,,,,,305
QEFA,97.26,1.96,2,,,61,,,C-,,-42,25,,2.9,,-,,,,,43
QEMM,78.51,-0.27,,,,88,,,B-,,-35,2,,4.5,,-,,,,,4
QETA,11.48,,8,,,,,,D-,,-98,0,,,97,-,,,,91.94,0
QETH,16.90,5.16,1,,,3,,,D,,95,44,,,,-,,,,,23
QEW,29.78,-0.95,,,,73,,,E,,-36,25,,0.4,,-,,,,,38
QFHD,26.98,1.11,,,,38,,,E,,-100,0,,2.6,,-,,,,,1
QFLR,35.64,-1.41,2,,,63,,,D+,,-51,32,,,,-,,,,,67
QFRD,28.01,-0.14,,,,69,,,E,,-73,0,,0.2,,-,,,,,0
QGRD,29.65,-1.47,,,,80,,,D,,-73,5,,,,-,,,,,19
QGRO,116.25,-1.13,12,,,55,,,B-,,-61,54,,0.2,,-,,,,,139
QGRW,65.13,-1.09,1,,,88,,,B-,,-26,225,,0.1,,-,,,,,352
QHDG,30.27,0.02,,,,50,,,A+,,1,1,,,,-,,,,,1
QHY,45.90,0.20,2,,,25,,,D,,-56,8,,6.3,,-,,,,,18
QID,14.44,3.59,4,,,2,,,C,,-48,12642,,22.8,,-,,,,,24554
QIDX,11.75,,,,,66,,,C,,-97,0,,0.9,,-,,,,,3
QIG,44.38,0.22,,,,18,,,D,,-2,0,,4.9,,-,,,,,1
QINT,69.88,1.30,5,,,73,,,E,,-82,9,,3.3,,-,,,,,47
QIS,9.71,-2.48,1,,,2,,,E,,220,0,,2.0,,-,,,,,3
QJL,24.88,0.14,,,,,,,,,,40,,,,-,,,,,
QJN,24.44,-1.10,,,,27,,,,,-99,0,,,,-,,,,,
QJUN,33.10,-1.11,1,,,56,,,D,,35,78,,,,-,,,,,59
QLC,89.73,-0.11,,,,86,,,D,,168,99,,1.0,,-,,,,,37
QLD,90.61,-3.50,16,,,98,,,C,,30,6374,,0.1,,-,,,,,4953
QLDY,44.40,-2.06,1,,,37,,,D-,,55,68,,31.7,,-,,,,,44
QLEP,9.95,,,,,,,,,,-47,80,,,76,-,,,,,
QLTA,47.33,0.16,10,,,14,,,E,,-52,214,,4.5,,-,,,,,518
QLTI,27.25,1.39,4,,,58,,,A+,,-97,1,,0.6,,-,,,,,25
QLTY,41.70,0.05,5,,,82,,,B-,,34,686,,0.7,,-,,,,,515
QLV,76.88,1.44,1,,,60,,,B-,,-92,1,,1.6,,-,,,,,15
QLVD,32.98,1.59,1,,,46,,,E,,2566,0,,3.1,,-,,,,,2
QLVE,32.79,-0.62,,,,79,,,C,,-21,0,,2.6,,-,,,,,1
QMAG,25.27,-0.27,1,,,66,,,E,,-77,3,,,,-,,,,,13
QMAR,36.92,-0.51,1,,,78,,,D-,,-65,5,,,,-,,,,,17
QMFE,24.10,-0.47,1,,,70,,,E,,-96,0,,,,-,,,,,10
QMID,29.50,,1,,,57,,,A,,-98,0,,1.1,,-,,,,,1
QMMY,26.13,-0.72,,,,55,,,B+,,-48,42,,,,-,,,,,83
QMNV,24.93,-0.43,1,,,70,,,E,,-48,5,,,,-,,,,,10
QMOM,75.86,-1.92,5,,,85,,,C+,,16,27,,0.5,,-,,,,,30
QMY,25.57,-1.16,,,,38,,,,,5829,39,,,,-,,,,,
QNDX,24.14,-1.75,,,,,,,,,94,499,,,,-,,,,,
QNTU,20.71,-10.19,,,,,,,,,-5,61,,,,-,,,,,
QNXT,31.18,-0.28,1,,,86,,,B+,,17696,307,,0.7,,-,,,,,2
QOWZ,34.20,0.35,1,,,31,,,A+,,-40,2,,0.3,,-,,,,,3
QPUX,23.90,-8.46,,,,40,,,E,,-99,125,,,,-,,,,,271
QPX,48.16,-0.91,,,,80,,,E,,214,6,,,,-,,,,,3
QQA,56.25,-1.22,3,,,69,,,B-,,-10,108,,9.8,,-,,,,,120
QQDN,23.53,0.18,,,,4,,,C,,-62,2,,4.8,,-,,,,,3
QQEW,157.61,-0.97,5,,,85,,,A,,-24,34,,0.2,,-,,,,,44
QQH,82.88,-1.94,3,,,79,,,D+,,125,191,,0.2,,-,,,,,85
QQHG,65.54,-0.94,,,,77,,,E,,-76,0,,0.3,,-,,,,,1
QQJL,24.87,-0.04,,,,,,,,,,40,,,,-,,,,,
QQJN,24.56,-0.88,,,,,,,,,5150,0,,,,-,,,,,
QQLV,25.23,2.31,,,,47,,,C,,-35,1,,2.1,,-,,,,,1
QQMG,49.44,-1.81,3,,,93,,,C+,,53,31,,0.4,,-,,,,,21
QQMY,25.71,-0.34,,,,36,,,,,3385,39,,,,-,,,,,
QQQ,712.60,-1.73,376,,,92,,,C,,14,51086,,0.4,,-,,,,,44599
QQQA,76.40,-5.95,1,,,98,,,B-,,161,118,,,,-,,,,,46
QQQD,13.07,1.32,1,,,11,,,B-,,-11,124,,2.9,,-,,,,,141
QQQE,120.15,-0.78,10,,,91,,,C+,,38,267,,0.6,,-,,,,,196
QQQG,31.05,-3.44,,,,96,,,B-,,-7,13,,,,-,,,,,14
QQQH,54.94,-0.91,2,,,47,,,C-,,76,57,,9.0,,-,,,,,33
QQQI,55.36,-1.48,5,,,58,,,C,,10,7110,,13.9,,-,,,,,6530
QQQJ,45.42,-0.20,11,,,95,,,B,,20,168,,0.6,,-,,,,,141
QQQM,293.42,-1.74,171,,,92,,,C,,-16,3510,,0.4,,-,,,,,4281
QQQP,218.56,-3.38,,,,97,,,C,,-64,1,,,,-,,,,,2
QQQS,44.11,-0.47,,,,97,,,C-,,38,12,,2.6,,-,,,,,9
QQQT,18.15,-1.73,,,,55,,,C+,,36,58,,20.0,,-,,,,,44
QQQU,52.19,-2.72,1,,,59,,,D,,-32,52,,0.6,,-,,,,,79
QQQX,30.08,-0.92,7,,,75,,,C-,,34,132,64.36,10.3,63,-,208.5,,,38.03,99
QQQY,23.24,-1.59,2,,,37,,,C,,-29,94,,35.6,,-,,,,,133
QQUP,56.73,-0.18,,,,66,,,E,,-77,2,,0.7,,-,,,,,11
QQWZ,28.50,-1.65,1,,,76,,,E,,-38,7,,0.6,,-,,,,,10
QQXL,54.81,-4.21,,,,97,,,E,,-42,2,,0.7,,-,,,,,3
QQXT,99.96,1.49,3,,,42,,,D,,-2,5,,1.3,,-,,,,,5
QRED,9.93,,1,,,,,,,,-100,0,,,4,-,,,,,
QRFT,68.59,-0.63,,,,83,,,D,,-80,0,,,,-,,,,,2
QRMI,15.41,-0.70,,,,22,,,A,,52,18,,13.4,,-,,,,,9
QSEA,10.54,,22,,,,,,E,,-99,0,,,83,-,,,,2005.31,76
QSIG,48.38,0.18,1,,,16,,,C+,,-78,1,,4.5,,-,,,,,5
QSIX,42.26,-1.53,1,,,88,,,B,,-39,1,,3.6,,-,,,,,2
QSML,33.61,0.44,1,,,91,,,A+,,-35,1,,0.5,,-,,,,,1
QSOL,8.09,5.06,,,,8,,,E,,-33,10,,1.9,,-,,,,,15
QSPT,34.53,-0.45,1,,,76,,,D,,60,29,,,,-,,,,,18
QSU,11.47,-14.15,,,,26,,,C,,-98,89,,,,-,,,,,152
QTAC,24.28,-2.43,,,,36,,,C,,-62,5,,0.1,,-,,,,,14
QTAP,50.79,-0.49,,,,79,,,D,,-69,2,,,,-,,,,,5
QTEC,314.98,-3.41,6,,,98,,,C,,26,316,,,,-,,,,,290
QTJA,32.63,,,,,84,,,A+,,-97,0,,,,-,,,,,4
QTJL,41.15,-1.40,,,,62,,,C-,,314,20,,,,-,,,,,4
QTOC,37.72,-0.49,,,,84,,,D+,,-65,2,,,,-,,,,,6
QTOP,37.20,-2.00,8,,,93,,,C-,,-45,105,,0.3,,-,,,,,193
QTPI,25.49,-0.21,3,,,30,,,A+,,47,11,,4.4,,-,,,,,8
QTR,34.40,,,,,52,,,A+,,-94,0,,0.5,,-,,,,,4
QTUM,155.01,-3.34,19,,,98,,,C+,,4,828,,0.7,,-,,,,,802
QTUP,20.47,-6.14,,,,48,,,,,-38,29,,,,-,,,,,
QUAL,218.43,-0.20,82,,,80,,,B,,-31,1285,,0.9,,-,,,,,1880
QUBX,9.50,-7.59,,,,38,,,E,,-54,275,,,,-,,,,,627
QUIZ,29.15,0.69,,,,74,,,C,,-8,18,,0.2,,-,,,,,23
QULL,80.22,,,,,95,,,A,,-84,0,,,,-,,,,,0
QUMS,10.22,,21,,,,,,E,,-99,0,,,60,-,,,,,24
QUS,188.53,0.65,5,,,70,,,B-,,37,21,,1.3,,-,,,,,15
QUSA,18.38,-0.61,,,,33,,,D,,-7,14,,15.2,,-,,,,,14
QVAL,56.35,1.29,4,,,81,,,E,,-3,22,,1.4,,-,,,,,24
QVML,43.99,-0.06,1,,,81,,,B,,-0,5,,1.0,,-,,,,,7
QVMM,35.51,-0.59,,,,84,,,A-,,-66,0,,1.1,,-,,,,,1
QVMS,34.49,-0.99,,,,93,,,A,,-28,2,,1.1,,-,,,,,1
QVMT,66.66,-2.36,2,,,87,,,E,,194,21,,1.8,,-,,,,,7
QVOL,99.19,-1.91,,,,33,,,,,66,26,,12.0,,-,,,,,
QVOY,29.74,-1.98,,,,57,,,E,,115,17,,0.5,,-,,,,,8
QWLD,152.84,0.64,2,,,62,,,D+,,-62,3,,1.8,,-,,,,,8
QXQ,31.65,-1.71,1,,,80,,,B,,53,14,,1.1,,-,,,,,9
QYLD,18.09,-1.17,28,,,53,,,D-,,-41,3415,,11.6,,-,,,,,5835
QYLG,29.61,-1.42,1,,,55,,,B-,,-23,32,,7.3,,-,,,,,42
RA,12.91,0.23,6,,,28,,,C-,,-43,97,-8.82,11.1,45,-,79.8,,,-34.64,169
RAA,29.36,0.13,2,,,59,,,E,,111,111,,2.1,,-,,,,,54
RAAA,25.04,0.04,,,,27,,,E,,-67,2,,5.2,,-,,,,,4
RAAR,50.90,-0.04,,,,35,,,E,,447,3,,,,-,,,,,2
RAAX,39.37,0.15,1,,,53,,,E,,-35,165,,2.0,,-,,,,,255
RAAY,101.98,0.04,,,,,,,C,,-100,0,,,,-,,,,,0
RAC,10.51,0.48,28,,,,,,E,,-92,6,,,30,-,,,,196.52,63
RACC,11.30,2.63,,,,,,,,,-92,2,,,,5/20/2026,,,,,
RACK,47.94,-3.79,,,,24,,,,,-31,48,,,,-,,,,,
RAFE,48.04,0.65,1,,,88,,,B-,,-57,6,,1.5,,-,,,,,14
RAM,16.96,-16.21,,,,,,,,,81,27507,,,,-,,,,,
RANG,10.69,,21,,,,,,E,,-100,0,,,63,-,,,,-5.33,36
RANK,19.67,-2.68,,,,,,,,,-19,1,,,,-,,,,,
RAUS,29.22,-0.04,,,,82,,,E,,-7,9,,0.2,,-,,,,,9
RAVI,75.20,0.03,6,,,23,,,B-,,-39,120,,4.3,,-,,,,,66
RAYJ,38.80,-2.63,,,,82,,,C+,,-14,3,,1.3,,-,,,,,3
RBIL,49.93,0.06,5,,,24,,,D-,,-74,11,,4.4,,-,,,,,45
RBLD,88.60,0.07,,,,82,,,A,,3065,202,,0.7,,-,,,,,6
RBLU,9.14,-9.05,2,,,2,,,C,,-28,331,,5.4,,-,,,,,476
RBLY,13.90,-4.53,,,,2,,,C-,,124,19,,133.2,,-,,,,,9
RBUF,30.99,-0.25,1,,,56,,,C-,,250,49,,,,-,,,,,14
RCAX,5.77,-2.37,,,,8,,,D,,48,943,,,,-,,,,,653
RCG,3.01,-1.25,,,,52,,,D+,,22,8,-18.88,0.8,20,-,178.0,,,-79.35,6
RCGE,30.10,2.04,,,,64,,,D-,,-95,0,,1.7,,-,,,,,0
RCLO,24.82,0.04,,,,26,,,C,,-98,0,,6.3,,-,,,,,6
RCLR,50.60,-0.00,,,,37,,,C,,114,1,,,,-,,,,,1
RCLY,101.19,0.06,,,,,,,C,,-99,0,,,,-,,,,,0
RCS,5.51,-1.08,1,,,21,,,C,,-36,95,-63.09,9.1,67,-,75.9,,,24.4,148
RCTR,33.48,0.95,,,,35,,,E,,4,8,,0.6,,-,,,,,8
RDAC,5.54,4.92,9,,,,,,E,,-95,21,,,85,-,,,,-58.32,382
RDAG,10.34,0.10,44,,,,,,C,,1169,250,,,18,-,,,,5357,43
RDFI,23.65,0.07,2,,,29,,,A,,343,55,,8.2,,-,,,,,13
RDIV,58.77,0.77,1,,,69,,,D,,-3,33,,3.6,,-,,,,,79
RDOG,42.06,1.07,1,,,87,,,A+,,-78,0,,6.0,,-,,,,,2
RDTE,29.14,-0.48,1,,,28,,,A,,-7,96,,43.5,,-,,,,,107
RDTL,25.83,-3.04,1,,,41,,,C,,-15,537,,,,-,,,,,661
RDTY,38.51,-0.67,1,,,27,,,D+,,120,17,,42.4,,-,,,,,9
RDVI,29.07,-0.55,2,,,79,,,A,,-15,546,,7.1,,-,,,,,644
RDVY,80.14,-0.55,17,,,90,,,B+,,6,1171,,0.9,,-,,,,,1101
RDWU,8.50,-10.99,,,,49,,,D,,-9,1923,,,,-,,,,,2171
RDYY,21.68,-2.45,1,,,31,,,C,,-44,23,,97.2,,-,,,,,42
REAI,21.14,,,,,63,,,E,,-91,0,,3.6,,-,,,,,0
RECS,43.49,0.14,6,,,71,,,D,,1,484,,0.8,,-,,,,,480
REET,27.98,1.19,142,,,73,,,B+,,4,2262,,3.3,,-,,,,,2223
REFA,22.78,1.35,,,,58,,,D+,,119,0,,,,-,,,,,0
REGL,92.32,0.76,6,,,61,,,B,,-37,31,,2.2,,-,,,,,50
REGS,11.11,-1.06,,,,65,,,E,,-83,2,,,,-,,,,,14
REIT,30.82,1.13,1,,,82,,,D,,0,10,,2.7,,-,,,,,10
REK,15.40,-1.26,1,,,6,,,E,,-24,7,,3.3,,-,,,,,9
REM,22.04,0.46,15,,,41,,,C,,2,453,,8.8,,-,,,,,446
REMC,22.52,0.22,,,,63,,,C,,106,0,,0.1,,-,,,,,0
REMG,35.91,-1.35,1,,,94,,,E,,-29,8,,1.1,,-,,,,,11
REMX,86.72,-1.07,58,,,74,,,E,,-35,650,,1.5,,-,,,,,1051
RESM,24.21,-0.58,,,,80,,,C,,-94,0,,0.1,,-,,,,,0
RETL,9.15,0.77,3,,,54,,,B+,,-47,383,,0.5,,-,,,,,728
REVS,32.15,1.25,,,,82,,,D,,-43,19,,1.0,,-,,,,,33
REW,12.61,5.82,,,,1,,,B-,,-98,26,,10.1,,-,,,,,29
REXC,19.19,-1.34,,,,22,,,,,-67,42,,,,-,,,,,131
REZ,97.44,1.84,8,,,87,,,A+,,-7,32,,2.0,,-,,,,,35
RFAI,11.03,,11,,,,,,A+,,-99,0,,,78,-,,,,-82.56,1
RFAM,9.91,0.10,20,,,,,,E,,-33,8,,,18,-,,,,,9
RFCI,22.27,0.20,,,,13,,,D+,,197,0,,4.5,,-,,,,,1
RFDA,70.80,0.52,3,,,80,,,C+,,-67,1,,1.8,,-,,,,,2
RFDI,87.60,1.43,,,,72,,,E,,78,7,,3.2,,-,,,,,4
RFEM,93.06,0.29,1,,,90,,,D-,,-67,1,,2.7,,-,,,,,3
RFFC,75.12,0.04,2,,,85,,,C,,-53,0,,0.6,,-,,,,,1
RFG,62.55,-1.60,,,,90,,,C-,,-52,4,,0.1,,-,,,,,8
RFI,11.48,0.44,1,,,34,,,B,,-13,97,-74.22,8.4,20,9/17/1993,48.1,,,-105.26,113
RFIX,38.43,-1.31,,,,10,,,B,,-32,353,,4.4,,-,,,,,519
RFLR,32.59,-0.58,,,,84,,,A+,,-16,9,,0.6,,-,,,,,11
RFM,14.86,0.34,3,,,53,,,A+,,54,18,-62.11,7.2,3,3/27/2020,-50.8,,,328.89,12
RFMZ,13.66,0.29,6,,,60,,,A+,,-35,36,-73.77,7.1,2,2/24/2021,-49.0,,,277.05,57
RFV,142.43,-0.22,2,,,70,,,D,,-47,2,,1.7,,-,,,,,5
RGEF,34.48,-0.51,1,,,87,,,B-,,-16,5,,1.0,,-,,,,,7
RGLO,32.43,-0.01,1,,,80,,,E,,-19,25,,0.6,,-,,,,,31
RGT,14.41,0.07,5,,,70,,,E,,-30,11,2.1,1.3,85,-,288.4,,,138.94,16
RGTU,16.52,-7.81,,,,37,,,E,,-83,173,,,,-,,,,,235
RGTX,15.78,-8.31,1,,,35,,,E,,-71,869,,1.6,,-,,,,,1916
RGTZ,4.26,7.58,2,,,3,,,D,,-54,7012,,,,-,,,,,15820
RGYY,7.58,-1.05,1,,,5,,,E,,74,22,,128.8,,-,,,,,14
RHRX,21.70,-0.77,,,,89,,,E,,-76,3,,,,-,,,,,12
RHTX,19.84,0.14,,,,66,,,E,,-68,0,,,,-,,,,,0
RIBB,10.76,,16,,,,,,E,,-91,0,,,94,-,,,,33.81,2
RIET,9.80,0.46,1,,,54,,,A,,7,77,,10.5,,-,,,,,73
RIFR,28.83,1.74,,,,63,,,E,,-58,2,,0.9,,-,,,,,6
RIGS,22.74,-0.04,2,,,16,,,D,,-57,2,,4.9,,-,,,,,7
RILA,12.05,-0.83,,,,66,,,D-,,-83,1,,0.1,,-,,,,,4
RINF,32.29,0.26,1,,,26,,,E,,43,10,,3.7,,-,,,,,4
RING,67.19,3.99,48,,,35,,,E,,-10,454,,0.7,,-,,,,,512
RINT,31.98,1.02,1,,,77,,,E,,-3,14,,0.8,,-,,,,,15
RIOX,37.36,-15.61,,,,44,,,E,,-97,99,,20.1,,-,,,,,246
RISE,18.05,0.73,,,,23,,,,,32,0,,2.0,,-,,,,,
RISN,31.14,0.70,1,,,62,,,E,,556,126,,1.2,,-,,,,,19
RISR,36.18,0.11,7,,,21,,,E,,-54,41,,5.9,,-,,,,,91
RITA,21.49,1.24,,,,73,,,A+,,5,1,,2.4,,-,,,,,2
RIV,11.69,0.43,4,,,30,,,C-,,-13,61,-22.5,13.6,76,-,82.9,,,151.11,70
RIZE,24.66,0.12,,,,28,,,,,-99,0,,14.8,,-,,,,,
RJDI,28.95,-0.11,,,,64,,,E,,-45,20,,1.0,,-,,,,,38
RJMI,25.74,0.08,,,,36,,,C,,5,6,,3.0,,-,,,,,7
RJVI,25.07,0.45,,,,30,,,E,,398,0,,4.0,,-,,,,,2
RKLX,43.31,0.44,,,,86,,,E,,-15,2803,,18.9,,-,,,,,3403
RKLZ,2.55,-1.54,2,,,3,,,D,,-36,20377,,,,-,,,,,18485
RKNG,25.27,-6.96,2,,,59,,,E,,-37,6,,,,-,,,,,10
RKSG,27.48,,,,,44,,,,,-94,0,,,,-,,,,,1
RKTL,13.21,-0.90,,,,40,,,C-,,-86,20,,,,-,,,,,21
RKX,26.17,,,,,,,,,,12,6,,,,-,,,,,
RLTY,15.89,0.44,3,,,62,,,A,,65,80,,8.3,,2/24/2022,,,,,49
RLY,34.65,1.08,3,,,47,,,E,,-16,171,,3.2,,-,,,,,205
RMBC,18.05,-20.58,,,,,,,,,-70,2,,,,-,,,,,
RMBX,17.74,-19.69,,,,,,,,,399,4,,,,-,,,,,
RMCA,24.50,0.04,,,,42,,,E,,-44,0,,4.3,,-,,,,,4
RMHY,25.07,0.17,,,,,,,,,-99,0,,,,-,,,,,
RMI,15.65,0.19,2,,,56,,,D,,22,17,-66.93,7.0,3,10/26/2018,-50.9,,,338.09,14
RMIF,24.20,0.04,,,,12,,,E,,-62,1,,5.4,,-,,,,,4
RMM,14.87,0.41,2,,,64,,,A+,,-5,39,-64.58,6.9,1,7/26/2019,-56.9,,,291.64,42
RMME,100.08,0.01,5,,,27,,,C,,-100,0,,2.7,,-,,,,,4
RMMZ,15.04,0.53,3,,,43,,,B,,-0,15,,7.4,,2/11/2022,,,,,16
RMNY,24.80,0.06,,,,42,,,C-,,309,1,,4.3,,-,,,,,5
RMOP,25.57,0.14,1,,,44,,,A+,,60,139,,5.2,,-,,,,,98
RMRC,25.53,0.76,,,,44,,,D-,,-54,3,,1.2,,-,,,,,6
RMT,14.38,-2.04,7,,,96,,,A,,-1,136,-18.8,5.8,60,12/15/1993,198.9,,,104.34,137
RND,31.78,-0.50,1,,,75,,,A+,,-92,0,,,,-,,,,,2
RNEM,54.99,0.80,1,,,30,,,D,,23,1,,2.4,,-,,,,,1
RNGT,10.09,,34,,,,,,C,,-100,0,,,22,-,,,,,16
RNIN,33.07,1.29,,,,89,,,E,,-49,2,,0.9,,-,,,,,5
RNP,20.65,0.44,4,,,34,,,D,,-12,99,-45.08,8.0,27,-,54.6,,,-82.14,112
RNRG,35.27,-0.21,4,,,47,,,E,,225,24,,1.6,,-,,,,,8
RNTY,50.55,0.31,1,,,39,,,C,,-68,0,,11.9,,-,,,,,2
RNWZ,31.25,1.10,,,,65,,,A,,-67,1,,2.0,,-,,,,,3
ROAM,35.30,-0.31,1,,,90,,,E,,56,52,,2.4,,-,,,,,37
ROBN,37.83,7.32,2,,,42,,,C,,4,1634,,8.3,,-,,,,,1618
ROBO,83.39,-2.34,14,,,95,,,D-,,-40,148,,0.4,,-,,,,,250
ROBT,56.25,-0.83,4,,,78,,,C-,,-4,55,,,,-,,,,,57
ROCQ,55.67,-1.42,,,,64,,,E,,-21,153,,12.1,,-,,,,,194
ROCY,53.81,0.09,,,,53,,,E,,-57,46,,9.4,,-,,,,,108
RODM,40.61,1.27,4,,,66,,,E,,-47,61,,2.9,,-,,,,,116
ROE,41.97,-0.82,3,,,92,,,B,,33,24,,1.0,,-,,,,,22
ROKT,118.68,0.12,1,,,96,,,E,,-63,20,,0.3,,-,,,,,55
ROM,139.31,-5.49,3,,,99,,,C,,52,119,,0.1,,-,,,,,79
ROMO,33.76,0.38,1,,,45,,,A+,,-85,1,,2.4,,-,,,,,3
RONB,24.33,0.75,,,,34,,,C,,-85,142,,,,-,,,,,1072
ROPE,30.08,1.13,1,,,71,,,E,,-61,1,,1.9,,-,,,,,2
ROSC,55.79,-0.43,,,,89,,,C,,280,8,,1.8,,-,,,,,2
ROSYY,1.01,,1,,,,,,,,,0,31.07,12.7,96,-,3.4,,,2.32,1
ROUS,66.54,-0.52,1,,,84,,,A,,-20,35,,1.3,,-,,,,,45
RPAR,22.16,0.20,,,,44,,,E,,-75,7,,2.4,,-,,,,,28
RPG,59.79,-3.55,10,,,95,,,C+,,39,875,,0.2,,-,,,,,642
RPHS,8.80,-0.19,,,,6,,,C,,-94,6,,,,-,,,,,95
RPV,115.76,0.89,6,,,76,,,D,,26,146,,2.4,,-,,,,,139
RQI,12.50,1.30,6,,,44,,,D,,42,716,-68.79,8.7,12,-,21.4,,,-124.8,585
RREV,9.90,,,,,,,,,,-100,0,,,98,-,,,,,
RSBA,21.07,0.11,2,,,30,,,E,,150,49,,2.8,,-,,,,,20
RSBT,18.87,-0.84,2,,,46,,,E,,230,145,,3.0,,-,,,,,44
RSBY,18.35,-0.52,1,,,51,,,B,,153,32,,1.7,,-,,,,,13
RSDE,23.56,0.25,1,,,63,,,E,,-97,0,,,,-,,,,,28
RSEE,38.93,-0.46,,,,90,,,D+,,2,3,,,,-,,,,,8
RSF,14.62,-0.14,4,,,34,,,D-,,-61,4,-76.85,11.3,38,-,25.4,77.78,,19.31,11
RSIT,20.20,-0.69,,,,25,,,,,-27,65,,,,-,,,,,
RSJN,37.44,0.26,,,,67,,,B+,,798,62,,,,-,,,,,5
RSMC,28.40,-0.89,1,,,73,,,E,,29,14,,,,-,,,,,11
RSMR,23.77,0.29,,,,64,,,E,,-16,0,,,,-,,,,,3
RSMV,29.24,-1.37,,,,69,,,E,,-67,3,,0.9,,-,,,,,10
RSP,214.91,0.70,122,,,79,,,B,,7,10684,,1.5,,-,,,,,10170
RSPA,53.77,0.37,2,,,56,,,A+,,383,736,,8.9,,-,,,,,153
RSPC,36.23,0.85,,,,7,,,E,,-39,9,,1.8,,-,,,,,15
RSPD,56.42,0.68,4,,,38,,,E,,82,109,,0.9,,-,,,,,63
RSPE,34.17,0.47,2,,,88,,,C+,,-56,5,,1.5,,-,,,,,11
RSPF,81.07,1.81,2,,,61,,,A+,,345,57,,1.5,,-,,,,,14
RSPG,97.44,0.67,7,,,59,,,E,,-43,63,,2.5,,-,,,,,113
RSPH,34.52,2.52,5,,,81,,,A,,8,174,,0.6,,-,,,,,161
RSPM,39.36,1.65,2,,,68,,,E,,-36,10,,1.8,,-,,,,,14
RSPN,63.99,0.52,2,,,80,,,C,,-31,162,,0.7,,-,,,,,184
RSPR,37.04,0.99,2,,,66,,,A,,-62,8,,2.4,,-,,,,,20
RSPS,30.78,1.65,5,,,49,,,C,,368,321,,12.6,,-,,,,,70
RSPT,61.37,-3.16,4,,,97,,,C,,94,1164,,0.3,,-,,,,,602
RSPU,81.92,2.11,19,,,55,,,D+,,-1,40,,2.4,,-,,,,,44
RSSB,30.58,-0.16,,,,71,,,C+,,6,65,,2.4,,-,,,,,62
RSSE,23.26,0.29,1,,,65,,,B+,,-53,2,,,,-,,,,,5
RSSL,116.82,-0.56,4,,,93,,,A,,163,14,,1.2,,-,,,,,15
RSST,32.22,-1.24,1,,,88,,,B,,22,130,,0.3,,-,,,,,107
RSSX,23.68,2.11,,,,36,,,E,,-52,10,,1.1,,-,,,,,19
RSSY,25.27,-0.71,2,,,90,,,B,,159,71,,1.6,,-,,,,,27
RTAC,10.53,-0.94,34,,,,,,C,,-50,55,,,46,-,,,,1084.46,113
RTAI,21.65,-0.12,,,,48,,,A,,-63,1,,5.0,,-,,,,,2
RTH,259.32,1.23,5,,,50,,,E,,-47,3,,0.9,,-,,,,,6
RTRE,24.86,0.13,1,,,15,,,D,,27,16,,4.3,,-,,,,,18
RTXG,24.57,7.66,,,,69,,,C,,-14,27,,6.6,,-,,,,,32
RTYY,11.03,-1.69,1,,,7,,,E,,-4,9,,94.5,,-,,,,,9
RULE,31.32,-4.62,,,,97,,,B+,,-12,2,,,,-,,,,,1
RUNN,33.27,1.74,,,,27,,,B-,,-55,27,,0.6,,-,,,,,59
RUSC,38.39,-1.31,,,,94,,,C,,-42,8,,0.3,,-,,,,,14
RVER,34.55,-1.15,,,,79,,,C,,-83,1,,0.1,,-,,,,,8
RVI,34.43,0.09,4,,,75,,,E,,-61,328,,,73,3/6/2026,123.5,,,,874
RVNL,37.97,16.47,,,,60,,,C,,206,206,,,,-,,,,,70
RVNU,25.34,0.20,,,,46,,,A+,,-78,7,,3.5,,-,,,,,30
RVT,18.47,-0.22,14,,,81,,,C+,,71,452,44.34,7.9,61,11/19/1986,129.3,,,52.29,265
RW,25.64,0.51,,,,58,,,C,,-22,1,,0.1,,-,,,,,2
RWEM,34.52,-1.46,,,,88,,,E,,-76,7,,1.8,,-,,,,,30
RWIN,26.37,1.02,,,,,,,,,-99,0,,4.1,,-,,,,,0
RWJ,59.47,-0.26,,,,93,,,A,,-19,71,,1.0,,-,,,,,86
RWK,146.15,0.14,1,,,86,,,E,,33,21,,1.0,,-,,,,,17
RWL,129.42,0.73,22,,,84,,,C-,,9,246,,1.3,,-,,,,,226
RWLC,37.07,-0.75,1,,,53,,,C,,-24,6,,0.6,,-,,,,,8
RWM,13.44,0.75,6,,,4,,,D,,-7,15263,,8.3,,-,,,,,16446
RWO,50.48,1.53,10,,,73,,,B-,,204,180,,3.2,,-,,,,,59
RWR,115.18,1.50,14,,,85,,,A+,,-9,276,,3.3,,-,,,,,306
RWX,27.31,1.54,9,,,29,,,D,,-40,21,,4.0,,-,,,,,35
RXD,16.05,-4.48,,,,4,,,E,,-99,2,,2.7,,-,,,,,8
RXI,195.12,0.37,4,,,34,,,E,,30,10,,1.4,,-,,,,,8
RXL,56.35,5.55,2,,,92,,,A+,,173,22,,1.3,,-,,,,,8
RYLD,15.98,0.06,7,,,55,,,A+,,-24,458,,11.7,,-,,,,,602
RYLG,24.59,-0.43,,,,71,,,B,,-34,1,,7.5,,-,,,,,2
RZG,71.55,-0.91,1,,,96,,,A,,176,31,,0.4,,-,,,,,11
RZV,147.75,-1.02,1,,,94,,,A,,-49,3,,1.4,,-,,,,,6
SAA,36.86,-1.71,,,,98,,,A,,87,9,,0.7,,-,,,,,7
SAAQ,10.20,,23,,,,,,D,,733,388,,,3,-,,,,,46
SABA,8.30,-0.60,13,,,19,,,C-,,66,84,59.75,9.7,69,3/17/1988,61.2,,,-28.59,52
SAC,10.05,0.05,26,,,,,,E,,-100,0,,,12,-,,,,,63
SAEF,31.49,-1.38,,,,83,,,A,,58,3,,,,-,,,,,2
SAGP,36.18,1.50,,,,53,,,A-,,-32,2,,0.5,,-,,,,,5
SAGU,9.93,0.40,1,,,,,,,,-99,2,,,95,-,,,,,
SAMM,31.47,-0.90,,,,54,,,C-,,-53,2,,1.0,,-,,,,,4
SAMT,46.01,-1.65,1,,,92,,,C,,-22,155,,0.6,,-,,,,,199
SAPH,30.23,5.01,,,,5,,,C,,527,4,,0.8,,-,,,,,1
SARK,26.78,0.64,1,,,5,,,D,,-40,176,,3.1,,-,,,,,267
SASS,24.86,-0.80,,,,42,,,C-,,-82,0,,,,-,,,,,4
SATO,16.06,-1.96,,,,36,,,D,,50,7,,7.1,,-,,,,,5
SAUG,27.79,-0.00,1,,,68,,,A,,-67,1,,,,-,,,,,5
SAWG,24.04,-0.26,,,,79,,,A+,,-88,0,,0.3,,-,,,,,1
SAWS,25.13,-2.38,,,,91,,,C-,,-48,1,,,,-,,,,,1
SBAR,25.55,-0.04,1,,,25,,,C,,-45,93,,12.9,,-,,,,,177
SBB,22.36,1.00,,,,4,,,E,,-98,1,,3.8,,-,,,,,2
SBI,7.84,-0.25,9,,,40,,,B,,7,47,-14.39,6.4,5,-,24.8,,,15.65,45
SBIL,100.08,0.01,14,,,30,,,C,,32,153,,3.9,,-,,,,,273
SBIO,64.90,2.45,1,,,98,,,B,,42,52,,,,-,,,,,36
SBIT,62.79,-4.95,2,,,84,,,B+,,-17,797,,3.6,,-,,,,,963
SBND,18.73,0.16,2,,,21,,,C,,-41,32,,4.5,,-,,,,,54
SBTU,1.85,6.06,2,,,4,,,E,,82,223,,,,-,,,,,113
SBU,20.52,1.63,,,,88,,,D,,-66,2,,,,-,,,,,5
SBXD,10.82,0.09,37,,,,,,B,,-44,15,,,77,-,,,,-28.8,30
SBXE,10.12,0.30,21,,,,,,C-,,-59,55,,,31,-,,,,,50
SCA,19.90,-0.88,,,,21,,,,,-61,0,,43.9,,-,,,,,
SCAP,38.83,-0.65,1,,,68,,,B,,-40,1,,6.8,,-,,,,,2
SCC,14.51,1.73,,,,13,,,D,,-43,10,,3.4,,-,,,,,17
SCCR,25.47,0.04,1,,,16,,,E,,-22,202,,4.4,,-,,,,,295
SCD,15.58,-0.26,6,,,37,,,B,,-29,41,-88.42,9.3,98,-,-1.5,,,-54.56,59
SCDL,54.75,3.09,,,,89,,,E,,-17,0,,,,-,,,,,0
SCDS,75.66,,,,,95,,,A+,,-93,0,,0.9,,-,,,,,1
SCDV,27.56,-0.36,,,,76,,,D+,,33,12,,0.5,,-,,,,,8
SCEC,24.91,0.22,1,,,12,,,E,,-6,95,,4.8,,-,,,,,104
SCEP,24.73,-0.20,,,,35,,,D,,-25,25,,6.7,,-,,,,,34
SCHA,34.92,-1.97,34,,,94,,,B+,,-27,1539,,1.0,,-,,,,,2168
SCHB,28.87,-0.14,23,,,82,,,C-,,33,12533,,1.1,,-,,,,,9430
SCHC,48.55,0.68,25,,,58,,,E,,37,473,,3.5,,-,,,,,350
SCHD,32.39,1.70,49,,,73,,,D,,-3,19916,,3.3,,-,,,,,20410
SCHE,35.85,-0.39,45,,,72,,,E,,3,3077,,2.7,,-,,,,,3000
SCHF,27.47,0.62,34,,,85,,,E,,4,8234,,3.1,,-,,,,,7893
SCHG,34.12,0.03,39,,,75,,,C-,,-31,7698,,0.4,,-,,,,,11230
SCHH,24.07,1.22,44,,,77,,,A,,26,6283,,2.7,,-,,,,,5779
SCHI,22.55,0.11,14,,,15,,,E,,-54,1313,,5.0,,-,,,,,2957
SCHJ,24.60,0.16,2,,,17,,,E,,6,214,,4.5,,-,,,,,217
SCHK,35.97,-0.11,3,,,81,,,D+,,-53,374,,1.1,,-,,,,,788
SCHM,35.97,-1.07,12,,,91,,,B,,-29,805,,1.2,,-,,,,,1130
SCHO,24.09,0.17,25,,,14,,,E,,-31,2552,,3.9,,-,,,,,3727
SCHP,26.29,0.19,63,,,12,,,E,,-45,2346,,4.4,,-,,,,,4334
SCHQ,31.03,0.03,20,,,9,,,D-,,-56,282,,4.7,,-,,,,,704
SCHR,24.59,0.16,24,,,11,,,E,,-15,2611,,3.9,,-,,,,,3080
SCHV,34.43,0.03,16,,,86,,,B-,,-16,3022,,1.8,,-,,,,,3591
SCHX,29.40,0.03,37,,,80,,,D+,,-28,10077,,1.1,,-,,,,,14392
SCHY,32.07,1.94,6,,,61,,,E,,9,553,,3.5,,-,,,,,510
SCHZ,23.05,0.04,25,,,14,,,E,,-30,1760,,4.1,,-,,,,,2091
SCII,10.03,,29,,,,,,C,,-77,0,,,28,-,,,,,17
SCIO,20.65,0.05,4,,,22,,,A+,,-47,93,,6.5,,-,,,,,176
SCJ,107.29,0.12,7,,,84,,,E,,83,87,,2.8,,-,,,,,50
SCJL,24.99,0.19,,,,,,,,,,40,,,,-,,,,,
SCJN,25.46,-0.61,,,,,,,,,-89,0,,,,-,,,,,
SCLZ,55.67,-0.43,,,,52,,,B-,,114,3,,8.1,,-,,,,,1
SCMB,25.79,0.12,5,,,38,,,E,,4,1125,,5.6,,-,,,,,1111
SCMC,24.97,0.04,,,,27,,,E,,3,24,,4.4,,-,,,,,23
SCMY,25.67,-0.73,,,,36,,,,,1264,42,,,,-,,,,,
SCNM,25.12,-0.06,1,,,32,,,C,,-74,9,,3.0,,-,,,,,36
SCO,35.62,-1.41,8,,,30,,,B+,,-79,2664,,,,-,,,,,12007
SCOP,11.29,-1.74,3,,,82,,,E,,-66,30,,,,-,,,,,80
SCOW,21.84,-0.42,1,,,66,,,E,,-95,0,,0.5,,-,,,,,2
SCPQ,9.99,,15,,,,,,E,,-68,3,,,39,-,,,,,3
SCSB,24.90,0.12,,,,25,,,E,,-41,2,,4.9,,-,,,,,3
SCUB,25.00,0.06,,,,28,,,E,,111,1,,4.0,,-,,,,,1
SCUS,25.11,0.04,1,,,27,,,E,,-41,66,,3.9,,-,,,,,115
SCYB,26.08,0.12,10,,,22,,,E,,-13,1063,,6.9,,-,,,,,1232
SCZ,83.48,0.60,53,,,64,,,E,,233,4748,,1.2,,-,,,,,1426
SDCI,26.31,-0.27,6,,,55,,,D-,,41,360,,3.1,,-,,,,,259
SDCP,25.57,0.06,,,,21,,,B+,,39,3,,5.2,,-,,,,,0
SDD,8.23,2.17,,,,2,,,E,,7,0,,6.5,,-,,,,,2
SDEM,32.00,0.45,,,,56,,,E,,-23,3,,5.1,,-,,,,,4
SDFI,35.44,0.08,1,,,15,,,A+,,-56,10,,4.5,,-,,,,,22
SDG,89.31,0.61,1,,,63,,,D,,-6,5,,1.6,,-,,,,,5
SDHI,10.41,,37,,,,,,E,,-100,0,,,44,-,,,,5207.11,39
SDHY,16.30,-0.31,7,,,26,,,B,,-67,26,,8.0,,-,,,,,81
SDIV,24.55,0.99,6,,,35,,,E,,173,1207,,9.3,,-,,,,,449
SDMF,25.24,-0.71,3,,,31,,,C,,68,37,,0.8,,-,,,,,32
SDOG,69.60,1.49,2,,,74,,,B,,-50,27,,3.4,,-,,,,,54
SDON,0.00,,,,,,,,E,,,0,,,,-,,,,3.4,0
SDOW,23.46,-2.94,2,,,3,,,D+,,4,4999,,4.1,,-,,,,,4801
SDP,21.09,-4.17,,,,7,,,C+,,-99,0,,4.4,,-,,,,,3
SDS,57.17,0.32,8,,,3,,,B-,,-4,3595,,5.1,,-,,,,,3837
SDSI,51.40,0.12,4,,,31,,,E,,-75,9,,4.7,,-,,,,,27
SDTY,41.44,-0.07,1,,,22,,,C,,1,14,,26.6,,-,,,,,14
SDVD,23.16,0.09,1,,,58,,,B,,-50,122,,8.0,,-,,,,,250
SDVY,43.16,-0.02,21,,,76,,,C,,-12,1055,,1.0,,-,,,,,1193
SDY,155.67,1.74,15,,,67,,,C,,-13,201,,2.4,,-,,,,,230
SEA,16.75,2.43,4,,,60,,,E,,-49,7,,5.8,,-,,,,,10
SECR,25.34,0.08,7,,,9,,,B,,-67,3,,3.1,,-,,,,,8
SECT,70.99,-0.73,1,,,85,,,C,,0,96,,0.7,,-,,,,,97
SECU,49.69,0.10,1,,,26,,,E,,-44,129,,6.0,,-,,,,,252
SEEM,38.67,-1.22,5,,,94,,,E,,13,51,,2.5,,-,,,,,48
SEF,30.27,-1.35,,,,8,,,E,,-32,6,,1.8,,-,,,,,9
SEIE,35.90,1.43,7,,,81,,,E,,-12,81,,2.3,,-,,,,,94
SEIM,54.23,-1.72,4,,,92,,,C-,,0,81,,0.5,,-,,,,,81
SEIQ,40.29,1.23,3,,,59,,,A,,-30,32,,0.9,,-,,,,,45
SEIS,32.75,-1.62,4,,,90,,,B,,-11,43,,0.4,,-,,,,,48
SEIV,47.95,0.08,3,,,90,,,D,,-26,70,,1.4,,-,,,,,96
SEIX,23.13,,2,,,20,,,A,,-16,71,,7.3,,-,,,,,86
SELV,33.43,1.49,2,,,49,,,C+,,-34,11,,1.8,,-,,,,,16
SEMG,26.77,0.68,,,,46,,,E,,-67,3,,0.1,,-,,,,,8
SEMI,37.93,-3.37,,,,95,,,C-,,39,22,,,,-,,,,,16
SEMY,15.12,-2.28,,,,7,,,E,,-21,215,,96.1,,-,,,,,276
SEPI,27.79,-0.09,1,,,65,,,E,,-48,23,,8.2,,-,,,,,45
SEPM,32.84,-0.03,2,,,48,,,A,,-36,0,,,,-,,,,,2
SEPP,32.50,0.03,1,,,64,,,A-,,37,7,,,,-,,,,,4
SEPT,37.54,-0.04,,,,68,,,E,,-99,0,,,,-,,,,,48
SEPU,30.94,-0.26,1,,,68,,,C-,,-75,7,,,,-,,,,,31
SEPW,33.41,-0.05,1,,,54,,,A+,,-99,1,,,,-,,,,,122
SEPZ,45.28,-0.16,1,,,66,,,C,,-50,6,,2.1,,-,,,,,13
SETH,51.96,-5.13,,,,55,,,B,,-45,22,,5.1,,-,,,,,41
SETM,31.26,0.90,4,,,62,,,E,,-42,143,,1.5,,-,,,,,261
SFEB,26.18,-0.25,2,,,78,,,C,,-30,4,,,,-,,,,,6
SFGV,35.26,0.69,,,,72,,,E,,-67,5,,2.2,,-,,,,,15
SFLO,35.28,1.26,8,,,91,,,A,,-67,19,,0.1,,-,,,,,57
SFLR,38.60,-0.03,3,,,62,,,D,,-33,239,,0.3,,-,,,,,360
SFTX,30.57,0.25,1,,,78,,,D-,,-83,24,,0.2,,-,,,,,143
SFTY,30.72,0.23,,,,79,,,C,,-74,26,,0.2,,-,,,,,102
SFY,146.83,-0.63,4,,,87,,,D+,,2,20,,0.9,,-,,,,,20
SFYF,61.76,-0.62,1,,,88,,,D,,-30,2,,0.3,,-,,,,,4
SGDJ,78.46,5.36,1,,,41,,,E,,-7,67,,9.1,,-,,,,,72
SGDM,65.65,3.61,3,,,37,,,E,,-41,34,,1.1,,-,,,,,60
SGLC,43.56,-0.22,3,,,89,,,A-,,7,12,,0.2,,-,,,,,12
SGOL,39.24,2.05,14,,,35,,,E,,-21,2343,,,,-,,,,,2694
SGOV,100.44,0.04,69,,,30,,,C-,,11,22874,,4.1,,-,,,,,20729
SGRT,33.65,-5.69,,,,97,,,E,,49,103,,0.1,,-,,,,,69
SGRW,25.88,-1.94,,,,75,,,C,,292,5,,,,-,,,,,1
SGVA,100.25,0.05,,,,34,,,,,-95,4,,,,-,,,,,
SGVT,100.52,0.04,1,,,30,,,E,,-8,227,,3.3,,-,,,,,247
SH,33.12,0.21,12,,,6,,,C+,,-14,8395,,4.1,,-,,,,,9831
SHAG,47.37,0.13,2,,,14,,,E,,29,2,,4.3,,-,,,,,4
SHDG,32.65,-0.21,,,,46,,,E,,-36,3,,0.5,,-,,,,,5
SHE,153.55,0.16,4,,,91,,,D,,-30,2,,1.1,,-,,,,,3
SHEH,56.86,1.22,1,,,40,,,E,,-85,0,,1.3,,-,,,,,2
SHLD,63.96,4.51,57,,,14,,,E,,-35,1320,,0.6,,-,,,,,2037
SHM,47.90,0.13,6,,,30,,,C,,12,221,,2.7,,-,,,,,198
SHNY,8.56,5.94,,,,11,,,E,,-13,534,,,,-,,,,,610
SHOC,109.12,-5.14,1,,,99,,,C,,4,24,,0.1,,-,,,,,24
SHPP,33.94,0.83,1,,,85,,,C,,-63,0,,1.6,,-,,,,,0
SHPU,12.15,-3.40,,,,5,,,C,,-71,81,,3.6,,-,,,,,290
SHRD,25.11,0.42,,,,34,,,,,-80,9,,0.8,,-,,,,,36
SHRT,6.40,1.64,,,,5,,,E,,-77,1,,0.1,,-,,,,,7
SHRY,43.84,1.67,,,,42,,,D-,,-30,1,,1.3,,-,,,,,1
SHUS,51.00,0.65,,,,74,,,E,,6,0,,1.2,,-,,,,,0
SHV,110.09,0.05,118,,,29,,,D+,,6,3137,,4.0,,-,,,,,2558
SHY,81.94,0.12,100,,,15,,,E,,6,3508,,3.6,,-,,,,,3377
SHYD,22.80,0.15,2,,,31,,,C-,,-61,42,,3.6,,-,,,,,111
SHYG,42.24,0.12,65,,,18,,,E,,-25,958,,7.0,,-,,,,,1285
SHYL,44.23,0.05,,,,15,,,B,,180,75,,6.9,,-,,,,,28
SHYM,22.39,,1,,,37,,,A+,,-49,267,,4.3,,-,,,,,384
SIFI,43.58,0.19,1,,,24,,,E,,587,0,,6.1,,-,,,,,0
SIHY,45.51,0.18,1,,,28,,,A,,-61,9,,7.1,,-,,,,,23
SIJ,15.70,-0.31,,,,3,,,B,,-98,4,,4.9,,-,,,,,6
SIL,80.20,3.90,45,,,42,,,E,,-22,1285,,1.3,,-,,,,,1718
SILJ,26.73,3.16,21,,,45,,,E,,-23,3760,,2.1,,-,,,,,4895
SIMA,10.87,,33,,,,,,E,,-98,0,,,66,-,,,,-8.74,12
SIMS,45.62,-1.70,1,,,70,,,B+,,493,5,,0.5,,-,,,,,1
SIMX,21.80,-10.91,,,,,,,,,101,17,,,,-,,,,,
SIO,25.67,-0.04,1,,,16,,,B,,30,33,,5.2,,-,,,,,26
SIOO,19.58,-0.20,,,,34,,,D-,,-1,14,,15.1,,-,,,,,14
SIVR,57.82,2.66,16,,,43,,,E,,-43,866,,,,-,,,,,1561
SIXA,56.07,0.73,,,,70,,,C,,187,23,,2.0,,-,,,,,8
SIXD,30.78,0.03,1,,,63,,,C,,-78,58,,,,-,,,,,248
SIXF,34.07,-0.09,1,,,66,,,C-,,-95,0,,,,-,,,,,6
SIXH,43.01,0.75,,,,58,,,C+,,-4,8,,1.9,,-,,,,,8
SIXJ,36.45,-0.01,1,,,65,,,C,,3942,316,,,,-,,,,,12
SIXL,39.99,1.80,,,,58,,,A+,,-36,0,,2.2,,-,,,,,3
SIXO,35.87,-0.02,1,,,51,,,B,,-2,172,,,,-,,,,,178
SIXP,33.76,-0.02,,,,65,,,A,,-74,1,,,,-,,,,,5
SIXS,58.95,0.89,1,,,85,,,A-,,30,3,,1.7,,-,,,,,2
SIXZ,31.51,0.08,,,,62,,,E,,-97,3,,,,-,,,,,414
SIZE,178.07,0.47,4,,,74,,,B-,,18,7,,1.4,,-,,,,,6
SJB,15.13,-0.07,4,,,9,,,D-,,-68,73,,3.6,,-,,,,,235
SJCP,25.00,0.12,,,,31,,,C-,,-97,0,,3.8,,-,,,,,4
SJLD,25.12,,,,,28,,,A,,-90,0,,4.4,,-,,,,,0
SJNK,24.93,0.08,61,,,16,,,D-,,-29,1835,,7.0,,-,,,,,2577
SKF,24.19,-2.97,1,,,6,,,E,,139,42,,4.1,,-,,,,,18
SKOR,48.38,0.16,2,,,16,,,E,,-40,39,,4.7,,-,,,,,65
SKRE,6.27,2.96,,,,3,,,D-,,0,44,,0.4,,-,,,,,45
SKYU,36.27,-2.09,,,,55,,,D+,,-41,2,,0.9,,-,,,,,3
SKYY,134.86,-1.06,15,,,65,,,B-,,-55,157,,,,-,,,,,378
SLBT,5.99,34.61,6,,,,,,,,-63,1216,,,,-,,,,,
SLDR,49.68,0.13,1,,,13,,,A-,,668,48,,3.7,,-,,,,,10
SLJY,28.27,2.71,,,,16,,,E,,-42,28,,25.2,,-,,,,,47
SLNZ,45.52,0.09,1,,,16,,,B,,-82,0,,7.5,,-,,,,,7
SLON,21.35,9.38,2,,,2,,,C,,-50,151,,24.9,,-,,,,,57
SLQD,50.23,0.14,13,,,18,,,E,,-39,119,,4.3,,-,,,,,220
SLTY,22.71,-0.79,,,,2,,,E,,-28,17,,81.6,,-,,,,,24
SLV,55.02,2.69,94,,,43,,,E,,-24,16963,,,,-,,,,,22554
SLVO,66.76,2.33,,,,4,,,E,,-45,74,,19.6,,-,,,,,135
SLVP,32.14,3.95,14,,,44,,,E,,-35,249,,2.3,,-,,,,,391
SLVR,52.16,3.70,2,,,44,,,E,,-33,120,,4.1,,-,,,,,181
SLVX,14.66,3.57,,,,10,,,E,,-29,8,,10.2,,-,,,,,11
SLWS,101.23,0.27,,,,28,,,E,,270,0,,4.6,,-,,,,,2
SLX,98.19,1.37,9,,,86,,,E,,-65,21,,1.3,,-,,,,,63
SLYG,117.38,-0.69,11,,,94,,,A,,24,179,,0.6,,-,,,,,164
SLYV,108.06,-0.73,10,,,89,,,A,,2,252,,1.8,,-,,,,,250
SMAX,27.87,-0.03,,,,48,,,A-,,-75,3,,0.8,,-,,,,,12
SMAY,28.27,-0.22,1,,,68,,,B,,-29,14,,,,-,,,,,20
SMB,17.31,,1,,,28,,,C-,,-17,53,,2.7,,-,,,,,66
SMBS,25.28,,1,,,13,,,E,,-55,396,,5.1,,-,,,,,873
SMCC,22.97,-4.54,,,,,,,,,-85,1,,,,-,,,,,
SMCF,38.93,,1,,,84,,,E,,-29,0,,3.3,,-,,,,,0
SMCL,10.46,-3.33,1,,,12,,,D,,-62,1022,,,,-,,,,,1265
SMCO,30.29,-0.78,,,,77,,,A,,43,19,,,,-,,,,,14
SMCP,24.71,-0.08,,,,28,,,,,18,7,,,,-,,,,,
SMCX,7.63,-3.66,2,,,10,,,D,,-27,7424,,10.1,,-,,,,,4860
SMCY,4.64,-1.96,2,,,3,,,D,,-10,1075,,184.9,,-,,,,,1220
SMCZ,10.36,3.91,1,,,1,,,D+,,-73,368,,14.0,,-,,,,,1446
SMDD,7.79,1.57,,,,2,,,D+,,-37,5,,5.8,,-,,,,,9
SMDV,77.01,-0.26,4,,,77,,,A,,374,125,,2.3,,-,,,,,27
SMDX,26.75,-0.49,,,,87,,,C,,183,0,,0.5,,-,,,,,0
SMH,592.29,-4.54,188,,,99,,,C-,,80,21334,,0.2,,-,,,,,10902
SMHB,4.20,1.06,,,,51,,,A+,,10,23,,14.2,,-,,,,,21
SMHC,59.44,-8.93,,,,,,,,,-63,190,,,,-,,,,,
SMHX,58.65,-4.57,1,,,99,,,C-,,-7,139,,,,-,,,,,148
SMIG,32.97,0.64,2,,,76,,,A,,62,442,,1.7,,-,,,,,273
SMIN,70.81,0.85,12,,,49,,,A+,,-58,66,,,,-,,,,,170
SMIZ,43.21,-2.20,,,,89,,,E,,172,69,,0.5,,-,,,,,26
SMLF,88.09,-0.72,17,,,90,,,B+,,38,247,,1.0,,-,,,,,182
SMLL,21.48,0.48,,,,49,,,B-,,-57,1,,0.7,,-,,,,,3
SMLV,158.39,-0.15,10,,,89,,,A,,-0,4,,2.2,,-,,,,,4
SMMD,90.77,-0.27,4,,,93,,,B,,-44,156,,1.1,,-,,,,,281
SMMU,50.42,0.10,2,,,29,,,E,,-35,76,,2.9,,-,,,,,117
SMMV,46.70,1.10,4,,,60,,,B+,,13,12,,1.7,,-,,,,,11
SMN,19.44,-3.51,,,,5,,,B+,,-97,8,,3.7,,-,,,,,7
SMOG,143.17,-0.84,1,,,73,,,E,,-66,1,,1.4,,-,,,,,2
SMOM,27.71,0.35,,,,66,,,E,,285,20,,0.2,,-,,,,,5
SMOT,39.51,1.09,3,,,71,,,A+,,-1,24,,1.3,,-,,,,,26
SMOX,30.15,-0.75,,,,76,,,E,,-74,3,,0.1,,-,,,,,14
SMRF,25.17,-2.59,,,,44,,,E,,-41,10,,0.9,,-,,,,,14
SMRI,42.03,1.54,1,,,91,,,C+,,96,27,,1.0,,-,,,,,8
SMST,56.51,-15.79,1,,,42,,,B+,,-5,429,,,,-,,,,,462
SMTG,8.51,-17.53,,,,,,,,,-15,4,,,,-,,,,,
SMTH,25.73,0.14,6,,,20,,,E,,-30,282,,2.9,,-,,,,,403
SMU,8.00,-7.19,1,,,1,,,E,,-30,1891,,,,-,,,,,1871
SMUP,6.24,-7.83,,,,1,,,E,,-62,352,,78.3,,-,,,,,250
SMYY,6.87,-0.86,2,,,5,,,E,,34,48,,177.3,,-,,,,,37
SMZ,23.90,7.27,1,,,9,,,C,,-24,59,,,,-,,,,,84
SNAG,4.74,2.99,,,,41,,,D+,,-57,31,,,,-,,,,,71
SNAV,38.67,0.48,,,,75,,,B,,-54,2,,,,-,,,,,3
SNDC,12.99,-28.70,,,,,,,,,232,46,,,,-,,,,,
SNDG,14.46,-30.14,,,,46,,,,,315,3090,,,,-,,,,,
SNDQ,3.01,28.09,,,,,,,,,277,156029,,,,-,,,,,
SNDU,38.10,-29.01,,,,79,,,E,,62,6308,,,,-,,,,,2624
SNK,18.47,-5.33,,,,,,,,,-55,3752,,,,-,,,,,
SNOU,42.40,-1.40,1,,,44,,,C,,-39,157,,6.4,,-,,,,,276
SNOV,27.05,-0.21,1,,,68,,,A,,-65,2,,,,-,,,,,14
SNOY,10.37,-1.22,2,,,40,,,A+,,9,91,,74.3,,-,,,,,86
SNPD,30.17,1.35,,,,69,,,A+,,-44,1,,3.2,,-,,,,,1
SNPE,68.26,-0.25,18,,,84,,,C,,-27,227,,1.0,,-,,,,,315
SNPG,59.31,-1.54,,,,89,,,B,,-69,0,,0.5,,-,,,,,1
SNSR,48.41,-1.65,2,,,95,,,C-,,68,35,,0.4,,-,,,,,25
SNTH,29.61,-0.20,,,,55,,,E,,-29,59,,7.8,,-,,,,,84
SNXX,23.90,-28.61,2,,,78,,,E,,57,93287,,,,-,,,,,55786
SOCA,10.26,-0.19,43,,,,,,C,,-60,8,,,44,-,,,,8021.21,7
SOCL,45.20,-0.21,3,,,23,,,B+,,-64,4,,0.6,,-,,,,,9
SOEZ,14.06,5.13,1,,,8,,,D-,,-15,13,,2.7,,-,,,,,16
SOFA,15.59,-2.01,,,,51,,,C,,-4,79,,1.4,,-,,,,,81
SOFR,100.18,0.03,4,,,24,,,C,,-81,5,,5.3,,-,,,,,27
SOFX,10.61,-2.08,,,,36,,,C,,-8,1506,,35.1,,-,,,,,1675
SOLC,16.15,5.24,,,,9,,,D-,,35,3,,,,-,,,,,2
SOLM,8.99,3.91,,,,5,,,D,,-68,2,,59.6,,-,,,,,6
SOLT,38.66,9.80,1,,,2,,,C-,,43,716,,5.9,,-,,,,,490
SOLZ,8.10,4.92,6,,,5,,,D+,,-1,1124,,3.7,,-,,,,,1130
SOR,46.58,0.67,3,,,41,,,A+,,-45,7,55.08,5.6,73,-,135.2,,,130.71,13
SORN,9.98,0.60,22,,,,,,C,,-2,36,,,6,-,,,,,14
SOUL,10.37,0.10,45,,,,,,C,,59,31,,,67,-,,,,963.28,18
SOUX,11.88,-4.26,,,,3,,,E,,-85,102,,77.2,,-,,,,,180
SOVF,30.41,0.84,,,,48,,,A+,,31,8,,0.8,,-,,,,,6
SOXL,181.47,-16.58,10,,,99,,,D+,,52,92056,,,,-,,,,,61327
SOXQ,99.29,-5.54,19,,,99,,,C-,,79,5088,,0.3,,-,,,,,2791
SOXS,4.51,16.84,5,,,1,,,C,,96,930912,,53.5,,-,,,,,484900
SOXX,566.32,-5.57,152,,,99,,,C,,64,16150,,0.2,,-,,,,,9714
SOXY,101.78,-5.65,1,,,99,,,C+,,28,23,,7.4,,-,,,,,19
SOYB,24.44,-0.33,4,,,54,,,D,,-63,43,,,,-,,,,,121
SPAB,25.40,0.04,11,,,14,,,E,,-29,1881,,4.0,,-,,,,,2659
SPAL,22.74,4.79,,,,,,,,,-55,1350,,,,-,,,,,
SPAM,42.13,-0.82,,,,95,,,A,,-23,3,,0.1,,-,,,,,3
SPAQ,93.50,-0.49,1,,,28,,,A+,,164,0,,15.4,,-,,,,,0
SPAX,13.73,4.97,,,,,,,,,-54,1256,,,,-,,,,,
SPBC,47.26,0.10,1,,,70,,,A+,,-77,1,,0.9,,-,,,,,5
SPBO,28.92,0.17,5,,,17,,,E,,-39,405,,5.1,,-,,,,,737
SPBU,30.04,-0.46,,,,68,,,E,,761,236,,,,-,,,,,28
SPBW,28.70,0.02,,,,54,,,E,,116,33,,,,-,,,,,13
SPBX,29.17,-0.01,,,,62,,,E,,3084,234,,,,-,,,,,8
SPCF,22.77,4.83,,,,,,,,,-8,3518,,,,-,,,,,
SPCG,18.83,-5.19,,,,,,,,,-60,1969,,,,-,,,,,
SPCH,13.60,4.78,,,,,,,,,-40,22883,,,,-,,,,,
SPCI,31.04,1.37,1,,,75,,,D,,13,25,,12.4,,-,,,,,23
SPCK,22.14,-0.16,1,,,16,,,D,,-95,1,,2.4,,-,,,,,7
SPCL,40.98,4.62,,,,63,,,,,-17,174,,,,-,,,,,206
SPCM,23.02,5.09,,,,,,,,,-54,702,,,,-,,,,,
SPCQ,14.60,-6.05,,,,,,,,,-65,1819,,,,-,,,,,
SPCT,27.58,1.50,,,,51,,,E,,-17,11,,1.1,,-,,,,,13
SPCU,18.27,4.94,,,,,,,,,-53,1616,,,,-,,,,,
SPCZ,26.07,0.04,,,,14,,,C,,-55,0,,9.6,,-,,,,,2
SPD,41.36,-0.15,,,,64,,,A,,-27,8,,1.0,,-,,,,,11
SPDF,27.32,-0.30,,,,40,,,,,-83,3,,,,-,,,,,16
SPDG,46.27,0.02,,,,79,,,D,,25,1,,2.7,,-,,,,,1
SPDN,8.71,0.23,6,,,6,,,B,,9,54228,,3.3,,-,,,,,49577
SPDV,38.80,0.68,,,,64,,,D,,-38,5,,3.3,,-,,,,,8
SPDW,50.07,0.62,34,,,82,,,E,,-6,3004,,3.0,,-,,,,,3324
SPE,13.51,,6,,,9,,,E,,-42,20,,9.8,,5/28/1993,,,,,35
SPEG,10.30,,27,,,,,,E,,-100,0,,,51,-,,,,3807.32,24
SPEM,51.12,-0.35,44,,,73,,,E,,-37,1457,,2.6,,-,,,,,2371
SPEU,55.44,1.84,3,,,69,,,E,,-8,41,,3.5,,-,,,,,41
SPFF,9.29,0.01,,,,34,,,D,,-53,31,,6.7,,-,,,,,67
SPGM,85.10,,11,,,82,,,E,,-70,55,,1.8,,-,,,,,251
SPGP,124.38,0.76,6,,,78,,,A,,-48,35,,0.8,,-,,,,,67
SPHB,147.85,-2.92,5,,,96,,,C-,,-33,243,,0.5,,-,,,,,362
SPHD,52.10,1.66,9,,,55,,,A,,-15,654,,4.5,,-,,,,,773
SPHQ,87.87,-1.25,35,,,89,,,C,,10,1751,,1.1,,-,,,,,1601
SPHY,23.34,0.13,67,,,20,,,D,,-25,3227,,7.2,,-,,,,,4449
SPIB,33.36,0.15,22,,,18,,,E,,-30,5293,,4.4,,-,,,,,7810
SPIN,32.24,0.52,1,,,47,,,A,,37,18,,5.3,,-,,,,,13
SPIP,25.42,0.24,7,,,9,,,E,,-18,331,,5.4,,-,,,,,409
SPIT,33.99,-1.67,,,,87,,,C,,73,13,,,,-,,,,,5
SPKL,12.95,2.70,11,,,,,,B+,,-12,87,,,88,-,,,,-132.94,93
SPLB,22.26,0.18,15,,,18,,,E,,-41,1571,,5.3,,-,,,,,2853
SPLS,53.87,-0.26,1,,,60,,,C,,-39,4,,1.1,,-,,,,,6
SPLV,76.73,1.98,44,,,52,,,B,,-17,2157,,2.1,,-,,,,,2568
SPMB,22.20,0.09,3,,,25,,,E,,-21,1106,,4.1,,-,,,,,1396
SPMC,9.97,-0.10,2,,,27,,,C,,12,32,-34.78,27.5,83,6/14/2024,-190.4,-26.35,-38.68,-48.48,29
SPMD,66.65,-0.48,37,,,84,,,C-,,-8,1780,,1.2,,-,,,,,1733
SPMO,150.83,-2.89,42,,,96,,,B-,,53,3361,,0.7,,-,,,,,2217
SPOG,6.93,5.80,,,,7,,,C,,-82,20,,,,-,,,,,113
SPPP,13.03,3.33,5,,,20,,,E,,55,766,47.13,,33,-,41295.9,,,-243.88,507
SPRE,21.34,0.90,4,,,65,,,D-,,-40,49,,3.7,,-,,,,,83
SPRX,50.74,-6.98,,,,97,,,C-,,-10,139,,,,-,,,,,155
SPSB,29.93,0.10,31,,,18,,,E,,-50,1367,,4.4,,-,,,,,2868
SPSK,18.00,-0.06,4,,,15,,,E,,64,553,,4.4,,-,,,,,350
SPSM,56.95,-0.75,39,,,92,,,A,,-22,1380,,1.4,,-,,,,,1688
SPTB,29.99,0.27,2,,,12,,,E,,-70,28,,4.1,,-,,,,,95
SPTE,46.41,-1.92,3,,,97,,,C,,-35,45,,0.7,,-,,,,,69
SPTI,28.29,0.11,8,,,11,,,E,,33,3433,,3.8,,-,,,,,2591
SPTL,25.99,,52,,,10,,,E,,-7,5704,,4.1,,-,,,,,6072
SPTM,90.54,-0.10,17,,,81,,,C,,-23,429,,1.1,,-,,,,,558
SPTS,28.95,0.17,17,,,14,,,E,,-30,1116,,3.9,,-,,,,,1595
SPTU,25.02,0.04,2,,,28,,,E,,-82,1,,3.5,,-,,,,,3
SPUC,49.07,-0.08,1,,,54,,,C,,-99,0,,1.8,,-,,,,,14
SPUS,56.66,-0.54,5,,,88,,,C,,-20,412,,0.5,,-,,,,,519
SPUT,28.21,0.15,,,,51,,,D+,,-68,1,,5.2,,-,,,,,4
SPUU,213.64,-0.48,4,,,94,,,C-,,8,24,,0.5,,-,,,,,22
SPVM,75.53,1.12,1,,,79,,,C,,-30,11,,2.0,,-,,,,,16
SPWO,33.15,-0.72,3,,,94,,,E,,-11,51,,1.1,,-,,,,,59
SPXD,28.84,0.80,,,,76,,,E,,-80,0,,1.4,,-,,,,,1
SPXE,80.45,-0.15,1,,,81,,,C-,,803,0,,1.0,,-,,,,,1
SPXL,268.81,-0.44,16,,,97,,,D,,28,2706,,0.6,,-,,,,,2163
SPXN,81.52,-0.36,,,,84,,,D+,,-82,0,,0.9,,-,,,,,2
SPXS,26.70,0.45,3,,,3,,,B-,,-4,12677,,4.2,,-,,,,,13383
SPXT,109.95,0.79,2,,,64,,,D,,-61,9,,1.4,,-,,,,,24
SPXU,37.40,0.51,5,,,3,,,B-,,-4,9710,,6.4,,-,,,,,10207
SPXV,81.61,-0.39,1,,,80,,,A,,-32,1,,1.0,,-,,,,,1
SPXX,18.62,-0.16,12,,,64,,,A,,12,296,-11.4,9.4,62,-,1994.6,,,36.06,264
SPY,744.78,-0.13,634,,,80,,,C-,,0,57500,,1.0,,-,,,,,53910
SPYA,29.95,-0.15,,,,71,,,D+,,267,0,,0.4,,-,,,,,0
SPYC,45.38,-0.38,,,,68,,,C+,,-66,4,,0.9,,-,,,,,12
SPYD,48.42,1.02,8,,,65,,,C-,,-34,788,,4.2,,-,,,,,1195
SPYG,117.20,-1.05,84,,,86,,,C-,,-23,2163,,0.5,,-,,,,,2852
SPYH,55.76,0.03,,,,47,,,D,,-5,9,,7.7,,-,,,,,10
SPYI,53.06,-0.06,7,,,49,,,D+,,-29,2056,,12.1,,-,,,,,2903
SPYM,87.67,-0.11,94,,,80,,,C-,,72,15693,,1.1,,-,,,,,12312
SPYQ,185.64,-0.13,1,,,93,,,D+,,-93,1,,,,-,,,,,17
SPYT,17.23,-0.17,,,,29,,,D,,270,522,,21.1,,-,,,,,142
SPYU,32.84,-0.91,3,,,95,,,D+,,7,1054,,,,-,,,,,1008
SPYV,61.64,1.05,56,,,70,,,C-,,-31,1670,,1.7,,-,,,,,2655
SPYX,61.14,0.02,7,,,81,,,C-,,-62,53,,0.9,,-,,,,,142
SQLT,28.54,-0.51,,,,45,,,E,,-26,0,,0.8,,-,,,,,0
SQLV,52.56,-0.08,1,,,92,,,B+,,-35,1,,1.0,,-,,,,,1
SQMX,34.18,-0.03,,,,47,,,B+,,-99,0,,,,-,,,,,16
SQQQ,39.95,5.46,12,,,1,,,C,,10,71825,,9.7,,-,,,,,66780
SQS,27.77,-0.14,,,,63,,,E,,-24,15,,,,-,,,,,21
SRET,22.80,0.55,5,,,56,,,D+,,41,53,,7.8,,-,,,,,38
SRHQ,46.79,,,,,90,,,C,,-98,0,,0.7,,-,,,,,0
SRHR,60.34,,,,,75,,,A+,,-84,0,,11.2,,-,,,,,0
SRLN,40.15,0.25,76,,,13,,,D,,-44,1155,,7.4,,-,,,,,2084
SROI,37.12,0.07,1,,,80,,,A+,,19,1,,0.5,,-,,,,,1
SRS,39.14,-2.17,1,,,4,,,E,,-24,7,,3.7,,-,,,,,9
SRTY,22.05,1.99,3,,,1,,,C-,,-25,2310,,8.7,,-,,,,,3124
SRV,49.00,-1.25,4,,,72,,,B+,,-25,42,141.58,12.4,6,8/27/2007,8.2,,,-35.87,56
SRVR,31.13,-1.24,2,,,33,,,E,,101,173,,2.7,,-,,,,,92
SSAC,9.98,-0.05,18,,,,,,E,,-83,22,,,56,-,,,,,135
SSCP,25.91,-0.83,,,,39,,,,,-24,4,,,,-,,,,,
SSEA,10.27,0.20,19,,,,,,C-,,-89,1,,,11,-,,,,443.01,6
SSFI,21.29,0.04,,,,17,,,B-,,128,21,,3.3,,-,,,,,8
SSG,13.38,7.99,1,,,1,,,C+,,73,1420,,9.5,,-,,,,,838
SSK,10.94,5.36,1,,,5,,,C-,,53,106,,33.5,,-,,,,,72
SSMG,27.27,,,,,43,,,,,-100,0,,,,-,,,,,3
SSO,67.00,-0.31,14,,,94,,,C,,-11,3231,,0.7,,-,,,,,3655
SSPC,11.18,-5.41,,,,,,,,,-50,23007,,,,-,,,,,
SSPY,97.99,0.68,3,,,77,,,B,,318,1,,1.2,,-,,,,,2
SSS,20.52,0.95,,,,45,,,C,,-74,1,,0.2,,-,,,,,2
SSUS,54.81,-0.39,1,,,87,,,D,,-43,18,,0.5,,-,,,,,32
SSXU,35.45,0.12,1,,,49,,,E,,-88,1,,2.6,,-,,,,,11
STAX,25.46,0.12,,,,30,,,E,,-2,11,,3.0,,-,,,,,7
STBF,25.36,0.02,,,,32,,,E,,-84,5,,4.8,,-,,,,,29
STBQ,21.28,1.75,,,,31,,,D+,,98,2,,,,-,,,,,2
STCE,65.94,-4.27,3,,,68,,,D-,,90,287,,1.6,,-,,,,,151
STEN,27.52,-0.08,,,,60,,,D,,-87,1,,0.2,,-,,,,,5
STEW,18.17,0.66,10,,,41,,,B,,20,99,33.98,4.5,52,-,170.8,,,-44.06,83
STHH,137.81,-4.07,,,,99,,,E,,175,12,,0.7,,-,,,,,4
STIP,101.23,0.10,47,,,11,,,E,,-27,784,,4.9,,-,,,,,1110
STK,51.57,-3.30,3,,,98,,,D+,,-22,55,103.74,3.6,80,-,246.4,,,182.33,70
STLR,23.48,-2.53,,,,50,,,E,,-43,1,,1.6,,-,,,,,2
STLU,21.60,-5.10,,,,37,,,E,,356,102,,0.7,,-,,,,,19
STNC,37.10,-1.27,,,,77,,,A-,,298,8,,0.9,,-,,,,,2
STOT,46.90,0.12,2,,,18,,,E,,-72,24,,4.4,,-,,,,,84
STOX,30.88,-0.14,,,,80,,,C,,-36,15,,0.2,,-,,,,,24
STPZ,52.90,0.19,3,,,10,,,E,,20,100,,4.7,,-,,,,,85
STRN,27.12,-2.82,,,,96,,,C-,,150,27,,0.1,,-,,,,,11
STSM,17.87,4.50,1,,,4,,,E,,-82,19,,,,-,,,,,14
STXD,39.49,-0.08,1,,,67,,,A,,-61,2,,1.2,,-,,,,,6
STXE,49.41,-2.51,,,,97,,,E,,-36,7,,0.6,,-,,,,,11
STXF,48.23,-0.02,1,,,82,,,A,,1,54,,1.1,,-,,,,,53
STXG,54.83,-0.46,,,,80,,,B+,,-64,2,,0.4,,-,,,,,7
STXK,38.40,-0.59,1,,,87,,,A,,-31,4,,1.1,,-,,,,,6
STXL,34.30,-20.51,,,,64,,,,,-3,269,,,,-,,,,,
STXT,19.61,0.20,1,,,9,,,E,,27,25,,4.7,,-,,,,,21
STXU,12.85,-22.01,,,,24,,,,,63,91,,,,-,,,,,
STXV,38.22,0.76,1,,,79,,,C,,-68,2,,2.2,,-,,,,,7
STXX,42.45,-20.95,,,,64,,,,,-1,104,,,,-,,,,,
STYL,26.35,,,,,34,,,,,-100,0,,,,-,,,,,
SUB,106.31,0.06,10,,,28,,,E,,25,589,,2.5,,-,,,,,460
SUIL,6.68,7.00,,,,18,,,,,141,25,,0.9,,-,,,,,
SUIS,19.11,3.37,,,,11,,,E,,-55,2,,,,-,,,,,3
SUMA,9.94,0.10,1,,,,,,,,-48,20,,,36,-,,,,,31
SUPL,46.51,0.69,,,,82,,,A,,-83,0,,2.6,,-,,,,,1
SUPP,83.85,,1,,,92,,,B+,,-91,0,,0.2,,-,,,,,0
SURE,148.99,-0.15,1,,,90,,,A+,,346,0,,1.0,,-,,,,,0
SURI,17.95,0.87,,,,82,,,E,,-22,3,,15.7,,-,,,,,9
SUSA,153.83,-0.07,9,,,85,,,C,,-30,28,,0.9,,-,,,,,36
SUSB,24.93,0.16,6,,,16,,,E,,-60,151,,4.5,,-,,,,,405
SUSC,23.07,0.22,2,,,20,,,D-,,-57,161,,4.5,,-,,,,,405
SUSL,132.25,-0.22,9,,,84,,,B-,,-0,25,,1.0,,-,,,,,25
SVA,6.47,,3,,,,,,,,,0,6.54,,89,-,-67.9,,,-103.36,0
SVAC,10.21,-0.39,30,,,,,,E,,-80,70,,,20,-,,,,,379
SVAL,41.64,-0.60,2,,,90,,,C-,,-2,14,,2.1,,-,,,,,15
SVAQ,10.07,-0.20,22,,,,,,C-,,-53,39,,,38,-,,,,,53
SVCC,10.58,,31,,,,,,E,,-89,1,,,53,-,,,,45.4,3
SVIV,10.30,1.18,23,,,,,,E,,-97,1,,,24,-,,,,,32
SVIX,23.76,0.64,5,,,86,,,A,,-13,2571,,,,-,,,,,2978
SVOL,16.00,0.06,1,,,20,,,A,,-13,272,,22.6,,-,,,,,313
SVXY,57.31,0.39,1,,,87,,,A+,,-26,1112,,,,-,,,,,1515
SWAN,33.14,-0.24,1,,,51,,,D,,-20,9,,3.2,,-,,,,,99
SWP,28.20,0.94,,,,43,,,C,,-78,3,,7.7,,-,,,,,13
SWZ,5.92,,7,,,12,,,E,,44,108,27.39,,90,8/19/1987,38.9,,,110.48,75
SXQG,32.37,1.57,,,,35,,,D+,,2450,33,,,,-,,,,,3
SYFI,35.61,0.11,1,,,24,,,E,,-15,107,,6.0,,-,,,,,128
SYLD,80.24,1.12,6,,,74,,,C-,,-23,40,,1.8,,-,,,,,52
SYSB,88.33,0.14,1,,,22,,,C+,,-53,39,,4.5,,-,,,,,92
SYZ,30.30,-1.15,1,,,89,,,D,,-20,3,,0.3,,-,,,,,4
SZK,21.03,-4.30,,,,6,,,A,,-100,0,,2.8,,-,,,,,1
SZZL,10.38,0.10,45,,,,,,C-,,-86,8,,,54,-,,,,3903.47,55
TABD,24.93,0.08,8,,,26,,,C,,-98,0,,3.6,,-,,,,,1
TACH,10.44,,39,,,,,,E,,-100,0,,,68,-,,,,2451.09,77
TACK,31.76,1.01,,,,54,,,C,,-68,7,,1.3,,-,,,,,21
TACN,28.54,1.33,,,,67,,,C,,-76,1,,,,-,,,,,2
TACO,10.52,0.19,42,,,,,,E,,-55,49,,,70,-,,,,12475.9,111
TACU,27.26,-0.13,,,,68,,,D-,,154,7,,,,-,,,,,3
TAFI,25.17,,2,,,29,,,E,,64,814,,3.1,,-,,,,,498
TAFL,25.23,0.00,,,,41,,,C-,,-79,3,,4.1,,-,,,,,15
TAFM,25.59,0.16,1,,,39,,,B+,,-16,168,,3.6,,-,,,,,201
TAGG,42.42,0.05,2,,,16,,,C+,,-83,48,,4.5,,-,,,,,275
TAGS,24.06,-0.20,1,,,26,,,D+,,-2,29,,,,-,,,,,29
TAIL,10.62,-0.14,3,,,6,,,E,,176,663,,2.9,,-,,,,,242
TAJX,26.31,1.44,,,,,,,,,-98,0,,,,-,,,,,
TALV,27.92,1.06,9,,,66,,,C-,,-57,1,,0.6,,-,,,,,1
TAN,56.32,-2.56,36,,,78,,,E,,-26,1185,,,,-,,,,,1619
TAOZ,87.14,0.62,,,,42,,,E,,-78,0,,,,-,,,,,2
TAPR,26.48,,,,,45,,,D-,,34,1,,,,-,,,,,1
TARK,48.37,-1.60,,,,43,,,A,,-11,14,,,,-,,,,,16
TAVI,10.65,,24,,,,,,E,,-88,7,,,75,-,,,,-15.66,47
TAX,31.20,,2,,,81,,,C-,,39,0,,0.3,,-,,,,,0
TAXE,51.35,0.10,,,,39,,,A+,,-62,7,,3.6,,-,,,,,18
TAXF,50.89,0.04,1,,,41,,,A-,,-35,31,,3.8,,-,,,,,49
TAXI,51.29,0.05,,,,37,,,C,,-19,19,,2.4,,-,,,,,20
TAXM,50.36,0.10,1,,,38,,,D+,,-38,0,,3.3,,-,,,,,4
TAXS,50.30,0.07,,,,31,,,C,,416,108,,2.2,,-,,,,,21
TAXT,51.63,,1,,,38,,,E,,-100,0,,3.1,,-,,,,,3
TAXX,50.63,0.06,1,,,29,,,A,,-7,36,,3.4,,-,,,,,55
TBF,24.35,,4,,,36,,,D,,-81,42,,2.8,,-,,,,,225
TBFC,29.32,-0.10,,,,49,,,E,,-95,0,,2.9,,-,,,,,3
TBFG,32.49,,,,,68,,,A+,,-100,0,,2.4,,-,,,,,7
TBG,37.32,1.83,1,,,67,,,C-,,-53,12,,2.5,,-,,,,,27
TBIL,49.89,0.06,12,,,29,,,C+,,45,2761,,3.7,,-,,,,,1923
TBJL,19.45,-0.05,,,,9,,,A,,-47,14,,,,-,,,,,19
TBLD,21.96,0.27,3,,,60,,,D,,-34,39,-9.22,5.7,86,-,179.1,,,206.85,59
TBLL,105.64,0.08,15,,,33,,,C,,6,315,,4.6,,-,,,,,300
TBLU,51.89,0.83,,,,27,,,B,,-2,2,,3.4,,-,,,,,3
TBT,35.36,-0.03,9,,,34,,,D+,,30,704,,2.8,,-,,,,,546
TBUX,49.83,0.07,2,,,31,,,D-,,78,311,,4.4,,-,,,,,178
TBX,28.33,-0.07,1,,,37,,,B,,62,43,,2.3,,-,,,,,27
TBXU,34.68,8.73,,,,71,,,C,,582,8,,1.3,,-,,,,,1
TCAF,41.41,0.39,7,,,80,,,A-,,13,825,,0.5,,-,,,,,733
TCAI,49.79,-5.61,,,,98,,,E,,3,143,,,,-,,,,,140
TCAL,22.66,0.76,,,,16,,,C,,46,124,,11.5,,-,,,,,86
TCAN,23.59,-0.85,,,,25,,,,,12,16,,,,-,,,,,
TCHI,24.86,-5.43,1,,,67,,,B,,-10,14,,0.8,,-,,,,,16
TCHP,49.29,-1.71,3,,,52,,,D-,,49,342,,,,-,,,,,232
TCPB,50.62,,1,,,20,,,D+,,23,34,,4.5,,-,,,,,35
TCV,31.77,-1.42,,,,89,,,E,,-93,0,,0.2,,-,,,,,8
TDAC,10.71,0.37,38,,,,,,D,,-96,6,,,84,-,,,,-10.13,127
TDAQ,27.37,-1.72,1,,,70,,,E,,-13,177,,16.3,,-,,,,,217
TDAX,24.50,-2.16,,,,60,,,E,,8,49,,10.0,,-,,,,,46
TDEC,25.93,-0.36,,,,69,,,E,,-74,1,,,,-,,,,,8
TDF,10.73,-2.19,4,,,31,,,E,,99,139,605.18,4.3,94,-,213.2,,,52.83,71
TDI,44.37,0.04,,,,82,,,E,,-58,34,,1.7,,-,,,,,83
TDIV,111.22,-1.82,3,,,87,,,D,,245,425,,1.3,,-,,,,,123
TDOG,14.93,2.07,,,,9,,,E,,-57,1,,,,-,,,,,2
TDOT,10.11,1.31,,,,9,,,E,,-86,0,,3.5,,-,,,,,2
TDSB,24.59,0.53,,,,46,,,E,,21,4,,2.3,,-,,,,,3
TDSC,27.64,0.30,,,,63,,,D-,,35,10,,1.6,,-,,,,,7
TDTF,23.52,0.11,3,,,9,,,D-,,65,294,,5.3,,-,,,,,181
TDTT,23.67,0.02,5,,,10,,,E,,-45,110,,5.1,,-,,,,,203
TDV,99.56,-2.78,2,,,86,,,D,,-51,3,,1.0,,-,,,,,6
TDVG,49.38,0.69,1,,,74,,,B,,5,49,,1.0,,-,,,,,48
TDVI,30.82,-1.63,,,,77,,,D,,-49,69,,7.4,,-,,,,,135
TDWD,10.06,,27,,,,,,C,,-83,7,,,36,-,,,,,27
TEC,32.50,-1.99,,,,92,,,D,,-67,0,,,,-,,,,,1
TECB,71.77,-0.19,4,,,93,,,A,,-51,8,,0.3,,-,,,,,17
TECL,195.27,-8.36,5,,,99,,,C,,6,1322,,0.2,,-,,,,,1263
TECS,7.19,8.45,2,,,1,,,C,,5,9082,,7.6,,-,,,,,8693
TECY,22.20,-1.56,,,,22,,,,,-87,0,,8.2,,-,,,,,
TEI,6.74,0.60,7,,,66,,,C,,-52,69,297.25,8.7,95,9/23/1993,214.0,,,684.73,146
TEK,39.23,-3.78,,,,97,,,B+,,-30,6,,1.2,,-,,,,,5
TEKX,66.85,-1.91,1,,,99,,,C,,-72,2,,0.2,,-,,,,,6
TEKY,45.03,,1,,,94,,,C,,-89,0,,0.2,,-,,,,,1
TELG,12.34,-4.49,,,,,,,,,210,12,,,,-,,,,,
TEMD,25.11,0.10,,,,33,,,E,,68,3,,6.1,,-,,,,,0
TEMR,27.85,-1.58,1,,,67,,,C-,,-56,1,,,,-,,,,,1
TEMT,26.34,-4.70,,,,40,,,C,,-68,283,,,,-,,,,,357
TEMX,37.64,-0.82,1,,,96,,,C,,182,1,,0.8,,-,,,,,0
TEND,27.21,-0.04,1,,,57,,,C,,-91,13,,0.1,,-,,,,,139
TENJ,27.59,-0.00,,,,63,,,E,,242,106,,0.2,,-,,,,,16
TENM,27.01,0.02,,,,51,,,D+,,37,7,,0.3,,-,,,,,5
TEQI,50.71,0.27,1,,,81,,,D+,,-29,5,,1.5,,-,,,,,8
TERG,44.32,-26.37,1,,,88,,,E,,-35,81,,,,-,,,,,123
TESC,27.09,-15.13,,,,,,,,,-84,1,,,,-,,,,,
TESL,15.46,-7.79,,,,36,,,C,,161,40,,32.8,,-,,,,,16
TEST,43.64,-5.16,,,,22,,,D-,,62,3,,16.8,,-,,,,,2
TETH,8.48,5.21,3,,,3,,,D,,6,779,,0.5,,-,,,,,728
TEUP,12.78,-12.53,,,,19,,,,,14,139,,,,-,,,,,
TEXN,31.76,-1.24,1,,,73,,,E,,51,4,,1.4,,-,,,,,3
TEXU,31.72,1.77,,,,43,,,E,,190,6,,2.1,,-,,,,,2
TEXX,28.14,,,,,37,,,C,,-68,0,,,,-,,,,,1
TFFI,19.70,-0.13,2,,,26,,,E,,-57,3,,,,-,,,,,8
TFGZ,35.86,,,,,54,,,E,,-100,0,,,,-,,,,,3
TFI,45.73,0.20,5,,,37,,,B,,-52,199,,3.5,,-,,,,,417
TFJL,19.31,-0.12,,,,9,,,E,,213,1,,,,-,,,,,3
TFLO,50.52,0.04,9,,,30,,,D,,17,1760,,3.8,,-,,,,,1519
TFLR,50.45,0.12,2,,,15,,,D,,-45,44,,6.7,,-,,,,,82
TFNS,28.48,1.41,1,,,65,,,D,,1494,9,,0.5,,-,,,,,1
TFPN,30.41,-3.23,1,,,83,,,D,,-31,7,,,,-,,,,,9
TGLB,28.99,,1,,,79,,,E,,-88,0,,0.2,,-,,,,,1
TGLR,40.19,0.19,,,,79,,,D,,1,7,,0.8,,-,,,,,7
TGRT,45.26,-0.82,1,,,68,,,D,,-67,61,,0.1,,-,,,,,183
TGRW,47.23,-0.45,2,,,70,,,D,,28,8,,,,-,,,,,15
THD,71.62,0.60,31,,,78,,,D-,,3,75,,3.7,,-,,,,,92
THEQ,29.64,-0.73,,,,62,,,E,,-64,2,,0.5,,-,,,,,6
THIR,34.21,0.09,1,,,69,,,A,,-68,18,,0.3,,-,,,,,60
THLV,33.37,0.39,1,,,64,,,A,,-83,2,,1.6,,-,,,,,10
THMR,25.05,-0.73,,,,27,,,,,-71,11,,,,-,,,,,39
THMZ,33.74,0.02,,,,70,,,E,,87,5,,0.2,,-,,,,,3
THNQ,88.18,-2.56,,,,98,,,B-,,-13,26,,0.2,,-,,,,,30
THNR,26.41,3.15,1,,,63,,,A+,,3,2,,1.6,,-,,,,,2
THOR,24.93,1.29,,,,,,,,,-70,20,,,,-,,,,,
THQ,18.98,1.55,3,,,60,,,B,,291,667,76.87,11.6,25,7/29/2014,-751.8,,,140.87,171
THRO,42.64,-0.26,9,,,85,,,C+,,-78,473,,0.3,,-,,,,,2219
THRV,24.23,-0.10,,,,12,,,C,,260,13,,7.2,,-,,,,,4
THTA,15.59,-0.10,1,,,43,,,A+,,-16,36,,11.1,,-,,,,,44
THW,13.79,2.60,2,,,87,,,A+,,118,242,190.39,10.7,73,6/26/2015,871.1,,,88.51,111
THY,21.90,0.24,,,,12,,,E,,-40,8,,5.7,,-,,,,,13
THYF,51.67,0.17,1,,,25,,,E,,-60,9,,7.0,,-,,,,,24
THYM,51.28,0.06,,,,41,,,C,,23,3,,3.8,,-,,,,,2
THYP,38.40,5.48,,,,65,,,,,-71,107,,0.4,,-,,,,,
TIER,31.98,0.09,1,,,86,,,D-,,123,2,,0.7,,-,,,,,3
TIIV,29.44,1.28,,,,67,,,E,,-91,0,,1.9,,-,,,,,3
TILC,25.34,,10,,,,,,,,-5,0,,,,-,,,,,
TILL,17.47,-0.06,,,,11,,,C,,-94,7,,4.8,,-,,,,,109
TILT,275.44,-0.04,3,,,83,,,C,,196,19,,1.1,,-,,,,,13
TIME,26.39,-0.22,,,,69,,,D,,-65,1,,0.7,,-,,,,,5
TINS,29.14,0.91,,,,55,,,D+,,-98,0,,0.2,,-,,,,,0
TINT,39.16,0.31,,,,85,,,E,,-53,0,,1.2,,-,,,,,1
TINY,86.28,-7.35,1,,,98,,,E,,451,66,,0.2,,-,,,,,12
TIP,108.33,0.15,104,,,11,,,E,,4,2012,,4.4,,-,,,,,2003
TIPA,99.15,0.05,1,,,13,,,C-,,-100,0,,4.0,,-,,,,,2
TIPB,98.33,0.05,1,,,10,,,D,,-91,0,,5.0,,-,,,,,0
TIPC,97.71,0.03,1,,,8,,,E,,88,0,,5.8,,-,,,,,0
TIPD,96.52,0.01,1,,,8,,,D,,-90,0,,7.2,,-,,,,,0
TIPX,18.74,0.11,11,,,10,,,E,,134,1116,,5.1,,-,,,,,478
TIPZ,51.77,0.16,3,,,9,,,E,,-63,8,,5.7,,-,,,,,26
TISC,23.31,,,,,,,,,,-100,0,,,,-,,,,,
TJAN,28.17,,,,,48,,,C,,-98,0,,,,-,,,,,1
TJUL,30.25,-0.01,2,,,45,,,A,,-91,1,,,,-,,,,,13
TJUN,22.40,-1.03,,,,41,,,C,,-88,0,,,,-,,,,,5
TKMJF,,,260,,,,,,,,,0,8.09,,63,-,10.7,,,-66.34,0
TKNQ,22.36,1.48,,,,26,,,E,,88,0,,,,-,,,,,1
TKNS,21.27,3.15,,,,21,,,,,80,1,,,,-,,,,,
TLA,24.39,-1.17,,,,32,,,C,,-29,2,,19.6,,-,,,,,2
TLCI,27.32,1.60,1,,,59,,,C,,166,9,,0.6,,-,,,,,3
TLDR,25.00,0.02,3,,,27,,,E,,-57,3,,1.5,,-,,,,,8
TLG,26.23,-0.99,,,,59,,,E,,-65,6,,,,-,,,,,16
TLH,99.57,0.05,59,,,10,,,E,,-56,576,,4.4,,-,,,,,1334
TLNC,10.38,0.29,20,,,,,,E,,97,35,,,10,-,,,,,10
TLT,85.51,-0.01,256,,,9,,,D+,,-19,20957,,3.8,,-,,,,,25588
TLTD,99.05,1.14,2,,,67,,,D,,-19,6,,3.4,,-,,,,,17
TLTE,74.69,-0.84,2,,,87,,,E,,-1,5,,3.3,,-,,,,,5
TLTI,45.38,0.08,,,,10,,,B-,,-11,9,,6.1,,-,,,,,10
TLTP,20.78,-0.15,,,,7,,,D-,,-89,3,,12.9,,-,,,,,29
TLTW,22.09,-0.00,12,,,9,,,D,,-41,1026,,11.5,,-,,,,,1729
TLTX,22.53,0.36,,,,7,,,D,,-41,10,,18.7,,-,,,,,16
TMAR,25.48,-0.69,1,,,77,,,D,,-81,1,,,,-,,,,,12
TMAT,29.53,-3.53,,,,88,,,B,,37,22,,,,-,,,,,16
TMB,25.43,0.28,1,,,27,,,E,,-43,37,,2.1,,-,,,,,64
TMDV,52.45,1.66,1,,,64,,,B,,138,0,,2.5,,-,,,,,0
TMED,34.99,2.11,1,,,95,,,C,,253,6,,0.5,,-,,,,,2
TMF,34.78,-0.06,17,,,7,,,C,,-17,2967,,4.0,,-,,,,,3601
TMFC,76.49,0.14,6,,,77,,,C-,,-14,72,,0.2,,-,,,,,84
TMFE,29.98,0.86,1,,,58,,,C,,-45,8,,0.2,,-,,,,,15
TMFG,31.11,0.52,1,,,56,,,B+,,-40,9,,0.3,,-,,,,,14
TMFM,22.33,1.19,1,,,32,,,A,,-73,3,,,,-,,,,,13
TMFS,36.08,-0.52,1,,,58,,,A+,,-56,3,,,,-,,,,,7
TMFX,23.32,0.74,1,,,75,,,A+,,12,5,,,,-,,,,,5
TMH,46.93,1.88,,,,9,,,E,,119,0,,17.3,,-,,,,,0
TMLP,27.73,0.67,,,,39,,,E,,-39,3,,5.2,,-,,,,,5
TMNL,50.65,0.16,,,,,,,E,,-31,0,,3.7,,-,,,,,0
TMNS,50.15,0.12,,,,32,,,C,,-2,1,,3.0,,-,,,,,0
TMSF,50.24,0.23,,,,36,,,C,,-11,1,,4.9,,-,,,,,1
TMSL,43.37,-0.48,1,,,93,,,E,,-52,222,,0.5,,-,,,,,470
TMTS,10.00,-0.30,3,,,,,,,,-66,0,,,17,-,,,,,9
TMV,37.90,0.11,5,,,43,,,C-,,-21,529,,2.7,,-,,,,,675
TMVE,17.89,-0.21,8,,,77,,,C,,-80,7,,0.1,,-,,,,,36
TMYY,24.09,-1.18,,,,23,,,,,-45,2,,16.2,,-,,,,,3
TNA,72.86,-1.98,12,,,99,,,C+,,-27,5227,,0.3,,-,,,,,7132
TNGY,9.66,0.31,,,,37,,,E,,31,79,,4.8,,-,,,,,61
TNUK,24.47,0.16,,,,15,,,E,,-67,1,,,,-,,,,,1
TNXT,27.66,-0.58,,,,69,,,C,,-88,0,,,,-,,,,,2
TOAK,28.85,0.03,1,,,39,,,D-,,-88,1,,,,-,,,,,13
TOAO,26.58,,,,,,,,,,,0,,,,-,,,,,
TOCT,27.05,-0.01,,,,39,,,E,,-41,1,,,,-,,,,,3
TOGA,31.89,0.17,,,,40,,,A,,-98,0,,,,-,,,,,8
TOK,150.15,0.28,1,,,77,,,B,,26,0,,1.3,,-,,,,,1
TOLL,40.55,-1.54,1,,,89,,,B,,-58,4,,0.2,,-,,,,,14
TOLZ,59.59,1.64,4,,,49,,,E,,-68,6,,2.9,,-,,,,,19
TOPC,34.30,-0.38,1,,,82,,,D,,25,12,,1.1,,-,,,,,10
TOPT,32.68,-0.49,5,,,74,,,D,,-15,306,,0.4,,-,,,,,365
TOPW,33.75,-0.74,1,,,15,,,E,,-33,53,,50.1,,-,,,,,81
TOS,29.33,-1.96,,,,70,,,C,,3251,4,,,,-,,,,,2
TOT,23.55,-0.19,,,,82,,,D,,-41,1,,,,-,,,,,1
TOTL,39.34,0.24,8,,,10,,,E,,-2,423,,5.3,,-,,,,,448
TOTR,40.01,0.10,2,,,12,,,B+,,-61,8,,5.3,,-,,,,,21
TOUS,38.56,1.31,2,,,81,,,D,,60,305,,1.6,,-,,,,,194
TOV,31.41,-0.14,1,,,81,,,D,,-73,1,,0.8,,-,,,,,21
TOXR,10.58,2.56,,,,6,,,D-,,-51,4,,,,-,,,,,10
TPAY,53.51,-0.19,,,,55,,,E,,-72,0,,9.6,,-,,,,,1
TPFC,25.26,0.64,,,,32,,,,,-94,2,,1.1,,-,,,,,
TPFG,26.39,-3.01,,,,38,,,,,-95,2,,,,-,,,,,
TPFI,24.95,0.04,,,,29,,,,,-91,2,,3.8,,-,,,,,
TPHD,42.83,1.23,5,,,59,,,D+,,-11,18,,2.0,,-,,,,,22
TPIF,37.56,1.16,3,,,65,,,E,,-30,27,,2.7,,-,,,,,41
TPLC,50.58,0.64,5,,,68,,,A,,-75,11,,0.8,,-,,,,,45
TPLS,25.11,0.08,,,,14,,,E,,14,2,,4.6,,-,,,,,2
TPLX,29.75,-4.85,,,,,,,,,-91,1,,,,-,,,,,
TPOR,44.01,1.71,1,,,98,,,C-,,84,41,,1.2,,-,,,,,23
TPRY,19.33,-3.59,,,,42,,,E,,93,6,,14.6,,-,,,,,4
TPSC,47.75,-0.33,4,,,82,,,C,,-40,11,,1.0,,-,,,,,18
TPUT,25.14,0.04,,,,34,,,,,-40,7,,2.6,,-,,,,,
TPYP,41.80,0.58,1,,,55,,,D-,,-41,49,,3.2,,-,,,,,83
TPZ,21.71,1.08,,,,39,,,E,,62,17,,3.7,,7/29/2009,,,,,11
TQQQ,73.35,-5.31,19,,,98,,,C,,19,87993,,0.5,,-,,,,,75044
TQQY,12.79,-0.79,,,,11,,,E,,-64,12,,61.6,,-,,,,,33
TRAD,9.97,,2,,,,,,,,-97,3,,,,-,,,,,100
TRAX,19.30,3.82,153,,,,,,,,-2,559,,,,-,,,,,583
TRBF,49.27,-0.01,2,,,15,,,C,,-63,1,,5.1,,-,,,,,2
TRFK,96.62,-4.91,2,,,98,,,C,,37,250,,,,-,,,,,182
TRFM,61.03,-1.93,1,,,96,,,B-,,-48,19,,0.1,,-,,,,,36
TRGS,9.89,,,,,,,,,,-100,0,,,15,-,,,,,17
TRIO,64.70,-0.02,,,,49,,,E,,-27,0,,,,-,,,,,1
TRND,36.78,-0.21,,,,69,,,E,,-86,1,,2.1,,-,,,,,5
TROT,24.63,0.12,,,,26,,,C,,92,0,,3.5,,-,,,,,0
TRPA,38.87,0.07,,,,25,,,E,,10,11,,5.2,,-,,,,,10
TRSY,30.11,0.07,1,,,30,,,B-,,-95,2,,3.6,,-,,,,,37
TRTY,30.18,0.30,1,,,52,,,E,,-98,2,,3.0,,-,,,,,115
TRUC,25.29,-0.48,,,,44,,,E,,-92,4,,0.9,,-,,,,,55
TRUD,25.91,-0.82,,,,45,,,C,,-57,21,,0.5,,-,,,,,48
TRUF,28.98,,,,,47,,,,,-99,0,,1.5,,-,,,,,0
TRUH,28.45,2.31,,,,46,,,,,-60,0,,1.2,,-,,,,,1
TRUI,26.30,0.26,,,,42,,,,,-99,0,,,,-,,,,,
TRUO,25.64,2.43,,,,39,,,,,-99,0,,,,-,,,,,
TRUT,30.24,-1.67,,,,91,,,C,,31,191,,0.3,,-,,,,,147
TSCM,21.23,-0.10,1,,,62,,,C,,-32,1,,,,-,,,,,2
TSCV,32.17,-0.81,10,,,79,,,E,,-92,0,,0.2,,-,,,,,4
TSDD,7.89,15.35,2,,,10,,,D,,-17,22077,,7.4,,-,,,,,26725
TSEC,25.69,0.27,1,,,12,,,C-,,287,120,,7.1,,-,,,,,31
TSEG,8.18,-21.08,,,,,,,,,-33,68,,,,-,,,,,
TSEL,28.53,-2.55,,,,51,,,D+,,-83,9,,,,-,,,,,53
TSEP,25.74,-0.44,,,,69,,,B,,-92,0,,,,-,,,,,3
TSES,29.86,,,,,35,,,E,,-46,2,,1.7,,-,,,,,3
TSEU,17.34,-21.44,,,,,,,,,619,3,,,,-,,,,,
TSI,4.49,-0.22,7,,,11,,,E,,-45,61,-18,5.8,48,2/26/1987,109.6,,,-27.69,114
TSIC,25.71,2.05,,,,,,,D,,23,1,,1.6,,-,,,,,1
TSII,16.01,-7.99,1,,,4,,,E,,75,92,,81.0,,-,,,,,55
TSL,15.36,-9.28,2,,,45,,,B+,,-21,798,,,,-,,,,,1026
TSLG,6.10,-15.28,2,,,36,,,B+,,7,46098,,10.6,,-,,,,,43036
TSLI,23.01,-15.08,,,,26,,,C-,,344,76,,2.6,,-,,,,,18
TSLL,12.30,-15.17,10,,,35,,,B,,30,98319,,3.5,,-,,,,,77525
TSLP,17.68,-8.01,1,,,12,,,C,,128,36,,31.3,,-,,,,,16
TSLQ,18.68,15.24,2,,,13,,,D,,56,14460,,9.2,,-,,,,,9414
TSLR,21.09,-15.34,3,,,39,,,A-,,-26,1549,,,,-,,,,,2101
TSLS,54.44,7.70,3,,,22,,,E,,-76,578,,2.8,,-,,,,,670
TSLT,17.20,-15.31,3,,,36,,,B,,108,6257,,,,-,,,,,3027
TSLW,21.94,-8.81,1,,,6,,,C,,6,137,,96.5,,-,,,,,132
TSLY,26.83,-6.09,3,,,5,,,C-,,102,1374,,93.5,,-,,,,,684
TSLZ,11.95,14.90,2,,,13,,,D-,,74,6927,,0.6,,-,,,,,4077
TSME,49.96,-2.56,,,,93,,,B+,,-18,52,,0.1,,-,,,,,100
TSMG,41.91,-4.48,,,,99,,,E,,4,114,,6.5,,-,,,,,112
TSMU,75.63,-4.69,,,,99,,,E,,18,113,,,,-,,,,,97
TSMX,86.36,-4.75,2,,,99,,,D,,38,1473,,1.2,,-,,,,,1067
TSMY,16.43,-2.05,3,,,48,,,C+,,33,221,,53.8,,-,,,,,171
TSMZ,7.73,2.32,,,,2,,,D-,,121,154,,4.6,,-,,,,,71
TSNF,31.47,-3.35,1,,,74,,,D-,,-43,2,,,,-,,,,,5
TSPA,46.88,-1.03,6,,,81,,,D,,-41,367,,0.6,,-,,,,,650
TSPX,29.76,-0.09,,,,67,,,E,,-69,0,,2.0,,-,,,,,0
TSPY,25.30,-0.28,,,,44,,,C-,,-13,217,,14.1,,-,,,,,255
TSRS,28.07,1.66,,,,54,,,C,,-90,0,,3.1,,-,,,,,1
TSSD,28.88,1.33,1,,,68,,,C,,-50,2,,0.2,,-,,,,,4
TSUI,14.72,3.57,,,,11,,,E,,159,19,,1.4,,-,,,,,7
TSXD,6.09,7.41,,,,3,,,D,,353,167,,7.2,,-,,,,,37
TSXU,56.76,-6.68,,,,89,,,D-,,9,28,,0.9,,-,,,,,25
TSYW,43.85,0.01,,,,9,,,D+,,-72,2,,8.1,,-,,,,,5
TSYX,23.32,-0.34,,,,45,,,E,,-24,16,,8.0,,-,,,,,19
TSYY,22.62,-2.51,3,,,2,,,A,,5,114,,260.2,,-,,,,,96
TTDU,2.98,-0.83,1,,,1,,,C,,39,1137,,,,-,,,,,865
TTEQ,41.93,-3.10,1,,,97,,,C,,43,187,,,,-,,,,,133
TTMX,16.87,-26.84,,,,,,,,,962,10,,,,-,,,,,
TTOP,14.45,2.90,,,,7,,,D,,-62,0,,,,-,,,,,0
TTT,67.60,-0.06,1,,,13,,,D,,-66,2,,2.2,,-,,,,,6
TTXD,15.74,2.41,,,,5,,,E,,69,8,,4.3,,-,,,,,5
TTXU,29.54,-2.12,,,,86,,,D-,,-26,11,,0.7,,-,,,,,15
TUA,20.49,0.47,3,,,8,,,B,,-21,267,,3.3,,-,,,,,340
TUG,45.80,-1.70,1,,,91,,,E,,-42,2,,,,-,,,,,7
TUGN,27.63,-1.51,,,,76,,,C,,100,47,,11.2,,-,,,,,28
TUR,39.34,0.43,16,,,66,,,E,,-50,148,,2.1,,-,,,,,297
TURF,31.30,1.38,4,,,49,,,D,,-93,5,,1.4,,-,,,,,71
TUSB,50.37,0.07,1,,,32,,,D+,,11,19,,4.3,,-,,,,,18
TUSI,25.30,0.08,2,,,23,,,E,,-44,145,,4.5,,-,,,,,264
TVA,10.56,,35,,,,,,E,,-85,7,,,75,-,,,,-1093.24,45
TVAI,10.35,0.10,34,,,,,,E,,83,32,,,71,-,,,,709.25,14
TVAL,42.13,0.96,1,,,91,,,C-,,-62,56,,1.0,,-,,,,,149
TWLV,9.99,-0.05,21,,,,,,E,,-25,0,,,42,-,,,,2787.24,8
TWM,21.11,1.34,3,,,2,,,C,,-39,403,,5.6,,-,,,,,655
TWN,93.89,-0.37,3,,,98,,,E,,29,70,97.45,,99,12/17/1986,184.3,,,2363.16,54
TWOX,28.92,-0.14,,,,61,,,C,,-92,1,,0.5,,-,,,,,8
TWSC,24.54,-5.63,,,,,,,,,-81,1,,,,-,,,,,
TXBC,12.72,3.70,,,,7,,,E,,-80,0,,,,-,,,,,2
TXNU,50.56,-3.99,,,,79,,,E,,-44,22,,1.4,,-,,,,,43
TXS,40.17,0.14,,,,67,,,D,,-24,1,,0.8,,-,,,,,3
TXUE,34.81,1.60,1,,,76,,,E,,-59,24,,1.0,,-,,,,,59
TXUG,27.31,,,,,75,,,E,,-94,0,,0.5,,-,,,,,0
TXXD,3.40,4.62,,,,4,,,E,,-37,48,,0.2,,-,,,,,72
TXXH,50.95,9.91,,,,64,,,,,-85,4,,,,-,,,,,
TXXI,50.81,0.19,1,,,39,,,E,,-48,3,,3.4,,-,,,,,5
TXXS,2.36,6.79,,,,4,,,E,,-1,88,,0.4,,-,,,,,90
TY,34.94,0.40,16,,,63,,,C,,-28,24,0.33,3.2,68,-,124.3,,,16.37,33
TYA,12.71,0.08,,,,8,,,B-,,-80,13,,3.6,,-,,,,,63
TYD,23.66,0.18,1,,,7,,,C,,41,29,,3.2,,-,,,,,22
TYG,42.78,0.30,6,,,18,,,E,,-55,352,-70.36,12.8,7,-,355.4,,,-70.2,211
TYLD,25.26,-0.06,3,,,33,,,C+,,15,2,,3.7,,-,,,,,2
TYLG,40.76,-2.53,,,,89,,,A,,-35,2,,8.2,,-,,,,,3
TYO,14.07,0.21,,,,49,,,A,,37,27,,2.6,,-,,,,,20
TYYY,43.04,-7.48,,,,23,,,,,-19,0,,2.5,,-,,,,,
TZA,3.92,2.08,4,,,1,,,C,,20,330908,,5.0,,-,,,,,276921
UAC,10.01,,11,,,,,,C,,-88,0,,,14,-,,,,,6
UAE,19.02,-0.05,18,,,35,,,C-,,-81,76,,2.2,,-,,,,,408
UAPR,35.17,0.11,,,,58,,,C-,,37,15,,,,-,,,,,11
UAUG,42.10,0.05,2,,,58,,,B,,-77,2,,,,-,,,,,7
UBEW,28.52,2.82,,,,7,,,D,,48,7,,32.3,,-,,,,,5
UBND,21.73,0.21,5,,,22,,,E,,-30,159,,4.8,,-,,,,,233
UBOT,25.39,-2.96,4,,,62,,,D,,12,24,,1.1,,-,,,,,22
UBR,29.20,0.96,,,,55,,,E,,-74,1,,1.7,,-,,,,,4
UBRL,15.92,5.10,,,,16,,,A,,-15,172,,,,-,,,,,205
UBT,16.09,0.37,5,,,8,,,C-,,126,128,,3.4,,-,,,,,58
UCC,47.91,-1.57,,,,47,,,E,,103,7,,0.1,,-,,,,,3
UCIB,32.55,0.05,,,,58,,,D+,,-95,0,,,,-,,,,,1
UCO,32.37,1.38,5,,,61,,,D,,-55,1815,,,,-,,,,,3972
UCON,24.89,0.08,3,,,30,,,C+,,-5,536,,4.6,,-,,,,,566
UCOP,38.48,0.13,,,,25,,,,,-78,1,,0.5,,-,,,,,3
UCRD,21.52,0.14,5,,,29,,,B+,,1612,1,,4.2,,-,,,,,0
UCTX,17.85,-36.83,,,,,,,,,77,37,,,,-,,,,,
UCYB,78.00,-0.59,,,,97,,,A+,,94,12,,0.1,,-,,,,,5
UDEC,41.67,-0.07,2,,,60,,,C,,-56,19,,,,-,,,,,43
UDI,36.02,1.55,,,,71,,,B,,-83,0,,2.5,,-,,,,,2
UDIV,59.72,-0.21,1,,,87,,,D,,-80,4,,1.4,,-,,,,,18
UDN,17.91,0.56,,,,12,,,E,,-26,91,,,,-,,,,,123
UDOW,72.30,3.04,2,,,97,,,B-,,-40,1569,,1.1,,-,,,,,2615
UECG,4.18,3.46,,,,8,,,E,,-54,42,,,,-,,,,,93
UEVM,57.89,0.52,12,,,49,,,E,,-48,3,,2.9,,-,,,,,5
UFEB,38.62,-0.03,,,,58,,,D-,,-29,12,,,,-,,,,,18
UFIV,48.24,0.12,2,,,11,,,D-,,-31,4,,3.5,,-,,,,,6
UFO,50.67,0.98,8,,,94,,,E,,-47,792,,0.4,,-,,,,,1520
UFOD,25.20,-1.66,,,,,,,C-,,-59,2,,,,-,,,,,4
UFOX,88.69,-3.71,6,,,97,,,D,,15,57,,0.4,,-,,,,,50
UGA,102.95,-1.21,2,,,67,,,D,,-42,27,,,,-,,,,,47
UGE,19.46,3.46,,,,63,,,D,,61,97,,2.1,,-,,,,,61
UGL,46.15,4.08,5,,,31,,,E,,-20,1887,,,,-,,,,,2382
UGLD,20.35,3.80,,,,22,,,,,91,33,,0.9,,-,,,,,
UITB,46.81,0.13,6,,,18,,,E,,55,219,,4.2,,-,,,,,141
UIVM,72.42,,8,,,78,,,E,,-76,0,,1.8,,-,,,,,2
UJAN,45.31,-0.01,1,,,58,,,E,,-54,11,,,,-,,,,,23
UJB,78.71,0.20,1,,,38,,,B+,,-99,0,,3.2,,-,,,,,14
UJUL,40.62,-0.25,,,,56,,,A,,258,90,,,,-,,,,,25
UJUN,38.51,,1,,,49,,,E,,-61,26,,,,-,,,,,69
ULE,12.37,0.86,1,,,8,,,E,,-27,4,,,,-,,,,,6
ULST,40.31,0.05,2,,,19,,,B,,126,232,,4.2,,-,,,,,98
ULTI,10.47,-4.14,1,,,7,,,E,,-3,96,,66.1,,-,,,,,97
ULTY,28.41,-1.83,3,,,5,,,C,,-4,612,,112.3,,-,,,,,639
ULVM,106.87,0.60,8,,,86,,,E,,123,3,,1.6,,-,,,,,2
UMAR,42.18,0.03,,,,58,,,D,,-86,2,,,,-,,,,,16
UMAY,38.01,0.10,1,,,50,,,D-,,-52,38,,,,-,,,,,67
UMCX,21.42,-10.28,,,,,,,,,-50,6,,,,-,,,,,
UMDD,35.97,-1.45,2,,,98,,,D+,,111,13,,0.7,,-,,,,,7
UMI,58.60,0.79,2,,,56,,,D,,-42,11,,3.7,,-,,,,,20
UMMA,37.77,-0.95,1,,,96,,,D-,,164,129,,0.9,,-,,,,,49
UNG,11.58,0.52,6,,,8,,,B-,,-38,5127,,,,-,,,,,8261
UNHG,23.91,-0.85,3,,,96,,,C,,-49,574,,7.8,,-,,,,,1130
UNHU,57.68,-1.21,,,,79,,,E,,-65,2,,1.7,,-,,,,,6
UNHW,55.00,-0.88,,,,75,,,C,,55,7,,17.7,,-,,,,,5
UNIY,48.36,0.08,12,,,16,,,B,,-81,0,,4.8,,-,,,,,52
UNL,6.34,-0.16,1,,,5,,,B-,,-52,39,,,,-,,,,,77
UNOV,40.14,-0.11,1,,,59,,,D+,,-94,3,,,,-,,,,,49
UNX,48.63,-5.68,,,,39,,,C,,-99,2,,,,-,,,,,6
UOCT,41.15,-0.03,1,,,59,,,B-,,22,12,,,,-,,,,,10
UPAL,24.17,7.40,,,,16,,,,,-81,0,,1.1,,-,,,,,1
UPAR,16.09,0.30,,,,49,,,E,,-96,1,,2.7,,-,,,,,15
UPGD,83.00,0.72,4,,,78,,,A+,,-66,0,,1.6,,-,,,,,1
UPGR,26.87,,,,,86,,,D+,,-92,0,,0.3,,-,,,,,1
UPLT,22.42,5.39,,,,16,,,,,-53,0,,1.1,,-,,,,,0
UPRO,140.77,-0.44,10,,,96,,,D+,,6,3075,,0.8,,-,,,,,2957
UPSD,28.63,1.06,,,,72,,,D,,-54,10,,0.7,,-,,,,,16
UPSG,17.51,,,,,82,,,D,,-96,0,,,,-,,,,,4
UPSX,22.12,-5.19,,,,39,,,C,,-49,45,,,,-,,,,,92
UPV,100.61,3.60,,,,91,,,A-,,-21,1,,1.5,,-,,,,,1
UPW,24.31,4.43,,,,51,,,C,,-9,18,,1.4,,-,,,,,17
URA,43.23,0.12,72,,,16,,,E,,-3,3997,,4.8,,-,,,,,3953
URAA,24.79,-0.84,1,,,4,,,E,,-44,47,,3.0,,-,,,,,86
URAN,38.21,0.20,,,,10,,,E,,-72,2,,2.8,,-,,,,,9
URE,70.66,1.96,3,,,85,,,D,,-45,1,,2.0,,-,,,,,3
URNJ,23.67,1.24,8,,,12,,,E,,-50,157,,7.1,,-,,,,,313
URNM,52.83,0.88,26,,,13,,,E,,-49,362,,3.3,,-,,,,,695
URSP,49.96,-0.32,,,,94,,,C,,316,151,,0.9,,-,,,,,37
URTH,202.65,0.28,97,,,78,,,D,,-49,682,,1.4,,-,,,,,1221
URTY,84.80,-2.00,4,,,99,,,C,,-53,515,,0.2,,-,,,,,1106
USA,5.80,-0.34,16,,,23,,,B,,147,3170,17.63,11.9,51,10/27/1986,84.1,,,-41.76,1287
USAF,27.50,0.26,,,,37,,,A,,-85,0,,2.5,,-,,,,,2
USAI,45.36,0.81,1,,,51,,,E,,246,36,,4.2,,-,,,,,11
USAX,15.04,-8.18,2,,,51,,,E,,-14,126,,,,-,,,,,151
USCA,43.87,0.02,2,,,67,,,A-,,-94,2,,1.2,,-,,,,,40
USCI,92.13,-0.31,1,,,58,,,E,,-41,14,,,,-,,,,,24
USCL,83.38,0.07,1,,,67,,,A+,,-46,2,,1.1,,-,,,,,30
USD,87.51,-7.69,4,,,99,,,D+,,21,1307,,0.3,,-,,,,,1086
USDU,26.72,-0.26,5,,,38,,,A-,,86,815,,1.0,,-,,,,,332
USDX,25.46,0.16,3,,,15,,,C-,,-5,52,,3.3,,-,,,,,55
USE,25.71,,,,,15,,,D,,-98,0,,2.7,,-,,,,,2
USEP,41.35,-0.05,1,,,58,,,C-,,60,11,,,,-,,,,,7
USEW,55.71,,1,,,67,,,C,,-96,0,,0.7,,-,,,,,0
USFE,34.68,1.33,,,,37,,,E,,249,0,,,,-,,,,,0
USFI,24.50,,1,,,25,,,D-,,-99,0,,4.4,,-,,,,,0
USFR,50.37,0.02,48,,,29,,,E,,-15,4052,,3.8,,-,,,,,4757
USG,32.67,2.11,1,,,7,,,E,,-71,1,,29.7,,-,,,,,4
USGG,9.05,-9.22,1,,,51,,,E,,-7,305,,,,-,,,,,333
USHY,36.89,0.14,152,,,21,,,D-,,68,16662,,6.9,,-,,,,,10922
USIG,51.09,0.16,49,,,19,,,E,,-7,1502,,4.7,,-,,,,,1715
USIN,49.55,,1,,,10,,,A+,,-93,0,,4.0,,-,,,,,1
USL,44.97,0.58,3,,,60,,,D-,,-78,6,,,,-,,,,,31
USLN,50.34,-0.14,,,,27,,,E,,1,0,,8.6,,-,,,,,0
USLV,14.87,5.14,,,,20,,,,,9,37,,1.1,,-,,,,,
USMC,74.02,0.34,12,,,77,,,B+,,-0,61,,0.8,,-,,,,,106
USMD,31.07,,,,,74,,,D+,,-100,0,,,,-,,,,,0
USMF,52.89,-1.29,2,,,50,,,A,,-82,9,,1.3,,-,,,,,38
USML,43.61,-0.05,,,,54,,,A-,,-11,0,,,,-,,,,,0
USMV,97.89,1.03,94,,,50,,,A+,,3,2282,,1.5,,-,,,,,2249
USNG,35.37,-1.27,,,,82,,,E,,-12,2,,1.5,,-,,,,,3
USNZ,47.12,-0.20,11,,,83,,,C,,-95,1,,1.0,,-,,,,,5
USO,103.98,0.69,27,,,61,,,D-,,-73,2212,,,,-,,,,,8487
USOI,42.32,0.12,2,,,4,,,E,,-65,29,,33.6,,-,,,,,85
USOY,6.43,0.64,,,,5,,,D,,-6,397,,68.4,,-,,,,,428
USPX,65.19,-0.21,13,,,80,,,C,,-58,31,,0.7,,-,,,,,74
USRD,38.09,,,,,88,,,A,,-92,0,,0.4,,-,,,,,0
USRT,67.46,1.28,51,,,85,,,B-,,76,912,,2.5,,-,,,,,526
USSE,39.52,-1.27,,,,91,,,B,,-6,23,,,,-,,,,,25
USSG,69.20,-0.39,3,,,84,,,A,,-50,6,,1.0,,-,,,,,12
USSH,50.27,,1,,,15,,,B,,-100,0,,3.5,,-,,,,,2
UST,42.16,0.16,,,,9,,,E,,-92,1,,3.5,,-,,,,,8
USTB,50.62,0.02,9,,,23,,,D-,,-26,197,,2.1,,-,,,,,228
USVM,108.82,-0.49,14,,,89,,,B+,,-43,28,,1.7,,-,,,,,50
USVN,47.55,0.09,2,,,10,,,A-,,-18,1,,3.7,,-,,,,,1
USX,24.15,-0.45,,,,28,,,,,-77,0,,,,-,,,,,
USXF,67.26,-1.62,5,,,92,,,C,,-31,44,,0.8,,-,,,,,65
UTEN,43.12,0.09,2,,,11,,,E,,-2,36,,4.0,,-,,,,,37
UTES,81.04,1.41,8,,,37,,,E,,-47,100,,1.4,,-,,,,,189
UTF,27.55,1.29,12,,,66,,,A,,2,296,5.94,7.1,70,-,154.3,,,-34.53,293
UTG,39.85,-0.20,5,,,50,,,E,,55,370,-38.22,6.2,88,-,278.8,,,468.74,240
UTHY,40.47,0.15,2,,,10,,,B,,-6,115,,4.5,,-,,,,,124
UTRE,49.08,0.14,2,,,13,,,A+,,-87,1,,3.5,,-,,,,,5
UTSL,46.86,6.60,3,,,55,,,D,,43,145,,1.5,,-,,,,,102
UTWO,48.01,0.14,2,,,15,,,E,,18,101,,3.5,,-,,,,,90
UTWY,42.49,0.04,2,,,10,,,E,,-28,1,,4.6,,-,,,,,1
UUP,28.34,-0.53,11,,,44,,,A,,28,2645,,,,-,,,,,2108
UUPP,25.10,0.06,,,,,,,,,-100,0,,5.9,,-,,,,,
UUUG,4.71,-6.86,1,,,8,,,E,,16,531,,,,-,,,,,461
UVIX,61.96,-0.83,4,,,99,,,C,,-45,1234,,,,-,,,,,2217
UVXY,24.80,-1.55,3,,,1,,,E,,-21,6571,,,,-,,,,,8117
UWM,65.99,-1.24,4,,,98,,,C+,,-48,169,,0.8,,-,,,,,329
UX,28.56,4.76,,,,9,,,E,,109,14,,1.0,,-,,,,,7
UXAP,42.78,-0.18,,,,82,,,E,,1338,18,,,,-,,,,,1
UXI,62.50,0.25,,,,97,,,E,,522,28,,0.5,,-,,,,,5
UXJA,37.85,-0.20,,,,84,,,E,,1646,1,,,,-,,,,,2
UXJL,36.24,-0.20,1,,,84,,,C,,125,1,,,,-,,,,,1
UXOC,38.92,-0.36,1,,,82,,,B-,,-91,0,,,,-,,,,,3
UXRP,10.72,4.79,,,,1,,,E,,-31,93,,,,-,,,,,102
UYG,91.83,2.82,6,,,44,,,A+,,271,48,,1.0,,-,,,,,13
UYLD,51.03,0.06,1,,,20,,,B,,-42,268,,5.5,,-,,,,,198
UYM,30.95,3.30,,,,81,,,D,,39,13,,1.1,,-,,,,,10
UYSC,10.71,0.09,14,,,,,,E,,-28,2,,,77,-,,,,253.82,1
VABS,24.18,0.04,5,,,21,,,E,,-48,17,,5.1,,-,,,,,29
VACI,10.19,-0.10,27,,,,,,E,,-85,41,,,29,-,,,,,240
VAIE,24.61,-0.39,,,,27,,,,,11,30,,2.2,,-,,,,,
VALG,17.93,0.78,,,,43,,,D,,-86,0,,,,-,,,,,2
VALQ,69.40,-0.10,4,,,56,,,D,,-60,2,,1.8,,-,,,,,6
VAMO,35.65,-0.45,3,,,47,,,E,,-98,1,,0.6,,-,,,,,53
VAVX,14.09,0.88,1,,,9,,,E,,90,6,,,,-,,,,,3
VAW,232.63,1.77,19,,,64,,,E,,10,61,,1.4,,-,,,,,57
VB,300.34,-0.39,63,,,88,,,A,,-30,408,,1.2,,-,,,,,638
VBCA,75.52,0.14,,,,32,,,E,,36,58,,3.0,,-,,,,,15
VBCB,75.43,0.07,,,,31,,,E,,43,41,,2.8,,-,,,,,17
VBCC,75.38,0.15,,,,31,,,E,,11,14,,3.1,,-,,,,,14
VBCD,75.33,0.18,,,,31,,,E,,-53,5,,3.3,,-,,,,,12
VBCE,75.42,0.22,,,,32,,,E,,-45,26,,3.3,,-,,,,,12
VBCF,75.50,0.25,,,,32,,,E,,-81,2,,3.5,,-,,,,,11
VBCG,75.28,0.17,,,,32,,,E,,40,4,,4.7,,-,,,,,3
VBCH,75.25,0.07,,,,32,,,E,,3,4,,5.2,,-,,,,,3
VBCI,75.46,0.27,,,,32,,,E,,-81,1,,5.1,,-,,,,,3
VBCJ,75.41,0.23,,,,32,,,E,,-63,1,,5.1,,-,,,,,4
VBF,15.13,0.33,4,,,21,,,B,,-38,34,48.78,5.3,31,-,102.7,,,181.35,59
VBIL,75.52,0.05,14,,,31,,,D,,18,2982,,3.6,,-,,,,,2528
VBK,357.87,-1.23,27,,,91,,,B-,,-15,214,,0.4,,-,,,,,250
VBNB,21.65,1.30,,,,23,,,,,-55,1,,,,-,,,,,
VBND,43.70,0.36,1,,,30,,,B,,2872,522,,4.2,,-,,,,,18
VBR,243.22,0.20,39,,,83,,,A,,-23,232,,1.8,,-,,,,,305
VBX,25.63,,,,,40,,,,,-100,0,,,,-,,,,,
VCEB,62.58,0.21,1,,,15,,,E,,-6,80,,4.6,,-,,,,,89
VCHY,75.11,0.19,,,,30,,,,,-62,16,,5.9,,-,,,,,
VCIT,82.34,0.18,106,,,16,,,E,,-32,6114,,4.8,,-,,,,,9038
VCLN,29.77,-2.36,1,,,84,,,E,,-23,1,,1.8,,-,,,,,1
VCLT,74.81,0.21,35,,,17,,,E,,-67,1662,,5.5,,-,,,,,5239
VCOB,49.55,0.18,,,,24,,,D-,,-92,1,,4.1,,-,,,,,10
VCR,395.55,-0.78,12,,,48,,,C,,3,62,,0.7,,-,,,,,60
VCRB,76.86,0.05,4,,,14,,,E,,-38,334,,4.5,,-,,,,,539
VCRM,76.25,0.13,,,,41,,,B,,-37,156,,3.6,,-,,,,,251
VCSH,78.79,0.13,92,,,17,,,E,,-33,2905,,4.4,,-,,,,,4556
VCV,10.79,-0.28,,,,44,,,B,,-38,57,-0.39,7.2,9,-,37.5,,,1341.18,94
VCX,77.56,-11.32,2,,,14,,,E,,-52,156,,,53,-,1846.9,,,,331
VDC,230.45,1.99,16,,,51,,,D,,-9,151,,2.1,,-,,,,,166
VDE,150.44,0.74,32,,,56,,,E,,-38,476,,2.6,,-,,,,,778
VDG,79.99,-0.02,,,,40,,,,,-30,6,,1.3,,-,,,,,8
VDI,35.29,,,,,65,,,E,,-84,0,,3.1,,-,,,,,0
VDIG,63.54,1.21,,,,55,,,C,,56,12,,0.5,,-,,,,,7
VDV,75.89,0.55,,,,33,,,,,-55,3,,3.2,,-,,,,,8
VEA,70.81,0.64,196,,,84,,,E,,55,17601,,2.6,,-,,,,,11550
VECA,9.95,,,,,,,,,,-99,1,,,90,-,,,,,
VEFA,80.00,1.15,,,,,,,,,-100,0,,1.6,,-,,,,,0
VEGA,52.33,0.03,,,,63,,,D,,-57,3,,1.3,,-,,,,,6
VEGI,44.19,0.43,4,,,48,,,D,,32,78,,2.0,,-,,,,,59
VEGN,78.06,-2.59,1,,,97,,,B,,56,7,,0.5,,-,,,,,5
VELL,8.90,-7.64,,,,21,,,,,30,143,,,,-,,,,,
VEM,26.27,,,,,53,,,D,,-98,0,,4.0,,-,,,,,0
VEMY,28.86,0.19,,,,49,,,E,,21,30,,7.5,,-,,,,,27
VERS,72.55,-3.55,1,,,94,,,B-,,3,0,,0.1,,-,,,,,0
VETZ,19.70,-0.03,2,,,12,,,B,,-82,1,,6.0,,-,,,,,18
VEU,82.98,0.31,52,,,83,,,E,,-36,1620,,2.6,,-,,,,,2598
VEXC,94.80,-0.02,5,,,81,,,E,,-14,26,,1.9,,-,,,,,32
VFH,136.18,1.36,26,,,59,,,A,,8,596,,1.8,,-,,,,,553
VFL,10.43,0.34,9,,,50,,,A,,-13,31,-12.37,5.8,8,2/19/1993,-63.5,,,108.99,36
VFLO,47.00,1.69,18,,,93,,,C,,29,1104,,1.1,,-,,,,,857
VFMF,177.65,0.05,6,,,89,,,B-,,39,30,,1.4,,-,,,,,22
VFMO,236.19,-2.78,15,,,94,,,B-,,62,107,,0.6,,-,,,,,67
VFMV,140.96,0.81,2,,,57,,,D,,49,24,,1.8,,-,,,,,17
VFQY,170.43,0.08,4,,,78,,,A+,,48,9,,1.1,,-,,,,,6
VFVA,150.91,0.70,7,,,83,,,C+,,-24,5,,1.9,,-,,,,,9
VGHY,74.62,0.12,1,,,26,,,C-,,-5,51,,6.0,,-,,,,,56
VGI,7.48,-0.13,3,,,21,,,D+,,-61,14,33.44,13.0,38,2/24/2012,167.7,,,-90.97,35
VGIT,58.80,0.17,82,,,11,,,E,,-7,3035,,3.8,,-,,,,,3244
VGK,89.35,1.80,141,,,71,,,D-,,-16,2575,,2.9,,-,,,,,3010
VGLT,54.69,0.05,110,,,10,,,D+,,-15,1711,,4.5,,-,,,,,2027
VGM,10.58,-0.28,8,,,57,,,A-,,-45,109,19.14,7.4,14,-,46.6,,,940.64,201
VGMS,51.13,0.15,1,,,31,,,E,,-28,27,,5.1,,-,,,,,39
VGRO,25.43,,,,,57,,,D,,-88,0,,,,-,,,,,1
VGSH,58.08,0.10,71,,,14,,,E,,-11,3196,,3.8,,-,,,,,3590
VGSR,11.43,0.76,2,,,67,,,E,,-20,108,,3.2,,-,,,,,77
VGT,114.64,-2.20,105,,,95,,,C,,-70,5270,,0.4,,-,,,,,4986
VGUS,75.48,0.05,3,,,30,,,D,,115,313,,3.6,,-,,,,,152
VGVT,74.81,0.13,,,,12,,,C,,-50,3,,3.9,,-,,,,,6
VHT,308.41,2.52,39,,,82,,,A,,108,509,,1.6,,-,,,,,248
VICE,33.53,0.13,,,,36,,,B-,,290,2,,0.8,,-,,,,,0
VIDA,2.35,-17.25,,,,,,,,,-98,56,,,,5/12/2026,,,,,
VIDI,38.90,1.01,1,,,83,,,E,,989,149,,4.0,,-,,,,,14
VIG,238.62,0.91,74,,,72,,,C,,29,1356,,1.5,,-,,,,,1089
VIGI,94.95,1.46,14,,,55,,,D,,32,400,,2.1,,-,,,,,304
VIOG,150.92,-1.00,1,,,94,,,A,,-7,35,,0.8,,-,,,,,39
VIOO,135.62,-0.81,5,,,92,,,A,,-32,56,,1.1,,-,,,,,82
VIOV,116.17,-0.82,1,,,89,,,D,,-30,38,,1.7,,-,,,,,54
VIS,355.13,-0.24,14,,,89,,,D,,1,89,,0.9,,-,,,,,88
VIXM,14.32,-0.35,1,,,6,,,E,,-46,144,,,,-,,,,,266
VIXY,21.23,-1.35,15,,,2,,,E,,-22,2538,,,,-,,,,,3253
VKI,9.54,,12,,,70,,,A-,,-14,89,6.36,7.1,11,-,42.4,,,944.29,107
VKQ,10.07,0.10,13,,,53,,,B+,,-52,118,7.54,7.6,16,-,47.9,,,933.01,249
VLLU,26.10,-0.16,,,,76,,,B,,119,0,,1.4,,-,,,,,0
VLT,10.53,0.69,2,,,25,,,B+,,133,33,-16.47,10.6,33,4/21/1989,66.5,,,-7.22,15
VLU,239.74,0.43,10,,,83,,,C-,,-15,6,,1.6,,-,,,,,8
VLUE,192.97,-1.28,44,,,98,,,C,,202,3474,,1.4,,-,,,,,1557
VMAX,62.23,0.05,3,,,82,,,B,,-68,0,,1.9,,-,,,,,0
VMBS,46.61,0.09,43,,,26,,,E,,-25,1003,,4.2,,-,,,,,1347
VMO,9.90,,14,,,50,,,B-,,-17,220,2.35,7.6,13,-,47.9,,,1021.46,267
VMSB,49.63,0.27,2,,,16,,,D,,-100,0,,4.8,,-,,,,,1
VNAM,25.23,-0.46,,,,71,,,D-,,-50,6,,0.5,,-,,,,,13
VNIE,26.26,0.35,,,,47,,,E,,71,0,,0.3,,-,,,,,0
VNLA,48.91,0.10,2,,,21,,,C-,,-38,244,,4.7,,-,,,,,395
VNM,18.49,-0.22,23,,,57,,,D-,,-68,203,,0.2,,-,,,,,636
VNME,10.21,-0.10,30,,,,,,C,,-93,1,,,50,-,,,,1207.65,16
VNQ,98.02,1.24,138,,,68,,,B-,,9,3560,,3.5,,-,,,,,3241
VNQI,45.33,1.14,46,,,26,,,D-,,3,303,,4.8,,-,,,,,305
VNSE,41.28,,,,,74,,,E,,-100,0,,0.2,,-,,,,,1
VO,80.51,0.14,38,,,74,,,C+,,-98,3637,,1.3,,-,,,,,2533
VOE,200.16,0.96,26,,,76,,,A,,97,548,,1.9,,-,,,,,280
VOLT,39.17,-3.00,3,,,94,,,D,,17,473,,0.2,,-,,,,,425
VONE,337.71,-0.09,7,,,80,,,D+,,59,147,,1.0,,-,,,,,92
VONG,124.74,-1.42,43,,,67,,,C,,-21,1143,,0.5,,-,,,,,1475
VONV,108.23,1.21,24,,,89,,,D+,,5,873,,1.6,,-,,,,,925
VOO,684.84,-0.09,471,,,80,,,C-,,0,6990,,1.1,,-,,,,,8618
VOOG,81.42,-1.00,16,,,86,,,C-,,-91,1525,,0.5,,-,,,,,1681
VOOV,222.30,1.09,10,,,70,,,D,,-22,57,,1.7,,-,,,,,74
VOOX,23.95,-0.33,,,,27,,,,,-60,1,,,,-,,,,,
VOT,301.26,-0.88,20,,,70,,,C+,,-20,176,,0.6,,-,,,,,221
VOTE,87.90,-0.06,2,,,82,,,C,,-26,20,,1.0,,-,,,,,29
VOX,187.85,-0.50,31,,,40,,,D,,376,1207,,1.1,,-,,,,,255
VOXP,38.51,-0.12,,,,76,,,A,,183,2,,0.8,,-,,,,,0
VPC,15.00,-0.37,1,,,11,,,C,,-87,1,,16.5,,-,,,,,11
VPL,111.96,-0.96,34,,,92,,,E,,36,870,,2.6,,-,,,,,647
VPLS,77.20,0.05,6,,,18,,,E,,98,328,,2.1,,-,,,,,166
VPU,197.54,2.15,21,,,44,,,D-,,23,272,,2.6,,-,,,,,223
VPV,11.27,-0.18,4,,,63,,,B+,,23,43,124.21,7.1,11,-,39.5,,,342.03,35
VPX,29.53,0.05,,,,,,,C-,,75,6,,,,-,,,,,2
VRAI,27.63,1.06,1,,,66,,,C-,,405,0,,2.9,,-,,,,,2
VRIG,25.07,-0.02,16,,,34,,,B+,,-42,288,,4.7,,-,,,,,496
VRP,24.41,0.29,10,,,31,,,A,,170,1470,,6.2,,-,,,,,832
VRTL,41.68,-7.11,,,,98,,,E,,-59,215,,,,-,,,,,305
VSDA,59.29,1.62,2,,,69,,,B,,-38,5,,2.5,,-,,,,,9
VSDB,76.05,0.10,1,,,28,,,D,,-78,50,,4.0,,-,,,,,139
VSDM,76.46,0.04,1,,,32,,,B-,,-19,84,,3.1,,-,,,,,106
VSGX,81.13,0.04,8,,,86,,,E,,-46,100,,3.0,,-,,,,,188
VSHY,21.75,0.07,2,,,27,,,B,,2305,2,,6.4,,-,,,,,3
VSLU,46.78,0.64,1,,,73,,,A+,,-56,18,,0.4,,-,,,,,40
VSMV,59.63,0.66,3,,,66,,,E,,-62,2,,1.4,,-,,,,,5
VSOL,10.79,5.28,1,,,9,,,C,,-28,22,,,,-,,,,,29
VSS,155.11,0.65,35,,,65,,,E,,-46,153,,3.3,,-,,,,,280
VSTL,25.93,-2.92,,,,4,,,D,,-99,22,,,,-,,,,,81
VT,156.17,0.03,108,,,82,,,D,,-34,2263,,1.6,,-,,,,,3366
VTC,76.53,0.15,6,,,16,,,E,,-56,44,,4.9,,-,,,,,109
VTEB,50.53,0.12,25,,,39,,,B,,-22,5357,,3.3,,-,,,,,6958
VTEC,100.39,0.09,3,,,38,,,C+,,-6,284,,3.1,,-,,,,,302
VTEI,100.90,0.17,2,,,38,,,B,,2,101,,3.0,,-,,,,,100
VTEL,104.57,0.19,1,,,42,,,C,,-58,13,,3.7,,-,,,,,31
VTES,101.21,0.08,2,,,29,,,E,,23,203,,2.8,,-,,,,,166
VTG,75.01,0.13,1,,,13,,,E,,12,38,,3.5,,-,,,,,34
VTHR,330.26,-0.06,4,,,82,,,B-,,88,60,,1.0,,-,,,,,34
VTI,368.76,-0.14,139,,,82,,,C-,,-10,3113,,1.1,,-,,,,,3432
VTIP,49.58,0.12,63,,,19,,,E,,124,5890,,4.1,,-,,,,,2558
VTN,11.45,-0.78,,,,48,,,B+,,-47,12,-2.03,7.2,11,-,50.8,,,2103.81,23
VTP,75.78,0.32,1,,,29,,,E,,-49,12,,2.9,,-,,,,,24
VTV,219.17,0.82,97,,,83,,,B-,,64,4787,,1.9,,-,,,,,2662
VTWG,282.37,-1.04,11,,,93,,,B,,-41,13,,0.6,,-,,,,,22
VTWO,120.23,-0.60,31,,,93,,,C-,,-29,1564,,1.1,,-,,,,,2186
VTWV,195.21,-0.15,5,,,93,,,B,,50,40,,1.6,,-,,,,,27
VUG,85.50,-0.78,112,,,75,,,C-,,-55,11729,,0.4,,-,,,,,7299
VUS,29.33,-0.81,1,,,75,,,E,,-40,0,,1.8,,-,,,,,1
VUSB,49.64,0.08,10,,,22,,,E,,7,1805,,4.3,,-,,,,,1696
VUSE,71.75,-0.24,1,,,73,,,C,,2207,190,,0.5,,-,,,,,9
VUSG,63.10,-1.21,1,,,61,,,E,,106,108,,0.1,,-,,,,,53
VUSI,50.13,0.07,2,,,29,,,C,,361,180,,4.1,,-,,,,,29
VUSV,68.95,0.64,,,,65,,,C-,,7,10,,0.7,,-,,,,,9
VV,342.96,-0.14,37,,,80,,,C-,,-38,196,,1.0,,-,,,,,315
VVR,2.99,,24,,,7,,,C-,,-34,573,-39.3,11.6,14,-,42.1,,,-119.84,870
VWO,59.04,-0.30,254,,,73,,,E,,13,9266,,2.4,,-,,,,,8364
VWOB,67.00,0.19,62,,,38,,,E,,9,604,,5.8,,-,,,,,560
VXF,243.24,-0.67,22,,,89,,,A,,-8,364,,1.0,,-,,,,,453
VXUS,84.84,0.37,31,,,82,,,E,,-3,6090,,2.6,,-,,,,,6447
VXX,22.04,-1.25,11,,,2,,,E,,0,9002,,,,-,,,,,9331
VXZ,50.36,-0.30,1,,,6,,,E,,-7,12,,,,-,,,,,14
VYLD,29.64,0.21,,,,72,,,E,,27,2,,,,-,,,,,2
VYM,159.48,0.78,51,,,72,,,D-,,25,1497,,2.3,,-,,,,,1227
VYMI,99.27,1.47,32,,,74,,,E,,-11,855,,3.7,,-,,,,,967
WABF,24.84,,1,,,11,,,D+,,-76,0,,5.1,,-,,,,,1
WAGN,13.88,1.17,,,,19,,,E,,-27,123,,,,-,,,,,169
WAMA,26.15,0.03,,,,52,,,C-,,225,22,,1.7,,-,,,,,7
WANT,42.74,-2.26,2,,,44,,,D,,-9,30,,0.6,,-,,,,,33
WAR,32.74,-2.59,1,,,96,,,D-,,22,37,,0.1,,-,,,,,31
WARP,24.92,0.04,,,,27,,,,,-71,45,,,,-,,,,,
WATS,24.55,-5.59,,,,24,,,,,-68,1,,,,-,,,,,
WBIF,35.67,-0.08,,,,85,,,E,,-90,0,,0.1,,-,,,,,1
WBIG,25.91,0.06,,,,72,,,C-,,-33,2,,1.2,,-,,,,,3
WBIL,39.53,-1.03,,,,88,,,D+,,-93,0,,,,-,,,,,2
WBIY,35.54,0.67,,,,66,,,C-,,-49,2,,4.2,,-,,,,,4
WCAP,9.24,-2.14,,,,26,,,E,,467,36,,,,-,,,,,6
WCBR,37.29,0.19,3,,,93,,,A+,,47,50,,,,-,,,,,35
WCEO,38.54,0.01,1,,,89,,,D,,-33,1,,0.6,,-,,,,,1
WCLD,33.52,0.99,1,,,43,,,A+,,-7,986,,,,-,,,,,1089
WCME,19.00,-1.59,1,,,81,,,E,,-2,8,,0.3,,-,,,,,9
WCMG,21.49,0.29,,,,43,,,,,-33,1,,,,-,,,,,1
WCMI,19.34,0.57,4,,,88,,,E,,-4,738,,0.5,,-,,,,,785
WCPB,25.33,0.08,,,,31,,,C,,-6,34,,4.3,,-,,,,,36
WDAF,31.54,1.99,1,,,48,,,D-,,-28,12,,0.1,,-,,,,,17
WDAI,27.38,-0.37,,,,41,,,,,-50,0,,0.7,,-,,,,,
WDCX,29.55,-19.79,1,,,78,,,E,,28,2481,,,,-,,,,,1740
WDE,25.27,0.08,,,,,,,,,-100,0,,4.7,,-,,,,,
WDEF,29.50,5.47,2,,,24,,,E,,-56,19,,0.1,,-,,,,,44
WDGF,32.13,3.31,,,,42,,,E,,-79,1,,0.1,,-,,,,,6
WDI,13.69,0.22,13,,,23,,,A-,,-42,103,,13.2,,6/25/2021,,,,,179
WDIG,41.91,-0.31,,,,20,,,,,-45,1,,,,-,,,,,
WDIV,80.54,0.95,2,,,60,,,E,,-0,6,,4.2,,-,,,,,7
WDNA,21.14,2.29,,,,95,,,A-,,291,4,,3.8,,-,,,,,1
WDRN,28.86,-2.42,,,,25,,,,,-2,42,,,,-,,,,,
WDTE,29.84,0.04,2,,,24,,,C,,-33,17,,32.9,,-,,,,,25
WEA,10.65,0.33,4,,,20,,,C+,,-48,16,0.42,7.9,57,-,92.5,,,40.02,32
WEAT,22.41,0.04,8,,,34,,,D-,,-56,324,,,,-,,,,,751
WEBL,23.56,-2.93,4,,,43,,,C+,,-3,303,,0.2,,-,,,,,314
WEBS,18.86,3.06,2,,,11,,,D+,,-31,64,,2.6,,-,,,,,93
WEBX,19.11,,,,,23,,,,,-100,0,,,,-,,,,,
WEED,21.43,0.88,,,,92,,,D+,,-57,12,,,,-,,,,,29
WEEI,22.13,0.69,2,,,33,,,E,,-29,35,,11.9,,-,,,,,50
WEEK,100.10,0.05,3,,,33,,,E,,-19,33,,3.7,,-,,,,,41
WEEL,19.79,-0.15,,,,31,,,E,,-27,13,,12.9,,-,,,,,18
WELD,59.53,-2.12,1,,,96,,,D,,1,36,,0.1,,-,,,,,39
WENC,9.96,0.15,,,,,,,,,-45,32,,,92,-,,,,,
WENN,10.29,-0.10,49,,,,,,C,,-58,25,,,49,-,,,,5770.42,60
WEPN,44.00,1.14,,,,33,,,E,,-51,2,,4.3,,-,,,,,4
WGMI,53.19,-9.49,4,,,97,,,D,,55,1034,,,,-,,,,,672
WIA,8.11,0.25,5,,,19,,,B-,,-64,18,65.48,7.7,41,-,200.2,,,97.44,46
WIMA,42.37,1.48,1,,,54,,,C-,,33,4,,4.0,,-,,,,,3
WINN,32.46,-0.15,2,,,71,,,C-,,-20,86,,,,-,,,,,109
WIP,38.96,0.08,15,,,19,,,E,,-32,81,,6.0,,-,,,,,128
WISE,36.83,-4.12,1,,,48,,,D,,150,126,,4.3,,-,,,,,10
WIW,8.39,0.48,17,,,12,,,D-,,44,426,42.51,8.9,43,-,439.1,,,101.98,298
WLDR,44.55,-2.43,2,,,94,,,C+,,111,25,,1.3,,-,,,,,12
WLDU,17.17,-0.17,,,,72,,,E,,323,38,,,,-,,,,,9
WLII,10.23,,2,,,,,,,,-93,1,,,7,-,,,,,15
WLTG,37.19,-0.28,,,,62,,,D,,-52,6,,0.4,,-,,,,,12
WMSB,25.08,0.14,1,,,31,,,D,,11,2,,4.9,,-,,,,,1
WMTI,21.55,2.57,,,,7,,,E,,16,48,,24.7,,-,,,,,43
WNDR,28.33,0.64,,,,43,,,,,-82,1,,,,-,,,,,
WNTR,26.84,-6.59,,,,3,,,C-,,69,256,,88.1,,-,,,,,153
WOMN,42.95,0.71,,,,56,,,D+,,-35,2,,0.8,,-,,,,,3
WOOD,66.74,1.25,3,,,7,,,B,,-87,2,,2.2,,-,,,,,18
WPAC,10.02,0.10,21,,,,,,E,,-97,0,,,11,-,,,,,8
WQTM,35.56,-3.40,,,,86,,,D,,-4,419,,,,-,,,,,442
WR,24.44,1.54,,,,26,,,,,-100,0,,,,-,,,,,
WRND,41.64,,,,,89,,,C-,,-83,0,,0.9,,-,,,,,0
WRTH,25.11,0.05,,,,31,,,,,-1,93,,6.5,,-,,,,,
WSDB,24.96,-0.06,,,,28,,,E,,-91,0,,3.2,,-,,,,,2
WSGE,27.93,,,,,70,,,E,,-97,0,,0.2,,-,,,,,3
WSML,34.94,-0.43,,,,85,,,C,,-37,4,,2.0,,-,,,,,9
WSTN,10.09,-0.20,20,,,,,,E,,166,0,,,68,-,,,,,2
WTAI,42.57,-5.42,3,,,98,,,C,,114,479,,,,-,,,,,247
WTBN,25.09,0.02,,,,11,,,D-,,-72,6,,4.0,,-,,,,,22
WTG,10.45,-0.10,20,,,,,,E,,20565,971,,,23,-,,,,543.17,2
WTIB,18.82,2.43,,,,9,,,E,,-78,0,,,,-,,,,,2
WTID,5.64,-3.39,1,,,39,,,A-,,-53,83,,,,-,,,,,180
WTIP,34.59,0.52,,,,40,,,E,,-71,2,,3.8,,-,,,,,7
WTIU,13.28,2.79,1,,,59,,,E,,-82,10,,,,-,,,,,56
WTLS,59.35,-0.22,,,,71,,,E,,85,3,,,,-,,,,,1
WTMF,40.71,0.32,2,,,53,,,E,,20,34,,2.9,,-,,,,,29
WTMU,25.64,0.08,1,,,30,,,C,,47,3,,3.1,,-,,,,,2
WTMY,25.43,0.06,,,,33,,,E,,-71,0,,3.4,,-,,,,,0
WTPI,32.85,0.06,,,,35,,,D+,,-25,66,,10.1,,-,,,,,89
WTRE,24.24,,,,,80,,,D-,,-89,0,,2.3,,-,,,,,4
WTV,103.14,0.60,20,,,73,,,C,,205,527,,1.1,,-,,,,,172
WUGI,88.27,-3.97,1,,,77,,,B-,,-70,1,,0.2,,-,,,,,3
WULX,33.64,-20.15,2,,,89,,,E,,20,166,,,,-,,,,,140
WWJD,38.68,1.83,1,,,58,,,E,,39,83,,2.6,,-,,,,,60
WX,23.93,-0.14,,,,28,,,,,-99,0,,,,-,,,,,
WXET,17.71,-0.17,,,,34,,,D+,,-92,2,,2.1,,-,,,,,30
WYFL,19.57,-19.54,,,,37,,,,,312,262,,,,-,,,,,
WZRD,2.88,-12.04,,,,1,,,E,,-33,3,,4.4,,-,,,,,5
XA,37.20,-0.32,,,,64,,,,,2,3,,,,-,,,,,
XAGG,49.97,0.06,1,,,27,,,E,,42,266,,6.6,,-,,,,,188
XAGI,19.73,-6.29,,,,23,,,,,-99,0,,,,-,,,,,
XAIX,54.27,-2.74,3,,,97,,,D+,,75,60,,0.4,,-,,,,,35
XAPR,37.75,0.01,1,,,47,,,A,,-92,1,,,,-,,,,,11
XAR,287.56,0.86,40,,,91,,,E,,-11,204,,0.3,,-,,,,,231
XAUG,39.11,-0.03,3,,,53,,,E,,-70,3,,,,-,,,,,16
XB,39.16,0.12,1,,,24,,,E,,-69,4,,7.0,,-,,,,,16
XBAP,41.96,0.03,3,,,63,,,B-,,44,5,,,,-,,,,,8
XBB,40.85,0.18,3,,,26,,,E,,-88,8,,5.5,,-,,,,,240
XBCI,31.49,3.04,,,,9,,,E,,-33,102,,56.8,,-,,,,,150
XBFR,26.52,-0.39,,,,48,,,D+,,-5,18,,0.2,,-,,,,,19
XBI,160.46,2.50,150,,,98,,,A-,,3,9697,,0.4,,-,,,,,8896
XBIL,50.04,0.06,4,,,29,,,E,,-49,54,,3.8,,-,,,,,108
XBIX,38.69,4.35,,,,65,,,,,-61,1,,,,-,,,,,
XBJA,33.80,-0.00,4,,,62,,,A-,,52,12,,,,-,,,,,9
XBJL,39.88,-0.04,3,,,54,,,C-,,155,16,,,,-,,,,,6
XBNB,18.34,2.36,,,,14,,,,,28,1,,0.1,,-,,,,,
XBOC,35.54,-0.03,3,,,62,,,D+,,-57,1,,,,-,,,,,3
XBOX,100.11,0.03,1,,,34,,,E,,123,130,,,,-,,,,,58
XBTY,5.59,0.69,,,,2,,,E,,-74,13,,228.1,,-,,,,,48
XC,31.82,0.61,1,,,22,,,E,,-70,6,,2.1,,-,,,,,19
XCBE,9.99,,21,,,,,,D+,,-5,0,,,29,-,,,,,43
XCCC,36.37,0.18,12,,,13,,,C+,,-65,38,,10.0,,-,,,,,296
XCEM,50.63,-1.00,6,,,96,,,D,,-13,192,,2.4,,-,,,,,203
XCHG,26.69,,,,,61,,,E,,-100,0,,0.5,,-,,,,,3
XCLR,27.46,-0.11,,,,28,,,A+,,-76,0,,1.0,,-,,,,,1
XCNY,33.12,0.09,,,,91,,,D-,,76,1,,2.3,,-,,,,,0
XCOM,19.15,0.88,,,,22,,,,,-21,0,,,,-,,,,,
XCOR,87.52,,,,,80,,,E,,-99,0,,0.4,,-,,,,,2
XDAT,24.95,-1.48,1,,,42,,,A,,535,1,,,,-,,,,,1
XDEC,42.85,0.12,1,,,56,,,D,,-49,5,,,,-,,,,,20
XDEF,22.47,,,,,34,,,E,,-92,0,,3.2,,-,,,,,2
XDIV,30.45,0.13,,,,83,,,E,,-77,4,,,,-,,,,,19
XDQQ,39.56,-1.68,1,,,52,,,E,,-57,2,,,,-,,,,,4
XDSQ,42.81,-0.12,1,,,61,,,E,,-27,5,,,,-,,,,,7
XDTE,38.85,-0.03,1,,,24,,,C,,-29,138,,33.3,,-,,,,,194
XEMD,44.82,0.21,1,,,42,,,C-,,1170,1142,,5.5,,-,,,,,149
XEML,26.07,,,,,20,,,C,,-100,0,,3.6,,-,,,,,0
XES,106.66,-1.29,7,,,65,,,E,,9,134,,1.2,,-,,,,,124
XEUR,25.60,3.51,,,,41,,,,,-100,0,,,,-,,,,,
XEY,20.08,,,,,19,,,,,-91,0,,11.4,,-,,,,,
XFEB,37.39,0.02,1,,,56,,,E,,-83,0,,,,-,,,,,6
XFIV,48.50,0.12,6,,,11,,,D,,-62,27,,3.8,,-,,,,,71
XFLH,10.00,,10,,,,,,C-,,124,5,,,50,-,,,,,15
XFLT,17.79,0.79,13,,,16,,,A,,-95,65,-46.38,15.5,1,9/27/2017,16.1,,,-7146.61,85
XFLX,22.68,0.00,,,,16,,,D+,,-97,0,,9.7,,-,,,,,5
XHB,112.56,-0.06,41,,,69,,,B+,,-23,2162,,0.6,,-,,,,,2768
XHE,87.86,2.62,2,,,58,,,B,,71,62,,0.1,,-,,,,,37
XHLF,50.19,0.06,13,,,22,,,E,,122,843,,3.8,,-,,,,,382
XHOA,26.44,1.89,,,,,,,,,-100,0,,,,-,,,,,
XHS,137.73,1.14,4,,,97,,,A+,,397,82,,0.2,,-,,,,,17
XIDE,30.25,-0.05,,,,38,,,B,,817,29,,6.3,,-,,,,,3
XIDV,36.56,1.85,1,,,61,,,E,,-74,3,,6.2,,-,,,,,12
XIGV,24.17,-2.24,,,,,,,,,-63,1,,,,-,,,,,
XIJN,30.61,-0.10,,,,19,,,E,,6,9,,7.0,,-,,,,,9
XIMR,31.34,0.00,1,,,40,,,A,,-27,2,,6.5,,-,,,,,3
XISE,30.36,0.05,1,,,38,,,A,,-54,3,,5.9,,-,,,,,6
XITK,188.76,-3.30,1,,,62,,,D+,,-39,1,,,,-,,,,,2
XIWC,26.29,-2.98,,,,47,,,,,-56,1,,,,-,,,,,
XJAN,38.39,-0.05,1,,,55,,,A+,,-8,1,,,,-,,,,,4
XJH,51.52,-0.41,4,,,86,,,D,,-57,10,,1.1,,-,,,,,24
XJR,51.97,-0.93,4,,,93,,,A,,21,11,,0.9,,-,,,,,9
XJUL,40.73,0.02,3,,,52,,,A-,,-92,1,,,,-,,,,,17
XJUN,44.35,-0.06,2,,,49,,,D,,-54,13,,,,-,,,,,28
XKRE,29.09,-2.94,,,,61,,,,,-99,0,,,,-,,,,,
XLB,52.01,1.94,91,,,67,,,D-,,10,12376,,1.6,,-,,,,,11376
XLBI,24.12,1.46,,,,27,,,C,,-52,3,,15.8,,-,,,,,6
XLBX,25.24,3.69,,,,34,,,,,-99,0,,,,-,,,,,
XLC,109.60,-0.13,149,,,25,,,D-,,42,8389,,1.3,,-,,,,,6021
XLCI,23.31,-0.06,,,,8,,,C,,58,4,,12.9,,-,,,,,2
XLE,53.22,0.78,191,,,56,,,E,,-21,28537,,2.8,,-,,,,,37016
XLEI,24.59,0.61,,,,11,,,E,,-19,39,,21.4,,-,,,,,48
XLEX,21.06,,,,,23,,,,,-93,0,,,,-,,,,,
XLF,55.62,1.53,186,,,58,,,A,,33,46284,,1.5,,-,,,,,35608
XLFI,23.65,0.94,1,,,25,,,C,,46,9,,12.8,,-,,,,,7
XLFX,29.01,2.55,,,,58,,,,,102,5,,,,-,,,,,
XLG,60.73,-0.46,22,,,66,,,D,,-24,1463,,0.7,,-,,,,,1946
XLI,183.91,0.30,149,,,89,,,D,,-20,6536,,1.1,,-,,,,,8329
XLII,26.06,0.16,1,,,57,,,C-,,-5,6,,13.1,,-,,,,,6
XLIX,27.62,0.28,,,,48,,,,,-39,2,,,,-,,,,,
XLK,180.59,-2.71,232,,,96,,,C,,9,14191,,0.4,,-,,,,,13141
XLKI,25.85,-2.44,1,,,48,,,E,,75,22,,18.9,,-,,,,,12
XLKX,20.27,-5.79,,,,23,,,,,-55,1,,,,-,,,,,
XLP,84.99,2.03,123,,,54,,,D-,,41,16706,,2.6,,-,,,,,12050
XLPX,27.11,4.45,,,,44,,,,,-82,1,,,,-,,,,,
XLRE,44.68,1.13,62,,,65,,,D,,5,5503,,3.1,,-,,,,,5360
XLRI,23.63,0.99,,,,25,,,C,,-7,2,,14.6,,-,,,,,3
XLSI,23.55,1.86,,,,15,,,D,,16,10,,12.9,,-,,,,,9
XLSR,64.29,-0.70,,,,68,,,D+,,-27,51,,0.5,,-,,,,,70
XLU,45.76,2.21,149,,,45,,,D,,18,24335,,2.6,,-,,,,,20923
XLUI,24.53,1.57,1,,,13,,,C,,40,35,,14.7,,-,,,,,25
XLUX,27.20,4.20,,,,47,,,,,24,2,,,,-,,,,,
XLV,163.74,2.63,216,,,78,,,A,,30,14721,,1.6,,-,,,,,10457
XLVI,26.27,0.49,,,,43,,,C,,-12,14,,13.0,,-,,,,,16
XLVX,31.13,4.99,,,,61,,,,,44,8,,,,-,,,,,
XLY,117.12,-0.82,109,,,41,,,D,,40,10884,,0.8,,-,,,,,7904
XLYI,22.84,-0.63,,,,18,,,E,,18,3,,16.2,,-,,,,,2
XLYX,24.66,-1.63,,,,,,,,,-98,0,,,,-,,,,,
XMAG,25.72,-0.45,2,,,87,,,A+,,37,76,,0.2,,-,,,,,57
XMAR,42.73,-0.02,2,,,59,,,E,,-0,24,,,,-,,,,,24
XMAY,36.07,-0.03,1,,,49,,,A,,-63,2,,,,-,,,,,5
XME,105.13,0.74,42,,,53,,,E,,6,2321,,0.3,,-,,,,,2246
XMHQ,113.33,0.48,5,,,68,,,D+,,-32,125,,0.6,,-,,,,,184
XMLV,67.17,0.90,12,,,57,,,B+,,-32,13,,2.9,,-,,,,,20
XMMO,163.14,-1.72,5,,,89,,,D,,26,469,,0.6,,-,,,,,372
XMPT,22.23,-0.13,1,,,47,,,B+,,-47,23,,5.7,,-,,,,,43
XMVM,70.90,0.04,1,,,75,,,B+,,-45,15,,1.9,,-,,,,,27
XNAV,92.97,-2.44,1,,,89,,,E,,-56,0,,0.5,,-,,,,,0
XNDX,,,,,,17,,,,,,0,,,,-,,,,,
XNOV,39.61,0.04,1,,,57,,,E,,-91,1,,,,-,,,,,18
XNTK,363.71,-3.47,16,,,98,,,B,,-31,52,,0.1,,-,,,,,61
XOCT,39.51,-0.06,2,,,56,,,E,,-91,2,,,,-,,,,,38
XOEF,29.82,-0.58,1,,,84,,,C,,-36,2,,1.1,,-,,,,,3
XOEX,40.75,0.83,,,,86,,,D,,-80,5,,1.8,,-,,,,,24
XOMO,10.48,0.28,1,,,5,,,E,,-55,29,,39.8,,-,,,,,66
XOMX,34.86,1.36,,,,58,,,E,,-66,9,,2.2,,-,,,,,28
XONE,49.27,0.11,3,,,18,,,D+,,-39,55,,4.0,,-,-30.8,,,,91
XOP,154.64,0.58,48,,,54,,,E,,-46,1988,,2.1,,-,,,,,3739
XOVL,22.91,-0.35,,,,51,,,,,-53,116,,,,-,,,,,
XOVR,21.00,-0.52,8,,,66,,,A,,-61,2454,,,,-,,,,,6444
XPAV,24.98,,,,,28,,,,,-98,0,,,,-,,,,,
XPAY,53.28,-0.24,,,,35,,,C+,,35,103,,21.1,,-,,,,,77
XPEG,5.03,-8.46,,,,,,,E,,-40,23,,,,-,,,,,38
XPH,67.16,2.82,7,,,96,,,A+,,-11,87,,0.5,,-,,,,,66
XPND,39.79,-2.91,1,,,83,,,D+,,39,5,,0.1,,-,,,,,3
XPP,17.30,-0.61,,,,3,,,E,,-85,1,,3.2,,-,,,,,7
XQQI,50.72,-2.48,,,,59,,,E,,79,458,,20.0,,-,,,,,259
XQTM,22.40,,,,,,,,,,-99,0,,,,-,,,,,
XRLX,48.60,-0.78,,,,57,,,B-,,353,5,,2.6,,-,,,,,2
XRMI,17.22,-0.02,,,,21,,,B-,,114,23,,13.4,,-,,,,,11
XRP,12.12,2.36,5,,,6,,,E,,1,620,,,,-,,,,,624
XRPC,11.52,2.31,5,,,6,,,E,,2,195,,,,-,,,,,193
XRPI,5.97,2.05,1,,,2,,,E,,-52,100,,4.3,,-,,,,,197
XRPM,10.60,2.12,,,,5,,,E,,-50,10,,54.2,,-,,,,,20
XRPN,10.45,,34,,,,,,E,,-80,11,,,89,-,,,,160342.63,56
XRPR,8.91,2.41,2,,,2,,,E,,-37,15,,,,-,,,,,25
XRPT,23.46,4.52,2,,,1,,,E,,38,182,,7.0,,-,,,,,135
XRPZ,11.78,2.35,4,,,6,,,E,,-15,223,,,,-,,,,,263
XRT,88.06,0.25,14,,,57,,,A-,,-28,3877,,0.8,,-,,,,,5550
XSD,555.87,-6.74,14,,,99,,,C-,,1,157,,0.1,,-,,,,,151
XSEM,20.76,-9.76,,,,23,,,,,-55,1,,,,-,,,,,
XSEP,44.40,-0.05,3,,,55,,,D,,-69,2,,,,-,,,,,8
XSHD,14.28,0.56,1,,,62,,,A,,-43,19,,5.0,,-,,,,,34
XSHP,20.24,2.35,,,,,,,,,-35,21,,,,-,,,,,
XSHQ,47.84,-0.77,2,,,76,,,C,,-41,18,,1.2,,-,,,,,31
XSLL,9.94,0.15,17,,,,,,D+,,-90,8,,,21,-,,,,,54
XSLV,52.90,0.41,11,,,76,,,A+,,-55,4,,2.1,,-,,,,,10
XSMO,90.45,-1.55,8,,,94,,,B+,,44,347,,0.5,,-,,,,,241
XSOE,47.06,-1.40,14,,,94,,,E,,-7,141,,1.6,,-,,,,,152
XSPC,24.00,-0.38,,,,,,,,,-82,1,,,,-,,,,,
XSPI,49.68,0.11,,,,51,,,E,,-3,61,,17.0,,-,,,,,62
XSVM,69.55,-0.61,13,,,90,,,B,,21,33,,1.8,,-,,,,,28
XSVN,47.08,0.15,4,,,11,,,C-,,215,176,,4.1,,-,,,,,61
XSW,176.45,-0.18,14,,,42,,,A,,-67,24,,,,-,,,,,73
XT,82.24,-0.21,4,,,91,,,C-,,-40,80,,0.4,,-,,,,,137
XTAI,23.13,-2.05,,,,26,,,,,165,11,,,,-,,,,,
XTAP,45.30,-0.12,,,,73,,,E,,-77,0,,,,-,,,,,1
XTEN,45.29,0.07,3,,,10,,,B,,-14,234,,4.3,,-,,,,,274
XTJA,34.03,-0.01,1,,,74,,,D-,,-89,0,,,,-,,,,,3
XTJL,40.95,-0.09,2,,,61,,,C+,,-53,1,,,,-,,,,,10
XTL,216.23,-3.73,12,,,95,,,E,,-1,133,,1.2,,-,,,,,118
XTN,115.88,-0.12,4,,,96,,,D-,,-26,52,,0.6,,-,,,,,70
XTOC,36.16,-0.01,,,,74,,,E,,351,20,,,,-,,,,,4
XTR,28.29,-0.17,,,,37,,,C-,,214,7,,1.0,,-,,,,,2
XTRE,48.91,0.15,1,,,11,,,E,,-37,27,,4.0,,-,,,,,50
XTWO,48.85,0.54,2,,,13,,,E,,210,67,,4.0,,-,,,,,24
XTWY,37.10,0.05,,,,9,,,C+,,-7,53,,4.6,,-,,,,,58
XUDV,31.80,0.57,1,,,86,,,E,,-52,5,,3.5,,-,,,,,11
XUSP,52.35,-0.22,1,,,87,,,D,,-38,3,,,,-,,,,,5
XV,24.61,-0.45,1,,,23,,,D,,62,45,,14.3,,-,,,,,28
XVO,25.28,0.05,,,,37,,,,,-100,0,,,,-,,,,,
XVUG,22.35,-1.57,,,,25,,,,,400,0,,,,-,,,,,
XVV,56.73,-0.21,4,,,78,,,B,,32,54,,1.0,,-,,,,,42
XW,23.63,0.49,,,,27,,,,,-89,0,,,,-,,,,,
XXRP,22.23,5.21,3,,,1,,,E,,-19,248,,11.7,,-,,,,,296
XXV,23.84,-0.35,1,,,30,,,C-,,-28,22,,26.9,,-,,,,,39
XXX,19.85,,,,,37,,,E,,-97,0,,0.2,,-,,,,,1
XYLD,40.84,0.02,24,,,47,,,D+,,181,2028,,9.5,,-,,,,,732
XYLG,28.86,0.17,1,,,48,,,D+,,-11,19,,5.7,,-,,,,,22
XYZG,17.48,4.15,,,,59,,,C,,29,15,,5.8,,-,,,,,12
XYZY,26.11,0.96,1,,,13,,,B,,-46,10,,85.8,,-,,,,,19
YALL,42.56,0.43,1,,,31,,,D,,-26,6,,0.5,,-,,,,,8
YANG,39.64,0.84,3,,,96,,,A,,-24,735,,2.2,,-,,,,,966
YBIT,18.74,1.84,1,,,2,,,D,,-73,8,,106.2,,-,,,,,32
YBMN,10.17,0.59,,,,5,,,E,,-29,4,,62.5,,-,,,,,6
YBST,13.63,-0.97,,,,7,,,D+,,-40,1,,46.1,,-,,,,,2
YBTC,17.20,2.50,1,,,2,,,D,,-4,87,,91.8,,-,,,,,94
YBTY,12.35,-1.08,,,,7,,,E,,-18,3,,55.3,,-,,,,,4
YCL,17.73,1.85,,,,7,,,B,,209,103,,,,-,,,,,34
YCLO,25.14,,,,,,,,,,-97,0,,3.8,,-,,,,,
YCS,55.88,-1.46,1,,,73,,,B-,,1089,218,,,,-,,,,,19
YCY,10.20,0.20,26,,,,,,E,,-45,22,,,56,-,,,,,28
YDEC,27.63,0.55,1,,,56,,,D,,481,63,,,,-,,,,,11
YEAR,50.24,0.08,2,,,18,,,D+,,-41,82,,4.1,,-,,,,,140
YETH,8.18,2.00,1,,,2,,,D,,-27,68,,149.6,,-,,,,,94
YFFI,9.99,-0.09,,,,17,,,C,,-66,0,,4.7,,-,,,,,2
YFYA,9.79,0.05,,,,20,,,C,,218,60,,5.2,,-,,,,,18
YGLD,32.80,3.43,1,,,5,,,E,,-48,10,,17.5,,-,,,,,19
YHNA,10.90,,6,,,,,,D,,-100,0,,,85,-,,,,-68.56,1
YINN,22.08,-0.85,3,,,2,,,E,,-9,2035,,1.8,,-,,,,,2239
YJUN,26.93,0.65,1,,,54,,,E,,36,44,,,,-,,,,,33
YLD,18.95,0.20,3,,,21,,,D+,,147,449,,7.2,,-,,,,,183
YLDE,56.55,1.51,,,,50,,,C,,-65,5,,6.6,,-,,,,,14
YLDW,25.46,0.54,2,,,42,,,E,,45,7,,6.6,,-,,,,,10
YMAG,11.47,-1.12,1,,,7,,,D,,0,1256,,54.5,,-,,,,,1262
YMAR,28.74,0.43,2,,,59,,,B-,,-75,5,,,,-,,,,,22
YMAX,7.92,-0.38,1,,,14,,,A-,,-17,1492,,72.1,,-,,,,,1810
YNOT,31.85,-1.49,,,,88,,,E,,-48,11,,,,-,,,,,21
YOKE,31.79,-0.93,,,,88,,,E,,1,7,,0.8,,-,,,,,7
YOLO,2.92,0.34,2,,,56,,,C,,50,75,,,,-,,,,,49
YQQQ,10.05,1.60,,,,4,,,C-,,-70,19,,28.6,,-,,,,,64
YSEP,27.64,0.48,1,,,59,,,A,,-32,2,,,,-,,,,,17
YSPY,14.86,0.02,,,,12,,,E,,-64,11,,55.4,,-,,,,,29
YUNG,29.22,0.78,,,,51,,,,,-100,0,,,,-,,,,,
YXI,24.34,0.80,1,,,75,,,A+,,-43,1,,2.4,,-,,,,,1
YYY,11.53,0.09,,,,31,,,A+,,16,486,,12.5,,-,,,,,411
YYYM,20.27,,,,,42,,,C-,,-97,0,,7.1,,-,,,,,2
ZALT,33.86,,2,,,50,,,B,,204,390,,,,-,,,,,129
ZAP,34.18,0.77,11,,,77,,,D-,,-22,95,,1.5,,-,,,,,126
ZAPR,26.66,0.20,,,,45,,,E,,-89,1,,,,-,,,,,24
ZAUG,27.57,0.16,,,,48,,,E,,-54,2,,,,-,,,,,9
ZCBA,49.10,0.14,,,,17,,,D+,,-82,0,,3.7,,-,,,,,0
ZCBB,49.09,,1,,,17,,,C,,-89,0,,3.8,,-,,,,,0
ZCBC,49.16,0.13,1,,,17,,,C,,97,0,,3.9,,-,,,,,0
ZCBE,49.19,0.14,1,,,17,,,C,,-100,0,,4.0,,-,,,,,0
ZCBF,49.18,,1,,,16,,,E,,-96,0,,4.1,,-,,,,,0
ZCBG,49.25,0.11,1,,,16,,,C,,37,0,,4.1,,-,,,,,0
ZDEK,26.42,0.08,1,,,47,,,D,,366,51,,,,-,,,,,11
ZECP,37.97,0.93,2,,,76,,,C,,23,53,,0.7,,-,,,,,44
ZETX,20.34,-1.49,,,,68,,,C,,145,136,,,,-,,,,,58
ZFEB,26.00,,1,,,45,,,E,,-79,4,,,,-,,,,,17
ZHDG,23.37,-0.50,,,,56,,,A,,-70,1,,2.5,,-,,,,,4
ZHOG,51.34,0.15,,,,20,,,D,,-65,1,,5.4,,-,,,,,2
ZIG,39.06,0.68,1,,,43,,,E,,7,1,,1.7,,-,,,,,1
ZINC,25.82,,,,,38,,,,,-98,0,,,,-,,,,,
ZJAN,28.01,-0.03,1,,,46,,,C,,-23,2,,,,-,,,,,6
ZJUL,29.95,-0.13,1,,,47,,,A+,,550,204,,,,-,,,,,31
ZJUN,27.41,-0.04,,,,44,,,E,,-70,42,,,,-,,,,,124
ZKP,9.96,-0.30,23,,,,,,C,,-99,1,,,32,-,,,,,34
ZMAR,28.25,0.13,,,,46,,,E,,-76,2,,,,-,,,,,23
ZMAY,25.95,,,,,42,,,E,,-24,102,,,,-,,,,,135
ZMUN,50.08,-0.06,,,,27,,,E,,-77,2,,3.4,,-,,,,,8
ZNOV,27.47,-0.01,1,,,47,,,D,,37,54,,,,-,,,,,39
ZOCT,27.63,-0.01,,,,47,,,C,,-72,4,,,,-,,,,,13
ZROZ,62.61,,17,,,8,,,C,,53,857,,5.0,,-,,,,,553
ZSB,21.73,0.25,,,,56,,,D,,20000,0,,0.9,,-,,,,,0
ZSC,29.54,0.02,,,,61,,,E,,1396,0,,1.7,,-,,,,,0
ZSEP,27.59,0.17,,,,47,,,D,,-31,3,,,,-,,,,,28
ZSL,29.10,-4.96,,,,21,,,A+,,-47,3003,,,,-,,,,,5794
ZTAX,25.65,0.19,,,,27,,,A-,,-87,1,,,,-,,,,,2
ZTEN,50.46,0.24,1,,,21,,,E,,-82,1,,5.0,,-,,,,,3
ZTOP,51.73,,1,,,25,,,E,,-99,0,,6.3,,-,,,,,1
ZTR,6.85,0.88,7,,,56,,,C,,14,145,11.04,9.7,62,9/22/1988,84.7,,,-40.77,129
ZTRE,50.62,0.20,2,,,20,,,A-,,-86,1,,4.2,,-,,,,,3
ZTWO,50.45,0.18,,,,23,,,D,,-77,0,,4.1,,-,,,,,1
ZVOL,8.34,0.12,,,,12,,,A,,-34,25,,71.9,,-,,,,,37
AISP,2.24,-7.05,82,14,27,17,A+,D,E,1,-1,670,15.45,,97,-,191.4,-107.89,96,-103.28,687
ALAR,6.35,-20.82,5,28,13,23,A+,B,C,1,203,675,64.18,,0,-,3.6,1800,1000.78,0,77
ARQQ,23.52,-18.49,25,40,8,51,A+,D,A,1,21,1130,829.85,,3,-,-7097.4,40.86,,-47.39,938
BB,11.51,-10.15,248,97,77,99,A+,C,A,1,46,50950,25.64,,23,-,10.7,18.75,5,100,35801
BTQ,4.82,-9.06,42,,,,A+,,B+,1,-12,3493,-100,,9,-,-7783.6,88.89,-0.55,-1328.19,4018
CGNT,8.99,0.33,76,53,34,44,A+,C,B+,1,-17,671,10.41,,41,-,2.8,60.71,9.37,-57.14,759
CHKP,136.58,1.71,1379,71,91,13,A+,A,A-,1,-36,1063,4.8,,82,6/28/1996,34.7,-12.35,3.24,13.12,1674
CISO,0.29,-4.87,10,,,,A+,,B+,1,-7,451,-13.15,,37,-,-30.4,,,94.08,873
CMCM,3.14,-5.14,8,23,60,4,A+,D,E,1,-69,7,44.29,,24,5/8/2014,-19.7,48.98,,42.94,24
CRWD,193.98,0.41,3174,99,92,94,A+,C,A+,1,173,10432,25.57,,9,6/12/2019,-2.6,32.08,25.71,50.68,13182
CSAI,0.36,-7.68,9,,,,A+,,E,1,-48,307,306.36,,8,-,-167.0,43.64,43.02,-86.11,609
CYCU,0.58,5.42,8,,,,A+,,E,1,-84,233,-15.54,,18,-,-159.0,74.59,85.48,97.18,1454
DMRC,7.83,-5.78,109,45,54,59,A+,E,D,1,-35,159,-19.1,,29,-,-95.7,14.43,13.16,41.82,247
FTNT,156.25,-1.72,3078,99,95,95,A+,A,A+,1,-31,4491,20.13,,32,11/18/2009,33.6,14.14,16.27,41.38,6534
GEN,26.67,2.14,1950,90,68,57,A+,A,A+,1,-36,5152,27.03,2.0,86,6/23/1989,30.2,85.26,7.62,13.56,7922
HUBC,1.41,-5.37,2,,,,A+,,A,1,-93,396,-3.79,,13,-,-123.8,,,-5.79,5588
INTZ,0.80,-3.18,12,,,,A+,,E,1,-38,1459,-49.97,,16,-,-127.7,11.96,0,-63.64,2329
INVE,2.61,-1.51,62,12,26,10,A+,E,E,1,204,815,40.69,,26,10/7/1997,-85.0,27.85,42.31,28.57,273
LIF,57.71,0.67,308,71,58,49,A+,B,A+,1,-33,535,38.12,,59,6/6/2024,6.7,-45.58,-67.11,42.02,795
MITK,19.21,-4.62,269,96,67,93,A+,B,A,1,-20,969,5.61,,77,-,6.5,17.26,25.09,5.56,1224
MOB,4.99,-3.29,6,16,8,34,A+,D,E,1,-34,144,34.61,,11,8/25/2022,-707.6,86.75,,-86829.09,221
NEXR,0.64,-6.65,,,,,A+,,B-,1,-98,270,31.46,,50,8/26/2022,-28.4,,,98.02,12405
NTSK,11.71,0.43,168,46,65,36,A+,D,C,1,-29,3922,27.8,,42,9/18/2025,-94.2,62.7,57.03,58.95,5788
OBAI,0.71,2.35,,,,,A+,,C,1,-93,950,4.36,,21,-,-105.4,-80.3,,-204.13,14195
OKTA,141.42,0.68,1606,99,87,93,A+,B,A+,1,-21,3077,11.19,,36,4/7/2017,8.7,9.88,6.04,5.81,3890
OSPN,14.44,-2.04,316,69,28,61,A+,B,A,1,-44,295,4.07,3.5,91,-,20.3,-18.36,-32.07,-13.33,521
PANW,348.06,-1.13,4197,99,90,96,A+,A,A+,1,-18,7700,31.15,,14,7/20/2012,17.3,12.96,2.47,6.25,8273
QLYS,148.12,3.26,689,99,91,73,A+,A,A+,1,31,1043,9.84,,73,9/28/2012,36.9,7.53,6.31,16.77,799
QNC,2.98,,10,51,29,86,A+,E,D,1,-4,831,,,0,-,-94425.6,9.39,-28.02,185.46,1868
RBRK,83.64,1.99,667,84,62,71,A+,D,A+,1,-20,3029,38.99,,5,4/25/2024,-24.8,3200.24,229.71,206.67,3887
RPD,9.29,3.57,305,58,55,38,A+,C,A+,1,17,2469,-0.27,,95,7/17/2015,3.5,-25.2,-40.35,-26.53,2126
RSKD,5.13,2.19,67,85,71,65,A+,D,A+,1,35,1451,7.14,,68,7/29/2021,-6.1,21.25,-25,155.56,1071
S,17.51,-0.45,499,85,76,65,A+,C,A+,1,-32,5319,20.8,,18,6/30/2021,-27.9,74.52,78.44,100,7995
SAIL,15.27,-0.26,238,57,82,33,A+,D,D+,1,-34,2913,21.55,,27,2/13/2025,-30.4,35.28,12.55,400,4359
SVRE,2.62,3.15,,25,75,5,A+,E,E,1,-53,284,-75.71,,5,6/3/2022,-2897.9,,,98.39,590
TENB,38.60,1.85,471,98,95,88,A+,C,A+,1,-13,3145,9.58,,64,7/26/2018,-2.3,22.76,38.55,30.56,3628
TLS,4.90,,192,74,80,54,A+,D,B+,1,-37,510,55.94,,55,11/19/2020,-22.6,40.27,168.93,300,837
VRSN,256.43,0.21,2083,59,80,32,A+,C,D-,1,-25,631,6.61,1.2,50,1/30/1998,64.5,11.65,10.84,11.43,866
ZS,147.33,0.60,2000,65,94,16,A+,C,A+,1,-48,2596,25.43,,45,3/16/2018,-0.7,25.51,22.06,28.57,4988
ALHC,23.80,-0.87,515,95,66,87,A+,C,A-,2,-29,5434,33.26,,0,3/26/2021,-0.0,3789.67,84.33,200,6245
ASTH,49.17,-1.28,313,97,65,96,A+,B,A+,2,76,1052,55.56,,9,-,1.2,176.34,76.92,107.14,590
CI,287.77,3.86,3098,70,80,43,A+,B,D,2,17,2109,4.65,2.2,91,-,2.8,2.05,5.12,15.58,1698
CLOV,5.26,-2.41,214,84,26,97,A+,C,A,2,-30,5902,62.05,,0,-,-4.5,7.17,293.2,37.02,8356
CNC,67.86,-0.72,2187,86,25,97,A+,C,A+,2,-32,3873,7.13,,36,12/13/2001,-3.5,68.25,763.55,16.21,6180
CON,31.91,3.70,437,96,50,91,A+,B,A+,2,41,1270,13.73,0.8,64,7/25/2024,10.3,10.51,20.46,33.33,953
CRVL,64.14,-0.54,397,82,89,36,A+,A,A+,2,-13,190,7.36,,27,6/28/1991,14.9,,,19.04,223
CVS,104.72,-0.09,3120,92,49,89,A+,C,A+,2,-33,5522,6.17,2.5,73,-,0.5,9.93,1.25,14.22,8459
ELV,417.89,0.41,3176,86,47,83,A+,B,B,2,-14,1625,1.49,1.7,82,10/30/2001,3.4,-11.17,-29.83,5.1,1802
HUM,396.75,-3.09,2191,83,21,94,A+,B,A+,2,-10,1399,23.47,0.9,55,-,1.2,-48.39,15.25,-10.97,1675
MOH,229.87,-1.15,964,77,19,83,A+,B,A+,2,-33,770,-3.15,,18,7/2/2003,1.3,-53.47,-74.05,-61.35,1174
UNH,425.36,-0.28,4970,85,28,87,A+,B,A+,2,-48,3930,1.96,2.2,45,10/17/1984,3.3,12.48,18.78,0.42,7512
AMN,34.75,4.54,407,83,41,95,A+,D,A+,3,-22,863,99.9,,71,11/13/2001,-3.7,95.68,-37.06,366.67,1123
BGSF,5.70,-2.40,46,25,25,24,A+,E,C,3,-81,2,-66.98,,0,-,-14.4,,,-40,13
BIYA,0.63,16.57,,,,,A+,,C,3,-31,13492,53.15,,0,3/21/2025,-57.4,,,-1081.64,19835
CCRN,13.20,,263,42,6,75,A+,E,B+,3,32,980,-17.84,,8,10/25/2001,-7.9,362.68,211.76,-150,759
CIRC,0.83,-8.05,56,40,73,3,A+,E,B,3,-84,2245,-7.37,,20,-,-13.6,43.52,,-121.04,12906
CLIK,1.50,2.38,1,,,,A+,,E,3,-99,36,1124.3,,93,10/9/2024,-9.3,,,-87.4,2976
DLHC,5.26,-0.75,52,9,5,23,A+,D,E,3,129,43,-33.57,,44,5/29/1986,0.5,-755.56,-950,-383.33,61
FA,20.53,8.65,313,98,84,87,A+,C,A+,3,38,2115,8.63,,36,6/23/2021,-2.4,17.75,5.73,52.94,1540
GLXG,1.26,-3.08,,,,,A+,,C+,3,-99,165,1.88,,24,9/12/2024,-73.0,,,87.69,3883
HQI,12.77,-4.91,108,86,51,82,A+,C,A+,3,-33,12,-12.7,1.8,43,-,21.9,-21.83,-13.33,30,19
JOB,0.22,2.65,14,,,,A+,,E,3,32,306,-20.47,,52,-,-26.0,,,100.22,238
KELYA,13.08,-0.23,244,60,18,76,A+,D,A+,3,-44,265,-10.66,2.4,50,-,-1.9,-28.37,-56.48,-92.31,477
KELYB,22.00,-5.98,,46,18,95,A+,D,C,3,-47,1,-10.66,1.6,21,-,-1.9,-28.37,-56.48,-92.31,3
KFRC,50.93,0.61,317,83,26,90,A+,C,A+,3,-52,124,0.1,3.2,29,8/15/1995,3.5,15.17,18.29,2.22,259
KFY,69.68,2.88,594,68,64,41,A+,B,C-,3,26,684,6.7,3.0,57,2/11/1999,13.2,9.08,3.64,6.06,554
MAN,38.79,4.47,462,63,30,67,A+,D,A+,3,-15,902,10.27,4.0,64,-,0.5,23.77,21.96,15.91,1077
MHH,7.89,0.39,48,,,,A+,,A+,3,-67,8,-14.97,,79,-,0.6,-36.81,-16.67,83.33,25
NIXX,1.52,-9.52,10,,,,A+,,A+,3,-47,2102,1982.76,,36,-,-13.4,,,91.32,3938
RCRUY,14.36,-0.14,12,99,96,87,A+,B,A+,3,-56,248,8.27,0.2,7,-,17.7,,,55.23,610
RHI,33.48,1.55,580,52,15,60,A+,C,A+,3,-25,1810,-3.83,7.2,14,-,3.6,-0.76,-38.01,-17.65,2410
STRR,10.99,2.42,30,,,,A+,,B+,3,-80,2,57.1,,40,-,-2.2,-130,-161.11,-115.22,7
TBI,6.75,-6.51,205,55,16,81,A+,D,B-,3,-7,337,7.65,,28,-,-2.8,64.22,-42.86,-2.5,362
UPWK,9.16,1.55,507,32,33,7,A+,A,B-,3,-43,2461,1.44,,86,10/3/2018,19.4,9.65,-2.17,2.94,4336
YOUL,0.54,0.37,2,10,19,2,A+,E,E,3,-92,69,-42.01,,56,-,2.7,,,113.55,1195
YYGH,1.25,-3.85,1,,,,A+,,C-,3,-83,384,44.21,,4,4/22/2024,-37.8,,,-8608.27,1307
ACH,3.59,0.28,191,40,17,61,A+,E,A,4,-4,774,-76.15,,92,9/21/1971,-3.7,-55.35,-130.96,-117.39,825
ACHC,31.91,2.11,456,76,22,89,A+,C,A+,4,49,4463,7.57,,77,-,-32.2,-24.63,-56.44,-7.5,3094
AHCO,10.76,1.51,382,38,23,42,A+,D,C,4,-53,730,5.39,,69,-,-0.5,35.97,-29.77,-303.74,1543
ALBT,0.28,-3.09,8,,,,A+,,D-,4,-74,294,-100,,15,-,,,,72.94,898
AMS,1.49,-1.32,24,,,,A+,,A,4,-78,49,16.16,,39,7/3/1984,-11.5,78.26,50,10,267
ATOS,2.12,3.92,18,5,8,2,A+,E,E,4,-24,117,,,13,11/8/2012,,-7.26,0,-48,156
BDSX,21.99,-10.24,20,89,56,97,A+,D,A+,4,-20,63,42.3,,31,10/28/2020,-39.9,36.71,43.82,49.38,79
BIAF,0.83,-1.60,10,,,,A+,,E,4,-69,142,-27.09,,7,9/1/2022,-241.3,,,83.13,406
BMGL,8.35,17.77,1,,,,A+,,E,4,-41,208,68.79,,61,2/25/2025,-97.7,,,-4134.58,62
BNR,9.82,9.60,14,16,21,26,A+,D,E,4,28,29,-14.76,,32,6/12/2020,-10.0,,,-39.14,23
BTSG,69.03,-1.17,701,96,72,97,A+,C,A-,4,-33,2243,25.57,,23,1/26/2024,1.1,69.31,79.24,105.26,3427
CCEL,3.34,1.83,9,,,,A+,,A-,4,941,76,-3.64,13.8,19,-,-7.4,136.67,,-66.67,8
CCM,4.39,-2.66,,,,,A+,,D-,4,-55,20,58.57,,22,12/11/2009,-83.9,,,76.24,47
CDNA,29.19,-0.21,358,91,42,93,A+,B,A+,4,8,856,38.99,,15,7/17/2014,-5.5,61.03,245.21,278.95,806
CSTL,24.11,-2.43,376,35,30,32,A+,C,B,4,-59,176,-3.41,,51,7/25/2019,-8.6,-76.48,-368.52,45.56,432
DCGO,0.56,1.57,121,12,4,8,A+,E,B,4,-63,323,-21.33,,8,-,-58.2,81.25,11.36,-66.67,874
DGX,215.72,-0.14,2268,92,71,61,A+,A,B+,4,-0,870,9.16,1.6,54,-,11.9,9.11,7.78,13.12,912
DVA,234.91,3.02,1026,99,94,94,A+,C,A+,4,-1,842,5.96,,58,10/31/1995,9.9,37.72,30.29,43.5,902
EHC,106.46,5.00,1025,78,83,34,A+,A,C+,4,7,1134,9.01,0.8,65,9/24/1986,16.1,10.25,5.67,16.79,1015
FMS,23.53,2.93,49,76,93,32,A+,C,A-,4,74,1243,-2.49,2.6,88,-,6.8,-8.44,15.14,11.8,785
GH,167.98,-1.63,922,82,19,97,A+,D,A+,4,25,3455,48.26,,20,10/4/2018,-42.5,13.31,6.46,-10.39,2731
GMRS,14.52,-1.63,13,1,28,37,A+,E,,4,-6,1169,,,59,5/13/2026,5.5,273.29,,,
GRAL,69.11,1.47,402,57,44,77,A+,D,D+,4,-52,338,28.11,,5,-,-363.2,7.04,16.61,26.13,719
GRDN,42.00,-0.31,305,82,62,80,A+,C,D,4,31,565,2.21,,35,9/26/2024,5.1,17.76,13.77,93.33,437
HIMS,36.80,-2.05,514,57,6,58,A+,A,A+,4,-28,16472,3.77,,63,-,5.3,-123.55,-127.82,-300,22941
HNGE,84.05,-1.20,239,78,29,95,A+,C,C,4,-41,1113,47.23,,27,5/22/2025,-89.7,-1.04,75,-71.33,1968
INNV,11.99,2.39,152,87,29,96,A+,C,A+,4,4,368,15.5,,68,3/4/2021,-4.0,149.12,813.33,-175,360
IRTC,126.48,1.57,518,56,72,26,A+,C,B,4,-1,558,25.66,,58,10/20/2016,-5.8,99.39,89.6,55.67,573
IVF,1.62,-11.48,3,,,,A+,,A,4,-95,421,21.08,,96,-,-80.2,95.9,99.92,99.78,2916
IVPR,0.00,7.14,1,,,,A+,,A+,4,-61,494,6.6,,17,8/30/2023,-86.0,,,95.69,1938
JYNT,8.97,-0.11,132,43,71,30,A+,D,E,4,270,404,13.33,,38,11/11/2014,-0.4,1483.34,188.46,366.67,111
LH,286.98,1.09,2075,85,74,51,A+,B,B,4,-8,633,5.75,1.1,73,7/7/1988,7.9,9.57,10.02,10.68,682
LMRI,12.43,7.25,142,42,36,50,A+,E,C,4,51,1347,,,36,12/11/2025,-3.1,214.55,,,889
MCTA,29.36,,1,,,,A+,,C,4,,0,-27.03,,0,10/21/2025,23.1,,,-118.92,466
MD,26.76,2.37,474,98,86,86,A+,C,A+,4,-11,832,3.89,,85,-,11.3,11.89,11.51,33.33,837
MGRX,0.47,10.33,7,,,,A+,,C-,4,48,1106,-37.91,,2,3/21/2023,-4526.9,,,78.71,1355
MNDR,3.28,1.23,,,,,A+,,E,4,-83,139,-5.07,,25,4/10/2024,-44.3,,,72.65,518
NEO,15.16,1.27,382,92,56,93,A+,C,A+,4,-17,2179,11.09,,12,-,-15.2,50,11.82,104.08,2637
NIVF,0.46,-16.42,1,,,,A+,,E,4,-98,897,6.26,,98,-,205.8,523.73,,101.67,7254
NTRA,279.32,1.10,1735,82,25,88,A+,C,A-,4,-20,1274,38.82,,81,7/2/2015,-11.6,-6.21,33.87,-20,1609
OMDA,22.39,-1.02,157,76,53,83,A+,C,C,4,-26,835,42,,78,6/6/2025,-4.9,179.76,130.08,124.29,1140
OPCH,21.90,4.09,651,45,74,10,A+,B,D+,4,-46,2026,1.33,,81,8/15/1996,5.0,6.9,4.01,0,3688
PARK,20.91,3.21,22,58,18,84,A+,E,C,4,10,29,6.2,,37,12/3/2025,-0.4,-65.78,,-4.46,27
PGNY,30.22,2.61,537,99,92,88,A+,B,A+,4,-42,943,1.38,,31,10/25/2019,7.4,98.36,76.18,70.59,1580
PIII,11.37,2.71,12,61,23,95,A+,E,B,4,-96,67,3.53,,27,-,-22.0,81.34,69.58,105.1,1592
POM,1.60,-2.44,2,6,1,5,A+,E,D,4,-96,47,,,,10/8/2025,-32.7,,,,506
PRE,16.93,-5.37,12,28,12,47,A+,D,E,4,-45,122,107.68,,14,-,-37.8,13.93,13.17,-70,223
PRPO,25.26,1.32,21,73,67,67,A+,C,D,4,-80,7,36.15,,85,-,-1.5,,,-37.56,35
PSNL,13.62,-1.23,232,75,16,96,A+,E,A+,4,26,3789,-24.91,,12,6/20/2019,-116.7,-12.4,-13.04,-61.11,3096
RDNT,68.75,4.77,576,78,70,56,A+,C,B+,4,88,1718,22.1,,8,-,1.6,32.23,-39.17,44,896
RYOJ,2.65,-13.54,1,26,4,51,A+,C,E,4,-95,63,5112.12,,42,8/14/2025,-5.0,,,-23206.97,1436
SERA,2.00,-1.48,33,32,44,17,A+,E,B+,4,-52,26,-63.16,,0,7/15/2021,-39417.3,2.24,3.61,15,55
SHC,17.93,1.01,441,95,83,76,A+,B,A,4,-7,3085,10.03,,62,11/20/2020,12.7,12.77,19.94,28.57,3372
SRTA,5.41,2.46,173,67,63,68,A+,D,D,4,14,1328,24.08,,41,-,-10.2,74.27,45,175,1165
STVN,19.00,3.60,113,71,57,47,A+,B,A-,4,-22,338,10.62,0.3,42,7/16/2021,15.9,10.04,16.04,14.12,432
SY,1.54,-9.41,23,10,20,3,A+,D,E,4,-48,343,54.22,,24,5/2/2019,-16.2,45.71,-37.25,-58.89,663
TALK,5.20,,228,76,30,73,A+,B,B+,4,44,2698,18.2,,4,-,3.7,223.25,457.14,-856.16,1897
USPH,72.35,1.46,352,58,56,24,A+,B,A,4,74,387,7.89,2.7,50,5/28/1992,10.0,6.36,0.44,-4.17,225
VCYT,57.08,-4.63,564,98,76,94,A+,B,A,4,-7,1150,21.46,,46,10/30/2013,13.2,2.64,-2.65,67.74,1260
WGRX,2.98,-2.93,8,,,,A+,,D+,4,-99,10,-85.64,,3,2/21/2025,-433.9,,,87.44,687
WGS,67.51,-5.86,414,29,13,22,A+,C,A-,4,-35,926,17.38,,19,-,-4.9,-105.1,-137.5,-201.75,1486
AIRG,6.19,-4.48,34,51,31,78,A+,E,D,5,27,127,-4.18,,9,8/12/2016,-12.3,138.24,112.5,27.27,103
APH,164.59,-4.43,3933,99,98,85,A+,A,B-,5,-34,8304,58.39,0.6,33,11/8/1991,24.3,43.14,42.7,68.25,10544
ARW,197.48,-5.79,707,87,76,91,A+,C,D+,5,11,798,39.03,,94,-,2.3,80.96,83.29,190,729
AVT,82.18,-5.84,721,81,64,90,A+,D,D+,5,-23,1149,33.95,1.6,83,-,1.1,49.01,118.02,76.19,1478
BELFA,230.16,-18.29,142,94,95,89,A+,A,E,5,-19,117,17.24,0.1,67,12/12/1983,14.1,21.41,41.42,34.07,145
BELFB,266.94,-16.07,412,92,95,91,A+,A,E,5,65,495,17.24,0.1,44,-,14.1,21.41,41.42,34.07,305
CCTG,0.91,28.53,2,,,,A+,,B,5,375,25889,-8.22,,14,1/18/2024,-9.5,,,-30.41,6168
COHR,333.36,-9.57,2025,94,95,96,A+,B,D-,5,14,6973,20.53,,22,5/19/1970,1.6,54.51,61.51,54.95,6263
CTS,60.50,-5.22,391,88,71,84,A+,B,C,5,45,483,10.68,0.2,72,-,15.4,8.97,7.02,40.91,334
KN,36.78,-9.21,474,94,90,93,A+,C,C,5,-35,742,15.81,,61,-,10.8,16.44,27.08,50,1171
LASR,63.25,-5.54,444,76,75,86,A+,C,E,5,-16,1046,55.19,,6,4/26/2018,-8.7,118.52,135.18,600,1277
LFUS,418.47,-4.98,788,82,66,89,A+,C,D,5,35,456,18.52,0.7,39,-,0.1,36.02,32.75,51.14,340
MEI,15.30,-16.89,225,67,16,96,A+,D,A,5,-26,754,15.95,1.0,18,-,-1.1,53.47,15.52,101.25,1041
MRAAY,32.67,-9.26,8,92,62,99,A+,B,B,5,30,1005,8.64,0.4,17,-,16.9,,,133.48,782
NVEC,98.22,-7.31,200,88,40,88,A+,A,A-,5,15,219,5.3,4.2,56,-,67.7,,,26.6,193
SELXF,0.05,85.19,3,,,,A+,,B,5,-99,48,-24.53,,0,-,-127.0,,,-52.1,4015
TEL,197.44,-1.99,3052,66,93,29,A+,A,E,5,-35,1884,14.51,1.6,89,-,18.6,28.19,25.16,30,2913
TRNS,89.03,-3.97,268,79,41,75,A+,B,A-,5,-32,118,15.81,,28,-,2.4,208.77,-36.02,-12.5,174
TTDKY,22.21,-1.12,23,96,90,94,A+,B,C,5,-27,144,5.35,0.7,50,-,11.0,18.92,-6.18,21.9,214
VICR,282.95,-19.21,491,97,99,99,A+,A,D,5,24,1156,20.22,,11,-,23.2,16.6,-28.32,633.33,944
VSH,45.92,-10.33,440,84,63,99,A+,D,C+,5,44,10197,17.34,0.7,0,-,0.8,1580.87,298.16,266.67,7296
WCC,307.89,-4.00,880,78,76,80,A+,B,E,5,58,967,13.78,0.6,78,5/12/1999,3.6,24.62,17.43,52.49,611
AIMD,1.87,-8.33,5,,,,A+,,D,6,-86,55,-99.85,,0,-,-11896.4,,,60.63,438
ALOT,28.51,0.07,60,97,78,99,A+,D,A,6,-11,121,4.39,,36,-,-1.7,,,5927.76,136
BLZE,15.62,-4.52,152,97,73,97,A+,D,A+,6,-14,3003,11.71,,5,11/11/2021,-17.5,47.07,71.43,233.33,3613
CRCT,4.46,0.22,245,61,71,31,A+,B,A,6,-22,412,-1.94,4.3,71,3/25/2021,15.2,-45,-48.64,-9.09,531
CRSR,8.90,-5.92,285,82,71,77,A+,D,A,6,-56,1225,-4.12,,81,9/23/2020,-0.8,14.99,564.89,145.45,2808
DELL,394.32,-7.27,2714,98,97,99,A+,C,B,6,-23,6616,87.54,0.6,43,-,6.4,78.88,110.16,213.55,9088
FUJIY,10.86,2.07,9,66,48,49,A+,C,A+,6,-43,169,-2.33,1.3,67,-,10.9,-3.31,-7.69,-4.47,326
HKIT,0.17,-23.72,3,45,69,1,A+,C,B,6,-85,9313,440.87,,95,3/31/2023,2.0,,,3890.43,20942
HPQ,21.93,-0.41,2127,48,62,36,A+,D,C,6,-34,13653,8.98,5.2,86,-,4.8,-3.07,-12.27,21.13,19942
IONQ,49.12,-4.44,989,69,66,63,A+,B,D+,6,-43,17012,754.72,,97,-,-428.2,79.52,22.65,1578.57,30771
IQMX,13.03,-2.91,42,1,,78,A+,,E,6,51,691,,,29,-,,,,2405.24,463
LNVGY,56.21,-5.18,5,97,82,98,A+,A,B,6,-33,72,27.11,1.7,52,-,3.2,21.91,3.63,491.78,113
LOGI,94.00,-0.68,1789,68,92,30,A+,A,D,6,-20,922,7.44,1.2,62,3/27/1997,17.1,17.16,-2.5,21.51,1159
MU,975.56,-5.49,5269,98,85,99,A+,A,C-,6,17,61844,345.72,0.1,48,6/1/1984,25.8,782.31,925.01,1214.66,53621
NTAP,154.17,-1.41,2557,96,86,87,A+,A,B,6,-42,1931,12.47,1.4,57,11/20/1995,23.8,40.3,36.08,25.91,3279
OSS,15.69,-12.54,47,63,41,98,A+,D,E,6,-36,1138,-34.17,,0,2/1/2018,-9.6,118.48,57.14,107.73,1814
P,72.71,-5.74,1635,87,96,63,A+,B,D+,6,-39,2131,35.25,,33,10/7/2015,6.1,18.04,34.31,62.07,3587
PENG,61.47,-10.67,431,80,32,99,A+,C,B,6,25,3971,-6.16,,38,5/24/2017,3.6,17.56,14.74,0,3255
QCLS,3.85,-2.78,12,,,,A+,,E,6,-44,265,,,21,-,,,,99.56,474
QMCO,10.16,-7.04,14,69,69,80,A+,E,C,6,-37,686,30.67,,21,-,-35.8,87.73,88.92,91.03,1103
QNT,74.56,-4.91,,1,2,55,A+,E,,6,-46,3098,,,12,6/4/2026,-622.3,-125.55,,,
QTEX,1.43,-5.30,3,63,32,89,A+,E,A-,6,-88,4207,,,,7/14/2021,-4574.4,122.12,,6.46,36050
QUCY,1.45,-5.84,2,44,24,77,A+,E,B,6,-95,1218,-100,,3,11/5/2021,-3018.3,98.75,,67.6,24029
QXL,5.67,-0.35,2,73,32,96,A+,E,A,6,-65,42,-87.08,,18,-,-856.4,,,88.18,122
SCKT,0.62,-6.00,10,,,,A+,,E,6,65,230,-6.7,,9,6/7/1995,-24.6,,,14.95,172
SIMO,300.71,-5.13,266,98,87,99,A+,A,C+,6,-33,754,105.48,0.7,10,6/30/2005,15.8,143.74,208.62,161.63,1135
SLNH,1.19,-5.56,22,55,66,66,A+,D,D,6,-40,14828,58.25,,15,-,-199.6,80.67,,73.69,25012
SMCI,27.22,-1.56,1556,72,96,37,A+,A,D,6,-21,42867,122.68,,76,3/29/2007,5.5,26.05,72.9,170.97,55463
SNDK,1745.00,-14.13,1903,83,72,99,A+,C,E,6,36,17346,251.03,,24,-,-20.1,2115.53,11523.77,7903.33,12942
STX,820.16,-10.38,3011,88,72,99,A+,B,E,6,46,6303,44.07,0.3,14,12/10/2002,16.6,84.02,96.3,115.79,4447
SUPX,8.01,-0.74,8,6,3,8,A+,E,E,6,-30,215,283.79,,6,4/17/2024,-590.8,,,-277.17,309
TACT,5.07,-9.54,45,78,42,80,A+,C,A,6,-62,29,10.32,,27,8/22/1996,-2.1,58.33,0,1328.57,86
WDC,539.00,-9.92,3303,84,68,99,A+,B,E,6,6,8956,45.47,0.1,19,-,11.9,102.57,97.89,100,8755
WETH,1.21,3.42,3,,,,A+,,E,6,5,139,6.69,,90,-,22.5,,,50.87,133
XNDU,11.62,-1.94,25,27,19,75,A+,E,E,6,-65,2036,,,3,-,-598.8,-957.02,-1009.44,-13787.11,5867
XRX,2.80,-9.68,234,32,7,59,A+,D,C+,6,-46,3956,26.7,3.0,30,-,-7.0,60.86,81.12,-616.67,7371
YIBO,1.00,-3.85,1,22,15,37,A+,D,E,6,-45,12,11.27,,39,1/25/2024,-3.9,,,-107.55,23
ACLS,144.50,-18.97,541,77,46,93,A+,C,C-,7,52,1038,3.32,,93,7/11/2000,16.5,-21.43,-20.88,-30.77,696
ACMR,97.77,-16.55,426,92,48,99,A+,A,B+,7,68,2944,34.18,,33,11/3/2017,15.0,24.05,-22.49,-26.09,1765
AEHR,69.96,-17.13,250,44,5,99,A+,D,E,7,48,3480,-43.72,,9,8/15/1997,-7.3,-189.33,25,-171.43,2344
AEIS,311.27,-12.65,797,84,86,76,A+,B,E,7,8,1046,26.3,0.1,85,11/16/1995,9.4,46.52,46.47,69.92,1020
ALMU,18.85,-8.05,103,50,27,77,A+,D,D,7,-56,664,-2.63,,6,-,-64.8,-1750,-650,-53.98,1518
AMAT,603.04,-7.35,5003,96,68,98,A+,A,B,7,67,15096,11.41,0.3,48,10/5/1972,32.7,29.93,36.73,19.67,9531
ASML,1769.32,-4.00,1245,97,88,93,A+,A,D,7,40,2701,17.37,0.4,52,3/15/1995,34.9,25.98,17.22,23.51,1910
ASYS,18.80,-8.29,83,53,24,96,A+,D,E,7,12,484,31.37,,15,-,-35.3,115.09,900,103.59,441
ATEYY,176.70,-4.49,14,95,99,91,A+,A,E,7,670,1030,19.5,0.1,59,-,45.8,38.13,27.43,102.88,107
ATOM,7.41,-10.51,96,56,24,95,A+,E,C-,7,-62,915,175,,0,8/5/2016,-31036.9,23.08,23.53,0,2494
BESIY,294.22,-7.55,1,67,25,94,A+,B,D,7,85,14,42.72,0.5,11,-,26.0,140.83,175.93,79.95,8
COHU,59.27,-14.24,399,79,43,98,A+,D,B-,7,6,2263,29.26,,15,-,-13.8,364.29,585.71,150,1611
CVV,7.74,-1.90,27,72,10,97,A+,D,A,7,-41,94,-77.83,,12,9/4/1985,-6.1,,,-437.72,162
ENTG,146.66,-11.22,1270,81,54,90,A+,C,C,7,74,5907,5.01,0.2,70,7/11/2000,8.0,32.27,23.53,28.36,3441
FORM,123.59,-16.00,589,90,97,94,A+,C,E,7,5,2104,31.97,,26,6/12/2003,8.8,88.71,125.61,143.48,2078
ICHR,98.22,-12.12,411,79,21,99,A+,D,A,7,63,1908,4.75,,4,12/9/2016,-5.0,499.38,923.81,25,1195
INTT,15.70,-11.35,76,63,42,88,A+,D,D-,7,-58,161,27.21,,74,6/17/1997,-2.8,677.78,222.22,245.45,389
KLAC,235.55,-11.51,4082,98,81,96,A+,A,B-,7,64,23649,11.49,0.4,37,-,38.2,11.4,6.4,11.77,12481
KLIC,121.33,-9.33,542,90,52,98,A+,C,A,7,54,1602,49.78,0.7,22,-,3.1,1556.55,1407.14,251.92,1047
KOPN,3.90,-7.58,139,64,45,95,A+,D,D,7,-43,5861,0.58,,0,4/15/1992,7.2,-723.74,53.33,-1.31,10136
LRCX,351.41,-10.19,4864,98,94,97,A+,A,D,7,70,18973,23.76,0.3,30,5/4/1984,32.3,37.35,26.07,41.35,11289
LSRCY,56.76,-3.96,6,91,87,89,A+,A,E,7,148,192,0.58,0.5,81,-,47.5,,,15.59,90
MKSI,365.56,-11.07,897,96,82,98,A+,B,C+,7,66,2168,15.17,0.3,78,3/30/1999,7.7,48.45,66.89,34.5,1342
NVMI,470.14,-6.46,767,88,88,79,A+,A,E,7,98,857,10.29,,63,4/11/2000,34.4,21.47,9.62,6.88,445
ONTO,307.58,-12.46,897,86,42,96,A+,B,B,7,54,1968,9.34,,44,11/28/1984,16.2,45.65,35.29,-5.96,1295
PLAB,28.86,-4.78,479,47,73,30,A+,B,E,7,-3,1573,-0.5,,96,3/10/1987,26.1,-7.46,-20.92,5,1597
Q,141.75,-7.58,1547,53,22,81,A+,C,E,7,39,2817,17.62,0.2,89,-,20.2,22.16,16.9,10.39,2036
SMTK,0.24,-0.17,3,,,,A+,,B-,7,-92,1107,-13.04,,3,-,-1511.2,,,-81.83,12800
TER,369.09,-13.63,2529,94,93,94,A+,A,E,7,36,5938,87.03,0.1,41,-,20.5,88.32,261.19,241.33,4621
TOELY,219.40,-2.92,30,96,60,97,A+,A,B+,7,-51,153,-10.47,0.7,56,-,30.6,24.12,31,3.23,338
TRT,10.38,-6.49,26,68,39,98,A+,C,D,7,-68,583,123.61,,7,-,0.5,,,92.58,1825
UCTT,106.47,-17.84,436,72,23,98,A+,D,B+,7,97,2437,2.91,,19,3/25/2004,-7.1,146.77,96.45,10.71,1259
VECO,57.49,-18.48,430,65,21,97,A+,D,C,7,61,2674,-5.35,,67,11/28/1994,5.9,22.75,-28.4,-62.16,1730
AAPG,18.50,3.01,4,10,21,6,A+,D,E,8,12,14,118.61,,68,1/24/2025,-215.3,48.14,28.43,6.68,12
AARD,5.70,1.42,99,18,7,36,A+,E,C,8,14,211,,,40,2/13/2025,,-22.43,-30.06,-39.44,190
ABCL,8.11,6.71,70,88,36,97,A+,D,A+,8,1,8464,96.34,,88,12/11/2020,-236.4,-20.41,-20.24,6.67,8595
ABEO,6.40,5.79,117,61,17,78,A+,D,A,8,22,1396,,,50,-,1224.8,-171.45,-113.06,-25,1152
ABOS,2.74,5.79,58,60,47,87,A+,E,C,8,-23,351,,,60,7/1/2021,,28.89,47.16,31.25,467
ABPO,0.21,-5.37,,,,,A+,,A,8,-68,5,,,91,-,,,,90.29,21
ABVC,1.80,1.69,10,,,,A+,,A+,8,-0,119,-100,,98,-,,,,-8.98,120
ABVX,144.65,9.12,227,66,18,88,A+,E,A-,8,95,4016,22.87,,38,10/20/2023,,19.89,8.15,12.42,2223
ACET,9.00,4.41,34,56,56,60,A+,E,A,8,13,101,,,42,1/26/2018,,50.8,60,62.1,96
ACHV,6.40,,40,82,50,97,A+,E,A-,8,-4,1713,,,72,-,,43.59,58.01,48.65,1863
ACIU,2.51,5.46,46,22,24,32,A+,E,E,8,27,365,19.09,,21,9/23/2016,-1971.7,56.02,146.89,16.82,288
ACOG,7.89,1.28,12,52,22,68,A+,E,A+,8,35,52,20.66,,63,-,-202.2,-14.53,6.7,-82.43,39
ACON,3.09,2.32,3,,,,A+,,E,8,-78,21,11.32,,15,-,-9551.9,64.86,61.8,82,99
ACRV,1.72,-0.58,26,38,32,62,A+,E,B-,8,-53,264,,,35,11/15/2022,,-2.41,8.64,3.92,559
ACTU,1.52,5.56,64,11,45,2,A+,E,E,8,12,180,,,80,8/13/2024,,24.13,34.56,26.23,166
ACXP,1.60,4.58,7,,,,A+,,D,8,-43,59,,,64,6/25/2021,,68.92,80.07,71.82,104
ADAG,4.47,-6.49,9,91,66,88,A+,D,A+,8,-59,82,7336.9,,82,2/9/2021,-233.4,-61.67,13.04,75.37,203
ADAPY,0.04,8.33,1,,,,A+,,A,8,-53,233,-89.33,,47,5/6/2015,-44.2,,,-150,510
ADCT,1.19,4.39,99,23,59,2,A+,D,D-,8,-9,1804,-9.47,,86,5/15/2020,-175.5,23.93,57.6,41.67,2038
ADIL,2.90,3.20,6,,,,A+,,A+,8,-87,74,,,67,7/27/2018,,67.76,77.41,82.63,572
ADXN,5.79,1.22,,,,,A+,,E,8,-74,1,-87.5,,13,1/29/2020,-1637.3,,,25.88,4
AEON,0.72,0.58,8,,,,A+,,D+,8,-62,21,,,89,-,,73.42,45,-112.72,54
AGIO,37.58,1.35,374,62,14,70,A+,C,A+,8,-28,791,138.46,,49,7/24/2013,-765.9,12.5,13.33,-9.03,1097
AGMB,12.65,6.57,28,29,5,53,A+,E,C-,8,-60,39,,,47,2/6/2026,,-28.83,,,100
AIM,0.28,-5.41,4,,,,A+,,B,8,-97,983,37.5,,9,-,-15861.4,88.76,95.38,87.43,34369
AKTS,31.76,2.82,103,50,7,78,A+,E,C,8,149,724,,,42,1/9/2026,-980.9,-36.45,,,304
AKTX,10.41,1.56,2,,,,A+,,B+,8,-99,73,,,97,-,,-1275.51,61.72,22.6,968
ALDX,2.27,-6.58,142,49,65,32,A+,E,A,8,61,2119,,,72,5/2/2014,,42.04,46.72,65.48,1326
ALEC,2.06,2.49,181,32,31,49,A+,E,D,8,-48,394,-71.73,,48,2/7/2019,-678.4,36.42,25.42,48.78,766
ALGS,5.59,2.57,28,18,34,9,A+,E,C+,8,-22,90,809.97,,13,10/16/2020,-1092.4,-187.75,34.69,-4.74,118
ALLO,2.08,-1.42,224,38,53,67,A+,E,E,8,13,9136,,,32,10/11/2018,,19.26,26.21,35.71,8254
ALLR,1.31,-1.50,6,,,,A+,,D+,8,-44,118,,,38,-,-3790.9,-17.95,-66.67,32,214
ALMS,26.50,-0.53,281,81,61,94,A+,E,B-,8,44,1819,-89.99,,21,6/28/2024,-1047.3,-8.09,-186.15,56.83,1275
ALPS,0.59,1.03,3,3,2,3,A+,E,E,8,795,298,,,99,-,,,,-1011.05,106
ALT,3.16,0.32,194,28,46,25,A+,E,C-,8,-11,4078,-100,,3,-,-216522.0,32.45,43.72,30.77,4695
ALXO,2.07,0.49,36,69,57,80,A+,E,B+,8,-23,1067,,,43,7/17/2020,,67.72,70.83,70.69,1427
ALZN,1.16,3.57,4,,,,A+,,A-,8,167,378,,,79,6/15/2021,,77.22,69.84,65.91,159
AMLX,18.27,1.78,327,74,45,91,A+,E,B-,8,3,1393,100,,14,1/7/2022,,7.85,23.3,11.9,1383
ANEB,0.38,,,,,,A+,,E,8,-12,0,,,49,5/7/2021,,,,44.44,3
ANIX,3.27,4.14,20,54,36,57,A+,E,A+,8,244,595,,,31,-,,2.34,-20.6,13.55,175
ANL,9.49,-10.47,14,39,1,96,A+,E,D,8,115,481,,,58,9/29/2023,-710.5,73.37,,,223
ANNX,5.46,-1.62,293,48,38,71,A+,E,D,8,-12,2562,,,49,7/24/2020,,28.8,30.52,37.84,3066
ANRO,24.78,-0.64,71,51,19,89,A+,E,D-,8,7,439,,,10,2/2/2024,,-36.91,-10.51,-42.86,419
ANTX,4.42,-5.96,37,48,30,93,A+,E,E,8,-53,144,,,17,3/25/2022,,17.24,-9.52,17.14,316
ANVS,1.93,0.52,18,9,19,15,A+,E,D,8,-13,958,,,86,1/29/2020,,-32.86,-43.75,-96.87,1115
APGE,132.91,0.11,503,72,19,97,A+,E,B,8,8,2999,,,3,7/14/2023,,-5.26,5.24,-11.87,2817
APLM,19.56,-2.98,1,57,49,71,A+,E,B,8,31,15,,,74,-,-128.7,,,125.23,11
APM,0.80,0.25,2,,,,A+,,C-,8,-87,20,,,91,12/18/2018,,,,-1.86,161
APRE,0.74,-0.55,11,,,,A+,,A,8,-15,132,-100,,4,10/3/2019,-4409.2,64.38,65.57,66.67,158
APUS,0.90,1.69,5,,,,A+,,E,8,-14,189,,,90,5/9/2025,,,,-1667.43,199
APVO,4.47,0.45,5,,,,A+,,A+,8,-46,19,,,95,-,,73.24,96.02,99.59,35
AQB,1.03,-3.74,10,,,,A+,,D,8,-78,9,-100,,87,-,,,,-264.32,42
AQST,4.18,-1.42,147,27,35,28,A+,E,C-,8,-8,1733,65.67,,63,7/25/2018,-188.1,47.44,25,70.83,1887
ARCT,7.28,5.66,225,8,12,25,A+,E,E,8,363,1906,-92.99,,39,5/22/2013,-97.9,-68.03,-193.06,-82.69,413
ARMP,5.89,0.17,19,14,2,45,A+,E,E,8,-1,118,60.69,,14,-,-3544.0,20.73,1.11,-1480,120
ARTL,1.11,0.91,6,,,,A+,,E,8,-100,136,,,81,-,,73.8,,69.14,1396
ARTV,9.61,-1.94,25,47,15,98,A+,E,D-,8,-29,436,,,38,7/19/2024,,22.26,28.15,-14.46,623
ARVN,8.39,2.32,323,15,11,22,A+,D,D+,8,-26,644,-91.74,,45,9/27/2018,-30.6,-148.16,58.13,-178.95,875
ASBP,6.21,5.97,6,,,,A+,,E,8,-98,41,,,2,-,-394725.1,,,95.9,978
ASMB,27.74,3.93,55,60,66,47,A+,C,C,8,-4,199,-12.8,,94,12/17/2010,-8.5,-209.55,45.49,53.85,212
ATAI,5.19,6.35,119,64,23,84,A+,D,B+,8,74,11328,-38.65,,7,6/18/2021,-16137.2,85.14,21.1,46.67,6743
ATHE,5.36,-1.83,2,73,67,87,A+,D,D-,8,-66,20,833.2,,,-,,49.7,,26.61,58
ATNM,0.98,0.12,29,,,,A+,,E,8,-80,33,,,18,-,-37652.2,22.06,1.73,65.4,166
ATRA,11.65,2.46,31,57,40,70,A+,E,B+,8,-98,33,-99.47,,66,10/16/2014,27.1,-150.39,-265.79,-108.29,1748
ATYR,0.59,0.46,119,15,42,7,A+,E,D+,8,-48,1477,,,11,5/7/2015,-39012.1,28.44,43.51,35.29,2989
AURA,7.74,15.01,175,54,36,76,A+,E,C-,8,47,962,,,44,10/29/2021,,9.38,20.21,9.09,665
AUTL,1.58,,49,25,14,51,A+,D,E,8,5,1443,191.89,,57,6/22/2018,-392.8,19.06,-22.22,-3.85,1382
AVBP,34.67,0.49,215,76,29,94,A+,E,A,8,-8,516,,,20,1/26/2024,,6.34,-9.73,49.47,563
AVIR,4.98,4.18,194,34,9,65,A+,E,D,8,28,415,,,41,10/30/2020,,0.77,-26.32,-42.5,335
AVTX,18.84,8.96,92,58,48,85,A+,E,D,8,-10,1816,-69.27,,8,11/13/2015,-132362.7,48.8,69.79,21.6,2203
AVXL,2.76,6.98,152,27,45,10,A+,E,A,8,2,1175,,,10,-,,38.89,46.15,57.14,1233
AYTU,2.16,,26,,,,A+,,E,8,-60,16,-32.74,,80,-,-20.7,53.1,90.1,-365,39
AZTR,0.15,-9.30,2,,,,A+,,E,8,-87,1869,,,46,6/16/2023,,88.44,90.41,83.68,13993
BBOT,8.11,3.97,60,8,2,13,A+,E,E,8,-7,402,,,50,2/9/2024,,46.23,-1541.3,-2437.65,456
BCAB,4.19,2.57,18,,,,A+,,A-,8,-14,38,,,50,12/16/2020,-2980.3,8.91,,58.73,49
BCAX,29.00,0.31,246,72,14,95,A+,E,A+,8,38,924,,,21,9/13/2024,,-38.35,-63.96,-36.76,689
BCDA,1.20,0.84,13,,,,A+,,A,8,-90,370,,,94,-,,44.72,55,64.41,3762
BCTX,3.26,-6.05,2,,,,A+,,C,8,3,218,,,44,-,,93.92,,93.96,212
BCYC,4.35,3.33,78,24,32,13,A+,D,B,8,-25,354,-91.12,,85,5/23/2019,-349.6,28.57,50.53,1.14,472
BDRX,2.94,-2.00,2,,,,A+,,A+,8,-100,11,,,,-,,0,,96.69,490
BDTX,2.01,9.24,115,15,23,16,A+,E,D,8,-16,1577,-100,,37,1/30/2020,31.9,-265.97,-2.87,-116.33,1898
BFRG,0.70,-1.24,7,,,,A+,,A+,8,-54,162,,,32,-,-5569.6,30.01,26.3,40.91,358
BGMS,1.06,-3.64,4,,,,A+,,A+,8,-92,184,,,34,3/16/2004,-400.4,,,-911.31,2872
BHVN,15.96,1.27,322,76,52,84,A+,E,A+,8,21,3531,,,42,-,,56.32,61.29,59.45,2999
BIOA,25.10,3.46,193,67,17,97,A+,E,B-,8,-18,419,91.04,,42,9/26/2024,-896.1,-14.16,-1.94,-44.44,521
BIVI,1.95,-10.55,11,,,,A+,,A+,8,39,187,,,30,-,,75.67,51.64,53.72,137
BJDX,1.14,-5.00,4,,,,A+,,E,8,-82,322,,,70,11/10/2021,,,,85.54,1715
BLRX,3.29,3.63,,,,,A+,,B,8,-91,5,87.06,,45,-,-171.7,-9589.8,-3161.22,0,59
BLTE,146.63,3.04,57,32,23,59,A+,E,E,8,-44,109,,,,4/29/2022,,-42.18,-54.56,24.44,194
BMEA,1.41,3.68,47,38,67,33,A+,E,C-,8,39,1669,,,56,4/16/2021,,25.99,56.18,78.75,1227
BNTC,13.22,4.18,109,55,35,61,A+,E,B,8,53,172,,,1,-,,2.86,-5780.27,0,117
BOLD,2.50,0.81,25,70,39,98,A+,E,B-,8,-91,144,,,31,3/28/2024,,6.35,14.29,15.49,1502
BOLT,4.05,1.50,10,,,,A+,,E,8,-86,4,-97.87,,62,2/5/2021,-433.7,11.06,24.07,25.69,32
BRNS,0.62,-3.26,4,,,,A+,,D+,8,238,86,,,51,4/30/2021,,16.46,46.15,71.43,76
BRTX,0.40,3.73,6,,,,A+,,A,8,-98,273,-7.32,,10,-,-3959.4,70.38,58.33,73.48,12806
BTAI,1.38,0.73,16,,,,A+,,C,8,-53,316,22.62,,20,3/8/2018,-10887.4,70.9,82.76,64,671
BYSI,1.87,1.08,14,30,5,45,A+,E,B,8,71,36,,,44,3/9/2017,,,,-147.73,22
CABA,3.19,6.69,104,59,54,87,A+,E,D,8,82,8593,,,69,10/25/2019,,34.93,48.92,44.94,4915
CADL,9.83,-0.51,132,62,12,96,A+,E,A-,8,-28,1550,,,5,7/27/2021,,-28.17,-158.02,-207.69,2185
CALC,0.97,-7.17,9,,,,A+,,E,8,-75,416,,,82,9/25/2020,,62.44,28.75,183.33,1503
CAMP,4.43,2.07,35,44,42,64,A+,E,D,8,-33,115,50.82,,13,10/11/2024,-2298.5,69.33,65.9,48.39,175
CANF,3.91,-15.55,2,,,,A+,,C,8,-60,933,,,28,-,-2426.7,94.34,99.78,,2273
CAPR,23.21,0.61,211,19,10,47,A+,E,E,8,38,1641,-100,,38,-,,89.72,-3.51,-11.32,1201
CARM,0.01,5.17,,,,,A+,,B+,8,-94,1,1236.78,,86,2/6/2014,-308.1,,,443.94,34
CASIF,0.15,-38.79,,,,,A+,,D,8,-66,4,-45.93,,58,6/12/1996,-221.5,45.47,47.19,27.18,11
CBIO,17.09,0.06,51,55,69,59,A+,E,C,8,-18,266,,,41,1/10/2014,-1401.2,75.02,84.13,80.73,338
CCCC,4.30,-0.92,102,74,49,96,A+,D,C,8,-17,2625,-13.89,,69,10/2/2020,-291.7,26.48,44.02,45.95,3149
CDT,0.49,-5.71,4,25,75,1,A+,E,E,8,-99,649,,,95,-,,,,96.83,8654
CDXS,2.47,3.35,173,68,63,75,A+,D,C,8,-41,1356,102.15,,92,4/22/2010,-62.4,22.67,11.46,60,1025
CELC,107.95,3.31,341,35,14,66,A+,E,D,8,-46,1044,,,24,9/20/2017,,-5.97,-6.38,-12.79,1464
CELU,0.62,2.55,12,,,,A+,,E,8,-53,61,-77.37,,52,-,-345.4,,,-26.53,163
CELZ,1.21,-4.72,6,,,,A+,,E,8,-41,2426,-100,,6,-,-99916.8,37.6,18.4,54.1,3969
CERO,0.01,11.54,1,,,,A+,,A,8,-35,607,,,98,-,,88.87,98.69,99.34,934
CGEM,17.63,2.03,262,61,19,92,A+,E,B,8,-6,1075,,,29,1/8/2021,,9.68,25.29,-1.35,1162
CGEN,2.28,7.04,35,58,34,78,A+,C,D,8,1,495,-4.73,,55,8/11/2000,48.6,-176.54,-0.02,0,493
CGON,70.36,-0.75,492,55,9,82,A+,D,C,8,-22,792,1982.69,,33,1/25/2024,-3985.0,-31.4,-22.57,-57.78,1052
CGTX,1.17,3.54,20,63,69,75,A+,E,C+,8,37,2059,,,52,10/8/2021,,-0.78,43.18,64.29,1515
CHRS,1.45,0.69,137,22,35,40,A+,E,E,8,-26,851,62,,57,11/6/2014,-434.2,34.94,37.18,34.15,1154
CING,5.38,-8.66,10,34,42,54,A+,E,D+,8,-36,378,,,73,12/8/2021,,41.93,42.71,8.65,601
CLDI,0.15,-5.70,9,,,,A+,,B,8,-55,3064,,,79,-,,,,80.09,7023
CLDX,38.37,4.32,401,65,8,88,A+,E,A+,8,-24,877,-97.84,,5,-,-16748.0,-11.6,-24.3,-45.68,955
CLLS,3.30,12.24,9,28,19,41,A+,D,D-,8,-7,33,-37.25,,63,3/25/2015,-102.3,-31.76,-9.58,0,36
CLNN,6.10,-0.49,12,32,21,65,A+,E,C-,8,-95,30,-81.48,,12,8/27/2018,-13086.5,32.6,52.82,-666.67,601
CLRB,2.81,-0.71,15,,,,A+,,A-,8,-98,26,,,79,-,,75.49,85.74,68.33,1301
CLSDQ,0.13,4.17,1,,,,A+,,D,8,-95,0,-80.64,,40,6/2/2016,-2064.4,,,23.93,8
CLYM,12.90,-2.93,63,71,23,99,A+,E,B,8,-4,1177,,,5,8/10/2021,,0.87,-61.86,35.48,1237
CMMB,2.27,33.53,3,,,,A+,,B,8,2931,1393,,,28,2/12/2019,,-11.11,,89.29,45
CMND,2.36,2.61,1,,,,A+,,A+,8,-98,67,,,58,-,,,,93.84,2209
CMPS,13.62,2.48,84,76,35,99,A+,E,A-,8,1,4104,,,66,9/18/2020,,76.17,5.92,395.83,4103
CMPX,2.27,4.13,216,13,35,6,A+,E,D,8,-70,2940,,,12,11/2/2021,,-3.81,20.95,16.67,9191
CNSP,5.07,8.33,6,,,,A+,,A+,8,-99,11,,,90,11/8/2019,,95.38,96.26,61.5,1768
CNTB,2.46,2.93,13,24,8,48,A+,E,E,8,54,447,-100,,36,3/19/2021,-86379.7,-11.08,-38.7,-79.1,294
CNTN,2.84,-3.40,15,42,72,43,A+,E,D,8,-55,406,,,3,1/12/2022,,,,82.05,920
CNTX,0.65,7.46,32,7,11,9,A+,E,E,8,25,2614,,,35,10/20/2021,,-3.22,-2.38,-80,2101
CNXU,10.86,5.85,,1,2,24,A+,E,,8,-10,70,,,41,-,,,,,
COAG,31.00,-4.62,12,1,5,28,A+,E,,8,-28,252,,,23,5/1/2026,,91.19,,,
COCP,1.04,-0.95,9,,,,A+,,D+,8,-85,17,,,72,-,-3924.0,12.18,17.5,26.09,118
CODX,2.99,-2.92,1,,,,A+,,B-,8,-86,1005,190.3,,7,7/12/2017,-11600.0,65.53,,43.61,7116
COGT,38.69,0.55,555,57,30,72,A+,E,B,8,-22,1859,,,17,3/29/2018,,-3.78,13.55,16.58,2406
COSM,0.24,17.61,10,,,,A+,,D+,8,166,18866,30.54,,83,-,-29.3,101.61,110.48,-89.95,7390
COYA,5.86,3.53,41,63,31,71,A+,E,A+,8,-38,107,-2.61,,75,12/29/2022,-267.1,-6.86,3.97,27.27,175
CRBP,9.25,1.98,79,23,17,45,A+,E,C,8,-17,445,,,40,-,,21.35,12.59,11.51,541
CRBU,1.82,3.41,99,36,49,49,A+,E,D-,8,-4,1869,1.87,,47,7/23/2021,-1332.3,24.91,7.43,39.53,2012
CRDL,1.05,,13,14,34,21,A+,E,E,8,-8,413,,,60,-,,-23.32,3.15,-2.31,452
CRIS,0.35,-17.89,15,,,,A+,,C,8,-26,2373,-100,,98,-,-80.3,-172.41,39.34,0,3750
CRNX,42.23,9.18,516,49,11,67,A+,D,A,8,75,2177,2873.41,,31,7/17/2018,-6043.9,2.35,0.7,-18.27,1262
CRSP,60.08,8.02,439,46,20,66,A+,E,C,8,67,2932,68.55,,10,10/19/2016,-16466.2,25.33,50.14,18.99,1757
CRVO,3.55,-3.79,16,,,,A+,,E,8,-95,310,-100,,3,-,-673.1,9.49,-14.08,-53.61,6782
CRVS,15.23,3.18,220,49,29,86,A+,E,C,8,-18,1319,,,11,3/23/2016,,-258.33,-59.21,-15.38,1634
CTMX,3.82,6.11,175,25,8,45,A+,D,C,8,27,5124,-79.85,,22,10/8/2015,-22.5,-177.09,-1673.02,-137.04,4315
CTNM,15.10,-0.92,88,68,39,83,A+,E,B,8,28,379,,,2,4/5/2024,,24.09,27.62,37.1,301
CTOR,0.68,-3.39,9,10,15,30,A+,E,E,8,-85,10,,,76,-,-747.6,-52.94,50,-145.45,78
CTXR,0.57,-5.63,9,,,,A+,,D,8,-70,207,,,66,-,-978.2,44.67,55,25.2,712
CUBT,0.90,19.71,,,,,A+,,E,8,-95,0,,,100,-,,,,47.59,2
CUE,28.26,-0.28,17,77,54,93,A+,D,C+,8,-98,33,1250.59,,90,1/2/2018,-95.0,20.95,37.41,78.82,626
CURX,0.25,-7.04,4,,,,A+,,E,8,-19,76,,,1,8/26/2025,,,,-2141.66,93
CVKD,3.60,13.56,12,,,,A+,,E,8,41,107,,,72,1/20/2023,,16.82,17.29,50.24,77
CVM,1.14,8.57,12,,,,A+,,C,8,21,659,,,93,-,,,,72.08,549
CYCN,3.43,1.78,17,,,,A+,,E,8,-77,13,-100,,79,-,-170.1,14.22,,-35.14,58
DARE,2.09,-0.95,11,,,,A+,,C+,8,-74,124,499.58,,76,4/10/2014,-1300.7,21.11,34.07,60,491
DBVT,15.82,0.57,25,38,68,40,A+,E,E,8,-26,196,12.5,,58,-,,9.76,65.16,57.69,263
DCOY,7.31,-4.07,6,,,,A+,,C+,8,-95,85,,,80,1/29/2015,,80.76,96.45,97.74,277
DERM,7.09,0.71,80,59,38,62,A+,D,B+,8,-53,134,21.48,,89,11/12/2021,-18.4,113.83,67.19,55.56,294
DFTX,44.19,1.82,288,67,7,99,A+,E,A,8,-20,2363,,,59,-,,-8.79,-11.27,-162.96,3006
DMAC,7.62,2.42,90,51,20,61,A+,E,A+,8,14,216,,,34,12/7/2018,,-11.95,-11.62,-5.56,194
DMRA,29.98,10.67,71,52,35,84,A+,E,D,8,50,761,,,9,10/29/2020,,50.76,83.66,67.64,556
DNLI,25.83,-0.58,456,72,22,92,A+,E,A+,8,-19,1542,,,33,12/8/2017,,17.22,1.19,11.54,1912
DNTH,94.34,4.58,408,62,13,89,A+,E,B,8,-18,753,-60.19,,9,6/21/2018,-7973.3,10.74,3.83,-3.66,944
DRMA,1.34,-2.90,6,,,,A+,,A,8,177,182,,,44,8/13/2021,,72.92,66.87,89.33,68
DRTS,13.23,4.67,10,73,10,98,A+,E,A+,8,24,1155,,,41,-,,-28.76,-12.7,-108,930
DRUG,67.60,1.59,118,18,3,50,A+,E,E,8,-28,235,,,0,-,,-256.69,-139.13,-164.08,326
DSGN,15.64,6.68,195,65,19,95,A+,E,B,8,56,1578,,,9,3/26/2021,,-11.48,-1.26,6.45,1030
DTIL,8.18,3.81,48,81,58,94,A+,D,C+,8,69,601,37272.41,,95,3/28/2019,-136.0,21.18,62.91,66.06,368
DWTX,1.49,-0.67,7,20,58,5,A+,E,D+,8,33,108,,,52,12/17/2020,,91.8,92.96,98.22,94
DYAI,0.94,-7.79,14,,,,A+,,A,8,-70,97,182.28,,61,-,-238.3,56.52,41.67,28.57,320
DYN,23.07,5.87,376,73,42,87,A+,E,A,8,23,2165,,,11,9/17/2020,,10.97,22.47,30.48,1787
ECOR,8.77,5.66,13,67,16,93,A+,D,B,8,-53,54,42.64,,86,6/22/2018,-43.6,9.06,5.91,-25.53,115
EDIT,3.65,11.28,180,83,70,89,A+,D,B,8,71,4202,-39.22,,88,2/3/2016,-395.0,44.82,57.36,71.74,2508
EDSA,7.50,-3.23,11,40,20,95,A+,E,E,8,-88,68,,,59,-,,-47.51,-132,-63.33,596
EIKN,12.54,2.37,,32,9,53,A+,E,C,8,33,458,,,25,2/5/2026,,94,,,362
ELDN,3.95,1.28,117,51,24,90,A+,E,E,8,-19,1165,,,37,9/17/2014,,-70,-21.54,-312.5,1463
ELOX,12.56,3.84,,,,,A+,,A,8,70,92,,,94,-,,,,,22
ELTX,3.22,-37.35,29,23,53,2,A+,E,D,8,152,4353,,,76,2/5/2021,,19.86,18.56,25.29,1740
ELVN,49.82,2.17,310,79,39,94,A+,E,A-,8,-42,854,,,2,3/12/2020,,5.57,20.32,33.33,1403
ENLV,0.53,-2.58,9,20,70,4,A+,E,E,8,54,570,,,77,7/31/2014,,-104.18,86.23,1051.54,372
ENSC,0.28,-5.87,5,,,,A+,,B,8,-89,316,-27.18,,75,-,-200.8,50.27,36.71,62.59,2706
ENTA,15.11,2.30,223,76,61,78,A+,E,B,8,38,299,14.96,,82,3/21/2013,-127.9,40.73,40.64,57.55,221
ENTX,1.66,-1.78,11,47,19,60,A+,E,A,8,-89,127,100,,40,6/28/2018,-27235.7,-36,-33.33,-16.67,1212
ENVB,1.45,-3.33,6,,,,A+,,D,8,-92,125,,,25,-,,,,92.61,1435
EPRX,6.69,-0.30,27,21,10,39,A+,E,E,8,14,359,,,12,-,,15.88,7,-23.02,315
EQ,2.91,-4.28,30,65,53,97,A+,E,E,8,372,3058,-100,,13,10/12/2018,,40.38,66.55,75.33,738
ERAS,18.47,3.07,338,56,13,92,A+,E,B,8,-50,4096,,,33,7/16/2021,,-118.32,4.69,-445.45,7308
ERNA,6.27,-6.48,5,,,,A+,,A+,8,-100,14,-100,,70,-,,-977.96,75.48,83.61,2038
ESLA,0.98,,13,14,33,22,A+,E,E,8,-53,18,,,97,-,,-14.63,48.28,9.52,40
ETON,37.50,2.38,130,99,81,96,A+,C,A+,8,27,528,40.41,,0,11/13/2018,-5.7,645.45,248.13,333.33,412
EVAX,3.41,6.56,7,,,,A+,,E,8,-30,21,2962.04,,95,2/5/2021,-114.4,-25,50,98.6,30
EVMN,12.96,1.09,122,6,6,10,A+,E,E,8,93,1345,-100,,77,11/6/2025,-529.8,73.38,-0.42,-33.04,704
EWTX,39.56,1.05,364,56,17,93,A+,E,D,8,-50,793,,,8,3/26/2021,,-21.68,-39.46,-6.98,1564
EXOZ,8.48,-0.24,10,20,12,27,A+,E,C,8,673,51,,,85,11/13/2024,,,,-26.3,7
EYPT,13.98,5.95,281,23,9,54,A+,E,E,8,36,1491,-97.16,,14,-,-738.5,-11.35,-11,-52.31,1113
FATE,2.92,-3.31,159,82,46,99,A+,E,A,8,-2,4193,-20.26,,28,10/1/2013,-2051.1,5.93,7.52,18.75,4319
FBIO,3.04,-1.62,23,47,57,46,A+,C,E,8,-22,333,22.06,,73,-,-53.0,3528.57,-144.44,687.5,431
FBLG,0.88,-3.40,11,,,,A+,,B+,8,-98,59,,,83,1/31/2024,,59.23,65.63,46.68,252
FBRX,20.92,-1.88,70,31,25,36,A+,E,B-,8,39,402,,,71,4/13/2017,,12.82,-7.29,9.49,305
FDMT,13.00,2.44,238,76,23,95,A+,D,A,8,16,1003,21664.29,,92,12/11/2020,-164.4,-66.79,-3.44,-17.44,894
FENC,10.70,3.48,94,80,31,87,A+,D,A,8,-52,141,72.55,,85,-,-21.6,170.95,118.18,125,296
FHTX,5.30,5.79,131,47,19,55,A+,D,A,8,127,402,-45.11,,65,10/23/2020,-240.3,13.64,12.5,3.33,181
FLNA,1.23,-1.60,51,20,63,6,A+,E,D,8,72,637,,,77,7/14/2000,,49.47,75.54,56.25,378
FTH,22.92,-3.13,19,35,21,71,A+,E,E,8,225,186,,,18,2/4/2021,,-691.77,9.34,-2334.26,59
FULC,3.84,5.49,211,9,28,3,A+,E,D-,8,-33,1710,,,3,7/18/2019,,33.72,20.25,10.71,2596
GALT,4.51,4.16,34,75,57,82,A+,E,A+,8,20,723,,,77,-,,22.92,25,46.67,623
GANX,1.91,-4.02,20,25,26,37,A+,E,C,8,12,769,,,59,3/18/2021,,8.52,27.37,18.75,909
GDTC,0.97,-1.53,1,,,,A+,,C-,8,-97,1,149.21,,38,4/14/2023,-1230.0,,,-27.2,21
GENB,17.41,5.52,54,55,19,75,A+,E,C,8,7,833,,,51,2/27/2026,-698.6,55.12,,,821
GHRS,27.01,2.23,42,65,10,97,A+,E,B+,8,-35,168,,,8,6/25/2021,,-57.5,-110.83,-63.16,258
GLMD,0.57,-11.95,4,,,,A+,,A+,8,-80,111,,,47,3/13/2014,,21.67,38.71,63.61,602
GLSI,22.00,-7.17,88,33,14,75,A+,E,E,8,-29,102,,,79,9/25/2020,,5.61,-11.28,-57.01,142
GLUE,24.21,0.79,307,66,6,96,A+,D,B-,8,28,1392,-95.04,,33,6/24/2021,-32.1,-256.23,-154.56,-178.83,1135
GNLX,2.99,3.10,23,22,23,45,A+,E,D+,8,13,196,,,2,1/26/2023,-401812.5,5.23,1.67,4.76,174
GNPX,0.58,7.80,5,,,,A+,,D,8,-65,247,,,54,3/29/2018,,,,95.06,690
GNTA,1.72,-1.71,11,51,52,59,A+,E,B+,8,-95,93,,,,12/15/2021,,-45.17,,48.49,1813
GOSS,0.17,3.28,147,5,11,1,A+,E,E,8,28,16527,71.45,,58,2/8/2019,-351.7,47.2,32.44,-25,13055
GOVX,1.19,-5.56,7,,,,A+,,A+,8,-95,305,-100,,88,-,-862.3,61.18,75.34,76.61,6328
GPCR,53.45,2.55,315,48,23,75,A+,E,B+,8,-30,593,,,6,2/3/2023,,42.89,64.77,-28.62,854
GRCE,2.37,5.80,11,19,31,8,A+,E,C+,8,-54,269,,,39,-,,-10.04,38.43,-154.55,585
GRI,1.87,5.06,4,,,,A+,,B+,8,-47,39,,,19,2/10/2021,,96.08,96.75,99.01,73
GTBP,0.47,-4.49,8,,,,A+,,C,8,-48,857,,,62,-,,94.91,99.27,83.27,1674
GUTS,0.76,-2.62,35,31,41,42,A+,E,C,8,-54,842,-100,,60,2/2/2024,,75.66,74.99,112.16,1976
HCWB,4.30,-6.11,8,,,,A+,,E,8,-96,102,128862.09,,11,7/20/2021,-14677.1,95.48,95.14,118.5,2639
HELP,6.24,-0.64,25,,,,A+,,A-,8,-20,910,,,32,-,,33.96,21.73,8.36,1143
HIND,2.30,2.22,9,,,,A+,,E,8,-35,20,-97.16,,25,10/6/2016,-3277.2,68.84,97.4,-100.19,29
HOWL,0.34,-3.57,17,13,48,2,A+,E,E,8,0,684,,,86,4/30/2021,,33.08,30,30,684
HUMA,0.71,5.56,127,16,26,25,A+,E,E,8,18,12889,-4.26,,19,-,-2003.6,-30.77,59.17,-132.14,11102
HURA,2.44,-0.41,67,44,36,74,A+,E,C-,8,-49,363,,,87,-,,11.11,26.98,18.21,719
HYFT,1.57,-3.09,4,48,59,68,A+,E,E,8,-1,365,-28.66,,79,-,-139.8,67.82,-38.15,87.21,372
IBIO,1.68,-4.00,23,43,72,56,A+,E,E,8,-20,764,-100,,18,-,-4594.3,81.01,79.91,85.71,1000
IBO,0.47,-2.48,3,,,,A+,,E,8,28,83,,,99,9/16/2024,-45156.3,,,79.8,69
ICU,4.92,1.23,9,,,,A+,,A+,8,211,280,68.94,,46,-,-984.4,37.88,46.11,79.55,91
IFRX,2.24,-3.86,12,68,31,97,A+,E,B+,8,-64,777,-79.32,,6,11/8/2017,-155540.2,54.74,72.19,36.77,2154
IGC,0.28,2.26,8,,,,A+,,D,8,-42,441,21.92,,67,-,-560.3,44.44,-3.85,0,732
IKT,1.99,2.58,106,63,40,72,A+,E,A,8,-15,679,,,4,12/23/2020,,14.87,3.9,33.33,804
IMA,5.83,1.04,23,39,52,32,A+,E,A,8,-77,8,,,13,3/26/2021,-5712.4,57.43,-53.98,49.83,35
IMDX,5.74,0.88,20,70,57,90,A+,D,D,8,-61,142,-98.5,,30,-,-1238.5,49.39,20,53.85,362
IMMP,0.42,-2.20,14,18,5,21,A+,D,A,8,-24,763,20.8,,37,-,-2026.1,3.61,,-125.04,1054
IMMX,10.34,5.19,36,48,13,90,A+,E,D-,8,41,2075,,,37,12/16/2021,,22.54,22.25,-19.11,1534
IMNM,23.61,9.87,349,59,36,83,A+,E,C,8,48,1870,-100,,10,10/2/2020,-3060.0,11.83,-2.76,7.69,1326
IMNN,1.91,1.60,8,,,,A+,,E,8,-43,32,,,83,-,,51.92,50.36,77,57
IMRN,1.10,0.92,2,,,,A+,,A+,8,-84,18,3.43,,84,-,-86.8,98.57,,26.85,290
IMRX,5.19,2.77,68,34,58,35,A+,E,D,8,-29,1162,,,4,7/30/2021,,10.44,31.6,50,1670
IMTX,9.95,1.02,68,32,8,62,A+,E,D-,8,-20,440,-57.53,,70,-,-411.1,-3.09,27.03,-35.44,501
IMUX,14.80,-0.07,21,83,59,93,A+,E,A,8,-86,130,,,57,4/17/2014,,29.3,41.22,57.03,266
IMVT,38.79,1.70,338,75,23,95,A+,E,A+,8,-48,1049,,,34,-,,4.34,12.81,-14.06,2004
INAB,1.42,,11,,,,A+,,C+,8,-67,19,,,27,7/30/2021,,72.04,72.28,87.62,59
INBX,97.58,2.78,186,59,45,95,A+,E,E,8,-54,215,-100,,48,-,-10773.3,-2.16,-23.24,23.21,497
INDP,3.03,3.06,7,71,71,72,A+,E,A-,8,-87,147,,,75,8/4/2015,,,,97.43,1238
INKT,11.67,1.83,7,31,33,47,A+,E,B,8,-79,8,,,84,10/15/2021,,6.31,43.4,18.57,35
INMB,1.70,1.19,70,,,,A+,,A+,8,37,964,-100,,61,2/4/2019,-91866.0,62.23,82.14,53.49,705
INO,1.22,2.52,40,14,41,5,A+,E,D+,8,11,2771,-100,,88,-,-130000.0,50.66,59.28,45.1,2516
INTS,4.24,2.17,2,,,,A+,,A+,8,260,143,,,57,6/30/2023,,59.61,73.15,82.55,41
IOBTQ,0.01,-16.39,4,,,,A+,,C,8,-44,264,,,78,11/5/2021,,39.29,70.56,63.89,483
IPHA,1.80,-0.55,4,27,20,63,A+,E,E,8,-92,6,5.72,,27,10/17/2019,-1987.2,53.55,-2.76,-6.31,83
IPSC,2.43,1.67,42,49,25,90,A+,D,E,8,-32,840,-100,,29,6/18/2021,-8.8,-224.6,71.05,-112.36,1284
IRD,4.23,1.20,31,43,24,76,A+,E,E,8,-15,848,-50.64,,53,-,-349.3,-40.86,-29.9,-212.5,1037
IRON,76.26,1.75,398,44,6,70,A+,E,A-,8,43,986,,,7,8/12/2020,,-15.77,-8.38,-61.76,575
ITRMF,0.05,,2,,,,A+,,A+,8,-76,18,,,77,5/25/2018,-6842.3,17.98,-66.67,33.33,119
IVA,3.91,5.96,31,24,54,18,A+,E,D-,8,168,1833,-99.66,,0,7/10/2020,-7942.1,65.05,75.79,75.02,690
IVVD,0.89,4.61,85,19,37,13,A+,D,E,8,-46,2203,21.59,,81,8/6/2021,-98.3,-40,11.11,7.14,4363
IXHL,3.97,7.01,7,35,75,29,A+,E,D-,8,57,491,-100,,2,-,-56559.3,96.14,99.15,94.67,320
JANX,15.54,6.00,331,17,19,40,A+,E,E,8,-8,1038,,,64,6/11/2021,-1136.3,6.83,54.31,-2.63,1135
JBIO,21.51,-1.38,152,74,75,94,A+,E,D,8,19,1205,,,19,6/30/2021,,17.73,26,95.29,1058
JSPR,0.43,-5.76,33,,,,A+,,E,8,-55,222,,,75,-,,72.19,82.86,97.16,489
JUNS,0.22,3.72,8,,,,A+,,C,8,-82,1513,,,12,12/3/2024,-39662.8,,,-26.69,8744
KALA,1.68,-5.62,11,22,71,1,A+,E,D-,8,-62,75,,,41,7/20/2017,,,,99.81,121
KAPA,0.37,0.54,8,,,,A+,,E,8,-27,104,,,29,9/16/2024,,-28.51,-13.29,4.03,151
KLRA,21.99,5.62,46,1,1,25,A+,E,,8,-50,392,,,32,4/17/2026,,-106.46,,,831
KLRS,4.75,4.86,36,30,66,31,A+,E,E,8,-33,56,,,24,7/30/2020,,28.9,18.85,81.75,85
KOD,38.54,3.49,292,50,21,85,A+,E,D,8,40,1006,,,65,10/4/2018,,13.38,6.97,13.76,727
KPRX,2.63,-1.13,11,,,,A+,,B,8,-79,9,,,46,-,,-0.76,12.96,-11.54,43
KROS,11.26,3.49,231,26,28,20,A+,D,B,8,28,404,-99.83,,18,4/8/2020,37.6,-353.23,-76.32,-133.43,317
KRRO,14.00,2.56,107,45,27,66,A+,E,A,8,88,325,-100,,23,10/3/2019,-1824.5,56.56,51.17,32.13,174
KTTA,0.55,-3.02,12,,,,A+,,B,8,-54,422,,,3,9/15/2021,,73.57,75.67,90.08,917
KURA,11.10,2.97,292,57,8,84,A+,E,A,8,7,1889,29.47,,52,-,-412.5,-11.47,-19.34,-25.76,1780
KYMR,113.51,-0.60,552,71,23,93,A+,E,A,8,-4,788,55.5,,26,8/21/2020,-794.0,5.82,23.52,13.41,829
KYNB,7.63,1.06,19,,,,A+,,D,8,-74,5,37.04,,82,11/14/2014,-905.2,-130.61,-74.04,-400.8,19
KYTX,8.89,5.33,95,46,37,74,A+,E,C,8,29,1454,,,39,2/8/2024,,21.29,30.05,35.92,1148
KZIA,13.25,-1.05,8,64,67,95,A+,E,E,8,-46,116,,,,-,-53945.2,88.24,72.8,63.13,219
LABT,2.75,-16.67,,1,4,19,A+,E,,8,60,775,,,99,-,,-356.02,-307.32,-905.38,
LBRX,33.43,4.83,140,53,7,93,A+,E,D,8,76,406,,,3,9/11/2025,,-12.55,-289.71,-190.07,234
LCTX,1.35,3.85,47,23,16,26,A+,D,D,8,-56,724,14.85,,91,3/5/1992,-471.6,75.51,84.62,-50,1648
LENZ,5.89,1.73,206,5,5,3,A+,E,D-,8,28,1028,,,29,6/25/2021,-427.6,-60.03,-101.71,-149.06,812
LGVN,0.69,-5.29,9,,,,A+,,E,8,10,363,4.46,,34,2/12/2021,-1893.6,50.39,46.97,44.12,342
LIMN,0.14,24.13,8,,,,A+,,E,8,5476,525181,,,90,-,,,,-317517.19,11644
LIXT,7.21,-6.00,8,74,36,96,A+,E,B+,8,129,615,,,70,-,,,,37.89,272
LNAI,3.20,3.56,13,,,,A+,,A+,8,-96,59,,,97,-,-612568.1,,,59.18,1458
LONA,8.87,5.85,18,34,29,67,A+,E,E,8,-23,23,,,28,9/18/2020,,89.59,37.81,24.78,31
LPCN,2.39,-2.85,30,7,7,7,A+,E,D-,8,-41,67,1172.02,,67,-,-487.0,-12.72,-6.1,-54.29,115
LSTA,3.33,-0.89,20,,,,A+,,E,8,-84,13,-90,,26,-,-10322.4,42.91,,9.37,114
LTRN,3.97,-1.24,24,67,45,79,A+,E,A,8,-66,87,,,80,6/11/2020,,3.82,5,28.57,253
LXEO,4.69,5.39,197,24,69,17,A+,E,E,8,0,826,,,19,11/3/2023,,37.66,52.47,74.75,834
LXRX,2.32,-0.85,64,83,44,95,A+,C,A-,8,-20,2630,1572.11,,61,4/7/2000,-101.1,-13.33,-602.33,107,3419
LYEL,14.05,8.33,73,26,59,23,A+,E,E,8,58,220,-71.43,,0,6/17/2021,-762355.6,45.24,26.74,84.72,144
MAIA,1.45,1.40,15,,,,A+,,D,8,-39,447,,,54,7/28/2022,,28.13,35.46,21.28,742
MANE,129.74,0.98,96,51,4,83,A+,E,C,8,-18,582,,,1,2/4/2026,,-47.12,,,712
MAZE,31.26,4.86,234,45,51,57,A+,E,C,8,-12,576,,,14,1/31/2025,-612.7,10.51,6.8,60.87,672
MBIO,0.70,0.24,9,,,,A+,,E,8,-49,29,,,78,-,,,,-165.35,157
MBOT,1.91,,32,22,59,11,A+,E,D,8,-47,774,,,9,3/25/1992,-13535.2,-6.85,13.12,34.67,1464
MBRX,2.64,-1.86,8,,,,A+,,A+,8,-40,362,,,84,6/2/2016,,81.3,86.9,79.48,593
MBX,57.80,3.36,265,85,40,98,A+,E,A+,8,1,829,,,4,9/13/2024,,-17.9,-9.4,28.17,830
MCRB,7.74,-2.52,33,9,12,8,A+,E,D,8,73,131,,,24,6/26/2015,721.9,-1274.22,3.74,-155.47,76
MDWD,15.16,2.29,88,19,12,20,A+,E,C,8,-41,53,-62.71,,56,3/20/2014,-139.8,-9.92,38.08,-228.57,89
MENS,2.22,8.29,12,8,8,19,A+,E,D-,8,111,207,,,,6/17/2025,,,,-101.95,98
MESO,14.38,2.06,20,31,42,30,A+,C,E,8,19,192,331.43,,78,-,-592.5,59.69,85.24,25.95,174
MGTX,13.92,8.75,152,84,25,95,A+,D,A+,8,28,1121,-84.79,,91,6/8/2018,-140.3,-13.64,35.12,-11.76,923
MGX,1.26,4.13,26,11,19,15,A+,E,D,8,116,356,-69.76,,49,2/9/2024,-348.8,10.01,-6.73,10.29,164
MIRA,0.94,-0.26,8,14,39,14,A+,E,D,8,-62,45,,,0,8/3/2023,,,,75.84,121
MLEC,7.96,3.02,1,,,,A+,,D+,8,-90,10,-1.05,,68,-,-39.9,,,-330.63,99
MLTX,18.95,-0.94,144,14,8,35,A+,E,C-,8,30,1392,,,37,10/20/2020,,-8.36,-6.03,-55.56,1068
MLYS,27.69,2.98,370,49,58,50,A+,E,B-,8,-57,701,,,1,2/10/2023,,-0.87,16.88,40.51,1646
MNOV,1.43,0.70,22,47,31,48,A+,E,A+,8,-36,27,-99.72,,32,-,-2927.3,-8.33,2.56,23.08,44
MNPR,97.79,2.90,116,76,26,94,A+,E,A+,8,15,188,,,1,12/19/2019,,-49.98,-109.63,-21.05,164
MOLN,3.98,1.27,3,31,27,36,A+,E,C+,8,728,47,,,29,6/16/2021,,9,26.39,11.6,6
MPLT,37.09,2.80,127,54,3,90,A+,E,C,8,1,367,,,8,10/27/2025,,72.21,-82.97,-148.51,376
MREO,0.33,3.62,21,21,35,11,A+,E,B,8,-62,1429,,,73,-,-8745.6,24,60,50,3837
MRKR,1.47,1.38,10,,,,A+,,E,8,-14,54,-100,,74,-,-343.4,-21.92,24.58,58.85,63
MSLE,7.42,-2.11,16,48,23,79,A+,E,B-,8,-41,21,,,16,-,,-22.94,-43.46,-10.42,37
MTNB,0.63,0.43,9,,,,A+,,C,8,-69,58,,,85,-,,,,18.07,182
MTVA,1.48,2.07,7,,,,A+,,B,8,-97,154,,,71,8/5/2016,,66.17,71.33,80.05,4641
NAMS,34.83,-0.97,293,46,21,70,A+,E,C-,8,-9,1203,2.08,,43,-,-905.7,-12.15,-199,3.41,1398
NAUT,1.73,-5.98,46,22,34,41,A+,E,E,8,31,810,,,25,8/7/2020,,-9.57,-12.5,7.69,622
NBP,2.14,7.54,48,19,33,13,A+,E,C,8,77,1559,,,40,1/17/2020,,-130.95,-450,-7.08,881
NBTX,38.40,-2.74,4,72,77,91,A+,E,E,8,15,95,,,9,12/11/2020,-90.3,60.1,,,83
NCEL,3.85,,3,,,,A+,,A+,8,-38,37,,,,1/29/2021,,,,49.86,62
NCNA,1.36,-5.56,1,,,,A+,,E,8,341,179,,,14,9/28/2017,,,,100.12,42
NERV,5.10,-0.97,23,29,8,63,A+,E,C,8,30,287,,,15,7/1/2014,,-87.04,55.04,-472,225
NEUP,3.38,-4.79,15,,,,A+,,E,8,79,119,-100,,5,12/16/2021,-5.3,-1669.57,-108.06,-102.07,69
NGEN,2.12,1.44,2,12,34,8,A+,E,E,8,-33,605,,,85,-,,4.73,22.95,66.1,913
NGNE,35.34,4.31,151,70,16,96,A+,E,A+,8,106,363,,,22,3/7/2014,,-30.01,-35.56,-28.7,179
NKTR,71.04,10.33,187,47,33,75,A+,E,D+,8,-3,1121,3.83,,72,5/3/1994,-281.5,6.87,30.88,49.44,1171
NKTX,3.22,12.98,139,63,30,94,A+,E,B-,8,112,1502,,,22,7/10/2020,,-0.87,-16.23,13.95,715
NMRA,1.67,3.09,82,34,39,35,A+,E,C+,8,-58,1058,,,56,9/15/2023,,36.94,27.72,28.57,2531
NMTC,3.00,,10,,,,A+,,D-,8,-99,17,72.46,,84,-,-29.8,-1322.22,-224.07,40.48,33
NNNN,12.70,2.88,2,43,84,3,A+,A,E,8,11,41,87.39,,5,2/19/2025,74.1,,,321.02,35
NNVC,1.33,-1.48,9,,,,A+,,C,8,-87,137,,,67,-,,36.13,29.1,33.45,1063
NRIX,23.97,0.25,343,72,13,93,A+,D,A,8,-37,1428,-66.12,,48,7/24/2020,-314.0,17.94,-39.01,-17.91,2159
NRSN,0.71,-2.07,2,,,,A+,,E,8,40,232,,,,12/9/2021,,4.55,63.11,-100.14,173
NRXP,3.87,0.26,16,68,59,88,A+,E,D+,8,-51,669,,,94,-,-2336.5,72.07,,88.24,1322
NRXS,7.06,-0.28,14,63,47,82,A+,D,D+,8,-73,41,79.52,,71,8/9/2023,-218.6,28.26,-43.67,46.61,154
NSRX,3.50,-0.43,2,,,,A+,,C,8,-69,23,,,,8/13/2025,,-732.89,-1363.51,,76
NTHI,4.42,-0.90,16,14,27,6,A+,E,C,8,-10,90,-100,,99,3/26/2025,-155404.4,78.06,61.17,81.87,103
NTLA,17.56,1.86,398,72,49,86,A+,D,B,8,-44,4165,-9.5,,54,5/6/2016,-609.9,15.48,17.58,26.36,7477
NTRB,3.06,-0.97,10,11,39,7,A+,E,E,8,6,11,-35.06,,64,10/1/2021,-404.1,,,18.16,11
NUVL,123.73,0.11,600,51,11,83,A+,E,D,8,-48,1298,,,16,7/29/2021,,3.46,-1.63,-17.8,2522
NVCT,19.57,0.26,74,66,20,99,A+,E,A,8,158,655,,,75,2/4/2022,,21.52,12.67,3.7,257
NXTC,1.88,-3.59,23,,,,A+,,E,8,-45,56,,,60,5/9/2019,,62.73,82.99,60.04,106
OABI,2.42,1.26,173,69,46,87,A+,E,B-,8,-58,291,247.3,,71,-,-355.2,28.32,20,64.71,775
OBIO,4.19,-2.56,55,53,44,57,A+,D,C+,8,-29,253,-87.33,,92,8/3/2020,-157.4,-40.88,21.6,32.65,358
OCGN,1.51,2.03,64,26,13,41,A+,D,C-,8,-11,6962,3.51,,37,12/3/2014,-1537.4,1.86,-8.57,-20,8318
OCS,14.12,4.36,60,18,46,8,A+,E,D,8,-49,398,-100,,56,-,,8.05,17.78,25.04,821
OCUL,9.64,1.80,322,36,17,47,A+,E,A-,8,-37,1834,0.81,,51,7/25/2014,-511.9,-12.52,-1.4,-5.26,2953
ODTX,16.80,1.14,9,1,2,35,A+,E,,8,-51,207,,,31,5/8/2026,-5026.0,-41.3,,,
OGEN,0.58,-3.48,3,,,,A+,,A+,8,-22,36,,,53,-,,,,85.98,50
OKUR,4.58,2.69,31,62,27,87,A+,E,A,8,-29,222,,,21,4/9/2021,,43.11,48.83,6.72,330
OKYO,1.57,4.67,4,11,26,17,A+,E,E,8,127,126,,,,5/17/2022,,16.09,-77.75,13.4,57
OLMA,12.64,4.64,359,23,18,45,A+,E,C-,8,-5,1376,,,26,11/19/2020,,-18.21,-8.13,-44.44,1496
OMER,9.28,-1.38,168,52,72,61,A+,E,E,8,-27,1376,,,32,10/8/2009,870.1,198,42.45,206.9,1890
ONCO,0.96,-11.53,3,,,,A+,,B,8,-69,398,-78.89,,99,2/18/2022,-1720.9,,,96.31,1074
ONCY,0.90,-0.18,4,18,24,39,A+,E,E,8,-55,607,,,84,-,,-13.05,-6.38,-40.2,1369
OPTEY,0.03,23.91,1,55,78,13,A+,E,A+,8,41,42,-99.52,,91,-,-678952.0,,,268.09,25
ORIC,11.64,6.89,291,54,46,47,A+,E,A-,8,36,2174,,,16,4/24/2020,,0.47,23.5,19.05,1617
ORKA,85.21,-8.66,328,69,24,98,A+,E,B,8,157,4524,,,7,8/8/1997,,-14.19,-11.45,-20,1871
ORMP,4.60,-0.22,44,88,74,92,A+,D,C+,8,16,361,-100,,64,-,3766.2,4821.01,120.98,189.25,319
OSRH,0.32,3.42,5,,,,A+,,E,8,-83,1324,-36.41,,35,-,-994.2,,,81.27,7731
OSTX,1.89,4.42,12,,,,A+,,A,8,-21,626,,,99,8/1/2024,,28.91,18.01,-50,792
OTLK,1.45,-1.36,21,71,68,72,A+,E,A,8,-76,5166,,,35,-,-4526.0,73.18,77.73,60,22254
OVID,2.69,0.37,52,70,42,91,A+,D,D,8,-21,1887,-100,,98,5/5/2017,-240.1,-110,-91.67,14.29,2576
PALI,2.10,6.60,51,69,74,79,A+,E,C,8,-12,3353,,,7,-,,22.76,90.94,89.24,3874
PASG,4.68,2.18,20,,,,A+,,E,8,-48,45,,,81,2/28/2020,,27.27,10.59,50.08,107
PBLS,29.58,6.56,1,1,5,29,A+,E,,8,-78,303,,,51,6/10/2026,,,,,
PBM,3.04,-2.25,1,,,,A+,,A+,8,-87,41,,,39,-,,,,96.25,315
PCVX,58.39,4.12,711,44,5,72,A+,E,B,8,-38,1379,,,42,6/12/2020,,-48.9,-68.49,-121.15,1715
PDSB,0.85,-2.39,18,40,53,53,A+,E,D,8,-37,576,,,76,10/1/2015,,32.88,39.68,38.1,916
PEPG,1.76,-2.76,83,29,62,15,A+,E,B-,8,-60,296,,,18,5/6/2022,,47.45,59.36,71.74,744
PGEN,5.64,7.43,221,85,42,94,A+,D,A,8,3,4766,1633.93,,50,8/8/2013,-2588.2,97.89,86.76,88.89,4639
PHGE,0.32,-0.09,4,,,,A+,,D,8,-96,396,,,86,-,,71.26,,64.92,7941
PHIO,1.00,,9,,,,A+,,C,8,5,169,,,14,-,,5.17,20,15.96,163
PHVS,33.86,-0.27,133,67,32,84,A+,E,B,8,23,478,,,26,2/5/2021,,12.69,23.03,27.52,393
PLRX,1.17,5.41,65,39,64,26,A+,E,B,8,56,702,,,15,6/3/2020,,42.64,51.86,65.22,454
PLRZ,13.80,8.83,2,,,,A+,,E,8,166,117,,,,10/29/2024,,,,99.38,44
PLUR,2.11,0.96,2,,,,A+,,E,8,-82,2,-60.89,,25,-,-1740.6,,,40.78,12
PLX,2.32,0.87,91,63,41,69,A+,B,C,8,-38,473,233.73,,36,-,-10.6,343.75,-304.08,540,759
PLYX,2.81,8.91,11,10,29,12,A+,E,D-,8,-3,236,,,66,-,,30.46,-54.18,57.65,246
PMCB,0.71,-3.51,10,,,,A+,,C+,8,-71,56,,,24,-,,,,-81.6,193
PMN,13.35,-0.74,13,,,,A+,,A,8,42,45,,,31,-,,76,80.17,76,32
PMVP,1.22,-1.61,47,26,27,34,A+,E,C,8,-58,143,,,26,9/25/2020,,1.13,2.44,0,342
PPBT,1.70,-2.86,1,,,,A+,,E,8,-87,47,,,84,-,,90.34,75.5,94.71,376
PPCB,1.77,22.92,,,,,A+,,C+,8,871,53166,,,74,-,,,,97.71,3627
PRAX,318.52,-0.34,577,53,18,82,A+,E,C,8,-30,358,,,16,10/16/2020,,-12.8,-10.82,2.74,523
PRLD,4.91,,39,79,62,97,A+,E,C-,8,-33,327,,,61,9/25/2020,-819.6,50,42.07,69.05,499
PRME,3.87,-0.51,215,52,48,57,A+,E,B-,8,100,5603,-41.13,,19,10/20/2022,-4342.4,26.15,37.26,30,2836
PROK,2.03,7.41,50,42,24,59,A+,E,A+,8,52,1597,-1.74,,16,6/30/2021,-16931.5,-23.95,-7.69,-7.69,1073
PRQR,1.81,3.43,32,35,16,38,A+,D,A-,8,26,1189,-53.22,,68,9/18/2014,-265.1,-16.02,6.23,-35.17,949
PRTA,9.69,1.15,228,55,61,54,A+,D,C-,8,-16,463,1706.36,,3,-,-2073.8,101.03,83.33,153.57,558
PRTCY,16.52,-5.79,7,19,7,45,A+,D,E,8,-88,1,-38.38,,29,-,-1996.1,-15.24,,-174.58,8
PSTV,3.98,-4.33,10,26,75,4,A+,E,D-,8,-59,223,-2.93,,54,-,-429.4,45.1,-276,96.47,188
PTHS,25.77,-7.96,11,17,12,58,A+,E,E,8,24,28,,,65,2/16/2024,-301.9,55.07,47.66,3.77,23
PTIX,0.23,-34.29,1,,,,A+,,E,8,1233,103,,,95,12/18/1996,,,,100.48,7
PTN,11.59,12.20,11,,,,A+,,E,8,51,26,,,17,-,-48.5,93.5,49.97,95.89,17
PULM,1.72,-1.15,11,,,,A+,,A+,8,9,35,,,57,-,,,,36.79,60
PVLA,146.76,6.15,251,69,28,92,A+,E,B,8,21,322,,,5,-,,-49.81,-34.76,-62.16,270
PYPD,5.02,-0.59,8,78,63,79,A+,E,A,8,77,224,,,81,6/26/2020,,31.71,53.18,50,128
PYXS,2.63,-7.72,43,65,30,94,A+,E,A,8,-18,695,,,72,10/8/2021,-564.5,5.47,-18.33,-5.71,853
QNCX,17.23,2.87,19,,,,A+,,E,8,-35,45,,,69,5/9/2019,,-298.93,86.18,125.76,66
QNRX,4.58,-2.76,11,,,,A+,,E,8,-85,39,,,70,-,,57.06,74.36,72.77,295
QNTM,3.51,4.46,3,12,51,4,A+,E,E,8,-72,114,,,92,-,,77.44,87,13.31,409
QSI,0.93,0.68,117,29,40,31,A+,E,C-,8,-6,6037,-69.36,,22,-,-4157.7,15.03,29.17,9.09,6514
QTTB,13.09,3.89,29,85,66,99,A+,D,B-,8,-81,163,,,59,3/28/2018,55.5,-175.04,28.46,40,849
QURE,41.81,-7.44,214,67,28,98,A+,E,B+,8,23,2811,127.31,,47,2/5/2014,-1201.0,-6.38,,-3.66,2311
RADX,4.37,2.82,1,23,20,25,A+,D,B,8,-43,18,14.34,,32,-,-1310.3,18.81,-244.02,-17.54,32
RANI,0.77,0.38,34,37,69,46,A+,E,E,8,-41,505,893.02,,45,7/30/2021,-2507.7,57.22,70.83,81.82,862
RAPP,38.97,-1.07,243,60,27,90,A+,E,C-,8,-27,254,,,6,6/7/2024,-536.4,-20.88,-28.24,38.24,353
RCKT,3.84,9.09,220,54,49,62,A+,E,B,8,7,2702,,,51,2/18/2015,,90.11,267.34,25,2588
RDHL,0.81,-2.13,2,,,,A+,,E,8,-83,42,59.84,,77,-,-2813.6,,,-47250.25,256
REPL,11.58,3.21,220,65,22,88,A+,E,A,8,-58,2845,,,58,7/20/2018,,35.93,33.92,7.32,6771
REVB,1.08,3.85,3,,,,A+,,A+,8,112,103,,,30,-,,79.14,97.04,89.3,50
RGC,6.37,-20.67,18,5,9,3,A+,E,E,8,355,941,,,,7/16/2021,,,,-186.9,205
RGNX,13.28,1.45,261,61,8,83,A+,D,A+,8,70,3299,-92.82,,66,9/17/2015,-113.8,24.71,117.89,-1533.33,1991
RGRX,0.00,,,,,,A+,,E,8,-36,0,-0.01,,30,12/23/1986,-2250.4,,,9.16,0
RLAY,18.65,5.01,350,80,40,98,A+,D,B,8,-24,3173,-60.93,,43,7/16/2020,-1800.6,3.76,3.96,10.87,4405
RLMD,6.28,-1.72,62,57,64,75,A+,E,E,8,-6,1449,,,14,-,,42.99,33.49,62.07,1602
RLYB,15.81,-0.78,21,75,59,98,A+,D,C-,8,-95,15,0,,27,7/29/2021,-944.5,-467.25,27.27,42.68,294
RNA,13.65,2.63,213,24,4,32,A+,E,C,8,-13,197,,,24,-,-266.6,-62.38,,,245
RNAC,10.59,4.03,105,51,5,80,A+,E,A,8,-43,178,-92.91,,15,6/22/2016,-4987.3,17.31,-275.57,-114.71,311
RNAZ,8.61,12.55,6,,,,A+,,B,8,-24,52,,,68,7/9/2021,,,,59.21,66
RNTX,0.99,1.38,16,23,51,10,A+,E,C-,8,-75,240,,,95,6/29/2017,,54.72,4.27,23.07,939
RNXT,0.92,-3.67,11,,,,A+,,B+,8,-30,205,185.79,,36,-,-994.5,7.81,9.38,-12.5,298
ROIV,35.13,0.29,667,79,42,92,A+,E,B,8,-18,5080,-66.71,,11,-,-3203.1,-132.02,-20.36,196.28,6238
RVMD,189.24,0.92,1033,68,6,99,A+,E,A-,8,7,3191,,,46,2/13/2020,,-33.53,-49.67,-102.65,3178
RVPH,0.66,0.36,14,,,,A+,,B,8,-95,48,,,63,-,,67.52,83.96,82.31,479
RXRX,3.80,3.54,324,55,53,44,A+,D,A,8,81,32680,-57.48,,60,4/16/2021,-863.5,35.88,42.07,56,18347
RZLT,4.91,-0.81,173,52,40,74,A+,E,B,8,48,2795,,,16,-,,28.58,43.13,40.74,1918
SABS,3.92,1.03,33,43,58,64,A+,E,E,8,-72,267,,,25,-,,-32.73,74.04,62.69,975
SANA,4.01,12.64,224,54,35,76,A+,E,B,8,37,5315,,,85,2/4/2021,,36.26,62.33,19.05,3897
SBFM,2.11,-3.21,4,,,,A+,,D+,8,-99,51,-9.13,,87,-,-16.4,-451.18,47.49,43.18,2012
SCLX,7.81,-0.89,35,52,29,71,A+,E,A+,8,-99,60,72.12,,46,-,-1236.3,97.14,97.06,47,98
SCNI,0.27,-0.59,2,,,,A+,,A,8,-99,33,-16.34,,42,5/12/2015,-633.6,,,217.37,4397
SCYX,4.43,4.73,19,13,20,10,A+,D,D,8,-71,222,-100,,96,5/2/2014,-41.8,-139.22,54.76,-281.82,63
SEER,1.62,-0.61,57,17,35,17,A+,D,E,8,222,8322,-33.58,,55,12/4/2020,-455.4,35.55,34.85,11.76,281
SEPN,34.00,-1.76,199,86,63,91,A+,D,C+,8,25,476,12010.96,,84,10/25/2024,-106.3,-49.73,23.93,61.22,384
SER,1.90,-1.04,10,,,,A+,,B+,8,-76,19,,,61,-,-14766.9,-2.03,29.35,-18.37,103
SGMOQ,0.07,31.40,37,13,33,1,A+,E,E,8,-35,7882,-77.6,,62,4/6/2000,-312.3,31.82,12.5,42.86,11359
SGMT,7.61,2.01,80,60,51,77,A+,E,B,8,-60,834,,,11,7/14/2023,,24.06,21.56,41.07,2136
SHPH,3.58,5.29,5,,,,A+,,D,8,-89,201,,,96,8/31/2022,,,,94.11,1045
SIGA,3.86,3.76,269,8,7,5,A+,C,E,8,2,546,-11.34,,27,9/9/1997,32.1,,,-400,529
SILO,6.18,0.16,7,,,,A+,,C+,8,-64,54,0,,20,-,-5863.5,,,49.65,54
SION,43.99,5.64,186,58,41,78,A+,E,D,8,-20,329,,,8,2/7/2025,,-37.12,-57.56,3.23,417
SISI,0.00,-99.31,,,,,A+,,C,8,928,0,-96.98,,83,9/28/2016,-347.0,,,92.3,0
SKYE,0.70,3.75,18,,,,A+,,D,8,-41,110,,,81,-,,33.33,43.84,-14.29,185
SLDB,10.84,6.27,196,84,44,96,A+,E,A+,8,60,2633,,,22,1/26/2018,,2.82,-8.95,11.86,1753
SLGL,74.01,2.81,7,59,43,83,A+,C,E,8,-4,29,-89.2,,18,2/1/2018,-31.6,-313.61,-169.43,140.94,31
SLN,10.39,-1.05,32,76,34,96,A+,E,A,8,86,697,197.18,,60,9/8/2020,-15849.9,15.19,27.02,45,378
SLS,14.98,12.89,123,85,45,99,A+,E,A+,8,32,17276,,,15,-,,16,28.57,28.57,9510
SLXN,2.65,2.32,2,,,,A+,,D-,8,-99,31,,,89,-,,40.74,50.93,78.21,790
SMMT,15.42,7.23,303,8,4,14,A+,E,D,8,22,7105,,,43,-,,24.45,63.9,-166.67,5899
SNES,1.49,1.36,11,,,,A+,,D,8,3,80,1.65,,53,12/8/2016,-287.4,24.1,58.05,76.11,84
SNGX,0.39,-2.52,5,,,,A+,,D-,8,-89,868,,,81,-,,81.31,81.1,73.58,9295
SNTI,1.07,0.94,10,,,,A+,,A+,8,-42,113,,,5,5/26/2021,-279263.6,62.03,48.81,90.07,199
SOPH,5.35,-4.29,33,54,17,74,A+,D,C,8,109,386,21.99,,78,7/23/2021,-101.6,25.85,31.82,-3.85,185
SPRB,52.51,-0.07,27,36,59,49,A+,E,D,8,-11,69,,,59,10/9/2020,,50.47,-72.53,62.75,79
SPRC,4.78,-7.18,,,,,A+,,B,8,-98,22,-15.24,,44,-,-1409.3,,,-105.61,1274
SPRO,2.20,-0.90,37,44,67,27,A+,C,E,8,-43,630,-95.61,,45,11/2/2017,14.8,-293.33,,48,1106
SPRY,8.56,7.81,251,16,6,25,A+,D,C-,8,-6,1796,184.47,,74,12/4/2020,-203.3,1.69,-3.6,-74.29,1922
SPTX,20.57,-4.10,14,1,2,37,A+,E,,8,-66,221,,,22,5/1/2026,,-388.49,,,
SRRK,54.88,3.86,492,64,11,84,A+,E,A+,8,19,1726,,,37,5/24/2018,,3,14.13,-23.88,1487
SRZN,24.92,-2.35,35,29,6,59,A+,E,D-,8,-20,100,408.65,,8,-,-6960.8,59.65,-150.51,-56.8,128
STOK,32.70,-0.03,349,43,7,63,A+,C,D+,8,46,1013,-96.07,,21,6/19/2019,-3.7,-2728.23,-95.45,-141.58,711
STRO,30.43,0.63,51,65,51,92,A+,D,D-,8,55,525,-16.53,,55,9/27/2018,-186.6,62.06,-58.6,67.69,350
STTK,7.05,8.29,79,74,62,89,A+,E,C-,8,-17,909,,,39,10/9/2020,-4880.9,27.44,44.84,51.85,1116
SVRA,6.22,2.64,218,54,15,79,A+,E,B-,8,-7,1532,,,21,-,,-0.94,-1.79,-25,1635
SYBX,0.70,,2,,,,A+,,A+,8,393,42,,,44,10/1/2015,,,,-29.66,10
SYRE,86.63,-2.54,395,66,26,98,A+,E,C+,8,-26,974,,,35,4/7/2016,,-52.1,-54.87,-23.33,1371
TARA,4.06,0.49,133,20,31,29,A+,E,D-,8,-16,645,,,17,10/22/2014,,1.6,6.94,-6.9,781
TCRT,2.08,-3.70,9,9,35,7,A+,E,E,8,-12,13,-100,,8,-,-83520.0,,,11.53,16
TCRX,1.06,-0.93,51,29,38,36,A+,D,D,8,30,880,-54.77,,40,7/16/2021,-1256.8,-2.91,9.51,15.38,686
TECX,37.93,15.85,155,69,13,91,A+,E,A+,8,138,480,,,,6/21/2018,,-31.73,-26.05,-44.09,200
TELO,1.27,-2.31,10,45,61,38,A+,E,A,8,-71,47,,,45,2/9/2024,,,,60.65,167
TENX,15.46,16.33,60,48,8,80,A+,E,B,8,354,3895,,,18,-,,-37.31,-42.14,-25,874
TIL,7.73,0.52,42,20,63,10,A+,E,E,8,-71,7,,,2,3/19/2021,,89.07,89.2,85.65,24
TLPH,1.07,1.90,17,68,48,79,A+,E,A,8,126,427,-100,,1,2/11/2011,-51296.4,30.15,37.5,60,191
TLSA,1.31,6.50,3,12,7,25,A+,E,D-,8,-23,161,,,,11/20/2018,,3.94,,-54.14,212
TLSI,4.69,5.16,88,44,30,45,A+,D,B,8,-58,221,-2.92,,80,-,-86.9,82.5,45.93,107.69,534
TNGX,29.46,2.54,283,68,39,97,A+,D,D-,8,-47,2308,-100,,93,9/3/2020,-162.8,-49.43,8.75,11.11,4550
TNXP,12.34,-0.80,105,17,40,13,A+,D,E,8,-34,327,183.16,,41,-,-946.2,29.53,31.54,-3.17,496
TNYA,0.79,5.50,49,41,64,59,A+,E,D,8,-42,2180,,,53,7/30/2021,-36891.1,32.45,54.08,62.5,3779
TOVX,0.25,0.16,7,,,,A+,,B-,8,-92,719,,,82,-,-7153.0,89.18,97.15,96.77,9697
TPST,1.09,-1.80,9,,,,A+,,E,8,-37,82,,,91,-,,78.83,85.51,19.94,152
TRAW,0.77,-5.34,13,,,,A+,,E,8,-92,239,-100,,94,7/25/2013,328.7,-26.72,-204.55,-125.36,2860
TRDA,7.72,1.71,193,21,3,25,A+,E,A-,8,-19,361,-95.74,,26,10/29/2021,-561.8,-12.62,-0.9,-126.19,451
TRVI,17.93,1.82,262,75,38,95,A+,E,B,8,26,2207,,,7,5/7/2019,,-47.34,-18.54,0,1786
TSHA,6.53,-1.80,245,52,13,91,A+,E,D,8,-21,2326,-100,,50,9/24/2020,-1115.3,-36.43,-27.29,-50,2972
TTRX,7.12,3.94,4,34,5,83,A+,E,C,8,-54,21,,,76,-,,16.67,77.84,-168.87,45
TVGN,5.77,0.52,58,,,,A+,,D,8,-99,13,,,96,-,,-25.29,-66.09,50.33,31
TVRD,2.02,3.59,74,,,,A+,,E,8,-28,112,-100,,76,1/31/2014,,22.19,29.56,77.33,185
TYRA,30.62,4.11,260,33,11,62,A+,E,D,8,-32,646,,,10,9/15/2021,,-29.08,-37.99,-36.17,950
UNCY,5.73,8.52,39,25,21,45,A+,E,E,8,105,2993,,,74,7/13/2021,,-8.92,7.69,-8,1480
UPB,7.51,3.16,233,7,7,7,A+,E,D,8,-40,363,82.69,,16,10/11/2024,-5026.0,-5.56,-0.16,-46.95,608
UPC,6.32,13.67,,,,,A+,,A,8,-74,4890,-14.14,,89,3/23/2021,-20.9,,,100,1654
VERA,41.20,-3.42,372,36,5,58,A+,E,B,8,292,5144,,,21,5/14/2021,,-30.94,-34.93,-108.64,1312
VERU,3.06,-3.16,17,57,59,61,A+,E,C+,8,-89,262,,,50,7/20/1990,,34.52,36,74,2351
VIR,10.04,5.02,390,56,39,86,A+,E,D,8,-38,1160,-100.96,,81,10/11/2019,-638.6,38.81,141.58,3.41,1921
VIVS,0.98,-7.55,6,,,,A+,,E,8,70,130,8.33,,68,-,-1726.4,,,54.96,76
VKTX,37.44,-0.11,462,47,3,75,A+,E,A,8,2,2487,,,54,4/29/2015,,-48.95,-112.54,-234.15,2465
VOR,20.59,11.96,66,56,53,62,A+,E,A+,8,268,3911,,,4,2/5/2021,,90.78,99.34,60.81,1106
VRAX,3.13,14.23,1,,,,A+,,C,8,-75,254,-67.53,,1,7/21/2022,-97992.3,,73.72,44.71,982
VRCA,6.13,3.28,23,56,67,58,A+,D,D,8,-67,23,46.06,,73,6/15/2018,-50.3,5.95,-2110,55,65
VRDN,19.40,4.98,427,26,21,34,A+,D,D,8,-29,1950,95.83,,4,6/18/2014,-483.6,-14.76,-2.29,-3.45,2708
VRXA,2.04,18.26,22,8,13,1,A+,E,E,8,3405,5055,,,41,-,,,,-91.08,144
VSTM,4.50,9.76,166,25,51,12,A+,E,D,8,21,2968,,,69,1/27/2012,-677.6,48.19,-10.06,61.46,2544
VTGN,0.25,2.43,32,,,,A+,,E,8,102,4441,29.49,,17,-,-5490.8,19.4,22.34,2.17,2205
VTVT,35.40,1.00,19,52,44,55,A+,E,C,8,14,61,-100,,18,7/30/2015,-2.0,51.48,-5.43,314.29,54
VVOS,0.45,-9.05,7,,,,A+,,E,8,-79,401,70.46,,70,12/11/2020,-121.7,32.13,32.73,-15.56,2016
VYGR,3.78,5.00,191,24,28,32,A+,E,D,8,103,1120,-59.94,,71,11/11/2015,-296.2,14.54,12.47,11.32,558
VYNE,0.68,-0.16,20,,,,A+,,C-,8,203,520,-57.43,,23,1/25/2018,-4689.8,4.72,,58.09,172
WHWK,4.19,-2.56,39,52,33,90,A+,E,E,8,57,692,-100,,26,-,-288.3,-288.31,58.83,-117.49,446
WVE,6.26,7.19,355,16,35,16,A+,D,E,8,11,4361,316.85,,59,11/11/2015,-478.3,10.49,3.31,55.17,3871
XBIO,2.77,-5.78,6,,,,A+,,D-,8,-17,13,36.01,,79,-,-90.1,,,65.85,15
XBIT,2.30,,30,12,26,23,A+,E,E,8,-24,21,,,2,4/15/2015,,,,49.42,28
XCUR,1.91,-3.54,10,,,,A+,,E,8,13,32,,,91,-,,,,-52.84,29
XENE,60.96,1.09,565,57,9,77,A+,E,A-,8,7,1463,-100,,6,11/5/2014,-4598.6,-8.99,-6.68,-40.96,1371
XFOR,4.13,1.10,42,45,29,57,A+,D,C-,8,10,679,-91.43,,39,11/16/2017,-225.4,60.96,95.03,-500,643
XLO,9.15,-0.76,12,46,60,37,A+,D,D+,8,-99,16,331.67,,96,10/22/2021,-80.0,27.92,73.66,76.98,47
XNCR,15.00,-2.47,347,64,30,79,A+,D,A,8,12,919,-86.2,,87,12/3/2013,-71.4,-213.13,-95.66,-159.09,829
XOMA,43.00,0.89,159,99,79,87,A+,A,A-,8,-42,138,-22.59,,23,6/6/1986,61.0,-46.22,-59.99,180.82,239
XRTX,2.07,-2.36,1,,,,A+,,E,8,-100,6,,,94,-,,,,38.95,1517
XTLB,2.70,8.43,3,,,,A+,,A,8,-100,47,,,59,-,-256.5,,,-83.58,2454
YDES,1.90,-17.75,5,7,23,1,A+,E,E,8,926,346,,,,-,-1392.9,,,-123.17,33
ZBIO,27.23,-2.75,241,52,11,79,A+,E,A,8,95,1384,-100,,24,9/13/2024,-3778.2,43.01,10.22,-82.5,733
ZNTL,4.46,2.41,84,71,45,99,A+,E,B+,8,-48,584,-100,,50,4/3/2020,,-1.45,-29.73,25.37,1147
ZTEK,0.45,-3.63,4,20,17,7,A+,E,B+,8,-73,56,-95.27,,24,-,-5882.6,,,-94.17,210
ZURA,5.17,3.30,56,44,14,65,A+,E,B,8,-15,908,,,12,-,,26.53,-8.55,-15.79,1105
ZYME,26.31,2.29,326,51,11,66,A+,D,B-,8,-17,564,-91.12,,34,4/28/2017,-75.3,241,-1318.61,-96.67,693
ATER,1.26,,9,,,,A+,,A,9,-99,41,-99.88,,0,6/12/2019,-27.5,,,-28.76,5703
BWMX,17.98,0.95,16,85,89,73,A+,B,E,9,-12,70,14.44,5.9,70,-,12.1,62.41,6.22,111.89,79
CENT,43.95,-0.90,285,95,88,74,A+,C,A,9,-1,69,8.71,,20,7/15/1993,6.9,8.64,-2.95,24.04,71
COOK,73.83,-0.95,87,56,12,81,A+,E,A,9,-98,43,-34.35,,15,7/29/2021,-21.3,65.69,-214,-40.4,41
ELUXY,5.95,-5.56,,12,30,3,A+,D,E,9,-52,3,-5.5,,0,-,1.4,-43.34,4.21,-1233.17,6
HBB,22.73,-0.83,161,96,87,81,A+,C,A,9,-34,16,-8.55,2.4,60,-,5.9,,,98.94,25
LBGJ,1.31,3.15,,,,,A+,,B,9,-97,54,33.23,,23,10/23/2024,-9.4,,,-5072.55,282
LCUT,8.56,0.94,73,72,41,95,A+,D,C-,9,-27,143,2.44,2.2,40,6/5/1991,-4.7,-14.27,56.78,116,218
MBC,9.88,-1.00,424,39,18,38,A+,D,A,9,-48,1968,-6.41,,30,-,1.7,-59.34,-76.25,-66.67,3645
NWL,5.83,-1.02,403,65,22,81,A+,D,A+,9,1,10500,-1.09,4.8,50,-,-4.2,1.05,-19.54,-400,10833
SN,151.47,-0.24,773,99,95,88,A+,A,A+,9,15,2331,15.55,,10,-,14.1,16.27,11.44,25.29,2119
VIOT,0.81,-2.32,16,18,43,4,A+,C,E,9,9,233,-22.32,,90,9/25/2018,6.4,-58.91,,1.05,214
WHR,38.10,-5.15,510,6,13,4,A+,D,E,9,-26,2229,-9.61,,80,-,3.3,-61.78,-93.95,-132.94,2990
BRC,91.94,0.82,462,93,88,65,A+,A,B-,10,-55,178,13.76,1.1,47,6/28/1984,15.7,14.67,16.27,22.95,396
CETX,2.97,6.07,5,,,,A+,,E,10,26775,26013,-33.72,,21,-,-35.7,,,-100.31,78
CPSH,5.05,-9.17,29,46,15,90,A+,C,E,10,-80,439,-6.36,,0,-,2.1,33.33,40.39,-403.12,2236
DAKT,19.91,0.15,312,65,97,41,A+,C,E,10,42,586,20.9,,40,2/10/1994,7.0,28.99,6.7,52.05,401
DLB,51.15,-2.74,700,42,76,12,A+,B,D-,10,60,1391,7.05,2.7,87,2/17/2005,22.5,1.65,-13.95,2.24,864
ESP,64.97,-0.81,69,98,98,80,A+,A,C+,10,-41,25,10.87,1.5,60,-,22.1,24.83,,56.8,42
GAUZ,0.50,-1.89,5,,,,A+,,C-,10,-91,26,-17.84,,32,6/6/2024,-51.3,,,78.08,296
GLW,196.79,-10.81,2573,94,90,96,A+,A,D-,10,41,21188,18.1,0.5,13,-,13.1,26.5,25.59,29.63,15447
IDCC,281.40,-0.30,804,55,62,27,A+,A,D,10,-54,191,-2.42,1.0,33,-,56.3,-38.93,-83.12,-37.97,400
IMMR,6.78,-2.16,150,46,12,49,A+,D,A,10,-23,437,9.21,3.4,73,11/12/1999,7.7,-101.73,-78.36,-117.51,582
KYOAY,23.70,1.02,,1,86,36,A+,C,,10,-45,34,1.94,1.3,27,-,8.2,,,662.38,
LINK,4.26,-7.59,8,54,42,59,A+,D,B,10,-75,33,15.39,,43,-,-15.2,,,66.67,137
LPL,3.59,-1.64,37,20,27,22,A+,D,E,10,27,2785,-9.62,,7,7/22/2004,1.9,-96.19,-118,-194.34,2190
LWLG,7.37,-9.30,67,47,27,84,A+,D,D-,10,-43,4339,26.54,,7,-,-8576.5,,,-5.54,7823
MKDW,11.80,,1,,,,A+,,A+,10,-83,3,68.34,,29,-,-104.0,,,73.85,18
MVIS,0.38,-9.55,121,18,45,3,A+,E,D,10,-12,8360,58.74,,0,8/27/1996,-7869.6,42.86,16.67,33.33,9576
NDEKY,20.01,2.25,4,54,65,30,A+,B,C,10,-40,67,-6.48,1.3,67,-,18.0,7.26,79.63,4.81,152
NEON,0.93,-5.00,76,,,,A+,,E,10,-47,121,16.96,,93,-,389.3,,,0,229
NNDM,1.45,-2.68,33,19,5,21,A+,C,D,10,-58,1792,106.92,,25,-,-105.0,,,-51.48,4382
NTIP,1.49,1.36,22,,,,A+,,A,10,-98,13,-100,6.7,4,-,-790.0,,,-21.45,638
NVVE,0.32,-10.96,5,,,,A+,,A+,10,-33,352,9.17,,18,-,-658.1,,,98.89,385
OLED,78.70,-5.24,625,26,52,8,A+,B,E,10,-6,852,-14.47,2.3,53,4/11/1996,45.3,-16.29,-26.22,-43.7,930
OST,1.70,,3,,,,A+,,E,10,,0,-16.03,,39,4/27/2022,-25.9,,,98.93,539
OUST,49.84,-16.96,309,91,60,96,A+,C,A,10,83,9136,48.87,,64,-,-37.4,-1237.1,9.11,48.44,5031
REFR,0.55,3.26,14,,,,A+,,E,10,30,55,-75.65,,11,7/8/1986,-182.4,,,-145.45,43
RELL,16.61,-11.51,154,83,66,92,A+,D,C,10,-8,212,3.1,1.4,20,10/27/1983,-0.7,418.75,-18.75,146.67,232
ST,45.34,-2.60,689,64,42,86,A+,D,D,10,-12,2111,2.58,1.0,80,3/11/2010,3.3,8.05,7.12,10.26,2338
VHC,12.50,0.08,21,13,14,19,A+,D,E,10,196,58,,,4,7/30/1999,-11251.2,,,-14.85,20
WATT,24.09,0.84,13,74,57,98,A+,D,D+,10,7,386,798.54,,36,3/28/2014,-170.4,68.58,90.83,88.06,367
ADI,377.16,-3.04,3922,89,85,84,A,A,E,11,20,6145,37.25,1.1,61,-,24.6,58.15,60.72,67.03,4885
AMKR,69.65,-12.93,683,85,78,97,A,C,E,11,22,6995,27.44,0.4,52,5/1/1998,6.6,38.72,115.47,266.67,5750
AMPG,5.99,-15.63,34,84,57,96,A,D,B,11,-41,2817,48.63,,12,-,-27.8,172.73,77.78,33.33,4851
ASX,41.87,-2.61,156,96,80,98,A,B,C,11,72,18423,18.74,0.8,30,-,7.8,86.85,105.88,78.29,10626
AXTI,56.62,-12.93,156,61,68,84,A,D,E,11,-3,10336,39.1,,25,5/21/1998,-24.4,172.68,148,94.74,10573
DAIO,3.76,-3.09,27,,,,A,,B,11,-19,68,-47.38,,16,-,-23.2,43.51,50,-803.8,89
DIOD,96.25,-8.67,541,78,57,93,A,C,D,11,-13,641,22.09,,26,-,5.7,115.03,88.54,126.32,737
GCTS,2.62,-5.07,15,56,13,96,A,E,A-,11,-59,2933,287.1,,3,-,-1481.9,54.47,60.26,0,7294
GFS,69.84,-9.57,487,75,46,95,A,C,C-,11,-23,3797,3.09,0.6,57,10/28/2021,13.4,10.05,3.03,17.65,5012
HOLO,1.54,-3.14,4,11,13,5,A,B,E,11,-45,382,52.16,,96,-,-12.4,,,-130.34,649
IFNNY,86.17,-3.32,20,78,45,97,A,C,D+,11,-15,498,10.66,0.3,35,-,9.3,25.64,22.19,4.25,600
IMOS,63.93,-1.36,23,91,78,98,A,C,D+,11,4,114,30.34,1.3,17,-,3.0,507.04,230.49,208.13,109
INTC,120.35,-5.25,3794,84,60,99,A,D,C,11,-12,125022,7.18,,4,-,3.0,156.85,307.55,123.08,141097
LEDS,1.61,-4.73,4,,,,A,,C+,11,-86,7,-90.21,,19,12/9/2010,-2.6,,,-235.96,44
MCHP,84.64,-4.57,2330,77,72,82,A,C,D,11,13,14796,35.11,2.1,39,3/18/1993,5.8,92.22,159.09,418.18,12439
MRAM,19.14,-14.32,82,62,38,98,A,C,D,11,-46,2223,13.2,,0,10/7/2016,-0.8,183.33,66.67,80,4228
MTSI,322.26,-8.09,980,93,87,95,A,A,D,11,62,2680,22.5,,22,3/15/2012,-3.0,44.83,49.51,28.24,1662
MX,4.12,-8.65,60,43,18,83,A,E,C-,11,-62,1255,3.32,,22,3/11/2011,-17.9,-277.27,-175,-10,3264
NXPI,273.36,-2.08,3158,77,55,80,A,B,D,11,31,5661,12.2,1.5,78,8/6/2010,21.7,24.76,28.7,15.53,4326
ON,91.22,-3.60,2128,69,40,94,A,C,D+,11,16,16104,4.68,,70,4/28/2000,2.2,31.19,34.67,16.36,13724
POET,8.76,-9.69,31,67,56,90,A,D,D,11,-63,18467,201.86,,0,-,-5857.8,-90.36,-26.1,20.48,49714
QRVO,87.57,-3.64,697,68,85,45,A,C,D+,11,10,1365,-7.04,,83,6/3/1997,10.8,-2.15,20.64,19.01,1298
RKTO,0.89,-6.35,7,,,,A,,B,11,-92,614,,,28,2/15/2019,,28.79,,37.57,9377
ROG,143.90,-8.39,414,85,79,91,A,D,D+,11,-25,243,5.25,,48,-,-5.6,52.3,190.2,177.78,323
SKYT,34.24,-1.67,228,66,14,93,A,B,D,11,-23,795,162.15,,31,4/21/2021,21.6,-3400,0,-68.91,1036
STM,68.35,-3.35,175,75,37,98,A,C,C,11,33,16848,22.96,0.4,9,12/8/1994,3.4,143.96,313.47,85.71,12919
SWKS,62.56,-5.11,1408,39,32,39,A,C,C-,11,2,6221,-1,4.2,87,-,12.9,-15.83,-22.7,-7.26,5266
TSEM,219.05,-10.76,808,88,83,94,A,B,E,11,15,2725,15.48,,13,-,15.3,45.94,51.6,44.44,2232
TSM,434.16,-2.27,4056,97,97,90,A,A,D-,11,32,18418,39.43,0.6,74,-,53.5,50.37,45.6,63.43,13907
TXN,293.08,-1.79,4150,85,47,91,A,A,D,11,5,9768,18.58,2.0,43,-,32.3,41.36,36.15,31.25,9541
UMC,24.54,-4.55,134,96,72,99,A,B,B+,11,15,21014,8.31,1.2,65,9/19/2000,19.9,37.95,33.01,113.62,17575
WOLF,40.00,-10.23,125,37,8,90,A,E,E,11,-40,4977,-18.99,,9,9/29/2025,-213.7,-272.59,-218.18,-352.78,8628
XPER,8.20,-5.09,213,68,27,81,A,E,A+,11,-15,408,0.15,,91,-,-9.1,18.81,95.45,43.75,501
AEBI,12.09,-2.03,238,25,11,54,A,D,E,12,8,280,82.11,0.8,40,7/2/2025,0.7,48.93,261.36,-92.62,263
AGCO,116.49,-0.04,833,53,71,44,A,C,E,12,-29,563,14.26,1.0,50,4/16/1992,6.0,13.57,7.49,129.27,735
ALG,170.25,2.38,420,43,41,27,A,C,B-,12,2,205,6.7,0.8,45,3/19/1993,8.7,22.72,6.36,-8.71,198
ARTW,2.69,3.46,15,,,,A,,E,12,-20,13,29.16,,90,-,6.3,,,446.46,18
ASTE,57.56,-4.26,385,78,55,68,A,C,B,12,-29,161,20.31,0.9,60,6/18/1986,3.8,8.03,21.02,-38.64,226
ATLCY,17.51,-0.64,4,74,64,62,A,A,E,12,-30,19,-1.57,1.2,20,-,20.0,3.83,10.96,-1.64,27
CAT,963.53,-2.81,3662,93,82,94,A,A,D-,12,12,3568,22.22,0.7,5,-,17.1,29.56,31,30.35,3133
CNH,10.72,-1.83,1450,31,20,35,A,D,D+,12,-30,9354,-0.05,0.9,30,-,3.4,-26.27,-38.64,-90,13178
CSW,276.12,1.05,473,73,92,37,A,A,D-,12,-27,105,34.01,0.4,25,-,13.4,15.83,22.03,40.18,135
DE,621.27,-1.01,3250,72,29,69,A,B,B+,12,-3,1289,5.43,1.1,15,-,13.7,-2.21,-0.74,-1.36,1315
DSGR,27.20,0.15,199,35,20,32,A,C,B,12,-44,40,3.76,,0,-,1.0,338.89,154.55,-85.71,71
EPAC,34.87,-0.20,436,61,66,24,A,B,B,12,-4,432,6.38,0.1,55,8/5/1987,19.6,4.7,-2.45,0,454
GENC,15.02,-1.44,155,53,53,44,A,C,C-,12,-60,13,-11.53,,75,-,17.5,-25.12,-8.1,-1.4,32
KMT,33.49,-0.39,568,65,87,56,A,C,E,12,-46,770,21.83,2.2,65,-,6.7,191.04,577.95,63.83,1394
KMTUY,39.16,1.90,8,46,46,54,A,B,E,12,0,137,-6.17,1.8,70,-,13.0,-5.7,-3.52,-22.86,155
KUBTY,84.02,2.07,6,62,73,67,A,C,E,12,-18,14,4.82,1.5,80,-,9.3,18.04,31.98,50.55,21
LNN,122.12,0.87,426,56,36,31,A,B,A,12,103,381,-5.13,1.2,35,10/12/1988,14.0,-24.31,13.94,-14.04,190
MTW,12.52,-4.35,255,50,57,49,A,D,D-,12,-14,222,5.03,,10,10/7/1971,0.6,49.37,38.13,18.75,263
NCRA,0.07,-34.39,5,,,,A,,E,12,-50,10628,-49.76,,5,-,-20.5,,,-247.76,16356
TEX,68.16,-0.79,685,91,86,78,A,B,C,12,-1,1321,41.09,0.9,85,-,5.4,-0.69,-16.41,18.07,1340
TLIH,4.79,6.56,1,,,,A,,D,12,-100,5,43.8,,95,7/8/2025,9.4,,,2433.64,535
UAVS,0.84,-4.39,12,,,,A,,D-,12,-65,892,-61.6,,0,-,-41.2,,,76.41,2552
ALLT,8.43,-3.10,58,78,77,52,A,C,A,13,-38,300,14.15,,42,11/16/2006,4.8,27.54,83.33,200,467
ANET,159.99,-3.98,4227,98,96,81,A,A,B-,13,-1,9765,35.13,,0,6/6/2014,47.2,21.8,21.02,33.85,10181
BKTI,84.65,-3.62,182,78,60,67,A,A,D+,13,-30,31,11.75,,83,-,18.7,-17.82,-33.08,29.41,44
BOSC,4.32,-3.36,7,,,,A,,E,13,27,69,-24.21,,92,5/16/1996,6.9,-14.04,8.33,-50,55
CALX,38.48,3.75,514,37,80,8,A,C,E,13,27,1459,27.16,,75,3/24/2010,3.4,32.65,24.01,110.53,1157
CSCO,112.69,-3.69,5283,88,61,91,A,A,C-,13,-8,24255,11.96,1.5,58,2/16/1990,19.6,12.22,17.83,10.42,25932
DGII,72.15,-2.66,419,98,89,94,A,C,A,13,46,528,25.11,,33,10/6/1989,11.6,16.57,23.77,21.57,361
DTSS,0.80,0.03,1,,,,A,,C,13,-97,13,-36.47,,19,-,-7.1,,,62.85,365
EXTR,29.80,-5.19,448,92,67,93,A,C,A-,13,-30,1945,11.38,,50,4/9/1999,0.4,22.99,16.23,23.81,2748
FIEE,4.00,-5.91,,48,61,52,A,C,E,13,-34,6,1697491.2,,25,-,24.6,,,123.77,9
LTRX,5.49,-7.26,94,38,41,57,A,D,E,13,57,2054,5.88,,17,8/4/2000,-9.4,8.57,280,33.33,1331
NTGR,21.50,-7.33,332,33,68,20,A,D,E,13,-15,356,-2,,8,7/31/2003,-2.4,-54.55,-77.78,200,414
PCLA,5.55,-2.63,,20,1,39,A,E,C,13,-92,122,,,0,1/16/2025,-115.0,,,,1970
RDWR,29.69,-3.48,139,89,82,59,A,C,A-,13,-23,175,10.73,,67,9/30/1999,9.7,1.45,1.19,-7.41,228
SILC,42.59,-3.60,13,76,43,98,A,D,C+,13,126,387,32.76,,6,2/18/1994,-17.1,37.59,31.43,32.43,172
VEEA,0.23,-4.84,13,,,,A,,C+,13,10,923,1165.02,,94,-,-3541.4,,,-15.39,1410
ARHS,8.62,0.35,249,58,36,44,A,B,A,14,10,1538,0.93,,42,11/4/2021,6.7,-0.84,-35.03,-49.02,1383
BBY,77.99,0.98,2235,82,57,63,A,C,A+,14,-43,3487,1.93,4.9,75,-,3.4,1.78,4.57,11.3,4260
BOBS,16.39,1.24,,36,6,64,A,E,C,14,-46,629,,,69,2/5/2026,6.8,-12.31,,,1163
ETD,21.69,-0.82,346,29,16,20,A,C,B+,14,-24,461,-4.81,6.9,58,3/16/1993,11.2,-29.66,-31.63,-36.84,612
FGI,4.40,-0.90,9,,,,A,,E,14,-92,8,-8.16,,19,1/25/2022,-3.3,76.74,116.39,29.09,96
HTLM,1.93,2.66,,28,30,19,A,D,B,14,213,21,1769.15,,83,10/1/2024,5.5,,,346.31,6
HVT,24.97,-1.85,230,66,45,59,A,C,A-,14,-44,55,4.1,5.1,33,-,3.5,35.71,43.75,43.48,98
HVT.A,29.95,6.62,16,75,45,81,A,C,A+,14,-74,1,4.1,4.4,25,-,3.5,35.71,43.75,43.48,1
ILAG,3.49,-3.59,2,,,,A,,A+,14,-46,227,-27.86,,0,7/13/2022,-430.0,,,-629.85,86
LOVE,17.49,5.30,204,56,19,59,A,D,A+,14,45,273,-0.13,,0,6/27/2018,1.0,98.81,20,-4.11,191
LZB,39.91,0.35,436,62,53,63,A,C,D-,14,-44,323,-0.09,2.4,67,-,6.5,-3.18,4.96,36.96,574
NCLTY,7.39,3.21,2,21,48,15,A,D,E,14,-1,140,-2.98,0.9,50,-,13.5,,,110.95,149
RERE,3.97,-2.70,68,48,79,20,A,B,E,14,-44,615,40.51,2.6,92,6/18/2021,2.2,75.32,109.06,242.93,1124
RH,169.08,3.07,442,39,10,45,A,D,A+,14,19,1011,-1.67,,8,11/2/2012,4.8,-21.81,-84.29,-1615.38,937
SNBRQ,0.03,-13.33,155,6,2,1,A,E,E,14,-97,816,-18.89,,12,12/7/1998,-6.8,82.83,66.54,-476.32,31626
WSM,227.53,-0.27,2164,91,64,76,A,B,B+,14,-11,1070,4.35,1.3,17,7/7/1983,18.6,9.63,2.57,23.72,1242
ARCB,139.67,-0.11,495,56,14,93,A,D,C-,15,-10,432,3.28,0.3,64,5/13/1992,2.1,63.15,50.39,-37.25,407
CVLG,43.94,-1.99,278,71,14,95,A,C,B,15,-31,145,14.04,0.6,82,10/28/1993,0.5,9.48,-8.89,-18.75,204
ETS,0.93,-4.47,3,,,,A,,C,15,54,177,,,,8/21/2025,,,,,116
FDXF,150.81,-3.18,10,1,1,34,A,E,,15,-56,1091,,,0,-,,,,,
FWRD,13.45,-4.54,280,21,26,7,A,D,B,15,-50,761,-5.09,,28,11/16/1993,-5.9,60.53,-371.93,-19465.09,1566
HTLD,14.90,-1.72,284,66,32,92,A,E,C+,15,-20,493,-19.67,0.5,17,11/5/1986,-8.5,104.07,102.4,66.67,620
HXHX,0.48,-0.02,2,,,,A,,C,15,-92,290,-5.74,,91,4/15/2025,17.2,,,-1.27,2187
JBHT,285.83,-1.46,1893,91,61,91,A,C,B,15,-19,779,4.62,0.6,55,11/22/1983,6.6,20.88,30.74,27.35,974
KNX,76.35,-1.32,729,60,13,90,A,D,C,15,-21,3235,1.42,1.0,18,12/16/2010,1.3,59.24,42.85,-67.86,4439
LSTR,208.21,0.41,620,68,31,87,A,C,C-,15,-30,356,1.63,0.8,27,3/5/1993,3.2,73.37,23.92,22.11,510
MRTN,17.46,0.06,336,55,11,86,A,D,C,15,-31,648,-8.79,1.4,9,9/25/1986,2.8,50,-5.56,-60,942
ODFL,217.65,-0.14,2219,65,37,76,A,B,D-,15,-49,1211,-2.92,0.5,45,10/24/1991,24.8,13.53,17.59,-4.2,2050
PAMT,13.78,-5.16,123,40,12,76,A,E,D,15,-19,15,-8.67,,11,9/10/1986,-11.8,,,101.32,18
RXO,26.61,-4.07,378,62,4,95,A,C,B,15,-50,1255,-0.56,,39,-,-2.0,235.04,-36.3,-200,2488
SAIA,416.69,-0.35,763,60,34,81,A,B,E,15,-34,278,2.37,,36,-,10.4,25.27,24.45,0,417
TFII,139.14,-1.78,938,57,27,86,A,C,D-,15,-21,295,-0.78,1.3,73,-,5.1,22.26,16.32,-9.21,389
TOPP,0.90,-3.23,4,,,,A,,E,15,-71,84,7.75,,6,1/22/2025,-44.5,,,-9.89,293
ULH,14.71,-3.98,194,9,6,10,A,D,D,15,-56,36,-3.88,2.7,56,2/11/2005,-6.4,114.51,-40.62,-156.52,81
WERN,43.20,-1.41,398,74,22,90,A,D,A,15,-44,639,13.55,1.3,0,6/20/1986,-0.7,5097.48,106.79,116.67,1119
YGMZF,0.00,,,,,,A,,E,15,-95,2,-48.44,,0,10/21/2020,-39.5,,,-100.43,283
AER,147.84,4.17,1481,92,96,59,A,A,D+,16,17,1557,7.93,0.9,83,11/21/2006,55.2,11.82,41.28,46.47,1350
ALTG,6.19,1.81,171,25,8,53,A,E,D-,16,-32,215,-2.96,,28,-,-3.2,54.98,-84.37,-31.32,317
CTOS,10.04,-9.06,254,80,45,94,A,C,B,16,5,1299,9.33,,50,-,-1.4,179.43,108.56,75,1145
EQPT,19.19,-2.84,132,29,61,24,A,E,E,16,4,2522,38.13,,56,1/23/2026,1.2,4520.98,,51.22,2434
GATX,173.67,1.13,508,69,78,39,A,A,D-,16,37,334,38.45,1.4,50,-,16.0,14.76,21.82,9.3,241
HRI,134.91,-3.79,555,48,24,58,A,B,C-,16,-19,490,32.29,1.9,33,7/1/2016,0.0,-19.94,-59.93,-83.85,615
LIME,25.00,-3.85,,1,,1,A,,,16,-65,1125,,,6,-,-5.5,,,,
MGRC,117.91,-1.65,437,74,61,41,A,A,B,16,-27,182,1.6,1.6,58,11/14/1984,22.6,0.3,0.96,-4.35,243
MPU,0.31,1.89,4,,,,A,,E,16,-96,165,-49.2,,0,-,-131.4,,,-660.54,3868
PRG,44.13,-2.30,490,94,68,88,A,C,A,16,4,561,8.56,1.2,75,-,7.2,32.54,-7.18,37.78,553
R,260.72,-1.99,697,78,57,86,A,C,D,16,-22,336,-0.16,1.4,42,-,5.4,13.16,10.49,3.25,433
SUNB,72.34,-0.82,1147,21,7,44,A,E,E,16,-50,1789,,1.5,72,-,16.1,9.39,,,3968
UHAL,67.58,1.69,288,69,8,81,A,D,A+,16,-21,203,3.11,,0,11/3/1994,1.9,381.25,6.62,-52.17,257
UHAL.B,59.29,1.59,430,64,8,76,A,D,A+,16,-25,364,3.11,0.3,8,-,1.9,,,-49.34,470
UPBD,19.89,-4.05,427,62,56,37,A,B,A,16,1,965,3.68,7.6,92,1/25/1995,2.3,1.66,-6.44,8,934
URI,1098.59,-1.18,2641,97,71,85,A,A,A-,16,-40,341,7.15,0.7,17,12/18/1997,20.7,11.89,10.08,9.59,559
WLFC,226.51,-0.22,228,99,87,90,A,A,A,16,1,135,23.21,0.6,67,9/18/1996,23.8,-7.86,-67.97,47.51,137
WSC,26.66,-2.56,626,63,39,79,A,D,C+,16,-12,2322,-1.95,1.0,25,-,-2.4,-9.78,-8.82,-12.5,2645
BANL,0.38,3.39,,,,,A,,D,17,-94,32,-8.42,,26,3/23/2023,-0.6,,,4.27,881
CAPL,22.52,0.90,10,69,62,50,A,E,A-,17,-63,17,-2.39,9.4,41,10/25/2012,1.4,3.92,-40.62,230,48
CLMT,36.42,-0.03,229,58,21,78,A,E,C,17,-21,745,3.6,,15,1/26/2006,-3.1,-270.13,109.99,-94.65,916
CSAN,2.88,1.77,20,17,46,7,A,E,D,17,-45,1223,-74.55,,4,8/16/2007,6.6,96.52,166.23,41.18,2245
CVI,28.48,-0.59,342,17,11,21,A,D,D-,17,-27,690,20.29,1.5,11,10/23/2007,1.1,148.17,357.78,-113.79,955
DINO,72.50,-0.08,850,87,81,80,A,D,C-,17,-34,1601,11.82,2.9,59,-,2.7,80.13,109.1,355.56,2373
DK,52.61,-1.00,387,78,47,84,A,E,B+,17,-6,1138,0.42,2.1,94,5/4/2006,0.4,-19.44,573.86,103.45,1255
DLXY,0.44,-0.68,3,,,,A,,E,17,-90,36,23.57,,22,7/9/2025,-1.4,,,-993.3,693
GEL,14.20,0.92,39,27,55,14,A,D,E,17,-66,118,12.11,5.1,74,11/26/1996,1.9,107.86,116.67,90,364
GLP,47.47,0.13,21,70,72,44,A,B,C-,17,81,186,15.89,6.6,47,9/29/2005,0.5,123.22,125.45,413.89,106
MPC,266.35,0.56,2155,90,86,75,A,C,C,17,-28,1722,8.53,1.6,18,-,5.3,185.48,212.86,1454.8,2412
NGL,15.19,-3.37,18,55,21,90,A,D,D,17,-74,75,-2.22,,81,5/12/2011,-5.7,125.71,175,-2766.67,306
NTOIY,15.88,2.06,2,73,84,72,A,D,E,17,-27,42,5.77,0.2,6,-,1.0,1308.88,1470.87,1872.96,60
NXXT,0.36,-3.90,68,29,74,5,A,D,E,17,-91,1728,29.41,,0,9/15/2021,-107.8,60.37,80,95.44,20872
PARR,58.49,-0.53,509,75,78,67,A,C,D,17,-28,803,4.51,,88,-,6.4,86.36,340.41,182.98,1118
PBF,47.81,-0.48,541,77,57,69,A,D,A,17,-26,2739,11.86,2.6,48,12/13/2012,-0.8,278.6,443.55,71.52,2928
PSX,176.42,1.10,2182,68,71,59,A,C,D-,17,-26,1957,11.74,3.0,12,-,4.1,176.11,181.86,154.44,2584
SGU,12.88,,17,83,84,46,A,C,B+,17,-57,11,3.19,6.1,76,12/15/1995,5.8,,,2.53,25
SKYQ,2.64,-11.11,6,,,,A,,A,17,-89,3207,-99.99,,7,-,-97.7,,,55.73,9466
SPH,17.51,0.63,23,38,49,22,A,B,E,17,-32,145,-6.2,7.5,71,2/29/1996,7.5,0.06,14.66,-0.5,219
SSL,9.69,1.04,39,28,20,57,A,D,E,17,-10,1488,14.93,5.2,82,-,4.3,-38.88,,-24.4,1607
SUN,68.28,0.72,72,82,61,62,A,B,B,17,-67,159,106.41,6.0,29,9/20/2012,2.3,256.65,354.71,115.98,504
SUNC,68.55,0.84,236,34,1,63,A,E,D,17,-30,366,,5.7,0,-,2.3,1384.52,,,549
UGI,35.15,2.30,756,39,41,29,A,C,D,17,-41,1124,0.71,4.2,65,-,9.6,-11.22,-1029.67,-5.43,1949
UGP,5.07,2.01,67,32,1,59,A,C,D-,17,-55,1394,16,5.6,53,-,2.7,33.63,7.32,-43.5,2960
VLO,267.76,-0.62,2567,94,86,77,A,C,A-,17,-34,2113,7.02,1.9,24,-,2.5,178.82,342.28,374.16,3094
WKC,33.21,-0.42,443,92,76,83,A,E,A+,17,-27,733,2.46,2.7,35,-,-2.0,46.25,20.9,56.25,987
ADUS,105.17,2.86,471,84,91,38,A,B,A,18,-5,297,7.64,,71,10/28/2009,9.0,12.16,13.28,14.08,263
AVAH,9.10,2.71,311,92,78,79,A,B,A-,18,43,2548,15.86,,86,4/29/2021,4.4,16.92,-7.4,80,1861
BKD,15.87,0.32,394,76,53,86,A,E,C+,18,-54,1905,-6.02,,11,11/22/2005,-8.3,87.2,68.52,89.29,4159
ENSG,168.22,2.06,793,66,81,26,A,A,D+,18,-33,639,18.73,0.2,57,11/9/2007,9.0,15.04,16.08,21.71,913
INFU,10.16,1.40,114,92,99,57,A,B,B,18,-66,81,-2.97,,43,-,7.4,37.1,-12.5,600,243
NHC,218.44,2.69,374,99,93,91,A,A,A+,18,-23,106,2.21,1.3,14,7/13/1983,10.8,,,10.64,137
PACS,44.48,0.36,374,97,76,92,A,B,B,18,17,1081,11.22,,29,4/11/2024,5.4,23.44,74.03,264.4,929
PNTG,38.52,3.10,314,99,94,85,A,B,A-,18,131,643,35.99,,0,-,4.8,14.65,22.81,18.52,281
SNDA,42.21,1.15,143,70,4,87,A,C,A,18,-16,639,33.41,,0,11/5/1997,-18.9,12.09,-540.62,-210.39,763
AAL,17.92,-1.27,477,74,24,88,A,D,A+,19,38,130085,10.84,,0,-,0.3,-20.95,-100.05,32.2,94634
AERO,17.49,-0.68,41,31,7,49,A,D,C,19,-71,81,14.23,,86,11/6/2025,6.5,-48.29,-160.22,-49.32,276
ALGT,118.67,-0.41,379,89,58,93,A,D,A,19,-11,615,4.77,,21,12/8/2006,-2.1,14.55,-126.15,108.29,660
ALK,51.09,-0.31,559,52,10,63,A,C,B,19,-37,2245,5.2,,7,-,1.0,-115.34,-154.63,-118.18,3572
AZUL,8.82,-10.27,34,22,1,58,A,E,C,19,-69,31,,,5,-,0.6,100,,,58
CPA,152.65,-0.26,301,93,67,84,A,A,C+,19,-32,257,17.04,4.4,71,12/15/2005,21.4,2.11,-48.64,20.56,378
DAL,92.75,-0.33,2141,96,63,90,A,B,A,19,-24,6077,9.42,0.9,29,-,9.8,-1.93,-26.69,39.13,7798
FLYX,1.93,-3.50,41,16,32,12,A,D,C-,19,-31,281,9.33,,15,-,-17.9,80.2,50,43.33,406
ICAGY,12.74,2.17,5,99,95,80,A,A,B+,19,-67,26,6.53,1.4,79,-,13.6,-8.6,-22.78,63.56,80
JAPSY,9.36,4.93,,82,91,42,A,B,B+,19,-23,107,5.74,2.3,64,-,10.2,,,47.22,159
JBLU,6.02,1.69,342,59,6,84,A,D,A,19,15,30699,4.67,,10,4/12/2002,-8.5,-48.59,-350.17,-47.46,26914
LTM,56.43,-0.84,143,86,70,69,A,A,C+,19,-26,641,21.7,2.6,50,11/7/1997,11.3,-1.11,-46.02,70.34,859
LUV,50.25,-0.44,1157,89,70,86,A,C,B,19,-35,4564,12.77,1.4,14,12/7/1972,2.0,210.21,12.76,446.15,6961
RJET,21.39,-0.70,23,56,24,68,A,C,B-,19,-35,123,456.64,,93,8/10/2018,6.8,,,107.63,194
RYAAY,65.49,3.17,416,74,46,55,A,A,B,19,4,1395,13.15,1.1,36,5/29/1997,15.6,-7.99,-21.98,-35.72,1368
SKYW,96.88,-1.49,537,54,25,36,A,A,A-,19,-8,399,6.82,,57,6/26/1986,13.9,4.79,-9.03,3.31,432
SRFM,1.04,,26,12,38,9,A,E,E,19,312,31285,8.96,,0,7/27/2023,-104.1,79.11,87.61,76.15,7606
UAL,133.32,-1.34,1854,96,69,86,A,B,A,19,-30,4462,10.56,,43,-,7.3,-7.24,-52.99,30.77,6155
ULCC,7.58,-1.94,216,68,11,94,A,D,A,19,-57,2453,16.78,,55,4/1/2021,-3.6,-48,-61.57,-57.89,5414
VLRS,9.16,-0.43,34,50,8,79,A,D,B-,19,39,837,13.57,,20,9/18/2013,-3.9,-59.11,-138.68,-40.91,603
AMFC,34.32,0.36,,,,,A,,A+,20,20,0,4.62,0.8,88,-,19.4,,,25.39,1
AX,97.90,-1.05,529,95,89,62,A,A,B,20,0,421,27.01,,71,3/15/2005,31.5,14.21,12.76,18.78,426
CFFN,8.45,-1.97,356,98,90,76,A,B,A,20,-16,716,18.31,4.0,53,4/1/1999,19.8,26.92,21.43,33.33,858
FLG,14.59,-2.73,466,50,39,65,A,D,D+,20,-17,4195,1.63,0.3,5,-,-4.1,184.17,133.67,111.54,5015
FSEA,16.88,0.15,16,85,64,86,A,C,C,20,-94,3,6.7,,15,7/17/2019,-5.2,,,93.08,46
GCBC,34.66,1.17,142,99,87,89,A,A,A+,20,56,51,7.85,1.2,47,-,26.1,,,30.64,33
GTPS,72.00,1.41,,,,,A,,E,20,51,0,2.99,1.6,94,6/30/1995,32.9,,,6.85,0
HFBL,20.80,-0.91,25,90,88,80,A,B,C+,20,884,18,8.45,2.6,76,-,14.3,,,97.95,2
HYNE,16.69,-0.36,12,43,6,61,A,E,C,20,-61,9,-2.08,,10,12/4/2025,0.0,,,-134.54,23
KRNY,9.37,-1.78,254,89,57,81,A,C,A,20,38,645,14.78,4.7,24,-,9.0,48.81,50,45.45,459
LSBK,16.80,-3.34,40,93,94,66,A,B,B,20,-11,8,7.89,2.1,41,-,22.2,,,89.25,9
NECB,27.61,-2.51,207,90,67,67,A,A,A,20,-1,41,-1.31,3.6,82,7/13/2021,39.7,-5.08,-7.32,-5.13,41
NFBK,14.79,-0.80,236,79,39,65,A,C,A,20,-16,242,15.98,3.5,0,-,6.4,6650,41.67,57.89,288
OFED,19.00,8.57,,,,,A,,C-,20,,1,,2.3,50,1/14/2011,21.2,,,,0
PROV,17.21,-0.12,67,53,43,49,A,C,E,20,-69,2,-2.4,3.3,18,-,14.8,11.29,20.83,-25,7
TFSL,17.84,-0.11,256,95,67,82,A,B,A+,20,-39,574,7.74,6.5,6,-,14.5,4.69,0,14.29,918
TRST,54.54,-2.15,332,93,69,83,A,B,B,20,-30,82,9.27,2.8,35,-,29.1,,,21.33,117
WNEB,14.47,-1.36,164,95,84,64,A,B,A+,20,-17,41,21.68,1.9,29,-,15.1,31.56,4.35,118.18,50
WSBF,20.60,-1.39,185,98,99,72,A,B,A,20,24,85,9.76,3.3,65,-,16.6,,,107.16,69
WSBK,13.18,0.63,9,83,82,65,A,D,C,20,-63,3,18.06,,12,5/2/2025,-3.4,,,288.89,7
WSFS,77.17,-1.66,499,98,86,78,A,B,A,20,-20,353,7.5,1.0,59,11/26/1986,28.0,20.22,16.93,48.67,448
ADT,6.83,1.64,655,58,81,25,A,B,C-,21,-38,7062,0.95,3.4,92,1/19/2018,16.3,2.68,-3,9.52,11548
AIOT,4.37,-0.23,233,71,53,54,A,C,A+,21,-25,1299,10.47,,43,6/30/1999,-2.5,138.89,81.25,77.78,1757
ALLE,140.58,0.46,1937,59,61,23,A,A,C+,21,-15,955,9.74,1.6,68,-,18.9,7.86,8.36,-3.23,1131
ALRM,49.69,2.45,504,87,90,41,A,A,A+,21,-33,389,11.04,,64,6/26/2015,16.5,5.9,8,29.63,558
ARLO,12.98,-4.21,384,43,72,17,A,C,D,21,-11,1224,26.3,,72,8/3/2018,3.0,20,14.12,86.67,1371
AUID,1.18,2.61,12,,,,A,,A,21,9140,12634,62.07,,2,-,-878.8,,,30.37,139
AXON,597.04,0.52,2382,89,85,53,A,A,A+,21,-12,1062,33.75,,0,-,0.7,12.24,-13.86,14.18,1206
BCO,101.50,2.53,610,60,85,29,A,B,D,21,14,560,10.26,1.1,76,-,6.7,14.78,14.34,11.11,468
BKYI,4.10,-8.89,4,,,,A,,C+,21,-82,13,33.5,,20,-,-120.3,66.67,60,90.63,21
BYRN,6.97,2.50,167,30,15,4,A,A,A+,21,79,848,10.87,,56,-,9.9,-90,-217.5,-57.14,477
CDRE,29.44,2.90,316,37,48,22,A,B,D,21,-33,290,19.46,1.4,24,11/4/2021,10.2,11.96,-29.33,-78.26,436
CXW,31.03,0.06,326,99,92,91,A,B,A+,21,-36,794,25.81,,44,7/15/1997,7.1,46.48,-1.71,65.22,1215
DETX,4.01,-0.25,,,,,A,,E,21,-85,10,-12.88,,0,-,-943.2,,,60.89,71
DSS,0.61,1.53,8,,,,A,,D,21,-96,57,-12.58,,7,-,-132.4,42.73,3.34,-14.3,1824
EML,29.11,-0.94,148,79,35,84,A,D,A+,21,11,38,-5.74,1.8,40,-,3.0,,,-65.62,36
EVLV,6.24,-2.04,216,35,27,36,A,C,D,21,-17,2489,44.74,,98,-,-22.7,7.5,-50,0,2957
FSS,131.09,2.74,679,99,98,67,A,A,A+,21,82,952,34.89,0.5,32,-,14.9,17.53,10.01,55.26,525
GEO,30.25,-0.26,287,98,85,90,A,B,A+,21,-31,1431,16.63,,28,-,12.8,43.41,33.33,107.14,2047
GFAI,0.39,-2.60,3,,,,A,,A,21,-70,268,-9.34,,30,-,-15.0,,,24.61,1356
GNSS,1.73,-2.26,19,29,56,19,A,D,E,21,-32,86,123.67,,41,-,-44.1,113.97,115.4,132.7,130
IDAI,2.23,10.40,13,,,,A,,D,21,57,135,38.78,,9,-,-264.7,60.3,50.72,52.65,84
IDN,4.14,-0.60,50,37,74,8,A,B,D,21,-66,185,12.87,,4,11/19/1999,5.9,125,350,250,539
ITRN,57.14,-6.10,146,86,85,81,A,A,E,21,17,165,18.75,4.9,60,9/28/2005,20.9,20.89,29.85,16.44,142
IVDA,0.34,-1.71,8,,,,A,,A,21,-94,492,1.33,,13,-,-60.0,,,78.88,8465
JBI,5.35,-1.29,372,31,42,20,A,C,B-,21,-36,1238,5.8,,84,-,8.6,-13.02,-26.7,-92.31,1921
KSCP,2.04,-1.45,14,18,61,3,A,E,E,21,26,668,106.9,,4,1/27/2022,-298.3,36.2,25.56,41.64,539
LAKE,12.36,6.55,127,66,34,70,A,C,A+,21,10,156,1.43,,35,9/9/1986,-9.2,90.68,-159.37,109.76,163
MSA,171.48,0.70,640,74,83,40,A,A,C-,21,-35,218,10.04,1.3,52,-,19.5,11.95,10.79,18.45,328
NSSC,37.79,-0.18,411,72,94,33,A,A,C-,21,-48,233,11.84,1.6,36,-,27.6,25.21,18.87,39.29,453
NXPL,6.95,-0.22,10,,,,A,,A,21,-89,26,-32.15,,26,-,-19.3,-41.53,69.52,19.74,25
RECT,1.24,-1.60,,,,,A,,E,21,-72,8,13.94,,88,6/21/2024,5.6,,,128.04,30
REZI,30.66,-1.48,569,43,78,26,A,C,E,21,-32,953,8.02,,80,-,-6.1,3.01,0,3.17,1418
RGR,37.65,0.08,238,19,14,34,A,D,E,21,-28,98,4.14,1.0,12,-,-1.3,102.38,2.44,-41.3,138
SMRT,1.15,-1.71,88,26,69,12,A,E,E,21,-12,1563,-11.39,,39,2/5/2021,-39.7,71.88,66.67,90.48,1816
SNT,1.90,-3.55,3,4,1,3,A,E,E,21,108,60,,,16,3/24/1993,8.5,,,,29
SOMLY,10.08,3.42,2,57,40,50,A,C,D,21,-35,76,-2.89,1.0,48,-,14.3,4.06,,5.64,124
SPCB,11.34,-8.25,6,52,15,72,A,C,C,21,-13,78,8,,96,-,6.2,-43.72,-42.86,-66,90
SSTI,9.08,-5.91,128,43,15,54,A,D,A,21,-45,75,-14.71,,37,6/7/2017,-8.9,8.56,-5.56,-350,139
SUGP,0.82,-4.00,1,,,,A,,E,21,-96,329,-6.52,,33,1/24/2024,-9.9,,,-1445.25,7539
SWBI,14.95,-0.33,202,68,64,73,A,C,E,21,2,727,26.73,3.4,8,-,4.8,23.17,31.25,89.47,729
TAOP,1.39,-5.04,,,,,A,,A+,21,61,28,-28.94,,24,-,-32.5,,,73.85,23
UUU,3.87,-7.64,9,,,,A,,E,21,8,34,-96.14,,22,-,-43.7,,,-175.97,30
VRME,0.63,2.46,6,,,,A,,E,21,-18,53,-59.6,,28,-,-29.9,150.12,31.79,67.03,71
WRAP,1.41,-4.73,20,15,20,17,A,D,C-,21,-18,174,45.23,,11,-,-221.2,,,-54.22,215
YOOV,0.70,7.36,1,12,9,2,A,D,C,21,-65,1059,27.52,,15,4/22/2025,-121.1,,,-3344.99,3026
YOU,53.79,-3.36,586,97,89,77,A,A,B+,21,-2,1527,19.68,1.1,20,6/30/2021,22.9,50,7.5,43.92,1553
BHE,86.13,-9.35,441,90,79,96,A,D,B-,22,4,536,7.16,0.7,55,6/27/1990,2.3,15.1,24.55,11.54,521
CLS,336.21,-7.03,1727,92,99,82,A,A,D-,22,-16,2135,52.8,,18,6/30/1998,7.9,69.7,65.66,80,2240
ELTK,9.30,-1.27,2,32,5,43,A,C,C,22,-92,1,-18.19,2.0,27,1/23/1997,2.1,,,-380,7
FLEX,136.85,-10.86,1576,95,94,98,A,B,C-,22,-7,6570,16.86,,36,3/18/1994,4.1,34.28,24.82,27.4,7735
FN,499.61,-8.69,1145,79,96,56,A,A,E,22,-30,680,39.29,,45,6/25/2010,10.4,35.75,43.7,47.62,1023
JBL,341.30,-9.07,2042,88,91,88,A,B,E,22,-7,1177,11.79,0.1,73,4/29/1993,3.0,30.83,23.36,23.92,1401
KE,25.09,-2.41,280,37,52,37,A,D,E,22,48,264,-5.79,,91,-,1.8,33.21,15.29,22.22,181
KTCC,4.26,3.40,41,,,,A,,A,22,-68,7,-20.01,,13,6/22/1983,-2.6,,,-403.89,22
MSAI,5.08,-4.60,10,,,,A,,D,22,-98,24,37.95,,0,-,-211.6,-1190.32,70,78.04,347
NSYS,14.55,-8.83,19,,,,A,,C-,22,13,28,12.72,,27,-,0.0,,,97.02,25
PLXS,275.11,-5.19,540,90,78,93,A,C,C-,22,9,370,18.73,,64,2/5/1986,4.7,10.34,12.19,23.49,334
SANM,219.77,-10.80,728,92,95,95,A,B,D,22,-6,1095,102.27,,82,4/14/1993,4.2,84.82,81.36,124.11,1252
SYPR,2.23,-5.51,26,10,8,23,A,E,E,22,-75,25,-12.53,,7,5/18/1994,-5.2,,,-355.07,105
TTMI,155.98,-13.20,763,92,94,98,A,B,D-,22,14,3099,30.42,,9,9/21/2000,7.2,64.72,57.93,50,2800
XMTR,91.81,-4.14,359,93,83,96,A,C,C,22,-32,604,35.88,,0,6/30/2021,-8.9,86.6,62.35,500,927
AD,36.24,-0.74,216,31,82,8,A,C,E,23,81,1013,-94.16,,58,5/5/1988,86.6,411.22,13.81,880.95,369
AIFA,2.24,-2.18,12,,,,A,,E,23,-98,8,-31.73,,0,-,-440.9,,,-1.37,247
AVNW,21.17,-5.74,202,38,20,23,A,C,A,23,-51,105,-11.22,,75,-,0.8,-6.16,-34.25,-93.18,213
AWRE,1.35,-1.46,34,,,,A,,B-,23,-52,25,-6.15,,14,8/9/1996,-32.5,,,-113.13,54
CLRO,6.48,101.24,11,,,,A,,E,23,667202,88538,-100,,38,-,-394.4,,,88.11,12
CMBMF,0.30,7.14,1,39,33,41,A,E,A,23,-2,63,32.05,,24,6/26/2019,-23.2,,,72.02,64
CRNT,2.42,-5.10,33,31,18,55,A,D,E,23,-45,381,-4.12,,42,8/4/2000,0.2,48.89,-86.67,-66.67,698
DY,437.76,-6.96,687,90,98,87,A,A,E,23,-23,446,56.11,,25,-,6.6,38.79,41.53,111.48,582
ELWT,6.97,-3.19,9,33,10,60,A,D,D-,23,150,100,-21.13,,10,11/5/2025,-19.6,7.5,-1381.56,-711.85,41
ERIC,10.79,-0.74,142,43,34,52,A,B,E,23,-10,8792,-3.49,1.9,67,-,16.2,-35.5,-12,-76.56,9549
FNGR,0.39,-1.27,4,6,15,2,A,E,E,23,-84,133,-87.99,,19,-,-29.2,,,-1437.46,820
GOGO,3.57,2.88,313,25,38,8,A,B,D,23,-1,1941,-1.73,,33,6/21/2013,2.9,277.78,-33.33,11.11,1996
IHS,8.22,0.24,91,38,47,53,A,D,E,23,-16,1076,6.28,,50,10/14/2021,43.7,159.52,20,100,1301
INSG,8.87,-9.77,124,8,15,15,A,E,E,23,23,430,8.41,,8,11/16/2000,0.8,-56.62,-244.07,-1126.69,352
KVHI,9.09,2.77,84,46,33,68,A,D,D,23,26,370,27.17,,52,4/2/1996,-6.8,142.11,-20,133.33,295
NOK,12.07,-6.51,305,79,66,95,A,C,D,23,-35,78273,5.48,0.9,17,7/1/1994,4.5,12.94,34.49,71.61,119515
RBBN,2.14,-8.94,204,36,79,15,A,D,D,23,-28,710,-10.3,,92,5/25/2000,-5.3,-80.61,-128,-66.67,991
SPCX,162.00,2.83,,1,2,35,A,E,,23,-68,61257,,,29,6/12/2026,-22.6,-147.52,,,
UI,525.38,-2.05,367,55,96,21,A,A,E,23,-23,104,18.67,0.6,0,10/14/2011,31.3,39.16,13.93,29.33,134
UTSI,2.48,1.64,3,,,,A,,D,23,-92,33,-15.8,,5,3/3/2000,-70.5,,,-76.56,395
VISN,12.15,-1.78,493,29,77,16,A,D,E,23,39,10307,-57.58,,83,10/25/2013,2.8,49.13,-42.54,142.86,7498
VSAT,83.06,0.05,563,78,43,98,A,D,C,23,-9,2439,2.11,,62,12/3/1997,2.3,-386.39,26.38,121.69,2659
MKTAY,35.93,1.84,3,73,68,58,A,C,C+,24,-23,12,-3.2,2.1,80,-,13.9,6.71,6.35,-10.36,16
SNA,412.09,2.18,1941,92,62,68,A,B,A+,24,15,415,5.79,2.5,40,-,25.9,3.09,4.96,3.99,374
SWK,91.90,0.61,1121,91,79,81,A,D,A,24,-29,1319,2.72,3.6,60,-,2.8,15.33,10.86,6.67,1870
TTC,97.08,0.10,779,79,58,62,A,B,B,24,-43,517,8.1,1.6,20,-,8.4,9.63,5.14,12.68,892
TTNDY,81.69,-2.11,13,88,57,82,A,B,B,24,-16,33,1.87,1.8,0,-,8.5,19.39,,0.41,42
ANDE,66.30,-1.59,449,65,90,61,A,D,E,25,-40,264,-1.2,1.1,62,-,1.3,90.92,530.43,9600,335
DIT,70.00,-4.54,35,,,,A,,E,25,-96,1,15.52,0.7,0,-,0.1,,,-30.78,1
DTCKF,1.06,,,,,,A,,D,25,-97,1,39.97,,11,9/19/2023,-2.7,,,-7.3,3
HFFG,1.82,14.47,114,14,14,15,A,D,D+,25,55,364,4.55,,88,-,-3.7,-90.63,-111.11,-71.43,240
PFGC,113.09,0.49,746,90,56,78,A,C,A+,25,-30,1291,6.43,,25,10/1/2015,0.7,3.01,3.03,1.27,1818
SYY,84.83,2.23,2467,87,69,63,A,B,A+,25,-22,3651,4.7,2.7,50,-,3.0,2.85,2.21,-2.08,3813
UNFI,45.57,-0.24,503,71,76,71,A,D,D,25,-25,509,-4.17,,38,11/1/1996,-0.5,258.34,654.33,75,690
USFD,104.29,2.35,1078,96,89,75,A,C,A-,25,-8,2488,2.77,,12,5/26/2016,2.3,18.52,14.78,14.71,2809
WILC,33.31,1.71,8,89,85,86,A,A,E,25,25,4,25.47,2.9,75,5/19/1997,19.1,,,19.91,3
ACCO,4.20,-3.45,243,80,60,72,A,D,A,26,-35,596,8.29,7.1,78,-,3.2,3.57,-4.76,200,973
ANPA,4.28,-0.46,1,7,7,9,A,C,E,26,-90,2,10.13,,0,7/8/2025,3.0,,,-60.03,21
CLMB,23.86,-2.89,187,69,56,40,A,A,A-,26,-98,142,32.11,0.8,11,7/18/1995,4.3,9.45,-11.75,-11.63,184
CRE,2.49,1.63,1,,,,A,,E,26,-99,1169,57.14,,67,7/23/2025,5.3,,,-298.64,1172
EBF,21.49,-1.01,284,73,51,48,A,C,A,26,-45,91,1.44,4.6,44,-,14.9,-5.42,-23.53,2.63,166
PBI,16.82,-4.21,420,93,96,90,A,D,B,26,-18,2879,-3.33,2.2,56,-,10.2,19.88,20.37,42.42,3571
PMAX,1.82,-15.35,,,,,A,,D+,26,-99,91,72.39,,89,9/5/2024,-49.3,,,1790.76,1705
SCSC,50.87,-2.85,425,83,49,80,A,D,A,26,-26,202,8.88,,33,3/18/1994,3.1,10.45,11.84,9.3,251
SFHG,2.33,7.37,,,,,A,,E,26,-77,4,22.32,,10,10/15/2024,-11.5,,,-220.25,16
ZBRA,267.18,-0.25,1592,79,62,55,A,B,A+,26,-28,746,14.3,,22,8/15/1991,10.3,17.13,20.78,18.16,1049
ACFN,16.89,-2.09,9,28,10,29,A,A,C,27,1,10,-28.11,,77,2/11/1992,18.4,,,-116.54,11
CAMT,142.50,-8.35,332,70,71,63,A,A,E,27,35,672,2.55,,38,7/28/2000,10.6,7.46,-3.84,-11.39,503
CGNX,67.80,-4.92,839,99,91,92,A,B,A,27,36,3320,24.26,0.5,23,7/20/1989,18.4,45.98,69.2,112.5,2472
EMR,139.05,-0.34,2647,61,73,49,A,B,E,27,-7,2655,2.93,1.5,69,-,16.3,8.43,10.1,4.05,2907
HON,229.86,3.66,2675,60,70,35,A,B,E,27,-45,5660,-6.91,3.9,85,-,14.6,5.91,-7.4,3.6,2783
IPGP,105.27,-7.99,469,37,24,61,A,D,E,27,-51,276,16.55,,8,12/13/2006,4.5,74.04,128.42,-55.56,575
ITRI,85.11,0.73,783,57,88,19,A,B,B-,27,-15,691,-3.32,,92,11/5/1993,14.5,-15.94,-20.67,-1.97,829
KEYS,313.86,-6.48,2568,84,81,84,A,A,E,27,31,1995,31.47,,54,-,20.1,42.12,44,68.82,1630
LHSW,1.80,1.69,2,,,,A,,E,27,-79,14074,56.87,,15,4/3/2025,8.6,,,-156.5,300
LPTH,14.56,-8.37,89,55,19,96,A,C,E,27,-22,3108,108.89,,24,2/22/1996,-39.9,42.36,92.19,22.22,3992
NOVT,161.72,-1.21,636,87,67,85,A,C,C+,27,60,847,10.43,,31,-,7.1,9.12,9.21,9.46,534
ODYS,4.01,-1.72,7,13,19,23,A,E,D,27,-99,11,-96.03,,6,-,-565.0,-18.54,-16.11,-8.04,868
OMRNY,36.17,-1.11,1,59,26,85,A,D,C,27,-85,10,-19.73,1.5,46,-,6.8,41.66,-38.91,-8.9,69
POAS,0.29,-8.46,1,,,,A,,E,27,-83,282,,,0,11/13/2025,-3063.1,,,,1667
RAL,68.36,-4.62,560,53,12,91,A,E,C-,27,-8,1568,10.96,0.3,62,-,-58.8,-1.53,-7.26,0.53,1713
STAI,0.16,15.87,1,,,,A,,B+,27,-51,17,,,12,-,,,,,38
VPG,121.59,-15.57,226,90,75,99,A,D,B,27,55,913,17.58,,0,-,2.9,105.78,12.31,75,591
AKO.A,22.61,5.21,1,78,95,42,A,A,C-,28,-15,1,13.07,3.0,93,7/15/1994,11.3,9.21,72.68,36.14,1
AKO.B,29.49,-3.09,39,91,94,66,A,A,C,28,-30,4,13.07,2.5,87,-,11.3,9.21,56.98,36.14,6
BRFH,1.95,0.26,10,,,,A,,E,28,-91,1,92.22,,8,-,-21.0,70.36,11,19.12,10
BUDA,8.75,-1.14,9,22,4,29,A,D,D+,28,21,13,,,92,1/8/2026,28.0,-13.95,,,11
CCEP,106.61,0.48,1785,95,92,65,A,A,B,28,40,2634,10.33,2.4,47,11/21/1986,12.3,3.62,,55.99,1904
CCHGY,68.55,4.31,2,99,93,80,A,A,A+,28,318,31,-2.33,1.8,40,-,11.1,7.26,9.8,21.74,8
CELH,33.16,4.05,698,44,62,15,A,A,C,28,-2,9343,137.68,,7,-,5.0,20.93,28.98,173.33,9590
COCO,66.16,-4.09,507,92,97,89,A,A,E,28,-11,1166,37.31,,0,10/21/2021,15.3,45.61,44.54,61.29,1319
COKE,195.63,0.92,652,93,89,70,A,A,B-,28,8,623,16.88,0.5,33,-,10.7,,14.6,14.6,578
FIZZ,33.33,7.52,344,40,51,26,A,B,E,28,287,1373,-5.25,,60,-,20.4,2.54,3.78,-10.42,361
FMX,129.30,0.93,265,81,64,75,A,B,C-,28,39,733,19.84,1.8,20,-,6.3,74.66,168.57,193.17,531
JVA,3.42,-0.58,31,,,,A,,E,28,-32,44,-5.12,2.4,44,5/3/2005,2.0,,,-69.02,66
KDP,33.30,-0.21,2472,80,40,70,A,B,A+,28,18,16308,9.38,2.8,67,-,16.2,11.5,10.26,-7.14,13845
KO,84.14,3.51,4440,88,71,63,A,A,C,28,13,18315,11.19,2.6,27,-,33.1,9.02,7.38,17.81,17366
KOF,107.38,1.49,157,75,75,60,A,B,E,28,-32,99,14.36,3.6,80,9/14/1993,12.7,4.99,-7.78,-4.85,144
MNST,97.60,0.26,2736,99,93,87,A,A,B+,28,0,5687,26.89,,13,-,29.9,11.48,11.22,23.4,5651
MWYN,1.06,-2.75,7,,,,A,,C,28,-90,171,-48.83,,0,3/13/2025,-39.6,,,-2077.35,1518
ORISF,0.66,-3.65,2,,,,A,,D,28,-100,4,-1.34,,60,10/17/2024,7.1,,,-270.02,464
PRMB,25.02,2.04,493,89,89,73,A,C,A-,28,-23,3017,0.77,1.9,53,-,2.2,-3.51,-9.85,-20.69,3851
REBN,1.59,-1.24,4,,,,A,,E,28,6,44,207.78,,96,8/12/2022,-109.9,,,48.95,47
REED,1.33,3.10,6,,,,A,,E,28,32,41,-28.58,,4,-,-46.5,20.42,-218.31,-1275,31
STBFY,14.11,3.14,2,41,41,26,A,C,B+,28,-72,37,-5.71,1.7,73,-,8.6,-3.66,21.47,-32.22,146
SUJA,10.81,2.27,11,1,32,20,A,E,,28,-50,208,,,24,5/7/2026,-10.6,117.08,,,
WEST,7.06,-6.37,113,70,45,89,A,C,C,28,-23,685,44.45,,12,-,-8.2,73.26,64.02,77.96,864
ZVIA,1.75,-2.78,117,53,57,42,A,D,A,28,25,1481,21.22,,16,7/22/2021,-6.9,11.11,-200,62.5,1193
ACNT,15.26,0.99,130,44,23,57,A,E,B,29,-42,50,-21.5,,0,-,-7.4,,,8.59,88
AP,7.35,-11.12,82,36,11,85,A,D,E,29,88,358,3.9,,10,-,-14.6,,,-107.97,198
CRS,597.24,-2.12,988,99,97,96,A,A,A+,29,-13,668,11.62,0.1,17,-,16.2,41.43,39.1,47.34,775
CSTM,29.49,-2.48,479,87,91,89,A,B,E,29,11,2436,24.36,,83,5/23/2013,4.8,170.97,251.07,653.45,2218
EAF,5.68,-5.96,64,6,12,8,A,E,E,29,10,332,11.86,,0,4/19/2018,-33.8,10.8,8.75,-36.67,317
GSM,3.27,-0.61,190,11,29,10,A,E,E,29,26,1891,13.21,1.8,20,7/30/2009,-13.1,64.1,18.75,65,1518
INHD,39.49,3660.95,4,77,73,58,A,D,A+,29,-100,0,94.92,,50,12/14/2023,-239.4,,,99.55,6957
MTUS,17.50,-2.94,325,38,47,44,A,D,E,29,40,473,9.91,,33,-,0.2,124.32,20,157.14,336
TS,54.13,-0.11,171,68,73,61,A,B,E,29,-20,1230,6.1,,67,-,20.2,3.21,-16.68,13.83,1515
WS,32.02,-0.37,364,22,13,39,A,C,E,29,10,337,11.56,1.7,50,-,0.7,650,-11.69,-29.52,297
AAPL,308.63,4.84,8045,94,87,76,A,A,D+,30,37,75401,16.6,0.4,0,12/12/1980,31.9,17.36,20.5,21.82,56026
FOXX,3.50,3.86,9,,,,A,,E,30,-99,25,-23.93,,14,-,-13.6,,,-281.31,1961
FXHO,7.20,-25.00,1,,,,A,,E,30,-77,1449,-27.99,,57,4/6/2021,-266.4,,,100.74,227
MSI,422.66,0.89,3198,75,81,34,A,A,C+,30,-54,550,7.36,1.2,25,-,24.1,10.26,7.82,5.97,1190
OOMA,19.49,-0.56,215,97,98,89,A,C,A-,30,-32,225,24.79,,50,7/17/2015,1.6,25.96,44.1,75,339
SONM,3.75,-28.71,6,,,,A,,E,30,727,189,-100,,0,5/10/2019,-56.0,,,-606.29,22
XIACY,14.44,2.85,17,32,69,4,A,A,E,30,48,542,-5.55,,75,-,10.8,-27.9,-47.11,-54.56,368
AHKSY,22.06,0.55,,75,89,76,A-,C,E,31,-28,24,-5.56,1.6,71,-,7.0,2.86,22.98,15.12,34
ALB,135.56,-0.38,1379,44,77,43,A-,D,E,31,12,2573,32.67,1.2,6,-,-10.7,1686.32,2662.77,1738.89,2298
APD,314.19,2.54,2021,81,75,55,A-,B,C,31,37,1847,8.76,2.6,41,-,-3.7,9.84,7.92,18.96,1308
AQMS,2.89,-2.69,11,,,,A-,,E,31,-74,30,,,17,7/31/2015,,,,88.04,114
ARKAY,64.78,1.68,1,18,13,29,A-,D,D,31,-38,1,-5.23,5.5,74,-,1.8,9.53,16.08,-31.58,1
ASH,67.01,0.48,471,66,27,76,A-,D,A+,31,-49,591,0.63,2.6,53,-,-44.4,6.48,-1.6,-8.08,1139
ASPI,5.63,-8.75,203,26,23,44,A-,D,E,31,-5,4851,279.45,,4,11/10/2022,-669.0,60.61,59.08,46.38,5135
ASPN,5.58,-5.90,221,55,40,73,A-,E,A-,31,-14,1513,-51.86,,12,6/13/2014,-142.8,83.67,-106.82,92.1,1760
AXTA,35.11,2.66,657,90,75,70,A-,C,A,31,-43,1477,-0.63,,76,11/12/2014,10.7,4.23,0.88,-5.08,2556
BCPC,168.80,-0.05,574,79,78,39,A-,A,B,31,-16,196,8.06,0.6,24,-,19.2,10.25,11.54,10.62,230
BGLC,2.03,1.49,2,,,,A-,,E,31,-98,3,-98.93,,8,-,-40.2,,,30.16,122
CBT,86.35,-0.40,543,72,47,64,A-,B,B,31,-25,398,-3.42,2.0,88,-,15.2,-12.88,-12.99,-15.26,533
CC,19.01,-5.61,388,26,10,53,A-,D,D,31,0,2819,0.95,1.7,50,-,-4.8,45.39,-14.53,-61.54,2817
CITR,5.99,3.81,8,13,32,11,A-,D,E,31,-3,49,-64.42,,2,-,-1546.9,60.61,72.47,76.98,51
CNEY,0.46,-3.90,4,,,,A-,,C-,31,-92,104,-2.42,,97,2/5/2021,-31.3,,,91.98,1322
EMN,68.86,2.64,656,25,18,32,A-,C,E,31,-6,1134,-4.93,4.8,65,-,6.5,16.59,13.25,-42.93,1219
ESI,43.64,-4.59,773,87,75,90,A-,B,D,31,15,3878,41.49,0.7,35,-,10.4,18.79,16.07,20.59,3382
FF,4.69,1.08,151,49,9,72,A-,E,A,31,-22,258,82.19,0.9,18,-,-51.4,,,-7.35,328
FSI,6.25,-4.73,31,,,,A-,,C+,31,64,34,11.02,,3,-,8.5,333.33,-93.75,0,21
FTK,22.19,-6.17,168,74,18,85,A-,A,B-,31,-21,238,26.53,,32,-,8.3,-34.75,-19.81,-29.41,305
FUL,58.06,1.36,499,45,74,27,A-,C,E,31,34,985,5.81,1.5,85,-,6.2,14.83,16.63,19.49,713
GEVO,1.41,-2.76,143,18,41,9,A-,C,E,31,-37,2068,47.54,,28,2/9/2011,-20.3,-14.11,-336.94,0,3344
GTIJF,0.00,,,,,,A-,,B,31,1401,2,,,0,-,-17688.6,,,232.4,2
HENKY,20.30,1.75,7,81,82,54,A-,C,A,31,-32,66,-3.52,2.0,79,-,13.3,1.76,-0.44,6.84,99
IOSP,83.10,1.63,435,50,35,48,A-,C,B,31,-45,116,2.81,2.2,59,-,7.8,-9.3,-17.2,-26.06,215
KOP,46.21,3.70,352,73,33,84,A-,D,B+,31,41,256,-0.26,0.8,91,2/1/2006,4.3,1.54,-24.32,-19.72,184
KRO,5.97,-2.61,178,20,8,35,A-,D,D-,31,-19,258,4.08,3.1,26,-,-5.2,93.23,125,-125,313
KWR,161.16,-0.06,448,76,56,74,A-,C,A-,31,-15,140,8.48,1.3,47,-,0.4,-0.06,-5.26,3.16,167
LIN,546.64,2.45,5144,88,72,60,A-,B,B,31,-5,2276,8.25,1.2,26,-,26.2,22.52,9.6,9.62,2317
LNZA,6.31,-6.66,12,29,63,2,A-,D,C,31,45,233,26.75,,48,-,-65.2,83.25,94.93,82.3,157
LXFR,17.14,-4.46,234,82,70,83,A-,D,C,31,-34,107,-7.29,2.8,68,10/3/2012,5.8,2.25,-6.67,17.39,157
LZAGY,70.43,1.21,9,88,85,48,A-,B,A+,31,9,74,-8.4,0.6,18,-,16.8,14.31,,63.41,69
MEOH,45.47,2.29,432,21,15,37,A-,D,E,31,-1,885,8.71,1.5,15,-,6.6,357.54,302.02,-76.92,869
MTX,74.46,0.92,473,60,62,59,A-,C,D,31,-15,204,11.2,0.6,82,10/23/1992,-0.7,13.62,5.16,21.05,248
NEU,786.60,0.13,554,73,54,61,A-,B,C,31,-9,97,-4.46,1.5,56,-,20.6,,,-4.83,108
NGVT,72.49,-0.12,463,56,46,64,A-,E,C-,31,-18,232,-9.15,,62,-,-12.2,10.04,-4.56,16.16,275
NMGX,0.03,32.58,,,,,A-,,C,31,-43,0,-17.14,,10,-,-180.3,,,43.25,3
NTIC,8.63,-1.82,54,46,25,47,A-,C,A,31,-50,7,15.34,,0,-,3.6,15100,100,133.33,14
NVZMY,65.10,3.04,19,72,54,43,A-,A,A+,31,-29,34,7.75,1.0,29,-,18.0,1.56,84.37,7.89,48
OEC,5.74,-9.61,229,12,10,18,A-,D,D,31,402,2477,-3.81,1.2,21,7/25/2014,-1.9,-70.05,-49.61,-150,518
OLN,20.04,2.30,436,9,10,15,A-,D,E,31,19,3291,-3.72,3.7,34,-,-2.4,171.32,124.05,-851.18,2579
PRM,33.92,-2.11,426,84,54,91,A-,B,C,31,-17,1246,73.63,,44,-,-36.2,30.15,10.54,100,1647
RYAM,7.36,-4.79,205,16,14,43,A-,E,E,31,79,1715,-10.39,,40,-,-6.5,85.24,95.92,-24.34,1030
SCL,56.75,1.68,374,47,15,58,A-,D,A,31,-36,100,1.9,2.8,12,-,2.6,39.29,17.31,-46.43,150
SHECY,21.61,-2.53,7,55,30,71,A-,B,E,31,-17,238,-1.57,1.1,38,-,27.5,,,-8.95,327
SND,4.70,-0.63,80,46,35,62,A-,C,E,31,13,455,42.03,,94,11/4/2016,-1.7,,,84.11,409
SOLS,80.19,-3.33,890,30,3,69,A-,E,E,31,-2,1954,,0.4,62,-,16.6,78.69,,,2023
TANH,0.40,6.00,1,,,,A-,,A-,31,-6,9501,-16.73,,6,3/24/2015,-87.3,,,-33.83,275
TROX,6.21,-3.57,285,15,3,42,A-,E,D-,31,-23,2430,2.98,3.0,24,11/22/2005,-15.9,20.34,-29.8,-266.67,3034
VHI,14.40,-0.14,83,29,5,35,A-,D,A,31,-72,4,3.99,2.2,30,-,-2.1,,,-88.14,14
WDFC,245.83,1.82,458,94,74,67,A-,A,A+,31,-20,130,10.65,1.6,9,-,16.4,-10.5,1.62,13.64,160
BAC,58.73,0.63,4567,94,78,66,A-,B,A,32,-17,29328,10.62,1.9,54,-,19.4,17.61,24.92,23.33,35934
BCS,27.77,1.83,115,96,81,82,A-,A,B-,32,3,5861,7,1.7,73,-,16.6,21.88,32.15,9.59,5501
BMO,174.13,-1.94,1672,91,63,85,A-,B,B,32,5,828,10.01,2.6,23,-,14.6,19.41,14.33,39.69,816
BNPQY,58.58,1.51,,94,86,78,A-,B,B-,32,-2,344,11.86,6.1,85,-,11.1,11.96,-0.03,24.1,355
BNS,85.40,-2.23,1730,85,58,80,A-,B,C+,32,53,3670,7.48,3.4,50,-,13.7,17.44,9.9,31.99,2350
BNY,146.62,0.41,3088,94,97,83,A-,A,E,32,-26,2623,-44.37,1.5,12,-,17.4,19.79,14.61,41.77,3836
C,139.97,-0.11,3819,81,76,83,A-,C,E,32,-29,9501,14.06,1.7,27,10/30/1986,11.7,56.26,37.32,56.12,12075
DB,35.86,5.91,2197,86,88,58,A-,B,B-,32,20,3500,4.55,1.0,81,-,15.2,10.19,69.13,10.05,2924
DBSDY,206.32,1.90,15,97,83,74,A-,A,B+,32,-12,40,2.69,4.7,88,-,33.9,1.2,0.81,7.55,48
GS,1021.00,0.14,3585,87,94,77,A-,B,E,32,-33,1544,14.37,1.8,8,5/4/1999,17.3,16.63,28.45,24.29,2147
HSBC,96.78,1.01,120,90,93,80,A-,B,E,32,-25,1247,12.1,4.0,62,-,19.5,11.21,37.14,23.08,1677
JPM,334.47,0.12,5907,89,79,57,A-,A,B,32,-8,8413,9.99,1.8,35,-,26.0,12.72,7.08,17.16,8986
LCLN,24.62,0.53,20,1,3,43,A-,E,,32,-40,420,,,78,5/20/2026,28.1,-41.88,,,
LYG,6.06,2.71,65,84,52,79,A-,A,C,32,-15,19855,1.65,2.9,58,-,10.2,44.02,20.76,43.35,22726
MFG,9.94,1.43,39,94,98,87,A-,B,E,32,-7,3484,21.33,1.4,42,-,18.2,11.45,-18.54,64.23,3712
MS,213.93,0.98,3795,93,94,83,A-,A,D,32,-36,3745,16.02,1.9,4,3/21/1986,18.3,17.44,32.88,31.92,5784
MUFG,20.61,1.68,94,93,93,81,A-,B,D+,32,19,3840,-108.14,2.2,46,-,25.1,11.11,-3.3,75.76,3105
NWG,17.99,,61,96,95,73,A-,A,B,32,-31,3220,-36.79,5.0,92,-,25.2,5.98,18.42,25.03,4605
PSTVY,11.80,5.12,,,,,A-,,E,32,-46,0,2.55,3.5,96,-,17.3,,,-11.58,0
RY,204.79,-1.69,2252,98,88,83,A-,A,B+,32,13,2803,11.3,2.0,15,-,18.8,11.81,4.25,24.93,1624
SAN,13.95,1.01,84,97,98,83,A-,B,C+,32,11,8964,0.3,1.5,77,7/30/1987,14.5,11.57,20.52,76.44,8252
SMFG,24.53,2.00,65,98,96,84,A-,B,B,32,-16,1775,0.25,2.1,38,-,21.3,14.28,-8.78,34.2,2086
SUTNY,7.79,2.30,1,96,92,82,A-,B,B,32,-61,78,-5.89,2.2,65,-,14.7,,,45.52,215
TD,119.30,-2.41,2059,82,59,85,A-,B,E,32,119,5522,17.35,2.6,19,-,19.3,15.71,9.76,21.3,1941
UBS,51.04,2.65,2696,89,87,79,A-,B,D,32,-24,1726,14.62,1.4,31,-,11.1,26.18,16.97,84.31,2275
WFC,85.51,-0.50,3538,77,89,42,A-,B,C,32,-44,10783,6.44,2.1,69,-,20.3,11.91,6.98,15.11,16498
WSE,12.95,5.11,1166,64,66,40,A-,A,D+,32,-10,1456,33.57,,0,-,24.4,15.7,,-11.78,1153
CNI,121.56,1.45,1915,88,53,72,A-,A,A,33,-15,1226,0.38,2.1,67,-,36.2,0.05,-0.48,-1.79,1532
CP,87.79,2.18,2033,74,60,60,A-,B,D,33,-1,2854,-1.15,0.7,17,-,36.4,7.28,6.4,-0.55,2982
CSX,48.89,1.16,2573,84,53,82,A-,B,C-,33,-2,13747,1.72,1.2,0,-,26.8,19.61,13.08,26.47,12899
EJPRY,10.58,4.24,2,50,91,20,A-,B,D-,33,-16,128,7.75,1.6,83,-,10.8,,,116.54,179
NSC,322.71,1.17,1868,66,32,60,A-,B,C-,33,-20,861,0.23,1.7,33,-,30.1,-1.9,-2.54,-1.49,1175
UNP,282.25,1.63,3327,84,55,69,A-,A,C,33,-25,2272,3.15,2.1,50,-,37.4,8.43,4.51,8.52,3048
AAON,107.62,-7.56,673,87,83,84,A-,A,D,34,24,1423,54.3,0.3,2,-,8.9,67.7,127.27,29.73,1163
ACA,144.97,0.21,559,98,91,88,A-,B,A,34,141,1344,-9.54,0.1,21,-,8.4,-4.29,-6.08,4.08,559
AEHL,1.00,-1.96,,,,,A-,,E,34,-99,63,-27.02,,16,-,-18.4,,,16.42,11425
AIRJ,4.83,-6.66,87,44,4,74,A-,E,A,34,10,1507,,,0,-,,-358.67,-290,-384.62,1382
AKZOY,22.86,1.42,4,72,73,50,A-,C,B,34,-40,60,-5.72,2.7,72,-,9.5,5.42,4.21,-2.25,105
AOS,62.72,0.93,1160,49,55,25,A-,B,B-,34,-9,1700,-1.9,2.3,68,-,18.7,-1.73,-8.84,-10.53,1790
APOG,40.57,-7.46,401,60,50,53,A-,C,B,34,6,289,-1.14,2.2,94,-,5.5,15.87,-35.71,1.79,270
APT,5.50,-4.01,40,,,,A-,,A,34,-86,15,5.52,,77,-,7.9,,,20.12,109
ASGLY,8.40,-2.96,,76,81,78,A-,D,C-,34,-74,1,1.54,2.0,70,-,6.0,19.47,,208.61,9
ATKR,69.21,-4.45,474,26,12,55,A-,D,D-,34,-20,376,4.23,1.7,79,6/10/2016,-0.7,-11.51,-4.13,-39.71,471
AWI,158.56,0.26,683,59,80,23,A-,A,D,34,-11,380,7.05,0.8,45,-,24.7,12.11,7.97,1.81,442
AYI,359.04,-2.31,940,94,79,64,A-,A,A+,34,1,395,1.65,0.2,57,-,11.5,9.99,8.81,3.71,397
BLDR,84.69,-0.09,1474,24,14,23,A-,C,B,34,-37,1705,-10.13,,83,6/22/2005,3.4,-37.95,-46.43,-82.12,2757
CAPS,0.26,-4.74,3,,,,A-,,E,34,-96,134,59.51,,3,-,-30.0,106.14,192.68,48.59,3004
CARR,70.07,-2.78,2209,63,38,70,A-,C,C+,34,-9,6157,2.36,1.3,26,-,8.3,8.3,-11.4,-12.31,6454
CNM,44.93,-1.06,885,41,77,17,A-,B,E,34,46,3869,-0.05,,53,7/23/2021,7.9,11.06,10,9.62,2621
CPTAF,0.01,,,,,,A-,,D+,34,-67,0,,,98,-,-506.4,,,-335.59,51
CSTE,2.21,0.91,12,56,12,87,A-,E,A,34,339,651,-10.9,,5,3/22/2012,-33.6,,,-10.34,149
DKILY,15.47,1.64,11,70,30,79,A-,C,A,34,-27,171,3.12,1.0,32,-,8.1,2.58,1.05,-7.18,246
EFOI,2.95,-4.84,10,,,,A-,,E,34,-90,17,54.06,,11,-,-28.9,,,55.97,174
FBGL,0.49,-5.46,1,,,,A-,,E,34,-91,10,,,,2/6/2025,,,,,145
FBIN,53.22,-1.64,695,63,29,64,A-,C,A+,34,-0,2779,-2.11,2.3,81,-,9.1,-13,-18.93,-19.7,2836
FIX,1741.30,-6.64,2481,94,99,94,A-,A,E,34,42,645,56.47,0.2,4,6/27/1997,14.2,49.4,59.55,121.26,476
GCDT,0.60,3.19,2,,,,A-,,E,34,-87,259,,,,1/13/2026,,,,,2183
GFF,92.86,0.53,508,79,65,78,A-,B,D,34,-17,330,-31.04,0.9,66,-,5.0,-7.96,-10.57,-14.63,387
JELD,1.44,-3.36,190,11,4,28,A-,E,D,34,-23,1372,-6.95,,21,1/27/2017,-14.8,15.83,-250.48,-194.12,1955
JHX,25.81,0.39,473,71,27,77,A-,B,A,34,-43,4484,44.43,,38,-,4.3,8.87,5.36,-16.67,7750
LII,570.03,-0.18,1534,82,65,63,A-,A,B+,34,24,547,5.83,1.0,34,7/29/1999,19.2,5.07,-2.7,-0.59,440
LMB,76.00,-2.09,305,46,82,17,A-,A,E,34,-38,199,4.32,,55,-,7.5,10.47,-0.46,-42.86,320
LPX,79.31,0.83,633,35,10,38,A-,C,B+,34,-16,1046,-20.72,1.5,9,-,7.2,-28.12,-35.63,-70.08,1256
LYTS,25.59,-3.03,296,97,88,83,A-,B,A,34,-52,256,13.62,0.8,43,3/12/1985,5.8,4.91,2.94,40,545
MAGH,6.76,,,,,,A-,,E,34,,0,,,13,8/12/2025,0.2,,,,568
MAIR,37.18,-1.46,94,1,10,50,A-,E,,34,-11,2115,,,56,-,5.8,354.65,,,2167
MAS,82.77,1.38,1703,87,60,81,A-,D,A+,34,-42,1660,6.5,1.6,51,-,15.0,7.97,1.35,19.54,2887
MHK,119.35,-0.43,674,67,57,59,A-,C,B,34,-9,776,8.03,,91,4/1/1992,4.3,-4.15,-6.8,25,854
MIMI,2.25,-3.85,3,,,,A-,,D-,34,-97,118,-26.25,,0,1/10/2025,-50.1,,,-6014.81,1099
MOD,230.97,-5.53,763,86,95,83,A-,A,E,34,30,1788,47.47,,6,-,5.9,55.57,30.63,52.68,1414
MWA,24.97,-0.56,627,64,95,29,A-,A,E,34,-27,953,5.52,1.0,62,5/26/2006,17.8,12.72,15.2,17.65,1284
NCL,0.16,-4.16,5,,,,A-,,C+,34,25,0,44.33,,98,10/19/2023,-85.8,,,70.89,446
NWGL,0.28,2.12,1,,,,A-,,E,34,-86,543,-33.3,,7,9/12/2023,-43.6,,,-9.83,2660
NX,17.08,-5.01,321,32,33,38,A-,C,E,34,1,414,2.19,1.8,96,-,-13.2,-28.26,-4.71,-58.33,396
OC,151.06,0.32,1138,71,32,76,A-,D,A,34,-9,1254,-10.47,2.3,85,-,1.0,-21.56,-27.43,-58.92,1283
PPG,125.33,2.22,2043,78,51,67,A-,B,A-,34,-10,2017,6.68,2.3,74,-,12.9,3.96,1.26,6.4,1924
QXO,16.21,-2.00,572,20,32,13,A-,B,E,34,37,32562,12708.71,,0,-,-4.9,-13.18,-21.52,-300,19670
RETO,2.68,6.55,,10,8,4,A-,E,B,34,-99,2,,,2,11/29/2017,-374.2,,,,100
RPM,111.62,0.85,1159,77,79,45,A-,B,B+,34,-19,673,8.9,1.9,47,-,10.8,3.74,6.14,62.86,820
SHW,352.48,1.86,2586,77,60,48,A-,B,A-,34,-13,2079,6.81,0.9,23,-,14.2,2.58,3.46,4.44,2418
SMJF,5.25,0.96,1,34,1,76,A-,E,C,34,-80,132,,,41,12/4/2025,6.7,,,,668
SPB,84.99,-1.35,395,94,98,80,A-,D,A-,34,18,572,4.91,2.1,89,-,3.1,-3.01,18.72,83.82,386
SSD,200.72,-1.18,684,88,69,69,A-,A,B,34,9,402,9.11,0.6,40,5/25/1994,19.8,10.05,9.47,15.14,346
SWIM,6.14,-5.39,227,56,63,42,A-,D,B,34,30,1024,5.29,,11,4/23/2021,2.5,15.93,47.01,55.81,797
TGLS,45.62,-2.87,311,53,49,22,A-,A,A,34,-39,215,12.02,1.3,87,-,23.9,-22.84,-48.3,-15.22,319
TILE,35.67,-0.75,497,99,98,86,A-,B,A+,34,-14,503,6.79,0.3,64,4/14/1983,9.9,9.92,5.77,64,600
TREX,48.47,-0.45,610,70,41,66,A-,B,A,34,-34,1268,1,,30,4/8/1999,22.0,-10.9,-15.26,-1.67,2023
TT,478.13,-1.33,3665,93,87,66,A-,A,B,34,-28,1044,5.99,0.9,13,-,17.3,14.14,9.65,7.35,1424
TTAM,18.21,-1.03,143,62,31,75,A-,C,C,34,-4,269,1.52,,60,2/7/2025,14.7,8.22,1.88,-5.26,276
UFPI,89.19,0.04,585,26,17,27,A-,C,C,34,-47,284,-8.41,1.6,49,11/10/1993,6.2,-7.15,-15.52,-33.69,534
WBRBY,5.26,2.53,,12,15,18,A-,C,E,34,-63,5,-11.02,2.2,28,-,5.1,27.09,86.02,-154.85,13
WFG,69.64,5.32,519,35,3,44,A-,E,A,34,20,232,-8.57,1.8,8,-,-21.4,68.42,-25.26,-621.74,187
WMS,152.18,0.81,1052,82,73,58,A-,B,B,34,-48,492,9.91,0.5,36,7/25/2014,18.4,15.35,7.47,3.88,966
WSO,404.71,-0.71,1199,58,38,52,A-,C,A-,34,-26,300,0.13,3.2,15,-,10.2,3.53,-2.81,-3.11,398
WSO.B,399.40,,7,26,39,23,A-,C,E,34,-37,0,0.13,3.8,17,-,10.2,3.53,-2.81,-3.11,0
WTS,368.55,-3.32,836,98,93,83,A-,A,B+,34,3,421,21.38,0.7,19,8/21/1986,18.3,13.78,7.8,28.27,427
WXM,4.29,-7.51,,,,,A-,,E,34,-95,30,,,43,4/1/2025,-22.4,,,,77
AIN,73.39,-1.38,381,74,33,82,A-,C,A,35,-40,165,7.81,1.5,50,9/30/1987,-5.2,323.73,23.68,-17.81,263
AMCI,4.89,-6.14,8,8,28,9,A-,E,E,35,-1,65,,,11,-,-414.9,,,108.64,65
CMCO,13.55,-6.62,259,19,29,19,A-,C,E,35,60,803,77.34,1.9,75,2/23/1996,-17.3,-5.75,-43.5,-60,514
DDD,2.80,-5.41,182,67,62,87,A-,D,C-,35,5,5001,1.02,,42,9/1/1987,12.8,60.81,28.57,95.24,5038
GMEX,3.89,7.79,,,,,A-,,E,35,-92,616,-32.41,18.9,17,8/8/2023,-6.7,,,25.52,376
HCAI,8.54,-1.04,3,,,,A-,,C-,35,-100,23,-72.77,,0,2/5/2025,-659.2,,,-68.05,1493
HURC,22.33,0.13,84,79,59,84,A-,D,B,35,0,29,16.52,,50,3/25/1981,-6.8,,,57.48,31
INLF,0.02,-34.15,4,6,3,1,A-,D,E,35,-81,219732,52.49,,33,1/2/2025,-29.6,,,-562.22,104929
KITT,1.13,-7.38,7,,,,A-,,E,35,-65,293,-3.44,,8,-,-774.0,,,89.35,390
MTLS,7.16,0.70,24,90,67,85,A-,C,A+,35,-36,93,2.71,,25,6/25/2014,2.7,36.02,723.06,408.6,146
MWG,1.35,,,,,,A-,,D,35,-95,4,11,,58,4/3/2023,-1.0,,,57.29,135
RR,1.96,-4.85,143,11,24,18,A-,D,E,35,-42,7119,-8.75,,25,11/17/2023,-314.2,7.1,26.43,-14.72,12148
SERV,6.31,-3.37,199,5,6,6,A-,D,E,35,-40,2979,577.47,,0,-,-3961.4,-63.91,-90.28,-182.61,5081
ADPT,21.19,-5.27,448,88,54,91,A-,C,A,36,25,3394,35.19,,57,6/27/2019,-21.5,-18.24,20.44,35,2621
AKBA,1.24,2.48,171,19,21,10,A-,D,B+,36,-17,4199,-6.61,,54,3/20/2014,-1.6,-620,-957.14,-200,5262
ALVO,3.61,0.84,73,12,15,18,A-,D,D-,36,-39,479,-20.26,,39,-,23.3,163.55,-116.74,-136.73,767
AMRN,16.37,-0.61,25,41,41,58,A-,E,D,36,8,92,9.98,,79,4/1/1993,-16.9,61.11,50,25,85
ANAB,63.42,-3.07,321,75,31,98,A-,C,C+,36,-95,1356,-7.98,,95,1/26/2017,-5.6,-395.72,85.75,-115.66,625
ARDX,5.27,2.13,273,18,19,29,A-,C,E,36,-24,3209,27.47,,82,6/19/2014,-14.9,78.85,50.35,11.76,4260
ARQT,25.81,-0.12,400,77,63,73,A-,C,B-,36,-35,1198,60.07,,91,1/31/2020,-4.0,253.5,132.27,55,1869
ARWR,83.99,4.41,682,61,26,92,A-,D,E,36,-13,1703,-86.41,,88,6/16/1993,6.2,-31093.19,4.57,-133.82,2089
AXSM,244.31,1.52,594,69,37,94,A-,D,D,36,-12,854,55.93,,64,11/19/2015,-28.8,41.91,11.91,-3.28,974
BBIO,77.19,3.58,802,53,30,68,A-,D,D+,36,-3,3179,66.78,,14,6/27/2019,-145.9,42.66,38.44,4.55,3497
BCRX,9.84,1.97,384,62,30,56,A-,C,A,36,-3,4860,7.48,,96,3/4/1994,30.6,-315.52,684.06,-60916.33,5095
BEAM,34.79,3.91,405,75,53,90,A-,D,D+,36,4,2316,324.87,,98,2/6/2020,-57.2,-444.27,-11.22,26.61,2238
BNTX,97.55,3.86,517,33,10,45,A-,D,B+,36,48,1391,-33.75,,48,10/10/2019,-36.6,1.38,-32.14,-24.48,989
CERS,3.16,5.33,158,87,47,95,A-,C,B+,36,15,3298,22.49,,77,1/31/1997,-7.4,58.33,55.56,75,2879
CYTK,86.49,1.44,791,70,12,91,A-,D,A+,36,-26,2030,1109.69,,0,4/29/2004,-891.6,2.67,-46.07,-22.79,2812
DNA,10.40,1.17,206,48,35,68,A-,E,B+,36,-34,865,-59.7,,11,-,-184.3,30.67,17.27,17.26,1301
ESPR,3.16,,184,61,57,69,A-,C,B-,36,-45,7879,23.25,,93,6/26/2013,-5.2,63.64,92.86,52.38,14383
EVO,2.90,1.75,4,23,20,38,A-,D,C,36,-59,26,-19.21,,84,11/4/2021,-16.1,-20.93,108.31,-124.58,65
GERN,1.36,7.09,225,27,41,31,A-,D,E,36,-25,10548,30.89,,41,7/31/1996,-45.4,82.05,60.42,66.67,14236
GYRE,7.34,12.58,77,31,9,38,A-,C,B,36,6,102,2.09,,73,4/12/2006,12.4,-1550,-1256.47,-2140.82,98
HROW,42.74,-0.60,254,49,14,60,A-,C,B,36,-44,493,-7.58,,86,-,-0.6,276.79,-230.77,-48,876
HRTX,0.44,3.30,141,5,4,2,A-,D,D-,36,-12,3065,-10.78,,70,-,-13.0,45.83,75,-500,3553
IBRX,9.44,2.61,275,69,22,96,A-,D,A-,36,9,14675,167.64,,12,7/28/2015,-310.4,-123.68,13.33,-313.33,13631
IDYA,37.65,4.09,418,69,32,76,A-,D,A,36,6,1264,55.37,,2,5/23/2019,-52.0,-235.59,-20.82,-35.37,1165
IMCR,32.50,2.69,147,52,36,38,A-,C,A+,36,109,955,13.63,,52,2/5/2021,-4.8,117.06,104.88,150,458
INSM,111.60,4.30,1831,17,31,13,A-,D,D-,36,-31,2771,229.62,,16,-,-209.7,57.89,56.08,46.48,4149
IONS,81.80,3.30,855,53,30,68,A-,D,D,36,21,2302,86.36,,20,5/17/1991,-40.2,-51.53,-251.79,39.78,1906
IOVA,4.31,8.56,301,62,50,91,A-,D,D,36,45,20542,44.82,,32,-,-149.2,49.6,60.46,47.22,14608
KPTI,9.60,0.52,49,64,32,93,A-,E,B,36,-33,318,16.83,,7,11/6/2013,-134.2,77.24,69.68,55.23,481
LEGN,29.91,0.07,471,54,35,70,A-,C,C+,36,-49,1407,56.42,,68,6/5/2020,-27.5,102.78,121.22,44.44,2818
MDGL,528.10,2.67,659,39,23,52,A-,D,D,36,-34,222,126.84,,59,2/6/2007,-30.1,43.9,-44.62,2.11,335
MDXH,0.48,-6.02,25,9,23,1,A-,D,D-,36,3,949,-1.63,,21,11/4/2021,-32.8,4.33,-28.91,0,919
MGNX,4.71,1.95,89,73,23,98,A-,D,A+,36,-28,861,57.48,,46,10/10/2013,-50.4,22.47,104.53,10.77,1227
MIRM,125.59,4.26,524,77,22,93,A-,C,B,36,-37,653,43.3,,75,7/18/2019,-4.1,-3229.98,-517.5,-4376.67,1088
MNKD,4.52,11.60,269,49,6,64,A-,C,A+,36,59,9573,15.08,,66,7/28/2004,0.4,-187.5,,-225,5963
MRNA,79.76,10.01,1201,70,18,97,A-,E,A+,36,81,14112,260.19,,18,12/7/2018,-142.4,-18.19,3.33,-34.92,7749
MRVI,6.04,-1.79,206,72,32,97,A-,E,A,36,-40,1724,40.53,,36,11/20/2020,-126.5,60.65,45.59,112.5,2907
NUVB,5.70,5.17,292,55,31,79,A-,D,C+,36,6,6332,2598.7,,29,-,-325.3,40.88,14.41,106.25,6075
NVAX,9.74,2.96,270,45,23,76,A-,D,D,36,-4,4851,-79.07,,89,-,39.4,-118.29,-163.89,-102.05,5171
OPK,1.52,-0.65,200,57,23,73,A-,E,B+,36,-23,2156,-17.14,,55,11/2/1995,-39.8,-1.11,57.89,30,2832
PHAT,11.20,6.31,240,46,69,35,A-,D,C,36,-29,889,104.43,,45,10/25/2019,-126.3,79.43,80.27,71.76,1254
PTCT,83.31,2.41,669,62,17,79,A-,D,A-,36,-6,6778,-76.83,,34,6/20/2013,40.3,-90.75,138.23,-100.3,1792
RARE,33.47,3.37,440,55,17,68,A-,D,A+,36,-42,1239,-2.36,,43,1/31/2014,-84.8,25.24,-4.19,-17.2,2235
RCUS,30.33,4.88,385,74,27,94,A-,D,A,36,-5,1326,-39.29,,5,3/15/2018,-142.9,-11.81,-18287.76,10.53,1409
RYTM,114.17,3.41,523,64,19,80,A-,D,B+,36,-10,955,83.81,,30,10/5/2017,-103.3,-1.25,-8.46,-2.47,837
SNDX,21.82,4.45,343,62,53,57,A-,D,B-,36,14,2197,223.64,,25,3/3/2016,-165.6,45.95,41.97,51.02,1978
SRPT,19.28,5.93,483,41,25,28,A-,C,A+,36,9,4358,-1.89,,27,6/4/1997,-31.9,151.6,-88.06,162.61,3374
STIM,1.41,4.44,92,30,55,25,A-,D,D,36,-72,619,7.75,,61,6/28/2018,-26.2,21.52,17,23.81,2162
TARS,65.44,7.47,411,52,68,42,A-,C,E,36,46,1786,106.87,,71,10/16/2020,-14.3,61.06,55.2,75,793
TLX,11.87,0.25,9,51,8,70,A-,B,A+,36,54,255,17.84,,80,11/13/2024,-0.7,249.55,394.12,-174.03,169
TVTX,56.92,1.03,460,83,36,97,A-,C,A,36,-25,1699,67.67,,62,-,-10.0,167.29,40.83,14.89,2338
TWST,99.24,-2.94,473,82,24,99,A-,C,A+,36,-16,1524,19.31,,50,10/31/2018,-20.4,-60.55,-247.73,-7.58,1831
URGN,38.02,0.21,201,87,45,97,A-,D,A+,36,2,822,151.6,,38,5/4/2017,-139.7,73.52,71.98,48.91,804
VALN,5.22,2.65,3,4,5,10,A-,E,E,36,-62,19,-35.31,,23,5/6/2021,-68.2,44.79,-17.34,-264.44,50
VNDA,6.21,2.64,235,18,5,40,A-,D,D,36,-18,859,3.35,,9,4/12/2006,-64.2,39.77,-26.63,-64,1051
ZLAB,19.12,-0.16,97,33,35,27,A-,D,A-,36,-56,389,-6.46,,4,9/20/2017,-38.8,-31.61,-80.44,-2.22,893
AIRT,28.87,13.89,12,88,48,84,A-,C,A+,37,212,8,82.37,,67,-,26.3,,,1269.07,2
CRGO,1.29,-9.79,12,9,21,6,A-,D,E,37,32,113,3.04,,0,-,-59.0,30,44.44,-44.44,88
FDX,313.00,-0.28,2491,85,94,78,A-,B,E,37,-86,1249,12.61,1.5,0,-,6.1,-5.04,34.77,29.09,1971
UPS,110.66,1.02,2544,59,23,62,A-,B,A,37,-55,3377,-1.4,6.1,33,11/10/1999,8.1,-0.9,7.08,-28.19,5881
ATLC,96.40,-7.08,225,98,92,92,A-,A,B,38,61,205,97.04,,47,4/23/1999,8.1,57.91,50.11,49.66,130
CACC,657.12,0.21,366,99,86,86,A-,A,A+,38,2,169,1.56,,35,6/5/1992,24.4,21.78,38.44,14.55,169
CPSS,9.62,,131,72,39,61,A-,B,A,38,-51,14,5.11,,59,10/22/1992,6.5,,26.32,26.32,29
ENVA,235.19,-2.89,560,99,95,95,A-,A,A+,38,105,666,17.38,,29,-,12.7,26.92,22.68,29.87,322
EZPW,35.59,0.17,344,98,97,94,A-,A,D+,38,28,1152,45.89,,24,8/27/1991,11.5,38.46,20.2,70.59,910
FCFS,221.97,1.63,635,91,94,80,A-,A,E,38,40,613,25.73,0.8,18,6/10/1991,12.2,24.63,32.91,29.95,434
HTT,2.65,3.11,35,39,34,40,A-,D,A,38,-2,285,-93.86,,88,10/18/2017,1788.3,,,-171.51,294
IX,39.06,1.72,22,85,77,87,A-,B,E,38,-43,183,12.61,2.1,41,-,21.8,46.85,48.87,1.08,314
KLAR,19.72,-3.52,137,28,31,38,A-,D,C,38,1,5808,42.65,,5,9/10/2025,-6.9,125.44,61.51,95.06,5802
LX,1.91,-5.45,83,27,46,7,A-,B,C,38,82,2984,12.79,15.7,94,12/21/2017,15.8,3.28,,-47.1,1649
MNY,0.93,1.79,4,7,10,9,A-,D,E,38,73,76,15.39,,20,-,-7.0,80,-304.08,-100,45
NNI,135.26,0.43,315,80,79,42,A-,B,B,38,-21,115,5.16,1.0,53,12/11/2003,23.3,-28.25,-54.2,-18.83,146
OMF,59.50,-1.47,649,75,76,41,A-,A,B,38,-21,924,6.59,6.9,65,10/16/2013,16.0,8.47,-6.93,13.37,1120
OPRT,5.90,,181,43,17,55,A-,D,A,38,2,541,-3.01,,82,9/26/2019,4.6,15.07,5.81,-47.5,532
RM,41.66,-1.63,222,95,96,66,A-,B,A,38,1,59,9.36,2.9,71,3/28/2012,8.9,25.62,-23.5,68.57,60
SLM,25.60,-0.27,660,87,94,44,A-,A,A+,38,-25,2189,-3.62,2.0,76,-,31.7,-8.96,45.79,10,2889
SNTG,2.06,-0.48,1,,,,A-,,C+,38,-78,9,-35.9,,0,7/9/2021,-3305.2,,,-68.25,38
SOFI,18.24,-1.08,1106,49,46,36,A-,A,C+,38,8,81377,41.07,,0,-,11.0,52.93,40.25,100,75714
UPST,34.78,-2.69,329,46,38,37,A-,B,A,38,-19,3818,44.45,,12,12/16/2020,5.2,-30.41,-47.85,-121.21,4716
WRLD,207.98,-5.23,298,89,60,85,A-,B,A,38,31,205,7.44,,6,11/26/1991,7.7,57.68,132,-5.29,149
ABBV,261.07,3.99,4945,88,49,72,A-,B,A+,39,7,7113,12.43,2.7,15,-,10.8,42.29,26.75,7.72,7306
ABSI,11.62,4.59,191,81,35,99,A-,E,A+,39,-17,5279,-81.76,,3,7/22/2021,-4111.2,10.71,20.83,9.52,6394
ACRS,5.56,4.12,170,72,27,97,A-,E,A,39,22,1943,37.18,,8,10/7/2015,-829.6,-26.24,-23.08,-25,1603
AMRX,17.15,1.06,448,94,84,91,A-,D,A-,39,-27,1545,3.9,,30,12/19/1995,4.6,18.28,-10.11,28.57,1958
ANIP,86.03,3.59,445,90,95,56,A-,A,B+,39,68,581,20.46,,70,-,10.8,19.22,11.58,20.59,348
AVLN,29.73,-1.46,14,1,2,34,A-,E,,39,9,583,,,5,4/30/2026,,-32.37,,,
BAYRY,15.19,9.64,10,84,49,90,A-,D,A-,39,-17,1215,2.58,0.2,72,-,-6.8,-11.27,-34.83,14.42,1468
BAYZF,60.00,8.62,2002,79,43,91,A-,D,B,39,193,10,8.47,,12,-,-6.8,,,80.06,2
BFRI,1.01,,10,,,,A-,,D,39,83,394,17.42,,89,10/29/2021,-25.2,76.01,81.58,12.77,238
BGM,0.32,-10.87,7,40,77,2,A-,E,A,39,-92,24,13.92,,40,1/12/2021,-8.5,,,204.93,397
BHC,4.90,2.73,248,28,76,14,A-,D,E,39,38,3279,11.73,,98,-,3.6,13.63,-3.16,28.52,2333
BMY,58.13,4.16,3853,46,22,47,A-,B,D,39,-17,10003,2.57,4.4,75,-,19.4,2.69,10.21,-12.22,12031
BTMD,2.17,9.05,114,23,8,46,A-,D,C,39,-8,265,-8.28,,88,-,19.6,-56.76,-73.33,-83.78,290
CATX,3.63,4.91,143,22,23,45,A-,E,D,39,-9,1591,-77.78,,0,-,-11813.1,22.15,15.86,0,1801
CHGCY,23.37,4.80,22,52,87,22,A-,A,E,39,-14,222,8.35,2.9,22,-,47.5,,,16.44,277
COLL,37.03,3.23,439,82,88,48,A-,A,B-,39,12,480,8.87,,90,5/7/2015,11.9,4.89,2.83,18.12,437
CPHI,0.72,5.90,2,,,,A-,,B-,39,-68,155,-13.44,,22,-,-76.9,,,81.46,352
CPIX,6.37,-10.66,37,63,17,95,A-,D,B-,39,-91,111,-22.04,,35,8/11/2009,-6.3,,,-354.48,1210
ELTP,0.34,-5.20,,44,75,11,A-,A,E,39,77,1117,27.35,,10,-,38.2,,,-69.6,632
ENGN,1.78,1.14,36,7,26,2,A-,E,D,39,-71,588,,,3,-,,22.97,23.13,15.69,2085
EOLS,6.90,2.37,150,62,56,66,A-,D,A-,39,-38,535,6.74,,44,2/8/2018,-17.1,78.49,84.62,69.22,852
GALDY,44.75,1.31,2,90,79,71,A-,B,B+,39,-58,55,30.47,,2,-,12.3,26.01,64.03,128.64,141
GELS,0.58,-12.17,2,,,,A-,,E,39,-97,137,,,5,10/29/2024,-4161.3,,,-94.19,4581
GRFS,7.16,2.23,80,42,98,15,A-,C,E,39,120,1369,0.42,3.0,68,-,8.3,52.56,68.11,35.84,691
GSK,53.66,4.60,321,76,75,54,A-,A,C-,39,-5,3802,2.6,3.4,60,-,22.6,1.28,-0.02,4.68,3983
HLN,9.82,4.47,112,57,54,32,A-,B,B,39,-4,9190,6.38,2.0,28,-,19.5,8.28,4.39,2.46,9553
INDV,39.80,-1.12,475,88,99,87,A-,C,E,39,-25,1489,19.17,,52,-,19.3,48.03,72.04,134.15,2103
INM,1.56,-1.89,3,,,,A-,,E,39,-98,33,-100,,19,-,-165.1,,,62.23,2043
INNPF,1.60,-8.05,,,,,A-,,E,39,186,0,-17.07,,95,-,0.3,,,-269.39,0
JAGX,2.81,-7.57,5,,,,A-,,B,39,-90,49,-8.44,,13,5/13/2015,-469.1,99.51,,97.67,107
JAZZ,243.47,2.51,992,91,66,90,A-,B,B-,39,-19,767,19.05,,32,6/1/2007,-14.7,202.63,174.71,277.38,935
JNJ,263.04,3.57,5510,89,60,73,A-,A,B,39,-8,7999,9.91,2.1,20,9/24/1944,34.6,7.29,2.9,-2.53,8273
LEXX,0.56,-2.08,11,,,,A-,,E,39,-60,49,-88.51,,0,-,-1687.4,60.02,70.81,62.05,123
LFCR,5.09,-3.42,119,21,35,36,A-,E,E,39,-45,122,,,43,2/15/1996,-30.0,-93.52,,,225
LLY,1213.91,1.86,6440,99,99,85,A-,A,A,39,-6,3295,55.55,0.6,8,-,39.5,51.24,39.5,155.99,3427
LRMR,3.26,1.56,185,10,22,14,A-,E,D-,39,10,2444,,,19,6/19/2014,,29.16,6.96,32.61,2233
MIST,1.32,,20,21,44,36,A-,E,E,39,-25,1048,,,10,5/9/2019,-4101.1,-24,6.67,35.48,1398
MRK,129.56,3.34,5129,92,72,74,A-,B,B,39,-32,7833,4.87,2.6,25,-,32.5,-42.74,-17.02,-157.66,10656
NAGE,3.43,3.00,199,21,29,4,A-,A,D,39,-48,465,3.26,,42,-,14.1,14.6,-54.8,16.67,888
NVO,50.43,3.40,388,81,77,52,A-,A,A+,39,-21,12078,-9.3,2.7,50,-,42.2,-9.46,-14.34,4.84,15120
NVS,159.90,3.74,282,84,68,60,A-,A,B,39,-12,1588,-0.91,2.6,35,-,30.0,-3.06,-10.35,-12.72,1810
NXGL,0.56,-0.25,11,,,,A-,,A+,39,-7,286,-5.56,,27,12/22/2021,-25.3,68.42,-33.33,-22.22,376
OGN,13.55,0.15,465,72,30,91,A-,C,B-,39,-81,1508,-3.5,0.6,95,-,6.8,-7.42,-9.92,-30.39,8081
OPHLY,4.98,3.11,,59,80,48,A-,C,D-,39,-19,29,-2.85,2.2,48,-,18.0,-0.67,-22.72,226.9,40
OPTH,4.88,-2.40,1,,,,A-,,D-,39,-74,70,69.95,,16,-,-870.8,-2791.19,,-99.58,155
OTSKY,36.12,9.65,5,77,69,63,A-,B,D,39,38,56,0.6,0.9,45,-,17.6,-16.97,-12.17,7.66,44
PAHC,33.26,3.61,445,55,97,18,A-,A,E,39,-22,299,10.26,1.5,62,4/11/2014,5.3,47.04,25.08,20.63,382
PCSA,2.16,10.20,7,,,,A-,,E,39,245,205,,,83,-,,42.95,,82.91,60
PFE,24.32,1.84,3508,23,25,24,A-,C,E,39,52,53136,5.37,7.1,80,-,12.0,-8.17,-13.01,-18.48,41388
PRFX,1.36,,2,,,,A-,,A,39,-94,164,,,2,9/1/2020,-29494.1,,,,3140
PRGO,11.02,6.89,419,26,42,23,A-,E,B-,39,3,3336,-7.16,11.7,92,12/16/1991,-30.5,-23.02,-39.68,-28.33,3323
PTGX,131.62,5.15,590,75,25,91,A-,D,A,39,-3,708,99.03,,14,8/11/2016,-281.0,294.11,487.13,127.01,683
RDY,14.38,2.79,184,60,43,38,A-,B,B,39,-15,2176,-21.11,0.4,18,-,16.3,-0.28,-49.06,-87.67,2677
RHHBY,53.04,5.41,121,77,86,56,A-,A,E,39,4,2082,-6.22,1.9,40,-,27.6,-0.3,90.95,38,2164
SGIOY,8.64,2.98,3,44,73,20,A-,A,E,39,34,254,19.72,1.7,65,-,48.3,1.74,-17.54,30.44,199
SHTDY,10.45,2.87,,17,35,14,A-,D,E,39,-44,68,0.53,3.9,85,-,2.4,,,-9.6,127
SNOA,1.21,,5,,,,A-,,D+,39,-78,61,48.14,,32,1/25/2007,-17.5,,,-117.08,285
SNPHY,13.48,-1.06,,79,43,73,A-,C,B+,39,473,1,1.7,1.2,38,-,16.3,,,80.48,13
SNY,43.16,3.68,227,50,82,21,A-,B,D-,39,6,3459,28.69,4.1,78,-,14.2,6.04,21.88,40.27,3279
SXTC,2.45,-0.41,1,31,64,29,A-,E,D,39,6,71,-43.88,,11,1/4/2019,-545.2,,,100.87,73
SXTP,1.71,-2.29,2,,,,A-,,A+,39,-73,25,-0.92,,17,-,-522.9,71.91,84.49,79.52,93
TAK,16.77,5.14,55,47,62,36,A-,D,D+,39,17,3515,-4.6,3.4,5,-,-3.1,-4.47,41.06,190.49,3014
TEVA,34.64,3.59,1011,81,72,82,A-,C,D-,39,-24,4815,2.34,,55,-,7.1,-28.07,-6.48,1.92,6609
TXMD,2.11,-2.31,20,,,,A-,,E,39,-67,14,84.22,,0,-,-21.6,,,115.94,41
VBIO,0.50,-3.78,2,,,,A-,,E,39,-90,36,-100,,6,11/11/2021,-1557.3,,,14.29,379
VTRS,16.70,3.21,1306,62,44,88,A-,D,E,39,-25,9042,8.07,2.9,82,-,-25.6,5.03,-2.19,18,11562
ZTS,74.80,3.24,3299,24,49,4,A-,A,E,39,-49,4361,1.89,2.8,58,2/1/2013,35.5,7.47,5.76,3.38,7750
ZYBT,0.65,-4.55,2,3,2,3,A-,E,E,39,-46,31,-40.44,,24,1/7/2025,-61.8,,,-2122.28,105
AAT,25.51,1.15,489,81,35,83,A-,C,A+,40,-27,323,1.83,5.4,53,1/13/2011,14.8,1,-0.96,-1.92,415
ABR,5.27,-1.68,257,23,58,5,A-,C,D,40,16,5482,-12.5,19.8,95,4/7/2004,14.6,3.68,,,4649
ACR,18.00,-0.50,87,27,10,22,A-,C,B-,40,-67,12,4.83,,39,2/7/2006,17.0,-291.13,,102.33,34
ACRE,4.52,-0.22,115,17,33,22,A-,D,E,40,-28,313,-9.95,13.3,20,4/26/2012,-0.7,208.01,104.72,-53.85,437
ADAM,9.14,-1.51,236,67,47,80,A-,C,D-,40,-34,598,-28,11.4,83,6/24/2004,20.5,4.85,696.93,21.21,887
ADC,77.81,2.01,826,75,64,45,A-,A,C+,40,-14,1001,18.71,4.2,22,4/15/1994,28.8,5.49,6.49,7.55,1169
AGNC,11.00,1.95,405,56,27,54,A-,B,B-,40,8,16188,24.11,13.2,87,5/15/2008,87.4,3.9,0.6,-4.55,15135
AHR,55.04,2.59,850,79,44,73,A-,C,B,40,56,4864,20.38,2.0,3,2/7/2024,2.1,19.09,19.85,31.58,3301
AHRT,7.11,1.72,268,55,22,63,A-,D,A+,40,-20,746,-18,7.9,88,5/8/2013,-0.4,-47.64,-47.67,-40,941
AHT,3.17,-2.46,14,,,,A-,,A+,40,-69,11,-3.47,,17,8/26/2003,-17.1,-64.49,15.31,-10.86,37
AIV,2.96,-0.34,225,25,51,4,A-,D,B-,40,-7,1328,-36.06,55.2,78,-,-11.4,-90.99,,,1458
AKR,21.27,1.05,579,47,35,52,A-,C,D-,40,-20,1331,-3.97,3.7,16,5/27/1993,-9.6,3.25,12.17,-23.53,1489
ALX,275.00,-1.08,268,70,24,68,A-,B,A-,40,-53,18,-2.74,6.5,5,-,13.2,-1.55,3.82,-35.96,40
AMH,34.08,1.07,1006,84,68,56,A-,B,A+,40,-45,1688,2.78,3.9,20,8/1/2013,27.5,3.21,1.49,4.35,3036
AMT,166.03,-0.03,3313,39,60,22,A-,A,E,40,18,3857,6.83,4.0,35,-,28.6,1.89,3.72,3.27,3271
AOMR,9.04,0.11,109,54,20,41,A-,A,A,40,-18,115,27.92,14.1,38,6/17/2021,33.5,105.35,201.09,4.73,142
APLE,16.64,0.97,537,80,31,87,A-,C,A,40,-24,2491,3.06,5.6,62,-,12.5,2.6,1.78,6.25,3247
ARE,52.58,-0.81,1235,38,40,34,A-,D,A,40,-27,1764,-12.13,5.2,92,5/28/1997,-40.2,-29.27,-29.56,-24.78,2171
ARI,10.39,-1.42,305,28,25,35,A-,C,E,40,181,5270,-10.91,9.3,71,9/24/2009,17.9,-56.18,-59.47,-8.33,2289
ARR,17.13,-0.70,254,38,25,45,A-,B,D,40,58,5079,-84.8,16.7,93,-,24.7,-3.2,-4.81,-11.63,3244
AVB,193.96,1.85,2141,80,59,53,A-,B,A+,40,-42,659,1.71,3.7,26,3/11/1994,34.1,0.62,-0.71,0,1164
BDN,3.24,0.93,328,35,18,48,A-,E,A+,40,10,2022,5.44,9.8,90,7/23/1986,-36.9,5.54,-7.04,-21.43,1872
BEEP,1.50,7.91,79,4,5,3,A-,D,E,40,-30,55,-3.68,,7,5/25/2021,-67.6,23.64,21.21,-80,80
BFS,37.59,0.37,303,81,42,62,A-,A,A+,40,-12,68,8.89,6.2,49,8/19/1993,16.9,7.61,0,0,79
BHM,9.43,3.85,28,15,13,15,A-,C,D,40,-72,3,20.03,5.5,34,-,-45.0,,,-9.94,9
BHR,2.28,5.56,184,32,47,20,A-,D,D+,40,101,1105,-4.32,,82,-,-3.8,96.43,30,66.67,575
BNL,21.25,2.26,606,70,39,68,A-,B,C,40,45,2826,11.69,5.5,44,9/16/2020,23.3,4.63,1.54,5.56,1946
BRSP,5.44,-0.55,193,22,25,28,A-,D,E,40,208,3837,9.24,11.6,78,-,-18.2,-3.71,-16.67,-12.5,1295
BRT,14.78,-2.25,169,56,53,39,A-,D,A,40,-27,27,2.07,6.4,56,-,-12.0,-144.01,,,36
BRX,31.20,0.90,905,76,64,58,A-,A,D+,40,-16,2287,5.07,3.8,47,10/30/2013,28.2,4.74,3.62,3.57,2669
BXMT,17.25,1.71,294,15,21,18,A-,D,E,40,-28,1111,77.47,10.8,49,-,7.5,200.52,119.72,23.53,1520
BXP,69.32,2.30,1287,69,44,59,A-,C,A+,40,-24,1244,0.8,4.2,68,6/18/1997,11.0,1.55,-0.46,-3.05,1587
CBL,52.63,-4.79,338,85,28,90,A-,A,A,40,71,471,2.96,4.7,51,10/27/1993,23.3,20.92,,-21.07,275
CCI,76.60,0.09,2155,12,23,18,A-,D,E,40,-9,4060,-4.81,5.1,22,8/18/1998,26.2,3.42,0.9,-7.27,4058
CDP,37.67,2.62,684,89,46,78,A-,B,A+,40,-32,765,10.08,3.5,48,-,21.0,1.57,1.74,6.15,1073
CHCT,18.31,-0.38,286,65,42,63,A-,C,B+,40,-0,204,5.18,10.4,64,5/21/2015,4.2,18.2,114.49,4.26,201
CHMI,2.33,0.87,17,19,31,18,A-,C,E,40,-13,179,252.13,16.1,94,10/4/2013,8.7,13.83,30,-17.65,209
CIM,13.12,-1.43,231,44,67,34,A-,C,E,40,-11,618,8.35,13.2,88,11/16/2007,27.4,28.45,38.08,31.71,691
CLDT,13.04,0.54,260,86,52,95,A-,D,A,40,-47,239,-1.65,2.8,55,4/16/2010,5.2,14.22,8.35,14.29,452
CLPR,2.87,3.61,88,14,35,15,A-,E,E,40,-0,116,-3.26,13.5,2,2/10/2017,-34.2,118.19,-78.62,88.48,121
CMCT,3.47,2.06,7,,,,A-,,C-,40,-96,9,-8.91,,10,12/17/1993,-33.5,99.76,,94.1,45
CMTG,2.37,-2.47,126,11,11,16,A-,D,D,40,-8,556,2645.3,,1,11/3/2021,-242.5,47.75,73.98,-108,603
COLD,16.24,1.37,635,74,51,78,A-,D,A+,40,-12,4119,0.14,5.8,57,1/19/2018,-5.2,-13.14,-12.42,-14.71,4641
CPT,117.25,1.37,1196,79,51,59,A-,C,A,40,-32,809,-0.46,3.6,27,7/22/1993,25.2,-1.9,-1.44,-1.16,1215
CRESY,11.01,1.57,39,47,63,34,A-,B,E,40,305,1182,-5.72,,92,3/19/1997,29.4,,,15085.52,292
CSR,57.24,1.65,419,36,55,26,A-,C,E,40,11,171,-3.02,5.4,55,-,6.5,0,-3.08,-8.55,159
CTRE,41.76,2.10,893,93,79,67,A-,A,B+,40,-6,2458,59.39,3.8,10,-,68.3,15.84,18.09,14.29,2854
CUBE,40.98,2.12,898,64,49,52,A-,A,C-,40,-7,1952,3.26,5.1,33,10/22/2004,29.5,-0.23,-1.26,-1.56,2158
CURB,30.34,1.13,593,74,30,76,A-,B,B,40,40,1482,50.04,2.1,4,-,21.8,15.82,18.18,12.5,1044
CUZ,31.06,1.34,689,86,51,74,A-,C,A+,40,-27,1455,7.44,4.3,61,-,4.2,4.02,5.45,-1.35,1992
DEA,25.54,1.67,440,79,53,64,A-,C,A+,40,-24,326,17.27,7.2,79,2/6/2015,4.0,4.76,5.63,7.04,408
DEI,12.51,2.96,516,49,32,54,A-,D,A+,40,-17,2176,-0.23,6.4,77,10/24/2006,-1.1,-2,-3.58,-7.5,2560
DHC,9.23,-0.11,369,82,80,93,A-,D,E,40,-30,1268,-5.27,0.4,4,-,-20.9,121.48,85,133.33,1855
DLR,173.30,-1.71,2598,51,68,37,A-,B,E,40,91,5106,16.16,2.5,12,10/29/2004,22.0,8.99,5.69,15.25,2733
DOC,21.89,1.16,1642,83,35,79,A-,C,A+,40,-31,7366,5.11,5.7,56,5/23/1985,10.1,-5.26,-5.3,-2.17,9169
DOUG,1.96,5.38,148,25,6,35,A-,D,B,40,131,985,-15.42,,71,-,1.7,,,-427.34,475
DRH,12.08,1.26,578,89,69,85,A-,C,B+,40,1,2051,1.29,2.7,64,5/26/2005,9.0,6.03,3.65,15.79,2101
DX,13.01,0.39,229,57,70,39,A-,A,E,40,-20,3925,776.51,15.5,53,2/10/1988,59.8,64.35,66.51,49.79,4857
EARN,4.36,-0.46,10,11,8,18,A-,C,E,40,-25,309,33.43,20.9,2,5/1/2013,-82.2,185.11,13.89,-430.27,415
EGP,211.33,2.86,935,96,76,67,A-,A,A+,40,34,525,9.06,3.0,9,12/22/1971,35.8,6.71,7.12,8.84,373
ELME,1.59,3.25,154,16,49,3,A-,D,D,40,77,2632,1.72,,98,-,-5.4,2.15,4.17,-4.35,1543
ELS,66.25,1.91,1123,74,54,47,A-,A,B-,40,-13,1385,2.65,3.4,12,2/25/1993,25.6,3.73,4.8,1.2,1555
EPR,59.10,2.36,645,74,71,61,A-,B,D-,40,-19,524,6.03,6.2,59,11/17/1997,38.6,6.47,7.32,5.88,645
EPRT,31.18,3.90,781,70,81,37,A-,A,D-,40,-24,1554,22.66,4.2,41,6/21/2018,44.9,5.82,8.54,12.5,2120
EQIX,1002.02,-1.14,3298,63,55,61,A-,B,E,40,21,720,9.84,1.9,6,8/11/2000,16.4,12.18,14.11,11.58,618
EQR,69.83,1.75,1954,86,59,59,A-,B,A+,40,-25,2534,2.5,4.1,25,8/12/1993,38.3,2.3,2.15,4.21,3127
ESRT,5.69,3.27,430,42,49,28,A-,C,A-,40,107,4333,5.7,2.6,91,10/2/2013,9.8,-1.05,-3.19,5.26,2104
ESS,298.33,1.07,1839,88,55,65,A-,A,A+,40,-20,381,4.34,3.5,16,6/7/1994,37.2,1.02,0.2,2.27,486
EXR,149.34,1.39,1936,68,50,55,A-,B,C+,40,-44,782,4.39,4.3,19,8/12/2004,31.5,0.87,0.99,5.7,1218
FBRT,8.07,0.50,244,25,47,14,A-,B,E,40,28,1222,48.42,13.5,58,-,15.8,101.22,-5.19,175,1057
FCPT,25.11,2.36,570,64,36,39,A-,A,A,40,-15,750,9.36,5.7,40,-,38.4,3.57,1.98,2.44,843
FPI,9.71,0.52,215,23,37,20,A-,C,E,40,-23,309,-9.66,3.6,7,4/11/2014,61.6,-19.23,33.33,0,396
FR,62.40,1.28,828,78,72,57,A-,A,D-,40,151,2580,10.03,3.1,13,6/23/1994,38.4,5.74,4.98,0,1021
FRT,121.69,1.06,1075,55,4,69,A-,A,C-,40,-29,768,10.04,3.6,28,-,33.1,4.12,-3.23,,956
FSP,0.52,0.52,147,,,,A-,,D,40,-51,353,-3.25,,90,-,-41.8,,,-66.67,734
FVR,20.86,1.81,226,83,41,89,A-,D,A+,40,53,230,10.67,4.3,13,10/2/2024,-7.8,25.79,23.11,17.39,154
GIPR,0.18,5.96,5,,,,A-,,A,40,-88,1421,-7.8,,8,-,-64.5,-2290.97,,-3720.58,11405
GLPI,43.95,0.60,1192,40,40,29,A-,A,E,40,55,3203,6.28,7.1,60,-,53.5,5.82,6.39,6.25,2146
GNL,9.21,3.14,429,29,22,47,A-,D,E,40,13,2640,-17.47,8.4,69,-,-22.9,-15.58,-11.81,-27.59,2356
GOOD,12.62,1.53,284,61,47,48,A-,B,B+,40,-0,523,11.75,9.6,76,8/13/2003,12.0,1.73,4.79,2.94,525
GPMT,1.45,-1.36,52,36,73,14,A-,E,B,40,-19,128,-0.27,14.2,8,6/23/2017,-28.3,50,61.71,89.47,155
GTY,34.34,2.20,520,86,69,62,A-,A,C+,40,-25,384,11.24,5.7,45,-,36.2,10.16,27.56,23.21,485
GYRO,6.04,,8,,,,A-,,E,40,-98,0,,,,-,-111.1,,,,1
HASI,38.26,0.14,551,75,85,64,A-,B,E,40,-34,722,28.15,4.3,50,4/18/2013,68.3,10.78,23.35,20.31,1122
HIW,31.86,3.07,613,82,46,74,A-,C,A+,40,12,1949,6.81,6.7,75,6/8/1994,20.0,1.62,-3.24,1.2,1829
HPP,16.91,5.16,362,76,68,77,A-,E,A+,40,17,1468,-8.37,,2,6/24/2010,-71.0,-3.11,550.29,177.78,1235
HR,20.61,1.58,689,66,52,73,A-,D,D+,40,-43,2598,-3.42,4.7,54,-,-21.1,0.37,-2.45,5.13,4451
HST,23.35,,1487,74,42,80,A-,A,C-,40,-13,7480,3.2,3.2,61,-,13.4,3.05,5.75,4.69,8954
IHT,1.67,-6.18,6,,,,A-,,A+,40,-94,33,-0.56,1.2,12,-,-18.4,,,85.98,603
IIPR,63.36,1.05,416,75,37,71,A-,C,A+,40,-31,290,-3.8,12.1,73,12/1/2016,44.5,2.57,9.74,-7.1,418
ILPT,8.95,-0.56,241,95,97,92,A-,D,B+,40,-40,342,4.03,2.2,81,1/12/2018,-27.3,36.81,50.79,65,580
INN,6.79,1.65,279,76,36,85,A-,D,A,40,-7,1288,-0.02,4.5,81,2/9/2011,-1.5,-6.86,0,-4.55,1611
INVH,30.53,0.59,1755,78,56,58,A-,B,A+,40,-47,3275,8.84,3.9,32,2/1/2017,13.5,2.05,1.83,0,5979
IRM,117.16,-3.89,2137,78,87,72,A-,C,D-,40,86,2958,21.58,2.6,1,7/2/1997,3.1,11.87,13.18,39.53,1619
IRT,17.33,0.99,597,70,52,50,A-,C,A+,40,-9,2667,2.68,4.3,37,8/13/2013,8.8,-2.6,-1.47,-3.7,2930
IVR,7.85,-0.51,152,26,27,32,A-,C,E,40,-34,1706,43.71,18.2,97,6/26/2009,53.9,-11.55,-10.84,-14.06,2592
IVT,35.57,1.83,475,84,48,70,A-,B,A,40,-9,906,11.94,2.6,18,-,37.1,6.59,10,10.42,1004
JAN,29.12,0.45,,34,1,65,A-,E,D,40,23,1967,,2.3,25,3/20/2026,-8.9,1058.88,,,1333
JBGS,15.47,1.91,413,36,60,26,A-,E,C+,40,48,828,5.73,4.7,11,-,-34.5,26.44,-15.79,88.89,571
KIM,25.32,0.96,1745,84,60,64,A-,B,A-,40,-38,4068,4.05,4.0,43,11/22/1991,22.9,4.17,3.48,4.55,5062
KRC,39.32,0.41,696,69,36,64,A-,C,A+,40,-11,1473,-0.29,5.7,73,1/28/1997,27.2,-15.74,-20.64,-10.78,1648
KRG,28.68,1.31,635,74,53,71,A-,C,C,40,-31,1537,-9.64,3.9,45,8/11/2004,35.9,-0.4,1.65,-5.45,2258
LADR,10.01,0.30,246,37,54,26,A-,C,D-,40,-29,606,1.32,8.9,58,2/6/2014,17.1,18.71,3.73,10,857
LAND,8.65,0.23,186,15,30,20,A-,D,E,40,-20,517,-1.5,6.5,7,1/29/2013,15.3,0,50,-25.42,653
LDSCY,8.82,2.56,,82,52,63,A-,A,A,40,-58,54,8.16,2.1,47,-,33.0,,,62,128
LEGH,26.38,1.03,211,68,20,71,A-,B,A+,40,-25,67,-3.64,,39,12/14/2018,31.3,24.33,12.02,6.98,88
LFT,0.98,4.37,71,8,12,5,A-,D,D-,40,-32,126,-5.6,15.8,67,3/22/2013,-3.5,89.29,30,-75,270
LINE,44.00,0.94,450,57,18,74,A-,D,A,40,11,1113,0.39,4.8,50,7/25/2024,-2.1,-13.94,-14.06,-9.3,1025
LOAN,4.66,1.53,15,50,39,29,A-,B,A+,40,97,47,-9.06,9.9,65,5/13/1999,59.0,-2.22,-8.33,-8.33,25
LTC,39.28,1.11,456,70,39,51,A-,A,B,40,-31,343,-16.24,5.9,10,8/18/1992,46.8,69.08,38.43,10.77,480
LXP,55.56,1.83,595,81,46,69,A-,C,A,40,-33,318,-2.27,5.0,24,-,35.0,5.91,3.93,0,472
MAA,142.19,1.61,1737,71,49,50,A-,B,A+,40,-22,1030,0.81,4.3,30,1/28/1994,20.8,-2.67,-5.12,-3.62,978
MAC,25.46,0.16,710,83,43,87,A-,D,A,40,-29,2429,-3.08,2.6,23,3/10/1994,-7.8,5.35,7.26,9.68,3831
MDV,17.89,2.82,141,56,24,76,A-,D,C-,40,102,173,-0.2,6.8,48,-,1.2,4.94,-5.47,-36.96,87
MFA,9.48,-1.04,216,32,16,29,A-,B,C-,40,25,1965,2.87,14.7,75,-,24.6,25.27,14.16,3.45,1566
MITT,7.68,-2.17,122,62,95,31,A-,B,E,40,-20,155,18.4,11.4,80,6/30/2011,9.9,26.41,49.9,30,201
MKZR,1.78,4.71,7,,,,A-,,E,40,35,32,28.19,,4,-,-109.7,,,78.98,25
MPT,4.59,,475,17,26,30,A-,D,E,40,-33,4064,12.63,7.9,84,7/8/2005,-24.4,10.23,15.29,0,5985
MRNO,0.25,7.84,3,6,19,2,A-,E,E,40,-97,320,,,96,-,-25.0,,,-462.63,7835
MRP,29.77,0.37,613,58,77,40,A-,D,C-,40,-20,1386,135.71,9.7,65,-,66.7,26.91,11.27,89.74,1741
NHI,77.49,1.23,504,64,60,32,A-,A,B,40,-16,551,6.22,4.7,29,-,37.2,2.42,4.91,7.89,688
NHP,14.80,-1.53,41,1,21,54,A-,E,,40,-32,709,2.64,,16,4/22/2026,-16.9,130.08,48.95,-652.83,1137
NLY,22.56,1.62,1084,61,43,45,A-,B,B-,40,21,8839,83.01,13.1,85,-,30.5,3.02,2.76,5.56,7306
NNN,47.53,2.06,750,87,55,61,A-,A,A+,40,-25,1469,4.09,5.1,44,10/9/1984,42.1,3.33,4.93,0,1944
NREF,15.73,1.09,96,85,59,61,A-,A,B,40,-9,59,18.53,13.0,85,2/7/2020,97.6,7.61,17.39,28.89,63
NSA,46.04,1.84,517,85,41,85,A-,C,A+,40,35,1122,-10.69,5.0,14,4/23/2015,15.8,-0.79,-0.78,5.56,860
NTST,21.66,2.75,528,76,38,68,A-,B,B+,40,-14,1713,26.85,4.2,24,8/13/2020,3.6,12.67,9.06,10.34,1980
NXRT,28.72,1.41,387,46,39,40,A-,D,A+,40,7,237,0.47,7.4,66,-,-12.8,-10.8,-7.47,-9.33,232
NYC,9.32,3.44,7,,,,A-,,D+,40,-53,15,-40.3,4.6,5,-,-49.0,-881.08,,,30
O,63.84,3.27,2167,70,59,48,A-,B,C,40,2,6420,9.73,5.2,38,-,20.1,2.82,2.41,0.95,6159
OHI,49.40,2.55,937,87,61,63,A-,A,B,40,-34,1668,16.85,5.6,34,8/7/1992,52.1,4.66,4.75,9.33,2452
OLP,25.28,1.85,216,77,33,63,A-,B,A+,40,53,99,17.05,7.4,52,4/25/1983,27.9,3.66,1.36,0,66
ONL,2.83,-1.05,125,51,14,76,A-,E,A,40,-58,204,-4.55,2.7,86,-,-94.2,45.35,3.13,-37.5,491
ORC,6.92,,185,62,74,31,A-,B,B,40,-16,4325,189.47,17.3,76,2/14/2013,39.0,73.04,81.25,62.5,5112
OUT,32.86,,623,95,91,88,A-,B,C+,40,-19,1345,9.96,3.6,35,3/28/2014,8.0,13.64,16.2,139.81,1843
PDM,9.61,1.69,428,74,37,79,A-,E,A+,40,-30,896,0.28,,89,2/10/2010,-15.8,6.86,1.85,0,1269
PEB,18.78,1.02,498,94,86,92,A-,D,A-,40,-31,1869,7.93,0.2,63,12/9/2009,-3.8,5.32,-6.04,100,2738
PECO,42.06,1.20,615,86,64,63,A-,B,A-,40,2,1124,6.95,3.1,33,7/15/2021,17.0,5.99,6.19,7.81,1099
PINE,20.62,-1.67,203,88,81,75,A-,B,C,40,-34,122,29.57,5.6,67,11/22/2019,-4.8,13.31,21.41,20.45,185
PK,14.42,1.76,543,77,50,83,A-,D,A-,40,-23,3925,-1.27,6.8,87,-,-10.6,-4.55,-8.31,-2.17,5346
PLD,139.43,1.92,3465,68,58,58,A-,A,E,40,-30,2907,6.94,3.1,8,11/21/1997,42.9,6.41,5.84,5.63,3667
PMT,10.81,-3.74,253,49,67,20,A-,C,C+,40,84,2290,84.72,14.9,74,7/30/2009,5.4,20.59,860.37,1700,1255
PSA,329.64,2.04,2326,91,56,72,A-,A,A+,40,-5,963,2.92,3.7,15,-,37.1,-0.16,-1.16,2.43,966
PSTL,24.80,0.32,279,97,86,89,A-,A,C+,40,-22,272,21.57,3.9,21,5/15/2019,18.8,6.89,2.14,14.29,358
PW,9.48,-1.71,3,,,,A-,,B-,40,-97,6,-1.1,,99,-,-109.1,-104.89,,,16
RC,1.79,0.56,137,11,2,21,A-,E,C+,40,-34,1170,-256.87,2.2,2,2/8/2013,-64.1,-20.13,-235.71,-1011.11,1676
REFI,10.68,-1.39,99,21,23,15,A-,B,D-,40,-21,130,0.63,16.5,93,12/8/2021,57.2,1.06,-5.88,0,166
REG,80.96,2.00,1732,78,57,55,A-,A,C+,40,-23,1246,8.56,3.7,25,10/29/1993,34.8,4.68,3.9,4.35,1569
REXR,34.21,1.45,791,49,61,27,A-,B,B-,40,-8,2166,-2.68,5.1,42,7/19/2013,22.0,0.28,1.39,-1.61,2398
RHP,127.85,2.42,781,80,16,84,A-,A,A,40,9,740,13.16,3.6,41,10/24/1991,9.9,6.62,7.99,11.54,680
RITM,9.09,-0.22,392,43,71,18,A-,B,D-,40,21,6265,79.63,10.7,96,-,14.2,-4.07,-7.1,-1.92,5194
RLJ,11.78,0.77,402,85,42,92,A-,D,A+,40,-13,2083,3.61,5.0,79,5/11/2011,2.2,0.84,1.37,6.45,2471
RMCO,2.65,-1.12,9,31,8,61,A-,C,D,40,-85,7,77.22,0.3,14,-,-14.7,947.91,,-202.7,44
RPT,14.70,,75,28,15,35,A-,C,C,40,6,41,1045.38,10.3,67,2/13/2015,3.1,-1058.33,-2889.12,-133.33,41
RWT,4.48,-4.07,237,22,61,12,A-,D,E,40,100,2958,-13.41,15.0,45,8/4/1995,-4.0,268.37,133.63,110,1469
RYN,21.49,0.94,555,27,1,30,A-,C,B,40,-30,1819,233.9,4.7,65,-,15.4,-20.49,,,2654
SACH,0.95,-0.94,15,,,,A-,,E,40,-89,58,-2.51,4.2,65,2/10/2017,13.9,-131.25,-116.66,-3161.22,549
SAFE,16.39,4.73,372,64,24,62,A-,B,A,40,-38,250,13.49,4.3,70,-,30.4,-0.23,6.72,-9.09,374
SBAC,184.56,2.11,1903,34,46,33,A-,C,E,40,61,1506,5.9,2.7,42,6/16/1999,44.1,-4.91,-5.99,-4.72,951
SBRA,20.16,2.44,730,71,54,45,A-,B,B-,40,13,3162,20.82,6.1,46,-,20.4,6.7,3.78,8.57,2987
SELF,5.22,-0.57,26,44,15,37,A-,C,A-,40,-52,9,1.68,5.6,39,-,16.0,-2.78,0,-11.11,20
SEVN,8.57,0.47,93,26,24,26,A-,C,C+,40,-50,62,9.81,12.4,84,-,26.2,-14.67,-16.74,-29.41,124
SHO,11.38,1.88,530,52,1,77,A-,C,B-,40,-28,1742,10.96,3.0,31,10/21/2004,2.6,750,,,2391
SITC,4.49,0.67,285,10,15,7,A-,C,E,40,123,1539,-59.03,,32,2/2/1993,144.2,-116.67,-112.5,-125,734
SKT,39.53,0.79,697,89,79,66,A-,A,C,40,-26,837,11.02,3.1,28,5/27/1993,20.6,6.39,5.26,11.32,1040
SLG,53.42,2.30,592,59,28,65,A-,C,A+,40,-36,776,14.86,4.7,68,8/15/1997,-9.4,-19.93,-25.89,-40,1187
SMA,33.67,1.17,363,36,16,43,A-,C,C,40,38,882,9.42,4.7,15,4/2/2025,0.1,54.31,13.12,20.39,687
SPG,226.06,1.37,2606,92,50,77,A-,A,A+,40,-15,1683,19.29,4.0,21,-,33.2,6.04,1.85,8.99,1951
SQFT,2.58,2.18,5,,,,A-,,E,40,-51,9,-6.44,,6,10/7/2020,-42.4,-82.89,,,20
SRG,2.66,1.14,64,9,16,19,A-,E,D-,40,-49,171,-56.39,,3,-,-378.9,150.48,,31.86,337
STAG,39.16,2.14,787,75,46,50,A-,A,A-,40,13,1504,9,3.9,36,4/15/2011,33.0,3.32,3.69,6.56,1294
STHO,9.23,1.21,42,65,33,71,A-,D,A+,40,-81,3,43.2,,7,-,-64.2,,,2.31,15
STRW,13.77,-0.07,107,68,2,61,A-,A,A+,40,-16,23,7.14,4.8,8,-,21.5,3.4,,,26
STWD,16.48,0.92,407,20,26,19,A-,C,E,40,11,3633,22.54,11.4,70,8/12/2009,25.5,-0.11,-4.36,-13.33,3241
SUI,123.63,2.36,1413,38,51,29,A-,D,D,40,-1,1070,8.02,3.7,19,12/8/1993,-2.1,3.28,0.08,11.11,1054
SUNS,8.19,-1.33,87,26,29,21,A-,A,E,40,-54,51,122.24,14.3,82,-,46.0,37.1,18,29.63,114
SVC,1.73,2.98,249,21,22,18,A-,E,A,40,21,10802,-16.25,2.3,98,-,-11.5,-66.99,-75.71,-42.86,9139
TRNO,67.33,2.00,767,72,13,57,A-,A,A+,40,71,1406,12.7,3.2,97,2/10/2010,84.6,-9.59,,,829
TWO,12.07,0.50,254,45,56,53,A-,C,D-,40,632,13632,67.98,10.9,72,-,-73.5,-0.95,0.22,41.67,1938
UDR,41.09,1.16,1518,83,56,62,A-,B,A+,40,-53,2163,0.83,4.4,31,-,23.6,-0.38,-0.91,1.64,4689
UE,22.96,1.41,578,85,77,64,A-,B,C+,40,43,1397,5.16,3.6,36,-,21.2,7.7,10.22,20,958
UHT,45.82,1.87,307,59,1,61,A-,B,A,40,32,203,-0.08,7.0,52,-,17.8,0.58,1.18,,161
UMH,15.52,1.57,388,53,56,38,A-,B,C-,40,-36,573,7.53,5.8,30,-,10.0,-0.39,3.26,0,733
UNIT,10.75,-3.76,386,61,36,88,A-,C,D,40,45,4813,235.99,,95,-,52.3,117.49,,-36.16,2551
VICI,27.19,3.50,2307,48,62,26,A-,A,D-,40,26,11575,3.49,6.6,59,-,70.4,3.36,2.3,5.17,9164
VNO,40.58,1.30,653,76,33,75,A-,C,A+,40,-18,1567,-0.54,1.9,18,-,52.5,-3.4,-4.69,-26.87,1807
VTR,92.52,3.20,2489,81,51,71,A-,B,B,40,5,6512,22.01,2.3,5,5/4/1998,4.2,11.45,9.89,11.9,4664
WELL,236.06,2.55,3280,98,94,81,A-,B,A,40,17,4132,38.33,1.3,1,-,-4.4,19,21.51,22.5,3629
WHLR,1.03,4.08,2,,,,A-,,E,40,5021,36891,-1.88,,99,11/19/2012,14.8,-103.55,,,537
WPC,71.32,0.72,1314,66,77,48,A-,B,E,40,25,1863,11.55,5.1,27,-,29.4,35.45,134.1,36.36,1500
WSR,18.98,0.05,332,78,50,80,A-,B,D+,40,1,567,11.98,3.0,17,8/26/2010,31.6,9.71,10,0,563
WY,23.79,0.98,1688,21,20,29,A-,D,E,40,-0,5496,-2.04,3.3,0,-,3.8,68.23,-12.21,0,5576
XHR,20.35,2.26,538,93,71,88,A-,C,A,40,-14,761,2.24,2.7,62,-,6.3,8.31,8.94,23.53,889
XRN,37.97,-0.34,252,67,50,56,A-,D,A+,40,-59,71,9.9,5.2,72,-,-4.3,-14.89,-14.67,-3,167
CFG,70.98,-1.17,2186,92,77,79,B+,B,B+,41,7,5118,12.04,2.6,25,9/24/2014,19.3,34.54,34.72,46.75,4347
ESQ,120.34,-2.66,268,90,89,62,B+,A,C,41,43,162,19.84,0.7,0,6/27/2017,39.9,13.4,13.04,18.8,113
FCNCA,2082.99,-1.82,1167,72,86,48,B+,B,E,41,-25,60,-2.35,0.4,92,-,20.5,-0.03,-9.52,18.71,77
FITB,57.16,-0.57,2169,85,41,78,B+,B,A,41,-21,5464,33.9,2.8,8,-,25.3,-12.34,-5.08,-78.87,6800
HBAN,17.86,-1.38,2189,66,37,53,B+,A,B,41,-37,15747,33.95,3.5,50,-,21.7,6.87,6.02,-26.47,21897
KEY,23.02,-0.99,1843,80,69,67,B+,B,D,41,-10,10497,10.15,3.5,42,-,20.6,20.01,21.23,33.33,11470
MTB,238.88,-1.27,1964,91,77,68,B+,B,B+,41,-29,728,5.85,2.5,58,-,26.6,10.02,10.01,24.4,1060
NTRS,176.50,0.51,2066,89,86,82,B+,B,E,41,-47,613,13.75,1.8,17,-,16.3,26.05,25.85,42.63,1161
PNC,249.49,-0.85,2699,93,76,74,B+,B,A-,41,-32,1379,13.1,2.8,33,-,25.0,11.8,14.67,17.66,2031
RF,30.28,-1.69,2060,75,38,66,B+,B,B+,41,-21,8240,3.54,3.5,83,-,28.8,12.39,4.93,14.81,10491
TFC,50.98,0.18,2163,62,37,54,B+,B,B,41,-31,6859,5.05,4.1,75,-,20.8,18.77,20.03,25.29,9068
USB,61.73,-0.37,2934,93,82,72,B+,B,B+,41,-32,6140,4.74,3.4,67,-,22.5,10.49,14,14.56,9056
ABCB,90.12,-1.67,572,96,89,70,B+,A,A,42,-4,523,9.63,0.9,27,-,31.9,12.52,4.48,27.34,535
ACNB,60.25,-1.63,217,99,89,80,B+,A,A,42,3,71,17.86,2.8,70,-,24.2,6.04,23.87,28.32,69
AFBI,22.58,-0.09,49,94,87,60,B+,B,A+,42,160,28,2.5,,16,-,21.2,,,29.71,11
ALRS,31.11,-1.43,212,98,96,84,B+,B,A+,42,14,245,10.13,2.9,92,9/13/2019,6.8,6.74,1.74,58.93,217
AMAL,46.04,-2.13,350,92,65,82,B+,A,B,42,-13,129,14.65,1.4,43,-,30.8,7.69,13.07,-9.09,152
AMTB,25.37,-3.02,260,92,78,73,B+,C,A,42,21,334,-7.37,1.4,39,-,10.1,3.9,-31.14,83.33,278
AROW,41.29,-1.85,223,99,93,82,B+,A,A,42,6,91,14.19,2.9,37,-,22.8,40.88,30.77,123.68,89
ASB,30.64,-1.86,574,95,81,70,B+,A,A,42,5,2197,11.12,3.1,86,-,23.5,5.03,9.14,17.93,2047
ASRV,3.88,2.11,44,75,39,65,B+,C,A+,42,-64,4,1.54,3.1,67,-,7.7,,,-8.25,11
ATLO,29.53,-3.34,135,84,94,70,B+,B,E,42,-15,73,5.65,3.1,57,-,24.3,26.23,28.25,74.28,83
AUB,42.26,-2.15,488,96,84,71,B+,A,A,42,-11,1059,71.15,3.5,70,-,16.5,9.3,-3.54,56.14,1158
AUBN,27.63,-0.68,41,91,83,56,B+,B,A+,42,-82,1,6.09,3.7,56,-,21.0,,,43.54,3
AVBC,21.07,-1.95,33,41,21,69,B+,D,E,42,-9,92,-19.54,1.0,4,8/1/2025,-3.9,827.78,76.29,146.05,108
AVBH,32.96,-1.64,100,57,30,76,B+,B,E,42,-16,102,36.27,,78,-,-30.2,22.23,10.33,18.31,118
BAFN,5.39,3.06,11,,,,B+,,A-,42,-83,8,-37.59,,1,-,-29.3,,,-749.13,51
BANC,20.30,-1.26,484,84,65,69,B+,B,B,42,-17,2413,7.87,2.3,20,8/23/2002,17.2,44.07,228.14,50,2976
BANF,113.97,-0.67,377,57,68,33,B+,A,D-,42,-10,153,8.59,1.7,20,4/1/1993,32.5,3.23,-2.88,10.78,173
BANR,67.17,-0.97,442,59,49,46,B+,B,D,42,-30,188,5.65,3.1,76,-,27.1,9.15,11.58,23.08,268
BBT,30.22,-2.07,399,83,76,51,B+,A,B,42,-24,659,94.42,4.1,71,6/29/2000,13.8,91.5,11.11,16.67,846
BCAL,20.86,-1.46,212,92,66,68,B+,A,A+,42,-12,177,-1.34,1.9,75,-,37.3,-12.93,-6.5,-17.8,206
BCBP,10.28,-3.66,156,44,25,66,B+,D,D,42,-28,113,4.8,3.1,0,-,-11.0,230.95,42.59,150.98,159
BCML,33.46,-1.12,183,88,78,56,B+,B,A,42,-19,63,9.95,3.5,31,-,23.1,25.23,10.92,47.06,78
BCOW,17.65,0.23,1,59,1,93,B+,E,A,42,-26,5,,,24,1/9/2019,7.4,,,,10
BFC,151.80,-0.78,247,97,88,65,B+,A,A,42,-37,63,47.91,1.5,10,-,36.7,30.59,33.33,23.08,98
BHB,37.66,-2.51,230,93,81,66,B+,B,A,42,-21,100,24.68,3.5,81,-,18.8,11.04,27.86,29.41,123
BHRB,70.15,-3.59,266,87,67,56,B+,A,A,42,-14,161,2.03,3.1,97,-,29.5,5.28,0.63,-0.56,186
BKU,48.57,-0.10,528,65,51,61,B+,B,D,42,26,1052,7.16,2.7,34,1/28/2011,19.1,15.78,10.56,6.41,846
BMRC,28.43,-1.76,209,64,39,54,B+,C,A,42,6,133,22.7,3.6,37,-,-69.3,197.69,197.17,76.67,129
BOH,82.73,-0.30,424,91,76,64,B+,B,A-,42,-34,259,13.22,3.4,15,-,24.5,29.79,37.71,34.02,388
BOKF,139.29,-1.38,423,80,57,65,B+,B,B-,42,-33,190,10.39,1.8,28,-,22.0,12.77,23.31,38.71,283
BOTJ,25.62,-1.16,33,93,93,86,B+,A,C-,42,23,21,8.93,1.6,84,-,17.8,,,229.45,17
BPOP,167.26,-0.74,814,90,61,83,B+,B,B,42,-24,404,47.92,1.8,48,-,22.6,23.76,19.91,41.81,529
BPRN,38.98,0.13,141,86,59,62,B+,B,A+,42,33,16,1.73,3.7,33,-,17.0,33.99,784.2,18.18,13
BRBS,3.59,,137,52,81,20,B+,D,A+,42,10,326,-15.63,,3,-,9.1,,,266.07,301
BSBK,9.06,-0.44,13,66,43,48,B+,C,A,42,-94,1,-8.49,,1,1/16/2020,4.6,,,-3.09,16
BSRR,41.09,-1.42,214,98,92,78,B+,B,A,42,-23,49,4.96,2.5,61,-,27.9,20.13,14.36,47.69,63
BSVN,49.59,-1.06,182,94,74,66,B+,A,A+,42,96,28,15.77,2.2,84,9/20/2018,41.4,-1.26,-10.63,15.74,15
BUSE,29.65,-1.72,349,94,73,71,B+,A,A,42,11,777,40.12,3.5,39,-,18.0,91.47,21.98,218.18,736
BVFL,21.64,0.84,108,86,49,69,B+,B,A+,42,-34,14,1.67,,20,-,36.0,,,-36.35,21
BWB,21.46,-1.01,226,96,76,73,B+,A,A+,42,3,163,20.67,,35,3/14/2018,20.6,21.88,21.62,28.12,147
BWFG,58.60,-2.72,195,98,89,78,B+,A,A,42,97,115,28.25,1.3,67,-,23.4,21.73,11.93,62.07,59
BY,37.44,-2.32,317,95,76,77,B+,A,A,42,48,444,9.04,1.3,66,6/30/2017,27.5,8.8,4,27.69,307
BYFC,9.73,0.05,27,71,18,84,B+,C,A,42,-94,0,14.03,,6,-,-38.8,,,115.12,5
CAC,54.58,-2.17,325,97,86,72,B+,A,A-,42,-19,85,7.13,3.1,72,-,21.1,21.93,44.08,35.79,107
CARE,33.13,-4.22,215,99,88,92,B+,A,A,42,10,410,188.64,1.2,99,-,15.7,362.59,188.41,1112.5,376
CASH,88.72,-1.08,465,82,86,49,B+,A,C-,42,-16,193,5.1,0.2,85,-,26.7,11.31,7.55,5.04,225
CATY,62.31,-1.53,467,95,74,78,B+,B,A,42,-27,356,13.5,2.4,44,-,28.4,20.88,22.55,31.63,472
CBAN,20.23,-1.27,180,73,81,50,B+,A,E,42,14,349,33,2.3,77,-,18.5,10.34,4.35,2.63,304
CBC,31.46,0.32,119,59,12,87,B+,C,D+,42,16,864,-8.49,1.6,13,-,41.2,5.97,14.48,7.11,747
CBFV,38.14,-0.44,118,88,89,57,B+,C,B,42,-59,2,22.48,3.0,41,-,7.7,9.72,-5.41,44,6
CBK,33.40,1.03,103,60,22,76,B+,C,C,42,66,113,-30.59,1.2,75,10/2/2025,36.1,-1.01,-1.06,28.91,69
CBNA,43.95,-0.07,73,85,40,82,B+,B,A,42,334,34,19.42,,36,10/4/2024,42.9,52.49,77.62,27.06,8
CBNK,35.52,-1.74,193,88,51,64,B+,A,A+,42,-0,69,7.13,1.4,79,9/26/2018,25.9,1.79,-2.81,-17.05,70
CBSH,58.03,-1.21,543,82,62,55,B+,A,A,42,-2,1276,11.13,1.9,27,-,34.4,1.89,-4.58,2.86,1271
CBU,67.61,-1.23,418,91,75,62,B+,A,A,42,-29,225,9.02,2.8,22,-,27.3,12.57,12.82,17.35,302
CCB,78.35,-1.87,313,48,66,20,B+,B,B,42,-31,102,7.09,,6,7/18/2018,9.3,46.87,41.2,23.81,143
CCBG,49.63,-1.27,266,90,67,63,B+,A,A,42,20,108,38.19,2.2,29,-,28.1,0.37,2.65,-7.07,93
CCNE,33.69,-1.84,249,97,82,76,B+,A,A,42,5,163,46.06,2.2,85,-,19.1,19.15,34.92,54.39,156
CFBK,31.84,-3.21,134,81,58,71,B+,B,B-,42,2,60,-51.3,1.1,73,12/31/1988,17.1,34.57,15.58,12.71,58
CFFI,82.70,-1.42,158,83,48,64,B+,A,A,42,-4,5,9.49,2.2,94,-,17.8,,,25.16,6
CFR,154.86,-0.57,609,93,73,65,B+,A,A,42,-30,424,6.55,2.7,23,-,26.5,6.89,6.33,15.22,590
CHCO,134.85,-0.30,407,91,71,53,B+,A,A+,42,-10,104,6.3,2.6,25,-,40.4,1.39,-2.97,6.8,116
CHMG,74.50,-2.33,154,96,80,86,B+,B,A+,42,-33,27,16.33,1.8,71,-,14.2,23.28,34.73,51.59,41
CIVB,28.46,-1.86,223,92,61,77,B+,A,A,42,21,133,16.29,2.5,93,-,21.7,1.25,-6.1,12.12,107
CLBK,21.17,-0.47,233,92,69,80,B+,B,A,42,54,613,14.19,,2,4/20/2018,13.4,36.2,21.57,61.15,402
CLST,16.28,-1.69,14,52,19,48,B+,B,A,42,-73,1,2.19,,3,10/13/2021,16.3,,,-2.61,4
CMTV,39.13,,16,60,10,86,B+,B,D+,42,-21,27,,2.5,83,-,30.4,,,,35
CNOB,32.52,-2.81,332,93,74,76,B+,A,A-,42,42,622,65.44,2.3,12,-,16.6,99.75,257.31,46.94,410
COFS,33.92,-1.42,197,91,65,65,B+,A,A+,42,-1,88,35.94,3.5,96,-,15.1,-1.99,-3.3,5.81,90
COLB,31.72,-2.43,688,88,60,67,B+,A,A-,42,9,3435,40.07,4.6,90,6/16/1992,22.6,-2.24,-4.03,7.46,2889
COSO,26.83,-2.65,99,66,60,57,B+,B,E,42,22,179,-31.95,0.7,55,-,22.9,7.41,3.19,7.47,131
CPBI,18.91,-0.53,13,65,34,60,B+,B,B-,42,-66,1,9.05,,12,10/20/2023,16.4,,,12.68,4
CPF,38.28,-1.59,431,97,84,74,B+,A,A,42,-23,113,6.01,3.1,45,-,26.9,14.22,16.92,20,144
CTBI,72.75,-1.78,325,97,82,76,B+,A,A,42,14,117,12.14,2.9,47,-,31.2,13.01,10.39,22.95,101
CUBI,77.71,-2.70,477,82,91,59,B+,A,E,42,-17,441,15.56,,94,5/16/2013,19.5,34.5,16.63,579.31,344
CVBF,22.81,-1.30,442,82,50,65,B+,B,A,42,-20,1443,4.3,3.6,24,-,43.4,-5.15,-17.22,5.56,1766
CWBC,26.97,-1.78,203,93,70,72,B+,A,A,42,17,439,11.49,1.8,51,-,26.8,10.3,-25.85,36.36,377
CZFS,72.21,-2.59,155,95,92,67,B+,A,B,42,-8,7,12.65,2.8,97,-,26.1,8.01,12.5,36.35,8
CZNC,23.63,-1.71,164,68,23,55,B+,B,A,42,21,67,36.92,4.8,16,-,16.8,6.49,57.5,-95.12,56
CZWI,23.67,-1.17,139,94,75,82,B+,B,A,42,205,203,13.55,1.8,21,-,17.8,24.66,24.24,21.88,67
DCOM,40.31,-2.35,376,95,71,79,B+,B,A,42,-26,240,19.38,2.5,26,-,21.5,30.19,23.44,29.82,323
EBC,22.36,-1.19,402,93,80,71,B+,B,A-,42,-28,2305,29.95,2.7,32,10/15/2020,9.4,20.06,12.65,17.65,3267
EBMT,23.64,-3.23,134,86,82,73,B+,B,D,42,-2,72,12.92,2.4,63,-,14.8,7.19,21.14,24.39,74
ECBK,20.20,-0.39,78,98,99,74,B+,B,A,42,-39,8,22.63,,14,7/28/2022,13.1,,,141.99,13
EFSC,65.80,-1.64,369,88,52,68,B+,A,A+,42,-37,174,12.18,2.0,52,-,28.3,4.41,-2.21,-0.76,274
EFSI,40.91,-3.08,112,64,49,60,B+,C,C,42,106,84,20.75,3.0,69,-,9.4,-3.86,-19.39,11.29,41
EGBN,27.59,-3.43,325,48,37,71,B+,D,E,42,-28,220,3.45,0.1,5,-,-31.0,140.33,114.96,700,293
EQBK,49.23,-1.93,251,67,25,57,B+,B,A,42,12,128,37.16,1.5,2,11/11/2015,8.4,271.78,41.36,-5.88,114
EWBC,129.30,-1.07,950,88,85,70,B+,A,D,42,16,1143,11.65,2.5,43,-,37.5,11.65,17.29,23.56,983
FBIZ,63.85,-1.41,222,93,75,68,B+,A,A,42,9,45,8.46,2.1,86,-,21.7,4.71,15.41,9.09,41
FBK,55.90,-1.17,385,77,91,47,B+,B,D,42,-5,307,31.89,1.5,38,9/16/2016,16.0,17.02,31.02,31.76,327
FBLA,15.21,-0.26,117,61,22,65,B+,D,A+,42,-39,59,-17.79,,0,10/23/2024,6.9,,,-81.02,98
FBNC,63.80,-2.37,364,91,73,70,B+,B,A,42,16,283,15.61,1.5,6,-,25.4,73.66,23.01,28.41,248
FBP,26.33,-1.35,605,97,88,75,B+,A,A,42,-29,1131,4.24,3.0,68,1/14/1987,33.2,4.3,7.9,21.28,1577
FCAP,64.69,-0.37,113,97,90,78,B+,A,B+,42,37,8,10.66,1.9,52,1/8/1999,30.6,,,34.24,7
FCBC,45.12,-1.14,220,75,44,61,B+,B,B,42,-11,76,10.42,2.7,19,-,34.0,6.65,9.93,14.06,88
FCBM,12.92,2.05,,1,1,36,B+,E,,42,-68,53,,,59,6/18/2026,6.7,,,,
FCCO,32.93,-1.05,160,96,91,61,B+,A,A,42,-48,54,26.06,1.9,61,-,21.8,11.84,3.48,41.18,101
FCF,20.47,-1.40,368,92,70,68,B+,A,A,42,-39,442,12.82,2.7,34,-,26.2,17.23,32.81,15.62,732
FDBC,52.81,-1.01,129,94,74,68,B+,A,A+,42,-21,9,8.1,3.3,87,-,23.6,,,23.88,11
FDSB,16.62,2.03,23,92,80,64,B+,C,A+,42,-32,8,7.75,,9,-,15.8,,,418.87,11
FFBC,34.39,-0.81,462,96,74,81,B+,A,A+,42,9,1007,35.5,3.0,57,-,25.5,19.39,6.26,31.48,921
FFIN,34.88,-1.61,464,86,70,55,B+,A,A,42,2,948,11.99,2.5,11,-,37.0,15.14,6.81,16.28,916
FGBI,10.00,-0.60,30,77,45,79,B+,D,A+,42,-20,41,-4.67,0.4,5,-,-31.0,111.34,114.74,125.36,53
FHB,29.97,-0.79,504,88,58,69,B+,B,A+,42,-8,1589,4.43,3.5,40,-,30.2,5.84,-0.85,17.02,1769
FHN,25.68,-1.42,816,85,75,59,B+,A,B-,42,-31,2849,1.18,2.7,46,-,25.7,13.25,16.61,26.19,4021
FIBK,39.15,-0.28,445,91,76,67,B+,B,A,42,-23,911,-2.11,4.9,46,3/24/2010,27.8,-8.85,-0.93,24.49,1201
FINW,14.56,-1.62,123,40,45,15,B+,A,B,42,-50,15,93.38,,37,11/19/2021,14.5,-0.29,-17.24,-13.04,29
FISI,39.02,-2.62,260,89,45,82,B+,A,A+,42,-4,141,9.49,3.3,90,6/25/1999,24.4,11.22,9.41,28.4,150
FMAO,30.67,-2.48,166,93,78,67,B+,A,A,42,21,121,15.58,3.0,67,-,22.5,16.87,20.24,37.25,101
FMBH,48.46,-1.80,277,93,71,71,B+,A,A,42,-6,121,15.64,2.1,56,-,25.1,14.29,3.64,13.98,134
FMNB,14.64,-1.48,258,77,52,48,B+,A,A,42,19,480,25.92,4.6,90,-,23.2,4.14,-7.21,0,415
FNB,19.03,-2.06,618,89,77,64,B+,B,B,42,-9,4280,9.39,2.7,71,-,24.8,8.15,16.91,18.75,4665
FNLC,35.04,-1.38,170,97,73,79,B+,A,A+,42,25,35,-0.55,4.2,82,-,23.3,,,26.26,28
FNRN,17.82,-1.00,6,43,1,78,B+,B,E,42,-29,130,,,78,-,31.0,,,,181
FNWB,11.15,-1.76,51,65,19,81,B+,D,A+,42,-61,12,-8.31,,8,-,-4.6,141.67,-97.62,-97.12,30
FNWD,36.80,-0.05,116,76,67,46,B+,C,A+,42,19,21,12.52,1.4,17,-,8.0,41.76,22,372.73,19
FRAF,63.62,-0.34,134,99,94,81,B+,A,A+,42,62,48,-23.72,2.2,64,-,19.7,23.02,9.08,67.96,30
FRBA,17.63,-2.00,200,82,55,50,B+,A,A,42,-17,81,7.21,2.1,84,-,23.2,-9.96,-2.44,-18.92,98
FRBT,18.75,0.43,,1,12,37,B+,E,,42,-77,60,,,11,6/11/2026,17.4,,,,
FRME,43.44,-1.92,422,70,32,56,B+,B,A,42,7,403,16.12,3.4,45,-,24.7,-5.46,4.25,-52.13,377
FRST,15.82,-3.36,193,89,65,79,B+,B,B+,42,-35,181,35.53,2.4,10,-,23.2,305.88,246.43,135.71,283
FSBC,48.66,-1.82,257,98,80,86,B+,A,A,42,-22,97,27.63,1.9,22,5/5/2021,32.8,22.69,26.47,40.32,124
FSBW,43.92,-0.95,174,77,48,51,B+,B,A,42,35,24,5.09,2.6,88,-,18.8,5.44,9.43,0.99,18
FSUN,38.98,-2.18,228,64,42,43,B+,B,A,42,25,311,14.29,,80,-,21.2,2.11,-17.47,1.2,251
FULT,24.11,-1.43,467,96,77,75,B+,A,A,42,-13,1701,4.19,3.1,73,-,25.6,-3.02,-22.51,4.08,1944
FUNC,44.53,-3.57,147,95,75,71,B+,A,A,42,-10,18,11.72,2.3,82,-,26.8,9.25,14.48,14.61,20
FUSB,16.57,,36,84,75,63,B+,B,B,42,-93,0,5.76,1.7,17,-,12.7,,,13.11,5
FVCB,17.47,-2.35,145,94,76,75,B+,A,A+,42,-54,114,16.31,1.6,33,-,23.1,22.92,20,28.57,236
FXNC,30.04,-2.91,117,89,60,69,B+,A,A-,42,-65,31,6.83,2.2,42,-,18.8,11.85,3.42,54.29,87
GABC,47.60,-0.96,290,97,88,64,B+,A,A+,42,14,180,19.67,2.6,38,-,28.8,22.81,10.24,193.33,153
GBCI,51.78,-1.84,512,81,52,60,B+,A,A,42,-27,790,37.79,2.5,6,3/22/1984,20.2,55.19,66.67,31.25,1069
GBFH,31.80,1.99,110,84,89,40,B+,A,A,42,3,70,13.18,,9,-,24.7,21.69,46.46,0,70
GLBZ,4.55,,,,,,B+,,C+,42,-53,1,22.07,,2,-,-2.2,,,-45.46,2
GSBC,78.83,-2.87,274,88,57,77,B+,B,A,42,-11,91,-1.01,2.2,51,12/14/1989,25.4,-8,-20.93,7.48,103
HAFC,32.49,-2.08,423,91,65,74,B+,B,A,42,-33,178,14.21,3.4,58,-,24.3,26.1,54,29.31,263
HBCP,69.32,-1.90,214,90,67,67,B+,A,A,42,34,121,6.89,1.8,74,-,27.9,-0.62,-1.48,5.35,85
HBNC,19.78,-2.66,306,72,30,69,B+,C,A,42,11,605,6.86,3.2,86,-,-188.9,166.67,8.51,-5.56,524
HBT,32.18,-1.71,240,91,62,71,B+,A,A,42,-14,122,16.06,2.9,53,10/11/2019,35.6,16.59,15.87,11.48,146
HFWA,29.70,-1.75,327,91,70,67,B+,B,A,42,-24,221,35.29,3.3,25,-,23.4,4.93,23.61,20,296
HIFS,317.18,0.78,212,84,74,57,B+,B,B,42,66,47,-18,0.8,30,12/13/1988,30.8,,,-60.13,28
HNVR,23.34,-1.64,106,38,22,42,B+,C,D,42,-6,52,4.06,1.7,14,5/11/2022,7.0,77.69,70.53,-1.82,55
HOMB,28.68,-0.76,520,77,68,40,B+,B,A,42,-8,1594,2.55,2.9,60,6/23/2006,41.5,4.99,5.34,7.14,1726
HOPE,13.58,-2.72,374,83,55,74,B+,C,A,42,-8,944,21.05,4.1,4,-,8.0,126.53,215.91,35.29,1029
HTB,49.43,-2.70,253,94,85,66,B+,B,A,42,-5,88,6.68,1.2,54,7/11/2012,27.8,-2.26,-22.37,23.18,94
HTH,38.82,-1.40,390,88,92,57,B+,C,B+,42,-50,168,-5.63,2.0,15,2/12/2004,13.5,22.37,106.24,124.75,329
HWBK,38.64,-3.38,124,96,90,65,B+,B,A+,42,-33,8,2.11,2.1,79,-,26.0,,,7.98,12
HWC,74.61,-1.39,624,83,53,68,B+,B,B+,42,22,1135,7.11,2.7,45,-,30.5,14.23,17.42,10.14,932
IBCP,36.04,-1.80,379,83,72,52,B+,B,A,42,-4,159,8.86,3.1,83,-,25.8,6.67,2.93,6.25,166
IBOC,75.90,-1.45,480,75,60,55,B+,A,C-,42,-12,319,2.39,1.9,76,-,49.4,-1.51,0.05,5.46,354
INBK,28.10,-1.71,196,84,56,77,B+,C,A+,42,69,85,21.37,0.9,6,-,-15.8,429.39,690,163.64,52
INDB,84.18,-0.96,451,87,73,64,B+,A,B-,42,-29,281,41.94,3.0,33,-,22.5,29.06,41.38,58.49,370
ISBA,40.99,0.63,33,49,68,35,B+,B,E,42,-52,26,17.25,2.8,18,-,21.5,38.67,67.27,19.3,56
ISTR,29.49,-2.38,169,78,81,62,B+,B,D,42,-19,151,75.08,1.6,61,7/1/2014,18.2,39.76,50.35,35.94,185
JMSB,22.17,-1.60,101,88,88,52,B+,C,A,42,-47,24,-39.57,0.4,29,-,23.8,23.15,21.68,27.79,45
KFFB,4.97,,18,,,,B+,,A+,42,-92,0,9.56,,4,-,1.2,,,8212.32,3
LARK,31.14,-1.08,120,97,87,71,B+,A,A+,42,-28,10,5.76,2.6,92,-,24.1,11.07,15.59,7.17,13
LCNB,17.89,-1.70,132,75,38,57,B+,B,A,42,-52,14,9.38,4.8,78,-,22.6,2.76,6.1,-6.06,28
LKFN,62.40,-1.14,372,82,78,42,B+,A,A,42,49,306,9.25,3.3,25,-,29.8,8.29,4.57,33.33,207
LOB,41.05,-1.77,350,96,97,73,B+,B,A,42,-13,229,15.35,0.3,12,7/23/2015,14.1,65.94,33.73,185.71,271
MBBC,15.25,-0.39,7,,,,B+,,D,42,-62,7,26.62,,2,-,0.1,,,238.49,18
MBIN,48.82,-1.89,297,70,35,78,B+,A,D,42,-21,145,20.12,0.9,65,10/27/2017,19.3,35.98,103.33,34.41,161
MBWM,57.81,-1.85,316,94,77,66,B+,A,A,42,10,142,18.18,2.7,86,-,27.8,-0.3,-4.68,9.09,132
MCB,98.53,-2.03,356,89,63,76,B+,A,B-,42,41,182,25.36,0.8,58,11/8/2017,19.3,57.08,31.22,101.38,132
MCBS,36.26,-1.72,211,96,72,78,B+,A,A+,42,6,91,41.19,3.2,41,10/3/2019,37.7,24.24,26.15,22.22,87
MCHB,16.16,-1.22,197,85,56,62,B+,B,A,42,-23,375,341.09,10.9,7,2/10/2012,36.1,-16.67,208.7,192.95,488
MGYR,17.63,0.17,39,77,85,36,B+,A,B,42,-48,2,6.88,2.0,91,-,23.6,,,11.78,3
MNSB,24.64,-1.79,133,89,82,61,B+,C,A,42,-59,21,2.59,1.6,53,-,14.1,28.41,0,92,52
MPB,35.18,-1.40,236,81,44,57,B+,A,A,42,14,184,35.83,2.5,62,-,20.7,5.33,19.24,-11.11,164
MRBK,19.64,-3.11,179,79,90,58,B+,B,E,42,3,137,11.58,2.8,95,11/7/2017,13.9,2.91,4.08,85.71,134
MSBI,30.35,-3.25,231,84,46,90,B+,D,A,42,-13,143,6.49,4.1,5,5/24/2016,-25.4,150.85,76.82,29.82,166
MVBF,29.41,-1.44,184,92,81,67,B+,C,A,42,39,71,8.84,2.3,35,-,19.4,-19.42,135.56,44.44,50
MYFW,32.99,-1.38,159,92,64,85,B+,C,A+,42,-24,42,14.36,,7,7/19/2018,9.2,80.74,113.46,46.51,55
NBBK,21.14,-2.22,243,87,90,44,B+,B,A,42,-41,181,46.41,1.3,57,12/28/2023,20.2,14.62,18.75,8.57,310
NBHC,44.51,-1.04,404,73,36,61,B+,B,A,42,-7,356,24.21,2.8,30,9/20/2012,22.8,13.4,-11.6,14.29,382
NBN,134.48,-2.20,278,99,94,77,B+,A,A,42,-16,123,26.72,,72,-,35.8,20.04,13.33,58.3,141
NBTB,50.08,-0.34,413,95,76,67,B+,A,A+,42,-2,330,19.27,3.0,48,-,24.2,9.14,15.58,21.25,340
NIC,166.72,-1.24,353,98,94,72,B+,A,A,42,-18,227,50.79,0.8,18,-,33.6,21.51,21.28,30.95,285
NKSH,36.55,-1.80,146,85,78,51,B+,A,B,42,-43,21,4.15,4.0,55,-,22.5,29.45,38.56,52.27,37
NPB,18.95,-1.86,165,66,53,56,B+,C,C,42,68,274,19.07,0.5,98,2/14/2025,23.5,27.8,32.68,26.53,166
NRIM,27.12,-2.16,281,92,89,60,B+,A,B+,42,-9,131,8.89,2.3,75,11/16/1990,33.1,5.88,16.75,2.52,150
NSTS,13.77,-0.07,11,88,74,65,B+,C,A+,42,2,18,5.06,,4,-,-2.9,,,88.19,17
NWBI,15.11,-1.56,380,91,64,70,B+,A,A,42,21,1399,12.1,5.3,65,-,18.5,9.33,12.5,0,1177
NWFL,32.22,-1.17,159,91,72,59,B+,A,A,42,-16,28,26.61,3.9,89,-,25.8,10.13,29.85,14.29,33
OBK,51.37,-1.25,335,92,65,83,B+,B,A,42,-27,117,10.61,1.9,8,5/9/2018,16.1,65,113.19,25.35,162
OBT,37.65,0.03,188,90,86,77,B+,A,E,42,107,135,14.63,1.9,60,8/5/2021,32.6,20.05,13.46,10.39,67
OCFC,19.05,-2.91,339,60,48,42,B+,C,B,42,4,1053,5.4,4.1,49,-,13.5,30.04,37.41,22.86,1012
OFG,49.48,-1.34,481,96,88,68,B+,A,A,42,-19,279,4.21,2.9,88,3/26/1987,25.9,2.95,1.3,26,356
ONB,26.00,-0.88,665,96,81,67,B+,A,A,42,7,3814,44.33,2.2,80,-,22.5,17.79,18.89,35.56,3532
OPHC,5.73,-2.55,32,,,,B+,,A,42,-89,4,40.51,,100,-,31.2,18.78,-28.74,-37.5,40
ORRF,40.84,-2.10,287,94,77,63,B+,A,A+,42,-18,117,6.95,2.9,96,-,28.8,-1.66,-1.13,12,144
OSBC,23.23,-1.65,298,92,70,69,B+,A,A-,42,-38,246,28.27,1.2,31,-,26.8,33.83,14.69,11.63,397
OVBC,42.60,-2.55,116,57,64,46,B+,B,E,42,-50,17,9.88,2.2,43,-,20.6,,,-2.47,33
OVLY,33.86,-1.80,135,66,50,55,B+,A,D-,42,-74,16,6.74,2.2,68,-,32.3,,,-0.3,55
OZK,49.84,-5.70,685,75,59,44,B+,A,B,42,142,2646,61.65,3.5,98,7/17/1997,33.4,-3.39,-6.3,-2.04,1101
PB,70.90,-3.37,601,58,45,42,B+,B,C+,42,298,4755,19.87,3.2,44,11/12/1998,39.9,-3.01,5.27,-15.33,1019
PBFS,17.29,0.12,122,69,31,79,B+,B,C+,42,-52,11,9.25,,8,7/18/2019,20.9,,,-5.97,22
PBHC,16.15,-0.49,29,61,29,66,B+,C,B+,42,-1,10,-8.75,2.4,2,-,-5.0,,,21.15,9
PCB,28.51,-1.99,194,98,84,80,B+,A,A+,42,-31,22,12.36,3.1,88,-,25.1,12.66,12.9,39.62,32
PCLB,39.00,2.63,,,,,B+,,D,42,-67,0,60.78,2.8,98,12/17/1986,29.2,,,6.38,0
PDLB,20.11,-1.76,154,94,70,77,B+,A,A,42,-23,59,23.12,,21,-,19.9,37.5,48,44,76
PEBK,43.35,-1.07,153,81,75,70,B+,A,E,42,1,36,3.2,2.0,64,-,23.2,,,1.21,36
PEBO,38.71,-1.15,318,90,59,73,B+,B,A+,42,-36,163,5.6,4.4,69,-,21.8,7.62,40.81,19,256
PFBC,107.16,-0.66,401,91,75,64,B+,B,A+,42,16,143,5.56,3.1,91,-,38.0,2.77,5.24,13.45,121
PFIS,67.12,-1.34,195,94,58,80,B+,A,A+,42,64,113,8.65,3.7,77,-,25.8,6.51,-4.14,-5.3,69
PFS,23.54,-1.79,451,86,69,64,B+,A,C,42,-1,952,7.92,4.1,94,1/16/2003,29.5,5.96,2.12,30.3,1038
PGC,47.38,-1.97,279,97,75,90,B+,B,A+,42,30,183,-21.28,0.4,10,-,11.8,78.65,95.81,87.62,142
PKBK,32.93,-2.17,185,97,83,78,B+,A,A-,42,-38,51,9.19,2.4,96,-,33.9,,,53.6,82
PLBC,59.13,-1.10,169,96,68,78,B+,A,A,42,1,60,32.38,2.2,50,-,37.1,22.13,29.05,15,58
PNBK,1.35,12.50,75,44,76,30,B+,D,C-,42,232,1757,17.64,,1,-,-21.7,,,92.71,538
PNFP,99.50,-1.31,933,83,81,48,B+,A,A,42,-14,1133,158.54,2.0,78,-,24.5,22.72,24.95,25.79,1335
PRK,186.42,-0.39,338,96,91,61,B+,A,A+,42,-15,84,20.79,2.4,18,-,33.3,9.18,1.15,19.07,99
PTBS,23.50,-1.78,,,,,B+,,A+,42,-31,1,17.6,2.6,92,-,20.9,,,39.12,2
QCRH,96.65,-2.23,367,92,80,67,B+,B,B+,42,-26,86,17.58,0.4,63,10/6/1993,22.5,6.86,10.17,30.07,116
RBB,27.13,-2.83,190,96,86,83,B+,B,A,42,13,188,22.12,2.4,47,7/26/2017,17.7,27.43,80.86,407.69,167
RBCAA,91.50,-1.41,244,96,78,79,B+,B,A,42,77,163,-51.49,2.2,28,7/22/1998,31.8,1.19,-3.73,-9.92,93
RBKB,17.22,-0.23,80,75,40,76,B+,B,B-,42,-62,10,-1.73,,11,1/17/2019,16.7,,,-3.68,26
RMBI,15.16,-2.76,121,87,83,51,B+,B,A,42,-84,9,1.91,3.7,59,-,15.0,,,44.72,54
RNST,42.98,-1.56,428,88,60,68,B+,A,A-,42,-40,447,60.52,2.2,13,-,15.7,80.95,9071.43,44.62,729
RRBI,94.79,0.29,197,89,81,69,B+,A,C-,42,7,91,11.91,1.1,27,5/3/2019,31.3,14.16,16.34,19.08,87
RVSB,5.41,-0.37,135,29,20,31,B+,D,D,42,-21,80,-83.36,1.5,5,-,-9.0,52.38,16.67,-40,107
SBCF,33.28,-2.06,430,80,68,53,B+,A,B-,42,-8,863,45.6,2.3,19,2/2/1984,19.9,36.54,15.71,63.16,947
SBFG,25.08,-1.99,120,98,93,69,B+,A,A+,42,17,36,13.25,2.6,93,-,19.0,,18.97,50,37
SBSI,34.90,-1.99,333,79,51,60,B+,B,A,42,9,115,7.65,4.1,74,-,19.7,47.14,19.72,9.46,109
SFBC,44.67,-0.18,91,65,58,33,B+,C,A+,42,-36,6,4.22,1.9,23,-,14.1,,,35.6,10
SFBS,86.64,-2.48,435,94,86,62,B+,A,A,42,71,486,20.6,1.7,22,5/14/2014,33.6,21.9,29.48,32.76,288
SFNC,22.84,-1.64,419,88,79,67,B+,C,A,42,-16,1099,15.17,3.8,62,-,-84.2,19.57,18.94,80.77,1273
SFST,61.19,-2.08,214,96,97,72,B+,B,B,42,-17,116,27.56,,26,-,17.6,34.53,46.91,83.08,143
SHBI,23.03,-1.58,258,98,89,81,B+,A,A,42,-8,198,12.76,2.4,55,-,22.9,16.77,8.83,24.39,222
SMBC,76.04,-2.24,286,98,90,78,B+,A,A,42,-7,97,8.89,1.3,47,-,24.2,21.75,15.11,15.11,105
SMBK,47.34,-1.70,246,96,80,77,B+,A,A,42,-9,83,14.91,0.8,24,-,19.6,20.79,30.43,20.9,91
SPFI,42.56,-3.01,251,75,55,44,B+,B,A,42,85,248,10.16,1.6,63,5/9/2019,24.9,12.5,9.3,18.06,136
SRBK,19.63,-2.34,107,71,32,72,B+,C,A,42,-58,23,-30.47,1.2,1,9/20/2023,12.3,,27.33,60.65,56
SRCE,82.09,-1.46,362,96,80,75,B+,A,A,42,-32,93,10.87,2.1,49,-,34.1,6.14,13.47,7.24,134
SSB,100.16,-1.17,685,90,92,47,B+,A,A-,42,15,1109,4.93,2.4,82,-,29.5,20.37,9.16,162.07,817
SSBI,13.29,-1.92,37,42,25,47,B+,C,C+,42,169,11,-0.87,,24,-,15.3,,,-33.03,5
STBA,49.13,-1.58,385,89,60,72,B+,B,A,42,-6,250,8.88,3.0,32,-,29.6,6.84,10.15,8.05,268
SYBT,78.15,-0.15,338,93,80,58,B+,A,A+,42,25,231,10.12,1.7,16,-,31.6,4.51,-4.87,9.73,191
TBBK,63.89,-1.01,488,88,90,49,B+,A,A,42,-32,320,24.57,,51,2/3/2004,34.5,20.12,7.35,18.49,456
TCBI,103.95,-0.56,571,87,77,61,B+,B,B,42,1,529,15.51,0.8,29,8/13/2003,21.6,11.66,19.38,69.57,519
TCBK,54.54,-0.76,331,86,54,66,B+,B,A,42,47,212,9.78,2.7,31,-,30.9,14.01,22.82,30,142
TCBS,17.95,,8,70,59,39,B+,B,A,42,-74,1,2.82,1.1,14,7/15/2021,13.2,,,40.89,3
TCBX,40.00,-2.25,244,82,94,44,B+,A,D,42,37,143,25.65,,87,11/9/2021,22.5,2.97,-6.51,12.82,109
TFIN,77.01,-2.90,377,88,72,81,B+,C,A,42,22,330,4.16,,0,11/7/2014,6.5,94.84,181.67,866.67,268
THFF,77.02,-1.48,366,96,73,78,B+,A,A,42,62,159,9.06,2.9,76,-,28.4,9.81,14.97,7.74,99
TMP,94.54,-1.44,336,99,97,81,B+,B,A+,42,14,86,2.45,2.8,99,-,57.3,-33.05,21.33,32.85,75
TOWN,36.45,-0.65,375,84,75,46,B+,A,A-,42,-13,510,29.61,3.1,66,-,18.9,5,-2.65,8.82,589
TRMK,46.38,-1.51,384,80,71,58,B+,B,C-,42,-15,357,4.32,2.1,53,-,24.3,5.54,4.17,7.96,420
TSBK,44.67,-1.61,184,94,71,71,B+,A,A+,42,-18,27,4.39,2.6,73,1/12/1998,31.6,,,6.12,33
UBCP,16.28,1.75,35,76,50,46,B+,B,A+,42,-32,7,51.96,4.7,59,-,16.1,0.75,,1.98,10
UBSI,46.38,-1.19,514,94,87,66,B+,A,B+,42,15,1086,9.31,3.3,42,-,32.0,10.5,4.12,50.85,922
UCB,35.49,-1.55,527,86,68,58,B+,B,A-,42,43,1300,11.64,2.8,49,-,27.5,10.17,16.45,18.64,915
UMBF,143.80,-1.27,712,99,93,78,B+,A,A+,42,-30,580,31.09,1.2,65,-,21.2,13.75,4.82,32.17,755
UNB,25.57,3.61,100,58,51,38,B+,A,C,42,-64,7,6.3,5.8,89,-,13.7,,,15.93,22
UNTY,58.12,-1.82,239,93,90,56,B+,A,B,42,-7,49,14.49,1.1,81,-,40.1,15.14,19.33,23.98,53
USCB,20.45,-1.64,166,95,91,57,B+,A,A+,42,-54,32,14.69,2.2,69,7/23/2021,23.6,19.95,21.5,23.68,69
UVSP,44.13,-2.26,337,97,82,85,B+,B,A+,42,-17,183,10.43,2.1,37,-,21.9,15.87,24.64,24.68,218
VABK,44.40,-2.91,137,80,59,56,B+,B,A,42,-46,4,-1.93,3.2,59,-,28.9,,,16.28,8
VLY,14.59,-1.42,604,95,84,80,B+,B,B+,42,-2,6380,12.95,3.0,40,-,21.3,29.83,32.98,61.11,6491
WABC,59.51,-0.95,389,82,45,66,B+,B,A+,42,-4,188,-6.62,3.3,36,-,57.6,-1.66,-1.79,-2.59,196
WAFD,38.34,-1.79,407,85,50,73,B+,B,A,42,-24,461,9.78,2.8,50,11/9/1982,20.5,24.14,11.64,26.15,590
WAL,81.54,-2.34,688,70,54,46,B+,A,B,42,3,1063,15.42,2.0,95,6/30/2005,22.4,8.43,14.62,-7.82,1100
WASH,35.56,-2.68,308,68,29,59,B+,B,A,42,-33,148,-2.09,6.1,41,-,17.5,14.35,13.09,4.76,212
WBS,76.72,0.12,626,93,71,68,B+,A,A+,42,13,3443,4.41,2.1,54,12/12/1986,28.5,11.08,5.55,19.38,3281
WSBC,39.64,-0.78,403,95,79,67,B+,A,A+,42,-8,1152,33.15,3.9,80,-,19.4,5.59,-6.23,37.88,1295
WTBA,27.09,-1.17,219,92,63,70,B+,A,A+,42,78,103,16.95,3.7,39,-,20.9,34.9,34.04,32.61,59
WTFC,161.19,-0.98,784,95,84,69,B+,A,A-,42,8,537,10.89,1.4,35,3/13/1997,26.5,14.18,12.94,19.7,469
ZION,69.35,-1.91,750,94,77,74,B+,B,A,42,8,1731,6.79,2.6,83,-,23.8,7.86,-4.43,38.05,1587
APC,18.59,2.09,34,36,52,42,B+,E,E,43,-51,87,,5.6,23,2/12/2026,0.8,32.55,,,181
CCEC,21.60,-0.37,4,40,32,37,B+,B,E,43,72,23,-10.41,2.9,36,3/30/2007,28.9,-12.57,-37.61,-45.45,14
DHT,17.18,3.93,355,84,96,63,B+,A,D,43,-15,2802,98.14,8.3,55,10/13/2005,42.5,139.09,213.6,277.78,3336
DLNG,3.57,3.78,7,49,81,21,B+,B,E,43,-40,28,-1.39,6.0,82,11/13/2013,39.4,,,-3.33,47
GLNG,49.01,-1.39,335,41,17,48,B+,A,D,43,-13,1213,120.08,2.0,9,-,27.4,-27.49,121.86,,1425
IMPP,4.76,2.81,23,62,65,62,B+,B,D-,43,-48,276,92.3,,91,-,31.0,69.1,91.45,79.41,538
INSW,82.40,5.94,442,87,75,85,B+,A,D,43,-23,485,77.89,10.5,45,-,36.6,167.98,441.98,387.5,613
LPG,36.01,2.45,399,84,98,67,B+,A,D-,43,26,870,101.97,,64,5/8/2014,40.2,57.38,733.22,656,677
NAT,5.81,4.50,196,73,71,75,B+,C,E,43,1,4252,64.32,10.6,18,-,4.2,1129.6,6126.94,990.23,4296
NVGS,19.12,2.69,163,63,84,49,B+,B,E,43,71,746,-7.13,1.4,27,11/21/2013,18.8,75.67,264.68,37.09,472
SFL,10.59,3.32,211,45,44,58,B+,D,D,43,-10,1340,-6.56,8.4,0,-,-3.4,203.06,933.33,514.63,1546
TEN,37.37,5.65,43,77,80,71,B+,B,D-,43,-20,255,28.37,5.4,73,3/5/2002,20.6,83.32,336.57,195.58,314
TMDE,0.78,-3.32,,,,,B+,,E,43,-83,151,-21,,8,4/21/2025,0.5,,,-947.01,1130
ADNH,0.23,-18.59,1,,,,B+,,A,44,201,22,-51.56,,4,-,-917.9,,,141.54,8
AGIG,0.95,-2.06,9,,,,B+,,E,44,-27,133,29.92,,6,-,-7174.5,75.84,,81.67,188
ALTO,5.56,-7.02,84,78,58,90,B+,D,C,44,3,2515,-0.82,,82,-,1.4,167.03,155.9,131.25,2442
AMPX,12.38,-8.90,294,33,37,51,B+,C,E,44,-6,8314,152.89,,28,3/2/2022,-60.3,80.86,52,50,8958
AMRC,25.40,-4.26,340,23,16,36,B+,C,E,44,-8,567,13.78,,45,7/22/2010,2.3,23.87,-26.35,-200,618
AMTX,1.65,3.77,44,17,50,14,B+,E,E,44,-41,909,27.36,,49,-,-46.0,21.35,36.49,29.79,1562
BE,270.89,-6.43,1637,78,66,99,B+,C,E,44,37,15778,130.37,,9,7/25/2018,-4.2,181.26,293.84,1366.67,11949
BEP,33.88,-1.43,236,49,40,65,B+,C,E,44,-38,565,-4.18,4.4,81,-,3.2,-443.13,-52.17,-14.29,903
BEPC,36.49,-0.71,829,13,4,31,B+,E,E,44,-22,1220,-2.65,4.2,30,-,-63.0,73.83,84.73,-374.47,1612
BESS,4.50,12.50,2,,,,B+,,B,44,-84,110,,,41,-,,94.29,-53.99,-323.27,696
BLDP,3.52,-7.61,147,67,61,89,B+,D,D,44,-39,6158,25.97,,34,-,-86.7,49.83,44.06,42.86,9813
BLNK,0.63,-3.38,35,25,55,34,B+,E,D-,44,-63,963,0.12,,26,-,-80.2,65.46,76.61,60,2472
BNRG,1.03,27.21,,,,,B+,,B,44,-36,5368,,,,-,-3593.0,,,69.43,1310
BWEN,4.58,-1.51,44,68,30,97,B+,C,C-,44,-67,313,-7.55,,64,-,3.4,-3.76,75,0,1041
CAULF,0.03,-46.00,4,,,,B+,,E,44,,0,,,,-,-6356.4,,,,20
CEG,239.25,1.16,2818,20,34,9,B+,A,E,44,7,4271,63.85,0.6,59,-,13.1,25.06,26.11,28.04,3866
CETY,0.86,-0.61,7,,,,B+,,C,44,-61,29,47.79,,19,-,-315.0,,,18.98,74
CHPT,5.96,,54,30,49,35,B+,E,D+,44,-11,613,4.32,,40,-,-52.6,35.36,44.85,27.08,695
CLIR,4.06,-1.46,11,,,,B+,,C,44,-98,10,-52.37,,53,4/25/2012,-105.0,0.51,11.67,2.5,17
CLNE,2.05,-0.97,234,13,5,16,B+,D,C,44,-17,1194,13.29,,5,5/25/2007,-52.9,-173.36,-339.2,-200,1453
CREG,1.98,-10.00,1,,,,B+,,B+,44,-97,74,425.35,,15,-,-1089.3,,,97.05,2589
CWEN,32.76,-2.27,558,20,15,28,B+,C,E,44,20,1563,18.79,5.0,0,7/17/2013,-12.1,-176.81,35.34,-4600,1339
ELLO,18.40,-1.87,13,14,19,21,B+,D,E,44,-54,8,8.71,,23,-,-60.3,,,-235.84,16
ENLT,84.26,-3.25,336,64,30,93,B+,A,E,44,118,510,53.69,,18,2/10/2023,42.6,-53.58,987.24,-78.67,235
FCEL,28.11,-11.85,120,83,52,99,B+,D,A,44,-7,11788,-4.86,,32,-,-120.9,62.58,88.61,18.99,12686
FISN,10.29,-1.91,,1,3,22,B+,E,,44,-85,145,,,14,6/18/2026,,,,-198.39,
FLNC,17.00,-7.41,364,40,29,79,B+,D,E,44,-15,10422,7.71,,51,10/28/2021,-2.0,66.73,-3.06,33.33,12501
FRMI,8.06,-5.40,181,17,2,52,B+,E,C-,44,-26,14024,,,74,10/1/2025,,,-6583.82,,18993
FRVO,27.79,-4.40,43,1,2,22,B+,E,,44,-28,3723,,,50,5/13/2026,-41874.6,10.94,,,
GEV,1113.11,-1.87,3955,95,86,92,B+,B,B-,44,-18,2362,16.27,0.2,50,-,7.4,61.96,84.76,1523.48,2907
GPRE,15.51,-2.21,315,41,38,69,B+,D,E,44,-47,793,-25.89,,62,-,-6.8,201.25,148.07,134.34,1518
HDRN,2.00,-5.66,29,3,8,1,B+,E,E,44,-77,37,,,68,-,,,,-83.17,169
HTOO,2.67,-0.74,1,,,,B+,,E,44,-84,4,529.42,,77,-,-7.4,,,90.96,31
HYLN,4.32,-6.49,141,59,35,98,B+,E,C-,44,-30,3527,479.14,,13,-,-1645.7,7.05,5.37,30,5115
IMSR,6.46,-5.42,58,6,6,28,B+,E,E,44,-9,2787,,,5,-,,-67.95,-676.84,-638.98,3112
KEN,68.10,-1.63,119,36,34,49,B+,B,E,44,24,37,73.22,5.8,36,-,2.9,,,117.86,30
LEU,162.13,-2.53,470,24,38,14,B+,A,E,44,-31,649,4.92,,27,7/24/1998,19.1,-27.33,-38.8,-71.87,922
LTBR,8.64,-3.03,121,8,37,8,B+,E,E,44,-7,892,,,0,-,,,,18.88,966
MNTK,1.69,3.68,158,48,48,49,B+,D,B,44,-53,111,8.98,,23,1/22/2021,-1.4,1128.23,113.25,95.73,236
NAAS,2.98,-0.67,2,,,,B+,,B+,44,263,34,-63.57,,98,-,-339.7,,,64.56,13
NKLR,4.62,-5.13,17,20,49,22,B+,E,D,44,-29,307,,,91,-,,-101.95,-166.79,-209.9,435
NMG,1.61,5.23,20,14,43,11,B+,E,D+,44,21,1222,,,86,-,,63.9,51.53,61.7,985
NNE,20.03,-3.47,199,11,30,15,B+,E,E,44,9,3103,,,2,5/8/2024,,14.91,-40,68.6,2895
NPWR,1.65,-1.20,124,16,53,23,B+,E,E,44,-41,500,,,12,-,,97.37,86.17,92.26,860
NRGV,4.04,-9.62,98,38,19,74,B+,D,E,44,12,6330,156.37,,47,-,-47.1,-32.86,-21.13,-57.15,5828
OKLO,52.36,-0.17,745,7,4,29,B+,E,E,44,-32,9674,,,3,7/8/2021,,5.3,17.45,-171.43,14156
OPAL,2.11,-4.09,87,25,16,18,B+,C,B,44,-26,202,-14.09,,14,-,-4.7,-124.7,-169.47,-800,279
OPTT,0.26,-5.74,13,,,,B+,,E,44,-35,2737,-37.82,,11,4/25/2007,-384.7,-15.24,6.72,-44.33,4227
ORA,112.56,1.46,684,67,91,50,B+,B,E,44,-4,1009,75.79,0.4,41,11/11/2004,10.7,3.47,-37.47,96.97,969
PLUG,2.64,,402,37,31,76,B+,D,E,44,-17,60797,22.32,,17,10/29/1999,-238.5,76.21,61.79,14.29,74150
REX,44.98,-1.14,394,80,98,62,B+,C,D,44,-44,108,-1.16,,77,7/17/1984,13.6,,,119.61,201
RNW,6.09,-1.46,129,48,23,56,B+,B,C+,44,23,1583,2.86,,73,-,10.6,-18.08,-22.94,-76.46,1282
SAFX,0.42,-3.09,54,22,37,25,B+,E,C,44,-76,1919,,,95,-,355.5,-0.82,-106.06,70.76,8159
SMERY,37.89,2.85,20,82,80,81,B+,B,E,44,-99,593,13.33,1.6,32,-,4.2,165.24,62.7,154.37,833
SMR,9.76,-3.84,320,5,9,8,B+,E,E,44,-17,28187,-95.78,,9,-,-2109.7,73.44,-0.87,-27.27,35457
STI,7.85,-13.55,8,30,13,82,B+,E,E,44,-88,429,,,0,-,-307146.1,,,-240.95,3545
TE,8.56,-6.75,233,67,47,93,B+,D,C,44,8,36687,174.8,,38,-,-45.1,88.45,55.83,30.43,34509
VGAS,1.00,2.04,49,14,58,3,B+,E,E,44,-13,30,,,7,-,,,,35.04,36
VWDRY,9.50,0.53,6,73,60,62,B+,B,C-,44,-50,162,18.53,0.2,55,-,5.5,45.25,405.26,539.82,329
XCH,0.57,-19.26,1,5,2,3,B+,E,E,44,648,3362,-30.81,,21,9/10/2024,-129.5,67.82,,-160.47,511
XE,17.27,-6.95,69,1,2,20,B+,E,,44,-25,5363,,,36,4/24/2026,-357.3,12.55,,,
XIFR,12.35,2.66,149,66,47,78,B+,D,B,44,-9,1222,-2.48,,86,6/27/2014,-40.1,1153.43,-72.22,133.33,1065
ZOOZ,5.47,3.21,4,22,55,6,B+,E,B,44,-87,9,-100,,,-,-22505.7,288.71,,64.5,26
AIP,35.06,-19.97,193,76,52,99,B+,D,B-,45,60,1759,38.74,,32,10/27/2021,-43.1,73.48,65.91,66.67,1115
ALAB,406.42,-5.67,1306,97,71,98,B+,A,A-,45,15,7259,93.4,,0,3/20/2024,25.6,63.99,56.72,84.85,6394
ALGM,55.48,-12.21,586,93,85,95,B+,C,A-,45,60,4703,26.12,,36,10/29/2020,-1.7,83.62,133.15,183.33,2984
AMBA,78.36,-11.30,503,77,56,71,B+,C,A,45,53,2310,16.87,,24,10/10/2012,-18.9,27.45,14,57.14,1513
AMBQ,82.85,-6.28,144,74,57,98,B+,E,D+,45,-16,639,59.29,,18,7/30/2025,-50.2,57.41,40.25,44.7,767
AMD,517.82,-4.26,5283,98,95,99,B+,A,B-,45,-27,28229,37.85,,28,9/27/1972,11.9,78.63,233.9,42.71,37842
AOSL,37.11,-14.73,320,47,5,89,B+,D,C,45,-28,781,-0.49,,45,4/29/2010,-4.0,-433.64,-1300,-180,1094
ARM,315.28,-6.58,856,96,88,98,B+,A,C+,45,-36,7576,20.06,,4,9/14/2023,23.5,156.86,15.01,9.09,12216
AVGO,360.45,-2.41,8257,86,97,66,B+,A,D-,45,-3,26789,47.87,0.7,76,8/6/2009,35.6,69.68,90.12,54.43,27073
CAN,0.28,-1.56,42,18,65,4,B+,D,E,45,-19,7964,-24.26,,30,11/21/2019,-39.2,3.51,-380.77,54.32,10082
CBRS,204.86,-7.42,58,1,69,21,B+,C,,45,-34,6234,92.29,,8,5/14/2026,48.0,-21.02,-111.98,64.39,
CEVA,40.42,-11.18,270,81,59,96,B+,D,B,45,-36,618,11.46,,40,-,-7.2,25.79,4.94,-33.33,969
CRDO,241.91,-6.63,1538,95,83,96,B+,A,C,45,7,9062,157.06,,56,1/27/2022,35.6,143.17,123.68,231.43,8690
CRUS,146.24,-0.12,866,78,89,59,B+,A,E,45,17,730,5.67,,92,6/9/1989,24.9,13.44,20.19,16.77,621
EBON,2.00,-11.11,2,,,,B+,,B+,45,-43,7,-21.31,,9,6/26/2020,-221.6,,,43.79,12
FABC,3.35,-5.63,5,,,,B+,,A,45,-76,699,,,39,-,,,,67.27,2885
GSIT,6.82,-6.19,48,37,19,88,B+,D,E,45,-2,1933,7.41,,23,3/29/2007,-53.3,,,-52.61,1973
HIMX,13.15,-7.65,69,43,10,92,B+,D,D,45,-43,2719,-7.49,1.7,52,3/31/2006,7.0,58.73,15.79,-59.65,4795
ICG,0.81,10.16,,13,21,3,B+,C,C-,45,2,87,-49.79,,98,3/16/2023,-38.0,391.12,23.27,-1581.36,87
INDI,4.33,-4.63,241,59,36,75,B+,D,B+,45,35,8460,2.55,,16,-,-70.7,47.3,34.28,25,6361
IPWR,5.04,-8.20,17,46,24,80,B+,E,B-,45,-69,272,-100,,0,11/22/2013,-28038.6,16.38,30.3,-10,898
LAES,3.03,-2.26,21,33,48,39,B+,D,C-,45,47,24282,126.72,,11,-,-187.4,29.17,,69.04,16712
LSCC,136.53,-6.68,836,89,84,95,B+,C,C-,45,4,2463,42.24,,32,11/9/1989,2.6,72.53,84.83,86.36,2355
MBLY,9.57,-1.03,327,36,37,45,B+,D,B,45,-10,6035,27.4,,88,10/26/2022,-19.9,-23.15,-57.36,50,6690
MOBX,2.07,-3.72,10,29,61,3,B+,E,A,45,-98,243,-61.37,,5,-,-465.3,,,59.25,5218
MPWR,1288.16,-3.27,2916,89,90,86,B+,A,E,45,30,1215,26.14,0.6,64,11/19/2004,27.5,34.97,38.91,26.24,883
MRVL,245.29,-9.84,2961,97,94,99,B+,A,C+,45,-13,38580,27.57,0.1,44,6/27/2000,37.2,42.66,38.47,29.03,45938
MXL,93.12,-17.15,419,91,79,99,B+,D,B+,45,-14,4945,43,,12,3/24/2010,-30.1,331.38,1545.46,540,5838
NA,1.70,-7.61,7,12,35,3,B+,D,E,45,-72,45,18.98,,95,7/12/2022,466.4,,,108.31,183
NVDA,194.83,-1.39,9747,85,99,60,B+,A,E,45,-17,142386,85.23,0.5,80,1/22/1999,65.5,88.21,97.65,130.41,163117
NVTS,14.46,-12.52,285,53,44,97,B+,E,D-,45,-18,29486,-38.66,,7,-,-252.2,15.63,15,33.33,36150
PI,141.58,-1.41,458,55,60,59,B+,D,C,45,-59,217,-0.04,,60,7/21/2016,-3.0,-10.83,-0.57,-33.33,516
POWI,72.99,-9.07,481,59,20,90,B+,C,C,45,3,1343,2.63,1.1,68,12/12/1997,4.7,6.72,-8.57,-19.35,1338
PRSO,0.82,-7.67,6,,,,B+,,E,45,-71,871,-75.11,,27,6/28/2001,-39.0,-1.67,35.71,-150,1686
PXLW,6.08,0.25,14,,,,B+,,D-,45,-27,75,-93.71,,20,5/19/2000,-1216.9,35.33,80,45.45,104
QCOM,176.25,-3.12,4282,72,58,66,B+,A,D+,45,-29,18682,-2.19,1.9,96,12/13/1991,28.6,-10.54,-19.59,-7.02,26054
QUIK,16.02,-10.40,37,46,9,97,B+,E,C-,45,-25,480,16.79,,14,10/15/1999,-89.4,96.73,51.53,-14.29,656
RMBS,112.92,-8.81,929,86,81,82,B+,A,D-,45,16,3531,8.55,,72,5/14/1997,39.9,19.33,20.47,4.9,3162
SITM,601.66,-14.52,730,90,99,97,B+,C,D,45,46,852,88.29,,20,11/21/2019,-12.9,145.12,316.99,453.85,603
SLAB,218.22,-0.07,596,87,84,73,B+,C,C+,45,-20,623,20.14,,16,3/24/2000,-7.4,200.69,523.53,762.5,490
SMTC,135.27,-8.00,643,89,92,97,B+,C,D,45,5,4138,15.89,,48,-,-2.0,55.41,49.86,34.21,3842
SQNS,3.20,-1.23,14,12,1,29,B+,E,B-,45,-78,51,-24.62,,2,4/15/2011,-418.5,-120.95,,,231
SYNA,119.52,-5.65,498,73,51,94,B+,C,D,45,86,2099,10.35,,84,1/29/2002,-10.6,27.39,19.32,21.11,1156
VLN,2.07,-7.17,21,40,7,77,B+,D,C,45,-54,1808,0.18,,25,-,-44.5,4.76,0,-66.67,3960
WKEY,6.96,-0.78,4,33,44,55,B+,D,E,45,-2,131,108.2,,39,-,-198.1,-651.65,,120.38,133
ACM,67.74,1.32,1374,35,88,7,B+,B,E,46,-14,1709,4.35,1.7,96,5/10/2007,5.7,13.66,12.35,27.2,2121
AGX,706.15,-7.64,594,98,98,94,B+,A,D+,46,-10,293,50.24,0.3,8,-,17.0,24.11,6.4,102.5,335
APG,41.98,0.48,839,74,95,55,B+,B,E,46,1,2976,15.3,,71,-,5.2,14.71,11.77,29.73,2986
BBCP,11.11,-6.24,174,84,51,93,B+,D,A,46,-3,300,13.66,,4,-,2.6,88.89,14.29,500,331
BOUYY,10.85,0.28,1,16,1,44,B+,D,E,46,-2,105,-6.69,2.4,88,-,3.4,9.73,-3.86,,109
CDNL,74.25,-13.66,157,54,16,91,B+,D,C,46,141,1536,104.78,,34,12/10/2025,7.3,19.73,,-46.57,606
ECG,138.26,-8.45,533,77,62,88,B+,B,E,46,14,730,25.45,,58,-,6.9,14.56,10.68,58.33,648
EME,774.66,-3.69,2449,80,91,66,B+,A,E,46,38,569,19.67,0.2,67,-,10.1,13.46,19.69,12.96,410
FER,67.72,0.68,2001,59,54,55,B+,A,E,46,-3,1597,7.04,,33,-,8.4,-16.24,-70.29,-85.41,1609
FLR,49.45,-1.79,625,47,31,55,B+,C,D,46,-25,2050,-8.01,,62,-,-2.0,18.05,62.9,-80.82,2983
GVA,145.93,-2.60,536,89,79,81,B+,B,C,46,-25,607,30.44,0.3,50,4/20/1990,6.5,50.5,58.8,-24.68,834
IBP,228.26,1.89,670,50,70,24,B+,B,C-,46,-43,275,-3.55,0.7,75,2/13/2014,12.0,-11.71,-13.45,-13.94,513
IESC,654.00,-6.57,471,95,97,93,B+,A,E,46,-8,238,16.82,,54,-,11.7,44.14,22.28,25.25,267
J,127.89,2.62,1715,57,77,29,B+,C,B,46,-32,853,-20.01,1.1,79,7/19/1989,4.5,18.31,12.82,23.64,1389
JLHL,7.33,-33.90,1,34,6,89,B+,D,E,46,68,150,,,42,6/26/2025,12.2,,,,82
LGN,75.83,-5.21,373,45,26,94,B+,E,E,46,-9,1542,105.14,,11,9/12/2025,-2.2,350.35,,171.64,1583
MSGY,0.47,-9.87,2,,,,B+,,E,46,-83,156,,,29,7/8/2025,6.5,,,,1026
MTZ,373.43,-4.40,1024,90,99,88,B+,B,E,46,-19,883,34.46,,29,-,3.6,34.8,49.23,172.55,1171
MWH,30.45,-3.39,118,16,18,39,B+,E,E,46,16,2783,,,63,2/11/2026,6.2,66.47,,,1797
MYRG,433.01,-6.50,630,93,93,96,B+,B,D,46,35,415,20,,38,-,4.4,51.8,53.08,106.21,314
OFAL,0.19,-2.49,2,,,,B+,,E,46,-57,305,,,,5/21/2025,,,,,902
ONEG,1.12,-5.88,3,3,1,4,B+,E,E,46,-92,116,,,23,12/31/2024,2.1,,,,1486
ORN,14.81,-4.14,234,73,38,90,B+,C,C+,46,28,550,14.66,,25,-,0.3,57.4,-13.84,400,430
PHOE,17.80,1.37,1,33,7,85,B+,B,E,46,-89,8,-7.39,,0,4/25/2025,17.6,,,-68.61,73
PRIM,88.20,-5.10,702,38,73,12,B+,B,E,46,-42,1374,-5.35,0.3,83,-,5.1,-60.8,-115.65,-39.8,2482
PWR,668.31,-3.34,2924,90,95,87,B+,A,E,46,-7,1273,26.33,0.1,12,2/12/1998,4.9,30.25,32.64,50.56,1325
ROAD,107.92,-1.08,534,63,99,29,B+,A,E,46,24,753,34.56,,46,5/4/2018,4.8,36.12,31.67,114.36,614
SHIM,4.00,-7.62,17,55,59,86,B+,E,E,46,-67,69,-27.84,,14,11/14/2023,-5.2,111.63,85.71,68.18,207
SKK,4.80,-2.44,2,,,,B+,,B+,46,-100,4,-4.56,,9,10/8/2024,-21.8,,,-248.52,926
SKYH,9.97,-0.89,88,60,37,42,B+,B,A,46,-19,130,229.99,,97,-,26.6,-733.33,-183.33,-16,159
SLND,0.73,5.13,76,,,,B+,,E,46,-9,141,-28.01,,0,-,-32.6,75.31,-123.68,-550,157
STRL,700.75,-9.76,855,94,99,97,B+,A,E,46,34,992,91.59,,17,-,16.4,73.65,85.68,120.25,773
TPC,76.75,-3.47,513,38,28,58,B+,C,E,46,-12,491,11.46,0.3,21,-,3.7,127.99,114.12,-9.43,562
VATE,14.81,-10.73,17,79,55,99,B+,D,B+,46,40,117,33.04,,20,11/7/1996,-4.9,,,33.09,86
WLDN,76.30,-2.25,388,54,99,24,B+,A,E,46,-49,225,8.31,,92,11/21/2006,5.9,0.68,-13.56,44.44,422
ZDAI,1.97,2.07,1,,,,B+,,E,46,-88,83,,,3,7/23/2024,-36.8,,,,588
ASO,47.84,1.25,557,35,53,26,B+,B,E,47,-23,1182,6.7,1.2,88,10/2/2020,8.0,11.96,8.34,22.37,1531
BBW,31.50,3.08,270,23,48,7,B+,A,E,47,10,422,-2.43,2.9,75,10/28/2004,12.7,1.5,-29.26,-11.97,385
BNED,12.19,-7.65,109,54,18,80,B+,D,B+,47,19,363,10.46,2.3,57,-,-3.8,152.09,115.62,-12.52,309
DKS,236.18,2.79,1311,83,41,66,B+,A,A,47,-33,793,62.68,2.1,62,10/16/2002,6.6,8.46,-13.99,-13.95,1186
GCL,0.42,-9.66,2,10,45,3,B+,E,E,47,-96,126,,,21,-,4.3,,,71.5,3433
HAYW,16.97,,520,93,86,69,B+,B,A,47,54,4238,11.53,,38,3/12/2021,16.4,11.6,4.76,30,2822
HZO,34.48,-3.55,308,55,8,83,B+,D,B+,47,-9,315,-16.48,,0,6/3/1998,-1.6,19.79,70.05,-82.61,347
LESL,8.66,-9.60,28,54,14,89,B+,E,A,47,-86,180,4.3,,0,10/29/2020,-18.7,35.32,21.5,-7.2,1317
NXB,2.14,-0.93,9,,,,B+,,E,47,-74,11,9.56,,7,11/13/2025,-1.7,171.43,,-1247.45,46
ONEW,10.83,-1.90,162,28,22,42,B+,D,C+,47,-33,77,-8.53,,25,2/7/2020,-8.1,16.84,-10.31,-361.54,115
PLBY,1.26,0.80,29,15,49,12,B+,D,E,47,-17,816,4.71,,71,-,-11.5,97.44,95.83,70,1003
POOL,219.47,1.75,1108,41,35,28,B+,B,A,47,-43,585,6.21,2.5,50,-,10.1,3.19,3.49,8.33,1073
SPWH,1.30,,71,11,21,15,B+,D,D,47,-49,276,2.8,,14,4/17/2014,-4.2,30.36,5.56,4.88,578
WINA,424.29,1.00,355,44,47,35,B+,C,C,47,-19,38,-4.88,1.0,12,8/25/1993,61.8,5.13,8.65,-7.75,47
ASC,14.86,4.28,235,53,55,59,B+,C,E,48,36,969,18.81,4.3,42,8/1/2013,13.4,215.09,477.27,314.29,707
BWLP,18.37,4.97,224,82,92,72,B+,B,E,48,-32,331,-2.69,10.7,60,-,8.5,,,256.92,478
CDLR,22.17,4.92,54,41,37,46,B+,A,E,48,127,204,-16.5,,52,-,46.4,-19.48,-12.44,-108.37,90
CISS,1.79,3.47,2,,,,B+,,D+,48,-90,262,33.51,,89,-,30.1,,,-74.25,851
CMBT,14.56,3.63,171,67,34,82,B+,A,D,48,-23,1247,121.08,3.3,5,1/23/2015,9.0,209.88,365.02,66.54,1608
CMDB,18.18,-0.16,156,43,27,79,B+,E,E,48,95,96,53.27,,9,-,-6.3,,,196.9,50
CMRE,14.26,2.00,273,56,85,37,B+,B,E,48,-49,257,-54.25,3.5,75,11/4/2010,46.8,-18.43,-25.96,3.28,488
CTRM,2.26,6.35,4,,,,B+,,A,48,-16,48,4.49,,92,-,27.4,,,302.77,58
DAC,122.32,-0.70,68,78,63,71,B+,A,D+,48,4,97,0.15,2.9,82,10/6/2006,47.5,5.99,6.84,11.26,90
DSX,2.10,1.45,23,40,58,47,B+,C,E,48,-68,286,-0.3,2.0,65,3/18/2005,8.3,583.5,17.86,7590.68,889
ECO,53.11,6.35,98,90,99,79,B+,A,E,48,-19,371,172.02,10.0,48,-,31.4,201.4,455.3,547.22,461
EDRY,22.09,2.27,3,68,50,88,B+,D,C-,48,-14,24,38.88,,53,-,-7.3,223.87,203.64,105.8,28
EHLD,8.04,-1.23,1,,,,B+,,E,48,-75,2,166.02,8.8,85,-,111.6,,,-78.53,9
ESEA,66.38,-0.08,39,80,88,58,B+,A,E,48,-14,60,-0.9,4.8,90,-,60.1,-13.03,-4.66,-12.1,67
FLNG,29.29,2.34,171,38,13,52,B+,B,D-,48,-27,365,-8.94,10.2,28,-,21.5,19.23,36.69,-42.59,462
FRO,36.75,5.91,375,82,76,80,B+,B,D,48,-28,2234,116.25,8.8,50,8/6/2001,19.6,367.96,662.89,1573.33,3101
GASS,8.21,3.14,29,55,64,46,B+,B,E,48,-2,137,1.95,,78,10/6/2005,35.0,1.13,-15.25,-9.09,141
GLBS,3.09,-0.64,4,96,67,96,B+,C,A+,48,3,124,42.42,,2,-,-4.0,406.35,211.11,171.43,146
GNK,24.50,-0.65,252,63,55,74,B+,C,D-,48,-26,260,72.91,5.9,10,3/10/2010,-1.3,5631.39,522.82,192.86,352
GSL,38.11,0.87,77,66,64,58,B+,A,E,48,-44,201,3.72,6.6,88,-,54.3,-3.25,-6.7,-3.4,334
HAFN,7.02,7.01,292,56,62,52,B+,B,D-,48,51,2892,29.14,10.5,55,-,14.2,101.1,265.22,126.84,1916
HMR,1.20,-1.64,2,45,45,63,B+,D,D,48,-75,59,217.24,,12,1/13/2023,-15.5,3775,400,149.16,243
HSHP,14.14,5.52,131,76,62,82,B+,A,E,48,3,334,52.91,,20,-,13.4,381.01,1987.04,173.83,326
HTCO,3.77,-8.27,1,21,47,4,B+,D,D+,48,-73,342,56.84,,17,-,-9.4,,,55.86,1310
ICON,1.04,,,,,,B+,,B+,48,-73,11244,,,,7/12/2024,,,,,209
KEX,129.84,-0.86,660,64,90,51,B+,B,E,48,18,748,7.44,,22,-,14.0,10.81,-2.95,12.78,624
KNOP,9.99,0.91,19,32,17,46,B+,B,E,48,-44,51,9.49,2.0,25,4/10/2013,6.7,0.62,-23.7,-64.95,94
MATX,203.53,-0.19,500,89,45,89,B+,B,A+,48,76,473,-3.09,0.8,35,-,16.0,4.88,27.55,-15.14,266
NCT,3.25,3.50,2,,,,B+,,C,48,-99,176,-5.96,,6,3/28/2025,12.3,,,-7473.37,1026
NMM,72.47,2.01,27,80,78,79,B+,B,E,48,-3,154,17.39,0.3,72,11/13/2007,21.2,72.32,101.73,112.03,132
PANL,6.60,1.23,188,39,50,41,B+,B,E,48,-32,438,38.92,2.9,32,-,3.2,354.6,1286,466.67,620
PSHG,1.64,-2.96,3,,,,B+,,E,48,32,75,58.3,,95,-,59.4,0.78,123.91,-65.79,57
PTLE,7.20,4.65,1,41,74,33,B+,E,C,48,-76,5,-41.4,,18,10/16/2024,-1.6,,,82.68,20
PXS,4.20,1.45,4,,,,B+,,D,48,-44,32,3.86,,40,10/29/2015,5.0,410.53,205.26,228.57,57
RBNE,0.67,-4.32,2,,,,B+,,E,48,-85,84,,,80,-,-0.5,,,,721
RUBI,5.10,-9.41,,,,,B+,,C-,48,-95,41,,,,-,,,,,550
SB,6.40,1.43,151,63,54,70,B+,C,D-,48,-10,635,15.61,3.8,38,5/29/2008,14.0,176.56,2050,260,701
SBLK,25.15,1.37,122,66,69,74,B+,C,E,48,16,1454,34.43,4.2,30,-,8.2,327.54,786.33,900,1279
SHIP,13.43,0.67,30,85,98,79,B+,B,E,48,-36,186,77.03,5.6,70,-,13.4,161.88,411.11,333.33,240
SMHI,7.59,-1.30,137,38,35,55,B+,E,E,48,7,120,-20.21,,4,-,-8.4,-206.6,-376.92,-8.93,112
STNG,73.01,5.00,378,73,76,64,B+,B,E,48,-13,1325,48.39,2.5,45,3/31/2010,36.3,135.79,300.88,193.2,999
SVRN,8.83,10.79,1,,,,B+,,C+,48,-93,7,-0.46,,34,-,-462.4,,,-68.39,20
TK,10.31,3.41,252,48,83,43,B+,D,E,48,-26,435,23.65,,68,7/20/1995,36.6,,,207.32,610
TNK,67.60,5.08,336,64,74,56,B+,B,E,48,3,409,35.56,1.5,62,12/13/2007,36.5,110.36,297.93,204.96,392
TOPS,0.78,-0.89,7,,,,B+,,C,48,-82,159,-16.92,,98,7/23/2004,3.8,,,-244.65,1080
TORO,5.01,,2,42,24,83,B+,C,E,48,-94,32,19.67,,0,-,26.6,,,-643.67,582
TRMD,27.70,5.52,202,60,53,65,B+,B,E,48,-20,764,33.64,19.0,58,-,22.0,144.91,449.73,89.06,959
USEA,2.66,1.14,4,,,,B+,,A+,48,-31,43,2.46,12.0,8,-,-16.4,119.57,-50,104,63
ZIM,25.57,1.35,167,43,8,64,B+,C,C,48,-43,726,-30.4,7.8,15,1/28/2021,9.7,-82.69,-250.29,-128.98,1256
ABBNY,105.91,0.28,45,92,87,89,B+,A,D,49,-34,254,10.07,0.9,26,-,18.8,37.19,17.4,21.67,381
ADSE,12.45,0.16,7,59,49,48,B+,E,A+,49,57,11,-40.63,,17,-,-175.7,,,28.96,7
ALNT,86.89,-11.90,360,90,87,93,B+,C,C,49,20,310,3.19,0.2,22,-,5.2,16.36,,8.7,263
AME,234.62,-1.06,2584,82,79,64,B+,A,D-,49,-18,1042,11.34,0.6,48,-,24.3,9.54,11.81,12.57,1289
AMSC,37.11,-7.04,375,55,68,43,B+,A,E,49,-36,884,29.63,,87,12/12/1991,5.6,-72.08,-30.17,150,1391
APWC,1.60,-1.23,3,,,,B+,,A,49,-96,38,30.08,,91,3/26/1997,1.4,,,170.18,1000
AZZ,150.01,0.07,567,93,92,82,B+,A,C-,49,15,303,9.44,0.6,61,-,25.5,10.47,-4.83,36.73,271
BEEM,1.29,,13,,,,B+,,D+,49,-79,389,-50.54,,36,-,-97.1,51.14,22.62,68.27,1872
BW,11.74,-7.85,100,31,27,72,B+,E,E,49,38,5202,18.32,,47,-,-4.2,128.64,124.5,-463.64,3911
CBAT,0.61,1.68,4,8,12,7,B+,C,E,49,29,163,99.26,,40,-,-5.7,-10,-100,-400,130
DFLI,1.91,0.53,11,,,,B+,,C+,49,-41,267,-27.34,,13,-,-119.5,90.88,94.14,93.12,459
ELBM,0.56,-2.65,8,8,19,20,B+,E,E,49,-61,392,,,91,-,,99.84,24.75,118.87,987
ELPW,1.03,7.80,1,,,,B+,,A,49,-97,446,,,96,-,,,,-154.95,7897
ENGS,2.69,,3,,,,B+,,C,49,453,2391,-25.07,,30,4/1/2025,-30.1,,,-358.47,435
ENS,206.68,-6.25,788,79,78,87,B+,B,E,49,50,755,1.35,0.5,74,7/30/2004,9.3,14.28,36.06,7.41,511
ENVX,5.36,-8.38,250,13,22,18,B+,D,D,49,-6,6431,49.08,,15,-,-496.3,-4.55,-11.93,6.67,6765
EOSE,5.23,-5.77,298,27,49,32,B+,C,E,49,-20,20912,444.74,,9,-,-849.0,95.82,83.88,160,26154
EPOW,0.67,0.26,3,,,,B+,,E,49,7,531,-56.81,,25,2/9/2021,-57.4,,,-90.85,378
EROC,15.47,0.72,,1,8,25,B+,E,,49,-59,1494,,,26,6/10/2026,-32.0,,,,
ETN,398.52,-3.34,3562,83,84,61,B+,A,D-,49,-3,2602,16.84,1.1,43,-,18.0,10.47,4.15,3.31,2723
EVGO,1.87,-1.06,172,24,29,19,B+,D,B+,49,-33,2684,45.48,,43,-,-26.2,-35.38,-36.43,-33.33,4133
EZGO,1.27,-2.31,1,,,,B+,,D,49,-99,81,10.84,,28,1/26/2021,-41.2,,,-996.29,4730
FELE,105.14,-0.13,548,81,78,57,B+,B,B-,49,-3,300,9.93,1.0,57,-,9.1,10.89,10.29,23.88,315
FLUX,0.90,-7.37,11,,,,B+,,D,49,36,154,-60.65,,62,-,-10.1,9.17,-52.38,-25,115
FPS,46.86,-6.09,,49,46,78,B+,D,E,49,425,32150,103.36,,55,2/5/2026,3.0,1244.35,,283,6199
GNRC,252.66,-6.50,1079,79,63,89,B+,C,D+,49,47,1361,12.44,,35,2/11/2010,4.7,41.66,21.4,42.86,918
GPUS,0.14,-7.84,13,35,74,10,B+,E,C,49,-20,93624,76.17,,21,12/17/1996,-63.9,,,85.97,115907
GTES,26.69,-1.69,711,69,64,69,B+,C,D,49,-10,1932,0.41,,78,1/25/2018,9.9,7.45,6.68,-2.78,2087
GWH,0.86,-5.27,19,,,,B+,,D,49,-43,500,-78.63,,0,-,-4007.6,61.29,51.11,64,892
HUBB,487.10,-0.62,2228,71,87,47,B+,A,E,49,47,1018,11.1,1.1,52,-,19.1,8.72,9.12,12.29,682
INIO,36.95,-3.09,,1,8,44,B+,E,,49,-5,7941,,,70,6/4/2026,7.0,78.72,,,
KULR,3.85,-0.52,89,34,9,58,B+,C,B-,49,-29,1741,97.81,,4,-,-382.8,64.74,,-8.93,2542
LNKS,1.62,0.62,2,,,,B+,,D+,49,-99,85,3.97,,34,12/5/2024,-21.8,,,-12311025.69,2813
MVST,1.12,-6.67,238,6,6,4,B+,C,E,49,-35,3065,-47.97,,94,-,-8.1,175,-110,-166.67,4893
NJDCY,3.78,26.00,7,36,28,50,B+,C,D+,49,101,13,0.51,1.1,70,-,9.1,-30.72,-6.81,5.36,13
NVT,152.15,-4.90,1163,91,95,90,B+,A,E,49,36,2948,53.47,0.5,17,-,14.1,36.75,34.32,62.69,2191
NVX,0.45,1.56,5,5,25,3,B+,E,E,49,-45,199,-9.59,,2,-,-1666.2,,,-1.93,355
OESX,11.69,-4.02,26,,,,B+,,C+,49,-52,25,23.15,,57,12/19/2007,-3.6,147.57,116.67,56.67,52
POLA,1.67,-2.91,6,,,,B+,,C-,49,-82,41,0.29,,8,12/7/2016,-144.9,,,89.84,224
POWL,246.33,-7.00,537,89,85,95,B+,A,E,49,-97,937,6.45,0.1,9,-,21.1,10.3,11.27,-1.57,736
PPSI,3.65,-3.95,26,22,4,49,B+,E,C-,49,-40,153,-36.71,,38,-,-23.1,19.83,-18.18,-155.56,260
RAYA,2.79,1.09,2,,,,B+,,D,49,-95,560,-23.15,,42,12/14/2022,-6.0,,,-3806.44,55
ROK,471.70,-2.30,2737,96,86,83,B+,B,B+,49,10,834,11.89,1.2,30,-,11.0,23.36,19.58,34.69,821
RRX,218.45,-4.76,883,65,47,84,B+,C,D,49,38,1591,4.3,0.6,65,-,5.9,10.34,4.38,0.93,1135
SBGSY,62.93,0.37,39,75,60,67,B+,A,D,49,28,504,7.93,1.1,39,-,15.3,11.42,,-2.08,410
SDST,1.70,-0.58,12,,,,B+,,E,49,-72,44,,,98,-,,28.64,35,24.29,156
SEI,67.19,-8.49,473,80,70,88,B+,A,E,49,70,3938,55.34,0.6,0,5/12/2017,11.8,104.71,22.47,113.54,2374
SES,0.88,-7.47,93,15,52,14,B+,D,E,49,-1,9978,15.85,,11,-,-346.7,-4.17,34.86,25,10840
SKYX,1.04,-7.14,82,14,41,15,B+,D,E,49,-41,1135,9.45,,32,2/10/2022,-36.3,30.73,32.14,22.22,1925
SLDP,2.52,-2.70,216,9,33,13,B+,E,E,49,-32,4701,-48.92,,6,-,-429.9,14.71,14.29,25,6911
SOTGY,74.01,-6.25,1,59,98,28,B+,A,E,49,-67,0,22.24,,83,-,12.1,,,85.14,0
TURB,1.51,-1.95,1,,,,B+,,B,49,-90,63,232.03,,58,9/22/2023,-7.8,,,176.77,715
VRT,300.53,-3.50,3099,92,99,91,B+,A,E,49,-8,5905,30.13,0.1,4,-,17.0,54.53,49.36,82.81,6521
WBX,4.16,22.35,3,41,17,72,B+,E,A-,49,0,191,-18.01,,23,-,-71.0,44.37,13.77,-31.38,175
XPON,0.45,-3.61,5,,,,B+,,E,49,-57,62,-23.59,,19,4/1/2022,-64.6,,,54.47,146
YASKY,85.38,-5.33,4,73,32,94,B+,C,C+,49,-12,11,0.71,0.7,13,-,9.0,,,-16.91,14
AAGIY,37.17,0.73,24,49,80,23,B+,A,E,50,-2,444,13.68,2.6,27,-,21.3,26.03,,9.05,482
AAME,1.71,1.79,22,20,59,6,B+,C,E,50,-6,11,20.76,,82,-,-2.8,,,127.5,12
ACGL,102.20,3.70,2231,92,96,51,B+,A,B+,50,-9,2237,-3.7,,64,9/14/1995,23.0,-5.84,-5.81,62.34,2428
ACIC,11.54,1.41,202,58,38,34,B+,A,A,50,-4,283,-24.49,,91,-,42.5,-54.09,-23.15,-7.14,300
AEG,8.66,1.17,65,58,17,68,B+,B,C-,50,32,6374,59.01,4.5,44,-,1.6,52.11,,-41.3,4781
AFG,142.75,1.44,883,83,71,51,B+,B,A+,50,75,941,5.32,2.5,38,-,13.2,13.38,9.55,36.46,506
AFL,120.88,2.02,2010,81,70,56,B+,B,B-,50,-33,1762,0.46,2.0,24,-,26.4,-5.66,-0.06,5.42,2603
AGO,83.67,2.80,523,77,74,34,B+,A,A+,50,-25,325,-24.35,1.9,60,4/23/2004,60.5,-20.55,44.27,-21.38,442
AIFU,42.15,-3.10,4,12,2,38,B+,E,D+,50,-86,24,-59.18,,0,10/31/2007,-408.4,,,-974.25,7
AIG,79.39,3.66,2245,70,94,37,B+,C,C,50,-23,3492,-1.96,2.6,61,-,14.5,13.78,7.78,80.34,4701
AII,19.27,1.26,158,26,13,30,B+,C,C,50,-29,89,3.7,,96,5/8/2025,41.6,-53.18,-51.72,-47.07,127
AIZ,279.48,1.95,1196,99,96,80,B+,B,A+,50,-39,277,11.26,1.3,46,2/5/2004,8.5,6.42,1.26,75.52,458
AJG,252.44,5.33,2348,82,87,39,B+,A,A+,50,41,2741,27.86,1.2,9,6/20/1984,13.4,23.77,21.11,21.8,1870
ALIZY,47.88,1.72,19,90,95,61,B+,C,B,50,15,265,9.19,3.0,43,-,10.8,5.95,-4.16,57.71,248
ALL,250.33,2.97,2555,97,79,73,B+,A,A+,50,-12,1602,2.29,1.8,88,6/3/1993,19.4,-13.29,-13.17,201.7,1763
AMSF,34.99,1.83,355,41,23,25,B+,B,A+,50,-48,127,5.63,4.9,22,11/18/2005,18.6,-4.06,-2.49,-16.67,253
AON,357.46,4.05,2586,88,79,44,B+,A,A+,50,-24,1183,6.45,1.0,12,-,27.5,12.09,9.21,14.29,1653
ARX,13.77,7.24,144,14,30,21,B+,E,E,50,-1,1673,158.81,,21,7/24/2025,-255.8,-21.17,334.83,373.39,1693
ASIC,25.42,4.31,126,84,61,77,B+,B,C,50,-25,56,71.95,,35,6/11/2025,22.6,23.84,15.24,183.7,76
AXAHY,50.14,0.93,12,91,97,51,B+,A,B-,50,-67,61,20.35,4.5,71,-,8.9,4.39,,76.85,187
AXS,113.36,3.93,796,95,84,56,B+,A,A+,50,19,754,7.98,1.6,73,7/1/2003,18.7,2.78,4.71,7.89,652
BHF,64.01,0.20,446,75,57,50,B+,C,A+,50,5,496,-3.42,,97,-,7.0,-32.47,35.06,8.48,489
BNT,43.32,1.26,205,19,1,37,B+,C,E,50,-31,14,-38.54,0.6,18,-,8.3,,,,23
BOW,31.48,0.90,225,79,45,67,B+,B,A+,50,-27,153,23.96,,18,5/23/2024,12.3,20.1,27.06,41.18,211
BRO,70.00,3.92,1693,72,86,24,B+,A,A+,50,-29,2383,35.4,1.0,25,-,23.2,6.01,5.86,7.75,3346
BWIN,28.41,5.57,344,77,79,56,B+,C,A+,50,-9,1749,28.74,,19,10/24/2019,-3.5,20.49,12.08,-3.08,1731
CB,361.17,2.68,3195,97,96,65,B+,A,B+,50,-9,1499,10.75,1.2,41,3/25/1993,21.8,9.35,9.47,85.33,1702
CCG,0.49,0.33,4,16,41,4,B+,E,D+,50,-35,94,-11.03,,19,-,-0.6,140.91,,136.47,149
CIA,5.94,-0.17,106,84,70,73,B+,C,B+,50,-31,77,2.09,,13,-,6.8,7.14,-12.5,119.85,109
CINF,192.03,2.57,1705,99,97,74,B+,A,A+,50,-3,798,11.09,2.0,14,-,23.6,9.21,-10.45,975,749
CNA,51.17,3.08,273,77,47,54,B+,B,A+,50,7,616,-28.37,4.0,54,-,10.8,-17.34,-14.23,-19.42,570
CNO,52.43,0.69,559,95,92,81,B+,C,B,50,-18,628,2.54,1.4,50,9/11/2003,6.5,1.41,14.92,32.91,820
CRBG,29.76,3.55,997,50,32,51,B+,D,A,50,-54,3021,-13.75,3.5,86,9/15/2022,-3.0,6.08,-16.02,-9.48,6608
CRD.A,11.38,-0.44,160,60,36,48,B+,C,A,50,-67,23,-0.8,2.5,37,-,2.6,0.73,18.18,-23.81,70
CRD.B,10.49,-1.13,53,53,36,35,B+,C,A,50,-66,2,-0.8,2.8,47,-,2.6,0.73,18.18,-23.81,6
DGICA,19.29,0.26,230,48,13,44,B+,C,A,50,-23,107,-3.16,4.1,53,-,10.0,-20.12,-2.33,-55.56,139
DGICB,22.97,,17,64,13,79,B+,C,A,50,-92,0,-3.16,2.9,40,10/29/1986,10.0,-20.12,-2.33,-55.56,2
EG,371.35,3.17,1817,89,91,57,B+,B,B,50,-5,389,-4.57,2.3,84,10/3/1995,10.8,17.39,-17.9,149.3,411
EHTH,1.60,-6.43,142,31,32,24,B+,C,A-,50,-1,417,-22.19,,88,10/13/2006,10.6,-69.81,33.25,35.38,429
EIG,51.93,1.39,346,66,13,73,B+,C,A+,50,-24,198,2.47,2.7,1,1/31/2007,1.4,140.52,18.27,-39.08,261
ERIE,259.25,4.01,1080,64,70,25,B+,A,A+,50,-19,180,2.28,2.5,7,-,17.5,18.43,0.3,8.68,221
EVER,24.86,0.53,352,86,58,65,B+,A,A,50,-51,465,14.54,,74,6/28/2018,8.9,-20.1,34.07,20.89,960
EZRA,3.08,-4.94,4,,,,B+,,D,50,-64,103,-9.66,,6,-,-56.2,,,86.99,118
FAF,69.48,-1.39,706,91,98,59,B+,B,B-,50,-23,1051,16.16,3.3,55,-,11.1,11.33,29.55,70.42,1011
FG,27.94,2.46,452,47,54,34,B+,C,C+,50,-44,463,2.93,3.6,81,-,5.6,6.63,11.56,13.89,832
FNF,48.84,1.90,1251,65,83,28,B+,B,B,50,40,2422,18.21,4.5,62,-,9.6,4.94,20.91,23.68,1638
FRFHF,1682.03,0.98,1360,61,64,28,B+,B,B-,50,-22,9,3.96,0.9,75,-,12.3,-6.86,28.32,-27.14,10
GBLI,25.05,0.08,16,40,84,17,B+,C,D-,50,563,44,-2.25,5.6,65,12/16/2003,7.4,38.02,0.7,238.33,6
GL,180.49,0.23,1104,99,88,83,B+,A,A+,50,6,651,5.35,0.7,48,-,24.0,7.7,12.38,11.73,623
GLRE,16.37,0.06,188,54,47,46,B+,B,C,50,-23,144,-8.07,,83,5/24/2007,6.1,-17,-3553,22.09,191
GNW,9.61,0.63,480,65,29,61,B+,D,A,50,-26,2035,-0.5,,8,5/25/2004,6.2,21,-40.62,59.27,2796
GOCOQ,0.40,,79,,,,B+,,D,50,-80,73,-94.61,,2,7/15/2020,-138.5,63.99,57.5,-353.52,437
GSHD,52.69,4.11,341,67,85,31,B+,B,A+,50,9,570,23.14,,5,4/27/2018,13.9,17.33,2.13,42.31,519
HCI,182.64,2.24,412,78,51,53,B+,A,A,50,-2,183,12.22,0.9,78,-,47.6,-23.32,-2.59,1.87,188
HG,34.44,1.95,381,95,80,78,B+,A,B,50,1,530,11.48,,90,11/10/2023,30.1,-6.32,-24.78,248.94,494
HGTY,12.39,2.74,126,66,37,54,B+,B,B+,50,-20,130,-2.43,,4,-,9.6,-124.52,-160.6,-150,163
HIG,137.85,2.96,2764,83,97,40,B+,A,C,50,4,1787,6.11,1.8,63,-,16.8,-4.64,-5.53,40.45,1786
HIPO,28.93,-1.40,222,51,28,38,B+,B,A,50,28,174,10.15,,85,-,13.5,-86.4,-465,114.14,140
HIT,1.01,-4.72,10,13,9,12,B+,C,C,50,-79,50,9.79,,12,12/23/2024,5.0,-383.33,-366.67,-442.95,216
HMN,53.85,2.34,447,97,89,73,B+,B,A+,50,-6,238,-24.83,2.8,51,11/15/1991,11.8,-3.89,-25.67,19.63,257
HRTG,27.12,1.16,340,70,60,38,B+,A,B,50,-18,397,0.54,,96,5/23/2014,30.6,-31.7,-22.8,20.2,497
HUIZ,1.16,4.05,3,,,,B+,,D+,50,-87,2,43.85,,0,2/12/2020,0.7,-91.17,,102.45,12
IGIC,27.66,2.48,40,91,72,60,B+,B,A+,50,43,92,-2.56,1.1,59,-,24.6,0.34,-13.42,-16.95,64
ITIC,281.21,0.65,193,97,94,72,B+,B,A+,50,258,131,13.17,0.7,31,-,16.3,,,91.43,37
JRVR,4.46,1.59,188,17,31,10,B+,D,C,50,-21,375,-10.66,0.9,98,12/12/2014,7.3,-19.38,5.6,-28.9,483
JXN,104.47,-0.06,662,53,85,39,B+,C,E,50,-24,463,-22.61,3.4,94,-,-1.7,0.27,15.39,0.98,625
KG,10.16,7.17,95,25,65,13,B+,D,D,50,85,27,-27.45,,99,5/6/2008,145.6,,,45.05,15
KINS,20.12,2.18,172,86,28,83,B+,A,A+,50,37,189,0.34,1.1,66,-,25.9,-6.81,26.67,-336.38,136
KMPR,28.83,2.02,406,13,6,11,B+,C,B,50,-1,1156,-7.19,4.8,33,-,3.4,-44.82,-73.92,-87.27,1222
KNSL,354.85,2.77,643,80,96,26,B+,A,A+,50,0,333,5.65,0.3,20,7/28/2016,33.9,6.43,6.52,37.74,338
L,116.52,2.10,1521,84,71,58,B+,B,B,50,-27,645,1.36,0.2,36,-,12.0,,,-5.12,895
LIFE,19.59,1.19,53,43,20,74,B+,C,D-,50,-34,350,103.5,,82,1/29/2026,19.5,-321.2,-82.61,-1932.65,534
LMND,71.52,3.16,329,66,54,68,B+,C,B,50,23,2080,70.63,,8,7/2/2020,-26.1,22.14,5.51,45.35,1602
LNC,37.00,2.13,604,31,27,34,B+,B,E,50,-21,1416,13.11,4.9,95,-,7.1,-6.7,-14.7,3.75,1797
MBI,6.80,0.74,125,51,42,57,B+,E,A,50,19,431,0,,28,6/30/1987,-226.3,-162.78,70.59,0,352
MCY,110.48,1.79,450,94,67,81,B+,A,B+,50,14,307,17.94,1.2,77,11/20/1985,11.1,45.57,-5.43,252.84,273
MET,90.06,3.28,2501,92,88,70,B+,B,B,50,-12,3146,2.72,2.8,62,4/5/2000,6.0,12.28,17,23.47,3615
MFC,41.18,1.13,1762,89,56,73,B+,A,A,50,-16,1580,481.33,3.0,38,9/24/1999,11.6,4.66,14.93,8.38,2249
MKL,1979.65,3.29,1267,78,93,36,B+,B,B,50,11,92,-16.95,,52,12/12/1986,16.5,-36.94,-39.46,92.57,81
MRSH,178.54,3.72,3062,77,81,28,B+,A,A+,50,-27,2068,7.59,2.1,17,-,20.5,6.67,6.85,7.52,2826
MSADY,27.40,2.45,3,79,91,59,B+,A,E,50,-18,71,-0.51,2.9,76,-,9.9,-13.78,-55.07,17.28,90
MTG,28.23,0.36,758,73,64,40,B+,B,B,50,-17,1704,-2.99,2.2,70,8/7/1991,76.5,-2.84,-6.71,1.33,2033
MURGY,11.44,2.23,10,66,97,21,B+,B,B,50,-39,657,2.25,3.2,68,-,11.6,4.96,-22.75,83.42,1152
NODK,16.09,0.31,126,75,45,73,B+,D,A+,50,7,25,-16.56,,11,3/16/2017,-4.3,,,95.11,24
NP,33.22,-2.47,123,73,48,74,B+,C,C,50,4,910,28.76,,2,10/1/2025,33.6,30.18,71.05,24.97,906
ORI,41.87,2.07,714,61,47,38,B+,A,B,50,97,3138,13.5,3.1,32,-,13.0,0.78,-5.49,-16.05,1588
OSCR,32.18,0.88,422,87,32,97,B+,C,A+,50,-17,7251,52.91,,8,3/3/2021,-3.7,161.7,140.47,125,7806
OSG,6.34,-0.78,181,61,77,44,B+,D,A,50,-44,368,27.57,,5,-,-40.2,180.46,97.73,384.62,683
OXBR,1.28,0.79,10,,,,B+,,A+,50,144,102,-9.97,,77,-,-134.4,71.43,112,100.01,135
PFG,110.87,1.78,1826,93,82,80,B+,C,B+,50,-10,1213,-4.51,3.0,39,-,9.1,12.89,7.53,14.36,1325
PGR,232.22,3.12,3513,87,82,44,B+,A,A+,50,-8,3106,6.46,0.2,42,-,16.2,-4.4,-5.26,-1.28,3221
PLGO,25.56,2.32,248,96,75,86,B+,B,A+,50,-29,316,179.53,2.4,80,6/29/2023,11.1,90.37,685.82,329.27,452
PLMR,140.00,4.72,549,94,95,55,B+,A,A,50,23,353,42.44,,21,4/17/2019,28.9,25,26.93,23.53,287
PNGAY,13.36,1.98,18,33,59,22,B+,B,E,50,89,350,-0.98,5.1,92,-,18.2,10.77,,-29.4,192
PRHI,5.12,1.03,8,,,,B+,,B-,50,-99,3,-27.26,,1,8/13/2015,-42.3,,,256.94,15
PRI,297.06,1.86,701,97,92,62,B+,A,A+,50,-23,166,8.6,1.7,46,4/1/2010,29.1,6.63,8.82,18.73,207
PRU,112.95,1.69,2048,83,84,55,B+,C,A,50,-36,1542,15.26,5.2,79,12/13/2001,7.7,-4.57,-6.06,9.73,2124
PUK,27.56,-0.47,59,66,93,33,B+,A,E,50,-27,813,69.66,1.9,69,6/29/2000,17.1,22.89,,30.58,1139
RDZN,1.34,-4.29,10,22,10,64,B+,D,E,50,-42,479,41.36,,5,-,-41.8,75.86,20,-1415.6,805
RGA,221.00,2.48,948,86,94,54,B+,B,C+,50,-4,382,23.46,1.7,67,5/4/1993,6.5,18.13,38,23.14,372
RLI,62.52,3.07,537,82,85,36,B+,A,A+,50,6,1092,2.6,1.3,16,-,27.1,-20.3,-15.52,-9.78,1028
RNR,326.29,2.98,921,97,98,67,B+,A,B+,50,-15,319,-22.22,0.5,88,7/26/1995,31.4,4.29,-9.26,1022.82,377
ROOT,61.73,2.87,242,51,34,41,B+,A,A+,50,4,298,12.62,,15,10/28/2020,2.7,29.75,-43.1,95.33,287
RYAN,42.03,5.00,508,76,83,38,B+,A,A+,50,-10,2839,15.22,1.3,11,7/22/2021,9.6,4.27,-8.91,20.51,2834
SAFT,77.47,1.59,351,81,80,39,B+,B,A+,50,4,118,0.27,4.9,12,11/22/2002,9.4,-17.96,37.93,-156.25,114
SIGI,100.15,2.17,607,92,66,77,B+,B,A+,50,-33,402,-1.2,1.8,34,-,11.1,5.45,24.77,-3.98,615
SKWD,61.42,3.21,392,99,97,79,B+,A,A+,50,128,1083,24.73,,30,1/13/2023,15.3,22.82,32.77,38.89,483
SLDE,21.25,6.30,241,67,33,65,B+,A,C,50,154,3411,47.3,,89,6/18/2025,51.0,5.17,41.28,-88.59,1365
SLF,79.65,1.01,1510,93,67,80,B+,B,A+,50,-8,546,-18.39,2.9,29,-,11.4,5.08,8.47,6.08,703
SLQT,0.79,-10.83,159,22,15,27,B+,B,D,50,-43,1343,5.58,,79,5/21/2020,3.2,-119.64,-725,0,2400
SMPNY,20.26,3.21,3,94,98,64,B+,C,A-,50,-46,85,24.89,1.6,72,-,13.7,,,193.38,178
SPNT,24.63,3.71,442,88,69,69,B+,A,B,50,-25,606,1.85,,71,8/15/2013,16.9,0.95,-2.15,42.86,797
SSREY,40.58,1.68,1,42,35,28,B+,B,A,50,-44,37,-3.59,3.2,44,-,12.7,1.97,18.04,70.18,66
STC,67.96,0.56,446,86,98,41,B+,B,A,50,-7,182,27.84,3.1,45,-,5.7,21.97,23.23,212,215
THG,221.61,2.24,687,89,46,78,B+,B,A+,50,46,441,3.24,1.8,54,10/11/1995,12.8,-2.94,-9.25,35.66,310
TIRXF,0.00,-83.33,,,,,B+,,D-,50,-99,2,1483.06,,4,1/27/2021,-122.5,,,89.14,181
TKOMY,46.96,6.00,6,68,58,52,B+,A,D+,50,-38,59,-0.79,2.7,29,-,8.6,-1.97,-41.36,-25.99,103
TRUP,26.91,2.91,329,55,83,15,B+,C,A+,50,-11,370,12.3,,4,7/18/2014,1.5,20.37,-48.48,466.67,411
TRV,342.31,2.30,2811,98,98,70,B+,A,A+,50,-17,1459,-1.68,1.5,58,-,16.0,2.37,-22.62,303.66,1716
TWFG,25.80,2.83,90,75,67,52,B+,B,A,50,-61,101,35.33,,6,7/18/2024,17.9,16.15,24.12,81.25,248
UFCS,53.93,0.95,354,95,58,92,B+,B,A+,50,-8,130,11.21,1.5,56,5/11/1971,10.7,-1.74,-22.96,65.71,143
UNM,92.34,1.03,835,87,65,72,B+,C,A,50,-36,926,8.53,2.0,49,-,7.2,8.09,4.28,4.9,1422
UVE,43.01,1.82,379,92,70,85,B+,A,B-,50,81,357,8.45,1.6,87,12/16/1992,15.2,-25.4,31.3,38.89,214
VOYA,94.37,1.79,777,95,71,82,B+,B,A+,50,-12,1186,3.15,2.1,57,5/2/2013,10.2,8.28,-3.41,13,1351
WDH,1.20,3.45,12,46,97,9,B+,A,E,50,-29,149,87.34,4.3,3,5/7/2021,13.7,702.21,,59.4,197
WRB,72.08,2.01,1712,86,87,43,B+,A,A-,50,-20,1941,3.41,0.6,26,10/24/1973,15.5,8.01,3.89,28.71,2242
WTM,2173.81,5.32,414,71,66,47,B+,A,C,50,29,26,-10.8,,93,10/23/1985,46.0,-68.85,57.07,-195.45,21
WTW,286.22,4.06,2091,63,77,23,B+,B,A,50,-28,585,8.5,1.4,23,6/12/2001,20.1,14.39,9.49,18.85,800
YB,15.02,-0.79,5,13,6,11,B+,A,E,50,58,61,45.71,8.5,10,4/30/2025,32.2,606.08,,-79.25,39
ZBAO,0.44,-2.87,1,,,,B+,,D+,50,-62,453,41.79,,15,4/2/2024,-23.3,,,-253.6,346
AMCR,45.00,3.12,1558,72,56,54,B,B,A-,51,-17,3744,77.44,6.0,81,-,4.3,11.84,19.27,6.67,3955
ATR,126.98,1.38,710,58,64,31,B,B,B,51,-30,468,10.77,1.5,25,-,13.0,-4.23,-18.33,-0.83,525
AVY,166.97,2.36,1772,53,64,28,B,B,C,51,-24,658,6.99,2.4,44,-,10.4,5.22,1.9,7.39,717
BALL,63.39,2.66,1862,84,86,60,B,B,C+,51,-37,1886,16.34,1.3,50,-,8.6,12.14,9.1,23.68,3146
CCDBF,65.80,1.23,1033,60,70,49,B,B,E,51,-36,7,7.48,1.6,38,-,14.0,,,6.81,14
CCK,113.29,1.72,1117,89,82,59,B,B,B+,51,-1,1152,12.89,1.3,69,-,9.4,4.17,0.35,11.38,1181
GEF,75.18,0.49,453,56,21,59,B,D,B+,51,-18,182,,3.3,79,-,2.6,94,,,229
GEF.B,92.57,-0.52,194,60,21,66,B,D,A-,51,17,82,,4.0,79,-,2.6,94,,,70
JBDI,1.21,-6.20,1,,,,B,,C-,51,-97,32,,,,8/27/2024,,,,,139
KRT,34.25,1.24,190,94,63,81,B,A,A+,51,45,161,12.86,5.7,31,4/15/2021,9.2,9.11,-17.54,3.03,111
MYE,31.54,-7.45,278,90,70,94,B,C,A-,51,127,835,-20.4,1.7,12,-,5.5,47.27,16.13,100,380
OI,9.79,2.09,472,23,43,13,B,D,C+,51,-45,1730,-1.72,,94,12/11/1991,-0.8,-25.42,-44.32,-87.5,3107
PACK,6.55,-5.21,170,58,20,87,B,D,C+,51,-19,559,10.96,,5,-,-12.0,58.89,16.67,7.69,679
REYN,27.18,0.18,410,92,75,75,B,B,A+,51,8,1424,7.21,3.4,62,1/31/2020,10.6,-2.22,3.5,21.74,1271
SLGN,46.39,0.61,518,64,40,57,B,B,A,51,22,1090,6.45,1.8,75,2/13/1997,6.3,2.35,-5.05,-4.88,864
SLVM,38.54,2.91,452,10,11,16,B,C,E,51,-40,257,-8.04,4.6,56,-,5.9,-34.89,25.68,-177.94,381
SON,57.42,2.26,586,81,51,64,B,B,A,51,-56,684,-1.94,3.9,88,-,10.2,1.98,8.84,-13.04,1491
SW,45.93,-0.35,2261,62,30,60,B,B,A-,51,-25,4948,0.73,3.9,0,-,3.1,12.77,970.57,-54.79,5642
TRS,42.01,-2.93,334,65,38,68,B,C,B,51,-38,343,-30.37,0.4,19,5/18/2007,3.8,-19.95,-19.1,-47.83,522
UFPT,272.36,1.37,398,94,64,81,B,A,A+,51,12,244,4.09,,6,12/16/1993,13.7,8.6,-7.8,-9.31,218
ABVEF,0.09,-5.56,4,14,34,1,B,E,D,52,-99,33,,,,-,,,,67.69,4160
AGRO,9.64,1.69,54,16,3,32,B,C,D,52,-54,505,116.08,3.7,52,1/28/2011,-0.5,1161.42,291.67,-1226.51,1036
AGRZ,0.40,3.53,1,,,,B,,C,52,-87,56,,,91,10/1/2025,15.5,,,,621
ALCO,41.80,0.97,151,35,15,53,B,E,C-,52,11,23,-70.3,0.5,9,-,-421.9,98.32,69.25,111.13,22
AVO,12.49,0.40,276,45,57,31,B,C,D,52,-18,1186,-23.51,,25,10/1/2020,4.5,-22.15,-49.04,-91.67,1458
BG,106.46,1.50,1655,35,30,48,B,B,E,52,-7,1767,87.76,2.6,38,8/2/2001,1.6,23.97,48.71,1.1,1739
BIOX,0.33,-3.95,19,,,,B,,E,52,-63,117,-34.98,,48,-,-16.9,80.48,-141.53,-659.54,306
CALM,83.85,4.23,586,58,45,32,B,A,A+,52,11,863,-52.95,6.0,88,12/12/1996,37.6,-69.24,-94.07,-89.79,759
CBUS,1.39,-2.11,34,21,65,16,B,E,E,52,-67,106,62.57,,0,7/20/2017,-3632.1,56,55.74,75.37,317
CTVA,85.80,2.71,2220,80,76,56,B,C,B-,52,0,3168,10.97,0.9,12,-,9.7,12.21,0.79,32.74,3944
DAR,56.53,-0.09,959,55,47,65,B,C,D,52,22,3285,12.33,,0,-,1.0,1041.62,1491.47,618.75,2446
DMC,28.22,2.14,437,33,80,11,B,D,E,52,-33,340,-4.94,4.1,75,10/23/1997,3.0,-41.58,-56.91,0,522
DOLE,14.02,2.11,276,30,37,30,B,C,E,52,-9,1071,11.56,2.4,50,7/30/2021,1.8,13.74,-17.27,-5.71,1173
EDBL,0.13,-22.46,4,,,,B,,E,52,-28,9377,22.92,,17,-,-135.3,99.29,99.6,78.74,13184
EVGN,0.43,-2.56,4,,,,B,,E,52,-94,76,-86.33,,4,11/21/2013,-349.3,-57.76,46,-57.89,1345
LMNR,13.22,-1.89,155,24,5,24,B,E,A+,52,-48,52,-31.87,2.2,26,-,-13.2,56.12,1033.34,-70.59,99
LND,3.60,0.28,5,19,29,23,B,D,E,52,-3,65,-7.55,3.4,74,-,14.5,,,58.62,67
LOCL,1.27,-2.31,8,33,73,22,B,D,D,52,-90,178,14.92,,22,-,-195.1,,,87.73,1769
MGN,0.13,0.08,1,12,7,10,B,D,C,52,-90,1387,-40.74,,57,9/26/2025,5.2,,,-158.62,14763
PFAI,3.52,-6.26,,,,,B,,E,52,-51,2,,,30,4/22/2025,-52.9,,,,3
RKDA,0.73,-2.14,6,,,,B,,D,52,-99,42,-8.33,,13,5/15/2015,-48.0,,,-211.05,3811
SEED,1.04,-3.26,2,,,,B,,C-,52,-18,19,-29.77,,39,-,-63.8,,,64.99,25
TULP,3.75,3.31,7,,,,B,,E,52,-10,4,16.02,,35,6/25/1991,-24.4,,,-270.09,4
VFF,1.95,-2.01,34,21,54,16,B,D,E,52,5,1282,-34.82,,62,-,14.5,-12.5,-83.33,133.33,1229
AAOI,120.95,-12.99,456,50,24,96,B,C,E,53,28,16037,51.36,,37,9/26/2013,-10.3,497.38,109.58,-250,12618
ADTN,12.71,-6.82,343,66,84,66,B,D,D,53,-32,1771,15.48,,55,8/10/1994,-2.9,128.8,2524.14,366.67,2708
BDC,115.41,-1.24,640,50,74,31,B,A,E,53,7,633,11.44,0.2,91,11/24/1993,9.8,5.64,6.76,10.62,586
CIEN,422.46,-8.65,2185,83,96,87,B,B,E,53,-24,2155,39.51,,18,2/7/1997,3.3,147.48,156.84,290.48,2938
CLFD,33.97,-11.77,200,35,21,56,B,D,C-,53,-36,210,-27.09,,42,8/6/1986,5.8,190.95,75,-144.44,334
CMTL,1.93,-8.53,65,10,34,7,B,D,E,53,-15,541,-16.39,,21,-,-31.1,65.32,-51.28,4.08,617
ECHO,101.50,0.61,1395,25,19,51,B,D,E,53,-55,4013,-5.23,,11,-,-125.9,99.84,79.9,28.17,9319
FEIM,64.59,-1.82,172,57,7,92,B,A,E,53,48,268,-10.76,,27,-,17.4,-72.18,-22.06,-90,185
FKWL,2.54,-0.39,27,,,,B,,E,53,-86,5,-57,,63,-,-0.4,195,91.24,-15.88,33
GILT,12.88,-3.08,123,64,98,43,B,B,E,53,-32,654,20.03,,82,3/26/1993,4.2,-7.29,-47.62,500,948
HLIT,14.07,-10.84,402,81,66,89,B,C,B-,53,-13,2930,-8.59,,73,5/22/1995,2.5,36.52,87.04,54.55,3374
LITE,728.32,-9.09,2189,83,91,86,B,B,E,53,-12,5229,90.12,,9,-,-10.5,298.06,235.25,315.79,5968
OCC,16.00,-10.41,41,80,56,98,B,C,B,53,-46,470,26.58,,0,-,-1.9,265.9,,234.08,879
OPTX,10.88,-10.64,16,45,17,98,B,E,E,53,-33,786,-7.86,,26,-,-4.8,,,-377.16,1200
PLPC,368.77,-6.29,301,68,35,93,B,B,E,53,-6,108,18.67,0.2,45,-,6.8,12.07,-6.52,-7.46,115
RFIL,17.81,-10.28,60,83,73,97,B,C,D,53,-7,281,9.48,,64,-,1.0,72.5,100,100,299
SIDU,2.65,-2.93,20,51,58,87,B,E,E,53,-45,11903,50.68,,0,12/14/2021,-871.0,46.73,,77.14,22230
TSAT,46.23,-1.39,68,41,9,91,B,E,E,53,-44,152,-24.48,,5,-,-143.0,28.65,-189.03,-185.08,270
VIAV,41.66,-11.49,659,82,93,94,B,C,E,53,-5,7084,42.84,,36,11/17/1993,3.6,99.52,129.36,80,7998
ACCL,1.72,2.38,1,,,,B,,E,54,-97,124,0.85,,0,10/17/2025,23.6,,,-83.3,545
ADP,242.27,2.77,3255,79,81,38,B,A,A+,54,-26,2493,6.95,3.0,56,-,25.8,10.6,14.76,10.13,3026
ARMK,56.29,0.34,732,95,78,87,B,C,A+,54,-32,1961,12.31,0.9,33,12/12/2013,2.3,22.16,20.43,41.18,2975
BBSI,37.91,0.48,313,65,41,51,B,B,A+,54,4,245,4.92,0.9,44,6/11/1993,5.8,-26.32,-20.71,-1375,242
CNDT,1.51,2.72,215,38,56,24,B,D,B+,54,-45,745,-5.19,,14,-,-5.3,1.55,-33.33,46.15,1396
CTAS,181.37,4.10,2802,78,85,32,B,A,A,54,-1,2422,8.9,1.0,22,8/19/1983,21.9,11.28,13.91,9.73,2117
EXLS,27.02,0.86,730,49,90,9,B,A,D,54,-2,2633,13.84,,78,10/20/2006,15.1,14.62,11.73,20.83,2736
G,29.10,2.97,936,31,61,8,B,A,E,54,-43,1782,6.68,2.6,89,8/2/2007,14.4,11.61,9.64,16.67,3077
HCSG,25.15,0.16,442,98,97,87,B,C,A,54,-6,700,3.37,,67,11/22/1983,3.7,-1.59,6.93,60.87,748
HQY,95.31,3.27,785,91,96,48,B,A,A+,54,-2,986,7.21,,61,7/31/2014,21.1,17.95,10.14,27.84,1007
NSP,45.37,2.95,358,50,11,66,B,C,A+,54,-21,612,1.72,5.8,6,1/28/1997,-0.1,99.42,40.7,-16.56,801
PAYX,106.35,3.54,2376,77,81,33,B,A,A+,54,7,3657,12.49,4.8,72,8/26/1983,35.5,22.04,8.46,10.92,3433
QH,6.58,1.70,1,,,,B,,A+,54,-100,38,-1.53,,10,7/10/2020,-7.2,,,-167.55,851
RDVT,65.52,0.05,222,99,98,86,B,A,A+,54,39,235,17.39,,17,-,16.1,14.23,19.64,39.39,171
RTO,29.99,3.34,95,54,73,45,B,C,D-,54,-4,873,38.7,1.8,39,-,5.5,11.59,,29.66,913
SGC,13.04,-0.76,169,80,89,77,B,D,C-,54,-57,20,2.76,4.4,50,-,1.5,31.88,0,220,47
SHFS,0.24,-0.49,6,,,,B,,E,54,-96,172,2.23,,5,-,-28.9,,,30.14,4074
TIC,8.11,1.38,250,10,14,32,B,E,E,54,-39,1378,108.38,,16,-,-6.4,84.53,314.57,9.52,2251
TNET,55.21,3.80,390,67,49,52,B,A,A+,54,-4,394,-3.77,2.3,83,3/27/2014,4.3,-3.95,-18.91,24.62,415
TTEC,2.15,2.38,167,11,34,9,B,E,D-,54,0,590,-7.12,,94,7/31/1996,-8.0,5.68,10.23,-46.43,595
UNF,273.56,2.63,443,66,44,76,B,C,D+,54,-56,101,3.87,0.5,28,6/8/1983,8.0,-12.39,-13.53,0,227
VSTS,14.28,-2.72,359,77,39,97,B,D,A,54,-51,818,-0.87,,11,-,-1.6,94.51,,420,1642
CMI,661.70,-3.02,2858,76,65,87,B,B,E,55,-15,879,2.74,1.2,20,-,11.8,22.1,13.07,9.25,1037
CVGI,4.40,-9.28,68,42,11,94,B,E,D,55,-16,530,1,,33,8/5/2004,-2.4,73.96,48.15,-25,596
CYD,43.39,-6.26,68,77,99,72,B,B,E,55,13,233,40.75,2.0,60,12/15/1994,4.2,62.34,,120.01,208
MLR,49.01,-3.77,279,53,26,59,B,D,A,55,-24,65,-19.85,1.6,0,-,4.0,-8.33,-50,-92.75,87
OSK,142.70,-1.40,710,48,47,47,B,C,D+,55,10,836,0.22,1.5,80,10/2/1985,8.1,1.07,-22.93,-55.73,743
PCAR,119.50,-1.44,2354,45,38,54,B,C,E,55,-29,2906,-9.83,1.2,40,-,10.6,13.28,-1.62,-21.23,3121
SCAG,0.37,-9.34,1,12,24,1,B,E,C,55,-88,652,,,22,-,-117.5,,,52.32,5641
WPRT,2.10,-0.94,14,,,,B,,A,55,-93,89,-96.78,,0,-,-126.2,67.56,82.32,-135.71,1271
XOS,2.71,-7.82,13,57,60,72,B,E,C,55,-96,111,90.93,,11,-,-55.0,15.66,34.62,65.81,3502
AMWL,9.25,-1.28,60,75,55,89,B,E,A,56,-4,80,-17.88,,19,9/17/2020,-37.2,46.5,30.65,44.54,84
CCLD,2.22,-2.20,68,36,77,9,B,B,D-,56,-49,240,13.3,,33,7/23/2014,9.1,87.5,-41.67,75,479
CERT,6.97,3.57,368,33,24,31,B,C,A,56,-9,3887,0.86,,40,12/11/2020,1.8,-12.71,36.14,-35.71,4170
CTEV,32.64,0.74,127,40,39,51,B,E,B+,56,-50,79,5.77,,29,-,-38.6,7.93,-8.18,-0.68,160
DH,0.78,-2.53,152,11,41,2,B,E,D,56,-37,258,-5.51,,93,9/15/2021,-86.6,-23.23,-39.46,20,419
DOCS,21.86,1.25,632,52,71,7,B,A,A+,56,-22,3621,5.12,,60,6/24/2021,38.8,46.36,-15.84,-31.58,4354
EUDA,13.88,-0.86,1,,,,B,,C,56,-100,2,,,24,-,-40.0,209.5,,,143
EVH,5.71,-0.52,235,49,35,66,B,D,A+,56,37,3568,2.6,,0,6/5/2015,-28.5,101.29,92.07,-133.33,2664
GDRX,3.05,-0.33,145,55,50,56,B,D,A+,56,-10,1405,-4.42,,80,9/23/2020,7.1,-11.7,-11.46,-22.22,1569
HCAT,2.08,0.48,159,57,63,49,B,E,A+,56,-36,1085,-10.9,,67,7/25/2019,-57.0,-76.74,-33.59,100,1711
HTFL,27.96,-8.94,299,22,21,42,B,E,E,56,27,1893,41.34,,14,8/8/2025,-66.4,69.66,32.81,47.82,1552
OPRX,6.19,1.81,188,45,98,9,B,C,C,56,-11,520,-9.5,,87,-,6.3,-10.67,-53.7,75,493
PHR,10.94,2.05,319,37,54,10,B,C,A+,56,-32,1000,12.94,,13,7/18/2019,-1.9,902.56,757.78,171.43,1462
PRVA,27.36,1.79,453,84,44,78,B,C,A+,56,-18,938,25.78,,7,4/29/2021,2.1,35.83,241.4,-33.33,1095
RBOT,0.18,8.62,6,,,,B,,E,56,45,77,,,67,-,,,,60.08,54
SLP,18.39,0.22,192,85,85,71,B,C,A,56,8,483,8.29,,47,6/19/1997,-87.6,-15.78,-48.33,12.9,445
TBRG,26.24,0.04,187,85,75,82,B,D,A+,56,73,571,-1.34,,73,5/21/2002,1.1,0.38,5.96,63.89,334
TDOC,9.20,1.10,383,71,43,82,B,D,A+,56,-12,4283,-2.47,,48,7/1/2015,-9.3,20.08,-31.58,32.08,4890
VEEV,192.74,4.62,2527,74,92,25,B,A,A,56,-4,2574,16.32,,27,10/16/2013,37.4,11.87,11.64,13.71,3457
VSEE,0.11,-4.35,8,,,,B,,B,56,-70,707,-4.86,,0,-,-100.2,,,66.2,2398
WAY,23.46,9.47,534,44,52,14,B,B,A,56,165,6828,22.4,,53,6/7/2024,15.6,15.66,10.49,31.25,2659
WEAV,6.58,2.65,173,58,44,55,B,C,A+,56,-1,1254,17.36,,20,11/11/2021,-12.1,109.38,75,200,1263
A,130.69,-2.02,2523,67,62,51,B,A,C,57,-24,2194,10.01,0.7,71,11/18/1999,20.6,8.36,8.64,13.74,2414
ADVB,4.99,3.10,,,,,B,,C,57,-90,13,,,43,3/6/2025,,,,69.07,148
AIDX,0.61,0.90,2,,,,B,,C,57,34,596,,,95,-,-182.8,-23.63,,,958
AVTR,10.32,3.10,652,38,22,48,B,D,A+,57,-19,8328,0,,90,5/17/2019,-6.7,-12.34,-20.75,-26.09,9822
AZTA,25.84,-1.34,430,44,61,40,B,D,B+,57,-56,518,0.96,,19,2/2/1995,-1.2,-12.02,-47.05,-180,1179
BEAT,0.72,-1.28,13,10,46,3,B,E,D-,57,-62,281,,,89,11/11/2021,,41.53,41.67,33.33,706
BIO,296.86,-0.08,590,42,33,49,B,D,C,57,-18,345,1.14,,38,-,38.5,-8.86,-33.04,-25.59,412
BLLN,120.35,-1.62,123,80,72,80,B,C,C,57,-16,612,83.84,,10,11/6/2025,2.5,601.02,3552.81,933.79,738
CAI,18.30,-2.40,357,23,42,19,B,C,D-,57,-1,2927,78.78,,89,6/18/2025,-8.4,131.41,100.13,101.32,2900
CRDF,1.27,-1.55,103,10,43,6,B,E,E,57,3,1321,-62.39,,3,-,-7732.0,1.32,43.03,10,1296
CRL,230.69,0.70,1075,69,26,85,B,D,A,57,-4,845,1.19,,62,6/23/2000,-2.5,7.95,-12.44,-11.97,899
CSBR,5.76,-4.71,31,27,22,20,B,C,C+,57,-48,4,-2.82,,46,-,8.1,-76.47,28.57,-105.56,9
CTKB,4.59,0.22,242,25,5,49,B,D,C,57,-39,890,6.46,,11,7/23/2021,-14.8,32.69,-112.5,-66.67,1519
DHR,197.93,2.17,3798,52,48,36,B,C,A-,57,-13,4035,3.66,0.8,57,-,17.2,8.18,1.91,9.57,4853
FLGT,20.85,0.14,269,38,20,53,B,D,A,57,-63,185,-3.16,,0,9/29/2016,-21.7,-469.05,-757.14,-1000,489
FTRE,17.28,-1.71,374,67,41,89,B,E,B+,57,-11,1372,-2.27,,48,-,-36.1,87.77,-4.85,700,1544
ICLR,173.06,-1.14,742,67,43,70,B,C,A+,57,-27,938,1.63,,86,5/15/1998,3.1,-15.12,-21.9,-21.63,1283
ILMN,188.68,2.60,1764,99,94,93,B,B,A+,57,59,2942,4.8,,24,7/28/2000,25.0,8.11,3.1,18.56,1870
IQV,207.04,1.89,2382,80,66,62,B,B,A-,57,-32,1229,8.41,,81,5/9/2013,9.8,7.53,8.1,7.41,1760
ISPC,2.64,-3.30,7,,,,B,,A-,57,-86,135,-85.25,,0,6/17/2021,-543.7,,,76.66,456
MASS,8.69,-2.14,145,61,52,86,B,D,E,57,-37,190,13.4,,86,12/18/2020,-59.3,-88.03,59.26,70.88,303
MDAI,1.79,0.56,12,14,10,50,B,E,E,57,-51,336,-40.49,,71,-,-38.5,-76.7,55.62,-482.11,693
MDCX,0.42,4.08,8,,,,B,,A,57,-57,963,,,70,-,,81.14,68.99,26.19,2381
MEDP,557.60,2.58,975,97,94,68,B,A,A+,57,-7,357,26.5,,33,8/11/2016,21.4,11.21,28.43,16.62,380
MXCT,1.22,-1.22,151,37,43,49,B,E,B,57,-33,813,-7.11,,20,7/30/2021,-135.1,34.52,25,60,1235
MYGN,5.99,-0.17,316,38,15,54,B,E,A+,57,-30,1319,2.3,,5,10/6/1995,-47.9,2.08,-215.56,-200,1767
NOTVQ,0.01,-19.41,20,,,,B,,D,57,-99,170,-5.37,,31,11/25/1997,-17.1,87.24,89.16,-102.91,24782
ONMD,0.67,-8.19,10,15,41,13,B,D,D-,57,-67,210,-29.93,,6,-,-206.0,,,7.7,609
RGEN,142.40,2.45,833,65,46,60,B,C,A,57,-21,986,14.83,,14,4/29/1986,8.4,17.19,21.91,23.08,1238
RPID,1.72,0.58,35,6,14,5,B,D,E,57,-38,112,11.06,,9,7/15/2021,-140.2,11.43,9.88,-19.23,165
RVTY,113.76,0.82,987,79,47,77,B,C,A,57,-40,972,6.94,0.2,76,-,9.4,3.62,2.37,2.97,1572
SDGR,16.88,2.99,340,51,39,53,B,D,A,57,-0,1512,-1.7,,94,2/6/2020,-40.0,-43.82,16.63,1.22,1486
TECH,70.83,-0.24,1135,83,46,82,B,C,A+,57,59,7826,-1.51,0.5,29,-,8.1,0.18,-2,-5.36,4863
TEM,60.27,-2.16,420,63,62,54,B,D,A+,57,-12,5967,36.12,,34,6/14/2024,-22.9,40.28,34.23,45.83,6702
TKNO,5.79,-1.53,92,72,39,85,B,D,A+,57,-60,70,13.09,,17,6/25/2021,-42.5,-4.69,-19.05,11.11,170
TMO,523.44,1.97,4658,59,42,48,B,B,B+,57,-5,2321,6.18,0.4,67,-,16.4,8.68,6.63,5.63,2473
WXXWY,9.06,0.97,2,81,88,53,B,A,C,57,-57,30,18.07,,52,-,33.3,14,,32.62,88
XGN,4.54,-3.61,49,29,27,43,B,D,C+,57,-70,128,11.67,,26,9/19/2019,-29.9,25.81,8.84,15,434
ABEV,3.10,-0.32,195,56,44,68,B,B,E,58,-32,18766,15.13,6.0,33,-,21.9,14.03,17.39,15.3,27993
AGCC,14.80,-2.66,2,28,10,57,B,B,E,58,-18,36,274.12,,0,10/22/2025,12.7,,,-43.24,45
AMSS,1.81,-6.70,,1,25,19,B,E,,58,-86,123,,,15,-,-96.5,,,,
BF.A,26.76,0.91,210,41,29,31,B,B,B+,58,-31,126,2.01,3.2,27,-,22.4,11.14,3.71,-61.29,192
BF.B,26.16,1.28,971,38,29,28,B,B,B,58,-28,2582,2.01,3.3,40,-,22.4,11.12,3.78,-61.29,3527
BUD,81.33,1.35,112,74,75,74,B,C,E,58,58,3167,12.03,1.1,7,-,18.5,17.67,13.98,19.75,2048
CCU,11.09,2.69,48,20,21,25,B,C,D-,58,113,438,8.9,1.8,47,9/24/1992,4.3,5.14,-128.72,-12.88,157
DEO,82.16,4.40,182,29,33,34,B,B,D,58,-22,1000,2.31,4.9,60,-,16.5,-2.01,,-2.87,1277
EPSM,1.27,-0.78,2,,,,B,,E,58,-99,12,,,20,3/26/2025,-29.2,,,,1557
HEINY,43.84,3.23,5,60,54,55,B,C,B+,58,-21,71,-4.92,2.0,20,-,9.5,6.43,,11.95,93
IBG,1.01,-3.81,1,,,,B,,E,58,-28,133,,,5,9/26/2024,-104.3,,,,166
IPST,2.48,1.22,11,,,,B,,C,58,-98,16,56.8,,0,11/22/2024,-1361.0,169.97,100.32,75.2,85
KNBWY,17.34,1.42,,74,61,60,B,C,C+,58,-43,20,-5.99,2.0,53,-,8.3,16.26,89.46,-4.38,37
MGPI,16.98,-2.19,205,13,17,11,B,D,B,58,-3,202,-12.52,2.8,93,10/20/1988,-18.7,-43.88,-51.38,-58.33,210
PRNDY,14.63,3.61,6,15,28,15,B,C,D-,58,-53,325,-11.45,5.7,73,-,20.5,-21.88,,-9.43,696
SAM,183.62,3.37,435,29,53,16,B,D,C-,58,-6,288,-4.39,,13,11/20/1995,7.8,-3.62,-8.97,-24.07,310
SBEV,0.15,-7.54,6,,,,B,,B+,58,-98,405,-99.04,,93,-,-33325.0,,,74.16,22163
STZ,137.47,0.43,1783,28,47,24,B,B,E,58,16,2420,-3.27,2.8,67,-,26.0,-0.15,-0.57,6.52,2167
TAP,39.78,1.90,1093,30,68,18,B,D,E,58,-17,2793,2.04,4.6,87,6/12/1975,-22.6,-12.74,-25.63,24,3403
TAP.A,47.80,-0.42,1,39,69,26,B,D,D,58,15,0,2.04,4.0,80,-,-22.6,-12.77,-25.86,24,0
WVVI,2.66,-1.48,25,,,,B,,A+,58,91,14,9.48,,45,-,-3.3,,,9.64,8
ABUS,4.87,2.96,215,82,78,61,B,C,B,59,29,2608,10054.54,,89,11/13/2010,-237.9,541.18,-300,769.23,2061
ACAD,25.97,3.06,523,69,32,60,B,A,B+,59,-4,1586,9.73,,72,5/27/2004,13.0,-83.46,-63.84,-81.82,1621
ADMA,8.95,3.95,513,33,45,10,B,A,C,59,-11,4367,-0.27,,68,-,35.8,23.84,18.69,25.33,5057
AGEN,3.49,2.35,57,32,57,29,B,D,C-,59,-17,681,40.03,,98,2/4/2000,-2.7,12.98,106,201.73,827
ALKS,54.58,5.53,724,91,43,96,B,B,A+,59,-28,1654,28.19,,17,7/16/1991,19.8,-126.51,-102.5,-250.84,2356
ALNY,312.78,3.68,2235,50,81,20,B,A,D+,59,-6,1094,96.43,,9,5/28/2004,8.7,219.13,414.98,443.18,1153
ALPMY,13.30,1.99,6,50,84,36,B,B,E,59,4,194,1.57,2.7,70,-,17.7,12.18,19.17,665.31,198
AMGN,374.15,3.55,3863,83,62,60,B,A,B-,59,-16,2488,5.76,2.8,49,6/17/1983,24.4,2.49,-6.92,5.1,2829
AMPH,19.64,-2.29,384,43,50,20,B,B,A,59,-55,316,0.38,,87,6/25/2014,17.2,-19.18,-25.9,-43.24,661
ANIK,15.36,1.19,195,81,78,75,B,E,A+,59,-52,43,13.16,,28,-,-8.3,-209.09,38.46,550,92
ARGX,939.68,3.32,834,92,50,81,B,A,A,59,15,381,62.63,,19,5/18/2017,29.6,35.69,68.26,113.95,354
ASND,274.50,2.51,538,86,56,84,B,C,B+,59,-30,552,150.69,,26,1/28/2015,-31.8,446.04,285.32,733.3,824
AUPH,15.61,-1.20,300,76,74,62,B,A,D,59,78,2641,24.4,,83,-,40.3,-53.62,51.25,56.25,1510
AZN,195.15,6.14,5617,78,73,52,B,A,C,59,20,2379,12.51,1.7,34,-,21.1,12.13,15.37,3.61,2038
BIIB,216.12,3.04,2425,80,53,77,B,C,B,59,-0,1155,1.93,,64,3/22/1983,16.3,-4.98,-41.51,18.21,1158
BIO.B,296.49,,1,29,33,48,B,D,E,59,-99,0,1.14,,25,-,38.5,-8.89,-31.74,-25.59,0
BMRN,58.99,2.02,975,64,54,43,B,B,A,59,-34,1484,2.8,,23,7/23/1999,14.9,174.84,-22.76,-20,2187
CORT,90.21,1.96,465,77,16,82,B,A,A+,59,-30,772,4.89,,2,4/14/2004,8.7,-28.59,-95.77,-276.47,1103
CPRX,31.45,0.03,547,91,80,86,B,A,B,59,-36,1616,5.62,,43,11/8/2006,48.1,16.27,17.07,11.11,2555
CRMD,8.75,3.31,214,44,42,41,B,A,C-,59,-24,1044,225.98,,92,3/25/2010,48.1,-75.49,-19.31,43.33,1403
CSLLY,20.48,-0.07,6,38,65,8,B,B,B,59,-48,252,-1.53,3.4,62,-,24.1,,,-8.07,495
EBS,8.28,,253,15,6,32,B,D,D,59,-31,576,-29.75,,77,11/15/2006,11.2,-78.76,-153.12,-70.42,848
EXEL,55.85,3.50,1039,99,98,81,B,A,A+,59,-16,2364,9.97,,51,4/11/2000,40.6,15.49,13.41,40.32,2792
GILD,131.27,4.21,4681,59,64,41,B,A,D,59,0,8089,4.39,2.6,55,1/22/1992,33.3,-109.8,-463.75,12.15,7688
GMAB,28.52,3.17,135,63,55,47,B,A,B-,59,-26,1415,25.31,,40,7/18/2019,32.4,-26.14,-37.32,-72.79,1894
HALO,79.45,3.17,885,98,91,73,B,A,A,59,-10,1566,42.23,,47,-,33.4,95.41,17.41,44.14,1812
HCM,11.44,6.12,39,13,13,11,B,C,D+,59,120,105,-16.5,,91,-,90.9,-90.29,,-85.05,48
HRMY,37.26,3.50,504,73,16,69,B,A,A+,59,10,1013,16.59,,57,8/19/2020,24.8,27.81,29.25,-29.49,887
INCY,116.86,2.68,2388,98,96,83,B,A,C+,59,51,2633,20.87,,53,11/4/1993,32.4,12.43,23.67,56.1,1761
INVA,22.31,1.87,474,69,84,46,B,A,E,59,-26,655,10.56,,94,10/5/2004,76.9,8.12,-43.38,400,813
IRWD,4.33,5.10,279,65,49,92,B,D,B-,59,11,2651,158.87,,81,2/3/2010,23.6,686.67,153.57,204.35,2433
KMDA,7.50,-0.27,66,57,84,31,B,B,D,59,-64,18,2.78,3.4,38,5/31/2013,13.0,17.24,-14.56,15.23,48
KNSA,64.53,2.62,326,98,79,92,B,A,A+,59,-26,626,55.51,,11,5/24/2018,13.1,83.46,34,145.45,837
KRYS,375.07,0.94,577,95,53,94,B,A,A,59,-28,235,31.95,,15,9/20/2017,48.7,12.2,36.93,52.5,328
LGND,319.55,2.42,531,99,93,95,B,B,A+,59,13,368,14.09,,21,11/18/1992,59.3,11.41,24.37,22.56,337
LKFT,30.39,2.67,49,42,43,35,B,C,B-,59,-8,159,-90.75,,74,5/14/2015,27.1,-156.99,64.4,110.7,174
LQDA,78.93,-0.49,287,96,68,99,B,B,A+,59,-28,1406,4158.49,,0,7/26/2018,-43.5,514.5,254.64,215.56,2011
NBIX,174.26,3.87,1673,99,99,79,B,A,A+,59,3,1251,42.25,,32,5/23/1996,24.7,65.37,49.08,2287.5,1221
ONC,297.65,2.38,323,62,76,38,B,B,C,59,13,295,35.46,,13,2/3/2016,7.8,154.36,76.06,39900,263
PBYI,8.26,3.38,226,70,7,90,B,B,B+,59,-25,212,3.94,,45,-,15.7,-52.46,-66.67,-216.67,281
PCRX,25.39,1.44,415,47,34,43,B,C,B+,59,-28,370,5,,75,2/3/2011,2.3,8.58,-12.57,-3.23,536
PHAR,13.77,0.84,6,41,67,25,B,C,D+,59,-56,5,-8.4,,8,-,3.3,388.13,5,68.18,11
REGN,654.27,4.73,3352,33,26,28,B,A,C-,59,0,1072,19.03,0.6,58,4/2/1991,36.5,4.56,-16.16,15.21,1080
RIGL,38.72,1.12,293,76,41,77,B,A,B,59,18,574,10.28,,96,11/29/2000,41.4,-84.82,-96.05,-30.16,394
RPRX,57.77,3.57,1777,99,87,86,B,A,A,59,-12,3245,10.25,1.7,66,6/16/2020,55.7,6.24,11.85,73.03,3970
SUPN,48.05,1.35,504,68,90,40,B,C,C+,59,35,969,38.63,,60,5/1/2012,-6.8,-23.13,-52.94,37.41,753
TBPH,16.93,-0.29,298,58,69,57,B,A,E,59,195,1620,15.02,,79,-,120.3,20.97,-93.29,62.96,521
TGTX,53.31,-0.39,432,95,58,92,B,A,A,59,25,3076,69.56,,42,-,17.4,-50.99,91.59,300,2484
UTHR,555.91,1.60,1827,74,80,54,B,A,E,59,17,534,-1.62,,36,6/17/1999,53.9,0.65,10.17,-12.22,499
VCEL,46.98,4.05,422,89,55,85,B,B,A+,59,-6,641,30.09,,6,2/4/1997,6.3,47.52,-195.13,47.83,684
VRTX,528.04,6.03,3635,84,36,70,B,A,A+,59,32,1856,7.82,,30,7/24/1991,38.5,4.92,4.44,10.1,1476
XERS,8.28,3.50,267,77,47,81,B,C,A+,59,105,3753,42.65,,4,6/21/2018,0.2,4425.82,221.43,116.67,1828
ZVRA,13.98,1.23,182,97,73,93,B,A,A,59,-16,1422,77.54,,85,4/16/2015,81.4,-21.07,-91,1100,1758
AIT,330.85,-0.37,894,89,73,79,B,B,B,60,17,314,7.26,0.6,24,-,11.0,4.36,2.71,3.11,268
BHATF,0.03,-17.36,,,,,B,,B,60,-94,0,1.9,,14,7/26/2019,-50.9,,,91.93,5
BOOM,6.12,-2.24,197,12,10,37,B,D,E,60,-12,331,-14.88,,10,-,-1.3,17.14,-204.17,-354.55,382
CENX,43.76,1.70,518,53,69,53,B,B,E,60,-4,2153,2.41,,90,3/28/1996,0.1,355.42,682.22,352.78,2011
CMC,61.73,0.85,812,52,88,39,B,C,E,60,14,1555,22.93,1.2,95,-,1.4,105.05,45.41,133.78,1189
ELMT,17.43,-9.45,,1,31,31,B,E,,60,-10,818,,,55,4/23/2026,3.9,183.51,,,
FRD,33.62,-4.03,121,97,78,95,B,B,A+,60,87,106,48.42,0.5,62,-,4.1,,,78.03,58
FSTR,42.76,-2.99,175,87,58,92,B,C,A-,60,-9,112,23.88,,10,-,3.2,152.17,51.85,170,123
HIHO,0.81,-0.20,1,,,,B,,C,60,-94,19,-40.54,,3,-,2.0,,,-219.57,307
IIIN,29.92,-1.38,346,40,47,16,B,B,B,60,-35,221,7.47,0.4,71,4/25/1985,8.3,-22.14,-42.95,-48.08,340
KALU,176.27,-4.58,469,94,99,94,B,B,D,60,5,307,42.37,1.6,52,7/7/2006,4.5,70.52,80.56,159.72,291
MLI,56.50,-1.60,905,69,90,49,B,A,E,60,-97,2110,19.28,1.1,67,-,24.2,18,-5.18,55.4,1362
MTRN,265.43,-6.39,496,90,64,98,B,C,A-,60,46,523,30.81,0.2,5,-,4.6,17.92,10.51,12.39,356
NHYDY,8.68,-0.91,3,26,32,46,B,C,E,60,15,196,-8.97,2.5,38,-,6.6,204.04,32.46,41.89,170
NVRI,22.59,-2.71,3,1,2,62,B,E,,60,7,596,,,24,-,,,,,
NWPX,136.92,-5.11,283,98,92,98,B,B,B+,60,71,304,19.07,,19,11/30/1995,8.8,39.7,,176.92,181
OFLX,31.35,-0.67,162,40,21,33,B,B,A,60,74,73,-1.02,4.3,48,-,19.6,,,-41.79,43
OLOX,5.11,-0.78,5,,,,B,,E,60,-100,9,-41.22,,0,-,-637.4,,,98.99,699
PKOH,36.30,-4.25,180,84,50,94,B,C,A,60,13,97,3.85,1.3,76,-,1.5,13.83,8.44,-1.52,87
RBC,604.56,-2.56,817,86,94,79,B,A,E,60,-4,256,18.35,,0,8/10/2005,19.7,58.15,20.09,27.92,265
ROCK,43.92,-3.07,475,35,37,27,B,C,A-,60,-40,232,22.85,,81,11/5/1993,11.2,-3.15,-9.73,-52.63,388
RS,372.01,-0.10,1361,63,50,75,B,C,D,60,-44,220,15.53,1.3,43,9/16/1994,6.8,40.76,21.59,36.87,376
RYZ,24.03,1.09,338,26,31,41,B,D,E,60,33,596,37.93,2.7,21,8/8/2014,-1.6,179.49,393.75,266.67,453
SMSMY,17.76,-1.60,2,71,73,90,B,D,D-,60,-43,1,15.27,0.8,14,-,-1.1,242.86,,89.67,3
TKR,139.16,-1.83,694,87,57,92,B,C,B,60,-0,1075,7.98,1.0,33,-,9.1,15.52,14.12,19.29,1072
TPCS,5.02,-4.11,25,51,11,77,B,D,A,60,57,74,-14.7,,7,-,-5.2,,,-469.09,49
VMI,555.35,-0.66,846,95,91,89,B,B,B,60,-13,213,6.18,0.5,29,-,9.2,19.62,18.85,27.55,240
WOR,54.57,1.04,409,37,35,34,B,B,D,60,114,484,16.85,1.4,57,-,14.6,18.92,2.7,-8.49,230
ZJK,1.95,-1.98,3,41,72,15,B,A,E,60,-89,6,45.51,,86,9/30/2024,18.6,51.18,,336.06,49
BLBD,76.08,-2.31,486,84,33,87,B,A,A,61,113,992,-1.63,,33,-,11.5,9.23,6.65,4.17,472
FIP,4.44,-1.55,205,12,12,21,B,C,E,61,-22,868,95.88,2.4,11,-,-30.9,-5.09,35.62,-248.31,1116
GBX,47.54,-0.71,420,27,42,26,B,C,E,61,280,1587,-31.59,2.7,50,7/14/1994,8.8,-53.97,-34.66,-67.74,416
RAIL,8.97,-6.56,85,29,16,39,B,D,B,61,53,333,-33.21,,17,4/6/2005,-2.2,-8.67,-103.03,-180,221
RVSN,4.76,-1.35,1,,,,B,,D,61,-51,17,131.91,,0,-,-746.5,32.84,,68.62,36
TRN,34.12,0.71,421,76,92,60,B,C,D,61,52,1102,-15.95,3.4,83,-,17.4,-25.95,613.16,10.34,758
TWIN,22.86,0.93,114,95,82,92,B,B,B+,61,47,171,19.02,0.7,67,-,0.5,621.43,380,309.09,121
WAB,262.19,-0.69,2392,79,93,65,B,B,E,61,-32,608,13.03,0.5,0,6/15/1995,14.3,18.37,14.36,18.86,940
WNC,13.26,0.68,253,56,4,85,B,D,A,61,-10,793,-20.4,2.3,22,11/8/1991,18.4,18.6,-193.33,-101.72,930
ADYEY,9.60,0.31,30,48,96,11,B,A,E,62,76,3190,33.69,,34,-,52.2,17.96,,27.11,1920
ADYYF,984.00,5.13,2260,71,96,14,B,A,A,62,-73,0,33.69,,32,-,52.2,17.95,,27.11,1
AFRM,84.58,0.87,1175,91,75,77,B,B,A,62,-24,3770,32.64,,5,1/13/2021,2.1,733.51,73.29,2900,4963
AXP,351.96,1.41,3643,88,90,51,B,A,B,62,-18,2441,11.43,1.1,37,-,17.1,15.12,8.09,17.58,3270
BFH,102.21,-3.00,574,90,76,89,B,C,B,62,-3,673,4.95,0.9,76,6/8/2001,13.1,-7.48,-13.43,46.15,699
CASS,52.51,0.25,217,90,70,71,B,B,A+,62,-3,86,5.81,2.5,39,-,18.7,21.95,89.47,4.76,88
COF,205.12,0.15,3090,73,86,37,B,B,B,62,-45,2566,52.31,1.6,55,11/15/1994,3.3,-0.36,-13.37,8.87,4802
DLO,14.88,1.43,139,93,91,61,B,A,A+,62,119,5944,54.96,1.6,42,6/3/2021,20.9,8.17,10.88,-2.96,2769
EEFT,77.18,2.61,534,81,92,39,B,A,A+,62,-27,539,10.52,,79,3/7/1997,10.6,14.12,15.99,39.82,753
EVTC,29.63,2.00,442,76,76,31,B,A,A,62,-36,426,8.36,0.7,71,4/12/2013,16.6,8.24,6.74,3.45,677
FLYW,18.75,1.02,333,87,48,90,B,B,A+,62,4,2606,42.97,,3,5/26/2021,3.4,309.53,76.17,433.33,2465
FOUR,51.35,4.37,496,71,88,27,B,A,A+,62,-31,1142,48.98,,58,6/5/2020,4.7,8.19,12.72,-9.35,1783
GDOT,13.35,-1.11,236,51,27,54,B,C,A+,62,14,516,17.28,,61,7/22/2010,-4.7,17.49,-7.5,5.66,478
GPN,78.63,4.77,1915,75,77,46,B,C,A+,62,-4,4359,29.55,1.4,84,-,16.4,13.18,12.13,10.04,3862
IIIV,21.69,-1.25,260,31,50,15,B,D,B-,62,-19,366,-8.82,,45,6/21/2018,5.1,8.35,9.78,4.81,454
IMXI,14.54,,214,29,21,34,B,C,D,62,-61,243,-26.8,,50,-,9.1,-0.07,-23.53,-87.52,602
KSPI,89.82,1.68,339,87,66,64,B,A,A,62,-38,303,45.68,4.0,68,1/19/2024,32.9,10.44,5.82,1.71,489
LSAK,4.90,-1.01,13,63,79,46,B,D,C,62,28,195,31.35,,47,-,-16.1,170.28,80,175,151
MA,539.39,3.24,6085,87,92,36,B,A,A,62,-10,3900,15.04,0.7,18,5/25/2006,56.6,15.7,14.87,23.32,3974
MQ,17.41,4.75,329,48,55,26,B,C,A+,62,-87,1500,19.22,,0,6/9/2021,-2.1,229.57,48.92,200,1142
OLB,0.36,-4.49,6,,,,B,,E,62,-34,198,-28.65,,2,-,-67.7,79.19,85.47,80.17,296
PAGS,9.12,0.77,384,52,83,24,B,A,D,62,-17,2913,5.13,4.4,82,1/24/2018,12.9,27.9,10.37,20.78,3496
PAY,27.06,6.49,249,80,97,30,B,A,A+,62,17,1134,30.23,,13,5/26/2021,7.1,25.11,25.71,50,996
PAYO,7.09,,391,72,25,76,B,B,A+,62,-75,2157,6.07,,16,-,11.0,40.02,17.42,20,7724
PAYP,14.71,0.68,47,11,1,16,B,D,C-,62,-47,605,,,80,3/12/2026,21.0,-33.99,,,1140
PAYS,8.26,-3.50,161,99,94,85,B,A,A+,62,-53,342,50.76,,8,-,12.2,82.69,200,80,739
PICS,11.06,-1.60,57,52,65,34,B,B,C,62,-40,248,94.62,,87,1/29/2026,3.0,-100,157.86,147.9,418
PMTS,20.38,-1.88,125,72,45,76,B,C,A+,62,-48,26,19.83,,53,10/9/2015,4.0,8.59,23.07,-38.8,50
PSFE,8.41,6.73,162,47,55,41,B,D,A+,62,21,392,10.4,,97,-,-4.2,11.5,-6.7,20.59,325
PYPL,45.47,3.18,2889,44,53,16,B,A,A,62,-19,14797,7.21,1.3,66,-,18.9,0.03,-8.27,0.75,15853
RELY,23.75,3.49,412,80,28,89,B,B,A,62,-46,2989,25.21,,26,9/23/2021,4.4,106.74,-36.7,7.54,5086
RPAY,4.24,0.95,189,52,41,57,B,D,A+,62,-58,358,4.49,,92,-,-89.5,13.57,11.82,0,862
SEZL,183.24,4.60,336,99,97,92,B,A,A+,62,19,802,29.21,,11,-,36.2,42.52,48.93,43,678
STNE,11.17,1.64,489,46,96,9,B,A,D-,62,-43,3381,12.95,,89,10/25/2018,82.5,7.93,7.25,40.95,5708
SYF,76.33,-0.57,2429,79,90,48,B,A,C,62,-40,2463,25.5,1.5,74,7/31/2014,24.2,0.08,-15.49,20.11,3874
TOST,28.82,0.38,1399,53,55,25,B,A,A,62,-27,10295,21.91,,29,9/22/2021,5.6,37.68,29.65,40.71,13246
USIO,2.48,-2.75,20,79,26,95,B,C,A+,62,-3,111,15.71,,10,-,-2.3,97.22,75,149,119
V,362.13,3.15,6914,96,89,56,B,A,A+,62,18,9815,17.05,0.8,24,3/19/2008,60.5,14.68,8.25,19.93,8476
WEX,146.48,2.73,627,62,83,25,B,B,B-,62,-25,491,5.84,,63,2/16/2005,15.8,20.72,28.05,18.23,649
WU,8.01,2.04,589,35,43,22,B,B,C,62,-26,6210,-0.09,12.5,95,-,15.5,0.05,3.9,-39.02,9152
XYZ,78.83,2.20,2056,91,84,73,B,C,A+,62,11,5481,4.94,,21,11/19/2015,7.0,64.56,39.84,51.79,6002
CRT,9.02,-0.22,2,28,17,32,B,B,D,63,-86,3,-61.85,5.9,25,2/27/1992,77.6,,,-71.78,24
MARPS,4.62,3.83,1,,,,B,,D-,63,-30,8,-31.12,7.4,50,-,69.7,,,-44.66,13
MTR,3.11,1.30,1,,,,B,,E,63,-69,2,-46.71,7.4,42,-,74.8,,,-78.07,10
MVO,1.68,-7.18,1,,,,B,,B-,63,-38,136,-38.64,45.8,92,1/19/2007,92.0,,,-41.67,171
NRT,7.15,-0.69,3,49,62,44,B,A,E,63,-55,23,-3.7,13.9,75,-,90.9,,,-9.25,52
PBT,24.80,-0.28,13,64,49,79,B,A,E,63,-54,78,16.17,1.3,8,-,88.7,,,16.59,171
PRT,2.33,1.75,1,,,,B,,A-,63,1,76,-61.88,13.2,67,5/2/2018,84.0,,,-72.44,76
PVL,1.65,-2.37,,48,90,19,B,A,E,63,-19,76,8503.15,11.2,58,11/3/2011,74.2,,,777.55,95
SBR,73.11,0.58,15,39,38,33,B,A,E,63,-12,32,-26.86,6.6,33,-,94.7,,,-28.13,37
SJT,3.11,,9,4,6,4,B,E,E,63,-43,121,-97.56,,0,-,-3262.4,,,-258.81,214
TPL,407.20,-1.88,1315,78,79,50,B,A,B-,63,3,487,20.84,0.6,17,-,76.5,31.54,35.5,18.51,431
UROY,2.81,1.08,50,29,76,15,B,C,E,63,-24,1974,434740.78,,0,-,-34.0,175.19,-20.19,205.6,2627
VOC,2.88,,2,28,34,25,B,B,D,63,-82,16,-16.47,14.7,83,5/5/2011,85.8,,,5.88,88
WHK,27.37,-0.83,,1,17,39,B,E,,63,-63,139,,,7,-,-12.2,,,,
AEE,115.02,2.52,1611,85,76,54,B,A,B,64,-30,1335,3.77,2.5,33,-,18.1,7.01,5.99,19.63,1891
AEP,138.51,2.56,2159,84,60,62,B,A,B+,64,75,8803,10.19,2.7,24,-,17.1,6.36,6.02,6.49,4961
AES,14.58,-0.41,940,63,96,50,B,B,D,64,55,15086,8.68,4.8,98,6/25/1991,0.6,-0.57,5.88,188.63,10015
AQN,5.48,0.55,359,21,39,23,B,C,E,64,179,11247,13.29,4.3,70,-,8.8,5.04,7.27,8.33,4236
ARTNA,34.39,1.33,122,80,72,44,B,B,A+,64,-2,38,7.29,3.8,81,-,27.1,,7.55,7.55,40
ATO,176.87,2.22,1869,71,84,39,B,A,D+,64,-33,899,0.61,2.3,35,-,31.4,12.76,18.17,31.94,1471
AVA,41.40,2.12,519,61,73,45,B,C,E,64,-42,449,-7.96,4.7,75,-,11.1,9.28,32.21,13.27,769
AWK,136.86,3.85,2421,70,58,33,B,A,A,64,63,3269,5.69,2.7,17,4/23/2008,27.7,6.9,5.59,-4.76,2101
AWR,84.76,1.70,523,92,77,57,B,A,A+,64,-8,334,14.31,2.4,16,-,25.8,8.75,6.9,8.57,360
AXIA,10.38,0.10,108,54,69,58,B,C,E,64,-8,1875,35.8,8.7,88,-,-21.4,32.77,378.2,666.05,2045
BKH,73.79,0.20,569,61,54,57,B,B,D,64,-0,934,-3.04,3.7,65,-,14.9,5.82,8.77,-4.28,980
CDZI,4.19,2.70,116,21,30,25,B,D,D-,64,-12,784,-44.75,,1,-,-209.3,11.02,5.75,11.53,893
CEPU,14.66,1.10,31,62,72,43,B,A,D-,64,-20,267,21.36,0.5,90,2/2/2018,35.8,94.2,,62.31,335
CIG,2.09,3.10,112,43,70,30,B,A,E,64,98,12626,14.18,12.0,96,-,12.8,-23.81,-35.3,4.51,6412
CMS,77.73,2.38,1790,82,77,44,B,A,B+,64,-40,1905,11.57,2.9,42,-,14.6,7.59,11.41,10.78,3311
CNP,44.61,2.01,1551,84,77,54,B,B,B+,64,34,8355,1.88,2.0,14,-,13.3,8.49,27.1,5.66,5898
CPK,125.00,1.82,442,60,73,32,B,A,D,64,-13,132,18.21,2.3,51,-,20.8,7.31,5.26,11.26,156
CTRI,27.39,-3.86,322,35,49,49,B,D,E,64,-3,1470,31.47,,5,4/18/2024,0.5,68.1,10.38,83.33,1533
CWCO,29.44,-0.17,232,38,78,17,B,C,E,64,-40,70,-11.1,1.9,10,-,16.2,-23.28,-37.5,-22.58,120
CWT,50.23,2.43,514,73,44,54,B,C,A+,64,-24,458,5.2,2.7,12,-,14.7,21.86,15.49,-68.18,593
D,69.75,2.89,1681,61,34,63,B,A,D,64,-39,4304,23.14,3.8,46,-,21.6,4.93,1.5,2.15,7575
DTE,154.06,2.32,1458,84,67,54,B,A,B+,64,-5,1493,23.51,3.0,39,-,10.1,4.85,10.96,-7.14,1559
DUK,129.60,3.05,2137,71,68,41,B,B,C+,64,57,5123,11.26,3.3,49,-,17.7,6.24,5.31,9.66,3403
ED,113.99,2.74,2199,72,54,49,B,B,B,64,-11,2172,6.19,3.2,47,-,15.3,7.07,8.4,-3.54,2444
EDN,24.28,-0.78,15,33,34,25,B,B,D,64,-59,64,-1.29,,87,4/26/2007,9.8,-58.12,,174.6,157
EDPFY,51.93,1.32,6,53,52,48,B,B,D,64,41,30,10.61,2.8,69,6/17/1997,11.0,-1.6,7.94,-1.71,22
EE,37.99,0.03,326,79,58,76,B,B,B,64,-29,287,37.56,0.8,7,4/13/2022,15.9,19.93,143.8,-19.57,392
EIX,75.66,2.94,2325,93,87,67,B,A,B+,64,-18,2571,7.66,4.6,89,-,31.0,-6.56,23.46,3.65,2622
ELPC,11.61,0.61,68,56,52,61,B,B,E,64,-30,238,38.46,5.1,61,-,11.5,8.69,4.57,20.68,342
EMA,53.47,2.30,814,63,46,49,B,B,C-,64,18,298,17,3.7,43,-,14.1,6.55,-8.46,8.65,389
ENIC,4.41,0.23,66,67,67,61,B,B,D,64,-44,405,-3.05,4.1,6,-,17.3,-0.73,1664488.14,4401.71,736
EONGY,20.96,4.41,,42,56,42,B,C,E,64,-43,136,-9.64,2.4,82,-,3.4,-8.2,23.58,8.68,240
ES,74.44,3.10,2180,81,71,53,B,B,B,64,-12,2345,9.37,4.3,84,-,13.6,-2.28,-1.51,15.33,2684
ETR,115.11,1.99,2093,73,55,63,B,B,C,64,-29,2727,14.86,2.2,8,-,17.5,12.57,8.02,4.88,3824
EVRG,88.13,2.25,1480,85,75,62,B,C,A-,64,-29,1505,5.03,3.2,30,-,15.1,11.06,11.62,27.78,2074
EXC,47.88,3.50,2751,65,59,41,B,B,B,64,46,12710,7.86,3.5,67,-,13.6,3.12,22.65,-1.09,8648
FE,48.53,3.10,1442,56,49,43,B,B,C,64,-22,4336,10.53,3.8,63,-,10.3,7.12,13.01,7.46,5282
FTS,57.98,2.35,1207,61,43,52,B,B,C,64,-14,541,7.43,2.9,25,-,19.3,0.52,0.68,0.17,717
GNE,14.62,0.27,201,22,18,30,B,B,D+,64,-27,59,4.02,2.1,22,-,7.2,-37.4,127.27,-64.69,80
GWRS,7.20,-0.83,124,18,21,15,B,C,C,64,-46,68,6.65,4.2,2,4/28/2016,7.1,-57.14,-48.81,-137.55,123
HE,13.63,1.64,351,26,26,45,B,D,D,64,-32,1290,0,,72,-,5.4,8.14,-15,-21.74,1915
HTO,62.42,2.77,486,77,51,60,B,B,A,64,5,526,9.36,2.9,41,-,14.4,-8.16,-1.83,2.04,502
IBDRY,98.29,1.11,21,85,85,63,B,B,C,64,-35,59,5.65,2.2,27,-,18.2,5.68,-13.29,-8.81,99
IDA,154.55,2.95,638,87,67,64,B,C,A+,64,179,1551,-6.84,2.3,11,-,17.1,8.26,2.13,10,577
KEP,12.50,3.99,65,20,39,19,B,B,E,64,-0,1033,-0.23,4.1,99,10/27/1994,11.1,-34.86,-47.96,-21.02,1049
LNT,78.03,2.96,1428,85,53,62,B,B,A+,64,3,2563,4.96,2.8,18,-,15.2,6.22,1.4,-1.2,2541
MDU,20.71,,454,44,54,50,B,C,E,64,-9,1627,-10.2,2.6,28,-,11.3,4.76,55.18,-2.5,1762
MGEE,84.23,3.85,344,81,74,42,B,A,A+,64,-17,278,10.84,2.4,36,-,21.1,5.65,5.56,15.79,344
MSEX,57.55,1.73,345,70,58,50,B,B,B+,64,44,213,9.96,2.6,20,-,24.5,6.78,11.67,7.55,149
NEE,88.34,2.28,3828,68,74,46,B,A,D,64,-8,14283,7.27,2.8,23,-,17.1,9.58,2.25,10.1,11963
NEXT,7.58,0.13,212,19,16,39,B,E,D+,64,-38,1914,,,96,-,,-85.45,-124.89,-553.5,3075
NFG,79.34,2.37,689,60,85,20,B,A,C-,64,-19,678,17.59,2.8,93,-,31.1,7.18,-13.38,13.39,835
NGG,82.85,3.33,114,58,86,44,B,C,E,64,-21,1104,7.42,3.9,83,-,23.2,14.4,,16.99,1393
NI,47.82,2.03,1703,71,68,52,B,A,D-,64,22,5651,8.24,2.4,19,-,18.3,8.34,3.91,8.16,4710
NJR,57.49,2.30,525,82,62,59,B,B,B,64,-1,675,2.89,3.3,77,-,21.0,6.84,-40,23.6,682
NRG,136.70,-2.91,2210,27,16,21,B,B,C,64,6,3004,19.88,1.3,54,-,3.7,16.04,8.5,-44.4,2812
NWE,71.32,-0.18,500,73,63,61,B,B,C,64,-13,448,6.64,3.7,59,-,11.7,4.25,32.25,7.38,520
NWN,49.73,2.05,414,39,42,40,B,B,E,64,-29,209,-0.79,3.9,73,-,12.0,4.3,-874.5,2.19,287
OGE,49.44,2.40,601,66,38,49,B,B,A-,64,-11,1352,0.66,3.4,31,-,17.2,4.77,7.88,-22.58,1490
OGS,77.32,1.34,584,42,63,29,B,B,E,64,-16,561,-11.06,3.4,71,-,13.2,8.25,19.81,6.57,671
PAM,80.58,0.79,67,67,85,36,B,A,D,64,-40,143,38.41,,94,-,21.7,35.96,215.43,39.29,244
PCG,17.05,2.90,2204,70,90,44,B,B,C-,64,-38,12405,15.01,1.2,92,-,9.7,9.79,16.33,30.3,19937
PCYO,10.81,-1.73,147,76,90,37,B,A,B-,64,-47,31,29.39,,64,-,67.0,,,36.73,59
PEG,81.62,1.68,2000,66,62,34,B,A,B,64,48,4603,19.43,3.2,55,-,19.3,8.18,7.98,8.39,2960
PNW,109.37,2.89,896,92,96,63,B,B,B,64,3,1144,11.36,3.4,45,-,13.8,-6.08,-7.28,775,1260
POR,52.72,2.45,692,69,50,52,B,B,B+,64,13,1468,-5.28,4.2,58,-,10.6,11.19,12.65,-36.38,1347
PPL,36.89,3.57,1405,64,71,37,B,B,C,64,6,10499,10.78,3.1,48,-,16.3,7.83,15,5,9982
RGCO,24.06,-0.87,143,57,54,50,B,B,E,64,-15,11,24.67,3.7,66,-,18.2,,20,13.51,13
SBS,5.75,,249,77,94,53,B,A,D,64,-99,4238,20.21,3.5,80,-,30.6,20.2,-12.32,52.45,6628
SO,97.98,3.01,2061,78,73,43,B,A,B,64,-17,5282,8,3.1,29,-,16.9,6.42,7.73,7.32,6115
SR,79.68,2.15,588,43,66,27,B,C,D,64,31,716,-2.98,4.1,78,-,13.4,-6.95,-1884.1,4.44,553
SRE,93.06,1.85,2330,50,53,42,B,C,D,64,-34,2170,-3.87,2.8,60,-,8.5,8.97,16.29,4.86,3921
SWX,89.81,1.47,662,46,43,50,B,D,D,64,2,577,-54.87,2.8,86,-,17.1,16.35,341.72,20.89,561
TAC,13.47,-0.96,288,27,31,47,B,D,E,64,28,2794,-24.58,1.2,1,-,-6.1,58.34,-16.73,-73.02,1638
TEZNY,35.04,1.68,1,44,18,50,B,A,E,64,-33,14,24.33,2.5,57,-,40.5,,,10.49,22
TLN,364.67,1.08,713,40,32,51,B,B,E,64,9,914,189.49,,2,-,-6.6,560.93,145.19,145.24,837
TXNM,56.94,0.39,454,44,61,30,B,C,E,64,361,7134,4.6,3.0,13,-,8.3,24.7,125.94,10.53,1660
UTL,53.48,1.96,353,72,77,44,B,B,C,64,11,145,26.99,3.5,76,-,12.2,3.32,-15.52,8.05,144
VEOEY,20.90,2.45,8,79,83,63,B,B,D,64,-74,98,6.47,3.2,52,-,5.0,2.69,21.12,18.07,378
VST,151.05,-1.38,2220,36,44,23,B,A,D-,64,-14,4254,43.4,0.6,0,-,6.6,316.88,171.3,881.52,4936
WAVE,9.25,8.57,2,55,9,87,B,E,A+,64,-21,65,-77.09,,0,7/1/2021,-9550.0,-25.71,24.28,-38.16,85
WEC,118.83,2.25,1547,81,66,48,B,A,B+,64,-46,1187,9.04,3.2,34,-,17.1,6.23,9.24,7.93,2169
WTRG,39.38,3.55,831,62,50,35,B,A,B,64,16,2315,9.97,3.5,53,-,25.1,1.71,6.82,-19.42,2043
WTTR,17.99,-5.37,375,79,65,86,B,D,B,64,-21,1514,-2.25,1.4,4,4/21/2017,1.8,21.31,31.22,66.58,2021
XEL,81.96,2.84,1946,65,70,50,B,B,E,64,-26,4251,2.94,2.9,40,-,12.1,8.21,5.49,8.33,5835
XNGSY,21.19,1.73,,11,32,6,B,C,E,64,-22,33,2.52,6.1,95,-,6.8,,,2.99,44
YORW,31.42,1.62,208,61,63,33,B,B,B,64,-18,121,8.77,3.0,37,-,24.8,15.11,14.29,32,145
CQP,61.34,1.12,57,55,58,40,B,A,E,65,-41,72,20.44,5.2,70,3/21/2007,27.8,-23.93,5.09,-82.41,123
DKL,52.25,1.12,34,72,48,51,B,B,A,65,-46,43,19.02,8.9,50,11/2/2012,17.5,-2.63,2.2,-17.81,83
DTM,144.59,0.56,720,80,84,65,B,A,E,65,-34,505,10.89,2.3,5,-,48.1,12.73,12.29,19.81,753
ENB,54.08,1.48,1811,50,39,47,B,A,D-,65,2,3880,28.14,4.7,20,-,15.0,-6.38,-9.01,-3.21,4214
EPD,36.75,0.63,240,50,57,44,B,B,E,65,-57,1510,-6.69,6.0,85,7/28/1998,11.3,9.28,15.09,6.25,3829
ET,19.33,1.47,203,49,37,45,B,B,C-,65,-21,8634,32.12,7.0,55,2/3/2006,7.1,23.13,16.37,-2.78,11821
HESM,38.16,0.98,238,72,81,37,B,A,C,65,-48,862,2.12,8.3,90,4/5/2017,49.2,2.82,-6.62,4.62,1992
KMI,32.06,1.07,2081,71,86,45,B,B,D-,65,-20,9483,13.84,3.6,35,2/11/2011,23.8,12.86,13.68,41.18,10874
KNTK,47.75,0.32,404,60,45,48,B,C,A,65,-39,678,-7.51,6.5,40,-,33.2,-64.05,-25.08,-240,1118
LNG,245.97,0.84,2257,53,28,35,B,A,A,65,-25,1736,7.79,0.9,0,-,42.2,-110.54,-60.2,-1160.51,2314
MMLP,2.41,3.88,6,16,31,15,B,E,D-,65,60,60,-2.53,0.9,0,11/1/2002,-1.4,,,-464.72,38
MPLX,57.16,2.22,127,66,68,42,B,A,D,65,-44,1023,-2.81,7.6,95,10/26/2012,42.0,-10.6,4.65,-18.18,1967
OKE,87.83,2.45,1996,71,77,45,B,A,D,65,-25,3061,19.58,4.8,60,-,13.4,5.44,10.53,18.27,4077
PAA,22.51,1.21,65,53,50,57,B,C,D,65,-25,2101,3.82,7.6,65,11/18/1998,3.2,2.75,7.38,0,2842
PAGP,24.43,1.20,203,52,48,59,B,D,D,65,-58,705,3.82,7.0,15,10/16/2013,3.1,24.51,211.31,-76.19,1665
PBA,46.44,1.38,1319,45,26,55,B,B,D,65,-27,956,-6.12,4.3,30,-,26.0,10.94,7.88,3,1232
SMC,29.80,1.02,112,34,17,47,B,C,D,65,13,73,4.86,,5,9/28/2012,-0.4,42.24,-4.67,-638.91,67
SOBO,34.37,-0.23,447,44,28,56,B,C,D,65,44,1162,-1.41,5.5,45,-,31.4,-10.95,2.61,-6.38,917
TGS,28.40,-0.91,55,39,31,29,B,A,D,65,15,408,21.76,,75,-,37.5,52.58,216.13,20.83,352
TRGP,258.88,0.41,2119,87,97,70,B,B,D,65,23,1792,-10.23,1.8,25,12/7/2010,14.5,15.49,21.94,66.83,1244
TRP,66.47,1.30,1589,60,44,62,B,A,D-,65,-3,2487,18.93,3.7,10,-,35.8,3.06,-0.06,6.24,2435
WES,43.67,1.25,101,62,52,50,B,A,D,65,-59,558,22.51,8.6,80,12/7/2012,31.9,16.04,-2.02,7.59,1434
ATAT,32.22,-1.98,305,49,83,17,B,A,E,66,39,1571,188.68,2.6,45,11/11/2022,24.1,21.97,31.58,-49.59,1127
CHH,112.37,2.84,450,54,56,49,B,B,D,66,51,1006,2.32,1.0,73,-,28.6,2.39,1.85,-20.15,671
GHG,1.15,,4,16,20,10,B,D,A,66,-92,2,-9.63,4.5,91,3/27/2018,18.7,,,85.63,21
H,191.28,0.22,852,73,60,82,B,C,D,66,-11,792,1.76,0.3,0,11/5/2009,1.1,62.34,32.77,36.96,908
HBNB,5.38,1.22,2,17,24,37,B,E,D+,66,-11,5,,,9,-,-25.4,,,-307.97,6
HLT,338.12,1.81,2688,67,73,67,B,C,E,66,-3,1720,8.98,0.2,18,12/12/2013,17.3,11.39,2.74,16.86,1985
HTHT,42.14,-0.71,719,59,97,29,B,A,E,66,-20,1810,17.9,4.9,55,3/26/2010,28.9,17.49,23.94,43.73,2223
IHG,169.93,0.90,72,90,85,83,B,C,B-,66,-14,202,2.21,1.0,27,-,20.6,13.9,12.04,10.78,237
MAR,372.95,1.26,2399,66,72,74,B,C,E,66,3,1553,6.24,0.8,36,-,13.0,15.68,15.14,17.24,1504
SONDQ,,,5,,,,B,,B+,66,-100,0,-10.64,,0,-,-36.4,,,-159.83,3
TH,18.47,-6.39,227,57,5,98,B,D,B,66,-19,1302,4.13,,25,-,-13.5,48.11,16.59,-85.71,1628
VAC,100.25,0.37,378,70,25,88,B,C,A,66,-36,342,4.75,3.2,82,-,-5.9,3.6,-0.4,-25.3,522
WH,82.41,-1.42,678,52,66,38,B,B,E,66,56,2024,3.48,2.0,64,-,18.4,4.73,5.37,11.63,1336
AXIL,6.38,-1.62,11,,,,B,,C,67,-97,4,5.37,,29,-,5.0,140.27,479.55,-65.03,161
BOXL,5.00,-0.50,5,,,,B,,C+,67,-98,35,0.08,,28,11/30/2017,-22.6,56.29,61.79,73.4,595
CGTL,0.35,-5.44,3,,,,B,,C,67,-94,755,-41,,89,11/26/2024,-62.2,,,-31.37,8556
DSWL,3.43,-3.92,3,73,98,44,B,C,C,67,213,39,-13.36,5.3,71,7/19/1995,16.7,,,366.91,13
FEBO,0.91,-4.19,1,,,,B,,A+,67,-97,3,-35.99,,39,11/30/2023,-12.5,,,49.88,98
GPRO,0.72,-1.37,72,6,18,19,B,E,E,67,-34,4970,-26.24,,50,6/26/2014,-14.0,,,-191.67,7853
GRMN,240.02,1.00,2119,76,93,50,B,A,E,67,-43,508,14.23,1.8,43,12/8/2000,27.8,12.64,5.43,29.19,852
KOSS,3.97,1.79,22,,,,B,,A-,67,-82,5,1.57,,33,-,-6.8,,,-70.91,27
MSN,0.35,-1.23,8,,,,B,,E,67,-55,41,-17.17,,22,-,-68.2,,,39.73,132
NN,16.28,-8.28,210,26,34,38,B,E,D-,67,8,3085,-35.35,,0,-,-4134.2,63.73,67.71,73.33,2863
RAY,2.95,1.37,1,,,,B,,E,67,-84,3,-13.16,,86,5/15/2024,13.4,,,-41.41,15
RIME,0.58,-5.12,8,,,,B,,E,67,-84,88,20.42,,11,-,-345.3,73.55,-50,78,578
SONO,13.62,1.64,470,34,65,33,B,D,E,67,-2,1760,8.38,,14,8/2/2018,-3.5,176.47,233.33,58.62,1879
SYNX,1.05,-2.78,,,,,B,,B,67,-77,16,-5.27,,17,1/12/2024,-52.7,,,31.07,73
TBCH,12.55,-2.41,192,33,7,43,B,C,B+,67,-49,161,-33.96,,0,-,5.3,-8.31,-134.41,-724911.32,316
UEIC,4.77,1.71,80,38,23,56,B,E,A+,67,-34,29,-14.39,,57,2/12/1993,-3.3,12.9,-83.33,16.67,46
WLDS,1.72,,2,,,,B,,B+,67,-87,56,175.78,,6,9/13/2022,-1252.2,,,90.21,297
ZEPP,5.09,-1.74,39,17,50,12,B,D,E,67,-83,24,0,,44,2/8/2018,-13.7,108.33,,12.5,143
AIIR,6.71,-2.75,53,7,31,6,B,E,E,68,-97,6,,,10,6/26/2025,,421.64,,632.58,187
BARK,10.93,1.49,84,17,7,22,B,E,A-,68,-99,39,-24.99,,18,-,-9.9,22.69,1.25,-65,87
BBWI,21.96,-1.83,738,39,35,44,B,D,A,68,-8,5891,-1.57,3.5,90,6/10/1982,12.1,-17.5,-34.73,-34.69,6067
BGI,0.56,-2.15,,,,,B,,A,68,-43,28,15.01,,30,8/11/1987,-8.6,,,19.39,309
BRLT,1.14,,24,6,5,12,B,D,D-,68,-54,35,5.99,97.1,33,9/23/2021,0.7,200,-132.4,-1120.41,77
DOGZ,1.09,-0.91,4,,,,B,,B+,68,-97,11,-36.2,,9,12/20/2017,-29.8,,,-73.12,432
EHGO,2.08,-21.80,1,,,,B,,A,68,-97,2356,16.06,,3,7/2/2024,-80.1,,,-84.84,6898
ELA,25.56,-5.05,105,97,95,96,B,A,C+,68,-15,103,103.87,,30,-,7.8,29.03,9.09,254.97,120
EYE,19.76,4.00,514,46,91,11,B,C,C-,68,-34,1680,6.58,,55,10/26/2017,2.1,20.94,2.58,32.35,2450
FAST,48.60,1.78,2473,83,77,52,B,A,B-,68,1,6883,12.37,2.0,15,8/20/1987,20.2,14.12,12.65,15.38,6911
FLWS,3.85,3.77,168,17,19,40,B,E,D+,68,-75,208,-11.6,,82,8/3/1999,-12.7,-43.9,-3.86,-8.45,827
FOSL,4.23,,88,39,34,68,B,E,D,68,-19,708,-3.64,,21,4/8/1993,-5.0,65.26,-185,75.26,885
GME,22.82,0.80,408,56,71,33,B,C,B+,68,-37,4610,14.05,,60,-,10.6,-7.63,-24,76.47,7619
GROV,1.25,-0.79,13,41,53,35,B,E,A,68,-49,29,-16.82,,24,-,-6.7,41.18,40,70,57
GRWG,1.47,-3.29,57,48,65,66,B,E,C-,68,-72,157,7.53,,12,-,-14.8,50.71,50.54,50,571
GWW,1342.98,0.35,2315,94,79,81,B,A,B,68,-13,254,10.13,0.7,25,-,13.5,15.64,13.09,18.15,316
HCWC,0.21,7.20,6,,,,B,,D,68,103,4110,,,,9/16/2024,,,,,2987
HOUR,1.84,-0.54,2,37,53,36,B,C,C-,68,-79,22,15.84,,20,1/7/2022,1.7,,,25.7,108
LUCY,0.76,-3.81,4,,,,B,,E,68,-79,16,70.2,,0,-,-285.2,35.26,43.94,48.61,77
MOV,37.61,-0.95,269,88,65,95,B,C,B+,68,-3,233,8.07,4.0,45,9/30/1993,5.1,35.82,52.17,300,246
MSM,122.78,-0.45,621,88,57,86,B,C,A,68,103,1545,7.82,2.9,35,-,7.0,22.16,26.66,32.41,764
MSS,0.72,1.88,5,,,,B,,E,68,-96,182,-13.48,,15,10/5/2023,0.9,-13822.56,120.56,-361.22,478
PTNM,10.39,,2,,,,B,,E,68,,0,,,6,5/30/2025,-36.9,,,,2701
RBA,112.81,-0.22,1482,85,90,55,B,B,B,68,45,1681,11.37,1.1,40,3/10/1998,11.7,11.14,8,13.48,1153
RDGT,1.53,5.52,,31,75,1,B,D,B-,68,-97,7005,-11.74,,45,-,-0.8,,,97.57,2692
RGS,27.10,-1.09,15,40,9,48,B,B,B-,68,-70,2,-7.99,,95,6/21/1991,0.7,-96.4,-99.61,-30.48,7
SBH,14.14,-0.56,461,59,54,44,B,B,B,68,-38,1008,2.29,,85,-,7.1,8.42,4.71,4.76,1606
SIG,84.12,-0.64,623,46,73,33,B,C,E,68,19,1024,0.78,1.6,80,-,5.8,12.48,6.87,32.2,904
SVV,9.97,-0.40,248,51,36,57,B,C,A-,68,-61,446,8.93,,50,6/29/2023,2.2,7.37,1.61,0,1112
SWGAY,12.08,-0.98,2,25,2,68,B,D,E,68,-16,65,6.73,1.0,0,-,2.4,7922.69,,,78
TSCO,31.76,-1.55,2047,29,49,5,B,B,B-,68,-35,9343,3.61,3.1,70,2/17/1994,9.0,2.46,4.66,-8.82,14039
ULTA,461.33,1.44,2489,37,65,18,B,A,E,68,-31,567,11.08,,65,10/25/2007,12.4,12.25,6.66,15.52,818
WOOF,2.62,-3.68,268,39,83,21,B,D,C,68,-45,1114,0.22,,75,1/14/2021,-0.1,16.42,-20.75,327.74,2045
WRBY,29.26,-0.37,435,67,23,76,B,C,A,68,-37,2158,8.34,,5,9/29/2021,0.3,30.95,14.35,1.6,3431
YI,4.13,-0.24,3,8,9,19,B,E,D,68,-81,5,-30.34,,39,9/12/2018,-0.2,,,-118.6,25
ANY,2.44,-0.41,1,,,,B,,B,69,-96,134,-31.98,,5,-,-192.1,62.55,-218.33,63.13,3777
APP,527.06,-6.65,3241,85,76,62,B,A,A-,69,21,6003,24.15,,21,4/15/2021,72.1,65.18,57.06,113.17,5039
APPF,170.90,3.69,585,46,48,22,B,A,B+,69,-5,358,20.45,,42,6/26/2015,16.9,28.64,22.61,33.06,384
ARAI,0.40,-3.92,40,2,3,1,B,E,E,69,-83,261,,,0,-,-11325.7,7.5,,-200.18,1499
BLKB,30.09,-0.03,468,38,82,5,B,C,B-,69,-21,706,3.87,,83,7/22/2004,11.7,16.8,5.58,18.75,839
BRAI,6.03,4.96,3,7,1,16,B,E,C-,69,-100,52,,,,-,,,,,303
CCC,5.58,3.72,482,48,77,12,B,C,A,69,-13,10125,11.81,,71,-,2.0,22.49,8.59,37.5,11866
CHYM,20.87,-0.67,157,30,36,34,B,C,C,69,-31,3684,34.92,,40,6/12/2025,-51.4,107.3,99.97,2553.06,5346
CLBT,15.65,1.29,221,49,16,43,B,B,A+,69,72,3799,19.3,,17,-,19.1,5.79,-23.03,-42.86,2240
CLVT,2.59,16.67,335,34,55,20,B,D,A-,69,74,10153,-1.38,,88,-,-7.9,8,0.26,28.57,6201
CNSWF,1952.34,1.19,1707,61,85,26,B,A,B,69,30,22,19.86,0.2,25,-,9.7,,,71.56,8
COMP,12.62,0.56,532,76,34,91,B,C,A-,69,18,16125,99.38,,4,4/1/2021,-1.0,247.97,29.21,133.33,14019
CRNC,10.71,-7.11,263,51,33,64,B,D,A-,69,-47,585,-17.7,,58,-,-3.5,4.19,68.07,-66.47,1091
DSC,6.97,-9.60,,1,75,1,B,E,,69,-62,130,-14.19,,31,6/25/2026,-14.0,,,98.22,
DSGX,72.80,2.61,1153,70,93,19,B,A,A,69,20,725,14.75,,33,-,29.8,23.42,28.2,34.15,537
ECX,1.25,-2.34,22,37,55,37,B,D,C+,69,-74,497,-21.45,,55,-,-8.0,101.51,76.83,61.57,1955
FIS,41.80,2.45,2133,32,57,9,B,C,B,69,-21,5039,30.13,4.6,79,-,11.0,9.18,8.18,12.4,6646
FRGT,4.27,-6.36,1,,,,B,,E,69,-93,41,25.49,,21,8/8/2017,-60.1,,,10.19,232
GLOO,4.44,-3.48,10,8,20,15,B,D,E,69,-64,35,237.59,,10,11/19/2025,-170.2,92.56,58.66,28.4,120
GRDX,4.40,-1.12,5,,,,B,,B-,69,-66,42,,,2,10/11/2016,-18316.8,,,3.3,123
GTM,2.99,5.28,455,36,85,2,B,C,C+,69,-9,11700,1.47,,96,6/4/2020,15.6,1.44,5.72,21.74,12617
HPAI,0.61,-12.81,5,10,4,1,B,D,B+,69,-79,249,7.66,,36,-,6.9,,,-295.31,1253
LAW,3.88,-0.77,160,24,46,15,B,D,B-,69,-61,151,14.27,,24,7/21/2021,-27.8,-2.53,-58.83,12.5,388
MAPS,0.38,-2.18,43,12,7,3,B,C,A-,69,-60,543,-2.36,,29,-,1.9,200,200,-50,1827
MGRT,81.88,9.74,3,83,81,99,B,A,E,69,-71,6,308.56,,0,7/16/2025,20.9,,,182.83,19
PCOR,43.97,4.34,566,34,71,7,B,C,C+,69,23,3795,15.66,,46,5/20/2021,-7.1,23.69,18.27,47.83,2916
PDFS,59.18,-11.51,326,94,89,98,B,B,B,69,51,1376,25.85,,12,7/27/2001,1.5,32.71,38.16,47.62,869
PERF,1.69,-0.59,13,23,19,24,B,B,B-,69,-23,58,12,,38,-,8.3,33,500,0,74
PSN,56.29,5.89,553,38,66,25,B,C,D+,69,-13,1151,-4.07,,67,5/8/2019,6.0,3.95,-2.88,1.28,1300
RCAT,10.44,-1.04,234,23,32,39,B,E,E,69,-1,13990,849.34,,14,-,-175.9,15.07,-32.92,18.65,14300
RCT,0.24,-7.83,3,,,,B,,E,69,-50,3830,-11.6,,7,3/21/2025,-165.5,,,-36.81,7753
ROC,5.00,-4.94,7,12,2,17,B,E,C,69,-67,27,,,17,2/20/2026,-12.1,-120.96,,,82
RZLV,2.84,-7.79,110,19,7,37,B,E,B+,69,27,20366,,,12,-,-254.6,48.42,68,,16231
SPSC,59.06,1.33,495,60,92,16,B,A,A,69,-47,356,5.82,,75,4/22/2010,16.5,11.06,9.4,10,681
STEM,7.85,-0.88,37,17,57,14,B,D,E,69,-24,120,-10.77,,19,-,88.5,25.44,-2.01,26,159
SWVL,1.40,-1.41,1,,,,B,,E,69,-87,5,52.94,,64,-,6.1,,,101.72,33
TRAK,9.77,2.20,113,68,80,33,B,A,A+,69,-43,73,-0.52,0.9,54,11/2/2010,33.9,5.71,0,0,130
TTAN,78.31,5.77,321,62,79,37,B,C,A,69,-9,1412,24.63,,8,12/12/2024,-16.4,28.32,5.83,105.56,1599
TYL,318.10,5.45,1789,55,87,11,B,B,A,69,-6,775,8.55,,50,-,16.7,14.01,2,11.15,833
VIA,19.31,1.85,169,24,36,32,B,D,C,69,-3,920,29.19,,26,9/12/2025,-21.6,-2596.83,92.35,72.62,971
VRRM,4.30,1.90,488,29,57,1,B,A,C-,69,-42,4235,0.14,,92,-,19.9,-7,-2.7,-16.67,7290
VTEX,4.14,-0.96,130,64,83,33,B,B,A+,69,-57,714,11.99,,62,7/21/2021,9.3,-5.75,-3.32,813.08,1656
XZO,18.69,3.89,75,39,26,51,B,C,C,69,9,251,3.05,,95,11/5/2025,50.8,1.68,,17.12,234
AGMH,1.24,-0.80,,,,,B,,A+,70,-75,32,430.7,,97,4/18/2018,17.9,,,111.99,197
AMP,489.16,1.98,2502,84,89,40,B,A,A,70,-18,694,13.39,1.5,70,-,23.8,13.39,16.99,18.53,697
AXG,3.26,0.31,6,26,65,27,B,D,E,70,-56,73,453.43,,3,9/7/2023,-302.2,,,70.18,176
BGC,11.02,1.38,456,34,1,61,B,C,D,70,-29,2599,43.85,0.7,83,12/10/1999,7.3,20.34,9.68,41.38,3580
BULL,7.17,-0.14,140,33,33,43,B,C,B,70,-8,12375,36.26,,14,-,7.9,-49.73,102.91,127.82,13627
COHN,13.12,-3.46,20,,,,B,,D,70,-74,7,-5.52,7.5,90,6/17/2004,8.5,,,120.47,29
DSEEY,10.31,2.17,,85,77,67,B,B,B,70,-24,27,0.44,3.0,67,-,17.8,0.67,9.37,-14.28,44
ETOR,40.47,0.17,193,39,29,56,B,B,C,70,-1,1011,13.63,,40,5/14/2025,27.4,23.42,92.54,15.94,1022
EVR,342.64,0.47,865,82,98,56,B,A,E,70,-20,378,100.35,1.0,30,8/11/2006,20.5,33.11,7.13,115.76,481
FRHC,162.22,3.25,173,60,21,58,B,B,A+,70,113,310,50.42,,0,-,10.8,,,105.56,145
FUTU,95.04,-4.88,1023,41,88,7,B,A,E,70,-48,2140,24.69,2.6,77,3/8/2019,60.0,-11.1,26.64,-60.75,4030
GOLD,43.99,3.43,315,61,65,81,B,B,E,70,-15,459,243.98,1.9,57,-,0.2,464.79,129.76,680.56,513
GRAN,1.37,-11.61,1,,,,B,,C,70,-100,1,,,0,7/1/2025,44.1,,,,602
HLI,140.15,1.59,697,45,82,16,B,A,E,70,-29,497,-4.62,2.0,27,8/13/2015,21.4,31.7,-15.61,-16.84,711
HOOD,112.73,3.76,2440,70,25,67,B,A,A,70,38,41233,15.1,,3,7/29/2021,46.8,-8.67,-3.4,2.7,30383
IBKR,91.33,-2.06,1990,94,95,88,B,A,D,70,14,6589,16.96,0.4,7,5/4/2007,45.8,15.6,20.26,27.66,5089
JEF,52.62,2.57,625,65,95,46,B,B,D,70,10,2305,35,3.3,50,-,9.7,25.78,-8.71,155,2314
LAZ,41.54,0.53,509,39,62,23,B,A,E,70,-28,1467,3.85,5.0,37,5/5/2005,10.2,12.49,-9.43,-25,2118
LGHL,0.33,-7.33,,,,,B,,C+,70,-88,277,200.52,,73,-,-54.7,,,100.08,1375
LPLA,295.18,0.65,1549,63,88,20,B,A,C,70,-36,660,34.56,0.4,53,11/18/2010,6.8,14.15,18.71,8.74,1069
MC,68.55,3.21,506,50,22,53,B,A,D,70,4,1046,4.3,4.0,17,4/16/2014,21.3,3.24,15.97,-21.88,997
MFI,9.11,3.76,,16,20,6,B,C,C+,70,-25,9,37.54,,97,4/22/2024,223.8,-677.5,,104.39,12
MIAX,40.84,4.58,311,56,83,47,B,C,E,70,56,2901,-60.68,,13,8/14/2025,-5.0,-14.91,17.1,259.16,1969
NMR,9.06,0.89,50,71,73,69,B,B,E,70,-17,1227,6.09,3.2,73,-,11.3,3.01,-1.25,-13.54,1471
OPY,109.46,-2.13,157,91,83,85,B,B,C+,70,54,149,21.01,0.8,60,-,12.9,,,-171.13,97
PIPR,71.09,-1.46,558,52,90,20,B,A,E,70,-97,897,32.79,1.0,43,-,19.6,6.37,20.34,-2.2,625
PJT,162.99,4.53,472,82,97,44,B,A,C,70,79,724,28.88,0.7,20,-,20.0,8.11,4.96,46.67,412
PWP,16.47,2.11,287,13,26,19,B,D,E,70,-27,989,-29.7,1.7,10,-,6.9,48.53,61.11,-82.14,1390
RILY,7.98,-9.42,62,61,70,79,B,C,E,70,2,1067,150.82,,93,-,22.3,,,1754.3,1069
RJF,162.66,2.83,2018,81,77,46,B,A,B+,70,-3,1573,13.4,1.4,47,7/5/1983,17.1,11.34,32.64,16.94,1520
SCHW,97.00,1.27,3561,81,90,38,B,A,B-,70,-23,8893,15.77,1.4,33,9/21/1987,41.4,26.89,32.2,37.5,11636
SF,73.17,1.84,762,61,92,30,B,A,E,70,-32,994,14.82,2.0,63,7/19/1983,13.7,19.09,17.02,32.17,1481
SIEB,1.69,-0.59,84,8,12,7,B,C,E,70,-70,21,-18.84,,5,-,5.9,,,-116.18,70
SNEX,120.55,-2.58,578,95,96,95,B,B,C,70,-98,809,63.89,,23,-,0.3,56.74,51.49,120.21,837
TIGR,4.58,-0.87,80,40,86,5,B,A,D,70,-43,2926,26.32,,87,3/20/2019,33.9,-47.42,-13.84,-167.68,5128
TOP,1.77,-5.85,2,69,43,90,B,D,A+,70,-44,77,55.66,,30,6/1/2022,-174.9,,,142.26,141
XP,16.16,-0.12,786,53,89,20,B,A,D-,70,-36,3539,23.18,1.1,80,12/11/2019,28.7,6.78,10.88,22.96,5557
BTI,61.77,2.00,271,66,85,54,B-,B,E,71,-19,3475,3.85,5.3,71,-,31.9,-0.18,,1273.13,4233
ISPR,1.23,7.89,67,9,36,4,B-,E,E,71,-27,112,-28.66,,20,4/4/2023,-29.8,47.83,92.31,10.53,158
JAPAY,18.92,2.71,3,54,54,47,B-,B,D-,71,-56,59,0.49,2.8,57,-,20.9,14.64,10.04,16.2,136
KAVL,0.02,2.70,,,,,B-,,B-,71,-56,6,-20.23,,0,-,-3435.2,,,78.75,58
MO,72.71,1.64,1898,60,40,60,B-,C,B-,71,-29,6373,5.29,5.7,86,-,46.7,4.86,3.75,7.32,8999
PM,182.27,2.58,2671,68,85,53,B-,C,E,71,-9,4928,9.09,3.3,14,-,34.2,10.88,6.33,15.98,5103
RLX,1.93,-0.52,71,43,72,15,B-,A,D,71,-34,1757,108.28,5.8,43,1/22/2021,29.1,36.71,299.29,34.89,2637
TPB,85.94,-1.64,362,62,90,28,B-,A,C,71,-9,457,16.76,0.4,0,5/11/2016,17.9,-54.66,-73.1,-24.05,491
UVV,51.62,-0.88,323,16,14,26,B-,C,E,71,-6,231,1.85,6.2,29,-,3.5,62.88,-34.21,-157.94,248
XXII,4.01,-6.96,2,,,,B-,,C-,71,-84,23,-31.08,,10,-,-74.7,98.74,,-168.25,99
AMST,1.18,-12.59,7,,,,B-,,D,72,-98,89,171.53,,6,9/25/2020,-3274.6,,,10.23,4154
ANGH,3.50,7.69,2,25,15,44,B-,D,C-,72,128,45,5.32,,24,-,-87.3,,,-17.3,20
COUR,5.90,-1.34,340,19,12,17,B-,C,A,72,-28,5714,9.15,,43,3/31/2021,-6.1,40.99,-12.99,-41.67,7592
DAO,12.59,4.92,44,54,8,85,B-,D,B-,72,-44,51,10.35,,0,10/25/2019,1.9,64.91,213.99,-46.86,90
DUOL,125.76,3.75,659,58,61,31,B-,A,A+,72,-41,1002,26.53,,71,7/28/2021,17.6,-66.24,-36.23,23.61,1717
GNS,0.20,-6.11,3,,,,B-,,E,72,-63,4226,135.51,,12,4/12/2022,-659.8,89.29,,27.74,12641
JDZG,50.00,-25.37,,9,4,36,B-,E,E,72,-100,0,,,35,5/15/2024,-41.7,,,,136
KIDZ,0.68,-5.31,6,,,,B-,,E,72,-93,150,-36.37,,0,-,-209.3,,,-1.85,1423
KLTR,1.26,-3.08,102,14,28,19,B-,E,D,72,-20,369,-5.02,,29,7/21/2021,-5.0,-101.5,-188,-50,463
MYND,0.38,-2.83,3,,,,B-,,B+,72,-99,14,-22.38,,47,9/27/2017,-32.4,,,49.93,724
NAMI,3.63,4.91,,4,3,1,B-,E,D,72,-89,209,-1.14,,41,12/6/2024,-24.6,,,-944.4,39
NRDY,0.98,1.70,83,30,49,33,B-,E,C,72,-36,446,2.4,,65,-,-34.0,42,-32.36,66.67,712
NTCL,0.09,-11.25,1,8,3,1,B-,E,B-,72,-63,2692,-2.92,,29,12/13/2024,-111.7,,,-889.63,7548
SPOT,485.97,2.86,3115,63,81,18,B-,A,A,72,-28,1724,11.92,,14,4/3/2018,12.9,17.07,745.05,233.54,2322
VTSI,3.11,-2.81,40,4,10,7,B-,D,E,72,16,68,-51.48,,59,-,0.7,-1225,-600,-209.09,60
XNET,5.64,-3.42,36,41,49,29,B-,A,C-,72,-48,191,11.08,,86,6/24/2014,227.3,,,-23533.8,357
ZDGE,3.16,-3.66,38,,,,B-,,B,72,-83,21,3.13,2.3,57,-,-9.2,-120,308.16,16.67,152
ADNT,18.76,3.42,464,17,39,23,B-,D,E,73,12,1203,7.03,,76,-,-0.6,9.46,26.08,-24.64,1019
AEVA,23.98,-13.74,194,52,34,84,B-,C,D-,73,9,2667,85.93,,13,-,-802.7,3.43,1.36,8.89,2482
ALSN,116.37,-0.93,785,51,44,56,B-,A,E,73,896,12260,83.55,1.0,24,3/15/2012,26.7,20.91,6.71,-40.36,995
ALV,116.24,2.56,639,58,69,43,B-,B,D-,73,-7,674,6.79,2.9,62,-,9.1,6.8,9.21,-4.65,733
AMTY,0.03,0.67,1,,,,B-,,D+,73,-17,0,11.93,,0,-,6.5,,,144.72,5
APELY,26.82,4.90,1,25,15,40,B-,C,E,73,-48,0,-4.67,2.2,38,-,4.3,5.48,-97.91,-63.94,1
APTV,58.89,-2.31,2381,50,87,28,B-,C,D,73,-99,2246,5.41,,88,11/17/2011,4.5,-7.17,-21.37,19.45,3679
ARBE,0.78,-6.55,12,28,55,35,B-,D,D,73,-2,2745,1052.5,,11,-,-4524.5,34.15,14.81,38.46,2870
ATMU,49.71,0.14,576,49,73,34,B-,A,E,73,-51,522,14.65,0.4,26,5/26/2023,15.1,7.52,2.27,9.52,1074
AUR,6.63,-6.22,436,55,27,86,B-,E,A-,73,-35,20087,,,0,-,-27200.0,-5.58,-6.61,8.33,31460
BRDCY,10.81,3.10,4,59,84,35,B-,C,C+,73,-51,138,-1.65,2.4,59,-,8.0,9.07,47.61,58.96,330
BWA,63.52,-1.31,1055,70,78,84,B-,C,E,73,12,3659,0.51,1.0,56,8/13/1993,3.7,5.76,4.89,11.71,3264
CAAS,4.47,-0.45,12,81,93,40,B-,B,A,73,-83,6,21.45,,94,-,8.0,,,103.25,35
CPS,26.39,-0.08,206,7,10,24,B-,E,E,73,-27,123,2.89,,44,-,-0.9,242.2,870.51,-252.63,172
CREVF,,-99.90,,,,,B-,,E,73,-79,0,,,20,-,-309.4,,,-18240.51,0
CVR,10.33,-0.22,12,,,,B-,,E,73,-28,2,-5.44,1.2,28,-,-4.2,,,-190.27,4
CYATY,21.57,-4.75,4,42,20,70,B-,B,E,73,-67,299,52.27,0.4,68,-,19.5,32.6,49.25,39.61,1052
DAN,24.91,-5.00,536,11,5,39,B-,D,E,73,31,1947,-20.49,1.7,39,-,-0.4,125.56,123.91,-391.87,1501
DCH,5.13,-2.29,417,27,67,25,B-,D,E,73,-4,4073,68.56,,91,1/29/1999,0.0,52.9,-18.04,277.78,4393
DORM,137.65,1.40,483,86,77,63,B-,B,A+,73,-3,278,4.15,,32,3/12/1991,12.9,-6.69,-8.19,-22.28,287
ELVA,9.70,-7.44,66,63,47,88,B-,B,E,73,-7,394,20.18,,3,-,2.0,40.31,71.38,0,418
FAC,10.23,-7.21,36,25,32,35,B-,E,C-,73,-45,211,,,9,-,,-205.4,-204.61,8317.6,446
FRSX,1.87,-5.08,,,,,B-,,C+,73,-95,66,-21.94,,7,-,-3040.9,33.11,41.41,49.45,1238
GNTX,24.51,-0.65,685,60,61,47,B-,A,C,73,20,3231,17.11,1.9,47,-,18.2,10.43,6.27,14.29,2488
GT,6.59,2.01,471,13,9,20,B-,D,B,73,208,54348,-8.75,,6,-,-0.7,-170.72,-252.91,-875,9241
GTEC,0.55,-7.14,5,,,,B-,,B,73,14,129,17.81,,97,-,13.3,184.82,144.14,-18.39,115
GTX,31.75,-5.48,562,70,43,97,B-,D,C,73,37,4213,12.19,0.9,29,-,10.9,15.92,8.64,53.68,3144
HLLY,2.40,-2.04,187,37,92,13,B-,D,D+,73,-28,638,-3.73,,65,-,4.7,78.57,29.43,150,889
HSAI,17.19,-5.70,232,32,52,15,B-,B,D,73,3,1951,37.41,,12,2/9/2023,15.4,19.92,148.83,189.74,1893
INVZ,0.69,-8.86,29,16,20,23,B-,D,C,73,12,3705,-58.98,,17,-,-122.8,8.82,14.81,-71.43,3378
KDK,5.32,-3.80,48,7,29,6,B-,E,E,73,-6,1127,,,6,-,-15420.6,92.53,-3406.71,108.83,1248
LCII,103.36,1.29,572,54,94,24,B-,B,D+,73,170,1182,4.3,4.8,50,-,6.2,18.04,13.74,18.26,440
LEA,130.85,0.35,803,58,76,63,B-,C,E,73,-25,512,4.72,2.3,82,4/28/1994,2.7,16.1,11.47,24.04,655
LIDR,1.41,-1.40,22,18,66,16,B-,E,E,73,-76,845,57.81,,4,-,-14569.5,34.92,50.48,54.55,3584
MEC,33.55,-4.71,186,59,7,97,B-,D,B+,73,23,636,6.79,,37,5/9/2019,-2.6,-71.8,-185.11,-475,530
MGA,62.69,-0.60,1329,72,90,75,B-,D,E,73,-4,1427,3.1,3.1,79,8/23/1984,3.1,18.44,4.89,76.92,1404
MGDDY,19.83,2.53,3,50,10,64,B-,C,B,73,-13,100,-5.33,3.1,44,-,8.3,9.24,,-7.58,118
MPAA,14.67,-2.46,197,53,31,69,B-,C,C,73,8,115,9.93,,35,3/23/1994,2.6,180.65,57.69,75,107
PATK,85.03,-0.28,584,25,48,12,B-,C,D,73,219,1955,-0.62,2.0,21,-,4.5,8.24,-7.75,-0.9,619
PHIN,75.71,-3.11,508,65,76,74,B-,C,E,73,25,483,10.3,1.4,41,-,5.7,22.87,24.05,37.23,394
PLOW,50.27,-3.83,362,96,98,85,B-,A,B,73,-7,234,19.75,2.2,18,5/5/2010,9.4,30.47,3.07,300,254
PONY,6.83,-6.31,225,9,40,5,B-,D,E,73,0,4586,145.01,,15,11/27/2024,-85.3,-77.83,-5.48,0,4599
QS,7.07,-7.10,317,26,44,33,B-,E,B-,73,-18,21898,,,0,-,,12.29,9.06,23.81,26747
REE,0.21,-1.50,13,,,,B-,,E,73,-13,139,4537.5,,9,-,-4456.4,,,67.96,161
SMP,37.93,-1.58,367,52,69,43,B-,B,E,73,-8,132,9.14,3.2,85,-,6.2,9.45,8.01,1.23,134
SRI,6.93,-4.02,138,21,9,65,B-,E,E,73,-26,184,-26.18,,26,10/10/1997,-6.4,,,-294.74,259
STRT,77.84,-5.87,225,36,37,43,B-,C,E,73,-14,88,-4.48,,71,-,4.4,15.06,-33.98,-40,103
THRM,33.88,-1.14,421,54,66,54,B-,C,D,73,-13,290,11.26,,53,6/10/1993,2.4,19.4,4.33,64.71,338
TWI,7.21,-6.00,236,11,11,30,B-,D,E,73,1,584,2.93,,30,5/19/1993,-0.6,49.94,-134.12,-51,584
VC,102.45,3.46,643,46,52,48,B-,C,D-,73,22,860,2.14,1.3,74,-,9.0,11.22,-7.67,-31.25,652
VGNT,40.20,-3.90,525,37,37,69,B-,E,E,73,-3,1744,,,83,-,6.0,-19.75,,,1605
VIVO,4.68,-5.65,3,57,49,81,B-,E,B-,73,-46,1041,-98.98,,2,-,-24804.9,,,62.31,1940
VLEEY,7.38,3.29,,37,11,73,B-,C,C-,73,33,4,10.15,2.5,48,-,2.2,78.87,43.7,0.1,4
WKHS,2.67,-9.18,7,,,,B-,,C,73,-42,131,575.43,,19,-,-302.1,30.04,94.56,96.46,225
WKSP,0.94,3.00,10,,,,B-,,D-,73,-93,485,47.89,,22,-,-120.2,64.08,48.59,48.57,7053
XPEL,48.52,-0.82,322,86,85,68,B-,A,B-,73,-21,208,13.05,,15,-,13.4,8.83,2.26,19.35,265
BZH,28.07,1.92,258,52,10,82,B-,D,B,74,-62,246,-27.5,,0,2/22/1994,1.7,-147.04,-3525,-107.14,641
CCS,69.99,0.21,447,54,14,70,B-,C,A,74,-22,287,-12.57,1.8,55,6/18/2014,4.8,-34.47,-53.28,-35.29,368
CHCI,16.09,-3.04,37,73,79,48,B-,A,D,74,46,34,38.03,,85,12/14/2004,20.5,,,4.74,24
CVCO,598.73,-0.53,531,74,50,67,B-,A,B,74,-45,77,8.22,,10,-,10.9,-0.13,-11.4,0.37,137
DFH,16.79,2.44,292,42,36,38,B-,B,A,74,-36,512,-10.31,,90,1/21/2021,6.6,-37.38,-47.32,-79.63,767
DHI,158.57,0.96,2256,44,18,58,B-,C,C,74,-27,2022,-2.27,1.1,40,6/5/1992,13.8,-8.63,-11.55,-13.18,2374
GRBK,79.25,0.75,444,83,50,74,B-,B,A,74,-23,208,-6.46,,70,6/14/2007,21.5,-17.54,-23.06,-16.77,251
HOV,134.53,-0.36,269,51,15,70,B-,C,A-,74,-16,103,-2.74,,5,9/7/1983,2.9,-83.04,-128.14,-118.93,125
KAZR,2.74,-5.19,5,4,8,15,B-,E,E,74,-52,140,6.27,,0,1/23/2025,2.0,,,-37.15,319
KBH,61.16,0.89,622,47,16,57,B-,C,A-,74,-29,852,-27.27,1.6,35,8/4/1986,8.9,-45.93,-44.54,-71.33,1289
LEN,88.21,1.32,1734,12,16,22,B-,C,E,74,-18,2294,-5.22,2.1,45,-,8.2,-29.37,-42.2,-31.49,2735
LEN.B,86.27,1.45,297,13,16,25,B-,C,E,74,-50,37,-5.22,2.2,50,-,8.2,-29.37,-42.2,-31.49,72
LGIH,62.03,1.99,349,65,33,83,B-,D,A+,74,-38,269,-9.02,,15,11/7/2013,5.8,-13.37,-38.73,41.18,439
MHO,156.84,0.18,577,75,35,77,B-,B,A,74,-17,212,-5.67,,80,11/2/1993,11.9,-21.2,-20.59,-35.93,256
MTH,81.86,0.38,598,61,16,76,B-,C,A,74,-19,783,-17.7,2.1,30,7/27/1988,10.0,-21.38,-36.12,-51.48,964
NVR,6750.79,1.61,1691,42,38,27,B-,B,B+,74,-21,19,-21.72,,25,6/17/1986,17.4,-18.19,-16.18,-28.55,28
PHM,133.67,0.81,2197,69,42,61,B-,B,A-,74,-34,1212,-12.44,0.8,60,-,16.8,-10.08,-21.08,-30.35,1886
SDHC,15.91,2.58,54,36,9,48,B-,C,A,74,-20,70,-8.12,,20,1/11/2024,7.3,-56.39,-57,-80,88
SKHSY,21.23,2.07,2,45,71,26,B-,B,C-,74,-66,45,-16.15,3.8,95,-,8.1,-6.7,11.99,7,143
TMHC,71.86,0.18,701,56,37,70,B-,C,D,74,-27,2203,-26.84,,75,4/10/2013,12.8,-31.86,-40.68,-51.21,3150
TOL,157.14,-0.15,854,82,67,69,B-,B,B,74,-16,865,-7.59,0.6,65,7/8/1986,16.3,-5.18,-21.9,-22.29,1128
XINRY,0.13,142.99,,,,,B-,,A+,74,229,0,-15.45,,5,-,1.7,,,7.66,2
AACG,1.04,-2.38,4,,,,B-,,A,75,-85,56,-10.45,,42,1/29/2008,-19.3,,,-119.53,20
AFYA,15.27,1.80,60,76,86,32,B-,A,A-,75,47,138,23.38,4.4,61,7/19/2019,22.9,-5.68,-2.03,1.62,95
AMBO,2.21,-5.96,,,,,B-,,E,75,-89,23,21.15,,97,8/5/2010,14.4,,,289.6,328
APEI,56.72,1.54,311,69,60,71,B-,B,D,75,-1,249,6.19,,13,11/9/2007,6.7,87.08,1900,129.27,261
CHGG,1.01,-8.18,83,28,34,55,B-,E,D+,75,-43,1182,-47.88,,65,11/13/2013,-26.6,-530.34,-151.68,150,2112
COE,16.10,-1.53,2,14,44,6,B-,D,E,75,380,48,70.54,,25,6/10/2016,-16.3,,,100.29,10
COGNY,0.46,-0.09,1,21,45,14,B-,B,D-,75,1169,13,46.7,4.4,78,-,8.5,,,80.43,2
CVSA,129.88,1.29,586,88,91,55,B-,A,A,75,-14,294,4.5,,26,6/21/1991,16.7,20.76,15.36,3.13,324
EDTK,0.99,0.62,2,,,,B-,,D,75,-44,1,-100,,,7/23/2020,-327.4,,,67.87,2
EDU,47.03,-1.40,210,49,95,16,B-,B,D,75,-16,530,19.8,2.5,43,9/7/2006,10.9,9.45,8.74,35.71,636
EEIQ,2.64,-7.69,2,,,,B-,,E,75,-74,52,16.83,,17,3/25/2021,-28.2,,,-48.46,207
FC,21.78,-12.85,200,49,33,71,B-,D,C,75,480,479,1.02,,0,6/3/1992,2.3,67.71,73.53,345.45,87
FCHL,1.15,-1.71,,,,,B-,,C,75,-99,44,2.69,,11,9/4/2025,-32.8,,,-932522186.1,1877
FEDU,9.64,-8.19,1,,,,B-,,B+,75,-63,0,-4.18,,83,11/8/2017,11.7,,,2151.71,0
GOTU,1.75,-1.13,33,18,25,9,B-,C,B,75,-43,300,20.8,,36,6/6/2019,-5.3,98.67,44.67,-69.5,530
GV,0.19,-1.88,2,,,,B-,,E,75,-95,127,-61.66,,6,5/17/2022,-310.2,,,-141.75,2531
IH,1.41,1.44,3,8,15,7,B-,C,D-,75,13,14,-10.08,,74,10/9/2020,12.6,,,-81.99,13
JZ,0.10,-28.15,3,25,60,1,B-,E,B,75,-50,2178,59.33,,28,8/26/2022,-22.7,,,96.99,4795
KLC,4.85,1.04,123,42,31,60,B-,D,A+,75,-31,685,0.64,,57,10/9/2024,-3.4,-73.05,-56.12,-82.61,993
LAUR,38.20,2.30,660,89,72,69,B-,A,B,75,-26,1065,15.41,,17,-,23.6,23.87,22.58,-54.55,1331
LGCY,11.69,-1.27,53,40,32,35,B-,A,D+,75,-57,26,15.02,,22,9/26/2024,17.2,14.12,66.67,4.76,62
LINC,52.33,-0.53,242,97,95,92,B-,B,B,75,-35,339,22.51,,4,6/23/2005,5.0,22.19,-107.03,26.38,525
LOPE,152.65,2.93,726,44,68,16,B-,A,D+,75,5,337,6.74,,30,11/20/2008,25.3,10.94,9.37,11.28,324
LRN,90.44,2.11,623,56,84,36,B-,A,D,75,-37,533,2.69,,35,12/13/2007,15.9,17.98,55.99,-4.46,853
LXEH,1.40,-0.71,2,,,,B-,,E,75,-100,11,-10.88,,3,10/1/2020,-393.3,,,,526
MH,10.50,1.45,159,23,65,8,B-,E,E,75,118,1501,-2.02,,87,7/24/2025,2.1,-4.2,9642.49,138.96,692
PRDO,34.43,3.55,540,72,86,35,B-,A,D,75,-4,635,4.1,1.8,39,1/29/1998,25.6,20.66,20.97,30.77,652
PXED,34.36,0.17,118,33,28,41,B-,D,C,75,32,129,-0.42,2.5,70,10/9/2025,18.1,-2.07,-19.85,1.22,100
RYET,1.03,,2,,,,B-,,E,75,-99,13,,,0,4/8/2025,-7.8,,,,1244
SKIL,7.06,6.33,106,36,50,49,B-,E,C,75,108,240,-23.92,,91,-,-29.9,0.96,-9.78,286.67,124
STG,4.06,-0.25,1,43,53,21,B-,B,B,75,-96,23,-5.03,,96,3/23/2018,21.3,,,8.43,562
STRA,80.98,2.26,428,72,92,30,B-,C,A-,75,-37,188,0.77,3.0,48,7/25/1996,14.0,16.29,18.42,9.23,298
TAL,9.81,-1.90,518,56,85,20,B-,A,C,75,-42,2291,31.49,,52,10/20/2010,22.8,-5.14,84.22,4600,3945
UTI,48.24,2.59,377,91,49,88,B-,A,A+,75,-9,1032,6.73,,9,12/17/2003,10.1,-31.56,-90.35,-95.24,1167
VSA,4.04,-3.35,1,,,,B-,,E,75,-97,14,-84.59,,69,4/3/2014,-3853.0,,,104.34,511
WAFU,1.57,1.95,5,,,,B-,,C+,75,-80,4,9.26,,31,4/30/2019,-4.4,,,69.11,22
YQ,2.18,-0.91,3,,,,B-,,B,75,485,52,382.34,,8,12/4/2020,-145.6,,,44,7
AMC,1.89,-2.07,200,41,29,59,B-,D,A-,76,47,53969,21.21,,41,12/18/2013,-12.9,81.22,-694.02,62.07,37729
BATRA,57.61,1.12,211,67,22,76,B-,C,A,76,36,81,52.52,,20,-,-3.3,86.45,-27.16,4.55,60
BATRB,70.00,2.25,,66,29,72,B-,C,A-,76,108,0,52.52,,20,-,-3.3,,,4.23,0
BATRK,52.77,2.17,337,54,22,77,B-,C,D,76,-26,398,52.52,,20,-,-3.3,105.41,-15.22,4.55,508
BODI,10.79,6.73,25,36,46,57,B-,D,D-,76,-11,54,-24.98,,75,-,-1.1,112.68,75.29,138.91,61
CAR,163.44,11.23,397,18,14,59,B-,E,D,76,-74,543,4.12,,21,9/12/1982,-8.0,19.32,-23.24,-199.68,2146
CCL,27.91,-2.14,2006,51,51,40,B-,A,D,76,-29,19204,5.29,2.1,79,7/27/1987,10.4,-0.79,-4.99,17.14,27732
CNK,31.53,-0.54,413,62,32,62,B-,B,B,76,5,2219,18.94,1.1,43,4/24/2007,4.9,105.89,43,81.25,2177
DIDIY,3.48,3.26,172,20,30,9,B-,C,B,76,-46,3534,15.9,,55,6/30/2021,-0.4,-228.57,111.39,-154.38,6610
ENHA,2.56,-6.57,34,22,86,2,B-,E,E,76,17,1192,,,7,-,,-2424.66,-219718,4333.89,1146
FBYD,19.23,-2.39,72,86,57,89,B-,A,A,76,19,139,214.75,,61,-,42.4,,,32.56,123
FUN,20.99,2.59,304,35,27,58,B-,D,C,76,-4,2056,11.67,,36,4/22/1987,-55.3,97.6,143.51,-4.61,2175
GDHG,1.32,-6.38,1,,,,B-,,D,76,-94,31,-16.2,,96,4/12/2023,-45.4,,,100.2,454
GRAB,3.90,0.26,1246,50,71,24,B-,B,B+,76,-42,31388,23.54,,29,-,8.0,87.62,129.91,200,52605
HGV,52.91,2.78,433,89,78,78,B-,C,A,76,22,1378,11.93,,61,-,3.5,163.42,101.15,1000,1140
HTZ,2.12,-3.64,312,9,51,2,B-,E,E,76,86,28157,10.54,,43,-,-9.8,58.97,35.21,35.71,15521
INSE,7.88,1.68,134,24,8,34,B-,E,B+,76,40,168,-5.3,,45,-,-1.9,161.11,111.03,-508.16,121
KUKEY,0.02,-31.39,,,,,B-,,E,76,-91,0,-85.84,,5,1/12/2021,-97.3,,,0.11,5
KUST,1.08,-18.80,2,,,,B-,,E,76,-97,1434,-3.6,,30,-,-43.3,,,-101.79,3604
LFS,2.28,-9.52,,19,52,17,B-,C,E,76,-93,145,2.01,,64,10/9/2025,5.2,,,330.66,2589
LIND,26.22,-1.98,290,76,48,95,B-,C,B-,76,-19,766,15.74,,38,-,-2.8,118.78,35.22,1736.73,887
LLYVA,104.11,0.24,229,39,2,70,B-,E,B-,76,64,323,-85.77,,87,-,-26.2,-258.18,121.68,-1627.34,311
LLYVB,105.00,,,33,2,49,B-,E,A+,76,219,0,,,87,-,-26.2,,,-1627.34,0
LLYVK,108.00,0.68,311,41,2,73,B-,E,B,76,3,464,-85.77,,87,-,-26.2,-258.18,121.68,-1627.34,416
LTH,40.81,1.92,577,99,98,90,B-,A,A+,76,-25,2424,11.71,,50,10/7/2021,16.5,-9.07,15.77,14.71,3227
LUCK,7.70,-0.90,47,21,34,18,B-,D,D+,76,-10,98,0.69,3.0,52,-,3.5,74.31,91.41,376.03,114
LYFT,15.37,3.64,710,36,23,38,B-,B,B-,76,-39,8802,13.81,,93,3/29/2019,-0.8,-91.19,-53.47,-83.28,14563
LYV,186.59,1.42,1837,62,4,75,B-,C,A+,76,-10,2321,12.15,,54,-,4.1,-7.93,61.56,-478.12,2685
MANU,23.11,0.43,76,75,54,87,B-,D,C+,76,-32,270,17.03,,0,8/10/2012,-6.0,-145.26,-532.01,191.39,391
MMA,0.55,0.93,2,17,1,24,B-,E,A+,76,-88,126,,,2,3/28/2024,-4088.4,,,,1152
MRM,1.07,0.94,1,,,,B-,,E,76,-97,10,-4.29,,89,12/29/2020,9.4,,,25.56,463
MSGE,78.39,-1.37,345,68,19,91,B-,C,A-,76,-29,706,1.57,,18,-,7.0,49.03,22.15,-35.29,502
MSGS,395.16,-0.00,389,69,27,88,B-,D,A,76,-37,177,1.89,,62,-,-1.7,64.76,822.65,-40.68,277
MTN,140.68,3.18,628,52,36,41,B-,B,A,76,-28,598,-6.98,6.4,39,2/4/1997,13.6,-42.53,-2.89,-16.41,831
NCLH,19.78,-4.31,856,54,55,32,B-,B,B,76,-34,15328,9.57,,86,1/18/2013,4.4,-21.73,-24.66,228.57,22355
NIPG,0.25,-1.24,3,3,3,1,B-,D,E,76,-5,118,42.34,,14,7/26/2024,-198.8,,,-405.54,142
NOMA,4.15,-2.12,7,8,7,16,B-,E,C,76,190,27,116.01,,0,-,-300.2,,,-303.67,9
OSW,28.68,1.96,394,97,96,82,B-,A,B+,76,-13,718,12.75,0.7,46,-,7.9,14.65,12,85.78,835
PLNT,53.45,1.44,698,46,93,5,B-,B,B,76,-35,1760,21.88,,68,8/6/2015,23.3,4.26,-1.91,25.42,2683
PRKS,48.44,2.80,334,52,17,74,B-,D,A,76,-47,517,-3.02,,54,4/19/2013,13.6,15.57,16.18,-137.93,1035
PRSU,55.40,-0.13,318,80,34,92,B-,C,A+,76,8,287,37.42,,25,-,12.2,104.38,136.25,18.92,269
PTON,5.75,-2.54,362,43,49,51,B-,E,A-,76,-29,9516,1.11,,11,9/26/2019,-4.6,144.46,144.9,150,13618
PUSA,3.85,-4.23,8,23,4,77,B-,E,E,76,-77,394,10.62,,12,2/12/2025,-127.1,,,-246.29,1729
RCL,296.30,-3.26,2265,61,52,41,B-,A,C,76,-28,2125,11.33,1.6,57,4/27/1993,24.4,10.98,-10.18,32.84,2874
RICK,27.44,-1.08,160,29,10,49,B-,D,A,76,-61,20,4.32,1.2,46,10/13/1995,5.5,,,-111.11,52
SDA,0.81,-2.09,8,30,61,2,B-,D,B+,76,-77,227,27.85,,4,-,-0.4,375,176.66,133.33,1132
SEG,27.12,1.92,176,79,61,81,B-,D,A+,76,53,98,-20.74,,16,-,-88.5,46.95,78.52,43.87,65
SPHR,163.79,-3.15,457,89,62,96,B-,C,A,76,-14,680,37.72,,14,-,4.7,-432.88,-140.86,98.24,740
THH,0.31,6.14,2,,,,B-,,E,76,-83,130,,,,8/28/2025,1.0,,,,777
TNL,76.59,1.86,660,80,87,65,B-,D,B,76,-35,601,2.89,3.1,82,-,8.4,16.28,14.62,30.63,920
TRNR,4.20,-3.45,3,,,,B-,,A+,76,-84,54,279.13,,9,4/28/2023,-207.9,89.11,86.81,94.11,211
UBER,74.43,2.44,3984,41,18,27,B-,A,A,76,-33,14095,14.48,,71,5/10/2019,11.2,-29.85,27.76,-13.25,20689
UP,8.88,-2.31,23,15,28,12,B-,E,B+,76,-97,98,-4.85,,34,-,-39.5,,,15.9,206
VENU,2.18,,24,5,25,2,B-,E,E,76,63,900,11.47,,11,11/27/2024,-283.7,-4.55,3.33,39.58,564
VIK,100.69,-1.28,737,87,58,91,B-,B,B,76,37,4280,17.47,,32,5/1/2024,18.0,27.04,25.66,54.17,3168
WETO,0.79,-6.74,2,17,3,46,B-,E,C,76,-79,32,-44.55,,18,2/27/2025,-35.4,,,-305.96,157
WMG,28.28,2.09,484,49,51,42,B-,A,D,76,-36,1771,16.71,2.8,36,6/3/2020,7.3,108.15,1261.38,177.55,2538
WRD,5.52,-3.33,90,9,43,6,B-,D,E,76,-37,1743,66.96,,7,10/25/2024,-241.1,-117.59,-110.32,12.47,2773
XHLD,2.08,2.71,4,,,,B-,,C,76,2852,2065,-8.03,,4,2/13/2025,-628.5,,,12,74
XPOF,6.78,-2.31,123,33,42,35,B-,E,A,76,11,666,-21.05,,27,7/23/2021,-16.6,195.07,-50.26,80,607
YYAI,7.50,0.67,8,,,,B-,,C,76,-81,5,113.07,,96,-,51.8,,,98.31,19
AMBP,4.83,2.99,235,86,85,70,B-,D,A,77,65,2819,18.61,8.7,35,-,0.1,17.93,10.55,150,1686
BGS,4.08,0.25,197,21,60,16,B-,E,D,77,-47,1085,-3.87,9.2,91,5/23/2007,-2.6,18.43,45.5,100,2076
BOF,4.78,-6.09,11,65,27,91,B-,D,B,77,-32,72,-18.37,,12,6/16/2023,-44.6,,,-18.33,108
BRID,6.52,-0.61,27,8,18,15,B-,D,E,77,-51,2,-1.17,,33,-,-7.8,,,-26.16,4
BRLS,1.30,-18.24,3,,,,B-,,C-,77,-86,41,7.63,,8,-,-63.3,,,16.32,324
CAG,14.34,0.28,1059,20,23,14,B-,D,B,77,-17,14564,-1.87,9.9,85,-,10.0,-26.28,-18.38,-23.53,18200
CHEF,95.62,0.27,467,98,94,92,B-,B,A+,77,-34,350,11.39,,3,7/28/2011,2.5,17.61,10.81,60,519
CHSN,1.03,,1,8,5,1,B-,C,C,77,-99,60,-10.33,,85,3/30/2023,1.4,,,-99.14,1146
CIMG,0.01,,1,,,,B-,,B+,77,-41,79,68900.99,,6,-,-47.5,,,67.85,189
CMPGY,33.31,4.00,19,82,83,53,B-,A,B,77,-66,133,10.56,2.0,21,-,5.5,12.31,,12.87,397
COOT,0.58,0.60,1,7,5,30,B-,E,D,77,-73,1152,10.32,,23,-,-3.4,,,-178.94,81
CPB,23.32,1.04,933,34,29,22,B-,B,A+,77,-23,7839,-4.4,6.9,79,-,7.8,-26.77,-36.35,-31.51,9489
DANOY,16.97,3.16,7,62,58,39,B-,B,A,77,-35,374,1.2,2.0,18,-,9.3,0.72,,14.6,579
DDC,0.93,-7.80,1,,,,B-,,C-,77,3,95,,,10,11/17/2023,-118.0,96.39,,55.04,96
FAMI,0.19,-18.02,1,,,,B-,,E,77,1008,3592,-57.28,,4,2/16/2018,-190.9,,,-180.99,344
FLO,8.63,2.62,465,30,36,17,B-,C,A,77,-17,6484,1.12,6.3,82,-,2.2,-23.44,-24.02,-17.14,8718
FRPT,56.38,0.68,546,57,74,28,B-,A,B,77,17,1919,13.07,,32,11/7/2014,6.4,-32.75,-34.34,87.23,1657
GIS,37.57,-0.53,2235,37,47,19,B-,B,B+,77,18,12760,1.17,6.8,71,-,2.2,-12.77,-16.46,28.38,10270
HAIN,0.53,-7.29,169,4,11,5,B-,E,E,77,-22,937,-13.32,,17,-,-32.9,-273.06,-61.25,-114.29,1294
HSY,182.14,1.94,2180,26,25,24,B-,A,E,77,5,2372,10.65,3.2,15,-,10.4,33.64,17.78,12.44,2110
JBSS,90.60,2.72,355,87,67,74,B-,B,A,77,-21,98,8,1.0,53,12/4/1991,7.0,13.92,1.71,-16.73,124
JJSF,75.92,0.04,365,38,74,15,B-,D,B,77,6,285,-3.17,4.2,38,2/4/1986,5.5,-7.18,-10.67,14.29,268
KHC,25.37,1.44,2138,48,36,45,B-,D,A+,77,-0,14467,0.8,6.8,76,-,-21.8,-20.9,-23.51,-6.45,14368
KRYAY,95.84,2.89,5,62,46,55,B-,C,A+,77,-87,6,16.42,1.7,29,-,11.3,,,-6.44,52
LSF,4.89,0.20,28,,,,B-,,A+,77,-25,51,19.63,,21,9/23/2020,-6.5,168.82,-166.67,650,68
LW,45.91,3.08,734,48,48,40,B-,B,A,77,-3,1534,2.91,3.4,56,-,7.5,-17.35,-28.52,-34.55,1493
MDLZ,60.91,2.63,2841,41,42,37,B-,B,D,77,-3,8918,8.24,3.3,26,6/13/2001,8.3,4.51,-7.05,-14.86,8719
MICC,18.72,3.48,1399,43,7,69,B-,C,C,77,-26,1226,-15.57,,6,-,5.7,-3.23,,-236.59,1559
MKC,53.45,1.02,1900,50,73,18,B-,B,B,77,1,4517,16.7,3.8,47,-,13.3,2.9,-11.01,15.94,4356
MKC.V,53.40,3.13,61,47,73,17,B-,B,C+,77,-83,1,16.7,3.8,50,-,13.3,2.9,-11.01,15.94,5
MZTI,115.79,-0.31,527,30,54,9,B-,B,C,77,14,433,-0.98,3.5,44,-,11.2,0.67,5.43,-7.14,385
NOMD,11.42,1.51,187,42,44,35,B-,C,A+,77,-23,1704,-2.38,6.1,97,-,4.8,-12.69,-18.11,-31.83,1495
NSRGY,105.44,2.59,74,60,38,50,B-,B,B+,77,-44,248,-2.21,2.1,24,-,12.0,-3.98,,-8.51,451
OFRM,21.38,-2.29,,44,35,63,B-,D,C,77,-9,438,43.71,,92,2/6/2026,-7.2,90.81,-103.45,-9.75,492
PEP,144.22,2.17,4105,45,70,30,B-,B,E,77,49,13042,8.5,4.2,41,-,10.9,6.02,4.09,8.78,7942
PETZ,1.24,-4.62,2,,,,B-,,B,77,-100,3,44.59,,94,9/21/2017,142.3,,,30.66,543
PLAG,1.88,-0.52,3,,,,B-,,B-,77,-46,33,656.56,,0,-,-584.8,,,120.03,62
POST,92.78,2.02,519,55,95,22,B-,C,D+,77,66,1419,4.65,,62,-,5.4,6.7,-15.05,37.59,856
RMCF,1.09,1.87,19,,,,B-,,E,77,-34,65,-24.06,,31,2/11/1986,-15.9,,,-10.69,99
SENEA,183.98,1.28,276,98,99,86,B-,B,A,77,-29,104,13.88,,65,-,9.0,-10.55,36.48,4139.1,147
SENEB,183.79,,23,79,99,73,B-,B,E,77,-94,0,13.88,,68,-,9.0,-10.55,36.48,4139.1,0
SJM,116.28,1.24,1234,72,52,66,B-,D,A,77,-7,1663,5.8,3.8,59,-,-0.7,9.78,15.97,19.91,1804
SMPL,13.73,1.70,453,34,52,10,B-,C,A+,77,-14,2017,-9.35,,88,-,9.4,-13.9,-30.68,-2.17,2358
SOWG,4.08,-1.21,4,11,28,3,B-,E,C-,77,-99,45,-100,,2,-,-301.7,,,96.41,444
SXT,124.49,1.57,507,84,75,81,B-,B,D+,77,-39,338,11.09,1.4,12,-,11.0,13.16,10.83,20.93,509
TR,40.78,1.85,293,59,64,40,B-,B,C,77,1,230,2.08,0.9,9,-,18.7,,,-14.12,230
UCFI,5.51,,15,,,,B-,,A+,77,,0,,,0,-,44.4,,,-162.62,143
UTZ,8.27,0.98,261,47,79,20,B-,D,A+,77,1,1949,2.62,3.3,74,-,-0.0,-5.29,8.79,-6.25,1959
ACTG,4.54,-3.40,149,37,33,52,B-,C,E,78,-26,183,-56.41,,43,-,11.0,-246.67,-50,-120.59,246
ATXG,3.53,5.40,2,19,45,4,B-,D,B-,78,-100,3,195.82,,0,-,-91.8,,,84.01,45
BOC,15.09,1.55,173,54,4,70,B-,D,A+,78,-12,205,1.87,,4,-,-16.1,80,57.14,-250,233
BRK.A,761579.98,1.41,250,81,81,43,B-,B,A-,78,-39,0,12.47,,22,-,22.2,0.56,-4.77,17.68,0
BRK.B,507.78,1.61,3576,83,82,43,B-,B,A+,78,-8,4388,12.47,,28,-,22.2,0.56,-4.77,17.68,5288
CHE,489.66,1.83,722,81,48,67,B-,B,A+,78,-28,174,1.63,0.5,33,-,14.1,12.96,31.15,0.36,242
CKHUY,8.27,-2.07,2,45,58,64,B-,C,E,78,131,480,-2.91,2.6,89,-,2.4,17.93,,26.52,218
CSL,366.73,1.63,1426,64,58,50,B-,B,B,78,-1,504,-3.99,1.1,44,-,18.9,8,2.42,0.55,432
GPGI,16.75,0.72,317,35,48,32,B-,D,B,78,-61,1189,305.39,0.1,50,-,-377.4,-3.85,-42.59,-52,2893
HTHIY,28.82,5.36,,38,62,35,B-,B,E,78,6,567,-1.29,0.8,17,-,11.6,15.29,-31.42,-7.61,547
IEP,7.24,0.84,11,13,36,24,B-,D,E,78,-41,564,15.43,27.8,22,-,-3.5,23.08,136.67,10.13,968
ITOCY,11.64,1.79,7,28,47,29,B-,C,E,78,-11,412,-6.34,20.1,72,-,5.9,7.93,16,-15.43,479
JCI,140.76,-2.79,2860,74,91,66,B-,C,E,78,34,5967,8.21,1.2,0,-,8.3,30.25,23.78,45.12,4197
KWY,10.50,0.57,84,17,24,19,B-,C,D,78,25,83,37.22,,13,7/12/2001,-10.2,,,19.7,68
MGLD,1.17,0.86,8,,,,B-,,D-,78,-11,17,2.31,,9,-,-24.5,,,120.79,21
MIELY,72.99,-1.78,4,69,79,77,B-,C,E,78,-48,62,-2.3,0.7,6,-,7.7,16.28,6.33,-4.14,126
MITSY,565.37,1.13,13,17,31,30,B-,C,E,78,-30,6,-8.41,2.2,67,-,4.6,20.55,-2.08,-20.68,9
MMM,160.44,0.30,2485,50,46,48,B-,B,D-,78,-51,1837,3.45,1.9,39,-,16.9,8.07,3.6,13.83,4115
OTTR,91.39,1.93,399,71,58,51,B-,B,B-,78,-25,206,2.87,2.5,78,-,24.7,-9.93,-18.19,6.79,274
PHG,27.74,1.99,81,52,86,42,B-,D,D,78,-23,931,-1.21,3.1,61,-,6.7,-4.92,-4.09,-4.64,1220
ROP,364.20,2.68,2429,58,73,19,B-,A,A+,78,-17,996,11.29,1.1,56,2/13/1992,24.5,9.51,8.54,7.95,1228
SEB,4337.15,-0.06,306,39,69,36,B-,C,E,78,-53,4,3.63,0.2,94,-,4.2,,,147.57,10
SIEGY,158.13,1.72,49,73,56,75,B-,B,D-,78,-38,108,4.66,1.5,11,-,13.2,13.47,0.9,-9.39,184
SSUMY,39.36,1.04,5,43,51,64,B-,C,E,78,-49,49,-6.56,2.0,83,-,6.0,5.68,2.8,-8.79,100
ATEN,36.30,-4.47,455,97,73,95,B-,A,A+,79,14,1260,13.4,0.7,20,3/21/2014,18.0,15.57,14.78,20,1148
BLIN,1.19,-0.83,9,,,,B-,,A,79,442,428,1.08,,60,6/29/2007,-16.6,91,82.18,83.01,65
CRWV,81.75,-4.60,922,12,11,34,B-,D,E,79,14,32788,111.69,,20,3/28/2025,-23.7,-129.22,-291.46,-85.6,29970
CXDO,7.62,-5.11,128,81,95,70,B-,B,D,79,-17,539,28.98,,60,-,7.9,16.95,8.22,25,660
FFIV,408.14,-3.78,2082,98,89,87,B-,A,A,79,-21,591,11.02,,40,6/4/1999,26.2,4.28,-3.85,14.04,747
GDS,29.82,-5.66,150,26,55,13,B-,B,E,79,45,3517,31.36,,0,11/2/2016,6.2,1028.43,241.47,226.13,2512
GEG,2.20,2.33,21,28,4,40,B-,D,A-,79,92,21,6.51,,0,6/11/1999,95.8,,,-113.67,11
INUV,1.07,-6.14,19,,,,B-,,E,79,156,455,-70.32,,53,-,-5.9,7.14,-70,230,181
IPM,1.72,-1.15,12,,,,B-,,E,79,-56,14,15.16,,40,-,-18.1,146.67,125,-183.33,33
NBIS,215.62,-5.92,920,62,26,98,B-,B,D+,79,42,24902,621.52,,13,5/24/2011,7.2,-836.3,-46.45,31.96,17740
RDCM,14.56,1.32,32,87,92,58,B-,A,B-,79,-39,163,12.02,,80,9/24/1997,17.6,9.17,14,12,268
RDVWF,0.00,,,,,,B-,,E,79,,0,,,,8/9/2000,-42.0,,,,2
SMSI,2.59,1.57,9,,,,B-,,D+,79,-98,20,-8.66,,7,9/19/1995,-169.3,71.92,87.18,46.43,191
SMX,15.05,0.94,,,,,B-,,D,79,-85,29,,,,-,,,,99.96,122
TCX,13.42,-2.61,109,9,19,8,B-,D,D+,79,20,33,2.16,,27,-,-17.3,,,-12.98,28
VNET,7.92,-10.10,195,16,18,29,B-,C,E,79,32,10860,26.91,,73,4/21/2011,4.2,73.41,13362.93,-860.39,8219
WYFI,31.44,-10.02,136,43,2,92,B-,D,C-,79,81,3655,17991.63,,47,8/7/2025,-32.5,-5.95,-20977.78,-56357.56,2039
AADX,23.06,-3.31,,1,29,53,B-,D,,80,-66,890,21.01,,33,6/3/2026,-2.8,249.01,124.35,-106.92,
ACHR,4.98,1.22,315,7,25,12,B-,E,E,80,-36,29036,,,0,-,-205966.7,-36.11,5.07,-64.71,45592
AERG,1.32,,,14,10,20,B-,E,B+,80,-58,29,-100,,2,3/26/1992,-3221.1,,,-16,82
AIR,140.11,-1.86,484,97,93,91,B-,B,A-,80,25,515,24.61,,66,-,1.4,25.36,18.97,26.26,431
AIRI,2.98,-1.00,21,,,,B-,,D,80,-6,33,-4.36,,38,-,-3.0,,,21.41,37
AIRO,7.60,-0.65,106,6,18,9,B-,D,E,80,-33,390,-24.53,,34,6/13/2025,3.2,-511.76,-174.7,-241.16,580
ARXS,44.95,-3.44,113,1,1,48,B-,E,,80,-15,1134,,,31,4/16/2026,3.9,,,,1222
ASLE,6.57,0.31,195,39,56,35,B-,D,B,80,8,434,7.36,,93,-,3.1,-18.18,-80,109.8,386
ATI,188.10,-2.12,880,91,94,93,B-,B,D-,80,-35,1307,0.62,,25,5/8/1987,11.4,36.53,37.82,38.89,1902
ATRO,70.83,-6.88,411,80,81,94,B-,B,E,80,-94,1104,11.99,,38,-,3.7,34.83,1574.98,126.92,668
ATROB,70.50,-7.03,29,78,81,92,B-,B,E,80,8,212,11.99,,39,-,3.7,34.83,1574.98,126.92,33
AVAV,190.89,10.70,624,44,87,22,B-,C,D,80,177,4167,133.27,,20,1/23/2007,-15.5,-0.58,10.69,14.29,1548
AVEX,20.69,5.40,48,1,1,22,B-,D,,80,13,2852,306.87,,65,4/17/2026,-3.8,308.48,,,2542
BA,226.49,3.62,2087,59,66,57,B-,B,E,80,-9,6053,13.96,,4,-,3.0,-113.22,76.72,59.18,6764
BAER,1.96,1.55,37,23,14,55,B-,C,D-,80,-27,511,-45.6,,16,-,3.2,-23.81,75,-68.29,703
BAESY,106.11,6.45,44,59,82,36,B-,A,D,80,-13,261,10.72,1.9,71,-,8.2,8.6,,9.6,296
BETA,18.11,4.20,231,16,6,40,B-,E,C,80,-3,1599,5.56,,8,11/4/2025,-2092.1,83.47,,-34.33,1675
BWXT,191.06,-0.10,882,65,88,47,B-,A,E,80,-44,587,26.08,0.5,43,-,12.4,17.23,2.57,23.08,1048
CAE,25.51,1.11,1006,30,56,24,B-,C,E,80,-8,896,5.06,,68,-,6.5,3.15,11.48,-9.74,922
CODA,9.62,-0.10,50,51,82,36,B-,A,E,80,-36,102,-1.62,,82,-,20.8,28.38,4.55,87.5,160
CVU,5.47,-0.36,33,,,,B-,,A+,80,-22,69,12.72,,45,9/17/1992,-2.5,,,191.11,89
CW,760.23,0.33,1281,84,80,82,B-,A,E,80,1,279,13.41,0.1,23,-,17.7,15.13,11.27,23.4,284
DCO,186.60,-1.92,381,94,81,95,B-,C,A,80,84,447,7.68,,27,-,-5.7,10.74,11.33,-9.64,246
DFSC,2.18,-6.84,,,,,B-,,E,80,-47,57,75.39,,17,-,-194.8,,,84.65,111
DPC,48.34,1.68,,1,1,1,B-,E,,80,-54,2736,,,28,6/25/2026,-24.4,,,,
DPRO,5.12,-2.85,15,26,52,45,B-,D,E,80,-43,1016,51.78,,10,-,-297.3,55.37,71.81,72.59,1803
DRS,43.72,2.42,495,71,86,43,B-,B,D+,80,213,3149,5.88,0.8,54,-,9.2,12.19,18.5,30,1018
DRSHF,1.65,-1.20,156,10,11,11,B-,B,E,80,-59,50,317.77,,2,-,0.6,,,-76.92,126
DUKR,4.80,-6.61,,,,,B-,,E,80,46,86,,,3,-,-329.2,,,-217.48,40
EADSY,58.53,3.76,42,80,69,62,B-,A,B+,80,-17,457,-3.11,1.3,62,-,8.2,40.5,62.06,-17.86,570
EH,6.31,-6.10,83,6,16,3,B-,D,E,80,-35,681,4.89,,47,12/12/2019,-65.9,-94.97,-72.84,-63.93,1051
EMBJ,64.11,2.03,324,67,73,52,B-,B,C-,80,-64,546,31.16,0.9,50,7/21/2000,3.6,45.88,37.12,-53.57,1566
ESLT,803.26,5.69,676,78,97,68,B-,A,E,80,14,129,15.46,0.6,16,-,7.1,28.42,25.59,42.13,114
EVEX,2.60,3.59,136,4,11,17,B-,E,E,80,-31,824,,,29,-,,-5.66,12.38,-22.99,1232
EVTL,1.85,0.54,28,6,40,6,B-,E,E,80,-27,2038,,,92,-,,-87.67,82.55,-108.93,2815
FJET,4.86,-0.82,10,7,9,11,B-,E,C,80,-54,1093,,,21,12/18/2025,,,,-25.54,2413
FLY,28.90,1.87,243,19,30,39,B-,D,E,80,-54,3551,44.8,,23,8/7/2025,-209.9,-40.65,91.1,7.76,7818
FTAI,248.06,-5.26,1045,66,54,76,B-,A,E,80,-6,1192,65.45,0.7,32,5/15/2015,24.2,52.47,7.09,48.28,1274
GD,373.54,3.40,1881,78,74,57,B-,A,D,80,-7,1293,10.29,1.8,79,-,9.7,8.12,5.13,12.02,1381
GE,377.52,0.69,3436,98,93,84,B-,A,A+,80,-45,3274,29.03,0.5,21,-,21.8,18.46,11.82,24.83,5892
HAWK,21.14,3.78,21,1,24,21,B-,D,,80,5,1560,116.49,,42,5/7/2026,-3.5,-497.12,-656.33,-8431.62,
HEI,362.09,0.66,1195,97,96,71,B-,A,A,80,-29,501,25.31,0.1,18,-,19.9,24.31,18.89,48.21,712
HEI.A,261.70,0.02,1025,93,96,60,B-,A,A-,80,-0,372,25.31,0.1,41,-,19.9,24.2,18.66,48.21,388
HII,291.50,4.49,1065,29,57,23,B-,B,E,80,-11,491,13.35,2.0,88,-,6.2,12.52,-1.27,0,560
HOVR,1.94,-2.51,7,17,9,74,B-,E,E,80,-64,922,,,7,4/3/2023,,-211.92,-17.08,-23.56,2583
HWM,270.41,1.12,2824,92,98,81,B-,A,D-,80,-21,2292,19.1,0.2,14,-,22.3,34.19,36.46,41.86,3039
HXL,99.31,1.24,676,81,70,86,B-,C,D+,80,-11,922,9.86,0.7,30,-,7.2,30.74,14.07,59.46,1055
ISSC,18.39,3.14,123,68,94,46,B-,A,E,80,-36,318,1.95,,91,8/4/2000,23.7,4.55,54.76,-13.33,493
JOBY,8.49,-3.96,359,10,25,19,B-,D,E,80,59,56176,55965.45,,14,-,-1738.0,27.12,43.54,-9.09,35568
KRKNF,4.50,-0.44,99,21,10,45,B-,B,E,80,-9,1326,40.77,,0,-,4.5,,,-684.05,1289
KRMN,56.37,2.62,606,37,80,17,B-,C,D,80,8,3252,51.02,,5,2/13/2025,6.9,55.98,31.06,120,3057
KTOS,55.35,4.36,829,40,95,18,B-,C,E,80,36,6712,22.6,,9,11/5/1999,2.5,39.02,22.54,33.33,5069
LHX,302.07,3.37,1941,33,45,33,B-,B,E,80,-12,1424,11.93,1.7,73,-,8.8,8.34,0.78,12.86,1499
LMT,545.91,4.62,1935,43,52,40,B-,B,D-,80,-4,1397,0.32,2.7,75,-,7.9,39.35,394.5,-11.54,1469
LOAR,80.90,0.80,454,90,73,70,B-,B,A+,80,-27,645,36.13,,11,4/25/2024,16.2,20.48,35.03,70,891
LUNR,19.58,-3.07,289,32,26,82,B-,E,E,80,-38,9224,198.65,,20,-,-49.0,51.83,46.53,-46.4,14651
MDA,40.75,3.16,411,83,60,94,B-,B,C,80,21,1297,34.78,,55,-,6.6,-4.07,-10.73,55.41,1124
MNTS,5.91,-9.08,7,50,74,43,B-,E,B,80,-57,2860,898.45,,5,-,-2744.9,,,92.69,6638
MOG.A,417.42,-0.85,646,98,95,94,B-,B,A-,80,20,366,12.53,0.3,46,-,8.1,22.06,11.25,37.5,311
MOG.B,415.46,,4,98,95,93,B-,B,B,80,-71,0,12.53,0.3,48,-,8.1,22.06,11.25,37.5,0
MPTI,91.02,-9.66,150,97,92,92,B-,A,B,80,130,264,15.35,,61,-,20.1,-5.22,3.13,23.39,117
MRCY,126.21,2.57,589,94,83,96,B-,D,A,80,-19,595,11.54,,7,1/29/1998,-5.5,68.06,-17.17,350,709
MRLN,5.28,-6.55,18,8,13,4,B-,E,C,80,-19,2136,,,12,-,-8660.6,-785.47,-352.65,-999.29,2761
NOC,549.01,5.59,1948,46,85,23,B-,B,D-,80,82,1741,4.36,2.0,89,-,12.1,6.1,-16.43,84.94,977
NPK,123.21,-0.12,268,38,41,40,B-,A,E,80,-24,93,14.48,0.8,77,-,8.4,,,-13.2,123
ONDS,7.41,-6.44,206,27,41,38,B-,C,E,80,23,87137,1079.85,,15,-,-261.9,185.1,-12.55,80.46,71117
OPXS,13.41,-2.12,39,69,63,41,B-,A,B+,80,-74,11,-10.28,,86,-,15.4,-6.63,5.55,-25.92,44
OSIS,221.76,3.19,589,48,82,17,B-,A,E,80,-46,173,2,,80,10/2/1997,10.9,11.26,16.18,6.56,322
PDYN,5.84,-3.47,118,22,28,36,B-,D,D+,80,-21,1614,106.9,,19,-,143.0,-482.29,-17.36,-603.15,2045
PKE,37.83,-1.05,235,96,90,94,B-,A,B-,80,-14,274,42.79,1.5,12,-,20.5,25,,205.31,329
PRZO,0.47,-6.75,1,,,,B-,,E,80,-91,290,18.86,,11,7/27/2023,-517.1,,,52.08,3206
RDW,11.31,-5.51,254,40,22,78,B-,D,C,80,-53,21031,57.95,,22,-,-75.0,64.2,88.83,-344.44,44800
RKLB,100.46,0.39,1381,61,48,95,B-,C,E,80,-20,22234,63.46,,27,-,-37.5,43.62,53.56,41.67,28447
RNMBY,253.72,5.93,13,43,91,7,B-,A,D,80,54,146,-12.2,0.9,34,-,15.3,68.4,116.17,19.19,97
RTX,199.25,3.90,2642,82,81,58,B-,B,B,80,-10,5193,8.72,1.6,64,-,9.9,10.45,6.37,21.09,5820
RYCEY,19.63,2.24,42,93,73,84,B-,A,B,80,341,13352,20.97,0.7,36,-,32.4,26.13,,-14.98,3065
SARO,30.11,0.37,606,70,65,54,B-,C,B+,80,-13,4143,13.32,,59,10/2/2024,6.2,55.33,67.24,26.32,4296
SATL,5.43,-1.99,130,37,24,78,B-,D,D,80,-39,5793,80.31,,7,-,-23.2,-414.81,59.9,-379.61,9719
SIF,24.65,0.57,35,89,62,99,B-,C,B+,80,153,233,38.98,,84,-,-0.9,,,296.81,92
SOAR,0.17,-1.99,4,,,,B-,,A+,80,-81,4989,-96.09,,98,-,1.4,,,-183.49,27305
SPAI,4.10,-5.31,17,19,30,47,B-,E,E,80,-84,53,560.24,,6,8/28/2024,-2360.8,37.25,-11.22,49.65,340
SPCE,2.70,-2.88,56,40,66,41,B-,E,B-,80,-59,14695,-50.76,,1,-,-18060.6,54.15,55.2,65.97,36277
SPIR,18.44,0.33,124,66,54,93,B-,D,D,80,-36,977,-33.68,,18,-,76.8,41.37,38.89,41.27,1586
SWMR,42.93,4.15,6,11,2,44,B-,E,E,80,-34,411,,,9,3/17/2026,-2752.1,12.72,,,633
TATT,47.60,-1.06,65,86,79,73,B-,A,B,80,-31,155,-2.36,,52,-,9.8,12.93,-3.81,-23.53,231
TDG,1348.49,3.00,1832,77,85,51,B-,B,A-,80,-17,363,18.33,,57,3/15/2006,29.8,7.24,6.8,8.12,419
TDY,652.08,-1.38,1839,83,82,64,B-,B,C,80,-9,316,7.6,,70,-,17.9,9.86,11.38,17.17,340
TXT,92.50,0.62,1462,69,86,49,B-,B,D,80,-17,1281,11.77,0.1,95,-,7.7,6.72,-0.68,13.28,1513
VOYG,34.22,1.21,229,32,24,71,B-,E,E,80,-35,1638,2.14,,25,6/11/2025,-67.8,-46.98,-45.42,-4.24,2555
VVX,74.10,3.03,489,72,89,72,B-,C,E,80,-32,536,23.45,,96,-,2.3,16.28,8.06,56.12,626
VWAV,4.14,1.97,10,2,3,4,B-,E,E,80,-25,620,,,99,-,,,,-333.65,831
WWD,418.02,-0.69,886,95,97,85,B-,A,C,80,-4,836,23.42,0.3,29,8/1/1940,14.6,35.71,37.13,34.32,876
XTIA,1.61,-5.29,15,28,73,29,B-,D,E,80,-51,833,5622.31,,24,-,-235.9,63.48,88.65,75.53,1734
YSS,24.90,1.26,207,14,11,43,B-,E,E,80,-42,1233,,,30,1/29/2026,-24.7,-7.4,,,2213
ZENA,1.42,-2.07,8,6,4,3,B-,D,D+,80,-64,1248,667.01,,12,-,-350.2,18.93,-32.63,-186.71,3550
ADUR,15.68,0.90,9,47,25,88,C+,E,D,81,96,979,-100,,3,-,-5253.1,-18.35,2.16,50.05,497
AMBIQ,0.09,,,,,,C+,,A,81,297900,0,,,52,-,3.9,,,,2
ARQ,2.27,-3.40,131,6,3,8,C+,D,D,81,-31,256,6.63,,12,-,-43.7,99.66,63.64,-519.02,376
AWX,2.52,,12,,,,C+,,E,81,-97,0,9.9,,83,-,-0.0,,,17.61,8
BNET,0.16,,,,,,C+,,C-,81,88,0,,,97,-,,,,18.63,9
CDTG,2.10,-0.94,2,,,,C+,,E,81,-96,178,-35.65,,18,4/18/2024,-63.8,,,-45399.36,237
CECO,82.15,-3.97,409,87,96,92,C+,B,E,81,22,1138,16.54,,17,-,10.7,103.32,11.46,260,946
CLH,291.20,0.16,903,61,71,58,C+,B,E,81,-22,427,1.93,,28,11/24/1987,8.8,18.2,15.76,9.17,536
CLWT,1.70,-6.59,1,,,,C+,,A,81,-97,75,-9.19,,6,-,1.5,,,-58.37,2140
CWST,97.49,2.23,580,68,55,54,C+,C,A,81,-9,698,9.64,,11,10/28/1997,0.7,6.61,0.05,5.26,768
DCI,89.09,0.64,755,63,74,50,C+,B,C-,81,-14,654,5.85,1.4,56,-,13.3,11.04,9.15,7.07,763
DEVSF,0.12,-0.33,2,,,,C+,,B-,81,-99,142,-92.92,,0,-,-46783.1,,,-489.55,25727
DXST,2.20,7.32,1,,,,C+,,E,81,-95,184,-20.04,,58,1/22/2025,-0.9,,,-92.68,2166
ECL,283.36,1.79,3190,78,90,47,C+,B,C,81,-47,1243,10.04,1.0,33,-,15.8,9.98,9.87,13.33,1738
FTEK,1.87,-10.10,21,38,25,56,C+,D,B,81,77,749,-4.73,,33,-,-8.7,-50,0,-100,434
GDC,2.42,7.08,3,4,7,1,C+,E,E,81,-3,1134,,,90,-,,,,-815.04,874
GFL,37.48,0.16,1041,49,93,16,C+,D,B,81,32,3432,6.8,0.2,22,3/3/2020,4.0,-1.24,-18.2,190.1,2763
GWAV,3.14,-1.26,6,,,,C+,,B-,81,-60,5,85.31,,24,-,-46.3,,,89.34,13
HDSN,5.99,5.64,243,20,16,21,C+,C,B,81,51,762,8.69,,72,11/1/1994,9.2,2.7,-22.83,-83.33,499
LIQT,0.76,-3.19,11,,,,C+,,E,81,-39,191,-10.42,,15,-,-52.1,11.24,13.64,-12,316
OIO,2.41,-2.82,1,5,3,2,C+,E,C,81,-100,5,19.27,,21,-,-84.3,,,-1564.26,92
ONT,20.92,1.45,344,43,61,21,C+,C,A-,81,-35,446,-5.24,,0,7/23/2020,1.4,185.71,-77.62,45.31,701
PESI,13.51,-11.70,139,51,24,75,C+,E,B+,81,163,705,-20.07,,30,12/9/1992,-17.3,-16.16,-23.29,-110.53,274
PPIH,25.46,-2.38,101,52,86,26,C+,A,E,81,-30,94,7.53,,89,12/15/1989,13.0,0.96,425.63,-64.11,137
QRHC,1.29,4.03,35,,,,C+,,C-,81,-82,8,-9.78,,39,-,-6.1,65.2,12.5,19.88,46
RSG,217.34,1.52,2484,67,80,29,C+,B,B+,81,-49,940,2.59,1.2,44,7/1/1998,15.6,3.74,3.5,7.59,1803
SCWO,1.99,-7.87,14,5,18,13,C+,E,E,81,-1,65,1.48,,6,-,-9754.2,,,12.67,66
TISI,17.54,0.92,37,56,62,51,C+,E,B+,81,-62,3,,,42,-,-5.2,,,-22.41,9
TOMZ,0.83,-2.05,9,,,,C+,,A,81,-90,62,4.93,,9,-,-66.5,21.05,33.33,-300,824
TTEK,29.90,2.47,1039,48,80,23,C+,B,C,81,-38,2353,-4.9,1.0,78,12/17/1991,6.9,-0.93,-7.75,3.03,3818
VLTO,92.55,2.45,2498,63,66,31,C+,A,B+,81,-6,2228,6.76,0.6,61,-,21.3,8.94,7.94,12.63,2441
WCN,168.82,2.50,1973,72,80,33,C+,B,A,81,-37,1097,6.39,0.8,39,-,15.0,6.81,5.58,8.85,1832
WM,230.40,2.82,3104,74,75,38,C+,A,B-,81,-4,2093,3.47,1.7,50,6/2/1988,13.6,9.1,3.73,8.38,2291
XYL,118.12,0.72,2796,57,86,24,C+,B,C+,81,-23,1588,2.71,1.5,67,-,13.1,8.98,6.14,8.74,2095
YDDL,2.09,3.98,2,3,1,6,C+,D,E,81,-63,32,,,94,10/9/2025,18.4,-11.28,,,88
AEO,16.46,-4.80,582,47,85,35,C+,C,D-,82,16,6774,9.7,2.8,92,4/13/1994,4.5,17.41,-52.19,148.28,5251
AKA,10.94,,10,28,23,52,C+,D,C-,82,-94,0,2.96,,11,9/22/2021,-4.9,41.3,-4.12,15.38,5
ANF,92.42,0.11,716,60,70,34,C+,A,B,82,-15,1189,1.5,,83,9/26/1996,13.7,8.41,-14.97,-7.55,1389
ASBFY,25.88,0.66,2,31,28,33,C+,C,B,82,-71,47,5.47,2.7,62,-,6.7,-9.68,,70.64,160
BKE,42.19,0.52,479,30,59,13,C+,A,E,82,-29,332,6.11,3.2,71,-,21.3,2.79,-7.25,31.43,481
BOOT,157.72,-2.74,680,59,80,37,C+,A,E,82,-37,478,18.73,,38,10/30/2014,13.3,16.36,-2.06,18.85,740
BURL,313.18,-0.57,1519,76,94,51,C+,A,D-,82,-47,460,14.09,,17,10/2/2013,7.1,20.97,35.74,25.62,831
CAL,11.71,-5.49,284,27,34,33,C+,D,D,82,-31,467,8.53,2.1,50,-,-0.4,166.67,7.62,72.73,678
CATO,3.35,2.13,61,56,66,53,C+,D,A-,82,-56,32,0.51,20.4,0,4/22/1987,-1.1,,,182.93,71
CTRN,55.28,-1.85,222,74,63,88,C+,C,C-,82,6,178,14.44,,4,5/18/2005,0.7,345.54,58.03,523.35,170
CURV,1.76,1.15,88,15,4,39,C+,E,D+,82,-45,265,-7.58,,20,7/1/2021,-1.0,71.43,-248.42,-93.07,553
DBGI,0.76,-3.11,8,,,,C+,,C,82,-90,533,-29.69,,0,5/14/2021,-382.8,,,11.57,6307
DBI,5.52,-4.50,211,34,49,53,C+,D,E,82,-19,574,1.37,3.2,67,6/29/2005,0.1,143.09,-24.98,126.92,697
DLTH,4.45,-1.98,53,80,65,91,C+,E,A,82,-42,84,-4,,49,11/20/2015,-2.7,48.84,-133.33,37.5,147
DXLG,0.66,-0.49,62,,,,C+,,A,82,-25,83,-2.08,,6,6/2/1987,-4.0,-2.38,-279.39,6.62,135
FMFC,0.27,-5.36,2,,,,C+,,D+,82,-86,290,-17.01,,37,6/25/2025,1.3,,,-74.09,2921
FRCOY,51.34,0.94,10,94,78,88,C+,A,B,82,-74,141,3.59,0.5,8,-,19.1,9.22,11.42,7.88,742
GAP,19.25,2.28,786,24,56,13,C+,B,E,82,8,8673,0.98,3.5,79,-,7.4,10.16,-12.64,-25.49,8254
GCO,33.16,-2.18,232,42,33,74,C+,D,E,82,23,234,2.75,,29,-,0.5,55.17,-19.96,-6.34,195
HMRZF,17.41,-4.50,1208,,,,C+,,D,82,180800,0,2.48,,42,-,7.2,,,6.7,0
IDEXY,16.20,2.69,16,77,82,60,C+,A,D-,82,113,1060,-5.61,1.9,25,-,19.9,9.91,16.93,-2.54,512
JEM,2.30,-28.35,2,,,,C+,,E,82,-24,15350,,,,6/9/2025,,,,,4615
JILL,16.49,0.86,161,49,22,48,C+,C,A+,82,3,70,-5.99,2.1,96,-,6.5,-16.89,-29.31,-48.86,67
LE,10.88,3.62,197,32,57,15,C+,C,C,82,44,357,-8.53,,54,-,0.6,-41.28,254.17,38.89,251
LULU,118.43,1.74,2105,27,49,7,C+,A,C-,82,-33,2635,4.26,,75,7/27/2007,20.2,-17.13,-41.03,-35,4047
PLCE,2.90,-4.29,23,4,9,10,C+,E,D-,82,-26,368,-11.11,,9,9/18/1997,-7.5,-25.76,-500.24,-45.01,507
ROST,213.43,0.72,2834,75,87,64,C+,A,E,82,-38,1968,20.57,0.8,21,8/8/1985,12.5,18.36,23.88,37.41,3221
RVLV,22.62,-2.75,334,67,93,30,C+,B,B,82,-56,541,15.56,,33,6/7/2019,6.7,4.59,53.24,25,1217
SHOE,15.09,-0.07,271,8,17,16,C+,D,E,82,15,561,-2.52,4.3,88,3/16/1993,6.2,-21.23,-50.95,-32.35,489
SORA,1.89,2.16,2,4,1,11,C+,E,E,82,-24,10,,,97,4/2/2025,113.4,,,,13
TJX,154.26,1.92,4217,66,89,41,C+,A,E,82,-15,4919,9.24,1.2,12,-,12.1,10.65,8.33,29.35,5995
TLF,2.39,0.84,17,,,,C+,,A,82,115,73,3.24,,17,-,16.1,,,-98.14,37
TLYS,3.94,-9.63,56,49,59,76,C+,D,E,82,22,377,15.9,,34,5/4/2012,-3.2,90.52,65,64.86,342
URBN,70.72,0.21,682,71,93,43,C+,A,D-,82,-25,957,11.42,,58,11/9/1993,9.7,13.04,8.47,12.07,1257
XELB,1.73,-4.95,9,,,,C+,,C+,82,-53,35,-17.42,,3,-,-354.3,7.24,-2.7,58.62,420
ZUMZ,17.55,-2.34,253,14,35,18,C+,D,E,82,88,358,4.88,,46,5/6/2005,2.6,-7.53,-77.78,-24.24,191
ACB,2.84,1.07,34,5,12,10,C+,C,E,83,12,1379,-8.51,,85,-,-17.6,89.02,73.48,-279.97,1233
AKAN,12.33,-9.47,,,,,C+,,C,83,-100,20,-28.24,,0,3/15/2022,-18353.9,,,-1400.09,2992
AYRWF,0.01,-11.57,3,,,,C+,,D-,83,382,937,-9.09,,12,-,-68.8,,,54.45,198
BLMH,0.22,-9.17,,,,,C+,,A,83,81,9,42.13,,30,-,-37.8,,,-107.52,7
BMMJ,0.00,,,,,,C+,,E,83,-46,0,-39.75,,42,-,-79.5,,,37.23,4
CANN,0.02,-0.49,,,,,C+,,A+,83,-78,15,,,61,-,-7.2,,,,100
CBSTQ,0.00,900.00,51,5,6,1,C+,E,C,83,-98,13,-30.38,,18,-,-13.5,,,-712.24,299
CBWTF,0.12,-3.85,,62,13,77,C+,A,B,83,-28,443,27.28,,88,-,21.5,,,-185.4,629
CGC,1.00,5.41,31,27,72,31,C+,E,D-,83,73,16347,7.79,,27,-,-92.4,65.76,59.19,72.48,9444
CNTMF,0.02,,2,,,,C+,,C,83,-32,479,-33.05,,6,-,-78.4,,,12.75,704
CRLBF,0.82,5.10,3,14,31,34,C+,E,E,83,-78,171,-8.71,,33,-,-14.6,81.36,39.27,28.57,828
CRON,2.86,,92,64,45,64,C+,B,B,83,-35,1075,34.47,,0,-,-11.7,537.5,105,100,1669
CURLD,10.24,-2.66,35,71,61,92,C+,D,B,83,-99,292,4.59,,58,-,-6.2,60.87,0,228.57,442
CVSI,0.02,-1.64,,,,,C+,,E,83,122,1439,-11.4,,70,-,-6.9,,,5.43,672
CWBHF,0.33,2.19,4,15,7,54,C+,E,E,83,-93,33,-9.28,,24,-,-59.7,21.05,50,-100,483
FFNTF,,,,,,,C+,,B-,83,40685,0,-38.81,,45,-,-38.6,,,75,39
GLAS,12.50,1.46,6,76,55,93,C+,E,B+,83,-1,405,,,39,-,-9.3,,,569.73,357
GTBIF,7.60,,10,70,78,69,C+,B,C-,83,-20,453,7.39,,50,-,22.4,-72.32,300,75,591
HITI,2.30,-1.29,22,18,37,24,C+,C,E,83,-34,391,26.44,,82,-,-8.7,106.55,-100.3,124.3,671
IMCC,0.15,-1.35,,,,,C+,,B-,83,-89,369,-29.16,,36,-,-21.3,,,-535.38,5196
INCR,1.09,-3.54,6,27,2,49,C+,E,A+,83,-36,36,5.84,,48,-,-16.4,,,-303.18,65
LFSWF,0.03,-25.61,,,,,C+,,D-,83,-55,2,25.42,,9,-,-1199.0,,,72.26,7
MJNA,0.00,-50.00,,,,,C+,,D,83,-64,8046,16.31,,79,-,-7.5,,,-81.14,23116
MRMD,0.07,-1.24,,,,,C+,,C-,83,-79,153,4.02,,67,-,-6.8,-505.41,-304.08,20.44,735
NASC,0.01,-5.95,1,,,,C+,,E,83,113,0,-96.36,,3,-,-1282.8,,,86.13,28
OGI,1.03,0.98,31,21,56,8,C+,C,D,83,-24,570,-6.94,,97,-,-14.9,126.96,,92.91,759
RYM,25.44,-0.24,9,42,45,60,C+,D,B,83,178,34,2369.52,,15,1/28/2021,-201.0,,,121.79,13
SNDL,1.38,0.36,38,16,46,27,C+,D,E,83,9,2692,-3.31,,91,8/1/2019,-1.3,66.99,-150,32.57,2494
TLRY,4.62,4.29,85,13,60,8,C+,D,E,83,8,5594,11.28,,52,7/19/2018,-280.3,97.41,99.94,97.43,5260
TRLV,9.78,2.52,7,66,39,92,C+,D,B,83,18,1054,-3.69,,64,-,7.7,129.61,223.33,105.88,1143
TSNDF,0.63,1.61,12,30,46,54,C+,E,E,83,-74,122,-7.69,,76,-,1.9,43.33,66.67,40,455
VREOD,9.95,4.08,4,18,49,11,C+,C,E,83,-76,4,332.75,,55,-,-14.8,111.66,125.13,26.57,14
VRNOD,6.14,-0.81,9,38,14,74,C+,E,B+,83,-99,185,-0.78,,21,-,-20.2,47.69,48.31,-26.65,262
AOUT,13.37,8.79,129,65,21,88,C+,D,A+,84,59,132,-24.03,,11,-,-4.8,105.36,7.69,0,86
BC,79.09,-3.05,655,45,55,62,C+,D,E,84,-8,644,12.79,2.0,32,-,-2.5,31.62,4.92,25,686
CALY,18.26,-2.04,446,74,52,91,C+,D,B,84,-36,1815,-37.06,,26,2/28/1992,4.3,222.32,47.73,409.09,2800
CLAR,3.16,-1.56,144,41,48,41,C+,E,A,84,-51,160,2.49,3.2,22,5/27/1998,-22.6,109.09,66.67,114.29,330
DOO,57.87,-1.44,453,40,84,21,C+,B,E,84,-18,270,29.43,1.0,89,-,3.9,-38.45,-169.36,289.14,315
ESCA,19.06,-0.42,151,89,94,73,C+,C,A,84,-45,21,0.55,3.2,47,-,7.5,9.09,23.08,68.42,38
FNKO,5.51,-3.42,171,63,32,89,C+,E,A+,84,2,969,5.34,,62,11/2/2017,-7.0,91.9,56.94,66.67,725
FOXF,16.51,-3.11,355,7,14,18,C+,D,E,84,8,623,3.84,,58,8/8/2013,-39.3,31.92,-55.42,-21.74,577
GOLF,117.56,-0.63,405,81,28,86,C+,B,A+,84,-27,415,7.05,0.9,21,10/28/2016,9.4,20.69,30.4,-16.05,371
HAS,80.15,-1.61,1153,44,95,29,C+,C,E,84,31,2883,12.71,3.3,84,-,-2.2,7.21,-12.95,41.35,2029
HERE,1.93,-1.53,5,4,9,2,C+,C,E,84,-85,19,-69.28,,0,1/25/2023,17.2,-12.28,,-189.39,129
HOG,24.96,3.35,494,37,19,60,C+,C,C,84,-20,2152,-2.41,3.0,74,7/8/1986,10.3,-85.5,-28.76,-79.44,2956
JAKK,23.44,0.43,182,56,20,74,C+,D,A+,84,-37,35,-5.81,4.2,63,5/2/1996,2.6,36.73,-283.33,-466.67,55
JOUT,43.48,-2.16,211,39,71,38,C+,D,E,84,-14,73,15.52,2.8,56,10/9/1987,-1.6,122.39,-9.33,304.55,79
KBSX,0.95,-1.53,4,12,55,6,C+,E,E,84,-87,18,31.99,,91,-,-4.7,154.06,119.86,182.76,239
KMRK,0.95,2.58,1,3,1,7,C+,E,E,84,-87,136,,,50,7/16/2025,2.9,,,,993
KODK,8.47,-8.92,191,14,6,47,C+,D,E,84,8,1236,-7.29,,25,-,-10.5,,,-160.4,1169
MAMO,0.95,-0.93,9,32,72,8,C+,D,A-,84,-94,22,-14.67,,68,4/2/2024,2.8,,,56.35,388
MAT,13.34,-2.91,573,16,42,13,C+,C,E,84,7,4937,4.31,,95,-,8.6,-5.32,-71.94,-566.67,4606
MBUU,25.07,-2.22,257,9,22,17,C+,D,E,84,15,373,3.08,,37,1/31/2014,2.5,-9.97,76.46,-22.22,341
MCFT,23.79,-2.54,223,69,73,63,C+,D,B-,84,-10,156,2.96,,53,7/17/2015,4.8,78.11,59.64,50,173
NIU,2.03,-1.93,41,6,15,5,C+,C,E,84,-49,219,41.5,,41,10/19/2018,-1.4,373.05,1814.1,-151.18,433
NWTG,0.82,-4.65,5,,,,C+,,D-,84,-38,29,-18.1,,6,8/15/2023,-74.0,34.05,-38.24,-5.45,51
PII,63.12,-2.49,498,27,18,60,C+,D,D-,84,11,1069,7.99,3.7,5,9/16/1987,-7.5,18790.63,79.7,114.44,1007
SBDS,3.45,-0.29,11,,,,C+,,E,84,28,0,-18.6,,16,10/28/2021,-44.9,,,6.88,3
SMNNY,10.63,0.57,6,32,42,30,C+,C,C+,84,-64,49,0.65,1.3,16,-,12.1,,,33.54,153
UMAC,22.08,-4.91,91,81,69,96,C+,C,C,84,-3,6171,296.41,,3,2/14/2024,-171.7,57.66,48.96,200,6458
VEEE,5.22,-8.74,4,,,,C+,,E,84,-91,26,9.76,,9,7/21/2021,-58.1,-269.65,,66.81,182
VMAR,1.44,-8.86,,,,,C+,,E,84,-18,1764,19544.3,,28,11/24/2020,-156.5,,,98.23,473
VTIX,3.01,-7.38,11,3,11,12,C+,E,E,84,-61,166,-14.04,,0,-,-392.1,-11.05,-227.41,-277.45,437
YETI,49.69,0.95,602,80,43,83,C+,B,B+,84,-33,1028,8.34,,42,10/25/2018,11.8,16.06,-18.15,-16.13,1496
YMAT,0.50,-10.36,1,,,,C+,,C-,84,-99,2998,30.75,,79,7/30/2025,-203.2,,,-98.92,16296
BTOC,0.31,-0.78,7,,,,C+,,D,85,-80,51,-9.09,,41,5/14/2024,-8.9,,,-22.22,287
CHRW,189.85,-0.74,2040,63,56,77,C+,C,E,85,-31,1226,-0.84,1.4,22,10/15/1997,4.5,20.83,17.89,15.38,1762
CIIT,0.59,-0.98,1,,,,C+,,E,85,-100,676,121.25,,34,-,-28.9,,,103.04,9114
CJMB,0.82,1.45,4,,,,C+,,C,85,-7,206,,,,2/5/2025,,,,,337
CTNT,1.75,-2.78,6,19,68,1,C+,D,D,85,-97,288,-80.68,,0,8/1/2023,-282.0,99.19,97.94,90.15,8986
CYRX,15.49,-2.33,227,65,31,95,C+,E,B+,85,-31,602,16.47,,67,-,-18.3,-155.63,-109.43,10.71,846
DSDVY,126.00,3.33,3,35,25,50,C+,B,D-,85,-80,31,75.02,0.3,28,-,5.0,17.77,25.36,-5.36,154
ELOG,0.87,-0.31,2,,,,C+,,D+,85,-92,16,27.83,,89,8/28/2025,5.9,,,33.98,263
ENRD,8.44,9.19,30,7,13,11,C+,E,E,85,-10,93,,,33,-,,,,-17.65,105
EXPD,167.57,0.46,1965,68,45,73,C+,B,D,85,-21,947,4.37,1.0,44,-,9.9,14.22,22.85,16.33,1221
FGROY,2.55,25.00,,,,,C+,,B+,85,1064,0,-5.02,3.0,78,-,3.3,,,3.8,0
FLX,2.31,5.96,8,9,18,12,C+,D,D,85,9,215,4.02,,17,10/4/2024,2.8,,,-177.9,197
GVH,4.45,-25.59,1,,,,C+,,A+,85,-6,373,17.59,,94,11/8/2023,3.8,-59.01,,-97.48,436
GXO,51.95,1.31,601,56,81,40,C+,C,D+,85,-53,679,10.78,,56,-,0.8,21.65,3.22,72.41,1438
HKPD,0.44,8.54,1,,,,C+,,C,85,-74,162,,,,1/15/2025,,,,,447
HUBG,44.94,0.36,436,48,34,71,C+,D,C-,85,-12,691,-5.31,1.1,50,-,3.4,-19.51,-21.05,-5.77,783
JYD,0.77,-6.83,1,,,,C+,,B,85,-96,29,9.47,,31,4/21/2023,-6.4,,,39.5,739
LSH,0.46,-2.61,6,,,,C+,,E,85,-56,43,-65.09,,24,6/28/2024,-27.8,,,50.89,105
MRT,1.42,-2.07,6,14,58,5,C+,D,E,85,11,45,115.37,,7,-,-105.6,47.78,46.18,30.8,41
NCEW,16.10,-2.72,,32,1,94,C+,E,D+,85,302,12,,,17,12/18/2024,-24.4,,,,3
NPNYY,6.45,2.06,1,14,15,23,C+,C,E,85,145,285,-2.88,3.2,72,-,11.4,,,-15.38,121
PAL,6.38,-3.04,168,21,34,22,C+,D,C,85,-60,150,-1.59,,0,5/9/2024,-10.1,-7.82,27.52,18.45,374
PSIG,1.27,1.60,4,2,7,2,C+,E,E,85,-72,469,,,10,-,-28.6,,,,1721
RLGT,9.49,-0.32,228,83,47,89,C+,C,A,85,-57,73,0.06,,39,-,2.4,-17.14,-40,100,165
SFWL,0.89,-1.38,1,32,26,24,C+,C,B+,85,-91,2,11.56,,83,3/31/2023,2.5,,,3.78,20
SGLY,0.31,-0.13,7,,,,C+,,E,85,-50,46,11.19,,3,5/2/2008,-181.1,,,144.62,120
SLGB,0.63,-4.47,2,,,,C+,,E,85,-71,998,,,38,10/15/2025,-2.5,,,,2103
SNDR,35.80,-1.65,383,52,14,87,C+,C,C,85,-38,664,-0.24,1.1,6,4/6/2017,2.4,46.89,8.32,-25,1058
VNTG,0.66,4.90,1,,,,C+,,E,85,-86,121,,,93,6/12/2025,25.0,,,,880
VRM,8.34,3.60,53,6,22,3,C+,E,E,85,39,36,2.69,,14,6/9/2020,-7.7,,,-435.81,27
XPO,206.33,-0.35,919,75,80,77,C+,C,E,85,-14,1315,7.27,,11,-,5.4,32.17,39.54,38.36,1607
ZTO,23.08,1.32,169,70,84,46,C+,A,D,85,-20,1294,29.53,3.1,61,10/27/2016,22.5,24.9,50.92,16.66,1717
ABLV,1.19,0.42,1,38,11,88,C+,E,C+,86,64,168,-11.53,,40,-,-0.7,,,-133.22,104
ATPC,2.83,-5.35,1,,,,C+,,C,86,-99,48,-5.32,,12,-,-151.2,,,90.74,4099
BON,1.18,-1.70,,,,,C+,,B,86,-27,13,-21.52,,22,6/24/2021,-9.2,,,-130.52,18
BRBR,13.86,3.82,573,28,47,5,C+,C,A+,86,-29,4472,1.82,,81,10/17/2019,12.5,-42.69,-33.7,-73.58,5948
BYAH,0.84,-9.07,1,,,,C+,,E,86,-94,3165,-15.91,,6,12/27/2024,-953.9,,,-1140.76,3934
CABR,1.35,-4.93,4,,,,C+,,C-,86,-18,68,,,,11/13/2025,,,,,83
CL,95.13,2.56,3341,78,66,57,C+,B,B+,86,-31,4171,8.41,2.3,19,-,15.0,3.14,3.07,6.59,5452
COTY,2.30,0.88,379,36,63,23,C+,E,A+,86,41,16110,-1.35,,74,6/13/2013,-5.8,-2.03,86.36,99.36,12079
DSY,4.47,55.21,1,20,5,39,C+,E,B,86,677,22719,-51.52,,4,-,-1263.0,,,-176.37,3010
EL,83.71,1.50,2261,36,70,44,C+,D,E,86,-14,3260,4.56,1.7,10,11/16/1995,-7.3,60.95,256.87,40,3797
ELAB,1.18,-7.81,3,,,,C+,,A+,86,-80,1781,,,0,11/21/2023,-1313.3,,,95.68,2259
ELF,76.42,-2.96,648,62,75,39,C+,B,A-,86,2,3890,35.07,,26,9/22/2016,2.5,650,-18.18,-58.97,3844
EMPG,17.36,,2,,,,C+,,E,86,,0,,,,7/2/2025,18.1,,,,516
EPC,27.21,-1.09,381,62,22,80,C+,D,A+,86,-23,799,-10.54,2.2,65,-,1.1,-24.78,-31.32,-31.03,990
FTLF,11.50,4.45,89,36,38,10,C+,A,B,86,-24,28,58.92,,39,-,10.1,36.51,8.33,-15,38
HEGIY,14.09,1.44,,27,67,14,C+,C,E,86,-7,27,4.73,6.2,77,-,13.9,,,28.54,31
HELE,28.14,-4.09,257,47,16,82,C+,E,A-,86,-19,544,-3.27,,84,-,-46.8,-0.89,-97.31,-64.38,665
HLF,13.11,0.92,368,31,48,44,C+,D,D,86,-22,1198,7.82,,87,12/16/2004,5.5,25.14,4.42,8.47,1588
HNST,3.90,2.63,171,49,28,66,C+,D,A+,86,-6,1532,-19.69,,0,5/5/2021,-4.2,-6.32,-72.22,-61.83,1646
IFF,83.83,3.30,1801,64,44,71,C+,D,B,86,6,2180,-3.59,2.1,35,-,-3.8,5.57,-5.23,4.17,2001
IPAR,119.39,3.23,477,87,71,72,C+,A,A+,86,88,527,1.74,3.0,29,-,18.2,-7.06,-3.37,2.27,273
KAOOY,6.75,3.45,4,69,91,35,C+,B,A-,86,-99,77,2.96,0.9,6,-,9.9,,,35.32,321
KCDMY,11.04,0.27,4,63,87,38,C+,A,D,86,-12,41,16.96,5.2,52,-,19.2,6.55,22.76,27.94,47
KMB,114.72,2.94,2535,73,69,51,C+,B,A+,86,-8,4663,-13.99,4.7,55,-,12.5,-0.06,4.59,2.07,4813
KVUE,19.83,2.59,2053,64,48,57,C+,C,A+,86,-46,11433,4.49,4.3,45,5/4/2023,13.2,10.59,9.55,33.33,20724
LFVN,6.22,-0.48,123,50,57,44,C+,B,C+,86,-35,353,-25.2,3.0,61,-,5.4,-30.08,-25.49,-53.85,555
LRLCY,88.64,2.10,17,56,56,46,C+,A,D,86,-66,114,6.85,1.3,16,-,19.3,4.98,,0.11,337
MED,10.96,-0.63,171,9,3,30,C+,E,D,86,23,279,-34.29,,20,-,-1.5,-208.33,-262.16,-467.77,232
MEHA,0.00,-14.00,4,,,,C+,,E,86,-98,1112,3.48,,98,-,11.5,,,-1851.55,53563
MTEX,5.16,1.28,24,,,,C+,,E,86,-82,4,-6.2,,16,2/16/1999,-2.7,,,161.13,36
NAII,2.37,-0.84,30,,,,C+,,C,86,1,24,23.09,,30,-,-8.3,,,-91.34,24
NATR,21.47,-2.19,243,63,96,42,C+,C,D,86,-23,100,8.52,,48,-,6.2,-4.37,-22.86,20,126
NHTC,1.83,0.27,28,,,,C+,,E,86,-22,33,-14.26,25.8,36,-,-1.4,,,-243.01,43
NUS,5.01,-4.57,248,5,18,4,C+,D,E,86,19,815,-12.04,4.5,90,11/22/1996,13.2,-21.26,-53.49,-39.13,720
ODD,17.90,5.23,172,66,87,29,C+,A,A+,86,-19,1438,-26.16,,58,7/19/2023,16.8,-94.27,-80.11,-126.98,1778
OLPX,2.07,0.98,184,64,48,66,C+,D,A+,86,1759,77444,2.47,,13,9/30/2021,-1.5,16.59,203.46,356.83,4185
PAVS,7.02,-0.85,1,,,,C+,,E,86,-76,167,18033.4,,38,10/25/2019,-9788.2,,,88.86,446
PBH,49.42,2.62,501,30,47,11,C+,B,B,86,-25,562,-5.03,,71,2/10/2005,23.6,16,-7.52,-6.82,755
PG,151.41,2.70,4614,61,58,37,C+,A,B,86,-9,9255,7.38,2.9,32,-,23.9,0.82,-4.04,3.25,9099
PRPH,0.08,-2.50,1,,,,C+,,B+,86,189,272,-66.6,,2,-,-538.3,,,68.21,68
SKIN,0.73,1.11,121,20,50,6,C+,D,B,86,-52,639,-6.75,,28,-,-2.0,-84.72,-113.28,37.5,1349
SLSN,0.68,-6.38,65,9,14,3,C+,B,D,86,-41,50,-11.41,,3,-,3.0,,,-1084.7,85
SNYR,0.21,0.39,9,,,,C+,,C+,86,-85,490,-32.77,,8,10/23/2024,-40.2,85.04,-105.88,-330,3170
SSDOY,16.91,3.49,4,13,25,26,C+,D,D-,86,-27,36,-7.73,1.2,54,-,-2.9,199.47,158.32,64.03,52
TKLF,2.00,0.20,1,,,,C+,,D,86,-82,20,-8.06,4.0,94,1/18/2022,2.3,,,-10.17,194
UL,62.48,2.61,333,40,37,32,C+,B,B,86,-21,3240,-14.45,3.7,42,-,16.7,0.97,,2.95,4084
UNICY,2.91,3.19,4,30,33,27,C+,C,B,86,-6,415,-0.02,1.3,23,-,11.2,,,-21.89,441
USNA,21.51,-0.97,232,35,25,43,C+,C,A+,86,-16,96,0.18,,68,-,4.5,9.84,-41.89,-16.44,115
WALD,1.68,-3.45,69,28,18,52,C+,E,B-,86,-37,969,-0.1,,14,-,-96.4,26.3,39.16,-21.02,1636
WW,16.31,0.55,68,8,3,27,C+,E,D,86,-77,74,-9.81,,97,11/15/2001,153.6,-117.03,-98.8,-697.14,320
XWEL,1.07,0.94,8,,,,C+,,D+,86,-76,25,-5.48,,10,-,-55.0,,,19.74,104
YSG,3.47,0.29,40,21,15,24,C+,C,B,86,-44,97,29.73,,50,11/19/2020,-2.3,1519.08,,-748.68,174
ABNB,148.93,1.10,2698,74,29,65,C+,A,A,87,-10,3497,17.87,,42,12/10/2020,25.5,27.2,22.55,8.33,3935
AHMA,2.47,12.79,3,41,52,50,C+,B,E,87,133,12368,4.57,,8,10/21/2025,6.6,,,5.93,5334
BKNG,184.56,1.05,4389,70,92,31,C+,B,A-,87,-78,14189,16.17,0.9,67,3/30/1999,25.4,14.48,10.26,14.87,8107
EXPE,268.69,1.57,2467,92,99,65,C+,A,B+,87,-32,1247,14.66,0.7,75,8/9/2005,10.8,24.1,21.69,390,1679
GBTG,9.40,,259,74,38,86,C+,C,B,87,-59,1952,35.27,,33,-,5.4,-19.29,77.78,-37.5,4842
MMYT,58.27,0.14,574,39,12,41,C+,B,A+,87,-15,940,1.9,,17,8/12/2010,7.5,10.92,-1.62,-8.54,1107
NTRP,2.09,-2.79,8,26,72,5,C+,D,C,87,-59,23,1838.9,,0,-,-427.9,44.93,77.18,84.5,59
NUTR,9.00,,4,,,,C+,,E,87,,0,343.18,,94,8/15/2025,-67.0,,,-2139.31,1445
RYDE,0.70,7.59,1,51,38,95,C+,D,D,87,-71,82,30.66,,12,3/6/2024,-139.8,,,77.64,282
SABR,2.09,-1.42,250,70,79,72,C+,E,A,87,-46,3274,-2.1,,25,4/17/2014,-8.6,62.94,-83.33,1124.49,6214
SEAT,7.02,6.04,112,10,4,34,C+,E,C-,87,-32,77,-23.31,,6,-,-114.3,85.79,-107.57,-89.11,115
TCOM,41.00,-0.19,565,39,89,7,C+,A,E,87,11,3616,24.79,,92,12/9/2003,62.3,-45.81,-10.85,2.37,3303
TOUR,4.83,2.01,7,10,20,5,C+,B,E,87,-100,2,19.89,25.3,50,5/9/2014,5.3,76.76,,105.21,30
TRIP,14.29,3.93,424,52,37,55,C+,C,A+,87,-21,3079,-3.92,,83,-,2.4,5.18,-17.39,-178.57,3906
TRVG,5.41,-0.18,14,85,49,93,C+,C,A+,87,21,116,18.62,,0,12/16/2016,1.5,87.29,64.04,3.47,98
TZOO,11.66,-3.72,115,61,21,82,C+,C,A+,87,-63,90,4.9,,58,-,8.3,66.83,15,-8,248
YTRA,0.91,-1.25,9,13,3,12,C+,C,B,87,-71,29,-21.5,,29,-,-0.5,920.35,198.84,-112.6,104
BSET,20.23,7.66,143,63,18,81,C+,D,A+,88,379,237,-0.71,4.6,0,-,2.6,18.57,27.78,9.09,52
CIX,25.58,-2.63,109,63,62,47,C+,B,B+,88,68,8,0.74,4.4,25,3/6/1998,16.3,,,14.01,5
FLXS,72.49,-4.87,195,97,92,93,C+,B,A,88,-11,51,1.01,1.4,38,-,6.1,13.55,-22.14,0.88,57
HNI,41.43,1.94,514,64,63,49,C+,B,B,88,-27,559,124.66,3.5,62,-,3.2,16.26,-6.53,-22.73,771
HOFT,16.82,-4.86,94,61,41,86,C+,E,B-,88,1,70,-18.59,2.7,46,-,-6.1,164.17,93.55,134.48,70
KEQU,36.68,0.30,69,30,47,28,C+,B,E,88,121,8,-7.45,,88,-,4.9,,,-41.99,4
LEG,11.94,2.31,401,51,26,72,C+,C,B,88,-14,2448,-10.17,1.7,50,-,7.1,-16.67,-12.5,-37.5,2909
MLKN,21.42,1.13,423,60,27,75,C+,C,A,88,50,1317,4.41,3.8,75,-,3.3,52.65,-21.11,-8.33,873
NL,6.28,5.72,127,46,57,45,C+,C,C,88,5,74,0.74,6.8,0,-,-32.5,,800,800,70
NTZ,1.86,-7.00,3,,,,C+,,D+,88,-75,1,12.93,,15,5/13/1993,-9.5,,,-380.54,2
PRPL,0.36,0.92,27,7,29,3,C+,E,D,88,-66,133,-8.1,,31,-,-10.9,17.1,33.1,-18.18,391
SGI,78.43,1.63,725,67,77,42,C+,A,C,88,-42,1775,12.26,0.9,12,12/18/2003,6.4,16.81,7.3,20.41,3167
VIRC,6.33,-2.47,132,17,8,25,C+,D,B,88,-57,32,-9.07,1.6,8,-,1.7,-93.75,-89.23,-460,76
AA,48.68,2.53,897,22,20,39,C,B,E,89,116,9904,-5.22,0.7,73,-,8.1,101.63,491.18,-34.88,5071
ABAT,2.81,1.81,168,15,27,40,C,D,E,89,-34,4592,697.08,,26,-,-1090.0,18.97,44.44,-85.71,6956
AEC,4.22,2.43,14,3,6,11,C,E,E,89,-54,26,,,48,-,,,,-130.05,57
ALM,15.71,-1.50,167,46,42,86,C,D,E,89,-4,4759,227.89,,20,-,-496.5,191.91,138.37,88.67,5066
ALOY,13.28,-11.41,18,30,8,92,C,E,E,89,32,3241,20.26,,23,-,-182.1,-2.76,81.39,-692.16,2488
ATCX,3.63,-1.89,2,,,,C,,B+,89,-35,16,,,6,-,-5860.2,35.56,,,25
ATLX,3.64,-3.45,13,11,44,14,C,E,D-,89,-49,413,195.48,,3,-,-34491.9,-2.33,,9.18,809
BHP,83.33,1.35,157,68,52,83,C,B,D-,89,-0,2661,10.82,3.2,53,-,35.0,31.05,,29.85,2691
BMM,6.45,2.22,22,27,2,86,C,E,E,89,-61,62,,,62,-,,27.94,-44.37,-568.29,122
CCJ,96.54,-0.87,1941,61,99,41,C,B,E,89,19,3810,8.83,0.1,7,-,16.1,8.08,-45.57,198.5,3234
COPR,4.15,-33.60,,,,,C,,E,89,82796,579,,,98,-,,,,,0
CRML,9.56,-2.94,123,20,11,88,C,E,E,89,-65,3780,,,,-,,19.44,,-124.55,10998
DNN,3.20,3.90,235,17,5,53,C,D,E,89,22,28294,-17.95,,9,-,-4492.4,45.81,-276.91,-165.21,23604
ELVR,69.67,5.05,27,45,37,90,C,D,E,89,-62,54,-3.36,,97,-,-167.2,,,116.71,149
EMAT,6.33,0.96,4,11,50,9,C,E,D,89,-54,50,,,96,-,-23499.6,89.75,87.24,87.06,111
ERO,26.21,1.91,428,73,98,58,C,A,E,89,32,1752,110.39,,93,-,42.1,89.27,96.22,97.14,1317
EU,1.29,-5.15,159,6,40,5,C,E,E,89,-17,2673,-7.39,,43,-,,69.74,68.68,6.34,3202
FCX,60.97,0.73,2753,67,79,68,C,B,E,89,-8,13556,8.83,1.0,27,-,25.4,57.36,9.91,137.5,14843
FEAM,1.37,-4.86,21,17,70,16,C,E,E,89,-60,86,,,34,-,,91.17,98.09,63.92,220
FMST,1.51,9.42,3,,,,C,,E,89,-0,101,,,68,-,,,,-255.99,102
FNUC,1.70,4.94,4,,,,C,,E,89,-33,325,,,,11/19/2021,,,,71.02,492
GMTL,13.97,-0.92,23,8,4,26,C,E,E,89,-25,174,,,,-,,-136.67,,-256.87,236
GRO,2.22,-1.77,11,17,57,28,C,E,E,89,-80,113,,,20,11/27/2024,,42.01,71.01,35.42,560
HBM,22.59,,701,59,45,79,C,A,E,89,-10,5123,27.3,0.1,40,-,42.1,139.06,72.67,66.67,5771
IE,9.51,0.96,359,8,18,20,C,D,E,89,-26,1610,16.73,,11,6/28/2022,-3854.3,94.74,37.38,-8.33,2193
IONR,4.40,-0.23,4,25,36,45,C,E,D+,89,27,128,,,,-,,26.83,,15.55,115
IPX,28.78,-0.52,20,15,33,37,C,E,E,89,-39,176,,,,-,,-646.65,-72.37,-66.67,291
ISOU,10.04,2.97,45,24,26,53,C,E,E,89,-51,57,,,16,-,,,,-117.56,128
JAGU,1.70,,,,,,C,,C,89,-49,66,,,5,2/10/2026,,,,-3947.98,129
LAC,3.76,-1.83,158,8,16,39,C,E,E,89,-21,9403,,,29,-,,76.97,27.05,108.91,11846
LAR,7.98,-2.33,91,46,54,88,C,E,E,89,-38,1569,,,91,-,,192.34,549.82,253.32,2547
LGO,0.78,5.07,29,7,30,6,C,E,E,89,269,6581,-2.5,,34,-,-41.4,77.23,,50,1771
LTHCF,0.53,4.01,13,4,1,23,C,E,E,89,-15,1,,,57,-,,,,,27
LZM,3.73,-0.53,89,9,7,33,C,D,E,89,-54,348,637.44,,17,-,-1359.5,-70.59,-25,,755
MFRVF,0.59,,19,,,,C,,C-,89,,0,,,88,-,34.5,,,,0
MP,53.31,-1.79,747,33,51,54,C,D,E,89,-24,4690,49.07,,66,-,-42.8,173.05,108.32,125,6202
MSB,25.59,-0.62,18,13,7,15,C,B,D,89,-35,37,-52.56,3.9,20,-,79.1,,,-70.05,57
NAK,1.86,2.20,76,30,27,78,C,E,E,89,-10,6735,,,86,-,,100,51.04,46.91,7544
NATKY,69.25,3.34,234,21,6,56,C,B,E,89,511,1,-26.18,3.7,67,-,44.2,,,-129.41,1
NB,4.74,-1.66,155,16,34,48,C,E,E,89,-44,2208,,,11,-,,-70.46,73.55,74.48,3886
NEXM,2.42,-4.35,9,14,66,14,C,E,E,89,-61,14,,,27,-,,,,68.14,37
NGLOY,24.89,1.26,15,28,3,81,C,D,E,89,-24,360,-26.12,0.4,0,-,4.3,223.82,,-1499.69,472
NUCL,8.86,-7.32,11,21,1,41,C,E,B+,89,-28,329,,,2,-,,,,,471
NXE,9.63,1.90,344,10,4,38,C,E,E,89,-24,4446,,,79,-,,40.13,67.01,-173.78,6182
OMEX,0.79,-4.80,22,3,10,13,C,E,E,89,30,1198,-83.33,,0,-,-13703.1,,,-205.07,928
REA,14.01,-11.61,9,1,1,22,C,E,,89,-61,147,,,32,5/6/2026,,,,,
RIO,94.42,1.15,258,44,33,67,C,A,E,89,-17,2128,14.06,4.3,80,-,22.7,27.11,,-9.78,2597
SCCO,172.01,1.90,1218,81,97,72,C,A,E,89,-84,1454,36.18,1.9,33,-,50.5,44.77,53.53,67.4,1420
SGML,12.29,-0.97,93,29,43,62,C,E,E,89,-54,1442,-11.18,,31,-,-31.3,367.03,235.62,149.81,3085
SLI,2.72,-1.09,45,12,53,18,C,E,E,89,-14,1543,,,14,-,,73.91,50,53.73,1811
SMMYY,11.58,1.85,3,45,79,54,C,C,E,89,-20,113,19.04,1.1,87,-,12.3,,,611.42,147
TECK,60.01,1.11,1395,77,83,83,C,B,E,89,-19,2571,74.73,0.6,60,-,15.4,60.47,189.67,195.98,3168
TGB,6.93,-1.00,267,64,68,83,C,C,E,89,59,7961,72.05,,13,-,-7.3,606.26,349.52,503.9,4945
TII,2.21,-3.07,9,16,10,45,C,C,E,89,8,926,22.28,,51,-,-0.0,-3263.27,-508.16,-2957.14,1170
TMC,4.23,-2.98,77,4,18,16,C,E,E,89,-27,4210,,,64,-,,73.49,68.33,16.67,5818
TMCR,6.58,-4.08,,1,2,19,C,E,,89,-17,73,,,21,-,,-1975.93,,,89
TMQ,3.41,,65,10,6,56,C,E,E,89,-7,2342,,,75,-,,67.31,-50,-100,2493
UAMY,7.43,-3.51,223,21,3,57,C,C,D-,89,-33,7505,-3.08,,54,-,-11.1,225,-31.98,-1896.36,11207
UEC,10.77,2.09,521,9,13,27,C,D,E,89,-41,6315,-59.4,,40,-,-135.3,9.38,33.44,-73.71,10783
URG,1.35,,82,12,14,32,C,E,E,89,20,14374,-53.97,,29,-,-275.3,41.11,46.67,-83.33,12292
USAR,19.15,-4.15,272,23,7,85,C,E,E,89,-19,14199,,,14,-,-18179.2,37.35,-40.05,-120.69,17542
UUUU,13.81,-2.88,424,24,56,31,C,D,E,89,-25,8086,112.08,,37,-,-132.1,53.76,67.16,69.23,10713
VALE,14.99,0.60,539,32,22,57,C,B,E,89,-35,14430,14.07,6.0,47,-,13.0,269.33,5.75,9.92,23431
WRN,2.30,3.14,54,11,11,44,C,E,E,89,41,2839,,,0,-,,-46.93,-171.86,-279.03,2051
WWR,0.49,0.16,18,,,,C,,E,89,-14,798,,,41,-,,52.08,20,0,942
XPL,0.75,4.90,23,,,,C,,D,89,-37,127,,,9,7/19/1994,,-37.5,15.27,-28.38,203
BAOS,2.64,-0.38,,,,,C,,D,90,-96,3,-50.52,,0,2/8/2021,-2112.7,,,76.86,92
BCHT,2.08,-1.89,4,,,,C,,B,90,-80,36,30.39,,40,-,-16.8,-12.5,-5.37,19.36,195
BUUU,21.80,0.97,1,40,1,97,C,E,C,90,85,54,,,28,8/14/2025,16.0,,,,29
CCO,2.41,,250,50,18,63,C,E,A,90,27,7981,11.88,,52,11/11/2005,-6.2,-278.28,-193.29,-177.81,7434
CREX,4.09,0.25,24,,,,C,,A,90,118,85,67.95,,44,11/27/2006,-12.4,-4.65,-64.71,-321.65,39
CRTO,19.08,3.30,102,52,61,31,C,C,A+,90,20,379,-5.16,,94,10/30/2013,10.5,-8.4,-23.55,-33.64,319
DLX,24.31,-1.26,398,54,75,46,C,C,D+,90,-36,303,0.3,5.0,89,-,5.6,2.82,-7.58,40,490
DSP,12.96,-2.92,153,73,55,63,C,B,A+,90,-43,163,17.71,,11,2/10/2021,2.9,-8.33,50,57.14,288
DV,11.44,1.96,474,75,94,46,C,B,A+,90,-30,2222,9.55,,17,4/21/2021,11.1,60.97,118.3,300,3264
EDHL,3.98,2.58,1,,,,C,,D+,90,-100,15,,,,4/17/2025,,,,,3028
EEX,5.03,0.20,80,29,6,44,C,C,B+,90,-79,70,1.9,1.2,32,4/28/2017,-4.7,411.22,269.37,-50.29,332
EFTY,15.02,,3,,,,C,,E,90,,0,,,26,8/8/2025,-1.9,,,,639
FLNT,3.90,-3.23,18,72,48,88,C,E,A,90,-75,27,-18.76,,46,-,-13.0,52.38,38.89,38.71,111
FTRK,0.42,-2.35,1,,,,C,,C,90,20,44,3728.65,,4,5/23/2025,-284.2,,,-271.29,43
GAMB,2.00,-2.91,123,5,8,2,C,C,E,90,-55,444,-0.48,,24,7/23/2021,-19.6,136.81,-99.59,-80.43,1005
GOAI,2.57,-0.39,8,11,13,13,C,B,E,90,-76,29,6.02,,94,-,47.7,,,-452.16,123
GSUN,0.36,-1.16,,,,,C,,E,90,85,7069,193.14,,56,6/22/2022,-16.8,,,128.26,3127
HAO,1.05,0.96,,6,3,1,C,D,D+,90,-97,749,41.22,,36,1/26/2024,12.6,,,-1635.02,7485
HHS,2.25,-0.88,31,,,,C,,E,90,103,9,-10.34,,6,11/4/1993,-0.6,,,-221.64,4
IBTA,35.57,-0.95,199,47,8,75,C,D,A+,90,-47,98,-2.47,,54,4/18/2024,2.9,-861.11,-358.33,-2250,186
INTJ,3.56,-14.22,,,,,C,,D-,90,-37,25,3.25,,6,3/20/2024,-101.1,,,-604.12,32
KNRX,0.43,-6.44,1,,,,C,,E,90,-93,29,,,,9/29/2025,,,,,421
LAMR,157.56,0.59,881,90,64,78,C,A,A,90,-24,506,4.47,4.1,22,8/2/1996,27.1,2.43,3.95,-25.93,680
LFTO,24.46,-2.08,,1,1,25,C,D,,90,-67,1491,,,60,6/4/2026,-3.1,,,,
LZMH,1.25,-1.57,3,3,1,1,C,E,D,90,-97,33,,,42,2/27/2025,-15.3,,,,589
MAX,13.43,4.92,241,89,81,74,C,B,A+,90,29,858,17.29,,39,10/28/2020,-10.0,161.1,169.33,625,675
MGNI,20.38,0.49,460,86,79,68,C,B,A+,90,-28,2272,10.32,,28,4/2/2014,9.9,22.17,24.19,8.33,3045
MNTN,11.15,2.77,77,49,80,39,C,C,C,90,21,1365,14.2,,96,5/22/2025,-5.5,814.74,128.8,189.54,1151
NCMI,3.97,5.30,168,45,35,51,C,D,A+,90,21,471,-2.58,3.2,90,2/8/2007,-4.4,50,25,3.13,395
NEXN,9.55,0.10,146,72,44,74,C,C,A+,90,18,352,7.88,,61,6/18/2021,10.2,8.38,-30.99,-62.5,301
OMC,78.62,3.30,2237,57,70,40,C,B,D,90,-33,3318,69.17,4.4,67,-,1.6,21.39,23.43,11.76,4593
PERI,9.40,-1.88,89,31,45,25,C,D,B,90,-31,369,1.16,,83,1/31/2006,-1.1,3.98,-70.19,0,505
PPHC,7.73,-4.33,73,13,40,14,C,D,E,90,34,126,13.99,6.4,72,1/28/2026,-18.6,-13.26,0,-16.67,94
PUBGY,24.37,1.88,14,58,60,50,C,A,D,90,-67,67,-1.39,3.1,56,-,12.8,2.88,,-5.64,204
PUBM,13.55,-2.02,218,57,9,87,C,D,A+,90,-12,605,-1.97,,72,12/9/2020,-5.6,-17.89,-63.02,-35,694
QMMM,119.40,,5,,,,C,,D-,90,,0,-39.83,,12,7/19/2024,-58.6,,,-850.92,3951
QNST,15.82,3.26,357,69,45,59,C,B,A+,90,-24,653,28.27,,44,2/11/2010,0.5,37.69,76.68,47.62,831
SGRP,0.84,-0.12,10,,,,C,,A+,90,-7,76,-10.35,,20,3/1/1996,-15.1,,,-179.05,84
SST,2.50,-1.57,13,10,19,5,C,E,A-,90,-91,110,-50.02,,30,-,-31.6,,,-23.44,1320
STFS,15.00,-5.66,,,,,C,,A+,90,-96,33,34.12,,48,10/11/2024,-107.3,,,-2825.44,293
STGW,7.40,-2.37,265,91,87,82,C,C,A,90,-40,940,8.04,,78,-,2.4,26.97,10.9,41.67,1554
SWAG,2.10,-0.47,10,,,,C,,E,90,-40,39,8.9,,0,11/9/2021,-0.5,,,299.39,67
TBLA,5.14,-1.15,128,93,78,89,C,C,A,90,-0,3215,9.1,,50,-,1.7,237.18,600,766.67,3302
TDIC,4.82,-9.91,1,7,3,1,C,C,D-,90,-98,61,28.78,,16,7/23/2025,16.4,,,-1210.21,1520
TEAD,0.87,7.44,91,22,17,47,C,D,D+,90,-38,240,-7.11,,10,7/23/2021,-36.7,-85.71,-125,-90,396
TJGC,4.65,-4.12,2,,,,C,,D,90,-98,50,8.3,,22,1/22/2025,-87.2,,,-1297.39,247
TNMG,0.61,-6.09,1,,,,C,,C-,90,-90,728,-16.68,,8,-,-110.2,60.59,,88.89,6859
TTD,19.10,-0.26,1632,30,31,6,C,A,A+,90,-47,10958,11.82,,33,9/21/2016,22.7,10.39,-0.51,-20,20954
UBXG,5.28,5.39,2,9,5,1,C,E,B+,90,-95,168,-32.59,,18,3/28/2024,-56.2,,,-300.9,1264
VSME,1.83,-7.58,,,,,C,,C-,90,-100,28,0.75,,14,9/28/2023,-114.5,,,90.17,8397
WPP,16.53,1.60,74,8,10,18,C,D,D,90,30,643,-31.69,13.1,50,-,0.7,-20.96,,-137.14,494
YHC,0.05,-14.10,9,,,,C,,E,90,692,107600,-48.13,,2,8/10/2023,-1631.0,,,98.89,13009
BCC,75.93,0.60,497,23,10,30,C,D,B,91,-35,299,-2.47,1.1,33,2/6/2013,2.8,2.67,-29.09,-52.83,447
BXC,56.84,-6.17,270,19,10,26,C,D,B+,91,15,161,3.09,,0,12/14/2004,,-37.8,-57.62,-22.22,141
FERG,230.24,0.45,2322,19,1,37,C,C,E,91,-36,1006,,1.5,56,-,7.9,13.66,,,1411
FND,59.04,-0.03,665,37,29,37,C,C,A,91,-34,1989,-0.73,,11,4/27/2017,5.7,-0.29,-2.68,-17.78,3007
GIC,33.21,0.03,300,65,68,47,C,B,B+,91,-10,108,9.16,3.2,78,6/27/1995,7.1,2.97,-16.92,11.43,119
HD,357.90,2.01,4427,55,40,40,C,B,A,91,-40,3115,4.79,2.7,44,-,11.3,1.74,1.05,-3.65,5125
HLMN,8.12,-0.25,392,46,67,30,C,C,B-,91,-35,1129,2.99,,89,-,3.6,0.25,-0.59,-30,1624
JCTC,2.56,2.81,7,,,,C,,A,91,-43,18,16.37,,0,-,-9.4,,,-121.76,31
LOW,227.50,2.51,3264,24,35,27,C,D,D+,91,-17,2333,10.26,2.2,67,-,10.1,1.49,-1.73,3.77,2978
SITE,112.39,2.36,598,25,53,16,C,C,D,91,-25,720,0.07,,22,5/12/2016,4.3,3.96,14.14,3.93,937
TITN,18.34,-8.71,245,28,28,49,C,D,D+,91,-25,159,-12.11,,8,12/6/2007,-1.9,34.91,-38.46,6.24,197
TTSH,2.83,-5.67,22,5,4,10,C,D,D,91,992,102,-1.64,,17,-,-1.7,,,-76.51,9
ABG,205.40,3.73,454,37,33,27,C,B,A-,92,10,318,-0.85,,80,3/14/2002,3.7,-7.79,-12.88,-21.26,298
ACVA,7.30,0.14,315,44,44,48,C,C,A+,92,-30,2376,11.77,,7,3/24/2021,-8.5,19.66,-32.92,5.99,3533
AN,186.41,1.13,611,26,45,22,C,C,E,92,-33,265,-2.07,,67,-,3.2,6.22,0.4,0.21,395
AZI,1.86,-15.45,1,30,61,6,C,E,B+,92,-99,301,-63.01,,10,8/28/2024,-13.5,,,98.63,7602
CARS,11.32,0.35,358,71,79,54,C,C,A+,92,-38,552,0.67,,93,-,4.7,23.2,24.54,21.62,846
CPRT,30.01,4.24,2264,35,68,12,C,A,D,92,42,14725,2.09,,47,3/17/1994,40.8,-0.27,-5.63,2.38,10706
CRMT,2.65,-5.02,169,3,2,1,C,D,E,92,-55,814,-11.95,,19,-,1.6,-671.46,-152.38,-2600,1859
CVNA,68.60,1.08,1942,57,82,40,C,A,E,92,-62,8385,51.98,,13,4/28/2017,-4.4,-8.76,34.62,147.66,11594
CWH,7.23,-3.73,251,12,17,18,C,D,C+,92,-37,1741,-4.17,,0,10/7/2016,1.9,242.09,0.43,-31.25,2786
GPI,288.39,0.62,560,15,38,10,C,B,E,92,21,350,-1.78,0.7,87,10/29/1997,2.0,3.96,-4.03,-14.85,191
JZXN,1.12,-2.61,2,,,,C,,D,92,-92,296,,,5,5/18/2021,-353.5,,,,3743
KMX,50.98,-1.62,618,37,19,57,C,D,B,92,-17,2757,6.19,,40,2/4/1997,1.4,-8.6,10.6,-5.07,3382
KXIN,4.03,,1,,,,C,,E,92,-100,2,,,0,-,-43907.8,,,86.82,242
LAD,306.23,5.49,700,50,36,46,C,C,A-,92,6,323,1.01,0.8,73,12/18/1996,3.0,2.93,-15.21,-4.18,308
OPLN,40.60,0.99,513,95,90,88,C,B,A,92,33,1299,14.74,,20,12/11/2009,9.9,12.5,5.56,12.9,1074
PAG,179.42,1.32,482,58,27,56,C,C,A,92,-11,270,3.41,3.0,53,10/23/1996,4.0,0.5,-2.89,-14.92,302
RDNW,6.40,-3.32,30,48,69,66,C,E,E,92,-13,98,6.42,,33,-,-4.8,97.33,114.12,57.27,118
RUSHA,73.16,1.65,616,66,44,70,C,C,B,92,-40,312,-9,1.0,33,-,4.7,13.44,0.53,5.48,519
RUSHB,75.08,-0.16,235,71,43,75,C,C,A,92,30,96,-9,1.0,27,-,4.7,13.44,0.53,5.48,77
SAH,83.73,0.82,366,69,42,66,C,C,A,92,-45,156,1.02,1.9,60,11/12/1997,1.1,4.55,-19.91,9.46,278
TC,2.93,-38.96,,,,,C,,E,92,-3,1661,-39.11,,29,11/20/2018,718.5,,,46.87,1464
AENT,5.95,2.76,7,28,51,25,C,C,E,93,-40,15,21.2,,56,-,1.8,52.22,-45.45,25,25
AMZN,242.67,0.40,9272,81,95,60,C,A,D,93,-9,48298,16.61,,28,5/15/1997,13.6,23.09,7.83,74.84,51810
AREB,0.31,7.08,1,,,,C,,C,93,-84,1801,-20.95,,5,-,-360.5,,,99.99,4850
BABA,96.14,-1.89,1359,7,13,9,C,B,E,93,-0,11763,9.51,1.1,44,9/19/2014,12.6,60,-29.2,-94.73,12121
BBBY,5.83,-6.27,173,31,63,47,C,E,D-,93,-22,3727,6.91,,29,5/30/2002,-8.0,29.61,-5.15,42.86,3808
BQ,0.77,-8.88,3,,,,C,,E,93,-96,57,-16.59,,38,9/30/2020,-12.7,,,-37.22,1409
CART,45.78,2.12,717,65,36,57,C,A,A,93,-21,3331,13.6,,40,9/19/2023,14.9,52.69,30.82,54.05,4328
CHWY,20.85,1.21,611,45,98,7,C,B,C,93,-0,10082,7.74,,20,6/14/2019,2.1,51.82,32.33,53.33,9806
CPNG,18.56,2.37,872,24,12,16,C,C,A+,93,-33,16118,7.54,,55,3/11/2021,1.7,-237.53,-749.77,-350,25090
DASH,192.01,1.66,2663,46,36,41,C,B,B+,93,-9,4582,33.11,,4,12/9/2020,6.8,19.09,-28.77,-4.55,5063
DIBS,4.88,-5.79,79,47,63,47,C,E,C+,93,-58,116,-0.7,,40,6/10/2021,-15.1,39.47,50,57.14,282
EBAY,114.84,3.20,2804,90,86,84,C,A,D+,93,-60,2205,19.5,1.1,48,9/24/1998,20.7,10.67,9.8,20.29,5484
ETSY,76.97,5.68,709,76,51,88,C,D,A,93,-9,2950,-3.06,,32,4/16/2015,8.6,157.21,191.3,281.63,3243
FVRR,10.81,-0.92,112,50,88,16,C,C,A,93,-50,470,-1.58,,84,6/13/2019,5.4,-30.71,-25.25,-3.13,926
GIFT,1.00,-0.11,10,,,,C,,B-,93,-57,28,-4.13,,12,-,-13.2,37.14,33.33,27.27,99
GRPN,25.58,-0.39,217,45,12,78,C,D,A+,93,-47,1139,-0.16,,72,11/4/2011,-9.1,93.59,-112.32,-286.55,2123
HEPS,2.94,1.03,22,41,5,56,C,C,A+,93,-84,55,41.71,,26,7/1/2021,-6.8,-0.36,,-122.02,339
IPW,1.99,-6.57,4,,,,C,,C+,93,604,3907,-78.89,,24,5/12/2021,-9.4,,,-414.71,338
IZM,0.37,12.99,2,,,,C,,A+,93,23,1504,7.2,,88,3/15/2023,0.8,,,123.24,1333
JD,26.62,1.18,426,19,36,17,C,B,E,93,-14,7804,11.23,3.9,60,5/22/2014,1.9,25.82,18.29,-35.42,9335
JMIA,7.05,-2.62,46,17,37,35,C,D,E,93,-45,1343,39.8,,22,4/12/2019,-31.8,45.92,,31.79,2442
JWEL,2.05,-6.82,,,,,C,,E,93,208,13,87.85,,36,3/17/2021,-3.5,,,-17.38,4
KPLT,7.61,4.25,16,,,,C,,A+,93,-44,9,9.83,,64,-,0.6,-1946.04,-3.76,194.44,17
LITB,3.02,3.25,2,62,76,88,C,E,D,93,-77,2,6.31,,76,6/6/2013,3.7,38.87,,61.2,10
LIVE,9.94,-0.30,28,,,,C,,E,93,81,15,-3.84,,72,-,6.4,,,545.63,9
LQDT,38.36,-0.88,331,95,92,84,C,A,B,93,-10,173,3.74,,36,2/23/2006,8.3,17.58,1.47,12.9,188
LUXE,8.03,3.21,29,24,6,32,C,A,D,93,-47,134,166.09,,43,1/21/2021,45.4,48.56,75.56,-370.92,257
LVLU,8.69,,11,,,,C,,B-,93,-92,0,-10.32,,53,11/11/2021,-4.8,,,58.33,13
MAAS,15.03,-3.78,3,53,17,99,C,E,A-,93,20,198,-99.57,,96,3/29/2019,-43.6,,,-100.15,166
MELI,1763.36,1.22,3551,58,69,26,C,A,B+,93,-38,408,49.03,,8,8/10/2007,9.8,-1.14,-15.27,-15.5,577
MOGU,2.05,13.26,1,,,,C,,D-,93,8,19,-26.23,,14,12/6/2018,4.3,,,-97.06,17
MYSZ,0.46,-3.56,2,,,,C,,A,93,-47,32,61.87,,10,-,-62.5,-47.27,,39.14,132
NEGG,14.91,-5.45,9,2,1,5,C,E,E,93,-25,72,-14.54,,66,4/22/2010,-0.2,,,50.81,95
OCG,1.70,-8.11,,,,,C,,E,93,-97,78,896.09,,45,12/15/2020,-210.1,,,192.22,1275
OMH,0.50,4.35,1,,,,C,,E,93,-53,33,,,7,3/21/2023,-75.5,,,,220
PDD,82.39,-0.16,1591,38,67,11,C,A,C,93,-17,8495,17.55,,68,7/26/2018,27.7,-2.66,-11.12,-11.76,9365
PETS,1.98,-0.50,62,7,24,10,C,E,D,93,-53,381,-7.85,,19,-,-32.0,102.55,116.53,59.78,783
PEW,2.35,0.86,20,2,4,6,C,E,E,93,-59,207,,,59,-,-2.6,-92.31,99.58,-2504.27,345
PLBL,10.26,18.20,4,34,29,56,C,E,C,93,908,848,,,,-,-22.6,,,328.29,84
POWW,2.37,2.60,123,73,57,84,C,E,A-,93,-7,632,-54.11,,12,-,-9.6,140,-125,119.5,679
QVCAQ,0.11,9.00,21,,,,C,,B-,93,-99,24,-7.03,,48,-,-28.0,,,-104.06,1865
REAL,11.58,-5.08,338,69,76,72,C,C,B-,93,9,3952,18.55,,21,6/28/2019,-6.0,150.39,67.43,87.5,3642
RENT,3.45,4.23,22,23,76,7,C,D,D,93,75,177,29.17,,92,10/27/2021,6.9,,,90.87,102
SE,103.30,0.95,1969,46,34,37,C,A,A+,93,80,7398,46.61,,24,10/20/2017,9.9,0.49,-7.71,-3.81,4193
SFIX,3.84,-4.24,235,39,59,34,C,D,B,93,-7,1952,4.7,,50,11/17/2017,-2.2,30.55,10.71,83.33,2134
SSTK,9.81,-0.91,310,3,4,4,C,C,E,93,183,1518,-17.91,10.1,33,10/11/2012,7.6,-213.2,-114.63,-352.83,561
STUB,12.86,,52,25,24,53,C,D,C,93,-30,4515,12.18,,9,9/17/2025,-88.5,107.24,143.15,161.64,6661
TDUP,7.03,1.74,225,48,33,65,C,D,A+,93,-41,1330,14.56,,34,3/26/2021,-6.5,45.1,29.67,-25,2298
UXIN,1.63,-15.98,8,6,24,3,C,D,E,93,231,738,71.24,,0,6/27/2018,-8.1,-177.23,,4.93,224
UZX,0.27,-21.01,2,,,,C,,C,93,-95,417,-26.66,,16,12/19/2023,-136.6,,,83.14,8384
VIPS,13.26,-2.21,842,28,77,11,C,C,E,93,6,2735,7.09,4.6,80,3/23/2012,8.4,2.65,4.18,11.83,2590
W,94.50,-0.67,673,73,82,73,C,E,B,93,-41,2409,7.36,,16,10/2/2014,-2.4,5.27,1.47,160,4201
WBUY,0.83,-3.03,1,,,,C,,E,93,-99,7,-67.78,,97,10/19/2023,-29.7,,,127.81,682
WNW,3.64,-0.82,2,6,9,1,C,C,C-,93,-100,93,6264.63,,3,12/15/2020,-256.9,,,-815.13,2003
WSHP,7.26,-15.19,2,12,7,39,C,E,C,93,-55,183,-72.28,,0,-,-14972.7,,,-800.69,395
YAHOY,5.38,2.87,2,63,86,37,C,C,A+,93,-50,95,7.53,1.0,52,-,14.8,,,-14.3,202
YJ,1.44,-4.62,1,,,,C,,B,93,-74,2,-34.51,,17,5/3/2019,-43.0,,,-29.75,12
YMT,0.56,1.73,1,5,17,1,C,E,D,93,-96,63,,,28,8/19/2025,-33.7,,,,471
ZKH,2.17,5.34,7,14,59,8,C,D,E,93,-91,21,15.61,,60,12/15/2023,-1.6,156.13,,84.51,219
ALH,25.86,-0.88,219,47,44,69,C,D,D-,94,-44,359,9.58,,41,10/9/2025,8.1,26.39,,194.75,713
ASTC,10.45,-11.55,6,50,21,97,C,E,B+,94,-96,225,-35.77,,2,12/21/1995,-1320.1,,,-2.97,5287
ATLKY,20.04,0.05,12,73,64,65,C,A,C-,94,-70,207,-1.57,1.0,32,-,20.0,3.83,10.96,-1.64,697
ATS,27.68,-1.74,376,27,50,30,C,C,E,94,18,189,29.58,,72,-,3.4,13.6,1.85,-12.25,182
BMI,145.87,-0.25,722,55,73,17,C,A,A+,94,-46,314,-8.97,1.1,36,-,20.6,-6.1,-12.95,-28.46,577
BURU,0.13,-1.57,2,,,,C,,D-,94,-53,16019,-100,,93,-,-15435.0,,,83.93,35018
CR,217.64,-0.98,701,74,40,75,C,B,B+,94,-16,475,24.89,0.4,34,-,18.8,12.8,11.79,18.71,572
DOV,213.71,-1.59,1967,57,71,52,C,B,E,94,22,1137,10.05,0.9,78,-,17.0,10.98,11.68,11.22,971
DXPE,157.98,-4.77,367,76,71,79,C,A,D,94,-28,141,9.46,,48,-,5.9,13.28,11.19,0,191
ELSE,7.67,,20,,,,C,,C+,94,22,21,15.19,,4,-,3.4,,,-78.01,18
ERII,8.84,-0.67,354,21,64,10,C,C,E,94,-47,648,20.35,,70,7/2/2008,20.4,-101.9,-145,-27.78,1214
ESAB,92.78,-0.84,638,34,51,21,C,B,C-,94,-19,549,15.26,0.5,86,-,11.6,28.54,4.95,4.8,704
ESE,332.78,-2.07,633,90,97,86,C,B,D+,94,-8,279,16.5,0.1,16,-,13.9,35.86,33.54,41.48,307
EVI,16.09,7.27,148,21,62,7,C,C,E,94,126,126,8.12,,30,-,2.8,8.16,21.43,-40.51,56
FANUY,22.24,-0.89,13,57,44,84,C,B,E,94,-32,347,-1.53,1.2,22,-,26.5,19.46,16.43,0.02,524
FLS,72.34,-0.06,875,65,96,54,C,B,E,94,-54,1126,-6.66,1.2,84,-,11.1,11.56,-5.5,18.06,2500
FTV,62.65,1.38,1928,78,62,66,C,C,A,94,-22,3355,-27.46,0.4,74,-,14.5,10.44,21.36,9.32,3245
GGG,75.24,0.56,1325,34,56,19,C,A,D,94,-16,1298,2.24,1.5,58,-,28.7,6,7.47,-5.71,1482
GHM,115.42,-3.37,228,93,78,95,C,B,B,94,-31,176,13.03,,6,-,6.0,46.43,-35.71,-55,256
GRC,84.06,-5.25,300,92,96,92,C,B,C,94,58,260,7.71,0.9,28,-,10.1,23.05,17.5,47.83,168
HLIO,82.39,-2.35,401,77,83,89,C,C,E,94,59,614,16.83,0.5,50,1/9/1997,7.4,14.61,36.43,81.82,375
HUHU,8.56,-5.52,2,19,4,61,C,D,E,94,-74,19,25.89,,13,10/22/2024,-79.5,,,-174.18,74
HY,31.99,-4.62,289,11,5,27,C,D,D+,94,-12,79,-12.65,4.0,22,-,-1.1,-0.44,-179.11,-456.25,92
HYFM,0.79,6.44,10,,,,C,,E,94,-44,17,-29.63,,3,12/10/2020,-216.4,,,-106.94,49
IEX,223.82,-0.51,1746,83,62,76,C,B,B,94,-38,443,8.92,1.3,52,6/2/1989,18.3,6.91,1.83,14.29,714
IR,80.59,-0.33,2132,60,78,34,C,B,B,94,-26,3077,7.6,0.1,68,5/12/2017,12.2,4.96,3.05,6.94,4159
ITT,186.80,-1.08,922,64,93,44,C,A,E,94,-25,640,32.74,0.8,60,-,16.5,16.32,17,36.55,841
ITW,272.76,1.41,2330,67,60,46,C,A,B+,94,-23,1261,4.61,2.4,62,-,24.7,7.79,8.16,11.76,1434
JBTM,145.83,0.57,571,79,93,55,C,B,B-,94,-10,493,9.59,0.3,80,-,-1.6,29.23,35.46,62.89,558
JCSE,1.30,-2.26,,,,,C,,D,94,-58,14,66.19,34.1,98,4/22/2022,16.7,,,530.16,38
KAI,309.00,0.66,476,56,70,41,C,B,D+,94,-40,107,17.78,0.4,42,-,13.7,34.13,27.2,35.24,181
KRNT,15.61,-3.76,137,16,12,41,C,D,D+,94,-51,130,4.48,,12,4/2/2015,-6.1,-42.58,-146.67,-200,265
LASE,1.40,-7.28,10,22,6,35,C,D,B+,94,-89,1916,-60.02,,5,9/30/2022,-209.3,,,-43.11,17422
LECO,258.43,0.18,805,58,78,49,C,A,E,94,-13,329,11.65,1.2,66,-,16.0,10.98,7.5,15.74,373
LGL,6.93,0.29,26,,,,C,,E,94,-74,3,36.95,,0,-,10.2,-219.17,204.96,-8821.55,18
MIDD,175.12,1.96,630,77,47,78,C,C,A+,94,16,782,-7.36,,82,-,15.1,14.51,-1.07,3.85,678
MIR,17.38,-2.96,616,31,77,18,C,C,E,94,-42,2511,27.52,,26,-,3.5,17.01,-6.73,0,4246
MTD,1308.43,0.62,2249,56,61,39,C,C,A,94,-20,177,7.17,,46,11/13/1997,26.1,9.21,7,8.79,218
MTEN,1.44,-7.69,1,,,,C,,D-,94,-90,386,17.87,,21,4/18/2024,-15.0,,,96.84,3760
NDSN,290.38,-1.78,1476,74,75,69,C,A,E,94,-9,381,8.48,1.1,56,-,21.4,13.31,13.38,18.18,414
NNBR,3.49,-12.53,63,78,60,95,C,E,A,94,96,6248,12.08,,8,3/15/1994,-9.4,350,-50,166.67,3227
NPO,335.50,-7.01,548,83,74,90,C,C,B-,94,63,424,10.91,0.3,18,-,5.0,16.43,14.45,12.63,265
OTIS,73.14,3.54,2302,22,63,17,C,D,E,94,-16,3254,6.45,2.4,88,-,13.4,3.25,-3.9,-3.26,3970
PH,962.89,-0.10,3018,85,89,63,C,A,C+,94,-48,408,10.6,0.8,40,-,20.7,14.43,7.51,17.72,792
PNR,76.72,0.45,2090,39,78,12,C,B,C-,94,-46,1308,2.6,1.4,92,-,18.1,8.74,6.62,9.91,2308
PRLB,76.40,-2.97,427,86,84,90,C,C,C,94,-15,192,10.41,,20,2/24/2012,5.8,21.79,29.27,63.64,217
PSIX,37.08,0.98,262,26,69,4,C,A,E,94,-34,491,-5.05,,96,-,14.3,-52.21,-87.95,-56.63,763
RAIN,1.97,-0.76,11,,,,C,,D,94,-47,21,,,98,-,-90182.3,,,-35.77,41
SHMD,5.56,-8.85,9,20,11,66,C,D,E,94,-25,855,73.19,,8,-,-105.7,106.62,,-259.12,1149
SMCAY,22.38,-3.49,5,71,55,76,C,B,B,94,-49,126,12.05,0.9,64,-,28.1,,,29.73,261
SOTK,5.20,-11.56,27,91,92,81,C,C,A,94,46,61,9.53,,14,-,10.8,-4.55,33.33,50,41
SPXC,227.74,-1.72,749,81,93,69,C,A,E,94,-16,528,17.45,,38,-,13.9,18.8,12.24,22.46,761
SSYS,8.13,-4.07,97,8,18,27,C,E,E,94,-50,570,-2.46,,10,10/20/1994,-11.3,-20,-75,-125,1064
SXI,327.87,-5.91,434,93,80,89,C,B,A-,94,23,258,8.09,0.4,24,-,8.7,8.55,3.25,13.33,211
SYM,42.74,-4.94,398,31,76,16,C,C,D-,94,-25,1696,23.07,,2,3/9/2021,-3.5,-74.42,78.09,383.65,2285
TAYD,57.05,-1.21,82,60,92,28,C,A,C,94,16,42,5.76,,90,-,23.8,3.99,-33.33,23.44,37
TGEN,4.52,-8.32,31,15,4,46,C,D,D,94,-1,452,-12.94,,11,5/20/2014,-30.4,21.11,-43.72,-170.08,454
TNC,87.48,1.64,426,54,32,71,C,D,B,94,-40,135,2.72,1.4,76,-,4.8,11.96,-10.74,-48.21,227
TRSG,1.53,0.66,,,,,C,,A,94,423,52,14,,19,4/19/2024,-0.3,,,-273.45,9
VELO,15.63,-2.80,39,72,74,91,C,D,B,94,-30,2999,48.24,,6,-,-155.0,72.98,55.56,89.14,4305
VHUB,1.03,3.00,,8,5,55,C,E,E,94,-41,251,-86.43,,0,-,-7218.4,,,-51.12,440
VNT,28.62,0.14,705,22,55,11,C,B,E,94,-37,1314,1.28,0.3,94,-,16.5,6.39,1.49,3.9,2001
WFF,2.81,,3,,,,C,,C,94,-98,3,,,10,3/27/2025,-63.0,,,,28
WRTBY,7.20,-2.44,,62,96,51,C,A,E,94,-4,44,10.88,1.4,54,-,11.7,,,22.92,47
ZWS,49.16,0.31,658,74,94,55,C,B,E,94,2,1144,11.37,0.9,44,3/29/2012,15.1,15.69,12.52,32.26,1088
BRAG,1.75,1.66,14,19,24,17,C,C,A,95,-61,17,5.01,,43,-,-6.0,63.38,-55.84,52.54,46
CHAI,0.65,-8.24,3,,,,C,,E,95,-95,228,52.68,,92,-,-13.0,,,98.51,5361
CTW,2.65,1.14,,36,7,72,C,C,C,95,-72,9,-0.68,,0,8/6/2025,4.9,-156.52,,-177.34,29
DDI,11.49,0.09,30,66,38,81,C,A,C,95,-77,42,12.73,,62,8/31/2021,38.9,20.39,36.82,47.92,180
EA,205.21,-0.12,2497,70,64,48,C,B,B-,95,8,2303,3.61,0.4,15,9/20/1989,15.6,152.65,228.79,10.66,1955
GDEV,12.14,0.00,13,5,25,9,C,D,E,95,-54,1,2.04,,77,-,18.5,15.61,19.5,20.72,3
GIGM,1.43,-2.72,1,,,,C,,A+,95,46,10,-12.34,,13,2/17/2000,-44.7,,,-29.1,7
GMHS,0.97,0.78,4,5,1,16,C,E,D+,95,-96,97,,,46,-,3.4,,,,1291
GRVY,65.58,-0.02,27,47,40,46,C,B,C-,95,75,98,16.65,,54,-,16.2,,,32.12,56
GXAI,1.16,-0.85,6,,,,C,,E,95,-92,219,7524.17,,17,2/15/2023,-221.5,-15.93,-41.45,-43,2680
MSGM,4.31,5.12,16,,,,C,,B,95,41,84,129.25,,69,1/13/2021,58.4,-83.93,-97.56,-81.46,63
MYPS,0.63,20.80,121,27,15,37,C,E,A+,95,93,1944,-6.86,,30,-,-11.4,28.13,-82.11,-300,1004
NCTY,5.08,0.59,2,4,6,12,C,D,E,95,0,31,135.26,,4,12/15/2004,-378.4,,,-63.1,31
NEXOY,13.81,2.60,1,25,63,7,C,A,E,95,-10,42,21.64,1.4,38,-,29.9,19.03,-17.98,153.64,51
NTDOY,11.09,3.21,50,31,61,6,C,A,C,95,52,5067,74.68,1.4,23,-,24.6,-7.6,-26.72,22.38,3346
NTES,127.24,-1.90,420,71,75,39,C,A,A,95,5,1040,12.77,2.4,31,6/30/2000,36.3,14.12,12.05,5.97,1012
PLTK,3.87,1.04,199,33,6,58,C,D,A,95,-50,763,5.48,,22,1/15/2021,-6.3,177.89,93.09,-287.5,1492
RBLX,55.41,-4.38,1800,15,15,16,C,D,B+,95,-29,8721,43.45,,35,3/10/2021,-21.8,2.54,13.85,-9.37,12822
SNAL,0.62,0.67,6,15,28,25,C,D,D+,95,-97,207,35.79,,48,11/10/2022,-20.4,189.19,170.45,183.33,8433
SOHU,12.39,-2.59,43,31,76,13,C,C,E,95,8,60,4.16,,85,7/12/2000,-8.5,-115.99,,70.91,56
TRUG,1.33,0.76,3,,,,C,,B+,95,-92,249,-6.85,,26,-,-80.7,89.63,95.77,93.89,149
TTWO,254.99,1.87,2425,59,26,63,C,D,A+,95,-25,2036,-0.08,,8,4/15/1997,-3.0,65.17,-46.28,-25.74,2601
VS,1.32,-2.94,2,,,,C,,B-,95,-58,40,-91.32,,0,-,-98.2,,,28.96,98
ARRY,6.97,-2.79,435,12,26,24,C,D,E,96,-2,5606,-26.11,,62,10/15/2020,-2.3,8.63,-50.38,-53.85,5688
ASTI,4.43,-4.53,10,48,67,80,C,E,E,96,-65,644,232.46,,0,-,-10202.5,76.06,83.42,75.5,1858
CSIQ,14.46,-7.64,136,13,13,43,C,D,D,96,-15,2599,-9.92,,43,11/9/2006,-2.5,65.79,-738.1,-39.95,3113
DQ,12.25,-3.54,173,5,38,4,C,E,E,96,32,1340,-78.43,,57,10/7/2010,-35.6,16.66,53.95,-22.43,1016
ENPH,43.07,-8.05,843,41,30,67,C,B,D+,96,-18,6885,-20.55,,38,3/30/2012,13.9,-31.59,-32.23,-30.88,8555
FGL,1.46,-2.01,,,,,C,,A,96,-97,29,,,52,10/23/2024,-4.7,,,,1223
FSLR,224.57,-3.24,2605,78,97,56,C,A,D+,96,1,2597,23.64,,50,11/17/2006,30.3,24.54,-5.72,65.13,2596
JKS,15.84,-2.16,134,2,3,6,C,E,E,96,-17,693,-19.05,9.1,39,5/14/2010,-14.0,65.46,-4355.09,-7508.79,810
MAXNQ,0.25,2.04,16,,,,C,,D-,96,-75,41,-89.4,,4,-,-117.2,,,-164.83,204
NEOV,2.49,-10.43,25,13,5,9,C,D,B+,96,-15,2273,-0.7,,13,-,-59.7,-131.67,-65,-85.69,2644
NXT,112.84,-2.85,1424,66,78,67,C,A,E,96,-7,2625,-4.74,,12,2/9/2023,20.1,19.98,-9.14,-18.6,2929
PBK,0.66,-7.78,3,16,24,28,C,E,C,96,-63,1478,-100.12,,9,-,-85.1,67.09,-106.45,50.59,4091
PN,3.88,-0.51,1,4,3,2,C,D,E,96,-100,37,43.12,,48,3/4/2025,-3.4,,,-2910.5,2034
RUN,12.74,-2.82,558,31,53,32,C,B,E,96,12,10765,43.22,,75,8/5/2015,-39.8,-23.28,-73.73,210,9618
SEDG,52.38,-6.46,416,57,71,79,C,D,D,96,-34,2544,41.47,,22,3/26/2015,-33.0,100.53,98.44,62.28,3861
SHLS,9.95,-1.68,475,75,86,86,C,B,E,96,44,8292,74.91,,0,1/27/2021,10.2,13.58,-1.32,133.33,5749
SMXT,0.35,-2.25,13,,,,C,,E,96,-85,167,114.08,,61,2/27/2024,-8.2,,,79.58,1128
SPRU,2.46,-3.91,34,16,46,27,C,C,E,96,-25,36,-1.67,,26,-,-22.9,,,77.17,48
SPWR,0.63,-4.62,96,4,14,2,C,D,E,96,-44,1857,-9.21,,30,-,-14.2,85.48,54.87,-182,3327
SUNE,2.24,-5.88,7,,,,C,,C,96,-98,159,-43.07,,74,-,-15.1,,,98.76,7366
TOYO,6.46,-5.96,8,57,99,40,C,A,E,96,66,1091,105.27,,88,-,12.3,134.18,703.45,1058.82,661
TYGO,2.07,-7.59,29,28,59,38,C,C,E,96,19,1265,34.03,,25,-,-1.2,241.67,-119.28,47.2,1071
ZEO,0.67,6.88,13,8,30,21,C,D,E,96,-62,51,50.11,,35,-,-27.9,,,79.87,107
ASTL,3.77,-1.57,108,4,6,18,C,E,E,97,17,1282,-39.94,4.8,0,-,-62.4,,,-54.57,1119
CLF,9.86,4.67,458,26,47,44,C,E,D-,97,49,28422,6.33,,27,-,-10.8,83.54,61.95,56.52,19210
GGB,4.07,1.24,171,37,30,69,C,C,E,97,15,20454,8.37,2.5,44,-,3.5,293.1,97.96,55.27,18087
HLP,0.75,34.41,3,53,78,12,C,B,A+,97,4633,49489,40.17,,33,3/29/2023,11.1,,,4509.2,1356
HUDI,0.83,-9.47,3,,,,C,,E,97,-76,92,-16.48,,33,1/22/2021,-3.0,,,-853.85,223
LUD,4.82,-3.60,1,6,1,44,C,E,E,97,-91,13,,,,2/27/2025,3.0,,,,120
MT,63.40,6.99,110,47,30,89,C,D,E,97,51,2931,4.45,0.9,78,-,4.6,13.63,-49.65,-27.88,1975
NPSCY,3.43,2.69,3,15,34,20,C,C,E,97,14,416,17.87,2.9,0,-,0.9,1611.43,44.72,20.9,374
NUE,220.75,0.79,2103,74,79,88,C,C,D-,97,-15,1443,21.28,0.9,67,-,7.9,104.59,65.2,327.98,1706
PKX,52.12,4.22,73,16,51,28,C,D,E,97,36,589,-0.82,2.5,22,10/14/1994,1.1,183.72,151.8,52.8,370
SID,0.91,0.91,35,4,20,6,C,D,E,97,-33,2735,10.22,,13,-,-4.9,79.92,-212.8,13.98,4107
SIM,29.00,,5,20,32,35,C,C,E,97,-95,0,19.95,,11,6/30/1993,8.9,,,52.16,0
STLD,220.39,-0.62,2289,70,74,85,C,B,D-,97,30,1611,19.13,0.9,56,11/21/1996,8.2,104.83,89.9,93.06,1239
TX,41.75,0.48,161,36,46,58,C,D,E,97,-40,271,0.03,5.0,89,2/1/2006,3.6,136.22,-5.9,220.59,451
USNZY,1.64,,2,51,44,90,C,D,C+,97,-80,41,-4.75,,47,-,-6.8,211.53,140.35,169.56,229
ZKIN,1.36,-6.85,1,,,,C,,E,97,8,14,-43.51,,7,9/1/2017,-5.6,,,10.18,30
AGBK,7.11,-1.11,32,7,1,25,C,E,D+,98,-68,145,,,,2/11/2026,14.5,67.67,,,451
AVAL,5.06,-0.39,13,69,77,81,C,C,E,98,-82,57,18.74,2.5,32,9/23/2014,9.8,70.86,14.33,9.51,313
BAP,391.21,1.09,1177,84,89,84,C,B,E,98,-48,245,24.49,2.8,98,-,34.9,16.44,9.69,16.14,494
BBAR,19.45,0.52,35,48,13,80,C,C,C+,98,-47,397,7.87,0.5,2,11/23/1993,6.6,51.12,68.07,-19.34,716
BBD,3.45,-0.86,271,56,88,38,C,B,D-,98,-8,27910,31.19,5.2,80,-,5.2,3.48,22.48,29.21,30638
BBDO,2.96,0.34,3,51,90,32,C,B,E,98,-35,50,37.43,5.6,92,-,5.2,,,20.32,76
BBVA,25.60,2.48,88,91,81,79,C,A,B-,98,-35,1061,17.73,3.6,50,-,20.3,12.41,17.88,16.79,1649
BCH,39.38,1.39,101,58,41,61,C,A,C,98,-38,210,32.97,4.3,20,-,33.3,10.04,14.38,-12.81,356
BHKLY,107.65,-1.47,1,47,69,50,C,B,E,98,64,5,-0.5,5.0,60,-,29.8,5.25,,-3.89,3
BLX,59.24,-3.55,217,88,76,76,C,A,B,98,37,249,6.68,4.4,72,9/23/1992,27.0,9.17,,-6.43,190
BMA,90.24,0.61,55,59,40,77,C,C,C+,98,-42,183,19.9,0.5,5,3/24/2006,8.4,103.73,-15.64,165.91,311
BSAC,32.66,0.28,149,58,70,52,C,A,E,98,-24,345,-20.04,3.4,38,5/17/1994,22.4,6.68,18.68,4.47,453
BSBR,5.19,,39,21,49,21,C,B,E,98,-5,1231,14.32,5.7,25,10/7/2009,8.6,182.72,364.85,13.72,1295
CAIXY,4.75,0.85,1,86,73,79,C,A,C+,98,-30,204,6.18,2.5,35,-,31.5,6.32,6.57,20.74,297
CIB,79.15,1.24,247,64,54,77,C,A,E,98,-33,284,35.07,8.3,12,7/26/1995,22.7,98.24,20.61,-2.58,406
CICHY,20.03,-0.64,7,27,41,31,C,B,E,98,39,95,11.67,4.1,95,-,28.0,2.56,-0.07,5.99,69
CIHKY,28.00,-0.54,2,24,53,17,C,B,E,98,12,47,3.4,4.1,88,-,35.8,,,6.69,43
CM,113.90,-1.87,1748,86,90,82,C,A,E,98,6,1421,13.95,2.2,22,-,17.6,20.04,14.39,23.83,1397
DNKEY,27.40,2.07,2,62,29,69,C,B,B,98,-62,19,3.36,6.0,45,-,24.5,4.35,7.45,4.53,52
GGAL,50.37,2.69,142,38,12,58,C,C,B-,98,-36,810,95.28,,0,-,2.2,323.97,-2.91,-61.79,1270
HDB,25.77,0.86,1011,48,78,21,C,A,B,98,-35,5610,-8.01,1.4,30,7/20/2001,20.6,3.48,5.45,1.72,8664
IBN,29.49,1.79,749,71,71,43,C,A,A,98,-27,5110,0.4,0.7,15,3/28/2000,24.8,-0.94,-7.1,2.26,7489
IFS,58.13,-0.27,207,95,91,82,C,A,B+,98,-10,296,15.19,3.2,62,7/19/2019,24.4,16.11,0.47,45.99,336
ING,32.10,1.97,74,87,89,78,C,A,D-,98,0,3437,6.58,3.5,42,6/13/1997,14.5,11.49,16.16,18.55,3436
INTR,5.47,-0.36,136,40,97,8,C,A,E,98,-19,5082,52.79,2.1,78,-,10.9,44.2,36.44,52.14,6395
ISNPY,42.24,2.70,9,84,89,62,C,A,C-,98,-32,172,8.16,4.6,58,-,26.9,7,0.14,18.96,265
ITUB,8.12,-0.08,436,60,68,52,C,B,D+,98,-35,14870,11.34,5.2,65,-,11.3,21.76,25.94,21.58,23183
KB,109.35,6.60,123,69,71,70,C,B,D-,98,13,316,0.86,2.6,75,-,15.9,15.54,-2.72,5.79,255
KBCSY,69.40,1.90,5,74,68,65,C,A,C,98,605,190,16.06,2.3,40,-,18.6,9.81,14.69,4.9,31
NABZY,13.30,3.62,6,32,64,26,C,B,E,98,-23,314,17.47,4.2,18,-,16.0,0.91,,18.28,406
NRDBY,19.29,3.04,1,70,76,62,C,B,D,98,-70,284,0.87,4.8,52,-,24.7,-0.12,0.32,6.03,960
NTB,59.67,-0.98,319,89,87,70,C,A,B,98,-19,174,4.25,3.3,70,-,29.7,12.55,20.53,24.39,212
NU,13.61,1.64,1755,47,62,26,C,A,C-,98,6,55848,52.97,,10,12/9/2021,26.7,44.46,57.81,55.93,54247
OVCHY,38.86,1.94,3,58,24,77,C,B,C,98,-16,24,-4.44,2.9,28,-,24.2,,,5.37,33
PBCRY,8.06,2.68,19,31,63,9,C,A,D+,98,101,849,1.08,3.2,55,-,56.2,,,1.87,446
PPERY,8.74,2.22,4,33,82,11,C,A,E,98,-28,118,-9.21,10.7,90,-,38.0,-4.23,17.17,14.54,181
SHG,66.88,6.97,100,62,59,73,C,B,E,98,-0,271,6.33,2.5,82,-,16.6,17.45,-51.07,-49.23,273
SUPV,9.55,3.24,29,24,6,48,C,C,C,98,-46,488,134.5,,0,5/19/2016,-4.7,266.96,99.74,-259.96,856
SWDBY,37.67,2.18,1,63,61,67,C,A,E,98,-50,15,2.22,4.9,48,-,31.9,-12.64,-4.32,-7.11,30
UOVEY,61.98,1.23,4,68,50,55,C,B,B,98,1,35,-2.89,4.0,68,-,21.8,22.5,7.97,-38.3,36
VBNK,21.90,-7.67,55,95,89,93,C,B,A,98,95,229,25.1,0.4,8,-,13.6,49.5,52.58,47.7,90
WF,59.81,4.33,43,23,28,36,C,B,E,98,-6,220,14.92,4.5,85,-,14.2,-0.33,1.01,-1.7,172
AM,22.46,0.13,637,70,53,52,C-,A,B,99,-8,2290,7.93,3.9,6,5/4/2017,44.8,28.15,3.52,0,2547
BP,37.40,3.46,290,33,71,32,C-,D,E,99,133,21304,11.41,5.3,72,-,3.8,79.08,66.64,136.23,9333
CVE,24.65,0.61,1232,60,87,63,C-,C,E,99,-32,6236,-25.11,1.3,33,-,8.9,103.64,251.11,80.25,8467
CVX,169.20,2.12,3455,17,21,33,C-,C,E,99,4,9562,2.09,4.2,11,-,10.7,92.81,187.34,-35.32,9820
E,46.87,2.85,53,32,47,50,C-,D,E,99,8,473,-9.95,3.7,44,11/28/1995,5.6,55.22,101.41,-1.4,439
EC,14.70,1.73,70,40,20,68,C-,C,D,99,-26,2313,3.29,11.4,39,-,15.5,10.19,334.07,-6.59,3155
EQNR,32.04,2.66,108,52,84,46,C-,B,E,99,-21,3086,-4.73,3.7,83,6/18/2001,23.7,102.94,113.82,124.24,3900
EQT,52.61,0.25,1934,50,87,22,C-,A,D,99,-30,4878,56.95,1.3,50,-,35.6,49.26,-0.48,97.46,7416
IMO,113.77,2.50,1035,30,29,51,C-,C,E,99,1,514,0.85,1.6,22,-,9.4,46.96,113.66,-21.92,566
MNR,12.60,-0.94,19,22,15,26,C-,B,C,99,-26,353,25.99,14.3,61,10/25/2023,13.1,9.26,-49.25,-57.16,490
NFE,0.36,-7.72,233,2,12,2,C-,E,E,99,-41,3539,-41.03,,0,1/31/2019,-117.7,50.44,89.6,-55.31,5926
PBR,16.11,0.75,490,37,48,45,C-,B,D-,99,-23,12177,11.68,5.9,89,-,30.3,34.65,56.05,-3.44,15941
PBR.A,14.52,0.21,234,34,47,42,C-,B,E,99,-25,6851,11.68,6.5,94,-,30.3,35.96,60.69,-3.44,9182
SHEL,78.02,1.89,504,34,70,31,C-,C,E,99,-27,5453,0.66,3.9,67,-,10.9,57.93,90.25,32.61,7504
SLNG,4.19,4.23,27,19,13,23,C-,D,B,99,-58,17,-40.14,,14,-,-1.9,-335.71,-150,-144.44,42
SOC,4.25,-3.41,207,3,24,2,C-,E,E,99,267,25907,,,95,-,-39091.7,102.16,123.29,11.06,7238
SU,55.05,2.76,1591,38,51,51,C-,B,E,99,34,5150,23.83,3.0,28,-,16.3,94.37,281.94,49.07,4125
TTE,76.69,2.53,4018,34,59,41,C-,C,E,99,-8,1303,3.38,5.2,78,10/25/1991,10.9,55.72,86.29,33.88,1445
VG,11.13,0.91,277,28,51,22,C-,A,E,99,-60,6825,58.92,0.6,56,1/24/2025,24.4,66.63,242.27,26.67,16939
WMB,73.14,0.51,2608,73,83,55,C-,A,D,99,-20,6556,-0.59,2.7,0,-,30.6,12.22,8.51,21.67,7099
XOM,137.09,0.59,4040,21,26,39,C-,C,E,99,-21,13707,2.42,3.0,17,-,12.7,57.54,121.41,-34.09,17400
YPF,44.40,-1.25,134,38,39,60,C-,C,D,99,-49,1013,7.34,,5,6/28/1993,5.2,373.45,1516.12,2675,1998
ABTS,1.17,-1.68,1,,,,C-,,E,100,-99,19,68.76,,24,-,-30.3,,,-143.66,3146
ADEA,29.19,-8.92,481,87,80,89,C-,A,D+,100,4,2334,19.47,0.6,27,11/13/2003,31.8,-13.92,23.2,46.15,2278
AMBR,1.43,-4.67,3,3,12,4,C-,D,D-,100,-40,30,-71.22,,0,12/22/2017,5.5,-83.33,-200,-300,50
AMZE,0.12,-7.70,7,,,,C-,,C+,100,-66,3843,678.98,,5,12/14/2021,-2804.3,95.99,97.9,94.82,11120
ANGI,6.06,2.71,295,15,24,7,C-,D,A+,100,-64,501,-3.16,,36,-,6.1,-70.04,-24.64,-173.33,1382
ATHM,18.18,-1.36,319,24,17,21,C-,C,A+,100,-18,573,-22.82,12.9,42,12/11/2013,22.1,-29.38,-38.7,-85.73,728
BIDU,113.30,-3.93,560,21,21,39,C-,C,D-,100,23,3160,4.88,,24,8/5/2005,5.2,1.11,-1.56,-30.98,2581
BILI,17.14,-1.66,113,24,72,9,C-,B,E,100,-31,2226,13.25,,21,3/28/2018,4.0,22.05,23.75,63.59,3234
BMBL,3.28,1.55,260,19,37,16,C-,D,A-,100,-9,3220,-14.21,,8,2/11/2021,-89.2,117.21,110.02,161.54,3740
BZ,13.00,-3.56,731,45,97,13,C-,A,D-,100,-39,2268,8.76,1.1,55,6/11/2021,38.7,8.04,141.88,109.23,3978
BZFD,1.50,-1.32,16,27,8,74,C-,E,C,100,-88,499,-12.35,,25,-,-30.7,73.2,22.83,-14.32,4349
CARG,36.24,3.13,594,79,95,34,C-,B,A,100,-23,1151,8.17,,33,10/12/2017,27.9,10.19,7.57,26.09,1465
CHR,1.98,-1.98,4,,,,C-,,A+,100,-95,96,2.23,,97,9/12/2018,17.3,,,-94.21,206
CNET,1.03,-3.50,,,,,C-,,A+,100,-93,19,-76.82,,22,-,-38.4,,,116.71,327
CPOP,0.08,-10.21,3,7,15,1,C-,C,E,100,-84,2597,64.79,,49,6/30/2021,-6.1,,,-53.43,15815
DHX,3.70,-2.63,67,60,37,84,C-,D,B,100,-85,36,-8.07,,57,7/18/2007,-11.5,160,287.5,119.05,247
DOYU,4.79,3.01,44,24,46,16,C-,D,A+,100,-23,20,-7.94,,58,7/17/2019,0.0,176.45,-194.49,136.57,26
DRCT,2.85,-0.35,5,,,,C-,,D-,100,-99,37,-18.11,,14,-,-79.9,89.33,81.02,86.6,279
DUO,0.74,5.70,,4,15,3,C-,D,E,100,-73,55,-23.38,,30,11/1/2019,-29.9,,,-105.15,206
FENG,1.50,-1.96,2,,,,C-,,E,100,-93,0,27.84,,73,5/12/2011,1.1,,,26.9,19
GAME,0.37,-0.43,13,16,34,40,C-,E,D+,100,-71,954,-25.15,,13,-,-66.6,67.21,68.75,-38.46,2813
GETY,0.90,17.39,103,21,44,27,C-,D,E,100,32,10037,1.11,,29,-,-16.5,104.6,-91.15,92.86,7822
GIBO,24.31,-13.18,3,2,3,3,C-,E,E,100,14,15,,,,-,,,,100,2
GITS,2.12,-7.02,1,,,,C-,,C+,100,-95,43,,,0,8/1/2023,-239797.8,,,33.63,868
GOOG,356.18,-0.48,5254,89,99,83,C-,A,D-,100,-30,15553,21.79,0.3,15,-,39.4,32.04,24.55,81.85,22923
GOOGL,359.91,-0.36,8688,90,99,85,C-,A,D,100,-22,25999,21.79,0.3,12,8/19/2004,39.4,32.08,24.57,81.85,33485
GRND,16.06,2.36,242,76,74,58,C-,B,A+,100,-5,1658,38.33,,9,-,27.0,26.24,80.44,173.9,1683
HUYA,2.38,-1.65,77,9,27,13,C-,D,D,100,-52,520,21.9,,38,5/11/2018,-1.5,253.89,1114.6,-107.07,1078
ILLR,2.54,-6.27,8,41,64,32,C-,E,A,100,-59,5991,5.21,,2,-,-806.7,,,49.11,6962
IPDN,0.63,-6.51,6,,,,C-,,C,100,-54,33,2.89,,11,3/5/2013,-99.5,,,49.26,81
IZEA,3.63,2.25,35,13,21,39,C-,D,E,100,50,79,-17.51,,33,-,0.1,-304.08,-128.57,-300,54
JOYY,67.26,0.54,258,67,68,63,C-,C,C+,100,-8,298,12.41,7.2,61,11/21/2012,10.2,1.52,-19.44,-5.93,332
KRKR,2.69,2.67,,,,,C-,,E,100,-97,1,5.54,,88,11/8/2019,5.3,,,138.37,30
LVO,5.66,-4.23,17,36,34,60,C-,E,B,100,35,111,-1.91,,32,-,-27.5,61.65,48.13,18.75,83
LZ,6.92,5.65,373,52,66,31,C-,B,A+,100,-2,2798,12.93,,67,6/30/2021,4.3,19.48,0.52,-7.69,2774
META,582.90,-4.90,7942,64,92,28,C-,A,C,100,21,21751,33.08,0.4,18,5/18/2012,42.8,40.31,0.46,62.36,17623
MOMO,5.87,-1.51,138,28,44,22,C-,C,B,100,-28,494,0.52,,76,12/11/2014,16.0,29.99,285.05,-7.13,717
MTCH,37.90,-0.92,859,85,92,67,C-,C,A,100,-18,3092,3.94,2.1,39,-,21.4,11.26,33.08,54.55,3608
NXDR,2.29,-1.72,213,63,57,79,C-,D,A+,100,-32,2035,13.83,,40,3/24/2021,-20.4,50.11,50.17,48.33,3011
OPRA,19.90,-0.75,66,93,88,75,C-,A,A+,100,-46,242,23.16,4.1,30,7/27/2018,20.3,-1.85,57.35,35,446
PINS,22.07,0.82,1605,67,88,33,C-,A,A+,100,-52,8214,17.84,,52,4/18/2019,10.6,18.54,8.22,17.39,19848
PODC,4.36,3.56,18,75,67,96,C-,C,C-,100,-57,70,11.12,,43,-,-4.3,123.33,91.67,66.67,164
PPLI,46.75,1.76,365,75,65,71,C-,D,A+,100,-30,830,-25.87,,3,-,-3.4,43.57,-115.53,66.43,1207
PSQH,0.42,-7.49,17,,,,C-,,E,100,-20,282,20.87,,17,-,-136.7,10.38,61.11,-20,343
RDDT,194.67,-1.56,1543,85,84,61,C-,A,A+,100,-18,4468,68.96,,6,3/21/2024,24.0,88.33,109.54,676.92,5171
RMSG,0.48,-6.42,1,,,,C-,,B,100,-96,209,,,,-,,,,-1083.19,6226
SJ,0.87,-3.10,5,20,43,35,C-,D,E,100,6,85,-3.26,,10,-,-54.4,,,213.88,81
SLE,3.12,-0.64,4,,,,C-,,B,100,-99,13,10.49,,6,2/26/2019,-182.7,73.71,97.38,99.07,972
SNAP,4.84,1.89,871,28,61,26,C-,C,C-,100,-16,37376,12.15,,52,3/2/2017,-7.6,75.47,25.84,37.5,45293
SOGP,10.47,-2.15,2,32,84,18,C-,B,E,100,-54,13,58.72,,91,1/17/2020,7.2,,,541.52,24
SOPAQ,0.05,5.81,5,,,,C-,,E,100,-92,59,-17.63,,71,11/9/2021,-142.9,58.98,84.04,-82.88,1747
SPT,8.08,1.13,238,56,87,38,C-,C,A+,100,-2,1486,11.17,,73,12/13/2019,-9.3,12.61,-10.5,4.55,1509
TCEHY,55.35,-1.51,210,43,94,13,C-,A,E,100,11,4542,15.99,1.2,45,-,33.7,8.85,15.21,18.89,4523
TME,8.63,-0.35,814,34,79,8,C-,A,D,100,-44,6155,13.92,2.8,70,12/12/2018,40.2,-13.05,7.16,-48.68,10988
WB,7.36,-1.08,145,10,23,10,C-,B,D-,100,-14,1153,6.17,8.2,85,4/17/2014,34.5,-14.71,-33.11,-24.44,1333
WBTN,11.64,2.02,127,23,26,52,C-,D,C,100,-25,251,-1.48,,19,6/27/2024,-28.2,93.29,-140.36,58.82,336
WIMI,1.53,2.00,2,29,83,6,C-,B,D,100,-93,41,-6.1,,94,4/1/2020,83.9,,,251.52,617
YALA,5.48,-2.14,54,33,67,14,C-,A,D,100,29,438,-5.81,,82,9/30/2020,44.5,1.81,,-20,338
YELP,26.52,1.03,547,59,69,27,C-,B,A+,100,-3,1276,0.82,,64,3/2/2012,13.9,-15.9,-46.08,-16.67,1337
YMM,8.43,-0.35,474,58,98,18,C-,A,C+,100,-8,11347,32.87,3.0,48,6/22/2021,43.1,6.37,3.21,117.33,9135
ZCMD,1.11,-0.89,1,,,,C-,,E,100,-91,23985,-23.18,,21,2/24/2020,-50.7,,,-22.2,950
ZD,52.43,0.89,486,72,40,85,C-,D,A+,100,-5,623,-18.56,,79,7/23/1999,5.6,-22.71,-33.3,-35.96,645
ZH,3.15,1.29,43,16,4,33,C-,D,A,100,-43,123,-4.59,,27,3/26/2021,-6.3,45.94,-167.89,-329.54,218
ZIP,3.96,1.54,160,50,51,57,C-,E,A+,100,-29,570,-2.36,,44,5/26/2021,-6.8,75.94,43.38,56.72,812
ZNB,0.59,-4.26,4,,,,C-,,E,100,-98,80,393,,3,-,-492.8,,,73.46,986
BORR,4.49,4.18,180,23,16,50,C-,C,E,101,-42,4722,14.04,,40,-,8.7,-205.75,-172.87,-28.57,8188
HP,31.30,1.23,435,20,8,53,C-,C,E,101,4,1302,-8.24,3.0,0,-,-2.0,-125.98,-75.37,-2000,1237
NBR,77.86,0.62,315,30,20,67,C-,B,E,101,-21,257,6.43,,60,-,16.9,-109.74,50.94,-170.64,321
NE,37.99,2.45,544,24,16,49,C-,B,E,101,-7,1467,-10.15,5.2,20,-,8.3,63.18,46.98,0,1600
PDS,75.69,0.57,235,14,10,42,C-,D,E,101,-25,77,8.08,,11,-,3.0,5108.86,-51.48,-11.02,110
PTEN,8.66,1.05,536,18,16,54,C-,D,E,101,14,10440,-12.75,4.2,33,11/2/1993,-2.1,45.71,60.34,-1575.95,9199
RIG,5.06,3.90,497,30,48,53,C-,C,E,101,-24,26532,19.32,,0,5/27/1993,-74.3,215.59,69.78,70,35337
SDRL,39.87,2.63,314,26,33,50,C-,D,E,101,-24,589,6.87,,22,-,-3.5,155.09,135.2,52.17,800
VAL,75.35,3.99,493,61,98,56,C-,B,E,101,-6,900,-25.02,,80,5/3/2021,23.3,-78.26,-78.54,54.72,952
AHG,1.52,0.66,2,19,9,28,C-,D,B-,102,-97,2,1.17,,10,11/3/2017,-1125.1,,,-144.3,75
ALLY,45.32,-1.65,827,64,83,55,C-,C,D,102,2,3330,36.4,2.5,55,4/10/2014,7.0,39.64,26.43,91.38,3275
ASPS,7.16,-0.69,20,32,55,32,C-,D,A,102,-7,17,9.54,,50,-,-8.8,117.5,5.26,3777.55,18
BCSF,12.64,0.08,34,27,44,27,C-,C,D,102,-33,243,-0.99,13.7,75,11/15/2018,42.9,-10.37,-9.52,-16,353
BFST,30.64,-2.48,273,83,65,64,C-,A,A,102,27,287,12.67,1.9,52,-,21.5,6.22,6.06,12.31,232
BR,143.95,2.14,2275,45,83,9,C-,A,B,102,-35,1024,7.85,2.8,35,-,15.4,11.62,5.6,11.48,1603
CBOE,248.99,0.51,2435,54,95,28,C-,A,E,102,-7,1367,28.96,1.2,22,6/15/2010,33.2,26.81,34.13,48,1486
CME,236.60,2.42,3330,41,84,15,C-,A,E,102,36,4627,14.48,2.3,25,12/6/2002,81.8,9.52,0.87,20,3414
CNCK,2.24,5.16,13,17,7,38,C-,E,A+,102,-96,48,-2.61,,23,-,-0.2,20.09,,100.11,1192
CPAY,352.46,3.38,1813,88,88,65,C-,A,B-,102,-2,615,25.39,,32,12/15/2010,34.0,25.25,28.07,28.6,647
DBOEF,284.20,6.01,3105,42,17,39,C-,A,B,102,2961,123,17.77,,0,-,33.4,,,9.85,4
DFIN,46.21,4.74,416,57,93,25,C-,C,B,102,-17,292,2.19,,58,-,5.6,10.78,9.62,16.94,347
DGXX,4.60,-9.63,23,40,29,96,C-,E,D,102,-52,5998,-26.97,,31,-,-82.9,56.54,70.59,58.82,12703
ECPG,90.61,-3.39,438,90,70,91,C-,A,B,102,30,447,21.04,,72,-,19.1,18.68,7.23,100,330
EFX,172.07,6.10,1870,45,72,14,C-,A,B,102,23,2196,14.35,1.4,20,-,14.7,12.61,10.07,21.57,1809
FINV,4.83,-2.23,112,24,36,18,C-,A,C,102,-62,368,-2.28,6.0,82,11/10/2017,22.6,-9.93,-40.5,-38.44,969
HAPN,19.69,-4.14,403,91,95,77,C-,B,B,102,-37,6764,15.87,,45,12/11/2014,12.0,49.58,27.9,340,2414
HKXCY,47.16,0.66,9,49,92,22,C-,A,E,102,191,466,18.37,3.2,15,-,72.2,7.6,2.24,25.3,193
HRB,40.04,1.78,697,51,64,42,C-,C,A+,102,-5,2580,5.31,4.5,70,-,20.8,10.73,-2.42,11.9,2570
ICE,132.99,4.94,3187,41,88,12,C-,A,E,102,11,4604,20.38,1.7,30,11/16/2005,35.5,16.73,5.92,36.63,4305
JCAP,18.82,-4.03,150,48,71,31,C-,B,C,102,-20,225,30.1,5.0,80,6/26/2025,35.6,-20.42,-15.23,559763.21,289
JFIN,2.86,-5.30,34,20,65,2,C-,A,E,102,-38,51,-55.21,42.7,90,5/10/2019,30.1,,,-112.25,83
JFU,2.56,-2.99,1,31,82,23,C-,B,E,102,-33,6,28.46,,92,8/15/2019,48.0,,,218.93,8
LMFA,0.15,-0.40,9,,,,C-,,E,102,-53,954,-11.06,,0,-,-305.0,73.17,-800,55.24,2055
LU,1.40,-2.10,89,11,54,5,C-,D,D,102,-64,464,19.98,,17,10/30/2020,-2.0,98.53,,51.25,1293
MCO,490.51,4.72,2893,83,93,44,C-,A,B+,102,-13,933,8.06,0.9,8,-,40.5,11.97,17.86,13.05,1101
MKTX,116.53,1.78,708,26,66,6,C-,A,E,102,-4,673,11.71,2.8,40,11/5/2004,43.2,8.33,-3.55,20.32,694
MORN,165.94,2.45,655,49,96,15,C-,A,C,102,-9,475,10.81,1.3,38,5/3/2005,20.3,20.92,17.68,42.6,526
MRX,62.52,-4.14,315,82,59,91,C-,C,B+,102,-5,914,48.15,0.9,42,4/25/2024,11.3,29.8,22.96,62.64,986
MSCI,603.11,3.62,2346,69,87,51,C-,B,D,102,-25,523,14.07,1.5,5,11/15/2007,47.7,14.08,16.75,13.75,711
NAVI,8.61,-1.37,364,10,17,18,C-,D,C+,102,-34,769,-22.05,7.4,21,-,-3.5,304.16,-2.49,-20,1202
NDAQ,84.66,2.33,2408,56,87,27,C-,A,E,102,8,4543,13.74,1.6,18,-,26.0,13.56,11.52,21.52,3950
NRDS,9.47,1.28,253,35,53,15,C-,A,B,102,-42,612,6.21,,60,11/4/2021,8.2,42.23,-15.09,5818.37,949
OPBK,15.14,-1.62,166,80,72,52,C-,A,A,102,-12,39,10.44,3.6,68,-,21.2,9.3,5.95,29.73,45
OTCM,51.45,0.72,15,38,60,30,C-,A,E,102,-86,1,14.98,2.4,48,-,32.3,-27.16,-24.46,14.81,8
PAPL,0.99,-2.98,1,,,,C-,,D,102,-100,22,-4.84,,2,11/1/2023,-19.3,,97.79,32.78,4493
PRAA,18.28,-4.44,334,60,66,49,C-,C,B,102,-42,421,16.66,,60,11/8/2002,-19.5,132.28,-51.39,711.11,731
PRTH,7.18,0.28,146,80,82,71,C-,C,A+,102,64,619,11.1,,78,-,4.9,8.5,0,180,378
QFIN,15.46,-5.56,339,45,52,30,C-,A,A,102,21,1814,-11.69,9.6,85,12/14/2018,38.4,-37.19,-59.19,-39.88,1496
RHLD,148.34,3.26,154,37,41,53,C-,D,C,102,-10,167,292.53,,62,-,29.2,,,4137.96,186
SPGI,439.89,6.01,3994,74,89,35,C-,A,A-,102,-35,3749,10.43,1.0,12,-,40.6,10.54,12.34,13.73,2225
SRL,6.13,-1.37,3,16,53,24,C-,D,E,102,-100,0,5,,15,-,-53.9,,,71.9,19
TIPT,18.20,-1.30,262,15,5,30,C-,D,A-,102,-36,184,-99.86,1.4,2,6/22/2007,-1742.3,,,-297.05,298
TRU,78.31,5.16,1444,72,77,40,C-,A,A+,102,35,3249,13.69,0.7,28,6/25/2015,14.1,11.11,6.52,12.38,2439
TW,102.79,1.28,1434,54,93,18,C-,A,C-,102,-37,1142,21.21,0.6,10,4/4/2019,57.3,17.07,11.03,25.58,1788
VIRT,61.77,0.06,595,98,98,91,C-,A,A-,102,-19,1069,58.21,1.6,65,4/16/2015,33.6,12.03,-1.63,72.31,1368
WRCDF,0.00,,10,,,,C-,,E,102,-5,0,45.79,,98,-,21.6,,,58.9,0
XBP,2.38,-2.86,33,4,12,2,C-,C,E,102,-67,5,423.27,,95,-,144.7,-104.8,16.27,-81.51,16
XYF,4.94,0.82,15,64,94,30,C-,A,A+,102,-62,43,-36.21,15.9,88,9/19/2018,22.9,,,-89.21,115
AMPY,4.00,1.01,121,6,20,18,C-,D,E,103,-48,423,-48,,99,10/24/2016,23.1,-168.2,243.71,-1063.87,818
ANNA,2.71,-4.58,7,23,57,9,C-,C,B-,103,-79,118,1349.51,,27,-,16.6,,,203.13,573
APA,32.36,1.54,1105,41,53,51,C-,B,E,103,-18,5288,-15.2,3.0,82,-,31.3,68.68,148.21,30.19,6077
AR,35.38,1.35,798,32,42,25,C-,B,D,103,-30,3327,43.8,,35,10/10/2013,16.9,151.39,161.71,46.37,4792
BATL,1.32,2.33,32,9,16,26,C-,D,D-,103,-70,3735,-17.56,,51,-,7.2,,,-110.45,12491
BKV,27.35,0.55,248,45,39,40,C-,B,C,103,-2,832,100.28,,18,9/26/2024,23.3,18.46,-35.96,-46.34,856
BRN,1.01,-0.98,12,,,,C-,,E,103,-58,41,-28.97,,16,-,-51.5,,,6.67,104
BSIN,1.10,1.85,12,37,43,45,C-,E,A,103,-70,1846,-26.86,,7,-,-195.4,54.65,81.58,20,6208
BSM,13.79,0.80,25,57,71,31,C-,A,C+,103,-16,299,109.12,8.5,63,5/1/2015,71.0,-44.53,-58.49,-25,359
BTE,3.89,-0.51,223,17,4,60,C-,D,E,103,-31,13933,-54.33,1.7,46,-,-10.3,136.4,-53.9,-200.74,20456
CHRD,113.32,1.51,708,21,25,36,C-,C,E,103,3,805,37.08,4.5,59,11/20/2020,5.0,118.45,257.29,12.87,791
CNQ,39.64,1.85,1639,37,50,41,C-,A,E,103,-0,9322,3.37,3.9,41,-,34.2,66.74,172.47,2.82,9374
CNX,33.84,0.89,545,49,90,27,C-,A,E,103,9,2091,854.82,,61,4/30/1999,37.5,25.71,3.5,54.56,1884
COP,104.73,1.46,2712,22,24,33,C-,B,E,103,-24,6934,-5.2,3.2,33,-,21.6,62.06,108.72,-9.57,7922
CRC,51.26,-0.95,628,16,20,27,C-,B,E,103,-18,688,-86.95,3.0,49,-,14.8,45.72,62.82,-17.76,837
CRGY,9.34,-1.37,417,13,21,28,C-,C,E,103,-6,6257,24.49,4.7,90,-,5.6,28.23,40.65,-5.36,6782
CRK,14.68,,351,18,22,8,C-,A,B-,103,-5,2659,14.53,,8,-,26.4,-6.59,-75.54,-16.67,2741
DEC,14.30,5.38,252,22,31,23,C-,C,C,103,29,1192,60.34,8.9,39,-,18.7,9.68,-19.73,313.95,959
DMLP,25.37,-0.04,18,41,55,30,C-,A,D-,103,-28,122,36.4,9.9,29,-,37.5,,,62.98,173
DVN,40.47,0.55,1926,35,46,36,C-,A,E,103,-1,15457,-14.49,2.5,65,-,20.2,38.17,80.84,-14.05,15012
EGY,5.06,2.02,228,17,6,47,C-,D,D-,103,-13,1366,-43.26,5.1,15,-,-7.4,541.67,225,-850,1442
EOG,130.78,1.70,2441,48,59,39,C-,B,D,103,-26,2881,22.09,3.1,51,10/4/1989,28.1,67.6,116.74,18.82,3838
EONR,0.45,-3.83,7,,,,C-,,D-,103,-53,876,-20.65,,22,-,-65.6,,,126.01,1999
EP,2.67,-1.84,87,6,9,10,C-,E,B-,103,-41,65,-14.53,,1,-,-210.7,,,-37.67,112
EPM,3.65,0.27,156,7,16,14,C-,D,D,103,-7,365,-10.61,12.7,49,-,2.2,-377.78,-90,-271.43,392
EPSN,5.40,-0.92,129,50,94,25,C-,B,D,103,-12,160,58.36,4.6,88,-,-10.5,,,17.48,184
EXE,90.72,1.28,1821,40,83,14,C-,A,D,103,-9,3193,105.78,2.6,57,-,19.6,44.17,4.64,89.6,3407
FANG,172.04,0.05,2080,37,36,43,C-,A,D-,103,7,2690,4.74,2.4,43,10/12/2012,12.5,50.96,133.54,-6.83,2514
FTW,11.97,-0.75,11,18,2,55,C-,E,B,103,-35,63,,,0,-,,-72.3,,-2525.36,100
GFR,5.54,-1.25,43,20,10,47,C-,C,D,103,-67,71,-15.38,,4,-,9.5,,,-155.71,197
GLND,2.03,-2.40,2,2,1,2,C-,E,E,103,-52,840,,,20,-,,-167.24,,,1779
GPOR,168.87,2.09,538,31,53,15,C-,A,D,103,41,689,122.06,,84,-,41.0,24.35,0.02,29.32,392
GPRK,9.07,0.22,35,49,58,55,C-,B,D,103,-45,347,-6.48,1.0,76,-,9.9,40.31,-8,45.32,594
GRNT,4.42,1.38,215,8,9,12,C-,C,D-,103,-9,903,4.34,9.7,22,-,7.1,8.37,-21.82,-90.91,1000
GTE,5.91,-0.84,61,9,3,45,C-,E,E,103,-11,299,0.89,,10,-,-39.0,105.35,215.28,-525.93,341
HPK,6.70,0.60,135,15,11,30,C-,D,C,103,-47,453,-16.14,,32,-,3.0,-145.24,-83.33,-106.45,809
INDO,2.79,0.72,1,,,,C-,,E,103,-80,135,-22.96,,6,12/19/2019,-253.4,,,52.98,664
INR,12.50,1.46,142,23,63,13,C-,B,E,103,-35,283,81.85,,96,1/31/2025,16.6,34.68,181.17,193.46,434
KGEI,4.64,,103,21,19,20,C-,A,D,103,7,273,19.53,,53,-,35.8,47.73,162.5,-31.25,257
KOS,2.07,1.97,300,18,26,42,C-,E,D,103,5,14772,27.71,,9,5/11/2011,-48.9,141.5,152.82,68.18,14265
KRP,14.49,-0.14,82,33,19,43,C-,B,D,103,-57,372,-1.57,10.2,12,2/3/2017,30.6,-6.39,27.38,-84.29,865
LB,73.75,2.01,120,73,58,66,C-,B,B,103,20,443,16.05,0.7,2,6/28/2024,40.9,97.26,124.15,15.1,374
MGY,25.20,0.88,566,24,18,31,C-,A,E,103,-25,2115,2.34,2.4,45,-,31.8,64.81,111.46,1.48,2669
MTDR,50.18,2.32,634,30,39,30,C-,B,D-,103,23,2218,-33.76,3.0,71,2/2/2012,28.3,32.58,47,-23.12,1758
MUR,31.88,1.17,555,12,14,33,C-,D,E,103,-12,1670,10.19,4.0,6,-,6.8,165.55,396.13,-42.86,1847
MXC,8.14,1.74,21,,,,C-,,E,103,-78,2,-18.15,1.3,55,-,25.7,,,29.83,12
NOG,17.95,2.22,481,8,30,8,C-,C,E,103,18,3544,-99.16,9.4,94,-,3.0,-15.04,-25.11,-44.36,3016
NUAI,4.78,-8.08,25,39,46,85,C-,D,E,103,74,13092,145.78,,0,-,-3341.5,31.36,58.27,35.59,7638
OBE,8.01,0.75,77,12,4,50,C-,D,E,103,-38,635,-28.79,,34,-,8.7,163.61,85.41,-241.47,1020
OILCF,0.00,-100.00,,,,,C-,,E,103,,0,4015.72,,4,-,-3438.1,,,-5.03,0
OVV,52.96,1.89,880,47,64,52,C-,C,D,103,-42,2206,6.52,2.3,69,-,8.8,53.1,110.86,33.47,3635
OXY,48.91,2.02,1604,18,28,33,C-,C,E,103,-30,8553,-23.12,2.1,16,-,14.5,152.63,372.25,21.84,11105
PED,12.49,-2.88,14,24,4,26,C-,C,A,103,-89,31,360.42,,21,-,-5.0,77.11,188.75,-67038.78,43
PNRG,173.30,1.91,170,23,33,24,C-,B,D-,103,-17,49,-16.32,,31,-,16.4,28.62,343.18,-28.21,59
PR,18.20,1.51,823,34,27,50,C-,B,D-,103,-23,9457,0.85,3.4,14,-,27.3,28.3,99.41,-88.64,12231
PROP,0.72,1.27,78,12,39,2,C-,C,D+,103,-62,1114,513.81,,98,-,22.2,149.68,-36.13,109.57,3024
REI,1.07,-1.83,61,11,15,36,C-,D,D-,103,-11,5219,-6.85,,86,-,-13.7,35.09,20,-20,5987
REPX,32.51,0.59,295,35,27,45,C-,B,D,103,-58,153,11.15,4.7,78,-,53.3,18.75,33.33,-37.04,362
REPYY,25.85,3.23,7,55,69,62,C-,C,E,103,-32,80,19.92,3.8,73,-,5.0,64.92,131.56,143.6,122
RRC,37.81,2.27,663,57,91,26,C-,A,D,103,-7,2790,49.76,1.1,67,6/18/1980,27.8,39.26,6.93,58.33,3149
SD,13.24,-1.12,234,33,54,29,C-,A,E,103,-15,304,16.84,3.6,80,10/5/2016,40.0,58.78,127.27,48.72,355
SM,26.85,4.35,565,31,26,37,C-,A,D,103,-5,4166,75.12,3.3,92,12/16/1992,26.3,39.9,33.64,-11.93,4070
SSLZY,4.96,0.30,2,17,18,36,C-,C,E,103,-17,114,-4.4,4.5,24,-,23.9,128.7,,-44.05,139
TALO,13.59,0.89,391,17,5,52,C-,D,E,103,25,2336,-7.94,,18,7/8/1993,-34.0,164.94,217.75,-216.67,1894
TBN,30.93,-0.55,36,21,33,47,C-,E,D,103,-8,188,,,13,6/27/2024,,64.27,-3390.82,6.54,225
TPET,0.30,-1.44,7,,,,C-,,B+,103,-77,1128,794.92,,3,4/18/2023,-1826.3,,,68.02,3921
TXO,12.37,-0.16,19,20,15,29,C-,C,C,103,-69,67,27.44,11.5,29,1/27/2023,-5.3,15.27,248.45,-310.05,218
VET,8.99,-0.99,227,5,2,31,C-,D,E,103,21,1732,-7.89,2.8,12,-,-18.4,114.55,123.77,-1069.68,1494
VIST,60.36,-3.72,289,42,39,50,C-,A,E,103,13,1180,59.36,,37,7/26/2019,40.8,55.54,571.86,12.66,1045
VNOM,40.75,-1.14,535,24,25,32,C-,A,E,103,18,2072,108.57,5.4,10,6/18/2014,-16.7,56.85,84.19,1.85,1757
WDS,19.54,1.09,44,34,43,45,C-,B,E,103,-38,607,-1.03,5.7,47,-,29.7,37.47,,-12.97,942
WTI,3.09,0.32,159,31,37,63,C-,E,D,103,-64,2201,15.52,1.2,26,1/28/2005,-19.8,90.09,97.75,103.77,6095
AFCG,3.13,-0.95,25,20,17,42,D+,D,B-,104,-75,58,47.72,10.6,69,3/19/2021,-68.0,148.72,33.33,0,234
BFAM,75.14,2.89,597,53,86,12,D+,B,A+,104,-44,740,7.02,,38,-,9.2,10.24,11.94,6.49,1357
BHST,2.87,-1.37,4,8,42,3,D+,D,E,104,-97,1,8.23,,23,-,-32.0,34.17,51.04,15.38,31
CENTA,38.43,-0.88,443,85,88,71,D+,C,A,104,-33,247,8.71,,54,-,6.9,8.64,-2.95,24.04,364
CHD,98.60,1.43,2155,68,62,49,D+,B,A,104,-31,1445,0.15,1.2,8,-,15.4,6.31,-4.85,4.4,2092
CLX,97.26,0.87,1749,39,62,21,D+,C,A-,104,-42,1789,0.12,5.1,46,-,15.2,-28.31,-42.35,13.1,3052
CRWS,2.95,-0.67,36,,,,D+,,A+,104,177,103,-3.66,11.3,31,-,3.2,,,125.18,38
CSV,39.02,1.14,268,40,74,17,D+,B,D,104,-43,73,-0.89,1.2,62,8/9/1996,16.8,7.87,10,-35.82,129
EJH,1.63,-0.57,,,,,D+,,B,104,-99,2,-0.3,,41,5/14/2021,-12.0,,,92.92,21
ENR,21.75,-0.87,444,61,61,56,D+,B,A,104,-35,744,-2.96,5.3,77,-,9.6,-0.5,-26.67,40.3,1136
GNLN,2.27,-3.40,5,,,,D+,,B-,104,-96,230,-69.5,,5,4/18/2019,-1964.9,,,99.88,119
ITHUF,0.00,,2,,,,D+,,C-,104,-14,151,-12.1,,18,-,-16.1,,,-368.6,178
MATW,26.69,0.15,316,27,23,43,D+,D,C+,104,12,331,-39.52,3.7,0,7/20/1994,1.1,-13.49,46.43,8.82,301
ODC,100.34,-1.33,244,95,83,93,D+,A,A,104,20,108,9.37,0.9,15,-,13.6,,,23.52,93
SCI,78.56,2.36,839,54,61,28,D+,B,B,104,-19,1310,2.07,1.9,23,-,16.9,7.21,-0.08,1.04,1621
ULBI,6.12,-2.32,84,8,6,26,D+,C,E,104,-46,24,-6.5,,32,12/22/1992,-4.4,,,-127.27,44
UPXI,0.88,-1.69,25,9,34,7,D+,E,C,104,24,3478,44.19,,9,6/24/2021,-86.5,-75.91,34.42,44.44,2806
VUZI,2.80,1.08,105,29,43,49,D+,E,C-,104,-57,901,-12.01,,14,-,-513.9,0,-10,18.18,2109
YCBD,0.69,0.75,2,,,,D+,,B,104,-95,72,18.75,,92,11/17/2017,-10.6,82.57,85.71,95.79,1617
YHGJ,3.04,-2.19,8,,,,D+,,E,104,-14,6,28.15,,27,11/5/1997,-12.8,,,16.33,6
YSXT,1.20,10.09,3,,,,D+,,D,104,11,39,20.23,,85,12/18/2024,6.6,,,30.5,39
ZONE,0.73,-10.33,18,25,9,64,D+,D,B,104,-51,1306,-2.55,,0,4/26/2024,-325.3,,,-16.89,2712
ACEL,12.77,,227,54,43,61,D+,B,D+,105,-39,201,8.54,,55,-,5.4,-19.94,-25.67,-27.37,331
ARLUF,42.50,6.30,1147,,,,D+,,A,105,19,2,5.23,,20,-,27.8,,,-9.74,1
BALY,14.70,3.09,85,41,11,76,D+,D,A,105,38,74,28.26,,12,-,-25.2,40.69,68.91,-238.22,55
BRSL,11.26,1.08,244,22,73,11,D+,D,D-,105,-26,1169,0.69,8.2,85,-,12.0,-27.98,-22.92,55.56,1575
BYD,87.90,-0.09,596,63,69,48,D+,A,D,105,-12,963,0.58,0.9,80,10/15/1993,56.9,-3.32,1.44,-1.23,1070
CDRO,9.56,1.70,6,53,37,68,D+,D,B-,105,-48,16,24.61,,39,-,1.6,1059.35,1044.09,-101.63,37
CHDN,90.91,1.97,583,61,80,28,D+,A,B+,105,-23,803,3.17,0.5,65,-,18.2,13.53,11.81,13.08,1050
CNTY,1.27,-1.55,34,,,,D+,,E,105,-14,60,5.21,,18,11/10/1993,-8.9,22.12,16.53,13.43,75
CPHC,15.99,-0.06,26,39,50,34,D+,D,A,105,-10,2,2.8,1.7,33,8/25/1994,-1.4,,,155.51,2
CZR,30.39,-0.07,552,41,14,66,D+,D,A+,105,-68,2215,2.72,,27,-,-3.9,79.22,110.88,11.11,7137
DKI,4.74,0.21,3,,,,D+,,E,105,-93,20,-2.56,,3,8/8/2025,-85.0,,,-2472.2,149
DKNG,25.89,0.47,974,37,60,32,D+,C,C+,105,-43,7363,16.84,,0,-,0.1,2246.54,-57.82,157.14,12746
EVVTY,70.12,1.73,4,50,69,41,D+,A,C-,105,-25,19,1.52,3.9,90,-,60.3,0.22,5.92,4.75,26
FIRY,9.74,-0.81,37,61,42,93,D+,D,A+,105,-94,91,29.86,,9,-,-67.3,31.88,-45.45,25,1555
FLL,2.79,-1.76,52,33,31,48,D+,D,A,105,-56,86,-0.85,,15,-,-13.1,24.88,37.14,14.81,195
FLUT,106.03,0.61,1231,14,19,13,D+,C,B,105,-19,2357,17.44,,75,-,-0.7,-27,-86.66,-23.27,3063
GENI,6.43,1.10,233,28,17,38,D+,C,A,105,-67,2200,30.53,,24,-,-17.6,90.62,66.72,-600,6628
LNWO,72.79,-3.06,44,11,22,14,D+,B,E,105,198,80,2.07,,30,8/23/1984,11.0,64.42,15.73,-29.79,28
LVS,46.99,1.60,1815,30,63,18,D+,A,E,105,-22,3767,25.26,2.5,70,12/15/2004,17.0,10.62,0.5,54.24,4806
MCRI,129.94,-0.12,402,91,82,85,D+,A,B,105,10,192,8.9,0.9,40,8/6/1993,23.7,21.72,15.67,44.76,177
MGM,47.10,-0.88,832,57,26,82,D+,C,B-,105,-38,3141,4.15,,60,-,1.6,-47.17,-29.74,-28.99,5094
MLCO,5.39,2.86,145,29,81,12,D+,C,D+,105,57,3482,10.91,,95,12/19/2006,2.9,19.83,115.35,150,2247
MRDN,13.57,-1.24,58,53,41,75,D+,D,A+,105,-23,52,17.28,,6,-,-53.1,108.63,146.51,3573.47,68
MSC,1.87,1.08,16,6,22,4,D+,C,E,105,-23,7,9.28,,21,10/18/2018,-8.2,,,117.89,12
PENN,22.02,2.44,379,61,24,84,D+,D,A,105,-43,2352,6.37,,30,-,-11.8,113.41,322.61,-102.94,4181
ROLR,6.01,-0.99,7,66,62,97,D+,D,A,105,-89,86,-50.29,,35,10/23/2024,-11.0,,,27.07,755
RRR,65.60,2.20,441,86,74,66,D+,A,A,105,10,1016,1.9,1.5,15,4/27/2016,20.0,49.77,-11.47,68.67,931
RSI,31.68,1.34,357,90,53,92,D+,A,A+,105,-6,2425,41.14,,5,-,-1.0,62.44,34.76,55.56,2691
SCHYY,16.85,0.18,,11,18,9,D+,A,E,105,12,68,9.79,5.1,50,-,19.7,,,-3.91,62
SEGG,0.88,-5.32,6,,,,D+,,E,105,-95,166,-31.39,,0,-,-2691.2,,,86.92,3314
SGHC,14.51,3.87,247,93,93,80,D+,A,C+,105,47,5431,18.38,1.3,25,-,16.0,63.88,172.27,46.06,3736
SRAD,15.01,-0.73,141,42,80,8,D+,B,A,105,-65,1479,14.62,,10,9/14/2021,9.2,25.81,-55.64,-129.41,3920
WYNN,95.91,-0.21,876,9,22,20,D+,D,E,105,25,1889,9.2,1.0,45,10/25/2002,7.2,11.27,8.95,16.82,1494
AAMI,73.09,1.54,404,86,90,90,D+,A,D-,106,-20,388,37.61,0.6,14,10/9/2014,23.9,51.69,55.47,14.13,492
AB,36.31,0.97,26,30,67,26,D+,D,D-,106,-12,291,3.93,9.5,48,4/15/1988,,3.01,6.67,3.75,331
ABX,11.86,1.54,142,86,41,93,D+,A,A+,106,2,579,34.55,2.0,35,-,22.4,16.38,8.84,11.11,570
ALTI,3.70,0.27,95,26,26,27,D+,C,B,106,-44,132,26.11,,46,-,-41.0,122.76,118.18,-70.97,233
AMG,344.60,2.28,687,83,93,83,D+,A,E,106,-43,204,9.73,,45,11/21/1997,57.0,34.78,44.4,58.27,345
AMTD,0.94,-2.32,1,7,15,20,D+,C,E,106,-71,6,-3.88,,99,8/5/2019,75.1,,,92.24,23
APAM,35.41,4.24,474,43,84,20,D+,A,E,106,76,1337,9.35,9.5,57,3/7/2013,38.1,-2.16,9.04,4.82,779
APO,118.61,0.14,2153,48,82,27,D+,A,E,106,63,6258,417.28,1.9,31,3/30/2011,20.6,6.66,14.92,6.59,3992
ARCC,18.73,0.38,111,34,38,30,D+,A,C,106,-36,3516,4.24,10.6,53,-,44.5,-4.75,-5.45,-6,5536
ARES,116.90,2.88,1726,43,88,21,D+,A,E,106,-40,1639,30.26,4.9,8,5/2/2014,19.9,26.01,27.29,13.76,2776
ASST,13.11,9.07,121,8,18,34,D+,D,E,106,32,6063,1516.41,,0,2/3/2023,-7335.0,-7.64,98.93,-79.56,4616
AUC,8.12,-0.12,,65,76,62,D+,D,A+,106,131,14,300,,25,5/3/2019,-383.2,,,98.94,6
AURE,1.90,-1.04,2,23,63,14,D+,E,B+,106,-70,13,-100,,6,7/6/2023,-1268.8,,,133.35,42
BAM,45.87,1.04,1222,27,31,25,D+,A,D,106,-40,1863,23.77,4.5,6,-,60.5,11.19,14.69,7.5,3130
BBDC,8.57,-0.70,40,42,52,34,D+,B,C,106,-44,419,-6.01,12.6,70,2/15/2007,42.5,-12.21,-12.43,0,754
BBUC,30.78,2.33,220,13,31,23,D+,E,E,106,-9,396,227.37,0.8,27,-,-15.3,287.4,3917.1,134.93,451
BCG,1.52,-0.46,10,,,,D+,,B+,106,-69,17,-2.06,,37,-,1.4,,,43.15,60
BEN,34.11,0.15,1039,82,75,88,D+,C,C-,106,-15,4063,8.84,4.0,36,-,9.0,24.5,30.81,51.06,4869
BENF,3.64,-1.35,8,26,40,51,D+,E,B-,106,-36,13,74.67,,97,-,-25989.9,93.65,97.96,98.19,21
BIP,37.01,2.81,364,34,30,49,D+,B,E,106,-4,783,16.86,5.0,1,-,13.5,37.47,803.21,-600,808
BIPC,39.00,2.07,340,11,25,27,D+,D,E,106,-46,648,-4.84,4.6,21,-,28.9,107.12,135.42,-129.16,1223
BKFG,94.00,,2,,,,D+,,E,106,,0,-26.81,,43,-,-3.8,,,-291.59,0
BLK,995.73,1.57,3055,40,59,31,D+,A,E,106,-10,634,26.95,2.4,13,10/1/1999,30.6,11.48,4.39,10.88,714
BN,43.43,1.54,1638,36,66,41,D+,D,E,106,-34,3711,0.65,0.7,18,-,2.3,23.79,21.25,7.93,4773
BUR,4.26,2.40,309,5,4,13,D+,C,D,106,-15,2461,-1547.41,6.0,56,-,21.5,-2501.82,-80.34,-5428.57,2830
BVC,8.54,-16.03,,18,67,10,D+,D,E,106,-9,19,,,25,3/26/2021,521.2,,,1384.82,18
BX,122.78,2.70,2124,48,85,25,D+,A,D,106,-36,3604,24.22,4.1,11,6/22/2007,52.5,5.63,11.57,24.77,5524
CCAP,11.12,0.18,37,12,35,13,D+,C,D-,106,-17,200,-10.01,14.4,82,5/9/2014,23.2,-13.7,-20.16,-6.67,242
CG,42.83,1.18,1171,15,43,13,D+,C,E,106,-45,1941,-22.83,3.4,46,5/3/2012,24.2,-0.17,3.3,-21.93,3691
CNNE,14.72,-0.81,201,30,25,45,D+,E,A+,106,-35,317,-6.78,4.1,15,-,-45.0,76.73,88.09,61.33,505
CNS,78.57,1.50,423,80,49,71,D+,A,A+,106,-35,190,7.83,3.4,7,8/13/2004,35.8,12.3,13.7,5.33,298
CODI,10.61,-8.46,143,47,28,90,D+,E,B-,106,8,1069,-5.93,,26,5/11/2006,-15.9,289.18,128.56,122.46,952
CSWC,23.73,-1.29,43,59,54,50,D+,A,D,106,-20,525,10.35,10.0,51,-,48.9,20.4,-4.3,5.56,666
CWD,1.23,90.61,6,,,,D+,,B,106,206666,338030,-40.86,,39,5/17/2023,-114.6,93.64,93.51,86.49,165
DBRG,15.78,0.06,360,63,83,61,D+,C,D,106,-16,2483,58.95,0.3,4,-,-3.6,-23.91,-60,400,2998
DOMH,2.94,-3.61,15,6,19,14,D+,C,E,106,-29,135,328.89,,7,-,-10.7,,,-5.29,192
EFC,13.47,-0.37,247,71,77,49,D+,A,C-,106,-26,998,106.58,11.5,77,10/8/2010,18.0,3.59,-2.4,41.03,1360
EQH,45.61,3.54,1321,60,79,46,D+,D,A-,106,-24,3191,-7.56,2.7,69,5/10/2018,-9.9,25.68,53.18,24.62,4347
EQS,1.23,-2.38,,,,,D+,,E,106,-19,13,122.23,,5,-,,,,-18.1,16
FDUS,19.33,-0.05,31,64,55,42,D+,A,A+,106,-19,228,30.22,9.2,58,-,55.7,-0.38,-11.58,14.81,282
FHI,56.60,2.31,530,65,87,45,D+,A,E,106,-13,831,13.08,2.6,47,5/14/1998,30.2,0.58,0.67,1.6,773
FSK,10.43,-1.97,89,16,24,17,D+,D,A,106,8,3509,-24,16.2,88,-,2.0,-29.95,-31.34,-36.92,3253
GAIN,15.56,-0.70,17,35,4,54,D+,A,C-,106,-64,121,-8.55,6.3,96,-,258.5,969.87,-14,-235,334
GBDC,12.99,1.17,63,37,45,30,D+,B,C,106,-38,824,-12.04,10.5,60,-,46.8,-11.96,-14.51,-12.82,1383
GCMG,12.91,1.57,211,61,29,68,D+,C,A+,106,-29,318,-0.85,3.8,28,-,28.2,2.58,14.7,0,454
GECC,5.31,-2.75,4,18,46,18,D+,C,D,106,-39,59,-23.62,18.1,94,-,-70.2,-20.77,-31.37,-10,99
GLAD,19.54,-0.81,19,49,50,35,D+,A,A+,106,-30,124,20.51,9.5,52,8/23/2001,40.1,-1.49,-3.6,4,178
GRNQ,1.49,,2,,,,D+,,E,106,-96,0,14.92,,11,-,-143.2,,,-25.39,27
GROW,3.15,,33,,,,D+,,B,106,-30,20,83.77,2.9,42,-,-3.0,,,868.05,29
GSIW,29.39,5.72,2,,,,D+,,E,106,-100,4,382.89,,9,12/1/2023,-78.2,,,-10674.76,6
HGBL,1.22,2.52,36,13,31,14,D+,C,D,106,1,86,-5.45,,41,-,11.5,55,-25,-33.33,87
HKD,1.59,-3.05,1,12,9,37,D+,A,E,106,-55,152,48.74,,0,7/15/2022,197.1,,,-61.32,242
HLNE,79.76,1.40,645,42,94,6,D+,A,D,106,2,1081,-2.23,3.1,34,3/1/2017,61.0,3.47,11.76,23.14,1049
HNNA,9.99,-2.54,47,51,56,32,D+,A,A,106,-73,2,-12.32,5.8,54,-,38.3,,,-26.89,7
HRZN,4.72,-0.21,11,18,12,27,D+,D,A+,106,-58,382,-1.78,16.3,90,10/29/2010,-6.5,-36.14,-59.69,-29.63,914
HTGC,15.96,0.25,62,54,58,33,D+,A,A-,106,-40,966,18.43,10.3,65,-,69.1,0.28,-2.96,6.67,1638
ICMB,0.97,7.05,4,,,,D+,,E,106,3,76,-18.71,40.0,6,2/6/2014,-54.5,114,3.1,-72.45,98
INV,4.82,-3.79,97,31,52,58,D+,E,E,106,-32,1726,544.2,,2,-,-23775.9,84.46,85.16,91.29,2469
IVZ,27.01,0.67,1015,68,93,65,D+,C,E,106,-30,3173,14.03,3.3,40,8/25/1995,-5.9,29.93,74.11,29.55,5421
JBAXY,17.84,3.61,,71,41,74,D+,B,B-,106,68,268,77.9,2.1,23,-,15.4,30.86,,-9.22,161
KKR,93.84,1.38,2137,35,78,17,D+,B,E,106,-18,3912,32.89,0.9,20,7/15/2010,34.5,24.22,19.96,20.87,4777
LGGNY,19.67,1.91,,86,80,69,D+,C,A+,106,230,227,162.36,7.3,10,-,3.4,12.85,,592.21,70
LIEN,9.98,-0.40,9,67,91,35,D+,A,B,106,-47,41,40.09,13.6,81,2/4/2022,61.3,13.45,17.65,33.33,78
MDBH,3.35,,1,,,,D+,,A+,106,-93,1,34.92,,16,9/21/2023,-325.3,,,1.65,4
MEGL,1.36,1.49,2,,,,D+,,D,106,44,50,26.51,,19,8/5/2022,-72.1,,,30.03,46
MFIC,9.98,-1.38,43,17,31,16,D+,B,D,106,-37,389,-8.73,12.5,80,4/6/2004,23.0,-8.66,-5.7,2.7,620
MLCI,3.45,0.88,11,6,9,11,D+,D,C-,106,-24,25,-51.98,3.2,95,-,,98.87,108.33,-6.25,33
MQBKY,174.35,0.86,3,67,53,75,D+,B,C-,106,-6,13,-24.17,2.8,12,-,19.9,,,53.72,15
MSIF,11.52,-1.12,17,19,36,17,D+,A,E,106,-13,247,2.59,9.3,67,-,71.3,-2.4,1.3,-5.26,289
MTC,2.74,7.45,3,22,58,41,D+,E,E,106,-61,36,-100,,,1/8/2019,,,,96.16,91
NCDL,12.68,,18,25,37,23,D+,B,D,106,-63,77,-13.68,11.3,72,1/25/2024,32.6,-15.75,-15.15,-22.64,211
NCPL,0.52,-2.32,7,,,,D+,,B,106,-98,86,-38.21,,3,-,-3255.1,,,79.62,4523
NEWT,14.57,-3.25,150,90,77,80,D+,A,A,106,6,228,6.97,5.2,78,-,24.8,12.47,-8.03,12.33,218
NMFC,7.15,-0.56,52,13,42,14,D+,C,E,106,1,642,-19.69,14.2,87,5/20/2011,4.7,-14.29,-18,-6.25,642
NOAH,10.03,0.60,89,14,25,27,D+,C,E,106,34,95,7.6,5.6,61,11/10/2010,32.6,13.53,,-15.1,70
NSLR,11.79,-3.04,20,45,47,76,D+,C,E,106,1,293,46.66,,98,4/15/2011,139.3,137.06,-105.83,20533.33,290
OBDC,10.82,0.19,76,23,37,20,D+,B,D,106,-21,2884,-14.61,11.5,73,7/18/2019,38.3,-18.35,-22.65,-24.39,3630
OCSL,12.20,0.41,46,32,27,35,D+,C,A,106,-24,532,-9.65,12.8,71,6/12/2008,11.7,-15.52,-5.89,-13.33,720
OFS,3.61,0.84,5,15,22,22,D+,E,A,106,-36,42,-13.51,20.1,93,-,-114.9,-34.78,-44,-30.77,68
OWL,9.04,4.63,434,34,85,11,D+,B,D+,106,8,28660,12.85,10.7,49,-,12.1,5.25,4.66,11.76,27007
OXSQ,1.33,0.76,5,6,22,9,D+,E,D,106,-34,1384,-11.99,31.8,89,-,-79.7,-43.33,-50,-44.44,2281
PAX,11.10,0.91,180,25,63,13,D+,A,E,106,-23,722,21.98,5.6,59,1/22/2021,23.7,7.55,20.28,-13.79,949
PFLT,7.48,-0.40,32,21,40,16,D+,A,E,106,-22,835,6.49,13.0,75,4/11/2011,26.0,-6.9,8,-7.14,1094
PFX,43.79,,2,26,30,29,D+,C,B,106,-93,0,-13.63,,27,1/20/2011,29.6,-6.62,-18.41,58.79,2
PLUT,3.02,-0.33,1,,,,D+,,C,106,-96,0,,,,2/5/2025,-347.4,,,,6
PNNT,3.45,-1.43,23,6,28,6,D+,D,E,106,-9,743,-18.68,28.7,86,-,50.5,-21.91,-21.84,-22.22,842
PS,32.42,-1.76,2,1,2,60,D+,E,,106,-73,146,,,45,-,39.9,,,,
PSBD,10.46,-1.04,13,16,8,26,D+,D,A,106,77,248,-16.01,13.4,24,1/18/2024,-2.9,52.54,1.4,-397.5,141
PSEC,2.24,-3.45,33,10,29,16,D+,D,D-,106,21,7108,-12.1,18.2,95,-,-234.1,-39.94,-37.82,-15.79,5925
RAND,10.32,1.18,1,,,,D+,,A,106,-54,1,-21.06,11.4,94,-,-178.7,,,-142.19,3
RFL,3.15,-16.67,38,68,31,97,D+,D,A,106,216,587,-50.55,,4,-,-3620.1,,,16.16,188
RPC,7.83,-0.38,195,27,66,24,D+,B,E,106,0,434,10.87,2.0,64,10/20/2021,10.9,12.04,0.22,10,427
SAMG,10.53,1.54,152,10,22,8,D+,C,D,106,-38,30,0.04,7.2,30,6/27/2013,8.8,-44.51,-58,-55.56,47
SAR,22.36,-0.80,12,30,39,31,D+,B,D,106,42,135,-0.55,13.5,55,-,27.6,-4.96,-15.45,-5.36,94
SCM,8.44,-0.47,24,12,31,10,D+,B,E,106,-37,112,-6.65,16.1,76,11/8/2012,27.6,-19.23,-22.79,-25.71,179
SEIC,91.43,1.53,747,81,92,54,D+,A,D,106,-6,731,12.85,1.2,22,-,39.9,15.55,18.13,23.08,786
SII,114.98,2.00,290,65,98,52,D+,A,E,106,-11,171,282.39,1.4,2,-,31.1,80.69,139.42,145.65,197
SLRC,12.36,-0.72,39,17,40,13,D+,B,E,106,-23,347,-7.32,10.0,66,-,42.0,-14.62,-16.89,-19.51,449
STEP,41.13,1.17,415,27,85,10,D+,C,E,106,262,4453,3.37,2.8,17,9/16/2020,-44.5,15.18,32.02,-16.18,1267
STT,170.69,0.60,2491,88,91,87,D+,B,D,106,-38,1358,15.59,2.0,29,-,17.3,23.68,28.84,39.22,2195
TCPC,3.36,-2.61,25,4,15,10,D+,E,D,106,-17,647,-23.81,21.0,96,4/4/2012,,-36.83,-35.48,-42.11,786
TPG,41.43,2.30,497,36,93,18,D+,C,E,106,-34,1683,33.91,5.6,24,1/13/2022,14.3,17.72,-11.76,45.83,2525
TPVG,4.92,-2.96,13,14,21,22,D+,B,D-,106,-44,171,1.43,19.6,92,3/6/2014,50.6,-10.95,-15.18,-17.35,305
TRIN,17.79,-0.61,43,78,41,70,D+,A,A,106,-10,961,37.84,12.0,63,1/29/2021,58.4,0.32,-2.1,1.92,1074
TROW,118.55,2.10,2034,93,83,73,D+,A,A+,106,-34,1450,5.28,4.7,43,4/2/1986,39.3,-0.39,4.58,13,2211
VCTR,87.74,2.34,462,92,93,85,D+,A,C-,106,-17,425,76.68,2.4,39,2/8/2018,33.1,13.83,11.52,33.82,497
VINP,9.91,0.71,27,45,84,24,D+,A,E,106,-70,24,30.28,6.6,33,1/28/2021,26.9,54.85,47.3,54.22,92
VRTS,151.64,4.46,381,35,47,35,D+,B,C,106,14,130,-8.44,6.5,84,-,22.5,-1.51,-2.07,-6.11,114
VTS,15.48,-1.53,249,5,13,11,D+,C,E,106,-9,487,1.87,14.0,5,-,13.6,-147.52,-84.81,-101.52,535
WHF,6.65,-1.92,12,13,25,19,D+,D,C,106,-16,69,-15.63,15.2,83,-,37.8,-10.91,-11.16,-14.97,83
WHG,19.98,3.95,127,73,47,69,D+,C,A+,106,459,107,14.8,3.0,16,-,9.8,,,58.89,22
WLTH,9.14,-2.45,160,9,8,21,D+,D,D-,106,25,2040,7.06,,12,12/12/2025,-27.7,148.68,-64.71,-59.5,1618
WT,18.04,2.44,496,87,99,83,D+,A,E,106,-22,2447,47.57,0.7,19,12/4/1991,28.8,34.05,46.03,68.75,3175
WTF,2.74,-2.14,1,3,3,7,D+,E,E,106,-94,9,106.19,,13,4/1/2025,-158.6,,,-618.76,157
ADBE,219.72,4.14,4456,37,75,9,D+,A,C-,107,15,7908,12.69,,89,8/14/1986,36.8,16.26,13.92,17.79,6612
ADSK,207.48,3.86,3614,46,93,10,D+,A,D,107,9,2931,18.43,,44,6/28/1985,22.3,20.79,19.02,30.57,2687
BSY,32.26,3.13,818,53,89,12,D+,A,B+,107,32,3927,14.48,0.9,33,9/23/2020,23.4,13.9,-1.22,8.57,3020
CDNS,373.14,-1.22,3818,88,91,73,D+,A,C,107,-19,2072,18.66,,11,6/15/1987,28.7,11.21,24.48,24.84,2580
DASTY,21.34,2.35,9,42,68,22,D+,A,B+,107,-10,151,-1.18,1.2,67,6/27/1996,23.4,-0.91,-0.78,-3.47,173
FIG,21.34,9.49,255,16,50,13,D+,D,C,107,21,25634,46.12,,0,7/31/2025,-116.1,-37.52,-51.05,256.35,20169
MOVE,17.37,-17.52,5,,,,D+,,D+,107,14,66,147.57,,0,3/23/2021,-4222.9,,,41.53,58
PTC,124.55,3.98,2088,47,98,11,D+,A,D,107,28,2295,21.68,,78,12/8/1989,33.6,0.55,-3.51,50.28,1827
SNPS,437.16,-3.82,3488,41,70,36,D+,B,E,107,-28,1420,41.87,,22,2/25/1992,19.8,14.53,8.18,-8.72,1990
SVCO,11.10,-13.21,91,61,36,96,D+,D,A-,107,55,847,25.99,,17,5/9/2024,-70.8,116.55,103.52,71.43,559
TRMB,53.04,0.87,1971,32,84,9,D+,C,D+,107,5,3029,11.81,,56,7/20/1990,14.2,14.63,12.92,29.51,2882
U,29.32,-2.88,634,23,6,52,D+,D,B+,107,-19,7666,16.84,,25,9/18/2020,-21.4,1.18,-160.97,-433.33,9723
AROC,36.79,-5.08,542,91,96,72,D+,A,B,108,-16,1692,7.66,2.1,44,11/4/2015,28.4,3.17,28.33,2.5,1987
BKR,52.78,-1.93,2682,47,85,42,D+,B,E,108,46,12192,2.49,1.6,50,-,10.4,-7.94,-21.88,13.73,8354
DNOW,12.60,-1.56,467,23,23,30,D+,C,C,108,-16,2941,97.5,,67,-,-3.5,-59.5,-64.44,-95.45,3326
DTI,2.08,2.46,53,5,20,10,D+,D,E,108,-35,212,-11.48,,0,-,-1.8,20,59.25,-250,326
EFXT,23.08,-2.08,329,47,40,84,D+,B,E,108,6,532,5.8,0.3,22,-,6.5,77.02,-32.79,66.93,540
EROK,20.51,-3.25,6,1,1,29,D+,E,,108,-59,204,,,,5/14/2026,,923.05,,,
FET,46.98,-3.97,265,44,81,59,D+,D,E,108,-23,129,7.97,,11,4/12/2012,2.1,242.86,665,1075,172
FLOC,20.74,0.34,245,19,15,53,D+,C,E,108,-3,729,8.93,1.5,78,1/16/2025,17.2,9.96,6.96,9.28,756
FTI,66.75,2.52,1317,78,97,70,D+,A,E,108,60,7687,11.6,0.3,33,1/17/2017,12.8,21.63,18.51,93.94,5127
GEOS,6.72,-0.44,86,2,15,3,D+,E,E,108,-58,84,9.54,,5,11/21/1997,-8.4,,,-12.04,203
GTLS,208.72,0.02,529,57,69,43,D+,C,C,108,5,1436,-11.65,,28,7/26/2006,0.7,-28.37,-29.65,-119.21,1234
HMH,18.09,-1.47,19,1,23,29,D+,D,E,108,-42,187,-13.66,,72,4/1/2026,8.8,29.71,21.07,-58.96,321
INVX,24.09,-0.78,423,33,27,56,D+,B,E,108,-15,426,-0.58,,56,10/23/1997,13.1,42.37,8.33,47.85,451
LSE,4.50,7.53,2,11,11,26,D+,D,E,108,-79,3,-31,,6,12/19/2024,1.2,,,-35.16,17
MIND,4.76,0.85,35,4,14,4,D+,C,E,108,-46,68,22.4,,83,12/20/1994,7.1,-71.03,-129.06,105.83,126
NGS,39.46,-3.59,226,72,93,65,D+,A,E,108,-14,104,17.12,1.4,39,-,15.4,30.57,6.5,39.47,122
NOV,18.02,-0.44,668,22,12,55,D+,C,E,108,-15,3891,-2.43,1.8,17,10/29/1996,4.3,113.38,-50.69,-77.67,4505
OMSE,3.88,-0.51,7,2,1,14,D+,D,E,108,52,25,,,94,5/13/2025,24.6,19.69,4.28,,17
RCON,0.42,-4.22,1,10,52,2,D+,D,E,108,92,322,103.7,,18,7/30/2009,-65.9,12.17,,72.99,55
STAK,4.39,6.04,1,,,,D+,,D,108,-88,335,,,,2/26/2025,,,,,3093
VIVK,0.33,-5.16,,10,54,1,D+,D,E,108,-95,659,-47.89,,0,-,-105.5,,,95.23,3474
WBI,31.29,-0.89,147,60,62,78,D+,D,C,108,-18,1086,105.27,0.6,32,9/17/2025,-0.2,61.57,,73.89,1313
WFRD,83.01,3.49,714,50,91,46,D+,B,E,108,24,1580,-3.44,1.3,89,-,11.3,-12.2,-51.82,44.66,1276
WHD,50.42,3.38,558,47,62,55,D+,B,E,108,1,779,38.54,1.1,61,2/8/2018,24.2,1.23,-6.03,-4.11,767
ADM,76.79,0.23,1898,33,25,67,D,D,E,109,-38,2596,1.56,2.7,21,-,1.6,35.35,46.92,1.43,3835
AFRI,10.22,0.29,59,36,61,53,D,E,E,109,-11,21,-18.21,,11,-,-6.1,,,68.82,24
BTOG,1.28,3.23,1,,,,D,,E,109,124,1968,,,0,8/14/2019,-11064.5,,,48.19,1058
BYND,0.71,-4.66,136,9,52,21,D,E,E,109,-63,20459,-15.31,,94,5/2/2019,79.5,78.01,71.06,91.3,56792
DDL,1.94,-2.02,33,5,5,14,D,B,E,109,-42,270,13.76,,7,6/29/2021,1.0,197.9,,-1263.34,469
HRL,25.00,0.48,1319,38,45,39,D,C,B+,109,-28,4142,2.55,4.4,36,-,5.5,8.88,1.02,14.29,5551
INGR,97.62,2.09,770,18,52,14,D,C,E,109,-16,804,-1.16,3.4,71,-,13.5,-2.96,-3.29,-21.21,941
JBS,12.26,1.57,304,11,37,12,D,D,E,109,-30,5465,,16.4,79,-,3.0,-25.51,-33.61,-14.98,7857
LWAY,30.94,5.06,149,96,96,84,D,A,A+,109,-17,131,36.71,,14,-,9.3,24.72,-5.36,30.43,162
MAMA,18.68,1.91,209,87,64,87,D,A,A-,109,28,708,49.48,,0,-,4.0,101.28,66.67,66.67,556
OTLY,9.95,4.63,24,18,43,22,D,D,C+,109,109,197,15.59,,6,5/20/2021,-16.8,43.88,-1066.11,25.49,94
PPC,28.76,0.74,462,22,48,8,D,B,C,109,15,1859,1.56,,86,11/14/1986,8.1,-38.24,-49.83,-61.07,1535
SFD,24.58,0.86,335,21,37,32,D,C,E,109,-3,1271,0.77,4.5,64,1/28/2025,8.2,3.91,14.71,10.34,1304
STKH,0.60,1.97,1,,,,D,,E,109,-43,42,-100,,,3/12/2021,,,,88.63,73
TATYY,29.61,-0.13,1,89,82,80,D,B,A+,109,159,0,7.65,3.3,29,-,6.5,-8.13,,293.6,2
TSN,58.89,0.79,1709,34,63,32,D,D,D-,109,-35,2173,4.43,3.5,43,-,1.4,-2.55,13.72,-5.43,3378
TWG,2.24,-0.02,1,,,,D,,E,109,-71,24,1324.16,,93,4/16/2024,34.9,,,119.83,90
VITL,12.76,3.66,426,48,90,8,D,A,A,109,-40,2053,15.39,,50,7/31/2020,12.0,-130.54,-225.97,-108.11,3415
WYHG,4.51,5.87,5,37,34,76,D,D,E,109,-93,44,-7.72,,57,11/26/2024,6.6,,,-79.92,360
CLW,15.92,0.70,215,12,13,27,D,D,B,110,-45,117,-4.73,,50,-,-3.9,-2728.33,-1014.71,-258.33,218
GPK,10.85,2.26,593,25,30,23,D,C,A+,110,-45,3936,1.7,4.0,40,-,6.8,-52.62,-67.94,-82.35,7220
IP,38.79,1.17,1845,22,7,33,D,C,A-,110,-53,3340,1.19,4.8,8,-,-14.3,1828.05,-120.67,-34.78,6882
ITP,0.19,0.05,3,,,,D,,D-,110,-13,501,2.07,,25,-,-11.8,,,45.66,746
MAGN,12.58,5.36,185,58,65,60,D,D,A,110,-20,322,-3.4,,33,-,-5.2,131.87,160.53,56.52,383
MATV,7.22,-2.96,282,14,72,11,D,D,E,110,-5,408,-61.16,4.9,60,-,-23.3,21.43,-15.15,142.86,466
MERC,0.78,16.09,79,2,3,2,D,E,D-,110,232,1707,-3.49,,0,-,-27.4,66.53,55.56,-136.36,521
MGIH,1.46,,1,,,,D,,E,110,-88,14,-23.25,,17,4/4/2023,-23.8,,,-7.64,28
PKG,238.20,0.11,1828,64,41,61,D,B,B+,110,-28,553,10.59,2.5,0,1/28/2000,11.4,5.19,-4.9,3.9,745
SPPJY,0.69,6.16,,5,4,4,D,D,B+,110,190,2,-0.57,18.2,42,-,-1.4,-317.78,,-7716.91,16
SUZ,7.88,0.90,86,18,44,14,D,B,E,110,22,3822,7.29,2.5,80,-,41.5,-32.28,-63.86,24.51,3138
UPMMY,26.29,1.78,3,10,28,21,D,D,E,110,30,102,-2.61,3.8,20,-,7.2,14.24,66.16,-2.15,82
ACDC,5.15,-6.19,140,10,10,36,D,E,D-,111,-26,1070,-25.1,,7,5/13/2022,-19.0,47.08,53.44,-317.54,1454
AESI,14.47,-7.36,323,22,3,64,D,D,D+,111,25,4832,-10.76,,20,3/9/2023,-6.2,-56.52,-243.64,-3900,3780
CLB,11.46,-0.95,314,9,32,12,D,C,E,111,66,1092,-1.45,0.4,64,9/21/1995,8.8,-36.13,-52.96,-57.14,793
CVEO,30.00,-11.14,101,49,62,71,D,D,D,111,219,325,19.87,,23,-,-1.0,31.13,-20,52.78,104
DWSN,5.89,-1.67,19,93,82,99,D,C,A+,111,41,149,128.26,,32,-,-2.6,,,719.4,107
ESOA,17.86,-5.60,170,75,39,91,D,B,B+,111,-34,100,21.51,0.7,27,-,0.2,3150,41.67,102.44,149
HAL,32.96,-0.15,2022,36,57,51,D,C,E,111,-22,9431,-0.28,2.0,86,-,8.0,-2.4,-1.91,-8.33,12150
HLX,8.54,0.35,400,22,17,52,D,D,E,111,-39,1166,3.55,,14,7/1/1997,3.3,-18.95,467.89,-550,1896
KGS,67.94,-6.16,537,77,60,86,D,B,B+,111,-12,1730,4.89,2.5,5,6/29/2023,8.7,151.42,59.16,-39.39,1998
KLXE,2.43,-2.02,31,15,22,51,D,E,E,111,-72,90,-6.04,,17,-,-12.0,13.93,6.82,7.09,353
LBRT,23.79,-2.14,557,28,30,59,D,C,E,111,18,4430,4.47,1.3,0,1/12/2018,4.9,74.55,-36.71,50,3843
MTRX,12.53,-6.14,217,38,56,43,D,D,C-,111,-23,214,3.27,,33,9/26/1990,-3.8,103.3,141.25,125,274
NCSM,44.59,3.46,59,15,16,33,D,B,E,111,-66,12,-8.74,,77,4/28/2017,9.1,-36.91,-786.36,-106.5,36
NESR,27.90,-3.13,304,70,44,94,D,C,B-,111,-1,2087,33.48,,36,-,4.6,100.1,59.1,85.71,2155
NINE,11.66,-8.55,21,35,39,63,D,D,E,111,-19,51,-13.61,,82,-,-9.2,544.02,77.9,1057.46,68
NOA,12.91,,108,12,23,25,D,B,E,111,-20,72,-15.85,2.5,73,11/22/2006,5.3,89.66,-24.82,-7.78,134
NPKI,14.31,0.07,398,62,87,60,D,B,E,111,44,1392,15.89,,23,-,17.2,26.79,18.18,0,1027
OII,38.50,-2.26,540,88,86,79,D,A,B-,111,-34,747,2.65,,55,-,10.3,-5.56,-7.4,-30.23,1117
OIS,7.72,-2.40,289,35,98,40,D,D,E,111,-39,523,-9.11,,59,2/9/2001,-15.3,17.57,7.41,50,865
PUMP,12.09,-9.51,337,23,30,60,D,D,E,111,17,8372,-24.69,,40,3/17/2017,0.6,-77.33,64.61,-108.78,5445
RES,5.60,-2.10,327,14,17,31,D,C,E,111,-35,1248,36.61,2.7,45,-,3.5,-25.6,-50,-50,1909
RNGR,15.42,-2.22,230,28,46,39,D,C,E,111,-23,189,17.68,1.5,50,8/11/2017,3.3,98.77,-7.29,521.88,252
SLB,45.13,0.09,2765,34,51,47,D,B,E,111,-23,11678,2.72,2.5,68,-,12.0,-12.7,-30.37,-27.78,15015
TDW,68.12,1.63,519,53,81,50,D,A,E,111,1,828,-2.17,,91,-,16.3,-52.38,-68.93,-85.54,812
TTI,9.30,-9.27,334,39,38,71,D,C,E,111,10,1838,-0.56,,9,4/3/1990,4.2,3.08,-11.11,-45.45,1711
TUSK,3.13,-0.63,119,57,51,77,D,E,A-,111,-51,208,-64.73,,0,10/14/2016,-134.7,,,144.47,434
UFG,0.69,-6.42,,,,,D,,D,111,-66,6187,45.16,,27,1/14/2025,-0.6,124.23,,-282,385
USAC,26.36,1.00,21,50,64,42,D,B,D,111,-28,168,35.09,8.0,41,1/15/2013,11.6,36.69,26.79,92.86,238
VTOL,41.41,1.84,349,22,16,41,D,B,E,111,-11,227,10.89,1.2,95,-,10.2,-11.81,-16.59,-52.5,265
XPRO,14.38,1.34,404,15,10,41,D,D,E,111,18,1370,-5.96,,18,8/9/2013,5.4,103.88,23.2,-25,1170
AVD,3.16,9.34,179,35,64,35,D,E,B,112,34,497,6.71,,13,-,-9.2,,,53.33,376
CF,110.54,2.20,2007,66,93,46,D,A,D,112,-31,1932,19.42,1.9,73,8/11/2005,31.6,80.74,141.75,107.48,2957
ENFY,0.00,,,,,,D,,C,112,62,0,-16.73,,7,4/10/1990,-20.8,,,155.39,8
FMC,11.35,3.65,481,3,16,5,D,E,D-,112,66,6051,-3.66,2.7,91,-,-54.4,-43.2,-68.03,-227.78,3856
ICL,5.03,,584,14,40,21,D,C,E,112,-33,868,14.49,3.7,45,9/24/2014,6.2,16.06,18.25,22.22,1455
IPI,33.58,0.21,233,32,75,29,D,C,E,112,-47,128,0.95,,9,4/22/2008,3.9,-13.11,-16.03,58.97,240
LVRO,0.00,,,,,,D,,E,112,184,0,-35.89,,33,-,-39.2,,,-6914.73,5
LXU,10.64,,240,39,79,43,D,C,E,112,-5,940,18.17,,18,-,5.3,225.37,664.85,1450,1012
MOS,21.13,-0.80,1212,6,17,10,D,C,E,112,2,9024,14.39,3.9,55,1/27/1988,10.1,-64.46,-69.06,-89.8,9338
NTR,65.06,2.34,1815,42,88,31,D,C,D,112,-7,2859,19.04,3.6,36,-,11.2,26.15,10.19,363.64,2934
NXTS,4.30,-3.59,3,,,,D,,A,112,-100,123,-100,,93,-,-3285.0,,,69.78,1598
SMG,68.85,0.41,492,68,86,58,D,D,B,112,-41,598,2.74,3.8,27,1/31/1992,6.5,16.41,-4.12,13.82,967
SQM,72.70,-2.05,432,47,70,53,D,B,E,112,-21,936,69.3,0.9,0,9/20/1993,20.9,229.08,508.59,166.67,1178
UAN,114.00,2.10,11,39,49,44,D,A,E,112,-11,53,26.03,11.2,64,4/8/2011,16.3,,,84.37,61
YARIY,22.00,3.09,2,41,91,33,D,B,E,112,-17,33,17.49,3.8,82,-,11.3,61.96,161.71,62.38,42
ARCO,8.23,2.36,131,51,83,48,D,B,E,113,-31,901,12.95,3.4,91,4/14/2011,7.3,-27.11,33,142.86,1296
ARKR,5.85,-1.68,34,,,,D,,E,113,-70,2,-7.91,,56,12/12/1985,-2.3,,,73.99,6
BDL,43.70,-0.75,33,,,,D,,A,113,35,11,5.38,1.4,79,-,4.2,,,6.88,7
BH,420.92,0.06,183,57,27,83,D,D,A-,113,-48,34,2.57,,11,-,-12.1,,,56.83,65
BH.A,2128.99,-0.21,71,55,27,80,D,D,B+,113,-48,10,2.57,,11,-,-12.1,,,56.83,20
BJRI,58.75,-3.20,327,92,89,90,D,C,A,113,-19,381,2.92,,33,10/9/1996,3.4,-2.32,-13.5,-3.39,453
BLMN,8.70,-2.36,315,58,41,79,D,D,A,113,-6,2283,0.96,,94,8/8/2012,-0.2,-22.16,-12.91,15.52,2545
BRCB,8.37,-1.06,174,2,1,3,D,E,C,113,-66,237,,,47,9/12/2025,-8.0,120.73,,,690
BRCC,1.21,13.08,102,26,33,57,D,D,D+,113,4,1416,21.4,,39,-,-8.1,,85.71,112.25,1393
BROS,72.16,-1.57,618,95,96,79,D,A,A+,113,-22,3092,30.76,,6,9/15/2021,8.3,20.13,11.69,14.29,4026
BTBD,1.08,,5,,,,D,,E,113,-96,5,-11.99,,9,-,-5.1,,,-49.17,135
CAKE,79.18,-0.58,461,94,85,87,D,B,A+,113,10,1410,5.57,1.5,52,9/18/1992,4.3,7.24,-1.27,12.9,1289
CAVA,76.88,-3.63,634,24,14,46,D,B,E,113,-23,2311,32.08,,0,6/15/2023,6.0,2.34,15.65,-9.09,3149
CBRL,53.50,-2.90,309,47,9,83,D,D,A+,113,-30,913,-2.89,1.9,3,-,1.1,-114.85,-105.2,-50,1318
CCHH,0.42,-8.36,1,,,,D,,E,113,-96,134,,,7,10/3/2025,-26.5,,,,3668
CHA,11.01,-8.02,29,13,16,27,D,B,D+,113,104,1465,10.55,,73,4/17/2025,12.5,50.94,646.46,-36.86,718
CMG,35.39,1.11,2412,50,67,33,D,A,B+,113,-26,15083,7.41,,24,1/26/2006,16.9,-3,-3.46,-17.24,20150
DIN,36.50,1.56,201,58,40,83,D,D,B+,113,-7,384,4.85,2.1,85,7/12/1991,2.9,1.45,9.21,-14.56,438
DNUT,3.51,-5.65,198,22,47,34,D,E,C-,113,10,2901,-2.17,4.0,26,7/1/2021,-35.8,88.85,72.64,0,2670
DPZ,311.66,2.46,1803,24,65,12,D,C,C-,113,-21,804,3.47,2.7,61,7/13/2004,15.6,9.06,11.01,-4.62,982
DRI,204.32,1.17,1880,58,80,42,D,A,E,113,22,1506,13.67,2.9,58,-,10.5,8.78,4.43,22.82,1218
EAT,177.71,3.28,600,94,91,72,D,A,A+,113,-9,1057,3.16,,64,1/6/1984,8.5,20.92,24,9.02,1153
FABTQ,0.16,-10.09,,,,,D,,D,113,-70,0,-2.34,,16,-,-32.5,,,-12.37,0
FATAQ,0.02,14.24,,,,,D,,A+,113,-62,17,-2.34,,16,10/23/2017,-32.5,,,-104.8,63
FWRG,13.09,-1.87,312,38,36,43,D,C,B+,113,-21,1074,17.26,,18,10/1/2021,1.0,-46.42,90.46,-300,1372
GENK,2.01,-1.47,10,9,3,21,D,D,B+,113,-90,3,-6,,33,6/28/2023,-9.6,-250,-250,-450,30
GTIM,1.46,0.69,14,,,,D,,A+,113,72,43,-3.05,,88,-,0.2,,,210.44,25
HCHL,3.96,-1.49,,23,11,72,D,E,D-,113,-100,0,-45.64,,4,6/24/2025,-36.1,,,-292.56,565
HDL,12.29,-0.89,2,5,19,9,D,C,E,113,-70,1,14.23,,48,5/17/2024,5.9,15.71,-71.67,-50,1
JACK,17.20,-1.21,158,33,16,60,D,E,A,113,124,2167,-24.48,,97,3/5/1992,-7.0,-23.6,-12.19,-36.67,965
KRUS,57.61,-0.71,241,21,35,19,D,C,C,113,15,421,23.31,,32,8/1/2019,-0.6,-48,-123.08,54.84,363
LKNCY,31.21,7.51,90,49,92,21,D,A,E,113,12,1369,44.43,,9,5/17/2019,10.7,22.72,783.56,6.75,1204
LOCO,16.68,-3.02,209,93,95,84,D,C,A+,113,-35,231,5.88,,76,7/25/2014,7.7,-0.68,0,47.37,357
MB,4.51,-9.80,1,2,3,6,D,E,E,113,-77,3,-12.13,,23,4/10/2025,-9.9,,,-1160.34,15
MCD,280.63,4.16,3631,30,65,22,D,C,D-,113,55,6875,9.42,2.8,42,-,40.5,6.43,4.74,5.99,4428
NATH,101.55,0.15,175,31,41,34,D,C,B-,113,15,26,13.9,2.0,45,2/26/1993,17.4,,,-34.21,24
NDLS,14.49,-8.29,17,75,62,97,D,E,A+,113,-28,33,-0.01,,30,6/28/2013,-8.6,88.3,94.79,72.5,50
PC,9.40,,,,,,D,,C,113,,0,-10.26,,2,9/25/2024,-126.6,,,-305.52,252
PLAY,11.04,-4.17,235,4,5,18,D,D,E,113,-34,1271,-1.5,,25,10/5/2012,-3.2,39.91,-40.23,-74.19,1912
PTLO,4.98,-0.20,180,16,23,19,D,C,A-,113,-38,1154,3.51,,39,10/21/2021,3.3,-28.92,-22.66,-120,1856
PZZA,35.82,-0.33,340,19,19,29,D,E,A,113,-45,679,-7.66,5.0,36,6/8/1993,2.4,3.51,8.05,-11.11,1116
QSR,74.79,4.66,1419,65,77,45,D,A,C-,113,31,4485,7.35,3.5,55,-,17.9,10.11,10.76,14.67,3502
RAVE,3.41,3.33,27,,,,D,,C+,113,-69,25,8.66,,67,-,30.1,,,12.64,81
RRGB,7.15,-7.50,40,54,31,84,D,E,A,113,-9,363,-3.59,,35,7/19/2002,-1.9,50,-98.08,-31.58,442
SBUX,104.27,0.85,2674,52,38,70,D,D,B,113,-3,7951,8.79,2.4,12,6/25/1992,6.8,12.28,31.59,21.95,7954
SDOT,50.55,-29.79,8,1,,58,D,,A+,113,-75,2730,-100,,0,2/13/2020,-37.8,,,-258.38,3707
SG,8.77,-3.63,247,28,9,70,D,D,B-,113,2,5381,-2.88,,19,11/18/2021,-19.7,89.95,14.13,-29.85,5504
SHAK,56.47,-0.56,427,11,37,5,D,B,D-,113,-57,1043,14.28,,15,1/30/2015,5.0,-13.54,-24.74,-101.05,2466
STKS,1.97,0.51,23,34,57,32,D,C,A-,113,-48,16,-0.87,,37,-,-4.1,118.03,33.33,63.54,32
THCH,1.77,,7,10,9,13,D,E,A-,113,-98,0,-9.34,,5,-,-33.1,64.67,44.3,-101.66,7
TWNPQ,0.04,,,,,,D,,C,113,-83,49,-1.61,,21,-,-16.0,-45.58,-26.08,-25.81,282
TXRH,194.28,1.46,754,80,67,65,D,A,B,113,-29,874,12.82,1.5,27,10/5/2004,8.2,5.16,-2.14,10,1256
VSTD,0.21,-5.54,6,,,,D,,E,113,-54,48,10.93,,14,9/9/2022,-20.5,,,1.82,112
WEN,8.60,-3.80,408,40,32,51,D,B,B-,113,60,30494,3.28,7.2,82,-,10.4,-34.98,-43.22,-40,19437
WING,177.99,1.73,747,51,90,25,D,B,A-,113,-28,978,7.37,0.7,21,6/12/2015,34.0,11.7,2.97,19.19,1355
YUM,164.73,1.94,2343,68,79,48,D,C,B,113,15,2248,15.22,1.9,30,-,25.3,11.5,9.51,15.38,2135
YUMC,41.70,1.81,1280,36,86,19,D,B,E,113,9,1861,9.73,2.8,70,-,11.5,15.61,15.44,12.99,1628
ASIX,20.29,2.22,252,13,9,27,D,D,C,114,-7,288,6.99,3.2,25,-,3.6,-37.06,-55.24,-153.76,289
BASFY,13.61,2.64,7,19,38,34,D,D,E,114,-26,153,-5.01,3.4,62,-,2.3,21.9,67.69,-13.25,207
CE,47.68,5.49,618,10,33,24,D,D,E,114,-14,1622,-2.18,0.2,88,1/21/2005,-12.8,54.83,55.93,49.12,1913
CMP,29.95,-2.25,308,47,43,86,D,D,E,114,-37,442,-8.37,,0,12/12/2003,-4.3,270.4,84.06,0,686
DD,139.91,1.04,949,58,91,64,D,D,E,114,-80,1235,-45.17,1.7,38,-,2.9,42.22,25.64,27.67,1346
ECVT,11.83,-1.42,337,43,74,53,D,C,E,114,-11,1654,32.55,,50,9/29/2017,3.6,70.08,55.74,1000,1878
GURE,3.83,5.35,4,,,,D,,E,114,-85,6,303.35,,8,11/18/1992,-747.8,,,-401.46,38
HUN,10.82,2.56,408,6,8,30,D,D,E,114,-35,3950,0.71,3.1,25,2/11/2005,-3.4,76.91,132.31,-81.82,6438
HWKN,138.49,0.30,409,32,63,20,D,A,E,114,10,193,8.39,0.5,12,2/11/1992,10.1,8.76,-0.41,-5.13,164
NPT,2.34,-4.49,3,4,17,7,D,E,E,114,-98,614,-99.48,,42,10/22/2025,-0.1,,,-100.81,3145
WLK,74.77,2.68,494,2,5,17,D,E,E,114,17,1382,-6.82,2.8,0,8/11/2004,-14.3,501.78,2162.02,-148.39,1132
WLKP,22.36,0.31,14,53,68,44,D,B,D+,114,-60,11,28.64,8.3,75,7/30/2014,25.6,36.23,0,185.71,27
CGBD,10.89,-0.46,29,20,32,19,D,B,C,115,-32,392,77.41,13.0,29,6/14/2017,36.3,-11.64,-17.37,-10,580
CION,6.39,-1.84,26,18,67,12,D,D,D-,115,3,580,-11.66,6.5,86,-,-10.3,-41.57,-17.19,131.25,565
DXF,0.64,-27.56,,,,,D,,A,115,-31,6694,-22.1,,0,11/23/2010,-82.7,,,99.92,10382
GSBD,9.58,-1.14,38,27,21,32,D,C,A,115,-37,734,-18.72,13.5,43,3/18/2015,50.9,-27.9,-17.76,-47.62,1163
LPRO,3.11,,151,54,13,92,D,D,A,115,-2,2729,-16,,22,-,-5.8,367.86,100,-139.06,2760
MFIN,10.12,-2.13,121,53,27,50,D,A,A,115,-61,35,3.53,5.4,57,5/23/1996,22.6,-36.7,-37.68,-60,91
MSDL,15.40,0.98,43,32,27,32,D,B,A+,115,-4,598,-12.25,12.3,14,1/24/2024,31.6,-8.98,-10.02,-9.62,625
RWAY,5.49,-1.96,37,8,37,6,D,C,E,115,37,859,-16.8,24.9,71,10/21/2021,24.3,-20.94,-21.79,-30.95,637
TSLX,17.29,-0.29,63,17,35,16,D,B,D+,115,-53,354,-19.72,9.9,0,3/21/2014,45.7,-20.15,-23.24,-27.59,751
AEYE,6.51,2.68,86,33,91,19,D,D,C-,116,13,159,8.42,,75,-,-7.6,30.56,41.67,20,144
AI,9.06,-3.92,307,6,4,22,D,E,B,116,-36,5219,-52.54,,11,12/9/2020,-187.6,41.7,32.67,-106.25,6375
AIXI,1.89,-5.50,2,2,3,6,D,E,D-,116,-91,163,-97.83,,1,3/9/2023,-826.0,,,-100464.64,1215
AKAM,113.17,0.32,1486,54,68,65,D,B,D,116,-31,4092,5.76,,51,10/29/1999,14.3,-5.99,-8.83,-5.29,5306
ALIT,14.26,3.86,309,19,38,24,D,E,B+,116,-23,1206,-2.55,,91,-,-135.4,-43.79,-62.13,-40,1408
AMPL,8.84,3.39,264,29,20,38,D,D,A,116,18,3136,16.93,,4,9/28/2021,-24.9,-16.05,-216.1,-508.16,2654
API,4.01,-1.23,53,53,74,53,D,C,C+,116,-30,331,13.21,,21,6/26/2020,7.0,27.54,,150,472
APPN,24.40,2.69,302,39,81,18,D,C,B+,116,-34,729,21.5,,24,5/25/2017,0.9,61.55,-37.16,107.69,1040
APPS,12.71,-4.51,236,86,70,98,D,D,A+,116,-3,6020,19.64,,36,-,-5.5,35.71,180,60,6301
ASAN,7.34,0.41,299,39,81,24,D,D,A,116,-45,3834,9.52,,35,9/30/2020,-23.3,38.07,45.8,100,6623
ASUR,8.19,0.74,152,43,97,25,D,C,D,116,39,140,22.67,,72,4/7/1992,-8.9,21.07,54.07,65.68,101
AUDC,9.72,-1.92,61,40,26,51,D,C,A,116,-25,93,2.93,4.3,52,5/28/1999,5.5,0,0,-6.67,124
BAND,61.60,-3.43,269,83,74,99,D,C,B+,116,-33,932,19.82,,20,11/10/2017,-2.2,25.87,-4.21,5.56,1402
BBAI,3.53,-3.02,238,14,61,22,D,E,E,116,-42,24128,-0.93,,26,-,-247.2,69.51,93.66,52,41821
BLIV,2.35,,1,,,,D,,E,116,-74,0,-61.45,,9,4/4/2025,-877.9,,,-159.7,1
BNAI,17.19,-4.92,8,33,59,64,D,D,E,116,-53,294,943.11,,5,-,-3135.2,,,38.01,627
BRZE,23.81,3.84,356,29,42,18,D,C,A+,116,-30,2035,30.2,,16,11/17/2021,-17.4,66.71,3.05,42.86,2885
BZUN,2.78,-4.14,55,27,28,46,D,C,B,116,6,306,22.51,,46,5/21/2015,-2.0,122.55,,87.33,288
CCSI,37.94,-2.12,256,80,62,91,D,D,A+,116,-34,112,1.53,,85,-,32.6,4.18,1.2,10.95,166
CDLX,4.47,0.68,30,8,64,2,D,E,E,116,-84,62,-44.56,,30,2/9/2018,-44.4,57.95,-27.78,69.23,87
CMRC,3.15,2.27,155,30,43,31,D,D,A+,116,-46,412,5.43,,71,8/5/2020,-5.3,67.03,7.14,85.71,770
CNXC,23.60,-3.32,539,17,41,7,D,D,B,116,38,2510,1.87,5.8,89,-,-12.0,-2.23,-2.7,-2.59,1914
CRM,166.11,1.76,4799,50,98,10,D,A,B-,116,-31,10492,13.27,1.1,67,6/23/2004,22.9,13.05,12.55,50.39,15512
CXAI,0.17,-2.40,8,,,,D,,C+,116,-84,4276,-22.39,,7,-,-295.0,56.9,62.5,-12.5,27540
CXM,5.41,1.69,363,41,82,11,D,B,A,116,4,4149,6.8,,69,6/23/2021,7.8,-0.06,-20.01,-8.33,4195
DAIC,1.85,,8,,,,D,,E,116,-95,108,,,20,-,-632.6,,,1.37,1032
DCBO,18.24,-2.67,104,62,96,23,D,A,A+,116,-55,71,14.53,,65,-,10.1,20.92,2.78,25.93,160
DDOG,260.36,-1.56,2726,96,93,97,D,B,A,116,-50,3038,32.15,,8,9/19/2019,3.7,18.34,26.66,30.43,6104
DOCN,130.13,-9.99,694,73,63,98,D,B,D+,116,45,4871,22.4,,13,3/24/2021,22.9,-43.61,-58.19,-21.43,3687
DOCU,45.77,-0.54,1211,50,90,12,D,A,A,116,-36,2484,8.72,,68,4/27/2018,10.8,17.81,17.83,21.11,3918
DOMO,3.54,3.51,202,30,61,20,D,E,A,116,2,1686,-0.88,,11,6/29/2018,-18.1,274.72,-90.41,77.78,1675
DT,44.77,-1.34,1042,79,92,47,D,A,A+,116,-22,5183,19.44,,31,8/1/2019,14.8,14.59,5.74,24.24,6390
DUOT,10.22,-11.09,35,56,50,82,D,D,C,116,-6,671,-45.03,,23,-,-36.4,329.69,570,16.67,730
EGAN,6.53,-0.91,167,31,97,12,D,B,E,116,-45,162,7.09,,63,9/23/1999,6.4,101.67,-66.67,266.67,294
EGHT,1.83,,223,28,59,34,D,D,D,116,17,2161,4.63,,88,7/2/1997,0.5,-10.59,7.53,37.5,1895
EVCM,9.98,-6.29,99,34,83,15,D,D,D+,116,59,214,3.65,,40,7/1/2021,3.6,-6.96,298.33,598.03,134
EXYN,6.20,5.00,,1,6,52,D,E,,116,-8,169,,,12,5/15/2026,-209.8,-51.89,,,
FATN,5.98,-2.61,5,52,66,74,D,C,D,116,-95,80,89.76,,47,4/8/2025,18.1,-18.31,-0.51,1200.4,1433
FIVN,23.44,0.86,435,79,90,66,D,C,A+,116,-22,2681,9.16,,83,4/4/2014,3.9,9.88,-10.02,22.58,3488
FROG,94.81,4.89,514,95,94,96,D,C,A+,116,5,3116,25.79,,9,9/16/2020,-12.4,16.32,33.5,35,3077
FRSH,10.34,-0.67,393,33,19,40,D,B,A+,116,61,26896,16.49,,45,9/22/2021,6.3,-5.42,-27.63,-38.89,16507
FSLY,18.13,-2.32,414,54,83,62,D,C,D+,116,-63,3113,19.76,,15,5/17/2019,-19.1,149.88,321.58,360,8523
GDDY,88.51,1.84,1873,53,82,18,D,A,A+,116,-27,1947,6.08,,61,4/1/2015,20.6,14.36,19.59,5.96,2751
GGRP,0.82,-1.87,9,,,,D,,B,116,-84,48,-53.77,,15,7/1/2021,-24.3,38.46,85.71,-757.14,374
GLBE,36.85,2.85,316,74,80,57,D,B,A,116,-15,1508,32.76,,19,5/12/2021,7.3,190.8,257.9,254.55,1797
HQ,23.78,-12.02,8,35,2,97,D,E,C+,116,-10,641,,,99,-,,81.01,72.23,-3382.09,724
HTCR,3.06,-3.47,1,,,,D,,B,116,-93,38,-65.27,78.8,95,2/10/2022,-46.1,,,-65.56,93
HUBS,192.12,2.34,1705,42,97,5,D,B,A,116,-37,1195,23.37,,43,10/9/2014,2.2,35.23,37.73,52.81,1981
IFBD,1.15,-1.71,1,,,,D,,D,116,-78,15,271.21,,6,4/20/2021,-615.9,,,-241.49,100
INFQ,12.31,-4.80,39,9,2,59,D,E,E,116,16,20444,,,1,-,-1027.1,20.88,-258.26,-23795.81,17959
INLX,6.30,-0.79,14,,,,D,,C,116,-80,1,-7.96,,40,-,-11.3,34.09,70.59,-58.82,4
IOT,35.93,5.12,1252,58,65,44,D,B,A,116,-5,6168,30.52,,17,12/15/2021,0.1,26.79,35.09,54.55,6115
JTAI,7.79,-2.38,2,,,,D,,C,116,-57,209,-51.61,,99,-,50.0,-106.06,98.91,98.19,196
KARO,53.87,6.46,103,85,85,53,D,A,A+,116,9,109,31.71,5.5,29,4/1/2021,24.3,19.35,10.45,-16.01,100
KC,9.10,-0.87,45,5,19,8,D,C,E,116,-37,906,32.14,,38,5/8/2020,-9.9,25.94,-749.08,15.57,1440
KD,12.25,2.08,639,11,20,9,D,C,B+,116,-14,3957,-0.82,,77,-,2.7,110.82,-124.32,-65.38,4525
KORE,9.23,-0.32,20,43,29,80,D,E,B,116,-56,21,-8.79,,24,-,-22.6,62.12,,-25.4,49
KVYO,16.90,3.30,265,28,65,7,D,C,A-,116,-21,4939,27.94,,37,9/20/2023,-2.5,26.53,18.62,57.14,7119
LAWR,3.75,,2,,,,D,,E,116,,0,-25.29,,10,7/17/2025,-79.2,,,-153.88,2434
LCFY,3.09,-5.36,1,,,,D,,D,116,127,31,62.71,,64,-,-144.9,,,6.76,14
LPSN,1.93,-0.52,21,,,,D,,D,116,-40,81,-11.97,,18,4/7/2000,-26.2,22.37,47.51,-56.87,130
LSPD,10.80,,244,36,26,47,D,C,A+,116,-38,835,14.75,,33,-,-11.7,39.7,118.43,-20,1336
MANH,151.04,3.16,912,60,79,31,D,A,A,116,21,819,7.39,,25,4/24/1998,26.4,5.97,0.68,4.2,673
MBAI,1.14,-8.06,1,,,,D,,E,116,-53,52,,,92,3/18/2015,,,,1.54,126
MCHX,1.74,3.57,31,25,34,38,D,E,C,116,-15,19,-6.88,,25,3/31/2004,-11.3,183.33,0,25,23
MNDO,1.08,2.86,4,,,,D,,A+,116,109,102,1.78,,84,8/8/2000,14.2,,,78.43,49
MNDY,79.77,4.60,625,49,83,21,D,B,A+,116,-49,925,24.45,,44,6/10/2021,4.8,1.18,2.22,4.55,1809
MSFT,390.49,1.62,10885,56,93,26,D,A,C-,116,0,42194,18.3,1.0,32,3/13/1986,43.9,23.18,16.16,23.41,41255
MTEK,0.99,-2.94,1,,,,D,,C,116,-76,144,-76.24,,8,2/2/2022,-403.3,,,-116.62,626
MWC,3.36,-10.40,,1,49,20,D,C,,116,-94,85,3.28,,41,5/14/2026,10.6,,,42.4,
MYSE,2.39,-4.78,7,,,,D,,B-,116,-44,182,-12.05,,0,8/13/2021,-955390.2,,,-31.33,629
NAVN,25.67,5.86,194,63,50,86,D,D,C,116,52,6419,39.86,,0,10/30/2025,-56.4,5058.35,129.83,149.9,4291
NET,242.41,-1.58,2132,87,97,72,D,C,A,116,-31,2832,33.54,,1,9/13/2019,-10.4,28.8,27.83,56.25,4153
NICE,96.74,2.01,251,45,76,12,D,A,A,116,-46,413,9.77,,80,1/26/1996,23.9,-9.82,-12.25,-8.01,761
NOW,106.32,0.49,4409,57,95,14,D,A,A,116,-36,20272,22.09,,27,6/29/2012,17.0,18.35,5.01,20.05,30659
NTCT,40.93,-4.70,545,79,63,88,D,C,A-,116,-12,596,-0.95,,49,8/12/1999,13.8,9.54,12.74,0,647
NTNX,51.28,0.16,963,35,26,46,D,C,A+,116,-17,3313,10.03,,28,9/30/2016,8.3,7.48,30.65,11.9,4065
OCTV,17.40,2.29,,1,7,23,D,E,,116,-61,661,,,78,-,19.6,38.91,,,
PATH,11.71,1.39,601,58,93,28,D,B,A-,116,39,58403,17.32,,53,4/21/2021,6.3,8.71,-1.17,36.36,42366
PAYC,139.21,3.92,894,60,85,28,D,A,A+,116,-5,908,7.8,1.2,56,4/15/2014,30.2,17.89,15.4,12.5,1010
PCTY,115.10,3.39,677,60,90,20,D,A,A+,116,-23,642,10.5,,59,3/19/2014,19.4,12.94,3.54,18.93,794
PD,9.98,-0.50,302,68,95,45,D,B,A+,116,-20,1830,0.97,,79,4/11/2019,4.1,13.37,2.3,33.33,2227
PLTR,129.30,2.84,3684,50,99,16,D,A,D,116,38,60789,84.71,,5,9/30/2020,37.0,94.33,114.94,153.85,43240
PRGS,38.42,-1.89,450,77,88,49,D,A,A+,116,53,1261,0,,87,7/30/1991,8.3,7.19,0.23,15.71,820
PTRN,26.43,-0.19,85,71,50,96,D,D,C,116,62,3021,43.18,,59,9/19/2025,-0.0,140.76,26.97,80,1852
QBTS,22.53,-4.13,383,25,16,68,D,D,D,116,-39,21409,-80.95,,5,-,-1444.1,-13.49,-11.61,-42.13,34883
RNG,40.01,-2.39,540,73,92,69,D,D,B,116,-23,1351,5.25,0.8,76,9/27/2013,2.2,12.52,9.84,20,1756
RPGL,1.85,-7.04,1,2,1,5,D,D,E,116,-92,44,,,93,-,15.4,,,,406
RTB,14.79,0.10,7,69,73,85,D,E,A+,116,-53,56,-83.25,,14,-,-141.4,,,80.76,123
RXT,5.72,-11.86,122,53,29,99,D,E,B,116,-50,13301,1.91,,41,8/5/2020,-7.5,11.57,23.04,0,26748
SAP,162.59,2.16,288,40,91,12,D,A,D+,116,-28,2372,9.34,1.4,39,-,27.9,14.67,16.84,23.19,3340
SHOP,119.46,-1.78,3170,61,92,28,D,A,B,116,-38,6762,34.32,,12,5/21/2015,13.1,45.08,8.07,185.8,10858
SNOW,260.15,-0.40,2220,89,95,81,D,C,A+,116,-37,8095,33.48,,3,9/16/2020,-28.0,54.47,27.47,62.5,8873
SURG,0.57,38.08,13,,,,D,,C,116,55593,178015,51.11,,17,-,-63.3,61.11,69.44,-34.21,1720
TEAM,83.84,0.81,1693,47,98,27,D,C,B,116,-54,3104,31.71,,48,12/10/2015,-1.9,48.92,52.16,80.41,6689
TGHL,0.61,8.73,1,,,,D,,E,116,-95,162,-40.67,,4,8/28/2025,-998.9,,,-100,3415
TGL,3.85,-3.27,5,,,,D,,D,116,705,469,125.19,,21,8/11/2022,-988.1,,,-129.85,60
THRY,4.29,3.87,206,24,29,38,D,D,A+,116,-36,566,-7.55,,64,-,2.2,1975,-132.26,145.45,903
TTGT,4.02,-1.23,160,8,23,15,D,E,C,116,-42,319,-4.89,,37,3/12/2024,-214.0,72.12,96.18,64.17,551
TUYA,1.76,-2.76,75,7,16,9,D,B,E,116,-14,866,8.29,13.4,55,3/18/2021,18.6,-9.62,0,0,1104
TWLO,209.31,0.01,1779,93,95,94,D,C,A,116,-42,1653,20,,23,6/23/2016,1.1,16.87,11.23,31.58,2825
UPLD,4.90,3.27,43,,,,D,,C-,116,-88,35,-23.51,,96,11/6/2014,-17.8,-24.13,6,-30.43,35
VERI,1.31,-9.03,49,4,37,7,D,E,E,116,11,3191,-9.81,,13,5/12/2017,-121.4,59.36,36.42,47.65,2852
WCT,1.19,-1.65,,,,,D,,D-,116,-100,208,,,3,10/2/2024,-471.6,,,,3806
WDAY,135.40,3.94,2601,55,95,15,D,B,A,116,-22,4300,13.48,,60,10/12/2012,10.6,16.34,18.03,19.28,5298
WIX,49.35,0.96,541,18,59,3,D,D,B-,116,-32,1353,14.26,,81,11/6/2013,0.1,-32.83,-49.34,-56.13,1943
XMAX,8.94,-2.30,20,65,66,89,D,D,D,116,-32,1024,-32.4,,16,-,-23.9,,,57.22,1563
YAAS,0.73,-4.34,1,,,,D,,B-,116,-98,59,-17.97,,2,12/19/2024,-1788.1,,,-15.74,3831
YEXT,4.95,1.43,272,60,91,33,D,C,A+,116,-13,1267,-1.43,,73,4/13/2017,9.0,28.3,41.67,16.67,1485
YXT,0.38,-4.25,1,,,,D,,A+,116,-91,24,-5.48,,97,8/16/2024,-46.5,70.26,,-322.18,355
ZENVF,0.11,-21.43,3,,,,D,,E,116,311,5,22.48,,48,7/22/2021,-13.3,,,-139.91,7
ZETA,20.70,-0.67,406,46,20,73,D,C,B+,116,-32,6394,49.88,,7,6/10/2021,-2.5,31.42,357.81,-117.34,9413
ZM,87.14,-3.31,1872,54,70,48,D,A,D,116,-27,3515,5.47,,57,4/18/2019,49.8,2.03,-2.89,8.39,4861
ADGM,0.64,-3.65,14,,,,D,,E,117,64,149,-100,,65,2/26/2021,,21.85,24.82,39.46,110
AIRS,4.52,2.49,93,32,49,71,D,E,D,117,-75,272,0.05,,65,10/29/2021,-11.6,10,-25,50,1047
ALURD,5.50,14.58,3,,,,D,,E,117,77,9,-47.19,,20,-,-188.3,-416.96,61.8,-135.12,5
ANGO,13.09,0.08,217,55,39,68,D,D,A,117,7,350,8.9,,52,5/27/2004,-11.6,-7.87,-199,125,328
ARAY,0.25,-1.77,137,3,3,3,D,D,C,117,-45,2298,-7.42,,48,2/8/2007,0.3,-1950,-400,-800,3913
ATRC,31.79,6.93,415,34,34,35,D,C,A-,117,68,1545,14.26,,62,8/5/2005,-1.9,114.77,92.2,103.5,931
BFLY,7.68,-3.15,209,72,50,98,D,D,B+,117,12,8694,24.99,,37,-,-78.8,-4.17,-16.67,25,7573
BLCO,17.16,3.69,69,58,72,55,D,D,B-,117,-1,494,9.41,,50,5/6/2022,-6.2,58.04,119.02,214.29,479
BRKR,61.64,1.65,614,58,16,91,D,C,A,117,47,3647,2.75,0.3,32,8/4/2000,0.6,15.87,20.24,-34.04,2582
BWAY,15.19,-0.65,27,76,81,87,D,A,E,117,-34,82,34.63,,5,4/17/2019,14.8,83.33,200,200,124
CDIO,1.99,-5.69,8,,,,D,,A-,117,-15,52,185.11,,0,-,-43832.5,,,35.09,62
CLGN,0.34,-0.03,6,,,,D,,E,117,-81,13,-96.45,,3,-,-484.6,37.85,12.57,-76.92,68
CLPT,18.72,,119,50,10,93,D,D,A+,117,-22,599,42.93,,27,-,-68.9,-23.7,-36.51,-45.45,762
CV,7.28,-1.22,71,11,7,51,D,E,D,117,-8,137,0.32,,18,7/2/2025,-186.6,49.51,93.56,-29.23,154
CVRX,5.60,1.82,128,10,24,9,D,D,C+,117,-55,150,19.61,,28,6/30/2021,-94.1,3.78,7.91,5.66,334
DXR,10.38,0.29,5,44,89,31,D,C,D,117,-96,0,-81.04,,95,-,1821.5,-111.42,-195.13,329.27,5
ELMD,45.43,3.09,162,99,99,96,D,A,A+,117,37,96,18.43,,23,8/13/2010,16.1,43.14,26.67,66.67,70
FEED,0.52,-8.77,6,,,,D,,D,117,-85,154,-36.29,,5,-,-724.3,,,79.5,1032
FEMY,4.17,-4.14,10,,,,D,,D-,117,-54,65,24.5,,13,6/18/2021,-812.2,53.9,60.42,100.11,71
FOCL,5.18,-0.38,8,50,13,94,D,D,B+,117,-11,34,17.44,,35,7/31/1997,-41.4,-8.58,-25.13,-12.91,39
GEHC,65.56,1.09,2269,31,45,19,D,B,B,117,-31,4516,7.41,0.2,77,-,13.4,6.34,-2.46,-1.98,5612
HAE,75.07,0.29,566,75,79,69,D,B,B,117,39,1330,4.76,,73,5/10/1991,9.6,5.22,-1.23,4.03,955
HOCPY,158.11,0.04,12,55,92,42,D,A,E,117,-22,25,4.48,1.0,36,-,34.5,5.97,13.36,35.54,36
HYPR,1.30,-2.99,15,42,45,73,D,D,B-,117,-32,700,82.64,,23,1/27/2021,-262.3,19.38,25,25,1029
ICCM,5.36,1.52,4,6,21,2,D,E,D,117,-100,151,45.76,,12,-,-445.6,21.25,-184.26,-200,4057
IDXX,557.80,3.76,2952,46,88,26,D,A,E,117,24,814,14.26,,18,6/20/1991,30.8,12.06,8.96,17.23,658
INMD,14.80,0.82,162,36,28,42,D,B,B,117,-14,688,5.32,,86,8/8/2019,29.8,-16.47,-29.49,-19.35,841
IRIX,1.13,-3.42,13,,,,D,,B-,117,-52,27,-0.82,,57,2/16/1996,-8.3,80.77,83.33,70,59
IRMD,100.97,2.99,324,80,89,63,D,A,D,117,-5,130,12.65,0.8,9,7/16/2014,33.8,7.51,-10.2,16.67,139
ISRG,426.01,5.87,4306,43,89,18,D,A,D-,117,28,3142,22.96,,14,6/13/2000,32.9,16.98,14.66,38.12,2492
ITOC,0.31,-2.21,4,,,,D,,D,117,-97,364,91.63,,10,9/5/2024,-974.8,,,-591.2,2000
LAB,0.91,5.32,158,21,46,13,D,E,B,117,17,4448,-48.17,,97,2/10/2011,-113.3,78,74.5,42.86,3856
LFCBY,16.60,-2.06,,59,88,34,D,A,B-,117,615,0,21.03,0.5,27,-,16.8,,,26.35,1
LNSR,6.40,9.59,115,18,32,16,D,D,A-,117,52,131,9.24,,50,-,-58.7,127.35,-10,100.21,83
MLAB,105.54,1.10,249,79,88,76,D,C,B,117,-39,117,2.56,0.6,91,2/29/1984,4.8,3.24,13.15,46.67,191
MOBI,13.65,3.72,9,1,1,49,D,E,,117,-52,112,,,22,5/8/2026,-145.1,-77.92,,,
MYO,1.03,-0.96,67,,,,D,,C,117,-54,399,2.86,,40,6/12/2017,-36.8,17.3,10.91,12.5,888
NDRA,4.72,-6.35,3,,,,D,,D+,117,-56,13,,,92,-,,60.36,50.88,41.4,30
NNOX,1.30,-4.41,95,5,18,3,D,D,D-,117,-1,2521,53.14,,8,8/21/2020,-589.9,45.98,27.54,4.76,2587
NVST,27.63,1.69,578,70,75,73,D,C,B,117,-47,1831,14.36,,68,9/18/2019,6.5,20.35,28.92,50,3293
OLYMY,10.65,5.76,,22,20,34,D,C,B-,117,48,103,-1.46,1.2,45,-,9.7,45.37,-30.41,-46.11,83
OM,4.72,-7.45,121,35,72,49,D,E,C,117,35,318,-6.38,,30,9/15/2020,-67.7,32.71,14.68,74.38,237
OMCL,43.03,2.62,502,50,54,76,D,C,D+,117,-31,479,14.91,,59,8/7/2001,1.0,19.6,3.89,111.54,681
PACB,1.68,-3.45,199,37,40,69,D,E,B-,117,-17,5375,0.07,,25,10/27/2010,-341.3,77.36,4.29,97.92,6510
PFSA,0.09,-28.08,4,,,,D,,E,117,102,7167,,,98,-,,,,76.32,3694
PLSE,29.20,3.09,140,52,12,93,D,E,A+,117,-49,183,,,2,5/18/2016,-20794.6,-51.54,-47.54,-40.11,359
PLSM,4.54,-7.91,,19,25,46,D,C,E,117,-90,130,105.08,,85,-,-95.6,,,110.22,1235
PMI,0.17,-1.63,26,,,,D,,C-,117,-75,8919,85.48,,15,8/29/2025,-545.9,53.59,68.31,-3.13,36170
PRCT,21.03,-10.40,368,4,13,6,D,C,E,117,8,1738,20.2,,38,9/15/2021,-31.0,10.57,-31.9,-24.44,1610
PROF,6.81,0.89,28,28,37,59,D,D,E,117,-65,23,103.62,,22,-,-262.9,40.14,53.37,47.22,66
SGHT,5.45,0.18,141,44,46,74,D,E,B,117,-14,216,12.51,,43,7/15/2021,-49.7,-5.87,20.22,14.29,251
SIBN,17.11,1.85,296,51,54,59,D,C,B,117,-30,474,11.2,,55,10/17/2018,-9.4,1.15,-9.52,33.33,690
SRTS,3.07,1.32,48,6,12,13,D,D,B-,117,-69,21,-59.32,,32,-,-35.0,17.02,-91.67,0,67
SSII,3.78,-4.06,10,18,33,8,D,C,A-,117,-30,40,117.25,,45,-,-19.2,5.99,-654.1,42.47,58
SSKN,0.13,30.00,2,,,,D,,C-,117,-78,1,-3.21,,42,10/28/2005,-20.4,,,94.94,14
SSMXY,9.45,5.23,1,23,20,28,D,C,A+,117,-40,117,-7.59,1.7,55,-,10.1,15.52,-40.31,-45.31,206
STE,218.20,2.78,2111,43,68,24,D,B,C,117,-41,525,7.29,1.2,64,6/1/1992,17.6,40.76,6.98,3.28,853
STXS,1.79,1.13,95,11,40,17,D,D,D,117,-45,230,-15.81,,33,8/12/2004,-66.8,23,0,14.29,423
TMCI,4.21,-0.47,125,29,11,70,D,D,B,117,-42,461,-10.22,,47,4/23/2021,-27.7,3.17,-6.69,-12,801
VREX,10.61,-0.66,298,24,51,34,D,D,D-,117,-19,387,1.46,,82,-,-7.0,0.74,16.7,-19.23,470
VTAK,0.79,-8.67,6,,,,D,,D,117,-92,253,202.1,,7,9/27/2018,-2381.6,,,70.96,3778
WAT,379.29,0.31,2441,82,72,67,D,A,A,117,-30,749,91.48,,41,11/16/1995,23.9,10.64,1.95,20,1101
XAIR,0.47,0.30,7,,,,D,,B+,117,-32,186,65.54,,17,-,-447.1,53.12,66.99,57.22,276
ZJYL,1.96,3.70,1,,,,D,,B-,117,-100,9,-16.53,,0,3/28/2023,7.7,,,-31.97,349
CAH,238.94,0.51,2844,84,96,75,D,D,B+,118,-25,2039,11.05,0.9,25,8/4/1983,0.9,30.68,15.82,34.89,2384
COR,296.51,2.80,2988,52,82,28,D,B,B-,118,-27,1466,3.78,0.8,75,4/4/1995,0.7,11.16,8.7,7.47,1903
MCK,786.30,2.37,3592,38,88,32,D,D,E,118,-39,952,6.02,0.4,50,-,1.5,15.32,16.6,15.51,1243
SCNX,0.34,-3.45,6,,,,D,,B,118,-25,278,449.08,,0,-,-10080.2,88.89,79.83,80.52,379
VMD,12.02,2.38,186,95,85,89,D,A,A+,118,36,377,27.6,,0,-,8.1,22.97,50,0,280
AHCHY,11.25,5.44,2,4,14,12,D-,D,E,119,-22,35,-13.37,4.2,92,-,12.3,4.44,25.29,-33.31,45
AMRZ,53.64,1.73,1264,14,21,36,D-,D,E,119,-40,1987,4.66,,46,-,12.7,30.89,24.75,-1.65,3130
CPAC,11.92,0.85,17,88,77,84,D-,A,B+,119,-96,2,16.49,4.6,69,2/8/2012,12.7,-20.7,-25.42,65.69,56
CRH,107.53,2.22,3103,36,56,36,D-,B,E,119,-18,3854,9.09,1.4,62,-,12.8,6.53,4.55,-80,4951
CX,12.29,1.32,343,27,9,70,D-,C,E,119,26,6204,10.14,0.8,15,9/15/1999,4.3,22.33,14.31,-68,5001
EXP,220.15,0.46,708,59,58,54,D-,A,B-,119,-27,315,1.9,0.4,77,4/12/1994,23.5,-0.38,-12.7,0.17,429
HCMLY,18.57,3.63,2,10,14,41,D-,D,E,119,6,98,-7.75,,0,-,3.8,403.98,,-117.53,95
KNF,84.88,2.43,538,53,44,51,D-,B,A-,119,-37,372,16.01,,38,-,6.8,18.98,26.25,-15.7,587
LOMA,11.76,3.89,42,42,48,54,D-,C,D,119,-12,386,10.24,10.6,8,11/1/2017,4.4,271.88,20535.99,687.67,428
MLM,599.42,3.48,1937,34,51,36,D-,B,E,119,21,716,0.67,0.5,31,2/16/1994,19.9,17.43,-8.75,1.58,582
RMIX,21.69,-1.09,4,52,12,96,D-,E,A+,119,,384,,,,-,,3006.15,-140.09,-100.56,405
SMID,29.70,-2.91,105,16,21,17,D-,A,E,119,46,17,-4.96,,85,-,18.2,,,-59.77,12
USLM,107.50,1.39,323,42,84,18,D-,A,E,119,-14,233,-3.75,0.2,54,-,45.9,10.06,21.5,-10.92,221
VMC,303.19,2.77,1997,76,84,52,D-,B,B+,119,-0,1340,7.42,0.7,23,-,17.5,15.24,6.2,35,1195
AMX,25.72,0.43,245,58,74,62,D-,B,E,120,11,1502,16.17,2.1,29,-,15.0,26.36,19.41,24.04,1409
ATNI,24.81,-6.16,203,22,32,52,D-,D,E,120,-7,75,1.63,4.3,26,11/11/1991,-3.8,131.88,130.36,57.97,73
BCE,21.42,1.90,1099,14,38,20,D-,B,E,120,139,7659,6.03,5.4,68,-,31.5,-8.6,4.32,-6.93,3579
CCOI,12.99,-9.03,293,7,47,4,D-,E,D-,120,59,2189,-3.18,8.0,8,-,-25.1,5.94,20.24,23.85,1384
CHT,44.00,-0.05,108,36,52,38,D-,B,E,120,2,133,3.77,2.9,7,-,21.3,2.76,-7.86,-0.4,137
DTEGY,28.66,3.82,24,30,81,13,D-,B,E,120,83,1231,5.07,3.3,57,11/18/1996,15.7,9.72,8.16,13.03,677
FPAFY,3.19,2.24,,19,53,15,D-,B,E,120,-38,37,3.09,7.1,93,-,16.9,1.78,,-28.92,64
HLTOY,10.62,-2.15,7,45,39,53,D-,A,D,120,-48,8,2.69,3.3,71,-,23.2,14.97,23.13,4.1,16
IOTR,2.69,6.75,,,,,D-,,D,120,-98,17,44.63,,24,4/10/2025,-2.0,,,-542.44,870
KT,17.69,2.49,229,9,23,17,D-,C,E,120,15,1785,-6.74,3.7,79,5/26/1999,8.5,-22.25,-58.92,-59.85,1566
KYIV,15.68,-1.45,42,85,85,87,D-,D,A+,120,128,1501,,,21,12/2/2024,17.1,150.86,659.85,4798.34,655
LBTYB,12.05,,4,32,29,53,D-,D,A+,120,-87,0,8.83,,0,-,-147.0,91.86,96.11,125.09,8
LILA,7.62,-3.79,229,77,69,87,D-,E,A,120,-96,1047,-0.09,,13,-,-14.7,89.4,98.5,83.05,661
LILAK,7.63,-3.30,344,77,68,86,D-,E,A+,120,-93,3086,-0.09,,13,-,-14.7,97.54,107.62,83.05,1273
LUMN,6.43,-10.07,561,8,20,39,D-,E,E,120,57,22002,-8.89,,32,-,-21.9,-535.43,-334.53,-261.54,14508
NTTYY,22.70,2.62,7,16,37,19,D-,C,D-,120,25,217,-0.62,3.0,64,-,10.7,-1.67,-14.9,-6.55,180
PHI,17.95,1.13,37,24,62,15,D-,B,D-,120,6,174,-6.77,6.5,82,-,17.4,0.79,-13.99,-10.4,166
RCI,31.62,-1.56,1243,26,62,17,D-,A,E,120,69,1796,11.63,4.0,75,-,35.0,-9.48,-2.19,3.37,1174
SFTBY,18.45,4.17,26,77,85,89,D-,A,D,120,41,4846,-0.42,0.6,89,-,79.3,-86.77,-91.64,1242.31,3471
SGAPY,34.62,0.93,8,35,68,30,D-,B,E,120,80,180,3.73,4.1,50,-,29.6,-42.9,-53.34,-19.58,112
SIFY,15.32,-7.77,11,27,3,83,D-,D,E,120,-7,71,17.32,,18,10/19/1999,-2.1,109.4,,-287.97,77
SKM,31.80,-0.25,116,33,27,75,D-,D,D,120,2,2720,-4.88,1.6,4,-,4.6,213.05,259,-73.6,2702
SPKKY,5.26,-2.16,,16,60,13,D-,C,E,120,15,53,3.04,9.0,36,7/17/1991,9.5,-4.61,,31.12,48
TELFY,4.08,4.62,25,7,22,21,D-,D,E,120,239,841,-8.2,6.2,46,6/12/1987,-1.1,3.83,59.36,-34.9,256
TELNY,14.41,1.62,1,20,46,21,D-,B,E,120,47,82,1.83,4.4,25,12/4/2000,19.6,32.44,0,24.91,56
TEO,12.55,-0.95,32,46,37,71,D-,B,D,120,-46,316,40.1,,14,-,-2.4,692.49,1775.68,7084.15,580
TIGO,93.76,3.61,592,68,38,90,D-,B,D+,120,-34,1150,44.47,3.4,43,-,26.8,-51.3,-82.03,-60.73,1851
TIMB,21.71,1.78,118,46,95,29,D-,B,E,120,-23,259,22.26,9.1,54,-,17.5,6.67,23.45,18.33,343
TKC,5.84,-1.02,52,33,60,30,D-,A,E,120,95,2998,21.73,2.6,61,7/11/2000,14.4,47.5,,28.99,1583
TLGPY,17.30,-0.37,4,37,74,36,D-,B,E,120,3,67,10.72,3.6,11,-,14.2,18.49,,22.75,65
TLK,13.89,1.17,104,6,22,9,D-,B,E,120,-17,876,-0.41,7.0,39,-,21.2,6.69,-10.58,-19.88,1103
TU,10.19,-3.14,1174,5,30,9,D-,C,E,120,134,11978,0.84,9.8,32,-,5.9,-2.62,-6.71,-10.01,5512
UCL,0.95,-0.40,7,3,14,4,D-,C,E,120,-78,4,-10.08,,5,6/10/2020,9.6,-239.53,-3978.98,-684.01,18
VEON,52.00,-0.59,73,43,13,52,D-,A,A,120,-15,81,13.79,,86,11/15/1996,17.9,-7.41,-80.66,-4.56,96
VIV,13.25,2.00,147,42,90,35,D-,B,E,120,4,1141,23.43,2.9,18,-,12.2,34.8,46.23,37.89,1096
VOD,13.15,1.08,97,23,49,37,D-,C,E,120,9,4098,20.15,3.7,0,10/27/1988,5.5,-8.67,,25.67,3775
AMR,160.00,1.65,369,7,26,23,D-,D,E,121,-22,204,-1.31,,46,-,-4.1,192.38,203.69,66.92,259
AREC,1.96,-1.51,42,7,32,26,D-,E,D-,121,-18,2624,-99.93,,0,-,-42573.1,-150.56,57.24,60.23,3259
ARLP,23.81,0.29,34,28,65,23,D-,C,E,121,-18,295,-4.52,9.8,67,8/17/1999,15.3,-3.12,37.5,-87.72,363
BTU,22.30,0.45,467,4,6,22,D-,D,E,121,-36,2122,3.87,1.3,69,-,-0.9,285.66,-73.6,-196.3,3469
CNR,79.34,2.12,480,10,21,22,D-,B,E,121,-26,545,6.57,0.5,31,-,-5.6,202.94,171.02,129.71,749
GLNCY,13.61,1.34,16,40,59,62,D-,C,E,121,-37,487,13.8,1.6,0,-,-0.4,196,,202.72,814
HCC,80.83,3.28,494,35,72,40,D-,C,E,121,-10,880,52.89,0.4,17,4/13/2017,4.2,482.3,1372.62,975.38,900
HNRG,16.25,-3.22,249,18,34,24,D-,C,D-,121,-10,871,-13.57,,33,-,9.5,-81.18,-163.26,-186.96,952
METC,12.95,0.86,232,2,5,15,D-,D,E,121,-1,1576,5.19,,15,2/3/2017,-11.6,38.61,32.53,-67.64,1539
METCB,7.77,-1.77,83,2,5,12,D-,D,E,121,-98,57,-9.69,7.5,15,-,-11.6,,,-55.84,50
NC,48.40,-0.31,151,24,34,37,D-,B,E,121,-32,8,-4.26,2.0,50,-,4.7,,,77.28,12
NRP,99.11,,14,14,24,21,D-,B,E,121,26,49,-15.26,3.0,83,10/11/2002,67.4,,,-51.45,49
SXC,7.82,0.51,303,19,9,51,D-,D,D+,121,-49,814,4.38,5.7,8,7/21/2011,-4.0,141.35,275,-125,1617
ABT,95.40,3.49,3699,37,65,13,D-,B,B,122,-20,10643,7.78,2.7,50,-,19.1,6.3,1.46,5.5,13430
ACU,47.61,-1.71,143,61,59,52,D-,C,A,122,-86,3,13.8,1.3,41,-,6.7,-21.29,-62.07,-41.46,22
AEMD,0.71,-6.07,6,,,,D-,,D-,122,-85,113,,,39,-,,71.87,90.76,112.67,768
ALC,69.66,4.25,2254,35,74,19,D-,C,C,122,-13,1905,9.55,0.5,36,-,11.3,12.87,-0.28,16.44,2181
ALGN,184.52,1.67,1281,69,90,58,D-,B,B-,122,12,1354,6.21,,59,1/26/2001,14.5,8.22,5.65,21.13,1085
ALMR,25.94,-0.73,19,1,3,50,D-,E,,122,-18,252,,,24,4/17/2026,-39.3,-205.1,,,323
AMIX,6.43,-6.81,4,,,,D-,,B,122,-94,9,,,31,1/29/2024,,-879.22,71.62,81.71,46
AORT,23.97,1.78,412,24,66,6,D-,C,C,122,-16,698,17.54,,7,2/12/1993,3.4,-60.12,-91.67,400,829
APYX,4.30,-7.73,39,54,64,84,D-,D,E,122,-64,69,32.45,,51,-,-20.5,-3.58,2.42,50,189
ATEC,8.92,0.68,310,14,44,8,D-,D,C+,122,-27,2844,13.55,,12,6/2/2006,-18.8,540,257.15,104.37,3869
AVNS,24.93,1.22,335,43,23,96,D-,D,D+,122,3,1390,8.78,,31,-,-9.4,6.38,-5.88,-15.38,1252
AVR,10.24,3.02,122,62,33,97,D-,E,A,122,-10,1263,-11.15,,3,12/13/2024,-4925.5,57.67,64.26,54.1,1222
AXGN,45.89,4.25,334,74,57,94,D-,C,C,122,113,2410,26.56,,5,-,-7.0,72.41,-1.19,450,1175
BAX,22.65,4.43,1103,37,27,64,D-,D,A+,122,-14,6547,2.9,0.2,84,-,-4.5,-13.12,-37.73,-32.73,7397
BBLG,1.42,1.43,3,,,,D-,,A+,122,-65,20,,,2,-,,42.61,70.65,77.76,57
BBNX,16.76,0.36,162,35,50,56,D-,D,C,122,-34,607,56.62,,31,1/30/2025,-73.0,-20.28,-48.72,47.31,928
BDMD,1.18,4.42,3,2,2,5,D-,E,D,122,-32,110,,,16,-,-117.0,,,-86.08,164
BDX,158.08,3.39,2561,45,63,42,D-,C,B-,122,-32,2040,-10.58,2.7,76,-,8.6,11.23,8.39,10.16,3078
BLFS,28.11,-1.33,359,78,75,77,D-,D,A,122,-17,655,14.87,,90,-,-12.6,158.29,107.79,300,801
BMRA,1.75,-2.78,4,,,,D-,,E,122,-28,12,-11.8,,17,-,-93.6,,,9.2,17
BNGO,1.15,-1.71,10,,,,D-,,C-,122,40,214,3.56,,19,9/21/2018,-92.3,56.69,63.43,70.55,156
BSX,45.14,4.83,3897,29,89,4,D-,A,E,122,19,26355,11.58,,74,5/18/1992,16.9,9.88,10.52,6.67,22077
BVS,10.48,6.40,200,75,72,80,D-,C,B+,122,5,701,6.63,,78,2/11/2021,4.5,14.17,3.14,87.5,622
CARL,11.34,-3.16,89,16,9,38,D-,D,C,122,-30,119,58.17,,25,7/23/2025,-58.7,31.34,73.65,-34.9,170
CBLL,19.55,-2.25,156,20,22,53,D-,D,D-,122,117,721,29.3,,26,10/11/2024,-60.0,-16.92,-23.98,-44.44,339
CNMD,33.83,3.27,407,28,74,17,D-,C,D,122,-17,437,-1.31,2.2,91,7/23/1987,5.2,-4.9,-3.62,-6.32,522
COCH,0.75,-4.82,15,28,57,39,D-,E,B-,122,-40,214,-15.22,,3,-,-9857.3,75.61,75,72.41,364
COO,74.20,3.13,1724,59,78,40,D-,C,A,122,-0,3260,7.9,,64,1/21/1983,13.8,12.32,2.32,26.04,3082
CTSO,0.39,-0.26,20,,,,D-,,E,122,-42,103,1.57,,24,-,-23.2,-30.77,-233.33,-292.02,178
CUPR,5.77,-3.19,2,,,,D-,,C,122,-98,215,277.66,,2,4/10/2025,-9239.8,,,-223.84,3908
DCTH,13.20,2.25,132,60,18,78,D-,C,A+,122,-33,338,26.26,,0,-,4.1,-902.86,-228.57,-200,506
DRIO,7.28,7.85,17,12,39,13,D-,E,B,122,621,61,-17.3,,10,-,-186.1,63.32,66.25,55.36,9
DXCM,71.25,3.47,2661,68,98,47,D-,A,C-,122,-45,3299,15.05,,28,4/14/2005,23.4,24,26.99,75,5969
ELAN,25.00,3.78,782,43,48,65,D-,C,E,122,-1,5690,14.92,,33,9/20/2018,-4.8,13.3,3.12,8.11,6195
ELUT,0.93,-1.28,16,17,56,27,D-,E,C,122,-85,18,-48.36,,97,10/8/2020,-129.0,-168.97,42.31,19.05,116
EMBC,3.35,-0.30,386,10,40,2,D-,D,B,122,-32,1851,-14.36,13.2,95,-,12.6,-45.99,-76.18,-61.43,2776
ENOV,22.50,12.28,413,29,77,21,D-,D,C-,122,8,1302,5.43,,93,5/8/2008,-51.6,10.58,7.71,9.88,1177
ESLOY,100.03,1.75,8,20,54,10,D-,B,C-,122,-43,71,3.3,2.0,24,-,11.2,39.23,,-9.4,127
ESTA,89.25,0.02,165,80,59,91,D-,D,A+,122,-27,440,44.71,,53,7/19/2018,-27.5,33.27,40.84,35.71,640
EW,94.37,2.59,2993,83,64,68,D-,A,A+,122,-39,3206,16.7,,22,-,21.0,17.61,10.93,21.88,5235
GCTK,0.32,-7.97,6,,,,D-,,C,122,-99,74,,,97,-,,,,89.97,4877
GKOS,148.34,7.83,603,75,45,88,D-,C,A+,122,14,1241,41.16,,20,6/25/2015,-38.0,42.89,10.98,18.18,1062
GMED,80.12,5.48,808,61,98,45,D-,A,E,122,-3,1753,27.04,,55,8/3/2012,20.6,19.17,27.62,64.71,1792
HBIO,6.15,1.65,26,,,,D-,,A+,122,-99,10,-4.68,,45,12/7/2000,-66.3,-250,-110,-230,27
HSCS,2.79,-5.10,5,,,,D-,,B,122,-98,71,,,0,6/15/2022,-201499.5,62.86,64.9,75.59,2841
HSDT,1.79,2.87,17,17,54,8,D-,D,B-,122,-14,282,7289.8,,99,-,-679.6,64.32,99.97,99.67,330
HSIC,86.43,2.26,1014,72,60,67,D-,C,A,122,30,2153,6.31,,60,-,4.0,7.63,12.79,14.78,1525
IART,18.05,0.89,342,64,55,89,D-,D,A-,122,-38,683,2.42,,90,-,-34.5,9.89,7.47,31.71,1064
ICCC,10.29,-6.45,30,77,47,93,D-,C,A+,122,47,41,28.39,,14,-,-3.7,,,33.21,29
ICUI,154.97,4.38,489,63,60,66,D-,D,A,122,25,424,-12.3,,47,3/31/1992,0.2,5.12,-9.12,14.53,305
INBS,2.24,0.45,7,,,,D-,,C,122,-69,35,45.54,,9,12/23/2020,-347.4,82.9,56.11,59.09,110
INGN,6.60,-0.75,199,20,28,32,D-,D,B,122,-38,217,3.44,,50,2/14/2014,-6.7,8.91,-2.22,-20,344
INSP,46.95,3.28,473,19,28,9,D-,B,A,122,15,1302,1.62,,52,5/3/2018,7.2,-62.57,-151.98,0,1214
ITGR,95.14,0.60,442,60,84,45,D-,B,A,122,-17,485,0.5,,71,9/29/2000,6.8,-4.96,-10.92,-8.4,569
KIDS,19.95,3.37,201,37,12,63,D-,C,A,122,-25,122,13.26,,42,10/12/2017,-16.6,29.91,-174.75,-15.38,165
KMTS,26.98,2.66,226,45,31,77,D-,D,C,122,-4,308,62.7,,14,3/6/2025,-190.1,54.33,73.3,51.2,322
KRMD,4.49,2.05,92,23,24,40,D-,C,C,122,-17,116,22.1,,52,-,-6.4,26.67,-280,-508.16,141
LFMD,4.87,7.27,123,24,28,56,D-,D,C+,122,58,1657,-23.65,,9,-,-5.3,-209.14,-142.86,-2100,1050
LFWD,8.02,4.29,2,,,,D-,,A+,122,249,31,-22.07,,18,9/12/2014,-90.6,66.54,62.74,40.72,9
LIVN,83.62,1.38,610,90,83,88,D-,C,A,122,-38,517,14.33,,40,2/11/1993,-15.9,9.03,4.1,11.36,832
LMAT,102.88,4.19,440,79,98,48,D-,A,B-,122,12,351,11.16,1.0,19,10/19/2006,30.1,19.04,34.46,41.67,310
LNTH,109.89,0.85,681,90,68,92,D-,A,A,122,-51,511,1.23,,48,6/25/2015,20.4,-12.03,-17.91,-4.58,1030
LUCD,1.07,1.90,81,31,60,28,D-,D,B-,122,-34,792,51.69,,7,10/14/2021,-1232.7,44.96,46.67,56.25,1258
LUNG,1.39,-5.44,129,16,33,27,D-,D,B,122,-48,295,-8.66,,29,10/1/2020,-59.0,14.14,26.32,8.33,544
MDLN,43.19,3.50,606,20,14,36,D-,D,C,122,-16,9700,10.66,,26,12/17/2025,4.4,5.81,-20.18,-5.26,10563
MDT,83.19,5.04,3894,31,48,23,D-,B,C,122,-10,9723,9.86,3.6,72,-,16.9,7.68,10.18,-4.32,10815
MDXG,3.95,1.28,290,23,31,14,D-,A,A-,122,-57,662,-33.12,,43,-,15.8,-117.97,-156,-240,1591
MHUAF,9.10,1.11,,,,,D-,,B+,122,-46,0,-53.83,,98,2/16/2022,15.2,,,-75.31,1
MLSS,0.34,-2.34,11,,,,D-,,A+,122,-72,146,-3.15,,28,-,-63.8,50,50,50,449
MMED,15.59,2.63,40,9,4,36,D-,E,E,122,-51,447,,,44,3/6/2026,-6.1,152.32,,,933
MMSI,71.09,2.36,572,49,81,23,D-,B,B+,122,-25,639,7.46,,53,-,11.3,6.29,-4.85,9.3,861
MODD,4.60,-1.71,14,,,,D-,,A+,122,-98,55,,,35,-,,,,63.5,63
NEOG,9.34,0.32,376,47,58,72,D-,D,C+,122,-58,1060,-4.43,,50,8/23/1989,-126.7,107.36,102.01,280,2452
NEPH,3.40,0.89,21,,,,D-,,A-,122,14,26,6.87,,16,-,6.4,-59.09,-125,-80,23
NPCE,16.14,2.35,149,45,56,77,D-,D,E,122,-40,117,-2.31,,46,4/22/2021,-21.5,2.51,16.35,37.18,197
NSPR,0.70,2.42,15,8,41,2,D-,D,E,122,-16,160,122.24,,8,-,-542.6,2.63,23.08,27.27,378
NUWE,3.15,0.32,5,,,,D-,,E,122,-10,181,26.21,,18,-,-211.8,90.98,98.89,92.79,97
NVCR,17.20,9.00,341,40,20,81,D-,D,C,122,11,1953,12.3,,45,10/2/2015,-20.8,-30.64,7.57,-100,1768
NVNO,11.11,2.59,11,,,,D-,,E,122,-52,5,,,4,5/31/2018,,,,22.25,11
NXL,0.36,-5.00,7,,,,D-,,B+,122,-84,108,-63.55,,6,-,-2725.4,24.24,0.58,29.2,674
NYXH,1.72,-3.37,32,6,26,2,D-,D,D+,122,-63,111,525.31,,1,-,-889.0,49.77,29.74,35.57,312
OFIX,9.94,6.31,226,19,64,12,D-,D,D+,122,-21,434,1.58,,57,4/24/1992,-11.0,47.85,-13.89,61.48,425
ORGO,2.36,-3.28,196,12,31,13,D-,C,B-,122,-32,758,-58.19,,2,-,8.3,-383.78,-454.12,-115.5,1152
OSUR,4.35,0.69,196,42,6,89,D-,E,A,122,-40,432,-6.7,,22,11/17/1986,-56.1,-11.7,-3.85,-52.38,719
OWLT,5.76,-6.49,48,10,6,31,D-,D,C+,122,-43,130,6.64,,34,-,-37.5,84.42,96.41,-257.14,231
PAVM,5.71,-9.37,8,7,10,3,D-,D,A,122,55,26,175,,4,-,-3477.5,44.23,97.88,-143.33,19
PDEX,61.33,-2.25,105,86,91,86,D-,A,D,122,18,60,14.56,,57,8/7/1986,18.1,47.57,86.11,22.45,51
PEN,318.57,0.68,662,51,85,46,D-,A,E,122,-44,297,15.63,,10,9/18/2015,14.6,27.75,34.77,-1.2,460
POCI,5.06,-1.56,16,35,37,65,D-,D,D-,122,-39,31,108.04,,37,-,-30.3,42.44,67.1,95.42,51
PODD,164.48,2.94,2180,46,96,6,D-,A,B,122,-9,1506,33.87,,29,5/15/2007,12.5,30.41,23.91,39.22,1649
QDEL,18.25,0.39,408,15,20,27,D-,E,B+,122,-43,1222,-10.54,,79,8/11/1980,-40.6,-12.73,-114.51,-105.41,2105
QGEN,40.10,2.48,1089,33,47,23,D-,B,B+,122,-34,1626,1.83,0.7,62,6/27/1996,23.5,1.73,-4.63,-6.73,2475
QTI,4.05,1.00,10,13,68,9,D-,D,E,122,-79,12,133.35,,41,-,-111.4,73.63,-57.14,78.53,58
QTRX,4.33,-0.23,180,22,22,34,D-,D,A,122,-66,456,20.05,,29,12/7/2017,-80.8,48.84,47.77,30.19,1325
RCEL,5.06,8.35,90,47,44,69,D-,D,A+,122,118,616,3.98,,23,-,-67.8,39.65,23.06,33.96,286
RGNT,4.03,-11.82,1,,,,D-,,D,122,-97,159,,,,12/4/2025,,65.97,,-482.89,6644
RMD,209.63,4.24,2400,48,92,18,D-,A,D+,122,-27,1144,10.81,1.2,45,-,32.6,16.34,13.62,20.68,1535
RMTI,5.54,6.74,17,,,,D-,,E,122,-67,91,-8.34,,55,1/27/1998,-7.7,40,50,0,34
RVP,0.73,0.15,10,,,,D-,,B,122,-89,10,-13.47,,36,-,-32.1,,,20.39,89
RXST,5.61,8.51,184,8,7,8,D-,D,A+,122,58,3549,-18.48,,35,7/30/2021,-28.9,-49.16,-25.52,-90,987
SENS,5.48,2.24,48,5,15,12,D-,D,D+,122,-28,740,87.17,,13,-,-196.0,-44.52,-53.34,-77.5,987
SGP,19.15,-1.64,,9,25,17,D-,E,C,122,28,121,,,0,2/6/2026,,87.35,,,100
SI,21.27,3.15,94,41,5,89,D-,D,C,122,86,199,64.9,,27,7/31/2025,-85.3,63.59,99.72,-75.22,109
SINT,1.90,1.60,8,,,,D-,,D+,122,-62,21,2.98,,8,2/13/2014,-1018.1,65.02,25.48,42.54,57
SMTI,24.84,2.35,91,46,39,53,D-,C,A+,122,-49,26,18.62,,54,-,-0.4,440,89.13,109.76,53
SNN,30.25,5.29,88,41,97,24,D-,B,E,122,28,1706,6.68,2.5,69,-,10.8,8.49,,64.91,1348
SNWV,10.63,0.28,92,11,36,3,D-,C,D+,122,-31,106,2.97,,97,-,27.0,-119.51,-400,35.28,154
SOLV,78.27,-0.10,1322,41,28,56,D-,C,B,122,-25,1367,-3.04,,81,-,20.6,7.02,12,10.45,1831
STAA,27.79,-1.28,311,51,66,81,D-,D,D+,122,-38,509,119.59,,3,7/7/1983,-34.4,171.29,165.84,179.24,834
SYK,326.54,4.20,3526,54,71,24,D-,A,B+,122,-4,2608,2.63,1.1,34,-,18.0,9.91,11.46,-8.45,2814
TCMD,31.35,2.28,283,86,87,82,D-,B,A,122,24,383,22.85,,21,7/28/2016,9.5,38.41,-3.57,38.46,321
TELA,0.72,0.19,23,14,44,28,D-,D,E,122,-92,14,2.91,,30,11/8/2019,-48.1,21.22,21.05,16,175
TFX,133.99,3.27,525,31,18,58,D-,D,B-,122,-7,673,-21.75,1.0,83,-,1.2,-3.96,-66.04,-52.23,723
TMDX,68.86,1.49,593,13,38,5,D-,A,E,122,-44,833,21.18,,67,5/2/2019,17.8,-59.55,-42.61,-57.14,1479
TNDM,15.32,-2.73,355,11,33,17,D-,D,D,122,-37,1628,5.46,,61,11/14/2013,-19.7,52.47,32.1,55.44,2580
TNON,0.29,-10.34,5,,,,D-,,E,122,1005,71660,89.94,,12,4/27/2022,-318.4,50.29,33.33,69.31,7136
TRIB,0.38,5.49,2,,,,D-,,E,122,-34,1004,43.08,,13,10/21/1992,-84.9,,,44.82,1546
TXG,39.01,-0.10,478,81,63,98,D-,D,A+,122,-13,2773,-2.61,,48,9/12/2019,-6.2,-131.02,-187.2,64.29,3200
UG,7.26,2.83,34,,,,D-,,A,122,113,12,15.76,7.0,66,-,25.1,,,11.37,6
UTMD,72.78,3.04,181,59,32,66,D-,B,A+,122,96,23,-10.18,1.7,38,-,36.6,,,-11.01,12
VANI,1.26,2.44,17,16,39,52,D-,E,E,122,593,1342,,,48,11/19/2014,,21.71,30.56,27.27,195
VNRX,1.40,2.94,9,,,,D-,,D-,122,-67,209,294.03,,5,-,-1360.6,-913.73,49.58,19.17,311
WOK,2.21,4.25,,,,,D-,,B,122,-85,258,,,39,8/23/2024,-11.0,,,,994
WST,365.74,0.20,2050,90,66,89,D-,A,A+,122,-35,547,21.05,0.3,17,-,19.5,18.13,13.06,46.9,879
XRAY,11.65,5.05,464,19,32,29,D-,E,B+,122,-14,4797,0.11,,88,8/12/1987,-13.2,-11.28,-31.57,-37.21,5798
XTNT,0.41,-1.69,13,,,,D-,,E,122,-36,76,-36.53,,61,-,5.2,-103.67,83.05,-107.17,121
ZBH,87.47,3.92,1880,30,65,27,D-,B,E,122,-23,2289,9.3,1.0,86,-,10.1,3.51,-2.76,15.47,2524
ACT,45.34,-0.11,433,69,57,59,D-,A,B,123,-23,242,1.73,2.1,29,9/16/2021,69.5,4.79,3.94,7.27,317
AGM,200.94,-1.07,352,87,74,70,D-,A,A+,123,5,133,13.54,3.3,24,2/10/1994,23.3,17.17,12.65,13.13,127
AGM.A,143.81,,24,79,75,57,D-,A,A,123,-63,0,13.54,4.5,57,-,23.3,17.17,12.65,13.13,1
BETR,28.60,-5.27,114,13,40,25,D-,D,D,123,-18,367,29.87,,8,-,-81.0,42.04,45.05,9.7,455
BLNE,1.10,0.92,16,13,76,5,D-,D,E,123,-55,339,47.16,,0,-,-291.7,98.81,88.23,95.15,749
CNF,2.94,2.26,7,,,,D-,,B-,123,211,16,-30.8,,4,11/7/2018,-90.8,,,-182.68,5
ESNT,64.85,0.51,642,64,48,46,D-,A,A+,123,-32,600,5.83,2.2,33,10/31/2013,66.5,3.82,-8.29,7.69,879
FIGR,33.91,3.80,377,9,9,33,D-,D,D,123,20,4904,,,5,9/11/2025,24.9,87.47,77.58,,4075
FMCC,5.68,-3.24,18,25,67,8,D-,B,D,123,-33,1728,4.8,,95,-,10.1,16.63,20.13,27.34,2566
FNMA,6.12,-2.39,69,26,69,7,D-,B,C-,123,-28,3209,2.75,,86,-,11.2,4.31,10.99,1.61,4427
FNMAS,10.54,-3.30,33,4,1,11,D-,E,B,123,-58,261,,,,-,,,,,644
FOA,27.47,-1.54,132,87,79,80,D-,B,A,123,5,64,-27.49,,67,-,39.0,56.25,103.64,111.54,60
GHI,5.96,1.36,1,15,14,28,D-,D,A+,123,-19,52,-13.29,9.7,48,-,-8.0,37.8,40,-58.06,64
KREF,7.03,-1.26,186,19,28,28,D-,D,A-,123,-38,806,-13.81,5.6,0,5/5/2017,-11.1,-274.36,-940,-124,1314
LDI,1.23,-2.38,124,2,7,11,D-,D,E,123,-33,1259,4.67,,24,2/11/2021,-10.3,70.24,97.21,-89.93,1900
NMIH,41.04,0.10,556,73,77,42,D-,A,B+,123,-25,450,3.64,,52,11/8/2013,70.8,4.68,5.15,0,625
ONIT,38.96,-3.33,192,20,24,29,D-,B,D,123,-42,50,11.29,,90,9/25/1996,5.6,-77.83,-60.42,-70.4,86
PFSI,83.47,-1.60,423,31,84,15,D-,A,E,123,-1,548,26.47,1.4,38,5/9/2013,13.0,6.61,-9.17,7.75,565
RDN,37.94,0.58,618,74,72,52,D-,B,A-,123,-23,961,46.49,2.7,62,10/30/1992,66.1,13.33,32.29,28.28,1316
RKT,15.77,-0.50,1078,46,69,41,D-,B,C,123,-10,26416,183.53,,10,8/6/2020,-3.1,159.69,331.62,275,27979
SNFCA,9.72,-0.71,132,67,88,41,D-,C,A-,123,-57,15,-3.64,,71,8/13/1987,12.0,,,62.33,35
TREE,45.00,0.45,305,33,42,31,D-,B,B-,123,25,356,36.53,,19,-,1.9,67.01,109.23,271.22,290
TRTX,8.40,-0.83,209,37,38,38,D-,C,B+,123,-9,568,131.61,11.3,43,7/20/2017,18.3,7.73,6.25,4.17,631
UWMC,2.17,-2.25,253,16,63,3,D-,A,E,123,-12,19346,234.94,18.3,81,-,7.3,210.17,-41.46,24.24,21940
VEL,18.57,-0.38,189,71,97,35,D-,A,C+,123,-11,74,23.35,,76,1/17/2020,23.3,-6.91,-10.79,23.64,84
WD,54.55,-0.67,407,42,56,38,D-,B,A+,123,-45,189,26.95,5.0,14,12/15/2010,6.2,136.28,-8.08,475,333
ARDT,10.76,6.22,177,36,12,57,E,C,A+,124,28,677,6.99,,56,7/18/2024,4.5,16.82,-54.56,-3.45,533
AUNA,5.27,2.53,21,28,23,30,E,C,A,124,-40,201,13.01,,89,3/22/2024,4.3,-30.87,-26.93,-87.14,330
CYH,3.90,10.17,192,49,29,78,E,E,A+,124,144,4247,-6.14,,78,6/9/2000,5.8,-150.73,-112.94,-1500,1756
HCA,410.50,4.39,2810,39,91,25,E,C,D+,124,-1,1629,4.3,0.8,33,3/10/2011,13.0,7.14,7.52,10.85,1584
LFST,11.27,-1.40,409,90,77,96,E,C,A+,124,1,5080,21.18,,0,6/10/2021,0.9,580.33,427.5,716.33,5176
NUTX,196.53,3.05,208,87,48,92,E,A,A+,124,82,264,2.22,,22,-,28.0,105.34,267.93,154.69,146
SGRY,17.23,3.80,319,32,13,58,E,C,A+,124,-3,1477,4.5,,11,10/1/2015,3.5,-8.72,-65.92,-175,1486
THC,203.72,6.55,1103,73,94,49,E,B,B,124,31,2107,2.78,,44,-,13.1,6.9,5.26,10.55,1535
TOI,5.28,-4.17,113,78,65,95,E,D,B+,124,-28,1282,41.22,,10,-,-12.1,72.22,56.67,90.48,1794
UHS,158.33,5.15,1366,44,94,13,E,A,C,124,22,1311,9.65,0.5,67,-,11.4,8,10.63,16.12,1086
ACI,14.13,2.32,747,10,36,11,E,C,E,125,-27,5098,7.73,5.0,94,6/26/2020,0.3,3.93,-1.74,4.35,7025
ADRNY,41.53,3.51,12,28,66,28,E,C,D-,125,-50,65,-1.03,2.7,69,-,3.1,1.61,-1.92,3.42,124
ANCTF,63.55,5.04,1320,67,53,66,E,C,A,125,273,1975,19.77,0.6,31,-,5.3,,,100.25,129
ARKO,8.04,-1.47,227,71,50,93,E,D,A,125,-30,644,-3.12,1.6,6,-,0.4,93.33,-6.25,41.67,939
ASAIY,8.36,1.09,33,41,89,37,E,C,D-,125,-61,9,11.77,0.7,88,-,0.2,14.12,56.22,317.2,29
CASY,797.42,1.68,1361,74,96,77,E,B,E,125,-7,517,14.5,0.3,0,10/20/1983,5.3,11.07,14.94,66.16,558
GO,10.39,4.11,399,32,29,54,E,D,A+,125,-3,3022,3.62,,56,6/20/2019,-5.3,-32.81,-45.16,-61.54,3081
IMKTA,90.17,0.62,339,55,76,60,E,D,D,125,-11,132,-1.76,0.7,50,9/22/1987,2.1,,,60.65,149
KR,58.22,3.52,2341,23,66,15,E,C,E,125,-18,6002,2.22,2.7,75,-,0.8,7.27,1.44,6.04,7230
MUSA,560.75,0.35,682,73,89,75,E,C,D+,125,-30,237,6.49,0.5,25,-,3.1,29,28.85,174.65,336
NGVC,32.60,2.29,260,70,87,56,E,B,A+,125,-10,120,0.48,1.9,62,7/25/2012,4.4,-2.32,-3.01,-17.72,136
SFM,89.94,3.74,935,63,87,40,E,A,A+,125,4,2449,4.15,,38,8/1/2013,7.8,5.24,-0.46,-5.52,2307
SRGHY,17.74,0.38,3,30,6,53,E,B,D,125,18,5,9.8,1.9,12,-,3.9,,,,5
SVNDY,12.44,3.32,3,32,78,19,E,D,B-,125,-34,233,-26.31,1.8,44,-,4.2,-1.61,-34.79,38.65,388
VLGEA,42.34,-0.14,239,51,61,45,E,C,B,125,-32,39,1.58,2.4,81,-,3.5,,,-19.44,57
WMK,80.10,0.36,292,63,55,63,E,C,A,125,57,246,4.59,1.7,19,-,2.5,,,56.1,159
YSWY,20.77,-1.42,35,1,2,31,E,E,,125,-59,282,,,,4/22/2026,,115285.11,,-9131.21,
ACCS,6.89,2.84,28,,,,E,,A-,126,-43,9,-2.72,,74,-,-8.6,-22.81,-46.43,120,16
AMCX,10.26,-2.38,255,47,14,84,E,D,A,126,-39,312,-2.36,,87,-,6.4,-9.62,-113.34,-84.62,540
AREN,0.84,4.13,73,2,11,2,E,D,E,126,-1,137,-35.86,,97,-,21.6,-43.33,-53.85,-175,138
AUUD,1.40,2.94,3,,,,E,,B,126,-99,333,,,20,-,,,,-12.92,6278
BBGI,25.35,-0.90,17,51,38,99,E,E,D,126,-26,35,-12.93,,6,2/11/2000,-117.1,,,218.21,47
CAST,4.34,-10.70,3,14,24,33,E,E,C-,126,-88,1447,-35.43,,2,-,-2239.3,12.86,-2.27,-34.12,11685
DIS,99.50,3.96,4099,32,71,27,E,B,E,126,11,11307,6.55,1.5,61,-,12.8,15.01,15.72,8.28,9736
DJCO,584.83,-3.43,215,68,40,71,E,A,A,126,-25,26,24.98,,16,-,171.1,,,-61.14,34
DJT,8.54,6.48,222,7,4,11,E,E,A+,126,42,6305,6.09,,0,-,-19328.2,,,-271.38,4620
EDUC,1.54,,19,,,,E,,A+,126,-72,14,-37.04,,94,-,23.3,,,-99.81,52
EVC,13.05,-2.47,194,74,41,99,E,D,A+,126,-35,2091,114.45,1.7,0,8/2/2000,-21.5,,,125.53,3290
FLZH,1.80,4.05,1,8,28,1,E,E,A-,126,-6,147,-100,,4,-,-124.7,,,49.54,319
FOX,50.56,4.42,1568,39,78,21,E,B,D-,126,24,2113,-8.62,1.2,77,-,18.8,5.74,10.76,20,1753
FOXA,56.48,4.34,2087,40,78,23,E,B,D-,126,62,9122,-8.62,1.1,71,-,18.8,5.88,10.68,20,5701
FWONA,90.89,0.50,342,70,63,51,E,B,A+,126,13,170,59.06,,29,-,16.4,-20.26,-83.38,158.65,152
FWONB,82.00,,,45,64,31,E,B,B,126,295,0,59.06,,39,-,16.4,,,158.65,0
FWONK,98.50,0.12,1333,67,62,49,E,B,A+,126,-30,1434,59.06,,23,-,16.4,-19.32,-83.27,158.65,2117
GHC,1183.27,1.14,452,73,84,55,E,B,B,126,1,19,6.01,0.6,55,6/15/1971,9.2,3.81,77.6,21.47,19
GTN,4.11,3.01,241,5,11,15,E,D,D-,126,68,2305,-1.79,8.4,50,-,-3.6,236.6,94.93,-47.83,1407
GTN.A,7.41,,20,3,11,7,E,D,E,126,-89,0,-1.79,4.6,50,-,-3.6,236.6,94.93,-47.83,5
IHRT,4.38,0.69,208,40,48,85,E,E,D-,126,-63,592,9.55,,46,-,-12.3,92.07,37.49,66.67,1474
LBRDA,32.13,-1.83,259,2,7,4,E,D,D,126,4,237,0,,69,-,-1234.9,148.49,126.3,-19.51,230
LBRDK,32.14,-1.83,429,2,7,4,E,D,D,126,-48,1201,0,,69,-,-1234.9,133.37,,-19.51,2300
LEE,8.73,-0.68,24,42,70,69,E,E,D,126,-56,32,-11.22,,44,-,-7.6,,,92.27,74
MDIA,0.98,8.86,11,27,20,68,E,D,D,126,-1,78,11.97,,8,-,-49.0,,,12.07,130
NMAX,8.99,-4.06,82,25,40,55,E,E,C,126,-32,1531,14.03,,36,3/31/2025,-52.6,93.23,,88.86,2227
NPSNY,9.83,-2.77,23,27,66,16,E,A,E,126,-34,106,82.56,0.4,84,-,44.5,63.69,,-16.38,163
NWS,30.17,3.15,675,48,90,33,E,C,C-,126,-13,1479,8.76,0.7,26,-,10.9,19,18.91,23.53,1678
NWSA,26.64,3.34,1520,48,90,34,E,C,D+,126,13,6227,8.76,0.8,35,-,10.9,19,18.91,23.53,5483
NXST,181.09,-0.15,761,21,32,26,E,C,C-,126,-2,390,13.13,4.5,19,11/24/2003,3.0,1021.72,93.02,51.04,401
NYT,73.85,2.87,863,59,96,42,E,A,E,126,-20,1516,12,1.3,32,-,16.0,16.49,14.31,48.78,1924
PSKY,10.39,2.16,744,8,19,28,E,D,D+,126,-37,5760,2.16,2.1,48,-,0.1,21.24,-64.77,-20.69,9209
PSO,16.71,1.95,47,71,43,74,E,B,A+,126,-7,837,7.03,2.2,42,-,12.8,10.49,,-32.87,900
QUAD,8.37,-2.22,212,83,88,80,E,D,A,126,-40,129,-7.69,4.1,81,-,1.3,20.31,41.04,25,217
SBGI,15.42,2.19,259,35,21,54,E,D,B,126,25,608,3.99,7.2,58,6/7/1995,-4.8,225.15,70.99,112.17,487
SCHL,46.41,-1.96,356,59,18,86,E,C,A,126,-46,217,-1.88,1.7,10,2/25/1992,-0.1,278.13,151.15,-200,407
SGA,9.26,-0.43,56,3,6,11,E,D,D,126,-46,9,-5.56,11.5,22,-,-9.8,49.52,-143.81,-48.87,17
SONY,20.79,2.87,188,21,50,23,E,C,D,126,-20,5588,-10.43,0.6,45,-,11.9,17.62,-8.01,-20.04,6991
SSP,3.12,,219,7,17,21,E,D,D,126,-33,486,-1.43,,40,6/30/1988,-5.6,117.38,15.61,9.09,746
TDAY,8.83,-0.34,251,69,29,91,E,C,A+,126,-8,1531,-4.04,,6,-,-0.1,307.18,-101.72,208.34,1666
TGE,1.00,-6.54,2,11,44,11,E,D,D,126,-49,151,-2.52,,10,-,-20.6,,,46.13,420
TKO,194.42,-3.96,1032,28,43,31,E,B,E,126,5,1500,25.86,1.4,3,10/19/1999,12.8,107.18,29.43,62.32,1496
TOON,0.67,-4.29,13,,,,E,,B-,126,-46,560,-294.15,,16,-,-63.6,,,24.36,1343
TSQ,7.25,1.54,54,45,38,74,E,E,A,126,29,90,-1.92,11.7,42,7/24/2014,-1.2,180.28,105.56,233.33,70
TV,2.64,-1.49,72,12,40,27,E,D,E,126,-26,857,12.65,3.0,18,12/14/1993,0.1,119.57,-89.25,1662.44,1160
UONE,5.39,0.94,21,,,,E,,C+,126,-94,8,-15.81,,12,5/6/1999,-43.5,,,70.81,133
UONEK,4.84,4.99,32,,,,E,,E,126,-80,2,-15.81,,12,-,-43.5,,,70.81,12
VALU,39.01,-3.68,82,50,38,42,E,B,A,126,-65,1,-7.71,3.6,52,5/10/1983,78.5,,,-5.64,3
VIVHY,2.54,2.71,2,13,2,44,E,D,A,126,-64,13,2.68,7.7,13,-,-35.2,238.27,,,36
VSNT,37.95,4.37,776,6,11,30,E,D,E,126,-5,1904,-1.17,4.2,90,-,18.4,-34.34,-39.85,-23.39,2047
WBD,26.48,-1.23,2078,16,16,52,E,D,E,126,-27,14861,-0.96,,48,-,4.4,-554.04,-123.89,-550,20320
WLY,52.76,3.43,454,87,72,85,E,C,A+,126,8,522,1.21,3.0,65,-,12.8,15.38,-6.12,21.9,487
WLYB,52.58,4.27,6,86,70,84,E,C,A+,126,43,1,1.21,3.0,68,-,12.8,15.38,-6.12,21.9,0
AEI,1.34,-9.46,13,6,39,14,E,E,E,127,8,17,-8.19,,0,11/24/2020,-1094.2,,,86.21,17
AGNT,5.32,-6.50,299,10,26,8,E,D,B+,127,18,1509,5.3,3.6,32,-,-0.4,135.71,266.67,57.14,1322
AIRE,1.88,-4.81,7,,,,E,,D,127,-94,37,-9.14,,2,-,-389.3,52.17,62.5,50,133
ARL,21.22,-0.98,59,63,35,85,E,C,A+,127,-64,3,2.77,,15,-,42.4,,,-113.9,11
ASR,310.81,0.59,156,45,56,25,E,A,B-,127,-27,58,14.25,6.4,47,9/28/2000,40.2,11.3,38.72,-9.31,73
AXR,25.84,3.19,59,51,83,42,E,B,D,127,-82,2,93.79,,68,-,27.6,-10.97,-40.87,335.28,10
BEKE,15.09,0.27,339,18,35,24,E,C,C,127,-30,3399,-13.7,2.2,24,8/13/2020,5.0,-11.68,47.95,27.16,4978
CAAP,25.23,-0.20,75,59,84,53,E,A,E,127,2,226,28.95,,59,2/1/2018,15.4,27.43,55.28,27.03,225
CBRE,141.58,2.37,2574,56,94,31,E,B,C,127,-32,1628,18.15,,29,6/10/2004,3.9,20.99,24.52,87.21,2432
CIGI,98.51,2.25,521,22,55,13,E,B,C,127,-5,258,15.1,0.3,56,-,5.5,13.67,4.76,4.6,271
CKX,11.06,-0.82,19,,,,E,,A,127,1014,16,-50.99,,88,-,474.3,,,-52.81,10
CRBJY,41.48,-0.65,,,,,E,,E,127,-47,0,-4.56,4.0,82,-,18.2,,,9.82,0
CTO,21.57,0.42,250,69,41,71,E,B,A,127,20,473,14.97,7.0,53,-,7.0,70.39,411.76,17.02,397
CWK,13.99,1.08,520,31,18,46,E,C,B-,127,30,2516,64.59,,12,8/2/2018,1.1,321.29,24.32,-78.34,1980
FOR,30.80,-1.31,288,73,50,80,E,B,A,127,5,156,6.64,,74,-,13.2,-10.51,24.67,1.61,151
FPH,5.22,0.19,81,27,20,34,E,B,B,127,-54,83,3.22,,85,5/10/2017,193.1,,,-111.75,183
FRPH,25.31,0.62,179,34,10,50,E,C,A+,127,-46,42,2.79,,0,-,8.8,,,-140.17,71
FSV,145.74,1.87,1036,43,63,28,E,B,A,127,-51,116,5.3,0.9,21,-,4.8,6.68,-0.84,3.26,253
FTHM,1.04,-5.45,16,,,,E,,B,127,-80,425,-1.24,,31,7/31/2020,-4.8,81.11,71.73,11.97,2202
GBR,0.70,-1.96,5,,,,E,,D+,127,-84,16,2.63,,85,-,-29.7,,,30,102
HHH,74.21,2.32,383,36,20,49,E,C,A,127,-2,468,18.36,,65,11/5/2010,10.9,-107.39,,3.59,473
INTG,47.70,3.70,10,78,60,92,E,D,A+,127,111,127,21.09,,69,-,-10.9,,,147.38,62
IOR,18.44,,4,,,,E,,A+,127,-98,0,,,41,-,,,,2.12,2
IRS,15.81,2.33,39,62,83,45,E,B,B,127,-25,125,-2.59,,91,12/20/1994,45.1,,,6329.07,170
JFB,4.88,5.17,12,4,2,32,E,D,E,127,-97,737,114.47,,20,3/6/2025,-17.3,-9.96,59.92,-7603.32,455
JLL,327.46,2.86,1052,69,96,50,E,B,C-,127,-5,405,11.14,,50,7/17/1997,3.8,22.5,36.87,48.48,414
JOE,61.33,-0.15,398,49,76,46,E,A,E,127,-30,197,5.15,1.0,9,3/23/1990,30.2,,,-19.16,262
LGPS,0.76,-5.59,1,,,,E,,C,127,9,783,2.53,3.1,94,3/25/2025,2.3,,,38.41,1245
LHAI,1.76,-35.77,5,,,,E,,C,127,207,20126,-14.05,,37,7/24/2025,0.6,,,-250.34,7029
LPA,3.64,-5.45,35,35,45,36,E,B,A-,127,-74,69,21.61,,88,3/30/2021,51.4,111.44,226.93,29.27,514
LRE,1.34,-0.25,,,,,E,,C,127,-92,2,-20.64,3.4,97,9/27/2023,7.4,,,26.04,44
LRHC,1.03,-11.97,2,,,,E,,A+,127,-67,590,-57.31,,15,10/10/2023,-44.4,,,82.95,670
MAYS,39.00,,20,7,3,34,E,D,C-,127,-100,0,-5.64,,25,-,-0.9,,,-368.96,2
MDRR,11.52,-0.00,5,,,,E,,C,127,-80,1,-6.99,2.4,19,11/28/2018,-18.6,-14542.37,,,3
MLP,17.50,-1.07,118,45,51,45,E,C,A-,127,-67,6,-41.33,,17,-,-54.4,,,76.29,17
MMI,31.86,0.50,320,54,47,59,E,C,A,127,-55,113,18.24,1.6,59,10/31/2013,0.4,1000,108.93,27.27,251
NEN,57.00,,1,5,9,17,E,C,E,127,,0,16.78,2.7,29,-,6.8,,,-203.32,1
NLOP,11.16,-2.62,244,7,57,9,E,D,E,127,18,184,-68.24,,39,-,-120.8,,,2100.53,156
NMRK,15.72,1.62,416,60,94,38,E,B,C+,127,-28,1100,27.2,1.6,79,12/15/2017,6.1,19.32,21.94,57.14,1489
OMAB,111.73,-0.42,90,62,83,35,E,A,B-,127,-28,64,24.29,4.2,38,11/29/2006,47.8,32.7,30.3,11.57,87
OPAD,5.29,0.76,14,,,,E,,E,127,-82,60,-50.15,,27,-,-8.1,60.11,54.83,59.03,78
OPEN,4.90,-0.81,228,9,8,45,E,E,D,127,108,90050,-37.55,,8,-,-29.7,77.19,-72.29,-50,44252
OZ,45.40,-0.34,1,3,12,11,E,C,E,127,-25,6,143.53,,3,-,-436.2,,,-16.94,8
PAC,253.71,0.51,186,61,87,37,E,A,D+,127,-27,87,16.43,3.1,26,2/24/2006,34.1,18.37,13.16,31.19,114
REAX,2.17,9.60,116,18,36,8,E,C,A,127,122,9237,31.52,,34,-,-0.5,80,20,0,4182
RENX,2.00,2.56,4,,,,E,,E,127,-90,237,21694.17,,10,-,-194.1,93.09,96.6,78.64,353
RMAX,11.12,6.51,183,53,28,87,E,D,A,127,1,837,-5.69,,76,10/2/2013,6.7,-0.77,-5.83,-33.33,836
RMR,20.50,-0.19,199,39,12,81,E,D,B-,127,-50,84,-12.62,8.6,18,-,6.6,-42.48,-42.86,-60.71,170
SPHL,2.56,-3.03,,12,50,20,E,E,E,127,-99,11,8.79,,12,10/17/2024,-31.7,,,65.24,905
STRS,27.59,-4.07,133,34,66,46,E,D,E,127,303,210,-24.83,,71,-,27.0,,,350.45,56
SUHJY,14.46,0.56,5,30,56,43,E,B,E,127,70,183,31.21,3.0,62,-,26.1,5.33,,15.94,111
TCI,48.47,-0.06,74,38,23,60,E,C,B-,127,316,17,2.77,,6,-,43.8,,,-96.36,5
TRC,18.86,-0.26,189,28,30,47,E,C,D-,127,-20,81,15.76,,3,-,2.3,1000,133.33,120,99
UK,2.07,,,,,,E,,E,127,-99,277,-45.66,,22,-,-139.7,,,94.1,453
UOKAF,0.19,-47.59,,,,,E,,A-,127,-77,7,77.31,,5,1/8/2019,-46.1,,,-405.9,12
VTMX,34.59,0.41,42,66,80,55,E,A,D+,127,-50,57,26.57,2.2,44,6/30/2023,80.7,-16.56,2.17,-3.09,121
XHG,0.86,-5.90,,3,2,14,E,E,C,127,-58,15,,,14,11/5/2019,-204.9,,,,26
Z,33.43,1.24,1012,29,99,5,E,C,D,127,-5,4115,18.39,,32,-,1.0,39.31,11.22,1597.27,4428
ZDPY,0.47,3.29,,,,,E,,D+,127,-59,0,20.31,,7,-,-68.9,,,-69.92,8
ZG,33.42,2.36,346,29,99,5,E,C,D,127,10,1417,18.39,,35,7/20/2011,1.0,39.61,11.51,1597.27,1283
AAP,61.53,-2.36,516,71,80,72,E,D,A+,128,-31,1359,1.2,1.6,56,-,-1.1,29.49,15.62,450,1944
AZO,3159.28,-1.83,2501,20,58,19,E,C,D-,128,-56,182,8.44,,44,4/2/1991,16.6,4.5,11.9,7.66,413
BGSI,97.27,1.52,456,21,92,6,E,C,E,128,-38,24,28.05,0.5,11,-,0.9,41.01,103.33,480,55
DRVN,14.47,2.55,264,54,81,42,E,D,A,128,35,2174,-6.15,,78,1/15/2021,6.4,0.83,-26.74,11.11,1587
GPC,132.57,12.92,1690,51,42,59,E,C,A,128,207,5088,6.8,3.7,67,-,0.2,4.56,-1.44,1.14,1674
INEO,0.67,0.04,1,,,,E,,E,128,-32,59,-9.13,,33,10/23/2024,-1.8,,,77.07,115
LKQ,26.55,1.53,865,11,28,16,E,C,C-,128,-32,2744,0.17,4.4,89,10/3/2003,5.9,-1.35,-18.1,-15.19,3135
MNRO,17.21,0.35,288,15,18,39,E,D,C,128,-34,871,-7.17,6.5,0,7/29/1991,0.3,-26.19,-91.82,-77.78,1182
ORLY,90.25,-2.63,2826,43,82,28,E,C,C,128,88,12891,10.24,,22,4/22/1993,18.2,9.81,10.59,15.51,7152
PRTS,6.18,-2.06,18,16,54,25,E,E,C,128,-98,14,-10.46,,17,2/9/2007,-9.2,61.59,63.04,88.89,54
UCAR,1.18,,4,,,,E,,E,128,-100,79,-24.2,,0,4/20/2023,-187.0,,,-1776.78,1876
VVV,39.08,2.44,601,78,74,62,E,A,A,128,17,2814,24.95,,33,9/23/2016,17.1,10,5.69,20.59,2376
BJ,89.18,3.03,951,35,55,21,E,B,B-,129,-18,1916,9.86,,29,6/28/2018,3.6,2.72,2.1,-3.51,2242
COST,951.67,2.92,4052,38,69,33,E,B,E,129,15,2788,11.58,0.6,0,11/27/1985,3.9,12.78,11.76,15.19,2331
DDS,547.21,1.48,431,23,43,32,E,B,E,129,-6,111,1.39,0.2,71,-,10.6,10.67,-7.2,5.29,118
DG,118.17,2.58,2310,36,53,35,E,B,C,129,-7,3242,3.36,2.0,57,11/13/2009,4.6,7.39,7.14,12.36,3593
DLTR,124.05,2.39,2103,67,74,65,E,B,B,129,-23,3261,7.32,,36,3/6/1995,8.4,20.99,41.05,38.1,4041
FIVE,182.43,-0.12,808,50,96,36,E,A,E,129,-31,874,32.46,,21,7/19/2012,10.1,35.34,60.24,158.14,1286
KSS,18.19,-3.09,478,40,22,75,E,D,A-,129,-38,3211,-1.67,2.6,86,5/18/1992,2.2,-10.87,2.24,0,5428
M,23.25,-0.77,698,49,34,81,E,C,C-,129,-19,5173,1.8,3.0,93,-,3.8,-5.59,-15.46,-18.75,6354
MNSO,11.72,-3.78,89,29,87,6,E,A,E,129,-17,491,27.9,5.7,79,10/15/2020,12.8,152.89,441.25,1080.39,587
OLLI,74.21,-1.72,684,31,91,7,E,A,E,129,-4,1888,14.25,,43,7/16/2015,11.9,16.46,16.36,21.33,1968
PSMT,197.90,1.34,526,91,79,90,E,B,A+,129,5,287,9.65,0.7,14,-,3.9,12.97,15.78,11.72,274
TBBB,42.07,0.98,141,41,3,82,E,D,B,129,-12,610,49.67,,0,2/9/2024,-3.1,43.64,-57.17,-602.51,701
TGT,130.21,-0.06,2628,58,57,70,E,C,C+,129,-38,3272,6.7,3.3,64,-,4.5,10.85,10.25,31.54,5275
WMMVY,28.67,-1.65,14,23,65,20,E,B,E,129,3,109,18.18,2.8,50,-,6.8,21.79,12.86,16.59,111
WMT,111.84,2.78,4490,27,51,33,E,B,E,129,20,29526,7.33,0.9,7,-,4.1,9.97,9.3,8.2,22371
ABTC,0.56,-10.00,40,4,40,2,E,D,E,130,493,82537,3887.03,,76,-,-92.5,100.78,101.25,79.84,14265
AGPU,7.08,-1.94,7,34,61,59,E,E,B,130,-96,76,-67.99,,67,-,-185860.6,,,92.5,2111
AIBZ,7.24,7.26,,27,1,92,E,E,D,130,30,798,,,66,-,-66.5,,,,271
AIXC,1.10,-9.84,5,,,,E,,B-,130,-46,36,,,17,6/24/2015,,,,57.52,96
ANTA,5.39,3.65,2,3,20,5,E,C,E,130,82,5,52.42,,42,5/14/2025,33.6,-87.33,-103.71,42.86,3
AVAT,0.52,4.33,37,5,43,1,E,E,E,130,331,1539,,,58,-,,,,-14.59,443
AVX,5.46,5.61,6,26,75,5,E,D,A+,130,-81,20,629.06,,29,-,-1366.8,,,96.19,43
BGDE,7.45,-7.34,7,24,15,77,E,E,C,130,-7,163,-65.11,,44,-,-59.5,,,103.11,179
BGIN,1.97,7.65,1,2,1,11,E,E,E,130,-75,6,,,37,10/21/2025,-259.1,,,,24
BKKT,8.36,-0.71,131,4,15,28,E,D,E,130,-20,1436,-77.34,,81,-,-4.2,104.43,101.39,-136.28,1848
BLSH,25.57,1.35,254,3,33,4,E,E,E,130,14,1850,-99.88,,17,8/13/2025,-0.3,101.9,317.47,155.01,1614
BMNR,14.36,1.48,220,2,11,4,E,C,E,130,10,41135,627.62,0.1,3,-,7233.3,-156.5,155.32,-365.3,37596
BNBX,0.36,-1.80,9,,,,E,,E,130,-63,94,4.14,,19,-,-731.9,,,99.85,233
BNC,2.70,-2.88,22,3,1,7,E,D,C,130,-39,262,,,30,-,-118.1,,,,433
BNKK,1.45,-2.03,8,,,,E,,C,130,-75,104,10201.55,,26,-,-1735.2,,,103.85,423
BRR,1.66,9.60,31,2,2,4,E,E,C,130,2,1186,,,14,-,-34088.8,,,,1172
BTBT,1.65,-6.78,205,15,14,35,E,C,C,130,-4,25531,11.25,,39,3/20/2018,-76.6,-40,-160,-40.62,26530
BTCS,1.12,,36,3,13,5,E,C,E,130,-39,607,27.14,,33,-,-202.3,102,,-66.28,1003
BTCT,1.06,11.58,2,,,,E,,D,130,69,2323,362.49,,71,-,-64.5,26.49,,100.54,1811
BTDR,13.85,-10.30,229,33,22,72,E,C,C-,130,56,14496,169.41,,93,-,11.4,-51.78,57.3,-137.94,9643
BTGO,5.11,-0.39,36,2,10,13,E,E,E,130,-31,1050,,,86,1/22/2026,-0.1,-25.92,,,1534
BTMCQ,0.11,-20.19,16,10,40,1,E,D,D,130,-99,6,-15.2,,83,-,1.1,-129.63,-130,-19.37,540
CD,4.29,3.37,83,7,15,22,E,C,E,130,-13,219,117.56,,96,4/8/2015,-127.2,,,9.85,260
CIFR,20.04,-12.26,449,33,10,92,E,D,D,130,25,31109,-28.84,,31,-,-368.6,59.19,-92.45,-154.55,25397
CLSK,12.62,-7.34,441,24,7,68,E,C,D,130,-7,20548,-24.93,,60,-,52.7,-386.33,-141.67,-210.2,22274
COIN,165.48,3.92,2032,9,12,14,E,B,C-,130,1,9694,-30.54,,8,4/14/2021,21.2,-85.38,-99.99,-720.83,9331
CORZ,21.43,-9.62,441,32,29,85,E,E,D-,130,28,18570,44.92,,97,-,-90.3,-20.13,-52.71,-184.8,14687
CRCL,64.62,4.31,624,7,42,6,E,C,E,130,18,17750,19.97,,90,6/5/2025,-3.8,304.16,104.01,-30.07,15243
CSHR,3.96,4.49,7,2,27,2,E,E,E,130,-23,315,,,33,-,,217.8,58.22,-29.32,456
CYPH,0.67,3.40,11,18,39,58,E,E,E,130,-61,2142,,,6,-,,-828.57,92.5,-24.32,5306
DCX,1.00,-6.54,1,5,56,1,E,E,E,130,-93,35,-82.42,,14,-,-2409.8,,,55.87,520
DEFT,0.53,3.80,44,5,15,11,E,C,D,130,-62,1653,-75.08,,50,-,83.9,-87.25,45.78,-88.37,4309
DFDV,3.30,3.13,36,3,9,8,E,C,D-,130,60,1428,827.67,,20,7/25/2023,-648.0,15.13,-1457.13,-3494.14,906
DGNX,1.15,-10.16,2,3,8,1,E,D,C-,130,-72,1636,292.75,,54,1/22/2025,-255.5,,,-380.26,2390
DTCX,1.70,-1.73,13,2,14,4,E,E,E,130,-49,169,1443084.11,,0,-,-122.1,,,11.72,337
EMPD,3.97,7.01,25,11,41,14,E,E,A-,130,260,1019,-69.34,,6,10/6/2021,-15790.6,87.9,,87.56,284
EXOD,5.05,-2.88,32,3,13,4,E,C,E,130,98,133,-36.94,,64,-,-17.0,-130.26,-109.82,-138.15,68
FGNX,4.86,-3.38,17,9,63,7,E,E,E,130,-28,88,-341.6,,75,4/1/2014,,1.74,-132.79,85.36,122
FLD,0.48,-3.62,39,5,36,1,E,E,D,130,-94,174,-21.1,,49,-,-218.9,39.6,-153.57,69.27,2800
FRMM,6.02,8.08,28,26,49,56,E,E,B,130,-8,446,,,9,-,-6774.6,91.02,91.4,45.62,488
FUFU,1.39,6.11,9,2,11,4,E,D,E,130,48,392,-6.9,,77,-,-6.1,76.47,-98.21,-110,263
FWDI,4.81,2.34,25,4,6,21,E,E,C,130,82,2246,315.03,,21,-,-929.6,-14,103.82,-126.04,1270
GEMI,4.23,-7.64,64,4,19,11,E,E,C,130,-1,2061,800.59,,41,9/12/2025,-402.8,80.78,39.57,27.05,2143
GLXY,24.59,-4.91,346,29,37,60,E,D,D,130,26,8363,-20.56,,83,5/16/2025,-0.4,47.54,-101.78,43.02,6597
GREE,1.80,6.51,11,,,,E,,A+,130,37,336,8.51,,91,7/19/2000,8.2,,,28.03,254
HIVE,3.24,-6.36,59,26,7,78,E,C,D,130,4,30835,130.47,,70,-,-48.5,-30.62,-204.76,-3900,30043
HODO,2.45,-3.55,6,,,,E,,E,130,-66,104,-100,,56,3/6/2025,,-22.53,,19.14,105
HUT,97.14,-8.18,455,70,68,98,E,B,D,130,23,5622,225.54,,0,-,-127.5,-229.69,-131.29,71.57,4701
HYPD,3.11,-0.96,13,7,40,11,E,D,E,130,-34,428,1559.45,,13,1/25/2018,-5570.6,108.4,113.8,116.35,637
IREN,38.82,-10.39,520,19,7,64,E,B,E,130,29,60369,-2.23,,74,11/17/2021,18.9,-368.36,-278.45,-574.88,48000
LITS,0.95,-2.00,14,,,,E,,B-,130,-57,189,,,18,12/18/2003,,,,35.34,443
MARA,12.40,-7.25,417,27,10,61,E,C,C,130,19,50629,-18.36,,34,-,-150.8,28.23,-80.72,-125.52,42970
MSTR,100.77,7.90,1492,3,11,5,E,D,D,130,63,34758,11.88,,7,6/11/1998,-1157.9,180.17,-91.73,-131.96,21217
MTPLF,1.32,4.25,182,2,2,3,E,C,E,130,-40,677,171.5,,24,-,-1079.6,41.29,-80.99,-1572.86,1137
NAKA,3.86,-3.74,26,2,16,1,E,E,E,130,-19,402,362,,99,5/31/2024,-2867.7,12.21,95.68,-120.57,297
ORBS,0.71,0.13,43,8,70,5,E,E,E,130,-50,10252,-23.72,,27,-,-794.7,,,85.01,19959
ORIO,0.87,7.63,10,,,,E,,E,130,6,48,-0.85,,80,-,-13.0,76.62,-93.71,46.79,46
OWLS,5.69,,3,2,2,17,E,E,D,130,-7,31,,,79,-,-405.2,76.92,,,33
PURR,8.05,-1.95,35,23,1,89,E,E,D-,130,-16,11961,,,4,-,,,,,14679
RIOT,22.11,-7.72,516,40,11,92,E,C,D+,130,9,18818,3.61,,46,-,-102.5,1.92,-138.08,-60,17498
SAIH,11.52,-3.56,,,,,E,,A,130,-75,1,-70.54,,40,-,-142.7,,,38.91,2
SBET,5.31,2.71,122,4,25,7,E,D,D-,130,94,16324,1525.66,,67,5/21/1997,-2614.4,26.42,101.35,-77.09,8672
SDEV,1.36,30.77,14,,,,E,,E,130,15972,23241,,,92,10/26/2007,-280.9,,,133.3,453
SLAI,0.44,-5.29,,,,,E,,A,130,115,408,43.85,,57,11/22/2013,-149.9,,,17.07,203
SLMT,5.16,-5.67,11,3,7,3,E,D,D+,130,-95,27,256.05,,10,1/27/2023,-8439.9,,,-2640.7,114
SOS,1.06,3.92,2,,,,E,,E,130,-79,7,-62.15,,69,4/28/2017,-63.1,,,-86419.85,31
SRXH,0.09,-18.73,4,7,40,4,E,E,D+,130,96,0,-60.79,,53,-,-132.2,,,29.73,56751
STEX,0.97,-9.28,28,2,4,6,E,E,D,130,77,2831,,,12,-,,96.99,97.28,-90.05,1628
STKE,1.50,-6.25,8,10,3,39,E,D,B-,130,158,888,-696.94,,36,-,-307.7,-71.54,-192,-909.98,349
SUIG,1.24,-1.59,17,2,2,16,E,D,E,130,-13,344,79.89,,16,-,,80.46,-202.98,-1341.23,396
TAOX,3.66,1.39,12,,,,E,,E,130,-17,114,,,11,-,-9609.2,,,90.62,138
TONX,2.88,-1.03,24,25,59,39,E,C,D,130,33,616,302.53,,17,-,-1163.0,,,39.33,464
TRON,1.63,3.16,17,9,46,12,E,C,E,130,-36,565,8.72,,23,8/15/2023,-354.6,,,128.39,894
TWAV,1.43,4.38,6,,,,E,,C-,130,-93,90,13.67,,47,-,-260.7,,,106.64,1493
USBC,0.32,-2.14,4,14,76,9,E,E,D,130,-92,187,,,90,-,,,,97.6,2355
USDE,2.78,33.65,2,,,,E,,D,130,11913,50854,,,99,-,,,,,291
WULF,21.18,-10.18,482,31,3,95,E,D,D,130,22,33898,-1.18,,50,-,-390.1,13.28,-398.67,-531.25,28750
XXI,5.42,0.74,37,11,81,5,E,E,E,130,18,1547,,,25,8/13/2024,,,,102.5,1321
YDKG,0.87,3.37,2,,,,E,,B,130,-93,11,10158,,43,11/7/2007,-280.4,,,94.71,138
ZSQR,10.99,-8.57,9,30,61,31,E,E,B+,130,23,518,80.95,,63,-,-900.7,,,44.82,420
ZSTK,3.35,7.72,5,,,,E,,E,130,17,16,-38.28,,61,5/11/2021,-323.3,90.41,0,-135.9,13
ACAN,,-90.00,,,,,E,,D+,131,236,0,-100,,11,-,-98.4,,,-655.07,2
ADV,38.86,-12.10,138,35,26,74,E,E,B,131,-98,104,5.82,,37,-,-7.5,85.58,-106.36,-28.96,123
AGL,111.01,-0.65,176,61,41,98,E,D,A,131,-98,190,-7.33,,43,4/15/2021,-6.8,88.4,101.1,300.94,437
AIOS,13.66,-8.32,4,13,4,27,E,D,A+,131,-98,20,-52.72,,20,12/27/2016,-4412.9,,,-260.6,270
ANDG,36.36,-1.41,70,34,17,83,E,C,E,131,11,572,15.71,,38,12/17/2025,-15.2,-9.82,101.14,-86.08,302
BAH,62.45,4.07,957,20,78,8,E,B,E,131,66,3365,-6.42,3.8,71,11/17/2010,7.7,-3.55,1.01,10.56,2053
BMHL,6.09,-0.16,1,54,12,93,E,B,C,131,-97,0,-31.5,,5,7/11/2025,19.9,,,-241.55,9
BWMN,28.68,0.09,244,33,95,24,E,C,E,131,35,175,14.14,,57,5/7/2021,2.3,3.41,-14.18,100,131
CBZ,35.12,2.48,377,46,70,33,E,B,A,131,-40,503,1.26,,81,-,5.8,12.7,-25.08,9.17,849
CRAI,146.79,0.58,332,26,70,13,E,A,E,131,30,221,10.52,1.6,43,4/24/1998,10.2,4.46,14.14,-10.36,170
EGG,6.65,-1.63,,18,1,74,E,E,D,131,-57,37,,,0,6/18/2025,19.2,,,,87
EXPO,60.98,1.74,492,40,64,18,E,A,B,131,-12,508,10.46,2.0,24,8/17/1990,25.3,9.42,,13.46,587
FCN,153.59,2.81,615,27,58,20,E,B,D-,131,-36,351,9.47,,48,5/9/1996,9.8,4.83,6.1,-17.03,553
FOFO,2.93,-7.57,2,,,,E,,C,131,-89,35,-44.19,,0,9/12/2025,-413.9,,,-847.38,303
HCTI,1.89,-2.58,8,,,,E,,A+,131,-77,37,166.06,,14,10/13/2021,-68.2,89.5,90.21,99.81,234
HSTM,28.41,0.46,366,79,82,67,E,C,A+,131,-24,185,10.5,0.5,19,4/11/2000,7.6,20.33,-7.78,42.86,247
HURN,97.16,0.81,399,30,89,7,E,A,E,131,26,366,12.14,,62,10/13/2004,8.0,12.85,14.98,2.98,285
ICFI,74.99,3.51,412,28,42,33,E,C,B,131,39,577,-10.28,0.8,67,9/28/2006,6.0,3.72,-0.84,-22.68,386
III,4.11,-1.91,178,24,52,23,E,C,C+,131,-39,154,2.69,4.3,33,-,5.9,22.11,35,66.67,259
KBR,36.41,5.02,683,42,73,22,E,B,A,131,5,2030,-6.42,2.0,76,11/16/2006,7.9,1,-2.1,-2.04,1938
LICN,1.22,1.67,1,8,57,2,E,E,E,131,50,1167,-56.13,,17,2/6/2023,-88.9,,,95.6,801
MATH,0.92,-1.21,5,3,14,4,E,D,D-,131,-72,27,,,,10/20/2017,,,,-35.08,97
MMS,55.75,3.57,678,24,86,10,E,B,E,131,-9,793,-3.8,2.4,95,6/13/1997,8.2,14.61,2.08,2.99,806
REKR,0.68,-4.68,39,9,58,7,E,D,E,131,-69,1024,11.58,,26,-,-64.8,50,57.14,30,3334
RGP,4.62,2.90,187,25,40,43,E,E,B,131,-16,385,-16.62,6.9,46,12/15/2000,-35.6,98.15,96.52,93.28,459
RITR,0.42,-10.81,3,,,,E,,B,131,-69,176,-71.45,,23,8/23/2024,2.4,,,-204.79,825
ROMA,8.05,3.21,3,53,53,98,E,D,D,131,18,75,17.57,,3,1/9/2024,-227.6,,,73.04,64
SAIC,110.96,5.21,565,65,89,53,E,C,B-,131,-15,499,1.55,1.3,86,-,5.2,-5.39,-36.56,68.23,590
SBC,3.25,2.52,57,13,37,10,E,B,C,131,-59,62,-9.02,,90,-,47.3,-7.6,480,-47.62,150
SGSOY,11.71,1.47,2,64,78,52,E,A,B-,131,-45,45,3.8,1.6,29,-,13.8,16.62,,13.24,82
SHWZ,,,,,,,E,,A,131,-81,0,2.03,,31,-,-8.6,,,-33.33,14
STN,70.03,3.56,1331,30,90,9,E,B,E,131,15,415,11.2,1.0,52,3/30/1994,7.6,15.72,17.52,16.87,445
TROO,2.23,-13.76,2,20,10,75,E,C,E,131,-7,390,26.96,,9,-,-172.0,,,-119.97,416
VCIG,2.32,-2.11,,8,1,30,E,E,B,131,-93,219,,,,4/13/2023,27.6,,,,3304
VSEC,232.33,1.56,529,89,92,88,E,C,B,131,-1,521,26.77,0.2,10,-,6.2,10.84,-4.59,50,521
WAI,1.95,-1.52,,,,,E,,E,131,-99,254,94.08,,6,4/18/2023,-298.8,,,46.1,142
WFCF,15.63,6.18,12,57,79,75,E,C,E,131,-35,16,1.74,,14,-,8.9,,,128.49,25
ZTG,1.78,4.71,,,,,E,,D,131,-84,48,,,,9/9/2025,,,,,432
ADDYY,105.14,2.25,10,57,48,61,E,A,A+,132,-48,34,11.05,0.8,30,-,7.3,26.04,18.08,13.73,66
ANPDY,232.42,1.63,5,29,61,19,E,A,D,132,-47,1,13.21,3.5,78,-,25.2,,,-13.7,2
AS,35.05,2.76,489,39,64,40,E,B,D-,132,-26,3140,32.12,,15,2/1/2024,9.5,30.71,70.28,40.74,4326
BIRK,45.99,4.45,409,82,93,61,E,A,A-,132,-43,1507,12.2,,48,10/11/2023,22.4,4.53,18.83,-5.26,2669
BRIA,1.52,4.47,,,,,E,,A,132,-92,3,,9.0,,11/27/2024,5.6,-83.33,,,39
CFRUY,22.75,1.00,16,62,25,73,E,A,A,132,-36,308,19.33,0.8,20,-,19.4,18.13,,11.93,487
COLM,63.32,-0.58,482,37,27,62,E,C,C,132,-13,515,0.07,1.9,52,3/27/1998,6.8,4.23,-109.62,-13.33,571
CPRI,18.96,2.27,475,15,36,38,E,D,D+,132,-24,2604,-23.09,,82,12/15/2011,3.1,42.44,-20.19,104.49,3164
CRI,40.65,-1.19,427,41,18,74,E,C,B,132,-27,751,8.14,2.3,80,10/24/2003,3.9,-5.9,-62.72,-40.91,1028
CROX,125.28,0.89,667,76,54,88,E,C,A,132,-25,921,-1.69,,90,2/8/2006,1.8,9.24,2.11,-0.33,1223
CULP,3.43,11.00,52,,,,E,,B-,132,84,57,5.85,,12,8/31/1983,-4.1,81.48,35.29,-5.88,32
DECK,104.69,4.35,2257,57,84,41,E,A,C-,132,25,2815,9.55,,72,10/15/1993,24.3,6.65,-6.22,-4,2142
FIGS,9.99,-0.60,345,40,96,36,E,B,E,132,-1,3450,28.02,,10,5/27/2021,7.5,38.09,68.13,512.24,3447
GIII,33.50,-0.21,424,37,17,75,E,C,D+,132,-24,462,-8.16,1.2,70,12/13/1989,3.7,-14.81,-6.67,-210.53,578
GIL,51.50,-0.27,1224,27,59,24,E,A,E,132,12,1770,63.82,1.9,68,6/17/1998,13.0,22.34,13.15,-27.12,1598
GOOS,9.59,0.42,149,11,37,14,E,B,E,132,-25,462,18.84,,58,3/16/2017,3.5,28.45,-8.68,13.05,605
HESAY,188.15,3.64,21,44,77,18,E,A,B+,132,-54,50,4.12,0.9,12,-,42.3,-0.27,,8.28,109
JL,5.84,0.34,4,,,,E,,A+,132,-51,23,19.25,,2,1/24/2024,8.1,,,738.52,48
JRSH,4.45,-5.92,31,81,72,88,E,C,A+,132,-88,115,46.65,4.4,60,5/4/2018,2.9,42.59,216.67,1300,978
JXG,10.84,-5.66,,29,4,65,E,C,A+,132,-52,3,166.7,,10,-,-13.2,,,-288.42,6
KTB,85.00,1.42,567,85,69,75,E,A,A+,132,25,1053,-1.54,2.5,65,-,9.3,-6.9,-12.94,-11.67,855
LANV,1.37,-1.44,1,7,14,12,E,E,B+,132,59,17,-26.8,,0,-,-111.1,11.38,,-13.82,12
LEVI,24.41,-0.37,372,66,52,75,E,B,B,132,-9,2408,14.13,2.3,55,3/21/2019,10.1,12.37,10.85,10.53,2662
LVMUY,113.87,4.04,57,31,45,32,E,B,B-,132,-20,425,-3.59,1.9,38,-,20.6,2.98,,3.3,536
MAMK,13.00,,,,,,E,,E,132,,0,44.01,,27,7/7/2025,0.3,,,-120.9,436
MONRY,58.45,-0.04,,14,16,28,E,A,E,132,7,63,43.91,1.9,32,-,28.3,5.7,187.59,10.7,62
NCI,11.91,2.50,2,,,,E,,C-,132,-30,484,-50.84,,0,4/23/2024,1.3,,,-125.59,387
NKE,44.09,2.39,2903,15,50,10,E,C,C-,132,37,34261,-1.13,4.0,45,-,8.4,-16.54,-9.41,414.29,23892
ONON,36.83,3.57,588,52,95,30,E,B,C+,132,-30,4168,21.08,,18,9/15/2021,6.8,68.32,485.86,86.33,5895
OXM,34.88,-3.03,387,7,16,22,E,D,E,132,-28,314,-0.37,7.8,42,-,-2.6,16.75,3.3,-23.63,440
PASW,0.16,-4.65,2,,,,E,,C,132,-24,182,,,,7/18/2025,,,,,309
PMNT,0.13,,1,,,,E,,A+,132,-88,79,13.21,,29,2/8/2024,-30.2,-874.78,-1411.9,94.73,694
PUMSY,3.02,1.17,1,33,33,71,E,D,C+,132,-88,0,-6.62,,8,-,-7.2,67.25,59.07,330.92,16
PVH,75.23,-0.75,644,36,57,47,E,C,D+,132,-40,899,2.09,0.2,98,-,1.7,5.51,22.08,-12.61,1167
RCKY,40.26,-3.78,213,55,56,70,E,C,C+,132,-35,44,9.05,1.6,75,2/3/1993,5.6,12.58,-36.36,-67.12,67
RL,398.22,0.05,1515,81,92,74,E,A,D,132,-10,628,16.58,1.0,28,6/11/1997,14.5,21.36,12.57,23.35,713
SHOO,39.92,-3.99,526,37,22,68,E,B,D,132,-3,1130,17.82,1.9,25,12/10/1993,3.1,24.8,55.19,-25,1131
SHZHY,5.17,2.52,2,15,52,9,E,A,E,132,-84,1,2.95,5.1,92,-,21.5,,,-19.2,15
SMSGY,9.12,0.15,7,19,28,20,E,B,B+,132,-36,6,4.38,4.8,95,-,11.9,,,-33.06,31
TPR,144.21,0.15,2265,68,97,62,E,A,E,132,5,2706,21.2,1.1,40,10/5/2000,3.1,36.76,20.33,61.17,2692
UA,6.48,1.41,276,42,43,69,E,E,B,132,-16,2544,-0.8,,8,-,-4.0,-9.28,-13.85,62.5,3388
UAA,6.63,0.76,345,42,43,69,E,E,B+,132,-6,7691,-0.8,,5,12/18/2005,-4.0,-9.28,-13.85,62.5,8933
UFI,4.82,0.42,71,55,51,72,E,D,A,132,-31,40,-11.27,,15,-,-3.3,50.19,89.29,73.68,57
VFC,16.30,-3.15,572,13,23,42,E,D,E,132,-16,6840,1.04,2.1,50,-,3.5,28.68,8.15,103.77,7846
VNCE,6.74,0.15,32,77,74,98,E,C,B-,132,-60,111,10.53,,88,11/22/2013,2.5,34.09,-30.26,70.31,280
VRA,3.91,0.77,76,45,51,89,E,E,D-,132,-66,136,7.84,,38,10/21/2010,-12.0,52.54,-300,75,414
VSXY,76.71,-1.29,551,78,67,96,E,B,B-,132,7,2377,15.27,,35,-,3.2,53.15,127.14,566.67,2427
WEYS,39.49,-1.00,156,67,42,75,E,C,A+,132,-43,11,-0.04,2.9,62,-,11.6,,,12.23,19
WWW,16.53,2.54,417,15,43,24,E,B,E,132,-24,860,10.99,2.3,85,-,6.5,15.8,8.2,38.89,1150
ZGN,13.17,1.39,140,71,80,85,E,B,D+,132,6,1241,5.41,1.0,22,-,7.3,7.01,,17.64,1158
AIIO,4.17,-5.44,2,11,9,39,E,E,B+,133,-95,1741,-98.24,,0,-,-17638.6,,,-2197.49,16382
BYDDF,10.20,2.72,1805,14,48,10,E,B,D-,133,-28,179,-15.53,,19,-,4.9,25.07,-13.14,-45.3,266
CENN,3.66,-2.66,10,,,,E,,A,133,-88,12,-43.44,,8,-,-381.3,,,75.3,19
EVTV,1.67,-6.18,6,,,,E,,C,133,-66,214,280.76,,11,-,-658.8,,,95.26,594
F,13.36,-2.05,2094,36,54,60,E,C,D-,133,-25,49010,6.38,4.2,69,-,-6.3,53.02,-6.26,371.43,64602
FFAI,0.24,-2.46,74,9,67,7,E,E,E,133,-57,13189,70.67,,3,-,-74070.7,74.2,63.16,60.06,30899
FLYE,2.20,-3.51,7,,,,E,,C+,133,-81,7,-53.34,,32,6/6/2024,-19.5,,,57.67,117
FUJHY,7.75,4.52,2,15,32,19,E,C,B-,133,13,335,-8.51,3.2,31,-,2.2,104.03,32.55,-99.38,306
GGR,3.96,-0.50,3,25,60,36,E,E,B+,133,-55,7,-1.11,,34,-,-28.4,,,58.33,16
GM,76.00,0.64,2732,48,89,52,E,C,E,133,-25,6019,-0.9,0.8,88,11/18/2010,1.7,22.01,25.55,33.09,8133
GP,1.53,-4.38,3,,,,E,,A,133,-50,343,17.68,,18,-,-96.8,,,177.65,664
HMC,28.02,2.79,88,20,5,41,E,D,A-,133,72,3396,-5.16,4.0,68,-,-1.1,181.38,47.22,-322.94,1983
KNDI,0.72,-4.39,8,10,23,12,E,D,A-,133,-84,149,-53.64,,45,-,-104.8,,,-27.55,921
LCID,6.08,-8.30,304,7,14,3,E,D,A,133,-16,14368,20.17,,13,-,-199.5,11.84,-0.01,-17.5,17425
LI,12.02,-1.72,103,2,6,5,E,C,E,133,-3,4210,-6.32,,55,7/30/2020,1.1,-84.47,-150.52,-331.17,4363
LOBO,0.64,-1.44,,,,,E,,E,133,-99,39,22.86,,37,3/21/2024,-23.2,,,-246.25,6444
LOT,1.17,-2.50,7,13,67,19,E,E,E,133,-34,80,-39.95,,29,-,-86.7,3.93,35.71,78.79,121
LVWR,1.05,-5.41,65,3,35,3,E,E,E,133,26,208,86.47,,16,-,-291.9,,,12.53,215
MBGAF,51.50,2.94,2382,5,17,14,E,D,E,133,7,30,-2.24,7.3,62,-,3.9,4.48,41.04,-11.99,29
MCRP,1.63,-7.91,2,2,8,22,E,E,E,133,-72,121,,,5,3/7/2025,-17143.9,-76.25,,-45.94,584
NIO,4.79,-3.62,202,13,52,26,E,D,E,133,1,35514,124.15,,58,9/12/2018,-16.9,93.59,83.22,92.98,35343
NSANY,3.87,1.04,,7,48,14,E,D,E,133,41,290,-10.54,,50,-,-3.7,104.89,65.67,57.17,206
POAHY,3.14,2.61,,9,44,13,E,C,E,133,18,469,85.11,2.9,94,-,88.7,,,123.37,397
PSNY,20.44,0.54,60,23,19,48,E,D,A+,133,5,136,4.11,,24,-,-75.6,73.61,23.37,22.24,135
RACE,384.97,2.75,2653,67,82,40,E,A,A+,133,-2,624,6.48,1.2,6,10/21/2015,28.7,3.65,4.55,4.55,641
RIVN,18.63,8.44,1203,38,17,70,E,D,A,133,157,78267,11.37,,26,11/10/2021,-67.2,-1.33,16.82,-32.39,30757
SEV,2.15,-5.70,10,4,30,9,E,E,C,133,14,260,,,19,-,,44.4,31.97,19.4,231
SKY,85.25,0.44,544,52,40,61,E,B,B,133,-15,683,4.62,,25,-,10.2,-7.17,-26.66,4.62,800
SSM,4.38,0.69,2,,,,E,,B,133,-87,6,-100,,81,11/17/2021,2694.6,,,-1019.86,55
STLA,5.81,,1569,3,30,8,E,D,E,133,11,20118,4.55,,39,-,-16.5,263.7,129.3,137.54,18417
SZKMY,51.22,3.75,5,58,88,38,E,B,A-,133,-42,42,7.93,1.8,56,-,11.5,-7.27,23.06,16.04,83
THO,76.50,1.85,503,12,52,16,E,D,E,133,-28,561,-3.91,2.6,44,1/10/1984,3.1,-27.02,-60.94,-26.48,778
TM,174.59,2.91,105,13,38,18,E,B,E,133,-3,502,-2.54,3.1,50,-,9.1,-1.05,2.43,-32.21,529
TSLA,393.45,-7.49,5060,33,32,41,E,C,B,133,42,73916,15.78,,0,6/29/2010,5.6,15.4,17.14,51.85,51563
TYIDY,127.95,6.26,3,32,44,42,E,C,B+,133,1783,0,0.66,,12,-,6.3,7.4,121.81,4.88,7
VFS,3.07,-0.65,15,3,10,17,E,D,E,133,-38,425,40.23,,21,-,-110.0,7.03,5,-60,679
VWAGY,8.52,2.28,3,3,13,12,E,C,E,133,67,470,0.66,5.3,75,-,2.6,43.1,41.1,-36.01,284
VWAPY,8.33,4.78,1,4,15,11,E,C,E,133,57,210,0.66,4.3,81,-,2.6,44.32,41.1,-36.01,135
WGO,31.16,0.32,408,15,38,24,E,D,C,133,-7,711,-9.86,4.5,38,-,1.1,13.02,-20.38,-18.52,757
XPEV,13.08,-3.82,139,5,22,8,E,C,D-,133,61,11666,-19.24,,66,8/27/2020,-1.5,20.57,28.57,-229.11,7436
ANGX,3.54,,25,6,4,21,E,E,A+,134,-2,1277,,,6,-,-53.0,61.9,-20.7,-232.1,1316
BLMZF,0.00,,,,,,E,,A,134,-94,0,-32.85,,0,7/24/2024,-100.5,,,-828.39,10
CNVS,2.95,3.15,30,25,24,56,E,D,B,134,-65,117,66.75,,33,11/10/2003,-17.5,75.51,35.71,25,335
CURI,2.91,0.69,141,8,8,14,E,C,B,134,-2,478,0.47,13.3,11,-,-8.9,175,275,-300,495
DLPN,1.12,-0.89,7,,,,E,,D,134,-8,24,5.21,,89,-,-5.3,62.96,46.15,-4.76,29
FUBO,10.20,1.19,217,21,42,19,E,C,B+,134,-72,946,278.06,,56,-,-10.9,150.22,-13.89,-101.06,1507
GAIA,2.08,0.97,105,3,23,5,E,D,E,134,-7,153,1.98,,50,10/29/1999,-5.2,-76.39,-82.14,-25,166
IMAX,39.88,-1.29,375,63,97,58,E,B,E,134,-46,636,-6.1,,60,6/10/1994,15.4,16.77,28.08,30.77,1152
IQ,1.01,-4.72,202,2,22,5,E,D,E,134,-31,5170,-8.08,,61,3/29/2018,-0.2,-116.19,-714.63,-182.15,7658
KWM,0.15,2.18,3,,,,E,,C,134,-54,477,,,,-,-266.0,,,-860.65,1372
LION,14.66,-2.46,351,47,39,95,E,E,C-,134,-14,3240,-15.26,,28,-,-6.0,450.16,104.05,76.19,3982
MCS,23.20,,209,64,39,87,E,C,A,134,-2,193,3.79,1.3,40,-,1.1,26.22,33.7,5.56,214
MITQ,0.58,2.76,7,,,,E,,E,134,-92,12,-4.87,,17,7/8/2021,-5.2,,,49.34,170
NFLX,77.65,4.66,5219,37,98,10,E,A,E,134,36,55542,16.19,,80,5/23/2002,28.1,40.83,9.61,86.08,40168
RDI,1.26,-3.44,22,,,,E,,A-,134,-24,20,12.34,,39,-,-6.8,69.11,152.47,-71.43,27
RDIB,8.76,,15,,,,E,,B-,134,-97,0,12.34,,39,-,-6.8,69.11,152.47,-71.43,2
ROKU,142.43,1.37,884,80,82,90,E,B,C-,134,-13,6747,22.36,,0,9/28/2017,2.0,318.63,761.12,400,4731
RSVR,10.20,-1.07,147,31,31,67,E,C,D,134,-52,34,14.68,,20,-,6.3,-3.85,0,75,71
STRZ,28.99,-4.04,204,35,2,97,E,E,C,134,-2,160,-7.17,,22,-,-16.4,-9.03,-114.58,,160
BNZI,2.98,,4,,,,E,,B,135,-92,100,-20.21,,7,-,-184.4,87.78,96.42,61.03,405
CMPR,97.62,-6.06,344,65,51,89,E,D,A-,135,55,325,12.25,,8,9/30/2005,2.9,575.86,219.12,266.67,216
CSGP,30.00,2.18,1922,12,65,3,E,C,E,135,-37,4736,22.51,,15,7/1/1998,0.9,56.15,67.88,70.49,7815
FDS,250.09,1.85,1199,54,68,37,E,A,A+,135,37,1269,6.39,2.0,62,6/27/1996,31.1,4.65,7.12,6.09,940
FORR,9.45,2.83,151,38,21,72,E,E,A+,135,-12,103,-4.92,,85,11/26/1996,-30.1,-34.05,-48.04,-136.36,118
HWH,1.34,-6.29,4,,,,E,,E,135,-94,34,-78.25,,0,-,-301.1,,,2.81,795
IT,136.32,1.91,1731,22,65,6,E,A,D+,135,-35,996,-1.51,,69,10/5/1993,14.9,4.11,6.43,11.41,1672
NIQ,9.88,2.70,188,17,68,10,E,D,C,135,-23,1112,11.06,,23,7/23/2025,-5.0,324.14,4349.46,198.79,1458
NRC,22.40,0.27,192,56,13,82,E,B,A+,135,-50,68,3.73,3.1,0,-,13.0,-34.36,-1688.79,-44.05,135
RELX,31.93,1.75,109,42,82,14,E,A,B+,135,57,4145,4.95,2.9,46,-,28.2,7.15,,18.2,2641
RSSS,2.31,-4.15,49,23,39,19,E,B,B+,135,-38,48,-4.26,,54,-,2.8,225,-47.62,18.87,78
SCOR,7.05,-3.29,25,31,78,47,E,D,E,135,-85,5,-0.45,,92,6/27/2007,-2.3,-91.2,105.74,77.44,34
TRI,89.21,5.06,1503,40,78,11,E,A,A+,135,-94,1905,9.84,3.1,38,-,25.9,10.86,9.12,8.13,2031
VRSK,188.35,2.52,2436,44,72,19,E,A,A+,135,-20,1980,3.93,1.1,31,10/7/2009,38.1,7.06,2.86,5.2,2531
WTKWY,65.92,1.28,5,48,95,8,E,A,A+,135,125,181,9.45,3.7,77,-,26.9,3.28,,45.65,80
AVNT,37.31,1.33,543,52,70,50,E,C,A-,136,-12,714,2.52,2.9,50,4/29/1993,3.4,9.14,11.47,9.21,825
BAK,2.45,4.26,25,6,45,11,E,E,E,136,-40,1511,-11.45,,22,-,-4.0,109.87,1219.5,107.43,2539
CMT,23.45,-0.68,157,46,91,54,E,D,E,136,0,31,-4.66,,25,9/16/1988,5.4,-29.61,-60.38,27.59,31
DOW,27.71,2.55,1572,4,3,30,E,E,E,136,-6,11722,-6.11,4.8,44,-,-6.3,423.67,392.94,-800,12433
LOOP,0.90,-5.81,10,5,30,9,E,D,E,136,-11,62,-98.37,,0,-,-2392.8,25,28.57,-139.94,74
LYB,53.36,1.48,1689,8,33,26,E,D,D-,136,-13,4595,-6.25,5.0,0,-,-2.4,438.77,436.89,48.48,5507
PCT,7.61,-4.99,204,10,24,42,E,E,D-,136,-37,3626,161.2,,11,-,-2173.5,18.77,64.2,-520,5807
TG,7.74,-0.39,193,42,74,30,E,C,B,136,-51,100,13.2,,75,-,4.2,,,675.41,195
TSEOQ,0.00,-84.00,57,,,,E,,A-,136,146,0,-7.66,,33,6/12/2014,-16.9,19.03,,-50.36,16
ACN,137.35,4.74,4260,18,65,5,E,A,E,137,17,13838,5.59,5.1,57,7/19/2001,14.7,7.19,5.04,8.88,8176
AERT,7.34,-0.41,5,,,,E,,A,137,-89,20,4.27,,22,-,7.8,,,93.27,44
AGYS,110.81,1.76,430,82,91,63,E,A,A+,137,-22,317,11.68,,6,1/7/1971,15.2,78.65,21.97,16.67,411
AIB,1.89,-6.90,8,9,6,61,E,E,E,137,-10,994,-44.76,,3,-,-1417.6,99.26,102.23,-57.76,1142
AIFF,1.29,,11,,,,E,,D,137,-81,85,1027.91,,9,-,-1740.5,,,86.94,454
ALP,0.25,-4.10,5,,,,E,,B,137,-92,2320,,,88,-,,70.1,,-98.47,26500
AMADY,58.57,1.39,3,44,88,21,E,A,C,137,36,206,7.64,2.0,31,-,26.4,4.65,4.95,13.66,155
AMTM,21.24,5.15,532,6,35,14,E,C,E,137,28,2431,-0.37,,61,-,0.8,8.84,8.24,13.21,2091
APLD,33.06,-6.93,447,26,9,91,E,D,E,137,12,24641,139.29,,27,-,-109.7,-1075.93,-711.11,-350,22784
ARBB,4.60,-3.56,1,,,,E,,E,137,-94,3,92.24,,31,4/5/2023,-36.5,41.27,,42.15,49
ATGL,11.27,-1.62,1,2,3,5,E,E,E,137,-87,1,-31.47,,6,10/31/2023,-966.4,,,-11069.93,4
AZ,6.26,-0.32,13,7,21,22,E,D,D,137,-17,383,68.03,,10,-,-456.4,39.58,43.55,5.26,448
BMR,1.43,-4.03,3,,,,E,,D,137,-61,40,-1.79,,14,2/28/2023,-194.1,4.58,,-104.11,103
BZAI,1.34,,99,7,55,6,E,E,D,137,-60,3168,168.12,,29,-,-535.0,69.95,39.29,88.14,7895
CACI,502.83,7.70,896,43,90,26,E,B,D-,137,11,350,8.49,,24,-,7.0,6.64,-12.88,16.69,315
CDW,133.37,-3.64,1933,41,55,33,E,B,A,137,-51,1161,9.25,1.9,43,6/27/2013,6.4,7.19,7.59,6.05,2222
CGEMY,20.89,1.73,7,25,80,12,E,B,D,137,5,361,9.35,2.4,72,-,9.7,-4.57,,16.86,345
CHOW,0.38,-2.66,2,,,,E,,E,137,-98,12281,-12.74,,23,9/16/2025,-9.4,,,-873.78,6771
CHRN,16.49,-6.52,13,43,34,98,E,E,C,137,102,670,-36.56,,13,-,-91.4,97.91,94.95,-5.28,341
CINT,3.51,-10.00,16,36,96,8,E,A,D-,137,205,548,23.18,,67,11/10/2021,11.5,3.35,13.62,60,180
CNXN,72.43,-1.90,368,73,75,71,E,C,A-,137,20,151,2.97,1.0,20,3/3/1998,4.0,14.1,7.22,28.33,126
CSPI,8.23,0.73,116,10,47,15,E,D,E,137,-30,26,21.79,1.5,46,1/29/1982,-2.8,,,327.12,40
CTM,0.69,-4.73,12,,,,E,,C,137,-80,1105,22.53,,30,-,-4.1,163.23,341.98,125.63,5327
CTSH,41.99,2.24,2806,19,72,5,E,B,E,137,-10,9507,5.83,3.3,74,6/24/1998,16.5,8.16,5.02,13.82,10732
CYN,1.33,0.76,10,,,,E,,C-,137,13,304,2117.79,,1,10/20/2021,-10717.7,76.79,88.89,91.06,274
DAVA,3.01,-4.44,51,4,12,3,E,D,B-,137,-26,312,-7.8,,89,7/27/2018,3.1,-58.92,-56.59,-85.2,425
DAVE,387.36,1.10,413,95,80,94,E,A,A+,137,-8,549,46.67,,15,-,30.3,17.72,452.23,104.06,604
DBD,83.16,-0.20,429,59,76,73,E,C,D,137,-14,297,5.6,,39,-,3.3,-1.79,17.38,81.08,331
DOX,51.75,1.11,833,15,69,7,E,B,E,137,3,1420,3.88,4.4,81,6/22/1998,15.3,5.98,7.09,0,1368
DXC,9.91,3.88,536,15,43,9,E,D,B,137,-12,5674,-1.23,,93,-,2.5,-20.51,-39.15,-8.33,5892
EFOR,17.66,0.57,494,4,26,2,E,D,D,137,-24,1133,0,,87,9/22/1992,4.1,-20.53,-29.77,-25,1494
EPAM,88.27,3.55,1096,19,72,4,E,B,D-,137,18,2158,7.56,,78,2/8/2012,9.3,13.53,13.52,18.67,2062
FJTSY,20.68,2.12,8,27,79,25,E,C,E,137,-49,191,-6.05,1.0,44,-,10.2,-30.59,-83.96,-4.93,428
FORTY,106.80,,14,26,97,15,E,C,E,137,-96,0,-1.93,1.7,94,-,5.6,,,83.38,0
FTCI,5.00,0.40,21,15,36,43,E,D,D-,137,-49,75,-17.01,,19,4/28/2021,-79.3,115.64,62.29,585.18,151
FTFT,0.61,-7.72,,,,,E,,C,137,107,410,-61.55,,73,-,-808.0,,,99.54,203
FUSE,1.04,-1.89,10,5,49,7,E,E,E,137,-80,26,,,98,-,-12.0,,,35.02,133
GCT,33.21,0.27,393,44,95,30,E,A,E,137,-12,669,32.21,,70,8/18/2022,12.5,14.28,-2.2,52.94,766
GDYN,6.09,-2.40,310,17,33,19,E,C,B,137,-21,2003,3.67,,30,-,3.8,12.08,5,-18.18,2566
GIB,66.48,1.54,1478,29,74,12,E,B,C-,137,7,648,4.32,0.7,52,-,14.1,10.8,9.69,8.13,537
GLE,0.43,-7.37,1,,,,E,,E,137,-99,1272,-63.43,,21,9/20/2024,-28.7,,,-334.94,8934
GLOB,32.51,3.57,412,14,58,4,E,C,C-,137,9,2141,-0.65,,83,7/18/2014,5.7,1.44,-1.83,0,2008
GMM,2.32,3.11,,5,12,1,E,B,E,137,-99,65,36.24,,46,10/10/2023,-33.3,,,-118.42,1794
GRRR,18.51,-8.14,25,32,5,75,E,D,A,137,0,1506,43.57,,0,4/9/2021,-10.8,-591.7,141.38,-224.14,1475
GTLB,32.07,1.71,423,34,35,47,E,C,A,137,-57,2763,23.15,,11,10/14/2021,-5.0,-15.36,-25.15,35.29,6319
HCKT,10.84,-1.54,234,17,40,6,E,C,A,137,-44,221,-11,4.3,80,5/28/1998,7.1,-3.23,-11.4,-17.07,397
HPE,41.23,-6.19,2318,76,87,95,E,B,C,137,-29,18976,40,1.3,28,-,-0.8,75.97,108.96,107.89,27652
IBEX,32.13,1.68,254,65,93,43,E,A,B,137,-35,79,16.82,,63,8/6/2020,8.2,28,-2.87,10.98,120
IBM,289.52,1.14,3710,75,84,54,E,A,A-,137,-39,5947,9.46,2.5,17,-,15.3,7.27,7.54,19.37,9756
IMTE,0.50,9.68,1,,,,E,,E,137,2514,1662,25.46,,99,-,-374.9,,,63.94,71
INFY,11.16,4.79,605,16,60,8,E,A,E,137,10,20505,5.14,4.1,37,3/11/1999,22.4,1.98,6.81,15.91,19808
INGM,25.65,-5.63,197,46,67,64,E,C,D-,137,9,1711,13.7,1.2,69,10/24/2024,1.0,13.04,20.75,22.95,1617
INOD,68.88,-4.64,283,47,36,84,E,A,E,137,-25,1611,54.42,,7,8/10/1993,16.5,17.34,6.5,90.91,2171
ISMAY,29.05,5.52,,17,1,63,E,B,E,137,-33,5,27.36,0.4,71,-,10.8,,,43.05,8
KEEL,4.59,-14.68,160,35,6,97,E,D,C-,137,4,49897,-44.66,,11,-,-90.9,7.11,-26,-200,48757
LDOS,108.84,5.60,1650,25,88,6,E,B,E,137,47,2315,3.65,1.7,65,10/13/2006,11.1,2.8,-9.85,5.39,1578
LGCL,1.65,-10.81,1,15,58,20,E,D,E,137,751,19489,44.22,,98,3/5/2024,1.2,,,39.69,2570
MASK,1.94,-3.96,,,,,E,,E,137,-100,166,19.06,,33,1/8/2025,39.5,,,-445.53,7103
MI,9.40,,2,,,,E,,E,137,184,20,18.24,,16,-,-185.6,,,-831.34,5
MLGO,4.08,-3.09,4,4,8,29,E,C,E,137,-95,29,-2.33,,96,-,32.0,,,-79.42,547
NABL,4.11,4.85,342,22,46,7,E,C,A+,137,-21,1526,13.11,,56,-,0.5,6.41,-10.61,12.5,1946
NATL,44.57,1.09,409,56,86,58,E,C,D,137,-37,472,6.43,,50,-,4.3,1.57,4.84,1.56,830
NRILY,30.05,4.89,4,24,21,28,E,B,A,137,-47,26,4.95,1.3,2,-,7.1,,,-399.14,52
NSIT,113.34,-5.40,548,68,83,73,E,D,A,137,10,623,1.16,,54,1/24/1995,2.7,15.76,19.24,39.81,576
NVNI,0.99,,,,,,E,,D,137,-96,32,2.29,,22,-,-49.0,83.51,,44.95,620
NXTT,1.30,-2.26,5,4,27,2,E,C,E,137,17,156,445.92,,4,-,1718.1,,,-104.35,130
ONFO,0.38,8.34,5,,,,E,,D,137,15,455,-33.61,,26,8/26/2022,-23.8,,,-94.6,405
ORKT,0.96,-7.40,,,,,E,,D,137,-13,766,65.41,,24,7/25/2024,-76.6,-29.18,,87.19,223
PAR,19.05,3.76,314,42,83,33,E,C,A+,137,29,1728,19.37,,4,-,-17.9,314.68,306.49,1100,1374
PHUN,2.04,-3.32,12,,,,E,,A+,137,-32,89,-21.22,,12,-,-447.3,0,12.5,11.11,133
PLUS,80.82,-1.86,449,39,59,45,E,B,E,137,-43,138,15.67,1.4,33,11/14/1996,7.1,1.02,-5.95,-9.91,243
PRCH,15.19,-4.94,270,42,9,82,E,D,A,137,63,3435,29.44,,37,-,5.5,-38.1,-185.71,-150,2134
QUBT,9.05,-4.03,241,18,34,37,E,C,D,137,-46,12099,9364.1,,8,-,-2738.1,-47.27,85.38,-118.18,22415
RAMP,37.73,0.13,489,90,97,82,E,B,A+,137,-61,690,9.2,,26,12/14/1983,12.1,30.84,31.82,73.33,1769
RCMT,28.50,-1.49,137,80,70,79,E,A,A-,137,-59,33,-1.7,,48,-,6.9,9,-10.14,-17.68,79
RGTI,17.94,-3.96,386,27,61,55,E,E,D,137,-43,25314,198.91,,7,-,-3050.4,-18.77,11.06,47.3,43408
RMNI,4.54,0.89,146,36,11,72,E,D,A,137,-31,352,1.22,,13,-,13.2,59.37,2576.31,-54.87,497
RUM,6.16,-1.91,177,15,26,43,E,D,D,137,-13,3205,7.39,,17,-,-81.3,12.5,25,-1100,3745
SAGT,1.00,-12.28,1,,,,E,,C,137,-90,451,-3.18,,76,3/7/2025,12.5,,,-101.27,4322
SHAZ,67.91,-14.16,7,19,9,84,E,E,D,137,198,2602,,,81,-,-2555.2,-34.88,-74.71,-52.21,900
SNX,244.64,-6.39,1011,78,94,92,E,B,D,137,19,989,30.97,0.7,35,11/25/2003,1.7,43.85,29.23,62.21,831
SOBR,0.72,-1.27,4,,,,E,,C,137,-100,17,-8.79,,2,-,-2046.3,,,37.15,8373
SOUN,6.55,-1.95,262,5,17,16,E,C,E,137,-36,18376,51.72,,97,4/28/2022,-5.5,-1305.56,35.09,-119.35,29075
SPPL,3.48,-6.70,1,,,,E,,C,137,-92,142,5.46,,18,9/13/2023,-70.8,,,2.1,1734
TASK,5.03,,125,19,67,4,E,A,D-,137,-46,342,10.25,,91,6/11/2021,11.6,-18.23,-33.55,-7.89,631
TDTH,1.57,-3.09,3,,,,E,,A+,137,-97,27,47.18,,0,9/10/2024,-14198.2,,,-2677.04,149
TSSI,11.21,-4.84,114,15,27,25,E,A,D,137,-47,799,-44.07,,19,-,3.1,-52.95,4.29,-30.44,1526
UIS,3.75,1.63,199,33,26,73,E,E,B,137,-45,529,1.27,,85,-,-14.0,-10.32,-121.76,-180,973
ULS,96.99,-0.70,585,76,88,76,E,A,D,137,8,962,7.52,0.6,9,4/12/2024,15.4,15.78,7.91,35.14,916
VYX,8.70,2.35,389,34,52,42,E,D,A,137,-5,2506,-1.78,,59,-,-1.1,0.56,-19.3,11.11,2506
WIT,1.89,1.07,147,18,47,11,E,B,D,137,12,14191,-1.05,4.8,41,10/19/2000,18.7,5.19,-5.3,-10.56,12900
WYY,15.92,-2.33,33,53,17,99,E,C,A,137,-9,297,18.58,,39,-,-1.8,116.67,138.89,112.5,334
ASTS,85.13,-1.13,835,24,16,73,E,D,D-,138,-33,15994,1952.23,,18,-,-644.6,-74.75,22.56,-156.35,23923
ATEX,105.14,-2.83,209,85,46,99,E,A,A+,138,34,612,40.96,,13,-,1472.2,-77.43,-97.78,100,458
BKSY,27.88,-2.99,221,24,28,81,E,D,E,138,-43,1287,-29.68,,43,-,-65.8,28.96,70.33,-95.24,2299
CABO,48.91,-8.17,305,18,80,2,E,D,C,138,-20,196,-7.26,,46,-,-20.4,136.88,106.74,1230.43,248
CHTR,137.20,-1.89,1930,17,65,4,E,B,D,138,-19,3124,-1,,93,11/30/2009,13.6,13.37,9.88,8.91,3924
CMCSA,23.79,0.25,3470,13,46,13,E,B,E,138,7,43735,5.25,5.7,87,-,20.8,-18.8,-17.44,-22.64,37137
FCUV,3.52,-13.94,8,,,,E,,B,138,-98,103,-74.78,,0,-,-1877.4,,,12.37,2327
GLIBA,22.81,3.12,196,2,5,6,E,E,D,138,-11,86,-3.76,,20,-,-36.9,133.7,31.47,-60.31,105
GLIBK,22.44,2.70,355,2,5,6,E,E,D-,138,-16,756,-3.76,,27,-,-36.9,,,-55.68,952
GSAT,80.39,-0.70,368,49,44,90,E,C,E,138,-12,1220,16.71,,21,11/2/2006,-1.0,48.71,-187.53,20.71,1448
IDT,58.82,1.50,346,72,87,50,E,B,A+,138,-13,152,4.55,0.5,53,-,8.6,20.69,28.95,4.44,180
IQST,1.10,1.85,6,,,,E,,A,138,-84,572,69.9,,36,-,-2.6,75.87,71.49,-50.63,3265
IRDM,53.75,-3.54,562,69,18,97,E,A,A+,138,16,3295,1.94,1.4,7,-,16.6,8.73,41,-25.93,2861
KDDIY,16.94,3.61,7,32,48,32,E,B,D,138,-52,201,-6.21,2.1,60,-,17.8,6.26,-12.48,-3,446
LBTYA,11.30,,357,12,29,31,E,D,E,138,-16,1648,8.83,,7,-,-147.0,92.25,96.11,125.09,1954
LBTYK,10.90,0.09,305,10,29,27,E,D,E,138,-40,787,8.83,,7,-,-147.0,91.86,96.11,125.09,1261
LILAB,7.25,3.28,,20,69,17,E,E,D,138,-100,0,-0.09,,29,-,-14.7,89.4,98.5,83.05,0
OPTU,1.16,7.41,254,5,5,8,E,E,B,138,-5,10697,-4.04,,39,6/22/2017,-22.5,-62.8,27.86,-3712.5,11540
PL,31.38,-0.73,537,27,15,85,E,D,E,138,-29,10082,42.08,,14,-,-78.7,-142.72,15.7,-712.24,13611
SANG,3.68,1.80,39,6,12,12,E,D,B,138,-91,1,-12.22,,32,-,-2.7,-78.67,-780,-75,6
SHEN,13.55,-7.19,282,9,13,31,E,D,E,138,34,519,4.84,0.7,25,-,-11.7,-37.11,-28.16,-63.16,394
SIRI,30.51,1.87,456,55,25,84,E,C,A+,138,-13,5112,1.11,3.8,67,9/14/1994,12.3,40.57,37.38,22.03,5930
SOBKY,13.01,3.01,5,24,53,23,E,B,D,138,52,260,3.32,2.6,47,-,13.3,,,-21.1,191
SPOK,10.49,-0.76,212,4,14,12,E,C,D-,138,-28,131,-8.45,11.7,40,-,15.3,-12,-31.82,-64,182
T,20.58,0.49,3383,12,46,10,E,B,E,138,152,129363,2.87,4.9,73,-,21.5,9.17,8.97,11.76,49341
TDS,36.19,-2.43,454,20,72,22,E,D,E,138,44,1548,-73.18,0.4,0,-,7.2,300.94,273.25,1311.11,1090
TMUS,177.52,2.58,3309,22,56,13,E,A,D-,138,-9,7221,10.63,2.2,33,4/19/2007,16.2,7.23,-9.2,-12.02,5957
VZ,42.56,1.36,3838,24,51,25,E,B,E,138,133,59059,2.69,6.1,80,-,16.4,5.4,4.92,7.56,26089
ACIW,54.88,4.47,602,80,59,72,E,A,A+,139,39,1231,7.9,,32,2/24/1995,17.4,15.62,139.58,-32.73,867
AIAI,14.15,-2.62,,1,2,29,E,E,,139,-59,165,,,,-,,,,,
AIFC,0.60,-0.45,42,2,17,2,E,D,E,139,-48,1023,-14.54,,3,-,-1724.0,,,-16.17,1982
AIHS,1.36,-2.86,,,,,E,,A+,139,-82,7,-61.33,,8,3/16/2018,-340.8,,,84.33,51
ALKT,19.02,1.60,301,45,76,34,E,C,A+,139,51,2943,28.93,,20,4/14/2021,-13.3,53.82,588,165.13,1962
AMOD,4.46,-6.69,9,,,,E,,E,139,-77,24,,,0,-,-112373.7,-1639.88,74.04,9.69,55
ARBK,3.38,-7.40,,27,75,22,E,E,A,139,-73,7,-60.64,,97,9/23/2021,30.1,,,97.35,29
ATCH,0.19,-2.42,7,,,,E,,E,139,-39,1277,65.23,,95,-,50.6,105.18,75.62,99.2,2143
ATHR,4.75,-2.46,9,10,4,51,E,E,C,139,324,51,-1.72,,11,4/10/2025,-227.1,-61.8,-44.37,-162.77,13
BILL,40.48,4.38,493,45,85,26,E,C,A-,139,6,2818,13.5,,64,12/12/2019,2.1,19.79,33.06,36,2667
BL,29.88,1.46,415,37,87,6,E,B,B+,139,-24,1056,9.72,,72,10/28/2016,6.9,16.21,12.55,14.29,1376
BLND,1.81,,195,12,38,16,E,E,B+,139,-65,1235,15.21,,0,7/16/2021,-0.7,440,226.53,149,3561
CANG,0.21,0.47,24,3,9,2,E,C,D,139,-23,902,-30.18,,14,7/26/2018,-65.7,67.89,96.76,-163.32,1444
CLPS,0.82,-3.35,2,,,,E,,E,139,98,56,2.79,,43,5/24/2018,-3.1,,,119.35,28
CURR,2.60,-0.38,4,31,46,78,E,E,D,139,-82,35,-21.81,,86,-,-48.5,,,61.39,190
CXT,52.50,1.04,527,71,78,59,E,B,A+,139,-17,837,17.38,1.5,76,-,10.9,4.28,6.74,11.11,1041
DFNS,0.16,0.32,15,,,,E,,E,139,-70,3851,,,94,-,-1443.7,-39.38,47.35,-108.36,11724
EXFY,1.70,-3.41,111,29,11,66,E,D,A+,139,-40,806,-5.84,,12,11/10/2021,-11.5,49.42,180.23,-23.63,1371
FICO,1270.83,5.32,2097,58,97,34,E,B,A,139,-26,270,38.69,,24,7/22/1987,40.3,43.76,36.44,60.05,367
FISV,52.33,3.15,2431,20,52,10,E,B,B,139,22,9180,-2.38,,96,9/25/1986,20.1,-6.03,-22.42,-16.36,7660
GWRE,134.47,5.34,819,26,41,10,E,A,A,139,-5,1656,26.93,,16,1/25/2012,4.1,31.42,11.15,-6.82,1727
INTA,27.39,3.95,363,43,92,17,E,C,A,139,-3,1004,13.15,,36,6/30/2021,-3.2,31.03,33.99,11.54,1043
INTU,275.35,3.10,4376,32,91,3,E,A,D+,139,-20,5050,10.37,1.8,80,3/12/1993,25.7,18.27,28.61,9.87,5281
JF,1.05,2.94,3,,,,E,,C,139,-91,1,2.16,,22,10/25/2018,-50.5,,,42.46,13
JKHY,146.87,3.12,1607,51,89,20,E,A,B-,139,-32,1112,8.74,1.8,44,11/20/1985,24.7,9.78,-17.54,12.5,1602
MKTW,18.86,-1.46,82,17,14,44,E,E,B,139,-35,16,-7.76,5.9,84,-,20.3,-97.84,-47.83,-156.1,25
NCNO,17.75,3.50,429,51,90,30,E,C,A+,139,-8,3384,10.6,,56,7/14/2020,1.1,18.47,21.46,-18.37,3828
NTWK,4.71,-0.84,32,44,19,83,E,B,C,139,-75,10,13.05,,28,-,9.2,,,-9.82,41
NYAX,70.22,3.63,91,49,36,85,E,B,E,139,-42,17,31.76,,4,-,8.7,-15.63,-62.31,-83.85,30
OPFI,9.96,-0.50,155,39,33,46,E,A,A,139,3,788,8.28,,92,-,26.1,12.58,-1.11,-7.89,770
PDC,5.60,0.90,,,,,E,,B,139,-72,28,69.11,,19,7/25/2023,-58.3,,,5.33,101
PEGA,31.05,-0.14,753,20,68,5,E,A,E,139,-10,2080,-9.6,0.4,52,7/19/1996,16.1,29.49,54.9,-39.87,2281
PGY,17.79,-5.22,248,41,56,46,E,B,B+,139,22,5184,9.64,,60,-,4.1,48.75,64.44,180,4061
PLTS,17.50,,,,,,E,,C,139,,0,,,30,9/19/2025,-120.7,,,,1545
QTWO,52.63,4.84,595,55,97,24,E,B,A+,139,-6,1215,14.11,,40,3/20/2014,6.9,10.17,36.41,16.52,915
SECZ,12.30,4.41,33,1,,58,E,,E,139,5,853,,,8,5/2/2025,,-156.57,-121.94,9111.35,812
SKYA,1.23,10.81,17,5,44,4,E,E,D,139,10,364,,,5,4/14/2022,-3856.9,,,-101.31,338
SSNC,65.52,2.52,1489,32,86,16,E,B,E,139,-33,1603,8.81,1.7,88,3/31/2010,15.5,12.65,15.8,17.36,2477
TMS,7.50,-5.30,36,4,14,9,E,E,D-,139,-87,44,,,86,-,,-44.52,-524.78,112,335
VERX,12.85,2.64,328,39,88,17,E,C,A+,139,-10,1449,11.06,,48,7/29/2020,1.0,25.39,26.72,13.33,1643
YRD,1.44,59.68,30,3,9,5,E,C,D,139,46481,56621,-38.04,36.0,68,12/18/2015,-0.7,,,-308.83,120
ABM,44.27,0.05,479,41,48,47,E,C,B,140,-37,380,8.44,2.6,80,-,2.5,15.62,23.67,4.65,601
BV,14.40,,321,36,28,60,E,D,B+,140,63,1077,6.08,,20,6/28/2018,3.0,-13.16,-3.67,-35.71,666
FTDR,78.50,0.08,645,93,86,85,E,A,A+,140,8,700,5.87,,40,-,16.1,11,7.98,14.06,625
MG,16.69,-2.63,191,62,98,80,E,C,E,140,33,272,4.59,,60,10/8/2009,3.1,18.47,25,900,209
MSW,1.27,-3.05,4,,,,E,,B,140,-98,31,-51.59,,0,11/22/2024,-17.2,,,-459.57,1460
PMEC,0.64,-1.23,1,,,,E,,A+,140,-97,31,3.02,,29,10/10/2023,-2.4,,,14.37,932
ROL,43.38,2.94,1859,24,73,11,E,A,E,140,3,4275,10.2,1.7,0,-,18.6,13.03,16.41,0,4074
AVPT,11.46,0.17,341,47,72,34,E,B,A+,141,-27,1567,25.98,,40,-,9.7,22.35,35.4,60.66,2321
BIRD,3.85,-4.23,39,11,38,38,E,E,D-,141,-70,677,-30.5,,0,11/3/2021,-50.4,43.93,,14.67,2267
BOX,27.89,1.60,569,65,80,41,E,A,A+,141,3,2328,10.74,,60,1/23/2015,8.4,9.44,20.64,23.33,2361
BRUN,31.76,-5.19,28,40,37,99,E,E,D-,141,51,2490,,,0,-,,235.01,83.68,-101.16,1679
CVLT,149.98,2.01,668,80,83,68,E,A,A+,141,-24,628,13.33,,33,9/22/2006,7.8,20.57,15.13,24.27,832
CYAB,0.39,-0.72,3,,,,E,,E,141,-91,60,,,94,-,-1303.5,,,-2996.54,686
DBX,28.56,0.53,789,67,84,56,E,D,A+,141,-23,3609,0.77,,80,3/23/2018,24.5,8.76,4.04,8.57,4040
DTST,3.38,0.69,16,,,,E,,E,141,-73,10,-95.71,,93,-,-196.9,-750,-190,-7789.25,37
DVLT,0.38,-4.90,22,7,48,8,E,D,E,141,-23,34017,443.08,,25,7/27/2018,-202.1,82.69,96.3,50,44471
ESTC,58.04,-0.70,599,48,92,29,E,B,B+,141,-26,1555,16.03,,53,10/5/2018,-0.1,-5.45,-2.33,29.79,2117
JG,4.38,-5.60,1,,,,E,,E,141,59,8,8.74,,27,7/26/2018,0.7,,,643.05,5
MDB,354.88,-1.25,1982,79,94,74,E,C,A,141,-30,1613,25.25,,13,10/19/2017,-2.3,23.19,60.89,32,2170
ORCL,140.27,-1.56,4391,34,91,14,E,A,E,141,55,44265,20.63,1.3,67,3/12/1986,29.4,38.08,17.9,24.12,27332
OTEX,23.04,0.83,1158,33,70,20,E,C,B+,141,-42,1360,2.24,5.0,87,-,9.3,10.96,8.15,23.17,2647
SMWB,6.18,-6.22,38,36,38,53,E,D,A+,141,-16,748,10.12,,20,5/12/2021,-10.2,140.62,209.83,150,891
TDC,34.56,0.29,613,85,93,85,E,B,A,141,-39,1649,6.22,,73,-,10.7,2.84,17.29,33.33,2842
VRNS,42.86,2.32,480,71,89,69,E,C,A+,141,-47,1334,26.9,,7,2/28/2014,-18.7,-33.92,-73.72,2271.54,2485
WK,51.93,2.24,441,30,82,10,E,C,B+,141,-40,712,19.9,,47,12/12/2014,-2.5,63.37,234.12,450,1234
AAUC,24.60,3.75,229,22,32,45,E,C,E,142,-39,563,13.77,,37,-,17.8,247.07,314.64,-7.14,756
AEM,153.86,-0.64,2676,41,99,24,E,A,E,142,105,5196,66.09,1.1,43,-,56.6,63.62,63.56,122.22,2605
AG,17.82,4.58,406,45,84,52,E,A,E,142,1,12626,95.44,0.4,24,-,31.4,92.75,343.06,520,12533
AGI,31.58,4.19,1386,39,99,19,E,A,E,142,19,4862,79.19,0.5,39,-,60.2,70.87,51.76,292.86,4198
ARIS,16.00,9.44,288,59,99,53,E,A,E,142,58,1990,136.15,,82,-,22.3,86.95,107.41,275,1340
ASM,6.57,3.30,136,64,99,68,E,A,E,142,-18,3625,109.35,,16,-,46.9,123.53,450,125,4403
AU,84.65,4.65,1875,49,99,46,E,B,E,142,11,3222,63.67,4.4,59,-,40.6,84.68,63.2,186.36,3110
AUGO,65.46,8.20,205,53,85,65,E,B,E,142,48,1381,136.46,3.5,33,-,5.6,322.3,252.44,6691.01,998
AUST,1.10,-1.79,,,,,E,,E,142,-60,41,,,18,5/4/2022,,,,-9.51,104
AYA,19.62,2.78,226,51,31,91,E,B,D,142,4,475,,,48,-,35.2,,,542.2,438
B,38.21,4.83,1807,55,99,43,E,A,E,142,-18,10000,66.71,2.5,57,-,49.6,59.78,83.4,180,12760
BGL,0.26,-9.06,3,2,19,1,E,E,E,142,-38,633,,,88,-,,-781.54,,-112.1,924
BTG,4.08,6.81,455,42,96,26,E,A,E,142,20,32224,117.75,2.0,96,-,31.9,57.96,-23.38,111.11,26919
BVN,29.72,1.78,550,56,98,47,E,A,E,142,-5,1249,102.99,1.4,92,5/15/1996,38.1,44.88,186.11,154.55,1396
CDE,17.30,4.59,1115,47,81,47,E,A,E,142,26,34831,137.79,0.2,41,-,33.0,115.49,56.17,227.27,31288
CGAU,16.58,6.69,407,58,79,64,E,A,E,142,27,1828,61.84,1.3,61,-,56.0,73.18,93.8,238.46,1617
CHNR,3.96,1.67,1,,,,E,,E,142,-94,6,,,,-,,,,96.89,105
CMCL,20.09,4.36,210,18,54,14,E,A,E,142,-11,196,18.25,2.8,98,-,41.9,36.24,-52.59,36.75,223
CNL,13.16,6.13,97,6,31,23,E,E,E,142,49,94,,,38,-,,32.76,22.11,40.91,60
CTGO,17.23,7.75,135,5,27,18,E,E,D-,142,-41,332,,,85,-,,160.27,-45.16,114.73,553
DC,4.48,5.16,176,4,12,26,E,E,E,142,-3,1435,,,5,-,,9.6,13.4,-78.08,1470
DRD,21.90,3.69,60,39,99,21,E,A,E,142,28,388,37.21,2.0,71,-,38.9,107.32,,104.25,310
EGO,33.68,6.38,535,59,97,51,E,A,E,142,28,4222,49.88,1.0,53,-,29.9,133.77,56.84,239.29,3385
ELE,17.11,-5.78,25,19,12,42,E,B,D+,142,-2,388,108.97,0.7,12,-,9.3,509.95,2485.04,-78.77,423
EQX,10.14,4.00,604,29,73,24,E,A,E,142,59,17952,103.34,0.6,55,-,7.2,100.31,131.88,235.29,11962
EXK,8.56,2.64,260,21,45,43,E,C,E,142,-28,5345,230.24,,6,-,-22.8,4671.43,860,4185.71,7362
FNV,217.58,4.36,1507,53,98,37,E,A,E,142,-17,712,76.63,0.8,10,-,77.7,59.36,72.86,122.43,873
FSM,8.72,4.43,388,44,99,32,E,A,E,142,-2,4956,18.05,,76,-,42.4,117.12,183.33,75,5273
FURY,0.54,3.65,18,3,13,23,E,E,E,142,-69,92,,,11,-,,-89.16,,-307.3,291
GAU,1.98,3.66,100,26,68,23,E,B,E,142,108,6454,117.42,,78,-,6.8,137.68,18.75,1100,3144
GFI,35.46,5.13,484,42,99,24,E,A,E,142,17,4045,71.9,3.6,86,-,60.5,84.55,117.86,198.51,3464
GLDG,0.93,5.75,30,3,21,19,E,E,E,142,-59,746,,,14,-,,-81.66,-193.62,-33.39,1834
GORO,1.27,3.25,28,48,64,76,E,C,D,142,-35,1481,235.55,,20,-,-3.3,200,,142.86,2213
GRML,0.23,-3.33,8,2,33,6,E,E,E,142,14,3910,,,16,-,,,,-46.81,3447
GROY,2.86,3.62,50,12,49,19,E,C,E,142,-7,1809,128.74,,4,-,-27.3,689,182.86,200,1949
HL,16.33,4.75,753,46,84,49,E,A,E,142,36,28624,57.43,0.1,27,-,33.7,92.44,156.21,525,20958
HMY,16.09,5.99,184,50,96,40,E,A,E,142,20,5479,34.97,2.1,67,-,26.9,99.24,,27.22,4571
HSLV,5.00,7.53,64,14,17,68,E,E,E,142,30,427,,,39,-,60.1,,,117.9,377
HYMC,23.62,2.38,105,10,36,48,E,E,E,142,-17,1917,,,4,-,,-4.77,58.68,-14,2362
IAG,16.56,5.01,705,51,82,51,E,A,E,142,7,6414,115.91,,84,-,34.0,98.34,326.92,570,6381
IAUX,1.49,2.76,118,25,43,63,E,D,E,142,33,13824,272.94,,3,-,-212.3,5.8,35.71,70,10709
IDR,33.47,2.20,146,53,78,60,E,A,E,142,-12,224,98.97,,31,-,40.2,33.33,65,233.33,256
IMPUY,10.68,,26,18,82,17,E,C,E,142,31,287,59.99,2.2,35,-,2.3,3779.06,,456,224
ITRG,2.42,8.04,57,25,80,26,E,C,E,142,85,5506,8.2,,94,-,7.8,42.54,50,133.33,3032
KGC,24.71,5.28,1914,46,99,31,E,A,E,142,14,9247,60.78,0.7,65,-,45.3,66.61,67.16,136.67,8454
LODE,4.19,5.01,62,44,61,73,E,E,C-,142,-41,961,-60.11,,2,-,-2778.2,64.96,55.56,57.61,1660
MAKO,7.65,2.14,21,32,1,86,E,A,E,142,-45,98,,,51,-,36.8,,,,177
MINE,2.57,18.98,10,3,7,17,E,E,D,142,-5,38,,,20,-,,,,-244.02,43
MTA,7.64,-0.52,66,34,25,74,E,C,E,142,9,524,79.31,,9,-,-32.1,241.28,237.5,115.1,485
MUX,18.90,5.06,197,44,83,52,E,B,E,142,-2,1174,107.31,,47,-,3.5,122.32,366.67,900,1242
NAMM,1.81,-2.69,7,2,5,19,E,E,E,142,-71,369,,,,-,,,,-74.81,1403
NEM,97.04,4.01,3621,54,99,42,E,A,E,142,7,8704,45.85,1.1,63,-,51.3,46.12,49.54,132,8271
NEWP,4.28,6.73,35,25,35,77,E,E,E,142,-47,580,,,0,-,,-25,-202.04,149,1108
NEXA,13.04,8.31,93,55,58,91,E,B,E,142,49,1633,39.86,,80,10/27/2017,10.4,185.52,535.2,389.94,1102
NFGC,1.66,4.40,34,3,16,21,E,E,E,142,26,2069,,,5,-,-826.0,52.94,59.91,-104.02,1688
NG,6.44,6.10,349,5,39,21,E,E,E,142,23,4390,,,1,-,,22.57,-51.6,60,3648
ODV,2.57,3.21,71,14,61,18,E,D,E,142,-19,2835,,,98,-,-450.0,,,171.97,3536
OGC,26.10,4.32,591,30,59,41,E,B,E,142,143,475,,1.4,78,-,47.6,,,141.65,348
OR,31.44,0.13,508,42,98,24,E,A,E,142,230,2812,87.25,0.6,18,-,92.1,68.72,100.47,150,905
ORLA,10.18,3.98,408,36,99,14,E,A,E,142,17,4020,169.3,0.6,90,-,24.7,78.58,88.57,225,3583
PAAS,46.29,4.42,1386,51,99,40,E,A,E,142,6,5140,49.25,1.6,45,-,32.1,90.5,166.78,159.52,5075
PLG,1.42,2.16,16,2,21,11,E,E,E,142,39,1891,,,10,-,,-100,29,-400.73,1350
PPTA,21.33,1.62,314,3,3,33,E,E,E,142,-49,894,,,15,-,,13.33,-137.5,-225,1754
PZG,1.20,1.69,18,4,13,33,E,E,E,142,-43,394,,,65,-,,-55.02,46.35,-4.35,698
RGLD,204.13,2.93,917,42,98,27,E,A,E,142,-4,734,142.52,0.9,29,-,55.7,54.04,47.95,80.13,760
SA,27.62,5.78,215,11,11,56,E,E,E,142,-19,728,,,24,-,,60.26,-149.94,-155.53,917
SBMT,7.76,12.30,4,1,31,22,E,E,,142,-47,109,,,25,4/29/2026,,-47.96,,34.56,
SBSW,8.96,5.29,165,3,15,16,E,D,E,142,92,9676,47.16,5.6,12,-,-0.6,706.8,,-54.25,5126
SCZM,6.69,1.52,39,21,50,29,E,A,E,142,24,636,81.37,,73,-,22.9,135.11,6.25,158.33,511
SIND,12.06,0.50,2,1,1,1,E,E,,142,-75,153,,,61,-,,,,,
SKE,28.70,6.10,227,16,17,68,E,E,E,142,12,912,,,98,-,,,,-214.49,859
SLSR,8.45,5.89,112,30,64,65,E,E,E,142,113,271,,,51,-,,-3.27,-125,70,142
SNNGF,0.15,0.76,,,,,E,,A,142,-94,2,,,95,-,,,,,11
SSMR,14.59,6.81,,1,2,25,E,E,,142,-43,205,,,0,6/4/2026,-6930.7,-16.96,,,
SSRM,30.62,6.21,587,79,99,80,E,A,D-,142,33,4108,83.75,,69,-,27.2,119.46,49.84,296.55,3166
SVM,10.27,2.09,229,34,38,69,E,B,E,142,-5,3796,96.18,0.2,8,-,18.5,46.06,236.91,1000,3937
TFPM,31.49,4.34,306,60,99,38,E,A,D+,142,115,1350,78.73,0.7,22,-,69.3,43.07,45.82,125,675
THM,2.32,12.08,25,29,42,72,E,E,D,142,346,4807,,,0,-,,,,377.19,1082
TRX,0.82,-2.38,9,7,12,37,E,B,E,142,31,3434,274.13,,2,-,25.1,53.06,614.29,-19.4,2664
USAS,4.89,3.16,148,30,63,58,E,C,E,142,-9,4250,188.51,,7,-,-70.5,169.11,235.79,185.52,4764
USAU,16.49,5.17,114,17,28,51,E,E,D+,142,37,308,,,12,-,,43.45,153.42,25.08,226
USGO,8.84,5.24,53,3,17,17,E,E,D,142,21,74,,,21,-,,10.85,,-40,62
VGZ,1.83,-1.61,17,18,59,41,E,E,E,142,4,2070,,,9,-,,0,,200,2077
VMET,11.82,-7.58,22,30,23,87,E,C,C,142,35,245,,,95,-,85.2,,,,184
VOXR,4.87,2.96,100,40,66,50,E,A,E,142,35,657,498.34,1.2,49,-,42.6,2700,725,3500,476
VZLA,3.34,2.45,164,3,8,29,E,E,E,142,19,7606,,,2,-,,-346.98,24.93,-3139.41,6263
WPM,115.73,3.85,2098,51,99,36,E,A,E,142,-2,2045,91.63,0.7,14,-,73.4,76.33,100.85,132.07,2197