Ticker,Close,Market Cap (mil),% Off 52W High,RS Rating,_rs3m_raw,_rs6m_raw,_ad_raw,_smr_raw,EPS Rating,_rating_eligible,RS 3M,RS 6M,A/D Score,A/D Rating,SMR Score,SMR Grade,Comp Rating
AACB,10.57,,0.24,41.3,1.3902157224041645,2.37173172670444,14.783559038951244,,,True,37.9,42.2,98.5,A+,,,
AAGIY,36.91,,21.2,21.0,-18.93257009223641,-15.71135173389704,4.97902522295211,,,True,6.7,13.0,37.7,D,,,
AAL,15.06,,19.85,68.6,18.489381743640433,4.947738115795808,3.9160082744259244,,,True,73.0,47.8,26.6,E,,,
AAMI,93.16,,0.48,89.4,32.66876055555308,79.42989919512591,8.300062775000182,,,True,86.9,93.9,77.3,B+,,,
AAOI,130.08,,44.33,92.6,-41.69430666469982,168.76033436168325,-1.0821795968168093,,,True,1.0,97.5,2.9,E,,,
AAON,87.67,,41.73,18.3,-35.23675986633279,-14.651481533347631,-1.78219289535902,,,True,1.5,14.0,2.4,E,,,
AAPG,19.0,,60.78,16.1,-11.131895482643529,-22.764228839963764,11.20943472187131,,,True,11.9,7.6,94.7,A+,,,
AAPL,305.26,,11.41,62.6,2.138056601741556,10.802181403130673,7.723880056005555,,,True,40.5,57.9,71.5,B,,,
AAP,57.36,,12.04,66.1,16.443362992999532,-3.806807629797815,7.593595115760411,,,True,69.9,27.5,70.5,B,,,
AAT,22.96,,11.59,67.8,10.650597997458577,24.108103159311646,5.245808029572306,,,True,59.8,75.5,40.6,D,,,
AAUC,22.89,,28.91,33.8,-22.433076204297397,-27.4944579951923,6.024369905556883,,,True,5.1,5.1,50.2,C-,,,
AA,49.59,,41.23,26.4,-27.542372658404602,-21.47268384388299,2.907873323785802,,,True,3.2,8.4,17.9,E,,,
ABBNY,102.2,,7.26,71.9,-3.9744461634481087,13.165758994842424,2.899063895807415,,,True,21.3,61.9,17.9,E,,,
ABBV,250.82,,6.22,72.2,20.297365623126495,13.549733950934307,5.685141516822844,,,True,75.4,62.4,45.9,D+,,,
ABCB,89.39,,4.11,67.0,7.8677439237944125,6.900262365042376,7.0051464113203075,,,True,54.3,51.4,63.3,B-,,,
ABG,210.58,,20.05,35.9,9.193674789242777,-9.346075237395201,5.200603818262273,,,True,56.8,19.1,40.1,D,,,
ABM,48.12,,3.99,71.2,24.116582233388595,2.930478998683994,7.262988935466753,,,True,80.1,44.2,66.2,B,,,
ABNB,185.13,,1.06,86.5,39.226896956315336,54.855712992733174,13.565023494238115,,,True,90.1,89.6,98.0,A+,,,
ABT,111.27,,19.07,64.9,32.73290784094765,-2.042436268098946,13.022139643021857,,,True,87.0,30.8,97.6,A+,,,
ABVX,121.45,,18.4,62.1,-0.37733003999491643,-1.075183718952355,6.075293910057004,,,True,28.8,32.8,51.2,C,,,
AB,36.59,,17.05,27.3,-4.985717599096617,-9.160873504002264,4.7755381545753774,,,True,19.6,19.4,35.7,D,,,
ACAA,10.01,,2.25,,0.7042319059719304,,,,,True,33.6,,,,,,
ACAD,28.38,,4.92,77.9,27.953107126990993,26.30173191262395,10.91270703288414,,,True,83.6,77.4,93.7,A+,,,
ACA,144.96,,1.33,79.1,12.494184940142139,13.3917449263667,1.4650182000338745,,,True,63.0,62.1,9.7,E,,,
ACEL,12.41,,11.36,62.5,7.725693119896793,11.801800427136122,6.16633026284672,,,True,54.0,59.5,52.2,C,,,
ACFN,18.48,,42.25,40.9,5.419278620857537,-3.4482782537286982,9.360062183385184,,,True,48.5,28.2,86.0,A,,,
ACGL,98.03,,8.46,48.5,5.047148284715908,-0.5881768793257525,6.436502288162037,,,True,47.7,33.6,55.5,C,,,
ACHC,30.24,,15.6,83.6,11.381214626586257,94.719895499795,6.581799231846968,,,True,61.0,95.3,57.0,C,,,
ACIW,53.66,,12.15,77.5,31.487380170086034,33.052317995070936,8.830229741194803,,,True,86.1,82.0,82.1,A-,,,
ACI,12.4,,38.0,15.0,-25.03023205241672,-30.062043888718147,5.64878716556238,,,True,4.2,4.0,45.4,D+,,,
ACLS,143.03,,26.19,79.1,-11.791551785817534,55.77216159801448,4.770720282558539,,,True,11.4,89.9,35.7,D,,,
ACLX,115.07,,0.05,88.8,68.87290871734663,32.72202998846596,4.261970876780296,,,True,96.0,81.8,30.4,D-,,,
ACMR,81.19,,36.17,89.7,25.389965160472983,14.86983933419106,0.46025912248252965,,,True,81.6,64.3,6.3,E,,,
ACM,63.61,,53.06,14.9,-9.798637818559886,-36.93863328011147,6.398518265991754,,,True,13.2,2.1,55.1,C,,,
ACNB,64.89,,1.59,81.4,23.52941060279543,23.154297570029314,7.810517661243576,,,True,79.4,74.6,72.4,B,,,
ACNT,14.83,,17.24,52.1,6.460875259914256,-16.26199930149038,5.530277064875918,,,True,51.2,12.5,43.5,D+,,,
ACN,178.49,,38.68,25.7,11.807821030546272,-22.540465437154854,12.898725597759077,,,True,61.8,7.7,97.6,A+,,,
ACR,14.12,,42.62,13.9,-32.180596130840144,-22.5027448652081,-0.8772652047125664,,,True,1.8,7.7,3.4,E,,,
ACT,49.78,,0.3,77.7,16.662757861019163,14.331646254701136,8.50828782597771,,,True,70.2,63.7,79.2,B+,,,
ACU,60.77,,0.8,87.6,49.938318425274296,38.775977295646655,11.96513991374607,,,True,93.1,84.5,96.6,A+,,,
ACV,27.42,,5.59,46.2,-0.3452659411450343,-1.7556428653029532,3.138849157265332,,,True,28.9,31.3,20.3,E,,,
ADBE,270.49,,27.06,39.0,14.580416924799856,5.18353952184436,13.069547572977813,,,True,66.4,48.2,97.6,A+,,,
ADC,75.11,,8.49,36.5,-0.06652393513628674,-2.1368070223432456,2.7609730450751666,,,True,30.0,30.7,16.9,E,,,
ADDYY,91.99,,22.04,39.7,8.350996714328062,0.2069660192762779,5.793457314745785,,,True,55.3,35.2,46.8,C-,,,
ADEA,28.68,,16.47,81.6,-9.56809752224974,50.735677698068216,4.273103712632691,,,True,13.4,88.6,30.4,D-,,,
ADI,381.17,,14.52,70.8,-11.845784262417169,13.106828910306945,2.425036804152575,,,True,11.4,61.8,15.0,E,,,
ADM,80.15,,9.39,68.6,-3.3055838751611666,15.656567858411119,2.4818398216946918,,,True,22.5,65.7,15.0,E,,,
ADNT,20.03,,26.68,25.9,-9.078526161391254,-24.89688531441505,5.650681141636406,,,True,14.1,6.3,45.4,D+,,,
ADPT,24.46,,6.48,90.4,86.29092981319614,56.59410425398627,10.971290031216961,,,True,97.4,90.1,93.7,A+,,,
ADP,276.23,,10.92,76.3,32.40186501765236,26.96144274777228,13.632104163799472,,,True,86.8,77.8,98.0,A+,,,
ADRNY,37.86,,24.31,22.5,-11.500697310272756,-17.695650847061817,2.2910471943432746,,,True,11.6,11.2,14.0,E,,,
ADSE,11.91,,11.78,49.5,5.212012786326059,13.536700165987693,12.259977178538234,,,True,48.1,62.3,96.6,A+,,,
ADSK,257.96,,21.61,47.0,11.656491128891533,10.907601984211745,13.897904891773,,,True,61.5,58.1,98.0,A+,,,
ADUR,16.77,,7.81,84.4,31.529415355009192,46.462888533794434,12.66046366766876,,,True,86.1,87.2,97.6,A+,,,
ADUS,117.59,,5.5,70.9,24.42069234778397,4.366731461693996,9.844028311827493,,,True,80.5,46.8,89.8,A,,,
ADV,32.99,,35.63,49.9,-5.608006642441222,121.78152388885239,5.709339037946042,,,True,18.6,96.5,45.9,D+,,,
ADX,26.42,,0.53,65.1,5.891783872921619,13.341913669214712,6.882230878446952,,,True,49.9,62.1,60.8,B-,,,
ADYEY,12.27,,33.12,39.8,19.077671031069144,-10.146515120244715,10.116032467856249,,,True,73.9,18.1,90.8,A,,,
ADYYF,1200.0,,34.59,34.1,14.613180515759305,-14.89542775685624,14.626470015458226,,,True,66.4,13.7,98.5,A+,,,
AD,35.7,,54.03,14.4,-29.779699522148995,-27.762038116269828,2.2974807607446266,,,True,2.5,4.9,14.0,E,,,
AEAQ,10.09,,0.05,,1.2550200755145458,1.8686911792443528,,,,True,37.2,40.1,,,,,
AEBI,13.69,,14.22,73.8,27.112339819026808,-11.79124241884244,7.959085331703059,,,True,82.9,16.6,73.9,B,,,
AEE,109.12,,7.78,40.7,0.027502746889740415,2.9239791988134645,5.165605606714587,,,True,30.6,44.1,39.6,D,,,
AEHR,123.3,,7.54,95.3,19.418889154244855,264.25407105393737,6.079515360706264,,,True,74.4,98.4,51.2,C,,,
AEIS,329.54,,17.08,78.0,-2.8450106002765763,6.726692536490564,2.459235952407867,,,True,23.4,51.2,15.0,E,,,
AEM,180.36,,29.34,40.1,-7.965504612771568,-16.957502366429587,9.119541250839008,,,True,15.6,11.7,84.0,A-,,,
AEO,16.3,,42.73,27.4,5.706869241637791,-31.627519978772877,6.16184298455587,,,True,49.3,3.5,52.2,C,,,
AEP,125.38,,10.81,36.6,-2.00859925485114,2.5603249516711335,4.166845921534289,,,True,24.9,42.9,29.5,D-,,,
AERO,15.85,,31.24,,4.07091830511217,-15.10444393840623,,,,True,45.4,13.6,,,,,
AER,149.19,,6.06,59.4,4.416295101768086,0.6408543182718773,3.603411474950507,,,True,46.4,36.1,24.1,E,,,
AESI,11.79,,41.43,20.1,-37.78364136225315,-1.831807145270381,1.8731991548078692,,,True,1.1,31.2,11.6,E,,,
AES,14.73,,16.54,42.3,2.078998906696672,-10.401462638465164,6.720696956406377,,,True,40.4,17.8,58.4,C+,,,
AEVA,22.42,,28.37,85.1,10.661402153474553,75.98116229430099,5.558512247156308,,,True,59.8,93.3,43.9,D+,,,
AEXA,11.55,,3.67,,-1.2820480425263736,0.34752355393230516,,,,True,26.6,35.5,,,,,
AFBI,23.0,,0.0,63.1,2.4042742653606286,12.35955056179776,13.534340711188092,,,True,41.4,60.5,98.0,A+,,,
AFB,11.02,,4.17,37.9,-0.9883157433632439,-0.18115527387977393,2.589455850189843,,,True,27.3,34.3,15.9,E,,,
AFG,145.68,,2.89,62.5,10.055142914392423,13.044147339009271,8.692988199171667,,,True,58.5,61.5,80.6,A-,,,
AFJK,12.0,,90.8,9.5,-70.83839719312454,-75.13468624667212,0.30574024362899976,,,True,1.0,1.0,5.8,E,,,
AFL,121.1,,7.0,56.5,4.866642253308884,4.172041698168694,6.1505198004003265,,,True,47.4,46.6,52.2,C,,,
AFRI,10.59,,9.87,60.9,4.851486659286053,7.51269190444559,5.98044442444933,,,True,47.4,52.6,49.7,C-,,,
AFRM,78.32,,21.68,74.3,23.280339516487047,38.521400238458114,6.031725686780262,,,True,79.1,84.2,50.2,C-,,,
AFYA,13.41,,18.72,26.0,-4.893618103460218,-13.539652821327463,4.98419877547172,,,True,19.7,15.0,37.7,D,,,
AGCC,14.82,,42.39,,-25.075838319712695,28.981723150913453,,,,True,4.2,79.7,,,,,
AGCO,99.45,,30.83,20.8,-14.237670793168167,-28.17939124124923,-0.43281812562335453,,,True,9.4,4.7,4.3,E,,,
AGD,12.38,,11.44,42.4,-1.6679895596432237,0.16181322363202355,5.188877128602588,,,True,25.7,35.1,40.1,D,,,
AGIO,33.47,,27.24,53.9,16.33646583490833,20.786724001093916,6.044553376282428,,,True,69.7,71.9,50.7,C-,,,
AGI,32.85,,40.71,21.5,-24.742271536950522,-28.9729762721706,5.728444010212042,,,True,4.3,4.4,46.4,D+,,,
AGL,88.9,,33.18,94.2,23.455077802914737,835.7894897460938,0.20980049899882136,,,True,79.3,98.8,5.8,E,,,
AGMB,13.95,,21.72,,24.776381292288384,-12.812501192092896,,,,True,80.8,15.7,,,,,
AGM,231.66,,6.7,83.9,35.25222072752765,29.723375328765457,9.86133681505596,,,True,88.2,80.1,89.8,A,,,
AGNC,10.96,,10.09,46.3,3.104421807591451,-4.111985668005492,5.179788256635449,,,True,43.3,26.9,40.1,D,,,
AGO,76.17,,17.56,27.3,1.3707721173081167,-12.114920769648885,1.8582222629333938,,,True,37.8,16.4,11.6,E,,,
AGX,558.89,,30.64,75.7,-22.3677610500559,32.28166027181953,-0.8283065507328864,,,True,5.2,81.6,3.4,E,,,
AGYS,115.2,,20.69,84.4,75.71689589420711,34.595159420776,14.361149809770613,,,True,96.5,82.5,98.5,A+,,,
AG,18.78,,41.39,60.3,-21.684734417658436,-21.125574604596775,6.150610854690127,,,True,5.5,8.7,52.2,C,,,
AHCHY,11.07,,35.3,17.6,-16.072782054610755,-30.8557180726701,6.995205420578035,,,True,8.3,3.8,62.8,B-,,,
AHKSY,21.65,,10.24,62.9,-2.080510986534856,-4.8351665119548475,0.2516714761834731,,,True,24.6,25.6,5.8,E,,,
AHR,53.6,,8.69,61.9,3.8558389345496824,4.017074469476212,5.221504856415171,,,True,45.0,46.2,40.6,D,,,
AIFU,36.8,,73.64,19.1,10.17963843431302,2.7932939582696825,8.551003518068594,,,True,58.6,43.6,79.7,B+,,,
AIG,76.03,,12.9,33.7,0.32990073805341247,-3.0724135909014794,4.991598057570737,,,True,31.9,29.0,37.7,D,,,
AIIA,10.2,,0.47,,0.9599220827757327,1.8570274972609102,,,,True,35.1,40.0,,,,,
AII,24.0,,8.95,82.0,42.26436755228165,32.08585525165928,13.937321985945955,,,True,91.4,81.4,98.0,A+,,,
AIN,64.09,,16.77,58.4,1.2960270869142088,9.015132399881987,4.284130989162337,,,True,37.4,54.7,30.4,D-,,,
AIOS,12.15,,86.71,10.0,-25.914636472376372,-58.10344959127492,13.127457830529854,,,True,3.9,1.0,98.0,A+,,,
AIO,26.75,,6.47,60.6,2.490421455938696,17.221735319894837,8.184136655394465,,,True,41.7,67.4,75.8,B+,,,
AIP,27.59,,45.11,82.1,-22.39099816430973,82.71523279859532,-1.403425462364087,,,True,5.2,94.1,2.4,E,,,
AIRT,29.0,,17.14,83.6,36.40639698965191,23.66737739872069,16.042073345119874,,,True,88.8,75.1,99.0,A+,,,
AIR,143.39,,6.89,86.2,33.423280347676965,26.256933512061686,6.029076795552227,,,True,87.3,77.3,50.2,C-,,,
AIT,357.62,,4.58,79.7,15.038438934984889,23.18555858123643,8.208146188018942,,,True,67.3,74.6,76.3,B+,,,
AIZ,280.92,,7.57,75.9,15.79078085311172,30.049540960017772,4.063751881789878,,,True,68.8,80.3,28.0,E,,,
AJG,253.49,,19.15,69.6,32.02604452768962,23.466955088969875,11.016207566923097,,,True,86.5,74.9,94.2,A+,,,
AKAM,125.29,,24.27,68.1,-22.247734320759992,32.1624482231301,4.176964360815521,,,True,5.3,81.5,29.5,D-,,,
AKA,10.73,,34.51,29.4,-6.640554947682942,-0.213951288267622,6.4683221137542635,,,True,17.1,34.2,56.0,C,,,
AKR,20.84,,9.51,38.1,-1.4657203187333656,1.4605654945856417,3.8456988739570246,,,True,26.0,38.6,26.1,E,,,
AKTS,23.79,,30.42,99.0,21.812600693944397,31.727579820195718,16.80235510070864,,,True,77.5,81.2,99.0,A+,,,
AKZOY,24.02,,7.58,71.1,24.327124522586296,1.0942780208908598,7.427675539712034,,,True,80.4,37.6,68.6,B,,,
ALAB,322.78,,35.38,89.1,44.0403403897081,124.60510665875502,2.766778100828516,,,True,91.9,96.6,16.9,E,,,
ALB,130.48,,40.96,22.7,-35.06519571636356,-25.62275795044231,1.6897766714334068,,,True,1.5,5.9,11.1,E,,,
ALCO,41.04,,8.82,55.4,-0.6776357320248172,0.1464151184171536,4.118709174004353,,,True,28.1,35.0,28.5,E,,,
ALCYF,12.01,,24.47,39.4,1.7796629566257272,1.8659900668518858,4.15573516646955,,,True,39.5,40.1,29.0,E,,,
ALC,73.52,,18.68,41.7,15.889023712273653,-7.393882550615438,11.389159216908816,,,True,68.9,21.7,95.1,A+,,,
ALDF,10.78,,0.0,41.1,1.411097054707433,2.180090408323565,6.671628991052376,,,True,38.0,41.5,58.0,C+,,,
ALEX,20.84,,0.9,63.2,-0.04796163069544779,11.563169164882225,4.9893854497747405,,,True,30.0,59.1,37.7,D,,,
ALF,10.84,,1.36,38.3,0.0,1.3084144469005299,-1.232576787451114,,,True,30.3,38.2,2.9,E,,,
ALGM,44.13,,38.51,71.6,-4.002608074580738,3.0833942259173908,2.0273455658280515,,,True,21.2,44.4,12.6,E,,,
ALGN,176.2,,12.09,61.7,8.933537525961178,-10.789328667792919,7.463304867761492,,,True,56.3,17.6,68.6,B,,,
ALGT,86.45,,30.07,62.7,14.944817109748953,-20.92747009215934,-0.24980202217142633,,,True,67.2,9.0,4.3,E,,,
ALG,163.58,,29.88,31.0,7.881027389734685,-22.201083500877626,5.640795234683205,,,True,54.3,7.9,45.4,D+,,,
ALHC,13.46,,46.42,14.7,-26.3273123254134,-33.98724846421298,-2.0915900723158547,,,True,3.7,2.7,1.9,E,,,
ALH,25.76,,8.75,,2.5477681857751344,6.6666692993080146,,,,True,41.8,51.0,,,,,
ALIS,10.19,,0.59,,1.1414369557844362,1.7981952785786515,,,,True,36.4,39.8,,,,,
ALIT,14.63,,82.35,12.1,-7.638888166408342,-48.485915089996766,7.981308531188766,,,True,15.9,1.0,73.9,B,,,
ALIZY,50.56,,0.92,72.2,15.750918086188758,15.38110845597036,5.566008273722744,,,True,68.6,65.3,43.9,D+,,,
ALKS,49.45,,11.17,85.4,27.0881541067578,41.64995921781569,5.815619193271089,,,True,82.8,85.6,47.3,C-,,,
ALKT,20.78,,22.72,70.9,25.407366847589063,23.250300632535637,13.440810638872183,,,True,81.6,74.7,98.0,A+,,,
ALK,47.5,,27.9,59.4,23.184647302904548,-17.391304347826086,5.581045369586758,,,True,79.0,11.4,43.9,D+,,,
ALLE,166.44,,9.1,70.8,27.403553614058684,-7.218907162380139,13.911201562195641,,,True,83.3,21.9,98.0,A+,,,
ALLY,44.6,,5.69,57.2,6.928790395878903,7.005754496451755,6.5958285732252975,,,True,52.3,51.6,57.0,C,,,
ALL,260.48,,6.04,78.2,20.8499633415274,27.230992520064532,8.504537808240123,,,True,76.3,78.1,79.2,B+,,,
ALMR,32.92,,14.58,,43.06822182306884,,,,,True,91.7,,,,,,
ALMS,24.41,,22.14,91.4,-1.810139790391141,-4.760044296926935,3.270903669375963,,,True,25.4,25.8,21.2,E,,,
ALMU,17.6,,44.64,21.5,-44.10923981749848,4.824302450683304,4.241997774435152,,,True,1.0,47.5,30.4,D-,,,
ALM,13.85,,43.26,74.8,-29.083459388275855,-2.3272187484504436,-1.677464701480094,,,True,2.8,30.4,2.4,E,,,
ALNT,109.68,,7.58,91.7,75.45992689997728,67.11869618341579,7.0080953750439745,,,True,96.4,91.7,63.3,B-,,,
ALNY,227.12,,54.17,13.2,-22.080418856460994,-29.527120790248386,5.497485798331558,,,True,5.4,4.2,43.0,D,,,
ALOT,28.9,,0.31,94.1,98.62542693147954,196.7145751389145,6.93624552560597,,,True,98.0,97.9,61.8,B-,,,
ALPMY,14.54,,16.2,52.8,-3.3244680935384574,-12.198065031606586,8.761774660969781,,,True,22.4,16.3,81.6,A-,,,
ALRM,55.79,,6.28,75.8,31.76665308343727,20.133507570041665,12.653366920589143,,,True,86.3,71.2,97.6,A+,,,
ALRS,33.9,,1.45,84.4,27.39572163051074,35.545787788400254,8.435837581996438,,,True,83.2,83.0,78.7,B+,,,
ALSN,122.92,,10.68,70.2,0.36743542822348374,5.556031059635291,6.2275382576201475,,,True,32.0,49.0,53.1,C,,,
ALUB,10.13,,0.0,,1.0978009146897394,1.198800028124336,,,,True,36.2,37.8,,,,,
ALV,121.41,,8.14,39.0,0.024718785722011027,-4.03129897865041,8.447803837511518,,,True,30.5,27.1,78.7,B+,,,
ALX,274.63,,5.11,74.7,21.062378171837114,19.39396786488674,6.82684466474889,,,True,76.5,70.4,60.4,C+,,,
AL,65.0,,0.0,59.9,1.2145748987854255,2.0568378081331495,6.400380782807207,,,True,37.0,41.1,55.1,C,,,
AMADY,65.97,,22.6,41.2,10.37309806835398,10.576603066425804,6.759471214707846,,,True,59.1,57.5,59.4,C+,,,
AMAL,51.08,,0.99,85.7,27.66808755574779,26.154610597813498,6.956042340432264,,,True,83.4,77.2,62.3,B-,,,
AMAT,534.54,,27.73,89.8,22.429623239812123,57.27314876643044,0.2723686238750016,,,True,78.1,90.3,5.8,E,,,
AMBA,81.96,,15.23,65.9,-0.17052486665936062,22.5661718027107,11.367862219620408,,,True,29.6,74.0,95.1,A+,,,
AMBQ,64.34,,29.77,84.8,-9.74891918695847,119.44064463700657,1.955821064011222,,,True,13.2,96.4,12.1,E,,,
AMCR,46.38,,8.95,68.0,18.61892856295455,-7.406665865212158,9.883549738776352,,,True,73.2,21.7,89.8,A,,,
AMCX,12.02,,3.99,87.2,43.265798066313124,60.266672770182296,8.46364903547553,,,True,91.8,90.7,79.2,B+,,,
AMD,483.01,,17.4,89.1,8.419755278479247,126.1494567682484,2.382957608846363,,,True,55.4,96.8,14.5,E,,,
AME,256.22,,1.89,75.0,10.716446815617985,8.895406188407119,7.796873249153618,,,True,59.9,54.5,72.0,B,,,
AMFC,34.77,,0.0,65.5,3.1750732065291665,4.4144181813287275,4.830120375182048,,,True,43.5,46.9,36.2,D,,,
AMGN,417.84,,0.94,79.7,24.1908147831448,13.983304145859199,9.100600428380679,,,True,80.2,63.2,83.5,A-,,,
AMG,367.1,,6.57,81.1,20.9634921917476,19.153496089946344,3.335236824862511,,,True,76.4,70.2,21.7,E,,,
AMH,34.25,,4.46,59.0,8.937659033078882,7.908002520478896,8.050446401515902,,,True,56.4,53.3,74.9,B,,,
AMJB,37.67,,0.0,68.1,4.302797012253046,11.880006441774004,10.616367912515292,,,True,46.0,59.6,92.7,A+,,,
AMKR,57.75,,40.27,71.4,-22.59750703659027,2.8128894427630335,0.2655457344037089,,,True,5.0,43.7,5.8,E,,,
AMLX,22.48,,8.62,90.7,54.18381030340418,56.65504907481762,12.28376123730135,,,True,93.8,90.1,97.1,A+,,,
AMN,34.49,,7.33,87.7,11.726600837275015,76.50973223370931,6.162585424232571,,,True,61.6,93.3,52.2,C,,,
AMPH,20.18,,35.44,25.2,10.152840093754257,-29.41587861078775,8.943176417183333,,,True,58.6,4.2,83.1,A-,,,
AMPX,11.94,,50.71,23.6,-31.84931746356563,7.470743297779481,1.9555032809511577,,,True,2.0,52.6,12.1,E,,,
AMP,570.68,,0.09,76.7,21.63348665241085,17.433532117001672,10.955176372339835,,,True,77.2,67.8,93.7,A+,,,
AMRC,27.79,,38.15,32.0,-4.106277034067141,-17.51261230178882,4.57419142729097,,,True,21.1,11.3,33.8,D,,,
AMRN,14.15,,32.3,26.9,-5.792279503793118,-6.353410863466092,4.961315813588339,,,True,18.3,23.0,37.2,D,,,
AMRX,17.27,,10.33,85.1,39.38660579308855,17.48299631131751,6.038203155340634,,,True,90.1,68.0,50.7,C-,,,
AMRZ,46.75,,29.1,22.5,-8.008657456246947,-20.682047693813523,0.9133735560358254,,,True,15.5,9.1,7.7,E,,,
AMR,155.6,,38.7,21.8,-13.285774574500875,-18.49562301423937,5.982530350107533,,,True,10.3,10.5,49.7,C-,,,
AMSC,31.51,,55.3,15.0,-43.45953664295382,-8.026852805365326,1.0358517809852348,,,True,1.0,20.7,8.2,E,,,
AMSF,27.2,,43.17,16.7,-9.874086272566418,-29.203537837221628,0.8407386874560423,,,True,13.1,4.3,7.2,E,,,
AMTB,29.19,,4.61,84.6,29.733335706922738,27.746173015569433,8.856864886557652,,,True,85.2,78.6,82.1,A-,,,
AMTM,21.67,,43.14,21.0,-6.393086680881288,-28.693647543555834,5.5194452371631115,,,True,17.5,4.5,43.5,D+,,,
AMT,174.19,,18.9,31.3,0.18404695543006167,-3.4851493564903246,5.733763986562392,,,True,31.1,28.1,46.4,D+,,,
AMUB,23.33,,3.7,65.1,2.7794916003236247,10.415484493211569,5.548189743871838,,,True,42.6,57.1,43.9,D+,,,
AMWL,12.94,,8.81,93.1,67.39973583936998,199.53702732368748,6.140124691778398,,,True,95.8,98.0,51.7,C,,,
AMX,23.26,,18.27,29.2,-14.233037504123025,-1.3570813024519235,-0.7377352527496166,,,True,9.4,32.2,3.9,E,,,
AMZN,265.13,,7.68,59.9,-1.8509588409978517,29.914741710511805,5.890892096528898,,,True,25.2,80.2,48.3,C-,,,
AM,22.08,,7.36,61.1,2.411873486577254,8.023482992691067,4.775589957284922,,,True,41.5,53.5,35.7,D,,,
ANAB,56.02,,22.58,89.1,-10.632526987694558,52.09063661893902,2.9904158007366846,,,True,12.4,89.0,18.8,E,,,
ANCTF,66.51,,0.82,76.1,17.594024578254675,9.193896409205603,5.766758494111915,,,True,71.6,55.2,46.4,D+,,,
ANDE,65.14,,20.67,53.6,-9.047752876782411,-5.744466228261558,-1.7042652959551603,,,True,14.2,24.2,2.4,E,,,
ANDG,48.3,,4.85,,36.0563358790438,163.35877227484707,,,,True,88.6,97.5,,,,,
ANET,203.62,,5.24,86.8,44.72954376088385,44.760411714195584,11.406094441679638,,,True,92.1,86.7,95.1,A+,,,
ANF,108.82,,18.25,83.0,51.349095542175526,18.954962499807838,12.687958106902476,,,True,93.4,69.8,97.6,A+,,,
ANGO,15.66,,2.79,86.1,44.46494324180912,37.73086937037915,11.38402462159786,,,True,92.0,83.9,95.1,A+,,,
ANIK,21.17,,7.47,91.1,43.04054105604016,106.53658611018484,12.541599013150156,,,True,91.7,95.8,97.1,A+,,,
ANIP,74.77,,24.85,24.5,-7.554405733102854,-1.9409880090932363,5.711569089196045,,,True,16.0,31.0,45.9,D+,,,
ANL,12.86,,25.45,95.0,-7.747491702458776,38.42841395777445,1.5481141923815178,,,True,15.8,84.2,10.1,E,,,
ANPDY,229.07,,34.01,22.7,-8.302305927331977,-15.099510990332233,9.537490086849742,,,True,15.1,13.6,87.4,A,,,
ANRO,32.3,,4.07,95.0,41.356670621709156,93.29742212483869,11.096874483081804,,,True,90.9,95.1,94.2,A+,,,
ANSC,11.46,,0.35,41.0,0.9691633316913917,1.9572957130513657,1.3148772263967787,,,True,35.2,40.4,9.2,E,,,
AN,208.41,,11.62,52.5,9.052380127732395,0.2887270401373154,8.103342104722657,,,True,56.6,35.4,75.3,B+,,,
AOD,10.73,,0.56,57.2,1.8993308854352131,3.771755727624071,4.202964299247871,,,True,40.0,45.8,29.9,D-,,,
AON,357.08,,6.61,59.2,14.853646372552486,15.198240659504346,7.6963382122500725,,,True,67.0,65.0,71.5,B,,,
AORT,28.41,,41.12,25.8,27.80026921912779,-29.152120081266563,9.351806554271366,,,True,83.4,4.3,86.0,A,,,
AOSL,30.62,,43.65,37.1,-26.376530802516484,46.08779026351812,1.7653136701886476,,,True,3.6,87.1,11.1,E,,,
AOS,62.5,,23.66,33.9,9.687609687609688,-22.089254549987537,10.032008475343645,,,True,57.8,8.0,90.8,A,,,
AOUT,12.89,,13.89,87.0,47.821104854618724,49.36269227488705,5.848422111249606,,,True,92.7,88.1,47.8,C-,,,
APAC,10.2,,0.1,,0.990093307113904,1.7456378792413352,,,,True,35.4,39.6,,,,,
APAM,42.68,,11.93,59.3,15.726681955465782,-3.591596328945612,10.125942905869069,,,True,68.6,27.9,90.8,A,,,
APA,40.0,,12.4,82.9,8.195834460373286,41.542816702052356,9.856708633143985,,,True,55.0,85.5,89.8,A,,,
APC,19.07,,12.2,,-9.017173054404214,,,,,True,14.3,,,,,,
APD,305.52,,2.97,57.0,-0.22208066176619967,4.22323429544651,5.516563091915836,,,True,29.4,46.7,43.5,D+,,,
APEI,45.24,,26.55,38.0,-14.49631132400907,4.649552807001611,-0.32750942658470983,,,True,9.4,47.3,4.3,E,,,
APELY,27.72,,13.78,49.0,0.3984016681321201,3.975992018039265,10.720271842843788,,,True,32.1,46.2,93.2,A+,,,
APGE,134.45,,0.32,92.2,60.173930126569196,104.30025368217927,7.724089428901291,,,True,94.7,95.7,71.5,B,,,
APG,43.48,,13.02,54.9,0.5085518775689524,-3.3563024177898915,7.523101834866589,,,True,32.6,28.5,69.5,B,,,
APH,165.75,,7.15,80.0,32.98299101412068,15.072202166064997,5.242488735519782,,,True,87.1,64.7,40.6,D,,,
APLD,30.62,,39.64,35.4,-32.67370088119305,-16.338795521220227,0.7835035945415836,,,True,1.8,12.4,7.2,E,,,
APLE,15.87,,8.16,76.7,15.083392933713435,28.50202336485088,4.575703780115271,,,True,67.4,79.1,33.8,D,,,
APLM,17.37,,58.76,82.7,28.409853176856647,-13.106549078372186,3.0746548194661827,,,True,84.0,15.5,19.8,E,,,
APLS,41.03,,0.27,91.6,89.0783410138249,104.94505494505498,8.35182068067827,,,True,97.6,95.8,77.8,B+,,,
APOG,42.57,,16.33,72.1,20.903151646760065,2.110817209940574,7.167213358792087,,,True,76.3,41.3,64.7,B-,,,
APO,143.58,,6.33,66.4,9.103344856424545,13.099646972079304,11.10919802457397,,,True,56.7,61.8,94.2,A+,,,
APPF,203.97,,29.36,67.5,35.501229801835585,14.115475674556954,14.548005451573262,,,True,88.4,63.3,98.5,A+,,,
APPN,37.01,,19.65,88.3,97.70298248682268,58.09482409881761,21.363433358830797,,,True,97.8,90.4,99.0,A+,,,
APP,312.67,,58.07,12.3,-31.058581917903027,-31.55359702551731,-2.3832767601653195,,,True,2.1,3.6,1.4,E,,,
APTV,49.17,,44.71,15.5,-9.297181020207878,-41.29656379065746,3.7062848177618744,,,True,13.8,1.6,25.1,E,,,
APXT,10.11,,0.79,,1.0999965667724654,1.6080386982834094,,,,True,36.2,39.1,,,,,
ARCB,146.74,,16.95,87.9,31.628996674887034,38.39479910701129,3.8632638908259755,,,True,86.2,84.1,26.6,E,,,
ARCC,20.19,,11.29,46.6,7.5079900642045505,1.4063311605103879,11.00506757461692,,,True,53.4,38.5,93.7,A+,,,
ARCI,10.17,,0.29,,2.31388838652018,,,,,True,41.0,,,,,,
ARDC,12.42,,17.37,28.1,-3.571427979084285,-6.82670610432149,4.121564575271645,,,True,22.0,22.5,28.5,E,,,
ARDT,11.02,,28.81,60.8,11.200813596797655,17.860962654115298,10.273076465743202,,,True,60.7,68.4,91.3,A,,,
ARES,149.45,,23.46,66.3,21.326511567009398,8.785847247228261,14.1943772657777,,,True,76.9,54.4,98.5,A+,,,
ARE,48.42,,45.13,27.3,2.4328287898145007,-9.933039120265407,4.62000543794001,,,True,41.6,18.3,34.3,D,,,
ARGX,856.94,,10.13,56.0,6.75719477281751,2.682883283375026,4.064456382552272,,,True,52.1,43.2,28.0,E,,,
ARIS,17.4,,25.29,75.7,-11.719936952012233,-13.303438549540692,5.579147975878989,,,True,11.5,15.3,43.9,D+,,,
ARKAY,71.81,,9.51,53.4,-2.7886897406181554,-7.9004791146184195,6.474248922981071,,,True,23.5,21.0,56.0,C,,,
ARLO,14.35,,28.03,50.4,13.52848403061493,24.134951396796932,8.194674411128887,,,True,64.5,75.5,76.3,B+,,,
ARLP,24.88,,15.52,35.9,0.20136593139992165,-2.431375840130978,5.1163001065712255,,,True,31.3,30.3,39.1,D,,,
ARLUF,46.2,,2.86,77.5,26.36761221976036,16.696136865055024,8.018912887401992,,,True,82.4,66.8,74.4,B,,,
ARL,15.26,,37.56,41.1,17.114353253122317,-14.028167724609375,3.5150102523615603,,,True,70.9,14.7,23.2,E,,,
ARMH,11.71,,38.56,87.7,26.537010239813785,122.23277094714659,3.1016382921928765,,,True,82.4,96.5,19.8,E,,,
ARMK,61.11,,0.73,84.7,20.413794306111456,44.844751387417794,6.290859484988659,,,True,75.7,86.7,53.6,C,,,
ARM,278.65,,38.45,88.0,25.966273629801705,122.42177035159992,3.7552399695900047,,,True,82.0,96.5,25.1,E,,,
AROC,33.34,,21.05,49.1,-9.402173498402465,2.933004484680124,1.3773218917924517,,,True,13.7,44.2,9.7,E,,,
AROW,39.05,,8.55,71.9,10.12408132278777,11.667141083959255,3.798744214274863,,,True,58.5,59.3,25.6,E,,,
ARQQ,23.75,,61.69,81.1,71.72812725958062,37.12471131639723,14.318011623850023,,,True,96.2,83.7,98.5,A+,,,
ARQT,25.83,,18.7,67.7,19.08713657771348,-2.8582176618802024,5.67062979318526,,,True,73.9,29.5,45.4,D+,,,
ARR,16.72,,13.41,33.1,-3.8527929076797474,-5.322767195048172,3.3068577106640564,,,True,21.5,24.8,21.7,E,,,
ARTNA,35.7,,0.42,64.0,10.287305415321146,7.854987199212848,10.969748038027785,,,True,58.9,53.2,93.7,A+,,,
ARTV,11.3,,22.23,92.4,7.619049435570124,193.50650573102547,7.5472231077511065,,,True,53.6,97.9,69.5,B,,,
ARWR,85.59,,10.37,89.6,9.899841214548832,39.0576707358093,4.774910414287911,,,True,58.2,84.6,35.7,D,,,
ARW,209.19,,11.86,82.0,-1.2416190910177205,32.55814108193793,2.9951632939168142,,,True,26.7,81.7,18.8,E,,,
ARXS,57.69,,6.2,,62.96609079108413,,,,,True,95.2,,,,,,
ARX,19.51,,35.98,87.0,55.70631001326849,70.24432952826159,16.744212864780753,,,True,94.0,92.2,99.0,A+,,,
AR,36.82,,19.52,46.2,0.21774549489443906,4.8704064221709364,8.107660754296454,,,True,31.4,47.6,75.3,B+,,,
ASA,57.4,,31.01,37.4,-17.90617630738143,-20.531632942158517,5.394833508956136,,,True,7.1,9.4,42.0,D,,,
ASBFY,27.97,,12.48,56.1,16.63886508459067,2.7553270349718106,8.194747193622002,,,True,70.1,43.4,76.3,B+,,,
ASB,32.16,,0.86,75.9,17.201165624679703,13.679744953736694,9.146942135212395,,,True,71.1,62.6,84.0,A-,,,
ASC,17.31,,13.58,73.2,-7.6800028483072875,27.46685910119575,3.9512225869481012,,,True,15.8,78.4,27.0,E,,,
ASGI,24.69,,4.86,60.2,4.309254474261159,0.08107229046458997,8.158308480929865,,,True,46.1,34.8,75.8,B+,,,
ASGN,17.96,,70.44,8.7,-56.649770697562154,-60.47535211267605,-2.2652829028517587,,,True,1.0,1.0,1.4,E,,,
ASH,73.35,,6.26,82.1,29.82300614888689,17.491588137307534,7.530756235333621,,,True,85.3,68.0,69.5,B,,,
ASIC,25.07,,3.58,80.8,29.42694170691842,41.239434900418125,9.637906058554409,,,True,84.9,85.4,87.9,A,,,
ASIX,16.53,,38.16,18.2,-26.106389420449226,-12.354185118528594,1.7298881780826996,,,True,3.8,16.2,11.1,E,,,
ASMB,29.95,,24.58,39.7,-5.580073256811302,9.466377057527243,11.937126785745434,,,True,18.7,55.7,96.1,A+,,,
ASMH,12.57,,7.75,86.6,17.993351339599585,30.839466500811994,4.170622158489684,,,True,72.3,80.8,29.5,D-,,,
ASML,1847.9,,7.6,86.5,16.83885888883665,28.717010957841673,2.276847239784578,,,True,70.4,79.3,14.0,E,,,
ASND,246.23,,12.73,60.6,1.0879365003444663,11.169802576883402,3.404735785276256,,,True,36.1,58.6,22.2,E,,,
ASO,48.93,,21.64,29.2,-2.081248138531555,-17.709383946895763,3.9745605302955447,,,True,24.6,11.1,27.0,E,,,
ASPC,10.6,,83.43,25.2,-6.194688473006249,-17.70186112354828,14.246543839836521,,,True,17.9,11.2,98.5,A+,,,
ASR,267.08,,30.0,20.0,-12.493041980188835,-29.282181117836835,2.907087554550822,,,True,10.8,4.3,17.9,E,,,
ASST,12.58,,95.01,14.5,-24.85065756447995,55.50061710390675,8.66892421925018,,,True,4.3,89.8,80.6,A-,,,
ASTE,42.34,,35.55,19.4,-13.679918139474223,-26.999999736917434,-2.234897239779407,,,True,9.8,5.2,1.4,E,,,
ASTH,37.79,,26.76,75.4,-4.954726067587156,98.58119240949732,4.752034904128209,,,True,19.6,95.6,35.3,D,,,
ASTS,71.52,,46.57,31.6,-4.397812266987833,-26.207184643967807,5.852160684395708,,,True,20.5,5.6,47.8,C-,,,
ASX,39.64,,12.92,91.3,11.756412150122465,66.97556608950481,2.9004878312055746,,,True,61.6,91.7,17.9,E,,,
ASYS,16.0,,37.77,81.2,-22.7426364075326,39.2515230635335,-0.43965517548959276,,,True,4.8,84.7,3.9,E,,,
AS,33.12,,22.54,29.2,1.0372145573055658,-16.804825591849372,3.897642687991258,,,True,35.7,11.9,26.6,E,,,
ATAT,33.07,,23.4,23.0,-10.766325702039348,-15.702269449849037,6.94313649303893,,,True,12.2,13.0,61.8,B-,,,
ATEN,27.0,,29.85,71.3,-2.6325279480706842,29.001433349259443,-2.607007887197497,,,True,23.7,79.7,1.4,E,,,
ATEX,91.49,,19.04,94.5,65.47295688871321,208.04713085444288,3.9296222136256826,,,True,95.5,98.1,27.0,E,,,
ATEYY,231.48,,1.08,89.7,27.917769522291703,25.91383579609392,8.003550803467945,,,True,83.6,77.0,74.4,B,,,
ATHM,22.54,,24.67,58.2,17.395838101704932,3.5369816974154533,11.629217936674813,,,True,71.4,45.4,95.6,A+,,,
ATII,10.66,,6.49,37.2,-1.7964044500000553,0.5660326771994351,6.766365433088958,,,True,25.5,35.8,59.4,C+,,,
ATI,227.22,,6.71,91.2,37.85112007565559,63.79757873464757,6.084543517164642,,,True,89.5,91.2,51.2,C,,,
ATKR,93.83,,0.33,84.8,24.360506071643062,39.4205079213294,7.887029714665133,,,True,80.4,84.8,73.4,B,,,
ATLCY,19.16,,1.74,74.6,14.524807959743423,1.8065895754578287,6.197140348287034,,,True,66.3,39.9,52.6,C,,,
ATLC,97.04,,15.13,86.0,27.148848159758067,75.9564839810106,4.983562963755761,,,True,83.0,93.2,37.7,D,,,
ATLKY,22.1,,1.43,76.4,16.377043959113436,1.2832295626105106,7.81217258959056,,,True,69.7,38.1,72.4,B,,,
ATLO,31.78,,1.4,80.2,14.563809252507243,16.027749859969,10.27259146489789,,,True,66.3,66.3,91.3,A,,,
ATMP,36.34,,2.26,67.1,2.9170211061679163,12.542583315540078,5.7841504367053895,,,True,42.9,60.7,46.8,C-,,,
ATMU,49.79,,25.13,27.6,-8.051706527188651,-20.968252515035967,1.906755864489675,,,True,15.5,8.9,12.1,E,,,
ATNI,31.87,,4.61,85.3,18.43181285482496,23.145289177872485,9.934149415735254,,,True,73.0,74.5,89.8,A,,,
ATO,169.96,,11.71,30.2,-5.551538364063802,-3.4153510746904647,3.9718653466413922,,,True,18.8,28.3,27.0,E,,,
ATRC,43.49,,2.01,86.4,63.557734781748024,32.18845494974711,15.782141420524313,,,True,95.3,81.6,99.0,A+,,,
ATROB,92.24,,1.59,91.5,38.35992761569047,53.733329772949226,16.8911628822242,,,True,89.8,89.2,99.0,A+,,,
ATRO,92.61,,1.96,92.0,44.887404621427194,53.96099290850378,9.662637524416587,,,True,92.1,89.3,88.4,A,,,
ATR,132.57,,9.76,57.7,12.461831798624656,-5.313900918349579,6.478912932787148,,,True,62.9,24.9,56.0,C,,,
ATS,20.13,,43.8,13.1,-38.85176439621324,-34.55787008853511,0.6733041789531615,,,True,1.0,2.6,6.8,E,,,
AUBN,26.5,,8.24,56.9,11.672987779182463,6.000000000000005,12.31371993991583,,,True,61.5,49.6,97.1,A+,,,
AUB,42.66,,2.2,73.9,16.940789055406015,4.048780115639294,7.176322147209985,,,True,70.6,46.3,65.2,B-,,,
AUGO,74.85,,32.15,83.7,-5.563971162314063,-0.5447829530581427,9.252270832070064,,,True,18.7,33.7,85.0,A,,,
AUPH,15.18,,21.14,36.4,-5.302555800525388,4.61750727205914,3.9938311442263963,,,True,19.3,47.2,27.5,E,,,
AU,95.07,,26.38,62.3,-7.130995706921739,-15.320210479358487,7.237283763507852,,,True,16.4,13.3,65.7,B-,,,
AVAV,189.43,,54.67,25.7,17.665688971849946,-22.179774597082712,11.954021666284019,,,True,71.8,7.9,96.6,A+,,,
AVA,38.65,,11.15,29.2,-5.2463801768107166,-7.380777556005491,1.9993551123806625,,,True,19.4,21.8,12.6,E,,,
AVBC,22.05,,3.7,78.5,14.485975986619648,16.358830339383235,4.5327597475235635,,,True,66.2,66.6,33.3,D-,,,
AVBH,32.88,,3.8,73.6,12.602743383956284,8.982436420667007,3.16946658817809,,,True,63.2,54.7,20.3,E,,,
AVBP,30.0,,16.27,75.9,3.698582786035254,38.760407030527276,5.494165298860241,,,True,44.7,84.5,43.0,D,,,
AVB,183.91,,7.41,37.5,-1.3675835771160716,2.268811467557885,3.435472675704945,,,True,26.3,41.9,22.7,E,,,
AVEX,20.89,,50.66,,-19.31247631469294,,,,,True,6.5,,,,,,
AVGO,417.82,,15.59,68.5,0.24712860774460665,21.898706769815245,6.908404420866917,,,True,31.5,73.3,61.3,B-,,,
AVK,13.07,,1.58,45.1,1.553999182783361,2.590264480566873,4.711592032870248,,,True,38.7,43.1,35.3,D,,,
AVLN,36.58,,8.53,,18.65067116956849,,,,,True,73.3,,,,,,
AVNS,24.99,,1.96,87.3,1.1331444759206777,90.76335877862596,0.21927163974676844,,,True,36.4,95.0,5.8,E,,,
AVNT,46.12,,1.11,84.2,34.34313699937306,12.845605412000904,11.358544467143144,,,True,87.8,61.3,95.1,A+,,,
AVNW,21.82,,19.25,69.2,42.14983514543464,-15.817902411943606,4.893762890239849,,,True,91.3,12.8,36.7,D,,,
AVO,13.03,,16.1,44.0,4.574636701213408,-4.612007811338281,5.268896871632336,,,True,46.6,26.0,40.6,D,,,
AVPT,13.75,,18.01,78.6,43.37851929092804,30.208333333333325,12.6922075616252,,,True,91.8,80.4,97.6,A+,,,
AVTR,13.85,,13.06,87.4,75.98475707077161,43.67220312727931,15.428412486734477,,,True,96.5,86.3,98.5,A+,,,
AVTX,19.45,,19.86,78.4,-2.015109506602253,35.5400750030624,8.899116705440845,,,True,24.9,82.9,82.6,A-,,,
AVT,95.99,,4.01,86.3,11.331475137751724,44.693997382830155,4.689906099493161,,,True,60.9,86.7,35.3,D,,,
AVY,180.01,,9.79,57.9,13.399265784827975,-6.62413398338213,9.868104965989149,,,True,64.3,22.8,89.8,A,,,
AWF,10.18,,10.94,32.0,2.9977974547179542e-06,-4.7708109899365585,5.505504311997422,,,True,30.5,25.7,43.0,D,,,
AWI,181.68,,11.84,54.2,14.95823378624479,-9.580454548459038,11.546936079879261,,,True,67.2,18.8,95.6,A+,,,
AWK,136.46,,7.72,49.0,7.136693659313176,10.32420301873005,7.841659998124836,,,True,52.6,57.0,72.4,B,,,
AWP,11.81,,7.08,36.1,-0.42158162211889394,-3.117305827590655,4.179787234859864,,,True,28.7,28.9,29.5,D-,,,
AWR,88.73,,1.53,73.1,14.446025224988501,25.042282070086806,9.463655593977723,,,True,66.1,76.3,86.9,A,,,
AXAHY,51.6,,1.83,65.4,13.033946877020686,15.127172747571048,7.619958510376605,,,True,64.0,64.8,70.5,B,,,
AXGN,48.05,,3.77,89.2,19.26036047917734,41.74041072879218,9.781188136176837,,,True,74.2,85.7,89.3,A,,,
AXIN,10.31,,1.34,40.0,1.177633407016132,1.9177564331299024,7.224824982168487,,,True,36.7,40.3,65.2,B-,,,
AXON,615.59,,25.35,82.6,63.36447822712934,41.694102164913986,14.734642787936053,,,True,95.2,85.6,98.5,A+,,,
AXP,343.65,,11.31,49.1,10.994474951223921,-2.9264727277522162,7.380526660672489,,,True,60.4,29.4,67.6,B,,,
AXR,22.19,,23.51,26.1,-10.52419139492896,-5.854898031151389,4.023059988993058,,,True,12.5,23.9,28.0,E,,,
AXSM,213.68,,17.88,74.2,-9.19599155372206,14.75215760473725,1.305074320286396,,,True,13.9,64.1,9.2,E,,,
AXS,100.01,,16.65,35.6,2.8274749498565344,-1.5261893105253388,3.8645060984472863,,,True,42.7,31.9,26.6,E,,,
AXTA,37.05,,4.04,79.9,32.748116220209766,10.333529592199376,6.732247429582869,,,True,87.0,57.0,58.9,C+,,,
AXTI,77.45,,45.9,97.6,-36.485159137082015,188.9925259262768,4.2959038294455665,,,True,1.3,97.9,30.9,D-,,,
AX,100.81,,4.66,73.1,21.721803379127948,6.440711180016634,6.185284814629774,,,True,77.3,50.6,52.6,C,,,
AYA,26.94,,6.75,91.2,25.887852962886072,47.94069486028345,12.521643604505217,,,True,81.9,87.7,97.1,A+,,,
AYI,359.77,,5.37,73.5,26.746517179380614,11.719401612791325,8.414222500032233,,,True,82.5,59.3,78.7,B+,,,
AZN,157.24,,26.08,20.6,-16.236945720666917,-23.207655062920463,3.4744841969616562,,,True,8.2,7.4,22.7,E,,,
AZO,3040.37,,30.71,21.3,-9.69528490973598,-18.6163781788916,4.877511830674894,,,True,13.3,10.5,36.7,D,,,
AZTA,33.91,,18.74,87.1,99.11920051328306,11.362889482469974,17.93316511554993,,,True,98.0,58.9,99.0,A+,,,
AZZ,150.35,,7.31,73.5,4.185438364296035,9.377277828834284,4.652313489825142,,,True,45.8,55.6,34.8,D,,,
A,149.29,,6.85,77.0,32.41972084986058,15.818458716937789,13.360897163116169,,,True,86.9,66.0,98.0,A+,,,
BABA,122.16,,36.6,21.2,-16.219735503662736,-25.65725190962185,8.556171509562951,,,True,8.3,5.9,79.7,B+,,,
BACC,10.54,,5.04,42.1,1.2584103815466818,2.7387927003947654,5.981305432395509,,,True,37.2,43.4,49.7,C-,,,
BAC,64.09,,1.7,79.4,28.591485429154528,19.015777786240704,10.142521870302295,,,True,84.2,70.0,90.8,A,,,
BAESY,120.83,,4.1,74.8,16.037647009559876,13.540689561224095,6.1276961378791315,,,True,69.1,62.4,51.7,C,,,
BAH,78.4,,30.14,35.2,9.512503877467381,-1.7420710291027652,11.536036491952984,,,True,57.3,31.4,95.6,A+,,,
BALL,61.93,,9.31,64.7,9.707706475067802,-8.033857580671555,5.741033163215905,,,True,57.8,20.7,46.4,D+,,,
BALY,13.49,,34.96,41.5,9.585700821431065,-7.221459620920467,5.570639019402002,,,True,57.5,21.9,43.9,D+,,,
BAM,55.86,,11.85,67.8,16.764215322641206,6.684493144292514,12.970169377965155,,,True,70.3,51.1,97.6,A+,,,
BANC,19.63,,10.49,56.6,6.626828684229236,-3.8216601628289992,4.713424911321871,,,True,51.8,27.5,35.3,D,,,
BAND,54.06,,31.64,92.8,5.979222453030819,313.6189852585387,0.8222553707406042,,,True,50.2,98.5,7.2,E,,,
BANF,115.68,,16.64,44.9,6.715867440199053,-0.7379437916803067,6.283782625036812,,,True,51.9,33.3,53.6,C,,,
BANR,73.69,,0.69,72.8,16.487515715153744,13.877302490196652,10.288185008226163,,,True,70.0,63.1,91.3,A,,,
BANX,20.66,,12.72,42.2,5.300712779878225,3.3516750745978596,10.829491918602624,,,True,48.2,44.9,93.7,A+,,,
BAP,375.14,,9.22,77.2,18.087388141663773,9.1538683218219,0.7443522264035991,,,True,72.5,55.1,7.2,E,,,
BASFY,14.43,,11.2,38.1,-8.84396478381354,-5.8093956095124355,5.071768176916345,,,True,14.5,24.0,38.6,D,,,
BATRA,56.69,,2.88,71.2,4.209556299097406,24.53866130647844,5.898509646315247,,,True,45.9,76.0,48.3,C-,,,
BATRB,71.0,,0.0,77.1,20.318590069479757,22.413793103448263,15.300375478092851,,,True,75.5,73.8,98.5,A+,,,
BATRK,53.16,,2.39,73.2,4.686884299748151,29.24872318845637,5.907427653851418,,,True,46.9,79.9,48.3,C-,,,
BAX,27.05,,9.83,86.6,56.268048740962165,21.463849290797256,11.519003640219914,,,True,94.2,72.7,95.6,A+,,,
BAYRY,13.84,,9.13,83.3,25.135620501789614,1.5407192691398341,7.828131641599143,,,True,81.3,38.8,72.4,B,,,
BAYZF,54.61,,11.03,82.2,22.884793649679104,-0.36489829944962304,0.534880204759764,,,True,78.8,34.0,6.3,E,,,
BA,230.33,,9.44,42.6,-4.268494667059564,-2.5099458939072616,6.346216854956858,,,True,20.8,30.1,54.6,C,,,
BBAR,16.02,,28.7,35.8,10.941831424956172,-11.78413844843793,2.0558499045227885,,,True,60.3,16.7,12.6,E,,,
BBCQ,10.17,,9.68,,-1.833972844399101,2.0060160873470068,,,,True,25.3,40.7,,,,,
BBGI,24.7,,15.7,95.3,47.023820741917774,505.3921868827705,11.68833273984508,,,True,92.6,98.7,96.1,A+,,,
BBIO,81.21,,13.07,76.1,18.364668538802874,10.74594174890584,6.676531463087787,,,True,72.8,57.8,58.0,C+,,,
BBNX,18.08,,44.73,81.6,87.74662210640807,28.04532627650356,16.2704017537775,,,True,97.5,78.8,99.0,A+,,,
BBN,15.98,,8.42,33.3,-2.864603709795688e-06,-3.0339833602164634,7.932064327465142,,,True,30.1,29.2,73.4,B,,,
BBSI,33.01,,33.51,34.8,14.737568027574577,2.9953145757666277,7.480198069163931,,,True,66.7,44.2,69.1,B,,,
BBT,32.36,,1.43,72.3,14.02396268622821,4.319795649102387,9.726898703948493,,,True,65.3,46.8,88.9,A,,,
BBUC,29.24,,23.56,22.4,-10.389213082690285,-19.780521889936452,2.3491463367009846,,,True,12.6,9.7,14.5,E,,,
BBVA,28.65,,1.0,82.5,31.422016598762713,18.97840373143802,7.207257775783782,,,True,86.0,69.9,65.2,B-,,,
BBWI,18.63,,42.36,23.6,-0.5869842008185522,-16.867473624423912,3.6742724592257385,,,True,28.3,11.8,24.6,E,,,
BBW,37.78,,50.19,22.9,5.707886903460757,-24.7260434761967,10.80699637405162,,,True,49.4,6.4,93.2,A+,,,
BBY,85.35,,6.49,82.6,53.72838341880599,27.23613368235107,10.416783088451135,,,True,93.8,78.1,91.8,A,,,
BCAL,21.74,,1.18,74.2,16.88171919956001,15.087346591414308,9.784358415027445,,,True,70.6,64.7,89.3,A,,,
BCAT,16.19,,0.06,56.8,2.9898252802647463,6.443133031279524,6.316331614781687,,,True,43.0,50.7,54.1,C,,,
BCAX,23.63,,23.75,81.3,12.577415047336139,59.662154434021694,4.175111212130112,,,True,63.1,90.6,29.5,D-,,,
BCC,84.13,,8.52,71.5,25.604654006297345,-5.9053827833374655,10.74239219941833,,,True,81.8,23.8,93.2,A+,,,
BCE,23.32,,12.07,30.8,-4.3870451216719175,-9.083821852537156,8.886541549377656,,,True,20.5,19.5,82.6,A-,,,
BCH,40.55,,13.3,66.4,15.989700334841373,-11.67501799812557,4.214302857355987,,,True,69.0,16.8,29.9,D-,,,
BCML,31.06,,11.21,46.1,2.305663590060547,2.5082490625161213,4.117397725053701,,,True,41.0,42.7,28.5,E,,,
BCOW,17.8,,0.78,89.1,65.89002084865373,63.00365601703797,8.923965784666793,,,True,95.6,91.0,82.6,A-,,,
BCO,114.55,,16.0,47.5,9.533374499672798,-12.376651838324925,9.535880645719029,,,True,57.4,16.1,87.4,A,,,
BCPC,177.14,,3.68,62.8,10.264549884623975,-0.8618763209937153,8.261751599882137,,,True,58.9,33.0,76.8,B+,,,
BCSF,12.66,,19.28,27.3,-5.663190406765207,-6.84326823096314,6.716148957336591,,,True,18.5,22.4,58.4,C+,,,
BCSS,10.25,,0.39,,0.8858282868066558,0.6876197713729937,,,,True,34.7,36.2,,,,,
BCS,28.09,,2.09,77.2,22.98599016019216,7.377676424265633,7.354685002192676,,,True,78.9,52.3,67.1,B,,,
BCV,25.56,,6.48,59.5,0.4716960139244497,8.997865526406756,2.827945758894594,,,True,32.4,54.7,17.4,E,,,
BCX,12.6,,9.09,63.1,0.8807076178520834,-5.120479055197835,5.731719770001035,,,True,34.6,25.2,46.4,D+,,,
BC,81.6,,9.58,61.5,4.374518385931303,-5.9040608001371115,3.2755746876591765,,,True,46.2,23.9,21.2,E,,,
BDCI,10.09,,1.66,,0.5982095833907408,0.09920862061036928,,,,True,33.2,34.9,,,,,
BDCX,21.42,,24.84,33.8,6.402428277006744,-5.940720592712334,11.658448268500033,,,True,51.0,23.8,95.6,A+,,,
BDCZ,15.73,,19.74,37.5,5.132660205802564,-2.5401155653662078,4.544225424427964,,,True,47.9,30.0,33.8,D,,,
BDC,137.16,,14.27,76.3,25.961983342923478,-3.5646462334884443,12.271876985373877,,,True,82.0,28.0,97.1,A+,,,
BDL,48.01,,0.46,88.2,57.40983056240394,48.86821184971535,16.233602462697572,,,True,94.3,88.0,99.0,A+,,,
BDSX,23.79,,6.78,92.9,62.50000625360206,129.8550813094429,4.294780560842209,,,True,95.1,96.9,30.9,D-,,,
BDX,181.97,,2.87,77.2,26.21029353634563,0.747426210111346,13.357496953306818,,,True,82.2,36.4,98.0,A+,,,
BEAG,10.75,,1.83,40.4,1.9827305429094721,2.1863073405723243,4.78485004934926,,,True,40.2,41.6,35.7,D,,,
BEAM,26.51,,30.71,32.3,-16.76609033318105,2.0007704073945254,2.2181735862681524,,,True,7.9,40.6,13.5,E,,,
BEKE,16.96,,19.16,29.8,-13.425221620864436,-9.978773436981658,8.609263371381855,,,True,10.1,18.3,80.2,B+,,,
BELFA,235.44,,19.78,80.1,-1.8672880787736434,6.461678698352369,2.6426734931119737,,,True,25.1,50.7,15.9,E,,,
BELFB,286.01,,14.7,84.3,7.151959300773636,19.97064168021183,2.671916114088541,,,True,52.7,70.9,16.4,E,,,
BEN,33.86,,6.67,77.2,5.680401405591651,22.90381346770076,5.5235054767208425,,,True,49.2,74.3,43.5,D+,,,
BEPC,35.87,,20.61,27.5,-3.6011853483344125,-17.063586284659504,6.542485124331035,,,True,22.0,11.5,56.5,C,,,
BEP,35.23,,7.58,69.0,2.2048144538332703,12.555909080627249,9.392093466572973,,,True,40.7,60.8,86.4,A,,,
BERZ,19.62,,82.08,10.3,-17.075228912792063,-67.62376099136402,2.8093048666984632,,,True,7.8,1.0,17.4,E,,,
BESIY,271.6,,27.44,76.5,-11.444409751057371,32.12687747094254,5.867475398496958,,,True,11.6,81.5,47.8,C-,,,
BETA,26.24,,33.57,,42.45385267336861,35.32749147545964,,,,True,91.5,82.8,,,,,
BETR,15.0,,84.05,9.8,-48.275862068965516,-48.471315699072484,0.9882973028983706,,,True,1.0,1.0,7.7,E,,,
BE,236.22,,32.75,89.7,-18.4773601529876,51.870902160668074,-0.5675643391953873,,,True,6.9,88.9,3.9,E,,,
BF-B,28.03,,12.19,44.8,7.148320667605157,-7.430645024288285,9.14710798403008,,,True,52.6,21.6,84.0,A-,,,
BFAM,73.25,,41.05,23.4,6.747303993004938,-10.2328431372549,6.826102136808236,,,True,52.0,18.0,60.4,C+,,,
BFC,158.42,,0.28,73.0,10.366447101118382,7.776037940639036,8.955682771956367,,,True,59.1,53.1,83.1,A-,,,
BFH,111.63,,2.18,87.1,33.864968525504224,46.82361864187554,7.356092850710313,,,True,87.6,87.3,67.1,B,,,
BFST,32.28,,0.75,76.7,19.37869371041745,10.472275083151516,8.430867890375534,,,True,74.3,57.2,78.7,B+,,,
BFS,35.0,,8.9,51.1,3.1839622641509413,2.249488752556239,4.501861017031649,,,True,43.5,41.8,32.8,D-,,,
BGB,11.3,,10.67,31.6,-1.6536101763719446,-2.837487611910039,10.869357542898932,,,True,25.7,29.5,93.7,A+,,,
BGC,10.94,,15.13,54.8,-1.9713299248808158,25.602750635858772,2.781905777873117,,,True,25.0,76.6,17.4,E,,,
BGH,14.27,,15.56,32.4,0.5637805339229862,-4.356565296490134,8.997286759150553,,,True,32.9,26.4,83.1,A-,,,
BGR,16.8,,5.08,65.6,3.1307503809732795,10.526310770135172,6.913500789617243,,,True,43.4,57.3,61.3,B-,,,
BGSI,91.98,,49.77,,-6.257642904379479,-49.430972749693524,,,,True,17.8,1.0,,,,,
BGT,11.03,,12.25,33.8,0.27272484519265117,-3.5839184180839867,7.171817495457679,,,True,31.7,28.0,65.2,B-,,,
BGX,10.9,,13.49,31.2,-3.499722267541472e-06,-3.2830557361998802,12.86017265379215,,,True,30.1,28.6,97.6,A+,,,
BG,112.73,,16.42,40.2,-10.545942424271072,-7.621074033488817,2.8750583472625255,,,True,12.5,21.4,17.9,E,,,
BHB,40.63,,1.1,78.6,20.136017351020797,17.32602098791578,9.915640690713571,,,True,75.3,67.6,89.8,A,,,
BHE,80.49,,19.84,81.7,-6.483097637075009,36.58577611364251,1.334529205517665,,,True,17.4,83.4,9.2,E,,,
BHF,59.54,,10.87,33.8,-2.855276691911657,-6.779394213985679,5.322207036598256,,,True,23.4,22.6,41.0,D,,,
BHKLY,131.46,,2.35,76.9,10.442752299458391,17.385489080714155,9.032417306599628,,,True,59.2,67.7,83.5,A-,,,
BHP,87.23,,7.03,75.8,-3.942293407186881,16.105421744887003,4.455740949428218,,,True,21.4,66.4,32.4,D-,,,
BHRB,73.2,,2.52,72.2,17.988389665122796,5.688704805431977,8.792152285229632,,,True,72.3,49.2,81.6,A-,,,
BHVN,14.85,,20.02,86.0,64.45183146699587,26.061123781576633,9.525343565887393,,,True,95.4,77.1,87.4,A,,,
BHV,12.84,,3.46,71.9,12.829526824146665,19.109463382076907,8.75503775992173,,,True,63.4,70.1,81.6,A-,,,
BH,388.16,,19.74,80.7,53.24726742552386,-5.838972500276696,6.456723153526152,,,True,93.7,24.0,56.0,C,,,
BIDU,104.68,,36.67,18.4,-30.445182521477886,-27.866592953985826,5.430247567352071,,,True,2.3,4.8,42.5,D,,,
BIIB,210.65,,4.13,72.7,2.9922230951373363,10.172590950044125,4.468488762110576,,,True,43.0,56.8,32.8,D-,,,
BILI,17.07,,53.1,14.4,-23.589974508396516,-46.38819191324052,4.1087023065663075,,,True,4.6,1.1,28.5,E,,,
BILL,51.31,,10.31,78.1,28.403406840067614,9.123780036773743,13.716155012557788,,,True,84.0,55.0,98.0,A+,,,
BIOA,10.43,,59.82,17.1,-45.50678872635346,-47.82390983192909,-5.259339896566232,,,True,1.0,1.0,1.0,E,,,
BIO,361.19,,1.04,83.0,48.32655843349607,22.983418720898307,14.382076791703895,,,True,92.8,74.3,98.5,A+,,,
BIPC,40.71,,21.29,30.7,0.24624251286051724,-20.176472383386944,3.660719001261757,,,True,31.5,9.5,24.6,E,,,
BIP,40.01,,9.15,64.6,4.437479304445846,2.1184234852812844,4.688842388140479,,,True,46.5,41.4,35.3,D,,,
BIRK,41.0,,23.41,55.1,23.979437556697913,2.499999999999991,3.219745562066425,,,True,79.9,42.7,20.8,E,,,
BIT,12.28,,18.78,28.0,-3.2308925691789447,-8.358210947976186,3.4165266057186514,,,True,22.7,20.2,22.7,E,,,
BIXI,10.05,,0.0,,0.8024064349388071,1.3104850145271962,,,,True,34.2,38.2,,,,,
BJRI,66.67,,10.63,90.0,61.27237099406217,56.686247165558925,8.05399877395428,,,True,94.9,90.1,74.9,B,,,
BJ,93.53,,14.07,34.2,-1.5473697060032876,-6.018891901831913,3.3777535217890193,,,True,25.8,23.6,22.2,E,,,
BKD,12.55,,26.57,50.6,-2.4105739445189456,-25.163982166160626,-0.8362196257394814,,,True,24.1,6.2,3.4,E,,,
BKE,44.82,,27.35,22.1,-7.511350196400701,-14.05560940589795,6.697479106592628,,,True,16.1,14.6,58.4,C+,,,
BKFG,94.0,,5.05,89.0,0.0,-5.05050505050505,-2.025090344046623,,,True,30.3,25.4,1.9,E,,,
BKHA,11.78,,10.08,41.0,0.5977773951425291,1.5517218359585527,3.58502428687369,,,True,33.1,38.8,23.7,E,,,
BKH,73.94,,6.04,45.2,-0.14854498122045534,1.8317069844460132,3.419509221354023,,,True,29.8,40.0,22.7,E,,,
BKNG,213.34,,7.96,77.1,37.61207272004814,23.67708092048273,12.54460687974858,,,True,89.4,75.1,97.1,A+,,,
BKR,63.44,,9.9,67.9,-3.011773999833378,3.575507961973856,4.759260863891548,,,True,23.0,45.5,35.3,D,,,
BKSY,30.99,,41.4,73.5,-24.690158514901185,46.732953461733715,7.680373350102261,,,True,4.4,87.3,71.0,B,,,
BKTI,76.3,,27.02,28.8,-12.620243871097326,-7.05323053751028,1.5763143768956542,,,True,10.7,22.2,10.1,E,,,
BKT,10.5,,11.47,30.9,-0.7561436672967825,-5.998209489704564,4.233733415492937,,,True,27.9,23.7,29.9,D-,,,
BKU,47.83,,8.21,58.2,4.341190730922095,-2.9620575551740913,5.087847380380532,,,True,46.2,29.3,39.1,D,,,
BKV,25.92,,21.0,31.0,-6.628242569946141,-17.714285472082715,6.238001802040131,,,True,17.2,11.1,53.1,C,,,
BK,143.63,,3.04,81.2,25.004351610095732,25.605596851770883,4.199360528533598,,,True,81.2,76.6,29.9,D-,,,
BLBD,64.67,,22.45,44.7,-8.915495536696739,11.943912357530383,1.9592966263745053,,,True,14.4,59.6,12.1,E,,,
BLCO,16.98,,10.23,51.8,4.492304875300479,-0.2936022182247422,10.338949313700406,,,True,46.5,34.1,91.8,A,,,
BLDR,73.56,,51.29,18.4,1.714598394073219,-42.05136477186564,7.151781118299592,,,True,39.4,1.5,64.7,B-,,,
BLD,354.53,,36.63,22.6,-3.9630512514898797,-16.602761638164253,1.5018091506603568,,,True,21.3,12.1,10.1,E,,,
BLFS,35.23,,0.34,88.5,66.41473567423866,58.33707659432057,14.416488066840074,,,True,95.7,90.5,98.5,A+,,,
BLFY,13.24,,10.18,78.5,5.8353317346123035,45.65456545654565,8.206656984575726,,,True,49.8,86.9,76.3,B+,,,
BLKB,46.21,,34.65,69.5,47.44734870603911,-8.258886074106297,17.97224629567772,,,True,92.6,20.3,99.0,A+,,,
BLK,1182.84,,3.04,64.9,8.11077285625743,9.23093655994316,8.19748181513528,,,True,54.8,55.3,76.3,B+,,,
BLLN,94.04,,37.49,,3.8083725765575505,9.68043300507835,,,,True,44.8,56.0,,,,,
BLRK,10.06,,5.81,,1.2072519547206229,1.616169770218434,,,,True,36.9,39.2,,,,,
BLSH,27.48,,76.71,13.8,-34.274100359654504,-13.801755753949863,10.0123110628002,,,True,1.7,14.8,90.3,A,,,
BLTE,166.28,,16.86,80.9,8.311619840605044,-5.015423980751244,8.015524917144422,,,True,55.3,25.4,74.4,B,,,
BLUW,10.35,,0.58,39.3,0.9756134777534342,0.29070433655684624,3.3012850697842024,,,True,35.3,35.4,21.7,E,,,
BLW,13.01,,9.02,34.8,2.764614762099815,-5.792902035613068,9.77487391050581,,,True,42.5,24.1,89.3,A,,,
BLX,54.81,,13.28,61.9,4.81927973473133,9.270337666050676,1.0481271715759757,,,True,47.3,55.3,8.2,E,,,
BLZE,20.43,,14.84,95.9,177.20488880835524,410.75000762939453,15.201526721779377,,,True,98.7,98.7,98.5,A+,,,
BLZR,10.17,,0.0,,0.6930662592116832,0.6930662592116832,,,,True,33.6,36.2,,,,,
BL,31.36,,47.36,22.8,24.296474872578532,-25.155129808230157,11.875138823227267,,,True,80.3,6.2,96.1,A+,,,
BMA,80.43,,24.23,40.0,12.473780317683936,-14.690283935961201,3.6979288174533025,,,True,62.9,13.9,24.6,E,,,
BMEZ,16.24,,0.06,67.0,13.80518410033753,7.692306174523633,10.835078408017933,,,True,64.9,53.0,93.7,A+,,,
BME,44.55,,0.98,67.7,12.642223102555118,6.349962370638695,8.61698971074254,,,True,63.3,50.4,80.2,B+,,,
BMI,130.43,,36.06,24.3,12.371838266374823,-16.88121802461047,8.28671520460913,,,True,62.8,11.8,76.8,B+,,,
BMNR,18.29,,74.51,15.1,-13.644944985870488,-6.060598045413313,10.949578419207946,,,True,9.9,23.5,93.7,A+,,,
BMN,25.6,,8.44,37.5,0.4906786318733092,-2.290074879886539,4.910222628273003,,,True,32.5,30.5,37.2,D,,,
BMO,184.16,,0.36,82.5,22.585371538380738,28.20048984483772,6.316928968170922,,,True,78.2,78.9,54.1,C,,,
BMRC,28.52,,7.76,65.6,11.449786861131983,4.660552138582275,5.260145831223446,,,True,61.2,47.3,40.6,D,,,
BMRN,68.53,,3.45,79.4,27.973853929592686,13.629578476698502,12.087224678892083,,,True,83.6,62.6,96.6,A+,,,
BMY,64.65,,5.07,75.2,14.64798993771752,7.875857710460377,9.970263026713644,,,True,66.5,53.3,90.3,A,,,
BNAI,16.15,,81.28,87.1,-35.062325619098225,-8.290746061724741,4.04934720508207,,,True,1.6,20.3,28.0,E,,,
BNED,12.24,,17.02,83.2,30.07438651560217,50.368547556734185,5.629621209819723,,,True,85.5,88.5,44.9,D+,,,
BNKD,25.64,,70.6,10.3,-44.20432207806181,-44.17637549014811,1.187488447957774,,,True,1.0,1.2,8.7,E,,,
BNKU,48.04,,0.61,89.3,59.55828061677737,36.137710459620756,9.533154211259701,,,True,94.6,83.2,87.4,A,,,
BNL,21.24,,8.05,65.8,7.164479168103743,9.090907915347547,3.8796501218745263,,,True,52.7,54.9,26.6,E,,,
BNPQY,64.92,,0.89,81.6,19.535990659856918,17.950576106605265,8.157752944983134,,,True,74.5,68.6,75.8,B+,,,
BNS,90.65,,0.26,79.7,18.574233519789285,17.437493879879405,6.278208253598953,,,True,73.1,67.8,53.6,C,,,
BNTC,12.56,,25.06,43.9,7.8111624001433455,7.8111624001433455,4.681162277707676,,,True,54.1,53.1,34.8,D,,,
BNTX,92.12,,25.71,27.2,-0.1192640717965654,-15.779847552951143,6.646104604830503,,,True,29.8,12.9,57.5,C,,,
BNT,45.03,,9.69,36.8,-0.2657834345584087,-3.761490106225951,5.879419439287663,,,True,29.2,27.6,48.3,C-,,,
BNY,162.25,,0.93,96.9,20.19408845099637,33.31963845521775,4.911424945099524,,,True,75.3,82.1,37.2,D,,,
BN,45.11,,9.0,38.1,0.04435708660801563,-3.238951929747824,7.369841319077276,,,True,30.6,28.7,67.6,B,,,
BOBS,19.43,,17.28,,58.74183552701804,2.2631595009251715,,,,True,94.4,41.9,,,,,
BOC,14.26,,6.31,73.7,27.094476193242745,14.171338902176434,6.9361336598316985,,,True,82.9,63.5,61.8,B-,,,
BOE,12.5,,0.64,56.0,5.218855218855212,3.3057851239669533,7.114043546473944,,,True,48.1,44.8,64.7,B-,,,
BOH,79.86,,7.47,61.2,5.411827627179977,3.4455966455331,3.364029483326606,,,True,48.4,45.2,22.2,E,,,
BOKF,145.65,,0.39,75.2,14.748281648534123,7.443194081207127,6.558931109392006,,,True,66.8,52.5,57.0,C,,,
BOOT,162.48,,22.72,35.5,11.870005320530886,-14.321875275501439,4.02918751813738,,,True,61.9,14.4,28.0,E,,,
BOTJ,27.76,,6.81,85.0,20.590791611128733,38.66133980460458,5.2294841023978025,,,True,75.9,84.3,40.6,D,,,
BOT,31.67,,46.32,,50.73774265246374,,,,,True,93.2,,,,,,
BOUYY,10.92,,12.64,36.5,-8.235290534886285,-7.598576541402968,1.007263278080707,,,True,15.2,21.5,8.2,E,,,
BOW,33.49,,4.51,79.5,22.137132306589336,35.696927384387344,7.068821530085771,,,True,77.9,83.0,64.2,B-,,,
BOX,33.64,,0.71,81.2,41.82124531892259,44.19202481632423,14.662304784295904,,,True,91.1,86.5,98.5,A+,,,
BPAC,10.18,,0.0,,1.495519204367457,2.0040157526363567,,,,True,38.5,40.7,,,,,
BPH,66.39,,11.25,54.9,-1.9102452862386654,12.734520972932707,9.653978296622519,,,True,25.0,61.0,88.4,A,,,
BPOP,177.03,,1.1,82.4,23.745280846705484,21.311586911051105,4.522357057778271,,,True,79.6,72.4,33.3,D-,,,
BPRE,12.44,,31.89,,-22.6368181628935,-26.56434953840251,,,,True,5.0,5.4,,,,,
BPRN,43.42,,1.16,80.3,25.491324187703214,21.829400025099076,11.712225218133753,,,True,81.7,73.1,96.1,A+,,,
BP,42.83,,11.27,55.3,-2.9678254846971286,11.102469081853927,6.414344049646699,,,True,23.1,58.4,55.5,C,,,
BRBR,10.99,,74.45,14.6,18.810808336412578,-37.52132023241521,8.805229163961775,,,True,73.5,2.1,82.1,A-,,,
BRC,93.95,,5.38,76.0,28.27689370322528,-0.6976039020799241,6.294228848494425,,,True,83.9,33.4,53.6,C,,,
BRDCY,12.92,,5.28,75.7,23.8734391012676,5.211729293481859,8.672312919121515,,,True,79.8,48.2,80.6,A-,,,
BRK-B,506.93,,5.73,46.7,4.409703549963195,1.381943257425955,8.225077883848302,,,True,46.3,38.4,76.3,B+,,,
BRKL,24.75,,20.95,30.1,0.726861310303839,-0.43086281183243313,3.0756563823982948,,,True,33.7,33.9,19.8,E,,,
BRKR,57.93,,11.29,83.9,32.109464778051944,36.53075725942914,9.619750478299132,,,True,86.7,83.4,87.9,A,,,
BROS,51.13,,31.51,25.8,5.640498074618261,-4.465618333118027,-0.1188204254947971,,,True,49.1,26.2,4.8,E,,,
BRO,71.61,,27.15,59.6,31.68444393223899,6.848702790736438,13.147241109358145,,,True,86.3,51.3,98.0,A+,,,
BRSL,11.69,,37.05,24.8,6.563350778334542,-17.907306317533,7.9010485345816726,,,True,51.5,11.0,73.4,B,,,
BRT,14.3,,14.32,32.5,-1.038060963772569,-3.1821246395743796,7.3928359326784605,,,True,27.1,28.9,68.1,B,,,
BRUN,22.55,,46.31,85.1,7.3809487479073566,100.44443766276041,5.767777651329574,,,True,53.2,95.6,46.4,D+,,,
BRX,30.02,,8.64,49.5,2.317656638594645,5.222574334958541,4.061891128938528,,,True,41.1,48.3,28.0,E,,,
BRZE,29.87,,19.98,83.3,53.73134760284817,68.66177774835344,14.666177260251338,,,True,93.8,91.9,98.5,A+,,,
BR,172.24,,35.09,35.0,19.669287496118983,2.7991677070510645,12.713517575390426,,,True,74.7,43.6,97.6,A+,,,
BSAA,11.33,,34.13,59.6,9.680542181855456,11.078432701679919,15.725519479745598,,,True,57.7,58.3,99.0,A+,,,
BSAC,34.28,,9.12,68.4,14.381043641297552,-7.326307706685931,4.5088228001241415,,,True,66.0,21.8,32.8,D-,,,
BSET,19.63,,11.81,81.4,37.657778125993005,24.55583223836677,9.484756881052903,,,True,89.5,76.0,86.9,A,,,
BSL,13.08,,8.85,32.6,-0.9841035298557621,-1.2084597907397687,6.036597937925,,,True,27.3,32.6,50.2,C-,,,
BSM,14.38,,7.17,48.9,6.125462099194956,-5.394736089204477,6.149582555014133,,,True,50.4,24.7,51.7,C,,,
BSP,40.92,,30.57,99.0,1363899.9389648438,1636699.9267578125,-13526.213035422697,,,True,99.0,99.0,1.0,E,,,
BSRR,41.04,,4.85,74.8,11.099082066939214,11.279828946657645,5.866454359550502,,,True,60.5,58.7,47.8,C-,,,
BSTZ,31.66,,0.69,80.7,11.912335975299083,36.11349891406752,9.824517625495325,,,True,61.9,83.2,89.3,A,,,
BST,50.37,,1.81,74.8,11.167510333005426,23.30477094708632,7.8257637622091565,,,True,60.6,74.8,72.4,B,,,
BSVN,52.34,,1.25,77.8,25.275251681636888,18.81952361540953,9.44418036673589,,,True,81.5,69.7,86.4,A,,,
BSX,51.69,,52.79,16.3,-2.5819852493234374,-29.64475482957808,11.409015521899686,,,True,23.8,4.1,95.1,A+,,,
BSY,36.56,,36.14,40.3,16.992004394531257,7.783022916541893,14.50913803887686,,,True,70.7,53.1,98.5,A+,,,
BTI,57.35,,14.78,28.5,-12.2417773923166,-4.93950194907824,-1.281914548751943,,,True,11.0,25.5,2.9,E,,,
BTO,41.34,,1.57,71.1,14.6422633183247,6.108829960441198,8.155099536916703,,,True,66.5,49.8,75.8,B+,,,
BTSG,60.23,,18.33,85.5,6.601769101303234,50.34947464362538,-1.9466747593851572,,,True,51.7,88.5,1.9,E,,,
BTT,22.7,,2.32,36.9,-0.2197768662002053,-0.39490670057281685,5.877226085316408,,,True,29.4,33.9,48.3,C-,,,
BTU,24.09,,41.44,26.6,0.16632080078125,-34.48463379769407,5.394039017628206,,,True,31.0,2.6,42.0,D,,,
BUD,80.23,,7.36,63.6,0.09981703921844165,3.84416691293501,3.94352215526974,,,True,30.8,45.9,27.0,E,,,
BUI,27.57,,10.49,38.6,0.14529493216206557,-4.701003474510134,4.980491341152261,,,True,30.9,25.9,37.7,D,,,
BULZ,39.71,,29.2,80.6,-12.126578702206992,77.54627150349931,7.071492314069634,,,True,11.1,93.4,64.2,B-,,,
BURL,355.32,,6.08,76.5,24.124923958715417,16.170799491342038,6.605965821797227,,,True,80.1,66.4,57.5,C,,,
BUSE,31.19,,1.61,78.6,20.285385785027454,17.92060693405526,8.990124497702809,,,True,75.4,68.5,83.1,A-,,,
BUUU,28.02,,15.01,94.8,37.15124835639392,154.03446179609128,9.523423424271288,,,True,89.1,97.3,87.4,A,,,
BVC,15.03,,0.66,97.6,61.612897039989825,88.3458608652515,5.227431765631531,,,True,94.9,94.8,40.6,D,,,
BVFL,21.3,,3.92,68.5,7.467200994251,8.562687242918177,7.520367563627433,,,True,53.4,54.2,69.5,B,,,
BVN,33.67,,24.63,64.9,-12.477259763594194,-16.823127053000707,4.925089095547664,,,True,10.8,11.9,37.2,D,,,
BVS,13.89,,12.6,88.9,33.55769560887263,71.9059448431034,11.453761185027052,,,True,87.4,92.5,95.1,A+,,,
BV,11.59,,24.72,23.1,-7.649401174598491,-17.09585012455014,2.3520634460005585,,,True,15.9,11.5,14.5,E,,,
BWAY,16.47,,5.34,86.1,0.9809890457050496,40.58898261506183,2.7870075963340284,,,True,35.4,85.1,17.4,E,,,
BWA,67.87,,13.89,78.0,1.4954430186661094,2.677765123422149,5.050188989852877,,,True,38.4,43.2,38.6,D,,,
BWB,22.24,,1.68,79.1,22.669607121446035,15.592514402901081,9.476298171320561,,,True,78.4,65.6,86.9,A,,,
BWFG,68.0,,2.28,85.8,34.680134680134664,41.460370293322235,8.645896053191837,,,True,88.0,85.5,80.2,B+,,,
BWIN,30.85,,11.33,84.6,53.177757604119776,86.85645294651559,14.648161863845836,,,True,93.6,94.6,98.5,A+,,,
BWLP,22.29,,2.76,82.4,9.31829777110027,32.12804336412176,4.862212986418447,,,True,57.1,81.5,36.2,D,,,
BWMN,42.2,,7.92,82.3,28.85496416164719,18.373073668834383,8.272903412042186,,,True,84.5,69.1,76.8,B+,,,
BWMX,16.41,,17.08,41.4,-0.2431620218108832,-10.86366188260669,0.4396240139869594,,,True,29.3,17.6,6.3,E,,,
BWXT,170.35,,29.56,20.9,-17.637670500645164,-14.181357126692385,1.2629040114171346,,,True,7.3,14.4,9.2,E,,,
BXC,89.63,,4.45,89.5,84.12078318286353,14.047585256925776,17.149458692539056,,,True,97.2,63.3,99.0,A+,,,
BXMT,14.5,,29.85,16.4,-21.32392837764514,-27.536231884057973,1.7044100522262458,,,True,5.6,5.0,11.1,E,,,
BXP,69.18,,12.79,65.2,18.45890463215032,11.9779868973386,7.306753600662017,,,True,73.0,59.8,66.6,B,,,
BXSL,25.01,,18.11,36.6,5.394016978010274,-1.0680370692965346,10.177104305168935,,,True,48.4,32.8,90.8,A,,,
BX,149.32,,21.45,71.3,24.828630098828587,11.875333276555589,13.534686015355566,,,True,80.9,59.6,98.0,A+,,,
BYDDF,11.21,,28.6,22.1,-13.302397230108486,-11.383398907929077,7.285922502459867,,,True,10.3,17.1,66.2,B,,,
BYD,83.26,,8.92,37.4,3.33871433068198,-0.17983199109162795,4.638486279648541,,,True,43.9,34.3,34.3,D,,,
BYFC,11.84,,0.0,86.5,18.875503540039062,47.81523286626581,9.9606046657622,,,True,73.6,87.6,90.3,A,,,
BY,39.26,,1.92,80.4,21.435194313433968,20.097884128275332,8.797880454721048,,,True,77.0,71.1,81.6,A-,,,
BZH,33.19,,3.91,85.6,40.51650561688815,24.1675968077403,6.765685616774606,,,True,90.6,75.6,59.4,C+,,,
BZ,15.42,,38.95,26.0,4.6132976682085935,-15.921482681058096,11.027141758948213,,,True,46.7,12.7,94.2,A+,,,
B,40.91,,25.2,49.8,-8.825496217044549,-14.126784535239068,6.704796093119116,,,True,14.5,14.6,58.4,C+,,,
CAAP,24.84,,18.56,39.5,4.150944036007931,-15.768056451041401,2.993119836713051,,,True,45.6,12.9,18.8,E,,,
CABO,36.3,,79.92,9.8,-30.552899871703566,-67.27371147037455,4.511250558476807,,,True,2.2,1.0,32.8,D-,,,
CACC,582.89,,12.85,72.7,11.026669456845228,14.133268322225433,4.830048674373977,,,True,60.4,63.4,36.2,D,,,
CACI,670.0,,1.98,81.4,32.97080596185524,16.963147879824714,15.331522934026713,,,True,87.1,67.2,98.5,A+,,,
CAC,58.96,,2.69,82.0,24.07407214745929,18.727344108885745,7.82849931795856,,,True,80.0,69.6,72.4,B,,,
CADL,11.8,,0.59,91.0,31.991053587638298,113.38155860280041,12.518156884301145,,,True,86.4,96.1,97.1,A+,,,
CAE,26.33,,23.1,31.1,0.4578402277987559,-16.545166644354826,7.98771079059237,,,True,32.3,12.2,73.9,B,,,
CAF,19.44,,9.2,55.7,-4.047381371877512,6.871910577556983,2.7860758392387677,,,True,21.1,51.4,17.4,E,,,
CAG,15.39,,24.26,33.1,9.226404139976975,-23.12687141197426,10.016978297747865,,,True,56.9,7.4,90.3,A,,,
CAH,231.24,,10.48,75.6,24.08908263652485,3.1170593057587848,5.375465176502921,,,True,80.0,44.5,41.5,D,,,
CAI,22.18,,47.81,71.1,50.98707242166611,3.1627921170966466,13.180633329682701,,,True,93.3,44.6,98.0,A+,,,
CAKE,111.88,,5.55,92.7,97.91260791335215,81.71186820434946,15.453444260149569,,,True,97.9,94.1,98.5,A+,,,
CALM,82.59,,29.68,33.2,3.873721969426014,-0.7093095240555236,8.350617471394582,,,True,45.0,33.3,77.8,B+,,,
CALX,39.84,,44.06,19.9,-1.3861382361685881,-24.387929108772266,7.147535853811913,,,True,26.2,6.6,64.7,B-,,,
CALY,16.5,,18.64,76.7,7.56192959582791,9.5617529880478,1.0940017093204304,,,True,53.5,55.9,8.2,E,,,
CAL,13.73,,14.93,71.6,24.47869031945902,14.703421405483109,8.124286512353887,,,True,80.6,64.1,75.8,B+,,,
CAMT,172.81,,19.99,80.1,2.327094717310363,9.090333664916205,6.559484803975727,,,True,41.1,54.8,57.0,C,,,
CAPL,23.25,,2.11,58.2,2.5584472871636343,1.1309264897781723,7.410245718144283,,,True,41.8,37.7,68.1,B,,,
CAPN,11.1,,2.97,42.9,0.9090943769975102,3.2558175020439784,9.611985633527944,,,True,34.9,44.7,87.9,A,,,
CARE,32.68,,9.37,86.0,22.857144004420228,50.6685122414743,6.723819565114914,,,True,78.7,88.6,58.9,C+,,,
CARG,37.94,,7.96,73.0,21.524659278375992,37.9134810131188,10.104774977579387,,,True,77.0,83.9,90.8,A,,,
CARL,13.99,,18.62,79.0,36.75464708828209,22.5043754610748,12.071590353917314,,,True,88.9,73.9,96.6,A+,,,
CARR,63.35,,17.47,38.4,-3.3856970045430868,-5.560527021286377,4.857288454347815,,,True,22.4,24.5,36.2,D,,,
CARS,12.55,,10.16,72.8,20.673078757065987,14.611873887989635,10.59342428248106,,,True,76.0,63.9,92.7,A+,,,
CART,50.08,,3.49,78.9,25.356700453203217,52.0801756181436,10.203785219774451,,,True,81.6,88.9,91.3,A,,,
CARU,24.28,,35.48,27.8,6.566589048242055,-18.832535028425625,14.290246548839935,,,True,51.6,10.4,98.5,A+,,,
CAR,136.99,,83.84,22.7,-7.96156577992202,18.196726051047495,2.7860718781511107,,,True,15.6,69.0,17.4,E,,,
CASH,86.13,,14.94,57.0,7.756783752555929,-3.862041239627234,3.7862530938829924,,,True,54.0,27.4,25.6,E,,,
CASS,58.54,,0.95,82.6,28.06825840194125,28.885955340218715,10.47120400675472,,,True,83.8,79.6,92.2,A,,,
CASY,853.78,,7.98,77.8,-3.8925627789550443,31.59574427732781,3.1621719179929064,,,True,21.4,81.1,20.3,E,,,
CATY,64.61,,0.68,78.2,15.747045163653816,21.44736956833,6.636177606769598,,,True,68.6,72.6,57.5,C,,,
CAT,854.6,,20.39,76.7,-5.286492786663244,10.270964591733867,-1.4920493030612185,,,True,19.3,56.9,2.4,E,,,
CAVA,72.18,,26.94,49.8,-0.16597468163791484,7.139676866818734,3.5933418416151195,,,True,29.6,51.9,23.7,E,,,
CBAN,22.21,,1.11,75.3,14.661843492373027,8.025287375839785,9.353521421836152,,,True,66.6,53.5,86.0,A,,,
CBC,33.17,,1.92,,21.94851925938215,38.2083257039388,,,,True,77.7,84.0,,,,,
CBFV,37.4,,3.76,58.8,6.431421530674175,0.3218925050399779,4.238041533812117,,,True,51.1,35.5,29.9,D-,,,
CBIO,16.63,,39.33,53.9,-15.19633268349515,75.9788270980593,6.328088016930924,,,True,8.8,93.2,54.1,C,,,
CBK,35.43,,0.98,,25.061773387187934,35.95549129415363,,,,True,81.2,83.2,,,,,
CBLL,23.25,,4.44,85.3,29.815746499626528,13.028684224288622,11.41663572084736,,,True,85.3,61.4,95.1,A+,,,
CBL,57.57,,4.69,86.7,25.72614041237,62.94933397912319,8.02460670253857,,,True,81.9,91.0,74.4,B,,,
CBNA,47.88,,2.53,85.3,26.16600818325423,36.80000305175781,10.142993447695122,,,True,82.2,83.6,90.8,A,,,
CBNK,37.84,,2.55,79.2,25.714286221222228,20.20330416959304,8.59544909244384,,,True,81.9,71.3,80.2,B+,,,
CBOE,293.08,,21.04,34.9,-20.076360356622402,9.097672190390726,4.951414095932284,,,True,6.1,54.9,37.2,D,,,
CBRE,151.89,,12.84,46.1,7.991467749483427,1.6054581508117227,8.880602152793909,,,True,54.6,39.1,82.1,A-,,,
CBRL,58.4,,8.19,91.4,101.72712098749193,78.59327683755015,11.767606179400635,,,True,98.1,93.7,96.1,A+,,,
CBSH,60.0,,1.51,71.0,19.236883942766305,9.62908825141604,8.06180814992617,,,True,74.1,55.9,74.9,B,,,
CBT,86.27,,8.74,68.1,4.065134671973936,13.617801452741208,7.4560630439523905,,,True,45.4,62.5,68.6,B,,,
CBU,65.67,,7.65,59.6,7.1988216926955895,-0.9352871188032741,6.520919493487883,,,True,52.8,32.9,56.5,C,,,
CBZ,54.6,,18.8,88.2,91.24342722984622,79.19264349892057,16.18034892390702,,,True,97.7,93.8,99.0,A+,,,
CB,344.5,,5.85,65.0,9.015537482991043,4.688971951256571,6.448569835484633,,,True,56.5,47.3,56.0,C,,,
CCAP,11.33,,29.34,20.1,-13.312930958637681,-21.100279082826912,5.934189299152175,,,True,10.2,8.7,48.8,C-,,,
CCAQ,10.51,,0.05,41.0,1.3018344298135753,1.8913645672913315,18.251853257181082,,,True,37.4,40.2,99.0,A+,,,
CCBG,52.49,,2.07,75.6,14.531969623536556,23.447793223110992,6.613462163265785,,,True,66.3,74.9,57.5,C,,,
CCB,50.63,,57.83,11.7,-25.789664978944316,-42.22298177779843,2.500857557304723,,,True,3.9,1.5,15.5,E,,,
CCDBF,68.85,,8.41,68.2,11.715069415666758,7.360052117344451,6.516303978350013,,,True,61.6,52.2,56.5,C,,,
CCD,26.42,,2.11,70.2,5.4901180926090865,15.522518916895244,4.421842188547108,,,True,48.7,65.5,32.4,D-,,,
CCEC,22.48,,6.33,59.0,10.358367904940247,8.180941011724375,2.824667682617293,,,True,59.0,53.9,17.4,E,,,
CCEP,107.48,,5.45,71.4,17.567275603733968,10.089115391717307,7.727443392069708,,,True,71.6,56.7,71.5,B,,,
CCG,17.01,,68.44,93.4,-28.759893500515822,-39.09774354141842,-73.49695349007662,,,True,2.9,2.0,1.0,E,,,
CCHGY,62.94,,8.4,66.9,8.032956471002905,-0.6315148798788917,5.631651826421248,,,True,54.6,33.5,44.9,D+,,,
CCII,10.32,,1.7,,0.8895460510050857,0.3500267603706142,,,,True,34.7,35.5,,,,,
CCIX,10.88,,3.89,39.8,0.9276448463907183,1.9681360303741124,4.674281193858611,,,True,35.0,40.5,34.8,D,,,
CCI,75.73,,27.63,19.9,-15.498768849661248,-12.013473501878003,4.666222775641504,,,True,8.6,16.5,34.8,D,,,
CCJ,97.75,,27.72,28.8,-15.287286593292315,-17.981204900151038,4.543283957960282,,,True,8.7,10.9,33.3,D-,,,
CCK,118.37,,3.69,72.7,18.121946658598986,6.170959500028728,8.554104472012881,,,True,72.5,50.0,79.7,B+,,,
CCL,28.42,,16.49,50.9,13.543747807806405,-14.113024852541722,5.9573725261252655,,,True,64.5,14.6,49.3,C-,,,
CCNE,34.95,,3.37,77.8,15.308481566939802,17.08542969158946,6.28985252538377,,,True,67.9,67.3,53.6,C,,,
CCOI,10.35,,77.35,10.5,-34.36905465418452,-60.958127906035564,2.4189719643184198,,,True,1.6,1.0,15.0,E,,,
CCRN,13.25,,11.61,78.1,28.640776699029114,46.24724061810155,4.48612570740981,,,True,84.3,87.1,32.8,D-,,,
CCSI,39.1,,5.56,86.4,36.85683750129889,45.4613038471767,8.299165478025275,,,True,89.0,86.9,77.3,B+,,,
CCS,71.76,,5.58,78.5,38.132824131338715,-2.19435445518541,7.531560624537921,,,True,89.7,30.6,69.5,B,,,
CCU,11.68,,23.96,28.7,-1.1844305822691914,-21.027719370008235,6.350319902974718,,,True,26.9,8.8,54.6,C,,,
CCXI,16.19,,17.78,,58.10547749933923,58.10547749933923,,,,True,94.3,90.5,,,,,
CC,15.26,,46.77,18.0,-39.39634539760986,-27.402472745566907,0.17981404503211174,,,True,1.0,5.1,5.3,E,,,
CDE,18.45,,33.56,52.2,-6.534950542353323,-20.060655273225937,8.624553725386365,,,True,17.3,9.6,80.2,B+,,,
CDLR,22.6,,24.69,28.3,-23.415789964521426,-12.504837857260053,1.857007284790436,,,True,4.6,15.9,11.6,E,,,
CDNA,47.38,,4.78,95.0,129.88840887003997,140.26369709997587,12.887133775899697,,,True,98.5,97.1,97.6,A+,,,
CDNL,34.66,,64.05,,-36.86128143112124,39.140907505918456,,,,True,1.3,84.7,,,,,
CDNS,323.77,,22.3,29.5,-8.681430259858447,8.04938728972866,0.0068596290337001875,,,True,14.6,53.6,4.8,E,,,
CDP,37.28,,4.16,76.4,17.602519808507488,15.097248469579739,4.123029035921307,,,True,71.7,64.8,29.0,E,,,
CDRE,33.9,,30.48,36.4,8.37596395741338,-18.15547676031167,9.087414757117996,,,True,55.4,10.8,83.5,A-,,,
CDW,142.05,,17.2,72.5,41.48406678461933,5.2456123966494905,12.762669543747927,,,True,91.0,48.3,97.6,A+,,,
CECO,76.82,,24.12,70.8,-7.601636162107028,0.8401151152851227,2.5827992362061494,,,True,15.9,36.8,15.9,E,,,
CEE,21.48,,2.27,67.9,1.4643341626656925,8.649466576815023,7.719453878052992,,,True,38.3,54.3,71.5,B,,,
CEFD,19.32,,5.78,39.5,1.9475377882578249,-1.8994414182772479,5.690142884694002,,,True,40.1,31.1,45.9,D+,,,
CEF,44.19,,28.01,34.2,-14.87189630763054,-16.654095385309354,4.678958426108222,,,True,9.1,12.1,34.8,D,,,
CEG,278.64,,32.48,27.1,1.3641873652870284,0.6465647998690649,5.924860758849146,,,True,37.8,36.1,48.8,C-,,,
CELC,86.6,,42.66,22.4,-30.425003234417048,-16.914517438241305,3.4313277025059357,,,True,2.3,11.8,22.7,E,,,
CELH,28.78,,56.88,17.1,3.302227877406705,-35.10710104476774,8.381738280396887,,,True,43.9,2.4,78.2,B+,,,
CENTA,38.57,,5.47,73.8,12.25261843662462,15.168706165494816,6.51296510081573,,,True,62.6,64.9,56.5,C,,,
CENT,44.44,,5.39,77.2,16.24378400917863,19.01445802546593,7.611567094470404,,,True,69.4,69.9,70.5,B,,,
CENX,46.39,,34.13,47.6,-27.898664299582787,-13.192366411585999,0.689969415915872,,,True,3.1,15.4,6.8,E,,,
CEPF,10.42,,2.34,,1.263363604692458,0.0,,,,True,37.2,34.7,,,,,
CEPO,10.67,,2.91,39.4,0.9078845702373384,2.2520330352404416,-1.5396673043674678,,,True,34.9,41.8,2.4,E,,,
CEPS,10.4,,0.48,,2.261549070903679,2.463054279761634,,,,True,40.9,42.5,,,,,
CEPT,11.78,,16.16,51.1,8.172632993307527,5.650221820369428,6.7146919557267815,,,True,54.9,49.2,58.4,C+,,,
CEPU,13.28,,28.23,24.2,-6.346969443080452,-16.844084327043262,2.1878242819215803,,,True,17.7,11.9,13.5,E,,,
CEPV,10.37,,1.24,,1.4180880066481993,2.1674903970160475,,,,True,38.2,41.5,,,,,
CET,55.02,,1.73,54.2,3.401617097845655,6.793479149385995,7.044909896872246,,,True,44.1,51.3,63.7,B-,,,
CEVA,30.37,,41.14,37.9,-20.393182597029092,28.251692733249143,-0.6609430308021986,,,True,6.0,78.9,3.9,E,,,
CEV,10.46,,2.97,40.6,0.4803077631793773,0.3838775254028093,7.7332462145330485,,,True,32.5,35.6,72.0,B,,,
CE,44.3,,37.34,20.8,-26.12973280463474,-26.849406808024202,3.8039505869155192,,,True,3.8,5.3,26.1,E,,,
CFBK,36.13,,2.22,84.0,34.86375911950444,13.082945440110283,7.780960036593669,,,True,88.1,61.7,72.0,B,,,
CFFI,88.48,,1.43,77.1,18.383734756400315,13.305165010799836,10.899183580033018,,,True,72.9,62.0,93.7,A+,,,
CFG,74.11,,0.79,80.3,22.637763710659552,10.843554607166572,7.129214335339604,,,True,78.4,58.0,64.7,B-,,,
CFLT,30.99,,0.03,75.2,3.1281198003327626,56.91139240506329,5.026668629671006,,,True,43.4,90.2,38.2,D,,,
CFRUY,23.98,,3.54,77.0,19.244151240317198,14.791767558016634,6.712076312056853,,,True,74.1,64.2,58.4,C+,,,
CFR,168.59,,1.0,80.0,25.206087142881994,15.267329644393989,9.847361575423685,,,True,81.4,65.1,89.8,A,,,
CF,117.05,,17.55,65.8,-6.733065297404128,20.757250646608693,6.383659185072889,,,True,17.0,71.8,54.6,C,,,
CGAU,21.24,,4.75,87.2,12.499998787702138,7.056450459264951,10.52131422931647,,,True,63.0,51.7,92.2,A,,,
CGBD,11.37,,18.99,32.7,2.248200409703993,-6.573542435833346,7.7961168533457865,,,True,40.9,22.8,72.0,B,,,
CGEMY,24.86,,30.75,32.5,9.370880382805623,0.0,10.114610184951172,,,True,57.1,34.7,90.8,A,,,
CGEM,19.64,,6.48,89.5,20.269439005807953,64.21404171946854,8.60184403863068,,,True,75.4,91.3,80.2,B+,,,
CGNX,61.59,,15.49,75.0,-3.221244260546996,43.13269847220054,1.1787479500546532,,,True,22.7,86.2,8.7,E,,,
CGON,74.71,,5.89,86.4,0.9594582222603565,39.51447074598069,5.858389223217721,,,True,35.1,84.8,47.8,C-,,,
CGO,13.36,,5.92,53.8,-2.124544639727133,6.965569709185315,5.257561456035264,,,True,24.5,51.5,40.6,D,,,
CG,51.41,,26.4,35.6,4.576891471546207,-3.978334240918735,8.918169064602761,,,True,46.6,27.2,82.6,A-,,,
CHAR,10.93,,0.64,44.1,1.7690925335823948,3.7001930240442737,6.999485085758687,,,True,39.5,45.7,63.3,B-,,,
CHA,10.23,,57.2,19.8,-2.198857505466989,-0.7759541622147204,5.975638343157703,,,True,24.4,33.2,49.7,C-,,,
CHCI,16.88,,14.4,66.1,-0.8225666229929374,49.64538263090961,6.540958499716996,,,True,27.7,88.2,56.5,C,,,
CHCO,147.98,,0.57,76.8,21.75415149542459,17.249026010252024,11.305666168956579,,,True,77.5,67.5,95.1,A+,,,
CHCT,15.12,,21.11,24.8,-11.05882420259363,-15.672058641611365,-1.660490994634329,,,True,12.0,13.1,2.4,E,,,
CHDN,88.99,,24.81,29.9,4.008880158683414,-6.1088859846280545,8.263410099249157,,,True,45.3,23.3,76.8,B+,,,
CHD,101.32,,4.45,61.4,6.551687553711449,0.8560618104959339,8.575223533835747,,,True,51.5,36.8,79.7,B+,,,
CHEC,10.23,,3.13,,1.186942528527446,2.0957991504875206,,,,True,36.8,41.3,,,,,
CHEF,112.05,,4.5,89.1,39.19255037485443,74.66874988582666,10.529309156062551,,,True,90.0,92.9,92.2,A,,,
CHE,537.17,,3.56,79.3,26.67908284835303,16.047005316631658,12.455070983863578,,,True,82.5,66.3,97.1,A+,,,
CHGCY,22.42,,35.65,23.5,-9.120389108397632,-24.179911032538058,5.509109860355078,,,True,14.1,6.7,43.0,D,,,
CHH,104.57,,15.97,33.3,-2.252757810035322,-4.090617541204978,5.619089383132762,,,True,24.3,26.9,44.4,D+,,,
CHI,13.35,,1.11,70.2,6.205253631421859,15.784912241714899,3.9315378276260606,,,True,50.6,66.0,27.0,E,,,
CHKP,134.23,,36.28,25.5,16.54944493143966,-23.936082208001885,11.951484025664595,,,True,70.1,7.0,96.1,A+,,,
CHMG,83.54,,1.72,85.2,25.85116136716985,38.58659740465718,6.46977041077731,,,True,81.9,84.3,56.0,C,,,
CHPG,10.45,,0.0,40.6,1.1616639539725249,1.3578989713915357,4.881730586980263,,,True,36.5,38.3,36.7,D,,,
CHRD,134.46,,11.51,70.2,-5.329855161679086,29.089868196877113,6.194947087548889,,,True,19.2,79.9,52.6,C,,,
CHRN,20.62,,31.27,94.2,23.992789171577876,108.07266235351562,-0.5641955668308238,,,True,79.9,96.0,3.9,E,,,
CHRW,149.35,,28.99,24.7,-8.520148166412078,-23.929095857222215,-0.012492193271031127,,,True,14.8,7.0,4.8,E,,,
CHTR,156.53,,45.23,22.4,9.415628952395405,-35.06865276504879,11.619477600024569,,,True,57.2,2.5,95.6,A+,,,
CHT,42.28,,9.04,32.8,-2.8046005073635083,-0.3770057038245067,4.052084179331079,,,True,23.4,34.0,28.0,E,,,
CHWY,22.46,,48.37,20.8,3.741335263153145,-13.382186330610658,9.072559756511833,,,True,44.7,15.2,83.5,A-,,,
CHYM,32.18,,3.68,89.7,85.04888691560986,55.91085880222939,16.94828962837039,,,True,97.3,89.9,99.0,A+,,,
CHY,13.51,,2.88,65.4,3.3664898919803843,12.396008559749049,6.657290210239294,,,True,44.0,60.6,58.0,C+,,,
CIB,96.13,,4.58,87.6,51.14779442361315,21.391586378858406,7.363264917069062,,,True,93.4,72.5,67.6,B,,,
CICHY,22.4,,6.24,49.4,-1.797456628722327,7.382545364905235,6.179924963632587,,,True,25.4,52.3,52.2,C,,,
CIEN,442.79,,30.54,88.7,-23.37947593962244,48.96215594446489,0.8578584974661556,,,True,4.6,88.0,7.7,E,,,
CIFR,16.62,,44.86,61.3,-21.751408478185496,2.088457243448394,-2.049953928640437,,,True,5.5,41.2,1.9,E,,,
CIGI,105.79,,38.32,24.2,7.161670295307276,-18.629335500709676,10.392888555890192,,,True,52.7,10.5,91.8,A,,,
CIHKY,30.78,,11.75,34.4,1.517153682227157,-2.7795298957922543,7.532583503710811,,,True,38.6,29.7,69.5,B,,,
CII,24.78,,5.31,45.1,-0.919629401657307,7.365687550457145,5.595927293617746,,,True,27.5,52.3,44.4,D+,,,
CIM,11.86,,20.3,23.7,-10.960963538459112,-9.39648848986061,2.464029954273723,,,True,12.0,19.0,15.0,E,,,
CINF,172.67,,11.36,52.6,5.763811202343083,5.634404850694552,6.292920830228548,,,True,49.6,49.2,53.6,C,,,
CIVB,28.63,,4.47,77.3,17.09611108697997,20.598143052934304,5.972024616934981,,,True,70.9,71.6,49.7,C-,,,
CIX,31.59,,2.2,82.9,33.34740461202148,28.781085008511575,11.472347560233025,,,True,87.2,79.5,95.1,A+,,,
CI,277.99,,11.88,31.0,-7.555455344226991,-5.679778022469728,6.4051190196646335,,,True,16.0,24.3,55.1,C,,,
CKX,10.61,,14.78,36.7,1.531097193083708,0.7597308326424246,1.9813696893531532,,,True,38.6,36.5,12.1,E,,,
CLBK,11.71,,1.1,87.2,33.48228069063084,42.883290075614354,12.358954363606372,,,True,87.4,86.1,97.1,A+,,,
CLBR,10.26,,44.39,27.3,1.3834014711644027,-33.33333184612193,-5.299766023811387,,,True,37.8,3.0,1.0,E,,,
CLBT,10.8,,45.95,15.6,-10.743800076571375,-24.263673276754115,4.6753777006435975,,,True,12.2,6.7,34.8,D,,,
CLB,12.39,,39.15,22.4,-5.635945595409342,-34.582891534726755,7.906100013659627,,,True,18.6,2.5,73.4,B,,,
CLDT,12.91,,6.99,87.7,30.535893300425766,68.75816794002756,6.196771749150385,,,True,85.8,92.0,52.6,C,,,
CLDX,42.61,,5.6,87.1,31.06736576546161,73.21138459492505,13.061358127134021,,,True,85.9,92.7,97.6,A+,,,
CLFD,28.74,,45.5,18.4,-32.3923788023567,-8.58778698753765,3.1078747273331633,,,True,1.8,19.9,19.8,E,,,
CLF,12.15,,27.25,65.2,10.55504657443378,-2.6442338258792275,7.753728404827277,,,True,59.6,29.8,72.0,B,,,
CLH,320.24,,4.67,74.9,5.707209187778517,16.6205354094592,5.206751560604589,,,True,49.4,66.8,40.1,D,,,
CLMB,28.49,,21.42,78.8,48.6176305222648,-1.9445886383818167,13.340879265340702,,,True,92.9,31.0,98.0,A+,,,
CLMT,48.79,,0.77,92.7,55.23385591959067,89.91825969454005,9.907934752955562,,,True,93.9,94.9,89.8,A,,,
CLPT,15.42,,48.77,74.4,26.497129419966736,15.332835275197798,11.99522271652232,,,True,82.4,65.2,96.6,A+,,,
CLSK,11.52,,51.21,24.2,-13.383455204784422,19.750524508977897,-0.4200675496116082,,,True,10.2,70.7,4.3,E,,,
CLST,17.27,,4.9,68.1,8.8902929241089,7.937502861022949,10.085552870386033,,,True,56.2,53.4,90.8,A,,,
CLS,347.63,,26.66,63.0,-6.68903371820897,17.569671564804,4.951033417460138,,,True,17.0,68.1,37.2,D,,,
CLW,21.95,,6.95,85.8,62.472248430343846,25.643965443271057,13.523931231542768,,,True,95.1,76.7,98.0,A+,,,
CLX,106.54,,17.35,51.6,15.804348821225368,-15.410876605377254,11.42221664757446,,,True,68.8,13.3,95.1,A+,,,
CLYM,14.73,,3.16,95.6,29.09727907306159,164.92804932079727,8.075763794252655,,,True,84.6,97.5,74.9,B,,,
CL,92.93,,6.44,59.0,5.758507232474996,-2.497114358224972,7.24117654510906,,,True,49.5,30.2,65.7,B-,,,
CMBT,16.96,,4.29,85.0,13.217617386332826,30.864190466609998,3.9076101587421963,,,True,64.1,80.8,26.6,E,,,
CMCL,22.74,,41.32,25.9,-8.121213045987218,-25.172754948607555,9.644611911039757,,,True,15.4,6.2,87.9,A,,,
CMCO,19.07,,21.84,78.2,26.96404590428907,-18.048991427485095,8.239569304971932,,,True,82.8,10.9,76.3,B+,,,
CMCSA,26.18,,20.33,34.2,4.971933861971856,-19.39655078455732,10.57142045333088,,,True,47.6,9.9,92.7,A+,,,
CMC,72.13,,15.01,58.7,2.559359097707903,-13.315710547508742,6.31959962826304,,,True,41.9,15.3,54.1,C,,,
CMDB,18.08,,13.58,72.1,-4.338622811506621,-6.94802038222363,2.36232738190869,,,True,20.7,22.3,14.5,E,,,
CME,267.21,,18.82,27.9,-10.069669351772582,-11.660277884462412,6.408438876718455,,,True,12.9,16.8,55.1,C,,,
CMG,32.61,,26.34,28.7,1.5571492069497372,-12.385812438604072,3.6047756935009083,,,True,38.7,16.1,24.1,E,,,
CMII,10.02,,1.96,,1.212129735932388,,,,,True,37.0,,,,,,
CMI,631.61,,14.39,60.8,-10.986937814230814,5.461677300310996,2.4964349666816634,,,True,12.0,48.8,15.5,E,,,
CMPGY,32.7,,9.02,42.7,0.957089778118636,17.62590525307155,6.698407011113792,,,True,35.1,68.2,58.4,C+,,,
CMPR,97.34,,8.67,78.9,9.027773675952755,27.391697864010766,6.523642336933291,,,True,56.5,78.3,56.5,C,,,
CMPS,13.29,,13.7,90.8,21.259123739534914,110.6180659564664,6.751341882412944,,,True,76.8,96.0,58.9,C+,,,
CMP,26.27,,23.86,54.6,-13.042037544641937,8.419316788129061,3.5559360764964616,,,True,10.5,54.1,23.7,E,,,
CMRE,14.44,,20.04,27.2,-14.047621545337496,-13.687988162682007,1.824547601244289,,,True,9.5,14.9,11.6,E,,,
CMS,70.51,,12.26,29.5,-3.158903809599689,-5.381102876770704,5.203405076020621,,,True,22.8,24.7,40.1,D,,,
CMTV,40.73,,6.92,81.2,5.902234899210423,25.671087757594368,9.740211606180752,,,True,49.9,76.7,88.9,A,,,
CMT,25.82,,10.0,76.5,6.870859664007534,28.71385690341086,4.6063822085998565,,,True,52.3,79.3,34.3,D,,,
CM,122.4,,0.1,79.6,11.201963773852007,26.30275670816109,6.437192204659176,,,True,60.7,77.4,55.5,C,,,
CNA,51.15,,8.19,67.9,19.929663601122872,5.355306953406602,5.6450840698706966,,,True,74.9,48.6,45.4,D+,,,
CNC,66.04,,4.79,87.0,12.293829137098022,63.34405371142058,5.983058645947015,,,True,62.7,91.1,49.7,C-,,,
CNH,10.39,,21.94,30.3,-3.43865851930526,-18.828122317790985,2.6736597409020586,,,True,22.2,10.4,16.4,E,,,
CNI,127.7,,2.93,76.7,14.150350360456043,20.109101719565636,8.043971045833782,,,True,65.6,71.1,74.9,B,,,
CNK,37.66,,3.39,85.7,43.24838283534467,44.623655328003494,11.991359163424935,,,True,91.7,86.6,96.6,A+,,,
CNL,14.52,,33.91,35.9,-19.645817913751106,-19.19865880588508,8.791664358475838,,,True,6.4,10.1,81.6,A-,,,
CNMD,49.82,,12.04,80.7,40.140646117649005,17.694305917373555,10.053407565233108,,,True,90.4,68.3,90.8,A,,,
CNM,46.14,,31.32,24.6,-2.6171393211303573,-20.228216822876156,6.795250403422543,,,True,23.8,9.5,59.9,C+,,,
CNNE,15.56,,21.73,60.8,16.64168230597225,13.081398398377186,12.90557306482198,,,True,70.1,61.7,97.6,A+,,,
CNOB,33.35,,2.31,76.8,13.939181667649802,21.449375360965384,6.525306393798287,,,True,65.1,72.6,56.5,C,,,
CNO,54.85,,4.76,80.1,19.18730654958951,27.321259224979322,3.45046183404535,,,True,74.0,78.2,22.7,E,,,
CNP,40.48,,10.56,33.1,-3.984820820122559,-1.3885516632488937,2.9252226706293385,,,True,21.2,32.2,18.4,E,,,
CNQ,47.6,,7.28,75.5,0.8474543943243429,17.15480795993376,7.969644017190152,,,True,34.4,67.4,73.9,B,,,
CNR,93.49,,18.56,66.0,13.444967678400111,0.8848579516235411,9.529260674547848,,,True,64.4,36.9,87.4,A,,,
CNSWF,2276.0,,36.28,67.6,26.796657381615606,33.099415204678365,12.32673936437125,,,True,82.6,82.0,97.1,A+,,,
CNS,85.65,,1.05,78.1,17.699603580979684,32.1147640380671,9.522934484175437,,,True,71.9,81.5,87.4,A,,,
CNTA,40.5,,0.15,89.7,41.11498257839721,57.710280373831765,8.724677458989037,,,True,90.8,90.4,81.1,A-,,,
CNXC,24.87,,57.03,19.5,6.967745545089876,-28.452241544207713,7.967266109164422,,,True,52.4,4.5,73.9,B,,,
CNXN,80.97,,8.31,81.7,28.85105222899924,24.282427046359345,8.505943446399357,,,True,84.4,75.7,79.2,B+,,,
CNX,35.38,,18.89,36.2,-0.08471881356894029,-11.483610037239844,6.373249732941716,,,True,29.9,17.0,54.6,C,,,
COAG,53.95,,2.23,,88.90056642779172,,,,,True,97.6,,,,,,
COCO,65.21,,24.02,71.3,-12.785877912969557,10.60040550283694,0.07930021083949423,,,True,10.6,57.5,5.3,E,,,
CODA,10.21,,40.91,31.3,-12.510710898483524,-12.209801907592677,1.3460308879672613,,,True,10.8,16.3,9.2,E,,,
CODI,12.28,,7.25,86.9,3.4540836813074405,84.38438037494281,5.801726472807523,,,True,44.2,94.4,46.8,C-,,,
COE,20.6,,63.3,15.4,-19.84435649233569,-25.36231745844303,11.69017437444801,,,True,6.2,6.0,96.1,A+,,,
COFS,34.44,,2.71,70.2,13.214985623632414,16.785346309626938,11.330937231108166,,,True,64.1,67.0,95.1,A+,,,
COF,223.83,,13.79,67.8,23.29514257522016,4.403191301392173,11.58294787754241,,,True,79.2,46.9,95.6,A+,,,
COGT,37.31,,14.68,81.3,8.807236434211196,0.2957026163736831,7.22081143508162,,,True,56.1,35.5,65.2,B-,,,
COHN,11.97,,63.28,19.4,-6.848246949192149,-31.20689501707581,2.1694355146851567,,,True,16.8,3.6,13.5,E,,,
COHR,327.23,,25.63,86.1,-18.944288973191615,46.28727747611789,1.9747531704586372,,,True,6.6,87.2,12.1,E,,,
COHU,58.34,,21.8,90.5,18.673718780691395,70.78454377221281,4.718745400532824,,,True,73.4,92.3,35.3,D,,,
COIN,153.9,,61.73,14.3,-23.736375670721323,0.45691507603420334,6.532529634765398,,,True,4.5,35.7,56.5,C,,,
COKE,190.16,,13.43,75.2,15.262458275008717,19.492273257577853,8.024215126735676,,,True,67.8,70.5,74.4,B,,,
COLA,10.72,,3.86,38.2,-2.9864245973746817,2.1925691222977717,12.116428677444947,,,True,23.1,41.7,96.6,A+,,,
COLB,32.44,,3.68,70.1,12.991984070738361,2.56085560135626,8.816824629249234,,,True,63.8,42.9,82.1,A-,,,
COLD,15.12,,10.43,66.0,1.4084499366806336,20.47808673752256,5.345935172072559,,,True,38.0,71.5,41.5,D,,,
COLL,28.15,,44.57,14.9,-19.271581248837755,-37.63845897534277,-0.1381320056845432,,,True,6.5,2.1,4.8,E,,,
COLM,57.79,,16.32,36.9,-0.44788817307950257,-7.075090986449029,1.439618071314328,,,True,28.6,22.2,9.7,E,,,
COMP,13.35,,4.34,87.6,64.40887169297696,19.19643197740828,11.7801255431657,,,True,95.4,70.2,96.1,A+,,,
CON,35.12,,0.09,87.7,35.755693052097605,45.30409110892239,9.060652005766395,,,True,88.5,86.8,83.5,A-,,,
COOK,59.26,,31.56,78.9,42.042181978746896,39.43529016831342,7.5864040437918225,,,True,91.2,84.8,70.5,B,,,
COO,76.6,,14.73,68.3,28.80443664725256,-7.7664076169523195,9.88801985911875,,,True,84.4,21.2,89.8,A,,,
COPL,10.5,,1.78,40.9,1.1560682489023755,2.189784815796525,6.027076402919683,,,True,36.5,41.6,50.2,C-,,,
COP,124.52,,8.35,72.4,6.064733086087215,11.968345151574876,9.306856820114756,,,True,50.3,59.7,85.5,A,,,
CORT,110.51,,9.57,91.9,93.60546975513398,170.65883452419905,14.089729585894956,,,True,97.7,97.7,98.5,A+,,,
CORZ,19.78,,35.06,35.0,-17.583330472310386,9.34218179461308,-0.9051767717660546,,,True,7.4,55.6,3.4,E,,,
COR,310.01,,17.89,46.1,21.249221591686872,-15.228326561218209,6.593922709524566,,,True,76.7,13.4,57.0,C,,,
COSO,28.01,,1.93,73.6,10.58034075502543,12.580390569509948,4.352174622984972,,,True,59.6,60.9,31.4,D-,,,
COST,961.85,,12.28,33.7,-6.894918536227824,-1.6654082661032632,6.607813500756297,,,True,16.8,31.6,57.5,C,,,
CPAC,12.05,,5.12,81.9,14.652713517934002,10.651976039805898,7.386296161999338,,,True,66.5,57.7,68.1,B,,,
CPAY,425.24,,0.17,83.5,28.374336674528312,22.685436148517056,12.053647457927712,,,True,84.0,74.1,96.6,A+,,,
CPA,136.37,,15.02,63.7,18.665154122161077,-9.448874424178289,3.5527995063040034,,,True,73.4,18.9,23.7,E,,,
CPBI,20.97,,3.98,77.8,19.594980904665647,18.245911746124598,9.294122106744194,,,True,74.6,69.0,85.5,A,,,
CPB,23.28,,31.87,30.8,14.39803777221378,-20.60027050939458,10.313711476432552,,,True,66.0,9.3,91.8,A,,,
CPF,38.95,,4.98,76.2,15.715985629647822,14.761345795343118,2.5206660025496204,,,True,68.5,64.2,15.5,E,,,
CPHC,15.81,,11.92,36.2,-0.7532930344212208,0.8290843087799704,4.65240380274016,,,True,27.9,36.7,34.8,D,,,
CPK,135.35,,3.89,54.0,7.080701031262349,3.819901897304301,8.298287643452646,,,True,52.5,45.9,77.3,B+,,,
CPNG,16.29,,52.19,18.7,2.0676749093191837,-7.757639209924438,7.218108215031366,,,True,40.4,21.2,65.2,B-,,,
CPRI,15.6,,44.82,17.4,-9.196738175379938,-24.52830004126887,6.645125049916359,,,True,13.9,6.5,57.5,C,,,
CPRT,29.39,,41.35,18.6,-10.777172466155315,-25.613770210963203,9.9812070224927,,,True,12.2,6.0,90.3,A,,,
CPRX,31.49,,3.29,81.3,20.790180283851157,38.72246696035242,3.1390922798733003,,,True,76.2,84.4,20.3,E,,,
CPS,27.23,,43.25,23.8,-6.361762234400514,-23.917296612918893,4.941213391200851,,,True,17.6,7.1,37.2,D,,,
CPT,110.47,,7.8,47.0,4.859991666543073,-0.26182627238793277,4.840627094301757,,,True,47.4,34.2,36.2,D,,,
CPZ,13.7,,18.55,31.4,2.6986492448660915,-9.090910356568438,9.945856827462489,,,True,42.2,19.5,89.8,A,,,
CP,93.92,,0.06,73.2,9.668377123943618,12.036261683103078,9.277513223059449,,,True,57.7,59.9,85.0,A,,,
CQP,67.3,,4.73,69.8,7.182677260324599,16.355468623371028,5.729425838581345,,,True,52.8,66.6,46.4,D+,,,
CRAC,10.18,,0.1,,1.0421885647490026,1.8000030517578036,,,,True,35.8,39.9,,,,,
CRAI,170.83,,24.84,53.4,22.872762591566342,4.101158946407502,8.219883129667494,,,True,78.8,46.4,76.3,B+,,,
CRAN,10.14,,0.69,,1.0967159848465524,1.5015072636763493,,,,True,36.1,38.7,,,,,
CRAQ,10.35,,0.0,40.1,1.1730287839990083,1.6699417602916267,18.58665411148459,,,True,36.7,39.4,99.0,A+,,,
CRBG,34.3,,2.6,77.2,29.72768243971462,10.218506545824368,13.333967472259587,,,True,85.2,56.8,98.0,A+,,,
CRBJY,40.73,,14.78,37.6,-12.841339286443077,14.019880633339078,3.96130227073445,,,True,10.5,63.3,27.0,E,,,
CRCL,75.38,,60.31,15.6,-40.44402509665136,30.279980052284962,11.049719973698256,,,True,1.0,80.5,94.2,A+,,,
CRC,52.75,,26.72,29.7,-11.07552258934592,-7.097569566748863,4.504615139671426,,,True,11.9,22.1,32.8,D-,,,
CRDO,265.99,,13.83,90.0,40.46788668904466,107.1573132666472,9.369496041936376,,,True,90.5,95.9,86.0,A,,,
CRESY,10.6,,25.4,27.9,3.5987710145235496e-06,-16.271718945736758,6.255208293823708,,,True,30.5,12.5,53.6,C,,,
CRGY,11.9,,16.72,62.8,-5.555558583093068,12.796204914978881,7.888085217642301,,,True,18.8,61.2,73.4,B,,,
CRH,97.7,,25.73,21.4,-10.160922346443968,-23.570369280886972,4.655064395859874,,,True,12.8,7.2,34.8,D,,,
CRI,39.15,,11.9,72.9,17.180489451897362,3.5166618875698274,6.998971053784867,,,True,71.0,45.3,63.3,B-,,,
CRK,13.58,,51.67,17.0,-6.666667191023679,-33.496572361870456,8.355517856339718,,,True,17.1,2.9,77.8,B+,,,
CRL,281.27,,2.34,90.0,72.71721769338157,69.4601693057428,14.345261469496755,,,True,96.3,92.1,98.5,A+,,,
CRM,201.37,,25.17,47.7,21.424261406890665,8.84864600929054,12.987334418139616,,,True,77.0,54.5,97.6,A+,,,
CRNX,84.44,,0.32,93.4,125.2934963751501,77.35770309054033,4.9773748028296225,,,True,98.3,93.4,37.7,D,,,
CROX,132.56,,6.17,86.1,36.75848298627229,60.23207731003717,8.637986448149253,,,True,88.9,90.7,80.2,B+,,,
CRSP,53.99,,31.21,37.8,2.350714082401506,11.734274996826976,7.517918376816359,,,True,41.2,59.4,69.5,B,,,
CRSR,13.45,,10.2,92.5,81.26684379063526,171.1693509932487,13.708643322097547,,,True,96.9,97.7,98.0,A+,,,
CRS,535.57,,14.44,85.7,22.74144183989979,44.86610963598019,2.031580584951474,,,True,78.5,86.8,12.6,E,,,
CRTO,18.21,,28.0,30.6,12.755412287756386,-1.620750489072642,6.218822751827874,,,True,63.4,31.7,52.6,C,,,
CRT,10.07,,9.28,58.5,-4.368471508186611,18.890193357180074,8.859423867613954,,,True,20.6,69.8,82.1,A-,,,
CRUS,121.22,,32.81,19.9,-27.173324589544524,-14.137979019193148,-1.5317872005065372,,,True,3.3,14.5,2.4,E,,,
CRVL,64.42,,31.26,41.9,10.83963896927962,38.38882528237446,8.514716935384811,,,True,60.2,84.1,79.7,B+,,,
CRVS,15.14,,43.82,82.5,-4.419189751750285,-23.302936457331537,6.28878267643137,,,True,20.4,7.3,53.6,C,,,
CRWD,225.53,,0.6,91.0,60.3569324914566,116.95485801620632,12.250335361577832,,,True,94.8,96.2,96.6,A+,,,
CRWV,106.29,,30.62,63.5,-4.509924313333913,11.707828913296003,6.19098546371308,,,True,20.2,59.3,52.6,C,,,
CR,219.04,,4.97,73.4,21.980282500491622,9.186976365152688,6.101193112749897,,,True,77.8,55.1,51.2,C,,,
CSCO,113.47,,12.96,81.5,11.387063139985386,32.65139258908478,4.751321197707132,,,True,61.1,81.8,35.3,D,,,
CSGP,33.05,,64.46,15.9,3.3781646451690683,-30.958848470732093,10.262009578042626,,,True,44.1,3.7,91.3,A,,,
CSGS,80.69,,0.05,62.9,1.2929952297263458,2.8029048286405844,5.917007722639903,,,True,37.4,43.6,48.8,C-,,,
CSIQ,15.31,,55.74,18.3,-23.640895662759608,-26.50023802392366,7.748590375274199,,,True,4.5,5.5,72.0,B,,,
CSLLY,24.21,,45.93,46.8,36.087684567018876,-14.78353014969146,10.461247755131252,,,True,88.6,13.8,92.2,A,,,
CSL,375.8,,13.19,59.8,8.669246368911221,-10.254576158721706,8.384234816043454,,,True,55.8,18.0,78.2,B+,,,
CSQ,21.03,,0.57,58.8,2.8361891767506586,8.90730547201195,7.574918958733628,,,True,42.7,54.5,70.0,B,,,
CSR,55.93,,19.65,22.1,-18.338440575770342,-13.206085992886807,3.685601697874972,,,True,7.0,15.4,24.6,E,,,
CSTL,30.55,,31.01,82.0,68.31955502512699,-5.53494360834711,13.182101196514699,,,True,95.9,24.5,98.0,A+,,,
CSTM,29.13,,21.25,75.3,-15.711807983892944,17.935219274358705,2.0727322741840517,,,True,8.4,68.6,13.0,E,,,
CSV,34.92,,32.98,17.8,-18.997916564729035,-20.92391718988833,3.133736910972349,,,True,6.6,9.0,20.3,E,,,
CSWC,25.25,,0.47,66.2,7.721843003412965,8.695652173913038,8.487792731519082,,,True,53.9,54.4,79.2,B+,,,
CSW,342.93,,3.53,81.2,31.962132095194228,6.496690374765146,10.987941547500169,,,True,86.4,50.8,93.7,A+,,,
CSX,50.14,,6.46,77.8,12.927926553262248,21.28688773499863,5.124994443569525,,,True,63.7,72.4,39.6,D,,,
CTAS,200.7,,11.14,66.4,22.71476426061887,0.16969302667306785,9.95072970495472,,,True,78.4,35.1,89.8,A,,,
CTBI,79.11,,1.01,81.6,22.61314415739548,24.3476903652178,8.234384974228378,,,True,78.3,75.8,76.3,B+,,,
CTEV,42.22,,43.0,84.3,53.08194786331808,102.98077509953423,20.20008545298368,,,True,93.6,95.6,99.0,A+,,,
CTGO,19.48,,43.34,18.8,-26.100153481652775,-33.12736168130337,11.119414857304632,,,True,3.8,3.0,94.2,A+,,,
CTLP,11.2,,0.09,63.3,6.97230181470867,6.060606060606055,9.262037379987639,,,True,52.4,49.7,85.0,A,,,
CTNM,15.3,,9.52,80.2,8.127209828514935,0.26212444780382427,7.685275008835154,,,True,54.8,35.3,71.0,B,,,
CTOS,10.26,,16.11,82.4,3.427421662115293,44.710863594948314,4.2763200206207514,,,True,44.2,86.7,30.4,D-,,,
CTO,21.96,,3.3,72.4,10.240959259400872,18.766896076109553,7.101608749594636,,,True,58.8,69.6,64.2,B-,,,
CTRA,32.56,,11.71,75.7,7.423292642692192,25.957446808510642,4.823913632150326,,,True,53.3,77.0,36.2,D,,,
CTRE,38.83,,10.98,35.3,-8.506121981492253,-1.421675981074666,4.094427930736456,,,True,14.8,32.1,28.5,E,,,
CTRI,23.09,,46.28,18.8,-28.00124679579704,-26.511775453253062,0.6167541069864484,,,True,3.0,5.5,6.8,E,,,
CTRN,74.54,,4.33,91.4,79.61446003741528,61.727057746859046,12.230573563000718,,,True,96.8,90.9,96.6,A+,,,
CTSH,59.29,,31.87,45.7,28.975420742935263,-16.38696810671648,14.694403856195997,,,True,84.5,12.4,98.5,A+,,,
CTS,62.57,,10.04,76.6,5.195023024250545,9.483813989193735,2.418428619277533,,,True,48.0,55.7,15.0,E,,,
CTVA,75.79,,16.69,33.5,-9.070184864394303,0.6240054640564985,1.5205131663459035,,,True,14.2,36.0,10.1,E,,,
CUBE,41.75,,3.49,56.9,4.66282276259713,8.132608132608144,5.496836478042895,,,True,46.9,53.8,43.0,D,,,
CUBI,83.4,,1.16,73.1,14.844397584520653,17.481337548779983,9.302698499360396,,,True,66.9,67.9,85.5,A,,,
CUB,10.87,,3.16,39.6,0.6481453109998148,1.6838195719492077,9.87714680016806,,,True,33.3,39.4,89.8,A,,,
CUE,31.08,,31.69,87.8,5.463182638975428,221.73912964499021,5.409320710694385,,,True,48.6,98.2,42.0,D,,,
CUK,27.47,,18.53,40.6,-11.870388193776071,15.907172995780595,4.679174928461746,,,True,11.3,66.1,34.8,D,,,
CURB,30.05,,6.53,71.9,9.631519169445358,17.56650964371458,5.23587554306234,,,True,57.6,68.1,40.6,D,,,
CUZ,29.94,,9.14,70.3,13.452067199915184,29.442285058614857,2.675493417955603,,,True,64.4,80.1,16.4,E,,,
CVBF,23.16,,0.9,73.8,18.16326452761279,12.318136990359395,7.801736153685658,,,True,72.6,60.3,72.4,B,,,
CVCO,607.1,,14.85,74.4,31.227973885380877,6.679079861873771,7.364113445282509,,,True,85.9,51.1,67.6,B,,,
CVEO,33.31,,8.74,75.1,0.12023256174034103,14.901694975132873,3.421518162218794,,,True,30.8,64.4,22.7,E,,,
CVE,30.6,,4.58,83.9,3.1344805577004475,38.96457938905415,5.890373265219453,,,True,43.4,84.6,48.3,C-,,,
CVGW,26.09,,9.97,38.6,-2.794336810730258,38.702817650186084,1.009701301928068,,,True,23.5,84.4,8.2,E,,,
CVI,35.6,,14.57,71.1,5.200941117379099,45.72246612411417,8.258768394306845,,,True,48.1,87.0,76.8,B+,,,
CVLG,34.67,,30.49,75.4,8.51329630342821,18.489399073634004,-1.9535660593207007,,,True,55.6,69.2,1.9,E,,,
CVLT,151.1,,23.76,84.1,51.38764262450217,72.07608029098694,15.233981692792272,,,True,93.5,92.6,98.5,A+,,,
CVNA,73.7,,24.32,47.7,5.436333259287807,1.2167947760625575,9.80473222130169,,,True,48.5,37.9,89.3,A,,,
CVSA,131.89,,15.6,69.9,2.399067849105929,38.58358662356671,8.688541682732822,,,True,41.4,84.3,80.6,A-,,,
CVS,94.99,,14.18,64.5,-3.180106142320327,23.331599407646753,3.5135694836498725,,,True,22.8,74.8,23.2,E,,,
CVX,197.7,,7.92,69.1,6.2903209399151505,6.393282180735227,9.413365392824408,,,True,50.8,50.5,86.4,A,,,
CWAN,24.56,,0.0,63.7,3.2366540563261825,1.9087136929460513,8.619043682629954,,,True,43.7,40.3,80.2,B+,,,
CWBC,26.04,,7.56,68.6,11.520346533307668,6.15573141266752,8.976914938210196,,,True,61.3,49.9,83.1,A-,,,
CWCO,31.34,,19.89,31.2,4.327563756950381,-15.775328802504996,5.541413505607441,,,True,46.1,12.9,43.5,D+,,,
CWEN,34.22,,18.02,28.5,-10.065699814183638,-14.57812975361178,5.506421091747322,,,True,12.9,14.1,43.0,D,,,
CWK,14.37,,17.41,42.8,10.199385625453083,2.8632776346390942,9.007619905654636,,,True,58.7,43.9,83.1,A-,,,
CWST,91.03,,15.68,38.5,7.970583298893219,-15.19470954043518,8.428108349989824,,,True,54.5,13.5,78.7,B+,,,
CWT,50.19,,6.74,66.9,15.885473624356926,13.68063109107358,4.9549998234385075,,,True,68.9,62.7,37.2,D,,,
CW,688.83,,14.77,47.3,-8.278293330247166,8.60544218996353,1.5662448761601109,,,True,15.1,54.2,10.1,E,,,
CXT,51.43,,25.46,58.6,24.197054588688193,-0.5799336841759484,8.217385056027982,,,True,80.3,33.6,76.3,B+,,,
CXW,31.6,,9.35,88.6,53.39806010422197,70.81081287280932,5.643294578974159,,,True,93.7,92.3,45.4,D+,,,
CX,11.08,,18.95,27.8,-16.3773590663694,-14.374034592688911,-0.33586760414210026,,,True,8.2,14.3,4.3,E,,,
CYATY,20.73,,19.74,65.8,-5.98639338093776,27.805175969397844,4.452407156406111,,,True,18.2,78.6,32.4,D-,,,
CYD,45.56,,25.89,52.7,-10.701682921812994,-11.75672792312412,2.005710222233196,,,True,12.3,16.7,12.6,E,,,
CYRX,15.13,,10.42,84.7,14.188680108988061,78.00000134636373,6.70030669713993,,,True,65.7,93.6,58.4,C+,,,
CYTK,73.45,,16.83,67.2,-4.882158834185201,9.955085251859575,3.298812408555075,,,True,19.7,56.5,21.7,E,,,
CZFS,81.71,,2.55,83.3,29.780811760598237,30.318977806176473,8.700632679586345,,,True,85.3,80.6,80.6,A-,,,
CZNC,26.0,,0.99,79.5,25.30120481927711,12.262521588946452,10.459983926672994,,,True,81.5,60.3,92.2,A,,,
CZR,29.66,,3.95,74.2,10.712952024681254,49.495966972843284,5.833895061513534,,,True,59.9,88.1,47.8,C-,,,
CZWI,21.1,,13.63,63.6,0.5719751261664685,12.53333536783854,5.925474686707423,,,True,32.9,60.7,48.8,C-,,,
C,138.73,,6.24,76.2,11.788876492779266,18.178716864757693,5.387566490371455,,,True,61.7,68.9,41.5,D,,,
DAC,140.37,,3.4,79.2,6.019633774310806,32.075644634162124,6.7706507548184245,,,True,50.2,81.4,59.4,C+,,,
DAKT,20.45,,27.66,43.8,2.1989043625159965,-21.827214208947044,5.851598329324286,,,True,40.7,8.1,47.8,C-,,,
DAL,91.31,,4.57,83.6,28.515126753826525,27.849338502651566,6.0484739427488865,,,True,84.1,78.7,50.7,C-,,,
DANOY,15.69,,15.78,33.1,8.506220878225879,-4.270895883664528,6.7492948076348735,,,True,55.6,26.5,58.9,C+,,,
DAN,30.33,,23.33,58.7,-11.548556652942388,-9.19161699489205,5.836356400897449,,,True,11.6,19.3,47.8,C-,,,
DAO,17.46,,7.81,89.1,40.57970277353184,84.17720553241197,12.519559302636267,,,True,90.6,94.4,97.1,A+,,,
DAR,65.74,,0.42,84.6,5.589460108849242,32.486896138189316,4.4761733685827,,,True,49.0,81.7,32.8,D-,,,
DASH,216.26,,24.25,77.9,45.07278091288385,23.246135810586388,11.805327021353332,,,True,92.1,74.7,96.1,A+,,,
DASTY,24.51,,30.37,41.4,9.664428682529035,15.44983870640253,11.091184840024882,,,True,57.6,65.4,94.2,A+,,,
DAVE,333.77,,27.16,85.8,39.0302782578714,96.786739587095,5.051447136504182,,,True,89.9,95.4,38.6,D,,,
DAWN,21.53,,0.0,93.8,80.16736401673643,196.5564738292011,9.369355339246981,,,True,96.9,97.9,86.0,A,,,
DBD,72.24,,21.55,36.8,0.29154222375333827,-0.16584043149594496,2.697256937824111,,,True,31.8,34.3,16.9,E,,,
DBGI,15.5,,49.89,97.9,1247.8261148997206,256.3218468922987,-1.7964104477152834,,,True,98.8,98.4,1.9,E,,,
DBL,14.26,,10.93,31.1,-0.557878459680361,-5.936673951966787,7.486875452856387,,,True,28.4,23.8,69.1,B,,,
DBOEF,315.69,,2.47,70.8,9.885479150606669,33.665006449031964,7.683382842213638,,,True,58.1,82.2,71.0,B,,,
DBRG,15.91,,0.25,68.3,1.6613408780326466,3.2446453433621514,8.656903492960833,,,True,39.1,44.7,80.2,B+,,,
DBSDY,237.92,,1.78,82.9,26.755461927125744,30.12470079536982,9.142142020012217,,,True,82.5,80.3,84.0,A-,,,
DBVT,14.03,,46.42,19.0,-28.418370102505385,-37.92035621169848,6.154201369665916,,,True,2.9,2.0,52.2,C,,,
DBX,35.93,,0.11,84.0,37.13740574494573,47.19377429404253,14.209999343509413,,,True,89.1,87.5,98.5,A+,,,
DB,38.38,,5.07,68.4,20.464535681466533,2.8954452228290517,7.186743037882048,,,True,75.7,44.0,65.2,B-,,,
DCBO,23.42,,27.62,77.7,40.40767431830903,24.244032234981127,14.436933309493508,,,True,90.5,75.7,98.5,A+,,,
DCI,95.71,,15.18,65.9,14.035504687802502,-13.439450950101595,7.279434449936416,,,True,65.4,15.2,66.2,B,,,
DCOM,41.2,,1.83,79.0,13.969573341464603,15.69783982852977,5.713145394669754,,,True,65.2,65.8,45.9,D+,,,
DCO,199.03,,5.4,89.4,31.67714110439752,65.14271388922741,6.518212397975624,,,True,86.2,91.5,56.5,C,,,
DCTH,17.36,,0.34,90.4,49.526275713622425,82.73684853001643,16.249142418988477,,,True,93.0,94.2,99.0,A+,,,
DDI,12.48,,0.56,78.5,5.762707985053628,47.692302274986154,7.95471031783984,,,True,49.6,87.6,73.9,B,,,
DDOG,252.24,,13.83,87.2,22.858119669360512,98.09943100067859,6.422674988995744,,,True,78.7,95.5,55.5,C,,,
DDS,613.81,,17.27,59.5,15.178637986676002,-4.633097034228706,11.024176870554435,,,True,67.5,26.0,94.2,A+,,,
DD,144.1,,8.79,62.2,-6.111541501488382,-6.785687234933935,4.748068810072706,,,True,17.9,22.6,35.3,D,,,
DEA,24.86,,4.24,62.0,8.086959175441578,2.8973535196670674,6.611261329243874,,,True,54.7,44.1,57.5,C,,,
DECK,93.3,,25.63,28.0,-0.6707089835432667,-19.122743540431852,1.0244015641597155,,,True,28.1,10.1,8.2,E,,,
DEC,14.17,,25.03,29.8,-9.050063695160816,5.274889125512217,8.759974311853444,,,True,14.2,48.4,81.6,A-,,,
DEI,11.89,,30.02,39.8,1.2776860589672312,15.774102661370538,8.218833800835892,,,True,37.3,65.9,76.3,B+,,,
DELL,494.51,,3.79,94.8,102.77607322164472,298.28447951483975,7.862503220816046,,,True,98.1,98.5,72.9,B,,,
DEO,95.01,,18.38,64.1,17.7469353528696,-5.753395361342662,12.941032862286399,,,True,72.0,24.2,97.6,A+,,,
DE,612.38,,9.17,67.3,5.464566413986494,-0.050595752695092866,4.899055095836232,,,True,48.6,34.4,36.7,D,,,
DFH,14.84,,52.88,23.9,10.498884233714744,-27.961164307825783,7.124836946995786,,,True,59.4,4.8,64.7,B-,,,
DFIN,49.62,,15.11,67.8,28.549220030789545,20.232611901828832,10.574052426398447,,,True,84.2,71.3,92.7,A+,,,
DFNS,34.54,,62.04,98.9,7803.890369685891,1521.59628711396,-546.5014269290933,,,True,99.0,98.8,1.0,E,,,
DFP,20.83,,5.79,35.1,-3.6626953692220354e-07,-4.537122256159243,5.21416286792808,,,True,30.2,26.2,40.1,D,,,
DFTX,43.9,,11.67,94.7,99.45480020844573,153.0259453941147,6.529446156995074,,,True,98.0,97.3,56.5,C,,,
DGICA,18.75,,10.97,49.5,10.229276895943551,0.4823151125401992,5.459919915825688,,,True,58.8,35.7,43.0,D,,,
DGICB,24.49,,18.34,85.9,39.22683212687985,52.1117998206097,10.639578019593886,,,True,90.0,89.0,92.7,A+,,,
DGII,85.14,,1.96,90.8,30.32297472776433,83.45184096024228,9.752317208979818,,,True,85.7,94.3,88.9,A,,,
DGP,154.54,,38.86,30.2,-14.868069582915878,-29.792843319038344,7.904588326001496,,,True,9.1,4.1,73.4,B,,,
DGX,236.04,,1.7,79.2,23.67827785492944,12.765141069239828,9.216326113290487,,,True,79.5,61.0,84.5,A,,,
DG,122.08,,22.85,57.3,19.98034577990633,-17.04267339558665,5.528889285066475,,,True,75.0,11.6,43.5,D+,,,
DHI,149.88,,18.79,38.7,6.501815450019555,-8.526087956782114,5.418841557669012,,,True,51.3,20.1,42.0,D,,,
DHR,203.89,,16.03,55.4,22.832700397402505,-7.314301577575943,11.105489037218444,,,True,78.6,21.8,94.2,A+,,,
DHT,19.2,,6.57,78.9,7.8046084387392245,24.031012680487418,5.041990477242041,,,True,54.1,75.4,38.6,D,,,
DINO,91.87,,2.49,88.5,32.41568571141833,56.34786035837651,7.8455636689720025,,,True,86.8,90.0,72.4,B,,,
DIN,34.75,,12.42,77.3,21.291448516579404,0.1729605073508278,8.24855721000826,,,True,76.8,35.1,76.8,B+,,,
DIOD,97.19,,22.86,82.2,-4.678302823257885,24.602567232572127,2.0552856270163495,,,True,20.1,76.0,12.6,E,,,
DIS,104.8,,12.51,34.5,-0.09532597544537058,-3.0706594045895264,8.776483143707377,,,True,29.9,29.0,81.6,A-,,,
DIT,68.0,,28.86,21.6,-15.485955754412128,-9.734473333837757,-2.6041141593945474,,,True,8.6,18.6,1.4,E,,,
DJCO,601.22,,10.9,79.7,27.506780349322412,7.745514462925618,5.424177005316599,,,True,83.3,53.0,42.5,D,,,
DJP,48.17,,6.88,64.4,-6.1013680917245345,16.128250166213398,5.4580185763288345,,,True,18.0,66.4,43.0,D,,,
DKILY,13.39,,18.5,28.1,-17.59999788724459,9.127953086997787,1.5746732400146062,,,True,7.4,55.0,10.1,E,,,
DKL,52.3,,14.96,52.1,2.5490181118834165,-4.194908889795668,6.768006267162621,,,True,41.8,26.6,59.4,C+,,,
DKNG,25.42,,47.89,24.9,1.5581305485175445,-3.3460073144716884,9.55812545410091,,,True,38.8,28.6,87.4,A,,,
DKS,202.26,,17.24,27.6,-5.759018494624946,-1.051810328831304,5.023607252878389,,,True,18.4,32.9,38.2,D,,,
DK,68.3,,0.91,91.7,55.65178452998589,97.85632402015587,9.749899265749342,,,True,94.0,95.5,88.9,A,,,
DLB,62.37,,17.57,51.1,14.904198474363973,-9.726445314973564,12.602603005130835,,,True,67.1,18.7,97.1,A+,,,
DLO,14.76,,12.04,67.1,21.28184247232405,15.132607089561901,9.708421401523372,,,True,76.8,64.9,88.4,A,,,
DLR,197.58,,5.07,65.1,2.2088882267108145,13.180959976545047,5.520178259263247,,,True,40.7,61.9,43.5,D+,,,
DLTR,129.53,,9.04,80.0,49.228109192738344,3.6239990234375075,6.764222227209032,,,True,92.9,45.6,59.4,C+,,,
DLX,24.24,,24.42,47.7,5.666956282119284,-7.7274466268817505,3.164092195259405,,,True,49.1,21.2,20.3,E,,,
DLY,14.26,,9.29,35.0,1.3503925293662844,-4.742817442339109,7.71340473946794,,,True,37.6,25.8,71.5,B,,,
DMAA,10.71,,0.09,41.3,1.0377325728170739,2.5862113852092694,7.036706136815535,,,True,35.7,43.0,63.3,B-,,,
DMB,10.72,,4.96,33.9,-3.510348631603877,-3.9426499370178503,2.759598475981935,,,True,22.1,27.4,16.9,E,,,
DMC,30.62,,29.74,20.3,-13.819305265315517,-23.29659108408467,5.7721079860716475,,,True,9.7,7.3,46.4,D+,,,
DMII,10.13,,0.69,,0.9970128029116454,1.4014048701733284,,,,True,35.5,38.5,,,,,
DMLP,27.59,,4.7,58.3,1.9209462600217497,8.536585966120725,8.117621871455333,,,True,40.0,54.2,75.3,B+,,,
DMO,10.5,,13.29,26.7,-5.998209489704564,-6.749555950266428,1.9928296320424916,,,True,18.1,22.6,12.1,E,,,
DMRA,30.73,,19.82,93.5,27.193706714554345,40.96330065246021,9.885194550940325,,,True,83.0,85.3,89.8,A,,,
DNKEY,28.71,,2.38,72.7,13.29912751220168,5.823811177963223,6.24525474327463,,,True,64.2,49.5,53.1,C,,,
DNLI,24.82,,9.08,82.7,25.353533812243523,26.053832883820306,8.98024300606419,,,True,81.6,77.1,83.1,A-,,,
DNMX,10.04,,0.0,,0.5508293146409882,0.9146607698429898,,,,True,32.9,36.9,,,,,
DNOW,16.31,,5.5,78.3,24.124805676882666,-1.5691040075897278,10.471795553198303,,,True,80.1,31.8,92.2,A,,,
DNP,10.91,,2.24,49.2,1.962615396374856,6.439022901581559,6.434267608195723,,,True,40.2,50.6,55.5,C,,,
DNTH,109.6,,4.32,93.1,27.828319576427106,119.55128704772679,8.466473814917393,,,True,83.5,96.4,79.2,B+,,,
DOCN,132.29,,29.45,90.4,-16.892829949658996,112.0031943688026,0.02016072165698546,,,True,7.9,96.1,4.8,E,,,
DOCS,26.59,,65.25,21.5,13.68106093453565,2.4268110654387165,11.26269139043088,,,True,64.7,42.3,95.1,A+,,,
DOCU,64.09,,26.04,78.6,42.20101250918711,44.54216585000139,16.333676024823575,,,True,91.3,86.6,99.0,A+,,,
DOC,20.81,,9.32,68.2,6.4450100559712675,22.700468549188567,2.6819753429712527,,,True,51.2,74.2,16.4,E,,,
DOLE,13.36,,19.37,25.3,-8.304738114775256,-15.549938959056597,1.8649101206528726,,,True,15.0,13.1,11.6,E,,,
DOO,64.79,,20.88,53.7,18.079097713736726,-18.12207643684146,8.476968960942092,,,True,72.5,10.8,79.2,B+,,,
DORM,133.08,,20.26,56.3,14.408529772227219,-0.14256634572320515,5.279988386047385,,,True,66.0,34.3,41.0,D,,,
DOV,206.66,,13.0,38.0,-3.708879106276497,-11.33135810610144,3.536618968462939,,,True,21.8,17.2,23.2,E,,,
DOW,30.36,,28.97,32.7,-21.83316011752946,-10.705880557789527,3.494636565499052,,,True,5.5,17.7,23.2,E,,,
DOX,58.66,,33.8,21.4,-2.11913925010494,-16.25981463609977,7.75292837513005,,,True,24.5,12.6,72.0,B,,,
DPG,14.76,,2.57,54.6,2.428870429436758,3.6516870005746993,5.387259411926425,,,True,41.6,45.7,41.5,D,,,
DPZ,350.88,,25.19,33.9,13.744814860870225,-8.62499872843424,10.990607172055046,,,True,64.9,19.9,93.7,A+,,,
DQ,14.92,,59.22,13.7,-22.048066477043125,-42.23770779599712,9.101643721830765,,,True,5.4,1.4,83.5,A-,,,
DRDB,10.64,,0.09,40.1,1.1406832731696515,1.7208442114658773,11.621167843639135,,,True,36.4,39.6,95.6,A+,,,
DRD,23.78,,39.6,24.0,-19.553448286043608,-34.49035623513633,4.841652518536533,,,True,6.4,2.6,36.2,D,,,
DRH,12.29,,10.88,79.5,17.38299868054467,22.654690238054176,3.4068127711089025,,,True,71.3,74.1,22.2,E,,,
DRI,223.5,,2.72,71.9,15.917224210362523,5.033131256168066,10.17444092810747,,,True,69.0,47.9,90.8,A,,,
DRS,44.72,,11.6,60.6,5.2235322840073595,18.088199684983163,4.339051098458292,,,True,48.1,68.8,31.4,D-,,,
DRTS,14.5,,1.69,93.9,50.4149377593361,94.63087248322147,8.102800822187803,,,True,93.2,95.2,75.3,B+,,,
DRUG,78.0,,36.97,63.9,-7.779616930716482,0.10266940451744144,6.583451178833634,,,True,15.7,34.9,57.0,C,,,
DRVN,12.86,,34.85,25.9,1.4195556520287589,-23.950327281624805,3.6939442663693693,,,True,38.2,6.9,24.6,E,,,
DSAC,10.17,,2.87,,2.211058002473032,2.0060160873470068,,,,True,40.7,40.7,,,,,
DSDVY,109.55,,27.92,22.4,-12.771712519983192,-27.699313646555424,1.314007981525716,,,True,10.6,4.9,9.2,E,,,
DSEEY,11.53,,4.0,79.3,20.104163885116577,2.5800687986760718,4.954137549094202,,,True,75.3,43.0,37.2,D,,,
DSGN,14.39,,16.58,85.4,-7.874517648381851,38.8996172135401,7.1593748109782105,,,True,15.7,84.5,64.7,B-,,,
DSGR,34.86,,0.57,80.0,28.303277918113956,12.017996819895771,4.929877944757392,,,True,84.0,59.8,37.2,D,,,
DSGX,77.24,,29.14,46.1,16.48318181838264,17.439558862352953,11.138679619086604,,,True,70.0,67.8,94.2,A+,,,
DSL,10.8,,14.76,30.3,-1.4598522743169529,-6.655140961669293,2.5919089937166238,,,True,26.1,22.8,15.9,E,,,
DSP,12.98,,12.3,77.8,23.8549574640871,32.04475627910812,10.085576547632643,,,True,79.8,81.3,90.8,A,,,
DTEGY,32.88,,18.97,34.7,0.09132745240558737,-9.246477868851121,7.934111765751799,,,True,30.7,19.3,73.4,B,,,
DTE,139.53,,10.41,33.8,-1.7394374793683998,-0.12883918166425312,5.470533755737705,,,True,25.5,34.4,43.0,D,,,
DTF,11.51,,0.86,38.3,0.6118901126034748,0.0869585120159666,5.585938949548997,,,True,33.3,34.9,43.9,D+,,,
DTM,134.79,,11.83,43.0,-7.671762938466465,2.392884599007017,-0.12443035247827972,,,True,15.8,42.3,4.8,E,,,
DTSQ,11.26,,12.71,41.3,0.1779400193144598,3.302758008720952,10.288044516043655,,,True,31.0,44.8,91.3,A,,,
DT,50.75,,4.76,81.8,46.12726749208178,36.68192835981685,9.95146563883044,,,True,92.3,83.5,89.8,A,,,
DUK,124.49,,7.44,37.2,0.47618875203352395,-0.567094358011555,5.704469601702474,,,True,32.4,33.6,45.9,D+,,,
DULL,58.75,,70.55,22.4,15.883319101066329,32.03146430883515,7.2244591042075985,,,True,68.9,81.3,65.2,B-,,,
DUOL,144.1,,61.22,57.1,37.26424662175236,31.838980881533054,15.440400181344435,,,True,89.2,81.2,98.5,A+,,,
DVA,179.17,,27.61,63.2,-9.555780833445072,24.19075217920934,1.1802551664616274,,,True,13.5,75.6,8.7,E,,,
DVN,44.39,,15.78,54.3,-5.351813668126992,-1.2677949518495657,6.193889921925182,,,True,19.1,32.5,52.6,C,,,
DV,13.3,,19.1,82.3,49.77477692268988,38.39750458621087,9.396927779009454,,,True,93.0,84.1,86.4,A,,,
DXCM,91.48,,0.15,86.4,56.18918107722997,34.233313803277454,15.338936773531092,,,True,94.1,82.4,98.5,A+,,,
DXC,11.2,,28.57,49.5,36.25303904215493,-18.958033218052563,11.015000721381472,,,True,88.7,10.2,94.2,A+,,,
DXPE,193.1,,7.16,87.0,32.025164845833196,30.402489264934896,4.639412403563347,,,True,86.5,80.6,34.3,D,,,
DXR,10.4,,29.54,26.3,-0.9523845854259694,-17.394760774183695,2.3073769562441226,,,True,27.4,11.4,14.5,E,,,
DXYZ,31.92,,56.2,28.2,-38.85057456648669,3.670022982442167,11.68646431646495,,,True,1.0,45.7,96.1,A+,,,
DX,13.02,,12.79,32.6,-1.2888517227924723,-6.733521076191473,4.552227915255523,,,True,26.5,22.6,33.8,D,,,
DYNC,10.87,,10.17,42.4,1.1162780052007548,5.024149612789808,5.556452623090755,,,True,36.3,47.9,43.9,D+,,,
DYN,25.96,,4.93,87.1,40.78090609800788,55.63548611794158,13.315147927958831,,,True,90.7,89.8,98.0,A+,,,
DYOR,10.1,,3.53,,0.8991024028971895,1.303912848135358,,,,True,34.8,38.1,,,,,
DY,409.41,,27.73,60.1,-7.958453348146543,-4.7174633070868115,1.9815756126690296,,,True,15.6,25.8,12.1,E,,,
D,68.54,,6.1,62.0,9.279338194399456,6.017016110637807,5.643336996427691,,,True,57.0,49.7,45.4,D+,,,
EADSY,61.29,,4.76,70.5,20.72089888302329,10.13476951483221,9.55351729232825,,,True,76.1,56.8,87.4,A,,,
EAT,238.61,,5.95,91.2,88.83349209429532,43.33513582648618,14.310634844981097,,,True,97.5,86.2,98.5,A+,,,
EA,209.7,,0.24,52.1,4.619834837478631,4.849998474121087,2.2753343868162412,,,True,46.8,47.5,14.0,E,,,
EBAY,104.58,,12.35,45.4,-7.459515236656333,26.18243464171657,5.465905135785228,,,True,16.1,77.2,43.0,D,,,
EBC,23.52,,0.97,78.9,21.613239181818365,9.293682424552374,7.294991930080318,,,True,77.2,55.4,66.2,B,,,
EBF,22.08,,2.08,69.2,9.361069458672876,7.602338809483689,7.187849869625747,,,True,57.1,52.7,65.2,B-,,,
EBMT,23.78,,3.57,73.2,7.455945262745178,4.024499941581405,8.210402499829723,,,True,53.4,46.3,76.3,B+,,,
ECAT,15.83,,7.64,40.2,1.6046208196794254,1.7352180186764432,9.787239077008554,,,True,39.0,39.6,89.3,A,,,
ECBK,20.85,,0.48,73.6,14.371916519307337,15.448507095624176,11.094704383447864,,,True,65.9,65.4,94.2,A+,,,
ECF,13.0,,6.14,53.6,-0.6875477463712754,6.1224489795918435,6.6181605171605655,,,True,28.0,49.9,57.5,C,,,
ECG,137.5,,19.86,72.1,-14.474095698240252,34.14634146341464,2.954195039594576,,,True,9.4,82.4,18.4,E,,,
ECHO,91.68,,37.74,59.9,-31.18666943993411,-16.69998155081248,3.2634055734646683,,,True,2.1,12.1,21.2,E,,,
ECL,276.26,,10.67,48.5,10.672225689297733,-8.990278449802346,7.880114477007891,,,True,59.9,19.6,72.9,B,,,
ECO,63.92,,2.96,87.6,17.41366305831249,49.73061178014832,4.998334132219858,,,True,71.4,88.2,38.2,D,,,
ECPG,101.29,,0.5,89.3,28.182739705805293,76.46341622914173,5.807975559957842,,,True,83.9,93.3,47.3,C-,,,
ECVT,10.08,,33.18,20.9,-30.097088277570283,-9.596410147368772,-2.5641778285071126,,,True,2.4,18.7,1.4,E,,,
EC,17.21,,3.04,86.5,33.72182660817915,40.834689725635485,7.91150953462107,,,True,87.5,85.2,73.4,B,,,
EDN,23.79,,35.18,23.0,2.764582788455061,-19.465128925093623,5.528645001270279,,,True,42.5,9.9,43.5,D+,,,
EDPFY,52.68,,6.68,56.7,2.1722271240802504,-0.2839290078065826,4.298893689656113,,,True,40.6,34.1,30.9,D-,,,
EDRY,38.64,,3.4,94.3,74.96037758500538,169.8323979724053,18.912909473006103,,,True,96.3,97.6,99.0,A+,,,
EDU,52.33,,19.46,34.5,-0.17168670153627774,-14.563262316645408,5.763574542882312,,,True,29.6,14.1,46.4,D+,,,
ED,108.39,,6.75,43.3,2.1006022886665754,-1.3470470650328248,6.939614048903024,,,True,40.5,32.3,61.8,B-,,,
EEA,11.26,,1.49,52.6,5.628519970748935,2.456780972537187,9.827972646074718,,,True,49.1,42.4,89.3,A,,,
EEFT,74.23,,24.65,38.5,6.24016510223786,5.755810452961385,7.768778892064301,,,True,50.8,49.4,72.0,B,,,
EE,35.6,,17.54,62.0,-1.7117656705657236,-13.592236713298323,1.132668724486896,,,True,25.6,15.0,8.7,E,,,
EFC,13.68,,3.12,42.0,2.0134250945248455,5.555557910306952,5.510030954405912,,,True,40.3,49.0,43.0,D,,,
EFOR,33.45,,39.12,79.2,92.79539344633689,-21.31263052707727,20.36264958549247,,,True,97.7,8.5,99.0,A+,,,
EFR,10.76,,8.74,35.7,2.573882067510347,-2.975651678252156,10.808148900884472,,,True,41.9,29.3,93.7,A+,,,
EFSC,66.45,,3.32,71.5,13.628585752808121,12.132968188056337,5.777643571525163,,,True,64.7,60.0,46.4,D+,,,
EFSI,43.29,,3.69,73.1,17.667847011490466,12.324859666651133,6.282651359924413,,,True,71.8,60.4,53.6,C,,,
EFTY,15.02,,17.47,70.4,0.0,0.0,-1.5329182623183488,,,True,30.3,34.7,2.4,E,,,
EFT,10.9,,10.58,32.3,-1.3574695155631478,-3.964761070217848,7.939813080796242,,,True,26.3,27.3,73.4,B,,,
EFXT,21.48,,26.31,69.0,-21.577219634040425,15.920127049305588,0.9426591698895352,,,True,5.6,66.1,7.7,E,,,
EFX,185.58,,31.73,37.7,16.031012774199517,-6.082995024769888,10.489351069491558,,,True,69.1,23.4,92.2,A,,,
EGBN,28.78,,1.74,80.2,15.258312721848256,7.54858253604449,5.4824324921797265,,,True,67.8,52.7,43.0,D,,,
EGHA,10.35,,4.11,39.4,0.7886988391360372,0.9853642161299581,16.87139912117292,,,True,34.1,37.2,99.0,A+,,,
EGO,38.44,,24.86,75.6,8.15981605714402,-16.97624486671925,7.4205118888497035,,,True,54.8,11.7,68.1,B,,,
EGP,205.06,,9.55,57.5,0.7418312741801714,7.977461723234036,2.966400700929867,,,True,33.7,53.5,18.8,E,,,
EG,366.05,,8.73,59.7,5.195846708902696,10.116716140114534,5.49896944016938,,,True,48.0,56.7,43.0,D,,,
EHAB,13.8,,2.95,84.5,22.994652406417117,72.71589486858574,5.038618373778473,,,True,78.9,92.6,38.6,D,,,
EHC,123.55,,3.47,70.7,14.94092757629344,8.921804682850931,11.720249330662243,,,True,67.1,54.6,96.1,A+,,,
EIG,48.5,,7.78,71.5,17.00844390832328,12.764473378284125,6.444577166579893,,,True,70.8,61.0,55.5,C,,,
EIX,70.68,,13.4,55.7,0.08496219934264193,5.398151364711867,2.184314265203229,,,True,30.7,48.7,13.5,E,,,
EJPRY,10.82,,20.38,24.3,-9.07562990190618,-14.533966625315664,7.095791693602809,,,True,14.1,14.2,64.2,B-,,,
ELAN,22.51,,19.55,37.5,3.2568817838616315,-12.446517974010751,4.50233195459206,,,True,43.7,16.0,32.8,D-,,,
ELA,16.18,,45.49,44.8,-33.55236014301528,27.30133993057262,-3.8890738625087344,,,True,1.7,78.1,1.0,E,,,
ELE,20.51,,23.92,74.8,5.558416000421196,-1.3942296688373323,14.503876436438965,,,True,48.9,32.2,98.5,A+,,,
ELF,92.05,,39.04,83.9,71.28768710784854,19.82557023139524,12.6573469288841,,,True,96.2,70.8,97.6,A+,,,
ELLO,20.19,,33.45,23.3,-14.91782328673571,-31.559320223533504,3.3244468963863296,,,True,9.0,3.5,21.7,E,,,
ELMD,42.54,,10.25,87.6,25.0073491493604,68.40855469329905,7.827148579293016,,,True,81.2,91.9,72.4,B,,,
ELMT,17.15,,23.81,,2.571772265758021,,,,,True,41.9,,,,,,
ELPC,10.6,,22.61,32.4,-8.699393785790466,-3.460834412844027,0.9711912995494298,,,True,14.6,28.2,7.7,E,,,
ELS,65.01,,5.78,44.1,3.0759507471546987,-1.4253189746315953,5.779379390447792,,,True,43.3,32.1,46.4,D+,,,
ELVN,58.06,,6.84,92.0,33.287422803698384,107.2831180767262,8.48482284115444,,,True,87.2,95.9,79.2,B+,,,
ELVR,63.46,,38.27,,-29.229396252569295,14.52806218954812,,,,True,2.7,63.9,,,,,
ELV,398.22,,8.72,67.2,-0.35531948235834054,20.581378113763236,6.598556213330157,,,True,28.9,71.6,57.0,C,,,
EL,87.32,,28.21,34.0,6.319249597983956,-17.145839553255314,7.042438218989988,,,True,50.9,11.5,63.7,B-,,,
EMA,51.34,,7.48,38.2,-2.2095235188802076,4.6473708776760825,4.956955888984295,,,True,24.4,47.2,37.2,D,,,
EMBJ,74.22,,8.09,76.8,27.39444081823399,2.4572076486790717,10.009897031546512,,,True,83.2,42.5,90.3,A,,,
EMD,10.52,,6.9,34.4,-2.1395306254542112,-5.565525513791103,2.9277443766111393,,,True,24.5,24.5,18.4,E,,,
EME,831.23,,12.68,61.6,-9.94355635705464,2.810105065954649,1.6187241964127965,,,True,13.1,43.7,10.6,E,,,
EMF,22.18,,10.2,67.9,-1.29060834367698,9.314934968830869,2.1337713129054414,,,True,26.5,55.5,13.0,E,,,
EMIS,10.22,,0.0,,1.1881176339284538,1.590455673342861,,,,True,36.8,39.0,,,,,
EML,25.67,,14.18,79.1,23.294909108040084,36.76078889874239,9.926167497436506,,,True,79.2,83.5,89.8,A,,,
EMN,73.77,,11.62,54.2,-0.08127232416847985,-9.328912680596845,8.848982270959864,,,True,29.9,19.2,82.1,A-,,,
EMO,52.98,,3.5,61.9,5.056513072052993,6.428283532013523,6.091545393943884,,,True,47.8,50.6,51.2,C,,,
EMPG,17.36,,4.3,75.8,3.515850011126531e-06,3.515850011126531e-06,-3.474300583649212,,,True,30.5,34.8,1.0,E,,,
EMR,164.21,,1.29,76.5,19.200062945606277,6.167974858645642,12.002672113987916,,,True,74.0,50.0,96.6,A+,,,
ENB,51.29,,12.25,33.2,-7.066495895040137,-0.5043629184726561,0.03186227354973781,,,True,16.5,33.7,5.3,E,,,
ENLT,86.0,,20.85,87.0,-6.633373140809907,34.98665829540104,1.7068180216708075,,,True,17.1,82.6,11.1,E,,,
ENOV,25.66,,25.15,33.4,-0.1556426170735037,12.543858979877665,9.966846620065315,,,True,29.7,60.8,90.3,A,,,
ENPH,40.78,,44.7,44.8,-2.904764811197913,-15.44681986461357,5.859872733955468,,,True,23.2,13.2,47.8,C-,,,
ENR,22.67,,25.16,71.5,33.19624016623941,-1.9887588573543225,9.374434373003224,,,True,87.1,30.9,86.0,A,,,
ENSG,181.88,,16.57,40.0,2.1797780240519593,-14.175158133818178,8.6036975333284,,,True,40.6,14.5,80.2,B+,,,
ENS,197.38,,19.21,69.5,-15.280279473425828,11.589781141345835,-1.710730696877123,,,True,8.7,59.2,2.4,E,,,
ENTA,13.44,,21.63,55.7,-4.205277402827501,-5.684213470994381,5.0779870436234855,,,True,20.9,24.3,38.6,D,,,
ENTG,163.81,,12.37,86.3,12.941255900850624,18.883806922558797,6.172130027767545,,,True,63.8,69.7,52.2,C,,,
ENVA,261.92,,1.36,91.1,60.450878110594445,71.76209156517434,7.316504394282475,,,True,94.8,92.4,66.6,B,,,
EOG,141.41,,6.89,68.4,4.802492894174293,19.615973322711366,8.283011989216142,,,True,47.2,70.6,76.8,B+,,,
EOI,20.3,,5.93,38.5,1.6015977830858175,-1.4563143832012404,5.910764807775951,,,True,39.0,32.1,48.3,C-,,,
EONGY,21.06,,10.69,39.4,-4.705884769491487,-2.7700855681330405,0.591578531408322,,,True,20.0,29.7,6.8,E,,,
EOS,22.2,,9.35,33.3,-1.9867515985013018,-0.04502132850313645,6.762827091490257,,,True,25.0,34.5,59.4,C+,,,
EOT,17.53,,2.61,44.2,2.815253294108544,0.747130383020167,5.22529204915269,,,True,42.7,36.4,40.6,D,,,
EPAC,36.91,,17.98,36.6,8.20873599358578,-14.202696774960232,6.856417645648274,,,True,55.0,14.4,60.4,C+,,,
EPAM,101.55,,54.37,18.5,12.346501882683715,-42.946231219867514,12.273675616282828,,,True,62.8,1.4,97.1,A+,,,
EPC,28.47,,4.94,86.5,56.25685682411907,35.506898207303614,8.381525352803497,,,True,94.1,82.9,78.2,B+,,,
EPD,38.02,,5.35,56.8,-0.7051437509436598,7.249648681984966,5.429384166363642,,,True,28.0,52.1,42.5,D,,,
EPRT,31.04,,10.62,37.0,1.173405852435927,-1.6164788731304447,2.953457937501053,,,True,36.7,31.7,18.4,E,,,
EPR,61.7,,5.03,66.0,6.068421459411133,7.416435868627191,5.245907250821626,,,True,50.3,52.4,40.6,D,,,
EQBK,51.73,,1.03,73.2,15.185926391085136,12.139604470488452,9.830153079321029,,,True,67.6,60.0,89.3,A,,,
EQH,52.8,,4.42,76.8,28.18645117033394,18.51851680597205,11.804845768749919,,,True,83.9,69.3,96.1,A+,,,
EQIX,1073.78,,4.86,70.2,-0.3248896018792635,23.775824107441323,4.097787611666291,,,True,29.0,75.2,28.5,E,,,
EQNR,40.54,,6.72,81.6,5.903868640353549,41.84744896965482,6.948621942363227,,,True,49.9,85.8,62.3,B-,,,
EQPT,21.41,,39.69,,-17.49518605799486,-35.76358034441003,,,,True,7.5,2.3,,,,,
EQR,65.97,,7.73,43.8,0.2126708502250052,2.0417652292391564,2.795149302738653,,,True,31.4,41.0,17.4,E,,,
EQT,54.08,,20.75,30.8,-3.307702787315059,-5.006144684604452,7.091618592442424,,,True,22.5,25.5,64.2,B-,,,
ERAS,17.86,,26.44,96.0,70.7457037318505,54.49827517605157,3.5451254815965454,,,True,96.1,89.5,23.2,E,,,
ERH,11.65,,10.86,29.4,-3.719011417105178,-4.58640771064478,5.487522049813554,,,True,21.7,26.1,43.0,D,,,
ERIE,255.83,,31.13,43.6,20.300010265708025,-8.79175662909384,12.487976661002534,,,True,75.5,19.7,97.1,A+,,,
ERO,34.37,,13.64,84.9,10.942540128743584,9.111107720269107,11.885938336832595,,,True,60.3,54.9,96.1,A+,,,
ESAB,85.12,,38.06,19.2,-6.48208883038669,-36.7231618000431,3.855527597479073,,,True,17.4,2.2,26.6,E,,,
ESCA,20.82,,9.75,83.2,13.336960777486206,46.72304224682324,8.64850959550013,,,True,64.2,87.3,80.2,B+,,,
ESEA,73.59,,7.63,69.5,3.8380080963604124,28.071695680283028,5.943599327165346,,,True,44.9,78.9,48.8,C-,,,
ESE,300.81,,16.94,71.1,0.18651042750832403,6.221970252690334,2.3633774626455875,,,True,31.1,50.2,14.5,E,,,
ESI,39.01,,20.79,68.1,-11.80194817650191,20.32695349023197,3.2041193709333244,,,True,11.4,71.4,20.8,E,,,
ESLOY,94.4,,49.47,15.9,-5.599998474121093,-43.473052978515625,5.74893129488253,,,True,18.7,1.3,46.4,D+,,,
ESLT,779.62,,23.27,72.0,0.02565947976540528,17.251958177375528,1.0048723630364096,,,True,30.6,67.5,8.2,E,,,
ESNT,69.28,,1.03,69.6,15.582246879040508,5.754844724922714,9.022778268718977,,,True,68.3,49.4,83.1,A-,,,
ESOA,12.48,,37.41,26.1,-25.714288439069477,-10.215830631393331,-2.766107054693336,,,True,3.9,18.0,1.4,E,,,
ESP,64.46,,13.79,73.1,-8.359398515108541,13.907049097848834,3.527605930520023,,,True,15.0,63.1,23.2,E,,,
ESQ,131.63,,2.36,80.3,26.058231069538884,20.76147236955275,6.347285061318074,,,True,82.1,71.9,54.6,C,,,
ESS,287.39,,5.26,60.0,5.681405695534858,9.938416528991812,8.4256944437494,,,True,49.3,56.5,78.7,B+,,,
ESTA,75.59,,22.54,72.3,9.423851097120185,3.946639628562476,-1.083336464620979,,,True,57.2,46.2,2.9,E,,,
ESTC,86.03,,10.45,87.1,77.12579530429664,39.09458169651878,21.117939560632337,,,True,96.6,84.7,99.0,A+,,,
ES,72.22,,5.68,47.2,5.816851605425821,2.8481931368600444,3.6290086853342256,,,True,49.7,43.8,24.1,E,,,
ETB,15.7,,0.25,44.1,1.948050709513871,1.3557121321183807,8.86387771148107,,,True,40.1,38.2,82.1,A-,,,
ETD,22.9,,27.09,50.1,22.591004381853708,-3.048265797924332,7.572782649865865,,,True,78.3,29.1,70.0,B,,,
ETG,24.51,,0.81,63.1,6.565218386442773,5.148006129909222,4.106272401371042,,,True,51.5,48.1,28.5,E,,,
ETN,453.33,,5.16,76.0,11.399711646008171,14.45125768695641,8.387750214343255,,,True,61.1,63.8,78.2,B+,,,
ETON,40.8,,18.69,91.0,32.381567933356735,154.20560272311866,5.905671394786629,,,True,86.8,97.4,48.3,C-,,,
ETOR,28.94,,48.76,15.3,-29.910390185594395,7.423904826845096,1.7227818884108785,,,True,2.5,52.5,11.1,E,,,
ETO,32.23,,0.12,62.9,5.49918017098634,6.40475253296906,7.162748423522312,,,True,48.7,50.5,64.7,B-,,,
ETR,106.91,,9.74,41.7,-4.842008311429124,6.696610441226913,3.2622247911371023,,,True,19.8,51.1,21.2,E,,,
ETSY,80.67,,8.3,83.6,40.540066496420415,69.97471169183589,9.053638400538944,,,True,90.6,92.2,83.5,A-,,,
ETV,15.18,,0.98,49.8,2.9152563062764925,2.775899154880035,8.150772908281061,,,True,42.9,43.5,75.8,B+,,,
ETX,18.37,,8.15,31.7,-2.8556275027318945,-2.3910688669851354,8.640265063232796,,,True,23.3,30.4,80.2,B+,,,
ETY,14.82,,7.55,33.9,-1.4627679865410914,-1.3315599545657864,6.370348850110496,,,True,26.0,32.3,54.6,C,,,
ET,20.76,,1.7,66.7,3.283583228267828,14.003296149817878,4.88346458394319,,,True,43.8,63.2,36.7,D,,,
EUDA,14.0,,83.72,12.5,-2.6425591098748313,-19.54022988505747,7.770998790986489,,,True,23.7,9.8,72.0,B,,,
EURK,11.98,,16.11,55.7,4.083399687300893,7.098155561794406,6.1573961120922,,,True,45.4,51.8,52.2,C,,,
EVAC,10.3,,0.0,,1.527843528607975,1.7786591621669512,,,,True,38.6,39.7,,,,,
EVCM,10.11,,29.84,23.7,-15.538851870161663,-6.040897382695842,5.291295171501634,,,True,8.5,23.5,41.0,D,,,
EVER,24.52,,14.65,75.1,30.010606881037493,63.9037463754256,9.806374800157307,,,True,85.4,91.2,89.3,A,,,
EVG,10.78,,5.85,34.3,-0.4616829827221447,-2.6196952757796654,5.157610658991693,,,True,28.6,29.9,39.6,D,,,
EVI,16.27,,53.27,19.5,1.9423587579177282,-26.77767570763424,6.952897688341109,,,True,40.1,5.3,62.3,B-,,,
EVMN,14.07,,57.62,,-39.587809610416066,-50.562192032885214,,,,True,1.0,1.0,,,,,
EVN,10.88,,3.37,38.5,1.11524269926504,-1.2704163843836769,6.157252053787129,,,True,36.3,32.5,52.2,C,,,
EVOX,10.08,,0.1,,0.7999992370605558,0.6992976346019253,,,,True,34.2,36.3,,,,,
EVRG,83.49,,5.79,49.5,1.2490878774794378,5.270455004122465,2.9050708754969623,,,True,37.1,48.4,17.9,E,,,
EVR,312.43,,19.62,28.0,-7.1116418386260705,-9.584722131158664,3.042847442567698,,,True,16.4,18.8,19.3,E,,,
EVTC,31.98,,15.19,74.8,35.796176400154245,21.87499825547381,9.746173302767655,,,True,88.6,73.2,88.9,A,,,
EVT,29.65,,0.0,72.6,12.140694472504808,12.183123793152761,6.833323327922912,,,True,62.4,60.1,60.4,C+,,,
EVVTY,77.25,,16.79,66.4,12.298297676811142,22.774955893319436,6.644670206317688,,,True,62.7,74.2,57.5,C,,,
EWBC,135.96,,0.29,75.3,14.213715317428743,14.156176921802842,7.669038105581857,,,True,65.7,63.4,71.0,B,,,
EWTX,43.18,,10.79,89.5,27.902844505852432,40.834965117990166,6.689927816858991,,,True,83.6,85.2,58.0,C+,,,
EWZ,33.77,,19.63,30.4,-8.183791249138118,-13.764043438842444,0.5961961025657487,,,True,15.3,14.8,6.8,E,,,
EW,92.56,,3.87,68.0,13.724041723299862,16.677168232186744,9.750352212383744,,,True,64.8,66.8,88.9,A,,,
EXAS,104.91,,0.07,87.0,3.481949102387061,96.75543885971491,5.106257765956803,,,True,44.3,95.4,39.1,D,,,
EXC,45.6,,9.97,37.8,3.004288398737498,2.587173170126178,6.556509962302201,,,True,43.1,43.0,57.0,C,,,
EXEL,50.61,,12.09,61.4,-1.32579331185112,17.86213463053461,5.329906598970391,,,True,26.5,68.4,41.5,D,,,
EXE,94.68,,25.23,28.1,-1.014113638080738,-8.459827607874137,7.031392439981657,,,True,27.2,20.1,63.3,B-,,,
EXLS,35.37,,21.54,65.6,30.228272945083813,16.92561630375129,11.90154933420806,,,True,85.6,67.1,96.1,A+,,,
EXPD,187.05,,0.37,80.5,20.057768325903602,15.541418896632164,8.553815898754337,,,True,75.1,65.5,79.7,B+,,,
EXPE,328.31,,0.91,86.1,50.91243280100839,40.5436633384391,12.666564719668633,,,True,93.3,85.1,97.6,A+,,,
EXPO,68.21,,16.77,61.0,25.064171405340407,-4.89403362455012,9.064861552475811,,,True,81.2,25.6,83.5,A-,,,
EXP,208.82,,14.95,35.8,4.745188264555944,-9.09407194975459,7.630949035632766,,,True,47.0,19.5,71.0,B,,,
EXR,149.4,,5.97,56.2,4.90835889086747,4.856817726336593,7.551918869082339,,,True,47.5,47.5,69.5,B,,,
EXTR,24.05,,28.7,72.2,5.621428357753833,60.76202698569884,0.6601737755182002,,,True,49.0,90.8,6.8,E,,,
EYE,19.05,,36.54,22.9,12.588647973171074,-32.42284768690832,4.240039411962643,,,True,63.2,3.2,30.4,D-,,,
EYPT,13.48,,29.46,38.4,0.3722974105460075,4.902720173045361,7.028755721143819,,,True,32.0,47.7,63.3,B-,,,
EZPW,28.65,,22.84,68.5,-13.155502823491139,15.199033448050958,0.4839231924028411,,,True,10.4,65.0,6.3,E,,,
E,54.78,,5.55,74.9,-1.332855224609386,25.297343959965414,7.336688804733528,,,True,26.4,76.4,67.1,B,,,
FACT,10.67,,0.74,40.2,0.8506630740727328,1.812982274396857,6.46599483172126,,,True,34.5,39.9,56.0,C,,,
FAF,74.06,,7.27,68.8,10.7687669138405,15.107238978230875,5.058273105478824,,,True,60.0,64.8,38.6,D,,,
FANG,199.51,,6.99,70.4,-0.7906541487638252,18.046266201311134,7.727877900625666,,,True,27.7,68.7,71.5,B,,,
FANUY,20.68,,24.91,34.7,-20.85724849074556,-7.884188853505947,4.534445942585338,,,True,5.8,21.0,33.3,D-,,,
FAST,51.34,,2.99,72.9,17.294951228210852,9.187580077813461,8.93140962475715,,,True,71.2,55.2,82.6,A-,,,
FAX,14.53,,14.02,29.6,-2.4832232686497258,-8.788451142679277,8.256338967338996,,,True,24.0,19.7,76.8,B+,,,
FA,22.2,,11.73,88.2,41.581637518746504,102.3701072282539,12.553232114695277,,,True,91.1,95.6,97.1,A+,,,
FBIN,48.43,,25.31,62.9,35.31712854198319,-23.212303305571936,6.896308462300892,,,True,88.3,7.3,61.3,B-,,,
FBIZ,71.83,,2.25,82.8,31.701506840951033,22.996578477833364,10.70393963318784,,,True,86.3,74.4,93.2,A+,,,
FBK,62.08,,0.92,72.7,20.895816613543694,4.12613524162142,12.108994220377538,,,True,76.3,46.5,96.6,A+,,,
FBLA,15.71,,1.69,74.6,12.214285986764084,15.770083945830727,7.297098678711844,,,True,62.5,65.9,66.2,B,,,
FBNC,66.13,,0.62,74.4,14.372184803559263,9.215519823976837,8.548341938106876,,,True,66.0,55.2,79.7,B+,,,
FBP,29.39,,0.64,82.8,27.284536118009694,29.357391679790656,7.692856465220593,,,True,83.1,80.0,71.5,B,,,
FBRX,76.86,,0.44,96.5,211.6788345918555,157.48743923065848,10.927002100868803,,,True,98.8,97.4,93.7,A+,,,
FBYD,10.24,,64.71,27.9,-12.103003378381139,88.23528793031376,3.246802896613058,,,True,11.2,94.7,21.2,E,,,
FCAP,65.46,,7.8,80.9,17.353888641937342,24.047752670973388,11.012435494142327,,,True,71.3,75.5,94.2,A+,,,
FCBC,49.32,,1.36,80.5,17.765042251251707,23.115326247689016,7.985977293716044,,,True,72.0,74.5,73.9,B,,,
FCCO,34.58,,3.25,75.5,17.260094374549652,15.420566859328066,9.237382160218594,,,True,71.1,65.3,85.0,A,,,
FCEL,20.34,,46.3,92.5,2.1084345009432237,175.23680856005262,2.1131033712685996,,,True,40.5,97.7,13.0,E,,,
FCFS,210.82,,10.66,66.3,-5.9888484618868425,15.549469621386013,3.614452588769513,,,True,18.1,65.5,24.1,E,,,
FCF,21.63,,3.18,77.9,19.76743721354708,17.938926721737204,8.636047918785666,,,True,74.8,68.6,80.2,B+,,,
FCN,153.41,,18.96,30.6,5.924189506393263,-2.1682267316437853,5.901607522921308,,,True,50.0,30.6,48.3,C-,,,
FCPT,25.16,,6.33,41.2,2.988128724568595,-0.3564362478728378,7.782126207922701,,,True,43.0,34.0,72.0,B,,,
FCRS,10.24,,6.23,,0.29382696238104966,1.1857696335581869,,,,True,31.8,37.8,,,,,
FCX,66.83,,7.54,75.1,-0.49136118068092705,2.092883946004731,5.01264621003425,,,True,28.5,41.3,38.2,D,,,
FC,20.13,,24.92,46.4,-5.404139282111842,7.359995524088547,4.017374663782615,,,True,19.0,52.2,27.5,E,,,
FDBC,55.18,,1.46,78.3,21.54185089245768,18.666667322958673,5.156988082329875,,,True,77.1,69.5,39.6,D,,,
FDMT,11.65,,16.79,77.1,11.483249938088758,25.945941821948892,10.760695835622597,,,True,61.2,77.0,93.2,A+,,,
FDSB,18.25,,1.03,79.3,20.701059114625654,21.021220771431448,10.787512565822922,,,True,76.0,72.1,93.2,A+,,,
FDS,287.18,,25.94,77.2,42.25986658531791,48.21428193423889,12.154563171782996,,,True,91.4,87.8,96.6,A+,,,
FDUS,19.79,,8.68,44.3,6.397854384555601,3.450083196692866,7.327105255767552,,,True,51.0,45.2,67.1,B,,,
FDX,339.35,,1.74,81.7,13.912193489773284,14.700219937630798,6.715706135281618,,,True,65.1,64.0,58.4,C+,,,
FEIM,78.08,,3.13,90.0,27.7695988071587,64.79527613139444,6.585200003823314,,,True,83.4,91.4,57.0,C,,,
FELE,105.94,,8.53,59.9,8.801481402286381,-3.34823242276594,5.663405810998093,,,True,56.1,28.5,45.4,D+,,,
FERA,10.47,,0.29,39.4,1.0617819883870894,1.9474177249324764,17.69446055533534,,,True,35.9,40.4,99.0,A+,,,
FERG,248.12,,8.66,47.9,6.20665829859921,-7.196291473224314,7.4863010964159615,,,True,50.7,22.0,69.1,B,,,
FER,64.51,,13.75,33.3,-4.992633083607567,-13.106139363913694,2.703296859929452,,,True,19.6,15.5,16.9,E,,,
FET,82.42,,3.04,92.6,47.441857189526495,67.62253034156052,12.63084827436075,,,True,92.6,91.8,97.1,A+,,,
FE,46.84,,10.51,40.7,6.165004878939007,-2.27414948343857,3.521909286581911,,,True,50.5,30.5,23.2,E,,,
FFA,23.65,,0.71,58.6,4.785111291671562,6.6275907057271155,9.096531470428491,,,True,47.2,50.9,83.5,A-,,,
FFBC,34.34,,5.27,77.7,15.389785458964678,12.77504155201279,6.44528705636897,,,True,68.0,61.1,55.5,C,,,
FFC,16.21,,4.65,35.9,0.7457991576920842,-3.626640401470538,5.463530833399604,,,True,33.8,27.9,43.0,D,,,
FFIN,35.13,,7.84,62.8,12.200578307618137,4.460306476703035,7.685636006539198,,,True,62.4,47.0,71.0,B,,,
FFIV,416.0,,4.37,82.9,16.39619473978735,47.16807584816216,7.375138366329129,,,True,69.8,87.5,67.6,B,,,
FG,27.45,,23.45,27.5,-2.2783881703828612,-3.2087420206648343,5.299708640386509,,,True,24.2,28.8,41.0,D,,,
FHB,27.86,,8.89,56.7,6.620744777464838,4.0328626226719955,3.2752616033016153,,,True,51.7,46.3,21.2,E,,,
FHI,63.55,,5.43,73.4,13.78692790879239,17.96918365892064,7.685892788663381,,,True,64.9,68.7,71.0,B,,,
FHN,26.02,,2.03,66.6,11.054205965700703,4.2467967057839395,8.27675059987467,,,True,60.4,46.7,76.8,B+,,,
FIBK,38.84,,4.33,69.9,13.866901649334196,2.39915674291562,6.46361766104891,,,True,65.0,42.3,56.0,C,,,
FICO,1110.7,,44.41,21.4,4.3263404692548635,-18.529177538413666,7.876800834612716,,,True,46.1,10.5,72.9,B,,,
FIGR,31.88,,59.13,,-21.303380692018692,-9.968937311089798,,,,True,5.7,18.3,,,,,
FIGS,14.84,,15.1,85.1,21.539722789417603,41.0646402337252,11.160364976045816,,,True,77.0,85.4,94.2,A+,,,
FIGX,10.28,,0.19,,0.8832203758001089,1.7821717297328732,,,,True,34.7,39.7,,,,,
FIG,26.35,,71.04,38.5,39.123546137644304,16.74789870516633,14.447633620183355,,,True,90.0,66.9,98.5,A+,,,
FIHL,22.03,,8.44,73.6,9.547488811536553,16.932059447983015,4.800600170695018,,,True,57.4,67.1,35.7,D,,,
FINS,12.68,,6.42,32.7,-1.092041301280955,-4.947523949207033,4.575756386781663,,,True,27.0,25.5,33.8,D,,,
FINW,13.88,,38.28,23.6,6.687164599853324,-20.640365269062787,3.5169984781090005,,,True,51.8,9.2,23.2,E,,,
FISI,41.89,,2.51,82.0,22.34228793705735,21.667148967901362,7.862993780694051,,,True,78.0,73.0,72.9,B,,,
FISV,55.5,,60.48,24.5,5.976704219973272,-10.642408629850264,10.786756149234417,,,True,50.2,17.7,93.2,A+,,,
FIS,44.13,,39.47,21.8,3.5915518030874116,-8.65245069733962,10.64370275625942,,,True,44.5,19.8,92.7,A+,,,
FITB,57.94,,2.62,78.0,22.832305759400008,6.644576894365883,7.246636292419684,,,True,78.6,50.9,65.7,B-,,,
FIVE,241.71,,3.94,82.0,15.10548441062296,17.266644049033175,8.498144581056163,,,True,67.4,67.5,79.2,B+,,,
FIVN,33.8,,2.26,90.3,60.037875175476074,103.73718648017207,15.671485033181142,,,True,94.7,95.7,99.0,A+,,,
FIX,1727.64,,16.7,81.5,-15.08824628318478,29.058380805172177,-0.5316036953234402,,,True,8.9,79.8,3.9,E,,,
FIZZ,31.33,,33.33,22.9,-9.99712748145345,-11.497175356762558,4.786043493619397,,,True,13.0,17.0,35.7,D,,,
FJTSY,23.76,,20.93,46.9,12.234294488681453,-10.676692149847899,10.72529966683048,,,True,62.5,17.7,93.2,A+,,,
FLC,16.81,,7.08,32.7,-0.7674175564204133,-6.714764339942381,5.969704179307789,,,True,27.8,22.7,49.3,C-,,,
FLEX,124.3,,25.51,85.7,-13.560498573186507,91.70265739012618,0.9455953605744161,,,True,10.0,95.1,7.7,E,,,
FLGT,18.65,,39.92,28.2,16.8546342013175,-18.913045136824902,7.58556498852216,,,True,70.5,10.3,70.0,B,,,
FLG,14.27,,7.58,61.2,4.160587282946526,2.220633651602233,4.385772298704074,,,True,45.7,41.7,31.9,D-,,,
FLNC,13.22,,60.55,15.8,-40.18099426683798,-24.543377471296758,-0.9040774835940351,,,True,1.0,6.5,3.4,E,,,
FLNG,30.31,,9.25,50.6,-4.294286498445277,16.48731539562791,5.469012400077142,,,True,20.7,66.7,43.0,D,,,
FLOC,22.76,,19.46,55.7,-14.210329288311662,2.0627847872604743,8.651235982732453,,,True,9.5,41.1,80.2,B+,,,
FLR,52.33,,9.67,71.1,16.21141867878011,10.54077277366854,6.668608969569732,,,True,69.4,57.4,58.0,C+,,,
FLS,81.15,,12.18,75.3,22.10352321077176,-6.228331955305178,9.000698726625348,,,True,77.9,23.2,83.1,A-,,,
FLUT,98.32,,68.22,15.1,3.483843484711313,-31.854727131394355,9.192017066283919,,,True,44.3,3.4,84.5,A,,,
FLXS,74.36,,6.7,89.0,37.42376752975709,33.66888479301018,7.779953791370467,,,True,89.3,82.2,72.0,B,,,
FLYD,37.75,,59.41,11.2,-41.681085937892234,-44.04772572894087,0.3183339005795496,,,True,1.0,1.3,5.8,E,,,
FLYU,54.1,,14.76,78.5,42.312241152495325,15.472451973535462,10.91907839254208,,,True,91.4,65.4,93.7,A+,,,
FLYW,18.24,,3.9,81.1,15.224256292597381,63.881399560810095,8.555090512335155,,,True,67.6,91.2,79.7,B+,,,
FLY,26.77,,56.94,22.5,-32.00406100066382,28.578294189017694,7.166033551040764,,,True,1.9,79.2,64.7,B-,,,
FMACU,10.31,,0.39,,2.689247597505373,,,,,True,42.2,,,,,,
FMAO,35.33,,1.7,84.1,32.32210423615989,27.315321913710576,10.723187600307691,,,True,86.7,78.1,93.2,A+,,,
FMBH,52.12,,2.32,80.4,23.565668401813113,20.620224327435245,8.78429294544926,,,True,79.4,71.7,81.6,A-,,,
FMC,10.16,,75.12,14.0,-20.188532227713207,-36.697820265345115,3.3334394510537617,,,True,6.1,2.2,21.7,E,,,
FMNB,16.38,,0.06,76.2,19.040691575338677,22.14764474844595,8.45131635160541,,,True,73.8,73.5,78.7,B+,,,
FMN,11.19,,4.85,37.0,-0.35619251662243334,-1.2356612499267339,-0.31244767802146534,,,True,28.8,32.5,4.3,E,,,
FMS,23.63,,14.51,44.6,10.47217933972231,-1.7463652358977066,4.990387069258569,,,True,59.3,31.4,37.7,D,,,
FMX,116.51,,17.64,50.9,-5.307215428941436,2.8513436937062764,-1.5119213311201491,,,True,19.2,43.8,2.4,E,,,
FMY,11.68,,5.73,33.6,0.08569241795870486,-3.6303605183516385,8.872025249609532,,,True,30.7,27.8,82.1,A-,,,
FNB,19.33,,1.33,69.0,12.122969395046734,4.826463794501379,7.555696223207436,,,True,62.3,47.5,70.0,B,,,
FND,58.9,,36.26,53.6,29.13835019925215,-14.575777337376493,10.060059849603965,,,True,84.6,14.1,90.8,A,,,
FNF,48.97,,17.29,29.6,3.1598930286562688,-14.253193450003288,6.518340496120581,,,True,43.5,14.4,56.5,C,,,
FNGD,26.03,,70.21,11.3,-27.97454154220944,-60.08280833208786,0.9022687852240505,,,True,3.1,1.0,7.7,E,,,
FNGO,154.35,,2.0,79.9,13.071572709874735,55.94463922635886,12.047875101089847,,,True,64.0,90.0,96.6,A+,,,
FNGS,81.1,,0.37,71.4,8.036495039525615,28.734915597098222,8.650671812975473,,,True,54.6,79.4,80.2,B+,,,
FNGU,33.98,,7.61,81.2,13.34222835582346,75.06439881176405,11.227621112657154,,,True,64.3,93.1,94.7,A+,,,
FNLC,35.52,,2.15,81.1,26.360727348856884,22.18782407211446,10.961011265350267,,,True,82.3,73.6,93.7,A+,,,
FNMAS,10.01,,44.39,15.3,-23.038460658146786,-28.38224685439572,7.463402683367718,,,True,4.7,4.6,68.6,B,,,
FNRN,17.51,,9.04,73.9,-1.2965037830787063,26.014740549843363,0.24697928984133455,,,True,26.5,77.1,5.8,E,,,
FNV,231.57,,18.94,49.3,-3.829059626970077,-10.139694480318685,7.350066030672085,,,True,21.6,18.1,67.1,B,,,
FNWB,11.36,,9.27,76.4,23.210408423831286,11.263463826417674,9.153692407315113,,,True,79.1,58.6,84.5,A,,,
FNWD,45.16,,1.61,84.4,42.91139192219022,20.716385585170038,8.090417256821578,,,True,91.6,71.8,75.3,B+,,,
FN,566.49,,24.36,58.0,-18.615945201721818,21.687107218519763,2.1670668615862656,,,True,6.9,73.0,13.5,E,,,
FOA,22.31,,25.11,42.0,11.382922945293972,3.7674393764761893,1.8906547230595327,,,True,61.0,45.8,12.1,E,,,
FOF,13.79,,8.31,39.3,-1.2884755772868517,-5.677154843686538,5.962247898530882,,,True,26.6,24.3,49.3,C-,,,
FOLD,14.49,,0.07,85.4,1.3995801259622187,70.47058823529413,7.483071334842857,,,True,37.9,92.2,69.1,B,,,
FORL,11.0,,14.0,27.8,-6.382978723404253,-4.26457789382072,2.152335531205666,,,True,17.6,26.6,13.0,E,,,
FORM,131.67,,17.84,90.7,1.825070117504679,37.056311199068716,3.9319615738452196,,,True,39.8,83.7,27.0,E,,,
FORTY,109.25,,42.67,17.5,-21.340629274965796,-18.164794007490638,9.013436159184236,,,True,5.6,10.7,83.1,A-,,,
FOR,29.5,,7.99,64.8,11.111111111111116,-0.03388681802779514,8.158749268993429,,,True,60.6,34.5,75.8,B+,,,
FOUR,48.0,,48.27,25.7,17.445559089796923,-18.283963227783453,11.403055326210879,,,True,71.5,10.7,95.1,A+,,,
FOXA,65.45,,14.32,44.7,-1.5345314454006442,7.10194231425656,12.220673735973122,,,True,25.9,51.8,96.6,A+,,,
FOXF,21.08,,31.44,76.2,29.723076453575725,5.242136413909404,9.411051179033585,,,True,85.1,48.3,86.4,A,,,
FOX,58.1,,14.78,40.7,-2.303685094802266,4.779077500669238,11.278312990907573,,,True,24.2,47.4,95.1,A+,,,
FPF,17.83,,9.72,30.5,-2.833787881710881,-6.009489068497331,4.804390274400594,,,True,23.4,23.6,35.7,D,,,
FPS,37.56,,43.09,,-17.486816793550886,13.714813083291833,,,,True,7.5,62.7,,,,,
FRAF,64.17,,1.09,78.0,14.999996718539998,32.20024344652928,10.482539017175727,,,True,67.3,81.6,92.2,A,,,
FRA,11.06,,17.52,29.8,-1.3380872469518468,-6.112050767260612,8.294071149885479,,,True,26.4,23.3,77.3,B+,,,
FRBA,19.01,,0.89,78.6,20.08844111738368,26.22842117451418,11.269446306437914,,,True,75.2,77.2,95.1,A+,,,
FRCOY,48.77,,12.36,71.9,5.4030688897054535,8.185444713462765,4.434250420065708,,,True,48.4,53.9,32.4,D-,,,
FRD,44.21,,5.31,93.5,102.89123030964964,110.22348589858608,9.932906089350192,,,True,98.1,96.0,89.8,A,,,
FRFHF,1654.59,,15.11,35.3,2.3867257719776047,-2.979361685216819,9.235698075525491,,,True,41.4,29.2,85.0,A,,,
FRHC,146.58,,19.46,42.6,3.3053786955068665,23.228248702021602,5.464705154985905,,,True,43.9,74.7,43.0,D,,,
FRME,43.37,,4.32,64.9,9.93662593633653,3.139117555017279,5.097724078366602,,,True,58.3,44.5,39.1,D,,,
FRNM,11.61,,19.77,39.7,2.7433580593791307,-16.47482032157899,9.286657345216053,,,True,42.4,12.3,85.0,A,,,
FROG,95.15,,4.1,89.6,48.25491044854924,82.9983681620904,9.640175254705362,,,True,92.7,94.2,87.9,A,,,
FRO,40.52,,5.99,84.1,8.954021128700385,34.52855397663901,6.697752282043718,,,True,56.4,82.5,58.4,C+,,,
FRPH,22.14,,17.97,30.7,3.4096188213378564,-7.2864347167150845,1.594039227865066,,,True,44.2,21.8,10.1,E,,,
FRPT,72.73,,15.43,82.4,49.55789298156197,6.144196376143607,11.561678244051432,,,True,93.0,49.9,95.6,A+,,,
FRSH,12.68,,9.82,83.6,54.63415006311929,73.69863431747645,14.132774574324582,,,True,93.9,92.7,98.5,A+,,,
FRST,16.67,,1.24,80.6,19.327130109477064,18.732194275597912,10.44946618023773,,,True,74.3,69.6,92.2,A,,,
FRT,118.89,,7.27,64.0,4.170682020194905,11.164094800980306,3.5121004830352422,,,True,45.7,58.5,23.2,E,,,
FR,63.33,,9.37,57.0,2.3763366166419164,6.652074488135207,3.2430354559605608,,,True,41.3,51.0,21.2,E,,,
FSBC,47.1,,6.29,78.0,16.009848458426347,17.1059136601718,5.185530398197338,,,True,69.1,67.3,40.1,D,,,
FSBW,43.9,,4.25,60.1,9.66775299994731,5.250543097288185,11.586199345744939,,,True,57.6,48.4,95.6,A+,,,
FSEA,17.1,,0.58,77.9,2.702704993812177,30.72395368450216,3.488839826581964,,,True,42.2,80.7,23.2,E,,,
FSHP,11.19,,6.79,43.4,1.8670390339435183,3.5648168711341466,2.4599857735778046,,,True,39.9,45.4,15.0,E,,,
FSK,12.64,,30.74,43.8,17.910450963831657,-6.092122263575384,14.263346761087382,,,True,72.2,23.4,98.5,A+,,,
FSLR,223.69,,30.3,30.3,-4.6504678425378305,-1.7783426532861024,5.203733169054869,,,True,20.1,31.3,40.1,D,,,
FSLY,30.02,,13.79,93.5,63.954125929894445,222.44898450873976,13.77101849637965,,,True,95.3,98.2,98.0,A+,,,
FSSL,11.57,,22.87,,-1.6992417600759646,-13.007522339103495,,,,True,25.6,15.6,,,,,
FSS,123.06,,8.51,57.2,7.720586098208826,3.2382529853974384,7.953096838782518,,,True,53.9,44.6,73.9,B,,,
FSTR,38.43,,16.11,73.4,-6.085043242483435,21.845276807786252,1.866899811541792,,,True,18.0,73.2,11.6,E,,,
FSUN,40.88,,3.45,71.1,16.16936933252411,5.442355089283546,7.552938669506268,,,True,69.3,48.8,70.0,B,,,
FSV,140.8,,32.84,30.6,9.037406529666093,-10.625870857078956,6.568441731760144,,,True,56.6,17.7,57.0,C,,,
FTAI,216.15,,33.19,33.0,-19.072225131422215,-18.731438171040217,2.2982264716998806,,,True,6.6,10.4,14.0,E,,,
FTDR,84.66,,9.39,85.8,35.15326255126017,50.426445739355664,7.601842151638733,,,True,88.2,88.5,70.5,B,,,
FTHY,13.5,,9.03,32.5,0.0,-4.255319148936165,5.682586936754955,,,True,30.3,26.6,45.9,D+,,,
FTH,28.55,,24.67,91.4,35.43642901831381,222.96379227444055,2.8268924655430583,,,True,88.3,98.2,17.4,E,,,
FTI,76.67,,1.6,83.6,5.489815862610481,24.021349351254152,6.653603124767031,,,True,48.7,75.4,58.0,C+,,,
FTK,34.41,,13.26,93.1,83.81410174899632,98.55741400699429,11.58908755833968,,,True,97.2,95.5,95.6,A+,,,
FTLF,11.19,,46.66,23.6,17.418676746327332,-20.974578383004772,9.878152175943505,,,True,71.4,8.9,89.8,A,,,
FTNT,165.44,,3.86,90.2,40.572693042234896,88.38533641699642,7.273483152786229,,,True,90.6,94.8,66.2,B,,,
FTRE,17.82,,16.69,85.4,23.151345506732678,53.7532329147905,5.149564893632965,,,True,78.9,89.2,39.6,D,,,
FTS,56.33,,5.17,44.0,0.2313199840830782,3.357801524870996,3.639109686790844,,,True,31.5,45.0,24.1,E,,,
FTV,61.81,,4.26,63.4,4.022217053670496,5.280193107291797,8.11678026897572,,,True,45.3,48.5,75.3,B+,,,
FTW,11.21,,34.83,40.0,0.8093538985082915,6.2559226111837285,4.591051611665545,,,True,34.3,50.2,33.8,D,,,
FUJIY,10.27,,20.94,31.8,-0.5808273609440362,3.4239692058284588,3.3379007221625123,,,True,28.3,45.1,21.7,E,,,
FULT,24.52,,2.81,76.8,18.62603027461862,10.550047149520614,5.051777670568489,,,True,73.2,57.4,38.6,D,,,
FUL,60.15,,12.36,38.6,1.3479385440251068,-10.10312131836959,8.356972677794065,,,True,37.6,18.2,77.8,B+,,,
FUNC,46.18,,0.26,78.8,24.709695666151177,22.36354081922569,11.486938515207145,,,True,80.8,73.7,95.1,A+,,,
FUN,16.68,,39.06,22.2,-13.664594693707134,-7.384784535392674,2.6126339430053456,,,True,9.8,21.7,15.9,E,,,
FUSB,16.48,,3.0,65.6,3.6477958631215612,4.9681499505498605,6.1935078944900575,,,True,44.6,47.8,52.6,C,,,
FUTU,104.6,,48.35,14.2,-26.719911395459516,-32.442034183219604,8.367083098877462,,,True,3.4,3.1,78.2,B+,,,
FVAV,10.16,,1.84,,0.5940540958044194,,,,,True,33.1,,,,,,
FVCB,18.83,,1.47,81.6,22.511385320143496,20.319488330390122,11.512191810028316,,,True,78.2,71.4,95.1,A+,,,
FVN,11.78,,30.71,64.8,8.671582722799954,10.299619816137318,13.36334945567308,,,True,55.8,56.9,98.0,A+,,,
FVR,19.91,,10.68,78.1,11.60313720358317,21.476513659828612,4.116609048991908,,,True,61.4,72.7,28.5,E,,,
FWONA,94.7,,4.84,67.2,12.912837663338728,21.62856016984611,7.2727881953943445,,,True,63.7,72.9,66.2,B,,,
FWONB,90.0,,6.25,60.1,9.756097560975618,13.924050632911399,12.959179336944784,,,True,58.0,63.1,97.6,A+,,,
FWONK,103.69,,5.19,67.1,12.878295712395227,21.959541803582994,10.41217740487034,,,True,63.6,73.4,91.8,A,,,
FWRD,20.2,,36.87,86.0,131.12129019381524,-32.0322989133935,16.954624393865046,,,True,98.5,3.2,99.0,A+,,,
FWRG,12.97,,33.59,33.3,20.315401363903618,-21.773219137341314,8.499494655068474,,,True,75.5,8.2,79.2,B+,,,
FXHO,12.13,,99.84,10.5,25.699488020170058,-64.94219465496944,-4.173625507150378,,,True,81.8,1.0,1.0,E,,,
FXNC,32.17,,3.22,79.2,20.577204531279293,17.066951124255137,11.149170014447733,,,True,75.9,67.3,94.2,A+,,,
F,13.89,,21.88,50.5,2.3581454924300083,0.2888111431245788,4.121208293359005,,,True,41.2,35.4,28.5,E,,,
GABC,51.11,,2.14,78.2,21.085052381785264,18.69484582060279,10.506298095760332,,,True,76.5,69.5,92.2,A,,,
GAIN,16.53,,3.56,65.4,5.019064082881242,18.40974703900793,4.605320231314412,,,True,47.6,69.1,34.3,D,,,
GALDY,43.93,,5.14,68.5,10.599191729828771,10.668851600731365,3.053296336774462,,,True,59.7,57.7,19.3,E,,,
GAM,67.78,,0.37,61.9,5.461333093662479,10.086078900920704,9.53868812285793,,,True,48.5,56.7,87.4,A,,,
GAP,20.39,,30.55,23.1,-2.99714847931285,-25.74654264512587,8.18605740120774,,,True,23.0,5.9,75.8,B+,,,
GATX,179.25,,12.8,44.6,-0.2615179167594017,-5.103499391180044,6.0494663310359,,,True,29.2,25.2,50.7,C-,,,
GBAB,14.19,,10.98,31.3,0.35360382166407245,-7.857145581926616,6.317199549201177,,,True,32.0,21.0,54.1,C,,,
GBCI,49.77,,8.81,57.9,7.914138026373974,-3.7330745497801354,6.183358918525643,,,True,54.4,27.6,52.2,C,,,
GBDC,13.4,,10.25,37.8,2.3682171010716013,5.098036223766855,9.533373664872663,,,True,41.3,48.0,87.4,A,,,
GBFH,21.79,,48.4,14.1,-20.474448106229016,-34.02966478707452,0.8993559630779391,,,True,5.9,2.7,7.7,E,,,
GBLI,28.3,,7.27,38.8,0.9272440694028106,1.0714258466448134,7.569155846753351,,,True,35.0,37.4,70.0,B,,,
GBX,46.0,,22.28,28.1,-7.537688442211055,-16.409231328366346,3.099085304846705,,,True,16.0,12.3,19.8,E,,,
GCBC,34.96,,2.94,86.7,43.69091280095627,46.82905957359369,10.969868109508948,,,True,91.8,87.4,93.7,A+,,,
GCMG,14.05,,5.49,79.4,29.254831561498285,22.60035070449269,11.02361092343404,,,True,84.7,74.0,94.2,A+,,,
GCO,35.5,,18.58,71.7,11.916771752837342,24.912033779028842,2.7659407805607774,,,True,62.0,76.2,16.9,E,,,
GCT,53.23,,5.4,87.2,39.71128488775939,45.87558109683838,17.37241902711748,,,True,90.2,87.0,99.0,A+,,,
GDDY,100.5,,33.21,41.2,17.709065354884057,10.804851157662632,13.639558259967826,,,True,71.9,57.9,98.0,A+,,,
GDEV,11.71,,72.25,14.9,-26.49551165559617,-25.97977219881813,4.106985123962571,,,True,3.6,5.8,28.5,E,,,
GDOT,13.51,,12.33,61.1,6.882913203179086,14.297802274804017,9.288970266203012,,,True,52.3,63.6,85.0,A,,,
GDO,10.3,,15.23,25.3,-5.330880599863397,-10.899652329283194,3.8463392479015743,,,True,19.2,17.5,26.1,E,,,
GDS,34.77,,28.47,23.3,-23.91684801364624,-25.193630684673675,8.728483333413022,,,True,4.4,6.1,81.1,A-,,,
GDV,30.89,,0.35,62.4,5.787669142631646,5.75145289164134,7.774150221693569,,,True,49.6,49.4,72.0,B,,,
GDXD,26.19,,94.38,9.9,-14.074801397448766,-26.01694764390503,0.9446619089986505,,,True,9.5,5.7,7.7,E,,,
GDXU,123.34,,77.19,13.4,-42.605864896281695,-67.8324605957044,9.325552519402407,,,True,1.0,1.0,85.5,A,,,
GDX,88.27,,24.67,48.7,-8.27185538416969,-16.702844553878048,7.548420671443752,,,True,15.1,12.0,69.5,B,,,
GD,392.96,,1.76,71.3,15.116004058787812,13.4607586346013,8.77207472868055,,,True,67.5,62.2,81.6,A-,,,
GEF,88.56,,2.22,83.7,35.4749847920969,16.941763579286608,12.538011057502635,,,True,88.4,67.1,97.1,A+,,,
GEHC,73.79,,17.8,57.5,19.22766346021545,-6.830806924839217,11.539837936766531,,,True,74.1,22.5,95.6,A+,,,
GEL,15.71,,15.72,32.7,-0.1905969622174597,-9.608745465207292,7.64079488291831,,,True,29.5,18.7,71.0,B,,,
GENB,15.03,,17.33,,-7.33661917854419,,,,,True,16.2,,,,,,
GENC,18.0,,3.59,80.0,23.203285420944564,15.236875800256078,7.659683263768982,,,True,79.0,65.0,71.0,B,,,
GEN,29.57,,8.22,76.9,26.96436107696101,19.86217954934826,13.42342229817292,,,True,82.8,70.8,98.0,A+,,,
GEO,30.37,,6.9,88.2,34.083888914937745,91.85092128384964,7.40349411130663,,,True,87.7,95.1,68.1,B,,,
GEV,1049.42,,12.25,79.8,-1.2375520946610208,27.407826428704762,3.6548745749582485,,,True,26.7,78.3,24.6,E,,,
GE,360.64,,7.25,75.6,22.37114948540515,14.952352229126141,5.5807577667063555,,,True,78.1,64.5,43.9,D+,,,
GFF,105.97,,2.39,83.2,27.87498638916752,12.80604771205358,9.56217645497939,,,True,83.5,61.2,87.4,A,,,
GFI,39.53,,35.87,28.6,-11.723986647394202,-30.976080357435176,7.528745339455822,,,True,11.4,3.7,69.5,B,,,
GFL,41.65,,19.14,45.2,14.928260281122796,-5.448350679049019,7.4088454435051405,,,True,67.1,24.7,68.1,B,,,
GFS,52.69,,43.07,37.4,-29.73730013773972,8.104223690416458,-1.5171924014624594,,,True,2.5,53.7,2.4,E,,,
GF,11.6,,7.13,37.3,-1.8612488877349675,-4.290425895464301,10.33179926641396,,,True,25.2,26.4,91.8,A,,,
GGAL,44.99,,28.04,28.8,7.657338306931805,-11.541483133175777,5.3102336956131495,,,True,53.7,16.9,41.0,D,,,
GGG,82.26,,14.03,41.5,7.361005137340726,-12.933952014997384,8.583413830178902,,,True,53.1,15.6,79.7,B+,,,
GGZ,16.77,,1.29,64.3,7.50000293438251,3.200002817007208,6.146516704133813,,,True,53.4,44.6,51.7,C,,,
GHM,111.08,,11.72,85.3,8.869942008286479,25.841171214517612,3.306336944307361,,,True,56.2,76.9,21.7,E,,,
GHRS,28.19,,10.33,89.3,28.839124927137206,86.07261078585886,7.553747529813371,,,True,84.4,94.6,70.0,B,,,
GHY,11.71,,12.81,29.0,-3.062913591498573,-9.295119766483563,6.671767278096626,,,True,22.9,19.2,58.0,C+,,,
GH,159.54,,9.65,90.3,62.01888218354099,48.298934082666676,5.6364017866158935,,,True,95.0,87.9,44.9,D+,,,
GIBO,29.8,,86.45,15.4,-8.307694655198317,-13.623190617215808,-0.6308439096419782,,,True,15.0,15.0,3.9,E,,,
GIB,74.76,,23.36,41.9,20.54176416676954,-0.8488035328508392,11.539837268478918,,,True,75.8,33.1,95.6,A+,,,
GIC,39.07,,4.03,82.1,36.656172419811895,18.645610977297956,12.130290631514457,,,True,88.9,69.4,96.6,A+,,,
GIII,33.8,,9.96,70.7,14.84879115548945,12.106133456253886,3.6123247905220817,,,True,67.0,60.0,24.1,E,,,
GILD,138.14,,12.17,54.3,3.825629003869535,-11.335045321149916,6.481656178565368,,,True,44.9,17.2,56.0,C,,,
GILT,11.5,,45.05,18.7,-26.517571884984026,-16.058394160583934,0.1473021750669794,,,True,3.5,12.7,5.3,E,,,
GIL,57.03,,22.62,33.3,0.5997508895693615,-21.261909734506602,6.658991386782498,,,True,33.2,8.6,58.0,C+,,,
GIS,38.91,,24.2,35.2,15.769115880428775,-20.608039487018747,9.5859086732126,,,True,68.7,9.2,87.4,A,,,
GIW,10.14,,0.0,,1.0967159848465524,1.400003433227548,,,,True,36.1,38.4,,,,,
GKOS,189.45,,0.13,90.1,37.99256824841009,73.75951293060825,14.325860047038885,,,True,89.7,92.8,98.5,A+,,,
GLAD,20.0,,27.38,37.7,4.004160166406656,6.213489113117365,9.3066328977905,,,True,45.3,50.1,85.5,A,,,
GLBE,42.19,,4.09,83.4,53.19534722842769,27.19324276969848,10.721438990383866,,,True,93.6,78.0,93.2,A+,,,
GLDD,17.0,,0.12,85.3,28.787878787878785,41.784820683903256,3.7778838859283628,,,True,84.3,85.7,25.6,E,,,
GLDI,148.76,,18.98,23.2,-11.158024495831532,-17.716069483541396,7.300095457994141,,,True,11.8,11.1,66.2,B,,,
GLD,398.96,,21.73,35.5,-7.326366677101481,-14.684688438492365,5.0495985752606565,,,True,16.2,13.9,38.6,D,,,
GLIBA,26.89,,35.78,21.9,-2.0043773094192807,-29.900941184051778,11.158833261768077,,,True,25.0,4.1,94.2,A+,,,
GLIBK,26.69,,35.18,21.6,-2.198608872630492,-30.45857271684461,12.170394216081645,,,True,24.4,3.9,96.6,A+,,,
GLNCY,15.02,,9.63,75.0,-5.889721667522241,9.715127232627218,5.939736460096878,,,True,18.3,56.2,48.8,C-,,,
GLNG,51.21,,11.39,59.4,-9.65067204574337,15.859726435458498,4.506436436582575,,,True,13.4,66.0,32.8,D-,,,
GLOB,40.99,,48.55,26.6,25.160310468600898,-26.104197442821707,15.345433347642004,,,True,81.3,5.7,98.5,A+,,,
GLPI,43.65,,12.61,28.2,-7.068338245946548,-5.601207772753236,4.933832661452232,,,True,16.5,24.4,37.2,D,,,
GLP,49.83,,6.42,54.3,1.9018442352856546,2.8695330946628683,7.771941130716126,,,True,40.0,43.9,72.0,B,,,
GLRE,15.7,,19.03,40.5,-9.925417043802998,12.62553665183026,3.4875630961499056,,,True,13.1,60.9,23.2,E,,,
GLSI,16.38,,51.96,21.7,-35.256920313175485,-40.930403314941934,2.0393474098991913,,,True,1.5,1.7,12.6,E,,,
GLUE,15.84,,38.53,67.6,-16.4556953977432,-16.4556953977432,0.665708900032973,,,True,8.1,12.3,6.8,E,,,
GLU,19.31,,10.97,36.7,-1.8800840145204112,-8.570078286257665,4.479860248111354,,,True,25.1,20.0,32.8,D-,,,
GLW,158.54,,41.67,77.0,-23.228902578019074,19.292696227338446,-0.5804193516696046,,,True,4.7,70.3,3.9,E,,,
GLXY,20.95,,54.38,15.9,-32.002592904625814,2.6960840916368856,0.07590349708476118,,,True,1.9,43.3,5.3,E,,,
GL,180.67,,5.68,78.4,18.092684599611285,25.52629623354776,7.63610305498519,,,True,72.5,76.6,71.0,B,,,
GMAB,31.34,,11.54,70.3,18.04143183648923,4.258150873545885,10.78872838398365,,,True,72.4,46.8,93.2,A+,,,
GMED,85.94,,15.25,63.1,13.722379835128029,-2.6285945599294758,12.290250859651472,,,True,64.8,29.9,97.1,A+,,,
GME,18.57,,33.91,18.6,-15.896740221965967,-23.296156972040993,1.7026502708227405,,,True,8.3,7.3,11.1,E,,,
GMTL,13.59,,38.81,,-14.528298876499656,,,,,True,9.3,,,,,,
GM,86.39,,5.94,73.9,13.95594168269152,8.231019029877773,7.487199725830705,,,True,65.2,54.0,69.1,B,,,
GNE,14.66,,11.37,43.3,5.0143255545279874,5.316090857845612,8.890416944189383,,,True,47.6,48.5,82.6,A-,,,
GNK,25.99,,4.62,76.4,2.001568960432354,17.336342081797596,3.530606663806946,,,True,40.2,67.6,23.2,E,,,
GNRC,216.66,,26.91,37.2,-18.929839602578348,0.7767820187494223,0.2432282924254423,,,True,6.7,36.6,5.8,E,,,
GNTX,23.7,,19.33,37.0,3.4934531132727376,-2.948399824162773,6.560724217735849,,,True,44.3,29.4,57.0,C,,,
GOF,10.69,,29.49,22.7,-7.043481909710425,-14.616616770101432,5.037370478961224,,,True,16.6,14.0,38.6,D,,,
GOLD,43.81,,34.32,75.5,6.077485165353558,-30.316523980768228,4.073365553960992,,,True,50.3,4.0,28.5,E,,,
GOLF,89.9,,24.86,39.1,6.327618599501972,-9.919838150421933,-0.4570636893940465,,,True,50.9,18.4,3.9,E,,,
GOOD,13.24,,1.71,63.1,6.688152869606467,14.33505847252301,7.229503735451439,,,True,51.8,63.7,65.7,B-,,,
GOOGL,346.36,,15.23,55.6,-13.973477385236077,11.384096138269406,3.3502697691959433,,,True,9.6,59.0,22.2,E,,,
GOOG,343.94,,14.97,54.1,-13.808138923063796,10.474416998492364,3.318742242697809,,,True,9.7,57.3,21.7,E,,,
GPAC,10.02,,0.1,,0.5015064131965508,1.212129735932388,,,,True,32.6,37.9,,,,,
GPAT,11.16,,7.0,45.4,2.479334210993911,3.9106153188513293,5.416246877997063,,,True,41.7,46.1,42.0,D,,,
GPCR,54.7,,42.36,85.0,43.64495998671076,-28.007369356489274,12.81329780286404,,,True,91.8,4.8,97.6,A+,,,
GPC,135.35,,10.7,75.9,36.896941542950955,-9.31930449985553,11.093039126831172,,,True,89.0,19.2,94.2,A+,,,
GPGI,12.92,,51.76,17.8,6.512778864748103,-48.278622592898536,1.3722326227203254,,,True,51.4,1.0,9.2,E,,,
GPI,263.01,,46.15,15.3,-19.760202036236187,-21.964749060756883,4.721011348587783,,,True,6.3,8.1,35.3,D,,,
GPK,11.84,,49.55,32.7,20.81632808763152,-4.593068875198303,12.777603988671606,,,True,76.3,26.1,97.6,A+,,,
GPN,94.83,,0.78,82.9,41.51619434570166,31.307119677450412,14.296299825557819,,,True,91.0,81.0,98.5,A+,,,
GPOR,170.04,,24.69,25.6,-5.058630214331206,-15.52486795860062,10.35843603312118,,,True,19.5,13.2,91.8,A,,,
GPRE,15.54,,20.92,72.5,-7.555026996710124,0.25806427001953125,2.5803923061082736,,,True,16.0,35.3,15.9,E,,,
GRAF,10.85,,9.17,39.2,0.7428076273883644,1.7823675560011853,8.072133027420023,,,True,33.8,39.8,74.9,B,,,
GRAL,68.24,,42.58,62.6,12.849340972737068,-32.031875670659105,8.575190459403313,,,True,63.5,3.3,79.7,B+,,,
GRBK,70.67,,15.04,52.0,11.4492953303033,-8.565146630941511,5.3993144175007295,,,True,61.1,20.0,42.0,D,,,
GRC,79.92,,13.86,82.3,5.9384917403835,20.579357527075004,2.670088932109966,,,True,50.0,71.6,16.4,E,,,
GRDN,38.46,,18.21,72.4,7.8217018748163225,11.188201546148967,1.079643012352042,,,True,54.2,58.6,8.2,E,,,
GRF,10.45,,11.81,41.3,5.555553628940779,-2.7906994486963987,6.399847854367693,,,True,48.9,29.6,55.1,C,,,
GRMN,311.93,,0.75,85.4,34.4409933091032,50.99718882553066,11.116349356392202,,,True,87.9,88.8,94.2,A+,,,
GRND,15.75,,14.86,68.9,7.802874743326482,52.17391304347827,8.549399566003483,,,True,54.1,89.0,79.7,B+,,,
GRN,33.03,,9.4,61.2,11.300220834048623,6.220454555591348,5.453634584259932,,,True,60.8,50.1,42.5,D,,,
GRPN,21.98,,31.23,76.4,19.586504582352184,83.01415105941989,4.166399826865908,,,True,74.6,94.3,29.5,D-,,,
GRRR,15.43,,34.31,66.2,11.327563529406802,22.16944026267442,11.11672801753069,,,True,60.9,73.6,94.2,A+,,,
GRVY,71.56,,4.27,72.1,14.112577832233697,7.3185326313643495,7.3221113596160405,,,True,65.6,52.2,67.1,B,,,
GSAT,82.61,,2.64,84.2,0.3400954820254709,40.90056389280499,6.278021629622284,,,True,32.0,85.3,53.6,C,,,
GSBC,81.48,,1.72,79.8,19.982334497030774,28.903659795813308,5.470589015818678,,,True,75.0,79.6,43.0,D,,,
GSHD,67.4,,25.76,85.0,85.21572279713907,36.147866934408455,18.188619698316693,,,True,97.4,83.3,99.0,A+,,,
GSHR,10.51,,6.16,40.5,1.2036590972079209,1.9398622805543164,1.0775492305564636,,,True,36.9,40.3,8.2,E,,,
GSIW,17.32,,66.17,12.0,-40.17271262582308,-40.684932551971855,-8.910814557982526,,,True,1.0,1.7,1.0,E,,,
GSKH,69.82,,17.89,36.4,-1.46903233204011,-13.057229960108796,7.880797323456676,,,True,26.0,15.6,72.9,B,,,
GSK,50.45,,18.23,38.8,-1.059029686331725,-13.745938172440674,4.579329058486163,,,True,27.1,14.9,33.8,D,,,
GSL,41.48,,7.18,65.3,0.5575746478456489,9.764486748442259,4.1486732537767494,,,True,32.9,56.3,29.0,E,,,
GSRF,10.18,,0.2,,0.6923902163765483,1.495519204367457,,,,True,33.6,38.7,,,,,
GS,1042.63,,9.65,72.2,9.127923309414964,10.379106795838666,3.7310518013811853,,,True,56.8,57.1,25.1,E,,,
GTEN,10.7,,2.64,45.9,3.281854863467615,3.3816368588936108,9.543471431437275,,,True,43.8,45.0,87.4,A,,,
GTERA,10.39,,0.0,41.2,1.1684506349594947,2.364539249384068,4.6657979054181675,,,True,36.6,42.2,34.8,D,,,
GTES,27.67,,8.8,68.5,9.022852940480487,4.375707568064668,5.169169843168121,,,True,56.5,46.8,39.6,D,,,
GTLB,43.35,,17.24,88.2,96.59863253569657,44.40372576322815,18.666424745219306,,,True,97.8,86.6,99.0,A+,,,
GTLS,209.9,,0.03,46.9,0.9183133804509858,1.4058650176336895,4.812586020807736,,,True,34.9,38.5,35.7,D,,,
GTPS,72.8,,6.67,52.9,1.1111153496636383,7.058828017290897,1.3664792099769332,,,True,36.2,51.7,9.2,E,,,
GTX,28.69,,20.86,81.4,-8.484846781315426,37.932694875276994,-1.5515846129903448,,,True,14.9,84.0,2.4,E,,,
GTY,33.11,,10.1,54.9,1.8769249549278832,6.565821082560541,4.639061963458149,,,True,39.9,50.8,34.3,D,,,
GUG,15.38,,6.56,32.4,-2.7197968726064725,-5.470189831340388,2.2636739687811716,,,True,23.6,24.6,14.0,E,,,
GVA,123.64,,23.72,32.9,-13.616991972578463,-7.156266884697415,0.6306646766328203,,,True,9.9,22.0,6.8,E,,,
GWRE,182.62,,33.01,77.0,45.39808528438496,40.035269624405736,16.68870979990077,,,True,92.2,84.9,99.0,A+,,,
GWW,1321.38,,6.94,72.9,5.469928952613046,9.888812600964059,5.944969412755903,,,True,48.6,56.5,48.8,C-,,,
GXO,48.36,,27.66,25.5,-3.1249987773406263,-23.662193195972282,5.9118949970500605,,,True,22.8,7.2,48.3,C-,,,
G,34.37,,29.34,31.0,16.74592028493467,-7.557829661418058,10.0852173738379,,,True,70.3,21.5,90.8,A,,,
HACQ,10.07,,0.2,,1.2060290237125626,,,,,True,36.9,,,,,,
HAE,90.38,,2.03,87.0,58.533585780420935,57.18260391898777,11.576861206625022,,,True,94.4,90.3,95.6,A+,,,
HAFC,32.49,,3.01,72.9,11.84165810143476,20.915525412976542,6.735964331202295,,,True,61.8,72.0,58.9,C+,,,
HALO,100.67,,3.92,87.2,43.752674809289324,26.61300235057893,11.94926357504394,,,True,91.9,77.7,96.1,A+,,,
HAL,32.84,,24.66,33.5,-19.94149158315971,-6.2517837493922706,1.798193652325896,,,True,6.2,23.1,11.6,E,,,
HAPN,19.65,,9.32,75.0,28.18003665055626,17.523921163458578,6.093384854610212,,,True,83.9,68.0,51.2,C,,,
HASI,42.35,,4.03,74.2,4.207673410731028,13.782908313060439,6.416595067020183,,,True,45.9,62.9,55.5,C,,,
HAS,96.7,,9.61,64.4,2.861394477440893,-8.721920947477635,7.714008583556334,,,True,42.8,19.8,71.5,B,,,
HAVA,10.15,,0.2,,0.7944381939472445,1.4999961853027433,,,,True,34.1,38.7,,,,,
HAWK,24.37,,31.79,,-27.66398981116851,,,,,True,3.2,,,,,,
HAYW,15.29,,13.76,42.1,10.797101172848024,-9.526627444656633,8.45618686713484,,,True,60.1,18.8,78.7,B+,,,
HBAN,17.77,,8.68,62.5,15.765475294877351,-0.8923566215076839,7.752967567889715,,,True,68.7,33.0,72.0,B,,,
HBB,33.25,,2.95,92.9,87.00787401574802,75.36919831223628,13.991467931948973,,,True,97.5,93.1,98.5,A+,,,
HBCP,72.35,,1.36,76.4,15.298802349196961,19.114254978796662,6.93081814715924,,,True,67.9,70.1,61.8,B-,,,
HBM,26.47,,17.67,81.1,-4.578228863177747,0.15134057266172896,6.966754320952737,,,True,20.2,35.0,62.3,B-,,,
HBNC,20.53,,2.42,74.4,15.6619756994113,13.17530698261029,5.779458455828047,,,True,68.4,61.9,46.4,D+,,,
HBT,37.22,,0.43,85.5,37.34317793617387,31.472982058294342,12.464700245176541,,,True,89.3,81.1,97.1,A+,,,
HCAC,10.08,,0.0,,0.7999992370605558,0.5987970379371932,,,,True,34.2,36.0,,,,,
HCA,411.74,,26.02,26.8,-3.6955629334389783,-22.528084325667496,6.446415010287144,,,True,21.8,7.7,55.5,C,,,
HCC,94.38,,14.5,72.4,10.93088534722375,4.126210562023358,9.997251363212282,,,True,60.3,46.5,90.3,A,,,
HCI,186.34,,11.48,70.7,21.18886338312347,13.090973076343149,9.053495569939724,,,True,76.6,61.7,83.5,A-,,,
HCKT,11.15,,47.9,21.4,20.93275074327845,-22.461755086715762,10.855286979939095,,,True,76.4,7.7,93.7,A+,,,
HCMA,10.28,,2.0,,1.330697576304285,0.7447986713609023,,,,True,37.6,36.4,,,,,
HCMLY,17.52,,17.48,27.6,-9.876543331005728,-12.356174795575448,3.781431541270061,,,True,13.1,16.2,25.6,E,,,
HCM,12.16,,33.55,23.3,-4.025257715768671,-19.52349538443342,9.411855246363235,,,True,21.1,9.8,86.4,A,,,
HCSG,21.09,,18.1,53.6,-1.9069760344749276,-5.341112421059746,0.27324350563471,,,True,25.1,24.8,5.8,E,,,
HDB,23.1,,38.98,17.8,-3.2663300608470336,-30.44263661105171,4.87017308487898,,,True,22.6,3.9,36.7,D,,,
HDLB,17.72,,8.87,62.3,10.455761601543001,-4.0926829619343685,11.325281775857672,,,True,59.3,26.9,95.1,A+,,,
HDL,13.26,,37.47,20.4,-7.980567460917165,-21.677494218063575,4.087886327055856,,,True,15.6,8.2,28.5,E,,,
HD,341.7,,19.93,38.3,12.940013950431739,-12.537111649679723,6.377804054631302,,,True,63.8,15.9,54.6,C,,,
HEGIY,15.33,,20.03,24.2,-10.035216548979676,-17.447495015421076,2.3313891228360486,,,True,12.9,11.4,14.5,E,,,
HEINY,42.77,,10.2,57.5,13.268014721741771,-7.6042350143547655,7.920991188140831,,,True,64.1,21.4,73.4,B,,,
HEI,371.56,,1.41,76.8,27.33378943063527,15.248138200556372,8.534556009576043,,,True,83.1,65.1,79.7,B+,,,
HELE,30.0,,2.22,85.7,33.928571428571445,69.30022573363432,7.453894337744443,,,True,87.6,92.0,68.6,B,,,
HENKY,20.78,,8.94,65.8,18.269783993034984,-7.6033752862401105,6.980052332827524,,,True,72.7,21.4,62.8,B-,,,
HEQ,11.73,,1.59,50.8,2.7145318934879814,3.3480135879852657,8.295151625933325,,,True,42.3,44.9,77.3,B+,,,
HERZ,16.6,,41.34,20.0,-9.33915684615113,-10.027098203416118,6.435806206997542,,,True,13.7,18.3,55.5,C,,,
HESAY,182.21,,31.47,20.7,-2.488490785238051,-28.193100802416872,6.919379380456844,,,True,23.9,4.7,61.8,B-,,,
HESM,39.78,,5.78,52.4,2.472948942032138,9.285710932134283,4.051978224995045,,,True,41.7,55.4,28.0,E,,,
HE,11.83,,31.93,22.7,-11.65048600667622,-28.69198358224199,-0.9128273753799636,,,True,11.5,4.5,3.4,E,,,
HFBL,24.01,,0.0,84.0,21.569621412059938,28.053334554036468,5.410520502046875,,,True,77.1,78.8,42.0,D,,,
HFWA,29.98,,4.06,73.6,14.471170455274262,7.841724972073116,6.776651281985789,,,True,66.2,53.2,59.4,C+,,,
HGTY,12.95,,7.5,72.4,25.97276079051689,9.282698812364032,9.554806536101257,,,True,82.1,55.4,87.4,A,,,
HGV,44.91,,18.94,35.3,-0.6415932579378225,-3.211207225404933,3.0538172876004257,,,True,28.2,28.8,19.3,E,,,
HG,35.21,,5.63,78.1,16.319785545003818,16.28137082058341,5.80944988499925,,,True,69.6,66.5,47.3,C-,,,
HHH,67.71,,25.65,28.5,5.450862925514199,-18.939304340389494,5.262363959914293,,,True,48.5,10.3,40.6,D,,,
HIFS,312.4,,2.95,72.8,8.812258410478702,27.458177844342877,8.852981383865975,,,True,56.2,78.4,82.1,A-,,,
HIG,137.81,,5.65,44.0,3.9056002100533505,-2.964372934379844,6.8870990064234885,,,True,45.1,29.3,60.8,B-,,,
HII,325.76,,29.18,33.6,-2.5312639083163835,-17.046088676948045,5.394856558720525,,,True,23.9,11.6,42.0,D,,,
HIMS,28.77,,55.94,35.0,19.17978648617924,72.37867260493512,8.247700636328238,,,True,74.0,92.6,76.8,B+,,,
HIMX,14.66,,41.57,79.5,-28.800389279202964,77.6969678474195,4.282028943311558,,,True,2.8,93.5,30.4,D-,,,
HIPO,32.93,,15.52,72.8,24.829417381257702,18.666667766399204,12.770421499801412,,,True,80.9,69.5,97.6,A+,,,
HIW,31.82,,10.21,75.8,22.196619411767358,36.27408862879751,7.283580446459961,,,True,78.0,83.3,66.2,B,,,
HKXCY,51.76,,12.99,30.3,-6.282819571724774,-3.432836203300027,4.052397001470284,,,True,17.7,28.3,28.0,E,,,
HLF,12.17,,40.34,30.6,-6.384614797738886,-26.509661375036554,4.038081268249352,,,True,17.6,5.5,28.0,E,,,
HLIO,81.14,,14.63,77.6,7.956358953763232,9.826745248576675,3.1475887317036992,,,True,54.4,56.4,20.3,E,,,
HLIT,13.08,,26.02,72.0,-2.0224724816025885,30.669329907153386,5.513692356957023,,,True,24.9,80.7,43.5,D+,,,
HLI,132.21,,37.57,18.5,-12.181994876209112,-22.297968431462134,4.907631303767783,,,True,11.0,7.8,37.2,D,,,
HLNE,107.19,,33.48,43.9,23.576207564452687,-16.10706547592843,13.006265818184373,,,True,79.4,12.7,97.6,A+,,,
HLTOY,11.42,,3.22,64.9,4.770646568460957,14.428863728534203,8.111805355525298,,,True,47.2,63.8,75.3,B+,,,
HLT,320.82,,10.39,54.7,3.021742180475484,-1.3256213440104747,2.6564032825674015,,,True,43.1,32.4,16.4,E,,,
HLXC,10.79,,1.91,,6.200788621088282,5.888129599384717,,,,True,50.6,49.6,,,,,
HL,17.73,,48.11,60.0,-15.771973671086325,-25.158296571395834,9.228201734708316,,,True,8.4,6.2,85.0,A,,,
HMC,31.2,,10.58,70.9,28.026264927941934,-3.703701348952304,7.141151480772405,,,True,83.7,27.7,64.7,B-,,,
HMH,19.87,,18.9,,-5.380948384602869,,,,,True,19.1,,,,,,
HMN,51.88,,6.62,71.7,17.695102241640726,21.898498750270747,5.214741547619926,,,True,71.9,73.2,40.1,D,,,
HMRZF,18.56,,11.24,41.8,1.6429324531346268,-8.930326467407346,7.444080915201293,,,True,39.1,19.6,68.6,B,,,
HMY,19.26,,26.09,65.4,9.743591047759747,-11.080331353269457,9.342978476548517,,,True,57.9,17.4,86.0,A,,,
HNGE,87.42,,6.13,90.6,61.70920449168948,125.54180070843537,8.829294860640335,,,True,95.0,96.7,82.1,A-,,,
HNI,49.36,,6.5,84.0,58.91822475966377,-4.563030529095968,14.28335838637439,,,True,94.4,26.1,98.5,A+,,,
HNRG,15.49,,37.29,18.8,-20.23687038559133,-23.807182630997715,3.9370390449641164,,,True,6.1,7.1,27.0,E,,,
HNVR,27.45,,0.96,78.0,21.192056348518573,20.500442330726298,9.255817756261386,,,True,76.7,71.5,85.0,A,,,
HOCPY,167.58,,11.88,41.5,-4.908355050894809,-9.352514600962058,5.274183291894188,,,True,19.7,19.1,41.0,D,,,
HOFT,14.72,,18.63,77.1,16.825398944673097,-3.4120717386561084,5.763723851454839,,,True,70.4,28.4,46.4,D+,,,
HOG,27.85,,10.88,72.7,8.78906399011612,35.32556064854096,9.192194843006687,,,True,56.1,82.7,84.5,A,,,
HOLX,76.01,,0.08,60.7,1.6856187290970048,11.418938727645855,6.076524952682068,,,True,39.3,59.0,51.2,C,,,
HOMB,31.35,,1.1,72.0,21.700312039866954,5.520028210938155,9.874183752544111,,,True,77.3,48.9,89.8,A,,,
HON,233.99,,10.1,45.8,2.362579145473953,-8.071904398097063,5.302947778874053,,,True,41.3,20.7,41.0,D,,,
HOOD,99.37,,35.42,56.7,29.472316282191578,27.446457286882175,7.778261873442435,,,True,85.0,78.3,72.0,B,,,
HOPE,14.5,,0.0,79.8,21.13617376775272,19.34156378600822,10.142010388026245,,,True,76.6,70.3,90.8,A,,,
HOV,136.37,,15.85,74.7,32.07747711107749,5.361967949615609,5.041480573397128,,,True,86.6,48.6,38.6,D,,,
HPE,59.82,,6.89,93.7,86.52946583980112,151.23897393878295,10.766613225369964,,,True,97.4,97.2,93.2,A+,,,
HPF,15.94,,6.95,34.7,-0.6853608698859759,-1.8472932242407536,4.676973427065617,,,True,28.1,31.2,34.8,D,,,
HPI,16.17,,8.18,35.3,0.372439952166026,-0.8583686309383998,4.885317458068936,,,True,32.1,33.1,36.7,D,,,
HPP,14.5,,33.18,78.4,25.0,128.3464566929134,6.639842067503969,,,True,81.1,96.9,57.5,C,,,
HPQ,31.3,,2.76,86.1,47.22483178297527,58.40080585556955,14.778825915869739,,,True,92.6,90.5,98.5,A+,,,
HPS,14.27,,8.99,31.7,-2.4606940686010215,-3.7111979907984427,3.632102081275759,,,True,24.0,27.7,24.1,E,,,
HP,43.07,,0.85,85.5,12.63075234002149,25.495337106131167,10.465525236786197,,,True,63.2,76.6,92.2,A,,,
HQH,23.59,,0.42,78.6,16.321499766212465,20.112017070203116,7.538213873046603,,,True,69.6,71.1,69.5,B,,,
HQI,17.71,,6.84,89.9,42.020842698257056,69.96160349781819,10.225197284936804,,,True,91.2,92.1,91.3,A,,,
HQL,21.15,,1.26,79.0,16.27267519807736,24.778758811388045,9.679491540048543,,,True,69.5,76.1,88.4,A,,,
HQY,105.59,,1.89,77.9,28.486245239584584,37.27248613870336,11.396583430044648,,,True,84.1,83.8,95.1,A+,,,
HQ,16.67,,62.96,,35.41835506138029,,,,,True,88.3,,,,,,
HRB,53.34,,9.08,85.7,48.0022201792117,78.8132757378072,16.136998002814515,,,True,92.7,93.7,99.0,A+,,,
HRI,168.71,,10.43,79.0,23.226942307988608,-6.692104024187162,9.43974030439792,,,True,79.1,22.7,86.4,A,,,
HRL,24.44,,16.73,60.9,22.752388418169843,2.045931248674804,4.199628260151812,,,True,78.5,41.1,29.9,D-,,,
HRMY,38.5,,5.8,74.4,24.87836522867337,5.220005465974298,9.74252495089254,,,True,81.0,48.3,88.9,A,,,
HROW,38.87,,29.13,53.5,30.305058437427988,-20.1191966052512,5.423085901362544,,,True,85.7,9.6,42.5,D,,,
HRTG,33.27,,8.85,85.0,51.089920334984896,31.19085354007758,13.31996888493042,,,True,93.4,80.9,98.0,A+,,,
HR,19.21,,12.84,40.5,-5.6946534881067485,10.465779669192955,1.1441968308731036,,,True,18.4,57.2,8.7,E,,,
HSAI,19.29,,37.47,20.8,-19.75873163258176,-25.779142302703562,10.150806393456035,,,True,6.3,5.9,90.8,A,,,
HSBC,104.05,,3.59,80.0,14.807462266090488,16.360996479263946,6.601627644061654,,,True,66.9,66.7,57.5,C,,,
HSHP,15.57,,6.71,83.1,-2.4436109346853474,32.06106611386106,3.673434587366689,,,True,24.0,81.3,24.6,E,,,
HSIC,90.12,,2.23,78.8,29.76242296124123,10.319503913064064,10.18964017063444,,,True,85.2,57.0,91.3,A,,,
HSPOF,11.99,,59.55,30.8,-6.034484552365482,-1.316874311784666,0.7570723707466396,,,True,18.1,32.4,7.2,E,,,
HSTM,29.02,,6.72,78.5,26.780255385599272,43.94841496906583,9.21869041203843,,,True,82.6,86.4,85.0,A,,,
HST,22.75,,11.51,70.5,5.519480519480524,13.977955911823647,2.8984047347169737,,,True,48.8,63.2,17.9,E,,,
HSY,186.12,,22.28,32.9,-4.880668923602228,-19.376220438731863,7.706689092662387,,,True,19.8,9.9,71.5,B,,,
HTBK,13.45,,2.75,76.5,5.905511811023612,40.39665970772441,7.153368051733791,,,True,50.0,85.1,64.7,B-,,,
HTB,50.13,,4.51,70.6,9.669658867020846,13.828340299989183,6.688963463266161,,,True,57.7,62.9,58.0,C+,,,
HTD,25.5,,3.23,40.3,0.15710919088767206,2.0000000000000018,2.367180152344062,,,True,30.9,40.6,14.5,E,,,
HTFL,31.01,,24.78,46.3,-0.6089760558060875,15.064932656794316,9.870885383894567,,,True,28.3,64.6,89.8,A,,,
HTGC,16.93,,13.71,41.2,6.746534080553479,0.8338314781166201,7.167413429019064,,,True,52.0,36.7,64.7,B-,,,
HTHIY,36.04,,7.59,73.5,18.70882803355125,-4.479190689671597,8.500113770009323,,,True,73.4,26.2,79.2,B+,,,
HTHT,40.51,,28.48,23.1,-13.679952436536958,-23.8533866136594,2.8116898957490903,,,True,9.8,7.1,17.4,E,,,
HTH,39.79,,1.53,66.0,8.715849495976347,1.7386880990216014,7.8498660221148615,,,True,56.0,39.6,72.9,B,,,
HTLD,12.66,,23.92,72.5,2.75973902120219,7.106597693841876,1.725538215711902,,,True,42.5,51.9,11.1,E,,,
HTO,63.29,,5.66,73.7,11.978062483240159,21.7583703646159,6.380673263235135,,,True,62.1,73.1,54.6,C,,,
HUBB,507.1,,10.33,56.8,4.818207508116257,-1.7305183606542984,7.174862653630024,,,True,47.3,31.5,65.2,B-,,,
HUBG,41.65,,21.8,49.7,9.749674639997119,-2.06912408681188,3.6461559767409035,,,True,57.9,30.8,24.1,E,,,
HUBS,240.51,,54.23,31.5,34.36312542281337,14.895139018218085,16.372629806489584,,,True,87.8,64.4,99.0,A+,,,
HUM,384.97,,10.24,85.9,26.28177832399643,119.4811865568433,7.326185574389712,,,True,82.3,96.4,67.1,B,,,
HUN,10.32,,35.86,20.3,-28.283532350074925,-26.6002866655461,1.3877754573065175,,,True,3.0,5.4,9.7,E,,,
HURC,22.07,,7.07,81.7,33.91990106082656,25.04249118880577,9.603533200182135,,,True,87.6,76.4,87.9,A,,,
HURN,155.31,,16.85,79.5,50.10147632994466,18.45778167843317,12.140404244572673,,,True,93.2,69.2,96.6,A+,,,
HUT,82.95,,41.09,83.8,-23.421346982789704,55.86245198842952,-4.9465719063926255,,,True,4.6,89.9,1.0,E,,,
HVII,10.52,,4.28,39.6,1.0566821514306657,2.0368577070802862,4.094770314037231,,,True,35.8,41.0,28.5,E,,,
HVMC,10.21,,0.1,,0.9891234902632329,1.0891054705211678,,,,True,35.4,37.6,,,,,
HVT,28.88,,3.18,82.1,40.672182955511936,9.68476703671326,10.478716759041248,,,True,90.7,56.0,92.2,A,,,
HWBK,40.16,,1.08,73.6,9.99726060644237,16.002310362253347,11.91789117859139,,,True,58.4,66.2,96.1,A+,,,
HWC,79.37,,0.46,78.0,21.751806636879945,11.146902039745177,7.784476571962276,,,True,77.4,58.5,72.0,B,,,
HWKN,128.05,,31.21,19.5,-20.873754525268616,-14.365008324912854,1.8039658294079253,,,True,5.8,14.3,11.6,E,,,
HWM,282.82,,8.77,76.5,3.5591385295564715,22.51245714715995,4.412998485315734,,,True,44.4,73.9,32.4,D-,,,
HXL,102.31,,8.44,78.9,10.521764673861679,16.459872007505695,6.244855017383813,,,True,59.5,66.7,53.1,C,,,
HYI,10.52,,13.27,29.7,-1.5902669994043772,-5.987484738483717,4.827036937468645,,,True,25.8,23.7,36.2,D,,,
HYMC,26.57,,54.76,90.0,-39.10153634007742,-26.050654898902813,7.01094225102198,,,True,1.0,5.7,63.3,B-,,,
HYNE,16.29,,3.38,,4.893761723270473,13.598331535495433,,,,True,47.5,62.5,,,,,
HY,34.39,,16.73,34.8,-5.287801185214991,-10.906737332517002,4.459879158376502,,,True,19.3,17.5,32.4,D-,,,
HZO,52.04,,0.8,91.8,56.041981755704164,81.071680290631,15.103673460078417,,,True,94.0,94.0,98.5,A+,,,
H,179.85,,13.06,64.2,7.527206805880438,6.653623971722489,5.315964579197214,,,True,53.5,51.0,41.0,D,,,
IAC,46.75,,0.28,78.2,16.96272204153115,18.08537509472088,10.970012572404325,,,True,70.7,68.8,93.7,A+,,,
IAF,13.24,,8.94,39.6,2.8749010964892463,-8.563537492277874,6.561689593443534,,,True,42.8,20.0,57.0,C,,,
IAG,17.75,,28.63,71.2,-5.534858967535916,-21.07603379279679,7.5212960546834555,,,True,18.9,8.7,69.5,B,,,
IART,18.24,,10.98,83.7,22.416105846430632,63.14847738030558,5.920349939521329,,,True,78.1,91.0,48.8,C-,,,
IAS,10.34,,9.54,66.2,1.6715830875122961,27.812113720642763,7.211659132042397,,,True,39.2,78.7,65.2,B-,,,
IBB,198.94,,1.38,75.5,15.227344033782341,15.19398144577162,8.110355931962308,,,True,67.7,64.9,75.3,B+,,,
IBCP,38.46,,1.99,72.6,15.94814315487687,6.863014961024327,7.405195121718356,,,True,69.0,51.3,68.1,B,,,
IBDRY,93.6,,7.0,51.8,1.8055209795896587,-1.825045028953931,0.9010604784612362,,,True,39.8,31.2,7.7,E,,,
IBEX,35.99,,16.28,69.6,18.23259421309722,19.29069167539541,9.83822664183964,,,True,72.7,70.3,89.3,A,,,
IBKR,91.42,,6.56,75.6,7.4013136383286104,19.738046062796744,4.337128698359006,,,True,53.2,70.7,31.4,D-,,,
IBM,237.14,,28.67,29.4,10.482668370130654,-13.075034130109442,8.830833389488934,,,True,59.3,15.5,82.1,A-,,,
IBN,29.48,,11.71,47.3,14.797506005593174,-5.2699243501403314,7.456596774173984,,,True,66.9,24.9,68.6,B,,,
IBOC,73.41,,6.44,47.6,3.0026710566990022,2.3135939541593986,4.30216945058252,,,True,43.1,42.0,30.9,D-,,,
IBP,246.08,,29.49,39.5,19.24791715015248,-26.33658569387095,8.48953699730826,,,True,74.2,5.5,79.2,B+,,,
IBTA,38.18,,5.69,84.0,18.16775086714881,82.15649000560963,11.035118341382203,,,True,72.6,94.1,94.2,A+,,,
ICAGY,11.95,,8.57,65.8,12.101313136192914,2.9285113061338075,1.597015507370564,,,True,62.2,44.1,10.1,E,,,
ICCC,10.9,,9.92,87.3,30.38277055658223,67.95068749661436,8.2163546533248,,,True,85.7,91.8,76.3,B+,,,
ICE,155.24,,16.63,35.4,0.2842412746537848,2.138302186435981,9.20659355018952,,,True,31.7,41.4,84.5,A,,,
ICFI,89.28,,12.22,79.1,49.04841198547059,13.848506477042676,11.000863246687139,,,True,92.9,63.0,93.7,A+,,,
ICHR,71.19,,37.32,91.5,-4.205069714853993,49.590255182614506,-2.5420231010599013,,,True,20.9,88.2,1.4,E,,,
ICLR,167.48,,17.87,76.9,42.68188424564583,25.792395769520105,9.16783604026383,,,True,91.5,76.9,84.5,A,,,
ICUI,183.11,,5.05,85.7,50.04097067383773,23.949096737528986,9.356549921438923,,,True,93.1,75.3,86.0,A,,,
IDA,141.12,,8.9,42.1,-0.8292374440003636,2.48365658474039,3.0537037450266844,,,True,27.6,42.6,19.3,E,,,
IDCC,344.07,,16.61,72.2,27.33429825847258,-5.44929724533697,13.190319004560166,,,True,83.2,24.6,98.0,A+,,,
IDEXY,16.67,,3.86,69.6,16.24825591989667,-1.7098999046775476,7.206100452724447,,,True,69.5,31.5,65.2,B-,,,
IDE,13.28,,7.13,39.5,-3.7681178770203605,-4.391650590560181,3.598718107695202,,,True,21.6,26.3,23.7,E,,,
IDR,31.64,,42.16,18.8,-38.215193537105186,-21.391305864227483,4.594357513013149,,,True,1.1,8.4,34.3,D,,,
IDT,67.12,,2.94,80.9,29.17629473938035,38.87854903079253,11.236306080257862,,,True,84.7,84.5,94.7,A+,,,
IDXX,566.93,,26.37,28.7,7.234998992922237,-12.609253051996793,5.341532952350816,,,True,52.9,15.9,41.5,D,,,
IDYA,36.68,,9.61,76.9,26.920416280885064,14.984326975472673,8.857107381727188,,,True,82.7,64.5,82.1,A-,,,
IEAG,10.25,,0.19,,2.0916338540325485,,,,,True,40.4,,,,,,
IESC,748.44,,8.34,87.1,10.42521208082361,45.50898251057747,3.878503346010794,,,True,59.2,86.9,26.6,E,,,
IEX,239.13,,1.92,78.0,12.680239790223592,13.074524722343718,7.707299956875012,,,True,63.3,61.6,71.5,B,,,
IE,10.41,,51.69,17.0,-30.321286161900208,-40.00000087946911,4.991542437515184,,,True,2.3,1.8,37.7,D,,,
IFED,46.8,,15.22,55.1,10.895216428274846,6.047901105935849,10.794229610041711,,,True,60.2,49.7,93.2,A+,,,
IFF,84.06,,5.89,72.9,8.492511046197393,9.21137788566162,7.417434168358075,,,True,55.5,55.2,68.1,B,,,
IFNNY,71.65,,30.63,78.1,-5.9340927847198355,38.213737511340476,2.011022777045886,,,True,18.2,84.0,12.6,E,,,
IFN,11.84,,25.77,26.4,2.1570332406202875,-16.560957346103656,8.902964798465767,,,True,40.6,12.2,82.6,A-,,,
IFS,54.67,,10.93,76.5,21.732349518916315,6.217210353497782,2.801768035883617,,,True,77.4,50.1,17.4,E,,,
IGAC,10.1,,0.0,,1.303912848135358,1.1112229199560897,,,,True,37.4,37.7,,,,,
IGA,10.34,,0.0,55.6,7.372794938607363,3.607215957794496,10.01332366858722,,,True,53.1,45.5,90.3,A,,,
IGIC,26.91,,9.04,62.6,9.345793772499423,7.639999389648433,6.416365766020662,,,True,57.1,52.8,55.5,C,,,
IGI,15.93,,6.79,32.7,-1.3622272125338508,-3.6880271754789473,3.7217988440083243,,,True,26.3,27.7,25.1,E,,,
IGV,106.28,,9.92,69.4,19.954853961244567,27.694334365833086,11.991802715950465,,,True,74.9,78.5,96.6,A+,,,
IHG,159.5,,9.32,67.8,6.220031965903039,9.448980992245936,4.397226872661655,,,True,50.7,55.7,31.9,D-,,,
IHI,56.11,,13.29,45.6,15.666878070050938,-4.28181229489576,13.234086337368003,,,True,68.4,26.5,98.0,A+,,,
IIF,23.22,,17.04,34.5,7.251728930043844,-5.57137326818019,9.789603962926893,,,True,52.9,24.4,89.3,A,,,
IIIN,32.76,,17.92,61.0,23.20420579741709,-11.793219381978448,7.144996672044882,,,True,79.0,16.6,64.7,B-,,,
IIIV,16.63,,51.05,15.0,-11.96400656026151,-23.994519374924117,4.93400048927063,,,True,11.3,6.8,37.2,D,,,
IIM,12.81,,2.73,46.2,4.486137191000816,0.7867853628379162,2.686900584393614,,,True,46.5,36.6,16.4,E,,,
IIPR,57.53,,12.01,56.0,4.733294701068402,22.639093539323984,2.8345559797183864,,,True,47.0,74.1,17.4,E,,,
ILMN,192.64,,6.94,86.6,32.85517199286099,65.52672228015848,10.524467861972921,,,True,87.0,91.5,92.2,A,,,
IMAX,53.26,,0.56,89.1,57.62059284265524,45.957792056818846,11.355698980991574,,,True,94.3,87.1,95.1,A+,,,
IMCR,34.2,,16.0,60.8,18.13471766127619,3.856667971270733,12.15244201194328,,,True,72.6,46.0,96.6,A+,,,
IMKTA,88.5,,7.45,63.9,3.8244955419990623,2.0408163265306145,2.5819799530061296,,,True,44.9,41.0,15.9,E,,,
IMNM,26.42,,7.69,85.6,19.00900935267544,12.857753422870344,11.49118528224769,,,True,73.7,61.3,95.1,A+,,,
IMOS,57.79,,26.24,89.4,5.939506719573506,64.1295112625031,2.5401734130132336,,,True,50.1,91.3,15.5,E,,,
IMO,132.35,,5.08,74.9,0.5164472571699275,10.651288440360851,8.369750507299635,,,True,32.6,57.7,78.2,B+,,,
IMPUY,12.42,,47.15,22.7,-26.20320776829216,-32.97355846702701,4.337674477319705,,,True,3.7,3.0,31.4,D-,,,
IMUX,16.58,,1.67,89.6,28.030887441745598,123.45013374266922,8.59937677652221,,,True,83.8,96.6,80.2,B+,,,
IMVT,41.82,,2.56,89.9,42.97435793102298,61.21819466007794,11.85278032403923,,,True,91.6,90.9,96.1,A+,,,
IMXI,11.7,,26.65,16.3,-22.77227848669877,-24.710425937804782,0.21100790201817254,,,True,4.8,6.4,5.8,E,,,
INAC,10.35,,0.0,41.5,1.4705938726424117,2.4752474312641715,7.3744747958294,,,True,38.3,42.5,67.6,B,,,
INBK,29.28,,5.82,82.6,22.305767279221,41.51764469137509,8.429057157068263,,,True,78.0,85.5,78.7,B+,,,
INBX,97.01,,37.53,84.7,-17.753283479245052,18.3193098380662,7.5283813111367825,,,True,7.2,69.1,69.5,B,,,
INCY,120.52,,9.11,77.5,21.959114190514484,21.934436101847844,7.13461770653298,,,True,77.7,73.3,64.7,B-,,,
INDB,85.5,,2.29,69.5,12.248916896415917,1.5680684248039922,6.288853686878705,,,True,62.5,38.9,53.6,C,,,
INDV,38.22,,10.72,68.5,-0.3389798677884692,12.147890905819025,4.359778970276308,,,True,29.0,60.1,31.4,D-,,,
INFY,12.41,,58.63,23.3,4.637435475650165,-21.25634614586225,10.343399579902663,,,True,46.8,8.6,91.8,A,,,
INGM,28.33,,10.6,75.1,9.678668243841425,29.4198296647876,3.1494255717338415,,,True,57.7,80.0,20.3,E,,,
INGR,105.1,,19.45,30.0,-0.8397032983101238,-12.336309555324798,7.908412053643766,,,True,27.6,16.3,73.4,B,,,
ING,35.6,,1.77,80.3,19.94608650310341,18.07628017950611,6.468837176966268,,,True,74.9,68.8,56.0,C,,,
INHD,10.84,,99.86,94.9,685.5072601481012,-53.27586294779735,-172.03402862174374,,,True,98.8,1.0,1.0,E,,,
INKT,11.0,,39.46,26.8,-0.4524886877828149,-0.4524886877828149,9.712817420884665,,,True,28.6,33.8,88.9,A,,,
INMD,15.2,,9.2,56.2,8.262106903597854,6.741571694277648,8.193357799227458,,,True,55.2,51.2,76.3,B+,,,
INNV,10.65,,15.74,90.0,44.11366195575472,30.195594358560808,4.847356323011982,,,True,91.9,80.4,36.2,D,,,
INOD,62.13,,50.35,31.3,-30.92829230893248,36.820086034167,-1.374188705627386,,,True,2.2,83.6,2.4,E,,,
INR,13.75,,29.79,28.5,-7.0317779887453575,-18.39762796016823,7.015018066401405,,,True,16.6,10.6,63.3,B-,,,
INSM,126.33,,40.62,26.4,7.0683971786208,-14.889172114091032,7.084627253791206,,,True,52.5,13.7,64.2,B-,,,
INSP,58.2,,60.42,34.4,38.835879682584576,-14.675266437561273,12.622097723636339,,,True,89.8,14.0,97.1,A+,,,
INSW,95.15,,3.14,86.4,11.534405727205366,51.34404569091604,4.093516363841925,,,True,61.3,88.8,28.5,E,,,
INTA,41.02,,14.42,87.8,90.87948095748568,70.70328946218756,20.854338025205784,,,True,97.7,92.3,99.0,A+,,,
INTC,104.56,,26.55,90.9,-13.076733262454276,116.52515543299597,3.285976921037496,,,True,10.4,96.2,21.7,E,,,
INTG,35.17,,32.37,73.2,-9.68156607872287,18.97834292606668,5.070615112700711,,,True,13.3,69.9,38.6,D,,,
INTT,13.59,,32.05,65.3,-27.75119536104258,28.937382851877523,0.41799104365455264,,,True,3.1,79.7,6.3,E,,,
INTU,358.29,,50.34,17.9,-3.6103390963595605,-10.35802533340292,15.740254429990616,,,True,21.9,17.8,99.0,A+,,,
INVA,20.75,,17.5,27.3,-10.328435609334486,-7.695729537366547,4.754022888957506,,,True,12.7,21.2,35.3,D,,,
INVH,30.3,,3.44,57.9,6.465211655167069,11.397056018604946,8.806794625516192,,,True,51.3,59.0,82.1,A-,,,
INVX,30.78,,8.69,82.1,12.253831825840656,20.89552508501771,7.96150688749116,,,True,62.6,72.0,73.9,B,,,
IONQ,44.98,,46.86,28.7,-18.602968617017133,33.82921613280669,4.279472004480393,,,True,6.9,82.3,30.4,D-,,,
IONS,55.87,,35.59,17.2,-28.002578696024784,-33.76407951169559,2.5650697101617457,,,True,3.0,2.8,15.5,E,,,
IOR,20.75,,3.71,69.9,15.277777777777768,15.277777777777768,13.444202369176491,,,True,67.8,65.1,98.0,A+,,,
IOSP,93.92,,0.79,75.9,17.856692394209194,6.220310075712865,9.345006793806617,,,True,72.1,50.1,86.0,A,,,
IOT,41.14,,13.33,82.8,49.491276851920205,48.25225005278717,12.614783139238055,,,True,93.0,87.8,97.1,A+,,,
IPAR,115.48,,10.68,78.2,30.103654074958985,14.41593515994608,9.451016880898214,,,True,85.5,63.7,86.4,A,,,
IPEX,10.7,,0.0,44.3,2.441360669137005,3.4316049596225584,0.40116002559173936,,,True,41.6,45.1,6.3,E,,,
IPGP,83.94,,46.13,19.3,-21.257033357029776,-24.310187158335218,-1.0959396735310296,,,True,5.7,6.6,2.9,E,,,
IPI,35.98,,28.53,40.4,-20.748899686704124,2.3030979307259836,5.216537264036543,,,True,5.8,42.0,40.6,D,,,
IPX,24.02,,60.91,12.3,-42.1622912165575,-45.4958010942508,0.14942509402712822,,,True,1.0,1.1,5.3,E,,,
IP,41.12,,18.17,67.7,28.580359386756605,-16.40577570261279,7.291487511368334,,,True,84.2,12.4,66.2,B,,,
IQV,241.52,,3.91,81.7,40.109063854542846,36.313356063021175,12.135458682635747,,,True,90.4,83.4,96.6,A+,,,
IRDM,49.78,,12.94,90.0,15.52564116801316,169.6641320655302,4.1067763700850515,,,True,68.2,97.6,28.5,E,,,
IREN,44.76,,41.77,45.8,-18.86895355893927,4.8980509058664135,3.5721237561822345,,,True,6.7,47.6,23.7,E,,,
IRHO,10.02,,1.18,,0.3003071805090629,1.622726233850047,,,,True,31.8,39.2,,,,,
IRMD,87.16,,19.22,34.4,2.21649309500338,-15.444311542385158,1.2212034562680643,,,True,40.8,13.2,8.7,E,,,
IRM,126.62,,5.98,72.2,0.3964500052188624,26.342050236062686,4.981043637837547,,,True,32.1,77.4,37.7,D,,,
IRON,80.01,,19.59,66.8,14.251038321048792,11.14043913908942,10.43476041401901,,,True,65.8,58.4,92.2,A,,,
IRS,14.76,,22.88,35.5,9.414382719657798,-6.106868773016316,5.164116269509414,,,True,57.2,23.4,39.6,D,,,
IRTC,123.16,,41.91,25.2,7.413224892821724,-19.0322768640396,10.325980994293225,,,True,53.3,10.2,91.8,A,,,
IRT,17.0,,6.49,44.0,4.358502148557397,1.0701545778834642,7.020456240929957,,,True,46.2,37.4,63.3,B-,,,
IR,84.28,,16.52,61.0,18.055748395149006,-12.888890150597543,7.995776024091886,,,True,72.4,15.7,74.4,B,,,
ISBA,41.77,,29.0,37.4,2.755228678385424,-21.03969667719533,6.530538387710891,,,True,42.4,8.7,56.5,C,,,
ISD,12.46,,15.75,24.3,-5.677516743777655,-15.639810168266944,5.105200201625456,,,True,18.5,13.1,39.1,D,,,
ISMAY,37.8,,1.31,84.3,30.434782036382323,21.426277726021283,11.100158012630652,,,True,85.8,72.5,94.2,A+,,,
ISNPY,47.73,,0.29,75.7,18.938445730966038,13.480737003841092,8.493300392046088,,,True,73.7,62.3,79.2,B+,,,
ISRG,401.27,,33.55,20.4,-7.171446315110486,-19.118360676112257,8.155192844432355,,,True,16.3,10.1,75.8,B+,,,
ISRLF,13.4,,29.47,46.3,7.114305503839113,3.0769201425405734,-2.8192369955781675,,,True,52.5,44.4,1.4,E,,,
ISSC,22.77,,26.41,84.0,10.587666137754592,19.9683901884282,9.556629044096955,,,True,59.6,70.9,87.4,A,,,
ISTR,30.84,,2.93,72.5,11.617807284067649,4.400812974231183,7.988680459982915,,,True,61.4,46.9,74.4,B,,,
ITA,249.69,,2.69,69.0,10.624250150299508,8.11431294253875,6.770310463336573,,,True,59.7,53.7,59.4,C+,,,
ITGR,125.06,,0.86,87.2,39.90378963932626,43.45032984468198,11.344929172379894,,,True,90.3,86.3,95.1,A+,,,
ITG,12.71,,58.11,10.2,-57.77408625200342,-53.89916562151986,1.459059913376878,,,True,1.0,1.0,9.7,E,,,
ITHA,10.0,,0.89,,0.20040539760575182,0.9081751157785645,,,,True,31.3,36.9,,,,,
ITIC,282.79,,4.88,71.7,21.89224506246632,4.7486789439277866,11.00173481950112,,,True,77.6,47.4,93.7,A+,,,
ITOCY,13.02,,13.77,49.4,-1.2888485824704587,-8.050843233990456,7.130585193414036,,,True,26.6,20.7,64.7,B-,,,
ITRI,102.72,,27.66,67.5,24.93310778484934,2.9155407481245676,13.667801070727617,,,True,81.0,44.1,98.0,A+,,,
ITRN,53.69,,21.39,56.0,-8.984575984558429,13.05537718826908,1.1293422095081525,,,True,14.3,61.6,8.7,E,,,
ITT,216.7,,5.91,69.3,6.544076379488772,7.394190181505689,8.12023208145748,,,True,51.5,52.4,75.3,B+,,,
ITW,290.98,,4.02,69.4,16.345466208048045,-2.378632205076614,7.767168901106539,,,True,69.7,30.4,72.0,B,,,
IT,183.3,,31.05,56.0,26.88633743026292,13.47737451356268,11.668008636335697,,,True,82.7,62.3,95.6,A+,,,
IVT,33.56,,9.83,63.5,8.678760923869877,9.780835372231,2.9772930922433085,,,True,55.9,56.3,18.8,E,,,
IVZ,32.36,,0.58,79.9,15.201141368286098,22.39032000889396,7.2118924289511135,,,True,67.6,73.8,65.2,B-,,,
IWDL,69.99,,0.2,83.1,19.07208518930661,28.718824968216627,8.837829598470634,,,True,73.8,79.4,82.1,A-,,,
IWFL,61.82,,4.89,60.2,1.3393007510255739,16.19020814611527,6.498646948655599,,,True,37.6,66.4,56.0,C,,,
IWML,34.03,,10.01,81.3,12.916077144256821,24.96327870529933,2.720765665138865,,,True,63.7,76.2,16.9,E,,,
IX,40.43,,4.62,79.2,6.506850119008911,12.775454128802743,4.176110530312247,,,True,51.3,61.1,29.5,D-,,,
IYT,88.14,,2.13,69.8,11.583747022831293,8.213631297810164,4.364078081733005,,,True,61.4,53.9,31.4,D-,,,
JACK,18.76,,21.37,80.4,46.6770932672544,-9.15254126449474,11.491330090286487,,,True,92.5,19.4,95.1,A+,,,
JACS,10.75,,0.0,41.4,1.4150906899257576,2.478553236937975,6.72632282800564,,,True,38.1,42.5,58.9,C+,,,
JAKK,25.7,,5.58,82.2,19.479315494837056,43.255299681936734,6.959444217920566,,,True,74.5,86.2,62.3,B-,,,
JANX,16.0,,54.73,28.9,9.514031485284047,22.044241037376054,10.560858957345516,,,True,57.3,73.4,92.7,A+,,,
JAN,29.93,,8.83,,9.593558734780405,,,,,True,57.5,,,,,,
JAPAY,22.14,,2.14,76.2,13.248083138939858,11.536518711185817,5.996050809003348,,,True,64.1,59.1,49.7,C-,,,
JATT,12.5,,9.42,,18.82128760531665,,,,,True,73.5,,,,,,
JAZZ,245.85,,7.24,83.5,5.819311368964675,47.88859847420333,4.142406713486469,,,True,49.7,87.7,29.0,E,,,
JBAXY,18.45,,1.23,71.3,6.156511241889251,12.021867226062977,8.758053632722211,,,True,50.5,59.9,81.6,A-,,,
JBGS,11.81,,51.4,15.1,-18.94303075074332,-26.691493360541905,0.3428752993883428,,,True,6.7,5.4,5.8,E,,,
JBHT,282.32,,5.82,83.7,18.72161788234599,22.545363019454268,4.94648001752724,,,True,73.5,74.0,37.2,D,,,
JBIO,23.81,,14.96,88.8,-5.025929533536566,58.10092606867452,9.70860934338255,,,True,19.5,90.4,88.4,A,,,
JBL,370.36,,13.65,82.9,4.200541696413507,41.85689648826509,5.071307149453304,,,True,45.8,85.8,38.6,D,,,
JBSS,86.69,,5.85,74.1,14.548100477545244,9.74807246664926,7.84424753998679,,,True,66.3,56.2,72.4,B,,,
JBS,13.32,,28.58,25.8,-9.326071645288192,-17.980296289701837,7.989645885188345,,,True,13.7,10.9,74.4,B,,,
JBTM,117.53,,30.94,20.8,-6.066177446214138,-28.92477093656455,2.9424908635100415,,,True,18.0,4.4,18.4,E,,,
JCAP,21.61,,9.2,66.1,15.8092217956185,-2.0842731800333136,11.102594976238985,,,True,68.8,30.7,94.2,A+,,,
JCE,17.24,,1.2,59.1,5.186087682234075,8.223476278205677,6.883185060870852,,,True,48.0,54.0,60.8,B-,,,
JCI,151.45,,3.57,72.7,5.319886612129476,7.441825303804039,6.187159144101223,,,True,48.2,52.5,52.6,C,,,
JD,29.3,,20.51,28.0,-13.236602792240026,3.643435575028464,5.840585428764454,,,True,10.3,45.6,47.8,C-,,,
JEF,55.86,,21.37,43.0,4.76369206742604,-3.1553387476567885,6.726687362074627,,,True,47.1,28.9,58.9,C+,,,
JENA,10.41,,1.89,39.2,0.5797049635843932,1.166179650184107,5.5999090433598475,,,True,33.0,37.7,44.4,D+,,,
JETU,36.56,,15.77,82.6,36.48582688256934,-5.093849658314353,9.07772356614647,,,True,88.8,25.2,83.5,A-,,,
JGH,12.65,,7.66,35.0,-0.1578562073380141,-2.316605262314486,6.647400394260342,,,True,29.7,30.5,57.5,C,,,
JHG,51.95,,3.37,61.5,1.0307273434461361,9.115731989077936,-0.22289402169601047,,,True,35.7,54.9,4.3,E,,,
JHI,13.45,,7.31,35.9,1.6628859354885561,-4.065621902531113,9.629873759973279,,,True,39.2,27.0,87.9,A,,,
JHS,10.97,,9.26,31.3,-1.4375537553566242,-5.998283915777137,4.02478063273478,,,True,26.1,23.7,28.0,E,,,
JHX,30.89,,1.5,87.0,54.3728105429707,18.80768996018629,9.668414342911682,,,True,93.9,69.7,88.4,A,,,
JILL,18.91,,2.48,84.9,58.774138097498806,16.29766203820484,14.875491075028688,,,True,94.4,66.5,98.5,A+,,,
JJSF,91.01,,21.76,69.0,27.162221791575348,10.56979970383971,12.99397667935677,,,True,83.0,57.5,97.6,A+,,,
JKHY,155.86,,19.41,39.5,10.202927674716511,-5.910050944550827,10.96105074388905,,,True,58.7,23.8,93.7,A+,,,
JKS,16.29,,48.9,13.1,-37.44239279751403,-41.67561433753188,4.092670025231177,,,True,1.1,1.5,28.5,E,,,
JLL,369.52,,1.01,75.4,18.94675497768359,21.90953416702579,9.136275605034452,,,True,73.7,73.3,84.0,A-,,,
JLS,17.4,,8.85,28.0,-6.19946297288263,-7.692309716019774,4.309790499870296,,,True,17.8,21.3,30.9,D-,,,
JMSB,23.26,,4.12,71.1,12.91262247030016,13.685240610370641,6.266816225552407,,,True,63.6,62.7,53.6,C,,,
JNJ,262.08,,4.66,76.2,13.740120897606811,8.810091576959888,7.242695068584402,,,True,64.9,54.5,65.7,B-,,,
JOE,68.35,,7.06,65.8,7.5700322224127925,-0.26266091621028886,6.275544985493263,,,True,53.5,34.2,53.6,C,,,
JOF,12.58,,1.41,68.0,6.791170829423221,3.881089378249847,9.545838178103807,,,True,52.2,46.0,87.4,A,,,
JOUT,48.81,,8.83,72.3,23.78899663528029,-0.12277189831999546,7.2739165946905535,,,True,79.7,34.4,66.2,B,,,
JOYY,72.17,,5.88,75.9,21.070287148037757,11.666405955354042,7.4657834309738975,,,True,76.5,59.3,68.6,B,,,
JPM,363.11,,0.92,75.4,20.93588188228559,16.82323703479909,8.395756079054557,,,True,76.4,67.0,78.2,B+,,,
JRI,12.68,,11.14,30.3,-3.4272634792400614,-3.4272634792400614,2.334041910353873,,,True,22.2,28.3,14.5,E,,,
JXN,134.38,,2.62,81.2,24.092718517695523,17.44450697676323,8.442596462067604,,,True,80.0,67.9,78.7,B+,,,
J,143.91,,14.56,71.0,34.156804010542906,1.088791558098734,10.716251813639843,,,True,87.7,37.5,93.2,A+,,,
KAI,331.03,,7.44,54.2,0.5864475172582262,-1.1378572514344487,9.043929112933421,,,True,33.0,32.6,83.5,A-,,,
KALU,182.75,,8.57,85.5,1.855980381228406,26.28705687236541,4.873281812661789,,,True,39.9,77.3,36.7,D,,,
KALV,27.0,,0.0,90.7,59.38606847697756,60.14234875444839,6.862896515655358,,,True,94.5,90.6,60.8,B-,,,
KARO,63.89,,4.84,83.8,34.59026625162933,28.7326201685441,12.287646503085359,,,True,87.9,79.4,97.1,A+,,,
KBCSY,75.27,,0.12,72.7,13.993636278343601,4.136687761851432,7.2049991385747285,,,True,65.3,46.5,65.2,B-,,,
KBDC,13.76,,13.3,28.0,-6.964163428790826,-2.1337110321348884,6.521146855414532,,,True,16.7,30.7,56.5,C,,,
KBH,56.33,,18.02,46.7,20.75027187793075,-11.874214907611568,7.392172027760997,,,True,76.2,16.5,68.1,B,,,
KBON,10.1,,0.49,,0.19841724122076076,0.19841724122076076,,,,True,31.3,35.2,,,,,
KBR,38.16,,26.94,47.4,25.114753598072493,-6.699266876743004,11.242900015330356,,,True,81.3,22.7,94.7,A+,,,
KB,118.85,,5.42,77.1,14.631557170255682,6.324922592700921,4.389018802058983,,,True,66.4,50.3,31.9,D-,,,
KCDMY,11.61,,9.58,54.9,2.290742435850479,-5.069500480502153,6.652064742753354,,,True,41.0,25.3,58.0,C+,,,
KCHV,10.43,,0.0,40.8,1.06589741864751,2.1547528521727255,6.2778769740259435,,,True,35.9,41.4,53.6,C,,,
KC,11.41,,38.39,18.7,-36.32812585149493,-20.92862198605606,6.683122239262314,,,True,1.4,9.0,58.0,C+,,,
KDDIY,17.73,,9.17,52.8,9.987584486251766,5.598562093225845,8.354950684975432,,,True,58.4,49.1,77.8,B+,,,
KDP,31.12,,13.41,55.5,6.1753696323213925,4.115091466153897,6.658559963800884,,,True,50.6,46.4,58.0,C+,,,
KD,13.94,,58.88,23.7,26.15384235640996,15.016498187981032,13.405246664780627,,,True,82.1,64.5,98.0,A+,,,
KELYA,16.31,,8.11,89.6,66.9396055879466,64.58122569063957,11.596727612582125,,,True,95.8,91.4,95.6,A+,,,
KELYB,23.67,,81.06,90.0,46.56346796466841,30.773481084496936,12.413467602762413,,,True,92.5,80.7,97.1,A+,,,
KEN,67.74,,29.39,28.7,-25.22353696459926,-11.207238348709492,2.1211035821434496,,,True,4.2,17.3,13.0,E,,,
KEP,11.51,,50.83,16.1,-16.473147831046177,-46.24007366239217,0.42593223311159356,,,True,8.1,1.1,6.3,E,,,
KEQU,36.55,,39.97,26.0,-2.973190238756185,-8.165831062661933,10.052399153403412,,,True,23.1,20.6,90.8,A,,,
KEX,137.55,,12.77,58.3,-6.237216733634754,12.487735567351832,4.903587571265636,,,True,17.8,60.6,37.2,D,,,
KEYS,353.85,,5.63,83.9,-2.0321697434824815,48.66398038127704,3.3175279794585864,,,True,24.8,87.9,21.7,E,,,
KEY,22.99,,4.49,68.8,10.795179619846573,1.9964497387673585,4.1682912867895485,,,True,60.1,40.5,29.5,D-,,,
KE,26.03,,21.57,37.0,4.328660066715462,6.987261350783025,5.9641514113285155,,,True,46.1,51.5,49.3,C-,,,
KFII,10.61,,0.19,40.8,1.04761577787853,2.0192312100935528,3.1253154507199854,,,True,35.8,40.8,20.3,E,,,
KFRC,60.45,,1.99,90.5,53.3874670462813,96.77734623352687,11.467821963949621,,,True,93.7,95.4,95.1,A+,,,
KFY,84.83,,1.0,81.3,31.498995242682803,35.92373310535923,12.629963437275334,,,True,86.1,83.1,97.1,A+,,,
KF,63.85,,22.08,82.0,-7.983861544716686,31.40563588005987,0.49005786892268244,,,True,15.5,81.1,6.3,E,,,
KGC,26.85,,31.35,30.5,-14.13495240975463,-22.889143074469487,6.0856012075387955,,,True,9.5,7.5,51.2,C,,,
KGS,62.39,,19.68,73.6,-17.626090058557644,19.61272889119716,3.4660935917912337,,,True,7.3,70.6,22.7,E,,,
KHC,25.38,,9.68,52.0,9.490936845412424,1.5606208914229924,6.055814932343832,,,True,57.3,38.9,50.7,C-,,,
KIDS,25.01,,0.91,86.3,40.584599375389764,45.238096567258054,16.82796138330437,,,True,90.7,86.8,99.0,A+,,,
KIM,24.39,,8.48,60.4,5.675907234178679,10.914049066159336,2.3442391756796592,,,True,49.2,58.1,14.5,E,,,
KINS,19.47,,6.84,81.5,37.49999515080855,21.00683227690796,7.909383347556693,,,True,89.3,72.0,73.4,B,,,
KIO,11.21,,12.15,32.1,3.4029412621094934e-07,-5.080439981820728,3.408509672054887,,,True,30.4,25.3,22.7,E,,,
KKR,115.3,,24.19,60.6,18.341376425903523,9.746814250673719,13.378535750717628,,,True,72.8,56.2,98.0,A+,,,
KLAC,209.37,,31.88,85.2,13.190713742796166,41.514021708136205,2.6626987518084464,,,True,64.0,85.5,16.4,E,,,
KLAR,20.68,,56.44,,51.05917413473557,8.215592070540168,,,,True,93.3,54.0,,,,,
KLIC,95.8,,29.46,85.7,-8.123138916507322,27.955126287909458,0.16243135819769172,,,True,15.3,78.8,5.3,E,,,
KLRA,17.97,,36.34,,-14.874472791143978,,,,,True,9.0,,,,,,
KMB,110.7,,18.7,57.5,14.07666626982913,2.881038055987162,10.245752266279947,,,True,65.5,44.0,91.3,A,,,
KMI,32.08,,7.84,51.2,-2.224925842564207,2.0031854723519427,5.429190476968712,,,True,24.3,40.7,42.5,D,,,
KMPR,26.91,,50.98,17.5,-9.697987089221115,-17.046856204031712,6.838871667242428,,,True,13.2,11.5,60.4,C+,,,
KMTS,27.74,,7.53,80.7,29.324003657129683,-0.3949752561754116,11.346563687889503,,,True,84.8,33.9,95.1,A+,,,
KMTUY,46.3,,12.21,75.2,9.559870033096507,-5.316977929831723,4.2486925716383155,,,True,57.4,24.8,30.4,D-,,,
KMT,30.38,,30.66,28.5,-13.397949940802157,-24.54048892010282,0.10890658487757854,,,True,10.2,6.5,5.3,E,,,
KMX,60.05,,4.01,86.9,61.99082610483018,31.113535452097274,6.385942135471765,,,True,95.0,80.9,54.6,C,,,
KNBWY,19.07,,4.6,77.1,19.26203857281652,16.63608103910017,5.047818684471864,,,True,74.2,66.8,38.6,D,,,
KNF,65.92,,31.53,18.5,-17.22752615652271,-18.22354773732129,1.6933451528940768,,,True,7.7,10.7,11.1,E,,,
KNOP,10.6,,10.02,53.0,-1.6697552739357358,2.0211778774757105,4.29202216398647,,,True,25.7,40.8,30.9,D-,,,
KNSA,77.83,,6.16,90.0,31.64749971423324,73.03246294142885,8.367909376745423,,,True,86.2,92.7,78.2,B+,,,
KNSL,376.97,,22.27,62.4,25.46428849787099,-7.012826536580374,12.190356512861744,,,True,81.7,22.3,96.6,A+,,,
KNTK,51.66,,1.95,74.3,3.8391956731901766,23.381895981399836,7.111954479862918,,,True,44.9,74.8,64.7,B-,,,
KNX,73.3,,11.54,82.3,22.636779407324426,21.63956696275775,4.195152982481293,,,True,78.4,72.9,29.5,D-,,,
KN,37.8,,11.95,82.6,3.222280822120571,39.999997174298315,2.1739580315842275,,,True,43.6,84.9,13.5,E,,,
KOD,39.98,,16.43,88.4,0.9341063929218185,74.50894605952129,5.2486671010779595,,,True,35.0,92.8,40.6,D,,,
KOF,108.84,,6.46,62.8,2.7373950706915506,-3.356423070599701,3.6426143960520676,,,True,42.3,28.5,24.1,E,,,
KOP,46.22,,12.79,80.7,8.268918296329652,35.1066975174017,6.1074610455561125,,,True,55.2,82.6,51.2,C,,,
KOYN,10.23,,0.0,,1.0869531415134803,1.791038289406277,,,,True,36.1,39.8,,,,,
KO,87.42,,3.85,71.0,8.921004446729764,11.221371716215423,7.066792769801335,,,True,56.3,58.6,64.2,B-,,,
KRC,37.0,,17.83,42.2,7.433217189314756,14.835505896958413,4.839998314516654,,,True,53.3,64.3,36.2,D,,,
KRE,77.75,,0.77,73.5,15.802801171885928,8.271832117191579,7.532431930731315,,,True,68.8,54.0,69.5,B,,,
KRG,26.48,,11.5,53.0,1.030139420970344,7.249896890386087,0.07342677002885623,,,True,35.7,52.1,5.3,E,,,
KRMN,60.5,,48.89,22.9,-10.077287310212002,-23.91850785462126,9.743842091129789,,,True,12.9,7.0,88.9,A,,,
KRNT,17.85,,9.76,75.0,8.313109110859983,3.8998858059937636,10.742042920997697,,,True,55.3,46.0,93.2,A+,,,
KROS,10.66,,52.73,16.7,-11.0925784202493,-37.441315449459445,8.65788956255748,,,True,11.9,2.1,80.2,B+,,,
KRP,15.11,,4.37,51.5,-1.3707594211668006,6.558530724099065,3.9393989050484794,,,True,26.2,50.8,27.0,E,,,
KRRO,13.29,,76.22,38.9,18.660713945116324,8.136696190830172,12.612650563468845,,,True,73.3,53.8,97.1,A+,,,
KRSP,10.46,,12.03,,0.6737217758534975,1.2584715914913502,,,,True,33.4,38.0,,,,,
KRT,47.83,,5.86,91.9,75.65186129656513,82.9762885656262,13.423324237966664,,,True,96.4,94.2,98.0,A+,,,
KRUS,53.14,,39.61,30.3,6.301259031103101,-27.27521638203306,9.12068118720789,,,True,50.8,5.2,84.0,A-,,,
KRYAY,96.93,,1.67,65.1,13.302158793066399,4.9025960005294245,9.203907841185043,,,True,64.2,47.7,84.5,A,,,
KRYS,328.34,,14.17,81.4,5.041908099651504,20.425452535444943,3.900960266046507,,,True,47.7,71.5,26.6,E,,,
KR,57.23,,25.27,21.3,-13.602053831164962,-16.647247972274492,5.523717771530926,,,True,9.9,12.1,43.5,D+,,,
KSPI,99.46,,1.52,76.6,13.022726232355296,33.056854962505234,9.548644578249837,,,True,63.9,82.0,87.4,A,,,
KSS,19.62,,22.2,83.5,62.4172254903427,4.4728479192406745,9.451977134481231,,,True,95.1,47.0,86.4,A,,,
KTB,84.04,,5.53,77.5,28.83642636137871,24.70693117009548,6.259938519473341,,,True,84.4,76.1,53.6,C,,,
KTOS,62.79,,53.14,30.8,19.622787036630474,-28.468898478551672,10.26934097054567,,,True,74.6,4.5,91.3,A,,,
KT,18.96,,22.86,28.7,-7.104365093225596,-18.93972174231443,3.986345110323544,,,True,16.4,10.3,27.5,E,,,
KUBTY,86.89,,19.52,59.7,-5.400107966109702,-3.197418313589362,3.115622569525355,,,True,19.1,28.8,20.3,E,,,
KURA,10.09,,19.22,59.4,6.43460590513556,28.69897903327594,8.790230570513708,,,True,51.2,79.3,81.6,A-,,,
KVAC,12.01,,35.84,37.7,-0.5794683039583082,1.6074469448547957,4.009189639273924,,,True,28.4,39.1,27.5,E,,,
KVUE,19.2,,12.55,60.4,11.692849115412752,3.5598746652613533,10.096484541213712,,,True,61.6,45.4,90.8,A,,,
KVYO,19.22,,46.94,36.4,34.97190529041077,-5.506394722937602,11.411980510904378,,,True,88.1,24.6,95.1,A+,,,
KWEB,26.85,,38.08,19.1,-12.226216908997834,-21.260992425420433,6.8391025333323,,,True,11.0,8.6,60.4,C+,,,
KWR,171.43,,6.33,77.2,20.73384933853175,-3.566410150317134,6.414979257747708,,,True,76.1,28.0,55.5,C,,,
KW,10.92,,1.53,70.7,0.4599816007359703,9.859154929577475,5.599790804026654,,,True,32.3,56.4,44.4,D+,,,
KYIV,13.17,,20.42,35.1,-9.484536744677662,2.8103016774765788,0.5302310493015199,,,True,13.6,43.7,6.3,E,,,
KYMR,114.42,,12.02,88.7,33.683839430944396,39.07864126527936,10.660600370662568,,,True,87.4,84.6,92.7,A+,,,
KYN,14.7,,3.1,65.3,4.107647374398993,9.701491113918937,6.835442342793133,,,True,45.5,56.1,60.4,C+,,,
KYOAY,24.7,,1.2,87.9,34.385205456689086,37.83482568604604,5.53211813681648,,,True,87.8,83.9,43.5,D+,,,
KZIA,13.21,,24.08,81.9,-5.642856870378765,151.140685135874,4.737944057179801,,,True,18.6,97.2,35.3,D,,,
LAD,378.66,,13.84,82.4,38.59161249619696,18.17983323307928,9.37259568846323,,,True,89.8,68.9,86.0,A,,,
LAFA,10.13,,0.69,,1.198800028124336,1.604812869877592,,,,True,36.8,39.0,,,,,
LAKE,11.89,,33.94,55.2,13.022816951737216,19.73817062762089,10.119338384528788,,,True,63.9,70.7,90.8,A,,,
LAMR,155.14,,6.73,68.1,5.810939428214734,16.963208225006365,5.926317975372708,,,True,49.7,67.2,48.8,C-,,,
LARK,32.25,,0.59,76.0,16.425992779783407,17.358078602620086,10.542015214468906,,,True,69.8,67.7,92.2,A,,,
LASR,50.35,,42.09,27.9,-37.39119811723316,-8.187457195256941,-4.52312513635418,,,True,1.2,20.5,1.0,E,,,
LATA,10.15,,0.49,,0.9950191631598271,1.2973967547663667,,,,True,35.4,38.1,,,,,
LAUR,37.38,,8.66,72.6,14.416899504484949,8.694391009349323,7.954605248538149,,,True,66.1,54.4,73.9,B,,,
LAZ,45.49,,22.57,29.4,0.5303904496503753,-16.973897283323968,6.092530698747293,,,True,32.7,11.7,51.2,C,,,
LBRDA,36.83,,43.69,23.3,10.567402675036575,-34.208642674071655,13.193021676685264,,,True,59.6,2.7,98.0,A+,,,
LBRDK,36.85,,43.93,23.1,10.329336748865558,-34.36052997128412,10.911893861110627,,,True,59.0,2.6,93.7,A+,,,
LBRT,21.12,,38.74,24.9,-36.91756021734349,-13.654943420959132,2.6145750295199317,,,True,1.2,15.0,15.9,E,,,
LBRX,44.27,,9.91,,37.01639918331716,83.76919957390672,,,,True,89.1,94.3,,,,,
LBTYA,10.49,,22.41,24.6,-10.111398705071428,-7.003548128385062,4.725080460753027,,,True,12.8,22.3,35.3,D,,,
LBTYB,11.89,,59.01,24.3,-19.824677388248457,-19.932657620722193,10.482131845951553,,,True,6.3,9.7,92.2,A,,,
LB,75.28,,14.45,71.6,11.757716890115644,21.59586329322798,4.3505280496624135,,,True,61.7,72.8,31.4,D-,,,
LCCC,10.49,,0.19,41.4,1.3526510578597328,2.341461181640625,5.775379568970955,,,True,37.7,42.2,46.4,D+,,,
LCII,107.14,,32.89,27.3,-3.442682597649205,-31.583653007887325,6.40507786015009,,,True,22.2,3.5,55.1,C,,,
LCNB,19.98,,6.29,79.1,26.295825172163887,15.624997350904678,7.059513377964983,,,True,82.3,65.7,63.7,B-,,,
LC,19.65,,9.32,73.7,10.517433175085888,-4.426071894308004,4.656176697110823,,,True,59.5,26.3,34.8,D,,,
LDOS,142.61,,30.69,30.7,14.850608528913224,-17.56647363563494,13.084002948926079,,,True,67.0,11.3,97.6,A+,,,
LDP,20.67,,6.26,33.2,-0.7681225333943997,-3.230336721470295,6.242766765777622,,,True,27.8,28.7,53.1,C,,,
LEA,122.64,,18.42,32.3,-10.87857031491285,-11.693548826578027,1.0600851041119874,,,True,12.1,16.8,8.2,E,,,
LECO,284.63,,8.18,67.4,7.302271312226694,-2.0206523639199614,9.805505249385748,,,True,53.0,30.9,89.3,A,,,
LEGH,29.11,,7.12,82.5,29.897369970332722,34.519411323251205,8.30070655267,,,True,85.4,82.5,77.3,B+,,,
LEGN,20.27,,47.15,15.7,-29.29891713371583,9.331178305089939,2.5329864409231266,,,True,2.7,55.5,15.5,E,,,
LEN,87.54,,39.31,22.0,3.024597994030054,-27.646912211317176,7.092619763598494,,,True,43.2,4.9,64.2,B-,,,
LEU,191.82,,58.68,25.4,-0.2547931338886422,-8.726680945841858,8.481590816048305,,,True,29.3,19.7,79.2,B+,,,
LEVI,22.42,,12.76,45.5,4.91343039912937,1.6319133104893302,1.2578698174104659,,,True,47.5,39.2,8.7,E,,,
LE,12.69,,36.68,33.2,14.221418365286231,-28.183364004621957,9.328918869851734,,,True,65.8,4.7,86.0,A,,,
LFAC,10.05,,0.0,,0.6006048147284782,1.0050289787604694,,,,True,33.2,37.2,,,,,
LFCBY,16.37,,16.27,35.7,7.6619593645048,-5.78416783175022,5.715833960807752,,,True,53.7,24.2,45.9,D+,,,
LFST,12.22,,1.65,90.7,50.86420082751617,76.33478018800591,8.486363521092688,,,True,93.3,93.3,79.2,B+,,,
LFUS,450.0,,10.1,80.8,-6.448796307845828,25.740471666480392,2.650992151356122,,,True,17.5,76.8,16.4,E,,,
LGCY,10.59,,27.96,26.7,-13.196718703672051,0.8571443103608578,2.877259893180094,,,True,10.3,36.8,17.9,E,,,
LGGNY,20.43,,5.42,74.3,20.45991396237754,11.092990664674197,13.647384091189767,,,True,75.7,58.4,98.0,A+,,,
LGIH,58.85,,15.32,76.3,29.397534024012973,-3.4137559919233618,7.680848977295014,,,True,84.9,28.4,71.0,B,,,
LGI,18.6,,6.44,51.1,5.681820349259792,-1.4830488269611863,7.323045198416719,,,True,49.3,32.0,67.1,B,,,
LGND,288.82,,11.58,85.1,30.563721045259594,55.31297446989607,4.994128650826047,,,True,85.8,89.8,37.7,D,,,
LGN,63.24,,41.03,,-36.7599983215332,17.941072245828703,,,,True,1.3,68.6,,,,,
LHX,288.46,,23.94,27.4,-5.401242431024134,-15.231128903265423,5.6779372584508465,,,True,19.0,13.4,45.9,D+,,,
LH,322.59,,0.92,78.7,26.794275740071782,11.280139479764962,11.820110718710293,,,True,82.6,58.7,96.1,A+,,,
LIFE,34.8,,1.42,,42.38951913510014,237.53635131621388,,,,True,91.4,98.3,,,,,
LIF,50.25,,55.35,29.6,25.124502467442333,-4.703204179339826,9.981433036859286,,,True,81.3,25.9,90.3,A,,,
LII,418.31,,32.15,17.7,-17.574384717518477,-24.968162443975217,0.381446375260035,,,True,7.4,6.3,5.8,E,,,
LIME,39.8,,6.75,98.5,1491.9999694824219,3033.858207642563,27.761156121269117,,,True,98.9,98.9,99.0,A+,,,
LINC,30.11,,46.56,21.5,-42.11841482054679,11.725419704458485,-3.8445782236471686,,,True,1.0,59.4,1.0,E,,,
LIND,34.48,,1.34,93.1,82.6271162194721,71.71314513065903,9.156838273885722,,,True,97.1,92.4,84.5,A,,,
LINE,43.03,,5.95,66.5,8.088413200021115,10.673862132645295,4.711662843756378,,,True,54.7,57.7,35.3,D,,,
LIN,478.2,,12.77,34.1,-6.830843586675128,2.2865847162694353,2.6152398191288757,,,True,16.9,41.9,15.9,E,,,
LION,11.72,,29.82,74.1,-6.464483104319163,29.074892808687313,-2.536032338450049,,,True,17.5,79.8,1.4,E,,,
LITE,880.41,,18.91,93.3,-14.55399777317552,53.35214038155254,3.2738167600053103,,,True,9.3,89.1,21.2,E,,,
LIVN,82.2,,4.15,80.2,13.473215003095241,23.73926983026069,8.455372854193076,,,True,64.4,75.2,78.7,B+,,,
LI,12.27,,54.72,13.1,-38.711286424756885,-36.09374761581421,4.097799632748828,,,True,1.0,2.3,28.5,E,,,
LKFN,62.68,,9.68,53.3,7.86439563788639,3.2279319913962157,5.239898086329942,,,True,54.2,44.6,40.6,D,,,
LKFT,28.04,,25.78,26.0,-0.35536277353467316,-17.67468903250927,5.362661049111852,,,True,28.8,11.2,41.5,D,,,
LKNCY,35.06,,19.66,40.6,5.570615396841361,-7.6396170355874204,8.621812012355253,,,True,48.9,21.3,80.2,B+,,,
LKQ,25.2,,32.13,22.0,-4.4368571750494805,-27.58620470419697,7.116150688788652,,,True,20.3,5.0,64.7,B-,,,
LKSP,10.19,,0.1,,0.7912950190183121,1.899995803832999,,,,True,34.1,40.2,,,,,
LLYVA,104.18,,1.23,70.9,7.9697381129399725,20.411465909819437,5.998669582119058,,,True,54.5,71.5,49.7,C-,,,
LLYVB,95.45,,13.24,34.8,4.728985021112786,4.469930771011299,7.163906042791977,,,True,47.0,47.0,64.7,B-,,,
LLYVK,107.87,,1.01,71.6,8.750884914388578,21.74943876589395,6.130051139864973,,,True,56.0,73.0,51.7,C,,,
LLY,1209.0,,3.24,79.2,19.02535072606448,19.08866145920547,5.9939572237251975,,,True,73.8,70.0,49.7,C-,,,
LMAT,81.93,,30.57,19.9,-16.54273168465338,-6.664387895675805,4.3168663563280365,,,True,8.1,22.8,30.9,D-,,,
LMB,44.2,,65.62,10.7,-38.388624528938585,-53.281893285129,-3.1733510920407344,,,True,1.0,1.0,1.0,E,,,
LMND,52.98,,46.97,20.6,0.20805663369838356,-22.645642367883877,3.4619984082170436,,,True,31.4,7.6,22.7,E,,,
LMNR,13.81,,16.91,39.8,4.14781613587254,-2.056734612647526,9.110684767753476,,,True,45.6,30.8,84.0,A-,,,
LMRI,12.2,,37.28,,51.552789070821504,-11.530095409617648,,,,True,93.5,17.0,,,,,
LMT,598.01,,13.58,72.5,15.0151959390747,-4.881499957750124,7.4661845072699515,,,True,67.3,25.6,68.6,B,,,
LNC,45.28,,5.01,77.3,32.90284349661543,17.61038643973214,10.136196089639064,,,True,87.1,68.2,90.8,A,,,
LNG,266.48,,11.44,71.1,11.32091694641495,21.452992564754638,8.57251171762558,,,True,60.8,72.6,79.7,B+,,,
LNN,114.59,,22.57,35.3,8.616110272882116,-14.897886121135818,5.706809636655096,,,True,55.7,13.7,45.9,D+,,,
LNTH,100.94,,9.76,82.7,4.644414722585788,50.02973014477743,2.1856872551601247,,,True,46.8,88.3,13.5,E,,,
LNT,70.2,,10.93,36.3,-2.904568536317853,2.887288506877006,3.73981102327042,,,True,23.3,44.0,25.1,E,,,
LNVGY,87.75,,2.49,95.5,160.69518834756175,262.30389136145084,15.695829771446743,,,True,98.6,98.4,99.0,A+,,,
LNWO,91.37,,25.5,49.3,9.740575001900108,-20.312225059670297,8.532784254822092,,,True,57.9,9.4,79.7,B+,,,
LOAR,73.99,,11.31,68.0,20.62275491322061,15.735957866055884,7.482386159033881,,,True,75.9,65.8,69.1,B,,,
LOB,43.34,,2.67,77.3,21.298629030472704,6.225490570068359,9.773992550574315,,,True,76.9,50.2,89.3,A,,,
LOCO,15.45,,11.21,79.5,17.57990722424001,44.257701300328065,2.1612753448515853,,,True,71.6,86.5,13.0,E,,,
LOGI,104.53,,19.38,39.7,0.5192795262014327,12.012429039109396,6.2772704478730486,,,True,32.6,59.8,53.6,C,,,
LOPE,145.31,,34.85,22.0,-9.599354511264313,-9.345562693496934,7.028204094635717,,,True,13.4,19.1,63.3,B-,,,
LOVE,17.65,,15.47,73.9,16.540109729483476,35.35275781081499,8.56654867398581,,,True,70.0,82.8,79.7,B+,,,
LOW,218.22,,25.54,26.6,-1.0115666950768265,-23.975752083088388,7.367146264001324,,,True,27.3,6.9,67.6,B,,,
LPAA,10.75,,7.88,37.7,-0.27829066525332236,0.8916027161862461,-1.2576528947480625,,,True,29.2,36.9,2.9,E,,,
LPBB,10.78,,0.09,40.7,1.125702507286741,1.8903573790866268,7.310080246362293,,,True,36.4,40.1,66.6,B,,,
LPG,45.63,,5.17,83.4,12.306180330089166,40.055251897222945,6.302680211402162,,,True,62.7,85.0,54.1,C,,,
LPLA,374.96,,6.3,72.7,24.496975713884762,10.715443191034968,11.797339649535585,,,True,80.6,57.8,96.1,A+,,,
LPTH,13.12,,30.73,86.4,8.250824138276268,27.75072916805339,4.5085383482467165,,,True,55.1,78.6,32.8,D-,,,
LPX,74.14,,27.92,28.9,5.5523909305928765,-23.574889815845346,6.855377903449382,,,True,48.8,7.2,60.4,C+,,,
LQDA,72.1,,22.98,90.4,25.19534376475272,79.48717568862607,1.8469216686673544,,,True,81.4,93.9,11.6,E,,,
LQDT,42.94,,2.01,85.6,29.454322058212192,36.621058309605424,7.324646825021052,,,True,85.0,83.4,67.1,B,,,
LRCX,337.01,,23.14,89.2,14.07054216274879,43.33532228888439,2.2838632126896985,,,True,65.4,86.3,14.0,E,,,
LRLCY,88.38,,7.44,43.7,5.844308087925709,-5.526462458242221,5.753409620346355,,,True,49.8,24.6,46.4,D+,,,
LRN,83.67,,51.12,30.0,-5.060707853233504,-2.5620144765979846,4.92389068785573,,,True,19.4,30.0,37.2,D,,,
LSBK,17.2,,4.23,69.8,9.067855186680118,11.54345501257752,10.111562730744444,,,True,56.7,59.1,90.8,A,,,
LSCC,128.43,,18.2,82.6,2.212489196801637,21.42383726555852,1.032150030788511,,,True,40.8,72.5,8.2,E,,,
LSPD,10.96,,20.09,61.9,23.42342385300644,23.007856769326285,11.172284054705013,,,True,79.3,74.4,94.7,A+,,,
LSRCY,51.42,,29.46,75.3,-4.83065087788167,25.003039424042363,1.3158817784698904,,,True,19.9,76.3,9.2,E,,,
LSTR,188.64,,17.43,73.7,7.800445390964295,15.90783372635849,4.063191949247709,,,True,54.0,66.1,28.0,E,,,
LTC,38.97,,9.37,45.7,0.8801481250404475,-1.1164648041026903,5.26036115694528,,,True,34.6,32.7,40.6,D,,,
LTH,44.31,,6.19,87.0,31.133475505448406,49.19192381579467,6.980666673495165,,,True,85.9,88.0,62.8,B-,,,
LTM,52.42,,25.56,51.9,9.826102391974256,-14.583674301303407,3.103420249474091,,,True,58.0,14.1,19.8,E,,,
LULU,119.56,,47.09,17.8,-1.3612758364872857,-32.014103514958634,8.308378553215837,,,True,26.3,3.3,77.3,B+,,,
LUNR,17.56,,62.44,29.8,-50.78475486002696,3.051640058347327,5.65067497375315,,,True,1.0,44.3,45.4,D+,,,
LUV,44.87,,18.58,70.5,13.85434897712452,-12.755203321242925,3.0258503008442332,,,True,65.0,15.8,19.3,E,,,
LVLU,15.45,,52.2,92.6,66.129030207152,6.404957364084973,5.223346654429548,,,True,95.6,50.5,40.6,D,,,
LVMUY,106.0,,30.7,23.2,-0.46948356807511304,-15.247461214804336,5.323812014498065,,,True,28.5,13.4,41.0,D,,,
LVS,45.77,,35.03,19.3,-10.814496380039607,-20.689654379200018,5.116314567526333,,,True,12.1,9.1,39.1,D,,,
LWAC,10.35,,0.0,41.5,1.6699417602916267,2.5768109509408665,5.033910797037201,,,True,39.2,42.9,38.6,D,,,
LWAY,24.7,,27.78,29.3,-9.3577953653598,14.883724478788164,1.1477511396935451,,,True,13.7,64.4,8.7,E,,,
LW,53.78,,19.82,72.6,29.46557241044023,7.046175914205555,12.636391709541979,,,True,85.0,51.7,97.1,A+,,,
LXFR,17.08,,12.19,75.4,10.765239453346664,9.69813695379611,2.5805202872088877,,,True,60.0,56.1,15.9,E,,,
LXP,60.75,,1.4,78.5,17.618586640851895,17.823894491854155,5.918899467952837,,,True,71.7,68.4,48.8,C-,,,
LYB,62.4,,25.66,45.0,-15.378354318037823,4.926856441699856,4.124185532842427,,,True,8.6,47.7,29.0,E,,,
LYEL,13.74,,69.47,15.6,-28.586279775893107,-43.549713347912224,4.571227883098791,,,True,2.9,1.3,33.8,D,,,
LYFT,17.13,,32.93,63.7,25.219292110866974,22.444597289253764,12.691651798062368,,,True,81.4,73.8,97.6,A+,,,
LYSDY,11.66,,27.94,34.0,-18.858733888163403,3.0035349978264403,3.2252353096254005,,,True,6.8,44.3,21.2,E,,,
LYTS,24.84,,9.21,70.9,4.413619809112612,11.290323264282653,5.4764532623273885,,,True,46.4,58.8,43.0,D,,,
LYV,186.06,,1.08,74.0,10.447582546951061,23.128844919987902,6.784512390497827,,,True,59.3,74.5,59.9,C+,,,
LZAGY,70.41,,4.66,60.9,15.882168543701614,7.283264678854562,7.207060643686338,,,True,68.9,52.1,65.2,B-,,,
LZB,41.72,,7.08,74.1,21.03278567073723,11.342410516955237,5.409701131819933,,,True,76.5,58.9,42.0,D,,,
L,112.72,,6.85,58.0,8.301307860014528,2.314605809842174,5.442029013774134,,,True,55.2,42.1,42.5,D,,,
MAAS,15.78,,36.63,94.0,59.39393669667869,158.265134745846,5.50271881124391,,,True,94.6,97.4,43.0,D,,,
MAA,134.2,,8.34,40.2,3.757535911738197,-1.3452937232653173,5.699247810686132,,,True,44.8,32.3,45.9,D+,,,
MACI,10.93,,3.91,40.7,0.9233645630119858,2.2450957363262525,5.0674142426431885,,,True,35.0,41.7,38.6,D,,,
MAC,24.65,,7.61,77.4,12.198450698817819,30.838639164173422,5.229799832250119,,,True,62.4,80.8,40.6,D,,,
MAGN,12.17,,21.59,55.6,16.23686796842354,-16.757865415226092,6.695206256418372,,,True,69.4,12.0,58.4,C+,,,
MAIN,59.23,,12.6,56.7,16.11448645802065,-3.8317916183855716,9.465290648979824,,,True,69.2,27.5,86.9,A,,,
MAIR,31.64,,28.9,,-25.552942612591913,,,,,True,4.0,,,,,,
MAMA,16.99,,19.1,82.8,24.286757652656643,10.900781795810467,3.665628282994712,,,True,80.3,58.0,24.6,E,,,
MAMK,13.0,,9.09,88.2,0.0,0.0,-0.607659973160569,,,True,30.3,34.7,3.9,E,,,
MANE,111.0,,15.42,,3.602763330540504,152.0435914906267,,,,True,44.5,97.3,,,,,
MANH,200.92,,8.97,84.7,60.019112909322494,40.80874494985305,15.917432779236002,,,True,94.7,85.2,99.0,A+,,,
MANU,23.32,,3.72,81.7,23.77919158611581,33.02909124257967,6.49824623046738,,,True,79.6,82.0,56.0,C,,,
MAN,59.09,,0.02,93.0,126.57208647464682,90.55143551302125,18.036706804763664,,,True,98.4,94.9,99.0,A+,,,
MAR,352.53,,14.22,56.9,0.6682083381298387,-1.7337982496733462,3.7326369661881103,,,True,33.4,31.4,25.1,E,,,
MASI,179.95,,0.02,67.2,2.54145535358139,28.747227588180557,6.2984151021993044,,,True,41.8,79.4,54.1,C,,,
MAS,74.58,,10.83,62.0,10.521638753785844,-2.4843072292695,6.057143881786103,,,True,59.5,30.3,50.7,C-,,,
MATW,23.15,,25.15,21.8,-16.69665484515914,-11.809525262741815,1.1236862809538994,,,True,8.0,16.6,8.2,E,,,
MATX,213.76,,7.36,86.0,17.63151799847895,31.326408126089532,4.310406438565913,,,True,71.7,81.0,30.9,D-,,,
MAT,14.88,,33.81,24.2,0.40485907180105585,-5.822784085816979,7.8498752943322785,,,True,32.2,24.0,72.9,B,,,
MAX,13.27,,9.73,83.7,56.67060752967734,73.01173999691879,10.775548857511572,,,True,94.2,92.6,93.2,A+,,,
MAYS,40.73,,34.3,37.7,-4.254820069966314,4.435896262144423,8.874384501873552,,,True,20.8,46.9,82.1,A-,,,
MAZE,27.67,,48.43,35.1,2.6149920437524177,-41.41253663628051,7.798647479538433,,,True,42.1,1.6,72.4,B,,,
MA,567.04,,5.77,61.7,15.571493972636507,5.503661300811924,9.834648733835367,,,True,68.3,48.9,89.3,A,,,
MBBC,15.09,,4.43,70.2,-2.3932719754987675,12.276786849612286,4.601307134025942,,,True,24.1,60.3,34.3,D,,,
MBGAF,52.53,,27.85,20.0,-11.625170290550347,-23.80330899434744,3.68799791991327,,,True,11.5,7.2,24.6,E,,,
MBIN,55.35,,2.67,84.7,22.781717999381314,18.878862702150112,7.290771606179991,,,True,78.5,69.7,66.2,B,,,
MBUU,29.16,,26.46,41.1,3.6247329332342204,-7.133758447732131,7.687785282135516,,,True,44.6,22.1,71.5,B,,,
MBVI,10.2,,2.86,,0.6910137614354994,0.990093307113904,,,,True,33.5,37.2,,,,,
MBWM,61.4,,1.59,78.4,21.34387653335752,14.275081939100897,7.440842873162206,,,True,76.9,63.6,68.6,B,,,
MBX,67.08,,7.65,94.0,78.8800048828125,91.65714808872767,10.440223816066322,,,True,96.7,95.0,92.2,A,,,
MCBS,36.34,,2.99,77.5,15.695638817535462,25.31034535375134,7.579273343862361,,,True,68.5,76.5,70.0,B,,,
MCB,94.4,,7.49,69.4,9.044705470577474,0.757819965715556,6.328354451538855,,,True,56.6,36.4,54.1,C,,,
MCD,272.25,,20.34,26.2,-1.2513601741022784,-15.766838897311342,6.207979885240695,,,True,26.7,12.9,52.6,C,,,
MCFT,24.67,,13.26,64.9,-0.8838888055687222,1.0237513361750272,3.509656086820761,,,True,27.5,37.3,23.2,E,,,
MCGA,10.28,,13.47,36.9,0.7843129921766057,1.3806645454467636,7.856074002598165,,,True,34.0,38.3,72.9,B,,,
MCHB,17.12,,1.5,76.4,20.056106866994373,11.313399474859542,8.958007331670094,,,True,75.1,58.8,83.1,A-,,,
MCHP,77.69,,26.65,35.3,-19.66704328259099,-3.7894706607972117,0.481028629432914,,,True,6.4,27.6,6.3,E,,,
MCI,16.73,,27.26,23.9,-2.0491830079840123,-18.030379508886195,4.983261552674417,,,True,24.7,10.9,37.7,D,,,
MCK,856.69,,14.25,62.1,16.211780357769644,-10.123899491034717,5.978816276620501,,,True,69.4,18.2,49.7,C-,,,
MCO,488.42,,10.69,50.1,11.430008538906367,18.482403858946306,8.259099239714391,,,True,61.1,69.2,76.8,B+,,,
MCRI,122.79,,9.67,71.1,5.725848902641073,27.401951562074434,3.8506350460869214,,,True,49.5,78.3,26.1,E,,,
MCS,30.14,,7.03,91.5,75.43655058002582,86.97270092834017,12.918976736250016,,,True,96.4,94.6,97.6,A+,,,
MCTA,29.35,,7.4,,0.0,0.0,,,,True,30.3,34.7,,,,,
MCY,104.92,,7.2,69.2,5.373102509737193,12.249917801375098,1.999008453384275,,,True,48.3,60.2,12.6,E,,,
MC,70.38,,10.02,57.5,9.848598803524222,1.8966226341653014,6.474253018102397,,,True,58.1,40.2,56.0,C,,,
MDA,34.81,,29.49,,-9.112266144361891,,,,,True,14.1,,,,,,
MDB,472.29,,0.01,88.9,55.87128994881909,29.586239517346733,19.15348296279085,,,True,94.0,80.1,99.0,A+,,,
MDGL,507.37,,17.5,41.3,-2.216355711991924,5.482327467190751,6.307013141738777,,,True,24.4,48.8,54.1,C,,,
MDLN,35.58,,30.07,,-8.085759047908303,-21.00354993823138,,,,True,15.4,8.9,,,,,
MDLZ,63.53,,4.68,56.4,3.267228184812865,3.3512262555667416,8.243560914314887,,,True,43.7,44.9,76.3,B+,,,
MDRR,11.46,,21.1,34.0,2.7533612443727096,3.871258193540883,4.45496594273221,,,True,42.4,46.0,32.4,D-,,,
MDT,90.58,,14.81,54.0,18.85579560563535,-10.38780982285844,10.569124696122945,,,True,73.5,17.8,92.7,A+,,,
MDU,20.29,,11.71,31.9,-10.300614873884427,-1.120853238170838,4.085230841511306,,,True,12.7,32.7,28.5,E,,,
MDV,18.05,,4.77,67.0,1.5756850706839964,21.22229171968131,6.442445352261618,,,True,38.9,72.3,55.5,C,,,
MDWD,13.53,,33.35,17.6,-16.738463181715744,-21.565218939297438,2.2351670827193857,,,True,7.9,8.2,13.5,E,,,
MD,26.37,,5.62,76.8,9.96664236544369,22.822546992237534,8.994534663223286,,,True,58.3,74.3,83.1,A-,,,
MEC,23.4,,39.63,57.4,-8.771931311772807,8.133085113356152,-1.8841897440357371,,,True,14.5,53.8,1.9,E,,,
MEDP,581.95,,14.15,77.5,37.33009538583898,37.27502469913222,8.980782656331444,,,True,89.3,83.8,83.1,A-,,,
MEGI,15.17,,4.53,43.0,0.596817482055334,0.7973426996275457,4.489707650615182,,,True,33.1,36.7,32.8,D-,,,
MEG,15.31,,52.16,12.8,-25.280624694973152,-38.88223552894211,-1.2212471774135718,,,True,4.1,2.0,2.9,E,,,
MEI,16.72,,17.96,91.4,20.54794025489901,88.50055595664593,8.172029509935626,,,True,75.9,94.9,75.8,B+,,,
MELI,1828.25,,28.26,37.0,17.04545454545454,-9.410958912933488,9.15627541176206,,,True,70.8,19.0,84.5,A,,,
MEOH,54.21,,18.79,61.0,-14.683665274673185,10.048719213302192,5.340853820551697,,,True,9.1,56.6,41.5,D,,,
MESH,10.04,,0.1,,0.8032120823258326,1.209676256413017,,,,True,34.3,37.9,,,,,
MESO,16.49,,23.3,51.8,11.94840306258087,-9.890711633234083,7.965916250652318,,,True,62.0,18.4,73.9,B,,,
META,594.97,,25.28,26.0,-3.512646043312029,-11.02454490075746,6.042155655510088,,,True,22.1,17.4,50.7,C-,,,
METC,10.53,,81.78,12.1,-31.221425650090197,-38.74345705077842,3.5512015388135207,,,True,2.1,2.0,23.7,E,,,
MET,97.47,,3.43,79.2,24.83350566176117,23.551782508179908,7.966222581527395,,,True,80.9,75.0,73.9,B,,,
MFC,43.92,,3.11,75.7,10.213295279662017,15.914484478609946,6.798632207133524,,,True,58.7,66.1,59.9,C+,,,
MFG,10.99,,0.63,83.8,23.622044669495644,8.919720229119577,4.3425208605575225,,,True,79.5,54.6,31.4,D-,,,
MGA,69.97,,2.77,78.8,12.095484172866255,21.097267602463,6.927374749757561,,,True,62.2,72.1,61.8,B-,,,
MGDDY,20.08,,1.95,65.0,8.36480938814872,-1.4720277203841725,7.75344178939873,,,True,55.4,32.0,72.0,B,,,
MGEE,81.0,,7.97,43.8,8.144192256341775,1.3767209011263937,7.074760509948332,,,True,54.8,38.3,64.2,B-,,,
MGM,44.07,,14.58,74.4,17.80272572794499,21.20461962272888,4.789867345078779,,,True,72.1,72.2,35.7,D,,,
MGNI,24.58,,7.77,90.6,90.3950420116658,108.30508409920382,12.393248962395967,,,True,97.6,96.0,97.1,A+,,,
MGPI,18.15,,40.69,21.6,0.27624098635510297,-30.61926751326348,6.860531655929506,,,True,31.7,3.8,60.8,B-,,,
MGRC,120.48,,5.64,57.9,5.508366194004366,4.185405877666537,7.421161959165007,,,True,48.7,46.6,68.1,B,,,
MGRT,99.0,,41.76,97.7,-30.379745341320984,1603.958708692134,3.315684374651603,,,True,2.3,98.9,21.7,E,,,
MGTX,12.67,,17.46,85.2,27.081244496428724,69.83914311385986,9.122932401906164,,,True,82.8,92.1,84.0,A-,,,
MGYR,19.44,,2.8,67.4,11.340209244316245,8.000002966986752,10.288391830835776,,,True,60.9,53.5,91.3,A,,,
MGY,25.86,,21.06,33.1,-9.54879114952234,-4.0801164304467346,4.877116589736401,,,True,13.5,27.0,36.7,D,,,
MG,18.34,,6.62,81.3,6.752038140790972,28.611501771303583,7.258820273387003,,,True,52.1,79.2,65.7,B-,,,
MHD,11.7,,3.15,37.3,0.25706777433707195,-1.630212498326955e-06,6.199539478528022,,,True,31.6,34.6,52.6,C,,,
MHK,139.12,,2.8,82.3,42.07515841216043,3.1282395234896176,13.692319109021685,,,True,91.3,44.5,98.0,A+,,,
MHO,154.26,,5.74,72.9,21.38809766039971,6.1008284660815315,6.853680013904902,,,True,76.9,49.8,60.4,C+,,,
MH,13.57,,24.61,64.2,17.38753635161343,9.967581256296643,16.874719801528755,,,True,71.3,56.6,99.0,A+,,,
MIAX,43.9,,23.17,32.4,-20.485415225762228,6.760706873069755,4.573680034091318,,,True,5.9,51.2,33.8,D,,,
MICC,20.09,,0.07,,36.11111003424312,1.1071932766107517,,,,True,88.7,37.6,,,,,
MIDD,117.02,,21.23,36.6,-1.3524238768394037,-11.247901680187244,4.351642720801422,,,True,26.4,17.2,31.4,D-,,,
MIELY,76.29,,11.29,68.2,-6.963413517649586,-0.02620448657602026,7.463220530602875,,,True,16.7,34.5,68.6,B,,,
MIRM,98.77,,24.02,55.5,-9.518141587517025,-1.1113369612871349,2.660539813105114,,,True,13.5,32.7,16.4,E,,,
MIR,15.6,,48.48,15.9,-16.309010829025073,-25.890734529835036,5.962149934929636,,,True,8.2,5.8,49.3,C-,,,
MITK,18.91,,10.17,88.0,36.14110761275817,69.44444307716944,5.74400482603295,,,True,88.7,92.0,46.4,D+,,,
MITSY,617.25,,26.12,30.6,-20.436967038890906,-14.862068965517238,5.800381520111525,,,True,6.0,13.8,46.8,C-,,,
MIY,12.49,,3.18,51.5,4.694046698391996,0.7258046057916356,4.9766448674544606,,,True,46.9,36.3,37.7,D,,,
MKC,54.45,,24.98,35.1,19.40789640995493,-22.79880793571607,10.051316194068495,,,True,74.4,7.5,90.8,A,,,
MKDW,11.69,,9.66,92.2,64.41630914744445,481.5920189245424,7.5395959692100565,,,True,95.4,98.7,69.5,B,,,
MKLY,10.22,,0.29,,0.7889538559900933,1.9960059893028514,,,,True,34.1,40.5,,,,,
MKSI,306.29,,31.57,85.4,-3.472941746266467,18.23586510130162,-2.1085123951227676,,,True,22.2,69.0,1.9,E,,,
MKTAY,34.25,,16.87,35.4,-5.93243574969593,-14.90683229813664,4.939743737631515,,,True,18.2,13.7,37.2,D,,,
MKTW,19.03,,16.64,63.1,4.445667874014858,23.171525479906197,7.572250540066539,,,True,46.5,74.6,70.0,B,,,
MKTX,162.6,,17.03,55.6,16.743255387360435,-9.045138388143636,10.77547541513342,,,True,70.3,19.6,93.2,A+,,,
MLAB,113.2,,2.01,81.3,12.3127264096063,24.081987228151025,10.086592652094899,,,True,62.7,75.5,90.8,A,,,
MLI,66.62,,6.33,64.9,-4.521672882003546,10.508422902184677,2.949724320424222,,,True,20.2,57.3,18.4,E,,,
MLKN,23.73,,3.97,86.4,61.20923602062722,4.216071770910523,9.836353986100066,,,True,94.8,46.7,89.3,A,,,
MLM,544.76,,23.38,24.0,-5.553145899612499,-17.66643848475402,3.4115577023533277,,,True,18.8,11.3,22.7,E,,,
MLPB,30.69,,0.7,64.6,3.4373533872771533,10.60502412216,5.078830278678742,,,True,44.2,57.6,38.6,D,,,
MLPR,75.88,,2.58,69.8,3.259039890680504,13.72840435061866,2.3841049331471664,,,True,43.7,62.8,14.5,E,,,
MLP,15.59,,23.35,31.3,2.836412616015105,-7.532620684532077,2.648837582221514,,,True,42.8,21.5,16.4,E,,,
MLR,56.36,,2.42,81.3,20.017037074854272,26.594790229900166,10.964926537875535,,,True,75.1,77.6,93.7,A+,,,
MLTX,16.5,,73.71,25.2,-10.374796306355238,4.496516782773918,1.4401921984580248,,,True,12.6,47.1,9.7,E,,,
MLYS,26.09,,45.25,29.6,-2.8667157386899067,-12.390865840873444,7.179488130676466,,,True,23.3,16.1,65.2,B-,,,
MMD,15.08,,4.68,35.7,-0.6587620309219,-4.010185081438234,2.748857949818815,,,True,28.2,27.1,16.9,E,,,
MMED,20.02,,4.12,,79.06976664835521,,,,,True,96.7,,,,,,
MMI,31.77,,5.5,63.3,7.841142083379737,21.63093590261742,7.233564759850589,,,True,54.2,72.9,65.7,B-,,,
MMM,182.65,,1.22,75.0,24.16722902548225,5.669652239794254,8.255892092638204,,,True,80.2,49.2,76.8,B+,,,
MMSI,90.5,,4.49,80.2,44.52251676780581,11.329806864312953,16.117960022796545,,,True,92.0,58.8,99.0,A+,,,
MMS,56.06,,43.94,17.7,-5.68640414991417,-26.02269546939692,7.449828429353161,,,True,18.4,5.7,68.6,B,,,
MMTX,10.12,,0.39,,0.5464511422631046,1.1999988555908114,,,,True,32.8,37.8,,,,,
MMU,10.22,,4.58,35.3,0.19608104930204373,-3.9473659113833826,3.938545609189818,,,True,31.2,27.3,27.0,E,,,
MMYT,60.74,,41.84,62.8,40.830052581652666,2.22147707584448,12.073302351188712,,,True,90.8,41.7,96.6,A+,,,
MNDY,94.29,,57.3,39.5,39.27621996385131,29.005337139865016,17.234265913837973,,,True,90.1,79.8,99.0,A+,,,
MNPR,110.41,,11.54,91.6,79.70378200213115,85.90672446894996,10.554101999683816,,,True,96.8,94.5,92.7,A+,,,
MNRO,11.27,,52.86,12.8,-29.030223817609123,-51.35951464064017,-3.4316523064639224,,,True,2.8,1.0,1.0,E,,,
MNR,12.98,,13.58,33.1,-8.333336566127624,-0.38373336733439345,4.215722891374757,,,True,15.0,33.9,29.9,D-,,,
MNSB,25.18,,0.43,72.8,12.210340040890276,12.210340040890276,13.201534461022469,,,True,62.4,60.2,98.0,A+,,,
MNSO,11.81,,55.83,14.3,-20.63171761010283,-39.80631794283028,3.990594494705082,,,True,5.9,1.9,27.5,E,,,
MNST,46.68,,50.97,73.1,8.646573116244083,15.55885574004041,4.850518146470458,,,True,55.7,65.6,36.2,D,,,
MNTN,12.28,,47.61,77.8,56.23409329479887,10.134526753104844,17.743270249343112,,,True,94.1,56.7,99.0,A+,,,
MOBI,11.68,,23.61,,-3.550779221239453,,,,,True,22.0,,,,,,
MOD,203.51,,37.04,31.8,-27.109600821333835,-7.284740543582712,-1.3454901673410724,,,True,3.3,21.9,2.4,E,,,
MOG-A,427.16,,1.53,88.6,38.73786211377745,32.790351797472454,7.015275818737807,,,True,89.8,81.9,63.3,B-,,,
MOH,205.71,,16.0,74.8,7.157371836155235,67.72116324000585,5.259999354338307,,,True,52.7,91.8,40.6,D,,,
MONRY,56.28,,21.19,25.7,-6.608029463188014,-8.61439080493377,1.4224176190351105,,,True,17.2,19.9,9.7,E,,,
MORN,206.89,,22.24,67.4,24.46757272870199,33.17669738632021,12.376321551249587,,,True,80.5,82.1,97.1,A+,,,
MOS,21.78,,41.12,21.6,-4.389812613496458,-30.05780126318077,6.194312296527777,,,True,20.5,4.0,52.6,C,,,
MOVE,11.15,,58.27,38.1,-42.077924059583,11.66414247474059,-8.73009190105488,,,True,1.0,59.2,1.0,E,,,
MOV,35.83,,11.53,87.5,32.409467224887976,45.53209517081513,3.613398743756644,,,True,86.8,86.9,24.1,E,,,
MO,65.08,,15.55,31.5,-9.029910775713335,-1.2742690669680146,1.8345970171458017,,,True,14.3,32.5,11.6,E,,,
MPAA,12.39,,31.62,38.6,10.723863657933453,23.52941518766456,2.4324442218248414,,,True,59.9,75.0,15.0,E,,,
MPA,11.18,,5.81,34.8,-1.8437198843215041,-1.9298218844229775,2.1247688304714245,,,True,25.3,31.1,13.0,E,,,
MPB,38.34,,2.07,78.4,22.727273215710287,14.89361747853728,9.299011640011448,,,True,78.5,64.4,85.5,A,,,
MPC,356.37,,0.23,90.1,43.06876836371893,70.80617097257837,11.956695108639668,,,True,91.7,92.3,96.6,A+,,,
MPLT,11.58,,71.36,,-62.24323477372048,-34.833991978617085,,,,True,1.0,2.5,,,,,
MPLX,58.82,,3.49,59.8,7.316182621463629,5.60143571781726,5.953772446286618,,,True,53.0,49.1,49.3,C-,,,
MPTI,84.47,,19.44,83.0,14.025379617579814,32.62678791129397,2.54879298947821,,,True,65.3,81.8,15.5,E,,,
MPV,16.16,,23.05,24.1,-4.322084976837726,-15.170604475526982,4.31103964417874,,,True,20.7,13.5,30.9,D-,,,
MPWR,1362.55,,20.51,64.7,-17.438722160261456,13.856095261932522,1.3124941540793227,,,True,7.5,63.0,9.2,E,,,
MP,55.66,,44.48,24.5,-12.662796410776533,-8.121492493542238,7.702265667330768,,,True,10.6,20.6,71.5,B,,,
MQBKY,182.92,,3.88,74.3,6.696217664522397,16.058624110513087,7.737778843174752,,,True,51.9,66.3,72.0,B,,,
MQY,11.36,,4.86,35.6,-0.1757499413247321,-3.0716752843238493,5.355222456185061,,,True,29.6,29.0,41.5,D,,,
MQ,16.47,,37.14,28.3,6.121129596356267,-0.7831366665392081,9.182475099820296,,,True,50.4,33.2,84.5,A,,,
MRAAY,26.51,,31.53,91.7,36.64948840287765,143.88224938346755,4.512889521731021,,,True,88.9,97.2,32.8,D-,,,
MRAM,16.83,,67.32,69.8,-59.40665720283151,51.62162093428879,-0.3161598174996989,,,True,1.0,88.9,4.3,E,,,
MRBK,20.11,,7.2,72.6,15.70771352331164,0.1494054300376746,6.85287856242287,,,True,68.5,35.0,60.4,C+,,,
MRCY,109.79,,14.53,82.0,18.691892881651185,36.67372204099011,5.4669493930653665,,,True,73.4,83.5,43.0,D,,,
MRDN,14.08,,25.27,82.7,29.769584550286222,85.0683481033919,9.168375501558014,,,True,85.2,94.5,84.5,A,,,
MRK,135.55,,0.1,80.8,19.479949803224162,13.611602591365202,7.196000378606907,,,True,74.5,62.5,65.2,B-,,,
MRNA,63.65,,25.64,88.4,26.23959049162814,57.1217021127596,4.205277263416417,,,True,82.2,90.3,29.9,D-,,,
MRP,30.24,,16.0,47.7,13.385825589095024,-5.025126802141933,7.439130791316812,,,True,64.3,25.4,68.6,B,,,
MRSH,188.69,,11.74,61.7,18.5685575225627,9.06936557306719,9.828405885044694,,,True,73.1,54.8,89.3,A,,,
MRTN,15.23,,17.59,68.0,1.5333302815755179,11.16787987033816,2.005991870672057,,,True,38.7,58.5,12.6,E,,,
MRVL,222.18,,32.65,91.1,24.85529231569612,173.1497328199917,2.248091430926282,,,True,81.0,97.7,13.5,E,,,
MRX,72.36,,4.03,89.1,24.22317701347907,78.93175225111663,7.038476466475429,,,True,80.3,93.8,63.7,B-,,,
MSADY,30.34,,3.35,74.8,8.473367527405774,10.851294199074935,5.901006125312255,,,True,55.5,58.0,48.3,C-,,,
MSA,189.77,,9.17,66.6,10.0243531264268,-3.5525491601641868,8.59219871531619,,,True,58.4,28.1,80.2,B+,,,
MSBI,33.63,,4.19,87.5,26.096741912693044,43.90244359484481,6.287406699709033,,,True,82.1,86.4,53.6,C,,,
MSB,23.28,,45.07,15.6,-22.73481351926483,-32.502172552492006,4.674047249370011,,,True,4.9,3.1,34.8,D,,,
MSCI,575.24,,10.78,37.5,0.7584365722049125,12.386681430598445,5.463717786074897,,,True,33.9,60.5,43.0,D,,,
MSDL,15.57,,14.31,34.1,2.9761884578321407,-2.504698216504586,6.557857055460786,,,True,43.0,30.2,57.0,C,,,
MSEX,58.87,,5.32,67.5,13.146259719171184,13.846449297785268,6.044430466753321,,,True,64.0,63.0,50.7,C-,,,
MSFT,496.88,,10.27,72.2,22.62283874603601,22.877563835797044,12.330884274664921,,,True,78.3,74.3,97.1,A+,,,
MSGE,84.29,,6.77,87.4,27.287829833173284,42.47802724058036,5.288795034886178,,,True,83.1,85.9,41.0,D,,,
MSGS,412.98,,5.91,86.1,18.604253585964425,47.15650334461521,3.817748538628276,,,True,73.2,87.4,26.1,E,,,
MSIF,12.43,,15.61,34.7,1.8018039831406707,-3.643405637620012,10.360576570960784,,,True,39.7,27.8,91.8,A,,,
MSI,465.04,,5.78,69.7,16.876525809877574,10.42671112125042,6.687148670773493,,,True,70.5,57.1,58.0,C+,,,
MSM,121.29,,7.03,78.7,13.60996713706195,27.673685174239317,5.4513819506263825,,,True,64.6,78.5,42.5,D,,,
MSTR,97.1,,75.83,11.1,-45.45863142497271,-22.979298426175067,6.253645566265687,,,True,1.0,7.5,53.6,C,,,
MS,218.38,,5.97,76.9,12.665740536971825,23.60199506611529,6.088100849850393,,,True,63.3,75.1,51.2,C,,,
MTAL,10.2,,20.28,28.9,1.2909613631095995,-15.841585732135833,6.3598822686049274,,,True,37.3,12.8,54.6,C,,,
MTB,253.25,,0.95,78.5,24.09349274794197,7.894512610770277,8.735870013790967,,,True,80.0,53.3,81.1,A-,,,
MTCH,37.28,,9.95,56.3,3.3545849162652575,18.726110762091963,9.02772991674385,,,True,44.0,69.6,83.5,A-,,,
MTDR,51.6,,22.8,39.0,-9.963359842748055,6.36981751004142,6.474664862669529,,,True,13.0,50.4,56.0,C,,,
MTG,30.84,,3.29,71.4,19.627618900651235,12.719298803318324,8.49511235835622,,,True,74.7,60.9,79.2,B+,,,
MTH,73.62,,13.77,61.1,19.64895619467257,-5.675845295859016,5.691983863620588,,,True,74.7,24.4,45.9,D+,,,
MTN,145.42,,12.13,60.6,20.80079595360136,3.908537455480765,7.788354124377225,,,True,76.2,46.1,72.0,B,,,
MTRN,282.36,,7.3,90.8,33.78819490716063,79.7212051120632,3.745052383791122,,,True,87.5,94.0,25.1,E,,,
MTRX,11.66,,26.99,27.3,-1.1864419710838292,0.257952256338001,4.80551266657284,,,True,26.9,35.3,35.7,D,,,
MTSI,307.06,,26.7,80.8,-19.522998936287838,29.593989009282406,1.456267124320802,,,True,6.5,80.1,9.7,E,,,
MTUL,57.57,,22.62,79.7,0.6820819081762908,47.936477343519115,7.457833561310558,,,True,33.5,87.7,68.6,B,,,
MTUS,21.51,,4.74,77.6,19.966537807483743,1.0640717640342245e-06,6.857011946233154,,,True,75.0,34.8,60.4,C+,,,
MTW,20.87,,0.24,91.4,64.7198171999479,40.067119726398644,14.759151335849884,,,True,95.5,85.0,98.5,A+,,,
MTX,72.76,,13.73,42.8,-12.1680321870709,-1.887807259667651,4.558684135389541,,,True,11.0,31.1,33.8,D,,,
MTZ,286.11,,35.19,30.2,-32.48779221983471,7.970106551780254,-1.77858587677835,,,True,1.8,53.4,2.4,E,,,
MT,73.21,,3.24,85.4,13.556691615437666,9.842459241519364,7.713640299550797,,,True,64.5,56.4,71.5,B,,,
MUA,10.34,,12.3,29.7,-4.170526852753554,-7.925198997436422,4.791210486508989,,,True,21.0,20.9,35.7,D,,,
MUC,10.86,,2.69,39.0,0.4625315141280728,0.835651408330973,5.790170757372959,,,True,32.3,36.8,46.8,C-,,,
MUFG,23.1,,0.65,82.5,24.126815590917406,17.737005002394124,3.9502534119970116,,,True,80.1,68.3,27.0,E,,,
MUJ,12.42,,2.05,43.9,0.32310239332749013,0.6482988354452601,5.116255365459022,,,True,31.9,36.2,39.1,D,,,
MURGY,11.77,,13.96,36.1,9.386619027858467,-7.103390790140618,5.5737690841896015,,,True,57.2,22.1,43.9,D+,,,
MUR,34.79,,19.73,45.4,-9.542379314801497,1.6063110850681683,4.287428140564803,,,True,13.5,39.1,30.4,D-,,,
MUSA,563.16,,11.46,73.7,-4.327001147659604,47.84205952549912,3.3060419441048854,,,True,20.7,87.6,21.7,E,,,
MUX,18.58,,37.44,27.7,-28.317901528911825,-31.96631298533118,5.379865696640946,,,True,3.0,3.3,41.5,D,,,
MU,949.83,,24.32,94.7,18.192453876764645,131.47390385773843,1.4356024333782598,,,True,72.7,97.0,9.7,E,,,
MVBF,30.6,,4.35,74.4,19.43794059902313,7.784432481400927,6.9893430505016045,,,True,74.4,53.1,62.8,B-,,,
MVRL,13.3,,21.79,26.5,-3.1964462189169596,-13.780803655681284,6.011890147931666,,,True,22.8,14.8,49.7,C-,,,
MWA,25.51,,17.71,34.1,0.2751581323971575,-13.349184005156811,3.395672026204471,,,True,31.7,15.3,22.2,E,,,
MWH,32.73,,32.38,,-30.019244768249187,,,,,True,2.4,,,,,,
MXE,13.4,,6.29,45.3,-4.0114640506427435,-4.285717010498047,5.762692154672173,,,True,21.2,26.5,46.4,D+,,,
MXF,21.4,,6.96,41.1,-3.386006236883632,-5.72687392717941,1.106146478003284,,,True,22.3,24.3,8.2,E,,,
MXL,76.65,,40.26,93.7,-12.629657442290087,295.1031006488604,0.8076726247822674,,,True,10.7,98.5,7.2,E,,,
MYE,33.19,,11.38,89.2,45.826004511023655,48.169636726379395,4.3218604037035195,,,True,92.2,87.8,30.9,D-,,,
MYFW,31.6,,8.03,75.8,10.60553161172464,23.43750149011612,6.788912244884047,,,True,59.7,74.9,59.9,C+,,,
MYI,10.88,,5.06,36.1,-0.18348518861543983,-2.6833621248576134,2.321123493008111,,,True,29.5,29.7,14.5,E,,,
MYRG,327.28,,35.01,44.0,-30.06389324544375,20.887969112878825,-4.562131241046885,,,True,2.4,71.9,1.0,E,,,
MZTI,117.42,,38.51,20.9,2.774615465160002,-24.778989001316265,10.163307005399858,,,True,42.6,6.4,90.8,A,,,
M,23.84,,10.34,80.2,29.354314447031427,9.71007893505702,6.601828396622398,,,True,84.9,56.1,57.5,C,,,
NABZY,14.51,,19.97,45.5,5.527274391867887,-10.981589521236746,5.638402787472787,,,True,48.8,17.5,44.9,D+,,,
NAC,11.98,,2.2,38.7,0.16722025281210584,0.5877375502630455,1.9986054381241427,,,True,31.0,35.9,12.6,E,,,
NAD,11.87,,3.57,36.8,-9.641189291365038e-07,-2.7846037218748454,4.313718511302156,,,True,30.1,29.6,30.9,D-,,,
NAMS,26.67,,36.81,16.7,-29.35099317538028,-22.108644636991993,0.9118513821557546,,,True,2.7,8.0,7.7,E,,,
NAN,11.35,,3.81,34.9,-1.4756911330752853,-1.8166056966286703,5.902425371801327,,,True,25.9,31.3,48.3,C-,,,
NATH,96.8,,14.98,29.9,-4.36672292851431,-4.053917086175229,0.9861797987977994,,,True,20.6,27.1,7.7,E,,,
NATKY,73.0,,21.47,,-2.6666666666666616,-11.525877942081141,,,,True,23.6,17.0,,,,,
NATL,46.98,,3.13,68.0,5.053666239347776,13.89090798117898,8.941903924275227,,,True,47.8,63.1,83.1,A-,,,
NATR,15.3,,45.63,14.0,-31.482309938491426,-41.46901227721934,-1.8760116967322151,,,True,2.0,1.6,1.9,E,,,
NAVN,29.71,,0.93,,64.41615709037603,178.70543630153284,,,,True,95.4,97.8,,,,,
NAZ,12.43,,7.38,37.6,-2.4332786092952863,3.067995896979947,3.401920590299044,,,True,24.1,44.4,22.2,E,,,
NBBK,22.89,,2.47,72.1,16.075047614850103,5.972219396520528,8.721506697259201,,,True,69.2,49.6,81.1,A-,,,
NBB,15.52,,6.62,32.3,-2.5125599386704,-3.4825842178876076,5.540552278181462,,,True,23.9,28.1,43.5,D+,,,
NBHC,43.5,,7.99,59.9,6.409001956947158,4.743558873103781,6.174728837397602,,,True,51.1,47.4,52.2,C,,,
NBH,10.26,,4.29,35.7,-1.2512008769794525,-3.207545010548718,3.0296319542569794,,,True,26.7,28.8,19.3,E,,,
NBIS,255.04,,14.95,92.4,23.04722730206401,187.8230352436524,6.735466108870659,,,True,78.9,97.8,58.9,C+,,,
NBIX,150.82,,18.97,37.8,-6.50879784018178,9.735162488517712,1.9737224059132323,,,True,17.4,56.2,12.1,E,,,
NBN,136.15,,0.38,86.8,39.813097038903656,34.97570526071614,11.7211350208683,,,True,90.3,82.6,96.1,A+,,,
NBR,91.35,,19.09,83.6,-9.86679972953024,28.879794686965443,5.31986046165304,,,True,13.2,79.6,41.0,D,,,
NBTB,53.57,,1.71,77.6,20.27391040598163,18.177806518473894,8.065114666876402,,,True,75.4,68.9,74.9,B,,,
NBTX,38.17,,33.2,88.3,-26.652578460904476,58.25040700226083,4.448466992323979,,,True,3.5,90.5,32.4,D-,,,
NBXG,15.79,,9.41,53.0,1.4129734223058854,16.789940546250204,8.029940287096316,,,True,38.1,67.0,74.4,B,,,
NCDL,12.61,,22.97,25.3,-4.6142234744535155,-10.883394652457623,5.865693378315472,,,True,20.1,17.6,47.8,C-,,,
NCEW,16.79,,19.41,91.4,11.933339436848955,141.58275361596947,-6.848244598775743,,,True,62.0,97.1,1.0,E,,,
NCI,12.02,,89.12,32.5,39.12037566856101,-43.08711904467959,6.31588107955187,,,True,89.9,1.4,54.1,C,,,
NCLH,19.55,,28.07,44.5,21.731003966753093,-14.814818139169727,6.801945695412581,,,True,77.4,13.8,59.9,C+,,,
NCNO,20.66,,39.09,65.4,34.76842692375806,17.453097483866454,15.062247699440316,,,True,88.0,67.9,98.5,A+,,,
NCSM,50.46,,42.24,74.3,20.05709989167894,28.396944235299394,9.082720099905373,,,True,75.1,79.0,83.5,A-,,,
NCV,17.28,,2.1,55.1,-0.2885130603259678,3.5971264187380614,8.133325286704855,,,True,29.1,45.5,75.8,B+,,,
NCZ,16.09,,0.49,62.8,2.6802817650790622,7.841824079007309,8.416626155847194,,,True,42.1,53.2,78.7,B+,,,
NC,41.91,,29.47,21.6,-13.995485640443029,-22.085889854225492,2.387694337911272,,,True,9.6,8.0,14.5,E,,,
NDAQ,97.59,,4.13,61.8,8.180907147645078,21.350405791955506,7.925334030003811,,,True,54.9,72.4,73.4,B,,,
NDEKY,22.37,,15.52,53.2,14.776814273661776,-6.479929900153647,8.36458847701475,,,True,66.8,22.9,78.2,B+,,,
NDLS,16.84,,11.37,92.7,32.28593992606355,329.59184062724216,9.000261230737426,,,True,86.7,98.6,83.1,A-,,,
NDMO,10.05,,7.12,31.9,-2.9922729364434075,-3.919692599587621,1.8106389888648753,,,True,23.0,27.4,11.6,E,,,
NDSN,309.99,,1.8,74.8,11.135406816898508,5.270482641482999,5.98000930345622,,,True,60.6,48.4,49.7,C-,,,
NEA,11.42,,4.03,35.3,-1.2110720043776446,-3.05602651702932,5.457470418804908,,,True,26.8,29.0,43.0,D,,,
NECB,26.95,,6.88,72.8,14.098225075950266,10.81414787392867,4.110532201765294,,,True,65.5,57.9,28.5,E,,,
NEE,86.01,,12.9,31.8,-9.319976661855067,-5.855952127593622,5.088729647073633,,,True,13.8,23.9,39.1,D,,,
NEGG,18.93,,86.27,10.6,-18.65062180844099,-63.497878316282716,10.243021509404803,,,True,6.8,1.0,91.3,A,,,
NEM,114.19,,15.34,68.3,-4.009749124574435,-8.354733193092889,7.43568340457837,,,True,21.2,20.3,68.6,B,,,
NEN,56.0,,23.81,23.3,-4.175222450376448,-13.846153846153841,0.059910689048604304,,,True,20.9,14.7,5.3,E,,,
NEOG,11.89,,7.47,87.7,36.823939508892465,10.60465435649074,7.720709625509074,,,True,89.0,57.6,71.5,B,,,
NEO,16.39,,3.13,91.7,98.42614273182129,43.14409947291213,9.37438235637763,,,True,97.9,86.2,86.0,A,,,
NESR,35.9,,2.37,93.3,34.50730913275526,67.83544904284801,8.552883698075886,,,True,87.9,91.8,79.7,B+,,,
NET,330.83,,0.42,89.9,71.75266668687863,74.66342145201712,12.504281418445625,,,True,96.2,92.9,97.1,A+,,,
NEU,947.71,,1.07,83.9,37.21007991496397,35.82177567826419,12.241388692233569,,,True,89.2,83.1,96.6,A+,,,
NEWT,13.07,,16.7,48.1,1.7912748818085689,-2.023990293671518,1.5938695573863306,,,True,39.7,30.8,10.1,E,,,
NEXA,14.33,,15.16,86.8,-2.979012026363881,15.751211015396226,6.856721201395103,,,True,23.1,65.9,60.4,C+,,,
NEXN,10.74,,4.96,85.9,41.13008897658559,75.4901923385321,13.36357704088087,,,True,90.9,93.1,98.0,A+,,,
NEXOY,19.5,,32.34,49.8,17.187504298412048,-20.310582152906388,14.21586867753428,,,True,71.0,9.5,98.5,A+,,,
NE,44.29,,19.44,65.7,-13.563620383436103,0.522017511410211,7.849033615985677,,,True,10.0,35.8,72.9,B,,,
NFBK,15.31,,1.89,77.0,9.827833572453383,28.763666947014286,5.2321312313926285,,,True,58.0,79.5,40.6,D,,,
NFG,81.51,,16.02,33.8,1.0538087481161362,-4.1735220594516065,8.72742821100912,,,True,35.8,26.7,81.1,A-,,,
NFJ,15.66,,0.19,69.8,7.554944006951292,14.473683095117762,8.32279497907872,,,True,53.5,63.9,77.3,B+,,,
NFLX,78.24,,38.25,19.8,-10.644132179340415,-1.7332355390988097,9.896115975938898,,,True,12.4,31.4,89.8,A,,,
NGG,81.2,,14.2,33.6,-6.645209303009681,-10.41483125745566,3.1429960846337526,,,True,17.1,17.8,20.3,E,,,
NGLOY,26.39,,9.0,74.2,-5.242373327911032,3.9385585822727665,3.378069876259504,,,True,19.4,46.1,22.2,E,,,
NGL,17.1,,9.04,88.0,1.7857165563674116,49.21466301457003,7.495277110379616,,,True,39.6,88.0,69.1,B,,,
NGNE,35.63,,18.39,84.0,9.227471085577065,110.95323308534772,11.359257039663357,,,True,56.9,96.1,95.1,A+,,,
NGS,36.74,,17.64,43.9,-12.105259142423929,-0.7026981663059595,1.8631950640913608,,,True,11.1,33.4,11.6,E,,,
NGVC,28.02,,32.61,29.2,-0.24919737357183003,13.303681592250992,5.495230164812924,,,True,29.3,62.0,43.0,D,,,
NGVT,75.33,,4.99,72.6,5.711481660194617,0.5606752517083091,6.329076213071793,,,True,49.4,35.8,54.1,C,,,
NHC,219.84,,5.51,84.8,12.90637170042146,30.59284563258324,5.4125518704988345,,,True,63.6,80.7,42.0,D,,,
NHIC,10.63,,8.36,39.3,0.6628758716162864,2.0153554377099647,7.409599673958979,,,True,33.4,40.8,68.1,B,,,
NHI,71.27,,22.01,25.4,-4.960665898031191,-19.2407970050239,4.381998623326282,,,True,19.6,10.0,31.9,D-,,,
NHP,16.31,,99.6,8.7,23.936166154577364,-99.29086958843729,-18.19397576687787,,,True,79.9,1.0,1.0,E,,,
NICE,105.25,,31.51,43.1,21.84533456818709,-5.1545462737676795,12.460211251763246,,,True,77.6,25.1,97.1,A+,,,
NIC,178.16,,1.02,81.5,27.093739236773693,17.44232278319671,7.328918602337382,,,True,82.9,67.8,67.1,B,,,
NIE,26.75,,1.8,45.9,-0.1493094438223208,5.190719622493112,4.392869543761567,,,True,29.7,48.2,31.9,D-,,,
NINE,10.17,,23.13,96.9,-2.023120652274135,2380.487823486328,6.345177442909009,,,True,24.9,98.9,54.6,C,,,
NIQ,16.86,,9.84,87.0,67.9282935698319,54.82093736286553,20.877407986502085,,,True,95.8,89.6,99.0,A+,,,
NI,42.08,,14.49,25.9,-10.56322671401766,-5.776977539062489,1.375137093194775,,,True,12.5,24.2,9.2,E,,,
NJR,55.54,,8.74,51.3,-2.8851181753324906,5.089878742719667,2.6633803296819476,,,True,23.3,47.9,16.4,E,,,
NKE,41.23,,48.57,17.4,-2.6216354694465593,-33.87329664436835,6.905010282665886,,,True,23.7,2.8,61.3,B-,,,
NKSH,42.63,,1.48,80.7,21.176808038985897,12.867357871631535,11.620776473598237,,,True,76.6,61.3,95.6,A+,,,
NKTR,75.92,,30.35,82.9,-0.03950208170465652,14.42350892079174,9.042234122308836,,,True,30.0,63.8,83.5,A-,,,
NKX,12.47,,5.53,35.4,-0.7165583835285982,-5.171100630959636,5.34149293274263,,,True,28.0,25.0,41.5,D,,,
NLOP,11.66,,65.95,14.5,-1.7691672501085942,-40.14373794962983,7.417035076395171,,,True,25.5,1.8,68.1,B,,,
NLY,23.39,,4.61,53.2,5.55053876195144,2.542741734539411,7.128521800168708,,,True,48.8,42.7,64.7,B-,,,
NMAI,14.89,,1.13,64.1,5.155369656234132,7.664499951719117,10.504388023579295,,,True,47.9,52.9,92.2,A,,,
NMCO,10.63,,3.36,35.1,-1.7560063360358757,-1.6651238257084366,2.1455651789657058,,,True,25.5,31.6,13.0,E,,,
NMIH,45.44,,2.78,75.9,22.545843114101906,11.045939947969163,9.764343594296108,,,True,78.2,58.3,89.3,A,,,
NMI,10.56,,6.38,41.4,-0.37735453191792834,3.0243943377239013,5.494336459512679,,,True,28.7,44.3,43.0,D,,,
NML,10.72,,2.1,67.8,3.675050938383073,10.061604384279343,4.76492540327143,,,True,44.6,56.6,35.3,D,,,
NMM,81.25,,1.92,83.2,13.987093153759812,30.291853752405395,7.24780774767129,,,True,65.2,80.5,65.7,B-,,,
NMP,10.33,,0.1,,0.8789077597612494,2.480158748930661,,,,True,34.6,42.6,,,,,
NMRK,15.3,,22.86,28.5,-3.4090897049566693,2.341138399564313,7.771305856626189,,,True,22.3,42.1,72.0,B,,,
NMS,11.6,,7.2,30.1,-5.537456176956623,-4.052933155750815,1.9255215416513405,,,True,18.9,27.1,12.1,E,,,
NMT,12.65,,7.66,42.9,-4.743978776127456,7.203386597714179,6.676117000223224,,,True,20.0,52.0,58.0,C+,,,
NMZ,10.31,,4.27,35.6,0.2918328756488231,-3.1014998156325357,6.399366965848293,,,True,31.8,28.9,55.1,C,,,
NNE,20.52,,66.29,15.1,-24.140478899210084,-21.559631277661808,7.818526363300693,,,True,4.4,8.3,72.4,B,,,
NNI,127.26,,11.86,34.3,3.128040629036022,-2.5798039223528524,5.933777469713041,,,True,43.4,30.0,48.8,C-,,,
NNN,46.24,,7.52,56.3,5.186537030179239,7.335194239709364,4.4214700171036165,,,True,48.0,52.2,32.4,D-,,,
NN,19.51,,20.11,72.8,-7.227768764232834,17.885197757594163,9.553759717580094,,,True,16.3,68.5,87.4,A,,,
NOA,14.37,,16.74,40.7,0.20920422286667684,-9.905956830350583,4.135764231354024,,,True,31.4,18.4,29.0,E,,,
NOC,574.74,,25.74,34.1,4.1573016010103325,-15.333737425515226,9.749755352582849,,,True,45.7,13.3,88.9,A,,,
NODK,15.34,,8.14,68.5,11.807581287083746,15.599096854467899,4.036480620089215,,,True,61.7,65.7,28.0,E,,,
NOEM,10.69,,15.29,44.1,2.394636111573689,3.4849918619175524,5.286636029156563,,,True,41.4,45.3,41.0,D,,,
NOG,24.45,,21.56,49.3,4.755787330503236,-8.013541147707093,12.889380725522807,,,True,47.1,20.8,97.6,A+,,,
NOMD,12.04,,24.32,67.7,32.45324490487378,-6.521739426606931,10.290156938202506,,,True,86.9,22.9,91.3,A,,,
NOVT,167.25,,5.18,79.5,7.597786927431804,17.922865402242106,5.844673398789649,,,True,53.6,68.5,47.8,C-,,,
NOV,20.64,,4.22,72.8,0.7320614428913519,6.009241857465009,6.379720815576909,,,True,33.7,49.7,54.6,C,,,
NOW,127.25,,34.65,69.2,46.180356117174036,26.51620600517002,15.02227678474974,,,True,92.4,77.5,98.5,A+,,,
NPAC,10.49,,0.19,40.8,1.4997555142630015,1.4506732719218762,5.3643493154838495,,,True,38.5,38.6,41.5,D,,,
NPB,17.43,,11.57,39.7,2.408929708489449,2.8318555789438538,4.171840690716413,,,True,41.5,43.8,29.5,D-,,,
NPCE,14.51,,25.97,41.3,-8.222642448565242,-0.34340502141596563,4.229931992787575,,,True,15.2,34.1,29.9,D-,,,
NPFD,18.77,,6.71,32.3,-2.7964761379405845,-5.1541159284301585,5.613110142901103,,,True,23.5,25.1,44.4,D+,,,
NPKI,13.85,,16.06,38.2,-11.217946272629952,-5.3315079872199185,1.8612921217190141,,,True,11.7,24.8,11.6,E,,,
NPK,137.8,,8.05,68.6,-0.35432565495855384,13.593275947372696,5.579217443204738,,,True,28.9,62.4,43.9,D+,,,
NPO,336.14,,13.9,78.9,5.7775865845671515,21.27575662894161,3.225737677336146,,,True,49.6,72.3,21.2,E,,,
NPV,11.05,,6.44,31.6,-3.3245827582251697,-3.661724579469372,4.119637659683182,,,True,22.4,27.8,28.5,E,,,
NP,32.07,,8.76,,14.78167173165339,66.77067320977524,,,,True,66.9,91.6,,,,,
NRC,21.31,,10.01,78.0,14.140329223044358,54.98181429776279,4.8344197623461636,,,True,65.6,89.7,36.2,D,,,
NRDBY,20.12,,2.38,65.8,10.307023529090674,0.4493267573769666,4.634779115899388,,,True,59.0,35.6,34.3,D,,,
NREF,16.87,,8.46,69.4,8.071754255178721,13.221482142506025,6.314443116999479,,,True,54.7,61.9,54.1,C,,,
NRGD,16.87,,83.62,8.9,-39.57602166533811,-60.7581382574037,0.8678721907056133,,,True,1.0,1.0,7.7,E,,,
NRGU,48.05,,9.48,90.9,33.398108346508806,60.863735811979744,11.22566937586718,,,True,87.3,90.8,94.7,A+,,,
NRG,119.75,,36.96,18.4,-8.643576441867573,-25.449791446180658,1.6184655818655482,,,True,14.7,6.0,10.6,E,,,
NRILY,31.4,,26.86,36.4,14.59854034922996,12.343466051583718,7.916045575366807,,,True,66.4,60.4,73.4,B,,,
NRIM,27.02,,12.33,68.1,15.420762314240367,5.546876788139343,4.924620124520763,,,True,68.0,48.9,37.2,D,,,
NRIX,27.19,,0.59,91.4,68.04697487056623,68.77716036038248,16.071230682204373,,,True,95.9,92.0,99.0,A+,,,
NRK,10.66,,1.3,44.4,0.37664639747749806,4.203322066589532,4.543152672694623,,,True,32.1,46.6,33.3,D-,,,
NRP,102.76,,20.09,29.0,-4.079154171352117,-16.995151747794445,5.4669620788625295,,,True,21.1,11.6,43.0,D,,,
NSA,43.41,,6.58,73.7,-1.0259917920656725,28.431952662721894,2.5392368098686466,,,True,27.2,79.0,15.5,E,,,
NSC,337.85,,5.79,67.6,8.78034841377926,6.4798783773568625,6.250533199621172,,,True,56.0,50.7,53.6,C,,,
NSIT,156.6,,0.19,91.0,79.3403642962845,73.92270780043937,16.38127662134707,,,True,96.8,92.8,99.0,A+,,,
NSP,53.77,,6.03,89.5,84.20692174636406,79.23333485921225,12.918884568296777,,,True,97.3,93.8,97.6,A+,,,
NSRGY,99.65,,9.07,39.1,1.404299307981982,-1.5121553416506672,4.322855337008493,,,True,38.0,31.9,30.9,D-,,,
NSSC,38.26,,20.49,35.6,0.9765065229168757,-11.023259717364642,6.032341268658559,,,True,35.3,17.4,50.2,C-,,,
NSTS,13.82,,0.14,62.2,1.319645856482543,12.72430419921875,12.480381307729093,,,True,37.5,61.0,97.1,A+,,,
NSYS,12.75,,29.21,67.2,-8.667621776504308,35.78274760383386,-0.0016980132261856795,,,True,14.7,83.1,4.8,E,,,
NTAP,204.99,,1.95,91.4,72.87064049010294,93.56941028627391,12.575750956387344,,,True,96.3,95.2,97.1,A+,,,
NTB,63.82,,0.55,78.8,16.99358330856868,19.8497646851159,9.25906367684928,,,True,70.7,70.8,85.0,A,,,
NTCT,39.72,,12.28,77.9,0.8121858393480341,41.001069296070725,4.003368052272286,,,True,34.4,85.3,27.5,E,,,
NTDOY,13.2,,47.03,27.0,18.27956980058636,-9.215957057107971,12.701130657452017,,,True,72.8,19.3,97.6,A+,,,
NTES,122.65,,23.13,32.1,2.3277169413306487,3.502110992302865,7.328292782313617,,,True,41.2,45.3,67.1,B,,,
NTGR,23.82,,35.38,29.9,-7.242991842584812,16.025327300653757,9.461801374647546,,,True,16.3,66.2,86.9,A,,,
NTLA,11.83,,58.12,27.0,-17.15686327936936,-1.416667302449548,4.712866803394995,,,True,7.7,32.1,35.3,D,,,
NTNX,67.95,,17.56,85.5,52.69662235560042,64.01157844132798,18.694470462457303,,,True,93.6,91.3,99.0,A+,,,
NTOIY,17.23,,10.77,81.6,3.8577419153827064,37.72980996800808,4.264919353536408,,,True,45.0,83.9,30.4,D-,,,
NTRA,310.78,,4.68,88.6,59.11324942622205,46.27694567414895,10.438519947795271,,,True,94.5,87.1,92.2,A,,,
NTRS,190.48,,2.71,80.9,16.8804048153274,30.020474899344073,7.512382343582775,,,True,70.5,80.3,69.5,B,,,
NTR,67.47,,20.96,38.8,-5.3583935745502576,-7.6638822763061,8.8627509492518,,,True,19.1,21.3,82.1,A-,,,
NTSK,16.19,,42.16,,53.314392904591124,37.087213876517986,,,,True,93.7,83.7,,,,,
NTST,20.61,,8.28,49.4,0.7331408130574868,7.00934896340375,3.292956469135536,,,True,33.7,51.6,21.7,E,,,
NTTYY,25.05,,11.73,42.7,5.031443341972941,-3.045666485679277e-06,6.191463856469604,,,True,47.7,34.5,52.6,C,,,
NTWO,10.71,,0.28,40.3,0.6578918474203554,2.0000003633044994,-0.8817345539319943,,,True,33.3,40.6,3.4,E,,,
NUE,272.29,,2.79,86.4,17.19463223935691,40.052468133382305,8.093502830246212,,,True,71.1,85.0,75.3,B+,,,
NUTX,186.81,,8.43,88.0,41.63002089355099,81.36892966853762,11.76781512905052,,,True,91.1,94.1,96.1,A+,,,
NUVL,123.96,,0.02,78.5,14.523281596452332,18.895070017264516,3.9982163039482668,,,True,66.2,69.8,27.5,E,,,
NUW,14.08,,4.22,35.5,0.4279595128819924,-3.2302410741851917,5.569231360607414,,,True,32.2,28.7,43.9,D+,,,
NU,13.93,,26.61,32.9,8.658348714319676,-19.988510596348185,5.620530039674302,,,True,55.8,9.6,44.4,D+,,,
NVCR,17.38,,18.98,77.6,-3.9779051891348005,65.52380153111048,5.246172900011027,,,True,21.3,91.5,40.6,D,,,
NVCT,19.23,,34.31,93.1,59.71760417139809,119.02049592524295,5.30021374069466,,,True,94.6,96.3,41.0,D,,,
NVDA,225.3,,4.75,68.2,-0.23468845956789997,18.547752197715226,8.793826352628688,,,True,29.3,69.3,81.6,A-,,,
NVEC,116.33,,13.83,87.5,21.68410233373923,72.03490362474811,5.707640025223428,,,True,77.2,92.5,45.9,D+,,,
NVGS,20.72,,14.94,46.2,-10.958318378364885,9.340365769680691,1.3475414284287748,,,True,12.0,55.5,9.2,E,,,
NVG,12.48,,8.17,34.8,-1.499608979981626,-6.3765975826232,1.9593068045764195,,,True,25.9,23.0,12.1,E,,,
NVMI,411.5,,33.2,35.6,-18.296436017075347,-13.519534287455603,-0.4293841139995713,,,True,7.0,15.1,4.3,E,,,
NVNO,10.85,,93.91,21.1,14.867720023664855,16.72042518533685,6.138016555083116,,,True,67.0,66.9,51.7,C,,,
NVOH,25.25,,26.52,31.4,-2.173571980759792,-3.0003846205420515,4.552166265749426,,,True,24.5,29.2,33.8,D,,,
NVO,46.72,,27.18,33.1,-0.7646533120154508,-4.1444373805844865,6.941456705512078,,,True,27.9,26.7,61.8,B-,,,
NVRI,20.07,,17.07,74.6,3.0287458666540923,3.560369942333441,3.0096627279664148,,,True,43.2,45.4,19.3,E,,,
NVST,28.08,,7.69,75.8,17.391304028871456,-7.204230258737432,8.789326731699484,,,True,71.3,21.9,81.6,A-,,,
NVS,151.72,,10.99,51.7,1.3155266916214492,-5.210545282579582,3.2405058309393446,,,True,37.5,24.9,21.2,E,,,
NVTS,13.66,,60.02,57.5,-35.47472911000421,55.936071317489834,0.9007537844188542,,,True,1.4,90.0,7.7,E,,,
NVT,170.01,,7.92,82.1,-1.6771762727222583,50.78491752269263,5.252219636580714,,,True,25.6,88.7,40.6,D,,,
NVZMY,64.19,,3.71,50.0,8.26446525588711,4.069393845349656,9.035568478101526,,,True,55.2,46.4,83.5,A-,,,
NWAX,10.17,,2.12,,0.8928586633837998,0.19704885236802028,,,,True,34.8,35.1,,,,,
NWBI,15.79,,2.29,77.3,16.789940546250204,21.368178031153164,7.903994969516429,,,True,70.3,72.4,73.4,B,,,
NWE,71.52,,4.87,53.6,0.4776575485619494,4.485020661893935,3.5973319988258634,,,True,32.4,47.0,23.7,E,,,
NWFL,34.5,,2.68,76.5,17.66712141882674,10.75441412520064,8.677245827275037,,,True,71.8,57.8,80.6,A-,,,
NWG,19.32,,0.51,77.7,26.439788578692536,15.343281760144588,6.576940208493358,,,True,82.4,65.2,57.0,C,,,
NWN,50.81,,9.25,50.7,2.2128372023556997,4.012285308681718,4.47605154991515,,,True,40.8,46.2,32.8,D-,,,
NWPX,115.37,,24.11,84.6,1.6654941369245835,53.35637743796626,-0.15936293794302614,,,True,39.2,89.2,4.8,E,,,
NWSA,28.94,,8.45,63.5,8.552140037725486,24.63393856183298,9.705501724770855,,,True,55.6,76.1,88.4,A,,,
NWS,32.93,,6.74,62.3,7.333768921694195,23.05680233623235,9.926840379523227,,,True,53.0,74.4,89.8,A,,,
NXG,62.73,,4.64,71.8,5.128204361046307,17.27425601465007,9.348308493278136,,,True,47.8,67.6,86.0,A,,,
NXPI,231.91,,31.78,24.8,-22.28477475214994,-7.143141676833087,-0.17290718335293143,,,True,5.2,22.1,4.3,E,,,
NXP,14.35,,2.05,37.4,0.06973766715290264,-0.8292993678664429,1.8454397181894624,,,True,30.6,33.1,11.6,E,,,
NXRT,24.9,,28.59,20.0,-14.60905480613761,-20.243434918224622,0.78969830640985,,,True,9.2,9.5,7.2,E,,,
NXST,188.65,,25.82,28.1,-3.7352687163931364,-21.542942858604953,8.190807483345214,,,True,21.7,8.3,75.8,B+,,,
NXT,104.55,,35.91,32.0,-23.333575528519614,-12.802332734146948,1.8584986927772444,,,True,4.7,15.8,11.6,E,,,
NX,21.37,,7.01,76.7,11.360087750043757,-4.384783717076523,9.967765840453469,,,True,60.9,26.3,90.3,A,,,
NYAX,53.49,,30.41,26.2,-21.92380429358226,-6.99008576166441,-0.24558443749822878,,,True,5.4,22.3,4.3,E,,,
NYT,64.13,,26.37,22.5,-16.714289281275363,-10.156910544385022,1.2699983248385855,,,True,8.0,18.1,9.2,E,,,
NZF,12.45,,4.38,35.4,-1.0333878436793564,-4.009253590862483,2.395320037505792,,,True,27.2,27.2,14.5,E,,,
OACC,10.8,,0.69,40.7,1.5037579158775127,1.6949181460966134,-5.689681305779162,,,True,38.5,39.5,1.0,E,,,
OBA,10.3,,0.0,40.3,1.1787807658323102,1.9801960565474008,8.284324200737432,,,True,36.7,40.5,76.8,B+,,,
OBDC,11.91,,17.52,40.0,6.62488672705559,-0.3347293103589166,10.31918958959864,,,True,51.7,34.1,91.8,A,,,
OBE,10.44,,28.44,75.9,-19.75403999450519,30.012452397932798,4.989079051536785,,,True,6.4,80.2,37.7,D,,,
OBK,54.7,,1.57,81.8,19.641296506866702,23.559974616985425,8.866444521313328,,,True,74.7,75.1,82.1,A-,,,
OBT,39.1,,2.49,80.6,17.948713345765,11.842100898515717,7.7749858953609134,,,True,72.3,59.5,72.0,B,,,
OCC,16.63,,40.56,91.8,44.60868835449219,184.27348992763424,2.9856678367507863,,,True,92.0,97.8,18.8,E,,,
OCFC,19.48,,5.48,54.4,7.150712553555172,0.9326401152141228,7.252790590317139,,,True,52.6,37.0,65.7,B-,,,
OCSL,13.06,,8.74,51.8,8.83333683013916,5.748991251957092,8.9815728121537,,,True,56.2,49.3,83.1,A-,,,
OCS,12.82,,62.81,10.9,-59.132930523352826,-55.143458030706014,5.495572465586328,,,True,1.0,1.0,43.0,D,,,
OC,155.85,,2.54,81.9,31.452434297837062,12.56771838462667,10.52313821539919,,,True,86.1,60.8,92.2,A,,,
ODC,87.84,,17.91,80.2,12.875862680404303,32.74897436586159,1.3730239894252225,,,True,63.5,81.9,9.2,E,,,
ODD,13.33,,79.25,12.7,5.292258481090473,-54.30236570549862,7.923986224903784,,,True,48.2,1.0,73.4,B,,,
ODFL,215.73,,14.4,75.9,14.034250833882567,10.937979907198937,3.223442805076683,,,True,65.4,58.1,20.8,E,,,
ODTX,20.72,,10.23,,15.496090839123866,,,,,True,68.1,,,,,,
OESX,19.3,,7.21,92.7,104.44914446038717,35.05947681637893,14.365550327162952,,,True,98.2,82.6,98.5,A+,,,
OFED,21.5,,0.0,87.3,36.855506047103745,50.13966480446928,17.192620465245014,,,True,89.0,88.4,99.0,A+,,,
OFG,53.54,,0.52,79.4,21.295878829921477,27.385203225142373,7.5453054315202195,,,True,76.8,78.2,69.5,B,,,
OFIX,10.18,,40.08,16.9,-16.625714126324485,-24.59259033203125,6.5749721865859865,,,True,8.0,6.4,57.0,C,,,
OFLX,28.81,,24.02,30.3,3.3728003801305473,-22.678477010353237,5.662597003456474,,,True,44.0,7.6,45.4,D+,,,
OFRM,17.28,,36.0,,4.410885095089689,-22.788197789844777,,,,True,46.3,7.6,,,,,
OGC,28.44,,34.36,38.4,-17.060365896594874,-26.682133193973655,9.139037240251978,,,True,7.8,5.4,84.0,A-,,,
OGE,47.02,,7.06,38.9,-0.675960165264744,3.9345721878065287,4.469469877596911,,,True,28.1,46.1,32.8,D-,,,
OGN,13.72,,0.0,84.1,2.848577713859135,78.4135275296334,5.5648480662263005,,,True,42.8,93.7,43.9,D+,,,
OGS,81.01,,10.76,34.9,-3.5020820295051047,-2.830751905684936,5.547580595252057,,,True,22.1,29.5,43.9,D+,,,
OHI,46.01,,12.18,36.6,-4.14583683013916,-1.6460061531996528,3.6300102450552174,,,True,21.0,31.6,24.1,E,,,
OIH,410.57,,10.61,71.7,-6.144703196417112,7.628386507561724,4.8765837866470765,,,True,17.9,52.8,36.7,D,,,
OII,51.35,,4.87,89.7,32.10701948577592,49.75210986911955,8.703338338779783,,,True,86.6,88.2,80.6,A-,,,
OILD,32.74,,75.87,10.8,-22.545536601687267,-41.639925706832805,3.010725850707283,,,True,5.1,1.5,19.3,E,,,
OILU,47.39,,22.84,85.3,7.729027937368582,21.981980410935485,9.626627125063706,,,True,54.0,73.4,87.9,A,,,
OIM,10.13,,1.94,,1.4014048701733284,,,,,True,37.9,,,,,,
OKE,92.64,,3.57,68.8,4.336073194783685,9.116607054945147,7.503456366599255,,,True,46.2,55.0,69.1,B,,,
OKLO,46.45,,76.04,12.6,-33.31897679738809,-29.86561865779941,4.319755304548298,,,True,1.7,4.1,30.9,D-,,,
OKTA,154.95,,1.31,91.5,98.1457761486473,75.72011447974845,10.071751266602435,,,True,97.9,93.2,90.8,A,,,
OLED,90.96,,40.7,22.4,0.18724428293055428,-31.17954219227308,9.34361507260185,,,True,31.1,3.6,86.0,A,,,
OLLI,77.69,,44.72,19.7,4.67529296875,-31.70109675480769,9.111780590817423,,,True,46.9,3.4,84.0,A-,,,
OLMA,10.51,,71.01,18.5,-22.60677298319709,-55.56025273200069,4.595680622255349,,,True,5.0,1.0,34.3,D,,,
OLN,19.06,,37.43,16.7,-32.863686277061,-27.583588655234102,2.7819466078998047,,,True,1.7,5.0,17.4,E,,,
OLP,24.62,,4.87,62.0,6.120693272557753,9.179604608573833,5.360399602826912,,,True,50.4,55.1,41.5,D,,,
OLYMY,12.95,,5.68,69.1,11.063464654670119,1.014041478436245,11.022674861980494,,,True,60.5,37.3,94.2,A+,,,
OMAB,107.49,,20.37,34.9,1.5397674889188862,-16.745412544520544,3.635468765754805,,,True,38.7,12.0,24.1,E,,,
OMCL,37.64,,31.56,26.8,-12.80982304922762,-0.47594027062813904,3.3586224555019744,,,True,10.5,33.8,22.2,E,,,
OMC,88.36,,0.05,74.2,19.01939737385718,27.466821422896093,8.967582936015326,,,True,73.7,78.4,83.1,A-,,,
OMDA,24.37,,9.46,87.0,51.93266488932859,122.76052809848056,11.639879852212044,,,True,93.5,96.6,95.6,A+,,,
OMER,17.35,,4.36,91.8,20.653688327327725,54.49688674505544,19.94297559651662,,,True,76.0,89.5,99.0,A+,,,
OMF,65.29,,9.23,71.8,24.50419701664255,8.798535103361683,11.78966869807176,,,True,80.6,54.4,96.1,A+,,,
OMRNY,44.3,,2.08,86.3,15.756463828506684,38.95859599513016,7.256356383985409,,,True,68.6,84.6,65.7,B-,,,
ONB,27.07,,1.06,74.2,15.486346820922424,8.627607122087543,8.502606026320315,,,True,68.1,54.3,79.2,B+,,,
ONCH,10.27,,3.38,,0.686280880465806,0.5876632653528224,,,,True,33.5,35.9,,,,,
ONC,356.01,,7.58,68.5,12.46564832273731,1.3493921387038421,10.130841250052022,,,True,62.9,38.2,90.8,A,,,
ONEW,12.21,,31.86,40.1,11.608775485804145,-6.293169315832903,5.65308624692988,,,True,61.4,23.1,45.4,D+,,,
ONIT,39.47,,27.04,34.8,6.531717194880238,-4.082621577878188,7.492930295282742,,,True,51.4,27.0,69.1,B,,,
ONON,31.59,,39.48,17.8,-10.737496036767757,-30.24950286467677,5.883135891132554,,,True,12.3,4.0,48.3,C-,,,
ONTO,337.82,,12.59,90.5,21.96989107997931,51.88382669014422,5.409754010609993,,,True,77.7,88.9,42.0,D,,,
ONT,17.5,,43.95,20.9,12.685125563425625,-28.716904276985744,10.292930460473347,,,True,63.3,4.4,91.3,A,,,
ON,81.56,,39.55,51.1,-29.513440879272533,14.582744533006098,-1.097887274947702,,,True,2.6,63.9,2.9,E,,,
OOMA,20.89,,8.05,85.7,10.881100794312303,84.05285805857655,5.426657366813787,,,True,60.2,94.3,42.5,D,,,
OPBK,15.74,,6.48,69.3,12.831539577907991,12.348320992991901,6.449105968008967,,,True,63.5,60.4,56.0,C,,,
OPCH,24.07,,34.59,31.8,21.688572774642157,-30.573984151069467,11.064178323245073,,,True,77.3,3.9,94.2,A+,,,
OPI,18.95,,61.86,98.5,2053.4091776067557,7795.833651224772,36.100801939339235,,,True,98.9,99.0,99.0,A+,,,
OPLN,35.3,,17.72,64.7,-0.8705441250756896,23.082284648049335,1.3219738015165259,,,True,27.6,74.4,9.2,E,,,
OPRA,20.13,,4.42,79.2,10.665196045995607,55.80494706475698,8.949495059935842,,,True,59.8,89.9,83.1,A-,,,
OPXS,11.8,,33.56,27.7,5.169342163412316,-18.055554231007896,4.359468607954927,,,True,47.9,10.8,31.4,D-,,,
OPY,115.18,,6.54,83.5,22.090311962238474,31.905634797498617,5.895450079860935,,,True,77.8,81.2,48.3,C-,,,
ORA,113.52,,22.45,31.6,-14.896171644751167,-7.804761923928849,4.479038636980718,,,True,9.0,21.1,32.8,D-,,,
ORCL,156.22,,54.81,19.0,-17.674957198196072,-0.598115792375209,9.279631965604604,,,True,7.3,33.5,85.0,A,,,
ORIC,13.72,,8.1,86.0,59.53488682591639,34.509806539498136,11.879104416993293,,,True,94.6,82.5,96.1,A+,,,
ORIQ,10.34,,0.39,,0.779726334516595,1.5717076877764136,,,,True,33.9,38.9,,,,,
ORI,42.76,,8.55,54.8,10.20618124106496,0.9681188229827775,7.614861583177312,,,True,58.7,37.1,70.5,B,,,
ORKA,108.12,,1.19,95.4,71.13010881067115,235.67216003285324,10.936568801823904,,,True,96.2,98.3,93.7,A+,,,
ORLY,92.58,,14.85,36.4,3.210704382446683,-1.6257551471100973,7.8881925654045055,,,True,43.6,31.6,73.4,B,,,
ORRF,43.48,,0.75,77.3,22.13483017482114,17.228362206083368,10.833240076281333,,,True,77.9,67.4,93.7,A+,,,
OR,32.81,,31.73,24.2,-16.30101690486987,-25.19379531853394,5.488829656066969,,,True,8.2,6.1,43.0,D,,,
OSBC,25.81,,0.88,81.9,24.987890876234296,26.519605225207776,10.712165499196406,,,True,81.1,77.5,93.2,A+,,,
OSCR,30.78,,7.01,89.8,30.313296725848883,126.32353446062874,9.019064748867029,,,True,85.7,96.8,83.1,A-,,,
OSIS,228.56,,26.68,27.6,4.608905468714242,-14.461078758011315,6.063147733582236,,,True,46.7,14.2,50.7,C-,,,
OSK,152.35,,15.59,68.4,21.578490227049407,-12.703411584050183,7.770694122078554,,,True,77.1,15.8,72.0,B,,,
OSPN,16.92,,8.44,84.6,40.29850809530633,54.098361350582366,11.496525040206908,,,True,90.5,89.4,95.1,A+,,,
OSS,13.11,,37.21,83.6,-17.339220323598703,38.73015509711373,1.559377662774895,,,True,7.6,84.4,10.1,E,,,
OSW,26.92,,7.96,74.8,15.586088777560958,19.48513127516176,6.801093308715378,,,True,68.3,70.5,59.9,C+,,,
OS,24.0,,19.08,72.8,28.755364806866957,30.222463374932175,11.084625190982226,,,True,84.3,80.5,94.2,A+,,,
OTCM,55.0,,5.17,45.0,3.6757790593466844,0.64043634830524,7.616675593315735,,,True,44.7,36.0,70.5,B,,,
OTEX,24.88,,37.64,29.4,8.979409376989068,2.555643696482268,10.156047918992751,,,True,56.4,42.8,90.8,A,,,
OTF,11.5,,27.31,29.6,5.601465908596315,-11.265432359950244,9.907279099575955,,,True,49.0,17.2,89.8,A,,,
OTGA,10.2,,0.2,,0.8902092546407614,1.3916439742432063,,,,True,34.8,38.4,,,,,
OTIS,73.03,,22.77,24.6,-0.2867302303428687,-18.329234198952282,8.936808578377526,,,True,29.2,10.6,82.6,A-,,,
OTLY,13.83,,26.59,78.4,37.611939539363725,11.622275413285355,11.63626939250983,,,True,89.4,59.2,95.6,A+,,,
OTSKY,39.04,,4.58,78.7,10.515132027604878,21.257755415596446,5.310012049093687,,,True,59.5,72.3,41.0,D,,,
OTTR,92.87,,2.33,57.0,3.962837508767536,8.076344404261636,5.766773105288931,,,True,45.2,53.7,46.4,D+,,,
OUST,45.13,,29.25,88.2,32.07492264593279,138.90948156757665,7.97211741938485,,,True,86.5,97.0,73.9,B,,,
OUT,29.77,,14.85,65.4,-7.084892453921121,14.192560252258035,1.9052417440265828,,,True,16.5,63.5,12.1,E,,,
OVBC,46.29,,15.78,65.7,1.4019735279898082,8.128943974602532,10.427745943064782,,,True,38.0,53.8,91.8,A,,,
OVCHY,49.01,,3.08,87.6,36.48008501750289,44.27434960368475,7.913652004946955,,,True,88.8,86.6,73.4,B,,,
OVLY,34.23,,4.84,61.4,4.105838023833108,3.320252164914961,9.090932991446117,,,True,45.5,44.8,83.5,A-,,,
OVV,62.31,,3.56,80.3,7.821424767764351,30.355651408558625,8.525841675905928,,,True,54.1,80.6,79.7,B+,,,
OWL,12.66,,38.48,63.9,29.58034644229386,0.3965094957344206,16.17686832118258,,,True,85.1,35.6,99.0,A+,,,
OXM,36.31,,29.65,25.1,-8.92901586834457,-9.428781807705134,3.620656704287258,,,True,14.4,19.0,24.1,E,,,
OXY,57.7,,14.46,70.6,2.705590535670077,22.142253943563617,7.233785786414678,,,True,42.2,73.5,65.7,B-,,,
OYSE,10.34,,0.0,40.1,1.0752748316107619,2.0226928374590836,10.750701775197216,,,True,36.0,40.9,93.2,A+,,,
OZK,52.24,,2.65,64.7,12.078956615461923,6.071069397902118,7.7828842769925295,,,True,62.2,49.8,72.0,B,,,
OZ,47.12,,31.7,22.5,-5.968153882991456,-6.267403930304727,4.7874311532416165,,,True,18.2,23.1,35.7,D,,,
O,62.95,,7.34,45.0,2.324448574348903,-2.4030995923419285,5.239437159557257,,,True,41.1,30.3,40.6,D,,,
PAAS,47.3,,32.42,28.6,-25.699027274488618,-21.00868530885013,4.2332307291531865,,,True,3.9,8.8,29.9,D-,,,
PAA,23.45,,6.31,72.5,7.126545285241903,18.554098902626137,4.006842192979681,,,True,52.5,69.3,27.5,E,,,
PACH,10.3,,0.0,39.8,0.9803959150949337,1.8793327449039943,5.732865487276346,,,True,35.3,40.1,46.4,D+,,,
PACS,44.99,,9.09,90.5,8.934628761420814,14.828998668879013,4.52946799608564,,,True,56.3,64.2,33.3,D-,,,
PAC,209.13,,30.39,20.2,-14.598985265104336,-28.855245829966826,2.5063004017212354,,,True,9.2,4.4,15.5,E,,,
PAGP,25.49,,4.82,74.2,8.421947133637442,20.3493851327581,4.761932379694983,,,True,55.4,71.4,35.3,D,,,
PAG,218.67,,3.67,82.8,31.27025943627404,26.23830860694223,10.415643396285486,,,True,85.9,77.3,91.8,A,,,
PAHC,34.06,,43.31,21.8,-3.4032859520958136,-33.88974888724571,4.576511138945353,,,True,22.3,2.8,33.8,D,,,
PAII,10.26,,0.0,,1.0837498964112235,0.9842557379092787,,,,True,36.0,37.2,,,,,
PAI,11.98,,7.92,31.6,-1.480266922398621,-6.11285625206639,7.469813319032825,,,True,25.9,23.3,68.6,B,,,
PAMT,13.61,,23.32,77.4,28.033863186051235,9.141937904388486,6.540656061883057,,,True,83.8,55.0,56.5,C,,,
PAM,79.11,,16.29,30.0,-1.0506558969961777,-7.840167042926893,4.153454575791331,,,True,27.1,21.1,29.0,E,,,
PANW,396.0,,0.72,92.3,73.84433030422758,139.56442831215966,14.032540030085736,,,True,96.3,97.0,98.5,A+,,,
PARK,23.05,,13.96,,25.956285235140662,19.7402557769379,,,,True,82.0,70.7,,,,,
PARR,82.14,,5.62,90.6,35.72372668481234,93.58943999445779,9.213033087869945,,,True,88.5,95.2,84.5,A,,,
PAR,18.61,,65.93,24.2,31.33380811821851,-14.160513789891315,14.312400142061913,,,True,86.0,14.5,98.5,A+,,,
PATH,16.68,,15.93,87.9,76.13516689731551,42.68605906908283,19.485838343839273,,,True,96.6,85.9,99.0,A+,,,
PATK,86.46,,41.78,19.4,-9.465969545054808,-40.679245911167996,5.380786643259139,,,True,13.6,1.8,41.5,D,,,
PAXS,14.39,,13.1,31.4,2.419931269201081,-9.780562110829127,5.620033863114732,,,True,41.5,18.6,44.4,D+,,,
PAX,11.63,,34.66,24.8,3.011515628351802,-17.867230830219505,5.4521056677345765,,,True,43.1,11.0,42.5,D,,,
PAYC,223.63,,4.68,89.0,65.77465150690325,88.38345959296817,17.909587562733662,,,True,95.6,94.8,99.0,A+,,,
PAYP,14.65,,41.14,,-25.596753574534947,,,,,True,4.0,,,,,,
PAYX,125.4,,11.18,79.6,39.45729707059486,32.222692456641596,14.78439570766548,,,True,90.2,81.6,98.5,A+,,,
PAY,42.19,,6.89,88.6,71.08677464196668,71.99347177622903,18.119126646916087,,,True,96.1,92.5,99.0,A+,,,
PBA,48.91,,5.18,69.0,3.5570608668475723,11.768738225347608,4.687570720304469,,,True,44.4,59.4,35.3,D,,,
PBFS,17.29,,10.97,76.9,16.824330510319886,19.077141291510635,3.9166608586983784,,,True,70.4,70.0,26.6,E,,,
PBF,74.36,,0.51,93.1,81.67603374139156,107.88370313209828,13.298912656022363,,,True,97.0,95.9,98.0,A+,,,
PBHC,16.25,,6.61,71.5,20.370370370370374,21.087928464977644,7.664120386053812,,,True,75.6,72.1,71.0,B,,,
PBH,51.32,,27.79,24.2,-0.9457639551742614,-22.20706427948428,9.069094844098366,,,True,27.4,7.9,83.5,A-,,,
PBI,16.65,,12.69,81.7,8.539762832661491,60.86956153169347,3.075796979577615,,,True,55.6,90.8,19.8,E,,,
PBR-A,16.13,,19.55,57.6,-9.229042426749567,9.281837132565052,3.653714583400822,,,True,13.8,55.3,24.1,E,,,
PBR,17.89,,19.56,62.0,-8.677900001794603,13.013262095062771,2.7371301275025015,,,True,14.6,61.4,16.9,E,,,
PBT,33.5,,5.42,88.0,16.077616077616085,74.84342379958247,8.163966073072388,,,True,69.2,93.0,75.8,B+,,,
PB,74.63,,3.33,62.6,12.581078976343285,-1.8413820157596072,7.44911353917653,,,True,63.2,31.2,68.6,B,,,
PCAP,10.33,,1.15,38.6,0.8789077597612494,1.573253158424892,4.252838802238285,,,True,34.6,39.0,30.4,D-,,,
PCAR,130.72,,6.12,74.0,16.94399822929247,0.957677804064816,5.670193670816616,,,True,70.6,37.1,45.4,D+,,,
PCB,28.51,,7.56,77.9,20.09267156226553,23.741320437855194,8.17093220591806,,,True,75.2,75.2,75.8,B+,,,
PCG,17.46,,8.87,53.7,5.180717376341293,2.1052578039336467,7.809731053687935,,,True,47.9,41.3,72.4,B,,,
PCLB,41.5,,3.29,71.9,7.960461713348921,21.87959157082964,6.3007552553833825,,,True,54.5,73.2,54.1,C,,,
PCN,11.82,,12.38,30.9,-0.42123256255922614,-8.229816033973458,4.105525223534457,,,True,28.7,20.4,28.5,E,,,
PCOR,62.17,,24.47,71.2,35.18155722753926,27.81660807760138,19.1046842943285,,,True,88.2,78.7,99.0,A+,,,
PCRX,23.18,,16.2,33.0,0.6076402134365555,6.672803981480824,6.083704461338513,,,True,33.2,51.0,51.2,C,,,
PCTY,152.71,,16.47,81.0,46.512526829000464,41.818356903665666,15.656946121509076,,,True,92.4,85.7,99.0,A+,,,
PCVX,58.86,,9.45,75.9,8.497696977606562,6.341464517346984,7.285360403282342,,,True,55.5,50.3,66.2,B,,,
PCYO,11.34,,8.84,47.3,1.7953335061749565,7.082154415371966,8.405012849398574,,,True,39.7,51.7,78.2,B+,,,
PDD,84.17,,39.62,17.6,-15.49196970989426,-19.508464981404494,9.214566199493555,,,True,8.6,9.9,84.5,A,,,
PDEX,67.9,,1.58,86.2,18.210309063159656,78.54325933704682,8.714202645066987,,,True,72.7,93.7,81.1,A-,,,
PDFS,50.35,,29.77,85.0,-2.365719460692084,54.82779358585821,0.05063023370532349,,,True,24.2,89.6,5.3,E,,,
PDI,15.87,,21.32,23.6,-7.3014025376221925,-16.29746895802172,2.0666640148028517,,,True,16.2,12.5,13.0,E,,,
PDLB,20.72,,0.81,78.6,17.995440281062038,23.55396131994332,8.680688405817639,,,True,72.3,75.0,80.6,A-,,,
PDO,12.88,,9.61,30.7,0.4680196134236869,-9.0395472144003,3.4064283331987113,,,True,32.3,19.6,22.2,E,,,
PDS,82.86,,20.17,52.5,-10.84570625096668,-7.871913931119012,3.3541275019916714,,,True,12.1,21.0,22.2,E,,,
PDT,12.77,,6.45,33.0,-1.0844271280892936,-4.559039927027864,7.00052577453082,,,True,27.0,26.1,63.3,B-,,,
PDX,21.75,,13.72,40.1,1.7305893358278812,6.722276741903843,7.728231876171334,,,True,39.5,51.1,71.5,B,,,
PD,12.09,,30.08,84.2,81.2593726025171,70.04219623892953,18.75874281063419,,,True,96.9,92.2,99.0,A+,,,
PEBK,44.56,,2.66,77.6,11.679201436819596,15.142122411604685,9.16131569136216,,,True,61.5,64.9,84.5,A,,,
PEBO,41.32,,2.29,81.3,24.984875059964363,23.972396324105084,10.284216926863994,,,True,81.1,75.3,91.3,A,,,
PEB,18.21,,8.63,85.3,27.34265094036823,41.60185913275782,4.915845985146664,,,True,83.2,85.6,37.2,D,,,
PECO,40.43,,8.89,56.5,2.71849671030433,7.2413801198296435,2.411205811903403,,,True,42.3,52.1,14.5,E,,,
PED,12.05,,36.21,25.9,-13.496050317768393,-1.8729626161656077,2.913201124499423,,,True,10.1,31.1,17.9,E,,,
PEGA,33.49,,50.82,18.4,2.353305863284838,-11.705769368661223,12.108586665969895,,,True,41.2,16.7,96.6,A+,,,
PEG,75.93,,14.35,27.8,-1.6705512753486418,-9.768270582084638,2.906784841567614,,,True,25.7,18.6,17.9,E,,,
PENG,60.9,,32.23,92.0,26.1653232357135,221.71157699883204,2.527403671888214,,,True,82.2,98.1,15.5,E,,,
PENN,18.85,,15.7,72.6,19.077702978330557,41.092817226569814,3.239709797375917,,,True,73.9,85.4,21.2,E,,,
PEN,326.75,,9.84,53.7,1.2895626026845353,-3.4027079761130508,8.4552360896453,,,True,37.3,28.4,78.7,B+,,,
PEO,27.55,,4.61,68.7,5.47472908522415,6.907253539233782,5.392441360952823,,,True,48.6,51.5,42.0,D,,,
PEP,140.62,,18.0,27.7,-5.794871630476662,-16.866689259717702,6.674296967908953,,,True,18.3,11.8,58.0,C+,,,
PESI,17.96,,15.76,88.8,85.15462973683152,14.760377536566494,9.889939414368236,,,True,97.3,64.2,89.8,A,,,
PFBC,107.84,,3.94,72.6,18.414402479291358,20.626394113971603,8.6182810867866,,,True,72.9,71.7,80.2,B+,,,
PFD,11.36,,6.58,32.9,-0.6993037003737212,-5.412159394860561,3.605543247852813,,,True,28.0,24.7,24.1,E,,,
PFE,26.8,,6.78,47.2,3.235744364640003,-3.3537712331029645,9.687238862510096,,,True,43.6,28.5,88.4,A,,,
PFGC,104.48,,11.06,60.5,9.026404421301892,15.741667615967202,5.578532278762927,,,True,56.5,65.8,43.9,D+,,,
PFG,114.93,,1.44,78.3,14.449313189778712,23.83363894534616,9.841170640388551,,,True,66.1,75.3,89.3,A,,,
PFIS,71.61,,2.4,82.7,24.56079424308846,28.035044896033547,8.81646395897575,,,True,80.7,78.8,82.1,A-,,,
PFSI,79.48,,50.44,17.5,-9.41417442793071,-12.079642304277005,8.00970018910602,,,True,13.6,16.5,74.4,B,,,
PFS,25.01,,1.88,75.5,14.935662816552542,7.569893457556276,5.4185372438897375,,,True,67.1,52.7,42.0,D,,,
PFX,45.7,,13.77,61.6,17.149450815020394,4.816515511329023,9.412805838990836,,,True,71.0,47.4,86.4,A,,,
PGAC,10.69,,6.15,41.6,1.423146291016697,2.5911660471444664,5.509647304472277,,,True,38.3,43.1,43.0,D,,,
PGC,46.37,,5.64,83.1,11.493144822997747,35.11071949849873,5.339414229177915,,,True,61.3,82.7,41.5,D,,,
PGNY,25.89,,21.7,62.2,10.12334916907034,20.139208304633115,2.7891098536176937,,,True,58.5,71.2,17.4,E,,,
PGR,208.87,,18.07,36.1,6.588076708097312,0.23995542409536164,7.723971354253078,,,True,51.6,35.3,71.5,B,,,
PGY,21.46,,52.3,81.2,63.069901857694965,66.74435963071217,14.730405319423236,,,True,95.2,91.6,98.5,A+,,,
PGZ,10.2,,4.14,38.5,2.719031311834219,-2.949573651140469,5.670900859825327,,,True,42.3,29.3,45.4,D+,,,
PG,144.26,,13.75,33.0,1.4201311212288514,-9.837503433227536,7.833711853024332,,,True,38.2,18.5,72.4,B,,,
PHAR,12.35,,42.13,21.3,-4.780259202238046,-20.680793953309397,6.79309416082401,,,True,19.9,9.2,59.9,C+,,,
PHG,27.38,,18.12,37.9,6.827932738067122,-14.624262049371373,7.2740508299773765,,,True,52.2,14.0,66.2,B,,,
PHIN,73.72,,15.2,55.3,-6.7661550263018455,-5.195471681194553,2.720055371885123,,,True,17.0,25.0,16.9,E,,,
PHI,19.46,,20.6,27.8,-1.4184443542418546,-20.53899924674293,8.91356964887912,,,True,26.1,9.3,82.6,A-,,,
PHM,130.55,,9.65,59.9,15.561656237724897,-6.2948585617586765,8.1134709493754,,,True,68.3,23.0,75.3,B+,,,
PHOE,22.04,,83.44,88.2,46.15385296441568,119.74079264505049,7.78842913392079,,,True,92.3,96.4,72.0,B,,,
PHR,12.62,,61.48,39.0,37.32317612142637,0.9599990844726625,18.08413331676239,,,True,89.2,37.1,99.0,A+,,,
PHVS,34.04,,7.83,76.4,3.3394077581279547,24.642991268866155,6.811541634105639,,,True,44.0,76.1,59.9,C+,,,
PHYS,33.0,,21.56,35.7,-7.094594594594605,-14.084873730799263,5.123327379527179,,,True,16.4,14.6,39.6,D,,,
PH,1058.87,,3.73,77.3,20.002946056324156,6.33039726832767,8.316578606960315,,,True,75.0,50.3,77.3,B+,,,
PICS,11.41,,42.81,,-3.875316281229324,-22.062844400026506,,,,True,21.4,8.0,,,,,
PII,68.64,,11.98,58.7,7.941499276062958,2.8314597597729474,5.47445171778751,,,True,54.4,43.8,43.0,D,,,
PINE,19.68,,10.5,62.5,4.126985741670808,0.7680507177459273,2.4887486665385303,,,True,45.6,36.5,15.0,E,,,
PINS,23.32,,39.54,46.7,20.51679428849724,22.15819641081309,10.62188847045082,,,True,75.8,73.6,92.7,A+,,,
PIPR,78.42,,17.51,30.5,-2.644322571141755,-8.210922726113058,6.809825495265224,,,True,23.7,20.4,59.9,C+,,,
PI,178.81,,27.63,79.2,21.030186515902095,67.19027354707224,14.803629165768408,,,True,76.4,91.7,98.5,A+,,,
PJT,178.86,,8.57,66.9,15.550100529977119,12.151994363149976,10.405993689653224,,,True,68.2,60.1,91.8,A,,,
PKBK,35.13,,1.46,82.1,16.905161624343545,23.219926580551498,10.038148367267803,,,True,70.6,74.6,90.8,A,,,
PKE,37.28,,6.47,85.6,9.133485887871418,54.7530044802693,6.517175334541088,,,True,56.8,89.6,56.5,C,,,
PKG,257.05,,1.13,76.8,17.793963794779934,5.111424163961864,8.310099418094339,,,True,72.1,48.0,77.3,B+,,,
PKOH,49.55,,7.04,92.6,64.78217238796324,81.17001549199468,13.050566675474384,,,True,95.5,94.0,97.6,A+,,,
PKST,20.99,,0.05,82.6,1.0105871029836289,55.36639526276832,4.0826850344205425,,,True,35.6,89.8,28.5,E,,,
PKX,56.58,,38.77,22.1,-31.201359641227278,-13.380278886934027,3.8710956047268645,,,True,2.1,15.2,26.6,E,,,
PK,15.03,,2.91,83.8,39.037925374386596,28.571426287178724,7.941991314100725,,,True,89.9,79.1,73.4,B,,,
PLAB,33.48,,40.21,31.4,-35.44157434971784,-12.125985453447964,5.825219289563913,,,True,1.4,16.4,47.3,C-,,,
PLBC,63.57,,0.59,82.6,24.184410421614032,21.572001711272183,11.56101514972252,,,True,80.2,72.8,95.6,A+,,,
PLD,141.21,,7.92,53.8,-0.5563333000935256,0.9508197840057075,7.188508689067742,,,True,28.4,37.0,65.2,B-,,,
PLGO,22.75,,13.63,70.6,12.401185770750999,15.36511156186613,3.7942855433378115,,,True,62.8,65.2,25.6,E,,,
PLMK,10.57,,11.88,37.0,-0.7973737276141479,0.6184546048312978,8.867304729591726,,,True,27.7,36.0,82.1,A-,,,
PLMR,128.19,,13.16,58.8,18.518863203962876,-2.6207821016360766,5.087975379532175,,,True,73.1,29.9,39.1,D,,,
PLNT,49.1,,57.03,14.0,-2.945249112233461,-46.67101284444325,6.541868628416829,,,True,23.2,1.0,56.5,C,,,
PLOW,41.92,,23.78,49.6,-6.449457333306608,0.8176964140099052,3.511861886549351,,,True,17.5,36.7,23.2,E,,,
PLPC,447.39,,11.35,90.1,28.886268336148156,60.28016144751103,3.8784925176374183,,,True,84.5,90.7,26.6,E,,,
PLRZ,10.75,,40.93,34.2,-29.18313712856334,-16.342414934851057,-0.8194826622103832,,,True,2.7,12.4,3.4,E,,,
PLSE,44.92,,4.36,94.1,87.47912424434602,77.90098284730817,15.569848161711436,,,True,97.5,93.5,99.0,A+,,,
PLTR,179.01,,13.74,78.3,37.64705459964315,31.935432272137334,13.927516196710492,,,True,89.4,81.3,98.0,A+,,,
PLTS,17.5,,10.26,,0.0,0.0,,,,True,30.3,34.7,,,,,
PLUS,88.72,,9.6,57.0,6.608989690823264,5.732333715532278,6.663133324373198,,,True,51.7,49.3,58.0,C+,,,
PLXS,264.04,,14.01,82.3,0.8132597246847562,29.114918603873786,1.7809350553183902,,,True,34.4,79.9,11.1,E,,,
PL,24.75,,52.18,75.7,-39.24889543446245,14.318706697459582,1.6246409606946575,,,True,1.0,63.6,10.6,E,,,
PMN,14.79,,46.02,81.1,39.92431373560101,1.232032593107646,8.161383694914027,,,True,90.3,38.0,75.8,B+,,,
PMO,10.57,,2.76,40.2,1.732432096479486,-0.7511765744204868,4.875780996530267,,,True,39.5,33.3,36.7,D,,,
PMTR,10.4,,2.53,38.1,0.9708682130449064,0.5802656195064593,3.837505772750162,,,True,35.2,35.9,26.1,E,,,
PMTS,29.0,,7.2,92.4,83.7769328263625,147.86324786324786,15.482020468605608,,,True,97.2,97.2,98.5,A+,,,
PM,188.91,,9.07,61.1,0.5321716045497249,1.4172994374345604,3.859675909272079,,,True,32.7,38.6,26.6,E,,,
PNC,255.2,,1.14,77.6,21.604877989251015,8.374382940479963,9.088388758630362,,,True,77.2,54.1,83.5,A-,,,
PNFP,107.14,,2.89,70.9,13.616118122638854,9.538901328748018,8.530085689158632,,,True,64.6,55.8,79.7,B+,,,
PNGAY,14.11,,25.42,22.4,-15.610046434586899,-23.93530869539199,6.692184015872224,,,True,8.5,7.0,58.0,C+,,,
PNRG,195.59,,29.87,37.2,-22.23061775829399,-0.8164318773374091,7.429657861707235,,,True,5.3,33.2,68.6,B,,,
PNR,66.87,,41.32,16.5,-9.181036606570647,-33.475922456643424,6.553271099490258,,,True,13.9,2.9,57.0,C,,,
PNTG,38.64,,9.49,78.6,8.569821269031852,22.23979560154521,5.717492547787694,,,True,55.7,73.7,45.9,D+,,,
PNW,100.72,,9.39,46.7,1.655229330544139,4.894814851804963,3.7545339386576337,,,True,39.1,47.6,25.1,E,,,
PODD,146.44,,58.74,14.4,-1.6124681259028217,-41.62248258265646,10.801965502106883,,,True,25.8,1.6,93.2,A+,,,
POLE,10.82,,0.73,40.4,1.027074288379537,2.07546514563417,10.36974470867884,,,True,35.6,41.2,91.8,A,,,
POOL,200.57,,40.33,27.2,14.369622697279327,-26.119785131789175,9.054018742405177,,,True,65.9,5.6,83.5,A-,,,
POR,50.33,,7.85,43.6,4.3974317175994315,-2.64989974650931,3.9521196773190646,,,True,46.3,29.8,27.0,E,,,
POST,80.54,,31.33,17.0,-22.787843049058242,-27.349809746051466,2.9898705963018344,,,True,4.8,5.1,18.8,E,,,
POWI,62.31,,31.66,67.4,-12.424453445831329,29.086391906548602,-0.03676578890670168,,,True,10.8,79.8,4.8,E,,,
POWL,204.04,,37.79,66.0,-32.176574496033496,3.3375504108041687,-3.0366186869130525,,,True,1.9,44.8,1.0,E,,,
PPC,27.6,,45.18,18.4,-0.9332362474166245,-36.0963177090305,6.297759995945141,,,True,27.4,2.3,53.6,C,,,
PPG,114.73,,14.01,55.1,8.790065766104306,-12.439896697753493,5.746044368767811,,,True,56.1,16.0,46.4,D+,,,
PPIH,26.56,,27.67,22.5,-18.552592867395322,-20.479043515142557,6.226305407685034,,,True,6.9,9.4,53.1,C,,,
PPLI,40.37,,16.45,43.7,-0.9082009526638068,13.049562956832151,1.80470405645978,,,True,27.5,61.5,11.6,E,,,
PPL,35.68,,11.04,33.5,-0.19580334216564577,-0.8888880411783817,5.828194667724764,,,True,29.4,33.0,47.3,C-,,,
PPTA,24.75,,33.77,29.7,-22.09631728045326,-18.852459016393443,9.946689651216758,,,True,5.3,10.3,89.8,A,,,
PRAA,20.25,,10.2,82.1,37.75510204081633,85.6095325389551,7.113940226928124,,,True,89.5,94.5,64.7,B-,,,
PRAX,368.46,,5.04,92.8,6.233419287013642,13.971972982485736,11.37673504257086,,,True,50.8,63.2,95.1,A+,,,
PRA,25.0,,0.08,43.6,1.2145748987854255,3.8205980066445155,5.757173819628511,,,True,37.0,45.9,46.4,D+,,,
PRCH,16.94,,12.84,90.2,65.42969271540642,123.18841283343369,15.02749417357059,,,True,95.5,96.6,98.5,A+,,,
PRCT,21.95,,48.6,17.2,-14.591436720079942,-22.982453463370344,10.49238751397753,,,True,9.2,7.5,92.2,A,,,
PRDO,31.88,,17.19,30.0,-8.705615232627151,4.627499707143423,5.723167515276863,,,True,14.6,47.2,46.4,D+,,,
PRE,19.7,,16.63,82.4,12.122941166416922,-7.943921668507226,3.8943487539093615,,,True,62.3,20.9,26.6,E,,,
PRGO,12.83,,47.87,42.9,17.59853275624248,-12.123288193794146,11.629648941452615,,,True,71.6,16.4,95.6,A+,,,
PRGS,44.73,,5.57,83.9,69.62457164291365,9.230768112909216,15.555187493285972,,,True,96.0,55.3,99.0,A+,,,
PRG,42.78,,10.37,81.6,26.905959001177315,26.530608634418428,5.6796469166442325,,,True,82.7,77.5,45.9,D+,,,
PRIM,80.87,,60.65,13.0,-28.395605855691485,-51.171354458047325,0.0952901128401411,,,True,2.9,1.0,5.3,E,,,
PRI,312.68,,4.46,74.2,17.06038436441213,23.369497997940925,7.695758444887021,,,True,70.8,74.8,71.5,B,,,
PRKS,45.05,,20.9,75.0,25.627437917067898,25.837986695699854,7.77066734460827,,,True,81.8,76.9,72.0,B,,,
PRK,207.61,,3.44,79.9,24.556035883340254,20.283893748755254,10.035204365504116,,,True,80.7,71.4,90.8,A,,,
PRLB,92.32,,0.5,88.1,28.489909109010746,37.48324600867343,8.850952501295,,,True,84.1,83.8,82.1,A-,,,
PRMB,24.77,,5.49,74.6,5.719165419392547,28.87617303727197,5.639387463931424,,,True,49.4,79.5,45.4,D+,,,
PRM,33.79,,11.47,76.5,-0.35387521224610197,23.50146533452977,2.6276314077218466,,,True,28.9,75.0,15.9,E,,,
PRNDY,15.7,,34.94,29.7,10.098173613397021,-21.34268271846501,8.808988359530368,,,True,58.5,8.5,82.1,A-,,,
PROV,18.01,,2.49,64.2,5.941177816951981,10.558626328310838,0.9939752445439352,,,True,50.1,57.5,7.7,E,,,
PRPO,23.21,,30.98,33.0,-19.128923050617917,7.9534841138263035,7.0126487207181345,,,True,6.6,53.4,63.3,B-,,,
PRSU,47.18,,16.53,75.6,11.800948590463921,27.375810759113882,2.7117349185436375,,,True,61.7,78.2,16.9,E,,,
PRTCY,16.0,,19.68,25.8,-8.623643632210175,-8.361970217640325,5.050498970443818,,,True,14.8,20.2,38.6,D,,,
PRU,124.75,,2.33,76.0,21.849970697401844,18.516055481664438,9.809819033049914,,,True,77.6,69.2,89.3,A,,,
PRVA,21.76,,24.5,27.0,-3.844453252842084,0.7407418003788635,4.619872818365504,,,True,21.5,36.3,34.3,D,,,
PRYMY,75.23,,19.01,70.7,-17.302404806593973,22.08699230925568,0.44545884594029594,,,True,7.6,73.5,6.3,E,,,
PR,21.1,,6.95,77.7,4.249013742439378,22.817231556866858,5.975976813617811,,,True,45.9,74.2,49.7,C-,,,
PSA,328.72,,2.04,67.4,8.238393553079737,11.87040607837706,7.6720145985754655,,,True,55.0,59.6,71.0,B,,,
PSF,19.5,,8.02,31.7,-0.8642602948652822,-4.831625183016097,4.642903168459531,,,True,27.6,25.7,34.8,D,,,
PSIX,41.07,,65.69,15.2,-8.955886289460835,-52.16631761609105,7.945864866771778,,,True,14.4,1.0,73.9,B,,,
PSLV,20.97,,45.0,29.2,-26.369384433446307,-24.15913449058049,3.7001899806570506,,,True,3.6,6.7,24.6,E,,,
PSMT,179.82,,10.02,79.3,13.730951441539908,15.923160987763495,1.704006687236567,,,True,64.8,66.2,11.1,E,,,
PSNL,14.42,,12.02,93.0,125.66510291539821,62.02247276734769,12.323444298913408,,,True,98.4,91.0,97.1,A+,,,
PSNY,13.79,,67.63,13.0,-38.07813218745834,-27.53547051049382,3.346672058463822,,,True,1.1,5.0,22.2,E,,,
PSN,47.59,,46.83,16.8,-5.462852299189736,-21.012447879522178,7.217009452135715,,,True,18.9,8.8,65.2,B-,,,
PSO,16.25,,8.45,70.4,10.770279481935919,33.744855967078195,6.749405612651555,,,True,60.1,82.2,58.9,C+,,,
PSTG,81.18,,19.3,72.9,9.925524712254585,-8.364375211649167,9.83419363858707,,,True,58.3,20.2,89.3,A,,,
PSTL,23.16,,8.17,75.1,-0.771208879982388,21.9589249468779,4.114464046800868,,,True,27.8,73.3,28.5,E,,,
PSTVY,12.19,,18.49,24.9,-6.9090898493792015,2.6415140415532834,7.804864243731405,,,True,16.8,43.1,72.4,B,,,
PSUS,40.18,,8.68,,-4.876896996765911,,,,,True,19.8,,,,,,
PSX,232.61,,0.12,87.8,35.380049243598876,44.03096013024865,9.826686559471248,,,True,88.3,86.4,89.3,A,,,
PS,41.4,,24.65,,-11.576245630656157,,,,,True,11.6,,,,,,
PTA,18.94,,9.46,30.9,-3.809037409560101,-3.3180166714771975,5.2447038561005925,,,True,21.6,28.6,40.6,D,,,
PTBS,26.5,,1.52,83.1,23.25581395348837,33.838388995484216,8.12613572445753,,,True,79.1,82.3,75.8,B+,,,
PTCT,71.97,,20.8,43.1,-2.0283130673793504,1.4805431764003396,5.004916694486473,,,True,24.8,38.6,38.2,D,,,
PTC,153.89,,29.29,38.8,9.289112555676748,-1.0989721146218212,11.986698393438022,,,True,57.0,32.7,96.6,A+,,,
PTEN,10.9,,16.67,79.7,-9.166669845581055,27.18786472201673,4.872113591848085,,,True,14.0,77.9,36.7,D,,,
PTGX,151.42,,2.3,90.5,45.76434171057502,81.3630352963772,9.487015319744689,,,True,92.2,94.0,86.9,A,,,
PTHS,28.95,,22.8,69.1,11.30334780061304,31.233004365092732,6.893177515012054,,,True,60.8,81.0,61.3,B-,,,
PTRN,22.82,,23.42,,35.1895783731061,116.50853678762499,,,,True,88.2,96.2,,,,,
PTY,11.76,,19.95,27.0,-2.0815967620163467,-10.297481091671724,4.194659561612752,,,True,24.6,17.9,29.5,D-,,,
PUBGY,29.05,,0.0,79.8,30.03580590260364,32.10550040666686,10.709329883363147,,,True,85.5,81.4,93.2,A+,,,
PUBM,17.28,,6.29,92.2,82.2784882557543,162.61399219825998,11.183289349343015,,,True,97.0,97.5,94.7,A+,,,
PUK,27.75,,18.45,26.2,-12.100095026924295,-13.497506234413958,2.5902234609973824,,,True,11.2,15.1,15.9,E,,,
PUMP,11.54,,37.62,37.7,-30.27190355375815,-0.6884684866348745,2.848155134493485,,,True,2.4,33.4,17.4,E,,,
PVH,81.66,,18.95,52.0,1.7063191706431224,19.142112141974565,5.127748085549541,,,True,39.4,70.1,39.6,D,,,
PVLA,156.55,,2.99,90.0,29.841588331888392,97.8140043615843,8.674430067445009,,,True,85.3,95.5,80.6,A-,,,
PWP,18.0,,30.57,31.2,0.11123470522802492,-24.08266554196542,7.778815816115834,,,True,30.8,6.8,72.0,B,,,
PWR,672.78,,14.7,74.0,-13.046059388813136,28.4029371129237,2.0026119029937934,,,True,10.4,79.0,12.6,E,,,
PXED,27.4,,41.8,,-4.49634329562314,-0.7605975631255757,,,,True,20.3,33.2,,,,,
PYPL,60.59,,23.51,75.4,33.95976155778884,49.752842690528645,17.552667689029533,,,True,87.7,88.3,99.0,A+,,,
PZZA,24.43,,56.17,13.2,-25.290518944416572,-28.16818493038582,-0.7049157059579425,,,True,4.1,4.8,3.9,E,,,
P,117.35,,1.23,89.6,38.99087821167959,54.30637537688507,19.119915079987912,,,True,89.9,89.4,99.0,A+,,,
QBTS,20.9,,55.29,30.8,-2.5186584956610414,6.415476672761056,5.922122076967836,,,True,23.9,50.5,48.8,C-,,,
QCOM,164.79,,36.6,25.2,-22.69550439267588,16.839189794478738,4.151814259506892,,,True,4.9,67.0,29.0,E,,,
QCRH,106.59,,0.08,79.4,20.087873296406734,16.35192264806311,10.21612696825652,,,True,75.2,66.6,91.3,A,,,
QDEL,15.09,,57.59,23.7,36.56108735373655,-47.6041661368476,8.583419963337752,,,True,88.8,1.0,79.7,B+,,,
QETA,11.74,,10.18,41.5,2.086954531462304,2.175803055858694,1.8765029134628528,,,True,40.4,41.5,12.1,E,,,
QFIN,12.49,,64.26,15.9,-10.594131917550731,-20.849177622825323,8.328902498932784,,,True,12.4,9.1,77.3,B+,,,
QGEN,43.23,,25.23,61.8,32.20183346249641,-15.334901014029912,8.884128595337856,,,True,86.7,13.3,82.6,A-,,,
QLYS,195.88,,2.81,91.9,126.45087269689306,77.620606531386,17.716598046719234,,,True,98.4,93.5,99.0,A+,,,
QMCO,24.68,,1.0,96.0,180.13621231754576,290.50633394265475,22.836735032041453,,,True,98.7,98.4,99.0,A+,,,
QMMM,119.4,,60.59,97.6,0.0,0.0,-1.3058080755714583,,,True,30.3,34.7,2.9,E,,,
QNCX,32.41,,96.44,10.5,32.82786822709882,-73.43442635458024,17.010502804938547,,,True,87.0,1.0,99.0,A+,,,
QNST,20.74,,6.95,89.9,79.56709758543863,93.1098675150667,13.541077063894667,,,True,96.8,95.1,98.0,A+,,,
QQQX,31.19,,2.13,58.1,1.6291969177504528,11.353090089459528,7.263525241566409,,,True,39.0,58.9,66.2,B,,,
QRVO,98.44,,10.09,67.6,7.5729455156881675,14.705199768592703,9.629419385076348,,,True,53.6,64.1,87.9,A,,,
QSEA,10.65,,1.89,43.6,1.8164395763899055,3.398052634117854,3.8021244839522303,,,True,39.8,45.0,25.6,E,,,
QSR,76.59,,6.55,53.5,0.1962275482608966,8.330970774951375,6.355449713345725,,,True,31.2,54.1,54.6,C,,,
QTTB,15.37,,34.79,96.3,158.75420682759395,336.6477240215648,1.048347647935512,,,True,98.6,98.6,8.2,E,,,
QTWO,66.22,,22.27,78.6,48.14317946466022,16.955141682626508,15.946590769412612,,,True,92.7,67.2,99.0,A+,,,
QUIK,12.56,,48.38,64.1,-42.46449647449977,78.91738489482478,-0.7662790804676032,,,True,1.0,93.8,3.9,E,,,
QULL,71.53,,0.0,77.5,14.338923585283968,20.785910411101515,3.4402418365943612,,,True,65.9,71.9,22.7,E,,,
QUMS,10.31,,0.0,,1.376601202286043,2.4850893595641077,,,,True,37.8,42.6,,,,,
QURE,47.06,,34.18,91.9,61.33013840689412,95.18872407005814,11.094587178548505,,,True,94.9,95.3,94.2,A+,,,
QXO,14.89,,46.07,17.1,-12.514686584472656,-44.97413029075109,5.326845906305003,,,True,10.7,1.2,41.5,D,,,
Q,142.59,,19.57,,-11.992351204914076,24.521870297630333,,,,True,11.2,75.9,,,,,
RACE,412.29,,18.28,69.9,23.777360036303065,7.6587655486008765,11.339436773290096,,,True,79.6,52.9,95.1,A+,,,
RAC,10.5,,0.47,38.9,0.8645547925753672,0.7677535808090719,-0.45928487444895705,,,True,34.5,36.5,3.9,E,,,
RAL,71.44,,5.26,84.2,16.42764297716479,67.18933584539737,5.7823876201184685,,,True,69.8,91.7,46.8,C-,,,
RAMP,37.92,,0.81,82.1,32.633781633247,63.307485654372584,5.288448124505902,,,True,86.9,91.1,41.0,D,,,
RAND,10.2,,41.68,21.1,-6.336089905737962,-7.608697379844765,3.740945518617755,,,True,17.7,21.4,25.1,E,,,
RANG,10.75,,7.84,41.5,1.4150906899257576,2.7724661643921067,17.322584072839156,,,True,38.1,43.4,99.0,A+,,,
RAPP,47.36,,4.32,89.9,24.36974352172674,71.3458815346014,10.947140960148413,,,True,80.5,92.4,93.7,A+,,,
RAPT,58.01,,0.01,95.9,80.75724524774073,355.655930871956,3.6600213672341333,,,True,96.9,98.6,24.6,E,,,
RARE,26.38,,33.87,30.2,-0.30234633119198273,10.469008210915431,7.158759834460477,,,True,29.1,57.2,64.7,B-,,,
RA,12.75,,6.18,33.8,0.15710919088767206,-4.135338345864669,4.123120611348597,,,True,30.9,26.8,29.0,E,,,
RBA,86.41,,27.74,18.3,-15.101195065720797,-24.121879467764863,0.0015327673860543456,,,True,8.8,6.7,4.8,E,,,
RBB,27.52,,2.55,79.6,18.41652520552355,25.09091117165305,8.338085482118615,,,True,72.9,76.4,77.8,B+,,,
RBCAA,97.98,,4.15,83.2,29.14195776582784,35.74397805061456,5.363423885408505,,,True,84.7,83.1,41.5,D,,,
RBC,554.25,,16.99,47.3,-10.447399460341567,0.6757124952318616,0.9534299674925624,,,True,12.6,36.2,7.7,E,,,
RBKB,12.73,,1.15,80.6,12.556251976023901,17.539514166017224,6.69764104050566,,,True,63.1,68.1,58.4,C+,,,
RBLX,37.95,,73.27,12.2,-9.556718868113789,-44.99202672425068,2.456371191124262,,,True,13.4,1.2,15.0,E,,,
RBRK,105.09,,0.18,89.9,76.68123123384436,90.65674226758095,19.587761700896102,,,True,96.6,95.0,99.0,A+,,,
RCI,36.4,,11.52,36.4,0.8310291575592821,-3.957779615095236,7.894952625083971,,,True,34.4,27.3,73.4,B,,,
RCKY,47.12,,11.11,86.1,42.01325778144896,43.61474834466554,7.008370464140487,,,True,91.2,86.3,63.3,B-,,,
RCL,309.88,,15.45,65.6,17.289933717945694,-7.152058462078648,5.536332295234929,,,True,71.2,22.0,43.5,D+,,,
RCMT,28.92,,11.02,75.5,-0.31023758602570783,63.75990983178905,7.2447844263107575,,,True,29.0,91.1,65.7,B-,,,
RCRUY,21.34,,1.61,93.2,117.7550993597245,125.58139605217144,13.85581082556585,,,True,98.3,96.7,98.0,A+,,,
RCUS,28.86,,9.06,85.3,15.440002441406243,35.11236240801294,6.984768914054308,,,True,68.0,82.7,62.8,B-,,,
RDAG,10.38,,0.48,39.1,1.1695895017749036,1.6650350211438347,8.063369579105636,,,True,36.6,39.3,74.9,B,,,
RDCM,10.16,,39.31,15.0,-34.78819096654615,-14.333896733456076,0.7227536635670688,,,True,1.6,14.3,7.2,E,,,
RDDT,158.12,,44.12,22.8,2.5953770550139366,13.518554897830072,6.434686314048889,,,True,42.0,62.3,55.5,C,,,
RDNT,77.31,,9.94,80.3,45.922985199308705,11.285443441188647,15.75296492366848,,,True,92.3,58.7,99.0,A+,,,
RDN,36.87,,10.18,45.5,0.5454020504084056,7.681071646859716,4.784814899690524,,,True,32.7,52.9,35.7,D,,,
RDVT,73.74,,0.18,88.7,61.39198481893091,79.28518809571973,12.358705395816571,,,True,94.9,93.9,97.1,A+,,,
RDWR,29.68,,9.48,70.9,10.129871262247804,7.109347907527175,6.4833996214406575,,,True,58.6,51.9,56.0,C,,,
RDW,13.2,,50.45,84.5,15.18324440894534,46.50388245577288,8.560760113405355,,,True,67.6,87.2,79.7,B+,,,
RDY,12.42,,20.74,25.3,-4.387990174796419,-12.596762306165065,6.149727018818318,,,True,20.5,15.9,51.7,C,,,
REAL,10.94,,37.1,40.3,16.259294159227423,-7.523249531840226,3.552632886909743,,,True,69.5,21.6,23.7,E,,,
REA,13.39,,97.27,11.3,-50.4990745163669,346.3333447774251,14.5287397182074,,,True,1.0,98.6,98.5,A+,,,
REFI,10.3,,29.31,20.7,-9.171074155777214,-13.44537654844653,3.462354685840154,,,True,14.0,15.1,22.7,E,,,
REGN,805.97,,1.84,73.1,11.95893353102253,3.466111750532752,12.81178409875378,,,True,62.0,45.2,97.6,A+,,,
REG,76.86,,8.13,41.9,0.2478161084538355,0.5100047212652781,2.7610521317199286,,,True,31.6,35.7,16.9,E,,,
RELL,20.41,,11.84,88.8,24.908199800563715,41.73611005147298,8.316957081071962,,,True,81.0,85.7,77.3,B+,,,
RELX,34.67,,29.22,31.7,9.645788010579736,25.027039916860126,9.514423779793816,,,True,57.6,76.3,87.4,A,,,
RELY,25.62,,5.64,85.2,7.873687744140634,93.3584968998747,7.470223236812831,,,True,54.3,95.2,69.1,B,,,
REPL,15.19,,3.28,94.4,186.60376566760948,95.74741727298068,19.991496292826234,,,True,98.7,95.3,99.0,A+,,,
REPX,35.49,,14.54,68.2,-1.8257214980171521,27.524260432866686,6.1592532954602355,,,True,25.3,78.5,52.2,C,,,
REPYY,30.54,,1.1,84.5,15.681823321282117,50.44335991782805,9.237403617977998,,,True,68.5,88.6,85.0,A,,,
REXR,36.42,,17.94,33.0,2.3033656431048044,-2.8800048828125036,5.7245626002683,,,True,41.0,29.4,46.4,D+,,,
REX,43.69,,18.12,64.1,-10.21373073015005,22.44954772059693,2.0227244724779547,,,True,12.7,73.9,12.6,E,,,
REYN,26.31,,3.7,72.2,22.031537411606617,13.06402864607814,6.954261253028262,,,True,77.8,61.6,62.3,B-,,,
REZI,20.46,,35.08,22.9,-2.354753479279459,-19.22781198763287,1.987415496497876,,,True,24.2,10.0,12.1,E,,,
RFAI,11.07,,3.15,41.2,1.3266193965309592,2.5462927192000606,14.150285467279977,,,True,37.5,42.8,98.5,A+,,,
RFIL,13.25,,40.58,69.8,-26.674045379081356,15.017361111111116,-1.0002501907582637,,,True,3.5,64.6,3.4,E,,,
RFI,11.55,,5.09,38.5,1.2269955366771557,-1.7021260362990343,5.600791932190883,,,True,37.0,31.5,44.4,D+,,,
RFMZ,13.39,,2.26,40.5,-0.44609410168955366,1.5933258218721935,3.541072696758567,,,True,28.6,39.0,23.2,E,,,
RFM,14.9,,0.88,45.2,2.6033041562587567,1.4850120128662825,5.853185324709948,,,True,42.0,38.7,47.8,C-,,,
RF,31.66,,2.49,74.0,18.888471075524272,2.2940221241102066,7.044172594330968,,,True,73.6,42.0,63.7,B-,,,
RGA,250.38,,0.13,78.8,20.392366631154736,13.448121831813564,6.719545272186518,,,True,75.6,62.2,58.4,C+,,,
RGCO,21.72,,22.4,30.5,-6.540450458887726,1.1644122652747724,2.8155776151130665,,,True,17.3,37.7,17.4,E,,,
RGEN,167.49,,4.71,83.6,56.48884003846031,20.15064956468009,15.288942091804754,,,True,94.2,71.2,98.5,A+,,,
RGLD,225.98,,26.21,40.0,-7.759502131703721,-20.76993348028222,6.347018287293755,,,True,15.7,9.1,54.6,C,,,
RGNX,10.66,,34.16,47.7,6.175297284981185,25.411762910730708,9.875593272869036,,,True,50.5,76.5,89.8,A,,,
RGR,37.6,,22.01,38.1,-4.154987320619174,-0.8961558404820824,2.501983195288208,,,True,21.0,32.9,15.5,E,,,
RGS,28.05,,10.95,59.9,-2.7199267504940394e-06,26.237620328805345,7.525335488887588,,,True,30.1,77.2,69.5,B,,,
RGTI,18.62,,67.98,27.9,1.113227473436873,13.32928082308824,7.932859369038263,,,True,36.3,62.1,73.4,B,,,
RGT,15.35,,1.92,67.4,6.745482485881271,5.498284408726639,5.822793543046713,,,True,52.0,48.9,47.3,C-,,,
RHHBY,55.49,,8.81,68.2,8.252055199847064,-3.979925939822182,6.71559015731429,,,True,55.1,27.2,58.4,C+,,,
RHI,43.78,,0.91,89.5,75.82328827026859,61.311712525043745,13.435366217327427,,,True,96.5,90.9,98.0,A+,,,
RHLD,131.31,,44.4,62.3,23.912424314420043,-31.060011173916546,6.010541719262088,,,True,79.8,3.7,49.7,C-,,,
RHP,124.7,,9.28,77.2,16.672901336304456,21.457092576450943,7.392827609720279,,,True,70.2,72.7,68.1,B,,,
RH,179.56,,30.13,72.0,39.32339971957926,-10.19305913844466,8.376032579135781,,,True,90.1,18.1,78.2,B+,,,
RIBB,10.82,,1.55,43.4,1.787390200731842,3.3626219811170976,5.031691701763943,,,True,39.6,45.0,38.2,D,,,
RICK,30.07,,21.39,75.7,23.389411960706674,28.504272200103497,11.759263462993173,,,True,79.2,79.1,96.1,A+,,,
RIGL,40.79,,21.92,74.1,26.953006273038717,16.742990599677587,10.304304488103966,,,True,82.7,66.9,91.3,A,,,
RIOT,19.21,,36.64,45.5,-22.913326306289505,29.797291111301718,-1.2800007296125795,,,True,4.8,80.2,2.9,E,,,
RIO,98.2,,12.77,63.3,-12.352733891251177,-1.3263696259624314,4.691203356306454,,,True,10.9,32.3,35.3,D,,,
RIVN,15.82,,30.28,46.7,10.861946004374357,7.1815697481315555,5.912458997039563,,,True,60.2,52.0,48.3,C-,,,
RIV,11.24,,9.06,30.1,-3.519315269371981,-7.184147224457771,3.115162213864412,,,True,22.1,22.0,20.3,E,,,
RJET,20.58,,22.92,41.4,-7.004067222295274,11.363635950790329,5.020629548439782,,,True,16.6,58.9,38.2,D,,,
RJF,180.99,,0.95,71.7,17.55651175186026,14.117279629989966,9.607943591490084,,,True,71.5,63.4,87.9,A,,,
RKLB,80.1,,46.95,43.4,-35.481273883108265,15.0531434560774,2.3294329123458937,,,True,1.4,64.6,14.5,E,,,
RKT,15.04,,38.26,28.8,8.670519955585455,-19.09628853225913,7.430410632414475,,,True,55.8,10.1,68.6,B,,,
RLAY,19.93,,4.14,93.9,50.75643196048245,117.81421098552767,7.636779850346383,,,True,93.2,96.3,71.0,B,,,
RLI,63.99,,7.52,71.8,33.95436817765709,1.5391965700837673,13.165721679326568,,,True,87.7,38.8,98.0,A+,,,
RLJ,10.95,,15.05,82.1,23.17210134156509,30.202138041202574,2.953576118209095,,,True,79.0,80.4,18.4,E,,,
RLTY,15.74,,4.08,41.1,0.19095971431040137,2.5407151212909707,5.77791820133416,,,True,31.2,42.7,46.4,D+,,,
RLYB,16.96,,3.49,92.4,18.18814693012305,256.30250177463563,2.075981237116536,,,True,72.6,98.3,13.0,E,,,
RL,387.39,,8.11,69.7,16.817446067317256,7.755003935478144,3.522538040794214,,,True,70.4,53.0,23.2,E,,,
RMBI,15.99,,3.62,68.6,11.818180217609541,13.083449583579654,6.727383637246999,,,True,61.8,61.7,58.9,C+,,,
RMBS,99.33,,42.95,23.7,-26.340376840152246,-0.050310091512684174,1.1178322014155864,,,True,3.6,34.4,8.2,E,,,
RMD,226.74,,22.83,37.6,12.042301474113781,-12.664661623463502,12.26980976224683,,,True,62.2,15.8,97.1,A+,,,
RMIX,18.82,,26.2,,6.749861546821956,,,,,True,52.1,,,,,,
RMI,15.78,,3.55,51.8,3.40759982287806,3.747532761151806,7.262327238705851,,,True,44.1,45.8,66.2,B,,,
RMMZ,14.83,,3.01,36.5,-1.0343682101698004,-1.5272249421908746,4.350127545442243,,,True,27.1,31.9,31.4,D-,,,
RMM,14.51,,3.27,41.0,0.48476612799055463,0.276435583150203,5.26504536895503,,,True,32.5,35.4,40.6,D,,,
RMR,20.26,,5.55,71.1,4.540764854911439,15.24459743391262,7.36058176829218,,,True,46.6,65.0,67.1,B,,,
RMT,14.59,,1.29,77.2,7.200588924231388,21.482099521964116,5.301113358893212,,,True,52.8,72.8,41.0,D,,,
RM,32.68,,28.96,23.2,-4.2765076005396025,-3.854073830021243,1.0420622898450826,,,True,20.8,27.5,8.2,E,,,
RNAM,71.34,,2.35,86.2,-0.49930264993026663,53.160154572778026,3.8048916421619285,,,True,28.5,89.1,26.1,E,,,
RNA,12.33,,83.12,10.0,-7.293233656345455,-83.06783861067557,5.513187620219183,,,True,16.2,1.0,43.5,D+,,,
RNGR,17.32,,7.95,69.8,6.715956221960684,3.4029832526819126,7.309581568380737,,,True,51.9,45.1,66.6,B,,,
RNGT,10.15,,0.1,,0.9950191631598271,1.1964096585627138,,,,True,35.4,37.8,,,,,
RNG,67.78,,0.98,92.9,75.00645179265912,141.12415076235104,16.726997885942794,,,True,96.4,97.1,99.0,A+,,,
RNMBY,270.41,,42.33,20.7,3.288776268373783,-28.445926003090438,9.163910393806072,,,True,43.8,4.6,84.5,A,,,
RNP,20.5,,9.21,33.4,-1.6314779270633406,-2.520209224916792,5.505695577216137,,,True,25.8,30.1,43.0,D,,,
RNR,319.86,,4.8,69.3,10.292743474901723,4.93749724469752,4.203833339338537,,,True,58.9,47.7,29.9,D-,,,
RNST,43.81,,1.64,70.7,12.132074157386775,7.403778801890204,7.69982166483369,,,True,62.3,52.4,71.5,B,,,
ROAD,118.6,,21.46,40.1,-6.5224235668770225,-11.634750599282384,5.162643876949698,,,True,17.4,16.9,39.6,D,,,
ROCK,48.93,,34.83,60.7,28.021978820449455,-9.589799879571725,7.869305389852832,,,True,83.7,18.8,72.9,B,,,
ROG,137.71,,18.51,78.4,-3.766592093733623,24.963708451785106,3.9151970872360655,,,True,21.7,76.2,26.6,E,,,
ROIV,36.28,,1.95,88.5,24.161529018812033,35.373129773495805,6.963536810964743,,,True,80.2,82.8,62.3,B-,,,
ROKU,154.08,,0.03,85.2,22.597073385625933,75.31004873256877,7.773501427681546,,,True,78.3,93.1,72.0,B,,,
ROK,445.51,,10.43,57.5,-2.0835601297556017,9.523811924582692,4.8820294701685025,,,True,24.6,55.8,36.7,D,,,
ROL,36.22,,45.24,12.9,-31.427487276215217,-44.786583505025725,0.6700078393907667,,,True,2.0,1.2,6.8,E,,,
ROOT,49.83,,52.3,16.7,-12.70146841090629,-15.1540918933174,7.95930224381374,,,True,10.6,13.5,73.9,B,,,
ROP,397.5,,27.06,59.7,25.69169960474309,19.083283403235463,12.146320145348984,,,True,81.8,70.0,96.6,A+,,,
ROST,244.96,,4.68,80.3,15.678129351089542,27.22551506900759,5.230881554609722,,,True,68.4,78.0,40.6,D,,,
RPD,13.78,,36.73,89.0,122.97734195746264,86.72086359039555,20.539985831575223,,,True,98.3,94.6,99.0,A+,,,
RPM,113.33,,12.23,60.4,16.654659630524637,-4.972327829067014,8.210544246252091,,,True,70.2,25.5,76.3,B+,,,
RPRX,58.56,,3.11,80.5,9.97183356486575,32.33898615432997,4.395489005655679,,,True,58.4,81.7,31.9,D-,,,
RPT,13.04,,27.31,22.4,-11.712931876418232,-12.129380310963423,4.466069272834401,,,True,11.5,16.3,32.8,D-,,,
RQI,12.5,,7.89,34.8,-5.446293494705001,-2.8749028749028738,5.078847755732911,,,True,19.0,29.5,38.6,D,,,
RRBI,103.43,,0.88,81.0,16.252669782146544,16.213483488961543,7.959212733015528,,,True,69.5,66.5,73.9,B,,,
RRC,39.91,,17.39,42.8,-3.271934446407876,9.70313317045659,8.312779633972593,,,True,22.6,56.1,77.3,B+,,,
RRR,62.04,,10.07,63.0,21.561516788685964,-4.354866395952972,6.3113246402171175,,,True,77.1,26.4,54.1,C,,,
RRX,170.58,,31.16,26.5,-17.0814690690965,-23.875400825127336,-1.7852648428005535,,,True,7.8,7.1,2.4,E,,,
RSF,14.6,,3.09,36.4,-0.4430842383345013,1.6353482410322195,3.031435403027693,,,True,28.7,39.2,19.3,E,,,
RSG,215.22,,9.81,39.6,5.67093888186927,-4.757268123776104,5.65064923099125,,,True,49.2,25.8,45.4,D+,,,
RSI,24.61,,28.73,55.4,-8.885595666969415,43.91813222427814,0.043691947621978144,,,True,14.4,86.4,5.3,E,,,
RSP,222.73,,0.08,68.0,9.762466852626584,9.471143407938598,9.009573492030343,,,True,58.0,55.7,83.1,A-,,,
RS,425.15,,1.82,81.6,15.263655658529029,17.97596744914516,9.000720497921717,,,True,67.8,68.7,83.1,A-,,,
RTAC,10.45,,10.68,33.5,-0.19102633480015951,-1.96998162432388,5.905093017885945,,,True,29.5,30.9,48.3,C-,,,
RTB,17.3,,16.63,93.7,140.27776718139648,169.47039310063155,16.245918417180313,,,True,98.6,97.6,99.0,A+,,,
RTO,24.1,,30.49,17.4,-25.248137774597623,-25.846152672400848,-0.28298359469814827,,,True,4.1,5.8,4.3,E,,,
RTX,220.48,,2.82,78.3,23.788667524304664,12.197850352419248,10.09571268492088,,,True,79.7,60.2,90.8,A,,,
RUSHA,82.45,,1.26,81.9,17.651251353085318,13.053608869110356,7.861399232159325,,,True,71.7,61.6,72.9,B,,,
RUSHB,80.23,,1.07,82.2,24.79390785026223,22.69460675475392,9.286910361261938,,,True,80.8,74.2,85.0,A,,,
RVI,28.83,,62.75,,-60.88726050496014,,,,,True,1.0,,,,,,
RVLV,24.16,,23.74,69.1,37.9782972439298,-5.8089674564829945,8.039695113787221,,,True,89.6,24.1,74.9,B,,,
RVMD,202.0,,3.24,93.6,34.72055488862211,106.14348402898256,8.094149535057113,,,True,88.0,95.8,75.3,B+,,,
RVTY,117.5,,0.71,77.9,23.671192506051987,16.2215628090999,10.991076888328708,,,True,79.5,66.5,93.7,A+,,,
RVT,18.93,,0.21,62.3,2.4905268282392035,4.182720446757182,5.889255499161382,,,True,41.7,46.6,48.3,C-,,,
RXO,23.32,,22.01,83.3,17.718322538234332,42.80465214221814,2.4337860935676012,,,True,71.9,86.0,15.0,E,,,
RYAAY,59.17,,20.3,30.8,7.699305003540791,-9.053184492859955,3.250468561870555,,,True,53.8,19.5,21.2,E,,,
RYAN,42.82,,29.86,60.8,41.46019060067465,-0.5342631943688225,10.224158373246127,,,True,91.0,33.7,91.3,A,,,
RYCEY,20.6,,3.15,80.9,25.916868049719778,19.420292066491164,6.28045367086664,,,True,82.0,70.4,53.6,C,,,
RYM,22.22,,58.58,22.9,-17.814350692478154,30.340173447236985,5.388934100033842,,,True,7.1,80.6,41.5,D,,,
RYN,21.76,,20.41,38.7,8.6913098345746,-2.6833621248576134,10.461046843087738,,,True,55.9,29.7,92.2,A,,,
RYTM,116.02,,5.06,76.5,23.79427725465899,17.82268370373352,13.268473112515304,,,True,79.7,68.3,98.0,A+,,,
RYZ,28.86,,9.81,72.5,9.90099242327327,-2.8936722397322923,6.7688748206784215,,,True,58.2,29.4,59.4,C+,,,
RY,215.0,,1.63,80.9,19.497554468652734,24.313385371494654,6.427050334760034,,,True,74.5,75.8,55.5,C,,,
R,263.17,,7.42,79.5,15.780912198739273,21.103498885340933,2.536568654674686,,,True,68.7,72.1,15.5,E,,,
SAAQ,10.19,,8.2,,-0.09804146145916404,,,,,True,29.8,,,,,,
SAC,10.1,,8.31,,0.0,1.303912848135358,,,,True,30.3,38.1,,,,,
SAFE,15.47,,11.35,48.3,5.0951105097065685,2.7906994486963876,2.286133729854021,,,True,47.8,43.5,14.0,E,,,
SAFT,103.58,,0.16,86.4,48.60832400438262,30.15833353990285,7.378827864857435,,,True,92.8,80.3,67.6,B,,,
SAH,79.24,,30.29,60.7,4.0987885756299525,30.221853514822563,2.2145580569463696,,,True,45.4,80.4,13.5,E,,,
SAIA,380.22,,23.14,39.5,-11.867785169741063,-2.1765974012804556,3.367171889903288,,,True,11.3,30.6,22.2,E,,,
SAIC,126.66,,1.05,82.6,40.09512627155114,54.05011391645509,12.125686730607232,,,True,90.4,89.3,96.6,A+,,,
SAIH,19.51,,18.84,93.3,62.58333524068196,182.34443167701642,6.048196018941644,,,True,95.2,97.8,50.7,C-,,,
SAIL,19.99,,16.71,84.5,69.26332820373389,30.996064687365443,16.289525940935196,,,True,96.0,80.8,99.0,A+,,,
SAM,184.84,,30.11,26.7,3.1530756950112426,-26.308656724518354,7.765057978349459,,,True,43.5,5.6,72.0,B,,,
SANM,206.56,,28.45,69.8,-13.435588987262703,38.31525214851597,1.7315462370402956,,,True,10.1,84.1,11.1,E,,,
SAN,14.78,,1.47,81.2,23.78559240344382,19.579285865462715,5.873316908285153,,,True,79.6,70.5,48.3,C-,,,
SAPH,38.4,,25.54,60.2,27.466142947700668,4.5975751554581334,17.332253955039427,,,True,83.3,47.1,99.0,A+,,,
SAP,209.28,,25.62,62.8,30.13306726731555,3.2716500267934157,14.252850011508093,,,True,85.6,44.7,98.5,A+,,,
SARO,27.12,,21.35,34.4,1.4210960036195486,-9.267308822275687,4.837901689420539,,,True,38.2,19.2,36.2,D,,,
SAR,19.55,,23.75,21.3,-11.176741312764449,-16.130419403429652,5.9049102013238155,,,True,11.8,12.6,48.3,C-,,,
SATA,99.7,,1.63,,0.4028135792462084,13.61823014044694,,,,True,32.2,62.6,,,,,
SATS,101.5,,31.07,74.8,-15.837479270315091,-7.051282051282048,3.4405358260588255,,,True,8.4,22.2,22.7,E,,,
SA,32.17,,19.7,73.6,-3.2772153669713977,-6.428161230525564,9.173324241724096,,,True,22.6,23.0,84.5,A,,,
SBAC,186.19,,17.37,25.9,-10.33901452306354,-2.497904041995058,5.823712718588707,,,True,12.7,30.2,47.3,C-,,,
SBCF,35.93,,0.36,73.5,19.726758764331166,5.8632890547312355,10.628364393657987,,,True,74.8,49.5,92.7,A+,,,
SBFG,27.34,,3.66,80.1,24.499089948032292,28.962264870697595,12.248798923688767,,,True,80.6,79.7,96.6,A+,,,
SBGI,14.28,,20.13,33.4,1.709399807487122,-5.305041558546475,4.927261213712777,,,True,39.4,24.9,37.2,D,,,
SBGSY,71.33,,0.9,77.4,12.703429924512522,11.802512043950086,6.290217300982039,,,True,63.4,59.5,53.6,C,,,
SBH,16.54,,7.7,77.9,35.462742960911896,8.67280496404299,10.917834099473039,,,True,88.4,54.3,93.7,A+,,,
SBLK,28.74,,2.58,79.3,7.680778460540139,19.89987388868655,5.8798575813152265,,,True,53.8,70.9,48.3,C-,,,
SBRA,20.15,,11.51,39.4,-4.5023714761598495,2.806120502705478,5.830584643820385,,,True,20.3,43.6,47.3,C-,,,
SBR,72.75,,13.79,32.6,-5.261101705951299,2.392681210415204,4.993589633811359,,,True,19.3,42.3,37.7,D,,,
SBSI,33.02,,8.78,48.3,3.058678082907851,0.12128701565699007,3.5014972415410135,,,True,43.3,34.9,23.2,E,,,
SBUX,108.55,,1.77,67.3,2.453990610436829,9.513723821386,6.855459455284473,,,True,41.6,55.8,60.4,C+,,,
SBXD,10.81,,2.61,38.9,0.18536105499891153,1.6455118661832246,8.347927663095119,,,True,31.1,39.3,77.8,B+,,,
SBXE,10.11,,1.27,,0.7976064390418092,1.9153183359075454,,,,True,34.2,40.3,,,,,
SCCO,187.59,,15.38,74.2,-2.240869071921081,-8.25786961168874,2.9824135762178923,,,True,24.3,20.3,18.8,E,,,
SCDL,61.43,,0.0,82.6,17.2660629860256,18.524020366311756,8.864922054719305,,,True,71.2,69.3,82.1,A-,,,
SCD,15.84,,2.1,47.7,3.9370088752486154,-0.6896542157499019,3.166921955436136,,,True,45.1,33.4,20.3,E,,,
SCHL,41.59,,13.48,75.5,7.4121904767249225,17.81869731611301,4.270328218832951,,,True,53.2,68.3,30.4,D-,,,
SCHW,110.06,,0.13,73.9,20.719532256875883,15.306440606174698,11.334690418929627,,,True,76.1,65.1,95.1,A+,,,
SCHYY,18.18,,37.4,18.3,-12.301009615871205,-23.12896152889843,5.617338733245845,,,True,10.9,7.4,44.4,D+,,,
SCII,10.1,,0.1,,1.00000381469727,0.6979127653256478,,,,True,35.5,36.3,,,,,
SCI,83.12,,8.65,51.6,7.320855708950336,-1.5282516922378475,8.49343664244174,,,True,53.0,31.8,79.2,B+,,,
SCL,65.28,,4.0,82.1,28.986363918784576,-1.1957033762723168,10.19310246569366,,,True,84.5,32.6,91.3,A,,,
SCPQ,10.02,,0.2,,0.8048378345835605,,,,,True,34.3,,,,,,
SCSC,52.33,,12.2,79.3,24.56558398251534,50.9374151458168,5.343652376665741,,,True,80.8,88.7,41.5,D,,,
SCVL,15.95,,39.97,22.1,-2.921485088253195,-11.142061281337046,3.613847272141797,,,True,23.2,17.3,24.1,E,,,
SDGR,18.46,,19.81,80.8,44.78430654488357,54.09014260828593,13.611982283801645,,,True,92.1,89.3,98.0,A+,,,
SDHC,14.17,,39.68,31.0,22.790295288509064,-22.398685233877636,7.096592752361946,,,True,78.6,7.8,64.2,B-,,,
SDHI,10.48,,0.19,40.0,0.963385613611778,2.0447816466639512,2.1228235987590978,,,True,35.1,41.0,13.0,E,,,
SDHY,16.23,,5.53,36.4,1.5644527048581214,-3.679527939250282,4.681440522093498,,,True,38.8,27.7,34.8,D,,,
SDOT,11.01,,95.77,25.3,156.0465169507404,-79.5353155596992,-4.224512868210642,,,True,98.6,1.0,1.0,E,,,
SDRL,47.01,,15.25,73.6,-6.073929427506086,9.300158850344587,7.2206026296818235,,,True,18.0,55.4,65.2,B-,,,
SD,13.93,,24.5,32.6,-6.3844065512380315,-18.05882173426011,5.847939416366438,,,True,17.6,10.8,47.8,C-,,,
SEDG,32.18,,60.39,16.2,-24.760345323414125,-11.423065496350727,-2.4624333598186983,,,True,4.3,17.1,1.4,E,,,
SEE,42.15,,4.79,73.2,1.4684641309581137,19.135104578858098,6.754532896194225,,,True,38.3,70.1,59.4,C+,,,
SEG,28.6,,3.41,79.3,22.85223169205497,39.71666507487996,11.398529295659989,,,True,78.7,84.8,95.1,A+,,,
SEIC,106.39,,0.57,77.9,15.340415643591122,32.688949101581976,10.212104003248319,,,True,67.9,81.8,91.3,A,,,
SEI,59.9,,30.5,56.4,-22.39927254064139,11.483345479022722,0.5300304390707895,,,True,5.2,59.0,6.3,E,,,
SEMG,28.19,,0.56,56.3,6.1408153297978885,9.432864933045849,9.608249308531251,,,True,50.4,55.6,87.9,A,,,
SEMR,12.0,,0.08,71.4,0.7556675062972307,56.86274509803921,0.5649602204387478,,,True,33.8,90.2,6.8,E,,,
SEM,16.51,,2.83,60.2,1.3505217925107615,11.78063642518621,-0.020615817528045532,,,True,37.7,59.5,4.8,E,,,
SENEA,193.9,,1.27,87.9,40.864507007979924,57.98907675098539,9.338489947709888,,,True,90.8,90.4,86.0,A,,,
SENEB,196.63,,0.0,88.4,41.71531883445947,63.85833740234374,10.470229060808254,,,True,91.1,91.2,92.2,A,,,
SEPN,45.14,,11.66,93.1,82.38383591777148,71.3743323012603,10.857318832347886,,,True,97.1,92.4,93.7,A+,,,
SEZL,129.87,,33.64,86.6,26.826167106628418,106.60196486984965,4.183804525090505,,,True,82.6,95.9,29.5,D-,,,
SE,123.32,,38.12,69.7,31.86484141875987,7.684247026566737,13.384426792560921,,,True,86.4,52.9,98.0,A+,,,
SFBC,46.58,,5.34,58.2,12.132888375191841,6.444245500582024,5.666682764552846,,,True,62.3,50.7,45.4,D+,,,
SFBS,91.53,,0.5,75.4,21.247845779966724,6.591357609522386,11.194716350626305,,,True,76.7,50.8,94.7,A+,,,
SFD,22.47,,24.61,24.1,-10.939359012914174,-9.395161271715512,0.36631489465682954,,,True,12.1,19.1,5.8,E,,,
SFL,12.1,,6.49,73.8,-2.5764864615964056,21.000003814697266,6.599229162052943,,,True,23.8,72.0,57.0,C,,,
SFM,82.68,,45.69,31.3,-6.332842069586741,25.902238929763644,7.933386630640522,,,True,17.7,77.0,73.4,B,,,
SFNC,23.94,,1.56,75.2,16.32653320727706,10.32258310625631,7.027735457594934,,,True,69.6,57.0,63.3,B-,,,
SFST,64.6,,0.75,77.7,15.895225106065825,10.502905361137692,9.458154318523649,,,True,69.0,57.3,86.9,A,,,
SFTBY,17.95,,38.04,53.4,-8.651393835080246,12.539191082074774,3.8827737876076807,,,True,14.7,60.7,26.6,E,,,
SF,85.68,,4.62,66.7,15.053041903015686,3.6368456384053616,10.448386571454158,,,True,67.4,45.6,92.2,A,,,
SGAPY,33.1,,19.66,24.7,-12.641860629947576,-16.202535508554195,1.6667189700770777,,,True,10.7,12.6,10.6,E,,,
SGC,13.15,,9.87,74.9,11.91489037047042,25.477095596662913,4.951626334918151,,,True,61.9,76.5,37.2,D,,,
SGHC,13.09,,17.47,57.9,0.3065145792175539,53.63849944351986,4.523556317969193,,,True,31.9,89.2,33.3,D-,,,
SGI,66.34,,32.69,21.7,3.6724430971880384,-31.699787565231517,3.5640096652526996,,,True,44.6,3.4,23.7,E,,,
SGML,11.33,,53.72,28.9,-39.83005882259132,-16.84403725720327,2.2638994205566654,,,True,1.0,11.9,14.0,E,,,
SGP,25.17,,22.41,,5.667507971308106,-8.63883566851429,,,,True,49.2,19.8,,,,,
SGRY,15.19,,36.97,33.0,6.149542839855338,1.2666638692220067,8.50352423267126,,,True,50.5,38.0,79.2,B+,,,
SGSOY,11.59,,9.17,48.8,7.215538415296829,-4.056289521629697,5.374150374644254,,,True,52.9,27.0,41.5,D,,,
SGU,12.52,,7.46,37.6,-2.0344252131168084,-2.4922082728686012,5.151045164557933,,,True,24.8,30.2,39.6,D,,,
SHAK,73.64,,33.46,29.7,15.22453354662563,-24.1137681475181,14.529904258625779,,,True,67.7,6.8,98.5,A+,,,
SHAZ,72.02,,26.12,,30.874065492731617,,,,,True,85.8,,,,,,
SHBI,23.94,,3.82,81.8,24.557755119966806,21.215192577506926,4.948691663135948,,,True,80.7,72.3,37.2,D,,,
SHC,19.02,,4.18,75.3,22.868220011393237,9.499139077511053,10.066573179667659,,,True,78.7,55.8,90.8,A,,,
SHECY,20.08,,18.84,43.8,-14.770796354502934,12.808993170620052,3.737281877635155,,,True,9.1,61.2,25.1,E,,,
SHEL,89.92,,5.25,66.3,5.87542466613129,12.077774110613614,7.562704070449361,,,True,49.8,59.9,70.0,B,,,
SHEN,13.43,,22.59,33.0,-15.26813687586258,6.166010317595116,4.620162541698332,,,True,8.7,49.9,34.3,D,,,
SHG,74.82,,3.51,79.2,16.43323948774387,9.626373179229631,3.9106930860520084,,,True,69.8,55.9,26.6,E,,,
SHIP,16.6,,10.17,85.0,3.814886688366026,42.857146140014876,3.6572524400488984,,,True,44.8,86.1,24.6,E,,,
SHOE,15.3,,42.42,22.3,-4.79153583861317,-24.44444350254389,6.6403372335472834,,,True,19.9,6.6,57.5,C,,,
SHOO,47.35,,4.73,80.5,22.955072641186945,22.636618684592325,9.07664628262617,,,True,78.8,74.1,83.5,A-,,,
SHOP,158.53,,12.99,83.9,66.17400291330908,33.54392955883825,13.808096201207906,,,True,95.6,82.2,98.0,A+,,,
SHO,10.89,,9.78,64.4,6.347659602761269,17.349141630633124,3.083219975063016,,,True,50.9,67.7,19.8,E,,,
SHTDY,10.6,,28.75,20.8,-9.691442634768277,-21.46033768130593,5.178324390912369,,,True,13.3,8.4,40.1,D,,,
SHW,361.55,,4.77,65.0,18.022454721214597,-1.4769632959182655,9.07212396155309,,,True,72.4,32.0,83.5,A-,,,
SIBN,18.95,,13.43,78.7,33.8276890038097,24.34383702716176,9.955675939252195,,,True,87.5,75.8,89.8,A,,,
SIEGY,164.01,,1.81,66.8,4.418403806585358,7.526385510662736,5.745966255496607,,,True,46.4,52.6,46.4,D+,,,
SIFY,15.85,,11.2,75.7,-2.0395526485183724,7.16700731216855,5.695319203089661,,,True,24.8,52.0,45.9,D+,,,
SIF,19.35,,33.28,89.0,1.788534358073246,118.64407210700256,0.1680990190971512,,,True,39.6,96.3,5.3,E,,,
SIGI,93.89,,6.48,68.2,10.238346119112872,5.91088481629829,4.618732991557682,,,True,58.8,49.6,34.3,D,,,
SIG,92.56,,16.01,59.9,18.636243986918434,0.2273931332904766,6.298829635175338,,,True,73.3,35.2,54.1,C,,,
SII,117.6,,30.67,47.1,-17.566242482741412,-3.4165584148151407,4.359095447784254,,,True,7.5,28.3,31.4,D-,,,
SILA,30.36,,0.88,79.1,30.021415890156568,31.20138552442335,1.9950844618783092,,,True,85.5,80.9,12.6,E,,,
SILC,44.89,,15.22,90.6,-4.346900938315712,131.39174943117754,4.312121266734427,,,True,20.6,96.9,30.9,D-,,,
SIMA,10.93,,15.27,39.8,-0.6363608620383543,2.4367406468861263,23.561116347626644,,,True,28.2,42.4,99.0,A+,,,
SIMO,249.12,,29.83,89.5,-7.688889051325642,78.01914757552343,-0.18987330009320136,,,True,15.8,93.6,4.3,E,,,
SIM,30.5,,11.82,43.4,1.59893404397069,-1.6129032258064502,10.24314443196526,,,True,38.9,31.7,91.3,A,,,
SIRI,27.99,,14.3,70.1,6.18361066433295,27.80821813295966,4.229291468662628,,,True,50.6,78.7,29.9,D-,,,
SITE,97.76,,42.0,16.6,-17.19464498032317,-40.11638460261533,5.286746080575597,,,True,7.7,1.8,41.0,D,,,
SITM,687.93,,23.72,88.2,-17.643749904133642,57.68084548358423,3.7292212324498104,,,True,7.3,90.3,25.1,E,,,
SI,19.23,,21.81,84.2,42.1286025259471,56.97958809988839,6.407627010684513,,,True,91.3,90.2,55.1,C,,,
SJM,120.63,,5.5,72.8,19.58956801171603,8.61696133028811,7.337785206667979,,,True,74.6,54.3,67.1,B,,,
SKE,32.8,,15.4,81.1,-4.401051480441431,-3.9812668704316434,9.352520670382699,,,True,20.4,27.2,86.0,A,,,
SKHSY,21.5,,16.05,31.7,-1.1494252873563204,-11.704313498239483,3.3212449991933255,,,True,27.0,16.8,21.7,E,,,
SKM,36.71,,22.19,78.9,-7.368157747987247,24.02026717727248,3.7650958962891403,,,True,16.1,75.4,25.6,E,,,
SKT,38.49,,9.5,62.4,8.698112619222819,13.741139711781303,3.621670485856445,,,True,55.9,62.8,24.1,E,,,
SKWD,58.98,,10.21,80.4,33.95412114975318,26.53936825195522,7.439785895781096,,,True,87.6,77.5,68.6,B,,,
SKYH,11.0,,5.95,72.0,16.648992576882303,26.728110599078335,9.18809636072369,,,True,70.1,77.7,84.5,A,,,
SKYT,32.46,,18.71,82.6,-1.8148848019580943,14.094900121169275,2.1999976221593336,,,True,25.4,63.3,13.5,E,,,
SKYW,108.36,,12.57,72.0,27.60245008284452,3.654104276211556,9.677228938935794,,,True,83.3,45.7,88.4,A,,,
SKY,96.31,,2.88,81.3,42.91437536517844,5.118966992571217,11.378924823821833,,,True,91.6,48.1,95.1,A+,,,
SLAB,218.3,,1.18,77.3,0.6222646009485189,5.408016925039982,2.137649719704008,,,True,33.3,48.7,13.0,E,,,
SLB,52.06,,11.49,67.8,-5.994941543353171,0.9697466510686814,4.4928082721476645,,,True,18.1,37.1,32.8,D-,,,
SLDE,21.59,,6.13,79.1,18.626369491980867,26.40515368283003,10.9889273532465,,,True,73.2,77.4,93.7,A+,,,
SLF,80.89,,4.14,77.6,14.235276641220773,24.618701878983895,5.794634105123009,,,True,65.8,76.0,46.8,C-,,,
SLGL,84.04,,14.22,91.6,15.044491328579523,27.14069730034394,2.245486418828106,,,True,67.3,77.9,13.5,E,,,
SLGN,42.17,,14.89,41.3,7.7139161403456225,-13.015680344584746,5.580836643406917,,,True,53.9,15.6,43.9,D+,,,
SLG,57.63,,13.06,81.1,33.310203719905715,42.33144249966716,12.03550151840154,,,True,87.2,85.8,96.6,A+,,,
SLM,27.74,,16.37,72.7,30.112569282918212,7.394501630345207,12.08552034326887,,,True,85.6,52.4,96.6,A+,,,
SLNO,53.01,,41.31,59.3,37.688311688311686,11.953537486800414,15.469979138113633,,,True,89.5,59.7,98.5,A+,,,
SLN,13.97,,20.52,93.7,100.14327030127231,222.6328006242219,11.158891576208847,,,True,98.0,98.2,94.2,A+,,,
SLP,18.31,,12.85,77.5,34.929988695227586,42.71238866673719,5.368463863389792,,,True,88.1,85.9,41.5,D,,,
SLRC,13.04,,22.52,25.1,0.30769201425404624,-13.41301486153369,8.231732511478384,,,True,31.9,15.2,76.3,B+,,,
SLS,12.36,,22.17,96.1,89.28023976534834,236.78473178957074,6.595850686192775,,,True,97.6,98.3,57.0,C,,,
SLVM,38.91,,31.5,25.9,1.6989018489600438,-25.25931646674585,4.752238375650432,,,True,39.3,6.1,35.3,D,,,
SLVO,68.89,,35.86,16.3,-25.330588131748932,-32.27487279822214,6.006123571162464,,,True,4.1,3.2,49.7,C-,,,
SLV,58.16,,47.05,29.6,-26.704474042328773,-24.033438025846255,2.890477197908984,,,True,3.4,6.8,17.9,E,,,
SMA,34.23,,13.93,55.1,10.74085962864273,5.000003510457773,7.791622143754745,,,True,60.0,47.8,72.0,B,,,
SMBC,77.24,,3.28,77.8,14.650434709469383,20.668642186798202,7.964712043700402,,,True,66.5,71.8,73.9,B,,,
SMBK,52.57,,2.9,83.5,30.155978447200347,25.67535188817647,10.248922869280445,,,True,85.6,76.8,91.3,A,,,
SMCAY,24.31,,12.46,70.8,-9.223305292650164,9.013454249547248,2.9353849979814903,,,True,13.9,54.7,18.4,E,,,
SMCI,39.16,,33.38,76.3,22.374999523162842,22.222221745980363,12.477701784423658,,,True,78.1,73.7,97.1,A+,,,
SMC,34.81,,4.55,81.1,14.695226930118665,19.70426882149594,7.739982015419844,,,True,66.6,70.6,72.0,B,,,
SMERY,37.13,,16.82,66.9,-11.218970124740657,-4.284385328480722,2.37678646404035,,,True,11.7,26.5,14.5,E,,,
SMFG,26.3,,1.39,81.3,17.778769534529992,10.643665280019121,4.761958005832777,,,True,72.0,57.6,35.3,D,,,
SMG,61.72,,18.08,38.7,4.948140147429214,-8.1547600882394,2.6054354551942875,,,True,47.5,20.6,15.9,E,,,
SMH,589.12,,12.31,82.9,2.910242201214719,42.031919776984324,2.6934845696397076,,,True,42.9,85.8,16.4,E,,,
SMID,27.75,,36.44,19.7,-6.28166160081054,-17.82647320106604,1.5262234917031527,,,True,17.8,11.0,10.1,E,,,
SMMT,14.0,,53.41,16.1,-25.4922831293241,-8.196721311475407,4.822733699370069,,,True,4.0,20.5,36.2,D,,,
SMMYY,15.4,,24.91,82.2,-10.724639892578125,-8.821787003919946,9.134520828443971,,,True,12.3,19.7,84.0,A-,,,
SMNNY,12.56,,4.27,74.2,16.512066147843065,5.104607699479735,5.394121236348571,,,True,70.0,48.0,42.0,D,,,
SMPL,11.18,,63.18,15.9,-0.17856870378766265,-31.912300212084165,8.312724412594783,,,True,29.5,3.4,77.3,B+,,,
SMPNY,22.07,,3.03,78.5,14.708939487381212,13.121473274780705,7.705016087756593,,,True,66.6,61.8,71.5,B,,,
SMP,38.96,,15.3,39.2,1.6966825488714532,-13.690741948443385,4.871782220581908,,,True,39.3,14.9,36.7,D,,,
SMSMY,19.01,,10.96,85.4,22.01540643114379,24.167209065026075,4.696215326610592,,,True,77.8,75.6,35.3,D,,,
SMTC,133.58,,24.68,85.6,-4.4081853219874905,50.88670714001433,2.833196507209297,,,True,20.4,88.7,17.4,E,,,
SMTI,34.16,,4.98,88.5,61.895733873991034,74.99999921829973,18.459687455797127,,,True,95.0,93.0,99.0,A+,,,
SMX,16.25,,99.7,8.4,-17.234848429651983,-91.3409741062635,9.835146740131114,,,True,7.6,1.0,89.3,A,,,
SM,32.42,,9.64,79.4,4.010260407267596,48.036521319385,7.391731163311508,,,True,45.3,87.8,68.1,B,,,
SNA,404.63,,4.35,66.9,10.37370564179283,5.735864137873015,5.827329469294335,,,True,59.1,49.3,47.3,C-,,,
SNCY,16.17,,27.46,44.6,-23.690420009438405,27.222659323367427,0.17316865171529727,,,True,4.5,78.0,5.3,E,,,
SNDA,39.23,,11.62,71.3,1.1603907742040453,13.119952543934055,4.376484077286252,,,True,36.5,61.8,31.9,D-,,,
SNDK,1528.11,,35.1,97.5,5.588607614155139,154.9654481395195,-0.5449075426991126,,,True,49.0,97.4,3.9,E,,,
SNDR,36.32,,7.51,82.1,24.51148335558524,22.207266806272607,2.9822578222141765,,,True,80.7,73.7,18.8,E,,,
SNDX,19.08,,25.44,29.0,-8.664433108156755,-12.114233423739961,4.681945688204387,,,True,14.7,16.4,34.8,D,,,
SNEX,66.78,,29.45,69.1,-13.668843114260321,17.846987347590158,-1.6271689240927198,,,True,9.8,68.4,2.4,E,,,
SNN,30.11,,22.38,27.2,0.9725037235129408,-14.702547846029557,8.069487395071834,,,True,35.2,13.9,74.9,B,,,
SNOW,337.38,,1.34,91.8,121.42154287774005,88.65962359940305,15.982368683458867,,,True,98.3,94.9,99.0,A+,,,
SNPHY,12.18,,12.56,62.3,5.3633206146513235,8.556149868980278,9.225215269140822,,,True,48.3,54.2,85.0,A,,,
SNPS,411.75,,34.53,21.1,-19.15056550424128,-6.038200862600118,5.366132386069486,,,True,6.5,23.5,41.5,D,,,
SNX,254.58,,14.13,83.2,9.85113347618325,49.75294225356157,0.1579573585836247,,,True,58.1,88.3,5.3,E,,,
SNY,43.78,,16.89,29.6,3.2060320115437912,-11.106601463356602,6.856654916308768,,,True,43.6,17.4,60.4,C+,,,
SN,188.59,,1.38,91.0,83.20380448600217,50.49876014515251,13.225459168697045,,,True,97.1,88.6,98.0,A+,,,
SOBKY,14.6,,15.36,46.1,3.5460991948418785,5.56760999285193,5.531227533056913,,,True,44.4,49.0,43.5,D+,,,
SOBO,36.61,,5.98,70.7,1.6379793034142498,24.312392739977163,5.031478690691707,,,True,39.1,75.7,38.2,D,,,
SOCA,10.33,,0.1,,1.2745109497240614,2.0246906045042534,,,,True,37.3,40.9,,,,,
SOFI,18.43,,43.69,28.6,20.378839354511946,-10.31630021812272,8.918540342832799,,,True,75.6,17.9,82.6,A-,,,
SOGP,11.53,,68.84,45.0,-22.669351220850498,-17.70164359049827,2.033506774070597,,,True,4.9,11.2,12.6,E,,,
SOHU,13.96,,19.31,24.6,-12.14600353589067,-14.878048547884305,5.486878673664439,,,True,11.1,13.8,43.0,D,,,
SOLS,62.57,,31.09,,-29.355312283600888,-16.517675460303426,,,,True,2.6,12.2,,,,,
SOLV,86.46,,3.93,73.0,16.19405870779822,6.098906717968666,9.143009860377083,,,True,69.3,49.8,84.0,A-,,,
SOMLY,10.15,,7.89,64.1,13.028954743159993,7.635199258257819,4.612149025693888,,,True,63.9,52.8,34.3,D,,,
SONO,16.59,,16.3,66.3,13.319673173414559,0.5454554702296388,10.26146920543765,,,True,64.2,35.8,91.3,A,,,
SONY,23.61,,22.18,35.7,3.598072006808084,2.8758196529479862,8.762162937206943,,,True,44.5,44.0,81.6,A-,,,
SON,58.31,,3.89,76.8,17.135398499981957,13.399458135532893,8.030722994129349,,,True,70.9,62.2,74.9,B,,,
SOR,46.61,,7.54,38.9,0.7783796980574298,-3.3589039801958043,8.755424904928365,,,True,33.9,28.4,81.6,A-,,,
SOTGY,76.0,,36.55,25.6,3.0368763557483636,-7.9568850672156906,10.68347113703998,,,True,43.2,20.9,92.7,A+,,,
SOUL,10.45,,5.0,40.6,1.1616639539725249,2.050781668367563,5.533986920108918,,,True,36.5,41.1,43.5,D+,,,
SOXX,550.74,,16.04,85.4,4.249562388228623,52.89838189062237,1.610614847854558,,,True,46.0,89.1,10.6,E,,,
SO,92.79,,7.98,36.3,-0.37577741515208984,2.124148047025476,5.588579436564352,,,True,28.8,41.4,44.4,D+,,,
SPB,90.69,,8.45,81.8,14.104180223208672,20.023825359193026,6.758756966804349,,,True,65.5,71.0,59.4,C+,,,
SPCB,11.2,,17.46,65.7,-1.060072356315045,39.99999761581421,5.93989018271806,,,True,27.0,84.9,48.8,C-,,,
SPCX,141.29,,37.38,97.2,540.190273158735,539.0407526385832,11288476.126371235,,,True,98.8,98.8,99.0,A+,,,
SPEG,10.35,,6.16,,1.3215881239868166,2.1717696401126974,,,,True,37.5,41.5,,,,,
SPE,13.64,,14.7,27.1,-4.682038131916466,-9.428948583514252,4.6379908665936895,,,True,20.0,18.9,34.3,D,,,
SPFI,45.62,,2.81,71.1,17.004357352871935,7.619719112726497,7.151328477005331,,,True,70.8,52.8,64.7,B-,,,
SPGI,422.67,,22.85,34.7,9.891084782224823,14.331609922679188,6.926320998471066,,,True,58.1,63.7,61.8,B-,,,
SPG,221.47,,7.14,69.9,10.425808346980014,13.708477291524934,4.438942947795937,,,True,59.2,62.7,32.4,D-,,,
SPHR,176.38,,2.89,92.1,33.83413376038584,86.0548574713212,9.225292941387808,,,True,87.5,94.5,85.0,A,,,
SPH,17.56,,15.58,24.7,-10.499493038010288,-12.418955282082877,1.4559375002008696,,,True,12.5,16.0,9.7,E,,,
SPIR,13.94,,46.24,55.9,-24.115407836781166,49.410499253840314,3.2867329210930833,,,True,4.4,88.1,21.7,E,,,
SPKL,11.67,,16.22,37.4,-1.891550430483857,2.1891425244653817,4.490752569835824,,,True,25.1,41.6,32.8,D-,,,
SPMC,10.21,,45.11,19.0,-8.183451949436392,-11.217390972635021,9.662335831422492,,,True,15.3,17.3,88.4,A,,,
SPNT,23.23,,12.27,59.9,3.520497068789341,14.208453993295622,4.249235816048197,,,True,44.3,63.6,30.4,D-,,,
SPOK,11.0,,41.46,23.7,0.5484460694698434,-18.458117123795404,10.880949115358854,,,True,32.8,10.6,93.7,A+,,,
SPOT,498.24,,33.42,33.5,15.627753593496173,2.272305403529562,8.2354606950792,,,True,68.4,41.9,76.3,B+,,,
SPPP,13.82,,41.96,23.8,-16.996998829884568,-21.5218643110493,4.7760255281341735,,,True,7.9,8.3,35.7,D,,,
SPRB,49.77,,79.26,79.3,-13.518678613790314,-39.811343018788634,6.499725664452285,,,True,10.0,1.9,56.0,C,,,
SPSC,79.37,,32.38,79.3,59.026252748110664,15.80099612865775,15.95700818329571,,,True,94.5,66.0,99.0,A+,,,
SPTX,23.71,,3.81,,43.69696414831914,,,,,True,91.9,,,,,,
SPXC,212.16,,15.5,39.6,4.107170941709293,-9.123617038417986,1.1839119580646482,,,True,45.5,19.4,8.7,E,,,
SPXX,19.22,,0.88,59.2,6.956034019780155,6.896547905197403,7.585095866991545,,,True,52.4,51.4,70.0,B,,,
SPYU,37.49,,0.87,81.1,10.62260948260143,34.012515343162185,9.00657299524271,,,True,59.7,82.4,83.1,A-,,,
SQM,72.16,,26.37,38.9,-21.23989995403911,-4.0935623842246365,5.292662110759071,,,True,5.7,26.9,41.0,D,,,
SRAD,13.58,,57.85,18.1,9.076304608080775,-20.351906605829594,9.68172416615936,,,True,56.7,9.4,88.4,A,,,
SRBK,20.28,,1.27,75.7,11.982333995833837,15.55555946806557,10.310159163069974,,,True,62.1,65.6,91.8,A,,,
SRCE,88.63,,3.09,81.9,23.836799292186626,28.841397373772292,6.11742307601728,,,True,79.7,79.5,51.2,C,,,
SRE,86.48,,14.41,28.7,-5.671898607184134,-5.154635493602122,0.8241709874847611,,,True,18.5,25.1,7.2,E,,,
SRGHY,19.19,,0.0,71.2,9.908370792089372,14.91017758899722,12.648379930659951,,,True,58.3,64.5,97.1,A+,,,
SRPT,18.42,,27.25,29.9,-2.229298958100079,2.561247640834874,8.1841072201888,,,True,24.3,42.9,75.8,B+,,,
SRRK,53.06,,9.28,78.4,5.760417327667966,12.558339782119244,7.22617426552959,,,True,49.5,60.8,65.2,B-,,,
SRV,48.02,,6.83,50.9,-3.2829799440812213,12.117675595992704,5.73063810824793,,,True,22.6,60.0,46.4,D+,,,
SRZN,23.73,,32.2,69.1,-21.267420231465405,-3.536587226681598,2.8354065585843813,,,True,5.7,28.1,17.4,E,,,
SR,82.93,,12.99,32.5,-3.0738659359796916,-5.804179571585899,4.214963520374541,,,True,22.9,24.1,29.9,D-,,,
SSAC,10.05,,0.2,,1.0050289787604694,,,,,True,35.6,,,,,,
SSBI,12.91,,3.87,78.6,9.68564016492872,3.778133821640761,8.804076727058703,,,True,57.8,45.9,81.6,A-,,,
SSB,110.91,,0.74,74.7,20.672400894472176,6.97338316175673,9.428885876624653,,,True,76.0,51.5,86.4,A,,,
SSDOY,22.76,,2.53,80.3,15.240507488009293,16.06323059912338,8.357331977464934,,,True,67.7,66.3,77.8,B+,,,
SSD,195.27,,8.53,57.2,5.889053886698625,-5.158092052814145,6.100994086411271,,,True,49.8,25.1,51.2,C,,,
SSEA,10.28,,0.39,,1.0816092020849988,1.6815042736590735,,,,True,36.0,39.4,,,,,
SSL,11.19,,22.13,74.7,-15.163005455774826,47.43082451097893,2.9033100791028383,,,True,8.8,87.6,17.9,E,,,
SSNC,82.04,,9.92,68.9,26.66358023085895,12.522289007718213,13.03049339529723,,,True,82.5,60.7,97.6,A+,,,
SSREY,42.45,,12.69,45.9,10.951392120286796,2.610591875607482,8.57002967429646,,,True,60.4,43.1,79.7,B+,,,
SSRM,31.83,,12.84,77.2,-8.402877917392647,15.661336932071412,6.386254631939345,,,True,14.9,65.8,54.6,C,,,
SSUMY,11.19,,8.37,73.6,-8.090353962385521,4.093019352402805,5.945970804377964,,,True,15.4,46.4,48.8,C-,,,
STAA,25.33,,29.38,30.8,-13.843537674469196,46.84057926786118,7.02593648457416,,,True,9.7,87.4,63.3,B-,,,
STAG,36.95,,13.28,31.1,-3.700805934481477,-5.8118767195017735,3.7327528723064223,,,True,21.8,24.0,25.1,E,,,
STBA,51.56,,3.63,77.8,17.932299572943776,17.44875028084514,6.74511983489578,,,True,72.2,67.9,58.9,C+,,,
STBFY,14.32,,15.34,34.6,7.588273804401613,-15.216102946690002,5.082009823195891,,,True,53.6,13.5,39.1,D,,,
STC,67.69,,13.89,34.6,1.7894773554981258,-4.3791461485997445,5.824616608756903,,,True,39.7,26.3,47.3,C-,,,
STEL,39.32,,2.21,73.4,9.161576901721258,26.146936156560784,11.922160974496226,,,True,56.8,77.1,96.1,A+,,,
STEP,51.96,,33.21,27.5,-4.8351665119548475,-12.377741847432278,10.37963292353427,,,True,19.9,16.1,91.8,A,,,
STEW,18.67,,1.99,50.3,5.8990361672940805,2.30137028106272,9.066780635063974,,,True,49.9,42.0,83.5,A-,,,
STE,236.07,,12.38,44.5,11.828520759933081,-3.039385828143615,10.22946578325498,,,True,61.8,29.1,91.3,A,,,
STHH,10.94,,32.68,83.0,-12.368498313099563,59.397070602455784,-0.9753684527853581,,,True,10.9,90.6,3.4,E,,,
STK,53.39,,8.67,78.6,2.8907292149709773,31.340711905654217,5.069301431197888,,,True,42.9,81.1,38.6,D,,,
STLD,260.53,,9.77,84.2,9.891175459463831,26.606083574349725,6.061191545068963,,,True,58.2,77.6,50.7,C-,,,
STM,53.92,,33.78,81.9,-14.939267756830244,54.27753410284781,-1.2116885924996197,,,True,8.9,89.4,2.9,E,,,
STNE,10.23,,48.72,16.9,-1.82342161868001,-43.13507686275815,5.414703806634675,,,True,25.3,1.3,42.0,D,,,
STNG,78.54,,10.13,71.5,-4.3711178430204,12.376593097048705,5.576001072853648,,,True,20.6,60.5,43.9,D+,,,
STN,74.01,,35.37,20.1,-5.030152526330733,-25.14412649314204,7.556625056727059,,,True,19.5,6.3,70.0,B,,,
STOK,31.31,,22.15,60.6,-1.2302855963962633,-2.824334370135373,8.587868614595354,,,True,26.8,29.6,79.7,B+,,,
STRA,82.07,,8.54,45.7,4.229108070642895,6.211983557427492,7.9911413221600665,,,True,45.9,50.0,74.4,B,,,
STRC,95.77,,4.63,32.9,-4.230003356933598,-4.230003356933598,7.626747000425137,,,True,20.8,26.6,71.0,B,,,
STRL,553.16,,45.0,55.7,-35.24839945398098,27.482651504812328,-0.48209422188238094,,,True,1.5,78.4,3.9,E,,,
STRO,21.31,,51.4,66.5,-46.18687003549904,35.47361389664579,-0.565194356002154,,,True,1.0,82.9,3.9,E,,,
STRR,10.16,,15.26,39.6,6.8349090159002035,1.7017001742953841,7.6330004249404615,,,True,52.3,39.5,71.0,B,,,
STRS,18.93,,42.51,15.4,-36.921025307644854,-36.8999989827474,0.4619395916865301,,,True,1.2,2.2,6.3,E,,,
STRT,80.8,,12.65,68.1,29.38351169216622,-10.351710804662362,5.088956036808229,,,True,84.9,17.9,39.1,D,,,
STRW,13.7,,7.12,60.0,5.38461391742413,7.031248509883881,6.018108580448425,,,True,48.4,51.6,50.2,C-,,,
STRZ,28.0,,14.06,91.5,42.56619587655297,205.34350890993883,5.025872704918227,,,True,91.5,98.1,38.2,D,,,
STT,189.85,,1.38,85.1,25.247398141915568,44.25196117583437,6.924298429013177,,,True,81.5,86.5,61.8,B-,,,
STVN,21.52,,23.14,71.2,20.49272372768014,37.948720883100464,14.92998763911266,,,True,75.8,84.0,98.5,A+,,,
STWD,16.35,,21.55,25.5,-4.441844643660275,-9.468436425970495,6.22631659681564,,,True,20.3,18.9,53.1,C,,,
STX,921.37,,19.53,93.6,12.72649356055393,126.24186497659609,3.258750282452481,,,True,63.4,96.8,21.2,E,,,
STZ,136.35,,20.49,27.6,-2.9675447598095483,-16.452202142453654,8.12562181799653,,,True,23.2,12.3,75.8,B+,,,
ST,45.42,,15.72,70.7,-5.7480843142865385,22.031161120218478,2.5503459615398434,,,True,18.4,73.4,15.5,E,,,
SUHJY,15.02,,20.49,31.4,-17.108169083290605,-9.789784973643645,6.947731518912141,,,True,7.7,18.5,61.8,B-,,,
SUI,120.19,,12.81,29.4,-3.2909539415784894,-5.9619728961691205,4.975809336240937,,,True,22.5,23.7,37.7,D,,,
SUNB,81.23,,6.29,,6.783230817418362,,,,,True,52.2,,,,,,
SUNC,75.5,,2.67,,7.641860075554274,37.3476411195071,,,,True,53.7,83.8,,,,,
SUN,74.41,,4.74,76.6,6.3151931163157204,24.49389938448949,6.3145147685066245,,,True,50.9,75.9,54.1,C,,,
SUPN,47.15,,21.0,30.9,-8.197037527494345,-8.161274784030182,3.344534481948699,,,True,15.2,20.6,21.7,E,,,
SU,65.43,,6.91,76.1,-0.9686691309583995,16.964605479398976,5.917793660918878,,,True,27.3,67.2,48.8,C-,,,
SVAQ,10.03,,1.28,,0.8040193491417158,,,,,True,34.3,,,,,,
SVCC,10.63,,0.09,40.5,1.2380963280087531,1.819928560290629,7.7270127473116945,,,True,37.1,40.0,71.5,B,,,
SVIV,10.2,,5.56,,1.4925334893879816,,,,,True,38.4,,,,,,
SVM,11.78,,25.3,78.0,-25.015915130673516,2.7027003746398437,7.290305439054476,,,True,4.2,43.3,66.2,B,,,
SVNDY,12.81,,18.15,37.5,8.192569717296783,-15.44553965566754,5.705874486159692,,,True,54.9,13.2,45.9,D+,,,
SVV,10.83,,22.03,81.0,51.46853040148327,-2.607914355161367,9.656538674289896,,,True,93.5,29.9,88.4,A,,,
SWBI,14.34,,18.34,74.9,-2.049179285601843,21.628500021949893,2.2589846716335895,,,True,24.7,72.9,14.0,E,,,
SWDBY,39.91,,3.04,73.8,16.017436270716633,0.15056806923086086,5.538977866714745,,,True,69.1,35.0,43.5,D+,,,
SWGAY,11.92,,14.67,44.7,-8.237103261566215,-7.811293155790111,3.7584620079618656,,,True,15.2,21.1,25.1,E,,,
SWKS,69.76,,23.26,52.9,2.377461309407791,9.547742048100606,9.649339351854463,,,True,41.3,55.9,87.9,A,,,
SWK,102.21,,2.36,83.7,31.61215437094085,12.901799496821663,11.619129567495188,,,True,86.2,61.4,95.6,A+,,,
SWMR,42.99,,48.39,,41.9280303039844,,,,,True,91.2,,,,,,
SWX,92.09,,2.52,58.8,3.7984629597504815,7.118758099209765,5.516609840340859,,,True,44.8,51.9,43.5,D+,,,
SW,50.02,,5.0,78.9,23.689421751679983,-0.5171008907030039,10.003440545915216,,,True,79.5,33.7,90.3,A,,,
SXI,327.78,,9.92,83.0,29.60854044258476,24.821020098742142,5.409795678552542,,,True,85.1,76.2,42.0,D,,,
SXT,129.99,,2.02,77.9,12.29267924426749,27.03020179142388,7.067927542914955,,,True,62.6,77.8,64.2,B-,,,
SYBT,84.98,,4.75,77.7,21.92252992386454,24.31246833957519,7.668698585469205,,,True,77.7,75.7,71.0,B,,,
SYF,80.08,,9.79,65.1,14.71136202700858,9.803924079329063,9.414704696568483,,,True,66.6,56.3,86.4,A,,,
SYK,341.09,,14.05,42.6,12.910058703661376,-6.216663091039143,10.312251027326354,,,True,63.6,23.2,91.8,A,,,
SYM,41.8,,52.44,16.5,-15.946110522701485,-28.42465884064974,5.773336462066862,,,True,8.3,4.6,46.4,D+,,,
SYNA,107.31,,28.03,67.7,-18.121472944762896,18.24793119404271,0.5929492608805189,,,True,7.0,69.0,6.8,E,,,
SYRE,101.85,,5.82,94.5,33.468743905282516,200.26532569021546,6.131975284091883,,,True,87.3,98.0,51.7,C,,,
SYY,83.55,,9.04,61.7,14.154943368981844,-5.099951099775324,7.560049388341027,,,True,65.7,25.2,70.0,B,,,
SZKMY,51.22,,21.13,39.8,11.372035989042129,-17.784908751276895,4.4102955391218135,,,True,61.0,11.0,32.4,D-,,,
SZZL,10.42,,0.76,40.2,1.06692194180662,1.6585373296970296,15.703772051185338,,,True,35.9,39.3,99.0,A+,,,
S,23.84,,0.46,88.4,48.25870741659137,75.03671183985236,16.91497715202229,,,True,92.8,93.0,99.0,A+,,,
TACH,10.49,,0.94,40.5,1.254827401052383,1.9436327503068451,6.487459140242362,,,True,37.1,40.4,56.0,C,,,
TACO,10.45,,1.88,39.5,0.771455396228693,2.551523450328297,7.51781989324859,,,True,33.9,42.8,69.5,B,,,
TAC,12.61,,29.47,28.7,-0.9426578422840115,-6.868540201792861,2.728076357825186,,,True,27.4,22.4,16.9,E,,,
TAK,17.39,,7.99,59.6,4.507207870483398,-4.868712310457135,5.496411449251676,,,True,46.6,25.6,43.0,D,,,
TALO,15.45,,9.38,77.9,0.9144337639786837,15.384613960157845,4.4427632025329356,,,True,34.9,65.3,32.4,D-,,,
TAL,11.6,,13.24,45.4,0.7819320718482015,-2.3568991458777333,9.959751916293083,,,True,34.0,30.4,90.3,A,,,
TAN,52.47,,30.6,28.6,-17.771509024499853,-10.123329460916896,2.5145771042751957,,,True,7.2,18.2,15.5,E,,,
TAP,42.12,,23.17,28.9,1.6900022498425038,-20.931107693101623,8.654499021784176,,,True,39.3,9.0,80.2,B+,,,
TARS,68.88,,19.2,51.7,6.526441777633729,5.337203323777295,11.853652457683062,,,True,51.4,48.5,96.1,A+,,,
TATT,40.36,,37.43,42.8,20.802156870253107,-19.6975714079754,5.651777448300349,,,True,76.2,9.8,45.4,D+,,,
TATYY,29.96,,1.77,84.4,46.79078544075266,35.44302869705933,0.372094111509071,,,True,92.5,82.9,5.8,E,,,
TAVI,10.69,,10.24,40.1,0.8490490157991415,1.712648407055406,3.2145812551081567,,,True,34.5,39.5,20.8,E,,,
TAYD,52.86,,41.51,31.5,4.880953591967385,-35.43422424532605,2.21647035292861,,,True,47.4,2.4,13.5,E,,,
TBBB,49.2,,1.15,87.4,38.0084172873477,27.09894281307015,12.949254265876732,,,True,89.7,77.9,97.6,A+,,,
TBBK,69.14,,15.32,74.2,31.394905719590337,21.21318266067398,8.735511607238422,,,True,86.0,72.2,81.1,A-,,,
TBCH,12.83,,26.21,42.2,16.74249248140176,10.413080238434214,6.621313701169778,,,True,70.2,57.1,57.5,C,,,
TBLD,22.44,,2.52,52.3,2.2789450048204873,2.0000024275346195,9.226894773481504,,,True,40.9,40.6,85.0,A,,,
TBN,35.86,,31.32,75.0,-3.8605862095520638,25.253236680120693,7.554868280241332,,,True,21.4,76.4,70.0,B,,,
TBPH,16.92,,19.54,40.6,1.4997005176601297,-13.275243073839349,1.3044178370008206,,,True,38.5,15.4,9.2,E,,,
TBT,37.95,,2.19,58.1,4.115226251312243,11.029843253666648,8.185996841483703,,,True,45.5,58.2,75.8,B+,,,
TCBI,100.83,,7.43,55.6,5.04219380253641,-2.1257990379977776,4.860259118901238,,,True,47.7,30.7,36.2,D,,,
TCBK,58.05,,5.93,76.0,17.796264685593634,14.632699915206459,4.382526775363205,,,True,72.1,64.0,31.9,D-,,,
TCBS,17.33,,13.35,45.8,3.032104183745865,1.6959094167364297,3.5451699552778426,,,True,43.2,39.5,23.2,E,,,
TCBX,46.0,,0.23,77.1,25.34059945504086,10.179640718562876,11.23735173904399,,,True,81.5,56.8,94.7,A+,,,
TCEHY,55.27,,23.04,28.1,-14.903771427615597,1.079005957870649,2.9190646071433317,,,True,9.0,37.4,17.9,E,,,
TCI,35.56,,40.39,20.6,1.5709836426478718,-33.619560624806766,0.8370141449229669,,,True,38.9,2.9,7.2,E,,,
TCMD,23.71,,37.23,42.9,1.803345145867996,-14.156411714436434,3.1715386462933335,,,True,39.8,14.5,20.3,E,,,
TCOM,45.02,,43.01,17.3,-13.886762705119226,-22.2989291374462,8.305217527119725,,,True,9.7,7.8,77.3,B+,,,
TDAC,10.85,,0.91,43.2,2.021628095540673,2.9607161842457597,10.93456127919196,,,True,40.3,44.2,93.7,A+,,,
TDC,27.63,,33.87,27.5,-15.5045897224263,-27.05913632321384,3.7982155133899873,,,True,8.5,5.2,25.6,E,,,
TDF,10.85,,11.07,29.3,-7.8947336038223455,-8.51601701964817,6.720189549725764,,,True,15.7,20.1,58.4,C+,,,
TDG,1246.31,,14.81,33.7,3.738143715144826,-6.023258162820433,5.660944531616236,,,True,44.7,23.5,45.4,D+,,,
TDS,35.04,,28.66,20.4,-17.025808866854497,-23.95833134651184,6.297604547892856,,,True,7.8,6.9,53.6,C,,,
TDWD,10.07,,0.69,,0.9018051775153024,1.4098628937147861,,,,True,34.8,38.5,,,,,
TDW,91.52,,1.73,83.2,12.862247679203854,28.611574821622266,10.518941347450607,,,True,63.5,79.2,92.2,A,,,
TDY,673.66,,3.44,69.0,5.928041566219755,1.8490200239679622,7.3940664920223655,,,True,50.0,40.0,68.1,B,,,
TD,123.11,,1.41,80.9,15.55284457513757,26.552221022154153,5.663056246323224,,,True,68.2,77.6,45.4,D+,,,
TEAM,165.98,,9.79,90.5,105.87942908402263,90.84741373754062,26.344904735409457,,,True,98.2,95.0,99.0,A+,,,
TECH,72.17,,0.3,84.3,60.77076892168704,13.743101921111588,8.416746347795222,,,True,94.8,62.8,78.7,B+,,,
TECK,63.76,,10.51,77.6,-4.608021661380612,5.597877312906929,6.796564626648589,,,True,20.1,49.1,59.9,C+,,,
TECX,33.98,,14.04,83.5,17.945156342368374,54.38436866077385,8.895902003168162,,,True,72.2,89.5,82.6,A-,,,
TELNY,14.06,,25.69,21.0,-17.969659162096274,-24.853017532780875,3.1606374810576305,,,True,7.1,6.3,20.3,E,,,
TEL,214.74,,14.97,36.2,3.40942188826161,-6.00542524154598,7.451860667881428,,,True,44.1,23.6,68.6,B,,,
TEM,54.29,,47.96,32.8,18.27886516500019,1.2684206256928787,10.488143332392934,,,True,72.8,38.0,92.2,A,,,
TENB,40.03,,8.34,90.6,94.50922633283226,77.51662429843402,13.121608606511275,,,True,97.8,93.4,97.6,A+,,,
TEN,40.81,,10.99,80.6,-4.5603335517048205,46.32485253958771,5.1193001361181825,,,True,20.2,87.2,39.6,D,,,
TEO,13.36,,18.24,68.7,13.028761900822715,16.783213782143758,6.692838543837383,,,True,63.9,66.9,58.0,C+,,,
TERN,52.95,,0.45,96.9,49.83022071307299,203.78657487091223,2.0017246083069455,,,True,93.1,98.0,12.6,E,,,
TER,410.52,,15.86,90.0,12.972642691857516,27.70881599429831,3.6777667500323528,,,True,63.8,78.5,24.6,E,,,
TEVA,36.52,,2.33,78.9,0.7448288490032429,6.441272100739348,7.013522525882147,,,True,33.8,50.6,63.3,B-,,,
TEX,66.2,,11.37,70.3,5.683264604473481,-4.169083746030411,3.2151495205101366,,,True,49.3,26.7,20.8,E,,,
TEZNY,34.08,,6.44,40.3,-2.0551886570051026,-1.4033581917805904,1.6366866475211879,,,True,24.7,32.2,10.6,E,,,
TFC,52.99,,5.71,66.8,13.859049588454653,-1.9430020753760213,8.111921786489065,,,True,65.0,31.0,75.3,B+,,,
TFII,147.14,,12.25,80.3,9.707723970808546,17.103063581097032,3.172979469033266,,,True,57.8,67.3,20.3,E,,,
TFIN,78.43,,6.09,80.1,21.842473675898354,13.370916890973938,7.5871822427965885,,,True,77.5,62.1,70.5,B,,,
TFPM,31.3,,24.94,30.4,-12.029232048733707,-16.153230010553045,5.919077330305784,,,True,11.2,12.6,48.8,C-,,,
TFSL,17.57,,9.85,76.2,17.52508157073056,17.368067433695522,4.366012019666669,,,True,71.5,67.7,31.4,D-,,,
TFX,137.37,,5.26,67.8,5.636723406019306,28.443193190451144,6.7980048005119915,,,True,49.1,79.0,59.9,C+,,,
TGLS,42.12,,49.45,25.4,9.289047565866015,-19.786709327966545,4.741888905462439,,,True,57.0,9.7,35.3,D,,,
TGNA,20.03,,6.18,48.7,1.9338422391857568,-4.800380228136869,3.3931970400528755,,,True,40.0,25.7,22.2,E,,,
TGS,27.89,,23.27,25.9,-5.006814067954912,-9.828647301492277,3.7723920063041216,,,True,19.5,18.5,25.6,E,,,
TGTX,47.94,,19.16,82.6,12.403279312330561,66.34281272279314,2.2388246747243805,,,True,62.9,91.6,13.5,E,,,
TGT,155.51,,0.61,85.1,28.012837098152723,35.686235500249495,10.15781932433221,,,True,83.7,83.0,90.8,A,,,
THC,267.05,,1.3,85.3,36.34738476103785,17.980997478669657,11.82798042582013,,,True,88.7,68.7,96.1,A+,,,
THFF,81.96,,2.23,81.8,24.445792718604096,24.3513868676569,6.370622536282077,,,True,80.5,75.9,54.6,C,,,
THG,223.19,,5.46,77.5,17.902801078397367,29.318038380790455,7.718918166163965,,,True,72.2,80.0,71.5,B,,,
THO,78.88,,35.78,23.8,5.370020375925688,-34.16242613019116,6.96377171722588,,,True,48.3,2.7,62.3,B-,,,
THQ,19.52,,4.27,57.1,5.799460475683871,2.252490611648361,9.071482860356479,,,True,49.7,41.8,83.5,A-,,,
THRM,43.07,,10.92,82.6,40.01950485963659,32.89108205746443,10.120624288517476,,,True,90.4,81.9,90.8,A,,,
THR,61.14,,14.93,89.1,20.40173296573453,73.59454855195912,2.657020798595008,,,True,75.7,92.7,16.4,E,,,
THW,13.88,,1.56,65.3,7.347255332103009,9.810127487665476,6.981751007483311,,,True,53.1,56.3,62.8,B-,,,
TH,16.27,,21.97,85.8,-7.028568812779012,120.46071080980587,1.1300646700521626,,,True,16.6,96.5,8.7,E,,,
TIGO,94.23,,12.04,85.4,14.94267303846497,45.93464977068855,1.4481076770238221,,,True,67.2,87.0,9.7,E,,,
TILE,38.73,,4.37,85.0,39.76903479695535,14.180423178762759,9.011167943635394,,,True,90.2,63.5,83.1,A-,,,
TIMB,17.31,,38.66,15.6,-22.929655093756086,-36.14902447088756,-0.7192051494313976,,,True,4.7,2.2,3.9,E,,,
TIPT,18.19,,33.64,42.3,7.824543770347447,3.1179168597370577,8.352051010571383,,,True,54.2,44.5,77.8,B+,,,
TISI,22.16,,5.62,85.9,40.69841172960069,52.82758515456627,12.05781923111481,,,True,90.7,89.1,96.6,A+,,,
TITN,18.02,,27.92,30.2,-8.851793334528724,-8.201729710832028,1.8428505348832562,,,True,14.5,20.5,11.6,E,,,
TJX,153.81,,9.52,44.0,4.611302155066133,2.029849126762029,6.608293337457688,,,True,46.7,40.9,57.5,C,,,
TKOMY,47.99,,8.21,65.7,2.762316227980288,17.27761896008504,6.093734502538816,,,True,42.5,67.6,51.2,C,,,
TKO,199.68,,12.01,50.6,8.698961717899433,-5.086038275605453,7.793818006952152,,,True,55.9,25.3,72.0,B,,,
TKR,131.3,,10.3,81.6,13.443928677862282,20.657970089834432,5.787433153928166,,,True,64.4,71.7,46.8,C-,,,
TK,12.08,,15.99,64.6,-8.276386304433903,7.09219790519553,5.864710288375914,,,True,15.1,51.8,47.8,C-,,,
TLGPY,16.96,,15.03,29.1,-11.343440520083048,-2.640648621163222,6.736946851105193,,,True,11.7,29.8,58.9,C+,,,
TLK,14.69,,37.54,17.6,-13.333335808948076,-30.609354839946622,4.3547971045536595,,,True,10.2,3.8,31.4,D-,,,
TLNC,10.22,,9.56,,0.19608292291832807,0.7889538559900933,,,,True,31.2,36.6,,,,,
TLN,358.4,,20.58,33.9,2.099533913478724,1.0659280064531984,4.735918559423988,,,True,40.5,37.4,35.3,D,,,
TLX,12.33,,2.14,80.5,17.205317368656758,77.92208122842061,9.955661917292543,,,True,71.1,93.6,89.8,A,,,
TMDX,89.64,,42.54,34.2,39.66967807673485,-32.75318875495241,16.063841497827134,,,True,90.2,3.0,99.0,A+,,,
TMHC,72.45,,0.07,71.3,11.461538461538456,12.569919204474832,4.849146934864284,,,True,61.2,60.9,36.2,D,,,
TMH,50.09,,23.89,26.5,-1.2011857011906324,-21.33951105022186,8.287483803706863,,,True,26.8,8.5,76.8,B+,,,
TMO,595.89,,7.47,76.3,33.5986401471734,13.035645929858974,13.131288143762962,,,True,87.4,61.5,98.0,A+,,,
TMP,101.13,,0.87,82.1,22.181946663547137,19.623843450932064,7.671458420327262,,,True,77.9,70.6,71.0,B,,,
TMTS,10.07,,3.64,,1.003003260953883,,,,,True,35.5,,,,,,
TMUS,183.38,,29.89,24.7,-3.626232455953071,-12.484487504623221,8.575848774607728,,,True,21.9,16.0,79.7,B+,,,
TM,188.71,,24.18,29.5,0.9738384685468393,-22.280792918797754,4.823021646837507,,,True,35.2,7.8,36.2,D,,,
TNC,67.64,,26.42,19.7,-18.041924888345527,-17.14845738651588,2.0847661040860235,,,True,7.1,11.4,13.0,E,,,
TNDM,23.13,,21.99,87.4,63.92628746113822,17.650046595964408,15.580299779244788,,,True,95.3,68.2,99.0,A+,,,
TNET,70.11,,4.06,87.8,76.86680275063462,54.90499472017581,14.272281405665234,,,True,96.6,89.7,98.5,A+,,,
TNGX,25.65,,25.41,90.4,0.5488028950618284,103.40998904464928,1.3389812993559853,,,True,32.8,95.7,9.2,E,,,
TNK,83.54,,0.83,80.8,7.696275513120221,20.08049578198556,7.474341027220527,,,True,53.8,71.0,69.1,B,,,
TNL,74.79,,7.67,68.0,18.413554331107274,3.4439846687791764,5.8887703779427065,,,True,72.9,45.2,48.3,C-,,,
TNXP,12.5,,82.14,17.6,-9.682080924855486,-21.185372005044133,12.60972610584714,,,True,13.3,8.6,97.1,A+,,,
TOELY,189.3,,24.09,86.3,14.727274576822925,37.044810222338874,0.734122389340949,,,True,66.7,83.6,7.2,E,,,
TOL,149.31,,11.32,59.4,12.364537596774339,-7.530812188893443,3.94331543988239,,,True,62.8,21.5,27.0,E,,,
TOST,35.22,,22.83,80.0,57.72503905375337,25.695935834058268,12.517585537442173,,,True,94.3,76.8,97.1,A+,,,
TOWN,37.83,,2.63,66.5,13.569504146066302,7.90074680848456,6.721691564075071,,,True,64.6,53.3,58.4,C+,,,
TPB,86.35,,41.22,24.7,-3.8418725232504447,-32.5074265482874,4.823002786280151,,,True,21.5,3.1,36.2,D,,,
TPC,94.67,,7.46,82.1,17.398311221410356,11.284822109962755,6.817144234806326,,,True,71.4,58.7,59.9,C+,,,
TPG,55.21,,21.55,71.5,29.66181090763893,11.15361200819942,15.99857731720109,,,True,85.1,58.5,99.0,A+,,,
TPH,46.95,,0.09,82.2,27.2013004605798,47.967223447841164,-0.9042503450489479,,,True,83.1,87.7,3.4,E,,,
TPL,347.04,,36.58,26.1,-10.211893988532793,-16.080667276461323,0.9316311000215975,,,True,12.8,12.7,7.7,E,,,
TPR,128.39,,22.09,36.2,-3.2479281163161677,-16.991013519332487,0.7598410952295112,,,True,22.7,11.7,7.2,E,,,
TRAX,44.03,,11.78,,138.90395035387888,,,,,True,98.5,,,,,,
TRC,16.41,,22.99,24.2,-14.930016343120222,-1.322911320432285,-0.9267619525362463,,,True,8.9,32.4,3.4,E,,,
TREE,32.87,,57.5,15.1,-9.12358603294232,-21.979589527926024,4.972084554232454,,,True,14.0,8.1,37.7,D,,,
TREX,50.08,,24.19,79.7,31.85887791220299,13.637399208202151,9.848469466751618,,,True,86.4,62.6,89.8,A,,,
TRGP,266.88,,8.3,76.5,1.3635173697491343,20.264974486419042,3.419633900188984,,,True,37.7,71.3,22.7,E,,,
TRIB,11.87,,16.23,98.5,1911.8644768121253,1264.36779545988,-41.84302752883615,,,True,98.9,98.8,1.0,E,,,
TRIN,18.43,,0.73,71.2,9.571939983209155,16.498105595295698,7.368943118838181,,,True,57.4,66.7,67.6,B,,,
TRIP,10.97,,45.59,24.1,13.914852201752925,-9.786182014565725,6.135142541259581,,,True,65.1,18.6,51.7,C,,,
TRI,106.07,,41.07,49.5,29.306350962847993,18.91255571168633,13.048401239932677,,,True,84.8,69.8,97.6,A+,,,
TRMB,57.54,,31.95,23.4,4.808744837026135,-11.653614439540384,9.453259082498944,,,True,47.3,16.9,86.4,A,,,
TRMD,29.37,,16.87,62.5,-10.018379781760423,15.04113137185037,3.8587598648479133,,,True,13.0,64.6,26.6,E,,,
TRMK,48.28,,1.47,71.0,11.090655267595206,10.93749719507553,7.025781486230928,,,True,60.5,58.1,63.3,B-,,,
TRNO,68.84,,12.79,60.6,3.862396405990687,5.211671003959384,5.555414179478985,,,True,45.0,48.2,43.9,D+,,,
TRNS,94.86,,5.14,82.3,24.848645183405573,21.475221680562882,9.941129373548405,,,True,80.9,72.7,89.8,A,,,
TRN,29.31,,23.49,25.1,-19.80848299331769,-7.48106229184854,1.9079218279759722,,,True,6.3,21.6,12.1,E,,,
TROW,111.3,,8.77,58.9,8.047765315753619,18.669370990252474,5.222150818960339,,,True,54.6,69.5,40.6,D,,,
TRP,63.14,,11.66,43.4,-5.845512392412111,3.644122438687525,0.21275963832711753,,,True,18.3,45.6,5.8,E,,,
TRST,57.0,,3.36,80.9,17.74426771328239,26.610395379831186,5.216092502019759,,,True,72.0,77.7,40.1,D,,,
TRS,38.7,,14.81,43.8,-3.080388773004128,7.470149300026252,2.789329393248673,,,True,22.9,52.6,17.4,E,,,
TRUP,31.0,,40.13,63.8,37.22886232846392,-4.11382616764614,13.8713379556776,,,True,89.2,26.8,98.0,A+,,,
TRU,81.13,,15.05,62.7,21.871709859423127,13.025908684059573,11.4531208123263,,,True,77.6,61.4,95.1,A+,,,
TRVI,18.15,,10.24,86.7,18.86050830733643,64.25339021294366,7.006289378385023,,,True,73.6,91.3,63.3,B-,,,
TRV,370.0,,7.2,80.5,25.41522608636704,23.73340467511622,7.755708805038282,,,True,81.7,75.2,72.0,B,,,
TR,40.24,,10.7,43.1,-0.8134047856376725,3.592000140216789,6.580909282527296,,,True,27.7,45.5,57.0,C,,,
TSAT,52.62,,14.49,86.9,-1.8649777473241924,97.07864768496168,6.939191128514253,,,True,25.2,95.4,61.8,B-,,,
TSBK,46.42,,0.36,78.6,17.192623501502947,19.485194772060012,10.104580691929504,,,True,71.0,70.5,90.8,A,,,
TSCO,36.17,,42.49,24.8,21.172523179046276,-33.66954306080082,15.188449286418125,,,True,76.6,2.9,98.5,A+,,,
TSEM,252.95,,20.94,91.7,-6.5812324303865966,88.15084569193856,3.667839075024428,,,True,17.2,94.7,24.6,E,,,
TSLA,339.96,,31.85,18.5,-23.65082052348505,-20.620171514446927,4.646389637322493,,,True,4.5,9.2,34.8,D,,,
TSLX,19.17,,22.67,37.4,10.489913984403131,-4.674291017931642,9.928194159080588,,,True,59.4,25.9,89.8,A,,,
TSM,430.49,,10.13,79.4,7.676335726456984,15.076583237823794,4.375608070038826,,,True,53.7,64.7,31.9,D-,,,
TSN,56.39,,18.84,25.1,-15.697414576695412,-12.356233463400013,0.3509089489417345,,,True,8.4,16.2,5.8,E,,,
TSSI,11.96,,45.06,36.8,3.2815201912519187,39.883041381835916,5.694602996472447,,,True,43.8,84.9,45.9,D+,,,
TS,52.62,,18.54,41.9,-17.264152622822692,8.160326684244135,1.3621124576211248,,,True,7.6,53.9,9.2,E,,,
TTAM,15.71,,19.72,30.9,-0.8832829019135513,-15.854311869582716,1.9970751885443452,,,True,27.5,12.8,12.6,E,,,
TTAN,93.7,,21.91,83.2,66.84472436400826,54.26406710400238,17.4166543503051,,,True,95.7,89.4,99.0,A+,,,
TTC,96.67,,8.1,66.5,6.219094790622237,-3.0391191886205537,5.774343667825024,,,True,50.7,29.1,46.4,D+,,,
TTDKY,20.51,,23.27,78.3,9.095750325618912,35.20105554206734,3.0727680774364243,,,True,56.7,82.7,19.8,E,,,
TTD,14.56,,74.18,10.6,-28.94094475540898,-46.52956144099634,4.461943298591526,,,True,2.8,1.1,32.8,D-,,,
TTEK,36.43,,15.55,75.1,34.626756486237184,-9.871350061415685,11.763972067445032,,,True,88.0,18.4,96.1,A+,,,
TTE,87.05,,7.56,66.6,-4.728025553510118,12.004635938957552,4.909462436383544,,,True,20.0,59.8,37.2,D,,,
TTMI,138.88,,37.95,85.0,-17.734862644939874,51.120788773463,-1.079885516794434,,,True,7.2,88.8,2.9,E,,,
TTNDY,91.89,,2.86,81.7,13.626803844188284,19.384172966509162,5.071437677947451,,,True,64.7,70.4,38.6,D,,,
TTWO,241.91,,9.04,52.9,6.5729783964532995,18.647311620044825,6.128110951479981,,,True,51.6,69.4,51.7,C,,,
TT,477.69,,5.57,56.7,1.4160762688221862,1.0898553437605818,6.086963559457982,,,True,38.1,37.6,51.2,C,,,
TVAI,10.39,,0.1,40.7,1.1684506349594947,2.06286868223573,21.623599225018026,,,True,36.6,41.2,99.0,A+,,,
TVA,10.54,,14.1,36.4,0.47664625191439214,-3.479854503534796,15.167976904904283,,,True,32.4,28.2,98.5,A+,,,
TVTX,61.43,,7.26,91.0,37.890011908363164,103.2759771845658,6.39369834375292,,,True,89.6,95.7,55.1,C,,,
TWFG,26.92,,10.24,77.8,42.43386571235992,32.54554792793471,12.940840023847144,,,True,91.5,81.7,97.6,A+,,,
TWIN,24.17,,3.32,88.4,33.46217601487547,29.25133730638474,5.530427075071761,,,True,87.3,79.9,43.5,D+,,,
TWLO,249.42,,3.46,90.3,29.494833170108148,125.84208454268864,10.410826197700178,,,True,85.0,96.8,91.8,A,,,
TWLV,10.04,,3.28,,1.209676256413017,1.0060400974973627,,,,True,36.9,37.3,,,,,
TWN,97.38,,7.34,84.4,2.559238813499709,60.82575929548799,5.677169460611056,,,True,41.9,90.8,45.9,D+,,,
TWO,12.03,,15.1,53.6,-3.8369325901583373,10.977857315232399,2.1113627822956786,,,True,21.5,58.2,13.0,E,,,
TWST,125.29,,0.88,95.4,130.354846323823,152.39726211830651,12.071886920662115,,,True,98.5,97.3,96.6,A+,,,
TW,105.53,,22.16,28.6,-3.9501239835288304,-8.250740063209117,8.927194446935548,,,True,21.3,20.4,82.6,A-,,,
TXG,58.15,,4.19,95.7,175.98481977161322,203.65536044845385,14.014521914683378,,,True,98.7,98.0,98.5,A+,,,
TXNM,57.39,,3.59,33.0,-3.3024441623446754,-3.2535411502892186,3.0235261678168737,,,True,22.5,28.6,19.3,E,,,
TXN,273.43,,18.14,72.1,-10.742967723515939,20.68767332087802,1.7025955426593118,,,True,12.2,71.8,11.1,E,,,
TXO,14.17,,4.45,65.0,8.499234887396213,10.27237413458324,11.001893770913515,,,True,55.5,56.9,93.7,A+,,,
TXRH,207.01,,4.29,74.9,15.45454239087336,12.891964065461048,4.971477573803629,,,True,68.0,61.3,37.7,D,,,
TXT,88.04,,13.32,35.1,-3.6550657523228836,-9.498354322031922,2.5592698297584757,,,True,21.8,18.9,15.5,E,,,
TX,54.28,,2.48,83.4,19.13959345763141,19.95579840728592,9.272155250872238,,,True,74.0,70.9,85.0,A,,,
TYG,43.46,,15.08,30.4,-5.685765875710381,-6.83815844700395,5.517672953988894,,,True,18.5,22.5,43.5,D+,,,
TYIDY,128.0,,5.96,48.3,-1.158301158301156,-1.538461538461533,-3.2300971851104823,,,True,26.9,31.8,1.0,E,,,
TYL,328.95,,43.72,24.9,10.167792694675404,-3.036105465871408,10.530622368756918,,,True,58.6,29.2,92.2,A,,,
TYRA,25.02,,38.45,35.7,-30.864878536160067,-16.59999847412109,0.2559038367444071,,,True,2.2,12.2,5.8,E,,,
TY,36.06,,1.34,54.8,4.249787144524464,7.931761069413401,8.7476156999958,,,True,46.0,53.4,81.6,A-,,,
T,24.58,,17.49,31.9,-0.6467262582616984,-13.6635057123075,10.865837482719119,,,True,28.2,14.9,93.7,A+,,,
UAL,126.35,,8.95,79.8,32.02716663962497,10.891696045393285,5.390085316118806,,,True,86.5,58.0,42.0,D,,,
UAN,118.83,,14.82,48.4,-8.977401891187531,8.066571326895854,4.650545342002204,,,True,14.3,53.6,34.8,D,,,
UBCP,15.59,,10.09,50.8,0.12845313158567073,9.943583586656501,3.696611621930174,,,True,30.9,56.5,24.6,E,,,
UBER,75.88,,25.6,30.4,1.579648264281075,6.858185119585913,10.728248226007352,,,True,38.9,51.3,93.2,A+,,,
UBSI,49.06,,1.13,76.2,16.393834812078325,10.819971477955747,7.845240744324222,,,True,69.7,57.9,72.4,B,,,
UBS,53.73,,2.57,78.1,16.097665389447545,27.111425460696292,5.558408948960979,,,True,69.2,77.9,43.9,D+,,,
UCB,36.76,,1.13,70.2,14.196950362016803,5.118668348679445,7.895439240021763,,,True,65.7,48.0,73.4,B,,,
UCIB,35.7,,10.94,69.0,0.2189448841831032,20.038325370642628,4.204160153498943,,,True,31.5,71.0,29.9,D-,,,
UCTT,92.91,,35.58,91.7,9.267321724225997,66.11836878617802,0.019194618587382806,,,True,57.0,91.5,4.8,E,,,
UDR,37.94,,9.67,41.1,1.0117109337299812,-4.601461838800647,5.8126791612073685,,,True,35.6,26.0,47.3,C-,,,
UEC,11.19,,44.99,18.9,-27.19583877434417,-29.622644148532707,4.671971715416037,,,True,3.3,4.2,34.8,D,,,
UE,21.99,,8.79,53.5,2.7570082762531145,6.283227506612676,5.560402231964184,,,True,42.4,50.3,43.9,D+,,,
UFCS,53.72,,3.76,82.9,10.353330362989155,38.73967257412998,6.594199638420253,,,True,59.0,84.4,57.0,C,,,
UFPI,91.27,,22.65,40.9,12.015214338569468,-20.964672113728433,8.470651530438666,,,True,62.1,8.9,79.2,B+,,,
UFPT,319.86,,5.57,86.7,45.90155788512635,21.416635800016138,10.374439995205115,,,True,92.3,72.5,91.8,A,,,
UGI,35.26,,14.71,36.8,6.045107733934452,-7.502627697971653,5.938481846326068,,,True,50.2,21.6,48.8,C-,,,
UHAL-B,64.93,,2.94,83.8,41.275022422053475,42.76605168244456,10.721715506815087,,,True,90.9,86.0,93.2,A+,,,
UHAL,74.0,,3.2,85.8,49.344096871846624,49.43457189014539,10.755910268222708,,,True,92.9,88.1,93.2,A+,,,
UHS,171.21,,30.5,26.3,0.11695615102462753,-25.985644685341867,10.052867494283028,,,True,30.8,5.8,90.8,A,,,
UHT,41.26,,10.89,40.3,2.76462844715617,-4.113413150050659,1.5783565556690178,,,True,42.6,26.8,10.1,E,,,
UI,583.0,,47.0,27.9,-12.300494908013293,-18.245431981040795,4.24833022565033,,,True,10.9,10.7,30.4,D-,,,
ULH,19.66,,27.83,82.4,59.31928563543038,11.136234298542158,11.027494440527768,,,True,94.5,58.4,94.2,A+,,,
ULS,76.81,,28.58,22.0,-22.257087491301874,5.871809177937637,0.9766610859300933,,,True,5.3,49.5,7.7,E,,,
ULTA,515.57,,27.89,32.1,4.758713263074021,-24.51943381535484,8.836955896045936,,,True,47.1,6.6,82.1,A-,,,
UL,62.68,,16.4,37.5,9.008696182914399,-14.453391148934369,4.525515619058966,,,True,56.4,14.2,33.3,D-,,,
UMAC,27.24,,20.72,92.8,81.96392632677463,125.68351094546948,9.184468055424915,,,True,97.0,96.7,84.5,A,,,
UMBF,150.88,,0.29,78.8,19.395429993520995,14.164652605033679,7.92310571069965,,,True,74.4,63.5,73.4,B,,,
UMC,19.38,,33.08,89.9,21.733663070141972,88.15533165792814,-0.8347051824010201,,,True,77.4,94.7,3.4,E,,,
UMH,16.59,,0.42,59.7,8.219179077546567,2.85182983625476,9.976175973722174,,,True,55.0,43.9,90.3,A,,,
UNB,24.59,,11.07,41.2,4.194915900796148,2.033195653891662,8.224309066601613,,,True,45.8,40.9,76.3,B+,,,
UNFI,48.58,,14.8,72.3,-6.792014905881249,21.177355527699394,3.9466328529180768,,,True,16.9,72.2,27.0,E,,,
UNF,287.91,,6.12,82.0,12.289393003942827,22.473202170371522,5.4596014644361475,,,True,62.6,73.9,43.0,D,,,
UNH,399.06,,13.55,69.0,-0.5234825110694619,43.07841151575551,2.664023674965671,,,True,28.4,86.1,16.4,E,,,
UNM,92.7,,1.96,75.6,15.255497884175284,29.813747301837545,9.246922017665904,,,True,67.7,80.2,85.0,A,,,
UNP,297.79,,5.76,75.9,12.522202359690882,13.309999065835342,5.947571437077535,,,True,63.0,62.0,48.8,C-,,,
UNTY,61.73,,0.85,75.9,18.574720595920713,13.432560717082564,7.269710878455934,,,True,73.1,62.2,66.2,B,,,
UOVEY,64.9,,8.4,67.6,10.505707528918595,5.786476185904532,5.62745719681411,,,True,59.4,49.4,44.9,D+,,,
UPBD,19.68,,29.79,49.1,13.888890654952423,-0.6562326846250244,4.17667601460548,,,True,65.1,33.5,29.5,D-,,,
UPMMY,26.6,,19.49,25.2,-10.19581489600604,-19.075140718465235,4.73010918644467,,,True,12.8,10.2,35.3,D,,,
UPST,30.97,,59.75,24.9,14.746199753073341,-6.435047391678273,8.386105967965229,,,True,66.7,22.9,78.2,B+,,,
UPS,105.54,,13.78,51.4,7.201626120393434,-12.049999237060549,5.674822036461359,,,True,52.8,16.5,45.9,D+,,,
URA,45.25,,27.34,26.4,-15.11911679921505,-15.751255313125501,6.121556769667778,,,True,8.8,13.0,51.2,C,,,
URBN,76.2,,9.66,64.7,14.741751164346017,8.054448310042805,8.0707404543936,,,True,66.7,53.6,74.9,B,,,
URGN,48.12,,3.12,92.3,55.526822662846676,127.62534972509347,10.791094442034828,,,True,93.9,96.9,93.2,A+,,,
URI,1120.58,,4.97,79.1,19.814806156008768,28.23775288725352,7.64138970225666,,,True,74.8,78.9,71.0,B,,,
USAC,26.06,,14.7,33.3,-9.230235228344197,-3.588607229217977,4.192718694333312,,,True,13.8,28.0,29.5,D-,,,
USAR,18.61,,57.69,24.9,-26.789926788546182,-14.515385345192634,5.289942572285847,,,True,3.4,14.2,41.0,D,,,
USAU,15.06,,36.59,27.2,-15.01128431367551,-11.826695435499413,5.486093637325297,,,True,8.9,16.6,43.0,D,,,
USB,65.17,,0.67,79.2,23.568445523218262,10.532561344886894,8.568134349803827,,,True,79.4,57.4,79.7,B+,,,
USCB,22.63,,4.68,78.8,24.340654729486833,14.698424535056276,9.672881540581216,,,True,80.4,64.0,88.4,A,,,
USFD,110.09,,1.19,83.2,29.274302886203184,22.417431711209403,10.049597207507231,,,True,84.8,73.8,90.8,A,,,
USLM,117.4,,17.0,42.7,7.361684065732876,8.945806909687182,7.08824364727327,,,True,53.1,54.6,64.2,B-,,,
USML,47.44,,0.0,69.8,14.328748568467686,9.649165187799369,8.113062539231567,,,True,65.9,56.0,75.3,B+,,,
USNA,13.63,,57.83,13.4,-22.60079435297605,-35.525070414186764,-0.5802671122401506,,,True,5.0,2.4,3.9,E,,,
USOI,45.61,,25.6,20.8,-21.140445371731666,-10.945796996345747,3.797895978390855,,,True,5.8,17.5,25.6,E,,,
USPH,82.76,,11.49,74.3,37.61224166317005,-6.103923149273349,12.55206070030238,,,True,89.4,23.4,97.1,A+,,,
UTF,26.97,,4.06,43.1,-0.11111365424262276,1.5436721135334786,5.8632324347583165,,,True,29.8,38.8,47.8,C-,,,
UTG,40.02,,8.84,34.8,-6.995118620116958,1.086134018094631,4.770918466126339,,,True,16.7,37.5,35.7,D,,,
UTHR,501.27,,17.74,38.0,-13.505540771357992,5.342017235194252,4.300891056435097,,,True,10.0,48.5,30.9,D-,,,
UTI,25.84,,49.67,15.4,-34.993710307955,-4.8250454784976355,-2.1498429812347553,,,True,1.6,25.7,1.9,E,,,
UTL,54.41,,4.98,58.9,6.811935310977835,6.602664277845038,5.3606721370685975,,,True,52.2,50.9,41.5,D,,,
UTMD,72.1,,4.82,72.8,12.568303628604372,12.305293573397336,7.188549732508027,,,True,63.1,60.3,65.2,B-,,,
UTZ,14.16,,0.21,90.7,103.74100499873538,27.223718305589472,7.274630401838534,,,True,98.2,78.0,66.2,B,,,
UUUU,14.58,,47.74,21.4,-27.750248148136492,-35.084595174950785,4.2172993515844155,,,True,3.2,2.4,29.9,D-,,,
UVE,42.39,,6.11,78.9,8.248210903085917,33.80681625520341,6.494992931534526,,,True,55.1,82.3,56.0,C,,,
UVSP,42.97,,5.48,77.3,13.707333211704498,23.868553533303903,2.864936698185712,,,True,64.8,75.3,17.9,E,,,
UVV,44.89,,24.4,19.2,-16.561339424445276,-15.093627029225576,-2.3708972515906037,,,True,8.1,13.6,1.4,E,,,
UYSC,10.78,,8.26,44.3,1.125702507286741,4.558674046804412,10.37883947438019,,,True,36.4,47.1,91.8,A,,,
U,45.79,,12.2,88.5,70.28635520835753,113.87202669559713,22.10136686243861,,,True,96.1,96.1,99.0,A+,,,
VABK,46.87,,6.26,69.3,9.203166197308388,15.528713167080998,8.052328772723069,,,True,56.9,65.5,74.9,B,,,
VACI,10.22,,2.57,,0.5905553200572289,2.7135724918532667,,,,True,33.1,43.3,,,,,
VAC,121.31,,7.64,91.5,66.88677611582577,118.41915296829985,9.263792071994574,,,True,95.7,96.3,85.0,A,,,
VALE,13.8,,23.08,28.2,-18.052255399436678,-20.59838785538053,1.3312782832444618,,,True,7.0,9.3,9.2,E,,,
VALU,36.34,,11.75,39.2,8.315946803540664,-1.810321122432068,5.758823696674017,,,True,55.3,31.3,46.4,D+,,,
VAL,85.13,,25.4,70.0,-13.966652598870166,-3.7208807357860585,4.518938048591611,,,True,9.6,27.6,33.3,D-,,,
VBF,14.78,,7.51,31.6,-1.3351152672150146,-3.9011720873134537,7.065855721558479,,,True,26.4,27.4,64.2,B-,,,
VBNK,20.11,,19.72,82.9,16.175624554312897,23.298593564387282,4.044033810644082,,,True,69.3,74.7,28.0,E,,,
VCEL,44.54,,9.69,79.1,35.627286588085695,28.61680888110696,7.43231018560544,,,True,88.5,79.2,68.6,B,,,
VCTR,118.17,,0.04,89.0,35.82758410223599,54.97704677894468,12.51331138261775,,,True,88.6,89.7,97.1,A+,,,
VCV,10.74,,5.62,35.8,0.09319451181886151,-4.618119261828024,5.7559204050908885,,,True,30.7,26.0,46.4,D+,,,
VCX,38.5,,93.3,,-84.3502293160166,,,,,True,1.0,,,,,,
VCYT,42.6,,30.06,57.6,11.372545030381943,18.36620859716891,1.093392001807981,,,True,61.0,69.1,8.2,E,,,
VC,107.25,,16.92,35.2,-6.6985645933014375,5.457227138643073,8.209703025456978,,,True,17.0,48.8,76.3,B+,,,
VECO,53.58,,38.15,82.1,-11.085294007542835,64.35583383759105,1.054415002852056,,,True,11.9,91.4,8.2,E,,,
VEEE,11.96,,90.66,14.0,67.27272557515063,-73.0630639028785,-24.438006987211715,,,True,95.8,1.0,1.0,E,,,
VEEV,252.64,,18.63,83.5,62.22949938332272,42.7022138441304,19.702895266095254,,,True,95.1,85.9,99.0,A+,,,
VELO,15.38,,51.56,82.7,-26.796762901280736,22.06349297175332,6.515366544791291,,,True,3.3,73.5,56.5,C,,,
VEL,18.1,,15.4,35.5,4.262675008466177,-7.841138587221352,5.049845983309119,,,True,46.0,21.1,38.6,D,,,
VEOEY,19.8,,8.42,43.2,-2.463054279761645,0.9174229873997408,4.299024006287334,,,True,24.0,37.0,30.9,D-,,,
VEON,57.04,,10.87,55.9,0.26366833455324645,2.7747764243735817,10.097189799615613,,,True,31.6,43.5,90.8,A,,,
VERA,28.89,,48.46,17.6,-26.206898110731956,-32.75139806878855,-0.022767024246718393,,,True,3.7,3.1,4.8,E,,,
VERX,13.25,,50.23,21.7,4.00313971742543,3.273577552611062,13.451830314004821,,,True,45.2,44.7,98.0,A+,,,
VET,11.23,,24.22,61.2,-10.375103413915976,6.749045078292104,7.010364089003526,,,True,12.6,51.2,63.3,B-,,,
VFC,14.74,,33.81,21.6,-13.952132100886372,-29.16867000904294,2.864452368145722,,,True,9.6,4.3,17.9,E,,,
VGM,10.54,,1.13,43.6,1.9342356078629441,-0.37807219420579186,5.527914454777008,,,True,40.1,34.0,43.5,D+,,,
VGNT,45.54,,10.51,,3.9726066410396887,,,,,True,45.2,,,,,,
VG,13.54,,23.16,77.5,4.153845860407901,38.4458111609737,5.298992352610031,,,True,45.6,84.2,41.0,D,,,
VHC,15.49,,46.59,45.7,21.776727760362924,-12.928612866114864,11.229374522996006,,,True,77.5,15.7,94.7,A+,,,
VHI,16.46,,6.85,74.9,19.27535568458445,4.974483957096032,11.07926541606972,,,True,74.2,47.8,94.2,A+,,,
VIAV,42.99,,28.86,88.4,-19.839638861706522,59.81413263370556,0.4642212582249883,,,True,6.2,90.6,6.3,E,,,
VIA,26.36,,53.19,,98.04657985961714,43.02767321685157,,,,True,97.9,86.1,,,,,
VICI,26.34,,22.34,24.9,-6.628854475051793,-9.701747848515973,6.969538143082216,,,True,17.2,18.7,62.3,B-,,,
VICR,226.64,,40.77,88.1,-26.717754910062908,41.02420471012906,-1.1245218008427305,,,True,3.4,85.3,2.9,E,,,
VIK,106.11,,3.62,86.0,29.134721443777,38.56098277664086,5.705263301381311,,,True,84.6,84.3,45.9,D+,,,
VIPS,14.16,,32.83,21.7,-5.537025701053311,-19.362187657106432,5.706607059859621,,,True,18.9,10.0,45.9,D+,,,
VIRT,57.2,,15.91,79.6,6.736332828772995,50.80411485088177,3.7995670326414466,,,True,51.9,88.7,25.6,E,,,
VISN,11.35,,44.77,16.9,-1.3900922548242711,-40.792903591707216,5.639426037058483,,,True,26.2,1.7,45.4,D+,,,
VIST,66.19,,18.73,67.5,-3.2309905827394125,18.090994543097683,5.037304058131086,,,True,22.7,68.8,38.6,D,,,
VITL,11.59,,78.18,16.0,39.135656093492074,-55.07751878841902,10.48269501703473,,,True,90.0,1.0,92.2,A,,,
VIV,11.34,,34.3,18.0,-20.365167467781664,-28.227847135519678,-0.9707826575605836,,,True,6.0,4.7,3.4,E,,,
VKTX,32.94,,23.66,30.6,3.9116675921418986,15.376527589173318,4.228605274782014,,,True,45.1,65.3,29.9,D-,,,
VLGEA,43.05,,10.7,58.1,-4.882900492575015,14.616611387275146,5.469184286003099,,,True,19.7,64.0,43.0,D,,,
VLOS,10.72,,10.37,36.2,-1.1981576946572314,0.4686053456171013,0.4293606904547911,,,True,26.8,35.7,6.3,E,,,
VLO,342.92,,0.24,90.2,40.483413940079636,68.16399246161946,11.001170638392114,,,True,90.5,91.9,93.7,A+,,,
VLTO,97.54,,11.42,53.4,13.616774508476826,2.6736851742393153,12.422214460891654,,,True,64.7,43.2,97.1,A+,,,
VLT,10.12,,11.46,27.7,-3.6190487089611256,-8.166970185489275,3.703845675819956,,,True,21.9,20.5,24.6,E,,,
VLY,15.02,,1.18,77.8,15.538465059720563,12.257103570729978,7.631910395284573,,,True,68.2,60.2,71.0,B,,,
VMC,277.52,,16.18,31.1,1.0854480271260458,-13.215338978775437,4.437986925651456,,,True,36.1,15.4,32.4,D-,,,
VMI,492.2,,15.97,55.4,-4.172261704528313,3.003036979602647,2.4092775004241833,,,True,20.9,44.3,14.5,E,,,
VNME,10.23,,0.39,,0.7881766178592153,1.0869531415134803,,,,True,34.0,37.5,,,,,
VNOM,41.27,,19.28,28.4,-14.660875811075947,-5.883693368839971,2.5151168539641926,,,True,9.2,23.9,15.5,E,,,
VNO,39.67,,8.53,77.3,29.2603394230867,31.140489814695236,8.25650371846493,,,True,84.7,80.9,76.8,B+,,,
VNQ,98.58,,3.16,52.1,2.8053003008952304,5.59126091107196,4.248359451229801,,,True,42.6,49.1,30.4,D-,,,
VNT,33.08,,31.37,33.8,13.990357791366947,-18.7423192555768,8.027497650265786,,,True,65.3,10.4,74.4,B,,,
VOD,16.22,,2.35,71.2,4.577687384619544,3.443873171903644,5.163502038807436,,,True,46.7,45.1,39.6,D,,,
VOO,714.95,,0.2,64.6,4.768400278875795,12.351699479318823,7.069860550479683,,,True,47.2,60.4,64.2,B-,,,
VOR,23.29,,53.61,88.0,46.385926558939936,74.58771300995011,13.330953893167521,,,True,92.4,92.9,98.0,A+,,,
VOYA,101.08,,2.67,82.2,23.99411412052832,34.254219459496184,8.119725143316568,,,True,79.9,82.4,75.3,B+,,,
VOYG,44.28,,15.5,88.1,31.78571663746228,68.30102500236153,11.498613254127143,,,True,86.3,91.9,95.1,A+,,,
VPG,68.13,,55.11,70.0,-31.596388299781154,46.73701756066762,-3.571930790781334,,,True,2.0,87.3,1.0,E,,,
VPV,11.3,,1.74,50.2,2.2624451650213873,2.2624451650213873,7.225989232519843,,,True,40.9,41.8,65.2,B-,,,
VRDN,21.99,,35.87,51.1,29.04929443144464,-26.870635945732747,12.184661589539205,,,True,84.6,5.3,96.6,A+,,,
VREX,18.5,,0.7,90.9,83.71400198609732,35.92946362968406,15.495284624228985,,,True,97.2,83.2,98.5,A+,,,
VRE,18.99,,0.21,70.3,0.849707912904929,26.59999999999998,4.965677855393981,,,True,34.5,77.6,37.7,D,,,
VRNS,45.82,,28.29,87.1,69.64087262060058,74.2867999042382,10.96047527120334,,,True,96.1,92.8,93.7,A+,,,
VRNT,20.51,,41.06,36.0,0.5885237861696924,14.709172259507852,4.210216353024498,,,True,33.0,64.1,29.9,D-,,,
VRSK,185.94,,32.68,32.2,15.154519379083586,7.003511792257711,6.980040986518121,,,True,67.5,51.6,62.8,B-,,,
VRSN,287.15,,8.11,58.3,-2.7071918762335168,33.13705206624831,6.038844110876543,,,True,23.6,82.1,50.7,C-,,,
VRTS,170.2,,16.41,68.0,20.504104324725425,21.815056504610773,8.784587652509178,,,True,75.8,73.1,81.6,A-,,,
VRTX,516.44,,5.44,73.2,13.989317627114794,11.967739667289523,7.505986798526608,,,True,65.2,59.7,69.1,B,,,
VRT,287.07,,24.44,73.7,-22.41141454519886,15.516481157385531,1.22785831043754,,,True,5.1,65.4,8.7,E,,,
VSAT,82.9,,10.89,90.3,17.455371955056552,82.88109756425968,5.632724712803642,,,True,71.5,94.2,44.9,D+,,,
VSCO,81.98,,2.31,93.8,69.55532574974148,52.77674245247859,9.652282637913615,,,True,96.0,89.0,87.9,A,,,
VSEC,230.9,,6.84,80.4,27.90117647841599,12.02212007397845,9.268485367269527,,,True,83.5,59.9,85.0,A,,,
VSH,33.32,,52.04,82.1,-13.45454624720982,65.03219264400306,-2.355437410222443,,,True,10.1,91.4,1.4,E,,,
VSNT,38.91,,34.05,,-3.783379899242556,37.00704355652291,,,,True,21.6,83.6,,,,,
VSTS,13.52,,20.0,89.7,20.1777818467882,55.940028347908566,1.5639633486102085,,,True,75.3,90.0,10.1,E,,,
VST,146.4,,33.4,25.0,2.6575933640588856,-8.585704716525521,4.097904782718171,,,True,42.1,20.0,28.5,E,,,
VSXY,91.06,,11.13,93.4,101.50475228721785,61.59715627079636,7.130151720636565,,,True,98.1,90.9,64.7,B-,,,
VTMX,33.85,,9.52,43.6,-1.8556147459521832,2.6690884868701747,3.916707289533136,,,True,25.2,43.2,26.6,E,,,
VTN,11.26,,6.94,38.9,1.2589948640453041,-6.16666475931803,6.8058634605362665,,,True,37.2,23.3,59.9,C+,,,
VTOL,46.48,,7.74,67.1,10.377581434899863,2.356308174931354,7.502448439081627,,,True,59.2,42.2,69.1,B,,,
VTRS,16.04,,12.78,68.2,-7.656874406866187,-0.557960846079697,2.4434990292823695,,,True,15.9,33.6,15.0,E,,,
VTR,90.29,,11.13,61.5,-0.0664073984201985,5.368188721586353,5.633697124652908,,,True,30.0,48.7,44.9,D+,,,
VTS,16.2,,40.33,19.4,-10.645335008607537,-26.79620080009284,8.894952480754815,,,True,12.3,5.3,82.6,A-,,,
VTVT,30.85,,29.89,50.0,-2.573818470015077,-10.293688916924326,4.1843672194183075,,,True,23.8,17.9,29.5,D-,,,
VTYX,14.0,,44.0,96.2,78.57142857142858,438.4615384615384,3.3104185731562827,,,True,96.7,98.7,21.7,E,,,
VVV,33.77,,18.29,34.6,5.23527721334891,-13.120657427929828,2.6865002709858246,,,True,48.2,15.5,16.4,E,,,
VVX,81.27,,13.52,77.5,15.129617003918971,24.323078848197042,5.173564265772919,,,True,67.5,75.8,40.1,D,,,
VXX,19.62,,51.94,13.1,-30.84243623816215,-27.65486416211874,1.9112212628656788,,,True,2.2,4.9,12.1,E,,,
VXZ,49.92,,19.59,23.2,-11.239333715750854,-6.815384136155089,9.741853143639478,,,True,11.7,22.5,88.9,A,,,
VYLD,30.41,,0.72,62.7,8.070648968951266,7.440640649167007,4.036780255471781,,,True,54.7,52.5,28.0,E,,,
VYNE,27.85,,40.67,98.8,4253.0236431747,4753.6330896248655,-330.48335036910555,,,True,98.9,98.9,1.0,E,,,
VZ,48.22,,6.7,57.5,2.1393798362701277,-1.5315474357706194,9.564866802619225,,,True,40.6,31.8,87.4,A,,,
V,365.45,,2.28,66.3,14.092601606890586,10.998059836906581,10.310789924039907,,,True,65.5,58.2,91.8,A,,,
WABC,59.93,,5.79,71.3,11.290622665136073,15.583414281920493,4.471070229149001,,,True,60.7,65.6,32.8,D-,,,
WAB,297.98,,2.82,79.6,12.538715532263822,17.121299813822866,6.925117934272333,,,True,63.0,67.4,61.8,B-,,,
WAFD,37.95,,3.9,70.2,9.71379231841414,15.069741549240323,6.9882011055947455,,,True,57.9,64.7,62.8,B-,,,
WAL,81.74,,15.93,43.4,9.03027592873087,-13.803650887093188,5.939834555753057,,,True,56.6,14.7,48.8,C-,,,
WASH,40.19,,0.2,81.7,28.116030050076457,12.388139336434524,8.88338788842894,,,True,83.8,60.6,82.6,A-,,,
WATT,14.9,,59.69,54.4,-36.8966988443218,50.10070224542993,-2.362104357977188,,,True,1.3,88.3,1.4,E,,,
WAT,413.51,,1.61,77.4,23.461621761450147,25.61057404788123,10.524496561600262,,,True,79.3,76.7,92.2,A,,,
WAY,25.08,,39.52,45.3,34.18940185691457,5.689002981508273,12.12014640783324,,,True,87.8,49.3,96.6,A+,,,
WBD,27.75,,7.5,74.5,1.83486238532109,-0.8574490889603381,4.869520328372882,,,True,39.9,33.1,36.7,D,,,
WBI,31.25,,15.29,,7.907461974869889,24.20508819364835,,,,True,54.4,75.6,,,,,
WBS,79.02,,0.9,74.3,10.25533227719604,9.37023756825801,6.055932279456529,,,True,58.9,55.6,50.7,C-,,,
WCC,359.41,,6.74,77.2,-0.30235682049670753,18.64065612402106,3.7679504354354476,,,True,29.1,69.4,25.6,E,,,
WCN,165.53,,13.34,39.4,8.786802562629381,-3.593477705709447,6.466362045000174,,,True,56.0,27.9,56.0,C,,,
WDAY,206.45,,17.37,85.6,77.21029780964994,42.8225506387009,20.55801418063973,,,True,96.7,86.0,99.0,A+,,,
WDC,487.29,,39.08,92.7,-1.3762657522067068,78.01198529441142,-0.9344111255145773,,,True,26.2,93.6,3.4,E,,,
WDFC,230.1,,23.02,62.1,15.303671128239937,-2.5412934758510697,4.724901953872884,,,True,67.9,30.0,35.3,D,,,
WDI,13.25,,13.29,28.9,-2.787967718268536,-6.22788393489031,5.7103482693052054,,,True,23.6,23.2,45.9,D+,,,
WDS,22.8,,9.49,70.2,1.559016646149436,21.59999593098958,5.391501813737138,,,True,38.8,72.8,42.0,D,,,
WD,42.78,,52.47,15.0,-20.542349964158856,-30.40507763250875,3.817259152339684,,,True,5.9,3.9,26.1,E,,,
WEA,10.53,,7.95,32.4,-0.0948791938217064,-5.645163683053845,9.354374762884124,,,True,29.9,24.4,86.0,A,,,
WEC,110.28,,8.03,33.9,-1.7112310344947645,-2.519226748610559,4.551325838382324,,,True,25.6,30.1,33.8,D,,,
WELL,234.44,,8.13,72.0,6.49586737594543,12.776603060133862,6.909835606341256,,,True,51.3,61.1,61.3,B-,,,
WENN,10.36,,0.29,39.7,1.073167382217033,1.7681664646900686,8.34381489834456,,,True,36.0,39.7,77.8,B+,,,
WERN,38.49,,18.95,74.2,11.3071187925587,11.72714565592683,3.2601205451716115,,,True,60.8,59.4,21.2,E,,,
WES,48.29,,1.13,70.8,6.389074499950076,13.757363758603859,7.06455456929948,,,True,51.0,62.9,63.7,B-,,,
WEX,199.01,,0.34,84.3,46.55717984154646,20.124340258849482,15.684791058384691,,,True,92.5,71.1,99.0,A+,,,
WEYS,45.8,,5.92,85.6,35.06340087602639,44.93670644639414,12.432678200257001,,,True,88.1,86.8,97.1,A+,,,
WFCF,12.5,,43.57,56.7,13.533151680290656,9.075043630017454,3.595692595346901,,,True,64.5,54.8,23.7,E,,,
WFC,88.11,,9.87,63.5,19.828642200940514,-0.9443500726795229,7.916489368748941,,,True,74.8,32.9,73.4,B,,,
WFG,69.55,,9.66,60.2,14.072499674852912,-6.8942395558797775,8.887534712760829,,,True,65.4,22.4,82.6,A-,,,
WFRD,92.1,,18.6,49.0,-15.566558054527778,-11.117546348078466,4.624537302027507,,,True,8.5,17.3,34.3,D,,,
WF,70.82,,16.4,71.5,11.212311078555626,-8.025974422306215,2.5386497254124727,,,True,60.7,20.8,15.5,E,,,
WGO,32.57,,35.07,32.5,11.464749126708496,-31.214361784954136,8.545883235814467,,,True,61.2,3.6,79.7,B+,,,
WGS,79.15,,53.68,76.4,103.26143175623757,-13.440505767848965,16.316544283432542,,,True,98.2,15.1,99.0,A+,,,
WHD,72.04,,1.14,86.8,28.48225595778018,25.636555485747014,11.688287664971044,,,True,84.1,76.7,96.1,A+,,,
WHG,19.27,,8.11,70.1,19.31888828336641,9.054897893399371,4.25526714596616,,,True,74.3,54.8,30.4,D-,,,
WHR,42.85,,55.63,16.7,2.5855840893490356,-53.835381949880315,7.646940456216603,,,True,42.0,1.0,71.0,B,,,
WH,74.31,,18.73,26.2,-8.49649358626554,-6.528304957743714,3.193703372755863,,,True,14.8,22.9,20.8,E,,,
WILC,28.49,,25.01,32.4,-20.30769294792122,-2.230611629656265,-1.6687728125523513,,,True,6.1,30.6,2.4,E,,,
WINA,349.6,,33.71,22.3,-0.7551223234214421,-19.344790378702125,2.349033424690404,,,True,27.9,10.0,14.5,E,,,
WING,113.9,,67.06,12.6,-5.563384855419196,-53.25453438156492,0.9733407253673967,,,True,18.8,1.0,7.7,E,,,
WIX,80.06,,58.07,63.7,44.72161525414633,11.040218527869294,18.785590702799595,,,True,92.0,58.2,99.0,A+,,,
WKC,37.12,,9.9,85.4,35.573407348008644,35.672510715953095,5.454240201787115,,,True,88.4,83.0,42.5,D,,,
WK,73.75,,24.04,80.6,66.440983976529,13.548883756735952,17.676234028751878,,,True,95.7,62.4,99.0,A+,,,
WLDN,84.72,,38.16,23.7,-6.962441005158004,-25.19865687735907,3.6142091796365996,,,True,16.8,6.1,24.1,E,,,
WLFC,54.44,,77.75,7.9,-74.62004726027554,-73.17169371281788,-8.55486369541614,,,True,1.0,1.0,1.0,E,,,
WLII,10.26,,2.29,,2.6000022888183594,,,,,True,42.0,,,,,,
WLKP,21.67,,9.25,35.5,-8.061094288103753,0.7906980292741617,4.297137130002504,,,True,15.4,36.6,30.9,D-,,,
WLK,80.19,,35.45,26.3,-13.092009925862957,-20.097646032875392,6.086581314684386,,,True,10.4,9.6,51.2,C,,,
WLYB,,,,,,,,,,False,,,,,,,
WLY,51.82,,9.8,84.4,32.09278535514714,75.6014899858496,7.187313365357749,,,True,86.6,93.2,65.2,B-,,,
WMB,73.04,,8.79,54.7,-3.5266135047849034,2.6996638294816355,5.007888457691154,,,True,22.0,43.3,38.2,D,,,
WMG,25.34,,28.46,18.8,-22.48393957605417,-14.90933461186068,2.790563651955356,,,True,5.1,13.6,17.4,E,,,
WMK,71.54,,14.57,41.0,2.3169349478365797,1.0166632526508845,2.8389582109767666,,,True,41.1,37.3,17.4,E,,,
WMMVY,27.71,,21.88,21.1,-14.501699429396142,-17.578822234307523,4.925159462529956,,,True,9.3,11.3,37.2,D,,,
WMS,149.23,,16.78,45.7,8.18471489599759,-13.85938828934481,6.191478129528692,,,True,54.9,14.7,52.6,C,,,
WMT,115.72,,14.38,32.2,-11.97991844473787,-10.134347114465236,5.851537619213717,,,True,11.3,18.2,47.8,C-,,,
WM,224.21,,9.64,40.1,3.5899125456787973,-4.453248651722841,5.267623617058083,,,True,44.4,26.2,40.6,D,,,
WNC,12.49,,12.78,87.4,82.06996750901112,2.7138139072217404,7.248299800871017,,,True,97.0,43.4,65.7,B-,,,
WNEB,14.05,,6.4,60.6,6.117826214009536,0.644700506696716,10.220826618239695,,,True,50.3,36.1,91.3,A,,,
WOLF,31.51,,61.01,,-49.66453514865803,74.76427636644915,,,,True,1.0,92.9,,,,,
WOR,58.16,,14.22,49.3,6.403219625708223,-0.6660976133012642,7.63777839641527,,,True,51.1,33.5,71.0,B,,,
WPAC,10.02,,15.73,,0.2000045776367143,,,,,True,31.3,,,,,,
WPC,71.49,,7.42,38.5,-3.326574896863388,-1.0929747319181948,3.5773737819727724,,,True,22.4,32.8,23.7,E,,,
WPM,131.86,,20.45,57.3,-7.284488390977661,-11.568640191568946,7.791724319414236,,,True,16.3,16.9,72.0,B,,,
WPP,26.99,,2.84,87.1,56.554523034328106,47.24495237925896,14.809578903606928,,,True,94.2,87.5,98.5,A+,,,
WRBY,25.88,,16.52,45.4,-9.161112106821335,17.689855210398385,6.915911245422041,,,True,14.0,68.2,61.3,B-,,,
WRB,70.47,,10.75,42.0,7.7028904488814165,-1.4956650535321248,5.870239294995907,,,True,53.9,32.0,47.8,C-,,,
WRLD,187.69,,17.56,79.3,25.22684977409011,47.25404239871824,2.7432829624290234,,,True,81.4,87.5,16.9,E,,,
WSBC,42.7,,0.35,81.0,28.769604230818622,15.780913131614561,10.63255169012502,,,True,84.3,65.9,92.7,A+,,,
WSBF,21.41,,0.0,79.1,16.29549075183112,20.078518493618127,9.32368224855975,,,True,69.6,71.0,85.5,A,,,
WSBK,12.97,,3.1,66.4,1.5661691628487295,6.363785528551724,5.144640484881672,,,True,38.8,50.4,39.6,D,,,
WSC,22.99,,22.77,35.3,-11.20123688250999,5.169257873367639,0.20739949184804907,,,True,11.8,48.1,5.8,E,,,
WSE,12.93,,25.99,,-5.0660762568352835,,,,,True,19.4,,,,,,
WSFS,81.56,,1.66,80.4,16.965434617228947,20.56171109917775,7.107010315538147,,,True,70.7,71.6,64.7,B-,,,
WSM,242.44,,4.88,81.5,40.90433711577719,13.736161775852063,8.14326975292156,,,True,90.8,62.8,75.8,B+,,,
WSO,311.6,,32.11,16.9,-25.450977055477388,-27.12474715760428,-0.34960369484942433,,,True,4.0,5.2,4.3,E,,,
WSTN,10.15,,0.1,,1.1964096585627138,1.8054096958926902,,,,True,36.8,39.9,,,,,
WST,346.16,,10.32,77.7,14.470900681914479,40.62398588808473,6.819664078254146,,,True,66.1,85.2,59.9,C+,,,
WS,38.04,,22.64,45.0,-5.6079381748701085,-21.46985773012522,6.438283551800317,,,True,18.7,8.4,55.5,C,,,
WTBA,30.0,,1.06,83.1,29.982668977469686,17.600940807526456,11.021225323717365,,,True,85.4,68.1,94.2,A+,,,
WTFC,162.45,,2.85,69.8,10.789058820324748,5.363858443534952,6.471637538466805,,,True,60.1,48.6,56.0,C,,,
WTG,10.48,,0.1,41.8,1.7080710705799529,2.5440241527812324,8.011896453422986,,,True,39.4,42.8,74.4,B,,,
WTIU,20.64,,20.03,87.8,22.9362760433631,36.15435849393578,11.791357866774376,,,True,78.8,83.3,96.1,A+,,,
WTKWY,79.83,,42.47,31.3,19.220432842076907,7.154364873898911,9.805447788801393,,,True,74.1,52.0,89.3,A,,,
WTRG,40.46,,4.51,50.8,6.754614998608588,8.066236870920562,8.126475480971774,,,True,52.1,53.6,75.8,B+,,,
WTS,383.05,,2.91,82.0,27.683329264322907,21.699757837321275,7.483015245020415,,,True,83.4,73.0,69.1,B,,,
WTTR,20.37,,9.67,87.3,11.06870686604906,56.81293948601538,5.6072684119663485,,,True,60.5,90.1,44.4,D+,,,
WTW,333.99,,5.33,75.9,37.94399067998307,19.24381100159771,12.395758998243133,,,True,89.6,70.2,97.1,A+,,,
WT,22.7,,2.53,86.4,16.469988522008492,41.34496116400656,6.88153206100886,,,True,69.9,85.4,60.8,B-,,,
WULF,16.31,,45.34,31.0,-29.455019610975853,1.7467215592163576,-3.754660770595402,,,True,2.6,39.7,1.0,E,,,
WWD,358.54,,20.49,55.2,-3.0396428836275913,-7.974639114775838,0.39672454422318104,,,True,23.0,20.8,6.3,E,,,
WWW,19.88,,39.39,71.2,28.010297236101756,11.560040183875419,7.254543665201101,,,True,83.7,59.1,65.7,B-,,,
WW,14.45,,62.35,24.9,49.89626358158854,-39.15789553993627,7.800468448299373,,,True,93.1,1.9,72.4,B,,,
WYFI,28.22,,39.79,79.3,4.4025105308151735,50.18625832016088,2.630880287438746,,,True,46.3,88.4,15.9,E,,,
WYNN,102.37,,24.01,30.9,6.402663700844036,-11.375636095072261,6.793382714597483,,,True,51.0,17.1,59.9,C+,,,
WYY,11.63,,52.14,90.7,41.14077808787522,134.94949726143267,3.333420892033586,,,True,90.9,97.0,21.7,E,,,
WY,24.82,,10.56,46.7,7.4458861247801655,-8.41328525895123,6.945701203018743,,,True,53.3,20.2,61.8,B-,,,
W,101.13,,15.71,83.2,68.38161380855472,14.829110086769592,6.843364492611814,,,True,95.9,64.3,60.4,C+,,,
XBI,156.86,,5.34,80.3,15.46558230614037,25.840351937569327,7.26359751673934,,,True,68.1,76.9,66.2,B,,,
XEL,78.98,,6.23,37.5,-1.1638050845531267,1.3603739180359176,4.12976551521043,,,True,26.9,38.3,29.0,E,,,
XENE,64.23,,11.6,82.4,14.942740438320667,50.210484932024315,7.878492693344391,,,True,67.2,88.4,72.9,B,,,
XE,22.73,,38.73,,-26.653760212608745,,,,,True,3.5,,,,,,
XFLT,19.28,,32.35,27.8,-0.31023429862715446,-6.180045320459815,10.22395114688776,,,True,29.0,23.2,91.3,A,,,
XHB,109.53,,11.05,48.0,10.658713946814835,-9.179104340701683,7.195524275856507,,,True,59.8,19.3,65.2,B-,,,
XHR,19.05,,13.64,77.6,16.442538123841977,19.43573189379655,3.3777919678911363,,,True,69.9,70.4,22.2,E,,,
XIACY,16.49,,56.69,15.0,-20.41505638231369,-30.626842854215177,4.815198768947161,,,True,6.0,3.8,35.7,D,,,
XIFR,11.6,,12.45,58.5,-0.5998253515876018,4.693144237091396,3.263502260182623,,,True,28.3,47.3,21.2,E,,,
XLB,52.31,,3.38,55.5,0.48021512371350106,-2.4431137349664622,6.138860402360268,,,True,32.5,30.3,51.7,C,,,
XLC,112.55,,6.52,33.0,-3.6056860289884307,-3.5891681417548615,7.020240097339672,,,True,21.9,27.9,63.3,B-,,,
XLE,61.06,,3.78,73.5,5.95176165470086,11.0585701740211,8.19230616980997,,,True,50.1,58.3,75.8,B+,,,
XLF,58.26,,0.26,66.9,14.257690534920187,10.466432437221872,10.417085310664717,,,True,65.8,57.2,91.8,A,,,
XLI,185.79,,1.28,66.8,7.009560252971436,6.262867294437902,6.115983525179274,,,True,52.4,50.2,51.2,C,,,
XLK,190.77,,4.01,77.3,7.871075877033062,33.43358931498421,6.640173728675867,,,True,54.3,82.1,57.5,C,,,
XLP,86.0,,4.59,46.8,1.510857838590396,-2.714933805941522,6.20363164424899,,,True,38.6,29.7,52.6,C,,,
XLRE,45.12,,2.87,51.1,2.058357535075639,5.420560131261243,5.434029438503616,,,True,40.3,48.7,42.5,D,,,
XLU,44.04,,7.87,34.1,-1.410336420958136,-1.2334587019027565,3.6073686874401467,,,True,26.1,32.6,24.1,E,,,
XLV,168.38,,0.78,69.5,14.770634024445894,7.763203125000007,8.232848545287144,,,True,66.8,53.0,76.3,B+,,,
XLY,118.45,,5.25,38.3,-0.2274294724433079,0.585933083810164,6.794888798102377,,,True,29.4,35.9,59.9,C+,,,
XME,115.27,,15.04,55.8,-6.542889520376183,-6.844998680239267,5.717387476726762,,,True,17.3,22.4,45.9,D+,,,
XMTR,94.47,,10.94,85.7,9.606684326143554,48.51438644977697,7.670776604435858,,,True,57.5,87.9,71.0,B,,,
XNCR,22.99,,1.75,92.4,85.7027445163018,88.13420434630248,16.955847102526867,,,True,97.4,94.7,99.0,A+,,,
XNDU,10.78,,74.6,,-27.602421192653924,,,,,True,3.2,,,,,,
XNGSY,23.93,,39.26,15.9,-22.052118206903458,-31.62857055664062,1.190770759329535,,,True,5.4,3.5,8.7,E,,,
XOM,158.61,,10.09,72.4,4.6447190145487705,1.9606586592643138,8.413226978422538,,,True,46.8,40.4,78.7,B+,,,
XOP,179.17,,5.88,75.0,6.433409805544255,20.19992023582027,7.602923348352181,,,True,51.1,71.3,70.5,B,,,
XPEL,50.27,,10.09,74.5,22.43059049625833,-8.51683265193145,10.147765451007905,,,True,78.2,20.1,90.8,A,,,
XPEV,11.78,,58.28,12.8,-29.37650040185137,-34.95306607967316,4.626446926514305,,,True,2.6,2.5,34.3,D,,,
XPO,211.07,,9.04,76.8,6.450477770939456,4.57811391974372,4.351109235727658,,,True,51.2,47.1,31.4,D-,,,
XPRO,18.65,,0.48,80.6,19.09322872624695,10.616842340037213,9.506896204011047,,,True,73.9,57.6,86.9,A,,,
XP,15.84,,31.52,22.0,-8.38634960909259,-21.931985448063617,1.680479668538526,,,True,14.9,8.1,10.6,E,,,
XRAY,11.58,,22.07,37.3,10.91953949910014,-15.53610558930668,4.954955609771639,,,True,60.3,13.1,37.2,D,,,
XRN,36.58,,8.39,54.8,6.585086920322514,-0.4625800515518752,4.940379754545744,,,True,51.6,33.8,37.2,D,,,
XRPN,10.49,,3.81,39.6,0.5752585252812414,2.441406304569682,7.534804325539416,,,True,33.0,42.4,69.5,B,,,
XRT,89.29,,4.52,58.6,11.962383593137726,2.314660651039935,6.016386574415933,,,True,62.1,42.1,50.2,C-,,,
XYL,120.32,,22.01,31.9,10.375194656292287,-5.087954804114359,6.598246090937858,,,True,59.1,25.3,57.0,C,,,
XYZ,83.09,,4.22,77.6,19.074228056593046,54.41367094943435,8.351063848192988,,,True,73.8,89.5,77.8,B+,,,
XZO,15.67,,36.3,,17.115096728448087,-0.8855176445728863,,,,True,70.9,33.0,,,,,
YARIY,22.06,,29.48,24.5,-26.171353862307956,-8.654246517836917,-2.1984755309726847,,,True,3.8,19.8,1.9,E,,,
YASKY,69.9,,27.31,50.3,-21.80649039579574,-1.956527647619144,5.034650963846364,,,True,5.5,30.9,38.6,D,,,
YB,13.52,,55.67,16.5,-5.454543514457866,-32.02613940350331,6.978247905585841,,,True,19.0,3.3,62.8,B-,,,
YCY,10.24,,0.1,,1.3861325184233886,1.6881835297504644,,,,True,37.9,39.4,,,,,
YELP,24.39,,29.28,27.9,6.6929107158724355,5.084012880863575,6.665650170583282,,,True,51.8,47.9,58.0,C+,,,
YETI,45.47,,15.78,67.7,18.627709941829185,-4.193002063415241,3.4657744497539067,,,True,73.3,26.7,22.7,E,,,
YHNA,10.96,,3.86,42.1,1.481480042466754,2.814260741361019,16.44003270443097,,,True,38.4,43.7,99.0,A+,,,
YORW,33.0,,3.79,58.3,11.675126903553302,2.452654455138159,10.21742787645306,,,True,61.5,42.4,91.3,A,,,
YOU,45.67,,33.88,36.3,-17.77097917006606,40.35033241839372,0.646776563476207,,,True,7.2,85.0,6.8,E,,,
YPF,49.45,,13.99,77.4,13.599817971374794,26.827393595638505,5.366095598761804,,,True,64.6,77.8,41.5,D,,,
YSS,11.51,,74.16,,-59.24220849090291,-57.97736222939882,,,,True,1.0,1.0,,,,,
YSWY,24.35,,16.27,,-8.182503917184825,,,,,True,15.3,,,,,,
YUMC,47.24,,19.1,37.7,0.6820155125038196,-15.793223389542256,7.1191976441449025,,,True,33.5,12.8,64.7,B-,,,
YUM,150.85,,11.34,34.7,0.7211097706587566,-5.161570411470118,4.129638946970154,,,True,33.6,25.0,29.0,E,,,
ZBH,99.57,,8.05,68.0,20.3699222616347,4.14182584962266,11.64655378347288,,,True,75.6,46.5,95.6,A+,,,
ZBIO,29.2,,34.53,81.3,46.51279636637171,25.483455902543085,10.133895335086015,,,True,92.4,76.5,90.8,A,,,
ZBRA,379.63,,1.71,88.6,53.845844092564654,50.34851678527228,16.224536835235526,,,True,93.8,88.5,99.0,A+,,,
ZD,55.91,,3.7,86.6,37.94719922874934,77.717736323624,9.649910007416931,,,True,89.6,93.5,87.9,A,,,
ZETA,29.62,,0.9,90.6,84.66334687801371,85.00937438621735,16.54066171587767,,,True,97.3,94.4,99.0,A+,,,
ZGN,13.91,,12.79,79.0,9.441383535893856,28.677149374765108,4.853039738934326,,,True,57.3,79.3,36.2,D,,,
ZG,36.23,,59.84,15.6,-6.815844798774884,-19.6674067799638,13.140783325285623,,,True,16.9,9.8,98.0,A+,,,
ZIM,26.82,,10.51,77.2,4.155338620676585,26.868494299073873,7.424744728607684,,,True,45.7,77.8,68.6,B,,,
ZION,71.61,,2.36,77.9,20.070423558604222,13.82928089389852,8.907134136169828,,,True,75.2,63.0,82.6,A-,,,
ZLAB,26.03,,29.21,80.3,27.161703403251146,36.78402883155809,16.065968184496747,,,True,83.0,83.5,99.0,A+,,,
ZM,109.84,,4.27,78.6,7.234205152680473,19.19695750178039,12.944676939915626,,,True,52.9,70.2,97.6,A+,,,
ZS,188.18,,44.16,45.0,23.453383635623727,10.046779342562129,17.64759619052211,,,True,79.3,56.6,99.0,A+,,,
ZTO,22.92,,12.52,37.6,-7.093635685877809,-7.914824924491981,3.8577679681870904,,,True,16.5,20.9,26.6,E,,,
ZTS,75.84,,52.74,16.3,2.017751328881645,-41.058524646078624,8.436045598568667,,,True,40.3,1.7,78.7,B+,,,
ZUMZ,18.9,,40.38,20.4,-18.814434628306387,-21.739132014367392,2.1967631095899502,,,True,6.8,8.2,13.5,E,,,
ZVRA,11.18,,25.64,61.6,0.5395710897102779,31.839626240280428,6.685788865645632,,,True,32.7,81.2,58.0,C+,,,
ZWS,50.73,,7.76,53.9,3.8910496461936006,-1.5906895397937326,4.082807673597588,,,True,45.1,31.7,28.5,E,,,
ZYME,25.76,,13.41,72.2,4.843305774854856,12.833991366105302,5.677164668152289,,,True,47.3,61.2,45.9,D+,,,
Z,35.92,,61.74,15.2,-6.773947134842173,-21.331585262931853,12.30097985321045,,,True,16.9,8.5,97.1,A+,,,
^GSPC,7798.99,,0.23,64.6,4.765291794002091,12.353579184097274,6.200283577574915,,,True,47.1,60.5,52.6,C,,,
