Rank,Industry,Sector,Relative Strength,Percentile,1M_RS_Percentile,3M_RS_Percentile,6M_RS_Percentile,Tickers
<<<<<<< HEAD
<<<<<<< HEAD
1,Semiconductor Equipment & Materials,Technology,192.56,99,99,98,88,"AEHR,ICHR,UCTT,TRT,FORM,VECO,ASYS,AMKR,TER,COHU,ACMR,LRCX,KLIC,ATOM,AMAT,ONTO,ACLS,KLAC,INTT,ASML,CAMT,NVMI,ENTG,Q,IPGP,AMBA,PLAB,DQ,SMTK"
2,Semiconductors,Technology,175.13,99,97,83,81,"MXL,MU,VSH,INTC,MRVL,AIP,TSEM,MRAM,SIMO,QUIK,ARM,AMD,NVTS,AMBQ,ALAB,UMC,SMTC,ASX,STM,SKYT,WOLF,POET,SITM,IMOS,CEVA,MTSI,CRDO,ON,GFS,LSCC,AOSL,HIMX,DIOD,LASR,SYNA,GCTS,MX,POWI,ALGM,GSIT,TXN,MPWR,NVEC,RMBS,ADI,VLN,ALMU,TSM,IPWR,MCHP,NXPI,QCOM,SLAB,MCHPP,CRUS,INDI,NVDA,AVGO,QRVO,SWKS,WKEY,LEDS,PI,PXLW,LAES,PRSO,SQNS,NA,ICG,MOBX"
3,Financial Conglomerates,Financial Services,164.04,98,95,97,76,"RILYL,RILYP,RILY,IX,VOYA,HTH,FRHC,TREE"
4,Aluminum,Basic Materials,151.8,97,97,97,95,"KALU,CSTM,CENX,AA"
5,Communication Equipment,Technology,151.54,97,96,99,93,"AAOI,LITE,OCC,WATT,AMPG,VIAV,SILC,CIEN,HPE,NOK,VSAT,FEIM,VISN,ONDS,EXTR,AIRG,CSCO,DGII,TSAT,ADTN,HLIT,LTRX,ASTS,UTSI,CRNT,CLFD,ERIC,FIEE,BKTI,GILT,CMTL,AUDC,BDC,NTGR,UI,INSG,SYNX,ZBRA,MSI,MITQ,BOSC,AVNW,CLRO,FKWL"
6,Electronic Components,Technology,142.41,96,94,87,86,"OPTX,VICR,WBX,TTMI,FLEX,KOPN,LPTH,CPSH,GLW,SANM,BHE,BELFB,BELFA,ALNT,OUST,KN,ROG,PLXS,MPTI,MEI,RELL,LFUS,CLS,JBL,RAL,FN,CTS,APH,DAIO,LYTS,LINK,TEL,DSWL,DAKT,WETH,KULR,ELTK,OSIS,OST,OLED,IMTE,MTEK,HOLO,GAUZ,REFR,NEON,MSAI"
7,Silver,Basic Materials,141.16,95,99,96,99,"NEWP,SVM,AYA,AG,EXK"
8,Copper,Basic Materials,132.43,95,93,92,97,"HBM,TGB,SCCO,ERO,FCX,IE"
9,Computer Hardware,Technology,129.58,94,90,64,76,"WDC,STX,VELO,DELL,QTEX,OSS,QMCO,UMAC,ALOT,DDD,IONQ,KTCC,TACT,ANET,QBTS,CRSR,RGTI,DPRO,HPQ,LOGI,P,MCRP,SSYS,QUBT,CRCT,SCKT,YIBO,SMCI,QCLS,NNDM,AGMH,UAVS,BGIN,BTCT,EBON,CAN,AMCI"
10,Trucking,Industrials,128.18,93,81,55,17,"ARCB,CVLG,RXO,HTLD,KNX,TFII,SNDR,PAMT,WERN,MRTN,SAIA,ODFL,XPO,TOPP,ULH,ETS"
11,Healthcare Plans,Healthcare,125.36,93,89,14,38,"CLOV,OSCR,HUM,CNC,CVS,UNH,PGNY,ELV,ALHC,MOH,CI"
12,Oil & Gas Equipment & Services,Energy,119.55,92,95,95,70,"STAK,NESR,SEI,EFXT,SND,PUMP,DWSN,KGS,WTTR,LBRT,FTK,FET,FTI,TS,WFRD,OII,WBI,SLB,HAL,AESI,NGS,INVX,NOV,WHD,AROC,BKR,HLX,RES,FLOC,ACDC,KLXE,TDW,XPRO,VTOL,NCSM,NEXT,OIS,USAC,RNGR,LB,NOA,LSE,CLB,OMSE,DTI,GEOS,RCON"
13,Electrical Equipment & Parts,Industrials,115.47,91,87,82,87,"BE,STI,TE,FCEL,POWL,RFIL,ENS,BLDP,VRT,AEIS,PLPC,AMPX,NVT,ELVA,TGEN,CCTG,PLUG,FAC,ATKR,PPSI,ESP,HUBB,ADSE,EOSE,ENR,AYI,KE,OESX,HAYW,ENVX,ULBI,EAF,POLA,APWC,NVX,LTBR,DFLI,CBAT,EPOW,SKYX,SDST,GWH,XPON,FLUX,NEOV,RAYA,ELPW,LNKS"
14,Electronics & Computer Distribution,Technology,114.47,90,64,25,15,"SNX,ARW,AVT,SCSC,NSIT,CNXN,CLMB,IZM"
15,Other Industrial Metals & Mining,Basic Materials,112.83,90,93,90,97,"ELVR,LAR,ALM,MTRN,NEXA,SGML,NAK,ALOY,TMQ,CRML,BHP,TII,USAS,TECK,CMP,RIO,SKE,USAR,SCZM,VALE,UAMY,WRN,LAC,IONR,NB,SLI,MP,XPL,LZM,CHNR,IPX,VZLA,GSM,FURY,ATLX,TMC,GRO,USGO,ELBM,WWR,NMG,NEXM,FNUC,LGO,OMEX,FMST"
16,Banks - Diversified,Financial Services,112.57,89,78,76,89,"C,TD,UBS,BNY,SMFG,HSBC,CM,BMO,RY,SAN,BNS,BBVA,ING,MUFG,BCS,NTB,BAC,JPM,WFC"
17,Medical Care Facilities,Healthcare,112.34,88,85,65,80,"AGL,PIII,MCTA,CMPS,PACS,AMN,INNV,TOI,ASTH,DVA,GRDN,NHC,AIRS,PARK,LFST,BKD,MD,CON,NUTX,CCRN,SRTA,HCSG,ACHC,SNDA,PNTG,SEM,AVAH,BTMD,CCM,CYH,FMS,CHE,JYNT,THC,SGRY,AUNA,CCEL,EHC,ARDT,HCA,ENSG,ADUS,USPH,WW,UHS,OPCH,BMGL,AMS,DCGO,NIVF"
18,REIT - Hotel & Motel,Real Estate,112.23,88,71,43,26,"CLDT,PEB,RLJ,HST,APLE,PK,XHR,DRH,INN,RHP,SHO,IHT,BHR,SVC,AHT"
19,Oil & Gas Drilling,Energy,111.74,87,98,99,72,"NBR,PTEN,HP,VAL,RIG,NE,PDS,BORR,SDRL,SOC"
20,Rental & Leasing Services,Industrials,110.75,86,67,44,35,"VSTS,CTOS,CAR,R,WSC,URI,PRG,WLFC,HRI,UHAL,ALTG,AER,GATX,MGRC,HTZ,AIHS,MWG"
21,Metal Fabrication,Industrials,110.59,86,56,60,62,"AP,MEC,CRS,ATI,PRLB,MLI,RYZ,CMC,TRSG,WOR,TG,ESAB,TPCS,MTEN,IIIN,GPGI,HIHO,OLOX"
22,Scientific & Technical Instruments,Technology,110.39,85,73,53,24,"ASTC,VPG,COHR,MKSI,ELSE,KEYS,CGNX,ITRN,ST,ESE,SOTK,NOVTU,NOVT,MLAB,FTV,TDY,GRMN,LGL,AIMD,GNSS,ACFN,ODYS,ARBE,VNT,ITRI,BMI,TRMB,WRAP,MIND,USBC,SOBR,SVRE,MVIS,ARAI,FCUV"
23,Engineering & Construction,Industrials,109.58,84,83,77,65,"VATE,STRL,CDNL,AGX,FIX,LGN,MYRG,IESC,MAGH,ECG,MTZ,ORN,PWR,DY,BBCP,ESOA,PHOE,SHIM,SKK,ACA,EME,GVA,TPC,WLDN,MTRX,FER,BLD,APG,FLR,AMRC,ROAD,SKBL,CDLR,BWMN,J,PRIM,BLNK,MSW,TTEK,EXPO,KBR,FBGL,STN,ACM,SLND,ONEG,MSGY,RITR,MIMI,ZDAI,OFAL,FGL,MGN"
24,Steel,Basic Materials,109.39,83,72,46,72,"NWPX,FRD,STLD,NUE,MT,CLF,GGB,TX,RS,WS,MTUS,PKX,ASTL,SIM,LUD,SID,MSB,INHD,ZKIN,HUDI,HLP"
25,Conglomerates,Industrials,107.39,83,77,71,83,"MAMK,FBYD,NNBR,TTI,CODI,VMI,TUSK,SEB,RCMT,CRESY,DLX,STRR,BOOM,TRC,MATW,PAM,HON,OTTR,MMM,STRRP,AIRTP,BOC,BBUC,PLAG,FIP,AIRT,HHS,LGPS"
26,Luxury Goods,Consumer Cyclical,105.79,82,70,67,85,"ELA,MOV,TPR,REAL,SIG,CPRI,LUXE,SORA,LANV,BRLT,BGI"
27,Other Precious Metals & Mining,Basic Materials,105.54,81,91,90,99,"SLSR,BVN,GORO,HL,LODE,ASM,MTA,MUX,PPTA,VOXR,SBSW,ITRG,ELE,TFPM,PLG,GRML"
28,Gold,Basic Materials,104.75,81,92,94,98,"HYMC,AUGO,MAKO,SSRM,CGAU,IDR,IAUX,THM,VGZ,ARIS,IAG,TRX,SA,AU,B,AAUC,NEM,PAAS,CDE,OGC,KGC,EGO,NG,HMY,WPM,PZG,FSM,CNL,OR,AGI,DRD,EQX,GFI,FNV,DC,AEM,USAU,GAU,BTG,RGLD,GROY,ODV,CMCL,GLDG,ORLA,NFGC,AUST,NAMM,CTGO,BGL"
29,Apparel Manufacturing,Consumer Cyclical,103.72,80,51,66,40,"VNCE,ZGN,XELB,JXG,JRSH,SGC,GIII,FIGS,RL,LEVI,PVH,COLM,VFC,JL,KTB,UA,UAA,OXM,LAKE,GIL,GOOS,PLCE,NCI,PMNT"
30,Specialty Chemicals,Basic Materials,103.68,79,82,78,48,"LWLG,ALTO,PRM,ESI,ALB,SQM,ODC,CLMT,CC,SOLS,SSL,KOP,DD,ECVT,NGVT,KRO,OEC,ASH,CBT,MTX,SXT,FF,KWR,CMT,NEU,PPG,IFF,FUL,AXTA,AVNT,SCL,IOSP,LIN,HWKN,LYB,EMN,FSI,WDFC,ECL,NTIC,APD,RPM,BCPC,SHW,MNTK,WLK,AMTX,MATV,BGLC,CNEY,HDSN,BON,GEVO,YMAT,SNES,LOOP,FEAM"
31,Lodging,Consumer Cyclical,103.53,79,75,81,76,"INTG,MAR,CVEO,IHG,H,HLT,CHH,WH,HTHT,ATAT,GHG"
32,Building Products & Equipment,Industrials,102.78,78,65,32,21,"JLHL,CSTE,AAON,ASPN,GFF,NPKI,JCI,SPXC,CARR,MAS,TT,INVE,AIRJ,APT,UUU,TREX,APOG,OC,WMS,CSL,LII,PPIH,NX,LPX,AWI,FBIN,LMB,SWIM,ARLO,ROCK,ILAG,JELD,JBI,BLDR,AEHL"
33,Publishing,Communication Services,102.6,77,79,79,16,"LEE,SCHL,TDAY,WLY,WLYB,PSO,NYT,EDUC,TNMG"
34,Tools & Accessories,Industrials,102.24,76,62,81,66,"TKR,RBC,KMT,SWK,LECO,SNA,TTC,EML,HLMN,CVR"
35,Oil & Gas Midstream,Energy,102.11,76,90,86,46,"TORO,NGL,INSW,FRO,PBT,NAT,TEN,LPG,CMBT,BWLP,STNG,TRMD,DHT,TK,TRGP,TNK,PXS,NVGS,SOBO,TRP,SUNC,PAGP,DTM,IMPP,FLNG,PAA,PBA,EE,GLNG,WES,KNOP,ENB,WMB,EPD,OKE,KNTK,AM,KMI,ET,MPLX,VNOM,CQP,SMC,IMPPP,SBR,HESM,LNG,DLNG,VG,MMLP,GLP,GEL,MARPS,BANL,TMDE,NFE,RBNE,TOPS"
36,Banks - Regional,Financial Services,102.05,75,67,67,73,"MSBI,CARE,BBAR,AVAL,BMA,CMTV,VBNK,PGC,FNRN,BYFC,CIB,MFG,FGBI,BCBP,MBIN,FSEA,BOTJ,CHMG,IFS,TRST,AMAL,BAP,ATLO,PKBK,ALRS,FRAF,VLY,FRST,BPOP,UVSP,GGAL,RBB,AROW,SHG,LC,FSBC,SUPV,SHBI,FISI,EGBN,DCOM,FCAP,OBK,CFG,TMP,CNOB,WSFS,BSRR,CATY,BLX,KRNY,OBT,OVBC,HFBL,TFSL,THFF,GCBC,ACNB,AVBH,EBMT,BWFG,MBBC,CFFN,TFIN,NBN,FXNC,PEBK,EWBC,CCNE,MCB,KB,PBFS,FFBC,HAFC,SFST,CZWI,MYFW,PDLB,PFIS,NEWT,OPHC,RBKB,EFSI,CLBK,ZION,CBK,KEY,ISTR,FULT,RRBI,CTBI,PCB,FITB,HOPE,GSBC,FVCB,MRBK,BCH,FBP,PLBC,SMBC,MCBS,SRBK,HBNC,ABCB,CAC,QCRH,BANC,CIVB,CPF,BY,COLB,STBA,FBNC,BSAC,PFS,RBCAA,NWBI,WSBF,SMBK,UMBF,FLG,SRCE,STEL,WAFD,WBS,FNWB,KFFB,USB,PEBO,WASH,NFBK,BKU,CFBK,WTFC,UBSI,WABC,PNC,WSBK,HBT,ASB,CUBI,BUSE,LSBK,TSBK,FUNC,INBK,CWBC,FUSB,HBCP,FCF,FMBH,FIBK,AUB,BOKF,BWB,SFNC,LOB,ECBK,RNST,AMTB,FGBIP,FHB,MTB,EBC,LYG,OSBC,CBAN,OFG,FNB,BHB,HWC,FCBC,HFWA,AVBC,CBC,MCHB,MNSB,RF,FNLC,TRMK,FCCO,WTBA,FMAO,INDB,BOH,FBIZ,HTB,ONB,ORRF,COSO,NWFL,WNEB,BPRN,ASRV,CBFV,NECB,AFBI,TCBK,CBNA,GABC,LARK,MVBF,HYNE,OVLY,BCAL,CFR,SBSI,FHN,BVFL,EFSC,FBLA,TCBI,MBWM,NBTB,NWG,FDSB,HWBK,VABK,BFC,NKSH,WF,SSBI,BFST,NSTS,BBT,NBHC,WSBC,GBCI,MPB,COFS,PFBC,TFC,CVBF,DB,CPBI,PRK,CCBG,IBOC,ESQ,FCNCA,BSVN,CZFS,CBU,ITUB,FRME,LCNB,UNTY,SBFG,UCB,UBCP,CBNK,EQBK,FDBC,NIC,PBHC,FMNB,NRIM,USCB,JMSB,BCML,BSBK,OZK,CLST,SFBS,CFFI,RVSB,MBINL,HIFS,AX,WAL,BMRC,PROV,NPB,CZNC,PB,BHRB,IBCP,SYBT,BANR,HNVR,SBCF,TCBX,OPBK,HBAN,RMBI,CHCO,TOWN,NBBK,PNFP,MSBIP,FSBW,FBK,SSB,FRBA,NEWTP,CNOBP,TCBS,MBNKO,CBSH,FFIN,LKFN,SPFI,MNSBP,MBINM,MBINN,BBD,UMBFO,VLYPN,AUBN,OCFC,BWBBP,WSBCO,CASH,CCNEP,WAFDP,WTFCN,ONBPO,HOMB,BBDO,VLYPO,ONBPP,MGYR,HBANL,VLYPP,FRMEP,OZKAP,EFSCP,BANF,FSUN,FULTP,BUSEP,ISBA,TCBIO,UNB,FCNCP,FNWD,BRBS,BSBR,FCNCO,GBFH,TBBK,HBANM,IBN,HBANP,SFBC,ZIONP,FINW,NU,CCB,HDB,PNBK,INTR,BAFN,SHFS"
37,Utilities - Independent Power Producers,Utilities,101.54,74,84,70,91,"DGXX,KEN,TLN,TAC,HNRG,VST,OKLO,NRG,CEG"
38,Specialty Industrial Machinery,Industrials,101.27,74,72,74,67,"BW,BWEN,CVV,GHM,GRC,LASE,HLIO,SHMD,PKOH,NPO,TWIN,GNRC,CMI,LXFR,GEV,SXI,HURC,RRX,JCSE,HUHU,ROK,FLS,IEX,TNC,WTS,SPPL,NDSN,AMSC,GTES,AME,MIDD,ETN,PH,DOV,EMR,CR,FELE,ITT,GTLS,DCI,KRNT,ITW,MWA,CSW,TAYD,OFLX,KAI,ZJK,JBTM,IR,ATS,AOS,EPAC,GGG,CXT,XYL,NNE,SYM,OTIS,NPWR,MIR,WFF,RR,PNR,OPTT,PSIX,SERV,CETY,SMR,XCH,INLF,BURU,HDRN,LBGJ"
39,Real Estate - Diversified,Real Estate,101.25,73,83,86,86,"STRS,JOE"
40,Auto Parts,Consumer Cyclical,100.81,72,58,54,64,"HYLN,CVGI,GTX,MKDW,MOD,BWA,PHIN,PLOW,MGA,LEA,AUR,DAN,SRI,MPAA,DCH,ALSN,AAP,MLR,VC,XPEL,THRM,GNTX,SMP,STRT,ALV,ATMU,ADNT,DORM,SYPR,PRTS,CAAS,CPS,MNRO,ORLY,QS,MBLY,INEO,GPC,FOXF,SLDP,APTV,ECX,AZO,LKQ,SES,WPRT,HLLY,GT,HSAI,INVZ,GTEC,REE,MVST,FRSX,WKSP"
41,REIT - Industrial,Real Estate,100.71,72,74,58,41,"ILPT,NSA,MDV,PLD,LXP,IIPR,PSA,EGP,FR,COLD,LINE,TRNO,CUBE,EXR,STAG,SMA,REXR"
42,Airlines,Industrials,100.68,71,24,34,81,"ULCC,DAL,ALGT,VLRS,AAL,CPA,LUV,UAL,LTM,JBLU,ALK,RJET,AERO,RYAAY,SKYW,FLYX,SRFM"
43,REIT - Healthcare Facilities,Real Estate,100.53,70,81,79,79,"DHC,NHPBP,NHPAP,SILA,HR,DOC,WELL,CHCT,VTR,STRW,OHI,XRN,CTRE,AHR,LTC,MPT,SBRA,UHT,NHI"
44,Marine Shipping,Industrials,99.67,69,76,72,31,"EDRY,GLBS,SHIP,ECO,HSHP,USEA,MATX,NMM,SBLK,ASC,SB,DAC,GNK,SFL,HAFN,KEX,CMDB,PANL,ZIM,ESEA,GSL,EHLD,CMRE,HMR,DSX,GASS,SVRN,CCEC,SMHI,CTRM,PSHG,VNTG,UFG,HTCO,ICON,NCT,CISS,RUBI"
45,Department Stores,Consumer Cyclical,99.58,69,23,62,94,"M,KSS,DDS,PLBL"
46,Solar,Technology,99.55,68,74,88,92,"ASTI,TOYO,SUNE,SEDG,SHLS,NXT,TYGO,FSLR,ENPH,CSIQ,ARRY,SPRU,RUN,JKS,FTCI,BEEM,TURB,ZEO,SPWR,SMXT,PN"
47,REIT - Retail,Real Estate,98.78,67,68,69,42,"WHLRP,CBL,WSR,MAC,CURB,KRG,FRT,PINE,SKT,SPG,KIM,UE,BRX,IVT,PECO,BFS,ALX,GTY,NTST,REG,NNN,AKR,O,REGCO,WHLRD,REGCP,ADC,FCPT,EPRT,SITC,WHLR"
48,Footwear & Accessories,Consumer Cyclical,98.0,67,45,68,69,"FOSL,DBI,CROX,VRA,SHOO,RCKY,WEYS,BIRK,DECK,WWW,ONON,NKE,FWDI,FMFC"
49,Coking Coal,Basic Materials,97.9,66,62,93,90,"HCC,SXC,AMR,AREC,METCB,METC"
50,Biotechnology,Healthcare,97.39,65,79,83,96,"ERAS,QTTB,ANL,ASBP,CLYM,ABVX,TNGX,ANRO,SLGL,RLMD,SYRE,KOD,DMRA,ALMS,SLS,ORKA,RLYB,NBTX,PRAX,EQ,ANTX,LIXT,IPSC,INBX,OVID,RLAY,PRLD,ARTV,ANAB,RVMD,MBX,OTLK,ABSI,STRO,EDSA,TVTX,GRDX,ARWR,IMMX,CELC,MGNX,DFTX,NKTR,IRD,DNTH,CUE,ZNTL,SEPN,DRTS,PVLA,NRXS,FBIOP,COGT,GLUE,ELVN,AXSM,CNTA,STTK,IBRX,RAPP,ACRS,CAPR,URGN,GLSI,FATE,LXRX,ARMP,MRVI,IFRX,PALI,CYCN,NRXP,QURE,NAUT,FTRE,IMVT,TRVI,ROIV,PGEN,KRYS,EWTX,KZIA,CORT,MRNA,RZLT,LONA,WHWK,TSHA,APGE,TGTX,IMUX,OMER,CCCC,GNTA,CRVS,DSGN,TYRA,RCUS,CGTX,NVCT,CADL,BCAX,JAZZ,ICCC,NGNE,JBIO,ACHV,INDP,XOMA,LGND,MPLT,CGON,GHRS,CBIO,CYTK,PTGX,ADAG,AVTX,ZVRA,NUVB,TTRX,IOVA,PBYI,SPRB,MIRM,SRZN,ELDN,KYTX,LEGN,LBRX,ORMP,BLTE,CTNM,CGEM,ABCL,CDXS,KPTI,CPRX,RPRX,CNTN,NUVL,PHVS,KYMR,OKUR,VOR,BEAM,AVBP,SVRA,TECX,ZURA,PTHS,SION,LTRN,SABS,VYNE,NERV,PLRZ,AUPH,ARQT,NRIX,DNLI,NTLA,ABOS,VIR,STOK,CAMP,MGTX,NKTX,HURA,ALLR,IMNM,GPCR,EXEL,CLDX,ARGX,ATRA,ATHE,VTVT,IONS,TENX,BOLD,XENE,ANNX,ALXO,SRRK,TBPH,FDMT,DBVT,MDGL,UNCY,ATAI,ALLO,LSTA,HYFT,ENTA,ZYME,PCVX,SLDB,CGEN,PYPD,CABA,SPRO,REPL,MNPR,DRUG,IBIO,CNSP,INKT,RIGL,APLM,XFOR,IMTX,PTCT,INCY,SLN,TOVX,BBIO,KURA,DTIL,NAMS,KPRX,DARE,FENC,OABI,IRON,NVAX,DYN,CNTB,XNCR,ASND,IBO,AVIR,CLLS,RNAC,SNDX,IMRN,PLX,ABEO,VCEL,CHRS,AKTX,SGMT,IPHA,HALO,BHVN,NNVC,VERU,INVA,ARDX,HRMY,IDYA,MNKD,TECH,VERA,PDSB,XBIO,RYTM,OBIO,PRTA,ONCY,MRKR,XOMAO,TARS,CRSP,AGIO,CRBU,FBIO,ABUS,VRCA,VRTX,EPRX,DNA,CSBR,OSTX,MLYS,PTN,CELZ,XOMAP,EYPT,BMRN,PYXS,EVAX,GUTS,TLX,ZBIO,VKTX,SILO,SPRY,BIVI,EDIT,PMCB,AURA,OLMA,PRME,VANI,ASMB,CRMD,AUTL,NMRA,FBRX,CRNX,PROK,IKT,EVMN,RANI,MOLN,MSLE,GNLX,MNOV,XBIT,VNDA,REGN,CTMX,BLRX,COYA,XLO,DMAC,SLBT,BNTX,GMAB,MESO,ACAD,GALT,IMRX,ACOG,SER,RARE,SPRC,MTNB,LGVN,VYGR,TARA,ACRV,CING,SEER,BRNS,LCTX,DYAI,PHAT,TELO,ONC,LKFT,ACET,OCUL,LRMR,PLRX,MLTX,ACIU,GANX,PHAR,SANA,ADXN,IGC,MAZE,ESLA,KRRO,IMCR,MAIA,BNTC,FHTX,KYNB,LXEO,PMVP,TVGN,BOLT,CRBP,VRXA,SRPT,ICU,KLRS,ALEC,HYPD,TNYA,GERN,ARCT,ANIX,ORIC,PMN,JANX,SMMT,ALNY,APM,NCEL,RNXT,NEUP,BYSI,COCP,RXRX,ADIL,PRQR,OKYO,ARVN,GYRE,GDTC,OCGN,RCKT,ALDX,HUMA,BBLG,QNTM,ZLAB,BBOT,ABVC,BMEA,BRTX,CRVO,MDWD,TRDA,XRTX,TLSA,CAI,LYEL,RADX,EXOZ,IVA,IMA,MGX,APRE,HELP,XTLB,SNTI,RGNX,KROS,INAB,PHIO,MBRX,AGEN,AZTR,ATNM,AEON,CBUS,TCRT,ENTX,MLEC,HCWB,PASG,INMB,NRSN,TCRX,VRDN,GTBP,MIST,INSM,IVVD,BDTX,MDXG,RNTX,GLMD,CMMB,BCYC,MBIO,CDIO,SKYE,ANVS,NTRB,LEXX,NTHI,HIND,KAPA,GRCE,ALT,OSRH,PLUR,ENLV,TIL,VALN,CALC,ALGS,KTTA,NCNA,VSTM,RNAZ,WVE,TNXP,AAPG,NGEN,CTXR,CLRB,BCDA,VIVS,VTGN,LITS,FLNA,LPCN,OGEN,CRDF,INO,CNTX,DRMA,ALZN,MCRB,PSTV,PEPG,MTVA,BGMS,PCSA,EVGN,OCS,CANF,NAGE,QNRX,INTS,PBM,ADMA,CMPX,AARD,VRAX,CELU,UPB,NBP,ACTU,APVO,LNAI,AVXL,TVRD,CURX,IMMP,FULC,DCOY,PULM,SXTP,IMNN,ATYR,ERNA,XCUR,TRAW,REVB,MREO,BCTX,MENS,QNCX,GRI,JUNS,GOVX,TPST,LENZ,DWTX,ENVB,BDRX,VBIO,SCNI,HOWL,HRTX,CLGN,ACXP,CRIS,CVKD,ENGN,PPCB,ATOS,PPBT,YDES,ELTX,ENSC,SNGX,ADCT,AIM,CLDI,LIMN,JSPR,CVM,BCAB,NXTC,CMND,GOSS,ARTL,ELAB,GNPX,KALA,FBLG,SLXN,JAGX,CDT,ONCO,ADTX"
51,Diagnostics & Research,Healthcare,96.81,65,66,65,90,"TWST,QUCY,GH,BDSX,PRE,VCYT,ILMN,PSNL,IMDX,CDNA,ADPT,NEO,XWEL,NDRA,GRAL,NTRA,PRPO,CRL,BLLN,SHC,RVTY,WAT,ICLR,OPK,DGX,MEDP,A,IQV,TMO,LH,MBAI,IDXX,XGN,BNR,FLGT,MTD,DHR,RDNT,QGEN,CSTL,MYGN,WGS,ADVB,BIAF,ISPC,MDXH"
52,Aerospace & Defense,Industrials,96.56,64,76,85,83,"SIF,PL,SIDU,RKLB,SATL,LUNR,DCO,MRCY,PKE,ATRO,VVX,AIR,FTAI,CVU,WWD,HXL,RDW,HWM,ESLT,CW,MNTS,VOYG,HOVR,SWBI,GE,VSEC,SPCE,DFSC,SPAI,POWW,NPK,GD,BWXT,HEI,TXT,BA,DRS,ISSC,FLY,TATT,RTX,OPXS,POWWP,MOB,FTAIM,EMBJ,TDG,LHX,RGR,LMT,RCAT,GPUS,CODA,SARO,AIRI,HII,LOAR,CAE,NOC,VWAV,XTIA,CDRE,KTOS,EVEX,AVAV,KRMN,AXON,ACHR,BETA,FJET,AIRO,MRLN,PEW,EH,EVTL,PRZO,BYRN,KITT,PHGE,DFNS"
53,Software - Infrastructure,Technology,96.0,63,47,38,19,"BNAI,NUAI,AVX,RXT,DOCN,BAND,BRUN,MOVE,AGPU,BB,FATN,CORZ,VIVO,BLZE,FTNT,ATEN,PAYS,TWLO,PANW,NTAP,CRWD,AEVA,NTCT,AKAM,WETO,FFIV,BTQ,OKTA,CCSI,ZSQR,RAMP,TDC,USIO,GRRR,NYAX,FLYW,PAYO,RELY,MDB,CRWV,ZETA,CPAY,XYZ,OSPN,SABR,NN,ALAR,RDWR,NET,KSPI,TENB,PRTH,TLS,VRSN,GCT,DLO,IMXI,AIOT,ACIW,FIVN,RBRK,VRNS,SNPS,LSAK,ARQQ,ORCL,GEN,DBX,CGNT,PGY,QLYS,BLIN,S,RZLV,LIDR,PDYN,PAGS,NTNX,VHC,RPAY,ALLT,GGRP,MSFT,BOX,IOT,XNET,GTLB,EVTC,STNE,AI,AISP,BKKT,WEX,MLGO,EEFT,PLTR,SAIL,AVPT,MQ,TUYA,PATH,IIIV,PSFE,CLBT,TGHL,SONM,AIXC,PRGS,APPN,AIFA,CINT,PAY,DOX,TOST,ORIO,KDK,TAOX,KPLT,CALX,TCX,SANG,GDDY,FOUR,CHKP,TAOP,SUPX,AUID,RPD,DTSS,NTSK,ATGL,ZS,REKR,OWLS,YEXT,BLSH,CHOW,INTZ,AMBR,VERI,EXOD,CISO,DVLT,SKYA,OLB,ZENA,DAVA,CSAI,LHSW,WIX,XBP,SLMT,AIFC,CETX,HPAI,YYAI,HUBC"
54,REIT - Specialty,Real Estate,95.79,62,60,57,23,"UNIT,OUT,IRM,EQIX,LAMR,DLR,EPR,LANDO,LANDP,GLPI,WY,SELF,PW,RYN,SBAC,CCI,AMT,FPI,LAND,FRMI"
55,Discount Stores,Consumer Defensive,95.69,62,55,76,79,"PSMT,TBBB,TGT,WMT,COST,DLTR,DG,BJ,OLLI"
56,Broadcasting,Communication Services,95.68,61,63,9,55,"BBGI,IHRT,SBGI,SSP,MDIA,GTN,NXST,NMAX,SGA,UONEK,CURI,XHLD,UONE,FUBO"
57,Industrial Distribution,Industrials,95.11,60,43,41,37,"XMTR,WCC,DXPE,MSM,AIT,GWW,TITN,GIC,FERG,TLIH,FAST,WSO,REZI,DNOW,DSGR,BXC,CNM,SITE,QXO,POOL,EVI,WXM"
58,Insurance - Life,Financial Services,94.83,60,59,51,62,"CNO,ABX,GL,MFC,CIA,UNM,MET,JXN,PRI,PRU,BHF,GNW,AFL,LNC,SNFCA,PUK,BHFAN,BHFAO,BHFAP,BHFAM,FG,AAME"
59,Advertising Agencies,Communication Services,94.58,59,18,6,2,"TDIC,EVC,TJGC,STFS,ADV,CCO,VSME,SWAG,STGW,ZD,MGNI,EEX,TSQ,NEXN,FLNT,EDHL,APP,OMC,CNET,WPP,BAOS,QNST,MCHX,DV,NCMI,TULP,CRTO,DLPN,TC,WIMI,ACCS,SDM,YDKG,KRKR,TTD,CDLX,DRCT,CHR,UBXG,HAO"
60,Telecom Services,Communication Services,94.35,58,69,74,60,"ATEX,KORE,SATS,IRDM,GSAT,SIFY,TIGO,SKM,TEO,LUMN,ATNI,KVHI,PCLA,AMX,KYIV,VOD,IOTR,AD,LBTYB,SHEN,CXDO,RCI,VEON,VZ,TV,CHT,LILA,LBTYA,LILAK,VIV,RDCM,LBTYK,TDS,TKC,BCE,IDT,TIMB,LBRDP,ELWT,KT,PHI,T,TMUS,TU,TLK,CMCSA,OPTU,CCOI,GLIBK,GLIBA,GOGO,LBRDA,LBRDK,CHTR,UCL,CABO,IQST,SURG,FNGR"
61,Oil & Gas Refining & Marketing,Energy,94.28,58,86,88,53,"VLO,DK,PARR,DINO,WKC,MPC,PBF,PSX,SUN,UGP,DKL,SGU,CAPL,IEP,CVI,CLNE,CSAN,DLXY"
62,Apparel Retail,Consumer Cyclical,94.26,57,40,62,71,"VSXY,TLYS,DLTH,CTRN,GCO,ROST,CURV,CRI,BURL,CAL,TJX,AEO,URBN,SFIX,LVLU,ANF,CATO,JILL,BOOT,LE,GAP,BKE,ZUMZ,BIRD,SHOE,DXLG,AKA,BRIA,RENT,JEM,LULU,DBGI"
63,Utilities - Renewable,Utilities,94.16,56,53,48,74,"FLNC,ENLT,NRGV,CREG,ORA,BEP,XIFR,CWEN,WAVE,AXIA,ELLO,RNW,BEPC,BESS,PBK,HTOO,SAFX,STEM,VGAS,AGIG,NXXT,BNRG"
64,Utilities - Diversified,Utilities,94.15,55,57,75,69,"BIP,AES,AVA,SRE,UTL,AQN"
65,Food Distribution,Consumer Defensive,94.08,55,60,63,52,"UNFI,CHEF,WILC,ANDE,PFGC,USFD,SYY,DIT,AVO,HFFG,MTEX,TWG"
66,Integrated Freight & Logistics,Industrials,94.05,54,52,24,11,"NCEW,PSIG,GVH,CYRX,PBI,JBHT,LSTR,FDX,RLGT,CHRW,HUBG,EXPD,UPS,PAL,ZTO,GXO,SFWL,HXHX,ATXG,FLX,CRGO,FWRD,BTOC,ELOG,LSH,SGLY,SLGB,CJMB,JYD,CIIT,CTNT"
67,Chemicals,Basic Materials,93.94,53,86,84,20,"GPRE,TROX,RYAM,REX,MEOH,HUN,LXU,DOW,WLKP,ASPI,ASIX,ACNT,VHI,OLN,CE,BAK,GURE,ORGN"
68,Railroads,Industrials,93.86,53,55,42,37,"FSTR,CSX,WAB,TRN,CNI,UNP,CP,NSC,GBX,RAIL,SWVL,RVSN"
69,Resorts & Casinos,Consumer Cyclical,93.58,52,39,39,44,"PENN,VAC,MCRI,MGM,HGV,BALY,CZR,RRR,BYD,FLL,CPHC,WYNN,MTN,LVS,CNTY,MLCO,MSC"
70,Utilities - Regulated Electric,Utilities,93.1,51,53,72,57,"ENIC,EIX,CEPU,ETR,NWE,D,ELPC,PNW,EVRG,AEP,IDA,LNT,POR,CNP,FTS,AEE,DTE,EDN,NGG,NEE,EMA,OGE,HE,XEL,FE,WEC,PCG,VIASP,ED,ES,DUK,EXC,SO,CIG,PPL,CMS,PEG,TXNM,MGEE,SOMN,KEP,GNE,IMSR,NKLR"
71,"Furnishings, Fixtures & Appliances",Consumer Cyclical,93.1,51,48,37,61,"XMAX,LCUT,ATER,FLXS,HOFT,COOK,EFOI,SN,HBB,TILE,ALH,MWYN,LEG,LOVE,CRWS,FGI,BSET,MHK,LZB,KEQU,SGI,VIRC,MBC,MLKN,ETD,HNI,NTZ,WHR,VIOT,PRPL,NCL,SNBR"
72,Oil & Gas Integrated,Energy,92.89,50,88,89,33,"EC,YPF,CVE,E,TTE,SU,EQNR,IMO,PBR,BP,XOM,CVX,TGS,SHEL,SLNG,DEC,NFG,SKYQ,VIVK"
73,Residential Construction,Consumer Cyclical,92.72,49,6,29,22,"BZH,CVCO,LEGH,LGIH,TMHC,TOL,MHO,MTH,GRBK,DHI,HOV,SKY,SPHL,PHM,KBH,IBP,NVR,LEN,DFH"
74,Beverages - Brewers,Consumer Defensive,92.07,48,44,58,34,"FMX,BUD,ABEV,STZ,CCU,TAP,SAM"
75,Travel Services,Consumer Cyclical,92.05,48,32,47,82,"LIND,VIK,GBTG,PRSU,NUTR,TNL,CCL,RCL,EXPE,ABNB,TRIP,NCLH,BKNG,YTRA,TCOM,MMYT,TOUR,NTRP,AHMA"
76,Uranium,Energy,91.83,47,80,91,93,"UUUU,DNN,URG,CCJ,ISOU,NXE,UEC,UROY,LEU,EU,AEC"
77,Specialty Business Services,Industrials,91.82,46,69,53,88,"TH,BUUU,SPIR,BKSY,RHLD,AZZ,ARMK,CMPR,KODK,UNF,TRNS,FA,ULS,QUAD,CASS,PC,RTO,SST,TISI,RBA,ABM,NTIP,BV,WFCF,LICN,DLHC,SGRP,CTAS,GPN,TIC,AMTM,CBZ,SFHG,RELX,MMS,DLB,CPRT,LZ,CRE,PMEC,TRI,YSXT,ANPA,SMX,THH"
78,Gambling,Consumer Cyclical,91.45,46,54,28,12,"ROLR,RSI,CDRO,SGHC,ACEL,INSE,CHDN,DKNG,BRSL,SEGG,BRAG,FLUT,GAMB"
79,Staffing & Employment Services,Industrials,91.3,45,20,30,0,"KFRC,KELYB,TBI,HQI,RHI,MHH,KELYA,MAN,KFY,NSP,BGSF,JOB,BBSI,TNET,NIXX,GLXG,IPDN,ATLN"
80,Packaging & Containers,Consumer Cyclical,90.94,44,19,36,36,"PACK,MYE,TRS,KRT,AMBP,PKG,SW,GEF,SON,REYN,BALL,CCK,AMCR,SLGN,AVY,MGIH,IP,GPK,YHGJ,ORBS,OI,DSS"
81,REIT - Office,Real Estate,90.83,44,30,4,6,"HPP,PSTL,ONL,PDM,HIW,VNO,CDP,CUZ,KRC,NLOP,DEA,SLG,DEI,BXP,BDN,ARE,OGCP,FISK,ESBA,FSP,CMCT"
82,Insurance - Reinsurance,Financial Services,90.81,43,61,52,34,"HG,SPNT,RNR,GLRE,RGA,EG,KG,OXBR"
83,Asset Management,Financial Services,90.71,42,49,55,59,"MAAS,KF,TWN,AAMI,STK,AEF,BSTZ,STT,EMF,SSSS,AMG,CYPH,WT,BEN,BTX,SII,IVZ,RMT,NTRS,PFG,VCTR,IHD,BST,INV,AIO,CEE,IAE,HFRO,FGNXP,ASA,CHI,CCD,BCV,HASI,CHW,NFJ,NBXG,CHY,RMCO,ECF,TRIN,NCV,CGO,NCZ,CII,HQL,DBRG,CAF,ACV,HQH,FUND,NXG,BCAT,GNT,EDF,BHV,GLQ,GCV,ADX,MGLD,MXF,IDE,AOD,EOD,TROW,CNS,RVT,QQQX,SRV,BUI,CSQ,NIE,GLV,GGT,FHI,MXE,NMAI,WHG,JOF,JHG,SATA,GGZ,ECAT,BTO,ETO,EVT,GAM,HEQ,VPV,BCX,UTG,GUT,GDV,GLO,JRS,NMI,ETG,CSWC,NMT,AGD,IGD,TY,AVK,RGT,UTF,EXG,NML,TEI,SEIC,PEO,BPYPM,DPG,DNP,MEGI,FFA,JCE,ETW,TBLD,BDJ,EDD,GAIN,ETV,THQ,LGI,KYN,BOE,GROW,RQI,EEA,BN,SPXX,HTD,APO,THW,ETB,BME,EMD,HERZ,NRK,CET,RLTY,AFB,BGR,RMM,FOF,RFMZ,ASG,SCD,GUG,VKQ,ASGI,MUJ,OXLCO,VKI,BMEZ,NMS,NAZ,RFM,RIV,VTN,GF,EMO,NAC,VMO,JGH,DSM,OXLCN,DMB,MIY,GLU,BGY,IGR,PDX,VGM,RMI,OCCIM,ECCC,PGP,NVG,RMMZ,NZF,AWP,CLM,IGA,LEO,GCMG,FMN,GGN,NEA,EIIA,CRBG,JRI,NBH,KTF,MFM,IQI,RSF,NNY,HPI,BENF,MMD,PNI,ACP,IIM,MHD,MYN,NCA,PGZ,AFCG,NAD,CRF,FT,SPMA,NAN,PMM,BWG,EVN,SOR,NRO,VFL,EOT,HPS,MUC,OCCIN,FINS,SPME,CEV,MYI,RJF,NPV,HPF,JFR,PMO,NMCO,PDPA,NUV,PCQ,HIX,LIEN,EICA,BLK,NKX,IAF,MQY,SBI,PFD,CCID,NDMO,VCV,LDP,OIA,MPA,FCT,BMN,FDUS,GEG,PDO,STEW,NMZ,GDL,RA,EVG,ERH,ETY,KIO,NBB,VGI,EIM,BBDC,PSF,SAR,EOS,NUW,MMU,DTF,SDHY,PFO,FFC,PHK,WIA,BTT,BBN,VLT,PDT,PML,MHF,MMT,NXP,HIO,PTA,WIW,ETX,FTHY,JPC,EQH,RFI,OCSL,ERC,KBDC,DHF,ETJ,SABA,MUA,RNP,JLS,GAB,NPFD,PFN,TYG,JHI,OPP,WEA,JQC,DFP,BANX,EOI,EHI,MCR,DSU,FLC,FPF,WDI,IGI,BTZ,PIM,NPCT,AMP,MSD,SPE,CIF,DMO,GBDC,MSDL,USA,GRX,GDO,PAXS,FTF,GHY,PCF,BGB,BIT,FMY,DSL,MCN,BRW,VBF,NIM,PPT,PCN,PAI,AWF,BGT,BSL,FAX,TDF,BHK,DBL,GBAB,JHS,EAD,BCSF,ARDC,DLY,HTGC,ARES,GSBD,BGH,EFR,HNNA,BKT,EARN,HYT,PFL,MIN,ARCC,AB,HYI,GRF,EVV,VINP,EVF,BAM,PDI,BGX,FRA,PCM,EFT,JMM,NTRSO,PFX,TSI,EIC,MGF,RCG,BPRE,PTY,GLAD,ISD,DXYZ,HGLB,VVR,DMA,BX,CGBD,TPVG,APAM,BLW,CIK,PSBD,VRTS,IIF,NOAH,GOF,NHS,SPMC,MPV,BXSL,MFIC,NCDL,OBDC,PFLT,RPC,STEP,XFLT,DHY,MAIN,IFN,CION,NMFC,PSEC,TPG,PAX,CG,AMTD,RCS,CPZ,MCI,OFS,GECC,ASST,WHF,KKR,FSCO,MSIF,SLRC,CCAP,OXLC,ECC,HRZN,TWAV,KWY,TSLX,OTF,FSK,RAND,BCG,SCM,BCIC,CCIF,OWL,OXSQ,PDCC,TCPC,SAMG,RWAY,OCCI,ALTI,HLNE,PNNT,EQS,CFND,TGE,FGNX,ICMB,SDEV,MLCI,BUR,DFDV,HSDT,CWD,ZSTK,ALP,BNKK,BNBX,OIO,AVAT"
84,Capital Markets,Financial Services,90.69,41,41,18,46,"HUT,WULF,IREN,PURR,SLNHP,SLNH,BGDE,SNEX,RIOT,MRX,HIVE,CLSK,BMHL,VIRT,IBKR,MS,OPY,GLXY,GS,GOLD,EVR,JEF,MARA,BGC,ANY,TOP,NMR,AXG,MC,BMNR,GREE,HOOD,PIPR,MIAX,PJT,MEGL,ETOR,SF,SCHW,GSIW,LAZ,PLUT,COHN,BTBT,DOMH,CD,AUC,SRL,LPLA,PWP,HLI,MDBH,HGBL,TW,XP,AURE,FIGR,ATCH,SIEB,NCPL,WAI,NCTY,BRBI,GRAN,ARBK,MKTX,CRCL,FUTU,FUFU,WTF,SOS,TIGR,MATH,SBET,DEFT,CNCK,STKE,BTCS,ABTC,GEMI,CANG,BRR,LMFA,STEX,ABTS,FLD,NAKA,PMAX,LGHL,IPST"
85,Utilities - Regulated Gas,Utilities,90.57,41,65,73,68,"CTRI,MDU,NJR,BKH,NI,RGCO,SWX,NWN,ATO,OGS,CPK,BIPC,SR,UGI,SPH,OPAL"
86,Business Equipment & Supplies,Industrials,90.55,40,29,16,1,"XRX,ACCO,ACTG,EBF,EHGO"
87,Beverages - Non-Alcoholic,Consumer Defensive,90.03,39,48,61,44,"COCO,MNST,COKE,PRMB,KOF,KDP,KO,CCEP,PEP,FIZZ,BRFH,ZVIA,CELH,REED"
88,Credit Services,Financial Services,89.81,39,46,20,45,"SEZL,LPRO,TROO,ATLC,EZPW,ECPG,BFH,ENVA,FCFS,AFRM,CACC,WRLD,PMTS,ALLY,AGM,CPSS,RM,GDOT,SYF,JF,AXP,OMF,MFIN,NNI,ATLCP,SLMBP,V,COF,SNTG,OPRT,HTT,FOA,PRAA,SLM,MA,SOFI,JCAP,OPFI,WU,UPST,QFIN,NAVI,KLAR,FINV,PYPL,SUIG,ANTA,XYF,LX,LU,JFIN,VRM,DXF,YRD"
89,Drug Manufacturers - General,Healthcare,89.72,38,36,51,67,"OGN,LLY,MRK,BIIB,JNJ,GSK,NVS,AMGN,BMY,ABBV,AZN,PFE,GILD,AMRN,SNY,NVO,GRFS,MIRA,NSRX,SCLX,MDCX"
90,Thermal Coal,Energy,89.67,37,58,93,84,"NC,BTU,ARLP,CNR,NRP"
91,Insurance - Diversified,Financial Services,89.66,37,51,50,63,"PLGO,SLF,AEG,IGIC,BNT,ACGL,HIG,ACGLN,ACGLO,AIG,WDH,XZO"
92,Drug Manufacturers - Specialty & Generic,Healthcare,89.57,36,35,56,95,"LQDA,BIOA,AKAN,IRWD,ASRT,ETON,CPIX,TRLV,INDV,ALKS,TXMD,AMRX,LNTH,AMLX,VTRS,ESPR,CABR,TEVA,KNSA,ANIK,UTHR,TKNO,ELAN,GELS,TLPH,XERS,BFRI,INM,NBIX,ANIP,EOLS,CRON,HROW,BCRX,SUPN,KMDA,AQST,CRDL,TAK,COLL,EBS,LFCR,HIMS,PCRX,RDY,HLN,EVO,INCR,AYTU,UPC,AMPH,DERM,BHC,PAHC,YCBD,SIGA,CPHI,PRGO,CGC,ORGO,RGC,ALVO,PBH,IXHL,HCM,RDHL,TLRY,ACB,CTOR,OGI,RMTI,BTAI,SCYX,ZTS,SXTC,AKBA,PRFX,ZYBT,SNOA,SHPH,IMCC,BGM,SBFM,APUS"
93,Entertainment,Communication Services,89.46,35,41,34,30,"SPHR,STRZ,TOON,ANGH,MSGE,AMC,MSGS,ROKU,MCS,MANU,WBD,AMCX,SIRI,IMAX,RSVR,BATRK,CNK,BATRA,LLYVK,LYV,LLYVA,CNVS,WMG,TKO,RDI,NWS,NWSA,FWONA,FWONK,VSNT,RDIB,DIS,AENT,PSKY,FOX,FOXA,HUYA,NFLX,LFS,PLAY,IQ,GAIA,ANGX,FTRK,CPOP,NIPG,MPU,KWM,KUST,ZNB"
94,Insurance - Property & Casualty,Financial Services,89.3,34,46,44,65,"DGICB,UFCS,UVE,MCY,AIZ,PRCH,SIGI,NODK,THG,HMN,ALL,CINF,TRV,L,CB,KINS,AFG,SKWD,LMND,BOW,CNA,WTM,ORI,PRA,ASIC,HGTY,STC,HCI,WRB,SLDE,SIGIP,SAFT,DGICA,ACIC,MKL,PGR,AII,PLMR,GBLI,RLI,HIPO,HRTG,PRHI,ROOT,KNSL,TRUP,KMPR"
95,Shell Companies,Financial Services,89.21,34,50,60,47,"AFJKU,AFJK,BSAAU,BSAA,SPKLU,BKHAU,BCARU,ATIIU,SPKL,RIBBU,TDACU,FACTU,RAAQU,BAYAU,CEPT,ASPCU,DMAAU,EURKU,QETAU,OYSEU,BACCU,QETA,BCAR,CAPNU,ATII,BKHA,AXINU,CCAQU,KVACU,DTSQ,ALISU,ANSCU,EURK,COLAU,LATAU,TACOU,SVCCU,SVACU,DTSQU,UYSC,MACIU,PGACU,KVAC,FSHPU,CAPN,RIBB,EGHAU,RFAIU,TACHU,BAYA,UYSCU,FVN,BACC,YHNAU,AEXA,SVAQU,CHAR,NOEMU,SPEGU,LCCCU,DYNC,SCPQU,COLA,AXIN,ANSC,FSHP,TDAC,ASPC,FVNNU,QSEAU,RFAI,SIMA,QSEA,VACI,JACS,TLNCU,CCIXU,KFII,MKLYU,DMAA,TLNC,YHNA,CHPGU,KCHV,AACB,NMP,PGAC,LPAA,CHECU,FIGX,SIMAU,HCACU,IRHOU,SOCA,COPL,LCCC,OBAWU,WTG,PLMK,EGHA,HCMAU,CHPG,GTERA,SPEG,RANG,NMPAU,IPEX,INAC,HVIIU,APACU,CUB,POLE,SOUL,NTWO,OTGAU,SSEA,GRAF,ORIQ,CCAQ,QUMS,HVII,IBAC,KOYNU,MKLY,PMTRU,AIIA,GPAT,TVAIU,SZZL,CCIX,GSHRU,YCY,TACH,GSRFU,OBA,XRPN,HAVAU,SDHI,TVAI,HCMA,OYSE,TAVI,ITHAU,ALF,CRAC,LPBB,MMTX,LAFA,INACU,LKSPU,CRANU,CRAQ,EVAC,SBXD,ADACU,VNME,PACHU,ALDF,DMII,CHARU,LWAC,XRPNU,PACH,SVCC,FERA,LWACU,ALIS,APXTU,HAVA,GTERU,LKSP,EMIS,PMTR,QUMSU,APAC,KBONU,KOYN,FERAU,IPCX,GSHR,IGACU,TACO,CHEC,RAAQ,TDWD,TVA,JENA,MACI,BLUWU,PAII,CCIIU,SSEAU,IPEXU,TAVIU,FIGXU,WTGUU,RAC,HVMCU,SOCAU,SVAC,BCSS,BLUW,GIW,HVMC,SDHIU,BEAGU,IPCXU,GIWWU,OTGA,NOEM,MBVIU,BEAG,APXT,DRDB,WENN,AEAQU,CEPF,GPATU,GTEN,LPBBU,DMIIU,BIXI,GSRF,EVOX,DYOR,NPAC,GTENU,CCII,CRACU,IGAC,SZZLU,PCSC,SCIIU,ALDFU,DNMX,RNGTU,BIXIU,LAFAU,RNGT,TVACU,VHCPU,ORIQU,LATA,AACBU,BLZRU,GPACU,LPAAU,LPCVU,MMTXU,CEPV,BLRKU,MBVI,DAAQ,TWLVU,CCXIU,KRSP,OACCU,LFACU,RDAG,DSACU,MESHU,TDWDU,KFIIU,CUBWU,DRDBU,NPACU,ALFUU,ONCH,KCHVU,OACC,BLZR,FCRS,NTWOU,PCAP,RANGU,EVOXU,DAAQU,DYORU,BDCI,DNMXU,RDAGU,WENNU,BDCIU,ONCHU,PLMKU,MCGAU,MCGA,POLEU,MBAV,CEPO,MBAVU,LOKVU,PCAPU,VNMEU,RTAC,CRAQU,RTACU,DYNCU,FGMC,FGMCU,LOKV,RDACU,RDAC,XXI"
96,Utilities - Regulated Water,Utilities,88.47,33,37,59,58,"CDZIP,HTO,SBS,AWR,ARTNA,CWT,PCYO,MSEX,WTRG,YORW,AWK,CWCO,CDZI,GWRS"
97,Farm & Heavy Construction Machinery,Industrials,88.37,32,23,32,20,"CAT,XOS,BLBD,TEX,ARTW,PCAR,HY,DE,ASTE,MTW,OSK,GENC,AGCO,FSS,WNC,CNH,AEBI,LNN,TWI,CMCO,GP,HCAI,ALG,HYFM,BNC,SCAG"
98,REIT - Mortgage,Real Estate,88.24,32,44,45,50,"ADAM,TWO,NREF,IVR,EFC,ARR,NLY,ADAMN,AGNC,DX,ARI,ADAML,MITT,CIM,TRTX,BRSP,ADAMM,AGNCM,ACRE,AGNCN,AGNCP,AGNCO,ADAMZ,AGNCL,ORC,MFA,AOMR,AGNCZ,RPT,LADR,CMTG,BXMT,KREF,LOAN,SACH,RWT,CHMI,STWD,SUNS,RITM,REFI,SEVN,PMT,FBRT,ACR,RC,GPMT,LFT,ABR"
99,Textile Manufacturing,Consumer Cyclical,88.16,31,27,0,0,"SMJF,AIN,UFI,CULP,PASW"
100,REIT - Residential,Real Estate,88.04,30,37,35,25,"ESS,CPT,EQR,INVH,UDR,AMH,AVB,MAA,BRT,ELS,UMH,IRT,MRP,NXRT,SUI,BHM,AIV,CSR,CLPR,ELME"
101,Building Materials,Basic Materials,87.35,30,16,30,54,"CPAC,CX,JHX,LOMA,TTAM,VMC,EXP,CRH,MLM,AMRZ,KNF,USLM,SMID,TGLS,RETO,CAPS"
102,Oil & Gas E&P,Energy,86.78,29,88,95,18,"WTI,OBE,BTE,TBN,GTE,KOS,VIST,GPRK,APA,EGY,NRT,TALO,PR,OVV,FANG,CKX,MUR,CHRD,REPX,KRP,CNQ,WDS,SM,CRT,FTW,VET,OXY,DVN,CRGY,EOG,HPK,COP,MGY,DMLP,SD,GFR,CRC,REI,TXO,MTDR,BSM,MNR,PVL,PNRG,VOC,KGEI,TPL,RRC,EPSN,BKV,PED,EONR,CNX,GRNT,EPM,BSIN,EQT,AR,AMPY,BRN,GPOR,EXE,INR,VTS,MXC,NOG,ANNA,EP,INDO,MTR,CRK,MVO,PRT,SJT,BATL,PROP,TPET"
103,Specialty Retail,Consumer Cyclical,86.3,28,12,23,13,"LESL,ARKO,OLPX,CASY,BWMX,ABLV,MUSA,HZO,WSM,GRWG,BNED,DKS,BBY,FIVE,FLWS,SBH,ONEW,SVV,TLF,ASO,BBWI,CHPT,NAAS,WINA,GME,WOOF,RH,ULTA,ARHS,HTLM,TKLF,EVGO,JBDI,SPWH,EYE,BBW,RECT,MNSO,BQ,PTLE,TSCO,BARK,ZOOZ,CGTL,NPT,NVVE"
104,Leisure,Consumer Cyclical,85.7,27,33,41,28,"PUSA,CALY,FNKO,YETI,LTH,ESCA,OSW,FUN,PRKS,JAKK,GOLF,JOUT,AOUT,HAS,PTON,HWH,CLAR,AS,XPOF,PLBY,LUCK,KBSX,MAT,MMA,KMRK,TRON,NWTG,PLNT,NOMA,GDHG,HERE,DOGZ,TRUG"
105,Information Technology Services,Technology,85.67,27,31,18,39,"CHRN,KEEL,PENG,CIFR,WYY,QXL,APLD,WYFI,INOD,SAIH,INGM,UIS,SAIC,TSSI,VNET,IBM,CLPS,ARBB,IBEX,FORTY,JFU,CACI,CDW,WIT,PSN,III,CSPI,GDS,GLE,BBAI,CNDT,GDYN,VYX,INFY,GIB,DTST,EXLS,G,JKHY,CTM,TTGT,CTSH,ACN,BR,CNXC,DXC,LDOS,FIS,IT,CLVT,TTEC,GLOB,TASK,HCKT,PONY,KD,EPAM,NABL,EFOR,VEEA,AIOS,SLAI,CYCU,VRRM,TDTH,JZ,DAIC,GMM,LZMH,HKIT"
106,Restaurants,Consumer Cyclical,85.59,26,26,20,10,"NDLS,HCHL,RRGB,BJRI,BDL,CAKE,LOCO,PETZ,CBRL,SG,CAVA,ARCO,DIN,RAVE,SBUX,BLMN,BROS,BH,QSR,RICK,YUM,DRI,EAT,NATH,TXRH,CNNE,GENK,MCD,GTIM,MB,YUMC,CMG,STKS,WEN,ARKR,JACK,PZZA,KRUS,REBN,CHA,FWRG,BTBD,DPZ,HDL,THCH,PTLO,WING,SHAK,VSTD,CCHH,VENU,BRCB,CHSN"
107,REIT - Diversified,Real Estate,85.18,25,34,31,16,"FVR,AAT,CTO,NXDT,BNL,WPC,GNL,OLP,SAFE,AHRT,GOOD,GOODN,VICI,JBGS,ESRT,SQFT,SQFTP,MKZR,GIPR"
108,Real Estate Services,Real Estate,84.92,25,13,25,48,"OPAD,OPEN,RFL,RMR,RMAX,IRS,COMP,SEG,IHS,STHO,CHCI,BPYPP,BPYPN,BPYPO,MMI,MLP,MAYS,NMRK,JLL,CWK,FRPH,ARL,CBRE,TCI,BEKE,ASPS,NYC,MDRR,FSV,NEN,HBNB,SRG,EUDA,DOUG,GBR,CIGI,GYRO,AGNT,FTHM,CSGP,REAX,OMH,DUO,ALBT,UK,LHAI,AIRE,LRHC"
109,Insurance - Specialty,Financial Services,84.4,24,30,27,51,"ITIC,EIG,ACT,FAF,MBI,RDN,AXS,ESNT,MTG,NMIH,TIPT,FNF,AGO,OSG,AMSF,RYAN,JRVR"
110,Grocery Stores,Consumer Defensive,83.78,23,25,26,11,"IMKTA,WMK,GO,DNUT,VLGEA,NGVC,DDL,KR,ACI,SFM,MSS"
111,Health Information Services,Healthcare,82.13,23,21,7,29,"TXG,BTSG,BTSGU,AMWL,HNGE,TALK,TBRG,SOPH,SLP,CTEV,OMCL,TDOC,HTFL,EVH,NRC,LFMDP,OMDA,HSTM,PRVA,LFMD,HCAT,HQY,SDGR,GDRX,WEAV,CARL,SPOK,TEM,SY,BFRG,DRIO,VEEV,CCLD,CERT,ONMD,ACON,PHR,WAY,DOCS,OPRX,MGRX,BEAT,DH,MNDR,HCTI,VSEE,ZCMD"
112,Pollution & Treatment Controls,Industrials,82.1,22,17,11,30,"CECO,ZONE,ADUR,PCTTU,ZWS,PCT,CLWT,TOMZ,ARQ,CLIR,VLTO,SCWO,BCHT,FTEK,ERII,RAIN,LIQT,DEVS"
113,Medical Instruments & Supplies,Healthcare,82.01,21,20,19,41,"AVR,OSUR,PDEX,PLSE,STAA,POCI,WST,RGNT,BLFS,HBIO,CUPR,UTMD,NVST,ALGN,ANGO,TFX,ICUI,SOLV,RGEN,WRBY,LMAT,BLCO,BAX,BDX,AVTR,SMTI,COO,KRMD,KMTS,ATR,DXR,RVP,MDLN,NEPH,MLSS,AZTA,MMSI,STXS,NNNN,ATRC,ISRG,STVN,XRAY,ALC,RMD,BNGO,MBOT,ZJYL,LUCY,ZTEK,NXGL,NYXH,FEMY,EMBC,GCTK"
114,Electronic Gaming & Multimedia,Communication Services,81.91,20,37,13,13,"SKLZ,DDI,MRDN,CTW,MSGM,EA,TBH,GAME,TTWO,PLTK,NTES,GRVY,SOHU,GIGM,GXAI,SNAL,MYPS,GDEV,GMHS,RBLX,GCL,GDC"
115,Consulting Services,Industrials,81.46,20,34,40,55,"ROMA,AERT,EFTY,EGG,LAWR,RGP,VCIG,FCN,ICFI,FORR,RYOJ,CRAI,BAH,VRSK,EFX,HURN,SBC,GRNQ,ACCL,ZTG,INTJ,FOFO,DGNX"
116,Medical Distribution,Healthcare,81.39,19,39,80,74,"FOCL,EMPG,CAH,HSIC,MCK,ACH,COR,YI,AHG,COSM,HKPD,SNYR"
117,Security & Protection Services,Industrials,81.13,18,22,37,32,"MG,GEO,CXW,SPCB,CIX,BRC,NL,EVLV,BAER,NSSC,BCO,MSA,ADT,ALLE,IVDA,VRME,SNT,GFAI,KSCP,YOOV,SUGP"
118,Household & Personal Products,Consumer Defensive,80.89,18,10,13,2,"HELE,SPB,PTNM,EPC,HNST,NWL,ACU,CL,CHD,IPAR,KVUE,UG,MAGN,PG,EL,DSY,WALD,KMB,GROV,SLSN,UL,CLX,RAY,ELF,YSG,COTY,NUS,BYAH,SKIN,ODD,TANH"
119,Internet Content & Information,Communication Services,80.68,17,42,21,51,"NBIS,PODC,SOGP,TBLA,GOOGL,GOOG,BZFD,TRVG,TZOO,NXDR,TEAD,OPRA,JOYY,BODI,WBTN,MTCH,RUM,PPLI,GRPN,LVO,RDDT,STUB,IZEA,CARS,DIBS,BIDU,EVER,ZDGE,GENI,PERI,GIFT,ZIP,MAX,SJ,META,GITS,ZH,MNY,LCFY,MOMO,PINS,SNAP,WB,ATHM,YELP,SEAT,SPOT,SSTK,BZ,NRDS,FENG,DOYU,BMBL,BILI,DJT,TME,FVRR,UPWK,ZG,GIBO,GETY,Z,CMCM,ANGI,UPXI,CHAI,CCG,ONFO,SLE,NAMI,AREN,WSHP"
120,Farm Products,Consumer Defensive,78.58,16,32,49,49,"PFAI,ADM,BG,ALCO,AQB,AFRI,CHSCL,CHSCN,CHSCM,CHSCO,CHSCP,AGRO,TSN,DOLE,LND,VFF,LMNR,CALM,FDP,LOCL,VITL,AGRZ,SDOT,EDBL"
121,Home Improvement Retail,Consumer Cyclical,77.94,16,2,33,58,"HVT,HD,LOW,FND,LIVE"
122,Medical Devices,Healthcare,77.31,15,11,17,32,"AXGN,BFLY,AVNS,NSYS,TMCI,MYO,BWAY,IART,ELMD,ESTA,ECOR,CERS,BRKR,BRKRP,APYX,TCMD,BJDX,LIVN,MASS,NEOG,VMD,NVCR,HYPR,GKOS,CV,CLPT,NPCE,MDAI,PROF,SGHT,HAE,BVS,IRMD,EW,UFPT,DCTH,BIO,GMED,PEN,PHG,CBLL,AHCO,MXCT,IRIX,SIBN,DXCM,KIDS,ITGR,CTKB,INFU,VREX,ZBH,SENS,INMD,INGN,PACB,SNN,MDT,LFWD,ELUT,CODX,STE,TELA,BBNX,RCEL,TLSI,SYK,TNDM,OM,GEHC,LUCD,QSI,SERA,CATX,CNMD,ENOV,IRTC,BMRA,NMTC,ABT,SSII,OFIX,TRIB,LAB,XTNT,SRTS,ITOC,CTSO,LNSR,SINT,LUNG,COCH,ADGM,OWLT,CVRX,HSCS,PRCT,STIM,NXL,NVNO,TNON,TMDX,QDEL,ATEC,AMIX,AORT,LMRI,QTRX,BSX,RPID,AEMD,PODD,NNOX,BDMD,INSP,RXST,VTAK,ARAY,MODD,QTI,PAVM,INBS,NSPR,SNWV,FEED,VVOS,XAIR,VNRX,IVF,POAS,PFSA,ICCM,PMI,NUWE,WOK"
123,Packaged Foods,Consumer Defensive,76.58,14,15,11,4,"WEST,LSF,SENEA,WYHG,SENEB,DAR,MAMA,BOF,CENT,CENTA,SJM,JBSS,BRCC,SFD,MICC,LWAY,NATR,KHC,HRL,HLF,CLNN,BGS,LFVN,LW,POST,BRID,COOT,FRPT,JBS,USNA,NOMD,SRXH,JJSF,INGR,CPB,FAMI,NAII,UCFI,CAG,GIS,JVA,MKC,UTZ,FTLF,PPC,FLO,HCWC,MZTI,OTLY,SMPL,ORIS,HAIN,BYND,BHST,BRLS,ATPC,STKH,RKDA,BRBR,DDC,NCRA,PAVS"
124,Real Estate - Development,Real Estate,76.15,13,6,45,43,"FOR,VTMX,JFB,CCS,AXR,SKYH,HHH,FPH,LPA,LRE,SDHC,AEI,OZ,RENX,MRNO"
125,Financial Data & Stock Exchanges,Financial Services,75.99,13,27,27,27,"MKTW,MSCI,CBOE,NDAQ,MCO,VALU,CME,SPGI,FDS,ICE,TRU,MORN,COIN,DTCX,BTOG"
126,Auto & Truck Dealerships,Consumer Cyclical,75.64,12,4,2,7,"RDNW,OPLN,RUSHB,SAH,RUSHA,PAG,VVV,KMX,CVNA,LAD,DRVN,AN,ABG,ACVA,GPI,CARG,CWH,JZXN,NXB,BGSI,UXIN,KXIN,SDA,AZI,UCAR,CRMT"
127,Software - Application,Technology,75.29,11,16,6,14,"CURR,PDFS,SVCO,APPS,ADEA,PDC,RYDE,DDOG,MTC,BTDR,FROG,PLTS,MITK,FSLY,DHX,NAVN,PTRN,DAVE,DUOT,YOU,DMRC,OOMA,PUBM,DBD,RDZN,MTLS,CDNS,XPER,NTWK,RDVT,SNOW,CREX,RNG,DJCO,IBTA,NATL,CRNC,ZM,MYSE,RMNI,RTB,CWAN,API,SCOR,IFBD,SMWB,CVLT,RSKD,PLUS,FRMM,EXFY,U,HKD,ORKT,NXPL,DSP,STRC,IPM,IMMR,KARO,AGYS,UPBD,KLTR,BZAI,ASUR,VS,STRF,EGHT,PHUN,IDCC,RBBN,DT,STRD,PAYX,GRND,TONX,LSPD,LYFT,ADP,ALRM,PERF,AZ,FRSH,BULL,SSTI,EGAN,UBER,ESTC,PD,SHOP,SSNC,BRZE,VTEX,LIF,RSSS,THRY,DSGX,HIT,MANH,EVCM,WRD,AWRE,TRAK,DFIN,OTEX,FICO,SMSI,PAYC,SPT,STRK,INLX,YMM,DUOL,ROP,YALA,KC,MNDO,IDN,TEAM,WLTH,NRDY,BLND,CMRC,APPF,GRAB,BMR,AEYE,PCTY,ASAN,YB,SMRT,CXM,TTAN,BILL,SOUN,SAP,DCBO,BLIV,MRT,CHYM,ALKT,AMPL,CRM,ADSK,NCNO,WDAY,DOCU,IDAI,SRAD,BSY,LGCL,LAW,GLOO,QTWO,PTC,VTSI,WK,NOW,TYL,RMSG,MNTN,NICE,SPSC,ADBE,AIFF,INTA,PEGA,VERX,PCOR,TGL,MSTR,MNDY,PAR,CCC,RCT,ATHR,VIA,GWRE,BL,JG,YAAS,KVYO,CXAI,AMST,MASK,HUBS,BLKB,YXT,MYSZ,INTU,FUSE,FIG,ALIT,HTCR,SAGT,INUV,PSQH,LPSN,ILLR,NVNI,CYN,FRGT,NXTT,GTM,MFI,NTCL,FTFT,DOMO,AMZE,WCT,KNRX,BIYA,AUUD,JTAI,BNZI,UPLD,RPGL,YMT"
128,Airports & Air Services,Industrials,75.17,11,2,23,56,"CAAP,OMAB,PAC,ASR,ASLE,JOBY,UP,SOAR"
129,Agricultural Inputs,Basic Materials,75.12,10,28,39,9,"UAN,CF,CTVA,SMG,IPI,NTR,ICL,SEED,MOS,AVD,FMC,BIOX,NXTS"
130,Waste Management,Industrials,74.78,9,13,48,39,"ENGS,NVRI,ABAT,CLH,QRHC,WM,AWX,PESI,RSG,CWST,WCN,GFL,ONT,AQMS,GWAV,YDDL,DXST,LNZA,CDTG"
131,Lumber & Wood Production,Basic Materials,74.13,9,5,10,9,"SSD,WFG,BCC,UFPI,JCTC,NWGL"
132,Education & Training Services,Consumer Defensive,73.6,8,9,4,4,"LINC,FC,CHGG,APEI,DAO,UTI,LAUR,KLC,GHC,CVSA,SKIL,WAFU,FEDU,AMBO,PRDO,EDTK,PXED,AACG,AFYA,LGCY,STRA,JDZG,LRN,EDU,YQ,TAL,LOPE,EEIQ,MYND,RYET,COUR,MH,COE,GSUN,IH,GOTU,STG,GNS,LXEH,GV,VSA,YOUL,KIDZ,FCHL"
133,Confectioners,Consumer Defensive,73.44,7,25,69,23,"MDLZ,TR,HSY,RMCF,SOWG"
134,Mortgage Finance,Financial Services,73.15,6,4,16,60,"BETR,VEL,IOR,ONIT,WD,PAPL,RKT,PFSI,BLNE,GHI,CNF,LDI,UWMC"
135,Internet Retail,Consumer Cyclical,72.95,6,8,22,78,"LITB,LQDT,ETSY,EBAY,JWEL,W,AMZN,JMIA,CART,HOUR,HEPS,TDUP,BZUN,JD,RERE,GLBE,RVLV,YJ,ZKH,VIPS,DASH,MELI,MOGU,BABA,PDD,SE,CPNG,NEGG,NHTC,CHWY,WBUY,OCG,UZX,IPW,NEXR,WNW"
136,Paper & Paper Products,Basic Materials,72.77,5,1,2,8,"CLW,ITP,SLVM,SUZ,MERC"
137,Tobacco,Consumer Defensive,71.36,4,18,12,25,"RYM,MO,BTI,PM,UVV,TPB,RLX,ISPR,AIIR,GNLN,XXII"
138,Auto Manufacturers,Consumer Cyclical,70.97,4,14,5,6,"CYD,LOBO,GM,F,PSNY,RIVN,TSLA,VFS,NIO,GGR,RACE,HMC,FABC,TM,EVTV,LOT,EMPD,STLA,XPEV,LI,NIU,FLYE,PSNYW,WKHS,FFAI,SSM,AIIO,DCX,LVWR,LCID,CENN"
139,Insurance Brokers,Financial Services,69.45,3,9,0,5,"NP,XHG,SLQT,AON,MRSH,TWFG,ARX,AJG,CRVL,WTW,ERIE,BRO,BWIN,ZBAO,EHTH,GSHD,HUIZ,EZRA"
140,Beverages - Wineries & Distilleries,Consumer Defensive,68.17,2,7,3,3,"AGCC,DEO,SNDL,YHC,WVVI,WVVIP,MGPI,EPSM,IBG,SBEV"
141,Recreational Vehicles,Consumer Cyclical,68.14,2,0,9,53,"PII,BC,HOG,MCFT,MBUU,DOO,WGO,LCII,THO,PATK,MAMO,KNDI,VEEE,VMAR,EZGO"
142,Consumer Electronics,Technology,66.99,1,11,8,75,"VUZI,AAPL,LPL,SONO,AXIL,TBCH,MSN,UEIC,FEBO,KOSS,SONY,GPRO,FOXX,ZEPP,RIME,WLDS,BOXL,WTO,GMEX"
143,Personal Services,Consumer Cyclical,66.13,0,3,1,18,"ANDG,FTDR,RGS,SCI,MED,HRB,CSV,ROL,MRM,BFAM,CLIK,EJH,TRNR,YYGH"
144,Pharmaceutical Retailers,Healthcare,37.86,0,0,15,27,"HITI,PETS,SCNX,WGRX,POM,RDGT"
=======
1,Semiconductor Equipment & Materials,Technology,209.27,99,99,98,89,"AEHR,ICHR,TRT,UCTT,ACMR,VECO,FORM,COHU,TER,AMKR,ASYS,LRCX,KLIC,AMAT,ATOM,ONTO,ACLS,KLAC,INTT,ASML,ENTG,Q,CAMT,NVMI,IPGP,PLAB,AMBA,DQ,SMTK"
2,Semiconductors,Technology,186.51,99,99,84,82,"MXL,MU,VSH,INTC,MRVL,AIP,TSEM,MRAM,SIMO,ARM,ALAB,AMBQ,NVTS,QUIK,AMD,WOLF,UMC,ASX,STM,SMTC,IMOS,SITM,CEVA,CRDO,SKYT,MTSI,POET,GCTS,GFS,ON,LSCC,AOSL,DIOD,HIMX,MX,ALGM,SYNA,POWI,LASR,TXN,ALMU,MPWR,GSIT,TSM,NVEC,RMBS,IPWR,ADI,VLN,MCHP,QCOM,NXPI,MCHPP,SLAB,INDI,AVGO,CRUS,NVDA,LEDS,QRVO,WKEY,SWKS,PI,PXLW,LAES,PRSO,SQNS,ICG,NA,MOBX"
3,Financial Conglomerates,Financial Services,154.62,98,95,96,71,"RILYP,RILYL,RILY,IX,VOYA,HTH,FRHC,TREE"
4,Aluminum,Basic Materials,152.15,97,98,97,95,"KALU,CSTM,CENX,AA"
5,Communication Equipment,Technology,148.03,97,96,99,93,"AAOI,OCC,LITE,AMPG,WATT,VIAV,SILC,CIEN,VSAT,HPE,NOK,FEIM,ONDS,VISN,EXTR,DGII,TSAT,CSCO,HLIT,ADTN,AIRG,LTRX,ASTS,CLFD,ERIC,CRNT,GILT,BKTI,UTSI,FIEE,BDC,AUDC,UI,INSG,NTGR,SYNX,ZBRA,MSI,BOSC,CMTL,AVNW,MITQ,FKWL,CLRO"
6,Electronic Components,Technology,147.15,96,95,88,86,"OPTX,VICR,TTMI,WBX,FLEX,LPTH,KOPN,GLW,MEI,OUST,SANM,BHE,CPSH,BELFA,BELFB,ALNT,KN,PLXS,ROG,MPTI,RELL,LFUS,CLS,JBL,RAL,CTS,FN,LYTS,APH,DAIO,LINK,DSWL,KULR,TEL,DAKT,WETH,ELTK,OSIS,OST,OLED,MTEK,IMTE,HOLO,REFR,GAUZ,NEON,MSAI"
7,Computer Hardware,Technology,139.28,95,90,62,72,"WDC,STX,VELO,ALOT,DELL,OSS,QTEX,QMCO,UMAC,DDD,TACT,IONQ,ANET,CRSR,QBTS,KTCC,RGTI,DPRO,P,LOGI,HPQ,SMCI,QUBT,SSYS,CRCT,QCLS,NNDM,MCRP,UAVS,EBON,YIBO,AGMH,BTCT,SCKT,BGIN,CAN,AMCI"
8,Silver,Basic Materials,132.57,95,97,97,99,"SVM,NEWP,AYA,AG,EXK"
9,Copper,Basic Materials,130.5,94,93,93,97,"HBM,TGB,SCCO,ERO,FCX,IE"
10,Healthcare Plans,Healthcare,124.23,93,87,12,34,"CLOV,OSCR,HUM,CNC,CVS,UNH,ALHC,PGNY,ELV,MOH,CI"
11,Trucking,Industrials,121.63,93,88,61,20,"ARCB,CVLG,RXO,HTLD,KNX,TFII,SNDR,WERN,SAIA,MRTN,ODFL,XPO,PAMT,TOPP,ULH,ETS"
12,Electrical Equipment & Parts,Industrials,121.43,92,91,76,87,"BE,STI,FCEL,TE,POWL,RFIL,VRT,BLDP,AMPX,AEIS,NVT,ENS,PLPC,ELVA,TGEN,PLUG,FAC,PPSI,ATKR,ESP,EOSE,APWC,HUBB,ENR,OESX,ENVX,AYI,ADSE,HAYW,CCTG,KE,ULBI,POLA,EAF,LTBR,DFLI,EPOW,NEOV,CBAT,SDST,SKYX,GWH,NVX,FLUX,XPON,RAYA,ELPW,LNKS"
13,Other Industrial Metals & Mining,Basic Materials,115.63,91,93,90,97,"ELVR,LAR,MTRN,ALM,ALOY,NEXA,CRML,SGML,NAK,USAR,BHP,TMQ,CMP,UAMY,TECK,USAS,TII,NVA,RIO,SKE,VALE,LZM,SCZM,NB,LAC,WRN,MP,IONR,SLI,XPL,IPX,VZLA,GRO,CHNR,GSM,ATLX,FURY,TMC,USGO,WWR,ELBM,FNUC,NMG,NEXM,FMST,LGO,OMEX"
14,REIT - Hotel & Motel,Real Estate,115.24,90,74,43,25,"CLDT,PEB,RLJ,XHR,HST,DRH,APLE,PK,INN,RHP,SHO,IHT,SVC,BHR,AHT"
15,Electronics & Computer Distribution,Technology,114.6,90,69,27,23,"SNX,ARW,AVT,SCSC,NSIT,CNXN,CLMB,IZM"
16,Medical Care Facilities,Healthcare,114.05,89,83,60,81,"AGL,PIII,CMPS,MCTA,PACS,TOI,AMN,INNV,ASTH,AIRS,DVA,NHC,LFST,GRDN,NUTX,PARK,BKD,CON,HCSG,MD,SRTA,CCRN,SNDA,ACHC,CCM,PNTG,AVAH,SEM,CCEL,FMS,CHE,JYNT,BTMD,CYH,SGRY,AUNA,EHC,THC,ARDT,ADUS,ENSG,HCA,WW,USPH,UHS,OPCH,AMS,BMGL,DCGO,NIVF"
17,Banks - Diversified,Financial Services,112.98,88,81,75,90,"C,SMFG,TD,UBS,BMO,HSBC,SAN,MUFG,RY,BNS,BNY,CM,BBVA,ING,BCS,NTB,BAC,JPM,WFC"
18,Rental & Leasing Services,Industrials,112.93,88,66,44,35,"VSTS,CTOS,CAR,R,WSC,URI,WLFC,HRI,ALTG,PRG,UHAL,AER,GATX,MGRC,HTZ,AIHS,MWG"
19,Engineering & Construction,Industrials,112.15,87,79,79,74,"VATE,CDNL,STRL,AGX,FIX,LGN,MYRG,IESC,MAGH,ECG,MTZ,ORN,BBCP,ESOA,PWR,DY,SHIM,PHOE,ACA,GVA,EME,SKK,TPC,MTRX,FLR,BLD,FER,AMRC,APG,ROAD,WLDN,CDLR,BWMN,J,MSW,PRIM,BLNK,FBGL,TTEK,EXPO,ONEG,KBR,STN,ACM,MSGY,MIMI,RITR,ZDAI,SLND,OFAL,FGL,MGN"
20,Metal Fabrication,Industrials,110.36,86,55,65,66,"AP,MEC,CRS,ATI,PRLB,MLI,RYZ,TRSG,CMC,WOR,ESAB,TG,TPCS,IIIN,GPGI,HIHO,MTEN,OLOX"
21,Scientific & Technical Instruments,Technology,109.45,86,74,53,26,"VPG,ASTC,MKSI,COHR,KEYS,ELSE,ITRN,CGNX,ST,ESE,SOTK,NOVTU,NOVT,MLAB,FTV,TDY,GRMN,LGL,AIMD,ACFN,GNSS,ODYS,ARBE,VNT,ITRI,BMI,WRAP,MIND,SVRE,TRMB,SOBR,USBC,MVIS,ARAI,FCUV"
22,Oil & Gas Drilling,Energy,108.9,85,97,99,77,"NBR,PTEN,HP,VAL,RIG,NE,BORR,PDS,SDRL,SOC"
23,Utilities - Independent Power Producers,Utilities,108.58,84,88,69,91,"DGXX,TLN,KEN,HNRG,TAC,VST,OKLO,CEG,NRG"
24,Utilities - Renewable,Utilities,108.36,83,64,48,83,"CREG,FLNC,ENLT,NRGV,BEP,ORA,WAVE,BESS,XIFR,CWEN,RNW,AXIA,BEPC,ELLO,PBK,SAFX,HTOO,STEM,VGAS,NXXT,AGIG,BNRG"
25,Oil & Gas Equipment & Services,Energy,108.0,83,94,95,73,"DWSN,NESR,SEI,EFXT,PUMP,KGS,SND,LBRT,WTTR,FET,FTK,WBI,FTI,TS,OII,AESI,AROC,NGS,WFRD,HAL,INVX,WHD,FLOC,SLB,NOV,BKR,RES,ACDC,HLX,TDW,VTOL,NEXT,XPRO,RNGR,OIS,NCSM,KLXE,LB,USAC,NOA,CLB,LSE,OMSE,DTI,GEOS,RCON"
26,Conglomerates,Industrials,107.41,82,79,74,83,"MAMK,FBYD,CODI,TTI,NNBR,VMI,TUSK,RCMT,PLAG,SEB,BOOM,STRR,PAM,DLX,CRESY,MATW,HON,MMM,STRRP,TRC,AIRTP,OTTR,AIRT,BBUC,BOC,FIP,LGPS,HHS"
27,Apparel Manufacturing,Consumer Cyclical,107.23,81,62,69,40,"VNCE,JRSH,ZGN,JXG,SGC,FIGS,XELB,GIII,RL,LEVI,COLM,KTB,VFC,UA,UAA,PVH,JL,LAKE,OXM,GIL,PLCE,GOOS,NCI"
28,Steel,Basic Materials,106.07,81,67,54,75,"NWPX,FRD,NUE,STLD,MT,CLF,RS,TX,WS,GGB,MTUS,PKX,ASTL,SIM,LUD,INHD,MSB,SID,HUDI,ZKIN,HLP"
29,Specialty Chemicals,Basic Materials,105.39,80,83,83,55,"LWLG,ALTO,PRM,ESI,ODC,ALB,SOLS,SQM,CLMT,CC,SSL,KOP,ASH,DD,NGVT,CBT,ECVT,MTX,KRO,SXT,AXTA,FF,KWR,OEC,CMT,FUL,PPG,AVNT,NEU,IFF,SCL,HWKN,IOSP,EMN,LIN,FSI,LYB,YMAT,WDFC,RPM,ECL,BCPC,APD,MNTK,NTIC,CNEY,SHW,WLK,AMTX,MATV,HDSN,BGLC,GEVO,BON,SNES,FEAM,LOOP"
30,Specialty Industrial Machinery,Industrials,105.27,79,72,76,68,"BW,CVV,BWEN,GRC,HLIO,GHM,SHMD,TWIN,NPO,GEV,PKOH,GNRC,LASE,CMI,LXFR,JCSE,HUHU,SXI,RRX,HURC,ROK,FLS,AMSC,IEX,TNC,WTS,GTES,SPPL,NDSN,MIDD,ETN,CR,AME,PH,DOV,EMR,FELE,ITT,KRNT,GTLS,DCI,ITW,TAYD,OFLX,CSW,MWA,WFF,NNE,KAI,JBTM,CXT,IR,ATS,EPAC,GGG,MIR,NPWR,AOS,SYM,XYL,OTIS,RR,PNR,OPTT,ZJK,CETY,SERV,SMR,PSIX,XCH,BURU,HDRN,LBGJ,INLF"
31,Airlines,Industrials,105.0,79,31,34,81,"ULCC,ALGT,VLRS,DAL,CPA,AAL,LUV,JBLU,UAL,LTM,ALK,AERO,RYAAY,RJET,SKYW,FLYX,SRFM"
32,Tools & Accessories,Industrials,104.83,78,67,81,67,"TKR,RBC,KMT,SWK,LECO,SNA,TTC,EML,HLMN,CVR"
33,Luxury Goods,Consumer Cyclical,104.82,77,67,65,86,"ELA,MOV,REAL,TPR,CPRI,SIG,LUXE,LANV,SORA,BGI,BRLT"
34,Lodging,Consumer Cyclical,104.61,76,76,78,79,"INTG,H,IHG,CVEO,MAR,HLT,CHH,WH,HTHT,ATAT,GHG"
35,Other Precious Metals & Mining,Basic Materials,103.63,76,92,89,98,"GORO,LODE,SLSR,BVN,ASM,HL,MUX,MTA,PPTA,VOXR,ITRG,TFPM,ELE,SBSW,PLG,GRML"
36,Publishing,Communication Services,103.33,75,77,83,16,"LEE,TDAY,SCHL,WLYB,WLY,EDUC,PSO,NYT,TNMG"
37,Gold,Basic Materials,103.09,74,90,95,99,"HYMC,AUGO,MAKO,SSRM,CGAU,ARIS,VGZ,THM,IAUX,IDR,IAG,SA,TRX,AU,B,NEM,AAUC,PAAS,CDE,KGC,EGO,OGC,HMY,PZG,WPM,NG,FSM,GFI,CNL,USAU,GAU,OR,DRD,FNV,AGI,DC,BTG,RGLD,AEM,EQX,ODV,GROY,GLDG,CMCL,NAMM,NFGC,AUST,ORLA,CTGO,BGL"
38,Real Estate - Diversified,Real Estate,102.97,74,86,86,85,"STRS,JOE"
39,Auto Parts,Consumer Cyclical,101.24,73,60,58,62,"HYLN,MKDW,GTX,CVGI,MOD,BWA,PLOW,PHIN,MGA,AUR,MPAA,LEA,DAN,AAP,SRI,ALSN,MLR,VC,THRM,XPEL,DCH,GNTX,QS,STRT,SMP,WPRT,ATMU,ALV,DORM,CPS,CAAS,ADNT,SYPR,MNRO,GPC,FOXF,ORLY,SLDP,PRTS,SES,APTV,AZO,INEO,HLLY,LKQ,MBLY,GT,ECX,HSAI,GTEC,INVZ,MVST,FRSX,WKSP,REE"
40,Biotechnology,Healthcare,101.15,72,81,81,96,"ERAS,QTTB,ANL,ASBP,CLYM,ABVX,ANRO,SYRE,KOD,LIXT,RLMD,SLS,ALMS,EQ,SLGL,DMRA,ORKA,ARTV,RLYB,PRAX,NBTX,TNGX,ANTX,PRLD,QURE,INBX,IPSC,EDSA,RLAY,RVMD,STRO,MBX,OVID,ABSI,GRDX,ANAB,CUE,OTLK,ARWR,TVTX,CELC,IMMX,NKTR,IRD,DNTH,MGNX,ZNTL,DRTS,DFTX,PVLA,STTK,COGT,IBRX,ELVN,GLUE,SEPN,NRXS,FBIOP,CGTX,CAPR,MRNA,FATE,TRVI,CNTA,AXSM,ACRS,MRVI,URGN,IFRX,CCCC,PALI,EWTX,DSGN,NAUT,NVCT,KRYS,ARMP,IMVT,RAPP,WHWK,GLSI,TSHA,PGEN,LXRX,OMER,IMUX,NRXP,KZIA,CYCN,SPRB,GHRS,ROIV,APGE,FTRE,LONA,TGTX,PLRZ,BCAX,RZLT,NGNE,INDP,CRVS,CADL,ADAG,ELDN,RCUS,NUVB,CGEM,LGND,REPL,TYRA,ICCC,MPLT,CYTK,LBRX,PBYI,CORT,MGTX,ABCL,JAZZ,GNTA,KYTX,HURA,MIRM,BEAM,KPTI,PTGX,ZURA,JBIO,ZVRA,CGON,XOMA,PTHS,IOVA,OKUR,SVRA,NKTX,AVBP,VOR,AVTX,BLTE,SRZN,SLDB,CBIO,ORMP,CTNM,PHVS,KYMR,DNLI,TECX,TTRX,SION,CNTN,VIR,FDMT,ALXO,NERV,NUVL,CPRX,CDXS,CAMP,APLM,ATHE,LTRN,ANNX,NRIX,IMNM,VTVT,NTLA,SABS,ACHV,RPRX,STOK,ATRA,AUPH,TENX,ARQT,OABI,ALLR,DYN,GPCR,ALLO,MNPR,ARGX,ABOS,DTIL,IBIO,EXEL,PTCT,ENTA,PYPD,IONS,XENE,IMTX,KURA,PCVX,CLDX,BOLD,MDGL,RNAC,ZYME,PLX,LEGN,BHVN,CABA,LSTA,INKT,PYXS,UNCY,IPHA,PROK,XFOR,CGEN,RIGL,SLN,SRRK,TBPH,ARDX,CHRS,ATAI,DARE,NNVC,AKTX,VCEL,PDSB,FENC,HYFT,NVAX,VYNE,CNSP,IRON,SGMT,ABEO,INCY,DRUG,AVIR,ASND,BBIO,DNA,NAMS,OSTX,SNDX,AGIO,XNCR,RYTM,PRTA,GUTS,CLLS,MNKD,CNTB,OBIO,TECH,DBVT,KRRO,TARS,EDIT,ABUS,ZBIO,VERA,EPRX,IDYA,IKT,KPRX,CRSP,HALO,EYPT,INVA,FBIO,IMRN,MRKR,HRMY,ACOG,TLX,EVMN,RARE,BIVI,VERU,XOMAO,TOVX,CING,PRQR,VRTX,VRCA,PRME,MLYS,MAZE,XOMAP,RANI,VKTX,OLMA,AURA,BMRN,VNDA,FBRX,TELO,BNTC,AUTL,XBIO,CELZ,ASMB,XLO,ONCY,CRBU,COYA,CRNX,NMRA,BLRX,GNLX,CRMD,MESO,SPRY,CTMX,GMAB,RCKT,OCUL,VYGR,TNYA,CSBR,LRMR,TARA,BNTX,DMAC,SPRO,MAIA,KLRS,ACET,LGVN,SANA,ACRV,ANIX,ALEC,MSLE,SRPT,ACAD,ONC,REGN,MNOV,SEER,ACIU,IMRX,CRBP,VANI,XBIT,MOLN,PTN,PHAT,PHAR,SILO,GANX,KYNB,MLTX,ICU,TVGN,LKFT,EVAX,PMVP,IMCR,LCTX,ARCT,PLRX,GERN,BRNS,COCP,PMCB,OKYO,IBO,LXEO,NCEL,IGC,BYSI,ESLA,RNXT,ADXN,HYPD,GYRE,RGNX,ORIC,JANX,FHTX,RADX,INMB,BBLG,MLEC,TRDA,QNTM,IMA,PMN,HUMA,BMEA,DYAI,OCGN,NEUP,ZLAB,NRSN,TLSA,HELP,ARVN,ENTX,ABVC,LYEL,HCWB,SPRC,EXOZ,MDWD,ALNY,XTLB,SMMT,MBRX,RXRX,GALT,MIST,TCRX,CBUS,KROS,IVVD,CAI,SNTI,BOLT,BRTX,ATNM,XRTX,INAB,BBOT,MGX,AGEN,GTBP,IVA,CRVO,MTNB,ADIL,VRDN,GDTC,AEON,NTHI,BCDA,PASG,PHIO,ALDX,APRE,RNTX,APM,VTGN,BCYC,INSM,CLRB,CDIO,CALC,MDXG,NCNA,BDTX,SKYE,CMMB,GRCE,NGEN,AAPG,OSRH,LEXX,GLMD,TCRT,ALT,VSTM,ANVS,ALGS,MCRB,WVE,SER,PEPG,VALN,ENLV,MBIO,SLBT,TIL,KAPA,TNXP,KTTA,CTXR,NTRB,HIND,VIVS,LNAI,FLNA,VRAX,PCSA,AARD,PLUR,INO,PSTV,LPCN,MTVA,INTS,CRDF,CANF,ALZN,CNTX,OGEN,PBM,OCS,RNAZ,LITS,AVXL,NAGE,ACTU,SXTP,QNRX,UPB,MENS,NBP,CMPX,CELU,ADMA,DCOY,EVGN,QNCX,IMMP,BGMS,DRMA,APVO,FULC,XCUR,TVRD,TRAW,ERNA,ATYR,CURX,MREO,IMNN,GOVX,REVB,VRXA,BCTX,AZTR,CVKD,ELTX,PULM,BDRX,HRTX,DWTX,LENZ,CRIS,GRI,TPST,HOWL,ENVB,JUNS,VBIO,CLGN,SCNI,ADCT,CLDI,ENGN,ACXP,PPBT,ENSC,YDES,LIMN,CVM,SNGX,NXTC,AIM,ATOS,JSPR,BCAB,PPCB,CMND,GOSS,GNPX,ELAB,KALA,ARTL,SLXN,FBLG,JAGX,CDT,ONCO,ADTX"
41,Banks - Regional,Financial Services,100.65,71,69,67,69,"BBAR,BMA,AVAL,CARE,CMTV,MSBI,MFG,FNRN,VBNK,PGC,BYFC,FGBI,BAP,CIB,BOTJ,IFS,GGAL,SUPV,FSEA,HFBL,KFFB,MBIN,BCBP,TRST,FRAF,PKBK,CHMG,FSBC,AMAL,ATLO,OBT,BLX,FRST,VLY,ALRS,FISI,RBB,UVSP,BPOP,LC,RBKB,AROW,MBBC,OBK,SHBI,OVBC,EGBN,DCOM,CFG,CNOB,PBFS,TMP,BWFG,MYFW,LSBK,CBK,BSRR,WSFS,TFSL,OPHC,FCAP,ACNB,SHG,AVBH,GCBC,PEBK,BCH,THFF,CBNA,CZWI,WSBK,KRNY,ECBK,ISTR,NBN,NEWT,EBMT,PCB,CCNE,FXNC,HAFC,CATY,SMBC,PFIS,PDLB,EFSI,CFFN,FFBC,CLBK,TFIN,MCBS,ASRV,WBS,SFST,HWBK,PLBC,SMBK,FVCB,ZION,EWBC,RRBI,CIVB,KEY,BANC,SRBK,GSBC,HBNC,BY,FBP,CTBI,BSAC,RBCAA,PBHC,FBNC,QCRH,FITB,WSBF,ABCB,MRBK,FULT,CAC,MCB,FUSB,FUNC,CPF,COLB,STEL,CBC,HOPE,TSBK,LYG,FGBIP,SRCE,FNWB,STBA,NWBI,PEBO,KB,AMTB,WABC,UMBF,PFS,WAFD,BPRN,WASH,WNEB,ASB,USB,HBT,AVBC,FLG,PNC,EBC,CWBC,HTB,NFBK,BUSE,BHB,FCBC,BKU,FMBH,OVLY,INBK,UBSI,NWG,FIBK,CFBK,FNLC,FCF,WTFC,DB,HBCP,CUBI,FBIZ,RNST,WTBA,LOB,OSBC,AUB,HWC,SFNC,MNSB,FCCO,LARK,BCAL,BWB,FNB,CBAN,FHB,MTB,HFWA,BVFL,HYNE,BOKF,FBLA,ONB,ORRF,SBFG,TCBK,CCBG,COSO,NECB,FDBC,SSBI,VABK,INDB,AFBI,BOH,RF,OFG,TRMK,MVBF,CBFV,NSTS,FDSB,MBWM,MCHB,CFR,BFST,FHN,FMAO,CPBI,EFSC,SBSI,GABC,WSBC,NWFL,CZFS,NKSH,LCNB,NBTB,BFC,CFFI,NBHC,UBCP,TCBI,ITUB,BBT,COFS,PFBC,BSVN,AUBN,CLST,ESQ,MPB,OPBK,NIC,UNTY,PRK,RVSB,MGYR,NPB,CVBF,GBCI,TFC,CBNK,MBINL,FRME,EQBK,NRIM,RMBI,IBOC,WF,CBU,UCB,FCNCA,BCML,USCB,MSBIP,JMSB,BSBK,IBCP,NEWTP,SFBS,BMRC,PROV,PB,FMNB,OZK,BHRB,SYBT,HNVR,CZNC,HIFS,FSBW,MBNKO,CNOBP,SBCF,CHCO,MNSBP,WAL,FBK,AX,MBINN,UMBFO,TOWN,HBAN,TCBX,BANR,CBSH,MBINM,VLYPN,FRBA,SSB,NBBK,EFSCP,WAFDP,BWBBP,VLYPO,WTFCN,TCBS,PNFP,FFIN,BBD,ONBPO,WSBCO,VLYPP,SPFI,HBANL,LKFN,CCNEP,ONBPP,BBDO,CASH,OCFC,FRMEP,HOMB,BUSEP,OZKAP,UNB,FCNCP,BRBS,TCBIO,FULTP,FNWD,FSUN,BANF,FCNCO,SFBC,ISBA,HBANM,IBN,HBANP,BSBR,TBBK,GBFH,ZIONP,NU,FINW,HDB,CCB,PNBK,INTR,BAFN,SHFS"
42,Solar,Technology,100.65,71,71,85,90,"ASTI,TOYO,SEDG,SHLS,SUNE,NXT,TYGO,ENPH,FSLR,RUN,CSIQ,ARRY,SPRU,FTCI,JKS,BEEM,TURB,ZEO,SPWR,SMXT,PN"
43,Oil & Gas Midstream,Energy,100.05,70,89,86,48,"TORO,NGL,INSW,FRO,NAT,PBT,TEN,CMBT,STNG,LPG,DHT,TRMD,BWLP,TRGP,TK,TNK,PXS,NVGS,SOBO,TRP,DTM,SUNC,EE,KNOP,FLNG,IMPP,PAGP,PAA,WMB,PBA,KNTK,GLNG,WES,ENB,AM,EPD,KMI,MPLX,ET,OKE,VNOM,SMC,IMPPP,SBR,CQP,HESM,LNG,MMLP,VG,GLP,DLNG,GEL,MARPS,TMDE,BANL,NFE,RBNE,TOPS"
44,Department Stores,Consumer Cyclical,99.86,69,33,62,93,"M,KSS,DDS,PLBL"
45,REIT - Industrial,Real Estate,99.45,69,73,58,43,"ILPT,NSA,MDV,PLD,PSA,LXP,IIPR,FR,COLD,EGP,LINE,TRNO,EXR,CUBE,STAG,SMA,REXR"
46,Aerospace & Defense,Industrials,99.21,68,78,82,80,"SIF,PL,SIDU,RKLB,SATL,LUNR,ATRO,MRCY,DCO,PKE,AIR,RDW,FTAI,WWD,CVU,VVX,HXL,SWBI,HWM,CW,MNTS,VSEC,ESLT,VOYG,GPUS,GE,POWW,SPCE,TATT,SPAI,RCAT,HOVR,BWXT,NPK,MOB,HEI,DRS,ISSC,DFSC,FLY,BA,GD,RGR,RTX,EMBJ,OPXS,CODA,TDG,TXT,FTAIM,LOAR,POWWP,SARO,LHX,LMT,XTIA,AIRI,CAE,HII,NOC,EVEX,CDRE,VWAV,KTOS,AVAV,ACHR,BETA,KRMN,MRLN,AXON,AIRO,FJET,PEW,EH,PRZO,EVTL,BYRN,KITT,PHGE,DFNS"
47,REIT - Healthcare Facilities,Real Estate,99.15,67,80,77,76,"DHC,NHPBP,NHPAP,SILA,HR,DOC,CHCT,WELL,VTR,STRW,CTRE,OHI,XRN,AHR,LTC,MPT,SBRA,UHT,NHI"
48,Industrial Distribution,Industrials,98.55,67,46,45,39,"XMTR,WCC,DXPE,MSM,AIT,GWW,TITN,TLIH,GIC,FERG,WSO,FAST,DSGR,REZI,DNOW,BXC,CNM,QXO,SITE,POOL,EVI,WXM"
49,Broadcasting,Communication Services,97.79,66,53,11,57,"BBGI,IHRT,SBGI,MDIA,SSP,NMAX,GTN,NXST,SGA,CURI,UONE,UONEK,XHLD,FUBO"
50,Footwear & Accessories,Consumer Cyclical,97.73,65,47,68,65,"VRA,FOSL,DBI,CROX,SHOO,RCKY,WEYS,BIRK,DECK,WWW,ONON,NKE,FWDI,FMFC"
51,REIT - Retail,Real Estate,97.61,65,65,66,44,"WHLRP,CBL,WSR,MAC,CURB,FRT,KRG,SPG,PINE,SKT,IVT,ALX,BRX,KIM,PECO,BFS,UE,GTY,NNN,REG,AKR,NTST,REGCO,O,REGCP,WHLRD,FCPT,ADC,EPRT,SITC,WHLR"
52,Diagnostics & Research,Healthcare,97.4,64,72,64,88,"TWST,QUCY,BDSX,GH,VCYT,PSNL,CDNA,PRE,ILMN,IMDX,NEO,ADPT,GRAL,NDRA,NTRA,XWEL,PRPO,BLLN,CRL,SHC,OPK,ICLR,RVTY,WAT,A,MEDP,DGX,MBAI,XGN,TMO,LH,IQV,IDXX,FLGT,MTD,DHR,QGEN,CSTL,RDNT,MYGN,BNR,ADVB,WGS,BIAF,ISPC,MDXH"
53,Marine Shipping,Industrials,96.93,63,75,80,34,"GLBS,EDRY,ECO,USEA,SHIP,HSHP,MATX,ASC,SB,SBLK,GNK,NMM,CMDB,DAC,KEX,HAFN,SFL,ZIM,PANL,ESEA,EHLD,GSL,CMRE,DSX,GASS,HMR,CTRM,SVRN,SMHI,CCEC,PSHG,NCT,VNTG,UFG,HTCO,ICON,CISS,RUBI"
54,Uranium,Energy,96.52,62,76,91,92,"UUUU,ISOU,DNN,CCJ,NXE,UEC,URG,LEU,UROY,AEC,EU"
55,Software - Infrastructure,Technology,96.21,62,52,29,17,"NUAI,BNAI,RXT,AVX,DOCN,MOVE,BRUN,BAND,BB,AGPU,CORZ,FATN,VIVO,BLZE,ATEN,PAYS,FTNT,PANW,BTQ,AEVA,TWLO,ZSQR,CRWD,NTAP,NTCT,USIO,AKAM,OKTA,RAMP,CCSI,FFIV,PAYO,RELY,NYAX,CRWV,FLYW,GRRR,TDC,PRTH,MDB,ARQQ,XYZ,SABR,CPAY,ZETA,GCT,PDYN,RBRK,TENB,NET,OSPN,ALAR,NN,KSPI,TLS,RDWR,DLO,IMXI,AIOT,VRSN,VRNS,SNPS,RZLV,ORCL,ACIW,LSAK,GEN,GGRP,CGNT,BLIN,FIVN,PGY,RPAY,S,VHC,TGHL,DBX,PAGS,QLYS,BKKT,AISP,ALLT,NTNX,WETO,SONM,AIFA,IOT,STNE,MSFT,BOX,MLGO,GTLB,EEFT,EVTC,LIDR,AI,WEX,XNET,PLTR,MQ,CLBT,PATH,SAIL,AVPT,IIIV,TUYA,PSFE,ORIO,KDK,KPLT,AIXC,PRGS,SANG,PAY,TAOP,TOST,TCX,CALX,APPN,CINT,SUPX,DOX,TAOX,CHKP,FOUR,GDDY,AUID,DTSS,NTSK,RPD,DVLT,REKR,ZS,YEXT,AMBR,OWLS,ATGL,CHOW,VERI,BLSH,INTZ,EXOD,CISO,OLB,SKYA,ZENA,DAVA,CSAI,XBP,WIX,SLMT,AIFC,LHSW,CETX,HPAI,YYAI,HUBC"
56,Coking Coal,Basic Materials,95.58,61,63,92,94,"HCC,SXC,AREC,AMR,METC,METCB"
57,"Furnishings, Fixtures & Appliances",Consumer Cyclical,95.51,60,54,38,55,"LCUT,XMAX,ATER,COOK,EFOI,FLXS,HOFT,SN,TILE,HBB,ALH,LZB,LEG,FGI,LOVE,MWYN,MHK,CRWS,BSET,KEQU,SGI,MBC,MLKN,VIRC,ETD,HNI,NTZ,WHR,VIOT,PRPL,NCL,SNBR"
58,Apparel Retail,Consumer Cyclical,95.08,60,42,63,72,"VSXY,TLYS,CTRN,DLTH,GCO,ROST,BIRD,CRI,BURL,TJX,CURV,AEO,URBN,CAL,LVLU,CATO,BOOT,SFIX,LE,JILL,ANF,ZUMZ,BKE,DXLG,GAP,AKA,SHOE,JEM,BRIA,RENT,LULU,DBGI"
59,Residential Construction,Consumer Cyclical,95.04,59,13,34,24,"LGIH,BZH,CVCO,TOL,HOV,MHO,MTH,TMHC,LEGH,GRBK,SKY,DHI,PHM,KBH,IBP,NVR,LEN,DFH,SPHL"
60,REIT - Specialty,Real Estate,94.84,58,59,55,23,"UNIT,OUT,IRM,EQIX,LAMR,DLR,EPR,LANDO,LANDP,WY,SELF,PW,RYN,GLPI,SBAC,AMT,CCI,FPI,LAND,FRMI"
61,Food Distribution,Consumer Defensive,94.79,58,61,67,45,"UNFI,CHEF,WILC,ANDE,PFGC,USFD,SYY,DIT,AVO,HFFG,MTEX,TWG"
62,Building Products & Equipment,Industrials,94.11,57,37,32,25,"AAON,ASPN,NPKI,AIRJ,CSTE,SPXC,GFF,JCI,CARR,INVE,TT,MAS,APT,APOG,TREX,OC,WMS,PPIH,UUU,CSL,LII,NX,LPX,SWIM,FBIN,LMB,AWI,JELD,ROCK,ARLO,ILAG,BLDR,JBI,AEHL"
63,Discount Stores,Consumer Defensive,94.05,56,55,72,76,"PSMT,TBBB,TGT,WMT,DLTR,COST,DG,BJ,OLLI"
64,Railroads,Industrials,93.74,55,51,42,51,"FSTR,CSX,WAB,TRN,CNI,UNP,CP,RAIL,NSC,GBX,SWVL,RVSN"
65,Resorts & Casinos,Consumer Cyclical,93.72,55,34,37,41,"VAC,PENN,MCRI,MGM,HGV,BALY,CZR,RRR,BYD,MTN,FLL,WYNN,CPHC,LVS,CNTY,MLCO,MSC"
66,Insurance - Life,Financial Services,93.69,54,56,50,62,"CNO,GL,CIA,ABX,MFC,UNM,MET,BHF,PRI,JXN,AFL,PRU,GNW,LNC,SNFCA,BHFAP,BHFAO,BHFAN,FG,PUK,BHFAM,AAME"
67,Travel Services,Consumer Cyclical,93.34,53,32,32,79,"LIND,VIK,PRSU,GBTG,NUTR,TNL,CCL,RCL,EXPE,ABNB,TRIP,NCLH,BKNG,MMYT,YTRA,TOUR,TCOM,NTRP,AHMA"
68,Capital Markets,Financial Services,93.07,53,43,18,48,"HUT,WULF,BGDE,IREN,SLNH,PURR,SLNHP,RIOT,SNEX,HIVE,MRX,CLSK,VIRT,IBKR,BMHL,GLXY,MS,OPY,GS,GOLD,GSIW,ANY,TOP,MARA,BGC,JEF,EVR,HOOD,NMR,GREE,BMNR,AXG,MC,BTBT,PIPR,ETOR,COHN,AUC,PJT,SF,PLUT,LAZ,CD,MIAX,SCHW,DOMH,SRL,MEGL,MDBH,LPLA,PWP,HLI,HGBL,XP,AURE,TW,ATCH,NCPL,FIGR,FUFU,SOS,CNCK,NCTY,BRBI,WTF,FUTU,SIEB,WAI,ARBK,MKTX,CRCL,DEFT,MATH,TIGR,GRAN,STKE,SBET,ABTC,BTCS,GEMI,BRR,STEX,LMFA,PMAX,ABTS,FLD,LGHL,NAKA,CANG,IPST"
69,Utilities - Diversified,Utilities,92.86,52,60,71,65,"AES,BIP,SRE,AVA,UTL,AQN"
70,Utilities - Regulated Electric,Utilities,92.82,51,53,70,60,"CEPU,ENIC,EIX,ETR,NWE,D,ELPC,PNW,EVRG,AEP,EDN,LNT,IDA,POR,CNP,NEE,FTS,DTE,AEE,ES,EMA,OGE,XEL,NGG,IMSR,FE,VIASP,WEC,HE,PCG,ED,EXC,SO,DUK,CMS,CIG,PPL,PEG,TXNM,SOMN,MGEE,GNE,KEP,NKLR"
71,Chemicals,Basic Materials,92.7,51,85,88,20,"GPRE,RYAM,REX,TROX,ASPI,MEOH,HUN,DOW,WLKP,LXU,ACNT,CE,ASIX,OLN,VHI,BAK,GURE,ORGN"
72,Drug Manufacturers - General,Healthcare,92.52,50,34,46,70,"OGN,SCLX,LLY,BIIB,MRK,JNJ,NVS,GSK,AMRN,AMGN,BMY,ABBV,AZN,PFE,GILD,SNY,NVO,GRFS,MIRA,NSRX,MDCX"
73,Oil & Gas Refining & Marketing,Energy,92.3,49,86,90,50,"VLO,DK,WKC,DINO,MPC,PARR,UGP,PSX,PBF,SUN,DKL,SGU,CAPL,IEP,CVI,CLNE,CSAN,DLXY"
74,Integrated Freight & Logistics,Industrials,91.89,48,45,22,9,"NCEW,PSIG,GVH,CYRX,PBI,JBHT,LSTR,FDX,RLGT,CHRW,HUBG,EXPD,UPS,ZTO,PAL,GXO,SFWL,FLX,HXHX,CRGO,ATXG,FWRD,SGLY,ELOG,LSH,BTOC,SLGB,CJMB,CIIT,JYD,CTNT"
75,Telecom Services,Communication Services,91.62,48,70,74,61,"ATEX,KORE,IRDM,GSAT,SATS,TIGO,SIFY,SKM,TEO,KVHI,LUMN,IOTR,ATNI,AMX,KYIV,AD,VOD,PCLA,CXDO,LBTYB,TV,RCI,VEON,CHT,SHEN,VZ,TDS,RDCM,TKC,VIV,IDT,BCE,LBTYA,LBTYK,LILA,TIMB,LILAK,LBRDP,KT,ELWT,PHI,TLK,TMUS,TU,T,CMCSA,OPTU,UCL,GLIBA,GLIBK,GOGO,CCOI,LBRDA,LBRDK,CHTR,IQST,CABO,FNGR,SURG"
76,Textile Manufacturing,Consumer Cyclical,91.53,47,58,1,0,"SMJF,AIN,UFI,CULP,PASW"
77,Beverages - Brewers,Consumer Defensive,91.22,46,46,59,37,"FMX,BUD,ABEV,STZ,CCU,TAP,SAM"
78,Business Equipment & Supplies,Industrials,91.02,46,24,20,1,"XRX,ACCO,ACTG,EBF,EHGO"
79,Advertising Agencies,Communication Services,91.0,45,20,7,2,"TDIC,EVC,TJGC,CCO,ADV,SWAG,STGW,STFS,FLNT,VSME,ZD,TSQ,NEXN,MGNI,EEX,EDHL,CNET,APP,BAOS,OMC,TULP,QNST,MCHX,WPP,DV,CRTO,NCMI,DLPN,TC,WIMI,SDM,ACCS,YDKG,KRKR,TTD,CDLX,DRCT,CHR,UBXG,HAO"
80,Packaging & Containers,Consumer Cyclical,90.8,44,21,39,36,"PACK,MYE,TRS,KRT,PKG,SW,AMBP,REYN,SON,GEF,BALL,AMCR,CCK,SLGN,IP,AVY,MGIH,GPK,OI,YHGJ,ORBS,DSS"
81,Farm & Heavy Construction Machinery,Industrials,90.78,44,18,40,19,"CAT,BLBD,XOS,TEX,WNC,HY,ASTE,MTW,ARTW,PCAR,DE,AEBI,OSK,FSS,AGCO,GENC,CNH,CMCO,TWI,LNN,GP,HCAI,ALG,HYFM,BNC,SCAG"
82,Asset Management,Financial Services,90.61,42,51,52,60,"MAAS,KF,TWN,AAMI,STK,AEF,EMF,BSTZ,SSSS,BTX,WT,STT,BEN,RMT,AMG,CYPH,INV,IHD,IVZ,AIO,IAE,SII,NTRS,PFG,VCTR,CEE,BST,NBXG,HFRO,CHI,CCD,CHW,BCV,FGNXP,NFJ,HQL,GEG,HASI,ASA,CHY,CGO,NCV,ECF,HQH,CAF,NCZ,TRIN,RMCO,BCAT,NXG,EDF,GLQ,ACV,DBRG,CII,MXF,EOD,GROW,ADX,JOF,IDE,SRV,FUND,GCV,AOD,BHV,GNT,CSQ,RVT,GLV,QQQX,NMAI,GGT,MXE,ECAT,TROW,UTG,FHI,ETO,THW,ETG,JHG,CNS,NIE,AVK,GLO,BUI,GGZ,EVT,GAM,EXG,BCX,NMT,AGD,GUT,TEI,NMI,GDV,WHG,RGT,TBLD,FFA,JCE,LGI,ETW,IGD,HERZ,ETV,VPV,TY,HEQ,MEGI,BPYPM,DNP,UTF,JRS,SATA,THQ,DPG,EEA,SPXX,BTO,GCMG,CSWC,BOE,NRK,VKI,BDJ,GF,SEIC,ASG,FOF,ETB,EMD,HTD,VKQ,EDD,AFB,RMM,RFMZ,BME,RLTY,VMO,CET,ASGI,PGP,MUJ,PEO,SCD,GAIN,NML,BGY,VGM,APO,RIV,NZF,NAZ,GUG,NAC,GLU,KYN,BMEZ,RFM,BN,NVG,MIY,IQI,DSM,ECCC,CLM,IIM,NEA,LIEN,DMB,VTN,RQI,MFM,NAD,CRBG,RMI,PMM,GGN,LEO,FMN,CRF,NNY,NMS,JGH,NAN,JRI,NBH,NCA,KTF,EVN,RMMZ,MYI,OXLCO,NMCO,NRO,PMO,RSF,VFL,PNI,EMO,AFCG,OXLCN,MYN,PDX,AWP,FT,SPME,IGA,HPI,CEV,HPS,MHD,MMD,EOS,MUC,EIIA,OIA,OCCIM,IGR,PCQ,HPF,NUV,NDMO,EOT,BGR,ERH,IAF,LDP,MMU,SBI,ACP,MQY,HNNA,NKX,PGZ,MPA,OCCIN,PFD,SPMA,VCV,FINS,NMZ,BWG,HIX,BLK,JFR,FDUS,RA,EVG,NPV,SOR,PDO,ETY,PSF,CCID,FCT,VGI,KIO,NBB,PHK,PDPA,GDL,WDI,EICA,JHI,SDHY,NUW,PML,PFO,EIM,JPC,ERC,MUA,VLT,TYG,FFC,BBN,EOI,STEW,BMN,OPP,FTHY,DHF,WIA,DTF,BTT,EHI,DSU,NXP,FPF,HIO,PFN,DFP,SAR,NPFD,MHF,PTA,ETJ,PDT,FLC,EQH,BTZ,RJF,MSD,GBAB,WIW,PAXS,BBDC,MMT,USA,WEA,IGI,RFI,GAB,ARDC,FMY,DSL,KBDC,TDF,SPE,BANX,JQC,FTF,PCN,JHS,NPCT,PIM,ETX,GRX,MCR,CIF,DMO,NIM,GHY,DBL,GSBD,FAX,PPT,DLY,HYT,SABA,BGB,BHK,BSL,VBF,BIT,BENF,PCF,EAD,GDO,RNP,OCSL,PAI,JLS,MSDL,AWF,PFL,MCN,BGH,AMP,BGT,JMM,MGLD,HYI,BKT,NTRSO,EVV,HTGC,PFX,EFR,BGX,BCSF,MIN,FRA,MGF,EVF,PDI,BRW,RCG,GRF,DXYZ,EFT,PCM,AB,ISD,GBDC,BAM,TSI,EARN,PTY,VINP,BLW,PSBD,MPV,VVR,ARCC,IIF,EIC,TPVG,VRTS,ARES,CGBD,CIK,HGLB,GOF,APAM,IFN,NHS,GLAD,BXSL,BPRE,BX,SPMC,DMA,DHY,PSEC,NOAH,MFIC,OBDC,CPZ,WHF,RPC,MCI,NCDL,XFLT,RCS,OFS,MAIN,PFLT,AMTD,KWY,MSIF,PAX,FSCO,GECC,NMFC,TPG,KKR,SLRC,CG,CION,HRZN,STEP,CCAP,TSLX,FSK,ASST,PDCC,ECC,OTF,OXSQ,RAND,BCIC,TGE,SCM,OXLC,TWAV,OWL,SAMG,TCPC,ALTI,CCIF,EQS,BCG,RWAY,HLNE,OCCI,PNNT,CFND,SDEV,ICMB,MLCI,BUR,DFDV,HSDT,FGNX,BNKK,CWD,ALP,ZSTK,BNBX,OIO,AVAT"
83,Gambling,Consumer Cyclical,90.61,42,49,27,12,"ROLR,RSI,CDRO,SGHC,ACEL,INSE,CHDN,DKNG,BRSL,SEGG,BRAG,FLUT,GAMB"
84,Specialty Business Services,Industrials,90.52,41,62,51,88,"TH,BUUU,SPIR,RHLD,BKSY,AZZ,ARMK,CMPR,KODK,TRNS,UNF,QUAD,FA,ULS,CASS,PC,RBA,NTIP,ABM,RTO,TISI,BV,DLHC,SST,SGRP,WFCF,CRE,CTAS,GPN,TIC,AMTM,SFHG,DLB,RELX,CBZ,CPRT,MMS,LZ,PMEC,TRI,LICN,YSXT,ANPA,SMX,THH"
85,Utilities - Regulated Gas,Utilities,90.3,41,65,73,69,"CTRI,MDU,BKH,NJR,RGCO,NI,SWX,NWN,ATO,OGS,CPK,BIPC,UGI,SR,SPH,OPAL"
86,REIT - Office,Real Estate,90.29,40,27,6,7,"HPP,ONL,PSTL,HIW,PDM,VNO,CUZ,CDP,KRC,SLG,NLOP,DEA,BXP,DEI,BDN,OGCP,ARE,ESBA,FISK,FSP,CMCT"
87,Beverages - Non-Alcoholic,Consumer Defensive,90.27,39,41,53,41,"COCO,MNST,COKE,PRMB,KOF,KO,KDP,CCEP,PEP,FIZZ,ZVIA,CELH,BRFH,REED"
88,Building Materials,Basic Materials,90.26,39,17,35,56,"CPAC,CX,TTAM,JHX,LOMA,EXP,VMC,KNF,CRH,AMRZ,MLM,SMID,USLM,TGLS,RETO,CAPS"
89,Oil & Gas Integrated,Energy,90.23,38,84,87,37,"EC,YPF,CVE,E,PBR,TTE,SU,IMO,TGS,EQNR,BP,XOM,CVX,SHEL,SLNG,DEC,NFG,SKYQ,VIVK"
90,Credit Services,Financial Services,90.11,37,48,21,47,"SEZL,LPRO,ATLC,TROO,EZPW,ECPG,ENVA,BFH,FCFS,AFRM,CACC,WRLD,PMTS,ALLY,AGM,CPSS,JF,RM,GDOT,SNTG,SYF,ATLCP,OMF,AXP,MFIN,HTT,SLMBP,NNI,V,COF,FOA,SLM,OPRT,SOFI,JCAP,MA,KLAR,PRAA,WU,OPFI,UPST,QFIN,NAVI,FINV,PYPL,SUIG,XYF,ANTA,LX,VRM,JFIN,LU,DXF,YRD"
91,Insurance - Reinsurance,Financial Services,89.82,37,58,55,32,"HG,SPNT,RNR,GLRE,RGA,EG,KG,OXBR"
92,Specialty Retail,Consumer Cyclical,88.97,36,12,25,15,"LESL,ARKO,OLPX,CASY,ABLV,BWMX,HZO,MUSA,WSM,DKS,BNED,GRWG,BBY,CHPT,FIVE,SVV,SBH,TLF,ONEW,ASO,NAAS,FLWS,BBWI,WINA,RH,GME,WOOF,ARHS,ULTA,PTLE,SPWH,HTLM,TKLF,JBDI,EVGO,BARK,RECT,MNSO,BBW,EYE,BQ,TSCO,ZOOZ,NPT,CGTL,NVVE"
93,Staffing & Employment Services,Industrials,88.94,35,19,30,0,"KFRC,KELYB,TBI,HQI,MHH,KELYA,RHI,MAN,BGSF,KFY,NSP,NIXX,BBSI,JOB,TNET,GLXG,IPDN,ATLN"
94,Entertainment,Communication Services,88.92,34,35,33,32,"SPHR,STRZ,AMC,ANGH,MSGE,MSGS,MCS,ROKU,MANU,TOON,WBD,SIRI,IMAX,AMCX,CNK,RSVR,BATRK,BATRA,LYV,CNVS,LLYVK,LLYVA,WMG,TKO,RDI,FWONA,FWONK,AENT,NWS,DIS,NWSA,VSNT,RDIB,FOXA,FOX,PSKY,HUYA,NFLX,LFS,PLAY,ANGX,IQ,GAIA,FTRK,MPU,NIPG,CPOP,KWM,KUST,ZNB"
95,Drug Manufacturers - Specialty & Generic,Healthcare,88.44,34,36,49,95,"LQDA,BIOA,AKAN,IRWD,ETON,TRLV,CPIX,INDV,ALKS,AMLX,AMRX,LNTH,ESPR,KNSA,VTRS,TLPH,TKNO,TEVA,CABR,ANIK,TXMD,BFRI,UTHR,ELAN,INM,NBIX,XERS,HROW,CRON,AQST,EOLS,HIMS,GELS,BCRX,ANIP,CRDL,SUPN,KMDA,LFCR,TAK,EBS,AYTU,UPC,RDY,COLL,PCRX,HLN,DERM,EVO,INCR,YCBD,CPHI,PAHC,AMPH,BHC,SIGA,CGC,PRGO,ALVO,ORGO,PBH,ACB,TLRY,HCM,CTOR,RDHL,IXHL,BTAI,SXTC,RMTI,OGI,ZTS,SCYX,AKBA,ZYBT,RGC,PRFX,SNOA,BGM,SHPH,SBFM,IMCC,APUS"
96,Shell Companies,Financial Services,88.33,33,50,57,54,"AFJKU,AFJK,BSAAU,BSAA,SPKLU,RIBBU,BKHAU,BCARU,TDACU,FACTU,SPKL,RAAQU,FGMCU,LOKV,ASPCU,AXINU,BKHA,SVACU,EURKU,OYSEU,BACCU,SVAQU,ATII,KVACU,QETAU,ALISU,CAPNU,BCAR,BAYAU,ANSCU,COLAU,EURK,DTSQU,DTSQ,UYSC,SIMAU,MACIU,TACOU,BAYA,TLNCU,ATIIU,TACHU,LOKVU,KVAC,QETA,CAPN,RIBB,FVN,CCAQU,UYSCU,SPEGU,CHAR,DYNC,YHNAU,NOEMU,BACC,EGHAU,SCPQU,APACU,COLA,TDAC,RFAIU,LCCCU,SIMA,VACI,QSEAU,AXIN,LATAU,ANSC,QSEA,FGMC,FSHP,YHNA,PGACU,PGAC,RFAI,MKLYU,ADACU,CHPGU,KCHV,NMP,LCCC,HCACU,DMAA,MKLY,AEXA,PLMK,CHECU,AACB,CCAQ,NMPAU,COPL,PMTRU,RANG,LPAA,WTG,CUB,IRHOU,KFII,OBAWU,SOCA,AIIA,FSHPU,JACS,TVA,GTERA,HVII,SPEG,ASPC,FVNNU,SZZL,CHPG,EGHA,ORIQ,HCMAU,NTWO,SOUL,POLE,SSEA,INAC,QUMS,TVAI,LKSPU,IPEX,OBA,MMTX,OYSE,BLUWU,GSHRU,YCY,ALDF,ITHAU,TVAIU,TACH,HAVAU,TAVI,HCMA,HVIIU,KOYNU,LKSP,SVCC,ALIS,OTGAU,SDHI,DMII,TLNC,PMTR,SBXD,CCIX,CEPT,CRANU,APXTU,FIGX,GSHR,SDHIU,CRAQ,FERA,EVAC,GSRFU,FERAU,IBAC,GPAT,LAFA,LPBB,GRAF,INACU,CHARU,CRAC,IPCX,VNME,SOCAU,XRPN,LWACU,PACH,GTERU,HAVA,BLUW,KRSP,MESHU,SVCCU,CEPF,QUMSU,CHEC,APAC,JENA,KOYN,EMIS,RAAQ,TAVIU,IGACU,NOEM,TDWD,VNMEU,ORIQU,PAII,PACHU,BLZRU,CCXIU,BEAGU,CCIIU,HVMC,SSEAU,RAC,MACI,APXT,LWAC,FIGXU,MBVIU,GIW,GIWWU,TACO,KBONU,OTGA,ALF,GTEN,BCSS,BEAG,IGAC,IPCXU,AEAQU,BIXI,AACBU,GPATU,SVAC,DRDB,HVMCU,CCII,DMIIU,DYOR,GSRF,GTENU,DMAAU,BIXIU,XRPNU,CRACU,WENN,LPCVU,CUBWU,NPAC,EVOX,ALDFU,SZZLU,DNMX,IPEXU,LAFAU,GPACU,RNGT,TVACU,VHCPU,RNGTU,CEPV,SCIIU,PLMKU,LPAAU,LPBBU,OACCU,DSACU,MBVI,TWLVU,DAAQ,BDCIU,LATA,FCRS,LFACU,BLRKU,KCHVU,BLZR,MMTXU,NPACU,TDWDU,RDAG,EVOXU,NTWOU,DNMXU,ONCH,ALFUU,KFIIU,PCAP,DRDBU,OACC,PCSC,DYORU,CCIXU,ONCHU,BDCI,WENNU,DAAQU,RANGU,RDAGU,WTGUU,MCGAU,MCGA,POLEU,MBAVU,DYNCU,CEPO,MBAV,PCAPU,RTAC,CRAQU,RTACU,RDACU,RDAC,XXI"
97,Insurance - Diversified,Financial Services,88.31,32,48,48,64,"SLF,PLGO,AEG,IGIC,BNT,ACGL,ACGLN,HIG,ACGLO,AIG,WDH,XZO"
98,Insurance - Property & Casualty,Financial Services,88.28,32,44,40,63,"UFCS,DGICB,PRCH,UVE,MCY,AIZ,NODK,SIGI,THG,HMN,KINS,CINF,ALL,TRV,SKWD,CB,L,AFG,STC,BOW,ORI,WTM,PRA,ASIC,CNA,LMND,HCI,SIGIP,WRB,HGTY,ACIC,SAFT,SLDE,DGICA,MKL,PGR,AII,HRTG,HIPO,PLMR,RLI,GBLI,PRHI,KNSL,ROOT,TRUP,KMPR"
99,Pollution & Treatment Controls,Industrials,87.75,31,20,11,29,"CECO,ZONE,CLWT,ADUR,ZWS,PCT,PCTTU,FTEK,TOMZ,ARQ,BCHT,VLTO,CLIR,ERII,SCWO,RAIN,LIQT,DEVS"
100,REIT - Mortgage,Real Estate,87.48,30,44,41,51,"ADAM,TWO,NREF,IVR,ARR,EFC,NLY,ADAMN,AGNC,DX,ARI,ADAML,TRTX,MITT,ADAMM,MFA,CIM,BRSP,AGNCM,AGNCP,ADAMZ,AGNCN,ORC,AGNCO,AGNCZ,AOMR,AGNCL,ACRE,LADR,BXMT,CMTG,RPT,RWT,KREF,LOAN,STWD,REFI,RITM,CHMI,SUNS,SACH,PMT,SEVN,FBRT,ACR,RC,GPMT,LFT,ABR"
101,Utilities - Regulated Water,Utilities,86.99,30,37,60,59,"CDZIP,HTO,SBS,AWR,ARTNA,PCYO,CWT,MSEX,CDZI,WTRG,YORW,CWCO,AWK,GWRS"
102,Real Estate Services,Real Estate,86.92,29,15,26,44,"OPAD,OPEN,RFL,RMR,RMAX,COMP,IRS,SEG,IHS,STHO,MAYS,BPYPP,EUDA,BPYPO,CHCI,BPYPN,MLP,MMI,FTHM,FRPH,JLL,ARL,NMRK,CWK,MDRR,TCI,CBRE,ASPS,NEN,BEKE,FSV,HBNB,SRG,NYC,DOUG,CIGI,GBR,GYRO,AGNT,REAX,DUO,OMH,CSGP,ALBT,UK,LHAI,AIRE,LRHC"
103,Restaurants,Consumer Cyclical,86.4,28,27,23,8,"NDLS,HCHL,RRGB,BJRI,BDL,CBRL,CAKE,LOCO,PETZ,SG,CAVA,DIN,RAVE,BROS,BLMN,ARCO,SBUX,EAT,RICK,BH,QSR,DRI,TXRH,YUM,NATH,GTIM,CNNE,PZZA,MCD,YUMC,GENK,JACK,STKS,CMG,MB,CHA,ARKR,WEN,FWRG,BTBD,KRUS,REBN,DPZ,HDL,THCH,PTLO,WING,SHAK,VENU,CCHH,VSTD,BRCB,CHSN"
104,Leisure,Consumer Cyclical,86.34,27,29,46,31,"PUSA,CALY,FNKO,YETI,LTH,FUN,GOLF,OSW,ESCA,PRKS,JAKK,JOUT,AOUT,PTON,HAS,AS,CLAR,HWH,XPOF,LUCK,PLBY,MAT,KBSX,MMA,TRON,NWTG,NOMA,PLNT,KMRK,GDHG,HERE,DOGZ,TRUG"
105,Information Technology Services,Technology,85.78,27,32,10,46,"CHRN,KEEL,PENG,QXL,CIFR,WYY,APLD,WYFI,INOD,SAIH,INGM,UIS,TSSI,VNET,SAIC,CLPS,IBM,IBEX,WIT,FORTY,CDW,JFU,CTM,BBAI,III,GDS,ARBB,PSN,CACI,VYX,CSPI,DTST,CNDT,GLE,JKHY,GDYN,TTGT,GIB,EXLS,INFY,G,BR,PONY,FIS,DXC,LDOS,CNXC,CLVT,TTEC,CTSH,HCKT,TASK,IT,KD,AIOS,ACN,GLOB,EPAM,NABL,VEEA,EFOR,SLAI,CYCU,TDTH,VRRM,DAIC,JZ,GMM,LZMH,HKIT"
106,Thermal Coal,Energy,85.67,26,57,94,84,"NC,BTU,ARLP,CNR,NRP"
107,REIT - Residential,Real Estate,85.65,25,39,31,30,"ESS,CPT,INVH,EQR,UDR,AMH,BRT,UMH,MAA,MRP,AVB,ELS,NXRT,IRT,AIV,CSR,SUI,CLPR,ELME,BHM"
108,Electronic Gaming & Multimedia,Communication Services,84.66,25,41,9,13,"SKLZ,TBH,DDI,MRDN,MSGM,EA,CTW,GRVY,TTWO,PLTK,GAME,NTES,GXAI,GIGM,SOHU,SNAL,GDEV,MYPS,GMHS,RBLX,GCL,GDC"
109,REIT - Diversified,Real Estate,83.82,24,39,30,16,"FVR,AAT,CTO,NXDT,BNL,GNL,WPC,OLP,SAFE,AHRT,GOODN,GOOD,VICI,ESRT,JBGS,SQFT,SQFTP,MKZR,GIPR"
110,Oil & Gas E&P,Energy,83.57,23,82,93,18,"WTI,KOS,TBN,OBE,BTE,VIST,GTE,GPRK,EGY,APA,TALO,PR,NRT,OVV,KRP,FANG,CHRD,REPX,MUR,CKX,FTW,WDS,CNQ,DVN,HPK,EOG,SM,CRGY,OXY,REI,BSM,COP,CRT,SD,CRC,VET,MGY,DMLP,MNR,TXO,GFR,MTDR,PVL,PNRG,VOC,TPL,BKV,KGEI,EPSN,RRC,GRNT,CNX,BSIN,EPM,EQT,AR,EONR,AMPY,BRN,PED,GPOR,EXE,EP,INR,VTS,NOG,MXC,INDO,PRT,MVO,MTR,CRK,ANNA,BATL,SJT,PROP,TPET"
111,Insurance - Specialty,Financial Services,83.52,23,28,28,53,"ITIC,FAF,EIG,ACT,MBI,RDN,AXS,MTG,ESNT,NMIH,FNF,TIPT,AGO,OSG,AMSF,RYAN,JRVR"
112,Health Information Services,Healthcare,83.0,22,23,6,27,"TXG,BTSG,BTSGU,HNGE,TALK,AMWL,TBRG,SOPH,SLP,TDOC,HTFL,CTEV,OMCL,OMDA,EVH,NRC,LFMDP,HSTM,PRVA,SDGR,LFMD,GDRX,HQY,HCAT,MGRX,TEM,BFRG,WEAV,CARL,SPOK,ONMD,DRIO,VEEV,CCLD,CERT,ACON,SY,WAY,PHR,DOCS,OPRX,BEAT,DH,MNDR,HCTI,VSEE,ZCMD"
113,Medical Instruments & Supplies,Healthcare,81.61,21,23,19,46,"AVR,PDEX,OSUR,STAA,PLSE,WST,POCI,BLFS,NVST,ALGN,UTMD,ANGO,TFX,HBIO,WRBY,ICUI,RGEN,SOLV,MLSS,LMAT,BLCO,BAX,BDX,KMTS,CUPR,AVTR,SMTI,KRMD,ATR,RGNT,STVN,COO,AZTA,DXR,RVP,NEPH,STXS,ATRC,MDLN,MMSI,XRAY,ALC,ISRG,RMD,NNNN,MBOT,BNGO,ZJYL,LUCY,ZTEK,NXGL,NYXH,FEMY,EMBC,GCTK"
114,Medical Distribution,Healthcare,81.39,20,30,79,78,"FOCL,EMPG,CAH,HSIC,ACH,MCK,COR,YI,AHG,COSM,HKPD,SNYR"
115,Home Improvement Retail,Consumer Cyclical,81.31,20,4,37,49,"HVT,HD,LOW,FND,LIVE"
116,Internet Content & Information,Communication Services,80.53,19,40,18,52,"NBIS,PODC,SOGP,TRVG,BZFD,GOOGL,GOOG,TZOO,TEAD,TBLA,NXDR,BODI,OPRA,JOYY,RUM,PPLI,LVO,WBTN,MTCH,STUB,DIBS,RDDT,IZEA,BIDU,LCFY,EVER,GRPN,CARS,GITS,ZDGE,ZIP,MNY,MAX,ZH,SJ,META,PERI,GIFT,SEAT,GENI,MOMO,ATHM,SPOT,PINS,WB,BZ,YELP,DOYU,FENG,SNAP,NRDS,SSTK,DJT,BILI,BMBL,FVRR,TME,GIBO,ZG,UPWK,CMCM,Z,GETY,UPXI,ANGI,CCG,CHAI,SLE,NAMI,ONFO,AREN,WSHP"
117,Security & Protection Services,Industrials,79.82,18,26,36,30,"MG,GEO,CXW,SPCB,CIX,BRC,NL,BAER,MSA,NSSC,BCO,EVLV,ADT,ALLE,IVDA,VRME,SNT,GFAI,KSCP,YOOV,SUGP"
118,Consulting Services,Industrials,79.73,18,38,39,53,"ROMA,AERT,EFTY,EGG,VCIG,LAWR,RGP,RYOJ,FORR,GRNQ,FCN,ICFI,CRAI,VRSK,BAH,SBC,ACCL,EFX,ZTG,HURN,INTJ,FOFO,DGNX"
119,Household & Personal Products,Consumer Defensive,79.25,17,6,9,2,"SPB,HELE,NWL,HNST,EPC,PTNM,MAGN,ACU,CL,UG,CHD,WALD,IPAR,KVUE,PG,EL,KMB,GROV,UL,CLX,SLSN,RAY,DSY,ELF,COTY,YSG,NUS,BYAH,ODD,SKIN,TANH"
120,Grocery Stores,Consumer Defensive,78.46,16,25,25,11,"IMKTA,WMK,GO,VLGEA,DNUT,NGVC,DDL,KR,SFM,ACI,MSS"
121,Medical Devices,Healthcare,78.22,16,14,16,33,"BFLY,AXGN,NSYS,AVNS,TMCI,BWAY,CERS,CLPT,ESTA,ELMD,BRKR,IART,BRKRP,ECOR,APYX,HYPR,TCMD,VMD,NEOG,BJDX,MYO,LIVN,MASS,GKOS,NPCE,SGHT,PROF,HAE,CV,UFPT,IRMD,BVS,ELUT,DCTH,GMED,INFU,NVCR,EW,PHG,PEN,MDAI,SIBN,MXCT,BIO,KIDS,CBLL,DXCM,VREX,AHCO,ITGR,PACB,OM,IRIX,ZBH,INMD,SNN,RCEL,INGN,CTKB,SENS,LUCD,LFWD,MDT,BBNX,QSI,SYK,STE,TLSI,CATX,GEHC,ENOV,TRIB,CNMD,SERA,TNDM,OFIX,ABT,TELA,IRTC,CODX,OWLT,SRTS,LUNG,NMTC,LAB,BMRA,COCH,SINT,XTNT,LNSR,SSII,HSCS,TMDX,CVRX,STIM,ITOC,ATEC,PRCT,QTRX,QDEL,LMRI,RPID,NXL,NVNO,AORT,CTSO,AMIX,MODD,INSP,ADGM,AEMD,PODD,BSX,RXST,NNOX,ARAY,BDMD,PAVM,VTAK,QTI,INBS,TNON,NSPR,SNWV,XAIR,FEED,VVOS,VNRX,IVF,ICCM,PFSA,POAS,PMI,NUWE,WOK"
122,Packaged Foods,Consumer Defensive,77.48,15,11,13,4,"WEST,WYHG,BOF,LSF,MAMA,SENEB,SENEA,DAR,CENT,CENTA,LWAY,BRCC,JBSS,SJM,MICC,SFD,CLNN,HLF,NATR,HRL,KHC,LFVN,COOT,LW,BGS,NAII,FAMI,JBS,USNA,FRPT,POST,NOMD,BRID,JJSF,INGR,ATPC,CPB,UCFI,CAG,GIS,JVA,MKC,FTLF,FLO,UTZ,OTLY,PPC,HCWC,MZTI,HAIN,SMPL,BYND,BRLS,BHST,SRXH,ORIS,STKH,BRBR,DDC,RKDA,NCRA,PAVS"
123,Farm Products,Consumer Defensive,77.25,14,30,51,42,"PFAI,ADM,BG,ALCO,AFRI,CHSCN,CHSCM,CHSCL,CHSCO,CHSCP,TSN,DOLE,AQB,AGRO,LMNR,LND,CALM,VFF,LOCL,FDP,VITL,AGRZ,SDOT,EDBL"
124,Airports & Air Services,Industrials,76.62,13,3,23,58,"CAAP,OMAB,PAC,ASR,ASLE,JOBY,UP,SOAR"
125,Real Estate - Development,Real Estate,76.6,13,10,56,38,"FOR,VTMX,CCS,JFB,AXR,SKYH,LPA,HHH,FPH,SDHC,LRE,OZ,AEI,RENX,MRNO"
126,Lumber & Wood Production,Basic Materials,76.36,12,7,17,11,"SSD,WFG,BCC,UFPI,JCTC,NWGL"
127,Agricultural Inputs,Basic Materials,76.05,11,25,47,9,"UAN,SMG,CTVA,CF,IPI,NTR,ICL,SEED,MOS,AVD,FMC,BIOX,NXTS"
128,Software - Application,Technology,74.98,11,16,4,14,"CURR,PDFS,SVCO,APPS,ADEA,PDC,MTC,FROG,BTDR,NAVN,DUOT,DDOG,RYDE,PTRN,DHX,PLTS,FSLY,MITK,DAVE,RDZN,YOU,OOMA,DBD,XPER,DMRC,PUBM,MTLS,CREX,CRNC,CDNS,RTB,EXFY,SCOR,RDVT,NTWK,SNOW,NATL,RMNI,DJCO,SMWB,CVLT,API,IBTA,CWAN,MYSE,RSKD,RNG,PLUS,IFBD,U,ZM,HKD,ORKT,IMMR,FRMM,DSP,KARO,IDCC,NXPL,UPBD,ASUR,STRC,BULL,AGYS,IPM,DT,PERF,EGHT,STRF,EGAN,TONX,RBBN,KLTR,SSTI,LSPD,GRND,LIF,AWRE,PHUN,LYFT,PAYX,UBER,ADP,ALRM,VS,ESTC,STRD,BZAI,AZ,SHOP,VTEX,PD,FRSH,WRD,SSNC,RSSS,BLIV,BRZE,EVCM,HIT,BMR,GRAB,SOUN,NRDY,TRAK,MANH,MNDO,WLTH,MRT,DSGX,DUOL,DFIN,SMRT,YALA,FICO,PAYC,KC,SMSI,CHYM,ROP,YMM,ATHR,AEYE,OTEX,DCBO,YB,CMRC,STRK,AIFF,APPF,TEAM,TTAN,PCTY,THRY,SPT,GLOO,CXM,BILL,IDN,SAP,DOCU,NCNO,CXAI,ASAN,AMPL,LAW,RMSG,ADSK,ALKT,VTSI,BLND,BSY,PTC,WK,MNTN,CRM,INLX,QTWO,TGL,RCT,NOW,SRAD,SPSC,NICE,WDAY,VIA,TYL,PAR,LGCL,ADBE,INTA,PCOR,MFI,MNDY,VERX,PEGA,IDAI,MSTR,CCC,MASK,MYSZ,GWRE,BL,YXT,ILLR,UPLD,KVYO,AMST,FIG,YAAS,BLKB,HUBS,JG,HTCR,LPSN,FUSE,INTU,INUV,NVNI,ALIT,PSQH,SAGT,CYN,FRGT,DOMO,GTM,AMZE,NXTT,FTFT,NTCL,KNRX,WCT,AUUD,JTAI,BIYA,BNZI,YMT,RPGL"
129,Auto & Truck Dealerships,Consumer Cyclical,74.64,10,2,4,10,"RDNW,OPLN,RUSHB,RUSHA,SAH,PAG,KMX,VVV,LAD,CVNA,AN,DRVN,ACVA,ABG,CARG,CWH,GPI,NXB,JZXN,BGSI,UXIN,KXIN,SDA,UCAR,AZI,CRMT"
130,Education & Training Services,Consumer Defensive,74.62,9,8,8,3,"LINC,FC,CHGG,APEI,DAO,UTI,LAUR,SKIL,KLC,GHC,EEIQ,CVSA,WAFU,AACG,LGCY,PRDO,PXED,EDTK,FEDU,AFYA,STRA,JDZG,AMBO,LRN,EDU,RYET,TAL,LOPE,YQ,MYND,GSUN,COUR,IH,MH,GOTU,COE,STG,GNS,LXEH,VSA,YOUL,GV,KIDZ,FCHL"
131,Internet Retail,Consumer Cyclical,73.87,9,11,24,74,"LITB,LQDT,ETSY,EBAY,W,TDUP,JWEL,AMZN,HOUR,JMIA,CART,BZUN,HEPS,GLBE,RERE,JD,RVLV,YJ,DASH,ZKH,VIPS,MELI,MOGU,SE,BABA,CPNG,PDD,NEGG,CHWY,NHTC,WBUY,OCG,UZX,WNW,IPW,NEXR"
132,Waste Management,Industrials,72.84,8,9,44,28,"NVRI,ENGS,ABAT,CLH,PESI,CWST,WM,AWX,QRHC,RSG,WCN,GFL,ONT,AQMS,GWAV,YDDL,DXST,LNZA,CDTG"
133,Paper & Paper Products,Basic Materials,72.59,7,1,2,6,"CLW,ITP,SLVM,SUZ,MERC"
134,Mortgage Finance,Financial Services,72.42,6,4,14,58,"BETR,IOR,VEL,WD,RKT,ONIT,PAPL,PFSI,GHI,BLNE,CNF,LDI,UWMC"
135,Financial Data & Stock Exchanges,Financial Services,71.57,6,22,20,27,"MKTW,MSCI,CBOE,MCO,NDAQ,VALU,CME,SPGI,FDS,ICE,TRU,MORN,COIN,DTCX,BTOG"
136,Auto Manufacturers,Consumer Cyclical,71.49,5,13,5,6,"CYD,LOBO,F,GM,RIVN,PSNY,TSLA,FABC,NIO,EVTV,GGR,RACE,VFS,HMC,TM,LOT,EMPD,STLA,XPEV,LI,AIIO,NIU,FLYE,WKHS,FFAI,SSM,PSNYW,DCX,LVWR,LCID,CENN"
137,Tobacco,Consumer Defensive,71.46,4,16,13,21,"RYM,MO,BTI,PM,UVV,TPB,ISPR,RLX,AIIR,GNLN,XXII"
138,Confectioners,Consumer Defensive,71.12,4,18,72,18,"MDLZ,TR,HSY,RMCF,SOWG"
139,Beverages - Wineries & Distilleries,Consumer Defensive,69.68,3,5,3,4,"AGCC,DEO,SNDL,YHC,WVVI,WVVIP,MGPI,EPSM,IBG,SBEV"
140,Recreational Vehicles,Consumer Cyclical,68.29,2,0,15,39,"PII,BC,HOG,MCFT,DOO,MBUU,LCII,WGO,PATK,THO,KNDI,MAMO,VEEE,VMAR,EZGO"
141,Insurance Brokers,Financial Services,67.84,2,6,0,5,"NP,SLQT,AON,TWFG,XHG,MRSH,CRVL,AJG,WTW,ARX,ERIE,BWIN,BRO,EHTH,ZBAO,GSHD,HUIZ,EZRA"
142,Consumer Electronics,Technology,65.34,1,9,16,67,"VUZI,AAPL,LPL,SONO,TBCH,AXIL,UEIC,KOSS,FEBO,GPRO,SONY,MSN,FOXX,ZEPP,RIME,BOXL,WLDS,WTO,GMEX"
143,Personal Services,Consumer Cyclical,64.93,0,2,2,13,"ANDG,FTDR,RGS,SCI,MED,CSV,HRB,ROL,MRM,BFAM,CLIK,EJH,TRNR,YYGH"
144,Pharmaceutical Retailers,Healthcare,36.31,0,0,0,22,"HITI,SCNX,PETS,WGRX,POM,RDGT"
>>>>>>> upstream/main
=======
1,Semiconductor Equipment & Materials,Technology,192.48,99,99,97,90,"AEHR,ICHR,UCTT,TRT,ACMR,KLIC,FORM,VECO,COHU,AMKR,TER,ASYS,LRCX,AMAT,ONTO,KLAC,ACLS,ATOM,INTT,ENTG,ASML,Q,NVMI,CAMT,IPGP,PLAB,AMBA,DQ,SMTK"
2,Semiconductors,Technology,176.83,99,99,83,82,"MXL,MU,INTC,VSH,SIMO,MRVL,TSEM,AIP,UMC,ALAB,AMD,QUIK,ASX,MRAM,ARM,NVTS,AMBQ,SMTC,WOLF,IMOS,STM,CRDO,SITM,SKYT,MTSI,CEVA,GFS,ON,GCTS,POET,HIMX,LSCC,AOSL,DIOD,LASR,SYNA,ALGM,POWI,MX,TXN,IPWR,TSM,MPWR,ALMU,ADI,RMBS,GSIT,NVEC,NXPI,MCHP,VLN,QCOM,SLAB,MCHPP,CRUS,AVGO,QRVO,NVDA,SWKS,WKEY,INDI,LEDS,PI,LAES,PXLW,PRSO,SQNS,ICG,NA,MOBX"
3,Financial Conglomerates,Financial Services,154.81,98,97,98,70,"RILYP,RILYL,RILY,IX,VOYA,HTH,FRHC,TREE"
4,Aluminum,Basic Materials,145.66,97,98,97,95,"KALU,CSTM,CENX,AA"
5,Communication Equipment,Technology,142.16,97,97,99,92,"AAOI,LITE,OCC,VIAV,WATT,AMPG,CIEN,SILC,VSAT,NOK,HPE,FEIM,VISN,ONDS,EXTR,CSCO,DGII,HLIT,TSAT,ADTN,AIRG,LTRX,ERIC,CLFD,CRNT,FIEE,ASTS,BKTI,GILT,AUDC,BDC,SYNX,INSG,ZBRA,UI,UTSI,MSI,BOSC,NTGR,AVNW,MITQ,CMTL,FKWL,CLRO"
6,Electronic Components,Technology,141.31,96,95,86,88,"OPTX,VICR,WBX,TTMI,FLEX,GLW,LPTH,SANM,BHE,MEI,OUST,KOPN,ALNT,BELFB,BELFA,ROG,KN,PLXS,MPTI,RELL,LFUS,CPSH,JBL,RAL,CLS,CTS,DAIO,FN,APH,LYTS,DSWL,KULR,LINK,DAKT,ELTK,TEL,WETH,OSIS,OST,OLED,IMTE,MTEK,HOLO,REFR,NEON,GAUZ,MSAI"
7,Healthcare Plans,Healthcare,131.34,95,88,11,34,"CLOV,OSCR,CNC,HUM,CVS,UNH,PGNY,ALHC,ELV,MOH,CI"
8,Computer Hardware,Technology,131.05,95,94,55,62,"WDC,STX,ALOT,DELL,VELO,OSS,QTEX,QMCO,UMAC,DDD,IONQ,QBTS,KTCC,ANET,TACT,CRSR,RGTI,SMCI,HPQ,P,LOGI,DPRO,QUBT,SSYS,CRCT,NNDM,MCRP,QCLS,YIBO,EBON,UAVS,BTCT,AGMH,CAN,BGIN,SCKT,AMCI"
9,Trucking,Industrials,124.41,94,90,65,23,"ARCB,CVLG,RXO,HTLD,KNX,TFII,WERN,SNDR,MRTN,SAIA,PAMT,XPO,ODFL,TOPP,ETS,ULH"
10,Copper,Basic Materials,120.91,93,93,90,96,"HBM,TGB,SCCO,ERO,FCX,IE"
11,Silver,Basic Materials,120.83,93,95,96,99,"NEWP,SVM,AYA,AG,EXK"
12,Medical Care Facilities,Healthcare,118.43,92,87,62,83,"AGL,CMPS,PIII,MCTA,PACS,AMN,ASTH,TOI,INNV,LFST,DVA,NHC,AIRS,BKD,CON,PARK,GRDN,MD,NUTX,HCSG,CCRN,SNDA,SRTA,ACHC,AVAH,PNTG,SEM,CHE,FMS,CCM,CCEL,CYH,BTMD,JYNT,THC,SGRY,EHC,ARDT,ADUS,AUNA,ENSG,HCA,USPH,WW,UHS,OPCH,AMS,DCGO,NIVF"
13,REIT - Hotel & Motel,Real Estate,117.82,91,74,48,28,"CLDT,PEB,RLJ,APLE,DRH,XHR,HST,INN,PK,RHP,SHO,IHT,SVC,AHT,BHR"
14,Oil & Gas Equipment & Services,Energy,117.56,90,93,95,71,"STAK,DWSN,NESR,EFXT,SEI,PUMP,KGS,SND,WTTR,LBRT,FTK,FET,FTI,TS,AROC,NGS,AESI,OII,INVX,HAL,WFRD,NOV,SLB,WBI,BKR,FLOC,WHD,HLX,RES,ACDC,TDW,NEXT,VTOL,USAC,OIS,RNGR,KLXE,XPRO,LB,NCSM,NOA,OMSE,CLB,LSE,DTI,GEOS,RCON"
15,Electrical Equipment & Parts,Industrials,115.25,90,92,69,85,"BE,TE,FCEL,RFIL,POWL,STI,BLDP,VRT,PLPC,ENS,AEIS,ELVA,NVT,AMPX,ESP,PLUG,TGEN,FAC,ATKR,PPSI,APWC,ENR,HUBB,EOSE,OESX,HAYW,KE,ADSE,AYI,ENVX,POLA,ULBI,EAF,EPOW,CCTG,DFLI,CBAT,LTBR,SDST,SKYX,GWH,NEOV,FLUX,XPON,NVX,RAYA,ELPW,LNKS"
16,Banks - Diversified,Financial Services,115.22,89,82,71,90,"C,TD,BMO,BNY,HSBC,SAN,UBS,CM,RY,SMFG,BNS,ING,BBVA,BCS,MUFG,NTB,BAC,JPM,WFC"
17,Electronics & Computer Distribution,Technology,115.04,88,70,26,25,"SNX,ARW,AVT,NSIT,SCSC,CNXN,CLMB,IZM"
18,Rental & Leasing Services,Industrials,112.62,88,63,51,34,"VSTS,CTOS,CAR,R,WLFC,WSC,URI,PRG,ALTG,UHAL,HRI,AER,MGRC,GATX,HTZ,AIHS,MWG"
19,Oil & Gas Drilling,Energy,111.99,87,96,99,80,"NBR,PTEN,HP,VAL,RIG,NE,BORR,PDS,SDRL,SOC"
20,Other Industrial Metals & Mining,Basic Materials,110.36,86,91,86,97,"ELVR,ALOY,ALM,MTRN,LAR,NEXA,CRML,SGML,USAR,TII,NAK,BHP,NVA,TMQ,TECK,RIO,CMP,UAMY,USAS,VALE,SKE,IONR,LAC,MP,SCZM,WRN,NB,LZM,XPL,SLI,IPX,CHNR,VZLA,GRO,GSM,ATLX,FURY,TMC,USGO,ELBM,WWR,NMG,OMEX,FMST,NEXM,FNUC,LGO"
21,Conglomerates,Industrials,109.88,86,83,79,83,"MAMK,FBYD,NNBR,TTI,CODI,VMI,TUSK,RCMT,SEB,PLAG,STRR,DLX,TRC,BOOM,AIRTP,STRRP,MATW,MMM,HON,OTTR,AIRT,PAM,CRESY,BOC,BBUC,FIP,LGPS,HHS"
22,Engineering & Construction,Industrials,109.44,85,81,68,68,"VATE,CDNL,STRL,AGX,FIX,MYRG,LGN,MAGH,IESC,ECG,ESOA,MTZ,BBCP,ORN,PWR,DY,PHOE,ACA,SHIM,SKK,GVA,EME,TPC,FER,FLR,AMRC,MTRX,BLD,APG,ROAD,CDLR,WLDN,MSW,BWMN,J,TTEK,EXPO,KAZR,BLNK,KBR,FBGL,PRIM,STN,ACM,ONEG,MSGY,MIMI,RITR,ZDAI,SLND,OFAL,FGL,MGN"
23,Metal Fabrication,Industrials,108.76,84,58,59,76,"AP,MEC,ATI,CRS,PRLB,MLI,RYZ,TRSG,CMC,WOR,TG,TPCS,ESAB,IIIN,GPGI,HIHO,MTEN,OLOX"
24,Biotechnology,Healthcare,108.17,83,80,83,97,"ERAS,ANL,CLYM,QTTB,OTLK,SYRE,ANRO,ABVX,ORKA,RLMD,ALMS,SLS,ASBP,LIXT,KOD,DMRA,EQ,PRAX,DFTX,RLYB,QURE,SLGL,ARTV,ANTX,TNGX,NBTX,RLAY,PRLD,EDSA,IPSC,INBX,RVMD,OVID,CUE,IMMX,MGNX,ANAB,ABSI,STRO,CELC,APGE,MBX,TVTX,CAPR,GLUE,DNTH,ARWR,NVCT,CGTX,BOLD,NKTR,STTK,COGT,IBRX,ZNTL,ELVN,IRD,ACRS,PVLA,GRDX,DRTS,SEPN,FTH,CCCC,URGN,FATE,FBIOP,DSGN,TSHA,NRXS,PGEN,TRVI,CGEM,JBIO,KZIA,RCUS,MRVI,IMVT,IFRX,CNTA,EWTX,FTRE,BCAX,LXRX,REPL,GHRS,CADL,CRVS,RAPP,AXSM,NAUT,ARMP,OMER,AVTX,MRNA,PALI,IMUX,KPTI,ROIV,IOVA,KRYS,WHWK,FDMT,ZURA,ADAG,CYCN,APLM,TGTX,NUVB,TYRA,LGND,RZLT,PBYI,ELDN,SPRB,ALXO,GLSI,CGON,VIR,NGNE,CYTK,LONA,MNPR,MGTX,HURA,SRZN,AVBP,ORMP,MPLT,KYMR,NKTX,PTGX,ABCL,ICCC,JAZZ,INDP,SLDB,LBRX,CORT,MIRM,TENX,NRXP,ACHV,GNTA,SION,PLRZ,SVRA,DNLI,ZVRA,ATRA,NRIX,PYXS,BEAM,CBIO,TTRX,KYTX,AUPH,XOMA,BLTE,PTHS,FENC,TECX,PHVS,ANNX,UNCY,NERV,RPRX,ENTA,CPRX,IMNM,CAMP,CNTN,STOK,NUVL,BHVN,CTNM,OKUR,VTVT,ATHE,ABOS,RNAC,ALLO,DYN,IBIO,LTRN,VOR,SABS,OABI,SRRK,DTIL,ARQT,KURA,SLN,PTCT,GPCR,NTLA,CABA,RIGL,LEGN,XENE,PYPD,IMTX,IONS,PROK,INKT,CLDX,ATAI,IDYA,XNCR,RYTM,HCWB,CDXS,ZYME,DRUG,ARGX,IPHA,MDGL,PCVX,EXEL,INCY,ARDX,SGMT,XFOR,LSTA,EVMN,SNDX,PLX,AKTX,VYNE,TBPH,AVIR,ASND,AGIO,PRTA,DBVT,CGEN,EYPT,ICU,KRRO,VERA,VKTX,NAMS,EDIT,BBIO,DARE,ALLR,MNKD,VCEL,ABEO,PDSB,IRON,NVAX,MRKR,TARS,RARE,CNTB,OSTX,CHRS,AURA,FBIO,INVA,ZBIO,NNVC,HYFT,OLMA,IKT,OBIO,RGNX,GUTS,KPRX,HRMY,BIVI,ENTX,COYA,AUTL,HALO,VRCA,MLYS,BLRX,VRTX,SANA,ABUS,SPRY,BNTC,MESO,CRSP,DNA,OCUL,TECH,NMRA,ASMB,VERU,MAZE,TLX,XBIO,CLLS,CTMX,EPRX,PRQR,XOMAO,VNDA,IMRN,DMAC,ACRV,ONCY,XOMAP,CING,RCKT,BMRN,CRNX,ACOG,EVAX,RANI,MLTX,ALEC,GMAB,TOVX,LRMR,LGVN,VYGR,CRBU,MNOV,IMRX,ACAD,CRBP,ACET,PRME,GNLX,BNTX,XLO,PHAT,KLRS,TARA,ACIU,OCGN,GALT,CNSP,MSLE,LKFT,GERN,TNYA,ONC,MAIA,PMVP,KYNB,REGN,MOLN,CSBR,VANI,RADX,BRNS,FBRX,SEER,CRMD,XBIT,SRPT,NCEL,ESLA,GANX,IMCR,JANX,COCP,SILO,ANIX,TVGN,SPRO,IGC,MLEC,LCTX,PTN,PHAR,CELZ,ARVN,PLRX,INAB,LXEO,APRE,ORIC,PMCB,BMEA,PMN,TELO,BOLT,DYAI,ADXN,TRDA,IMA,HELP,XTLB,GYRE,MIST,NEUP,ZLAB,FHTX,PASG,HYPD,OKYO,BYSI,ALNY,ADIL,INMB,ARCT,MTNB,SMMT,SNTI,BBLG,ABVC,KROS,LYEL,RXRX,SPRC,NRSN,RNXT,EXOZ,MDWD,TCRX,LNAI,AGEN,MGX,TLSA,CDIO,VRDN,VALN,BCDA,AEON,XRTX,IVA,MBRX,IVVD,ATNM,RNTX,CBUS,INSM,IBO,ALT,CAI,BBOT,GDTC,ALDX,VSTM,PHIO,CMMB,ALGS,MCRB,KTTA,GTBP,APM,NTHI,CALC,MDXG,BCYC,MBIO,BRTX,LEXX,SXTP,SKYE,CRVO,GRCE,VTGN,ANVS,GLMD,CLRB,TCRT,BDTX,PEPG,AARD,ALZN,NCNA,WVE,CTXR,NTRB,HUMA,NGEN,OGEN,TIL,TNXP,VIVS,AAPG,ADMA,HIND,SER,FLNA,INO,LPCN,PCSA,ENLV,CANF,PSTV,CRDF,PLUR,OSRH,KAPA,INTS,MTVA,LITS,ERNA,XCUR,RNAZ,IMMP,OCS,CNTX,NBP,ATYR,UPB,APVO,AZTR,VRAX,CMPX,NAGE,DRMA,ACTU,PULM,DCOY,FULC,AVXL,PBM,REVB,QNTM,TRAW,MENS,EVGN,MREO,CELU,QNCX,BCTX,TVRD,IMNN,ELTX,TPST,SLBT,GOVX,CURX,BGMS,DWTX,CVKD,HOWL,HRTX,ENVB,LENZ,BDRX,QNRX,JUNS,GRI,CRIS,VBIO,ADCT,CLGN,ACXP,SCNI,PPBT,ENGN,ENSC,JSPR,VRXA,CLDI,BCAB,CVM,LIMN,SNGX,GOSS,YDES,PPCB,AIM,ATOS,NXTC,CMND,ELAB,GNPX,ARTL,KALA,SLXN,FBLG,JAGX,CDT,ONCO,ADTX"
25,Lodging,Consumer Cyclical,108.1,83,74,76,78,"INTG,H,CVEO,IHG,MAR,HLT,WH,CHH,HTHT,ATAT,GHG"
26,Scientific & Technical Instruments,Technology,107.72,82,76,45,26,"VPG,ASTC,MKSI,COHR,ELSE,KEYS,ITRN,CGNX,ESE,ST,SOTK,NOVTU,NOVT,FTV,MLAB,TDY,GRMN,LGL,AIMD,ACFN,GNSS,ODYS,VNT,ITRI,BMI,ARBE,TRMB,WRAP,SOBR,USBC,SVRE,MIND,FCUV,MVIS,ARAI"
27,Apparel Manufacturing,Consumer Cyclical,107.12,81,69,69,41,"VNCE,JRSH,JXG,XELB,ZGN,SGC,GIII,RL,FIGS,LEVI,COLM,KTB,VFC,LAKE,OXM,PVH,UA,UAA,JL,GIL,GOOS,PLCE,NCI"
28,Real Estate - Diversified,Real Estate,106.11,81,79,88,87,"STRS,JOE"
29,Utilities - Independent Power Producers,Utilities,105.89,80,90,74,91,"DGXX,KEN,TLN,TAC,HNRG,VST,NRG,CEG,OKLO"
30,Department Stores,Consumer Cyclical,105.88,79,48,63,93,"M,KSS,DDS,PLBL"
31,Steel,Basic Materials,105.86,79,67,54,74,"NWPX,FRD,NUE,STLD,MT,RS,TX,GGB,WS,CLF,MTUS,LUD,SIM,PKX,INHD,ASTL,ZKIN,MSB,SID,HUDI,HLP"
32,Airlines,Industrials,105.6,78,35,39,81,"ULCC,ALGT,DAL,VLRS,LUV,AAL,CPA,UAL,JBLU,LTM,ALK,AERO,RYAAY,RJET,SKYW,FLYX,SRFM"
33,Oil & Gas Midstream,Energy,105.52,77,89,88,56,"TORO,NGL,INSW,FRO,NAT,CMBT,TEN,DHT,PBT,LPG,STNG,TNK,TRGP,BWLP,TK,TRMD,PXS,NVGS,TRP,SOBO,SUNC,DTM,EE,IMPP,FLNG,PAGP,KNTK,PAA,WMB,PBA,KNOP,GLNG,ENB,AM,WES,EPD,OKE,KMI,ET,MPLX,SMC,VNOM,HESM,CQP,SBR,IMPPP,GLP,LNG,MARPS,DLNG,VG,GEL,MMLP,TMDE,BANL,NFE,TOPS,RBNE"
34,Luxury Goods,Consumer Cyclical,105.08,76,65,66,86,"ELA,MOV,REAL,TPR,CPRI,SIG,LUXE,LANV,SORA,BRLT,BGI"
35,REIT - Healthcare Facilities,Real Estate,104.9,76,77,79,77,"DHC,NHPBP,NHPAP,SILA,DOC,HR,WELL,CHCT,VTR,STRW,OHI,CTRE,AHR,XRN,LTC,UHT,SBRA,MPT,NHI"
36,Tools & Accessories,Industrials,104.34,75,61,80,73,"TKR,RBC,KMT,SWK,SNA,LECO,TTC,EML,HLMN,CVR"
37,REIT - Industrial,Real Estate,104.32,74,73,58,43,"ILPT,NSA,MDV,PLD,IIPR,PSA,LXP,FR,EGP,COLD,EXR,LINE,TRNO,CUBE,STAG,SMA,REXR"
38,Banks - Regional,Financial Services,103.78,74,64,67,72,"CARE,CMTV,MSBI,AVAL,PGC,BBAR,FNRN,BMA,VBNK,CIB,BOTJ,FGBI,CHMG,MFG,FSBC,ATLO,BAP,TRST,MBIN,FRAF,AMAL,BYFC,PKBK,FSEA,BLX,CZWI,HFBL,FCAP,FISI,ALRS,BPOP,UVSP,AROW,IFS,OBK,OVBC,VLY,FRST,KFFB,RBB,SHBI,TMP,EGBN,EBMT,CNOB,CFG,RBKB,BWFG,PEBK,WSFS,KRNY,BSRR,TFSL,DCOM,FNLC,MYFW,ACNB,AVBH,CBK,THFF,OBT,BCBP,TFIN,MBBC,PFIS,CATY,FXNC,CCNE,CFFN,NEWT,FFBC,PBFS,PLBC,PCB,HAFC,FVCB,SFST,PDLB,SMBC,MCB,HWBK,FBP,EWBC,ZION,GCBC,UMBF,LSBK,FULT,MCBS,CTBI,CIVB,ISTR,SMBK,BY,FNWB,GSBC,EFSI,FITB,MRBK,LYG,RBCAA,TSBK,BANC,CAC,SHG,KEY,RRBI,ECBK,HOPE,NBN,CBC,FUNC,SRBK,PEBO,STBA,FBNC,CPF,NWBI,HBNC,OPHC,WBS,SRCE,ASRV,CLBK,USB,AMTB,STEL,COLB,PFS,BKU,BCH,QCRH,BHB,NWG,ABCB,WAFD,HBT,LARK,ASB,WASH,WSBK,PNC,GGAL,WSBF,FUSB,BUSE,WNEB,FCBC,BVFL,FGBIP,FMBH,CWBC,WABC,WTBA,OSBC,NFBK,FLG,EBC,FCF,LOB,AUB,BOKF,SFNC,FIBK,RNST,BWB,AVBC,HTB,UBSI,MCHB,COSO,FBIZ,HBCP,WTFC,BCAL,CFBK,HFWA,BOH,FBLA,BSAC,FNB,SSBI,CUBI,FDBC,NECB,HWC,MNSB,CBAN,INDB,CZFS,EFSC,FCCO,INBK,CFR,FHB,MTB,RF,TCBK,MVBF,ONB,NKSH,FMAO,PBHC,ORRF,OFG,SBSI,CBNA,SBFG,MBWM,NBTB,NBHC,COFS,VABK,TRMK,GABC,BFST,CCBG,WSBC,CFFI,DB,BPRN,OVLY,HYNE,NSTS,TCBI,SUPV,KB,ITUB,FDSB,NIC,NWFL,CBFV,BFC,CVBF,PFBC,BBT,CLST,LCNB,CPBI,CBNK,PRK,CBU,UNTY,FHN,AFBI,MPB,NRIM,BCML,IBOC,TFC,BSVN,USCB,EQBK,NPB,UCB,FRME,RMBI,GBCI,OPBK,ESQ,FCNCA,IBCP,OZK,JMSB,SFBS,TCBS,BHRB,CZNC,PROV,FMNB,BMRC,AX,NEWTP,MBINL,SBCF,BSBK,PB,HIFS,HBAN,CHCO,SYBT,BANR,MSBIP,TOWN,CBSH,RVSB,MBNKO,AUBN,NBBK,UBCP,SSB,MGYR,CNOBP,FBK,TCBX,FSBW,FFIN,HNVR,SPFI,MBINN,WAL,BRBS,MBINM,MNSBP,BWBBP,FRBA,BBD,OCFC,EFSCP,UNB,LKFN,VLYPN,WAFDP,CASH,UMBFO,FRMEP,VLYPO,PNFP,CCNEP,WTFCN,WSBCO,WF,HOMB,ONBPP,ONBPO,VLYPP,HBANL,BBDO,OZKAP,FNWD,BUSEP,FSUN,FULTP,TBBK,TCBIO,IBN,BANF,FCNCP,FCNCO,SFBC,BSBR,ISBA,HBANP,HBANM,GBFH,ZIONP,FINW,NU,HDB,CCB,PNBK,INTR,BAFN,SHFS"
39,Publishing,Communication Services,103.59,73,76,82,18,"TDAY,LEE,SCHL,WLY,WLYB,EDUC,PSO,NYT,TNMG"
40,Specialty Chemicals,Basic Materials,103.21,72,84,84,51,"LWLG,ALTO,PRM,ESI,ODC,CLMT,SOLS,SSL,SQM,ALB,CC,KOP,SXT,ECVT,NGVT,ASH,CBT,MTX,CMT,KWR,AXTA,NEU,KRO,YMAT,FUL,IFF,PPG,LIN,IOSP,FF,FSI,HWKN,SCL,AVNT,CNEY,OEC,WDFC,APD,EMN,BCPC,LYB,NTIC,RPM,ECL,MNTK,SHW,WLK,MATV,AMTX,HDSN,BON,BGLC,GEVO,SNES,FEAM,LOOP,DD"
41,Business Equipment & Supplies,Industrials,103.15,72,32,23,1,"XRX,ACCO,ACTG,EBF,EHGO"
42,Specialty Industrial Machinery,Industrials,103.07,71,71,72,67,"BW,BWEN,CVV,GRC,HLIO,GHM,PKOH,TWIN,NPO,GNRC,CMI,SHMD,GEV,HUHU,LXFR,SXI,JCSE,HURC,RRX,LASE,ROK,FLS,IEX,SPPL,WTS,TNC,NDSN,CR,GTES,AME,MIDD,AMSC,PH,DOV,ETN,FELE,GTLS,EMR,ITT,WFF,KRNT,DCI,ITW,TAYD,MWA,JBTM,CSW,OFLX,KAI,CXT,IR,ATS,EPAC,ZJK,MIR,GGG,AOS,XYL,OTIS,NPWR,NNE,RR,XCH,SYM,PNR,CETY,OPTT,SMR,SERV,PSIX,BURU,LBGJ,HDRN,INLF"
43,Marine Shipping,Industrials,102.67,70,72,77,44,"GLBS,ECO,EDRY,HSHP,SHIP,USEA,MATX,ASC,SB,SBLK,GNK,NMM,CMDB,ZIM,SFL,HAFN,DAC,PANL,GSL,KEX,ESEA,SMHI,CMRE,EHLD,DSX,GASS,HMR,SVRN,CTRM,CCEC,PSHG,UFG,VNTG,NCT,HTCO,ICON,CISS,RUBI"
44,REIT - Retail,Real Estate,101.98,69,62,67,48,"WHLRP,CBL,MAC,WSR,CURB,SPG,FRT,KRG,PINE,SKT,IVT,KIM,ALX,BRX,UE,PECO,GTY,BFS,NTST,NNN,AKR,REG,O,FCPT,WHLRD,ADC,REGCO,REGCP,EPRT,SITC,WHLR"
45,Building Products & Equipment,Industrials,100.62,69,65,32,27,"JLHL,AAON,ASPN,AIRJ,NPKI,CSTE,SPXC,GFF,JCI,CARR,MAS,TT,APT,APOG,TREX,INVE,ILAG,OC,CSL,LII,WMS,NX,PPIH,UUU,SWIM,LPX,AWI,LMB,FBIN,ARLO,ROCK,JBI,BLDR,JELD,AEHL"
46,"Furnishings, Fixtures & Appliances",Consumer Cyclical,99.6,68,60,34,53,"XMAX,LCUT,ATER,COOK,HOFT,FLXS,EFOI,HBB,SN,TILE,ALH,LZB,MWYN,LEG,CRWS,BSET,LOVE,FGI,MHK,SGI,KEQU,ETD,VIRC,MLKN,HNI,MBC,NTZ,NCL,PRPL,WHR,VIOT"
47,Diagnostics & Research,Healthcare,98.68,67,69,61,88,"TWST,BDSX,GH,QUCY,VCYT,ILMN,CDNA,PSNL,NEO,NDRA,IMDX,ADPT,PRPO,NTRA,GRAL,OPK,CRL,BLLN,SHC,RVTY,WAT,ICLR,XWEL,MEDP,DGX,A,XGN,LH,TMO,IQV,MBAI,FLGT,MTD,DHR,IDXX,RDNT,QGEN,MYGN,CSTL,BNR,ADVB,WGS,BIAF,ISPC,MDXH"
48,REIT - Specialty,Real Estate,98.38,67,55,57,24,"UNIT,OUT,IRM,EQIX,LAMR,DLR,EPR,PW,LANDP,LANDO,SELF,WY,SBAC,GLPI,RYN,AMT,CCI,FPI,LAND,FRMI"
49,Auto Parts,Consumer Cyclical,98.35,66,67,60,60,"HYLN,CVGI,GTX,MKDW,MOD,BWA,PLOW,PHIN,AUR,MGA,LEA,MPAA,DAN,VC,MLR,XPEL,ALSN,SRI,THRM,STRT,AAP,SMP,GNTX,DORM,ALV,DCH,ATMU,QS,WPRT,CAAS,ADNT,CPS,MNRO,ORLY,SYPR,GPC,PRTS,INEO,ECX,FOXF,SLDP,AZO,LKQ,SES,APTV,HLLY,MBLY,GT,HSAI,INVZ,GTEC,MVST,FRSX,WKSP,REE"
50,Software - Infrastructure,Technology,97.79,65,58,27,16,"LHSW,RXT,BNAI,NUAI,MOVE,DOCN,BAND,BRUN,BLZE,BB,AGPU,VIVO,CORZ,FATN,FTNT,ATEN,BTQ,PANW,PAYS,USIO,CRWD,TWLO,NTAP,NTCT,ARQQ,OKTA,AEVA,CCSI,FFIV,RAMP,AKAM,NYAX,PAYO,GRRR,TDC,ZSQR,FLYW,RELY,PRTH,MDB,RBRK,TENB,XYZ,CPAY,ZETA,VRNS,KSPI,NET,OSPN,RDWR,GCT,SABR,CRWV,TLS,LSAK,SNPS,ALAR,ACIW,NN,DBX,S,BLIN,PDYN,IMXI,AIOT,FIVN,GEN,QLYS,VRSN,DLO,CGNT,SONM,RZLV,RKTO,NTNX,ALLT,PAGS,GTLB,GGRP,PGY,AISP,BOX,ORCL,LIDR,IOT,VHC,RPAY,BKKT,STNE,MSFT,WEX,WETO,TGHL,XNET,EVTC,EEFT,AVPT,PATH,KPLT,AIFA,SANG,MLGO,IIIV,CLBT,MQ,AI,TUYA,PRGS,SAIL,PSFE,TOST,TCX,ORIO,KDK,PLTR,APPN,PAY,CHKP,DOX,TAOP,NTSK,GDDY,CINT,TAOX,RPD,DTSS,CALX,SUPX,AUID,ZS,YEXT,AIXC,OWLS,DVLT,FOUR,REKR,CISO,VERI,AMBR,CHOW,BLSH,INTZ,ATGL,EXOD,OLB,ZENA,DAVA,SKYA,AVX,XBP,WIX,AIFC,SLMT,CETX,CSAI,HPAI,YYAI,HUBC"
51,Solar,Technology,97.77,65,86,85,89,"TOYO,ASTI,SEDG,SUNE,SHLS,NXT,FSLR,ENPH,TYGO,RUN,CSIQ,ARRY,SPRU,FTCI,BEEM,TURB,JKS,ZEO,SPWR,SMXT,PN"
52,Oil & Gas Refining & Marketing,Energy,97.55,64,83,92,58,"VLO,DK,WKC,DINO,PBF,MPC,PARR,UGP,SUN,PSX,DKL,CAPL,SGU,IEP,CVI,CLNE,CSAN,DLXY"
53,Other Precious Metals & Mining,Basic Materials,97.18,63,88,87,98,"GORO,LODE,SLSR,BVN,HL,MUX,MTA,ASM,VOXR,PPTA,ELE,TFPM,ITRG,SBSW,PLG,GRML"
54,Discount Stores,Consumer Defensive,96.83,62,46,72,76,"PSMT,TBBB,TGT,WMT,DLTR,COST,DG,BJ,OLLI"
55,Drug Manufacturers - General,Healthcare,96.75,62,34,52,66,"OGN,SCLX,LLY,MRK,BIIB,JNJ,NVS,GSK,ABBV,AMRN,AMGN,BMY,AZN,NVO,GILD,PFE,SNY,GRFS,MIRA,NSRX,MDCX"
56,Broadcasting,Communication Services,96.61,61,54,38,46,"BBGI,IHRT,SBGI,MDIA,SSP,NMAX,NXST,GTN,SGA,CURI,UONEK,XHLD,UONE,FUBO,FLZH"
57,Food Distribution,Consumer Defensive,96.31,60,55,70,48,"UNFI,CHEF,ANDE,WILC,PFGC,USFD,SYY,DIT,AVO,HFFG,MTEX,TWG"
58,Footwear & Accessories,Consumer Cyclical,96.12,60,59,64,67,"VRA,DBI,FOSL,CROX,RCKY,SHOO,WEYS,BIRK,DECK,WWW,ONON,NKE,FWDI,FMFC"
59,Insurance - Life,Financial Services,95.85,59,53,51,64,"ABX,CNO,GL,CIA,MFC,UNM,MET,AFL,JXN,PRI,PRU,GNW,BHF,SNFCA,LNC,FG,PUK,BHFAN,BHFAP,BHFAO,BHFAM,AAME"
60,Utilities - Diversified,Utilities,95.8,58,57,73,65,"AES,BIP,AVA,SRE,UTL,AQN"
61,Industrial Distribution,Industrials,95.72,58,41,44,37,"XMTR,WCC,DXPE,MSM,AIT,GWW,TITN,TLIH,GIC,FAST,FERG,WSO,DSGR,DNOW,REZI,BXC,CNM,POOL,SITE,QXO,EVI,WXM"
62,Aerospace & Defense,Industrials,95.71,57,86,81,75,"SIF,PL,ATRO,SIDU,RKLB,MRCY,DCO,PKE,LUNR,SATL,AIR,SWBI,CVU,WWD,VVX,FTAI,HXL,POWW,HWM,CW,RDW,VSEC,ESLT,GE,BWXT,HOVR,DFSC,VOYG,TATT,NPK,DRS,HEI,RGR,SPAI,RTX,GD,MNTS,MOB,BA,POWWP,SPCE,LOAR,FTAIM,EMBJ,TDG,GPUS,OPXS,TXT,LHX,CODA,LMT,SARO,RCAT,ISSC,AIRI,XTIA,CAE,HII,FLY,NOC,CDRE,EVEX,VWAV,KTOS,AXON,ACHR,BETA,AVAV,KRMN,AIRO,FJET,PEW,MRLN,EH,PRZO,EVTL,BYRN,KITT,DFNS,PHGE"
63,Apparel Retail,Consumer Cyclical,95.47,56,53,65,74,"VSXY,TLYS,CTRN,DLTH,ROST,CRI,GCO,BURL,AEO,BIRD,TJX,CURV,SFIX,LVLU,CATO,URBN,BOOT,CAL,JILL,DXLG,ANF,ZUMZ,BKE,LE,AKA,GAP,SHOE,BRIA,JEM,RENT,LULU,DBGI"
64,Railroads,Industrials,95.44,55,43,39,47,"FSTR,CSX,TRN,WAB,CNI,UNP,CP,NSC,RAIL,GBX,SWVL,RVSN"
65,Utilities - Regulated Electric,Utilities,95.37,55,51,74,60,"EIX,ETR,ENIC,NWE,ELPC,D,AEP,CEPU,EVRG,PNW,LNT,IDA,CNP,POR,FTS,AEE,XEL,DTE,EMA,NGG,OGE,NEE,ES,FE,PCG,ED,WEC,CMS,HE,SO,VIASP,EXC,DUK,CIG,PPL,PEG,TXNM,SOMN,EDN,MGEE,IMSR,GNE,KEP,NKLR"
66,Gold,Basic Materials,95.02,54,85,95,99,"HYMC,AUGO,MAKO,SSRM,CGAU,ARIS,THM,IAUX,IDR,IAG,VGZ,SA,AU,TRX,AAUC,B,NEM,PAAS,OGC,CDE,EGO,KGC,WPM,NG,PZG,FNV,USAU,CNL,FSM,HMY,AEM,RGLD,OR,BTG,DC,EQX,DRD,GFI,GAU,AGI,GROY,ODV,CMCL,GLDG,NAMM,NFGC,ORLA,AUST,CTGO,BGL"
67,Beverages - Brewers,Consumer Defensive,95.01,53,44,60,39,"BUD,FMX,ABEV,STZ,CCU,TAP,SAM"
68,Residential Construction,Consumer Cyclical,94.59,53,16,33,22,"LGIH,BZH,MHO,CVCO,TMHC,MTH,LEGH,TOL,GRBK,HOV,SKY,DHI,PHM,KBH,NVR,IBP,LEN,SPHL,DFH"
69,Resorts & Casinos,Consumer Cyclical,94.57,52,39,35,44,"VAC,MCRI,MGM,PENN,HGV,BALY,CZR,RRR,BYD,MTN,CPHC,FLL,WYNN,LVS,MLCO,CNTY,MSC"
70,Travel Services,Consumer Cyclical,94.48,51,30,32,81,"LIND,VIK,PRSU,GBTG,NUTR,TNL,EXPE,RCL,CCL,ABNB,TRIP,NCLH,BKNG,MMYT,TCOM,YTRA,TOUR,AHMA,NTRP"
71,Utilities - Renewable,Utilities,93.74,51,72,43,79,"ENLT,NRGV,FLNC,WAVE,BEP,ORA,XIFR,BESS,CWEN,AXIA,RNW,BEPC,ELLO,SAFX,PBK,HTOO,STEM,VGAS,NXXT,CREG,AGIG,BNRG"
72,Integrated Freight & Logistics,Industrials,93.58,50,37,25,11,"PSIG,NCEW,GVH,CYRX,PBI,JBHT,LSTR,FDX,RLGT,CHRW,EXPD,HUBG,UPS,ZTO,SFWL,PAL,GXO,HXHX,FLX,CRGO,ATXG,FWRD,BTOC,ELOG,SGLY,LSH,SLGB,CJMB,CIIT,JYD,CTNT"
73,Oil & Gas Integrated,Energy,93.54,49,79,89,39,"EC,CVE,YPF,E,PBR,SU,IMO,TTE,EQNR,BP,XOM,CVX,TGS,SHEL,SLNG,DEC,NFG,SKYQ,VIVK"
74,Textile Manufacturing,Consumer Cyclical,93.25,48,62,1,0,"SMJF,AIN,UFI,CULP,PASW"
75,Credit Services,Financial Services,93.22,48,48,19,54,"LPRO,TROO,SEZL,ATLC,EZPW,ENVA,ECPG,BFH,FCFS,CACC,WRLD,AFRM,AGM,RM,PMTS,CPSS,ALLY,GDOT,ATLCP,SNTG,JF,SYF,AXP,OMF,PRAA,MFIN,SLMBP,HTT,FOA,NNI,OPRT,V,COF,SLM,JCAP,MA,OPFI,SOFI,FINV,WU,QFIN,UPST,KLAR,NAVI,PYPL,XYF,SUIG,ANTA,LX,LU,VRM,JFIN,YRD"
76,Telecom Services,Communication Services,93.11,47,65,75,62,"ATEX,KORE,IRDM,GSAT,SIFY,TIGO,SATS,SKM,ATNI,KVHI,TEO,KYIV,LUMN,AMX,IOTR,CXDO,LILA,VOD,AD,LILAK,LBTYB,VEON,VZ,RCI,VIV,CHT,SHEN,RDCM,TKC,PCLA,TDS,BCE,LBTYA,IDT,TV,TIMB,LBTYK,LBRDP,ELWT,KT,PHI,TMUS,TU,T,TLK,OPTU,CMCSA,UCL,GLIBA,GLIBK,CCOI,GOGO,LBRDA,LBRDK,CHTR,IQST,CABO,FNGR,SURG"
77,REIT - Office,Real Estate,93.02,46,29,5,8,"HPP,PSTL,ONL,HIW,PDM,VNO,CUZ,CDP,DEA,KRC,SLG,NLOP,BXP,DEI,BDN,OGCP,ARE,ESBA,FISK,FSP,CMCT"
78,Utilities - Regulated Gas,Utilities,93.01,46,60,76,69,"CTRI,MDU,BKH,NJR,RGCO,NI,SWX,NWN,ATO,OGS,UGI,CPK,BIPC,SR,SPH,OPAL"
79,Capital Markets,Financial Services,92.89,45,40,12,37,"HUT,WULF,BGDE,SLNHP,RIOT,SNEX,IREN,HIVE,PURR,SLNH,MRX,TOP,VIRT,CLSK,BMHL,IBKR,OPY,MS,GS,GOLD,GLXY,MARA,BGC,ANY,EVR,JEF,HOOD,GREE,NMR,BMNR,MC,GSIW,AXG,BTBT,COHN,PIPR,PLUT,CD,PJT,SF,SCHW,ETOR,AUC,LAZ,SRL,MIAX,LPLA,PWP,HLI,XP,MDBH,DOMH,MEGL,TW,HGBL,ATCH,CNCK,FIGR,AURE,NCPL,WTF,FUTU,NCTY,BRBI,SIEB,MKTX,SOS,CRCL,FUFU,WAI,ARBK,GRAN,MATH,TIGR,SBET,DEFT,STKE,BTCS,GEMI,ABTC,BRR,ABTS,CANG,STEX,PMAX,LGHL,LMFA,FLD,NAKA,IPST"
80,Specialty Business Services,Industrials,92.8,44,56,53,86,"BUUU,TH,SPIR,RHLD,CMPR,AZZ,ARMK,KODK,QUAD,UNF,BKSY,TRNS,FA,CASS,ULS,PC,NTIP,ABM,RBA,RTO,BV,TISI,WFCF,SST,DLHC,CRE,SGRP,CTAS,TIC,GPN,AMTM,DLB,RELX,CBZ,YSXT,PMEC,CPRT,MMS,SFHG,LZ,TRI,ANPA,THH,SMX,LICN"
81,Insurance - Reinsurance,Financial Services,92.55,44,50,56,35,"HG,SPNT,RNR,GLRE,RGA,EG,KG,OXBR"
82,Packaging & Containers,Consumer Cyclical,92.38,43,20,40,36,"PACK,MYE,TRS,KRT,AMBP,PKG,REYN,BALL,SW,SON,GEF,CCK,AMCR,SLGN,MGIH,IP,AVY,GPK,YHGJ,OI,DSS,ORBS"
83,Drug Manufacturers - Specialty & Generic,Healthcare,92.11,42,42,50,95,"LQDA,BIOA,IRWD,AKAN,ETON,INDV,ALKS,CPIX,AMLX,LNTH,AMRX,KNSA,TRLV,ESPR,TLPH,VTRS,TEVA,INM,TXMD,BFRI,CABR,ANIK,UTHR,TKNO,XERS,NBIX,AQST,ELAN,EOLS,HROW,CRON,ANIP,HIMS,BCRX,INCR,RDY,LFCR,SUPN,UPC,TAK,COLL,EBS,KMDA,CRDL,DERM,PCRX,HLN,AYTU,EVO,AMPH,CGC,BHC,SIGA,PAHC,ALVO,YCBD,RDHL,GELS,BTAI,ORGO,PRGO,CPHI,ACB,SXTC,CTOR,PBH,HCM,TLRY,IXHL,RMTI,OGI,ZTS,AKBA,SCYX,RGC,ZYBT,PRFX,SNOA,BGM,SHPH,SBFM,IMCC,APUS"
84,Gambling,Consumer Cyclical,92.02,41,44,15,11,"ROLR,RSI,MRDN,CDRO,SGHC,ACEL,INSE,CHDN,DKNG,BRSL,SEGG,BRAG,FLUT,GAMB"
85,Staffing & Employment Services,Industrials,91.97,41,27,30,0,"KELYB,KFRC,TBI,HQI,NIXX,KELYA,MHH,BGSF,KFY,NSP,MAN,RHI,JOB,BBSI,TNET,ATLN,GLXG,IPDN"
86,Asset Management,Financial Services,91.95,40,49,53,61,"MAAS,KF,TWN,AAMI,STK,AEF,STT,EMF,BEN,BSTZ,WT,AMG,SSSS,RMT,BTX,PFG,VCTR,CEE,HQL,NTRS,BST,IAE,AIO,IHD,FGNXP,CYPH,HFRO,HASI,IVZ,HQH,CCD,CHI,CAF,CHW,BCV,NFJ,SRV,CGO,TRIN,CHY,NCV,ECF,NBXG,GROW,SII,NCZ,CII,DBRG,NXG,EDF,BCAT,ACV,EOD,RMCO,IDE,INV,GLQ,BHV,GCV,ASA,ADX,CNS,MXF,JOF,FUND,THW,GLV,GNT,RVT,FHI,UTG,NIE,CSQ,BUI,ECAT,NMAI,GCMG,AOD,GUT,THQ,JHG,EVT,GGZ,ETO,QQQX,AVK,TROW,NMI,JRS,DNP,BTO,ETG,GLO,CSWC,UTF,HEQ,WHG,TEI,DPG,IGD,VPV,EXG,VKI,LGI,GGT,NMT,GDV,AGD,HERZ,MEGI,TY,NML,RLTY,GAM,NRK,BCX,GEG,KYN,RMM,ETV,ETW,EDD,BME,SEIC,FFA,PEO,RFMZ,AFB,MXE,ASGI,BDJ,HTD,TBLD,JCE,RGT,VKQ,EEA,GAIN,LIEN,BOE,FOF,VGM,SPXX,BPYPM,NAC,GF,MIY,EMD,RFM,VMO,NVG,BMEZ,RMI,MUJ,NZF,NAZ,NCA,IIM,NAD,EMO,ETB,VTN,RQI,SATA,DSM,ASG,EVN,NNY,LEO,NBH,BGR,DMB,PMM,VFL,NEA,MFM,KTF,GUG,IQI,PGZ,NAN,RMMZ,CEV,ECCC,MYI,PMO,MYN,RIV,SCD,NMCO,PGP,MUC,FMN,BGY,OIA,EOT,AWP,MHD,RSF,NKX,IGR,MQY,CET,MMD,VCV,IGA,JGH,JRI,NDMO,OXLCO,PNI,OXLCN,PCQ,GLU,FT,MMU,CLM,JFR,MPA,OCCIM,EIIA,NMS,NUV,ERH,SBI,NRO,PDX,NMZ,EIM,HPF,SPME,CRBG,BN,FDUS,OCCIN,NPV,SPMA,CRF,HPS,CCID,LDP,MUA,FINS,HPI,PDPA,RA,FCT,TYG,IAF,GDL,EICA,STEW,EVG,VGI,PFD,RFI,SDHY,NUW,RNP,SAR,PDO,PML,DTF,HNNA,APO,BBN,DSU,PHK,AFCG,NBB,JHI,FFC,PSF,BTT,KIO,SOR,BWG,ERC,HIX,VLT,NXP,GSBD,WDI,BENF,GRX,WIA,JPC,NPFD,PFO,FTHY,MHF,NIM,MSD,WEA,RJF,FPF,ETY,JQC,BMN,ETX,PFN,OPP,ACP,PDT,MMT,EOS,DFP,FMY,DHF,PTA,TDF,GGN,DSL,FLC,WIW,NPCT,EQH,BTZ,HIO,PCN,KBDC,GBAB,GRF,IGI,ETJ,EHI,BBDC,EOI,VBF,ARDC,GHY,BHK,BGB,BIT,PAXS,DBL,OCSL,BLK,JHS,JLS,BGH,BANX,BKT,PIM,FTF,MGF,GAB,BSL,DLY,PAI,EAD,PPT,HYT,PFL,BGT,MSDL,AWF,EVV,SABA,MIN,PFX,MGLD,JMM,EFR,FAX,GDO,DMO,EVF,PCF,EFT,FRA,BGX,MCN,USA,PCM,HYI,PDI,AB,AMP,GBDC,HTGC,EARN,BRW,NTRSO,SPE,BCSF,ISD,PTY,TSI,VVR,RCG,BLW,GLAD,ARCC,BAM,IIF,PSBD,EIC,WHF,PSEC,VRTS,BXSL,MPV,NHS,NOAH,VINP,CIK,GOF,IFN,CGBD,APAM,TPVG,DHY,OBDC,BX,DMA,NCDL,SPMC,MFIC,HGLB,MCI,CPZ,XFLT,AMTD,BPRE,RPC,DXYZ,ARES,PFLT,MAIN,KWY,RCS,GECC,NMFC,SLRC,HRZN,CCAP,MSIF,PAX,PDCC,TSLX,FSK,KKR,RAND,FSCO,ECC,CG,OTF,CION,TPG,STEP,ALTI,OXSQ,BCG,SCM,OFS,BCIC,OXLC,ASST,CCIF,OWL,OCCI,SAMG,TCPC,EQS,RWAY,PNNT,TGE,TWAV,CFND,HLNE,MLCI,ICMB,SDEV,BUR,FGNX,DFDV,HSDT,ALP,CWD,BNKK,ZSTK,BNBX,OIO,AVAT"
87,Insurance - Property & Casualty,Financial Services,91.9,39,36,41,63,"UFCS,PRCH,UVE,MCY,AIZ,THG,SIGI,DGICB,NODK,HMN,ALL,KINS,CINF,TRV,SKWD,CB,L,AFG,CNA,ASIC,STC,BOW,HCI,ORI,PRA,WTM,WRB,HGTY,ACIC,SAFT,DGICA,PGR,SIGIP,SLDE,MKL,AII,HRTG,LMND,HIPO,RLI,PLMR,GBLI,PRHI,KNSL,ROOT,TRUP,KMPR"
88,Coking Coal,Basic Materials,91.84,39,68,90,94,"HCC,SXC,AREC,AMR,METCB,METC"
89,Beverages - Non-Alcoholic,Consumer Defensive,91.82,38,34,46,42,"COCO,MNST,COKE,PRMB,KOF,KO,KDP,CCEP,PEP,FIZZ,ZVIA,BRFH,CELH,REED"
90,Farm & Heavy Construction Machinery,Industrials,91.35,37,18,36,19,"CAT,BLBD,XOS,WNC,TEX,ASTE,ARTW,DE,MTW,PCAR,HY,AEBI,OSK,FSS,GENC,AGCO,TWI,LNN,CNH,CMCO,HCAI,GP,ALG,HYFM,BNC,SCAG"
91,Shell Companies,Financial Services,90.51,36,47,58,59,"AFJKU,AFJK,BSAAU,RAAQU,BSAA,SPKLU,RDACU,TDACU,FACTU,BCARU,FGMCU,ATIIU,SPKL,EURKU,OYSEU,BACCU,BKHAU,AXINU,QETA,BKHA,QETAU,BCAR,SVAQU,ALISU,ATII,CAPNU,EURK,RIBBU,SVACU,BAYAU,ANSCU,FVNNU,DTSQ,DTSQU,RIBB,KVACU,UYSC,COLAU,SIMAU,XRPNU,CCXIU,FGMC,MACIU,TLNCU,KVAC,BAYA,CAPN,CCAQU,CHAR,TACHU,DYNC,UYSCU,SPEGU,FVN,SVCCU,YHNAU,NOEMU,EGHAU,SCPQU,QUMSU,APACU,QSEA,BACC,RFAIU,SIMA,QSEAU,LATAU,ANSC,PGAC,AXIN,TDAC,COLA,FSHP,YHNA,RFAI,VACI,DMAA,PGACU,MKLYU,AIIA,NMP,LCCCU,CHPGU,WTG,LCCC,AEXA,NMPAU,CHECU,GTERA,IRHOU,KCHV,KFII,SPEG,AACB,RANG,SOCA,ADACU,COPL,LPAA,OTGAU,TAVI,CCAQ,SZZL,EGHA,SSEA,ORIQ,JACS,CHPG,HCACU,IPEX,MKLY,NTWO,OYSE,FIGXU,HCMAU,QUMS,YCY,CRAQ,TVAI,HVIIU,SOUL,CCIX,GPAT,MMTX,GSHRU,TVAIU,BLUWU,HAVAU,ITHAU,SDHI,PLMK,POLE,PACH,FSHPU,HAVA,OBA,GSHR,LAFA,LKSPU,SDHIU,ALIS,CRANU,KOYNU,TACH,APAC,FIGX,LKSP,BCSS,LPBB,ALDF,FERAU,PMTRU,INACU,CRAC,FERA,XRPN,GSRFU,VNME,SVCC,CHARU,GTERU,DMAAU,SOCAU,TAVIU,HCMA,LWACU,VNMEU,EVAC,INAC,PACHU,GRAF,TLNC,TVA,CHEC,IPCX,JENA,GTEN,HVII,MESHU,DMII,DMIIU,GTENU,EMIS,CCIXU,NOEM,KOYN,ORIQU,TDWD,CCIIU,APXTU,IGACU,CUB,BLZRU,BEAGU,BLUW,HVMC,PAII,ALF,SSEAU,ASPCU,PMTR,MACI,GIWWU,LWAC,APXT,CEPV,IPCXU,MBVIU,HVMCU,OBAWU,DRDB,BIXI,GIW,IGAC,TACOU,BIXIU,CCII,AACBU,NPAC,AEAQU,OTGA,RNGT,KBONU,TVACU,CEPF,GSRF,GPATU,WENN,SBXD,SZZLU,DYOR,RAAQ,RAC,CRACU,LAFAU,BEAG,GPACU,EVOX,DNMX,SVAC,TACO,LPCVU,RNGTU,MBVI,IBAC,MMTXU,SCIIU,PLMKU,KRSP,LPAAU,LPBBU,OACCU,DSACU,BLRKU,TWLVU,VHCPU,RDAG,FCRS,LATA,LFACU,ALFUU,BDCIU,CUBWU,ALDFU,BLZR,NTWOU,DNMXU,IPEXU,KCHVU,OACC,ONCH,RDAGU,DAAQ,TDWDU,PCAP,EVOXU,DRDBU,NPACU,DYORU,BDCI,KFIIU,ONCHU,DAAQU,RANGU,WENNU,MCGAU,WTGUU,PCAPU,MCGA,POLEU,DYNCU,MBAV,MBAVU,PCSC,ASPC,CRAQU,CEPO,CEPT,RTAC,RTACU,RDAC,XXI"
92,Insurance - Diversified,Financial Services,90.51,36,46,46,65,"PLGO,SLF,AEG,IGIC,BNT,ACGL,HIG,AIG,ACGLN,ACGLO,XZO,WDH"
93,Chemicals,Basic Materials,90.21,35,81,93,21,"GPRE,REX,RYAM,TROX,MEOH,ASPI,WLKP,DOW,HUN,LXU,ACNT,VHI,ASIX,OLN,CE,BAK,GURE,ORGN"
94,Utilities - Regulated Water,Utilities,90.13,34,31,62,58,"CDZIP,HTO,SBS,AWR,CWT,PCYO,ARTNA,MSEX,WTRG,YORW,AWK,CDZI,CWCO,GWRS"
95,REIT - Mortgage,Real Estate,89.74,34,39,44,50,"ADAM,TWO,NREF,ARR,EFC,NLY,ADAMN,AGNC,DX,ARI,IVR,ADAML,TRTX,MITT,ADAMM,CIM,ORC,BRSP,MFA,AOMR,AGNCN,AGNCP,ADAMZ,AGNCM,AGNCO,AGNCZ,RPT,AGNCL,LADR,BXMT,ACRE,SACH,KREF,LOAN,CHMI,STWD,SEVN,SUNS,RITM,REFI,ACR,CMTG,RWT,FBRT,PMT,RC,LFT,GPMT,ABR"
96,Specialty Retail,Consumer Cyclical,89.49,33,17,22,12,"LESL,ARKO,OLPX,ABLV,CASY,BWMX,HZO,MUSA,WSM,DKS,BBY,BNED,GRWG,FIVE,SVV,TLF,SBH,NAAS,ASO,BBWI,ONEW,WINA,CHPT,FLWS,GME,RH,ULTA,ARHS,WOOF,HTLM,TKLF,EVGO,SPWH,RECT,BARK,EYE,MNSO,BQ,JBDI,BBW,ZOOZ,TSCO,PTLE,CGTL,NPT,NVVE"
97,REIT - Residential,Real Estate,89.29,32,33,31,33,"ESS,UDR,EQR,AMH,CPT,INVH,AVB,BRT,MRP,MAA,UMH,IRT,ELS,AIV,NXRT,CLPR,CSR,SUI,ELME,BHM"
98,Uranium,Energy,89.25,32,75,91,93,"UUUU,DNN,CCJ,ISOU,NXE,UEC,URG,UROY,LEU,AEC,EU"
99,Entertainment,Communication Services,88.82,31,37,30,32,"SPHR,STRZ,ANGH,MSGE,MCS,MSGS,ROKU,WBD,AMC,AMCX,IMAX,SIRI,MANU,CNK,RSVR,BATRK,BATRA,TOON,LYV,LLYVK,LLYVA,CNVS,TKO,RDI,WMG,AENT,DIS,FWONA,FWONK,NWSA,NWS,VSNT,PSKY,HUYA,RDIB,FOX,FOXA,LFS,PLAY,NFLX,ANGX,IQ,GAIA,FTRK,MPU,CPOP,NIPG,KUST,KWM,ZNB"
100,Building Materials,Basic Materials,88.34,30,13,37,57,"CPAC,CX,TTAM,JHX,LOMA,EXP,VMC,KNF,CRH,MLM,AMRZ,SMID,USLM,TGLS,RETO,CAPS"
101,Information Technology Services,Technology,88.32,30,38,10,45,"CHRN,KEEL,PENG,WYY,QXL,CIFR,WYFI,APLD,INOD,SAIH,INGM,UIS,SAIC,VNET,CLPS,IBM,JFU,TSSI,IBEX,CDW,WIT,FORTY,III,CACI,GDS,CSPI,DTST,BBAI,CTM,PSN,VYX,ARBB,GLE,JKHY,CNDT,GIB,GDYN,TTGT,EXLS,INFY,G,BR,CNXC,AIOS,TTEC,FIS,HCKT,LDOS,DXC,CLVT,IT,CTSH,TASK,KD,PONY,ACN,GLOB,NABL,EPAM,VEEA,EFOR,SLAI,CYCU,VRRM,TDTH,DAIC,JZ,GMM,LZMH,HKIT"
102,Real Estate Services,Real Estate,88.27,29,11,25,52,"OPAD,OPEN,RFL,RMR,RMAX,COMP,SEG,FTHM,IHS,STHO,IRS,BPYPO,BPYPN,CHCI,BPYPP,MLP,FRPH,MMI,ARL,JLL,MAYS,NMRK,CWK,TCI,MDRR,CBRE,NYC,BEKE,NEN,ASPS,HBNB,FSV,SRG,EUDA,DOUG,GBR,CIGI,GYRO,AGNT,OMH,REAX,CSGP,DUO,ALBT,UK,LHAI,AIRE,LRHC"
103,Thermal Coal,Energy,88.01,28,52,94,84,"NC,ARLP,BTU,CNR,NRP"
104,REIT - Diversified,Real Estate,87.61,27,41,29,18,"FVR,AAT,NXDT,CTO,BNL,GNL,OLP,WPC,AHRT,SAFE,GOOD,GOODN,VICI,SQFT,ESRT,JBGS,SQFTP,MKZR,GIPR"
105,Oil & Gas E&P,Energy,87.59,27,78,93,23,"WTI,BTE,OBE,APA,KOS,GTE,VIST,TBN,GPRK,EGY,PR,OVV,TALO,NRT,MUR,FANG,KRP,CHRD,REPX,DVN,EOG,WDS,CNQ,HPK,SM,CKX,CRGY,FTW,OXY,COP,BSM,DMLP,REI,VET,MGY,SD,GFR,MNR,PVL,TXO,CRT,MTDR,CRC,TPL,BKV,BSIN,PNRG,KGEI,EPM,CNX,EPSN,VOC,RRC,PED,AR,EQT,GRNT,EONR,BRN,VTS,EXE,GPOR,AMPY,INR,EP,NOG,MXC,INDO,MVO,PRT,MTR,CRK,BATL,ANNA,SJT,PROP,TPET"
106,Insurance - Specialty,Financial Services,87.04,26,23,28,53,"ITIC,FAF,EIG,ACT,MBI,AXS,RDN,ESNT,NMIH,MTG,FNF,OSG,TIPT,AGO,AMSF,RYAN,JRVR"
107,Leisure,Consumer Cyclical,86.54,25,28,42,30,"PUSA,CALY,FNKO,LTH,YETI,GOLF,ESCA,OSW,PRKS,FUN,JAKK,JOUT,AOUT,HAS,PTON,XPOF,AS,CLAR,HWH,PLBY,LUCK,MAT,KBSX,MMA,NWTG,KMRK,TRON,PLNT,GDHG,NOMA,HERE,DOGZ,TRUG"
108,Restaurants,Consumer Cyclical,86.05,25,26,24,9,"NDLS,HCHL,BDL,RRGB,BJRI,CBRL,CAKE,LOCO,BLMN,DIN,PETZ,RAVE,SG,BROS,SBUX,ARCO,BH,CAVA,DRI,EAT,TXRH,QSR,YUM,NATH,RICK,CNNE,GTIM,MCD,PZZA,ARKR,YUMC,CHA,STKS,MB,GENK,CMG,FWRG,JACK,REBN,WEN,BTBD,HDL,KRUS,DPZ,THCH,PTLO,WING,VENU,SHAK,VSTD,CCHH,BRCB,CHSN"
109,Pollution & Treatment Controls,Industrials,85.92,24,20,8,27,"CECO,ZONE,CLWT,ADUR,PCTTU,FTEK,ZWS,PCT,TOMZ,VLTO,CLIR,ARQ,ERII,BCHT,SCWO,RAIN,LIQT,DEVS"
110,Advertising Agencies,Communication Services,85.79,23,30,6,2,"EVC,ADV,STFS,TJGC,FLNT,CCO,SWAG,STGW,ZD,MGNI,NEXN,VSME,TSQ,EEX,BAOS,OMC,APP,QNST,CNET,DV,NCMI,TULP,MCHX,CRTO,WPP,DLPN,EDHL,TC,ACCS,SDM,WIMI,KRKR,YDKG,TTD,CDLX,CHR,DRCT,TDIC,UBXG,HAO"
111,Health Information Services,Healthcare,83.6,23,22,6,20,"TXG,BTSG,BTSGU,HNGE,TALK,AMWL,TBRG,EVH,SLP,SOPH,OMDA,NRC,CTEV,HTFL,TDOC,OMCL,PRVA,LFMDP,HSTM,HCAT,SDGR,GDRX,LFMD,HQY,WEAV,CARL,ONMD,SPOK,TEM,BFRG,VEEV,CCLD,CERT,DRIO,MGRX,WAY,PHR,ACON,DOCS,SY,BEAT,OPRX,DH,MNDR,HCTI,VSEE,ZCMD"
112,Medical Distribution,Healthcare,83.46,22,27,81,79,"FOCL,EMPG,CAH,HSIC,ACH,MCK,COR,AHG,YI,COSM,HKPD,SNYR"
113,Consulting Services,Industrials,83.3,21,51,41,49,"ROMA,AERT,EFTY,EGG,LAWR,VCIG,FORR,RGP,RYOJ,ICFI,GRNQ,FCN,ZTG,CRAI,VRSK,EFX,BAH,ACCL,SBC,HURN,FOFO,INTJ,DGNX"
114,Internet Content & Information,Communication Services,83.14,20,45,18,51,"NBIS,PODC,BZFD,SOGP,TRVG,GITS,TZOO,GOOGL,GOOG,TBLA,TEAD,BODI,NXDR,OPRA,JOYY,LVO,STUB,DIBS,MTCH,PPLI,GRPN,RUM,ZIP,SJ,WBTN,EVER,MNY,RDDT,BIDU,IZEA,ZDGE,MAX,SEAT,CARS,LCFY,ZH,PERI,MOMO,META,ATHM,SSTK,GENI,GIFT,GETY,WB,PINS,YELP,DOYU,BZ,SPOT,FENG,NRDS,SNAP,BMBL,BILI,FVRR,DJT,TME,GIBO,UPWK,CMCM,ZG,Z,ANGI,CCG,UPXI,SLE,CHAI,WSHP,AREN,ONFO,NAMI"
115,Home Improvement Retail,Consumer Cyclical,82.26,20,2,34,46,"HVT,HD,LOW,FND,LIVE"
116,Medical Instruments & Supplies,Healthcare,82.11,19,23,21,38,"AVR,PDEX,PLSE,OSUR,WST,STAA,POCI,BLFS,ANGO,NVST,HBIO,UTMD,TFX,WRBY,SOLV,ALGN,ICUI,BLCO,BAX,RGEN,BDX,LMAT,KMTS,KRMD,AVTR,SMTI,DXR,RGNT,ATR,RVP,COO,CUPR,STVN,NEPH,MMSI,ATRC,ALC,MDLN,AZTA,XRAY,STXS,ISRG,MLSS,RMD,BNGO,MBOT,ZJYL,NNNN,LUCY,ZTEK,NXGL,NYXH,FEMY,EMBC,GCTK"
117,Packaged Foods,Consumer Defensive,82.05,18,12,18,6,"WYHG,WEST,MAMA,BOF,LSF,PRE,SENEB,SENEA,LWAY,DAR,ORIS,CENT,CENTA,JBSS,BRCC,SJM,MICC,HLF,SFD,NATR,CLNN,HRL,COOT,LFVN,KHC,LW,BGS,USNA,JBS,FRPT,NOMD,POST,BRID,INGR,CPB,NAII,JJSF,FTLF,GIS,CAG,UCFI,MKC,JVA,FAMI,UTZ,FLO,OTLY,PPC,ATPC,MZTI,BRLS,SMPL,HCWC,BYND,HAIN,BHST,BRBR,SRXH,DDC,STKH,RKDA,NCRA,PAVS"
118,Household & Personal Products,Consumer Defensive,82.0,18,10,7,2,"SPB,HELE,EPC,NWL,PTNM,CL,MAGN,HNST,ACU,UG,CHD,KVUE,IPAR,EL,WALD,PG,KMB,GROV,UL,CLX,SLSN,RAY,ELF,YSG,COTY,NUS,DSY,BYAH,ODD,SKIN,TANH"
119,Grocery Stores,Consumer Defensive,81.94,17,18,27,7,"IMKTA,WMK,NGVC,VLGEA,DNUT,GO,SFM,DDL,KR,ACI,MSS"
120,Security & Protection Services,Industrials,80.58,16,21,37,31,"MG,GEO,CXW,CIX,SPCB,BRC,NL,NSSC,MSA,BAER,BCO,ADT,EVLV,ALLE,VRME,IVDA,GFAI,SNT,KSCP,YOOV,SUGP"
121,Farm Products,Consumer Defensive,79.69,16,25,55,41,"PFAI,ADM,BG,ALCO,AFRI,AQB,CHSCN,CHSCM,CHSCL,CHSCO,TSN,DOLE,CHSCP,AGRO,LMNR,CALM,LND,VFF,LOCL,FDP,VITL,AGRZ,SDOT,EDBL"
122,Electronic Gaming & Multimedia,Communication Services,79.31,15,32,16,13,"DDI,MSGM,TBH,PLTK,GRVY,EA,TTWO,CTW,GAME,NTES,GIGM,GXAI,SOHU,MYPS,GDEV,GMHS,SNAL,RBLX,GCL,GDC"
123,Real Estate - Development,Real Estate,78.4,14,6,48,32,"FOR,VTMX,AXR,CCS,JFB,LPA,SKYH,HHH,FPH,SDHC,LRE,OZ,AEI,RENX,MRNO"
124,Medical Devices,Healthcare,78.24,13,14,14,29,"BFLY,AXGN,TMCI,AVNS,NSYS,ESTA,CLPT,BWAY,IART,ELMD,CERS,ECOR,BRKR,BRKRP,TCMD,APYX,VMD,HYPR,LIVN,MASS,GKOS,MYO,NEOG,BJDX,NPCE,SGHT,BVS,PROF,DCTH,HAE,UFPT,IRMD,GMED,NVCR,EW,PEN,CBLL,PHG,MXCT,SIBN,KIDS,ELUT,CV,INFU,IRIX,VREX,BIO,DXCM,CTKB,AHCO,HSCS,ZBH,ITGR,INGN,INMD,MDAI,PACB,SNN,LFWD,RCEL,OM,MDT,LUCD,SYK,BBNX,STE,GEHC,TLSI,CATX,ENOV,SENS,CNMD,COCH,CODX,SERA,ABT,IRTC,QSI,OWLT,TELA,NMTC,TNDM,LUNG,OFIX,BMRA,SRTS,XTNT,LNSR,CVRX,LAB,STIM,LMRI,QTRX,ITOC,ATEC,PRCT,SSII,TMDX,NVNO,SINT,RXST,RPID,NXL,INSP,AORT,QDEL,BSX,ADGM,CTSO,PODD,VTAK,ARAY,TRIB,TNON,MODD,NNOX,BDMD,QTI,PAVM,XAIR,INBS,AEMD,NSPR,SNWV,ICCM,VVOS,IVF,VNRX,FEED,POAS,PFSA,PMI,NUWE,AMIX,WOK"
125,Software - Application,Technology,77.79,13,25,9,14,"BVC,SVCO,CURR,APPS,PDFS,RYDE,PDC,ADEA,NAVN,DDOG,MTC,PTRN,FROG,BTDR,RTB,DHX,PLTS,DUOT,MITK,DAVE,FSLY,OOMA,RDZN,YOU,MYSE,PUBM,XPER,NTWK,EXFY,DBD,DMRC,CREX,RDVT,MTLS,CDNS,SNOW,RMNI,CRNC,API,NATL,DJCO,CWAN,IBTA,RNG,CVLT,SMWB,RSKD,U,SCOR,ZM,HKD,PLUS,IMMR,ORKT,NXPL,DSP,KARO,FRMM,UPBD,IPM,IFBD,STRC,AGYS,DT,STRF,IDCC,KLTR,LSPD,ASUR,GRND,ADP,PAYX,PERF,ESTC,BULL,SSTI,PD,EGHT,BZAI,AWRE,FRSH,LYFT,ALRM,UBER,PHUN,SSNC,STRD,LIF,RBBN,VS,TONX,RSSS,SHOP,DUOL,FICO,TRAK,MRT,DFIN,VTEX,BRZE,EVCM,NRDY,DSGX,MANH,PAYC,OTEX,EGAN,MNDO,SMRT,YALA,YB,ROP,BLIV,RMSG,BMR,CMRC,DCBO,GRAB,SMSI,YMM,THRY,TEAM,WLTH,TTAN,STRK,GLOO,SPT,AEYE,PCTY,CHYM,ALKT,AMPL,SOUN,AZ,ATHR,HIT,NCNO,IDN,KC,APPF,CXM,BILL,SAP,ASAN,LAW,DOCU,NICE,MNTN,CRM,BLND,QTWO,SPSC,NOW,WRD,PTC,ADSK,WK,BSY,AIFF,VIA,ADBE,WDAY,TYL,PAR,RCT,VTSI,SRAD,INTA,INLX,VERX,LGCL,TGL,PCOR,PEGA,MNDY,NXTT,SAGT,MYSZ,CCC,GWRE,JG,BL,YXT,CXAI,MSTR,KVYO,FIG,MASK,MFI,BLKB,HUBS,AMST,HTCR,YAAS,IDAI,LPSN,PSQH,NVNI,INUV,INTU,UPLD,ALIT,FUSE,FRGT,CYN,DOMO,GTM,AMZE,FTFT,ILLR,NTCL,KNRX,WCT,AMOD,JTAI,AUUD,BIYA,BNZI,YMT,RPGL"
126,Pharmaceutical Retailers,Healthcare,76.96,12,0,0,13,"POM,HITI,PETS,SCNX,WGRX,RDGT"
127,Lumber & Wood Production,Basic Materials,76.8,11,7,17,16,"SSD,WFG,JCTC,BCC,UFPI,NWGL"
128,Consumer Electronics,Technology,76.27,11,13,9,69,"BOXL,WTO,AAPL,VUZI,SONO,LPL,UEIC,TBCH,KOSS,AXIL,MSN,SONY,FEBO,GPRO,WLDS,FOXX,ZEPP,RIME,GMEX"
129,Agricultural Inputs,Basic Materials,75.78,10,24,47,9,"UAN,CTVA,CF,SMG,IPI,NTR,ICL,SEED,AVD,MOS,NXTS,FMC,BIOX"
130,Waste Management,Industrials,75.36,9,9,49,25,"ENGS,NVRI,ABAT,CLH,PESI,WM,AWX,CWST,WCN,RSG,QRHC,GFL,ONT,AQMS,GWAV,YDDL,LNZA,DXST,CDTG"
131,Education & Training Services,Consumer Defensive,75.3,9,8,13,5,"LINC,FC,CHGG,APEI,DAO,UTI,LAUR,KLC,SKIL,GHC,JDZG,WAFU,CVSA,AACG,EDTK,PRDO,AFYA,STRA,FEDU,PXED,EEIQ,LGCY,AMBO,TAL,LRN,STG,EDU,LOPE,RYET,YQ,COUR,MYND,IH,GOTU,MH,GSUN,COE,GNS,LXEH,GV,VSA,YOUL,KIDZ,FCHL"
132,Airports & Air Services,Industrials,74.71,8,5,20,55,"CAAP,OMAB,PAC,ASLE,ASR,JOBY,UP,SOAR"
133,Financial Data & Stock Exchanges,Financial Services,74.35,7,19,20,30,"MKTW,MSCI,CBOE,MCO,VALU,NDAQ,CME,SPGI,FDS,TRU,ICE,MORN,COIN,DTCX,BTOG"
134,Internet Retail,Consumer Cyclical,74.07,6,9,23,72,"LITB,ETSY,LQDT,EBAY,W,TDUP,CART,JWEL,AMZN,BZUN,HEPS,HOUR,JMIA,GLBE,YJ,RVLV,JD,DASH,RERE,VIPS,SE,MELI,BABA,MOGU,ZKH,CPNG,PDD,NEGG,CHWY,NHTC,WBUY,OCG,UZX,WNW,IPW,NEXR"
135,Auto & Truck Dealerships,Consumer Cyclical,73.85,6,4,4,10,"RDNW,OPLN,RUSHB,RUSHA,SAH,PAG,VVV,KMX,LAD,AN,CVNA,ACVA,ABG,DRVN,CARG,GPI,CWH,NXB,BGSI,JZXN,UXIN,UCAR,SDA,KXIN,AZI,CRMT"
136,Tobacco,Consumer Defensive,73.29,5,11,13,20,"MO,RYM,BTI,PM,UVV,ISPR,TPB,RLX,AIIR,GNLN,XXII"
137,Confectioners,Consumer Defensive,72.67,4,16,78,17,"MDLZ,TR,HSY,RMCF,SOWG"
138,Auto Manufacturers,Consumer Cyclical,72.01,4,15,2,6,"LOBO,CYD,EVTV,F,GM,PSNY,NIO,VFS,FABC,TSLA,GGR,RIVN,RACE,HMC,TM,AIIO,LOT,STLA,EMPD,XPEV,LI,NIU,FLYE,DCX,WKHS,SSM,FFAI,PSNYW,LVWR,LCID,CENN"
139,Mortgage Finance,Financial Services,71.6,3,3,16,55,"BETR,IOR,VEL,WD,ONIT,GHI,RKT,PFSI,PAPL,CNF,LDI,BLNE,UWMC"
140,Beverages - Wineries & Distilleries,Consumer Defensive,69.88,2,4,4,3,"AGCC,DEO,SNDL,WVVIP,YHC,WVVI,MGPI,EPSM,IBG,SBEV"
141,Insurance Brokers,Financial Services,69.81,2,6,0,4,"NP,AON,BWIN,XHG,TWFG,CRVL,MRSH,AIFU,AJG,SLQT,WTW,ARX,ERIE,BRO,GSHD,EHTH,ZBAO,HUIZ,EZRA"
142,Paper & Paper Products,Basic Materials,69.04,1,1,3,4,"ITP,SLVM,CLW,SUZ,MERC"
143,Recreational Vehicles,Consumer Cyclical,67.88,0,0,11,40,"PII,BC,HOG,MCFT,DOO,MBUU,LCII,PATK,WGO,THO,KNDI,MAMO,VEEE,VMAR,EZGO"
144,Personal Services,Consumer Cyclical,67.15,0,2,2,15,"ANDG,FTDR,RGS,SCI,MED,HRB,CSV,ROL,MRM,BFAM,CLIK,EJH,TRNR,YYGH"
>>>>>>> upstream/main
