Rank,Ticker,Sector,Industry,Exchange,Relative Strength,Percentile,1M_RS_Percentile,3M_RS_Percentile,6M_RS_Percentile,Price,MarketCap,Float,ShortFloatPct,PctFrom52WkHigh,AvgVol10,AvgVol30,AvgVol50,RevenueGrowth
<<<<<<< HEAD
2946,LH,Healthcare,Diagnostics & Research,NYSE,91.83,49,35,55,48,268.63,21742299499.51172,82000000.0,0.041199997,-8.54,605691,678213,644994,0.058
2947,SEAT,Communication Services,Internet Content & Information,NASDAQ,91.83,49,21,7,2,8.81,94271985.54172707,10987411.0,0.2468,-78.62,55502,96844,98290,-0.233
2948,UVV,Consumer Defensive,Tobacco,NYSE,91.83,49,52,44,42,54.33,1339887103.1267395,24923496.0,0.0863,-11.9,387812,233070,219908,0.018
2949,DAKT,Technology,Electronic Components,NASDAQ,91.82,49,54,79,69,19.13,932058321.070797,48747818.0,0.0476,-32.33,292745,283075,295791,0.216
2950,OLN,Basic Materials,Chemicals,NYSE,91.82,49,77,65,22,23.92,2795051355.536522,113897769.0,0.1166,-21.47,1993475,2045411,2203305,-0.037
2951,LDP,Financial Services,Asset Management,NYSE,91.82,49,51,53,58,20.59,600195124.3314514,29079222.0,0.0016,-6.62,73511,69250,69334,
2952,BBD,Financial Services,Banks - Regional,NYSE,91.82,49,63,80,83,3.3,35517591305.168175,10570712028.0,0.0119,-23.26,23553857,27505022,31120997,0.105
2953,BBSI,Industrials,Staffing & Employment Services,NASDAQ,91.81,49,21,17,24,34.34,810468417.0,24559649.0,0.024,-30.84,259216,250885,223651,0.049
2954,BTT,Financial Services,Asset Management,NYSE,91.8,49,52,57,56,22.71,1439842997.53343,63625411.0,0.00090000004,-2.28,86987,72939,86357,0.006
2955,BOW,Financial Services,Insurance - Property & Casualty,NYSE,91.8,49,40,20,24,27.08,845579401.25,32838035.0,0.043899998,-28.7,179160,223990,199808,0.269
2956,SLP,Healthcare,Health Information Services,NASDAQ,91.79,49,29,14,36,15.94,320863056.4723339,20205482.0,0.096999995,-44.36,223476,320142,358091,0.083
2957,LAD,Consumer Cyclical,Auto & Truck Dealerships,NYSE,91.79,49,29,23,52,304.83,6587232965.282593,22805820.0,0.1664,-15.46,242702,300360,303482,0.01
2958,HVIIU,Financial Services,Shell Companies,NASDAQ,91.78,49,50,52,52,10.77,259289644.57921982,24008300.0,0.0,-23.07,146,128,140,
2959,WSBCO,Financial Services,Banks - Regional,NASDAQ,91.77,49,54,55,50,25.1,,,0.0018000001,-3.57,4224,27821,21878,1.077
2960,MBI,Financial Services,Insurance - Specialty,NYSE,91.77,49,51,40,81,6.17,312225664.8989382,50934039.0,0.045300003,-25.3,333583,386137,315724,0.048
2961,ALAR,Technology,Software - Infrastructure,NASDAQ,91.76,49,23,22,11,9.11,65413521.22976303,7341585.0,0.0077,-49.39,181104,83884,63466,0.642
2962,WTM,Financial Services,Insurance - Property & Casualty,NYSE,91.76,49,60,74,69,2018.89,5114670017.751465,2476670.0,0.0366,-13.46,26932,23464,20732,-0.108
2963,FERG,Industrials,Industrial Distribution,NYSE,91.76,49,52,68,69,224.56,44524246448.190765,193937826.0,0.0166,-17.33,1452636,1431418,1432513,0.036
2964,FDUS,Financial Services,Asset Management,NASDAQ,91.75,49,46,36,43,18.74,701017077.0188065,37954364.0,0.0187,-15.17,235754,254671,242230,0.302
2965,RFI,Financial Services,Asset Management,NYSE,91.75,49,50,56,36,11.28,304667838.86344147,26748712.0,0.00029999999,-7.39,122023,114401,98198,0.97
2966,IDT,Communication Services,Telecom Services,NYSE,91.74,49,42,30,28,55.5,1394350677.4466095,24863599.0,0.0235,-21.96,183788,141226,131049,0.045
2967,MHF,Financial Services,Asset Management,NYSE,91.73,49,47,46,40,6.97,152116913.53218985,22206849.0,1.22,-8.77,53009,52363,53827,-0.017
2968,CHPGU,Financial Services,Shell Companies,NASDAQ,91.73,49,45,51,47,10.48,,,,-13.39,30,10,6,
2969,PML,Financial Services,Asset Management,NYSE,91.73,49,49,55,43,7.51,494715363.8048172,66494000.0,0.34,-6.24,472059,485359,464697,0.729
2970,WIA,Financial Services,Asset Management,NYSE,91.72,49,48,53,53,8.07,188443834.780653,23322257.0,0.24,-5.5,50766,45205,45519,0.25
2971,BLK,Financial Services,Asset Management,NYSE,91.72,49,52,36,53,1010.68,154550955658.5077,155233989.0,0.014199999,-17.15,782533,635291,672680,0.27
2972,EVG,Financial Services,Asset Management,NYSE,91.71,49,49,51,51,10.71,143181484.46006203,13456906.0,3.95,-6.46,27927,37195,33335,-0.11
2973,LCCC,Financial Services,Shell Companies,NASDAQ,91.7,49,49,51,49,10.4,92611996.60301208,8905000.0,0.00090000004,-0.48,45526,51962,31823,
2974,SDHY,Financial Services,Asset Management,NYSE,91.7,49,43,53,51,16.14,394028710.90841675,24673056.0,0.43,-6.05,74218,86112,80859,
2975,STEW,Financial Services,Asset Management,NYSE,91.7,49,45,46,63,17.56,1684832938.7788773,96441500.0,0.00059999997,-5.95,103826,84352,81103,-0.116
2976,CDLR,Industrials,Engineering & Construction,NYSE,91.68,49,82,79,25,22.13,2296010178.5984535,96471019.0,0.0097,-26.26,81341,89543,84502,0.905
2977,CCL,Consumer Cyclical,Travel Services,NYSE,91.68,49,28,45,63,25.99,37966675594.21448,1385139577.0,0.0427,-23.63,22104764,28927211,27431510,0.061
2978,BSM,Energy,Oil & Gas E&P,NYSE,91.67,49,50,73,54,13.8,2951615780.5458555,212499331.0,0.0226,-10.91,404200,409030,410482,0.085
2979,NUW,Financial Services,Asset Management,NYSE,91.67,49,45,59,57,14.14,250062115.958313,17951336.0,0.0023999999,-3.81,47552,60820,51250,
2980,CUB,Financial Services,Shell Companies,NASDAQ,91.66,49,49,53,52,10.88,333960014.15856457,30666667.0,0.05,-1.09,1285524,438754,268108,
2981,AACB,Financial Services,Shell Companies,NASDAQ,91.64,49,49,52,52,10.5,290310743.6656952,27675000.0,0.0001,-0.47,28219,26643,21267,
2982,ULBI,Industrials,Electrical Equipment & Parts,NASDAQ,91.64,49,36,70,22,6.48,111433116.56310225,16656669.0,0.027999999,-31.93,40726,59682,46257,-0.065
2983,DMAA,Financial Services,Shell Companies,NASDAQ,91.64,49,51,54,50,10.6,257578038.59518337,24276913.0,0.0036000002,-0.19,39452,33944,133344,
2984,WY,Real Estate,REIT - Specialty,NYSE,91.63,49,33,40,28,24.16,17651122738.252888,721042609.0,0.040799998,-13.28,5236326,5374162,4881147,-0.02
2985,BANX,Financial Services,Asset Management,NASDAQ,91.62,49,50,42,67,19.49,189937386.92170715,9685741.0,0.0027,-17.66,37359,43159,41763,-0.101
2986,CMS,Utilities,Utilities - Regulated Electric,NYSE,91.61,49,49,70,48,73.46,22254568410.904343,308919602.0,0.0,-8.59,4240755,3118658,3051975,0.116
2987,BSET,Consumer Cyclical,"Furnishings, Fixtures & Appliances",NASDAQ,91.6,49,31,35,71,15.02,122963669.7890606,8647234.0,0.0571,-23.95,28034,23491,29168,-0.022
2988,CHECU,Financial Services,Shell Companies,NASDAQ,91.6,49,42,49,45,10.29,0.0,0.0,82.17,-1.11,0,23,76,
2989,IHT,Real Estate,REIT - Hotel & Motel,NYSE ARCA,91.6,49,16,10,12,1.43,13446052.12680173,9402834.0,0.0026,-66.27,19315,16711,14999,0.076
2990,MKLY,Financial Services,Shell Companies,NASDAQ,91.59,49,48,50,47,10.18,247825520.96930695,24344353.0,0.00059999997,-0.29,7183,13234,11100,
2991,MGYR,Financial Services,Banks - Regional,NASDAQ,91.59,49,58,67,64,17.06,110189524.51932907,6462729.0,0.0011999999,-14.7,4136,2698,2813,0.072
2992,QUMSU,Financial Services,Shell Companies,NASDAQ,91.58,49,50,53,48,10.33,,,12.74,-0.19,30,153,98,
2993,SOR,Financial Services,Asset Management,NYSE,91.57,49,54,66,65,45.42,374097638.2297325,8230971.0,0.0,-9.9,9863,12861,14058,0.138
2994,RBRK,Technology,Software - Infrastructure,NYSE,91.57,49,29,15,48,71.32,15108500814.45813,205809836.0,0.1,-28.5,5857925,4001181,3777547,0.39
2995,EDIT,Healthcare,Biotechnology,NASDAQ,91.56,49,88,77,81,2.48,415881586.83410454,153461838.0,0.0979,-45.34,2878265,2524561,2156987,-0.392
2996,APD,Basic Materials,Specialty Chemicals,NYSE,91.56,49,62,67,24,276.51,62873893051.23505,222680686.0,0.0143,-10.21,1197829,1144333,1112397,0.088
2997,MNY,Communication Services,Internet Content & Information,NASDAQ,91.56,49,63,87,67,1.3,59026781.57643199,44082735.0,0.0095,-45.83,50692,32647,28792,0.27
2998,TLNC,Financial Services,Shell Companies,NASDAQ,91.56,49,47,50,51,10.27,349983706.4809799,33979000.0,0.0005,-9.12,9890,9933,6320,
2999,GDL,Financial Services,Asset Management,NYSE,91.55,49,53,54,59,8.42,92339967.06568623,10927807.0,0.0005,-2.88,13451,9227,7944,
3000,CCNEP,Financial Services,Banks - Regional,NASDAQ,91.54,49,55,59,52,24.53,,,1.24,-3.58,926,1502,1449,0.486
3001,BGY,Financial Services,Asset Management,NYSE,91.54,49,51,53,58,5.61,511971679.39166784,90614455.0,0.0007,-9.95,447914,354898,345440,0.115
3002,MGIH,Consumer Cyclical,Packaging & Containers,NASDAQ,91.53,49,35,27,13,1.6,15862499.624490738,11250000.0,0.0041,-66.94,97839,40033,27653,-0.24
3003,HQY,Healthcare,Health Information Services,NASDAQ,91.5,48,32,25,49,89.72,7413003108.109879,83602157.0,0.071,-20.4,1145582,972364,974060,0.072
3004,GOODN,Real Estate,REIT - Diversified,NASDAQ,91.5,48,50,50,59,22.6,,,1.0,-7.19,3530,3203,3158,0.118
3005,VLT,Financial Services,Asset Management,NYSE,91.5,48,44,47,58,10.43,67521589.16484737,6511243.0,0.0026,-8.75,13555,16365,17029,-0.084
3006,KFII,Financial Services,Shell Companies,NASDAQ,91.5,48,49,53,51,10.53,413366301.31750107,39256060.0,0.04,0.0,3177,20092,14697,
3007,HCACU,Financial Services,Shell Companies,NASDAQ,91.49,48,48,53,44,10.34,262890771.13949203,25424639.0,1.88,-13.11,1701,1523,1190,
3008,GTERA,Financial Services,Shell Companies,NASDAQ,91.48,48,49,52,47,10.3,244388104.5255661,23727000.0,0.0013,-0.0,34410,32103,21246,
3009,RFAI,Financial Services,Shell Companies,NASDAQ,91.48,48,50,55,52,10.99,91864854.55973625,8343765.0,0.07,-3.89,1253,794,2144,
3010,MGNI,Communication Services,Advertising Agencies,NASDAQ,91.48,48,35,20,29,15.67,2119268936.9365082,144364366.0,0.0964,-41.2,2561187,2696592,2395635,0.055
3011,DHI,Consumer Cyclical,Residential Construction,NYSE,91.48,48,37,45,62,146.71,41289193383.6326,283579613.0,0.0651,-20.5,2212124,2207874,2421352,-0.023
3012,NMP,Financial Services,Shell Companies,NASDAQ,91.47,48,48,52,48,10.24,163541336.5045662,15970834.0,0.0026,0.0,2340,4073,2806,
3013,CLPS,Technology,Information Technology Services,NASDAQ,91.47,48,29,57,19,1.01,25992231.94609523,29841828.0,0.0005,-46.28,32272,21337,20002,0.028
3014,NWL,Consumer Defensive,Household & Personal Products,NASDAQ,91.47,48,34,28,10,4.48,1580731323.997281,424927772.0,0.1587,-32.53,12462196,9016018,7453385,-0.011
3015,KURA,Healthcare,Biotechnology,NASDAQ,91.47,48,80,63,86,8.68,775887929.7811604,88774365.0,0.18090001,-30.5,1999179,1906529,1707139,0.295
3016,ENR,Industrials,Electrical Equipment & Parts,NYSE,91.46,48,18,21,18,19.4,1331124584.9687862,68473485.0,0.1116,-35.95,990601,1196617,1134838,-0.03
3017,NTWO,Financial Services,Shell Companies,NASDAQ,91.46,48,50,53,51,10.63,256598238.27970028,24116375.0,0.08,-0.37,424,4071,4578,
3018,BBDC,Financial Services,Asset Management,NYSE,91.46,48,49,39,52,8.36,873255428.5370026,104706884.0,0.0222,-15.73,935841,804260,736718,-0.06
3019,IBEX,Technology,Information Technology Services,NASDAQ,91.45,48,47,33,83,30.79,400870140.1905594,13389116.0,0.0126,-28.38,93702,112394,110726,0.168
3020,TAVI,Financial Services,Shell Companies,NASDAQ,91.44,48,49,53,51,10.64,168760835.8733158,15920833.0,0.010299999,-6.26,41722,77137,48246,
3021,HAS,Consumer Cyclical,Leisure,NASDAQ,91.43,48,69,84,78,82.29,11910686495.739532,141490692.0,0.056700002,-23.08,1875429,1978553,1973431,0.127
3022,LPAA,Financial Services,Shell Companies,NASDAQ,91.42,48,50,54,51,10.81,310500005.4836273,28750000.0,0.0001,-0.18,38176,18202,15321,
3023,SUPN,Healthcare,Drug Manufacturers - Specialty & Generic,NASDAQ,91.42,48,71,82,82,45.09,2597277514.75,58039721.0,0.1001,-24.45,568038,702492,628053,0.386
3024,WTG,Financial Services,Shell Companies,NASDAQ,91.41,48,48,52,47,10.37,75738071.91417217,7303575.0,0.0004,0.0,2930,1633,3574,
3025,EIM,Financial Services,Asset Management,NYSE ARCA,91.41,48,53,58,47,9.82,498314200.50145435,51372599.0,0.64,-6.83,135711,125930,128778,-0.556
3026,INACU,Financial Services,Shell Companies,NASDAQ,91.41,48,46,51,47,10.4,,,1.06,-9.09,556,288,215,
3027,COPL,Financial Services,Shell Companies,NYSE,91.41,48,49,52,49,10.4,247487146.23133087,23728393.0,0.05,-2.71,37170,16163,17178,
3028,CTKB,Healthcare,Medical Devices,NASDAQ,91.4,48,45,47,70,4.05,528193200.53559494,129142587.0,0.0674,-34.47,1030941,1039087,831350,0.065
3029,PFO,Financial Services,Asset Management,NYSE,91.4,48,45,54,54,9.13,118872895.33544159,13077326.0,0.08,-7.78,29931,36193,33808,-0.011
3030,ADAMZ,Real Estate,REIT - Mortgage,NASDAQ,91.38,48,53,64,58,18.66,,,0.21,-14.09,8116,6052,6021,0.107
3031,HCMAU,Financial Services,Shell Companies,NASDAQ,91.38,48,42,50,48,10.44,,,0.0,-5.0,110,3393,2360,
3032,IPEX,Financial Services,Shell Companies,NASDAQ,91.36,48,48,54,51,10.48,125048437.5,11909375.0,0.01,-0.19,5361,10223,12044,
3033,ITGR,Healthcare,Medical Devices,NYSE,91.35,48,34,35,12,91.37,3123166205.2041397,33954839.0,0.1499,-26.18,440962,607944,531922,0.005
3034,SOUL,Financial Services,Shell Companies,NYSE,91.35,48,48,53,48,10.35,351417009.50216866,33953333.0,0.0002,-5.91,7523,18314,20160,
3035,SSP,Communication Services,Broadcasting,NASDAQ,91.32,48,85,90,97,3.09,312154217.69701195,91540824.0,0.0651,-42.67,577244,671574,623590,-0.014
3036,DOLE,Consumer Defensive,Farm Products,NYSE,91.32,48,41,46,65,14.33,1333176911.2801552,95158950.0,0.0394,-13.52,1607693,1232444,1002794,0.116
3037,VGI,Financial Services,Asset Management,NYSE,91.31,48,49,56,59,7.41,83377501.48531914,11313094.0,0.0021,-8.41,36277,39209,40815,
3038,POLE,Financial Services,Shell Companies,NASDAQ,91.31,48,49,53,50,10.74,316937393.245697,29510000.0,0.01,-1.47,8506,14628,15035,
3039,SSEA,Financial Services,Shell Companies,NASDAQ,91.31,48,48,52,46,10.23,78114967.0645752,7635872.0,0.0001,-0.58,11991,6450,5640,
3040,TEL,Technology,Electronic Components,NYSE,91.3,48,50,64,84,202.0,62071639875.75943,291895799.0,0.029000001,-20.02,2822819,2807523,2680595,0.145
3041,XOMAP,Healthcare,Biotechnology,NASDAQ,91.3,48,49,55,63,25.42,,,0.08,-15.27,1422,1750,2614,-0.226
3042,EXC,Utilities,Utilities - Regulated Electric,NASDAQ,91.29,48,50,75,61,45.61,46811772496.5,1023208142.0,0.040799998,-9.95,8903728,8703249,8180633,0.079
3043,LOKV,Financial Services,Shell Companies,NASDAQ,91.29,48,49,49,47,10.52,303312505.4836273,28750000.0,0.0001,-9.85,922114,386281,295102,
3044,OZKAP,Financial Services,Banks - Regional,NASDAQ,91.29,48,45,54,45,16.29,,,0.39,-8.74,19791,20760,25810,0.014
3045,SPEG,Financial Services,Shell Companies,NASDAQ,91.29,48,48,51,47,10.26,157166663.25,15333333.0,0.00029999999,-6.98,6104,22348,21228,
3046,PLMK,Financial Services,Shell Companies,NASDAQ,91.28,48,49,54,52,10.62,258429043.80083084,24242875.0,0.02,-2.03,22881,34640,35644,
3047,OTGAU,Financial Services,Shell Companies,NASDAQ,91.28,48,46,50,48,10.31,,,0.0,-0.29,2550,1500,1120,
3048,CTVA,Basic Materials,Agricultural Inputs,NYSE,91.28,48,71,76,41,74.46,51519203783.569336,668820000.0,0.0293,-13.04,3679783,3654694,3569952,0.11
3049,KOYNU,Financial Services,Shell Companies,NASDAQ,91.26,48,44,49,47,10.3,,,2.6,-2.83,630,366,370,
3050,YUM,Consumer Cyclical,Restaurants,NYSE,91.25,48,50,66,59,151.08,41582969399.93335,275621202.0,0.0277,-10.81,2388450,2008223,1802936,0.152
3051,SLN,Healthcare,Biotechnology,NASDAQ,91.25,48,85,88,80,6.0,291437565.813715,47234613.0,0.0556,-28.57,167476,201885,296955,1.972
3052,CHARU,Financial Services,Shell Companies,NASDAQ,91.25,48,50,51,45,10.8,,,0.0,-13.25,110,123,74,
3053,FCPT,Real Estate,REIT - Retail,NYSE,91.24,48,48,58,27,25.16,2710805249.6319923,109749197.0,0.0471,-10.49,797226,763662,758691,0.069
3054,NNVC,Healthcare,Biotechnology,NYSE ARCA,91.24,48,74,30,33,1.34,31436860.811374903,22780334.0,0.0334,-39.91,749241,1559587,1037464,
3055,IBAC,Financial Services,Shell Companies,NASDAQ,91.23,48,51,54,45,10.8,54088874.15524387,5008229.0,0.0019,-5.68,7244,5384,3982,
3056,HAVAU,Financial Services,Shell Companies,NASDAQ,91.23,48,45,49,45,10.24,187801227.16231537,18339964.0,328.15,-7.15,390,5990,3598,
3057,ASPC,Financial Services,Shell Companies,NASDAQ,91.22,48,43,54,53,10.85,25152372.09502983,2337581.0,0.0796,-83.04,3739,7519,12449,
3058,KCHV,Financial Services,Shell Companies,NASDAQ,91.22,48,48,52,46,10.34,354221355.78726196,34257384.0,0.05,-0.1,29830,25963,23302,
3059,PDT,Financial Services,Asset Management,NYSE,91.22,48,51,64,46,12.88,631046432.9974651,49185225.0,0.2,-5.64,155941,135397,127940,0.067
3060,BBN,Financial Services,Asset Management,NYSE,91.22,48,47,49,61,16.0,985590586.5140133,61792514.0,0.0013,-8.31,142962,187094,173360,
3061,DCI,Industrials,Specialty Industrial Machinery,NYSE,91.22,48,39,66,79,83.56,9695960011.266235,115911056.0,0.0321,-25.95,1036035,706675,659173,0.058
3062,DHF,Financial Services,Asset Management,NYSE,91.21,48,42,44,48,2.4,175295053.1830268,72736534.0,0.12,-8.75,151784,236751,236434,-0.056
3063,DSU,Financial Services,Asset Management,NYSE,91.21,48,49,48,50,9.7,606655170.0856552,62931032.0,0.0191,-9.09,318421,318540,299434,-0.039
3064,OBA,Financial Services,Shell Companies,NASDAQ,91.2,47,48,51,46,10.23,323523735.5232239,31625000.0,0.03,-0.2,3940,14400,10188,
3065,CSIQ,Technology,Solar,NASDAQ,91.2,47,74,85,96,15.24,1163734973.4919891,67816724.0,0.314,-55.94,3061503,3364347,3005186,-0.2
3066,SZZL,Financial Services,Shell Companies,NASDAQ,91.2,47,48,52,49,10.35,323297341.55091476,31266667.0,0.0004,-1.43,20739,40236,109723,
3067,TVAI,Financial Services,Shell Companies,NASDAQ,91.19,47,48,51,47,10.3,280117085.0871935,27195833.0,0.00029999999,-1.9,7930,9430,5990,
3068,CCIX,Financial Services,Shell Companies,NASDAQ,91.17,47,43,48,45,10.8,395955006.9928169,36662500.0,0.0001,-4.59,59887,63455,173155,
3069,CRANU,Financial Services,Shell Companies,NASDAQ,91.17,47,45,48,44,10.27,,,0.37,-8.55,840,1286,1992,
3070,PGAC,Financial Services,Shell Companies,NASDAQ,91.17,47,49,53,52,10.54,116539531.63528442,11025500.0,0.0001,-0.38,4915,4898,7487,
3071,SVCC,Financial Services,Shell Companies,NASDAQ,91.16,47,48,52,51,10.55,228469750.65364838,21614925.0,0.0007,-0.19,5908,2996,2071,
3072,GSRFU,Financial Services,Shell Companies,NASDAQ,91.15,47,41,49,55,10.4,276785250.0,26360500.0,0.33,-9.96,910,1710,1026,
3073,PTA,Financial Services,Asset Management,NYSE,91.15,47,51,47,42,19.22,1077832431.0,55273458.0,0.0017,-8.13,132660,137603,133774,
3074,EGHA,Financial Services,Shell Companies,NASDAQ,91.14,47,46,50,48,10.3,211150003.9100647,20500000.0,0.001,-4.59,14302,28594,24338,
3075,KE,Industrials,Electrical Equipment & Parts,NASDAQ,91.14,47,64,44,84,24.8,587515245.0891495,24048925.0,0.0572,-25.28,156365,171898,153537,-0.058
3076,XFOR,Healthcare,Biotechnology,NASDAQ,91.14,47,82,36,24,3.73,361244428.4839783,94319696.0,0.0311,-22.77,452873,371787,385204,-0.906
3077,ASIC,Financial Services,Insurance - Property & Casualty,NYSE,91.14,47,45,37,27,21.06,976984149.009201,48032652.0,0.0301,-16.76,73710,77186,69372,0.552
3078,JLS,Financial Services,Asset Management,NYSE,91.12,47,55,54,53,17.74,97538723.94516563,5476627.0,0.0047,-7.07,27020,22223,19340,
3079,ORIQ,Financial Services,Shell Companies,NASDAQ,91.12,47,47,51,48,10.31,88880627.63214111,8625000.0,0.0015,-0.67,42880,29136,18840,
3080,CNA,Financial Services,Insurance - Property & Casualty,NYSE,91.12,47,37,62,53,44.8,11811401974.22018,270531425.0,0.1344,-11.67,478051,538607,468730,0.1
3081,LAFA,Financial Services,Shell Companies,NASDAQ,91.11,47,45,48,44,10.1,158704669.29416084,15713333.0,0.01,-0.98,2110,6620,16176,
3082,YCY,Financial Services,Shell Companies,NYSE,91.1,47,45,49,45,10.16,149562781.8789482,14735250.0,0.0,0.0,53702,45084,28034,
3083,JACS,Financial Services,Shell Companies,NYSE,91.1,47,49,53,51,10.61,314541703.38630676,29590000.0,0.0002,-0.38,26758,44566,36639,
3084,CHPG,Financial Services,Shell Companies,NASDAQ,91.1,47,48,53,47,10.35,103398368.83392525,9987286.0,0.00090000004,-0.1,2440,8080,4874,
3085,DMII,Financial Services,Shell Companies,NASDAQ,91.09,47,46,48,44,10.09,660995994.9970245,65575000.0,0.001,0.1,7980,127760,114332,
3086,XRPN,Financial Services,Shell Companies,NASDAQ,91.08,47,50,51,47,10.4,410487984.9433899,39470000.0,0.0042,-4.64,68213,57187,73170,
3087,SSEAU,Financial Services,Shell Companies,NASDAQ,91.08,47,48,50,49,10.33,,,0.0,-7.02,30,413,266,
3088,VNME,Financial Services,Shell Companies,NASDAQ,91.08,47,46,49,48,10.2,255500006.6757202,25000000.0,0.0022,-0.2,13738,19092,12973,
3089,GRAF,Financial Services,Shell Companies,NYSE ARCA,91.07,47,50,51,54,10.8,310787512.0639801,28750000.0,0.04,-8.86,12675,15835,13207,
3090,MFA,Real Estate,REIT - Mortgage,NYSE,91.07,47,61,65,49,9.21,947431012.0979977,102093862.0,0.0328,-12.87,1351877,1396592,1350229,-0.465
3091,ITHAU,Financial Services,Shell Companies,NASDAQ,91.07,47,44,47,44,10.16,,,5.46,-7.64,160,76,6320,
3092,BWG,Financial Services,Asset Management,NYSE,91.06,47,45,45,58,7.83,131815910.99860573,16791836.0,0.0037,-12.42,68816,73238,74017,
3093,RPT,Real Estate,REIT - Mortgage,NYSE,91.05,47,41,31,63,14.72,112935352.8445015,7772564.0,0.1008,-17.95,21172,23687,21922,
3094,CCAQ,Financial Services,Shell Companies,NASDAQ,91.05,47,48,54,48,10.39,210218934.01638508,20232813.0,0.0001,-1.05,1850,4966,6368,
3095,RANG,Financial Services,Shell Companies,NASDAQ,91.05,47,48,52,53,10.62,170157869.49396133,16037500.0,0.0001,-8.68,13310,51530,36904,
3096,NXE,Energy,Uranium,NYSE,91.05,47,87,93,78,9.27,6804428671.131116,661909421.0,7.1,-33.6,7089517,6419742,5986269,
3097,QUMS,Financial Services,Shell Companies,NASDAQ,91.04,47,47,51,45,10.2,116633010.82629204,11406651.0,0.00090000004,-0.29,21010,10230,8182,
3098,EML,Industrials,Tools & Accessories,NASDAQ,91.02,47,62,35,17,21.68,129664651.0,6030914.0,0.053200003,-19.01,21777,18335,16159,-0.057
3099,EL,Consumer Defensive,Household & Personal Products,NYSE,91.01,47,37,65,85,85.39,30206256680.47268,361794915.0,0.033,-29.8,4157890,3967070,4053426,0.046
3100,PACHU,Financial Services,Shell Companies,NASDAQ,91.01,47,46,51,49,10.31,,,0.01,-7.95,525,571,359,
3101,XRPNU,Financial Services,Shell Companies,NASDAQ,91.01,47,56,59,54,10.77,,,25.71,-22.18,30270,10130,6180,
3102,CRAC,Financial Services,Shell Companies,NASDAQ,91.0,47,47,50,44,10.11,226148054.82029915,22368750.0,0.0004,0.0,10857,38719,94195,
3103,GTERU,Financial Services,Shell Companies,NASDAQ,91.0,47,46,54,50,10.44,,,0.03,-5.43,70,253,6388,
3104,JQC,Financial Services,Asset Management,NYSE,90.99,47,42,41,40,4.81,708041886.7712412,147816679.0,0.0008,-13.8,660730,601056,663884,-0.009
3105,COST,Consumer Defensive,Discount Stores,NASDAQ,90.99,47,55,66,30,983.37,431003743078.05615,443478804.0,0.0166,-10.32,2828815,2294251,2101439,0.215
3106,PMTRU,Financial Services,Shell Companies,NASDAQ,90.99,47,40,52,47,10.78,,,13.04,-13.06,590,576,484,
3107,JPC,Financial Services,Asset Management,NYSE,90.99,47,53,58,58,7.78,2896408596.959279,370858978.0,0.0081,-6.27,920126,953138,957747,
3108,TACO,Financial Services,Shell Companies,NASDAQ,90.99,47,46,46,40,10.39,390945377.86245346,37518750.0,0.0002,-4.2,100131,93137,100432,
3109,FIGX,Financial Services,Shell Companies,NASDAQ,90.98,47,47,51,46,10.24,197926864.42950153,19385589.0,0.02,0.0,63521,39790,25284,
3110,CDE,Basic Materials,Gold,NYSE,90.98,47,87,95,94,15.41,16869851464.729013,1030534551.0,0.045100003,-44.51,28841538,22872146,21533335,1.378
3111,HVII,Financial Services,Shell Companies,NASDAQ,90.97,47,47,51,52,10.43,271423371.131691,26023333.0,0.04,-5.1,199789,76806,56627,
3112,TACH,Financial Services,Shell Companies,NASDAQ,90.97,47,47,51,49,10.39,357756949.2815685,34432814.0,0.21,-0.86,123008,44579,29583,
3113,PACH,Financial Services,Shell Companies,NASDAQ,90.97,47,46,52,47,10.25,323523735.5232239,31625000.0,0.0001,0.2,11060,7976,10816,
3114,UA,Consumer Cyclical,Apparel Manufacturing,NYSE,90.97,47,29,80,16,5.53,2297891110.959486,426324892.0,8.2,-30.06,2794254,3136346,2899614,-0.008
3115,PSF,Financial Services,Asset Management,NYSE,90.96,47,46,51,54,19.45,234309077.25393295,12028187.0,0.0011,-8.25,45730,54540,50794,
3116,NOEM,Financial Services,Shell Companies,NASDAQ,90.96,47,50,53,54,10.41,100075225.97765923,9585750.0,0.001,-0.86,406,6238,4739,
3117,LKSP,Financial Services,Shell Companies,NASDAQ,90.96,47,47,49,44,10.13,158973465.08595943,15693333.0,1.41,-0.1,6068,12809,10793,
3118,CRAQ,Financial Services,Shell Companies,NASDAQ,90.95,47,46,51,49,10.27,400055876.9245148,38991800.0,0.08,-1.63,6009,14256,9367,
3119,DB,Financial Services,Banks - Regional,NYSE,90.95,47,32,39,88,30.99,60283786765.79841,1913163641.0,0.0019,-23.35,3054617,3066549,3063739,0.012
3120,APXTU,Financial Services,Shell Companies,NASDAQ,90.94,47,43,47,43,10.25,,,33.42,-1.54,1060,596,558,
3121,SDHI,Financial Services,Shell Companies,NASDAQ,90.94,47,48,51,48,10.4,363360350.63171387,34838000.0,0.0002,-0.48,14201,28483,21774,
3122,LWAC,Financial Services,Shell Companies,NASDAQ,90.93,46,47,49,45,10.21,307065751.1472702,30075000.0,0.06,-0.0,2070,5476,5488,
3123,SZZLU,Financial Services,Shell Companies,NASDAQ,90.93,46,48,57,48,10.46,,,5.64,-15.51,0,23,2080,
3124,SBXD,Financial Services,Shell Companies,NYSE,90.93,46,50,52,49,10.8,274404893.2027817,25455000.0,0.0,-7.22,10317,5502,27007,
3125,SVAC,Financial Services,Shell Companies,NASDAQ,90.93,46,44,47,48,10.35,320466664.30079746,30666667.0,0.0019,-13.75,136619,134646,158443,
3126,HAVA,Financial Services,Shell Companies,NASDAQ,90.93,46,47,50,44,10.09,209208133.68555737,20693189.0,0.00029999999,-0.2,150,16793,12620,
3127,FLC,Financial Services,Asset Management,NYSE,90.92,46,46,58,57,16.74,174838039.93987083,10456821.0,0.649,-7.46,16319,24529,23849,-0.014
3128,FERA,Financial Services,Shell Companies,NASDAQ,90.92,46,47,50,52,10.4,325173324.8727131,31266667.0,0.0,-0.95,9506,29448,90381,
3129,MACI,Financial Services,Shell Companies,NASDAQ,90.91,46,49,54,50,10.77,234594606.94799423,21621622.0,0.11,-5.32,3906,23858,16759,
3130,SIG,Consumer Cyclical,Luxury Goods,NYSE,90.91,46,34,71,57,85.92,3275777662.0774918,39329783.0,0.2157,-22.03,1128010,891813,831064,0.008
3131,MMTX,Financial Services,Shell Companies,NASDAQ,90.91,46,46,49,44,10.09,88987247.32646942,8828100.0,0.0001,-0.0,4640,8710,11492,
3132,QETAU,Financial Services,Shell Companies,NASDAQ,90.9,46,63,57,52,11.2,,,0.0,-18.78,1710,1056,644,
3133,TVAIU,Financial Services,Shell Companies,NASDAQ,90.9,46,50,51,50,10.41,,,0.85,-28.94,2770,1663,1000,
3134,VNMEU,Financial Services,Shell Companies,NASDAQ,90.89,46,47,53,48,10.28,,,0.0,-9.19,100,743,1826,
3135,GEF,Consumer Cyclical,Packaging & Containers,NYSE,90.88,46,47,65,72,64.51,3612938732.809456,56816146.0,1.0,-16.37,195260,200793,199414,-0.005
3136,LWACU,Financial Services,Shell Companies,NASDAQ,90.88,46,47,50,49,10.3,,,0.0,-1.9,0,90,54,
3137,APAC,Financial Services,Shell Companies,NASDAQ,90.88,46,47,50,45,10.11,81631231.14389133,8050417.0,0.004,-0.39,1396,3385,2647,
3138,AMBA,Technology,Semiconductor Equipment & Materials,NASDAQ,90.88,46,66,25,63,62.63,2786507131.2812614,43868185.0,0.0665,-35.23,2560507,1532532,1209603,0.169
3139,ALIS,Financial Services,Shell Companies,NASDAQ,90.88,46,46,48,44,10.1,85117753.21483612,8427500.0,0.001,-0.0,23902,10910,7170,
3140,EVAC,Financial Services,Shell Companies,NYSE,90.88,46,45,50,46,10.16,594706966.2980442,58447858.0,0.02,-0.39,69777,105025,105205,
3141,BEAGU,Financial Services,Shell Companies,NASDAQ,90.87,46,41,50,54,10.92,,,0.0,-13.54,6775,2625,2141,
3142,BBDO,Financial Services,Banks - Regional,NYSE,90.86,46,65,81,82,2.86,30760772908.771492,10570712028.0,0.0001,-24.74,94103,84524,72256,0.105
3143,ORI,Financial Services,Insurance - Property & Casualty,NYSE,90.86,46,50,62,78,38.4,9294022281.876602,243554044.0,0.0468,-17.88,1445402,1346560,1388934,0.135
3144,TVA,Financial Services,Shell Companies,NASDAQ,90.86,46,41,49,56,10.46,315600013.73291016,30000000.0,0.0005,-14.75,26304,58881,49098,
3145,KBONU,Financial Services,Shell Companies,NASDAQ,90.85,46,45,52,45,10.27,,,0.33,-7.44,26471,10987,11324,
3146,MRP,Real Estate,REIT - Residential,NYSE,90.85,46,32,64,72,28.8,4803766578.783806,166047927.0,0.0369,-20.0,1502160,1682090,1470380,1.357
3147,IPCX,Financial Services,Shell Companies,NASDAQ,90.85,46,46,46,42,10.33,355764786.03957367,34473333.0,0.0001,-0.19,56127,63052,67531,
3148,MMT,Financial Services,Asset Management,NYSE,90.84,46,47,53,55,4.47,246609088.66887665,54924076.0,0.88,-8.21,125941,110530,108042,-0.014
3149,HVMC,Financial Services,Shell Companies,NASDAQ,90.84,46,45,51,46,10.2,298511488.78097534,29410000.0,0.0004,0.49,2110,9846,16298,
3150,FSS,Industrials,Farm & Heavy Construction Machinery,NYSE,90.83,46,48,59,64,110.65,6496130111.125122,61002256.0,0.0838,-16.74,490070,461053,454802,0.349
3151,INAC,Financial Services,Shell Companies,NASDAQ,90.83,46,48,51,47,10.19,150796103.94001007,14755000.0,0.0001,-0.49,3111,4370,3652,
3152,TDWD,Financial Services,Shell Companies,NASDAQ,90.82,46,45,48,44,10.04,236156343.7128067,23545000.0,0.0005,-0.99,54761,20033,17264,
3153,OESX,Industrials,Electrical Equipment & Parts,NASDAQ,90.81,46,38,50,95,9.34,38618148.41693115,4056528.0,0.0128999995,-49.89,81644,54791,49828,0.077
3154,FFC,Financial Services,Asset Management,NYSE,90.81,46,48,50,60,15.71,766510318.0086365,48177896.0,0.41,-7.59,160882,130510,118450,-0.012
3155,KVUE,Consumer Defensive,Household & Personal Products,NYSE,90.81,46,31,39,26,18.05,34003351752.459564,1920008668.0,0.037,-21.08,22145516,20927535,19720707,0.045
3156,TLF,Consumer Cyclical,Specialty Retail,NASDAQ,90.8,46,50,61,24,2.31,18893079.536358118,8143569.0,0.0401,-38.89,31033,42041,34222,0.032
3157,SOCA,Financial Services,Shell Companies,NASDAQ,90.8,46,48,49,47,10.2,242273613.92883682,23590419.0,0.0001,-0.68,5642,4127,5722,
3158,STC,Financial Services,Insurance - Property & Casualty,NYSE,90.79,46,39,37,57,66.34,2003014929.603653,30427083.0,0.0249,-15.61,184213,164924,178282,0.277
3159,IGACU,Financial Services,Shell Companies,NASDAQ,90.79,46,45,48,44,10.19,,,0.0,-8.51,450,340,632,
3160,BLUWU,Financial Services,Shell Companies,NASDAQ,90.79,46,48,55,57,10.6,,,19.75,-17.51,2367,789,511,
3161,WYNN,Consumer Cyclical,Resorts & Casinos,NASDAQ,90.79,46,27,42,80,105.26,10843637794.325157,103786729.0,0.1079,-21.87,1410540,1519523,1458186,0.092
3162,CHEC,Financial Services,Shell Companies,NASDAQ,90.79,46,46,49,44,10.15,175337863.4602375,17274667.0,0.1,-3.88,41010,14900,10290,
3163,GSHR,Financial Services,Shell Companies,NASDAQ,90.79,46,47,53,49,10.4,212722725.79737663,20454109.0,0.05,-7.14,1840,4916,6068,
3164,PRVA,Healthcare,Health Information Services,NASDAQ,90.78,46,51,37,61,22.9,2725647543.866207,126012374.0,0.0402,-13.62,981190,1067043,949490,0.258
3165,RNP,Financial Services,Asset Management,NYSE,90.78,46,52,56,32,20.41,1003201632.789423,48000079.0,0.00029999999,-11.22,147829,102409,99367,-0.002
3166,IPCXU,Financial Services,Shell Companies,NASDAQ,90.77,46,41,49,46,10.64,,,71.62,-6.99,0,183,126,
3167,SKWD,Financial Services,Insurance - Property & Casualty,NASDAQ,90.77,46,31,32,39,48.95,1863359230.2817154,40543065.0,0.034,-22.57,370549,395419,390441,0.448
3168,EARN,Financial Services,Asset Management,NYSE,90.76,46,40,34,36,4.71,175070602.26745605,37568800.0,0.031400003,-22.53,425379,418969,402669,
3169,JHI,Financial Services,Asset Management,NYSE,90.75,46,44,51,54,13.31,114903350.58220196,8744547.0,0.0008,-8.27,16249,23666,21361,0.055
3170,BLZRU,Financial Services,Shell Companies,NASDAQ,90.75,46,45,49,51,10.28,,,0.0,-6.55,40,466,850,
3171,MBVIU,Financial Services,Shell Companies,NASDAQ,90.75,46,43,48,50,10.25,0.0,0.0,0.0,-2.38,200,216,200,
3172,KOYN,Financial Services,Shell Companies,NASDAQ,90.74,46,46,49,44,10.12,319681702.821517,31557917.0,0.05,-0.2,8931,5717,8100,
3173,EMIS,Financial Services,Shell Companies,NASDAQ,90.74,46,45,49,46,10.15,159809190.0954008,15775833.0,0.0008,0.0,520,670,3288,
3174,IPAR,Consumer Defensive,Household & Personal Products,NASDAQ,90.73,46,28,34,15,98.36,2922992924.36158,32025781.0,0.0779,-31.03,224775,239625,252131,0.018
3175,OYSE,Financial Services,Shell Companies,NASDAQ,90.73,46,47,50,46,10.27,348299373.29471207,33914251.0,0.0002,-0.1,4800,20633,13380,
3176,CHSCP,Consumer Defensive,Farm Products,NASDAQ,90.72,46,50,56,48,27.74,,,1.67,-9.26,13712,11254,13336,0.072
3177,HCMA,Financial Services,Shell Companies,NASDAQ,90.72,46,42,47,44,10.24,346104004.3009472,33733333.0,0.0001,-2.38,84721,47047,30890,
3178,AEAQU,Financial Services,Shell Companies,NASDAQ,90.72,46,45,49,44,10.15,,,51.02,-4.02,8885,2961,1805,
3179,GPAT,Financial Services,Shell Companies,NASDAQ,90.72,46,47,53,51,10.83,389203122.25818634,35937500.0,0.0,-3.39,1000,108176,179130,
3180,PAII,Financial Services,Shell Companies,NYSE,90.72,46,46,50,50,10.2,351824442.02106,34492593.0,0.0,-0.2,4060,7033,8712,
3181,HVMCU,Financial Services,Shell Companies,NASDAQ,90.71,46,47,50,47,10.27,,,0.0,-6.64,140,360,4368,
3182,FTHY,Financial Services,Asset Management,NYSE,90.69,46,43,48,48,13.35,487242104.25,36772989.0,0.0037,-10.88,136029,97739,101337,
3183,EAF,Industrials,Electrical Equipment & Parts,NYSE,90.68,45,41,7,77,7.82,227137555.43553543,26047884.0,0.026099999,-61.52,293170,267840,253606,0.119
3184,GSHRU,Financial Services,Shell Companies,NASDAQ,90.68,45,45,53,48,10.47,,,,-1.23,461,160,98,
3185,FLWS,Consumer Cyclical,Specialty Retail,NASDAQ,90.67,45,49,19,19,4.22,278187426.0006523,64098483.0,0.39419997,-50.0,396971,697457,889682,-0.116
3186,BALL,Consumer Cyclical,Packaging & Containers,NYSE,90.67,45,51,78,42,54.72,14089764874.608078,266246511.0,0.0276,-19.87,3395015,3012188,2744815,0.163
3187,REAL,Consumer Cyclical,Luxury Goods,NASDAQ,90.65,45,57,78,95,9.12,1068726133.5712738,120487728.0,0.1591,-47.56,2767260,3792266,3397872,0.185
3188,ALDF,Financial Services,Shell Companies,NASDAQ,90.64,45,47,51,52,10.65,318693845.6587639,29868214.0,0.0001,-0.28,2894,19814,14752,
3189,OTGA,Financial Services,Shell Companies,NASDAQ,90.64,45,44,47,43,10.17,358393994.61746216,35275000.0,0.03,-0.0,29500,49206,37882,
3190,TMO,Healthcare,Diagnostics & Research,NYSE,90.62,45,31,39,77,482.04,175702624115.60516,371621465.0,0.0128999995,-25.15,2564279,2450179,2282655,0.062
3191,AIIA,Financial Services,Shell Companies,NYSE,90.62,45,47,53,44,10.15,195600606.62269592,19290000.0,0.0011,-0.88,40528,22149,16245,
3192,RJET,Industrials,Airlines,NASDAQ,90.61,45,79,55,75,17.76,826071928.0575562,46829476.0,0.0272,-33.48,182788,187172,156177,0.336
3193,ALF,Financial Services,Shell Companies,NASDAQ,90.61,45,49,53,51,10.8,390640620.8872795,35937500.0,0.01,-0.83,213036,120568,84879,
3194,SELF,Real Estate,REIT - Specialty,NASDAQ,90.59,45,58,53,43,5.13,57908183.20067024,11421732.0,0.0117999995,-11.7,17750,17770,24464,0.015
3195,BLUW,Financial Services,Shell Companies,NASDAQ,90.58,45,46,52,52,10.31,333418550.14038086,32308000.0,0.01,-0.96,30528,19249,30959,
3196,BTZ,Financial Services,Asset Management,NYSE,90.58,45,41,45,55,10.14,942577051.3004551,93324457.0,0.00090000004,-9.3,229412,277727,276884,-0.037
3197,JENA,Financial Services,Shell Companies,NYSE,90.57,45,47,48,46,10.33,299021991.15753174,28975000.0,0.00059999997,-1.62,6964,6204,6568,
3198,HGTY,Financial Services,Insurance - Property & Casualty,NYSE,90.57,45,29,36,75,10.82,1063833451.2827625,101802246.0,0.0199,-22.71,174257,172909,168885,-0.05
3199,HOMB,Financial Services,Banks - Regional,NYSE,90.56,45,32,38,44,27.61,5462332200.792871,201413423.0,0.0651,-10.44,1466672,1412010,1510548,0.024
3200,CCIIU,Financial Services,Shell Companies,NASDAQ,90.56,45,43,49,48,10.43,,,0.1,-15.34,2509,1016,5199,
3201,LEG,Consumer Cyclical,"Furnishings, Fixtures & Appliances",NYSE,90.54,45,34,62,78,10.21,1365688915.786911,136432456.0,0.1864,-21.46,2454996,2812462,3244285,-0.102
3202,RAC,Financial Services,Shell Companies,NYSE,90.54,45,46,53,53,10.42,305849789.7675867,29267923.0,0.0,-0.48,46465,23371,60261,
3203,FPF,Financial Services,Asset Management,NYSE,90.53,45,51,56,52,17.79,1085525242.9646416,60847827.0,0.0011,-9.92,96112,93707,96236,
3204,PDO,Financial Services,Asset Management,NYSE,90.53,45,42,53,62,12.99,1860861525.629322,142485564.0,0.15,-8.84,542191,675327,646016,
3205,ORC,Real Estate,REIT - Mortgage,NYSE,90.52,45,57,68,63,6.55,1334656522.040265,200700226.0,0.0552,-22.02,5068233,4648964,5458650,
3206,TVACU,Financial Services,Shell Companies,NASDAQ,90.52,45,36,51,64,10.6,,,2.15,-16.67,216,275,261,
3207,SPMC,Financial Services,Asset Management,NYSE,90.52,45,27,13,20,11.75,237850346.74150944,20628825.0,5.71,-36.83,25791,27787,34032,-0.333
3208,FERAU,Financial Services,Shell Companies,NASDAQ,90.52,45,43,51,50,10.62,,,0.0,-7.65,170,56,34,
3209,FIGXU,Financial Services,Shell Companies,NASDAQ,90.51,45,44,50,48,10.27,,,0.53,-9.16,70,63,376,
3210,OGC,Basic Materials,Gold,NYSE,90.51,45,90,96,97,24.02,5761944192.25,223764823.0,3.44,-44.56,162837,279689,255805,0.985
3211,ERH,Financial Services,Asset Management,NYSE ARCA,90.5,45,58,69,62,11.57,105014397.32228184,8832161.0,0.23,-11.48,25312,28300,25540,-0.06
3212,ERC,Financial Services,Asset Management,NYSE ARCA,90.5,45,48,48,57,8.95,251081513.5991621,28053801.0,0.77,-8.49,84145,93551,78707,-0.066
3213,GTENU,Financial Services,Shell Companies,NASDAQ,90.5,45,41,47,51,10.49,,,0.05,-7.33,40,476,622,
3214,GCMG,Financial Services,Asset Management,NASDAQ,90.5,45,35,30,34,11.23,646703699.453435,60383165.0,0.0349,-15.05,483563,410981,411324,-0.012
3215,HOV,Consumer Cyclical,Residential Construction,NYSE,90.49,45,23,43,25,111.92,638696073.0,5859597.0,0.0797,-30.94,88787,112685,115115,-0.027
3216,FSUN,Financial Services,Banks - Regional,NASDAQ,90.49,45,40,40,45,36.38,1667098181.7725372,46736705.0,0.0294,-14.08,173663,186211,242508,0.101
3217,PMTR,Financial Services,Shell Companies,NASDAQ,90.49,45,43,49,45,10.4,321972338.09280396,30825500.0,0.04,-5.45,40735,37281,25175,
3218,EXPE,Consumer Cyclical,Travel Services,NASDAQ,90.48,45,52,68,90,218.94,27470653569.805298,120022077.0,0.0744,-27.93,1544596,1705335,1664799,0.147
3219,LADR,Real Estate,REIT - Mortgage,NYSE,90.48,45,40,37,54,10.31,1306044440.878189,127668084.0,0.018099999,-13.51,823315,699801,872479,0.017
3220,PIM,Financial Services,Asset Management,NYSE,90.48,45,44,48,44,3.18,154671736.44808674,48184341.0,0.0026,-9.14,86197,81559,87855,-0.118
3221,LKSPU,Financial Services,Shell Companies,NASDAQ,90.48,45,45,48,51,10.21,,,1.05,-1.47,200,113,204,
3222,WEA,Financial Services,Asset Management,NYSE,90.47,45,43,50,53,10.51,124232835.16845703,11865600.0,0.23,-8.13,36044,35268,34058,0.02
3223,GIWWU,Financial Services,Shell Companies,NASDAQ,90.47,45,51,53,50,10.32,,,2.33,-3.28,0,400,266,
3224,LPBB,Financial Services,Shell Companies,NASDAQ,90.47,45,48,52,49,10.62,307337487.9360199,28750000.0,0.0001,-0.75,25637,32049,31003,
3225,GPATU,Financial Services,Shell Companies,NASDAQ,90.47,45,48,53,50,10.88,,,,-12.68,400,196,118,
3226,TDWDU,Financial Services,Shell Companies,NASDAQ,90.46,45,46,52,43,10.2,,,526.25,-3.09,1135,378,229,
3227,SDHIU,Financial Services,Shell Companies,NASDAQ,90.46,45,49,53,48,10.53,,,5.13,-7.22,10,36,54,
3228,DRDB,Financial Services,Shell Companies,NASDAQ,90.46,45,47,51,52,10.52,323226669.0101595,30666667.0,0.0,-0.38,75371,198287,129844,
3229,GTEN,Financial Services,Shell Companies,NASDAQ,90.46,45,44,47,45,10.37,468779982.8052521,45075000.0,0.01,-1.52,37391,49953,43872,
3230,ALDFU,Financial Services,Shell Companies,NASDAQ,90.46,45,41,52,45,10.8,,,0.01,-17.56,2869,1596,1009,
3231,CASH,Financial Services,Banks - Regional,NASDAQ,90.45,45,50,78,39,81.55,1686480603.3754578,21110034.0,0.127,-19.46,206895,191595,200867,-0.037
3232,DMO,Financial Services,Asset Management,NYSE,90.45,45,51,50,52,10.65,122613078.20907593,11427128.0,1.06,-12.06,48102,39027,39232,-0.015
3233,HRL,Consumer Defensive,Packaged Foods,NYSE,90.45,45,23,32,25,24.29,12998439793.422693,550314959.0,0.0848,-23.76,8850454,6304214,5738734,-0.029
3234,TSLA,Consumer Cyclical,Auto Manufacturers,NASDAQ,90.44,45,66,67,87,381.59,1468488033561.0,3755723871.0,0.0225,-23.5,46268951,51105270,58569650,0.158
3235,INSE,Consumer Cyclical,Gambling,NASDAQ,90.44,45,27,25,52,8.01,202135004.63267565,27059573.0,0.0479,-19.5,140213,109261,106820,-0.101
3236,SOCAU,Financial Services,Shell Companies,NASDAQ,90.43,45,45,50,53,10.31,,,0.01,-4.71,200,96,212,
3237,MCN,Financial Services,Asset Management,NYSE,90.43,45,52,57,42,5.71,122476991.62769508,21116722.0,0.54,-10.64,98916,72428,66713,
3238,WSO,Industrials,Industrial Distribution,NYSE,90.42,45,47,40,20,375.66,15296502884.754639,41188278.0,0.0,-24.1,396707,370432,435245,0.001
3239,GO,Consumer Defensive,Grocery Stores,NASDAQ,90.41,45,13,8,13,9.24,846778113.8296051,98922672.0,0.3789,-52.4,2557973,3314264,3160748,0.036
3240,BEAG,Financial Services,Shell Companies,NASDAQ,90.39,45,43,52,55,10.63,332910343.58406067,31318000.0,0.00029999999,-2.92,127759,62796,84971,
3241,SABA,Financial Services,Asset Management,NYSE,90.39,45,52,43,43,8.25,231272474.31134033,27730512.0,0.0011,-12.79,39287,50215,57031,-0.167
3242,GIW,Financial Services,Shell Companies,NASDAQ,90.38,44,44,49,43,10.05,366544179.8064928,36472057.0,0.0002,-0.35,11804,23164,20336,
3243,APXT,Financial Services,Shell Companies,NASDAQ,90.38,44,44,48,43,10.04,461438398.24676514,45960000.0,0.00059999997,-0.2,114183,134384,96142,
3244,ISOU,Energy,Uranium,NYSE ARCA,90.38,44,86,89,47,9.31,612352236.3281021,60628932.0,15.19,-31.44,140099,121053,116747,
3245,MTW,Industrials,Farm & Heavy Construction Machinery,NYSE,90.37,44,59,66,82,11.77,425528584.0984192,35909584.0,0.0342,-24.36,263355,249211,221065,0.05
3246,DYOR,Financial Services,Shell Companies,NASDAQ,90.37,44,44,47,43,10.05,232300008.7738037,23000000.0,0.0001,-4.01,13456,11512,12713,
3247,ASUR,Technology,Software - Application,NASDAQ,90.37,44,50,43,44,8.87,254119258.53294277,28681633.0,0.041500002,-22.74,105700,84576,80772,0.227
3248,HIO,Financial Services,Asset Management,NYSE,90.37,44,43,47,42,3.59,339504191.2014425,95099215.0,0.23,-11.36,310251,315460,327890,-0.017
3249,EHI,Financial Services,Asset Management,NYSE,90.36,44,44,55,49,5.94,179374474.95168686,30299742.0,0.00090000004,-11.34,94952,90120,85938,0.104
3250,INEO,Consumer Cyclical,Auto Parts,NASDAQ,90.36,44,20,15,9,0.7,9089987.147020161,16527249.0,0.0001,-66.67,166375,102795,120335,-0.206
3251,TDS,Communication Services,Telecom Services,NYSE,90.36,44,58,75,59,39.92,4458365982.627869,113850000.0,0.0005,-18.73,1018080,1117863,956482,0.065
3252,OCSL,Financial Services,Asset Management,NASDAQ,90.36,44,40,28,37,12.0,1049979440.8803921,88085523.0,0.0361,-18.75,671158,765586,932109,-0.093
3253,BCSS,Financial Services,Shell Companies,NYSE,90.36,44,43,48,45,10.21,597431973.2666016,58400000.0,0.0002,-0.24,44780,83733,75734,
3254,WENN,Financial Services,Shell Companies,NASDAQ,90.35,44,43,46,41,10.28,386067936.06877327,37518750.0,0.01,-1.15,27482,59364,53634,
3255,NPCT,Financial Services,Asset Management,NYSE,90.34,44,57,54,45,9.92,284674489.030838,28755000.0,0.0058999998,-12.29,126435,128691,118983,
3256,LPBBU,Financial Services,Shell Companies,NASDAQ,90.34,44,43,51,49,10.73,,,,-8.05,30,23,14,
3257,TGHL,Technology,Software - Infrastructure,NASDAQ,90.34,44,10,6,0,0.55,15154586.209933281,25299811.0,0.0172,-87.06,14315063,4792937,2921944,-0.652
3258,GSRF,Financial Services,Shell Companies,NASDAQ,90.34,44,44,47,41,10.15,298465813.78269196,29405500.0,0.02,-0.49,650,19010,16670,
3259,PNFP,Financial Services,Banks - Regional,NYSE,90.32,44,45,28,38,93.11,14553096694.806885,151106812.0,0.0354,-22.7,1330477,1091352,1284381,1.564
3260,FSHPU,Financial Services,Shell Companies,NASDAQ,90.31,44,51,56,43,10.91,,,0.0,-18.58,605,536,321,
3261,BSL,Financial Services,Asset Management,NYSE,90.31,44,44,42,45,12.98,167827005.29004097,13019938.0,0.0014,-9.55,51783,38517,38238,-0.142
3262,CRACU,Financial Services,Shell Companies,NASDAQ,90.3,44,45,50,46,10.23,,,12.01,-4.93,174,71,302,
3263,TXNM,Utilities,Utilities - Regulated Electric,NYSE,90.3,44,56,59,65,57.45,6568261760.521042,110707257.0,0.0746,-3.49,1820305,1587898,1420307,0.046
3264,NTIC,Basic Materials,Specialty Chemicals,NASDAQ,90.29,44,42,56,26,7.97,75936008.0,9492001.0,0.0025,-20.54,13725,16635,15025,0.153
3265,SNDX,Healthcare,Biotechnology,NASDAQ,90.29,44,81,92,91,17.58,1536497881.700817,88610027.0,0.2493,-31.3,2164920,1876196,1725498,2.236
3266,BRBS,Financial Services,Banks - Regional,NYSE ARCA,90.28,44,40,60,84,3.32,298506874.51774573,89911711.0,0.0326,-30.62,212800,207480,372186,-0.1
3267,UG,Consumer Defensive,Household & Personal Products,NASDAQ,90.27,44,46,37,15,6.9,32206177.241556168,4594319.0,0.003,-30.16,5556,5692,4873,0.158
3268,DMIIU,Financial Services,Shell Companies,NASDAQ,90.27,44,43,48,45,10.11,,,0.08,-6.39,1140,2326,2158,
3269,AACBU,Financial Services,Shell Companies,NASDAQ,90.27,44,45,55,55,10.61,295806250.0,25175000.0,0.5,-19.07,1170,390,236,
3270,OMF,Financial Services,Credit Services,NYSE,90.24,44,37,31,81,54.52,6395793573.234497,115530952.0,0.0372,-24.2,1045241,1142243,1150838,0.091
3271,CEPF,Financial Services,Shell Companies,NASDAQ,90.24,44,43,49,50,10.32,589216523.9810944,57150000.0,0.0001,-3.28,97091,78550,77480,
3272,KRSP,Financial Services,Shell Companies,NYSE,90.24,44,42,47,43,10.45,478887069.39056015,46002601.0,0.0008,-5.0,50242,29450,39338,
3273,LAFAU,Financial Services,Shell Companies,NASDAQ,90.23,44,42,48,45,10.15,139433157.52824497,13683333.0,0.0,-8.56,2918,1066,2803,
3274,OACC,Financial Services,Shell Companies,NASDAQ,90.23,44,46,52,52,10.66,261806469.8224182,24582768.0,0.0014,-0.71,6810,2913,8350,
3275,BIXIU,Financial Services,Shell Companies,NASDAQ,90.22,44,45,47,44,10.1,,,0.06,-3.81,1010,1733,5154,
3276,DNMX,Financial Services,Shell Companies,NASDAQ,90.21,44,44,47,43,10.02,268870008.94332504,26833333.0,0.0001,-0.1,32473,15847,16282,
3277,CCII,Financial Services,Shell Companies,NASDAQ,90.2,44,42,49,47,10.3,356300545.7913475,34693333.0,0.0002,-1.58,39401,55793,59862,
3278,FMY,Financial Services,Asset Management,NYSE,90.2,44,41,47,50,11.58,48872135.60717583,4213115.0,1.18,-6.54,2977,3529,3849,-0.116
3279,NPAC,Financial Services,Shell Companies,NASDAQ,90.2,44,43,46,43,10.36,397345053.3949375,38390825.0,0.0034,-1.8,30866,56225,54781,
3280,BLRKU,Financial Services,Shell Companies,NASDAQ,90.2,44,43,47,44,10.09,,,80.29,-8.19,100,56,90,
3281,RDAG,Financial Services,Shell Companies,NASDAQ,90.2,44,42,46,41,10.34,387750005.7220459,37500000.0,0.0001,-18.2,35207,42689,50259,
3282,BUSEP,Financial Services,Banks - Regional,NASDAQ,90.18,44,47,50,51,25.66,,,1.3,-3.71,30887,20152,19069,1.434
3283,DFP,Financial Services,Asset Management,NYSE,90.18,44,49,58,53,20.16,413843452.7153225,20538137.0,0.45,-8.82,77854,60534,57708,
3284,AIRTP,Industrials,Conglomerates,NASDAQ,90.18,44,66,69,73,18.09,,,1.03,-13.86,1460,1813,1984,-0.087
3285,AXS,Financial Services,Insurance - Specialty,NYSE,90.18,44,42,49,68,99.88,7284592769.171631,73723236.0,0.0207,-9.48,637697,606889,579085,0.08
3286,LMT,Industrials,Aerospace & Defense,NYSE,90.17,44,53,86,49,525.02,120759997577.67773,230563608.0,0.013200001,-24.13,1128601,1255720,1333324,0.003
3287,OBAWU,Financial Services,Shell Companies,NASDAQ,90.17,44,44,52,51,10.25,,,53.67,-8.85,0,90,284,
3288,EVH,Healthcare,Health Information Services,NYSE,90.16,44,38,8,5,4.47,474670079.140533,112481067.0,0.1344,-62.95,2710114,2728234,2758120,0.026
3289,OPP,Financial Services,Asset Management,NYSE,90.15,44,48,47,42,7.57,188925388.93005323,24990131.0,1.23,-14.17,78807,87035,88295,
3290,DAAQ,Financial Services,Shell Companies,NASDAQ,90.15,44,42,46,40,10.34,236667322.65205383,22910680.0,0.00059999997,-8.01,41110,48083,45050,
3291,MESHU,Financial Services,Shell Companies,NASDAQ,90.15,44,44,48,44,10.07,,,0.03,-4.1,15820,7230,4968,
3292,BGB,Financial Services,Asset Management,NYSE,90.15,44,45,44,48,11.28,503976175.2694893,44678740.0,0.0022,-10.83,130441,126817,126760,
3293,BBUC,Industrials,Conglomerates,NYSE,90.14,44,46,44,76,32.04,6791542737.786896,206492638.0,0.0121,-16.24,336491,292053,274608,-0.046
3294,RNGTU,Financial Services,Shell Companies,NASDAQ,90.14,44,43,49,50,10.2,,,137.03,-3.77,140,80,156,
3295,SLDE,Financial Services,Insurance - Property & Casualty,NASDAQ,90.14,44,57,52,53,17.1,1917721751.8194695,114559246.0,0.101,-33.98,867518,1402719,1466481,0.382
3296,ORIQU,Financial Services,Shell Companies,NASDAQ,90.14,44,44,49,57,10.3,146054002.70462036,14180000.0,0.0,-3.65,500,173,108,
3297,AERT,Industrials,Consulting Services,NASDAQ,90.13,44,74,11,14,0.5,39263998.17536044,50209716.0,0.0064999997,-67.06,248647,178212,300115,-0.008
3298,AQN,Utilities,Utilities - Diversified,NYSE,90.13,44,39,72,76,5.91,4625690095.602463,769665544.0,3.06,-16.88,5142452,4554357,4349370,0.144
3299,EVOX,Financial Services,Shell Companies,NASDAQ,90.12,44,44,49,44,10.01,320959991.4550781,32000000.0,0.0004,-0.79,28032,24884,25088,
3300,EXFY,Technology,Software - Application,NASDAQ,90.11,44,12,5,11,1.25,110903834.55073607,96438119.0,0.052600004,-52.65,1121912,827247,738664,-0.058
3301,LIDR,Technology,Software - Infrastructure,NASDAQ,90.1,43,86,84,95,1.61,83366673.79153728,46314820.0,0.1025,-75.0,1287965,1502388,3409181,0.578
3302,CEPV,Financial Services,Shell Companies,NASDAQ,90.1,43,43,45,42,10.29,327437006.0634613,31790000.0,0.02,-0.68,31478,30269,36181,
3303,MMTXU,Financial Services,Shell Companies,NASDAQ,90.09,43,44,48,44,10.1,77710412.93506622,7694100.0,1.22,-9.58,0,30,30,
3304,SCIIU,Financial Services,Shell Companies,NASDAQ,90.09,43,44,51,45,10.18,155295904.65545654,15255000.0,0.61,-9.87,0,40,362,
3305,CKX,Energy,Oil & Gas E&P,NYSE ARCA,90.09,43,40,57,24,10.59,21065104.009923935,2053129.0,0.00059999997,-20.08,7581,11737,9076,-0.51
3306,RNGT,Financial Services,Shell Companies,NASDAQ,90.07,43,43,46,44,10.07,315772811.0499649,31326668.0,0.08,-0.4,2871,4203,7742,
3307,BKV,Energy,Oil & Gas E&P,NYSE,90.06,43,63,77,71,25.81,2838582638.905361,109386611.0,0.0956,-21.33,649845,791958,822795,0.389
3308,GPACU,Financial Services,Shell Companies,NASDAQ,90.06,43,45,47,44,10.09,,,0.0,-3.9,0,106,112,
3309,KCHVU,Financial Services,Shell Companies,NASDAQ,90.05,43,44,61,53,10.51,,,1412.0,-4.45,10,10,12,
3310,LFACU,Financial Services,Shell Companies,NASDAQ,90.04,43,43,48,44,10.09,,,3.97,-3.81,100,100,170,
3311,ATO,Utilities,Utilities - Regulated Gas,NYSE,90.03,43,61,76,67,169.27,28416431414.197968,166919822.0,0.023,-12.07,2281089,1628616,1280991,0.006
3312,NATH,Consumer Cyclical,Restaurants,NASDAQ,90.03,43,48,57,44,101.4,416974190.20584106,4094405.0,0.0638,-14.43,21276,21312,21093,0.089
3313,MBVI,Financial Services,Shell Companies,NASDAQ,90.03,43,43,46,42,10.13,437287514.80579376,43125000.0,0.04,-3.52,29028,25662,23961,
3314,GDO,Financial Services,Asset Management,NYSE,90.03,43,45,48,62,10.67,79856037.75947285,7519401.0,0.93,-12.18,34499,25469,25811,
3315,QS,Consumer Cyclical,Auto Parts,NASDAQ,90.02,43,57,47,93,7.0,4718162779.851845,615145076.0,0.19,-63.29,21613023,23935544,22979824,
3316,PEP,Consumer Defensive,Beverages - Non-Alcoholic,NASDAQ,90.02,43,52,69,62,144.32,193996259391.77634,1366940966.0,0.020299999,-15.84,9429891,7472227,6869224,0.085
3317,CIF,Financial Services,Asset Management,NYSE,90.02,43,41,47,58,1.61,28822197.716089964,17901986.0,0.05,-11.54,93535,74288,71331,0.007
3318,SYY,Consumer Defensive,Food Distribution,NYSE,90.01,43,32,72,40,78.54,36480551602.10925,478182608.0,0.033099998,-14.49,3194003,3510271,4680166,0.047
3319,NPACU,Financial Services,Shell Companies,NASDAQ,90.0,43,44,49,50,10.42,,,0.0,-4.17,690,413,390,
3320,PAI,Financial Services,Asset Management,NYSE,90.0,43,41,46,46,12.1,114797320.50748444,9510963.0,0.34,-11.42,20987,21622,20059,0.031
3321,JHS,Financial Services,Asset Management,NYSE,90.0,43,41,48,53,11.07,128578297.95571804,11646585.0,0.4,-8.44,13646,17382,16775,0.026
3322,EVOXU,Financial Services,Shell Companies,NASDAQ,90.0,43,43,49,43,10.2,,,0.85,-0.97,1377,1698,1140,
3323,CCM,Healthcare,Medical Care Facilities,NYSE,89.98,43,68,21,27,4.63,20753436.850929737,4341723.0,0.0054,-57.01,42489,55649,33995,0.574
3324,MWA,Industrials,Specialty Industrial Machinery,NYSE,89.98,43,35,68,41,25.63,3963412419.132204,156471079.0,0.030199999,-17.32,1224300,1197086,1227928,0.055
3325,LATA,Financial Services,Shell Companies,NASDAQ,89.97,43,42,46,41,10.09,231839998.24523926,23000000.0,0.01,-1.08,5730,12446,9342,
3326,TWLVU,Financial Services,Shell Companies,NASDAQ,89.97,43,42,49,43,10.1,,,5.05,-2.98,19960,6656,4030,
3327,FCRS,Financial Services,Shell Companies,NYSE,89.96,43,45,44,41,10.2,367999991.774559,35937500.0,0.01,-6.59,110334,85134,91148,
3328,SVV,Consumer Cyclical,Specialty Retail,NYSE,89.96,43,15,28,32,9.52,1384335525.1753654,153986158.0,0.2077,-31.46,1034154,1238064,1142578,0.089
3329,RRC,Energy,Oil & Gas E&P,NYSE,89.96,43,66,75,32,39.14,9212829615.468979,235622250.0,0.111,-18.98,2878845,2564191,3077109,0.261
3330,ABNB,Consumer Cyclical,Travel Services,NASDAQ,89.95,43,63,50,53,129.1,79256643432.70677,593504923.0,0.0337,-12.33,3772062,3953737,3675552,0.179
3331,APP,Communication Services,Advertising Agencies,NASDAQ,89.95,43,59,44,93,492.98,187185505202.02423,335939521.0,0.040999997,-33.88,4623156,4920912,4612909,0.59
3332,UAA,Consumer Cyclical,Apparel Manufacturing,NYSE,89.95,43,28,79,16,5.7,2370366375.125494,426324892.0,0.3096,-30.06,6659270,8788976,8047208,-0.008
3333,AUC,Financial Services,Capital Markets,NASDAQ,89.94,43,67,14,18,6.69,74771954.25,10313373.0,0.0002,-54.67,2740,4650,5426,3.0
3334,WH,Consumer Cyclical,Lodging,NYSE,89.93,43,49,39,30,76.71,6135565036.183182,74860482.0,0.1003,-17.24,1203185,1221485,1188589,0.035
3335,LBTYK,Communication Services,Telecom Services,NASDAQ,89.93,43,53,62,32,11.37,3830643935.4152126,338097437.0,0.059299998,-13.34,1381904,1203798,1362608,0.088
3336,PPL,Utilities,Utilities - Regulated Electric,NYSE,89.93,43,50,72,46,35.58,26889003200.675102,752350362.0,0.059499998,-11.29,9609357,9410202,8299759,0.108
3337,FULTP,Financial Services,Banks - Regional,NASDAQ,89.92,43,41,48,47,18.31,,,0.41,-12.1,10656,10312,10607,0.042
3338,DIBS,Communication Services,Internet Content & Information,NASDAQ,89.92,43,74,90,95,4.06,144514065.3814659,35333511.0,0.024300002,-38.72,114821,245440,203260,-0.007
3339,MAYS,Real Estate,Real Estate Services,NASDAQ,89.89,43,63,74,40,41.12,84743393.04550171,2015780.0,0.0044,-33.67,285,1028,1119,-0.077
3340,PACB,Healthcare,Medical Devices,NASDAQ,89.88,43,27,37,89,1.37,450372462.4106426,310601688.0,0.2218,-49.82,6669974,6209674,6287670,0.001
3341,UHT,Real Estate,REIT - Healthcare Facilities,NYSE,89.88,43,50,65,58,40.27,571674648.1862411,13875598.0,0.0416,-9.91,96634,73631,67448,0.003
3342,IONR,Basic Materials,Other Industrial Metals & Mining,NASDAQ,89.87,43,59,30,72,3.65,323197255.6061735,80197826.0,0.0052,-55.49,78975,80561,96889,
3343,NTWOU,Financial Services,Shell Companies,NASDAQ,89.86,43,43,48,61,10.65,,,0.25,-3.09,18,9,5,
3344,VBF,Financial Services,Asset Management,NYSE,89.86,43,42,48,48,14.95,170462328.75166512,11425089.0,0.0018000001,-6.45,61788,65102,58095,-0.042
3345,PPT,Financial Services,Asset Management,NYSE,89.85,43,43,53,46,3.44,328752332.74841833,95567537.0,0.0011,-8.75,108906,116098,122795,-0.191
3346,IGI,Financial Services,Asset Management,NYSE,89.84,43,44,46,45,15.96,95658670.18863964,5993651.0,0.0032,-6.61,22186,22778,19991,
3347,DNMXU,Financial Services,Shell Companies,NASDAQ,89.83,43,43,47,43,10.15,,,0.0,-7.73,1280,2246,1622,
3348,BTMD,Healthcare,Medical Care Facilities,NASDAQ,89.8,43,26,6,12,2.27,70975531.89663291,30331425.0,0.0738,-52.21,213419,220276,244075,-0.083
3349,TISI,Industrials,Specialty Business Services,NYSE,89.8,43,33,27,31,16.34,81004885.90108109,4571382.0,0.0056,-23.39,16744,11688,9476,0.083
3350,EOS,Financial Services,Asset Management,NYSE,89.79,43,50,43,45,21.78,1179350296.5445805,53316015.0,0.02,-11.07,129365,129301,136541,-0.003
3351,PCSC,Financial Services,Shell Companies,NASDAQ,89.79,43,38,48,69,11.24,122959921.20027542,11067500.0,0.0864,-22.32,176189,75043,67881,
3352,PCAP,Financial Services,Shell Companies,NASDAQ,89.78,43,42,45,40,10.28,325670391.54052734,31680000.0,0.0008,-9.98,22500,27726,45554,
3353,CPK,Utilities,Utilities - Regulated Gas,NYSE,89.76,43,41,61,52,124.52,2971309287.277313,24004761.0,0.0359,-11.43,140736,130788,130321,0.182
3354,DNA,Healthcare,Biotechnology,NYSE,89.74,43,29,22,27,7.94,536967333.463521,65324491.0,0.0877,-54.84,1645591,1439533,1274474,-0.491
3355,BDCIU,Financial Services,Shell Companies,NASDAQ,89.73,43,41,47,49,10.18,,,0.02,-3.51,40,110,182,
3356,BCPC,Basic Materials,Specialty Chemicals,NASDAQ,89.72,43,36,62,38,161.65,5137882192.422974,32129836.0,0.0159,-12.1,229054,195494,200926,0.081
3357,DYORU,Financial Services,Shell Companies,NASDAQ,89.71,43,43,47,42,10.13,202600002.28881836,20000000.0,0.0,-11.99,80,740,1608,
3358,OACCU,Financial Services,Shell Companies,NASDAQ,89.69,43,44,49,54,10.73,,,,-13.95,410,336,202,
3359,PRTH,Technology,Software - Infrastructure,NASDAQ,89.68,43,46,21,14,6.05,479307103.5372019,82355170.0,0.0402,-31.95,242752,246564,241768,0.111
3360,CUBWU,Financial Services,Shell Companies,NASDAQ,89.67,42,45,46,37,11.05,,,0.23,-14.34,783,292,177,
3361,GRX,Financial Services,Asset Management,NYSE,89.67,42,40,52,53,9.16,136208684.02068996,15050683.0,0.0005,-8.86,22232,20674,20648,
3362,MCRP,Technology,Computer Hardware,NYSE ARCA,89.66,42,69,96,9,2.01,78499005.75,34888447.0,0.0063,-56.45,135952,150260,115742,0.8
3363,BLZR,Financial Services,Shell Companies,NASDAQ,89.65,42,42,45,42,10.11,347531238.19828033,34375000.0,0.0001,-0.59,15443,28537,32470,
3364,COHN,Financial Services,Capital Markets,NYSE ARCA,89.65,42,72,92,96,11.45,28797213.520417213,2510655.0,0.0073,-64.88,15989,32776,31575,1.073
3365,BGT,Financial Services,Asset Management,NYSE,89.63,42,41,40,37,10.73,318229764.67544556,29824720.0,0.0041,-15.91,136607,102082,113531,-0.044
3366,ONCH,Financial Services,Shell Companies,NASDAQ,89.62,42,41,46,45,10.23,220177372.32605457,21541667.0,0.03,-3.75,4480,12080,9352,
3367,RANGU,Financial Services,Shell Companies,NASDAQ,89.6,42,47,48,57,10.83,,,,-8.99,40,20,12,
3368,DSACU,Financial Services,Shell Companies,NASDAQ,89.59,42,42,49,44,10.1,,,0.0,-8.18,1130,670,932,
3369,DEC,Energy,Oil & Gas Integrated,NYSE,89.59,42,74,63,39,14.34,999510347.1486282,72323471.0,0.033299997,-24.13,937606,769628,800267,0.66
3370,EAT,Consumer Cyclical,Restaurants,NYSE,89.56,42,34,41,49,147.41,6024019271.342926,42887790.0,0.1975,-21.22,844335,1162758,1150381,0.032
3371,FLGT,Healthcare,Diagnostics & Research,NASDAQ,89.55,42,15,16,86,18.93,543871919.6160221,28400623.0,0.1509,-39.01,556666,591842,529853,-0.032
3372,MCGAU,Financial Services,Shell Companies,NASDAQ,89.54,42,39,46,41,10.33,,,2.15,-17.36,2145,1091,1175,
3373,DRVN,Consumer Cyclical,Auto & Truck Dealerships,NASDAQ,89.53,42,20,14,28,13.54,2144128233.0,164932941.0,0.1838,-31.41,988729,1755916,1599799,0.041
3374,OPXS,Industrials,Aerospace & Defense,NASDAQ,89.53,42,46,84,91,12.18,84701654.94099617,6959873.0,0.0095999995,-31.42,42385,43375,40767,-0.103
3375,MCR,Financial Services,Asset Management,NYSE,89.52,42,44,48,54,5.93,248463074.1902876,41688435.0,0.14,-9.88,109045,84291,89879,-0.001
3376,RDAGU,Financial Services,Shell Companies,NASDAQ,89.51,42,42,45,46,10.48,41500798.18725586,3960000.0,0.0,-10.66,30,626,2524,
3377,FTF,Financial Services,Asset Management,NYSE ARCA,89.5,42,45,48,44,5.77,233543070.19738483,40405374.0,0.35,-11.91,244674,200041,179982,-0.089
3378,CPHC,Consumer Cyclical,Resorts & Casinos,NASDAQ,89.46,42,40,41,23,15.78,80860242.81765175,5150334.0,0.0047999998,-26.98,1871,1413,1426,0.028
3379,ETJ,Financial Services,Asset Management,NYSE,89.46,42,41,49,50,8.28,561296913.8494377,67301787.0,0.56,-9.21,137872,129254,144694,
3380,TECH,Healthcare,Biotechnology,NASDAQ,89.46,42,23,31,46,52.5,8140009627.28545,156568751.0,0.106000006,-27.25,3020368,3322662,2790377,-0.015
3381,GRF,Financial Services,Asset Management,NYSE ARCA,89.44,42,44,60,79,9.98,39321254.154556274,3967836.0,0.01,-15.78,4149,5379,3903,-0.02
3382,GAB,Financial Services,Asset Management,NYSE,89.44,42,40,52,66,5.56,1720917827.3516665,311196702.0,0.01,-11.84,1140967,1246935,1227153,0.194
3383,AON,Financial Services,Insurance Brokers,NYSE,89.44,42,35,34,40,336.33,70166434794.25595,213576949.0,0.0135,-11.72,1615391,1550650,1428712,0.065
3384,ZJK,Industrials,Specialty Industrial Machinery,NASDAQ,89.43,42,67,14,6,2.6,158875956.8702743,64322249.0,0.002,-46.5,22025,32995,40747,0.455
3385,FNWD,Financial Services,Banks - Regional,NASDAQ,89.4,42,35,73,80,34.15,140550854.69579315,4329971.0,0.040599998,-14.6,10087,9559,7951,0.155
3386,KRNT,Industrials,Specialty Industrial Machinery,NASDAQ,89.4,42,43,31,16,15.32,705765443.4970131,46340477.0,0.015800001,-33.97,187461,310213,307558,0.045
3387,DBL,Financial Services,Asset Management,NYSE,89.4,42,40,45,52,14.4,284122603.0972824,19771928.0,0.83,-10.06,56452,53340,73968,
3388,BLCO,Healthcare,Medical Instruments & Supplies,NYSE,89.4,42,60,65,70,15.26,5512052108.280783,356536358.0,0.0556,-19.32,562631,520067,469444,0.094
3389,MSD,Financial Services,Asset Management,NYSE,89.38,42,50,59,44,7.21,145462925.9276433,20231283.0,0.25,-9.19,138252,99640,95690,-0.516
3390,WM,Industrials,Waste Management,NYSE,89.37,42,39,64,44,224.28,88507293289.77612,401575752.0,0.0168,-9.61,2274714,2191921,2075164,0.035
3391,ESNT,Financial Services,Insurance - Specialty,NYSE,89.37,42,39,41,65,58.81,5293260151.847305,92152860.0,0.036199998,-12.34,975914,816241,708306,0.058
3392,CRBG,Financial Services,Asset Management,NYSE,89.37,42,24,21,46,27.18,12267851908.827774,456733121.0,0.078200005,-25.68,5313663,7382974,6427082,0.021
3393,NXRT,Real Estate,REIT - Residential,NYSE,89.37,42,35,28,21,28.56,1495332849.067812,51545427.0,0.0495,-18.91,180677,173602,185345,0.005
3394,LPAAU,Financial Services,Shell Companies,NASDAQ,89.36,42,44,56,51,10.74,,,0.5,-1.83,0,3,6,
3395,VREX,Healthcare,Medical Devices,NASDAQ,89.36,42,30,54,53,10.53,425258040.08104324,42146485.0,0.0346,-27.7,399277,484175,386029,0.015
3396,BHR,Real Estate,REIT - Hotel & Motel,NYSE,89.36,42,46,36,50,2.54,171698295.0,68679318.0,0.0147,-20.38,284579,322726,322575,-0.032
3397,CRSP,Healthcare,Biotechnology,NASDAQ,89.35,42,63,43,69,49.44,5105417210.547485,98484128.0,0.3241,-37.0,1825213,1702101,1733814,0.686
3398,BDCI,Financial Services,Shell Companies,NASDAQ,89.35,42,40,45,41,10.06,349204009.9774008,34746667.0,0.0001,-1.95,33259,45979,35661,
3399,WENNU,Financial Services,Shell Companies,NASDAQ,89.35,42,41,44,40,10.41,,,0.0,-12.59,4580,5486,8264,
3400,TREX,Industrials,Building Products & Equipment,NYSE,89.35,42,25,27,10,42.79,4119584763.386879,103898729.0,0.0951,-37.79,1829586,2076078,1918509,0.01
3401,IZEA,Communication Services,Internet Content & Information,NASDAQ,89.34,42,76,65,92,3.64,64974532.87808132,17513351.0,0.0052,-37.87,41080,58046,56232,-0.175
3402,FBRX,Healthcare,Biotechnology,NASDAQ,89.34,42,94,97,95,16.82,338310066.21445847,20478817.0,0.0592,-53.02,322590,252326,314562,
3403,BDX,Healthcare,Medical Instruments & Supplies,NYSE,89.34,42,35,60,45,147.79,41650691954.37918,275540427.0,0.0348,-21.12,2350608,3025556,2894951,0.052
3404,TIMB,Communication Services,Telecom Services,NYSE,89.32,42,56,85,80,21.58,10304714986.687256,477733664.0,0.0092,-23.53,301895,380538,401561,0.065
3405,FRPH,Real Estate,Real Estate Services,NASDAQ,89.32,42,30,35,25,24.04,451268291.05091095,19170275.0,0.0207,-14.08,56356,77372,65573,-0.036
3406,FITBP,Financial Services,Banks - Regional,NASDAQ,89.3,42,42,47,53,23.55,,,2.01,-7.65,10299,11199,12311,0.33
3407,BANF,Financial Services,Banks - Regional,NASDAQ,89.29,42,33,36,31,114.05,3706929625.437767,33586387.0,0.040900003,-17.81,155289,139693,133031,0.083
3408,SBRA,Real Estate,REIT - Healthcare Facilities,NASDAQ,89.29,42,69,74,62,18.82,4655428922.813072,252190095.0,0.1713,-11.56,3514875,2704715,2360887,0.217
3409,AB,Financial Services,Asset Management,NYSE,89.28,42,48,55,64,37.02,3480227406.004734,93403853.0,0.0046,-16.07,312232,337970,291148,
3410,IPHA,Healthcare,Biotechnology,NASDAQ,89.27,42,14,20,27,1.75,160574626.06212616,93903288.0,0.0026,-33.46,16282,112244,77886,-0.467
3411,EBS,Healthcare,Drug Manufacturers - Specialty & Generic,NYSE,89.26,42,34,61,93,8.24,416382092.97406006,51596296.0,0.1891,-41.39,857550,813560,734078,-0.297
3412,ARDC,Financial Services,Asset Management,NYSE,89.26,42,39,36,37,12.56,299575000.0,23966000.0,0.68,-16.43,127335,129245,130423,
3413,BXMT,Real Estate,REIT - Mortgage,NYSE,89.25,42,43,46,63,18.23,3095342656.3476562,168683520.0,0.0691,-11.8,1045352,1434147,1423206,0.349
3414,AQB,Consumer Defensive,Farm Products,NASDAQ,89.25,42,50,57,52,0.98,5044260.018175125,5147204.0,0.014099999,-66.78,30571,37897,36062,
3415,PFN,Financial Services,Asset Management,NYSE,89.24,42,42,46,55,6.82,675410709.8467612,98600105.0,0.45,-11.08,329166,406635,407531,-0.034
3416,EVLV,Industrials,Security & Protection Services,NASDAQ,89.23,42,72,40,87,5.84,1063040005.653801,179871410.0,0.047199998,-34.46,2546814,3186321,2834100,0.447
3417,PG,Consumer Defensive,Household & Personal Products,NYSE,89.22,42,34,48,30,149.05,341232878602.2157,2328598978.0,0.0127,-10.88,9440585,8504768,8580379,0.074
3418,RCG,Financial Services,Asset Management,NYSE ARCA,89.22,42,60,78,44,2.74,19503884.879276752,7015786.0,0.0036000002,-17.22,5358,6532,7323,-0.462
3419,FIZZ,Consumer Defensive,Beverages - Non-Alcoholic,NASDAQ,89.21,41,31,36,21,37.11,3418507923.371624,93632103.0,0.1105,-22.51,335263,296007,260860,-0.009
3420,BCSF,Financial Services,Asset Management,NYSE,89.2,41,49,32,36,12.93,829668202.0554628,64868507.0,0.0187,-19.19,427774,360924,383126,-0.01
3421,BIT,Financial Services,Asset Management,NYSE,89.2,41,38,43,41,12.53,714425142.8012352,57062709.0,0.0023999999,-17.13,265610,268360,283428,
3422,HIG,Financial Services,Insurance - Diversified,NYSE,89.19,41,43,60,69,129.26,36223646387.483826,274130820.0,0.0002,-10.55,2147288,1791826,1620715,0.061
3423,WLK,Basic Materials,Specialty Chemicals,NYSE,89.19,41,71,86,23,87.12,10844325901.95996,128122944.0,0.1096,-29.87,897080,1123933,1089440,-0.068
3424,SPE,Financial Services,Asset Management,NYSE,89.17,41,50,49,54,13.64,147236910.7928295,10623154.0,0.61,-14.7,41958,36602,42131,-0.461
3425,AWF,Financial Services,Asset Management,NYSE,89.17,41,39,43,46,10.1,870057464.1776047,86229678.0,0.09,-11.64,305185,514471,425215,-0.011
3426,HTGC,Financial Services,Asset Management,NYSE,89.16,41,36,25,56,15.5,2859172005.233946,187118590.0,0.0579,-21.2,1488907,1796285,1823183,0.184
3427,SUI,Real Estate,REIT - Residential,NYSE,89.16,41,46,68,44,126.64,15242412634.18634,123230757.0,0.0355,-8.13,1427083,1000821,892266,0.086
3428,PLMKU,Financial Services,Shell Companies,NASDAQ,89.15,41,40,41,77,10.88,297198083.1260681,27316000.0,0.02,-11.76,0,106,1070,
3429,AMRN,Healthcare,Drug Manufacturers - General,NASDAQ,89.14,41,59,80,76,14.76,292099694.7692642,20969109.0,0.0301,-29.38,104310,83763,71514,0.074
3430,EVAX,Healthcare,Biotechnology,NASDAQ,89.14,41,87,78,97,3.79,29607762.852307558,8340215.0,0.0047,-68.81,31550,29750,30970,
3431,ONCHU,Financial Services,Shell Companies,NASDAQ,89.14,41,41,46,46,10.32,,,0.12,-9.11,5621,7560,6694,
3432,TPVG,Financial Services,Asset Management,NYSE,89.14,41,57,28,40,5.56,218016523.32381535,40598981.0,0.0571,-26.16,207796,264338,331253,0.014
3433,LWAY,Consumer Defensive,Packaged Foods,NASDAQ,89.13,41,58,29,36,23.83,360652562.62957764,15281888.0,0.16450001,-30.32,127905,148241,122701,0.367
3434,NTES,Communication Services,Electronic Gaming & Multimedia,NASDAQ,89.13,41,38,37,69,125.52,76552686386.95929,640715469.0,0.0081,-21.33,854324,1066938,882924,0.061
3435,HY,Industrials,Farm & Heavy Construction Machinery,NYSE,89.13,41,42,29,20,33.9,617919490.0512466,17915902.0,0.0298,-23.91,67402,87347,78584,-0.127
3436,NIM,Financial Services,Asset Management,NYSE,89.12,41,44,66,54,9.22,114508690.02600002,12446597.0,0.0008,-7.24,11559,20286,18425,0.035
3437,AXP,Financial Services,Credit Services,NYSE,89.11,41,35,37,80,313.34,211971535281.13406,682326443.0,0.0232,-19.14,2950151,3055317,3054492,0.116
3438,WDI,Financial Services,Asset Management,NYSE,89.11,41,47,46,44,13.19,686278187.3820305,51912116.0,0.35,-13.68,207422,176184,182904,
3439,ARL,Real Estate,Real Estate Services,NYSE,89.11,41,25,48,51,15.27,223059720.60766697,16152043.0,0.0221,-23.65,9413,7374,5362,0.042
3440,VHI,Basic Materials,Chemicals,NYSE,89.1,41,32,40,15,14.22,401609525.79388523,28302293.0,0.024,-28.9,11743,14727,13542,0.04
3441,SMA,Real Estate,REIT - Industrial,NYSE,89.08,41,37,43,32,32.89,1711341260.0019264,55365295.0,0.073,-17.3,749565,687175,670359,0.131
3442,VMC,Basic Materials,Building Materials,NYSE,89.06,41,34,43,62,272.67,36510430174.868774,129754885.0,0.0374,-17.64,1364213,1183747,1106092,0.074
3443,AGYS,Technology,Software - Application,NASDAQ,89.06,41,16,15,74,91.15,2493309904.526497,28166629.0,0.048499998,-37.25,349413,426134,364370,0.117
3444,EOI,Financial Services,Asset Management,NYSE,89.05,41,46,57,46,19.24,798714032.2708893,41001748.0,0.04,-10.84,72086,73212,92381,-0.051
3445,AACG,Consumer Defensive,Education & Training Services,NASDAQ,89.05,41,64,43,19,1.05,47096995.03223097,43208251.0,0.0011999999,-59.3,9290,11733,13202,-0.117
3446,GEN,Technology,Software - Infrastructure,NASDAQ,89.05,41,23,20,36,24.62,15831962096.7785,602433854.0,0.0589,-23.59,7753306,8428458,7614409,0.27
3447,PCF,Financial Services,Asset Management,NYSE,89.02,41,38,37,42,5.57,103127643.78385544,18716450.0,0.0011999999,-14.44,51830,55813,63966,-0.358
3448,GHY,Financial Services,Asset Management,NYSE,89.02,41,39,45,40,11.84,481702757.0552559,40961118.0,0.68,-13.83,121308,137766,143369,
3449,KGC,Basic Materials,Gold,NYSE,89.02,41,85,92,95,23.66,31309549299.9301,1194109463.0,2.06,-39.5,8508094,7840941,7960596,0.608
3450,DLO,Technology,Software - Infrastructure,NASDAQ,89.02,41,60,45,79,11.78,3307584987.5671406,294269133.0,0.1089,-29.8,2360593,2745344,2347020,0.549
3451,LMAT,Healthcare,Medical Instruments & Supplies,NASDAQ,89.0,41,64,84,33,92.34,2158937897.4284134,22850739.0,0.0635,-21.75,299317,300202,246485,0.112
3452,HLF,Consumer Defensive,Packaged Foods,NYSE,88.99,41,81,90,93,11.32,1184941456.517395,103669416.0,0.088999994,-44.51,1602427,1541482,1379359,0.078
3453,U,Technology,Software - Application,NYSE,88.98,41,47,13,90,26.66,12733725895.794977,436534997.0,0.0859,-48.88,10500147,10948712,11569631,0.168
3454,TCBIO,Financial Services,Banks - Regional,NASDAQ,88.97,41,54,71,51,20.32,,,0.81,-11.44,16143,17094,21976,0.169
3455,NDAQ,Financial Services,Financial Data & Stock Exchanges,NASDAQ,88.95,41,58,46,67,86.72,49360400159.08258,565540798.0,0.018,-14.8,3562039,3159959,3228673,0.137
3456,NRP,Energy,Thermal Coal,NYSE,88.95,41,43,73,47,105.0,1398050998.4259338,13250412.0,0.0431,-18.35,80187,52429,39341,-0.153
3457,IRIX,Healthcare,Medical Devices,NASDAQ,88.95,41,23,83,28,1.13,18973105.20100522,17406518.0,0.0026,-31.52,82109,65229,306801,-0.008
3458,FOXX,Technology,Consumer Electronics,NASDAQ,88.94,41,48,19,21,4.78,35628431.11709976,7041192.0,0.0034999999,-46.17,9696247,3239169,1948891,-0.044
3459,SOMN,Utilities,Utilities - Regulated Electric,NYSE,88.94,41,44,62,40,50.96,,,16.56,-5.61,62765,70171,109035,0.08
3460,BRC,Industrials,Security & Protection Services,NYSE,88.94,41,33,72,64,77.87,4175606448.3008575,47112790.0,0.0211,-21.57,549065,422688,357747,0.138
3461,BA,Industrials,Aerospace & Defense,NYSE,88.93,41,61,66,62,209.0,169839734808.2422,788302331.0,0.0021,-17.83,6514352,6912947,6745056,0.14
3462,ANY,Financial Services,Capital Markets,NASDAQ,88.93,41,15,4,11,2.86,26862452.626356125,6649122.0,0.036,-77.3,17517052,5987457,3633874,-0.32
3463,BHK,Financial Services,Asset Management,NYSE,88.91,41,38,44,39,8.92,642073376.1562195,72224224.0,0.0014,-11.86,260851,321017,286032,0.173
3464,TAC,Utilities,Utilities - Independent Power Producers,NYSE,88.9,41,50,58,69,12.38,3775912635.55674,297784901.0,0.0179,-30.76,2185950,1638773,1423260,-0.255
3465,PHK,Financial Services,Asset Management,NYSE,88.9,41,43,52,59,4.5,846558720.0868607,186466680.0,0.28,-10.71,663690,681936,671366,-0.015
3466,VRNS,Technology,Software - Infrastructure,NASDAQ,88.9,41,22,12,12,32.9,3839366034.3400917,117447727.0,0.085200004,-48.51,1720308,2341179,2319149,0.269
3467,EAD,Financial Services,Asset Management,NYSE ARCA,88.9,41,44,50,52,6.45,379963710.33612823,59092336.0,0.63,-10.17,194639,159376,176041,-0.094
3468,ARCC,Financial Services,Asset Management,NASDAQ,88.89,41,35,34,40,19.04,13491649914.919548,718022845.0,0.056199998,-18.7,5101299,5216599,5789345,0.042
3469,CHE,Healthcare,Medical Care Facilities,NYSE,88.89,41,29,27,23,434.42,5861711536.748779,13274104.0,0.0558,-22.81,204784,213704,233372,0.016
3470,CNNE,Consumer Cyclical,Restaurants,NYSE,88.87,41,26,16,25,14.33,634500888.2018299,43940506.0,0.11270001,-34.74,412121,464723,497780,-0.068
3471,HYI,Financial Services,Asset Management,NYSE,88.87,41,40,46,38,10.61,135059591.13118458,12814003.0,0.26,-12.53,78720,65330,73752,
3472,JBLU,Industrials,Airlines,NASDAQ,88.86,41,33,30,35,4.61,1804291600.4215136,372018894.0,0.2019,-29.08,23646389,25267053,26351069,0.047
3473,EDTK,Consumer Defensive,Education & Training Services,NASDAQ,88.84,41,54,54,29,1.0,15610862.283830166,15929451.0,0.0001,-15.25,1803,1397,1352,
3474,ETY,Financial Services,Asset Management,NYSE,88.84,41,48,43,53,14.31,2305859954.0636635,159244477.0,0.22,-10.73,228229,278839,294185,-0.005
3475,SKY,Consumer Cyclical,Residential Construction,NYSE,88.83,40,22,47,63,75.13,4104413279.3049774,54893854.0,0.067,-24.24,711820,801130,661296,0.046
3476,SNY,Healthcare,Drug Manufacturers - General,NASDAQ,88.83,40,31,32,40,43.57,107767450051.82016,2393768302.0,0.0031,-17.29,2495792,2591050,2662158,0.06
3477,NMAX,Communication Services,Broadcasting,NYSE,88.83,40,18,9,7,8.97,1176653431.6062117,129160645.0,0.92370003,-46.13,1692719,1468026,2013821,0.14
3478,TG,Industrials,Metal Fabrication,NYSE,88.83,40,42,57,33,7.89,269065717.0012636,34898277.0,0.0095999995,-25.07,154405,192575,185635,0.132
3479,FRA,Financial Services,Asset Management,NYSE,88.81,40,37,38,34,11.0,386238848.68271255,35434758.0,0.0034999999,-17.97,156481,126950,131470,
3480,TDF,Financial Services,Asset Management,NYSE,88.8,40,57,60,67,10.65,274481185.2939205,25181761.0,0.0013,-12.7,86511,67287,58062,-0.201
3481,BGH,Financial Services,Asset Management,NYSE,88.8,40,41,40,47,13.9,279346333.94566727,20082411.0,0.0021,-17.75,89813,80054,89036,
3482,SBH,Consumer Cyclical,Specialty Retail,NYSE,88.8,40,36,76,83,13.08,1152534503.6009102,95408486.0,0.2802,-27.01,1329525,1642518,1470195,0.023
3483,LAKE,Consumer Cyclical,Apparel Manufacturing,NASDAQ,88.78,40,23,19,7,11.35,91479481.20770931,9857703.0,0.2061,-42.59,247343,156271,136284,-0.017
3484,EXK,Basic Materials,Silver,NYSE,88.77,40,92,92,94,7.42,2368550416.0,296068802.0,2.54,-51.02,6522970,7694506,7582516,2.302
3485,MSN,Technology,Consumer Electronics,NYSE ARCA,88.77,40,49,38,32,0.4,8206633.978982449,21042652.0,0.0069,-52.94,223812,156030,114764,-0.528
3486,WFG,Basic Materials,Lumber & Wood Production,NYSE,88.77,40,26,41,20,65.93,5168052252.0,78303822.0,11.43,-16.07,207128,181546,177275,-0.086
3487,RJF,Financial Services,Asset Management,NYSE,88.75,40,37,37,50,150.59,29515034904.56418,194883034.0,0.0545,-15.24,1319188,1283182,1362777,0.131
3488,OMC,Communication Services,Advertising Agencies,NYSE,88.75,40,59,58,57,73.98,21463815924.94409,285006196.0,0.1155,-15.13,3226290,3863313,4088274,0.692
3489,ARES,Financial Services,Asset Management,NYSE,88.74,40,22,13,50,128.31,28336378759.913666,225518332.0,0.14850001,-34.29,2627602,2766504,3014678,0.283
3490,DSL,Financial Services,Asset Management,NYSE,88.74,40,43,44,36,10.82,1246533526.7116213,114571095.0,0.002,-14.6,407772,475857,501590,
3491,BV,Industrials,Specialty Business Services,NYSE,88.73,40,31,33,27,12.88,1148223971.5576172,93200000.0,0.3443,-24.7,584533,666497,575336,0.061
3492,ATMU,Consumer Cyclical,Auto Parts,NYSE,88.72,40,66,84,83,47.46,3749581157.0177765,81672428.0,0.048600003,-28.63,814902,1083317,1351664,0.146
3493,ITP,Basic Materials,Paper & Paper Products,NYSE ARCA,88.72,40,25,25,62,0.21,3053775.72134614,16965420.0,0.010199999,-46.15,2399681,988043,2099800,0.021
3494,SR,Utilities,Utilities - Regulated Gas,NYSE,88.7,40,60,77,73,80.26,4870041162.590881,59116792.0,0.045300003,-15.79,530401,466630,415170,0.045
3495,FRMM,Technology,Software - Application,NASDAQ,88.7,40,14,3,6,5.53,74023765.32908249,14542979.0,0.2463,-96.83,316481,378087,1466824,
3496,EFR,Financial Services,Asset Management,NYSE,88.69,40,37,38,38,10.55,310883689.65634346,29523618.0,0.02,-13.6,155513,139451,136014,-0.165
3497,TCI,Real Estate,Real Estate Services,NYSE,88.68,40,19,44,91,39.18,319741107.66919327,8639317.0,0.0092,-34.32,3268,3472,5191,0.028
3498,MCGA,Financial Services,Shell Companies,NASDAQ,88.68,40,39,42,35,10.23,241236186.93535995,23581251.0,0.0022,-13.89,19588,48539,42803,
3499,EVMN,Healthcare,Biotechnology,NYSE,88.67,40,43,79,19,20.49,717485992.9079838,36018373.0,0.1278,-38.28,415277,419412,362057,
3500,AGCO,Industrials,Farm & Heavy Construction Machinery,NYSE,88.67,40,45,72,56,108.71,8429076893.237946,72408527.0,0.0348,-24.39,755626,740258,713449,0.143
3501,TSN,Consumer Defensive,Farm Products,NYSE,88.67,40,71,66,58,56.13,20680559618.267952,352129402.0,0.042600002,-19.21,4466356,3442188,3002125,0.044
3502,MGEE,Utilities,Utilities - Regulated Electric,NASDAQ,88.66,40,31,34,31,77.73,2855901917.0918884,37746521.0,0.0559,-15.04,322019,365226,290163,0.108
3503,BWMN,Industrials,Engineering & Construction,NASDAQ,88.65,40,44,31,73,30.63,567950866.9167862,17507734.0,0.0468,-33.17,98878,122199,109983,0.12
3504,CNSP,Healthcare,Biotechnology,NASDAQ,88.65,40,67,2,8,4.61,7307245.0,1461449.0,0.0211,-64.1,24975,2935865,1771733,
3505,ACGL,Financial Services,Insurance - Diversified,NASDAQ,88.65,40,44,51,59,91.31,31860837382.721924,349389588.0,0.0271,-11.68,2717764,2623414,2353224,-0.033
3506,WRB,Financial Services,Insurance - Property & Casualty,NYSE,88.65,40,33,49,53,68.15,25527015399.630157,372276732.0,0.0001,-13.69,2711927,2147785,2100469,0.04
3507,PHM,Consumer Cyclical,Residential Construction,NYSE,88.64,40,32,59,62,118.49,22553584485.859108,190486353.0,0.0584,-18.0,1392630,1689400,1828200,-0.124
3508,UFI,Consumer Cyclical,Textile Manufacturing,NYSE,88.64,40,41,30,13,4.01,76393616.42166615,18587254.0,0.0087,-24.91,59934,49361,38268,-0.113
3509,BMRN,Healthcare,Biotechnology,NASDAQ,88.62,40,31,52,26,56.17,10972757633.738594,193284438.0,0.0589,-15.25,2626501,2410847,2081316,0.028
3510,ONCY,Healthcare,Biotechnology,NASDAQ,88.62,40,67,78,75,0.8,100257413.14981502,119354067.0,0.0639,-47.02,2300970,1394023,1344998,
3511,DLNG,Energy,Oil & Gas Midstream,NYSE,88.6,40,56,50,41,3.78,135704901.7239318,36382011.0,0.0092,-15.06,30641,46873,59208,0.021
3512,DLY,Financial Services,Asset Management,NYSE,88.57,40,40,42,39,13.86,670814244.4269562,48539382.0,0.75,-12.28,150742,156227,184008,
3513,EFT,Financial Services,Asset Management,NYSE,88.56,40,40,39,36,10.77,285182550.1735306,26578058.0,2.1,-15.0,94154,105018,101488,-0.181
3514,PLX,Healthcare,Biotechnology,NYSE ARCA,88.54,40,33,91,47,1.97,160337568.34839106,80571642.0,0.054,-38.24,580095,817091,747859,2.337
3515,SAFT,Financial Services,Insurance - Property & Casualty,NASDAQ,88.54,40,32,43,59,71.67,1031804857.8886871,14683434.0,0.0212,-12.05,132183,99667,94812,0.044
3516,XPL,Basic Materials,Other Industrial Metals & Mining,NYSE ARCA,88.54,40,78,84,38,0.76,75384872.8618908,93067744.0,0.0027,-22.45,301793,241927,221852,
3517,CVNA,Consumer Cyclical,Auto & Truck Dealerships,NYSE,88.52,40,64,44,92,67.25,47640342016.50707,716288385.0,0.1374,-30.94,9796312,11219177,11998846,0.52
3518,NOA,Energy,Oil & Gas Equipment & Services,NYSE,88.51,40,34,31,25,13.29,372389333.07671356,27102572.0,3.48,-27.14,184038,150032,134407,-0.063
3519,PCYO,Utilities,Utilities - Regulated Water,NASDAQ,88.49,40,56,37,54,10.54,252608944.80610657,24103908.0,0.018099999,-15.27,58864,56098,56994,0.294
3520,MAGN,Consumer Defensive,Household & Personal Products,NYSE,88.49,40,25,23,58,12.0,399432009.5062256,35600000.0,0.089899994,-22.68,324262,396817,381990,-0.034
3521,GENK,Consumer Cyclical,Restaurants,NASDAQ,88.48,40,24,10,8,2.15,10300431.129767418,5364808.0,0.102,-56.91,26928,37189,37003,-0.06
3522,PEG,Utilities,Utilities - Regulated Electric,NYSE,88.46,40,36,63,40,78.59,39606586703.791855,498321402.0,0.0252,-13.88,2907545,3084768,2744159,0.194
3523,PHG,Healthcare,Medical Devices,NYSE,88.44,40,35,66,54,25.67,25378467715.301132,971982655.0,1.2,-23.24,1282727,1357185,1191671,-0.047
3524,IPEXU,Financial Services,Shell Companies,NASDAQ,88.43,40,38,44,64,10.9,,,10.13,-25.34,80,49,29,
3525,V,Financial Services,Credit Services,NYSE,88.43,40,38,35,55,322.96,615347255294.7876,1901743800.0,0.0156,-13.99,8325891,8108140,7386234,0.171
3526,LII,Industrials,Building Products & Equipment,NYSE,88.41,40,32,34,26,504.8,17693347475.35742,34799968.0,0.0842,-26.78,363459,426966,439669,0.058
3527,JFU,Technology,Information Technology Services,NASDAQ,88.39,40,84,95,99,2.9,33200801.094045162,11773334.0,0.00029999999,-69.41,11527,10382,9339,-0.176
3528,IMRN,Healthcare,Biotechnology,NASDAQ,88.39,40,15,11,8,1.17,10207925.0,8166340.0,0.005,-51.05,345574,460028,290694,0.048
3529,VERA,Healthcare,Biotechnology,NASDAQ,88.36,40,79,83,93,31.62,2317870035.8792114,71782904.0,0.1599,-43.59,1317003,1078744,1156608,
3530,POLEU,Financial Services,Shell Companies,NASDAQ,88.35,40,39,65,52,10.83,,,16.75,-11.66,113,151,91,
3531,FLL,Consumer Cyclical,Resorts & Casinos,NASDAQ,88.33,40,54,24,20,2.88,88849700.07925868,36265183.0,0.015800001,-41.82,248941,204737,177882,-0.008
3532,RCL,Consumer Cyclical,Travel Services,NYSE,88.33,40,29,62,58,268.73,75094593840.0,268194978.0,0.0674,-26.68,2684023,3042547,2804660,0.113
3533,HYT,Financial Services,Asset Management,NYSE,88.33,40,39,40,41,8.57,1400582173.0791473,163047980.0,0.0027,-13.26,749487,761122,790513,0.041
3534,CE,Basic Materials,Chemicals,NYSE,88.32,40,73,74,19,50.38,5596079231.304596,109662539.0,0.0892,-28.74,1678426,1994525,2110297,-0.022
3535,TPL,Energy,Oil & Gas E&P,NYSE,88.32,40,62,92,18,375.18,26885543269.291107,68974429.0,0.0887,-31.44,489728,421206,449169,0.208
3536,DYNCU,Financial Services,Shell Companies,NASDAQ,88.31,39,42,49,66,10.87,,,0.0,-28.81,68,289,616,
3537,PCN,Financial Services,Asset Management,NYSE,88.31,39,40,45,45,11.71,862689166.5363331,73734118.0,0.55,-13.19,306068,302202,321439,0.038
3538,EVF,Financial Services,Asset Management,NYSE,88.3,39,36,39,38,4.99,90124634.13314152,18170289.0,0.46,-13.22,50986,74408,73275,-0.075
3539,FEDU,Consumer Defensive,Education & Training Services,NYSE,88.3,39,36,32,39,10.81,23165594.5,2260058.0,0.0063,-37.51,340,356,436,0.079
3540,CEPO,Financial Services,Shell Companies,NASDAQ,88.29,39,37,43,43,10.63,270300009.727478,25500000.0,0.0007,-35.58,47236,40012,46777,
3541,PFX,Financial Services,Asset Management,NASDAQ,88.28,39,29,34,31,43.4,87933300.0,1932600.0,0.0001,-19.01,1560,2326,1658,-0.136
3542,BPRE,Financial Services,Asset Management,NYSE,88.27,39,58,75,44,14.87,,,0.67,-18.59,798105,646485,574951,
3543,PCAPU,Financial Services,Shell Companies,NASDAQ,88.27,39,40,42,36,10.37,,,0.23,-15.52,4880,2776,4518,
3544,EPRT,Real Estate,REIT - Retail,NYSE,88.24,39,51,65,41,30.79,6545765156.839542,216245955.0,0.1014,-11.34,2247902,1731194,2058352,0.228
3545,FNV,Basic Materials,Gold,NYSE,88.23,39,72,85,82,208.46,42185219691.58707,192855530.0,3.42,-27.03,1076385,870565,791957,0.777
3546,VNDA,Healthcare,Biotechnology,NASDAQ,88.23,39,77,93,88,6.03,362617451.476943,60135562.0,0.1112,-39.34,850845,1067768,1075841,0.034
3547,BDN,Real Estate,REIT - Office,NYSE,88.22,39,32,26,14,3.21,550666561.903162,173711845.0,0.075100005,-30.67,1912496,1664575,1983769,0.063
3548,MSDL,Financial Services,Asset Management,NYSE,88.21,39,35,28,36,15.32,1284185354.4648285,84764712.0,0.045500003,-23.17,510405,577881,651921,-0.122
3549,DBX,Technology,Software - Infrastructure,NASDAQ,88.18,39,36,34,40,27.65,6420433967.276562,233300649.0,0.2726,-14.66,3977656,4172768,3805435,0.008
3550,INGN,Healthcare,Medical Devices,NASDAQ,88.16,39,47,29,25,6.59,173547643.4287567,27074516.0,0.030199999,-27.82,425252,389217,355316,0.034
3551,GGN,Financial Services,Asset Management,NYSE ARCA,88.16,39,68,74,75,4.79,765501343.7987542,156224761.0,0.00059999997,-18.54,663175,533561,476077,0.12
3552,BKT,Financial Services,Asset Management,NYSE,88.14,39,39,48,43,10.44,338464542.22229767,32388952.0,0.0026,-11.97,121285,122058,114105,-0.336
3553,ITW,Industrials,Specialty Industrial Machinery,NYSE,88.07,39,35,62,40,250.17,72707544351.19629,287700000.0,0.0328,-17.48,1426385,1425821,1319947,0.046
3554,NTR,Basic Materials,Agricultural Inputs,NYSE,88.05,39,70,85,71,65.03,32257580960.684387,480023548.0,0.0053,-23.82,2736659,2834703,2846661,0.19
3555,GBAB,Financial Services,Asset Management,NYSE,88.05,39,39,56,55,14.11,389218675.19612026,27682693.0,0.16,-11.48,97298,120876,101063,
3556,CNL,Basic Materials,Gold,NYSE ARCA,88.04,39,87,90,92,12.9,1295570937.55412,92739507.0,23.47,-41.28,69739,60449,60707,
3557,BRW,Financial Services,Asset Management,NYSE,88.04,39,48,37,38,6.5,287342114.61997604,42886884.0,0.0026,-23.44,266998,223532,215663,-0.331
3558,PRTA,Healthcare,Biotechnology,NASDAQ,88.03,39,63,63,68,7.91,460184951.2328825,52353237.0,0.1626,-32.97,469223,528314,491948,17.064
3559,ACIW,Technology,Software - Infrastructure,NASDAQ,88.02,39,35,26,35,43.73,4351115118.438377,101661570.0,0.0678,-19.44,858151,763173,755836,0.079
3560,PRCH,Financial Services,Insurance - Property & Casualty,NASDAQ,88.02,39,59,26,46,9.41,1013074305.2404213,109403270.0,0.22700001,-51.58,1247306,1967328,1836173,0.156
3561,GBX,Industrials,Railroads,NYSE,88.02,39,53,67,32,46.97,1450710653.7765808,30938594.0,0.1104,-20.65,430212,366130,476334,-0.229
3562,MCK,Healthcare,Medical Distribution,NYSE,88.01,39,32,82,78,790.44,93237470970.52386,120204051.0,0.024,-20.88,1017210,1290150,1074544,0.06
3563,LCTX,Healthcare,Biotechnology,NYSE ARCA,88.01,39,78,92,97,1.23,296664985.31496286,249298295.0,0.1741,-41.15,1052357,1316102,1191783,0.148
3564,ASO,Consumer Cyclical,Specialty Retail,NASDAQ,88.01,39,41,74,67,49.88,3338295934.5,64508134.0,0.1555,-20.12,1975673,1499801,1423044,0.025
3565,GILD,Healthcare,Drug Manufacturers - General,NASDAQ,88.0,39,59,82,70,121.48,160361169472.60468,1241569874.0,0.0187,-22.77,10094736,7435525,6616007,0.044
3566,PCM,Financial Services,Asset Management,NYSE,88.0,39,44,41,37,5.62,69646987.83126307,12348757.0,0.52,-16.86,33912,41367,40942,-0.207
3567,PAXS,Financial Services,Asset Management,NYSE,88.0,39,37,48,57,14.14,668667755.1165085,47023048.0,0.39,-14.61,206313,213477,188156,
3568,SCHW,Financial Services,Capital Markets,NYSE,88.0,39,38,60,68,89.27,154504792072.97556,1739135507.0,0.0,-16.96,12460470,11011516,11473850,0.158
3569,TAK,Healthcare,Drug Manufacturers - Specialty & Generic,NYSE,87.98,39,56,80,44,15.68,49290910301.31985,3159673660.0,0.0011999999,-17.04,3250639,3246796,3163471,0.039
3570,MTN,Consumer Cyclical,Resorts & Casinos,NYSE,87.97,39,29,31,47,135.89,4823645939.880493,35633051.0,0.344,-20.99,944007,768292,783977,-0.047
3571,MNTK,Basic Materials,Specialty Chemicals,NASDAQ,87.94,39,17,18,19,1.68,236286285.9888519,142341139.0,0.023599999,-39.57,149901,236810,247202,0.09
3572,MDIA,Communication Services,Broadcasting,NASDAQ,87.93,39,66,14,8,0.85,59825875.6023978,81729339.0,0.0019,-46.88,435857,172022,119069,0.12
3573,DGICA,Financial Services,Insurance - Property & Casualty,NASDAQ,87.92,39,32,33,71,17.48,638735147.2400188,37049603.0,0.0355,-17.0,125599,125299,113571,-0.037
3574,AIV,Real Estate,REIT - Residential,NYSE,87.91,39,44,41,40,2.89,435884230.3742416,143856183.0,0.023,-67.42,1635331,1318427,1392998,-0.039
3575,HKD,Technology,Software - Application,NYSE,87.89,39,39,41,13,1.69,524846501.0125935,314279350.0,0.0063,-69.1,373486,261955,259921,3.409
3576,IAF,Financial Services,Asset Management,NYSE ARCA,87.86,39,41,60,59,12.08,115755065.10892296,9582373.0,0.37,-16.92,19746,20702,25335,-0.071
3577,OGS,Utilities,Utilities - Regulated Gas,NYSE,87.86,39,61,75,62,76.94,4920582682.968025,62762533.0,0.061300002,-15.25,720010,643436,552868,-0.111
3578,FORTY,Technology,Information Technology Services,NASDAQ,87.86,39,75,44,91,117.5,1932168042.0,15334667.0,0.11,-38.34,533,414,414,0.192
3579,FCN,Industrials,Consulting Services,NYSE,87.85,39,34,43,46,159.65,4814003575.107681,30144043.0,0.1034,-15.66,418904,571124,460294,0.095
3580,WTRG,Utilities,Utilities - Regulated Water,NYSE,87.81,39,46,66,53,37.57,10596528417.995834,283632983.0,0.0163,-11.33,1826553,1754701,1997838,0.1
3581,MIN,Financial Services,Asset Management,NYSE,87.81,39,38,47,51,2.45,277667707.2315874,113798238.0,0.91,-10.26,158156,206772,228253,-0.023
3582,BGX,Financial Services,Asset Management,NYSE,87.8,39,37,35,41,10.83,137122286.76521778,12708275.0,0.0029,-14.39,59684,61001,60938,
3583,EVV,Financial Services,Asset Management,NYSE ARCA,87.77,39,39,45,51,9.23,1072557882.6062775,116203460.0,0.19,-11.34,352059,360079,338147,-0.034
3584,GLAD,Financial Services,Asset Management,NASDAQ,87.75,39,36,24,25,19.46,433561006.1760006,22593069.0,0.0346,-34.03,146596,166838,188589,0.205
3585,VRTX,Healthcare,Biotechnology,NASDAQ,87.75,39,53,57,57,435.71,113407871070.07828,253805417.0,0.0199,-14.22,1293995,1279051,1204069,0.078
3586,CLPR,Real Estate,REIT - Residential,NYSE,87.73,39,25,28,28,3.24,51219485.45272446,16157566.0,0.0395,-29.72,85745,85568,78259,-0.033
3587,CNM,Industrials,Industrial Distribution,NYSE,87.71,39,24,34,60,49.44,9777778375.49643,188142739.0,0.0482,-26.41,2310699,2107863,2398111,-0.069
3588,NIXX,Industrials,Staffing & Employment Services,NASDAQ,87.71,39,9,7,7,0.89,24184617.183211207,28637794.0,0.051999997,-63.97,1617689,927899,954789,22.054
3589,SW,Consumer Cyclical,Packaging & Containers,NYSE,87.71,39,33,44,23,38.95,21649876499.62506,524464078.0,0.0586,-26.02,5292876,5173222,4992317,0.007
3590,KMDA,Healthcare,Drug Manufacturers - Specialty & Generic,NASDAQ,87.71,39,68,82,61,7.21,414540817.62101173,57816013.0,0.0046,-22.89,43966,53282,47647,0.028
3591,GRNT,Energy,Oil & Gas E&P,NYSE,87.71,39,55,53,25,5.01,634419704.3528509,131895990.0,0.0764,-25.45,1002320,972133,954950,0.05
3592,HON,Industrials,Conglomerates,NASDAQ,87.7,39,48,76,42,205.88,135582758645.93234,633653119.0,0.0171,-17.04,5024639,4467796,4181013,0.024
3593,NX,Industrials,Building Products & Equipment,NYSE,87.7,39,55,50,30,15.86,708370131.5048218,45938400.0,0.072399996,-30.98,454113,375731,372504,0.022
3594,CPRI,Consumer Cyclical,Luxury Goods,NYSE,87.69,39,26,29,81,19.49,2173357403.8189316,115175268.0,0.1035,-31.06,4188614,3461848,3090798,-0.037
3595,FWONA,Communication Services,Entertainment,NASDAQ,87.68,39,41,36,40,81.7,20284026617.35034,250605708.0,0.0544,-17.91,115639,140243,137241,0.183
3596,KIDS,Healthcare,Medical Devices,NASDAQ,87.66,38,36,30,24,18.46,470549082.2415619,25684994.0,0.0547,-22.11,125602,165487,161322,0.133
3597,SKYH,Real Estate,Real Estate - Development,NYSE,87.65,38,39,39,22,9.25,312403201.74905014,34481588.0,0.1233,-17.2,164908,174956,146083,0.56
3598,SF,Financial Services,Capital Markets,NYSE,87.65,38,39,40,77,70.46,10848573290.938019,153401769.0,0.0001,-21.56,1406015,1351771,1370123,0.143
3599,REZI,Industrials,Industrial Distribution,NYSE,87.62,38,76,82,86,30.02,4726013435.965118,151426260.0,0.0446,-33.72,1182542,1467784,1347644,0.08
3600,RYN,Real Estate,REIT - Specialty,NYSE,87.62,38,31,33,31,20.69,6306669059.80327,300747223.0,0.0381,-24.32,2641647,2657512,2405981,2.338
3601,UGI,Utilities,Utilities - Regulated Gas,NYSE,87.61,38,34,58,77,34.79,7471620536.061157,214393712.0,0.0713,-15.84,1790144,2245544,1896962,0.007
3602,RPM,Basic Materials,Specialty Chemicals,NYSE,87.6,38,26,34,29,104.28,13442823675.38321,128075684.0,0.0317,-19.24,766113,784057,923444,0.089
3603,VICI,Real Estate,REIT - Diversified,NYSE,87.59,38,37,40,30,28.41,29999096667.03447,1076780187.0,0.031,-16.47,8628567,8476249,7805455,0.035
3604,NTNX,Technology,Software - Infrastructure,NASDAQ,87.59,38,21,16,12,49.66,14499991937.769455,270320509.0,0.0856,-39.75,5123993,4329737,3926862,0.1
3605,TSI,Financial Services,Asset Management,NYSE,87.56,38,39,45,51,4.5,218125669.47984505,48364891.0,0.0749,-11.07,122708,116422,101093,0.067
3606,TLX,Healthcare,Biotechnology,NASDAQ,87.55,38,66,18,12,9.44,3150626620.316594,338777049.0,0.0007,-48.95,184258,143252,173457,0.493
3607,JMM,Financial Services,Asset Management,NYSE,87.55,38,36,43,45,5.78,54503138.16576004,9462350.0,0.0004,-11.35,19951,13103,9658,0.02
3608,CNET,Communication Services,Advertising Agencies,NASDAQ,87.55,38,10,8,19,1.08,2457847.491223514,3668429.0,0.0164,-61.15,1155095,390295,238277,-0.768
3609,RTAC,Financial Services,Shell Companies,NASDAQ,87.54,38,35,39,35,10.41,324700623.3374176,31161288.0,0.0036000002,-22.19,141306,122188,108715,
3610,EDN,Utilities,Utilities - Regulated Electric,NYSE,87.53,38,19,43,84,25.93,1225511042.248867,47574186.0,0.0879,-29.35,176935,185588,177099,-0.0
3611,TOVX,Healthcare,Biotechnology,NYSE ARCA,87.52,38,63,10,4,0.24,11932093.242333412,45892668.0,0.0885,-72.09,1290429,2117166,19811235,
3612,GSBD,Financial Services,Asset Management,NYSE,87.52,38,38,35,32,9.1,997361894.9724779,112569067.0,0.060500003,-24.34,907609,1256839,1301205,-0.187
3613,VSME,Communication Services,Advertising Agencies,NASDAQ,87.52,38,2,3,0,2.05,2006695.0399518013,2779356.0,0.0421,-96.81,22881728,8208969,5406509,0.009
3614,WFCF,Industrials,Specialty Business Services,NASDAQ,87.51,38,69,53,40,11.7,51148649.47766876,5039276.0,0.0117,-47.18,12529,32106,21349,0.017
3615,OC,Industrials,Building Products & Equipment,NYSE,87.49,38,32,28,18,115.08,9598975379.047073,80528319.0,0.0699,-27.81,1005358,1184466,1134049,-0.105
3616,INDP,Healthcare,Biotechnology,NASDAQ,87.47,38,10,8,5,2.45,414466915.55966663,113242324.0,0.0005,-87.69,5206639,1797619,1109543,
3617,USA,Financial Services,Asset Management,NYSE,87.42,38,38,39,40,5.66,1739952812.7983594,301551615.0,0.00029999999,-18.68,1374045,1146545,1171617,-0.098
3618,MLSS,Healthcare,Medical Instruments & Supplies,NYSE ARCA,87.42,38,29,8,8,0.39,36991570.24506837,88075170.0,0.014199999,-57.61,165177,400022,2598731,-0.032
3619,CART,Consumer Cyclical,Internet Retail,NASDAQ,87.4,38,47,33,59,41.21,9697329731.15026,235029814.0,0.1,-22.97,3796637,4443725,3994423,0.136
3620,GBFH,Financial Services,Banks - Regional,NASDAQ,87.38,38,20,19,41,32.09,425573050.1119995,14470352.0,0.0625,-27.07,76923,65784,58798,0.043
3621,ABUS,Healthcare,Biotechnology,NASDAQ,87.35,38,65,63,78,4.12,839535267.5,197537710.0,0.1238,-19.22,1329903,1314497,1654688,100.545
3622,MGF,Financial Services,Asset Management,NYSE,87.35,38,41,47,49,2.83,92556145.3227613,32590193.0,0.27,-9.87,126115,103435,93135,-0.054
3623,SIGIP,Financial Services,Insurance - Property & Casualty,NASDAQ,87.34,38,43,44,37,15.95,,,0.63,-14.73,5129,4199,4883,0.057
3624,RDI,Communication Services,Entertainment,NASDAQ,87.33,38,26,28,17,1.22,41270232.665500045,34974775.0,0.0015,-26.06,28977,31639,27235,0.123
3625,CRWV,Technology,Software - Infrastructure,NASDAQ,87.33,38,71,70,46,95.61,54769806701.95029,545570346.0,0.1714,-48.87,29732697,29135445,30822221,1.116
3626,MCO,Financial Services,Financial Data & Stock Exchanges,NYSE,87.33,38,40,35,55,450.69,78840211357.44037,174676438.0,0.026099999,-17.59,964698,992689,1009243,0.081
3627,CLNN,Consumer Defensive,Packaged Foods,NASDAQ,87.32,38,89,67,81,5.5,69641770.71273136,12778307.0,0.1385,-59.26,113443,944271,598610,-0.815
3628,CARS,Communication Services,Internet Content & Information,NYSE,87.31,38,32,14,47,9.59,514866880.80253124,55903027.0,0.14130001,-31.35,761243,854797,914864,0.007
3629,SCZM,Basic Materials,Other Industrial Metals & Mining,NASDAQ,87.29,38,97,98,99,6.03,593540482.4444423,92740699.0,5.41,-65.83,580599,559589,528931,0.814
3630,EIC,Financial Services,Asset Management,NYSE,87.28,38,35,26,25,10.27,246521030.3670311,23433557.0,0.0047999998,-26.9,81285,118715,121627,-0.085
3631,PFL,Financial Services,Asset Management,NYSE,87.27,38,43,53,60,7.65,380438130.8426676,49730474.0,1.33,-12.07,185944,188181,179756,-0.097
3632,ICL,Basic Materials,Agricultural Inputs,NYSE,87.26,38,60,38,22,5.5,7228022698.507505,1290718361.0,0.0055,-25.17,1226203,1319257,1342730,0.145
3633,PSNY,Consumer Cyclical,Auto Manufacturers,NASDAQ,87.23,38,29,25,5,20.24,1729495873.092575,91507720.0,21.47,-52.49,218858,140356,122983,0.454
3634,FRHC,Financial Services,Financial Conglomerates,NASDAQ,87.2,38,44,41,29,139.01,9102560867.619797,61292581.0,0.0529,-28.35,230786,135475,124157,1.467
3635,AWX,Industrials,Waste Management,NYSE ARCA,87.17,38,39,41,40,2.49,9592602.868751526,3899432.0,0.0014,-54.14,6752,9540,7934,0.099
3636,HRB,Consumer Cyclical,Personal Services,NYSE,87.17,38,33,15,24,37.21,4828296303.972073,126760207.0,0.22600001,-36.08,2284797,2763622,2493119,0.053
3637,BAK,Basic Materials,Chemicals,NYSE,87.15,38,84,86,19,3.68,1386725044.480483,398484206.0,0.0388,-31.79,2510953,2405484,2377632,-0.204
3638,FCNCP,Financial Services,Banks - Regional,NASDAQ,87.14,38,45,54,34,19.99,,,1.24,-12.82,11972,9990,15052,0.049
3639,INMD,Healthcare,Medical Devices,NASDAQ,87.14,38,36,34,31,13.47,823350472.6803303,60808750.0,0.0543,-19.53,614181,904537,816396,0.053
3640,HCI,Financial Services,Insurance - Property & Casualty,NYSE,87.13,38,32,45,80,161.23,2003819505.3028564,12764808.0,0.0304,-23.41,157736,172298,193139,0.122
3641,BAX,Healthcare,Medical Instruments & Supplies,NYSE,87.11,38,20,19,14,20.31,10009168941.60196,516469008.0,0.1233,-36.61,6683985,7705255,7291517,0.029
3642,BAOS,Communication Services,Advertising Agencies,NASDAQ,87.1,38,42,36,75,2.97,3928286.6321959496,1534487.0,0.049200002,-45.0,360400,131683,117596,-0.505
3643,MITQ,Technology,Communication Equipment,NYSE ARCA,87.09,38,27,29,26,0.63,5964643.437013626,9941072.0,0.0066000004,-62.05,70279,118833,304405,-0.049
3644,FAX,Financial Services,Asset Management,NYSE ARCA,87.08,38,46,60,47,14.16,590341588.2740364,41282628.0,0.64,-16.21,220785,193421,184527,-0.276
3645,IMMR,Technology,Software - Application,NASDAQ,87.04,38,35,34,27,6.47,210849875.4519539,33100452.0,0.124,-20.61,620328,555589,587959,0.1
3646,ETOR,Financial Services,Capital Markets,NASDAQ,87.03,38,55,16,15,37.76,3040320614.2953873,79527090.0,0.056900002,-52.78,930916,1183175,1195471,-0.356
3647,CSW,Industrials,Specialty Industrial Machinery,NYSE,87.02,38,29,31,63,265.76,4347020607.025024,16319483.0,0.093,-21.14,117451,127883,130262,0.34
3648,CCS,Real Estate,Real Estate - Development,NYSE,86.99,38,24,39,35,57.25,1597847281.5790863,28769306.0,0.0934,-24.67,376333,351527,305190,-0.126
3649,DSP,Technology,Software - Application,NASDAQ,86.98,38,56,56,42,11.58,242462852.78609276,20021706.0,0.0525,-23.72,313040,274796,243386,0.253
3650,FOA,Financial Services,Credit Services,NYSE,86.98,38,27,23,40,19.36,175167993.98388672,8891776.0,0.1361,-34.55,38284,54331,59938,-0.275
3651,DXLG,Consumer Cyclical,Apparel Retail,NASDAQ,86.95,38,29,6,15,0.72,40349358.214250565,55273092.0,0.0297,-57.4,173363,126787,121590,-0.021
3652,RYTM,Healthcare,Biotechnology,NASDAQ,86.9,38,56,73,92,85.71,5926484898.265488,68593574.0,0.121800005,-29.86,551961,712340,691874,0.838
3653,HNNA,Financial Services,Asset Management,NASDAQ,86.89,38,49,39,24,9.8,77285411.20983315,7902394.0,0.0011999999,-25.7,6873,7894,9764,-0.123
3654,JD,Consumer Cyclical,Internet Retail,NASDAQ,86.88,37,56,30,20,28.45,39002438866.615295,1350500000.0,0.022,-22.82,7102508,9911516,9570509,0.049
3655,MBAV,Financial Services,Shell Companies,NASDAQ,86.88,37,51,44,46,10.62,388484390.0799751,35937500.0,0.015,-22.65,29363,58681,47630,
3656,NMIH,Financial Services,Insurance - Specialty,NASDAQ,86.87,37,35,41,56,37.04,2776772558.088047,75971891.0,0.028199999,-14.26,614508,616482,514567,0.059
3657,BCO,Industrials,Security & Protection Services,NYSE,86.86,37,33,58,79,100.98,4158871929.7478333,41181028.0,0.1308,-25.95,393178,442389,440409,0.103
3658,CRAQU,Financial Services,Shell Companies,NASDAQ,86.84,37,44,70,55,10.41,,,,-9.48,20,6,4,
3659,AN,Consumer Cyclical,Auto & Truck Dealerships,NYSE,86.83,37,39,38,63,193.21,6281391882.2465515,33461495.0,0.097600006,-15.6,352181,393470,374352,-0.021
3660,TNET,Industrials,Staffing & Employment Services,NYSE,86.81,37,18,10,21,47.87,2142858121.4776154,45944643.0,0.0585,-42.66,412732,437717,425140,-0.049
3661,NTRSO,Financial Services,Asset Management,NASDAQ,86.81,37,43,49,42,18.52,,,1.56,-12.43,60942,40197,37268,0.139
3662,PXED,Consumer Defensive,Education & Training Services,NYSE,86.8,37,38,24,28,30.87,1086146929.6778393,35810977.0,0.0392,-34.43,84094,87191,108190,-0.004
3663,CSR,Real Estate,REIT - Residential,NYSE,86.79,37,71,46,60,58.48,995754522.276474,16803148.0,0.061,-15.99,214310,136926,137824,-0.03
3664,UNB,Financial Services,Banks - Regional,NASDAQ,86.78,37,32,37,24,23.26,107322850.5760727,4614052.0,0.0225,-21.13,7883,17494,12578,0.131
3665,CCK,Consumer Cyclical,Packaging & Containers,NYSE,86.77,37,37,68,64,95.45,10434898788.53875,111746617.0,0.0476,-18.15,1067974,1128118,1140590,0.129
3666,CACI,Technology,Information Technology Services,NYSE,86.77,37,34,81,81,521.14,11739539796.777649,22091305.0,0.081999995,-23.75,283135,306095,302519,0.085
3667,RIVN,Consumer Cyclical,Auto Manufacturers,NASDAQ,86.73,37,38,63,84,14.76,21955866266.712883,1342866407.0,0.14109999,-34.95,37518105,33015871,29299725,0.114
3668,AURA,Healthcare,Biotechnology,NASDAQ,86.73,37,83,55,30,6.12,685452891.3716526,103386558.0,0.0366,-35.82,426236,704998,547867,
3669,AIG,Financial Services,Insurance - Diversified,NYSE,86.72,37,39,38,63,74.94,40025266490.647316,530206221.0,0.0184,-14.15,4096220,4341756,4116610,0.014
3670,SILO,Healthcare,Biotechnology,NASDAQ,86.71,37,31,11,7,6.4,6398190.203420162,1084439.0,0.0466,-57.76,43368,27864,345941,0.0
3671,SFBC,Financial Services,Banks - Regional,NASDAQ,86.71,37,33,32,33,42.79,100698926.01589966,2378902.0,0.0368,-15.25,6541,5530,5798,0.049
3672,KMTS,Healthcare,Medical Instruments & Supplies,NASDAQ,86.69,37,34,30,81,19.44,1132443025.932333,58373353.0,0.10609999,-35.2,326910,285980,290158,0.627
3673,SACH,Real Estate,REIT - Mortgage,NYSE ARCA,86.67,37,65,36,33,1.01,48914759.02531862,47955647.0,0.0031,-30.34,312745,792435,521463,
3674,TXRH,Consumer Cyclical,Restaurants,NASDAQ,86.64,37,53,48,38,164.24,11204270614.199905,65729615.0,0.0563,-16.63,1121739,1272153,1175767,0.128
3675,LVS,Consumer Cyclical,Resorts & Casinos,NYSE,86.63,37,36,61,87,50.81,33297525581.25,662637325.0,0.0949,-27.88,3386203,4322121,4197874,0.253
3676,MTG,Financial Services,Insurance - Specialty,NYSE,86.61,37,37,44,68,25.72,5395116785.086281,211490268.0,0.0525,-14.18,1830214,2050218,1915710,-0.03
3677,YJ,Consumer Cyclical,Internet Retail,NASDAQ,86.59,37,74,43,18,1.72,7930119.470460415,4925540.0,0.0078,-35.58,28771,11743,9132,-0.183
3678,YORW,Utilities,Utilities - Regulated Water,NASDAQ,86.58,37,34,44,59,30.27,490818796.0500698,16209339.0,0.0318,-11.75,105266,124368,145093,0.088
3679,FWONK,Communication Services,Entertainment,NASDAQ,86.58,37,40,37,39,88.61,21973108553.918793,250605708.0,0.0376,-18.98,1680661,1936257,1938336,0.183
3680,MMLP,Energy,Oil & Gas Midstream,NASDAQ,86.54,37,33,34,15,2.79,102506672.84253502,39124686.0,0.007900001,-21.19,45628,34336,26707,-0.025
3681,PDI,Financial Services,Asset Management,NYSE,86.53,37,42,52,41,16.52,7749666933.634842,461564414.0,0.17,-18.1,2770983,2745157,2523970,
3682,VVR,Financial Services,Asset Management,NYSE,86.52,37,36,38,33,2.99,463314335.82205653,153925029.0,0.0015,-21.93,981097,985602,896237,-0.188
3683,EPM,Energy,Oil & Gas E&P,NYSE ARCA,86.52,37,68,62,17,4.34,157614207.41619587,35821410.0,0.043899998,-23.86,307614,340634,362812,-0.106
3684,NYC,Real Estate,Real Estate Services,NYSE,86.51,37,23,40,22,8.6,24118250.76830864,2919885.0,0.0032,-47.25,11192,23167,14790,-0.403
3685,HROW,Healthcare,Drug Manufacturers - Specialty & Generic,NASDAQ,86.51,37,21,46,81,35.9,1237160750.1404305,37275107.0,0.19399999,-34.55,758307,945262,761579,-0.076
3686,TIPT,Financial Services,Insurance - Specialty,NASDAQ,86.49,37,27,24,21,17.98,663863228.1163692,37570075.0,0.020299999,-34.4,320548,289459,271241,
3687,IPI,Basic Materials,Agricultural Inputs,NYSE,86.48,37,86,89,28,33.8,469618716.5016937,13433030.0,0.0207,-32.86,230452,233274,257954,0.062
3688,ABEO,Healthcare,Biotechnology,NASDAQ,86.47,37,63,33,27,5.36,311193488.4141922,56995144.0,0.2725,-28.91,829474,1081278,1046794,
3689,SMTI,Healthcare,Medical Instruments & Supplies,NASDAQ,86.46,37,23,16,18,22.99,205639469.25408745,9163969.0,0.0506,-36.05,47150,48020,44978,0.186
3690,AMPY,Energy,Oil & Gas E&P,NYSE,86.44,37,74,90,54,4.57,180426094.9650278,41287437.0,0.080299996,-32.7,666602,710917,770564,-0.48
3691,MXC,Energy,Oil & Gas E&P,NYSE ARCA,86.42,37,58,73,44,8.96,18242136.749267578,2046000.0,0.005,-45.63,14890,12046,14752,-0.268
3692,HOOD,Financial Services,Capital Markets,NASDAQ,86.42,37,33,43,94,86.36,74264653150.03934,900505057.0,0.0482,-43.87,35930774,28692131,30414646,0.151
3693,MTNB,Healthcare,Biotechnology,NYSE ARCA,86.4,37,17,21,25,0.8,5054484.537100375,6406191.0,0.0001,-74.11,82350,271980,176456,
3694,INSG,Technology,Communication Equipment,NASDAQ,86.39,37,87,77,69,10.37,185879995.1818142,16276707.0,0.1269,-52.65,592543,452574,319232,0.084
3695,IDYA,Healthcare,Biotechnology,NASDAQ,86.35,37,60,87,88,27.6,2485585507.2390747,87860920.0,0.15720001,-29.74,1435360,1011323,1307852,
3696,LGCY,Consumer Defensive,Education & Training Services,NYSE ARCA,86.35,37,78,89,41,11.04,139931545.58900642,12652038.0,0.0047,-24.9,48540,69693,59928,0.15
3697,RTACU,Financial Services,Shell Companies,NASDAQ,86.32,37,34,37,34,10.78,,,0.0,-24.35,20756,8792,10891,
3698,BTQ,Technology,Software - Infrastructure,NASDAQ,86.3,37,19,9,80,4.17,575339009.3662119,141360930.0,3.03,-73.94,4061701,3175957,2974150,
3699,AVAH,Healthcare,Medical Care Facilities,NASDAQ,86.28,37,32,50,88,6.89,1454604718.659842,217755203.0,0.0452,-33.24,1910435,1777798,1525791,0.159
3700,CGNT,Technology,Software - Infrastructure,NASDAQ,86.24,37,80,37,65,8.77,662616087.0600567,73705907.0,0.0063,-28.76,1143816,797582,703851,0.104
3701,ANF,Consumer Cyclical,Apparel Retail,NYSE,86.23,37,26,38,81,85.33,3384609706.6416626,44924474.0,0.102299996,-35.9,1463992,1455034,1325146,0.015
3702,ACIC,Financial Services,Insurance - Property & Casualty,NASDAQ,86.23,37,40,55,68,10.44,498210390.21870327,48464047.0,0.0399,-20.06,312895,289651,238929,-0.014
3703,AVTR,Healthcare,Medical Instruments & Supplies,NYSE,86.23,37,17,12,17,9.65,6254039378.139793,682755402.0,0.0687,-39.42,11659093,10704521,9793624,0.0
3704,SIBN,Healthcare,Medical Devices,NASDAQ,86.2,37,27,23,82,15.37,670561153.8846273,44349283.0,0.15010001,-29.79,474353,748941,715376,0.112
3705,CRH,Basic Materials,Building Materials,NYSE,86.13,37,38,40,80,99.98,70201113061.61182,668200216.0,0.0224,-24.0,3873141,4914227,4686400,0.091
3706,AGIO,Healthcare,Biotechnology,NASDAQ,86.13,37,30,38,15,28.88,1682451873.0578842,59471609.0,0.1266,-37.22,904880,935916,1129756,1.377
3707,ECL,Basic Materials,Specialty Chemicals,NYSE,86.11,37,31,58,46,256.99,72602432734.49164,281437502.0,0.014199999,-16.9,1846981,1730963,1572102,0.1
3708,HUMA,Healthcare,Biotechnology,NASDAQ,86.09,37,16,15,6,1.34,299725801.093348,222019108.0,0.1868,-52.82,7365052,6887794,6103154,-0.043
3709,OSK,Industrials,Farm & Heavy Construction Machinery,NYSE,86.09,37,39,80,71,126.95,8138716287.657562,62351309.0,0.0585,-29.66,735891,841640,736794,0.002
3710,BLRX,Healthcare,Biotechnology,NASDAQ,86.08,37,38,20,14,3.28,14533097.615819454,4499411.0,0.0321,-50.23,34963,83597,57534,0.871
3711,AMP,Financial Services,Asset Management,NYSE,86.07,37,36,33,38,450.62,40872608540.652954,89897084.0,0.0544,-18.1,679199,602943,643205,0.09
3712,MXCT,Healthcare,Medical Devices,NASDAQ,86.01,36,18,7,12,1.15,122118704.54761219,107121672.0,0.0446,-51.68,974110,1075203,960090,-0.071
3713,MAZE,Healthcare,Biotechnology,NASDAQ,86.01,36,79,98,98,23.66,1343229509.80505,55345261.0,0.0804,-55.9,484219,498209,690697,
3714,ACGLN,Financial Services,Insurance - Diversified,NASDAQ,86.0,36,47,52,41,16.11,,,1.54,-12.16,43319,36373,37381,-0.033
3715,AII,Financial Services,Insurance - Property & Casualty,NYSE,86.0,36,62,63,66,17.0,333043889.0,19590817.0,0.0174,-35.51,135413,108351,97996,0.265
3716,BSBR,Financial Services,Banks - Regional,NYSE,85.98,36,37,67,77,5.28,39246060864.502205,7489706599.0,2.73,-27.87,1418296,1104108,987179,0.004
3717,YCBD,Healthcare,Drug Manufacturers - Specialty & Generic,NYSE ARCA,85.97,36,34,17,86,0.69,7600493.115721703,10497919.0,0.0785,-73.05,225519,343556,1668047,0.188
3718,CPS,Consumer Cyclical,Auto Parts,NYSE,85.95,36,36,80,92,28.53,520584921.46151733,17755284.0,0.0326,-40.54,134263,162654,173554,0.029
3719,STZ,Consumer Defensive,Beverages - Brewers,NYSE,85.94,36,30,46,29,142.27,24264486615.57962,172198467.0,0.0452,-20.14,2238117,2035182,2116027,-0.113
3720,AEBI,Industrials,Farm & Heavy Construction Machinery,NASDAQ,85.91,36,32,67,72,11.91,892095516.4897442,77506125.0,0.1759,-63.91,179343,257677,295684,0.828
3721,W,Consumer Cyclical,Internet Retail,NYSE,85.89,36,25,85,94,68.67,9021960505.239326,131996499.0,0.1993,-42.77,3280334,4647601,4080228,0.074
3722,RNW,Utilities,Utilities - Renewable,NASDAQ,85.88,36,27,21,16,6.06,2199753598.8269634,364197618.0,0.0468,-26.46,1479903,1297301,1060716,0.095
3723,FMS,Healthcare,Medical Care Facilities,NYSE,85.87,36,30,37,36,22.28,11832957966.617393,537129260.0,1.44,-23.36,957895,927855,761467,-0.055
3724,AYI,Industrials,Electrical Equipment & Parts,NYSE,85.87,36,31,29,74,280.39,9156393601.760742,30315168.0,0.0496,-26.25,416248,333446,390169,0.049
3725,BIPC,Utilities,Utilities - Regulated Gas,NYSE,85.87,36,33,72,73,41.31,5080744663.981979,122990668.0,6.16,-20.13,922769,1351729,1130889,-0.048
3726,AERO,Industrials,Airlines,NYSE,85.85,36,21,19,34,16.08,2347585873.0730934,145903409.0,0.0146,-30.24,139837,207789,293661,0.133
3727,FCNCO,Financial Services,Banks - Regional,NASDAQ,85.84,36,39,57,37,20.42,,,0.91,-14.6,16819,14056,13665,0.049
3728,COLL,Healthcare,Drug Manufacturers - Specialty & Generic,NASDAQ,85.8,36,31,44,90,34.8,1082639577.6630135,32433779.0,0.2199,-31.48,417476,432925,465059,0.089
3729,REFI,Real Estate,REIT - Mortgage,NASDAQ,85.8,36,35,41,37,11.36,239217526.17705917,21207228.0,0.047399998,-22.3,103244,137034,142396,-0.342
3730,KREF,Real Estate,REIT - Mortgage,NYSE,85.76,36,25,20,28,7.15,444958890.5457325,64300417.0,0.0986,-28.38,1290469,1165016,1282767,
3731,COMP,Real Estate,Real Estate Services,NYSE,85.74,36,34,37,87,7.91,5760550005.451627,747153045.0,0.053000003,-43.32,12456047,13514912,13510817,0.994
3732,BCRX,Healthcare,Drug Manufacturers - Specialty & Generic,NASDAQ,85.73,36,68,73,31,8.19,2137507931.8178558,254162660.0,0.14310001,-27.07,3586545,4588971,4451957,0.075
3733,CME,Financial Services,Financial Data & Stock Exchanges,NASDAQ,85.73,36,52,78,61,263.8,93004473902.06094,361322751.0,0.0147,-19.86,4612322,3073614,2801142,0.144
3734,CATO,Consumer Cyclical,Apparel Retail,NYSE,85.72,36,36,33,29,3.17,63469169.77239752,19958858.0,0.028900001,-35.57,108568,97416,80667,0.005
3735,ARX,Financial Services,Insurance Brokers,NYSE,85.71,36,29,11,15,14.12,3270838036.6576767,218201340.0,0.0696,-54.71,1182956,1367612,1340319,0.597
3736,STWD,Real Estate,REIT - Mortgage,NYSE,85.69,36,39,40,36,17.05,6321262835.641289,370748570.0,0.044,-19.0,3403176,3156518,2928487,0.218
3737,DLHC,Industrials,Specialty Business Services,NASDAQ,85.68,36,54,63,43,5.55,80871134.19426918,14493035.0,0.0069,-31.48,7234,11814,10628,-0.336
3738,SOHU,Communication Services,Electronic Gaming & Multimedia,NASDAQ,85.68,36,63,75,55,13.64,398065889.11857605,30065400.0,4.5179996,-21.16,48429,47389,58139,0.042
3739,NTGR,Technology,Communication Equipment,NASDAQ,85.62,36,55,29,28,23.92,646573267.3654442,26839903.0,0.109,-35.11,445905,431761,442263,-0.02
3740,S,Technology,Software - Infrastructure,NYSE,85.61,36,41,29,18,14.79,5467719316.465379,342803723.0,0.069,-30.89,12733007,9291355,8391359,0.208
3741,PSBD,Financial Services,Asset Management,NYSE,85.59,36,33,28,27,10.71,335482366.6098461,31120814.0,0.0135,-28.48,123286,127778,108919,
3742,EQH,Financial Services,Asset Management,NYSE,85.59,36,26,22,34,41.91,11485990897.21775,281519390.0,0.0001,-25.97,5895970,4639206,4398702,-0.076
3743,WMS,Industrials,Building Products & Equipment,NYSE,85.58,36,35,64,74,129.5,9968930928.6969,76595708.0,0.0434,-27.78,1090982,933574,954836,0.099
3744,AYTU,Healthcare,Drug Manufacturers - Specialty & Generic,NASDAQ,85.56,36,74,87,87,2.24,24149718.0,10733208.0,0.0497,-27.04,34612,49130,42922,-0.327
3745,SNAL,Communication Services,Electronic Gaming & Multimedia,NASDAQ,85.54,36,10,10,13,0.77,32264856.753749013,42622002.0,0.48720002,-64.35,730010,13545236,27617826,0.357
3746,SEVN,Real Estate,REIT - Mortgage,NASDAQ,85.54,36,31,27,21,8.5,192292620.4418316,22596077.0,0.0191,-33.9,112654,92108,105864,-0.001
3747,IOR,Financial Services,Mortgage Finance,NYSE ARCA,85.54,36,38,42,51,17.3,72377965.29775238,4066178.0,0.0002,-12.14,1293,1141,834,
3748,ISD,Financial Services,Asset Management,NYSE,85.54,36,36,44,61,12.85,428137440.1678963,33344037.0,0.36,-13.12,114020,92356,92686,
3749,AIOT,Technology,Software - Infrastructure,NASDAQ,85.52,36,15,12,35,3.84,515125532.16604686,134147277.0,0.103999995,-34.69,1949925,1530171,1523631,0.066
3750,MNKD,Healthcare,Biotechnology,NASDAQ,85.52,36,13,10,70,3.63,1050430593.8637838,308950166.0,0.096499994,-44.24,6308241,6583283,5421388,0.151
3751,ACGLO,Financial Services,Insurance - Diversified,NASDAQ,85.51,36,45,47,46,19.28,,,1.65,-13.15,24050,19273,23976,-0.033
3752,ATAT,Consumer Cyclical,Lodging,NASDAQ,85.51,36,58,40,81,33.51,4618174262.813965,138185952.0,0.0209,-22.38,973992,1125477,1183224,0.475
3753,FABC,Consumer Cyclical,Auto Manufacturers,NASDAQ,85.5,36,84,10,5,3.38,20638335.75,4856079.0,0.2216,-67.99,1029494,1425108,2757050,
3754,EVER,Communication Services,Internet Content & Information,NASDAQ,85.38,36,39,12,72,19.82,683411720.1649323,35373278.0,0.21270001,-31.01,767095,1112345,928385,0.145
3755,AS,Consumer Cyclical,Leisure,NYSE,85.35,36,36,40,74,33.76,19840130130.610046,581822024.0,0.0799,-21.05,4000413,4659197,4252024,0.321
3756,GNSS,Technology,Scientific & Technical Instruments,NASDAQ,85.35,36,47,36,38,1.84,85618976.70283878,45542009.0,0.01,-31.85,139263,151024,129776,1.237
3757,BAER,Industrials,Security & Protection Services,NASDAQ,85.35,36,27,69,29,1.83,108935140.66548693,57637641.0,0.027999999,-46.8,762726,848592,690663,-0.456
3758,FITBO,Financial Services,Banks - Regional,NASDAQ,85.35,36,37,45,33,18.28,,,1.73,-14.58,21724,20904,18842,0.33
3759,GDS,Technology,Information Technology Services,NASDAQ,85.34,36,69,82,74,33.48,6812838842.0,200377613.0,0.0795,-31.13,3169558,2687439,2153013,0.236
3760,BLIN,Technology,Software - Infrastructure,NASDAQ,85.33,36,26,21,14,1.08,13355871.01902914,12599879.0,0.0011999999,-37.93,69499,49219,40733,0.011
3761,CRMD,Healthcare,Biotechnology,NASDAQ,85.32,36,21,10,56,8.77,655857781.8256807,78451891.0,0.2007,-49.68,1215652,1325327,1202694,2.261
3762,MSI,Technology,Communication Equipment,NYSE,85.32,36,33,75,22,411.64,68114626509.98602,165995582.0,0.023599999,-16.37,1078427,1228779,1061785,0.074
3763,PTY,Financial Services,Asset Management,NYSE,85.31,36,36,40,37,11.8,2511985797.314684,211981917.0,0.22,-19.67,968390,1015800,1041064,0.072
3764,BNR,Healthcare,Diagnostics & Research,NASDAQ,85.3,36,96,97,99,8.33,97131819.43231106,10546343.0,0.0064999997,-80.03,28606,19748,23503,0.002
3765,GXO,Industrials,Integrated Freight & Logistics,NYSE,85.28,36,36,69,69,47.8,5600565347.630043,115048589.0,0.0533,-28.5,1065484,1527998,1331076,0.108
3766,KRMD,Healthcare,Medical Instruments & Supplies,NASDAQ,85.26,36,41,66,91,3.98,180516693.06635857,45933000.0,0.0168,-39.77,92876,123158,128495,0.221
3767,CGBD,Financial Services,Asset Management,NASDAQ,85.23,36,35,27,31,10.98,739449465.7799454,69497128.0,0.0481,-24.22,531596,550068,690489,0.168
3768,EOSE,Industrials,Electrical Equipment & Parts,NASDAQ,85.22,36,29,27,98,6.07,2403759285.2571354,339514027.0,0.31309998,-69.44,21606359,28024429,27591715,4.447
3769,HAYW,Industrials,Electrical Equipment & Parts,NYSE,85.21,36,27,39,61,14.11,3052669231.2281494,216962992.0,0.0554,-20.42,2042263,2765804,2546900,0.115
3770,VINP,Financial Services,Asset Management,NASDAQ,85.2,36,38,44,84,9.52,629614753.3666515,65516626.0,0.0085,-30.05,54032,73790,91650,0.171
3771,EMBJ,Industrials,Aerospace & Defense,NYSE,85.16,36,37,58,82,53.82,10086672814.108543,177958235.0,0.0147,-33.35,1352590,1765286,1635584,0.184
3772,TKC,Communication Services,Telecom Services,NYSE,85.15,35,43,50,40,5.72,5023229400.335061,870577022.0,0.0029,-20.33,2272387,1444979,1281097,0.089
3773,PFLT,Financial Services,Asset Management,NYSE,85.12,35,40,31,36,8.08,802672793.7794495,99217896.0,0.045,-25.74,1066163,1122941,1075738,0.065
3774,PCRX,Healthcare,Drug Manufacturers - Specialty & Generic,NASDAQ,85.1,35,40,34,64,23.42,895165271.0,39347924.0,0.2567,-15.27,381469,551463,528145,0.05
3775,CTW,Communication Services,Electronic Gaming & Multimedia,NASDAQ,85.1,35,80,24,13,2.12,133208779.5,59203902.0,0.0172,-56.56,8069,26796,35225,0.405
3776,SPRC,Healthcare,Biotechnology,NASDAQ,85.09,35,6,1,3,8.66,6557899.6794576645,573243.0,0.0126,-89.19,4636477,1560355,1338771,-0.345
3777,UI,Technology,Communication Equipment,NYSE,85.05,35,78,93,85,557.55,34335995517.362976,60522085.0,0.1024,-49.31,126354,139308,126030,0.187
3778,PZG,Basic Materials,Gold,NYSE ARCA,85.04,35,91,98,96,1.09,102083418.29862165,85784381.0,0.0155,-59.78,640050,769373,685998,
3779,MFIC,Financial Services,Asset Management,NASDAQ,85.02,35,40,35,43,10.23,863265103.7328033,82372628.0,0.026400002,-24.28,525570,643530,779348,-0.087
3780,SCI,Consumer Cyclical,Personal Services,NYSE,85.01,35,37,52,40,73.84,9613819182.745407,137970998.0,0.0573,-16.72,2075197,1565745,1398167,0.021
3781,ORLY,Consumer Cyclical,Auto Parts,NASDAQ,85.0,35,37,41,43,90.46,74857834603.49263,828715079.0,0.0242,-16.8,8019180,6840810,5947200,0.102
3782,TLIH,Industrials,Industrial Distribution,NASDAQ,84.99,35,15,6,3,4.32,11820548.643915653,2940435.0,0.067,-93.83,20121,886072,534680,0.399
3783,CIK,Financial Services,Asset Management,NYSE ARCA,84.94,35,33,39,47,2.49,134954517.2327261,54859559.0,0.0014,-18.09,802060,810490,666842,0.009
3784,PXLW,Technology,Semiconductors,NASDAQ,84.92,35,29,37,13,6.28,40661217.7704134,6363258.0,0.0364,-59.27,99782,132070,94930,-0.937
3785,RDAC,Financial Services,Shell Companies,NASDAQ,84.9,35,53,11,34,7.2,41657210.0,5951030.0,0.0028,-69.99,3037,633725,381503,
3786,KR,Consumer Defensive,Grocery Stores,NYSE,84.9,35,35,74,38,64.46,39194762048.73061,616560677.0,0.0419,-15.83,8443451,6429840,5785490,0.012
3787,KMB,Consumer Defensive,Household & Personal Products,NASDAQ,84.85,35,26,30,21,101.58,32873951343.88733,331926000.0,0.1455,-26.1,5114143,4588491,4681882,0.027
3788,TDG,Industrials,Aerospace & Defense,NYSE,84.84,35,30,41,44,1212.36,69287166059.1936,55933583.0,0.0233,-25.34,357035,391718,390351,0.183
3789,VRTS,Financial Services,Asset Management,NYSE,84.83,35,31,20,28,140.92,979398670.4813232,6682122.0,0.0805,-34.47,125450,111116,109896,-0.084
3790,VSNT,Communication Services,Entertainment,NASDAQ,84.8,35,64,27,55,39.49,5686805028.532047,141498015.0,0.0321,-33.07,1552351,1813167,1894102,-0.011
3791,BHVN,Healthcare,Biotechnology,NYSE,84.78,35,19,15,9,11.07,1626058720.7172298,150560990.0,0.205,-40.37,3250765,2505878,2316505,
3792,GEG,Financial Services,Asset Management,NASDAQ,84.77,35,54,31,68,2.21,71493977.3428688,31357008.0,0.0373,-37.04,21521,11167,10286,0.065
3793,FNF,Financial Services,Insurance - Specialty,NYSE,84.75,35,26,30,41,47.6,12758067806.701813,269157540.0,0.0279,-19.61,1338958,1508856,1610243,0.167
3794,CTRM,Industrials,Marine Shipping,NASDAQ,84.75,35,30,37,27,2.1,20580815.12576866,9662354.0,0.0016,-20.87,96782,62317,56538,0.396
3795,MDRR,Real Estate,Real Estate Services,NASDAQ,84.73,35,39,35,61,11.35,19216300.310611725,1628500.0,0.0106,-21.83,2040,1376,1362,-0.07
3796,NCDL,Financial Services,Asset Management,NYSE,84.71,35,38,35,38,12.85,630672842.6576042,49387065.0,0.0126,-25.59,200885,199581,207721,
3797,SNN,Healthcare,Medical Devices,NYSE,84.69,35,31,59,61,30.9,12984585486.157608,424194225.0,0.0076,-20.34,1233966,1305925,1194181,0.074
3798,BLW,Financial Services,Asset Management,NYSE,84.68,35,36,46,49,12.25,479174752.9457092,39084400.0,0.0001,-14.34,167216,139205,144151,-0.069
3799,CSV,Consumer Cyclical,Personal Services,NYSE,84.68,35,42,50,56,40.0,595688450.4645996,15872328.0,0.0319,-23.22,153315,119865,108753,-0.009
3800,AR,Energy,Oil & Gas E&P,NYSE,84.67,35,53,71,34,35.64,11017768585.494995,309836000.0,0.039,-22.1,4622619,4506149,4907185,0.343
3801,BXSL,Financial Services,Asset Management,NYSE,84.65,35,32,29,39,23.93,5483607639.710243,232652003.0,0.0579,-27.06,1511768,2071412,2323713,-0.09
3802,RUN,Technology,Solar,NASDAQ,84.63,35,35,66,94,11.9,3185825618.6858025,238549287.0,0.2987,-46.97,8999889,8705763,8606019,0.432
3803,EHC,Healthcare,Medical Care Facilities,NYSE,84.63,35,34,36,38,103.35,10317696522.712097,99199080.0,0.0387,-19.25,774142,919037,930360,0.09
3804,SLDP,Consumer Cyclical,Auto Parts,NASDAQ,84.62,35,36,86,98,2.77,661452067.3536701,224983692.0,0.103,-68.74,5763424,6905264,7057102,-0.589
3805,PAGS,Technology,Software - Infrastructure,NYSE,84.62,35,44,60,65,8.55,2384299887.030284,279519339.0,0.13260001,-30.6,2881234,3509891,3581216,0.015
3806,CLW,Basic Materials,Paper & Paper Products,NYSE,84.59,35,14,13,17,16.55,248167649.20616627,16125253.0,0.0519,-46.54,236259,236639,199331,-0.047
3807,GEL,Energy,Oil & Gas Midstream,NYSE,84.59,35,40,74,61,15.55,1914117304.354929,122464318.0,0.049000002,-16.58,209173,271527,273262,0.121
3808,AUTL,Healthcare,Biotechnology,NASDAQ,84.57,35,59,35,31,1.48,407199221.4955795,266143287.0,0.081199996,-45.19,1549889,1622566,1548453,
3809,EYPT,Healthcare,Biotechnology,NASDAQ,84.57,35,84,80,94,12.33,987650468.0519581,83841298.0,0.17790002,-35.48,1118830,964026,945818,1.617
3810,REGN,Healthcare,Biotechnology,NASDAQ,84.55,35,64,76,78,601.65,66619964164.17334,104839032.0,0.027999999,-26.73,1174324,1123804,939636,0.19
3811,VEL,Financial Services,Mortgage Finance,NYSE,84.54,35,34,33,55,17.43,685397170.3207169,39255281.0,0.2167,-18.53,79158,81102,82081,1.321
3812,PAC,Industrials,Airports & Air Services,NYSE,84.54,35,43,46,75,221.74,13614016597.585144,59501820.0,0.0092,-26.19,103703,105274,133530,0.028
3813,CBRE,Real Estate,Real Estate Services,NYSE,84.54,35,39,36,67,134.06,38338472543.81732,292816579.0,0.0137,-23.07,3032858,2554339,2295373,0.186
3814,VERU,Healthcare,Biotechnology,NASDAQ,84.5,35,21,18,7,2.95,54571089.530677795,16050320.0,0.040900003,-60.14,10986044,3707821,2245098,
3815,GOF,Financial Services,Asset Management,NYSE,84.47,35,34,32,26,10.93,2334594799.7328186,212043120.0,0.63,-28.09,1240011,1345367,1264066,
3816,ETS,Industrials,Trucking,NASDAQ,84.47,35,16,6,3,0.62,8876553.134902954,16716672.0,0.0139,-85.34,87324,78164,58924,0.163
3817,HBANP,Financial Services,Banks - Regional,NASDAQ,84.47,35,40,53,40,16.06,,,0.33,-15.03,53937,42295,43221,0.336
3818,CNH,Industrials,Farm & Heavy Construction Machinery,NYSE,84.47,35,30,40,22,10.18,13329468272.75,1239950537.0,0.067,-28.66,11524860,13859976,14515476,-0.001
3819,METC,Basic Materials,Coking Coal,NASDAQ,84.46,35,48,57,51,14.28,1019986581.0877628,65174863.0,0.4756,-75.29,1710993,1547727,1580208,-0.097
3820,LOAN,Real Estate,REIT - Mortgage,NASDAQ,84.46,35,31,32,31,4.28,48460445.62402916,11429351.0,0.001,-26.84,19257,24625,28819,-0.065
3821,CWST,Industrials,Waste Management,NASDAQ,84.45,35,23,31,42,91.03,5464094028.961067,63609941.0,0.0864,-23.45,608145,696648,770225,0.096
3822,TBCH,Technology,Consumer Electronics,NASDAQ,84.41,35,28,33,35,13.11,248291241.25271416,19847421.0,0.1576,-24.6,378327,322959,276231,-0.34
3823,OMAB,Industrials,Airports & Air Services,NASDAQ,84.4,35,39,67,76,95.92,4682787080.898361,48271178.0,0.0091,-28.94,75074,71374,85780,0.069
3824,REXR,Real Estate,REIT - Industrial,NYSE,84.4,35,36,32,52,34.58,7690216245.446297,225718119.0,0.0618,-22.08,2133239,1892639,2175247,-0.029
3825,CLMB,Technology,Electronics & Computer Distribution,NASDAQ,84.39,35,13,19,31,22.96,442985298.32458496,18597200.0,0.0731,-36.67,149069,189279,167989,0.321
3826,HII,Industrials,Aerospace & Defense,NYSE,84.39,35,63,92,88,289.13,11546956994.86435,39404029.0,0.026300002,-37.15,558153,575041,510518,0.134
3827,ARE,Real Estate,REIT - Office,NYSE,84.39,35,21,24,9,52.31,8936538721.668701,174269480.0,0.0579,-40.72,2562652,2235384,2386200,-0.115
3828,HSPT,Financial Services,Shell Companies,NASDAQ,84.38,35,16,28,56,9.21,57434753.317837715,5860689.0,0.0031,-35.64,7030,27036,20134,
3829,IPM,Technology,Software - Application,NASDAQ,84.37,35,50,70,25,1.83,24116098.960796,13035729.0,0.015,-36.46,32228,36016,38333,0.152
3830,OSTX,Healthcare,Biotechnology,NYSE ARCA,84.36,34,68,26,20,1.69,79277827.40575457,44538106.0,0.0319,-34.24,867012,731230,772406,
3831,KBSX,Consumer Cyclical,Leisure,NASDAQ,84.36,34,26,29,10,1.37,56226101.64645624,44766003.0,0.0094,-45.63,4897,21432,233471,0.362
3832,HBANM,Financial Services,Banks - Regional,NASDAQ,84.34,34,46,55,40,20.52,,,1.13,-14.64,23853,14861,13500,0.336
3833,RSG,Industrials,Waste Management,NYSE,84.33,34,30,46,34,212.59,64621762767.86418,307664087.0,0.016,-16.1,1800866,1871088,1784831,0.026
3834,FBIO,Healthcare,Biotechnology,NASDAQ,84.31,34,32,83,90,2.77,88030543.96801758,33219072.0,0.18129998,-38.85,479213,406831,418258,0.063
3835,ADP,Technology,Software - Application,NASDAQ,84.31,34,26,21,29,231.1,92718365490.00778,399734282.0,0.046,-29.08,2654328,2846046,2874815,0.07
3836,WPM,Basic Materials,Gold,NYSE,84.3,34,81,88,86,107.52,52782960618.93777,454125089.0,1.37,-35.14,1977940,2020340,2073818,0.916
3837,BOOT,Consumer Cyclical,Apparel Retail,NYSE,84.29,34,25,45,86,165.19,5086236660.026276,30347473.0,0.1144,-21.43,682574,781971,755408,0.187
3838,ASLE,Industrials,Airports & Air Services,NASDAQ,84.29,34,32,31,36,6.18,301000515.3223429,47252829.0,0.0323,-32.24,325563,344587,296384,0.074
3839,IKT,Healthcare,Biotechnology,NASDAQ,84.26,34,61,73,22,1.66,215213196.05041933,132032636.0,0.2155,-26.55,571629,676423,819955,
3840,SST,Industrials,Specialty Business Services,NYSE,84.25,34,54,5,10,3.06,24858945.311355114,8150474.0,0.111,-79.6,165772,739457,2164874,-0.5
3841,PYXS,Healthcare,Biotechnology,NASDAQ,84.25,34,93,35,98,1.67,112772756.14738512,63355482.0,0.0387,-69.91,369040,610210,523224,
3842,HHH,Real Estate,Real Estate - Development,NYSE,84.18,34,22,26,61,66.25,3883349317.806175,59624589.0,0.0925,-27.25,455834,465604,439326,0.184
3843,IPX,Basic Materials,Other Industrial Metals & Mining,NASDAQ,84.17,34,71,41,64,34.19,1195310735.9687195,33938407.0,0.0233,-44.36,217442,275627,248022,
3844,HSY,Consumer Defensive,Confectioners,NYSE,84.16,34,49,81,61,176.61,37440829975.17731,202843372.0,0.0828,-26.25,1889649,1962579,1948485,0.106
3845,DOO,Consumer Cyclical,Recreational Vehicles,NASDAQ,84.16,34,38,71,89,58.0,4452128539.0588875,73346433.0,0.76,-29.17,369779,334596,522793,0.295
3846,CHMI,Real Estate,REIT - Mortgage,NYSE,84.15,34,56,51,44,2.36,86337910.79624462,36739538.0,0.0001,-22.37,245626,214142,188779,
3847,EGO,Basic Materials,Gold,NYSE,84.15,34,79,91,93,27.94,7709258208.454628,260535930.0,1.63,-45.39,2572418,3293106,3211959,0.499
3848,TRIP,Consumer Cyclical,Travel Services,NASDAQ,84.14,34,13,14,37,11.57,1380043424.390563,116361169.0,0.3254,-42.61,3984878,3701612,3634903,-0.04
3849,CSL,Industrials,Building Products & Equipment,NYSE,84.09,34,32,45,35,327.82,14000107439.042603,40465076.0,0.085,-24.8,333492,368107,384424,-0.04
3850,GAME,Communication Services,Electronic Gaming & Multimedia,NASDAQ,84.08,34,43,7,12,0.42,37291295.93271232,93696723.0,0.062,-85.37,1652609,1975393,10005385,0.95
3851,VFS,Consumer Cyclical,Auto Manufacturers,NASDAQ,84.08,34,71,35,38,3.05,7509910681.346216,2339536010.0,0.0403,-42.29,693496,561142,900531,1.374
3852,CLB,Energy,Oil & Gas Equipment & Services,NYSE,84.07,34,32,68,70,13.42,596030112.327591,46096682.0,0.2618,-34.09,569878,577346,473283,-0.014
3853,CHNR,Basic Materials,Other Industrial Metals & Mining,NASDAQ,84.07,34,52,25,25,3.76,5301957.096399307,1256388.0,0.0683,-54.15,424710,160356,99186,
3854,AMCR,Consumer Cyclical,Packaging & Containers,NYSE,84.07,34,24,39,33,38.17,17629241653.538475,462345690.0,0.0728,-25.07,3572914,4155771,4130900,0.774
3855,BETR,Financial Services,Mortgage Finance,NASDAQ,84.07,34,83,87,97,23.73,483444881.0961857,18869823.0,0.20989999,-74.77,291084,492804,558902,0.516
3856,RVP,Healthcare,Medical Instruments & Supplies,NYSE ARCA,84.05,34,34,35,69,0.69,20656640.32862425,29937160.0,0.0036000002,-39.47,108961,93760,82914,-0.135
3857,PPTA,Basic Materials,Other Precious Metals & Mining,NASDAQ,84.05,34,89,95,95,21.36,2833390445.230234,125094503.0,0.121800005,-42.84,1901386,1676022,1526671,
3858,HCAI,Industrials,Farm & Heavy Construction Machinery,NASDAQ,84.05,34,24,3,2,9.19,7846875.0,1162500.0,0.0228,-77.24,237144,2245074,1848911,
3859,WHF,Financial Services,Asset Management,NASDAQ,84.03,34,56,38,23,6.67,143931867.42236328,21611392.0,0.0176,-30.95,89036,99915,96723,-0.156
3860,RPAY,Technology,Software - Infrastructure,NASDAQ,84.01,34,28,12,11,3.38,287319305.80895424,82800952.0,0.0789,-44.18,539633,641967,1592116,0.045
3861,NHI,Real Estate,REIT - Healthcare Facilities,NYSE,84.01,34,35,74,57,72.73,3413818108.7621994,48471079.0,0.0398,-20.41,477748,466236,405765,-0.026
3862,OBDC,Financial Services,Asset Management,NYSE,84.0,34,33,30,36,11.12,5469285999.670593,496305424.0,0.04,-26.77,3595381,3556037,4101776,-0.146
3863,RERE,Consumer Cyclical,Internet Retail,NYSE,83.99,34,70,89,90,3.99,899252911.4061909,221490868.0,0.0235,-38.33,1098607,1191439,1026663,0.324
3864,RPC,Financial Services,Asset Management,NYSE,83.97,34,19,17,28,8.27,883476031.7503967,109476588.0,0.0467,-36.77,337194,374434,506492,0.109
3865,CLAR,Consumer Cyclical,Leisure,NASDAQ,83.97,34,20,24,25,3.01,110327060.42072105,38441486.0,0.071100004,-25.31,121595,249818,213441,0.025
3866,AWK,Utilities,Utilities - Regulated Water,NYSE,83.95,34,41,55,41,126.46,24306566687.249542,195280521.0,0.0732,-14.48,2364889,1976786,1929997,0.057
3867,GRVY,Communication Services,Electronic Gaming & Multimedia,NASDAQ,83.95,34,36,56,28,57.18,404356481.45713806,6948900.0,0.0095999995,-23.51,84665,53885,46117,0.182
3868,MLM,Basic Materials,Building Materials,NYSE,83.95,34,34,55,69,552.87,34576231623.17505,60045900.0,0.031600002,-22.24,546605,551248,492769,0.172
3869,AMRZ,Basic Materials,Building Materials,NYSE,83.94,34,42,57,60,50.51,29658492523.775803,553536609.0,0.0146,-23.4,4396702,3394860,3018846,0.047
3870,MHH,Industrials,Staffing & Employment Services,NYSE ARCA,83.93,34,37,24,24,6.5,77388297.41152763,11998186.0,0.0066000004,-22.34,14303,20801,18260,-0.15
3871,SPRY,Healthcare,Biotechnology,NASDAQ,83.93,34,20,23,32,9.26,850035964.389307,99303262.0,0.3765,-51.01,1616224,1745208,1677510,1.845
3872,BAM,Financial Services,Asset Management,NYSE,83.93,34,30,28,38,45.7,73739598055.60056,1596786435.0,0.056900002,-28.71,3279836,3196872,3352569,0.238
3873,BJ,Consumer Defensive,Discount Stores,NYSE,83.92,34,30,43,31,92.49,11391580463.362663,127693987.0,0.0637,-19.87,2570282,2399970,2198112,0.099
3874,PROK,Healthcare,Biotechnology,NASDAQ,83.88,34,66,90,92,1.67,369359473.6153152,205199713.0,0.1269,-76.58,1105497,922932,977665,-0.017
3875,COO,Healthcare,Medical Instruments & Supplies,NASDAQ,83.83,34,18,38,64,67.69,13139002846.789734,195114398.0,0.0299,-24.65,4785406,3153275,2694003,0.079
3876,CDW,Technology,Information Technology Services,NASDAQ,83.83,34,13,22,26,129.3,16996318263.320297,127753451.0,0.0795,-29.69,2346151,2385247,2000920,0.092
3877,DTI,Energy,Oil & Gas Equipment & Services,NASDAQ,83.82,34,64,88,32,2.7,95578336.68533754,35139094.0,0.0063,-42.43,237282,288644,464472,-0.115
3878,CAE,Industrials,Aerospace & Defense,NYSE,83.82,34,29,53,70,25.38,8204226868.5,321734387.0,4.23,-25.88,730551,941090,953388,0.04
3879,III,Technology,Information Technology Services,NASDAQ,83.8,34,29,27,86,4.29,202838510.81045914,47839274.0,0.0165,-33.49,220153,249251,228848,0.027
3880,RWT,Real Estate,REIT - Mortgage,NYSE,83.78,34,47,61,38,5.11,667399868.6567974,125215737.0,0.0002,-26.69,1034457,1076249,1153719,-0.134
3881,CHDN,Consumer Cyclical,Gambling,NASDAQ,83.75,34,29,26,66,88.66,6058055115.74115,69696908.0,0.0622,-25.16,718267,857829,931707,0.031
3882,TOP,Financial Services,Capital Markets,NASDAQ,83.7,34,14,27,21,1.11,37112443.0,37112443.0,0.031,-66.67,134958,112842,89891,0.557
3883,CSBR,Healthcare,Biotechnology,NASDAQ,83.69,34,46,27,30,5.72,78460568.22435093,13886826.0,0.0125,-40.6,7770,9403,8566,-0.028
3884,ELTK,Technology,Electronic Components,NASDAQ,83.69,34,23,42,31,8.89,59739264.33706951,6719827.0,0.0014,-27.07,12885,9251,6629,-0.182
3885,IDXX,Healthcare,Diagnostics & Research,NASDAQ,83.68,34,25,53,85,556.94,44344863475.08014,78882997.0,0.0293,-27.67,679935,646101,603053,0.143
3886,LE,Consumer Cyclical,Apparel Retail,NASDAQ,83.66,34,20,64,77,12.35,328273341.4810753,30794873.0,0.1176,-38.37,256901,241930,304730,0.047
3887,ZBH,Healthcare,Medical Devices,NYSE,83.66,34,28,42,29,88.17,16895078907.300385,193462482.0,0.0622,-18.58,2144862,2357354,2346146,0.093
3888,ATS,Industrials,Specialty Industrial Machinery,NYSE,83.65,34,70,55,35,26.4,2611432000.841057,97007132.0,13.51,-26.3,286480,191850,165244,0.301
3889,ZIONP,Financial Services,Banks - Regional,NASDAQ,83.62,34,33,35,32,18.84,,,0.0,-22.63,3523,4211,5238,0.102
3890,NVO,Healthcare,Drug Manufacturers - General,NYSE,83.6,33,36,14,13,42.81,190309596283.48206,4429925520.0,0.0068,-47.43,14628713,15488964,15838060,0.24
3891,RANI,Healthcare,Biotechnology,NASDAQ,83.59,33,76,92,96,0.78,93282994.28430367,112389152.0,0.082200006,-79.84,1011557,1040269,1033151,8.93
3892,DHR,Healthcare,Diagnostics & Research,NYSE,83.57,33,20,35,66,183.63,130442128716.04454,707770627.0,0.013300001,-24.37,4484620,4689133,4628752,0.037
3893,VANI,Healthcare,Biotechnology,NASDAQ,83.55,33,32,45,66,1.13,101757418.19678879,86235104.0,0.009,-41.15,141825,180051,238459,
3894,FLNT,Communication Services,Advertising Agencies,NASDAQ,83.52,33,62,92,38,2.22,66190881.49303436,29815712.0,0.0054,-46.51,43575,38068,31615,-0.055
3895,HGLB,Financial Services,Asset Management,NYSE,83.5,33,39,50,73,7.75,183769565.65009594,23590445.0,0.00059999997,-27.16,89047,80162,73489,
3896,ENVX,Industrials,Electrical Equipment & Parts,NASDAQ,83.49,33,32,12,25,6.28,1588157088.9704132,218153440.0,0.26049998,-61.92,8220527,7879012,7014061,0.491
3897,ILAG,Industrials,Building Products & Equipment,NASDAQ,83.48,33,61,6,21,3.29,7269318.0,2076948.0,0.0087,-65.59,247571,85167,54228,-0.279
3898,MB,Consumer Cyclical,Restaurants,NASDAQ,83.43,33,78,32,45,6.25,117511748.36397171,17155000.0,0.0005,-61.89,24367,18639,16313,-0.12
3899,NMFC,Financial Services,Asset Management,NASDAQ,83.41,33,33,26,35,7.95,739562206.4938545,94452390.0,0.045700002,-27.99,450539,524399,643163,-0.197
3900,VRCA,Healthcare,Biotechnology,NASDAQ,83.36,33,83,45,92,5.75,103759872.82468128,17178787.0,0.0467,-41.45,38453,70631,76646,0.461
3901,BX,Financial Services,Asset Management,NYSE,83.36,33,26,19,32,118.48,140987918796.8262,1222261991.0,0.0248,-37.67,5869799,5139143,5771829,0.057
3902,CRDL,Healthcare,Drug Manufacturers - Specialty & Generic,NASDAQ,83.34,33,77,36,26,1.05,127952188.04898262,115272240.0,0.0175,-38.6,412127,403652,585887,
3903,NSSC,Industrials,Security & Protection Services,NASDAQ,83.34,33,59,81,83,35.23,1249027668.810646,35727337.0,0.083000004,-26.79,393057,422405,376175,0.076
3904,BRNS,Healthcare,Biotechnology,NASDAQ,83.33,33,25,25,17,0.69,26633478.64504367,40848893.0,0.00059999997,-76.37,261906,102405,68727,
3905,RBBN,Technology,Software - Application,NASDAQ,83.33,33,35,13,16,2.62,498473546.17165565,176139067.0,0.0382,-38.93,1172267,1066335,1046649,-0.103
3906,GNLX,Healthcare,Biotechnology,NASDAQ,83.32,33,41,18,80,2.86,131382421.87342072,44840416.0,0.068,-66.49,157145,164485,181657,
3907,ROAD,Industrials,Engineering & Construction,NASDAQ,83.3,33,59,75,66,104.26,6251046405.686966,56534742.0,0.053400002,-30.95,584952,594090,543850,0.346
3908,SMWB,Technology,Software - Application,NYSE,83.28,33,7,4,19,4.17,355658191.44745684,87600541.0,0.0134000005,-61.21,858132,860724,710394,0.101
3909,SERA,Healthcare,Medical Devices,NASDAQ,83.26,33,14,18,62,2.0,89673478.75621319,39158725.0,0.0091,-51.1,49119,70483,52067,-0.632
3910,PRHI,Financial Services,Insurance - Property & Casualty,NASDAQ,83.24,33,21,17,30,5.05,19684000.635147095,3700000.0,0.0013,-74.51,42500,15932,11635,-0.385
3911,PGR,Financial Services,Insurance - Property & Casualty,NYSE,83.22,33,30,30,31,204.2,119045672492.98096,583500000.0,0.012,-26.73,3371260,2996713,2863270,0.087
3912,DHY,Financial Services,Asset Management,NYSE ARCA,83.21,33,32,38,42,1.75,238992868.084929,138146165.0,0.0197,-18.6,608509,700429,847005,-0.032
3913,AZ,Technology,Software - Application,NASDAQ,83.21,33,43,24,14,5.93,285896496.2775345,44532164.0,0.0996,-52.02,357398,535432,476093,0.68
3914,RICK,Consumer Cyclical,Restaurants,NASDAQ,83.19,33,25,15,13,25.34,188513368.83354187,7644500.0,0.113299996,-41.21,51300,48476,52392,0.043
3915,STRF,Technology,Software - Application,NASDAQ,83.19,33,51,52,66,93.6,,,4.75,-26.76,183557,108889,109265,0.119
3916,LND,Consumer Defensive,Farm Products,NYSE,83.18,33,45,72,35,3.7,365588734.7900562,99615457.0,0.0011999999,-16.85,53920,65553,81190,-0.155
3917,DRD,Basic Materials,Gold,NYSE,83.17,33,84,91,96,21.92,2052262944.9645615,86739770.0,0.0105,-44.32,285977,292455,270577,0.329
3918,LAZ,Financial Services,Capital Markets,NYSE,83.16,33,31,29,50,41.36,4563571136.681595,98437685.0,0.054899998,-29.6,1903148,1524749,1441611,0.154
3919,CWCO,Utilities,Utilities - Regulated Water,NASDAQ,83.16,33,36,65,78,30.09,478725686.0207176,16000190.0,0.028900001,-23.08,90090,100526,124732,-0.111
3920,GROV,Consumer Defensive,Household & Personal Products,NYSE,83.13,33,31,38,22,1.22,48332285.24797261,42028075.0,0.0941,-33.7,52251,58013,60728,-0.143
3921,CCEL,Healthcare,Medical Care Facilities,NYSE ARCA,83.12,33,26,14,15,3.63,28193025.0,8055150.0,0.0019,-42.83,4640,7103,8574,-0.036
3922,RGLD,Basic Materials,Gold,NASDAQ,83.12,33,72,84,83,197.07,17488461295.721558,84866602.0,0.033099998,-35.65,660665,712305,749893,1.43
3923,SSYS,Technology,Computer Hardware,NASDAQ,83.07,33,20,27,28,8.46,768303933.1169128,86814000.0,0.0438,-33.96,1287214,1159224,903354,-0.025
3924,MKL,Financial Services,Insurance - Property & Casualty,NYSE,83.05,33,31,43,70,1820.94,22758309515.618896,12513710.0,0.019,-17.51,81514,83941,72724,-0.169
3925,LOAR,Industrials,Aerospace & Defense,NYSE,83.04,33,24,35,27,64.87,5925492855.305763,93624471.0,0.1649,-28.32,684453,805087,863874,0.361
3926,MHK,Consumer Cyclical,"Furnishings, Fixtures & Appliances",NYSE,83.04,33,23,34,32,101.75,6269640531.902847,60953145.0,0.14649999,-28.91,567310,854433,877132,0.08
3927,AIRI,Industrials,Aerospace & Defense,NYSE ARCA,83.04,33,29,54,21,3.04,14600480.53374052,4850658.0,0.0064,-27.1,31975,37318,34817,-0.044
3928,AIMD,Technology,Scientific & Technical Instruments,NASDAQ,83.03,33,16,10,18,1.89,14360857.251168728,7364542.0,0.0064999997,-58.0,140486,704608,433873,-0.998
3929,RMCF,Consumer Defensive,Confectioners,NASDAQ,83.03,33,85,93,27,1.57,15790027.187011957,9398826.0,0.004,-47.49,58164,55218,41822,-0.241
3930,RCEL,Healthcare,Medical Devices,NASDAQ,83.03,33,36,39,7,4.12,128646554.73683119,30776689.0,0.1164,-42.13,238412,258234,244242,0.04
3931,LBRDP,Communication Services,Telecom Services,NASDAQ,83.02,33,33,50,53,21.76,,,0.2,-14.83,11117,14349,16461,
3932,HTT,Financial Services,Credit Services,NYSE,83.02,33,12,22,73,2.97,456533510.6453934,155283504.0,0.0037,-41.54,336356,243562,193833,-0.939
3933,AEM,Basic Materials,Gold,NYSE,83.01,33,78,90,88,152.48,81835932378.60739,500036237.0,0.0101,-40.26,2818945,2384385,2287215,0.661
3934,CYH,Healthcare,Medical Care Facilities,NYSE,83.0,33,28,51,56,2.97,386111792.2238865,140916712.0,0.0939,-32.96,1334012,1415377,1628830,-0.061
3935,CD,Financial Services,Capital Markets,NASDAQ,82.98,33,51,24,39,4.9,423435447.93891907,79443800.0,0.0332,-86.67,232663,166457,136532,19.249
3936,RH,Consumer Cyclical,Specialty Retail,NYSE,82.98,33,12,18,14,148.69,2771419850.758911,18900769.0,0.5729,-42.14,852260,849503,1203726,0.037
3937,NHS,Financial Services,Asset Management,NYSE ARCA,82.98,33,32,47,48,6.3,198890180.72147465,31569869.0,0.0082,-18.71,193354,207904,231800,0.067
3938,ONIT,Financial Services,Mortgage Finance,NYSE,82.97,33,32,42,76,37.17,310555621.149704,8432137.0,0.0325,-31.29,66814,82774,72850,0.178
3939,AKTX,Healthcare,Biotechnology,NASDAQ,82.96,33,1,4,2,14.63,17248940.810699463,1144588.0,0.206,-71.87,292214,1559001,962512,
3940,ACAD,Healthcare,Biotechnology,NASDAQ,82.96,33,43,37,82,21.25,3691845265.7501793,171235870.0,0.1058,-25.04,1156374,1555988,1636178,0.097
3941,BEKE,Real Estate,Real Estate Services,NYSE,82.94,33,52,32,23,16.0,17914018738.764282,1114055897.0,0.0496,-23.74,4995726,5651895,4800635,-0.19
3942,XBIT,Healthcare,Biotechnology,NASDAQ,82.89,33,37,30,17,2.35,72255918.98095608,30487731.0,0.0070999996,-34.9,33336,27445,26673,
3943,DT,Technology,Software - Application,NYSE,82.87,33,31,26,26,40.58,12297360774.988995,291475733.0,0.0446,-29.49,5236595,6171831,6198661,0.194
3944,WWW,Consumer Cyclical,Footwear & Accessories,NYSE,82.87,33,26,32,29,17.17,1303633670.6234722,81989541.0,0.1129,-47.65,1068296,1229128,1091151,0.11
3945,YUMC,Consumer Cyclical,Restaurants,NYSE,82.85,33,39,74,51,43.79,15052371312.545586,351034770.0,0.0117999995,-25.0,1859683,1629201,1473894,0.097
3946,VFF,Consumer Defensive,Farm Products,NASDAQ,82.83,33,86,94,99,2.08,238863343.9305234,114288686.0,0.0479,-58.32,1112422,1152550,1119898,0.266
3947,BZUN,Consumer Cyclical,Internet Retail,NASDAQ,82.81,33,30,22,20,2.59,154040236.39355516,58128389.0,0.0128,-46.93,253940,273123,355964,0.153
3948,FDS,Financial Services,Financial Data & Stock Exchanges,NYSE,82.76,33,23,12,19,249.08,9312524505.853638,36431127.0,0.18110001,-45.07,940029,886656,941337,0.071
3949,TBBK,Financial Services,Banks - Regional,NASDAQ,82.73,32,30,30,64,54.95,2252839519.701645,41634439.0,0.12640001,-32.7,344914,435254,415026,0.041
3950,MSA,Industrials,Security & Protection Services,NYSE,82.72,32,38,68,38,156.28,6226839673.51033,38604089.0,0.0394,-25.2,364130,326563,292240,0.1
3951,CELZ,Healthcare,Biotechnology,NASDAQ,82.7,32,42,21,16,2.11,7615135.86847496,3696668.0,0.0367,-66.24,55373,48801,66542,
3952,HOUR,Consumer Cyclical,Internet Retail,NASDAQ,82.7,32,82,55,46,1.76,66864590.16095996,35191890.0,0.0029,-74.27,22862,134337,87540,0.158
3953,IE,Basic Materials,Copper,NYSE ARCA,82.68,32,79,85,93,10.12,1818770367.3399296,158291593.0,0.0639,-53.04,2199932,2007800,1981420,0.167
3954,SLGN,Consumer Cyclical,Packaging & Containers,NYSE,82.68,32,25,39,24,39.36,3871049648.4181595,105679758.0,0.09,-31.0,947684,875891,804646,0.065
3955,QLYS,Technology,Software - Infrastructure,NASDAQ,82.67,32,16,16,56,110.2,3870349123.036888,35217007.0,0.1903,-29.12,696964,793601,843626,0.098
3956,GTIM,Consumer Cyclical,Restaurants,NASDAQ,82.62,32,28,21,12,1.28,13725264.296560287,10557896.0,0.007900001,-38.76,22998,23682,27691,-0.031
3957,USAU,Basic Materials,Gold,NASDAQ,82.61,32,78,82,90,14.52,227056006.65681648,16501163.0,0.0837,-38.86,275667,211862,234545,
3958,BRN,Energy,Oil & Gas E&P,NYSE ARCA,82.59,32,43,26,17,1.06,15403249.955077171,14395560.0,0.0179,-53.51,69202,112457,754336,-0.29
3959,CRCT,Technology,Computer Hardware,NASDAQ,82.57,32,26,23,29,4.43,868980316.7355089,209898634.0,0.1027,-39.56,534586,542115,507081,-0.019
3960,TTWO,Communication Services,Electronic Gaming & Multimedia,NASDAQ,82.57,32,51,33,65,210.46,39805075767.24806,185666663.0,0.0397,-20.52,2689376,2461365,2079209,0.061
3961,PRAA,Financial Services,Credit Services,NASDAQ,82.56,32,78,49,36,15.24,610635625.6097565,38140888.0,0.030199999,-32.42,609102,604620,474036,0.167
3962,PAYX,Technology,Software - Application,NASDAQ,82.54,32,24,20,24,101.1,36018981829.5632,358290881.0,0.064,-36.57,3138974,3118671,3271026,0.199
3963,CRNX,Healthcare,Biotechnology,NASDAQ,82.54,32,37,42,84,34.32,3471091454.293213,105440208.0,0.1463,-40.82,999120,1231273,1150578,28.734
3964,POST,Consumer Defensive,Packaged Foods,NYSE,82.52,32,35,37,29,93.53,4098521465.8113556,45322586.0,0.1633,-20.25,895378,863526,789609,0.047
3965,GNE,Utilities,Utilities - Regulated Electric,NYSE,82.5,32,35,38,29,14.21,368595666.96722126,26403701.0,0.0253,-50.09,73585,72208,62741,0.04
3966,WCN,Industrials,Waste Management,NYSE,82.49,32,26,38,39,159.03,39438439470.79736,254080912.0,0.0085,-17.48,1981273,1705234,1639582,0.064
3967,AENT,Communication Services,Entertainment,NASDAQ,82.47,32,86,86,90,5.44,283928697.8503752,50974630.0,0.1122,-38.18,21650,28386,23054,0.212
3968,LGVN,Healthcare,Biotechnology,NASDAQ,82.45,32,60,61,7,0.77,23066505.562683105,31597952.0,0.080299996,-57.22,202241,359527,554200,0.045
3969,DIS,Communication Services,Entertainment,NYSE,82.42,32,37,34,46,98.61,173147552497.2163,1736511424.0,0.0148,-20.92,8606428,8983732,8482173,0.065
3970,FPH,Real Estate,Real Estate - Development,NYSE,82.4,32,26,35,56,5.02,370114826.2103834,72429514.0,0.0058999998,-24.4,178633,184821,186842,0.032
3971,AMTD,Financial Services,Asset Management,NYSE,82.4,32,54,40,32,0.97,96808207.36973524,94910009.0,0.0007,-41.21,15917,18215,14105,-0.826
3972,PLTK,Communication Services,Electronic Gaming & Multimedia,NASDAQ,82.4,32,39,18,41,3.15,1175372761.4017618,380379545.0,0.0947,-37.62,1675337,1400792,1326117,0.055
3973,RYAAY,Industrials,Airlines,NASDAQ,82.35,32,33,61,86,55.75,29672102454.161434,520745923.0,0.005,-24.91,1139561,1542403,1513948,0.094
3974,DEO,Consumer Defensive,Beverages - Wineries & Distilleries,NYSE,82.35,32,21,25,26,79.78,44711036928.357216,555899997.0,0.0072000003,-31.47,1328441,1336850,1431318,-0.04
3975,CNX,Energy,Oil & Gas E&P,NYSE,82.34,32,52,80,70,33.2,4752232404.047768,141477594.0,0.1378,-23.89,1545414,1703954,1818416,0.282
3976,GITS,Communication Services,Internet Content & Information,NASDAQ,82.32,32,14,93,31,1.86,7164705.77519989,3674208.0,0.0031,-73.77,96328,114786,82809,
3977,KBH,Consumer Cyclical,Residential Construction,NYSE,82.31,32,19,33,56,52.16,3257704057.3120117,62600000.0,0.17870001,-24.09,1117412,1072967,1097042,-0.226
3978,MTD,Healthcare,Diagnostics & Research,NYSE,82.31,32,22,38,68,1133.03,23326239174.30066,20207601.0,0.038399998,-25.71,248991,223047,188894,0.072
3979,LAND,Real Estate,REIT - Specialty,NASDAQ,82.31,32,38,81,28,9.11,399876051.45635605,43136573.0,0.0481,-29.92,497389,567186,539653,-0.018
3980,HLN,Healthcare,Drug Manufacturers - Specialty & Generic,NYSE,82.3,32,29,61,48,9.08,40337569879.9102,4422979209.0,0.0034,-19.5,8992188,9527246,8420245,0.006
3981,SMSI,Technology,Software - Application,NASDAQ,82.3,32,84,55,17,3.59,18656906.137468815,5111481.0,0.0249,-44.77,37867,30626,24640,-0.087
3982,GREE,Financial Services,Capital Markets,NASDAQ,82.27,32,36,47,73,1.36,25768231.544826865,18019743.0,0.052399997,-43.8,251424,275041,215386,0.083
3983,AVY,Consumer Cyclical,Packaging & Containers,NYSE,82.26,32,29,45,59,156.07,11869777384.067688,76490385.0,0.033800002,-21.79,710445,688371,655257,0.07
3984,MBUU,Consumer Cyclical,Recreational Vehicles,NASDAQ,82.25,32,31,28,25,26.6,518221500.00450134,19637041.0,0.0629,-32.91,293372,344444,369570,0.031
3985,SYM,Industrials,Specialty Industrial Machinery,NASDAQ,82.25,32,61,86,95,41.24,5600022450.454594,127215411.0,0.2746,-53.07,3321308,2464589,2023775,0.231
3986,LW,Consumer Defensive,Packaged Foods,NYSE,82.24,32,21,19,55,44.13,5815626314.882336,138072803.0,0.0559,-34.2,1300828,1484182,1869631,0.029
3987,DMA,Financial Services,Asset Management,NYSE,82.23,32,27,43,61,7.42,65342011.96807957,8963239.0,0.00090000004,-18.91,19558,29596,28671,
3988,GRNQ,Industrials,Consulting Services,NASDAQ,82.23,32,61,91,85,1.51,27634969.643239975,18062072.0,0.0004,-52.52,11678,11162,18735,0.149
3989,APAM,Financial Services,Asset Management,NYSE,82.19,32,28,33,40,34.53,2640239130.335598,70993257.0,0.1091,-28.8,828324,788681,782488,0.093
3990,PUK,Financial Services,Insurance - Life,NYSE,82.16,32,66,74,86,25.01,31893560119.788803,1251218533.0,0.001,-26.51,1828058,1148762,1022795,0.188
3991,LKFT,Healthcare,Biotechnology,NASDAQ,82.13,32,28,67,60,28.61,1846435959.5852852,65897071.0,0.0396,-24.27,211929,184503,173683,-0.914
3992,J,Industrials,Engineering & Construction,NYSE,82.13,32,22,44,42,121.76,14470812081.804245,118080879.0,0.0635,-27.71,1242807,1436545,1160389,0.27
3993,GMAB,Healthcare,Biotechnology,NASDAQ,82.11,32,58,53,86,24.49,15440440871.80275,613934040.0,0.0167,-30.88,1819070,2051276,1862184,0.253
3994,DC,Basic Materials,Gold,NYSE ARCA,82.1,32,86,80,92,4.62,670979796.6237087,133928097.0,0.0435,-36.28,1380411,1151270,1213114,
3995,RAIL,Industrials,Railroads,NASDAQ,82.08,32,21,40,69,7.86,145060035.1799469,19137208.0,0.0128,-47.25,156573,156807,155460,-0.332
3996,BHFAO,Financial Services,Insurance - Life,NASDAQ,82.06,32,43,42,24,15.34,,,2.96,-30.08,43780,30900,40080,-0.362
3997,UPBD,Technology,Software - Application,NASDAQ,82.06,32,30,29,14,18.08,1065026400.7047501,58293726.0,0.1066,-35.5,824661,832883,817062,0.037
3998,CING,Healthcare,Biotechnology,NASDAQ,81.99,32,51,98,44,4.89,60543315.278591156,13469036.0,0.1425,-58.87,1155796,720572,610011,
3999,UEIC,Technology,Consumer Electronics,NASDAQ,81.99,32,35,36,8,3.8,49637087.703163624,12630302.0,0.0143,-49.33,35415,45971,42931,-0.144
4000,CTAS,Industrials,Specialty Business Services,NASDAQ,81.99,32,22,44,31,180.4,71964620490.0917,400136881.0,0.0399,-20.59,2483785,2150828,2129381,0.089
4001,BHFAP,Financial Services,Insurance - Life,NASDAQ,81.99,32,39,43,25,14.93,,,0.19,-30.2,32579,27193,31083,-0.362
4002,BMNR,Financial Services,Capital Markets,NYSE,81.95,32,72,95,99,15.64,9056271204.823687,569576819.0,0.0463,-90.29,41807328,36379396,38695825,6.278
4003,GLBE,Consumer Cyclical,Internet Retail,NASDAQ,81.94,32,26,39,49,32.73,5396792452.238529,167967391.0,0.031,-21.96,1764170,1830726,1516178,0.328
4004,SCKT,Technology,Computer Hardware,NASDAQ,81.93,32,22,24,48,0.95,7252043.00070405,8240958.0,0.0056,-30.15,347618,144069,118639,-0.067
4005,MCD,Consumer Cyclical,Restaurants,NYSE,81.92,32,29,64,60,282.52,198827956980.60983,710505859.0,0.0162,-17.33,4410962,4333614,3825118,0.094
4006,ZKH,Consumer Cyclical,Internet Retail,NYSE,81.89,32,34,59,49,2.9,450752366.81817055,159276459.0,0.00059999997,-25.64,88495,249845,224911,0.092
4007,FOXF,Consumer Cyclical,Auto Parts,NASDAQ,81.89,32,21,20,13,17.65,730108069.1310539,41936133.0,0.1172,-43.39,518741,553820,516162,0.038
4008,SBSW,Basic Materials,Other Precious Metals & Mining,NYSE,81.88,31,86,94,97,9.08,7320507687.176835,723370333.0,0.0164,-57.35,5326070,4832286,4842202,0.316
4009,BHFAN,Financial Services,Insurance - Life,NASDAQ,81.85,31,39,41,25,12.18,,,0.4,-29.74,74674,58518,56154,-0.362
4010,SHW,Basic Materials,Specialty Chemicals,NYSE,81.84,31,28,41,36,303.91,75297852080.61127,246635621.0,0.0235,-19.95,2222934,2190998,1962988,0.068
4011,NNDM,Technology,Computer Hardware,NASDAQ,81.83,31,34,44,67,1.52,326365389.9889884,209208591.0,0.0598,-34.48,2807539,2742036,2361073,1.064
4012,KT,Communication Services,Telecom Services,NYSE,81.81,31,42,71,47,18.43,8689330724.369019,479543616.0,0.0068,-25.02,2342908,1600932,1454305,-0.01
4013,ELUT,Healthcare,Medical Devices,NASDAQ,81.8,31,33,43,3,1.04,44164028.3331635,44208236.0,0.0033000002,-60.61,103405,136795,108593,0.162
4014,ADT,Industrials,Security & Protection Services,NYSE,81.8,31,25,27,51,6.7,5164143651.067268,760551352.0,0.0748,-25.01,9459534,13489878,11120718,0.009
4015,AVO,Consumer Defensive,Food Distribution,NASDAQ,81.79,31,46,44,61,11.24,903218543.7193508,88377546.0,0.16059999,-27.62,2085476,1346572,1224547,-0.166
4016,CRGO,Industrials,Integrated Freight & Logistics,NASDAQ,81.79,31,21,11,76,1.71,84760935.98066163,51683498.0,0.0063,-59.67,124378,114459,96129,0.03
4017,RDY,Healthcare,Drug Manufacturers - Specialty & Generic,NYSE,81.75,31,29,46,37,13.3,11021654160.867033,832451235.0,0.0294,-17.75,1450947,2361759,2462213,-0.116
4018,KULR,Technology,Electronic Components,NYSE ARCA,81.75,31,24,9,7,3.52,176239796.0031438,46257165.0,0.2308,-66.67,2918890,2963360,2344166,0.979
4019,CCU,Consumer Defensive,Beverages - Brewers,NYSE,81.7,31,27,32,52,10.98,2042086738.4024658,185139328.0,0.033099998,-28.52,140235,167761,166299,0.002
4020,SUNS,Real Estate,REIT - Mortgage,NASDAQ,81.68,31,22,29,34,8.41,114093644.52753544,13518205.0,0.0542,-28.61,71563,80927,92142,0.608
4021,KNF,Basic Materials,Building Materials,NYSE,81.67,31,39,47,29,72.51,4208866094.6388245,56753855.0,0.0675,-23.91,506120,548183,513780,0.16
4022,ZUMZ,Consumer Cyclical,Apparel Retail,NASDAQ,81.67,31,76,76,93,18.4,293407808.5520172,16872215.0,0.1028,-41.96,311214,176304,150212,0.049
4023,AQST,Healthcare,Drug Manufacturers - Specialty & Generic,NASDAQ,81.67,31,63,42,90,3.99,493018976.04469895,125450119.0,0.12550001,-47.15,1550214,1688478,1458098,0.657
4024,MNOV,Healthcare,Biotechnology,NASDAQ,81.67,31,35,51,56,1.27,64479829.44353771,49221246.0,0.0032,-35.2,23124,22878,25300,
4025,DG,Consumer Defensive,Discount Stores,NYSE,81.67,31,30,81,88,109.96,22874834620.722977,220586647.0,0.0422,-30.51,4668861,4070233,3593104,0.034
4026,CRVL,Financial Services,Insurance Brokers,NASDAQ,81.66,31,28,14,16,61.15,3034881191.805973,50691185.0,0.0436,-45.04,230519,207079,209213,0.074
4027,MA,Financial Services,Credit Services,NYSE,81.66,31,30,35,51,489.08,433910347648.8707,883583855.0,0.0081,-18.73,4241777,3925835,3623071,0.158
4028,CDZI,Utilities,Utilities - Regulated Water,NASDAQ,81.64,31,65,83,88,3.9,348117212.8132696,84086286.0,0.13,-43.97,930584,888288,832610,-0.448
4029,ARRY,Technology,Solar,NASDAQ,81.64,31,43,31,79,6.84,1244455421.4920425,153826378.0,0.235,-44.07,6103363,5555931,5427230,-0.261
4030,EQT,Energy,Oil & Gas E&P,NYSE,81.63,31,46,77,58,52.61,33619442500.0,625478000.0,0.038900003,-22.9,5819749,6386119,7098635,0.499
4031,LSPD,Technology,Software - Application,NYSE,81.6,31,27,23,38,9.53,1273142719.3432846,137786012.0,0.041300002,-33.54,1522040,1223940,1084854,0.147
4032,AIFU,Financial Services,Insurance Brokers,NASDAQ,81.58,31,9,7,5,2.52,299840694.9092841,118514110.0,0.0005,-73.19,48695,25641,19975,-0.398
4033,BGS,Consumer Defensive,Packaged Foods,NYSE,81.55,31,73,69,36,4.02,316551311.6406884,81167001.0,0.1842,-36.99,2343882,2264747,2044430,-0.039
4034,XFLT,Financial Services,Asset Management,NYSE,81.55,31,28,16,27,17.91,275222683.6118927,15230918.0,0.0041,-38.03,65464,85738,89366,
4035,AGO,Financial Services,Insurance - Specialty,NYSE,81.54,31,30,42,60,75.97,3346425790.9660645,44282464.0,0.064899996,-17.78,348798,444839,400961,-0.062
4036,ESTC,Technology,Software - Application,NYSE,81.53,31,13,14,22,60.78,6472593427.202835,104751470.0,0.060100004,-36.73,3187742,2224957,2031176,0.16
4037,SABR,Technology,Software - Infrastructure,NASDAQ,81.52,31,74,24,10,1.65,656220019.984996,395313273.0,0.1497,-53.12,5870028,6661262,5640135,0.083
4038,TPCS,Industrials,Metal Fabrication,NASDAQ,81.48,31,33,36,76,3.61,38944082.53023052,10011332.0,0.00090000004,-42.24,27595,27161,40743,-0.069
4039,VALU,Financial Services,Financial Data & Stock Exchanges,NASDAQ,81.44,31,31,41,42,33.47,304991378.3761673,9387238.0,0.0126,-17.36,3704,2278,2148,-0.077
4040,AJG,Financial Services,Insurance Brokers,NYSE,81.42,31,21,21,23,220.14,55535443723.17505,256942000.0,0.021300001,-32.85,1654652,1873250,1835350,0.346
4041,FPI,Real Estate,REIT - Specialty,NYSE,81.36,31,39,73,32,9.91,450565683.00227165,43617201.0,0.0679,-25.07,379863,368907,342474,-0.017
4042,OM,Healthcare,Medical Devices,NASDAQ,81.36,31,7,8,3,4.62,84900562.36572075,18537241.0,0.1507,-78.98,210044,190241,161500,-0.063
4043,MAIN,Financial Services,Asset Management,NYSE,81.35,31,31,39,55,51.54,4817803634.482109,92989838.0,0.105900005,-23.95,589324,737861,723894,0.022
4044,SRL,Financial Services,Capital Markets,NYSE,81.35,31,29,84,48,6.13,93337533.37251759,15226351.0,0.00029999999,-41.0,0,6313,9772,0.026
4045,XLO,Healthcare,Biotechnology,NASDAQ,81.33,31,26,23,23,7.9,50628569.04589176,6575139.0,0.0324,-37.99,23988,52189,44885,3.317
4046,NOAH,Financial Services,Asset Management,NYSE,81.3,31,38,65,26,10.1,675748672.3134785,65606666.0,0.0057,-21.34,95537,69305,80791,0.018
4047,PRME,Healthcare,Biotechnology,NASDAQ,81.29,31,77,89,87,2.71,552689389.7249866,180617451.0,0.2163,-60.95,3045017,2721795,2348625,-0.411
4048,NOC,Industrials,Aerospace & Defense,NYSE,81.27,31,36,86,66,542.14,77323027802.01416,142033476.0,0.0123000005,-29.96,1157540,876610,853542,0.044
4049,HMY,Basic Materials,Gold,NYSE,81.26,31,53,41,91,14.42,9919060573.485432,631385140.0,0.0163,-44.67,4475570,4639933,4986514,0.195
4050,SPGI,Financial Services,Financial Data & Stock Exchanges,NYSE,81.22,31,32,29,43,426.38,125634240722.65625,296000000.0,0.0136,-26.37,2119757,2050009,1932819,0.104
4051,BHFAM,Financial Services,Insurance - Life,NASDAQ,81.21,31,37,41,23,10.71,,,0.23,-31.13,33013,25084,32164,-0.362
4052,TSSI,Technology,Information Technology Services,NASDAQ,81.21,31,61,75,10,11.85,375629534.4928093,28073956.0,0.18200001,-62.9,2109185,1761518,1710949,-0.441
4053,MESO,Healthcare,Biotechnology,NASDAQ,81.2,31,36,43,86,13.8,1803491603.6413097,129282554.0,0.0312,-35.81,182372,166884,194574,15.268
4054,HIPO,Financial Services,Insurance - Property & Casualty,NYSE,81.2,31,38,28,42,25.7,646211451.9944687,26035917.0,0.0247,-34.07,109410,128136,111940,0.089
4055,TWFG,Financial Services,Insurance Brokers,NASDAQ,81.17,31,21,17,39,21.85,258252626.34761047,12997112.0,0.07,-40.61,341035,288301,276271,0.353
4056,HMC,Consumer Cyclical,Auto Manufacturers,NYSE,81.15,31,18,28,52,26.11,34643966923.7344,1297526814.0,0.0026,-25.16,2155947,2024969,1997181,0.086
4057,CPZ,Financial Services,Asset Management,NASDAQ,81.12,31,32,45,42,13.02,249721512.92236137,19632194.0,0.0011999999,-22.59,77339,84506,90001,
4058,IGC,Healthcare,Biotechnology,NYSE ARCA,81.12,31,45,26,35,0.28,29026481.094772965,100091317.0,0.0227,-44.0,615484,642474,1415192,-0.039
4059,STVN,Healthcare,Medical Instruments & Supplies,NYSE,81.1,31,34,17,25,17.25,5039647941.297653,273003694.0,0.0207,-38.39,322830,421390,495576,0.066
4060,LMNR,Consumer Defensive,Farm Products,NASDAQ,81.09,31,29,31,27,13.18,214204353.52855492,18106877.0,0.0347,-23.33,136558,91976,82143,-0.469
4061,QUBT,Technology,Computer Hardware,NASDAQ,81.08,31,67,13,39,9.53,2245200778.378046,225534987.0,0.29479998,-63.12,21501665,26880015,22064737,93.641
4062,MRSH,Financial Services,Insurance Brokers,NYSE,81.06,31,27,30,29,167.15,79708083421.6961,481794501.0,0.0145000005,-27.02,3040591,2812173,2876960,0.076
4063,CARL,Healthcare,Health Information Services,NASDAQ,81.06,31,20,28,25,11.45,300937200.01381683,27184933.0,0.0642,-33.39,105259,194396,165915,0.582
4064,NG,Basic Materials,Gold,NYSE ARCA,81.05,31,83,94,96,6.8,3216261867.143696,438780614.0,0.052399997,-52.78,2754316,2921308,2981543,
4065,PLMR,Financial Services,Insurance - Property & Casualty,NASDAQ,81.04,31,22,36,52,113.34,2875935098.828377,26503871.0,0.0335,-32.21,260482,284450,254760,0.597
4066,IBN,Financial Services,Banks - Regional,NYSE,81.04,31,22,32,34,26.77,93041757715.26149,3585424084.0,0.0155,-22.56,7657290,7382130,7216902,0.669
4067,KARO,Technology,Software - Application,NASDAQ,81.02,30,53,55,39,45.62,1455692263.0023956,30893300.0,0.0152,-25.15,106841,106680,90254,0.188
4068,GENI,Communication Services,Internet Content & Information,NYSE,81.01,30,7,8,46,6.8,1585319969.1182265,267338957.0,0.091000006,-50.47,6987730,6719673,5878858,0.305
4069,TWAV,Financial Services,Asset Management,NASDAQ,81.01,30,32,8,12,1.67,5806330.138717771,3456149.0,0.0093,-69.64,6520092,2393630,1461644,0.137
4070,KMRK,Consumer Cyclical,Leisure,NASDAQ,80.99,30,92,39,6,1.86,32493999.195098877,21100000.0,0.0018000001,-66.18,832006,300532,224853,-0.123
4071,GAP,Consumer Cyclical,Apparel Retail,NYSE,80.98,30,29,53,79,21.1,7761145603.230509,359978933.0,0.13340001,-28.13,11138582,8608077,7722804,0.01
4072,BHC,Healthcare,Drug Manufacturers - Specialty & Generic,NYSE,80.97,30,31,20,45,5.15,2005564165.5391045,373475644.0,0.02,-40.74,2266491,2005813,1720960,0.117
4073,BOX,Technology,Software - Infrastructure,NYSE,80.96,30,27,22,32,26.48,3696050717.396805,138532634.0,0.1234,-29.48,2435133,2434664,2332322,0.136
4074,OR,Basic Materials,Gold,NYSE,80.92,30,75,86,87,31.47,6350484713.412811,187495864.0,2.68,-34.52,838272,800117,885610,0.873
4075,ETD,Consumer Cyclical,"Furnishings, Fixtures & Appliances",NYSE,80.9,30,19,31,26,21.35,525975829.0714016,25446339.0,0.1182,-32.03,529020,524966,458252,-0.048
4076,MPV,Financial Services,Asset Management,NYSE,80.89,30,34,61,68,16.26,178835705.109663,10773235.0,1.89,-22.57,11851,13223,13978,-0.051
4077,FSM,Basic Materials,Gold,NYSE,80.87,30,81,85,89,8.09,2632699565.9040213,302957387.0,3.16,-41.59,5180556,5379592,5643263,0.756
4078,HGBL,Financial Services,Capital Markets,NASDAQ,80.87,30,19,18,14,1.33,44469188.12603617,34741554.0,0.0022,-42.67,50786,85945,67941,-0.055
4079,BON,Basic Materials,Specialty Chemicals,NASDAQ,80.85,30,18,16,14,1.47,10161012.5,8128810.0,0.0046,-56.76,33938,21382,20129,
4080,JYNT,Healthcare,Medical Care Facilities,NASDAQ,80.83,30,36,30,22,8.43,118177232.2961998,14255396.0,0.18110001,-35.15,101578,86359,65443,0.133
4081,ALLT,Technology,Software - Infrastructure,NASDAQ,80.82,30,35,27,77,7.06,362030937.2656703,48923099.0,0.0402,-40.77,397971,459067,410390,0.141
4082,WPP,Communication Services,Advertising Agencies,NYSE,80.82,30,21,11,13,18.32,3817977018.469784,215704907.0,0.0146,-51.84,423301,427897,501250,-0.083
4083,KEQU,Consumer Cyclical,"Furnishings, Fixtures & Appliances",NASDAQ,80.79,30,28,29,25,35.98,107231425.00262451,2866384.0,0.0191,-40.91,2191,2020,2634,0.033
4084,USLM,Basic Materials,Building Materials,NASDAQ,80.78,30,41,69,64,103.97,3000429895.6661377,28682056.0,0.0461,-26.49,225249,175763,159305,-0.037
4085,LOW,Consumer Cyclical,Home Improvement Retail,NYSE,80.78,30,29,52,50,216.19,118163404900.39577,560707041.0,0.0198,-26.23,2965879,3016869,2775927,0.103
4086,MSLE,Healthcare,Biotechnology,NASDAQ,80.77,30,51,80,45,5.88,117071285.4160595,20831190.0,2.07,-56.1,38994,34178,46934,
4087,ONC,Healthcare,Biotechnology,NASDAQ,80.76,30,53,43,73,263.61,28023204344.947174,103751217.0,0.0147,-31.57,283333,250004,233894,0.355
4088,ACR,Real Estate,REIT - Mortgage,NYSE,80.75,30,62,32,75,18.02,135440810.9017067,7285681.0,0.051,-26.78,25712,22920,19800,0.004
4089,GFI,Basic Materials,Gold,NYSE,80.73,30,80,91,94,33.53,32753605979.45793,894418540.0,0.0052,-45.6,3799457,3228549,3134681,0.714
4090,MSIF,Financial Services,Asset Management,NYSE,80.73,30,40,35,29,11.82,537794400.3719511,45345229.0,0.0045,-34.68,241895,286441,271561,0.026
4091,PHUN,Technology,Software - Application,NASDAQ,80.72,30,24,17,10,1.96,40281416.01500535,20447419.0,0.0254,-49.48,171655,151985,154915,-0.212
4092,NCMI,Communication Services,Advertising Agencies,NASDAQ,80.71,30,26,19,17,3.57,332920021.47820735,93780289.0,0.124,-35.56,462573,355817,406124,-0.026
4093,ARDT,Healthcare,Medical Care Facilities,NYSE,80.7,30,28,28,12,9.32,1244278312.8269577,143350031.0,0.0865,-39.79,763585,540038,459297,0.07
4094,GUTS,Healthcare,Biotechnology,NASDAQ,80.69,30,54,3,92,0.73,107722649.05428827,158648963.0,0.0209,-75.91,1551979,2154639,1914941,
4095,HD,Consumer Cyclical,Home Improvement Retail,NYSE,80.68,30,23,39,32,318.92,309883921214.77655,997116682.0,0.0139,-25.27,4951954,5229494,4563748,0.048
4096,BBAI,Technology,Information Technology Services,NYSE,80.67,30,32,28,90,4.02,2011587598.6476421,478949450.0,0.26229998,-57.19,55656699,47820873,40805859,-0.009
4097,SARO,Industrials,Aerospace & Defense,NYSE,80.66,30,33,38,39,24.77,8514607405.844788,332471972.0,0.0799,-28.16,4139758,4131142,3907807,0.133
4098,MCHX,Communication Services,Advertising Agencies,NASDAQ,80.65,30,37,23,24,1.49,67340253.63499117,44302799.0,0.0011,-35.5,15466,21732,18911,-0.069
4099,RDNT,Healthcare,Diagnostics & Research,NASDAQ,80.65,30,24,54,63,58.16,4272984396.238632,78634236.0,0.1362,-32.25,746350,831153,805314,0.221
4100,WNC,Industrials,Farm & Heavy Construction Machinery,NYSE,80.63,30,15,25,22,8.26,298546923.9863548,40673967.0,0.0845,-36.17,611600,817240,719638,-0.204
4101,KLTR,Technology,Software - Application,NASDAQ,80.62,30,31,25,25,1.42,209020889.22887206,150374742.0,0.016,-36.75,374023,421151,425554,-0.05
4102,CLNE,Energy,Oil & Gas Refining & Marketing,NASDAQ,80.61,30,28,53,42,1.99,425033532.06875825,220224634.0,0.037100002,-36.01,1237880,1303896,1297152,0.133
4103,MLYS,Healthcare,Biotechnology,NASDAQ,80.59,30,82,72,95,23.76,2088474414.5917072,88158479.0,0.1328,-50.14,2559780,1641470,1470692,
4104,RITM,Real Estate,REIT - Mortgage,NYSE,80.57,30,31,30,42,9.16,5097339294.503119,558306597.0,0.0519,-28.1,4880716,5155285,5620451,0.646
4105,PHAT,Healthcare,Biotechnology,NASDAQ,80.57,30,90,71,92,9.82,807927813.0173445,79755953.0,0.1359,-46.37,1336790,1347193,1253934,1.044
4106,CLX,Consumer Defensive,Household & Personal Products,NYSE,80.55,30,17,42,18,99.32,11383535909.335464,120921351.0,0.08939999,-24.77,2781841,3379840,2964126,0.001
4107,ICFI,Industrials,Consulting Services,NASDAQ,80.54,30,19,23,30,71.59,1265120048.6753845,18104180.0,0.0272,-29.61,225960,381490,377400,-0.103
4108,STE,Healthcare,Medical Devices,NYSE,80.54,30,26,34,63,208.1,20725888285.468292,97602485.0,0.0254,-22.77,840895,850495,754447,0.073
4109,SKBL,Industrials,Engineering & Construction,NASDAQ,80.54,30,96,32,9,3.01,77302649.08455563,24776491.0,0.1717,-77.67,215499,395799,278937,0.063
4110,BRZE,Technology,Software - Application,NASDAQ,80.53,30,24,12,50,21.66,2580391519.603771,112631669.0,0.1291,-41.97,3884798,3314919,3167659,0.302
4111,GBLI,Financial Services,Insurance - Property & Casualty,NASDAQ,80.51,30,39,40,27,25.75,389771512.81835175,14609127.0,0.0034,-24.26,5863,4641,3362,0.005
4112,MDT,Healthcare,Medical Devices,NYSE,80.5,30,23,40,66,80.25,104854882659.01642,1283884964.0,0.0114,-24.53,14648309,11593919,10206651,0.099
4113,OPRT,Financial Services,Credit Services,NASDAQ,80.49,30,46,19,34,4.9,217258079.25,45738543.0,0.0322,-38.48,652537,538115,479143,0.013
4114,WOOF,Consumer Cyclical,Specialty Retail,NASDAQ,80.49,30,27,77,41,2.83,914969830.8233356,323310903.0,0.1878,-37.18,3426139,2241479,1954313,0.002
4115,WEAV,Healthcare,Health Information Services,NYSE,80.46,30,19,12,17,5.58,452728467.70278215,79565635.0,0.0583,-44.42,877409,1344886,1278075,0.174
4116,TAP,Consumer Defensive,Beverages - Brewers,NYSE,80.45,30,23,29,35,40.9,7325756379.162598,187551360.0,0.1967,-25.39,3416923,3459127,3199406,0.02
4117,CION,Financial Services,Asset Management,NYSE,80.45,30,20,19,58,6.98,334583480.753808,49789210.0,0.024,-36.14,451355,537395,549917,-0.117
4118,RCS,Financial Services,Asset Management,NYSE,80.43,30,31,31,41,5.5,257835872.82140255,47222687.0,1.98,-31.25,176139,160769,155435,-0.047
4119,AGI,Basic Materials,Gold,NYSE,80.39,30,83,89,88,33.01,14917171590.964909,419965411.0,2.42,-40.43,3846448,3415399,3175675,0.792
4120,AUNA,Healthcare,Medical Care Facilities,NYSE,80.39,30,29,37,15,4.82,326588377.53990173,74056324.0,0.0367,-29.64,388710,372330,310054,0.13
4121,BKE,Consumer Cyclical,Apparel Retail,NYSE,80.38,30,50,65,74,44.33,2309040598.797928,51518086.0,0.1016,-28.14,576828,459329,431771,0.061
4122,AMPH,Healthcare,Drug Manufacturers - Specialty & Generic,NASDAQ,80.33,30,11,21,27,20.29,870394210.9679317,44092919.0,0.17940001,-35.09,602809,713336,607499,0.004
4123,PAPL,Financial Services,Mortgage Finance,NYSE ARCA,80.33,30,31,2,17,1.02,24523332.817799807,26088652.0,0.0297,-89.3,132017,808565,4508937,-0.048
4124,BCC,Basic Materials,Lumber & Wood Production,NYSE,80.33,30,22,30,22,68.31,2395717291.314331,35189736.0,0.040599998,-28.09,362423,461274,400372,-0.025
4125,RACE,Consumer Cyclical,Auto Manufacturers,NYSE,80.32,30,21,25,20,346.56,61098320528.14966,176080931.0,0.0273,-33.24,642981,700870,658262,0.032
4126,TPB,Consumer Defensive,Tobacco,NYSE,80.3,29,33,67,89,80.06,1676260126.8050232,19367534.0,0.08930001,-45.5,362378,434729,492449,0.168
4127,SLVM,Basic Materials,Paper & Paper Products,NYSE,80.27,29,24,28,35,39.77,1535404270.7869873,39736136.0,0.0715,-29.98,432969,385023,355445,-0.08
4128,COF,Financial Services,Credit Services,NYSE,80.27,29,27,31,78,177.63,112429635965.15788,622292783.0,0.016,-31.59,5103266,4678752,4498751,0.463
4129,ASMB,Healthcare,Biotechnology,NASDAQ,80.26,29,84,89,96,22.26,453815017.44031906,19817250.0,0.1425,-43.94,186917,186692,153151,-0.128
4130,GIFT,Communication Services,Internet Content & Information,NASDAQ,80.25,29,16,20,22,0.91,28311008.100733817,34109649.0,0.0014,-46.15,250718,122012,115863,-0.041
4131,HITI,Healthcare,Pharmaceutical Retailers,NASDAQ,80.24,29,40,34,45,2.29,201286091.4669628,87897858.0,0.75,-43.53,370565,348468,380839,0.252
4132,OGCP,Real Estate,REIT - Office,NYSE ARCA,80.23,29,19,17,22,5.75,1452800889.447328,279923097.0,0.35,-34.29,100,1046,2236,0.049
4133,PDYN,Technology,Software - Infrastructure,NASDAQ,80.18,29,41,64,15,6.19,324567820.3433275,47244225.0,0.16219999,-52.38,2534624,1886228,1579124,1.069
4134,WD,Financial Services,Mortgage Finance,NYSE,80.18,29,23,15,17,51.07,1759476101.25,34331241.0,0.040900003,-43.26,347142,332557,298816,0.32
4135,FSV,Real Estate,Real Estate Services,NASDAQ,80.11,29,20,28,23,142.93,6469160741.036255,45984938.0,2.06,-31.83,259638,260489,227825,0.053
4136,GIGM,Communication Services,Electronic Gaming & Multimedia,NASDAQ,80.1,29,34,40,34,1.42,15141562.002701163,11052235.0,0.0007,-24.87,2417,6165,5311,-0.123
4137,UL,Consumer Defensive,Household & Personal Products,NYSE,80.04,29,24,45,37,58.64,122823725581.51865,2165439403.0,0.83,-21.79,4834462,4218410,4754100,
4138,DKNG,Consumer Cyclical,Gambling,NASDAQ,80.02,29,20,15,24,28.79,12368491559.2165,496128817.0,0.0805,-40.98,15792224,13115058,12431018,0.168
4139,NFG,Energy,Oil & Gas Integrated,NYSE,80.01,29,39,74,58,77.13,7357637552.025055,95035362.0,0.0588,-20.53,707962,899937,812682,0.176
4140,ALK,Industrials,Airlines,NYSE,79.98,29,16,20,36,41.68,4771388803.954575,111428978.0,0.1262,-36.73,3337785,3345248,3973849,0.052
4141,GGR,Consumer Cyclical,Auto Manufacturers,NASDAQ,79.97,29,34,21,8,4.0,80294316.0,20073579.0,0.0041,-51.81,10347,10659,9673,-0.011
4142,BNTX,Healthcare,Biotechnology,NASDAQ,79.95,29,28,36,29,86.15,22274046171.92491,252884261.0,0.0358,-30.52,1036952,952570,923066,-0.354
4143,GME,Consumer Cyclical,Specialty Retail,NYSE,79.93,29,33,56,27,22.42,9781468406.27576,448691227.0,0.1415,-26.73,6879466,8929825,8158429,0.141
4144,MBC,Consumer Cyclical,"Furnishings, Fixtures & Appliances",NYSE,79.93,29,11,16,27,8.8,1082749636.2822247,127984590.0,0.221,-38.12,4777213,4177377,3236188,-0.064
4145,NOMD,Consumer Defensive,Packaged Foods,NYSE,79.93,29,14,17,21,10.31,1385330463.4595604,139791169.0,0.0148,-43.75,1177748,1650526,1397737,-0.059
4146,EGAN,Technology,Software - Application,NASDAQ,79.91,29,28,78,91,7.26,197640577.96431255,27450081.0,0.059,-54.48,292046,314735,256701,0.071
4147,JBTM,Industrials,Specialty Industrial Machinery,NYSE,79.89,29,30,40,76,119.0,6456408688.0,52067812.0,0.047199998,-30.08,381988,546302,478127,0.096
4148,MDBH,Financial Services,Capital Markets,NASDAQ,79.87,29,67,18,15,2.91,31315896.0,10438632.0,0.00029999999,-47.09,6407,4362,5495,-0.947
4149,BOSC,Technology,Communication Equipment,NASDAQ,79.87,29,40,71,43,4.25,29256712.172322273,7049810.0,0.00029999999,-36.76,99219,70489,64143,-0.242
4150,EVO,Healthcare,Drug Manufacturers - Specialty & Generic,NASDAQ,79.83,29,25,18,19,2.61,994526545.4633136,355188058.0,0.0002,-41.22,31275,48141,79615,-0.217
4151,ABG,Consumer Cyclical,Auto & Truck Dealerships,NYSE,79.83,29,24,25,43,198.13,3555818344.4519043,18618800.0,0.107,-27.82,224719,278526,267269,-0.009
4152,AWI,Industrials,Building Products & Equipment,NYSE,79.83,29,26,46,68,152.19,6621620989.759064,42678835.0,0.0295,-26.15,443769,416866,418417,0.071
4153,FINW,Financial Services,Banks - Regional,NASDAQ,79.82,29,17,38,44,14.67,200930529.64862442,13706039.0,0.01,-34.77,19605,24731,19151,0.714
4154,IIF,Financial Services,Asset Management,NYSE,79.76,29,27,34,47,21.18,201279612.70957947,9534799.0,0.0007,-25.34,41191,39517,37926,0.026
4155,HLMN,Industrials,Tools & Accessories,NASDAQ,79.76,29,21,37,46,7.44,1432330161.2240124,196209606.0,0.0233,-31.43,2294428,1542332,1450175,0.03
4156,STRD,Technology,Software - Application,NASDAQ,79.75,29,53,45,39,68.09,796470154.0969849,11764700.0,14.29,-29.67,193188,117486,102235,0.119
4157,ALRM,Technology,Software - Application,NASDAQ,79.71,29,23,28,28,46.15,2244026597.880398,49460583.0,0.0764,-23.06,532694,511361,483920,0.11
4158,MDLN,Healthcare,Medical Instruments & Supplies,NASDAQ,79.65,29,31,52,44,36.54,28420824461.187057,845606187.0,0.0572,-28.18,14609333,11721247,9361218,0.107
4159,BBNX,Healthcare,Medical Devices,NASDAQ,79.6,29,11,8,89,13.72,618961958.8490438,44561695.0,0.1283,-58.06,885561,768860,954640,0.566
4160,BOLT,Healthcare,Biotechnology,NASDAQ,79.6,29,28,22,24,4.43,8762345.410047054,1921567.0,0.0063,-39.73,14089,23339,25851,-0.979
4161,GDRX,Healthcare,Health Information Services,NASDAQ,79.59,29,34,13,10,2.56,897489770.7486005,338675373.0,0.1166,-55.94,1689869,1826569,1612959,-0.044
4162,PSEC,Financial Services,Asset Management,NASDAQ,79.56,29,27,36,24,2.24,1117247075.7459626,501007653.0,0.0876,-36.0,4446533,6012267,5504172,-0.121
4163,GECC,Financial Services,Asset Management,NASDAQ,79.52,29,19,12,16,6.01,84880396.80478811,13892045.0,0.0397,-47.53,116492,102064,85860,-0.236
4164,SDGR,Healthcare,Health Information Services,NASDAQ,79.5,29,21,14,26,14.15,1074484019.6711082,74720724.0,0.24520001,-48.79,1529204,1407491,1428686,-0.016
4165,PINS,Communication Services,Internet Content & Information,NYSE,79.5,29,23,12,18,21.77,11998569987.076612,560157327.0,0.1899,-45.48,26483653,22207414,18649434,0.178
4166,NEN,Real Estate,Real Estate Services,NYSE ARCA,79.5,29,28,33,26,60.0,209152740.0,3485879.0,0.01,-19.81,510,733,916,0.164
4167,ZIP,Communication Services,Internet Content & Information,NYSE,79.49,29,80,9,23,3.53,259241714.44221735,81522550.0,0.0678,-45.52,611130,767180,786780,-0.023
4168,KAI,Industrials,Specialty Industrial Machinery,NYSE,79.49,29,52,42,29,278.63,3463185720.9453735,11808462.0,0.1364,-24.69,155221,181347,169618,0.177
4169,UFPI,Basic Materials,Lumber & Wood Production,NASDAQ,79.48,29,20,37,29,82.08,4524066336.818008,56480230.0,0.035099998,-30.44,456354,536318,462570,-0.084
4170,MSFT,Technology,Software - Infrastructure,NASDAQ,79.46,29,30,31,55,397.36,3095205987862.728,7428434704.0,0.0104,-28.46,41601053,36575271,34996478,0.183
4171,PGY,Technology,Software - Infrastructure,NASDAQ,79.43,29,20,11,83,14.5,1206599494.2939892,82870842.0,0.2008,-67.77,4686246,4215938,3778463,0.096
4172,CBZ,Industrials,Specialty Business Services,NYSE,79.43,29,13,6,22,34.2,1820301493.1322937,53648732.0,0.0907,-56.1,575914,784124,830060,0.013
4173,USNA,Consumer Defensive,Packaged Foods,NYSE,79.42,29,17,17,12,19.17,332888101.00754356,18463011.0,0.0546,-49.97,103001,114860,111208,0.003
4174,APTV,Consumer Cyclical,Auto Parts,NYSE,79.42,29,15,43,66,65.2,14517167829.292702,211620527.0,0.0555,-26.68,5241724,4277508,3666150,0.054
4175,SOC,Energy,Oil & Gas Drilling,NYSE,79.41,29,81,89,2,11.88,1890945647.5,154362910.0,0.22129999,-63.08,4523959,3401106,3622205,
4176,LFWD,Healthcare,Medical Devices,NASDAQ,79.41,29,23,23,16,7.07,19714935.36708355,2814409.0,0.0484,-52.87,10403,9877,9138,-0.221
4177,BDC,Technology,Communication Equipment,NYSE,79.35,29,27,46,48,105.83,4136635976.3391113,38944040.0,0.0686,-33.85,591914,606238,493950,0.114
4178,BRSL,Consumer Cyclical,Gambling,NYSE,79.34,29,21,33,63,11.75,2078578853.1935806,184926948.0,0.030199999,-36.73,1463076,1607005,1447165,0.007
4179,ORKT,Technology,Software - Application,NASDAQ,79.31,29,14,13,2,1.28,7007724.278461933,5839770.0,0.0372,-63.96,217596,146505,130947,0.609
4180,OMSE,Energy,Oil & Gas Equipment & Services,NASDAQ,79.29,29,22,26,15,4.5,191443664.7557373,42448704.0,0.00090000004,-47.67,13674,11398,10918,-0.359
4181,SLRC,Financial Services,Asset Management,NASDAQ,79.29,29,29,36,45,13.0,697753766.7789059,54554634.0,0.016,-24.42,279578,503082,428967,-0.073
4182,MBLY,Consumer Cyclical,Auto Parts,NASDAQ,79.26,29,19,13,13,9.14,7975502980.157962,842186141.0,0.1765,-54.71,5542701,5952457,6494892,0.274
4183,KKR,Financial Services,Asset Management,NYSE,79.23,29,24,15,40,95.02,83861334059.44537,897872941.0,0.0231,-38.25,4635322,4710944,4847218,-0.066
4184,BENF,Financial Services,Asset Management,NASDAQ,79.23,29,45,72,74,3.45,50847263.81207085,14363634.0,0.16469999,-72.36,19354,20378,292204,0.734
4185,ZH,Communication Services,Internet Content & Information,NYSE,79.22,28,23,24,17,3.2,271659455.0825739,86792155.0,0.023,-42.34,233610,192743,285324,-0.107
4186,VHC,Technology,Software - Infrastructure,NASDAQ,79.22,28,32,80,96,12.79,62369193.20322418,4185852.0,0.044499997,-55.9,24829,18423,24545,
4187,SFM,Consumer Defensive,Grocery Stores,NASDAQ,79.22,28,39,22,9,86.82,7793451482.170387,94044301.0,0.1359,-50.09,1853706,2314122,2087725,0.041
4188,FORR,Industrials,Consulting Services,NASDAQ,79.21,28,22,19,12,6.73,135884000.0,19412000.0,0.3003,-41.83,63149,70566,79127,-0.049
4189,NVR,Consumer Cyclical,Residential Construction,NYSE,79.21,28,17,31,38,6305.04,16688507227.394531,2699292.0,0.059699997,-26.84,33163,27934,26054,-0.214
4190,CTMX,Healthcare,Biotechnology,NASDAQ,79.18,28,77,99,99,2.91,653108757.0,217702919.0,0.16229999,-64.56,3705723,3340984,3760640,-0.799
4191,INGR,Consumer Defensive,Packaged Foods,NYSE,79.14,28,29,36,26,102.54,6304645130.46508,63059061.0,0.0573,-27.0,763704,859914,709952,-0.012
4192,ONEW,Consumer Cyclical,Specialty Retail,NASDAQ,79.13,28,19,14,12,10.48,169166572.45127106,16617541.0,0.1302,-41.52,74622,113247,114838,-0.085
4193,EDU,Consumer Defensive,Education & Training Services,NYSE,79.1,28,37,60,55,46.11,7625413243.24078,166712133.0,0.0287,-29.03,498976,640898,756625,0.198
4194,JBS,Consumer Defensive,Packaged Foods,NYSE,79.08,28,54,61,42,12.03,13107532558.015738,1070876863.0,0.1022,-35.5,10439802,8486124,6800240,0.107
4195,PSN,Technology,Information Technology Services,NYSE,79.05,28,19,25,22,56.47,6281778883.709015,106978521.0,0.1276,-36.91,1282899,1342193,1242537,-0.041
4196,SNDL,Consumer Defensive,Beverages - Wineries & Distilleries,NASDAQ,79.05,28,28,24,76,1.45,369625988.8291359,260300000.0,0.0088,-49.83,1762146,2098262,2195601,-0.044
4197,QNST,Communication Services,Advertising Agencies,NASDAQ,79.01,28,32,23,23,12.31,686472160.5431652,57445370.0,0.1325,-28.14,718575,912291,801615,0.283
4198,BAH,Industrials,Consulting Services,NYSE,79.0,28,23,23,20,77.29,9517422814.379807,119746130.0,0.0739,-35.62,1831744,1770148,1617704,-0.065
4199,TARA,Healthcare,Biotechnology,NASDAQ,79.0,28,73,84,88,3.78,233809617.34391403,56204237.0,0.0677,-51.66,637521,744667,675330,
4200,MCI,Financial Services,Asset Management,NYSE,78.99,28,27,42,41,16.94,350681118.14204407,20555752.0,0.0008,-26.35,31444,41481,49648,-0.207
4201,TPG,Financial Services,Asset Management,NASDAQ,78.99,28,25,18,74,41.77,6609347879.8717,160460017.0,0.055,-40.65,2503733,2422464,2656524,-0.568
4202,MOLN,Healthcare,Biotechnology,NASDAQ,78.98,28,36,61,51,3.72,153795764.72265673,37511163.0,0.00029999999,-30.6,4441,5550,4488,
4203,IOT,Technology,Software - Infrastructure,NYSE,78.96,28,24,26,37,32.64,20278310409.02749,582710082.0,0.1258,-31.24,9184523,6277317,6161646,0.305
4204,ATCH,Financial Services,Capital Markets,NYSE ARCA,78.95,28,52,9,6,0.2,33675662.415456235,150337774.0,0.081499994,-89.58,1570152,1920904,3218028,0.652
4205,SANA,Healthcare,Biotechnology,NASDAQ,78.91,28,51,37,95,2.82,745821479.7779679,278291590.0,0.24620001,-56.95,4405008,4135212,3918501,
4206,PSHG,Industrials,Marine Shipping,NASDAQ,78.91,28,31,72,83,1.81,22377883.80718851,12432158.0,0.0404,-29.84,76087,60365,62061,0.583
4207,EPAC,Industrials,Specialty Industrial Machinery,NYSE,78.9,28,22,30,29,34.15,1765367475.965126,52776306.0,0.0271,-25.01,584767,407592,416121,0.064
4208,NCLH,Consumer Cyclical,Travel Services,NYSE,78.9,28,17,41,36,17.92,8608315125.0,459110140.0,0.17559999,-34.07,20011419,24534933,22772511,0.096
4209,SY,Healthcare,Health Information Services,NASDAQ,78.88,28,79,95,97,1.88,193734112.69483995,100380372.0,0.0353,-70.06,693257,756992,628065,0.456
4210,MNRO,Consumer Cyclical,Auto Parts,NASDAQ,78.86,28,35,32,76,14.21,436267106.962389,30025266.0,0.27879998,-40.57,1341895,1145268,989843,-0.072
4211,FICO,Technology,Software - Application,NYSE,78.85,28,15,15,53,1220.15,26375712101.84839,23190906.0,0.0921,-38.93,302859,345773,365769,0.387
4212,SGI,Consumer Cyclical,"Furnishings, Fixtures & Appliances",NYSE,78.84,28,20,56,86,68.45,14305266287.57605,210340624.0,0.095,-30.55,2522046,3203368,3117905,0.123
4213,DOMH,Financial Services,Capital Markets,NASDAQ,78.84,28,31,16,81,3.12,70102718.94338179,22613781.0,0.044699997,-62.86,299841,231027,182898,3.414
4214,CPB,Consumer Defensive,Packaged Foods,NASDAQ,78.82,28,13,17,22,22.88,6463815950.827087,298146488.0,0.3261,-33.8,10670179,8224996,8197007,-0.045
4215,OXLC,Financial Services,Asset Management,NASDAQ,78.81,28,25,11,19,9.3,941342640.2453461,97649648.0,0.041100003,-59.03,976890,1018866,1021130,-0.102
4216,WEX,Technology,Software - Infrastructure,NYSE,78.79,28,27,53,36,137.35,5138165706.787308,34668143.0,0.073699996,-26.5,482658,537649,569969,0.058
4217,CULP,Consumer Cyclical,Textile Manufacturing,NASDAQ,78.79,28,30,19,18,3.07,40014398.52685547,12662784.0,0.0025,-36.04,23219,26276,36341,-0.082
4218,LNN,Industrials,Farm & Heavy Construction Machinery,NYSE,78.78,28,23,36,30,112.75,1177927649.7569275,10454670.0,0.0698,-25.31,205326,192288,199559,-0.157
4219,GPI,Consumer Cyclical,Auto & Truck Dealerships,NYSE,78.78,28,28,19,34,326.1,3700338023.0,11898193.0,0.1122,-33.23,182192,180804,153184,-0.018
4220,SGRP,Industrials,Specialty Business Services,NASDAQ,78.74,28,16,19,12,0.78,20957214.670085907,28320560.0,0.0031,-44.68,109887,95199,77001,-0.103
4221,ATR,Healthcare,Medical Instruments & Supplies,NYSE,78.69,28,27,42,24,114.67,7234671060.71283,63820316.0,0.033,-30.2,466671,563023,502462,0.108
4222,GTLB,Technology,Software - Infrastructure,NASDAQ,78.68,28,10,9,18,28.51,5256168141.746521,168900000.0,0.1292,-45.57,10345978,7079399,6760907,0.231
4223,BIVI,Healthcare,Biotechnology,NASDAQ,78.67,28,22,13,4,1.63,12066942.579811454,7541839.0,0.0252,-86.53,140792,113770,97960,
4224,BHM,Real Estate,REIT - Residential,NYSE ARCA,78.66,28,67,43,18,9.33,40066162.5,4109350.0,0.0023,-37.01,4450,10300,7730,0.103
4225,RLI,Financial Services,Insurance - Property & Casualty,NYSE,78.64,28,18,36,34,53.94,4815729875.980732,91938331.0,0.0624,-29.09,1019041,992953,889036,0.04
4226,BYSI,Healthcare,Biotechnology,NASDAQ,78.63,28,24,28,62,1.65,70314893.76859665,41119820.0,0.064,-52.03,19370,22073,17032,
4227,SCVL,Consumer Cyclical,Apparel Retail,NASDAQ,78.63,28,25,32,22,16.65,443380857.5685196,27151308.0,0.1587,-37.34,640463,471904,486856,-0.025
4228,ELWT,Communication Services,Telecom Services,NASDAQ,78.62,28,82,59,20,6.18,46338572.0,6619796.0,0.015,-36.42,25610,31200,34982,-0.211
4229,FRSH,Technology,Software - Application,NASDAQ,78.61,28,26,12,25,9.39,2612302825.424367,276434167.0,0.0922,-41.5,12364843,11350557,10740232,0.165
4230,FISK,Real Estate,REIT - Office,NYSE ARCA,78.59,28,19,18,21,5.42,1514383912.057125,279923097.0,3.77,-39.98,39,273,615,0.049
4231,ZKIN,Basic Materials,Steel,NASDAQ,78.58,28,13,61,79,1.76,75652249.56615019,57312308.0,0.001,-48.39,27248,14432,13215,-0.435
4232,RADX,Healthcare,Biotechnology,NASDAQ,78.55,28,26,41,44,4.31,34055274.15323496,7883165.0,0.0075,-73.48,22794,36911,36416,1.545
4233,SNAP,Communication Services,Internet Content & Information,NYSE,78.52,28,25,12,22,5.38,9545247359.134037,1657160934.0,0.1144,-48.32,45013562,42642127,50884726,0.121
4234,CG,Financial Services,Asset Management,NASDAQ,78.52,28,35,33,63,44.11,15651687921.176785,359974427.0,0.0653,-36.85,3722370,3509333,3387340,-0.941
4235,JBGS,Real Estate,REIT - Diversified,NYSE,78.51,28,28,26,33,14.72,867430296.5505743,58255895.0,0.22530001,-39.42,379569,546666,535547,0.059
4236,WINA,Consumer Cyclical,Specialty Retail,NASDAQ,78.47,28,27,66,56,389.26,1350892779.7881775,3577671.0,0.12550001,-26.19,44303,44237,57978,-0.049
4237,OTF,Financial Services,Asset Management,NYSE,78.47,28,23,29,30,11.06,5223230465.5116005,462642204.0,0.0164,-48.84,2168621,2088540,2004806,0.783
4238,DXR,Healthcare,Medical Instruments & Supplies,NASDAQ,78.47,28,38,68,83,9.76,61885176.62710571,5838224.0,0.0031,-33.88,2503,6811,8434,-0.826
4239,LRE,Real Estate,Real Estate - Development,NASDAQ,78.47,28,42,56,18,1.24,17734470.64950347,13641901.0,0.024,-58.25,69867,65289,42125,0.122
4240,COR,Healthcare,Medical Distribution,NYSE,78.47,28,21,72,81,281.24,53512075604.90906,194561060.0,0.0309,-25.51,1505923,2067764,1780490,0.038
4241,LPLA,Financial Services,Capital Markets,NASDAQ,78.45,28,23,25,62,289.18,23074254788.807373,79982861.0,0.0395,-28.35,1184418,1078146,951173,0.35
4242,GSM,Basic Materials,Other Industrial Metals & Mining,NASDAQ,78.43,28,30,56,65,3.81,721281576.0175517,186860517.0,0.0224,-33.62,1311352,1421167,1227300,0.132
4243,STNE,Technology,Software - Infrastructure,NASDAQ,78.43,28,20,48,64,10.6,2529573457.615795,243228226.0,0.112799995,-46.87,5085686,6406518,5903719,0.043
4244,TNDM,Healthcare,Medical Devices,NASDAQ,78.42,27,27,78,81,16.23,1325352591.7167091,68529089.0,0.21219999,-45.26,2964896,2965735,2382897,0.055
4245,ASR,Industrials,Airports & Air Services,NYSE,78.37,27,32,59,58,276.33,8473248387.582886,30032069.0,0.024,-27.57,58333,76134,73678,0.008
4246,GXAI,Communication Services,Electronic Gaming & Multimedia,NASDAQ,78.37,27,48,70,13,1.24,14103508.871267557,10219934.0,0.0168,-58.11,11933381,4167440,2994914,75.242
4247,PAX,Financial Services,Asset Management,NASDAQ,78.32,27,26,27,73,11.22,1778738845.094839,159528153.0,0.1148,-36.97,1013781,999343,952446,0.22
4248,WTW,Financial Services,Insurance Brokers,NASDAQ,78.29,27,24,35,54,263.91,24890820402.090576,94447976.0,0.0335,-25.19,739839,888343,768875,0.085
4249,PSKY,Communication Services,Entertainment,NASDAQ,78.28,27,31,18,53,10.31,11437948951.611448,1119173058.0,0.1508,-50.58,7687850,9331706,10393918,0.022
4250,CMTG,Real Estate,REIT - Mortgage,NYSE,78.27,27,19,14,23,2.51,339329419.5778427,140218764.0,0.0312,-37.09,423609,477003,407779,
4251,SSTI,Technology,Software - Application,NASDAQ,78.27,27,17,14,9,7.8,98190841.47169304,12953937.0,0.0875,-53.9,124127,111529,97615,-0.147
4252,LGPS,Industrials,Conglomerates,NYSE ARCA,78.25,27,11,16,15,0.79,17083370.559394598,23628452.0,0.0011999999,-63.59,1180623,461577,291366,-0.018
4253,DV,Communication Services,Advertising Agencies,NYSE,78.24,27,28,25,19,10.32,1573007937.25,153464189.0,0.0988,-38.64,3261532,3169124,2827016,0.096
4254,LOPE,Consumer Defensive,Education & Training Services,NASDAQ,78.23,27,33,38,27,150.7,4045286334.916504,26514296.0,0.052199997,-32.43,297603,276154,257934,0.067
4255,ZBRA,Technology,Communication Equipment,NASDAQ,78.23,27,28,19,21,216.79,11056186646.193115,47633392.0,0.1013,-38.53,1360007,1169219,1003839,0.143
4256,HIT,Technology,Software - Application,NASDAQ,78.22,27,66,94,61,1.08,64690060.83293009,65542109.0,0.0275,-73.13,258682,273594,219084,0.094
4257,FBRT,Real Estate,REIT - Mortgage,NYSE,78.22,27,30,29,36,8.35,659572963.6427536,76963009.0,0.081999995,-29.48,906243,911634,805212,0.061
4258,BZAI,Technology,Software - Application,NASDAQ,78.14,27,27,5,10,1.5,236217100.51024306,142299461.0,0.1161,-77.81,5580834,9542681,10241750,1.719
4259,ESRT,Real Estate,REIT - Diversified,NYSE,78.13,27,22,17,23,5.59,908707187.6011548,172430207.0,0.078,-36.19,2894926,1992905,1783397,0.049
4260,SLM,Financial Services,Credit Services,NASDAQ,78.08,27,20,19,33,21.3,4222597042.941971,188592995.0,0.1388,-39.09,2833615,2272355,2963103,0.025
4261,GPOR,Energy,Oil & Gas E&P,NYSE,77.99,27,34,59,65,166.45,3019977822.588806,17969641.0,0.0494,-26.28,250184,298871,304918,0.323
4262,TDUP,Consumer Cyclical,Internet Retail,NASDAQ,77.98,27,15,14,96,4.83,621976899.8713293,129040846.0,0.2158,-60.67,2043123,2520657,2460480,0.146
4263,BRID,Consumer Defensive,Packaged Foods,NASDAQ,77.97,27,56,33,33,6.79,66079338.86439514,9076832.0,0.0046,-22.31,7559,3866,3121,0.114
4264,BTG,Basic Materials,Gold,NYSE ARCA,77.97,27,80,79,83,3.88,5569505468.855354,1332417631.0,1.67,-38.31,22186469,24624569,27291067,1.177
4265,ONON,Consumer Cyclical,Footwear & Accessories,NYSE,77.97,27,18,27,42,38.0,12359867258.304977,333329737.0,0.063,-34.57,4828658,6527392,6359139,0.145
4266,SMID,Basic Materials,Building Materials,NASDAQ,77.91,27,26,43,34,29.5,158719029.33028412,5306554.0,0.0515,-32.43,11150,10126,10080,0.247
4267,DCX,Consumer Cyclical,Auto Manufacturers,NASDAQ,77.91,27,4,0,0,2.9,48171410.07336974,19823625.0,0.0028,-99.92,17909,16886,347133,
4268,IMRX,Healthcare,Biotechnology,NASDAQ,77.89,27,92,91,96,3.92,276257905.305995,64697402.0,0.2015,-61.11,2622129,1752689,1365873,
4269,T,Communication Services,Telecom Services,NYSE,77.88,27,34,62,30,23.21,158074708496.25,6948338835.0,0.015800001,-22.09,51721850,40266393,39628272,0.029
4270,ZSQR,Technology,Software - Infrastructure,NASDAQ,77.88,27,52,49,95,10.39,520486703.2741327,51431493.0,2.76,-51.47,285615,226925,166193,
4271,RNXT,Healthcare,Biotechnology,NASDAQ,77.87,27,26,34,14,0.85,39326443.02978253,45099133.0,0.0088,-41.38,381815,314931,319625,1.858
4272,GGG,Industrials,Specialty Industrial Machinery,NYSE,77.84,27,28,57,40,73.47,12338073670.386383,165968177.0,0.0358,-23.22,1380644,1426054,1347992,0.022
4273,AMSF,Financial Services,Insurance - Specialty,NASDAQ,77.82,27,18,25,26,32.05,592909554.9698448,18703771.0,0.026700001,-33.03,274148,236549,223715,0.103
4274,GTN,Communication Services,Broadcasting,NYSE,77.8,27,29,49,73,4.04,411981228.0649662,102738455.0,0.0001,-37.27,1042508,1344776,1279197,-0.018
4275,IR,Industrials,Specialty Industrial Machinery,NYSE,77.78,27,25,56,34,70.48,28274086256.5,391336834.0,0.0458,-30.19,3887854,3920018,3781040,0.076
4276,SYK,Healthcare,Medical Devices,NYSE,77.77,27,21,41,34,308.84,117178051916.82904,383360762.0,0.0156,-23.72,2701182,2985047,2522536,0.026
4277,SKYW,Industrials,Airlines,NASDAQ,77.68,27,22,35,54,85.2,3349310609.4164276,39660281.0,0.0448,-31.26,409620,385316,390976,0.068
4278,CDRE,Industrials,Aerospace & Defense,NYSE,77.68,27,18,33,79,29.54,1284351514.3055592,42797451.0,0.076799996,-39.42,289035,390331,396029,0.195
4279,NMRA,Healthcare,Biotechnology,NASDAQ,77.63,27,73,96,82,1.6,302013316.8364959,185284244.0,0.0427,-56.16,808964,1223168,1306576,
4280,SEER,Healthcare,Biotechnology,NASDAQ,77.62,27,31,38,25,1.69,98416974.19262028,54981551.0,0.010299999,-29.88,138767,297009,369261,-0.336
4281,LPX,Industrials,Building Products & Equipment,NYSE,77.61,27,20,29,30,71.76,4932460421.394653,69864880.0,0.091800004,-30.24,1036994,1211071,1174510,-0.207
4282,SSNC,Technology,Software - Application,NASDAQ,77.6,27,25,29,57,68.25,16836708548.450592,240834039.0,0.0326,-25.06,2789644,2546988,2588940,0.088
4283,LRMR,Healthcare,Biotechnology,NASDAQ,77.59,27,82,83,54,3.44,329308918.2156391,103882937.0,0.13,-46.42,1887003,1864927,1652642,
4284,MANH,Technology,Software - Application,NASDAQ,77.57,27,21,23,22,145.15,8735061803.168793,59164602.0,0.0571,-41.29,599238,601722,679159,0.074
4285,ZBIO,Healthcare,Biotechnology,NASDAQ,77.56,27,60,89,99,17.91,1102940052.8397503,63133377.0,0.2523,-59.84,541267,538272,618039,
4286,TELA,Healthcare,Medical Devices,NASDAQ,77.56,27,41,8,11,0.94,39394208.26653838,44766146.0,0.0255,-57.27,104802,191437,187320,0.029
4287,PMT,Real Estate,REIT - Mortgage,NYSE,77.55,27,31,43,55,9.86,887720071.772049,87202362.0,0.0682,-28.6,794451,979377,1045810,-0.241
4288,YHGJ,Consumer Cyclical,Packaging & Containers,NASDAQ,77.52,27,11,7,14,3.79,8740967.151163101,2609244.0,0.0038,-63.17,8035,7665,5963,0.282
4289,VKTX,Healthcare,Biotechnology,NASDAQ,77.52,27,39,77,77,27.75,3303205631.931576,116105643.0,0.2028,-35.69,2046674,2211488,2178122,
4290,HRZN,Financial Services,Asset Management,NASDAQ,77.52,27,13,13,32,4.44,314001104.09011316,68261111.0,0.051999997,-47.52,963989,892056,937595,-0.018
4291,TULP,Communication Services,Advertising Agencies,NASDAQ,77.5,27,33,49,17,3.66,16942577.12242675,4772557.0,0.0041,-40.87,4254,4824,3848,0.16
4292,ADUS,Healthcare,Medical Care Facilities,NASDAQ,77.5,27,28,38,56,93.17,1719025841.119812,18664776.0,0.0591,-25.13,196066,258392,248881,0.077
4293,ACOG,Healthcare,Biotechnology,NASDAQ,77.49,27,26,33,18,5.99,126725289.01777267,21774104.0,0.0109,-48.09,37752,34360,51548,0.207
4294,ELME,Real Estate,REIT - Residential,NYSE,77.49,27,25,25,59,2.04,180381499.94775558,88857883.0,0.0341,-88.46,967803,1107724,1129870,0.017
4295,ESBA,Real Estate,REIT - Office,NYSE ARCA,77.45,27,23,16,24,5.42,1469596259.25,279923097.0,0.26,-38.06,6726,5955,7087,0.049
4296,RELX,Industrials,Specialty Business Services,NYSE,77.42,27,31,22,24,33.98,61934121525.49077,1761994846.0,0.0023999999,-37.5,2742588,2547909,2620153,0.012
4297,JJSF,Consumer Defensive,Packaged Foods,NASDAQ,77.42,27,18,24,21,79.3,1414382600.3814697,18753416.0,0.1022,-38.64,214282,258880,261436,-0.032
4298,IZM,Technology,Electronics & Computer Distribution,NASDAQ,77.4,27,2,4,6,0.78,4638990.934825569,12018111.0,0.0073,-71.53,2016321,968413,705692,0.072
4299,GAU,Basic Materials,Gold,NYSE ARCA,77.38,27,76,85,89,1.94,530263933.44661427,261213764.0,0.0095999995,-46.41,2994004,2635558,2645942,0.888
4300,TWI,Industrials,Farm & Heavy Construction Machinery,NYSE,77.37,27,24,30,39,7.23,469271585.9444046,64371960.0,0.0466,-38.21,492733,570294,960070,0.029
4301,ACI,Consumer Defensive,Grocery Stores,NYSE,77.36,27,26,37,30,15.28,8090590316.960114,494534842.0,0.120799996,-32.92,6404909,6077299,6697947,0.077
4302,TFPM,Basic Materials,Other Precious Metals & Mining,NYSE,77.34,27,76,86,90,26.85,5840692686.815765,206603912.0,2.41,-35.61,613093,606894,558172,0.787
4303,WPRT,Consumer Cyclical,Auto Parts,NASDAQ,77.3,26,25,36,10,1.82,33051894.18525338,17395734.0,0.0424,-56.14,22504,27328,35106,-0.688
4304,ELE,Basic Materials,Other Precious Metals & Mining,NASDAQ,77.28,26,82,94,85,14.31,961238657.5481415,64383030.0,1.25,-46.92,259876,319948,277597,1.09
4305,CALM,Consumer Defensive,Farm Products,NASDAQ,77.27,26,29,46,28,79.07,3584039030.140938,47376589.0,0.14829999,-37.44,698133,730624,810720,-0.53
4306,TRU,Financial Services,Financial Data & Stock Exchanges,NYSE,77.27,26,27,28,33,67.85,13623248706.054688,192800000.0,0.048600003,-31.73,1809540,1965200,2060282,0.137
4307,PHAR,Healthcare,Biotechnology,NASDAQ,77.25,26,40,77,90,12.28,885711035.2937317,70625230.0,0.0001,-42.46,11226,14032,13275,-0.084
4308,CCAP,Financial Services,Asset Management,NASDAQ,77.24,26,37,32,37,11.31,409358514.0699463,36845952.0,0.0155,-29.47,194317,230995,224623,-0.1
4309,TIC,Industrials,Specialty Business Services,NYSE,77.21,26,33,16,24,7.94,1852337046.8163185,221042604.0,0.0987,-46.87,2208529,2471419,2546891,1.084
4310,HRTG,Financial Services,Insurance - Property & Casualty,NYSE,77.21,26,32,83,91,22.2,670861309.3806267,30273525.0,0.0403,-30.58,494991,518940,428302,0.005
4311,FSCO,Financial Services,Asset Management,NYSE,77.2,26,24,23,32,4.82,970894334.5798731,202269645.0,0.0038,-36.99,1406866,1119335,1105313,
4312,SGRY,Healthcare,Medical Care Facilities,NASDAQ,77.18,26,20,14,15,14.2,1793105706.0091724,130788162.0,0.2197,-41.08,1249962,1597020,1386270,0.045
4313,APM,Healthcare,Biotechnology,NASDAQ,77.16,26,22,14,65,0.9,8225194.492335081,8143757.0,0.0023,-79.87,676125,236848,152699,
4314,ASPS,Real Estate,Real Estate Services,NASDAQ,77.15,26,37,29,18,6.55,69252745.35409784,11278949.0,0.049200002,-58.96,9969,16993,19283,0.095
4315,TSLX,Financial Services,Asset Management,NYSE,77.13,26,27,27,49,17.2,1652390786.0046387,95019600.0,0.0851,-31.66,651635,748691,697619,-0.197
4316,FSK,Financial Services,Asset Management,NYSE,77.11,26,18,13,28,11.0,2996710779.681567,280066433.0,0.0464,-51.5,2768852,3487567,3406178,-0.24
4317,HBNB,Real Estate,Real Estate Services,NASDAQ,77.08,26,81,82,83,5.26,1324623269.049492,234032386.0,0.0001,-72.72,6011,7027,6142,8.926
4318,BXC,Industrials,Industrial Distribution,NYSE,77.07,26,13,19,19,52.23,391454462.5625038,7782395.0,0.0596,-40.85,113521,144333,122132,0.031
4319,LZM,Basic Materials,Other Industrial Metals & Mining,NYSE,77.03,26,82,45,18,3.7,391287902.10064125,91209302.0,0.0004,-42.19,505703,601194,738980,7.051
4320,AKA,Consumer Cyclical,Apparel Retail,NYSE,77.0,26,62,25,30,8.99,94693305.0,10822092.0,0.0115,-45.12,5268,5072,4553,0.03
4321,ECX,Consumer Cyclical,Auto Parts,NASDAQ,76.99,26,9,15,21,1.23,461082595.1762848,381059984.0,0.0317,-54.44,1736637,1338275,1209085,-0.258
4322,NXST,Communication Services,Broadcasting,NASDAQ,76.98,26,40,82,70,173.41,5558702539.776535,30538965.0,0.077199996,-31.81,353971,341340,375476,0.131
4323,CSTL,Healthcare,Diagnostics & Research,NASDAQ,76.97,26,17,59,93,21.08,637232298.4619751,30329952.0,0.0478,-52.39,322720,466306,396566,-0.049
4324,ASPI,Basic Materials,Chemicals,NASDAQ,76.95,26,24,30,27,5.85,844812134.1728354,125903447.0,0.2044,-59.63,6911361,5543640,5004618,2.793
4325,SCLX,Healthcare,Drug Manufacturers - General,NASDAQ,76.92,26,21,23,87,8.8,49231035.0,7033005.0,0.028499998,-74.32,110447,114925,87023,0.721
4326,ICE,Financial Services,Financial Data & Stock Exchanges,NYSE,76.91,26,38,40,35,140.34,80020018042.5,565512495.0,0.0164,-25.88,5770574,4126614,3638938,0.204
4327,ALLE,Industrials,Security & Protection Services,NYSE,76.9,26,21,44,61,129.35,11185411982.466522,85935861.0,0.0419,-29.36,1004383,1039084,1022960,0.097
4328,INR,Energy,Oil & Gas E&P,NYSE,76.89,26,53,78,21,13.86,246771145.25873184,18751607.0,0.090500005,-30.35,457099,444246,384281,0.818
4329,RVLV,Consumer Cyclical,Internet Retail,NYSE,76.88,26,23,38,71,20.35,1350968591.7881985,71555543.0,0.113000005,-35.76,1175572,1414927,1172296,0.156
4330,VLTO,Industrials,Pollution & Treatment Controls,NYSE,76.88,26,28,35,39,82.62,21133817588.80948,245599266.0,0.028499998,-24.97,2656542,2349594,2139626,0.068
4331,MORN,Financial Services,Financial Data & Stock Exchanges,NASDAQ,76.85,26,27,21,18,186.06,7064084414.785858,38028018.0,0.0743,-41.25,476637,553689,519023,0.108
4332,DSGX,Technology,Software - Application,NASDAQ,76.82,26,23,21,26,73.91,6466229726.967705,85690827.0,3.06,-32.19,719792,511334,553068,0.147
4333,BBWI,Consumer Cyclical,Specialty Retail,NYSE,76.81,26,19,31,14,18.12,3513222444.6717834,201561812.0,0.0675,-46.64,5681366,6205468,6115953,-0.032
4334,ANNA,Energy,Oil & Gas E&P,NASDAQ,76.8,26,46,30,6,3.57,124457598.43826294,40940000.0,0.1233,-66.45,489911,539547,1302922,13.495
4335,RSSS,Technology,Software - Application,NASDAQ,76.79,26,35,22,26,2.29,75256947.0,33447532.0,0.0007,-44.42,76125,94735,75939,-0.043
4336,HLLY,Consumer Cyclical,Auto Parts,NYSE,76.76,26,23,63,90,2.52,309350501.3244457,120369848.0,0.0349,-43.75,854603,934504,781666,-0.037
4337,AOS,Industrials,Specialty Industrial Machinery,NYSE,76.73,26,22,44,41,57.22,7883797397.954895,137828624.0,0.0788,-30.11,1662878,1807426,1644837,-0.019
4338,UROY,Energy,Uranium,NASDAQ,76.68,26,82,85,86,2.79,452970834.0478642,146592507.0,1.89,-49.46,3070815,2719608,2481245,4164.0
4339,PRCT,Healthcare,Medical Devices,NASDAQ,76.68,26,24,14,14,29.09,1584051424.1774368,56918844.0,0.12149999,-55.19,1053008,1494002,1383737,0.202
4340,TAL,Consumer Defensive,Education & Training Services,NYSE,76.67,26,38,43,42,9.3,5817468089.745884,608521740.0,5.07,-30.44,3564648,3511779,3693127,0.315
4341,GEHC,Healthcare,Medical Devices,NASDAQ,76.67,26,23,35,62,63.76,29417850967.688263,454891786.0,0.030299999,-28.97,4888902,6208677,5037354,0.074
4342,OSIS,Technology,Electronic Components,NASDAQ,76.65,26,30,78,78,217.96,3259161769.2774963,16482890.0,0.1663,-30.08,272131,356050,309042,0.02
4343,VTS,Energy,Oil & Gas E&P,NYSE,76.65,26,25,34,29,17.91,734972945.8864594,41712424.0,0.1539,-34.03,469662,472027,518100,0.022
4344,MOGU,Consumer Cyclical,Internet Retail,NYSE,76.65,26,32,31,35,1.96,16837699.99230051,8173641.0,0.00059999997,-75.8,19645,13388,9919,0.11
4345,YIBO,Technology,Computer Hardware,NASDAQ,76.64,26,32,23,11,1.0,56864850.88897151,59234221.0,0.0039,-45.05,15158,22432,19069,0.113
4346,CNTY,Consumer Cyclical,Resorts & Casinos,NASDAQ,76.62,26,25,22,8,1.45,39440597.72833061,28171856.0,0.0034999999,-49.12,53181,68470,61710,0.052
4347,RLX,Consumer Defensive,Tobacco,NYSE,76.61,26,37,43,60,2.0,2444509128.0,1222254564.0,0.0104,-29.58,3071390,2867136,2423560,1.074
4348,FINV,Financial Services,Credit Services,NYSE,76.58,26,22,26,11,4.89,1163943389.3317785,236094002.0,0.0542,-55.14,835072,1041437,1051568,-0.078
4349,TRAK,Technology,Software - Application,NYSE,76.57,26,14,8,13,9.92,182826071.52593136,18173565.0,0.1306,-55.25,63546,118525,133235,-0.005
4350,UEC,Energy,Uranium,NYSE ARCA,76.57,26,87,91,90,9.42,6201292717.945612,490220783.0,0.1379,-53.69,12917136,10413188,9512861,-0.594
4351,YB,Technology,Software - Application,NASDAQ,76.5,26,19,58,57,16.84,675535739.6287193,46080201.0,0.0038,-45.68,57737,41582,41603,0.322
4352,STUB,Communication Services,Internet Content & Information,NYSE,76.47,26,7,6,11,10.16,3487812511.9682035,375437301.0,0.085200004,-63.57,4843471,5581573,4846232,0.122
4353,LMB,Industrials,Building Products & Equipment,NASDAQ,76.44,26,17,33,21,76.64,956665626.75,11921067.0,0.08939999,-50.25,348297,371732,296941,0.043
4354,LOCL,Consumer Defensive,Farm Products,NYSE,76.43,26,11,7,82,1.39,32142739.939092398,22796270.0,0.22729999,-65.21,29550,63203,1780878,0.149
4355,PRGO,Healthcare,Drug Manufacturers - Specialty & Generic,NYSE,76.42,26,12,10,8,11.17,1498522938.543377,138367770.0,0.1603,-60.72,3460365,2853155,2872339,-0.072
4356,CRTO,Communication Services,Advertising Agencies,NASDAQ,76.41,26,17,22,18,17.63,890835440.7098808,50244527.0,0.0275,-34.66,303195,363478,304749,-0.059
4357,VIPS,Consumer Cyclical,Internet Retail,NYSE,76.39,26,30,34,76,13.71,6498060277.95393,480270540.0,0.0202,-34.96,3037247,2644542,2432309,0.012
4358,MAX,Communication Services,Internet Content & Information,NYSE,76.38,26,34,28,70,9.59,490343729.3515396,54062155.0,0.104499996,-31.11,589384,651244,572948,0.173
4359,GWRS,Utilities,Utilities - Regulated Water,NASDAQ,76.37,26,16,25,21,7.06,208248703.57652664,28763634.0,0.026700001,-36.79,134553,116007,92088,0.067
4360,VIRC,Consumer Cyclical,"Furnishings, Fixtures & Appliances",NASDAQ,76.37,26,25,26,16,6.04,91703234.4899311,15729543.0,0.0428,-33.55,62194,43861,44008,-0.091
4361,KRRO,Healthcare,Biotechnology,NASDAQ,76.35,26,15,44,3,10.59,154609964.97124195,14422571.0,0.093,-81.05,120123,126057,138296,
4362,PERI,Communication Services,Internet Content & Information,NASDAQ,76.34,25,68,36,61,7.91,325466770.04674053,41302889.0,0.0145000005,-30.86,668442,511280,396852,0.012
4363,SPOT,Communication Services,Internet Content & Information,NYSE,76.33,25,18,27,31,503.1,102182891823.96051,205620061.0,0.040700004,-35.91,1918462,2360527,2195700,0.082
4364,MATV,Basic Materials,Specialty Chemicals,NYSE,76.31,25,23,48,88,7.88,410073667.4738445,55117428.0,0.019199999,-49.1,455357,436942,425181,-0.011
4365,SDHC,Real Estate,Real Estate - Development,NYSE,76.29,25,12,15,40,12.97,105843221.30738068,8347257.0,0.2522,-44.81,88261,90363,99412,-0.081
4366,TM,Consumer Cyclical,Auto Manufacturers,NYSE,76.28,25,25,67,71,172.03,230899429516.36765,1303338365.0,0.0007,-30.88,642830,514063,466522,0.019
4367,OSG,Financial Services,Insurance - Specialty,NYSE,76.27,25,22,14,33,5.58,245774214.03713226,45013592.0,0.0301,-46.24,439715,766121,684683,0.66
4368,YELP,Communication Services,Internet Content & Information,NYSE,76.23,25,23,20,28,24.28,1278533868.0,54990704.0,0.236,-35.34,1285514,1310454,1178370,0.008
4369,ENSG,Healthcare,Medical Care Facilities,NASDAQ,76.23,25,41,85,73,151.65,9953251798.361206,58445400.0,0.0405,-30.44,832584,669661,545080,0.184
4370,ACH,Healthcare,Medical Distribution,NYSE,76.18,25,36,9,5,2.74,206775999.05179548,76583702.0,0.0943,-71.31,638471,858320,809402,-0.068
4371,CNVS,Communication Services,Entertainment,NASDAQ,76.18,25,48,30,11,2.51,54514855.74149799,21294866.0,0.0269,-66.04,91671,115373,127224,-0.6
4372,ROL,Consumer Cyclical,Personal Services,NYSE,76.18,25,29,43,68,47.77,22676859465.34729,481462000.0,0.0344,-27.77,6064662,3960830,3517772,0.102
4373,SES,Consumer Cyclical,Auto Parts,NYSE,76.16,25,15,79,98,1.06,435754350.1503167,369283364.0,0.0715,-71.58,7944791,10992353,9528798,0.158
4374,TMC,Basic Materials,Other Industrial Metals & Mining,NASDAQ,76.1,25,64,91,99,4.83,2218092176.9817753,433221138.0,0.1129,-57.44,7157908,6354012,5760417,
4375,XGN,Healthcare,Diagnostics & Research,NASDAQ,76.07,25,16,9,59,4.19,103645708.38837528,24159839.0,0.0327,-65.74,413581,596640,430554,0.117
4376,TMUS,Communication Services,Telecom Services,NASDAQ,76.07,25,28,44,24,185.55,192740666702.9534,1082204717.0,0.038399998,-29.06,5386170,4911973,5594170,0.106
4377,FIP,Industrials,Conglomerates,NASDAQ,76.05,25,25,66,22,4.28,491560370.7696724,118163555.0,0.2544,-46.06,905597,1226539,991097,0.959
4378,MH,Consumer Defensive,Education & Training Services,NYSE,76.04,25,28,27,65,12.8,2332128554.2761297,191001519.0,0.13,-28.89,457091,406600,386416,0.042
4379,STKS,Consumer Cyclical,Restaurants,NASDAQ,76.0,25,26,24,12,1.85,58078314.89357221,31564301.0,0.0545,-64.83,30247,31749,33997,0.008
4380,CCTG,Industrials,Electrical Equipment & Parts,NASDAQ,76.0,25,3,1,0,0.89,1819775.6539957523,3913496.0,0.0418,-96.59,15848391,5588180,3379920,-0.082
4381,SFIX,Consumer Cyclical,Apparel Retail,NASDAQ,75.98,25,18,15,78,3.6,466907028.8158417,136522520.0,0.1582,-39.39,1795419,1754889,1746613,0.094
4382,RZLT,Healthcare,Biotechnology,NASDAQ,75.98,25,17,31,5,3.81,409242406.75,96292331.0,0.22799999,-66.75,2606831,1665993,1617112,
4383,HWH,Consumer Cyclical,Leisure,NASDAQ,75.95,25,15,20,27,1.42,7775455.714797974,7476400.0,0.0128999995,-81.72,2450247,837805,521347,-0.783
4384,FBGL,Industrials,Engineering & Construction,NASDAQ,75.94,25,23,45,45,0.56,7803000.122308731,13500000.0,0.0515,-60.0,65043,177154,181594,2.267
4385,AMTM,Industrials,Specialty Business Services,NYSE,75.94,25,35,73,85,22.0,5565259656.973846,244090344.0,0.090299994,-42.27,1875213,2171184,1997522,-0.004
4386,ADXN,Healthcare,Biotechnology,NASDAQ,75.93,25,24,27,26,6.5,7417846.009008408,1265844.0,0.0046,-46.06,1197,2205,3707,9.497
4387,EVI,Industrials,Industrial Distribution,NYSE ARCA,75.91,25,21,37,57,17.44,226882451.38981056,12869113.0,0.026800001,-49.91,38367,40342,35063,0.081
4388,LYFT,Technology,Software - Application,NASDAQ,75.89,25,28,25,77,13.39,5182666416.962608,379682532.0,0.2336,-47.57,13597050,15355663,14368036,0.138
4389,PRIM,Industrials,Engineering & Construction,NYSE,75.86,25,37,90,89,93.88,6610421081.712494,54254935.0,0.08939999,-54.32,2156211,2524533,1803576,-0.054
4390,LCII,Consumer Cyclical,Recreational Vehicles,NYSE,75.85,25,40,81,82,90.72,2289123192.3987885,24285202.0,0.1113,-43.18,381188,344749,374941,0.043
4391,EQX,Basic Materials,Gold,NYSE ARCA,75.81,25,88,91,95,9.73,8514523305.397749,789112450.0,2.45,-48.68,15521656,11160158,10219275,2.243
4392,SFHG,Industrials,Specialty Business Services,NASDAQ,75.81,25,23,19,35,2.58,9337999.806404114,4060000.0,0.0002,-47.88,28238,16856,16065,0.225
4393,META,Communication Services,Internet Content & Information,NASDAQ,75.8,25,30,39,38,570.98,1505285019272.0,2538423304.0,0.0146,-28.29,21174928,18242192,16954125,0.331
4394,SID,Basic Materials,Steel,NYSE,75.8,25,23,18,64,1.18,1569115513.6713662,1329758969.0,0.0108,-46.36,4817874,3552491,3692772,-0.028
4395,TU,Communication Services,Telecom Services,NYSE,75.77,25,26,40,23,11.87,19220205417.208065,1561348884.0,13.17,-29.09,5470393,5105737,5555532,-0.006
4396,PRTS,Consumer Cyclical,Auto Parts,NASDAQ,75.76,25,52,86,6,5.95,48185680.03369045,8057806.0,0.0356,-56.25,56846,64699,57932,-0.105
4397,CGC,Healthcare,Drug Manufacturers - Specialty & Generic,NASDAQ,75.76,25,27,18,80,1.01,435503583.65305066,422819025.0,0.0544,-57.56,7097377,7307589,10558869,-0.003
4398,GRFS,Healthcare,Drug Manufacturers - General,NASDAQ,75.75,25,25,35,57,7.32,5199595292.813393,680575312.0,8.37,-34.29,637102,589937,674820,-0.048
4399,SCM,Financial Services,Asset Management,NYSE,75.72,25,22,17,38,8.78,252709514.16899872,28947254.0,0.028399998,-42.95,176263,165904,158634,-0.066
4400,COCP,Healthcare,Biotechnology,NASDAQ,75.65,25,66,28,13,1.0,13235954.584153354,13787453.0,0.0228,-62.55,114178,130892,3038801,
4401,OCCI,Financial Services,Asset Management,NASDAQ,75.63,25,24,11,23,3.08,93954469.88481092,29088071.0,0.0128999995,-52.1,146472,257040,252548,0.092
4402,PHI,Communication Services,Telecom Services,NYSE,75.62,25,30,46,56,17.33,3920366824.5729923,216355775.0,0.0028,-29.29,196858,136699,120425,0.022
4403,TELO,Healthcare,Biotechnology,NASDAQ,75.61,25,30,22,13,1.24,83217699.38355637,68774956.0,0.0189,-60.0,90151,179547,146618,
4404,MMSI,Healthcare,Medical Instruments & Supplies,NASDAQ,75.6,25,15,23,34,66.99,3846545250.657387,59654855.0,0.0652,-30.75,807480,901270,769796,0.075
4405,WDH,Financial Services,Insurance - Diversified,NYSE,75.59,25,35,64,77,1.4,503022725.6335739,359301953.0,0.0007,-35.78,136918,172666,172467,1.055
4406,ARQ,Industrials,Pollution & Treatment Controls,NASDAQ,75.58,25,12,6,9,2.67,111608266.70623302,42926258.0,0.047399998,-66.16,269762,298177,343398,0.066
4407,EUDA,Real Estate,Real Estate Services,NASDAQ,75.58,25,6,2,75,15.5,48088857.900857925,2994325.0,0.013099999,-81.98,5505,55511,143239,0.789
4408,ESLA,Healthcare,Biotechnology,NASDAQ,75.56,25,39,45,90,1.06,49059019.30439043,43034228.0,0.0056,-66.35,49189,37813,91187,
4409,BABA,Consumer Cyclical,Internet Retail,NYSE,75.54,25,32,41,75,115.38,290439155577.4393,2399133995.0,0.0197,-40.12,10925585,11756151,11000353,0.029
4410,AZTA,Healthcare,Medical Instruments & Supplies,NASDAQ,75.54,25,9,13,47,22.38,1045845747.3762131,46092804.0,0.2134,-46.37,1182558,1440029,1216641,0.01
4411,QGEN,Healthcare,Diagnostics & Research,NYSE,75.53,25,15,36,48,37.02,7565250062.942505,206250000.0,0.0498,-35.97,2297609,2338433,2093481,0.018
4412,AI,Technology,Software - Infrastructure,NYSE,75.52,25,10,8,12,10.8,1515387489.7993622,145291222.0,0.3548,-64.13,10878308,6661459,5839659,-0.525
4413,CARG,Consumer Cyclical,Auto & Truck Dealerships,NASDAQ,75.48,25,52,33,66,28.1,2472930234.0407295,90187098.0,0.1667,-28.72,1487637,1574709,1290931,0.148
4414,ULTA,Consumer Cyclical,Specialty Retail,NASDAQ,75.47,25,33,60,84,470.75,20079017803.633118,42989311.0,0.052600004,-34.16,1131699,839389,758379,0.111
4415,RNAC,Healthcare,Biotechnology,NASDAQ,75.44,25,63,20,14,7.43,171588046.24326324,29381514.0,0.17040001,-52.28,540037,302185,248445,-0.929
4416,JILL,Consumer Cyclical,Apparel Retail,NYSE,75.43,25,17,56,18,13.58,194973683.46274376,14906245.0,0.08930001,-27.77,77778,64139,94821,-0.031
4417,HNRG,Utilities,Utilities - Independent Power Producers,NASDAQ,75.43,25,58,39,85,15.81,785192323.5284729,47130392.0,0.075100005,-35.99,715938,981589,946411,-0.135
4418,JCAP,Financial Services,Credit Services,NASDAQ,75.43,25,40,57,78,16.03,899995891.3957195,55418467.0,0.0435,-32.65,226795,231965,257639,0.119
4419,WU,Financial Services,Credit Services,NYSE,75.42,25,42,63,64,7.35,2337014583.8792267,312435104.0,0.1785,-28.99,9106189,7922419,8646725,-0.001
4420,CNMD,Healthcare,Medical Devices,NYSE,75.36,24,18,23,14,36.3,1058639256.4457016,30109194.0,0.0904,-39.85,517619,492363,449635,-0.013
4421,SYNX,Technology,Communication Equipment,NYSE ARCA,75.32,24,36,27,4,1.06,7331056.326541901,6634440.0,0.069299996,-53.51,59557,92699,104007,-0.053
4422,XYL,Industrials,Specialty Industrial Machinery,NYSE,75.31,24,24,36,61,107.13,26132023200.72638,237693493.0,0.0435,-30.56,2015958,2003419,2225761,0.027
4423,CRAI,Industrials,Consulting Services,NASDAQ,75.3,24,21,27,56,149.08,941729310.3719788,6463038.0,0.041100003,-34.41,159948,160939,168567,0.105
4424,FENG,Communication Services,Internet Content & Information,NYSE,75.26,24,24,31,23,1.68,19337349.53181553,12010776.0,0.0004,-53.97,74032,27374,17496,0.216
4425,IFN,Financial Services,Asset Management,NYSE,75.25,24,23,31,32,10.8,459361521.02451324,42651950.0,0.0070999996,-34.94,190243,159904,169084,-0.16
4426,TVGN,Healthcare,Biotechnology,NASDAQ,75.24,24,3,1,4,10.6,43843178.46818447,4187505.0,0.079,-85.17,37919,34546,30751,
4427,MOMO,Communication Services,Internet Content & Information,NASDAQ,75.22,24,34,28,26,5.48,828862939.3364062,147747401.0,0.0252,-40.56,985394,631311,676166,-0.023
4428,SONY,Technology,Consumer Electronics,NYSE,75.21,24,29,26,48,20.76,128910014846.25499,5888991249.0,0.0015,-31.58,5910933,7856191,6558936,0.154
4429,GGRP,Technology,Software - Infrastructure,NASDAQ,75.21,24,7,9,11,0.78,17033567.98907399,21698812.0,0.0543,-57.84,119102,535020,342638,-0.538
4430,FBIN,Industrials,Building Products & Equipment,NYSE,75.21,24,12,26,26,40.43,4659601031.844578,119293417.0,0.1034,-37.65,2236391,2794457,2652440,-0.021
4431,HLI,Financial Services,Capital Markets,NYSE,75.19,24,25,24,39,135.96,9616519639.75,69059387.0,0.034,-35.8,593296,750942,657239,-0.046
4432,SRG,Real Estate,Real Estate Services,NYSE,75.17,24,23,26,29,2.67,151513198.74291992,56324608.0,0.1116,-41.45,498559,402876,349563,-0.984
4433,NNNN,Healthcare,Medical Instruments & Supplies,NASDAQ,75.13,24,89,90,98,16.43,1009058677.9541016,43891200.0,0.0021,-70.48,31693,26507,26654,0.739
4434,ASST,Financial Services,Asset Management,NASDAQ,75.13,24,50,8,19,14.43,1097858754.9772396,78869163.0,0.2048,-94.27,5324878,4446746,4161823,0.882
4435,TRIB,Healthcare,Medical Devices,NASDAQ,75.12,24,14,37,71,0.69,13568082.567972839,20250869.0,0.0123000005,-79.94,133834,116911,114944,
4436,LEN,Consumer Cyclical,Residential Construction,NYSE,75.11,24,16,26,35,89.85,22287532278.890076,246298296.0,0.0028,-37.71,2506017,2527969,2713293,-0.133
4437,PD,Technology,Software - Application,NYSE,75.09,24,11,7,18,8.8,713383726.25,77122565.0,0.12529999,-51.11,2982433,2124861,2335180,0.01
4438,OCGN,Healthcare,Biotechnology,NASDAQ,75.08,24,82,97,91,1.19,433307965.994812,338521856.0,0.24069999,-56.33,5425567,6933479,6586521,0.035
4439,CVR,Industrials,Tools & Accessories,NYSE ARCA,75.06,24,27,69,54,10.14,9854546.215724945,966132.0,0.0107,-32.4,4288,5102,4407,-0.054
4440,PATH,Technology,Software - Infrastructure,NYSE,75.06,24,23,30,84,10.75,5823671671.251682,518120266.0,0.31780002,-45.82,52696369,40384963,33377161,0.173
4441,WLTH,Technology,Software - Application,NASDAQ,75.05,24,60,11,32,8.95,1472333978.2703876,149475525.0,0.050100002,-39.32,2596309,1463213,1289259,0.071
4442,THC,Healthcare,Medical Care Facilities,NYSE,75.01,24,51,83,80,164.77,13959362009.70459,86137000.0,0.0337,-33.35,1462819,1610199,1476513,0.028
4443,ACRV,Healthcare,Biotechnology,NASDAQ,75.0,24,80,28,69,1.38,61206470.22495997,42801729.0,0.0871,-61.24,351189,463396,624353,
4444,SPOK,Healthcare,Health Information Services,NASDAQ,74.97,24,18,25,23,10.87,223699877.8967762,20887010.0,0.0286,-43.71,149987,183732,169315,-0.085
4445,EGHT,Technology,Software - Application,NASDAQ,74.93,24,68,47,39,1.72,266848661.39026415,141189769.0,0.0172,-40.28,1663133,1964811,1646038,0.046
4446,TW,Financial Services,Capital Markets,NASDAQ,74.89,24,30,57,22,100.99,22354207666.984955,218026021.0,0.026800001,-31.53,2262108,1826459,1653577,0.212
4447,AISP,Technology,Software - Infrastructure,NASDAQ,74.85,24,14,17,13,2.9,95053190.79155874,34439562.0,0.18200001,-59.72,957878,669142,596149,0.155
4448,GPC,Consumer Cyclical,Auto Parts,NYSE,74.84,24,18,27,54,98.43,13654835112.48349,139122108.0,0.0582,-35.06,1442125,1479195,1661045,0.068
4449,KEP,Utilities,Utilities - Regulated Electric,NYSE,74.83,24,33,86,93,11.9,15907870268.86175,1283928154.0,0.001,-49.17,1321479,1085749,933537,0.007
4450,TMDE,Energy,Oil & Gas Midstream,NYSE ARCA,74.83,24,82,95,5,0.91,15317249.438166618,23565000.0,0.0435,-80.92,1025954,522148,2890696,-0.227
4451,INDO,Energy,Oil & Gas E&P,NYSE ARCA,74.81,24,48,86,28,2.84,41082863.97392273,15386840.0,0.0682,-66.59,823880,744503,862862,-0.23
4452,AZO,Consumer Cyclical,Auto Parts,NYSE,74.75,24,30,40,31,3110.05,51012841551.02539,16369000.0,0.0256,-29.13,412655,338531,279521,0.084
4453,MLKN,Consumer Cyclical,"Furnishings, Fixtures & Appliances",NASDAQ,74.75,24,22,66,25,14.84,1010578520.7019768,68374732.0,0.0563,-35.98,834363,732527,799392,0.058
4454,GBR,Real Estate,Real Estate Services,NYSE ARCA,74.74,24,36,43,14,0.8,3848950.5,5131934.0,0.0252,-55.06,58648,74389,634209,0.026
4455,PAYC,Technology,Software - Application,NYSE,74.71,24,27,14,16,136.72,6416820999.088623,46627098.0,0.1033,-48.58,801503,934847,926590,0.078
4456,OPFI,Financial Services,Credit Services,NYSE,74.7,24,33,23,62,8.27,709617926.7124329,85393248.0,0.036199998,-44.98,674675,783338,604785,-0.022
4457,IIIN,Industrials,Metal Fabrication,NYSE,74.66,24,18,46,52,27.82,552681555.0584736,19433247.0,0.0473,-33.19,267712,225357,245178,0.075
4458,PLTR,Technology,Software - Infrastructure,NASDAQ,74.65,24,32,65,92,130.21,324907689316.4038,2397311977.0,0.033099998,-37.25,45998181,42758733,45146376,0.847
4459,UBER,Technology,Software - Application,NYSE,74.64,24,33,32,52,68.61,143937204345.58344,2035599013.0,0.0305,-32.73,22343745,19791205,17426659,0.145
4460,GDEV,Communication Services,Electronic Gaming & Multimedia,NASDAQ,74.61,24,48,32,39,13.36,224884564.94147587,18150489.0,0.00059999997,-68.34,4180,3523,3696,-0.079
4461,OCUL,Healthcare,Biotechnology,NASDAQ,74.57,24,37,25,89,8.74,1806422953.5,218960358.0,0.1336,-46.84,2271918,2670059,2956293,0.008
4462,MSW,Industrials,Engineering & Construction,NASDAQ,74.56,24,49,9,4,1.35,17386500.43308735,12975000.0,0.0064,-79.29,4864949,1877409,1161933,-0.516
4463,KTOS,Industrials,Aerospace & Defense,NASDAQ,74.53,24,31,94,93,54.82,10973669549.519836,187519984.0,0.080299996,-59.09,5369133,4630551,4343714,0.226
4464,KOSS,Technology,Consumer Electronics,NASDAQ,74.52,24,22,25,20,3.91,37676423.420557976,9466438.0,0.0442,-54.48,23049,24616,26101,0.016
4465,RZLV,Technology,Software - Infrastructure,NASDAQ,74.5,24,57,64,70,2.39,917303431.0824187,398827587.0,0.19440001,-71.72,16855786,15587935,17049345,48.884
4466,WVVIP,Consumer Defensive,Beverages - Wineries & Distilleries,NASDAQ,74.46,24,30,44,45,2.55,,,0.0,-28.77,2299,1893,1941,0.095
4467,BKNG,Consumer Cyclical,Travel Services,NASDAQ,74.44,24,24,28,59,160.64,128505836988.55042,774878436.0,0.033299997,-31.23,7245439,7659803,7429879,0.162
4468,ATRC,Healthcare,Medical Instruments & Supplies,NASDAQ,74.43,24,22,28,77,27.51,1372370306.317997,50640970.0,0.0911,-36.29,714797,853502,795841,0.143
4469,EXE,Energy,Oil & Gas E&P,NASDAQ,74.41,24,33,52,55,88.56,22025800054.42315,239228849.0,0.0253,-30.06,3632981,3058587,3168694,0.41
4470,CHA,Consumer Cyclical,Restaurants,NASDAQ,74.4,24,16,13,11,11.72,2201408774.7629566,190763326.0,0.027,-65.22,1301950,742996,671764,0.045
4471,PAHC,Healthcare,Drug Manufacturers - Specialty & Generic,NASDAQ,74.39,24,42,93,89,31.18,1315513752.259369,40564716.0,0.0665,-48.1,401348,457312,377623,0.103
4472,GALT,Healthcare,Biotechnology,NASDAQ,74.39,24,26,76,97,2.38,153446567.31551743,65856898.0,0.1753,-66.62,253672,326840,335932,
4473,CMG,Consumer Cyclical,Restaurants,NYSE,74.35,24,25,27,17,30.42,37635415755.729675,1282734000.0,0.0375,-47.93,25304624,20102678,17633922,0.074
4474,RR,Industrials,Specialty Industrial Machinery,NASDAQ,74.34,24,35,30,95,2.2,537748308.6678679,223595973.0,0.28440002,-70.39,12081286,13980325,11858939,-0.088
4475,ALG,Industrials,Farm & Heavy Construction Machinery,NYSE,74.33,24,18,33,28,150.86,1817585334.4942627,12168343.0,0.051799998,-35.33,157444,202988,180408,0.067
4476,KRKR,Communication Services,Advertising Agencies,NASDAQ,74.26,24,19,19,30,3.71,6549101.734354496,1973810.0,0.0005,-82.63,42949,31459,23455,0.047
4477,HCA,Healthcare,Medical Care Facilities,NYSE,74.26,24,38,84,83,373.34,82553245857.20215,221839800.0,0.0305,-32.92,1928167,1575305,1368611,0.043
4478,ISRG,Healthcare,Medical Instruments & Supplies,NASDAQ,74.25,24,24,42,73,412.02,149477968229.86462,354162842.0,0.019,-31.77,2687418,2386232,2300849,0.23
4479,BIRD,Consumer Cyclical,Apparel Retail,NASDAQ,74.23,23,70,10,11,3.77,33727174.65815163,8806051.0,0.1902,-84.49,361657,476992,7616167,-0.305
4480,XPOF,Consumer Cyclical,Leisure,NYSE,74.17,23,12,18,22,5.99,223623186.3899231,41877000.0,0.28219998,-46.23,488332,667047,549332,-0.21
4481,EVCM,Technology,Software - Application,NASDAQ,74.16,23,41,40,77,9.18,1627946415.4493322,176950701.0,0.1009,-36.29,157325,126548,118171,0.036
4482,OPAL,Utilities,Utilities - Regulated Gas,NASDAQ,74.14,23,30,72,31,1.94,63599055.5485363,30357544.0,0.0688,-42.94,238863,236697,206016,-0.141
4483,MLCO,Consumer Cyclical,Resorts & Casinos,NASDAQ,74.13,23,20,23,63,5.63,2213261766.639264,388291551.0,0.0376,-44.53,1991637,2297962,1880845,0.109
4484,NAII,Consumer Defensive,Packaged Foods,NASDAQ,74.1,23,23,25,29,2.51,15688072.5,6275229.0,0.00029999999,-49.4,13062,14887,17562,0.233
4485,AHG,Healthcare,Medical Distribution,NASDAQ,74.1,23,84,93,28,1.39,1147983625.775587,856704177.0,0.14,-44.4,7976,80415,118345,0.009
4486,LKQ,Consumer Cyclical,Auto Parts,NASDAQ,74.1,23,22,30,26,25.47,6425824683.749018,254790835.0,0.078,-36.31,2690014,3464204,2961058,0.043
4487,KYNB,Healthcare,Biotechnology,NASDAQ,74.04,23,25,24,71,6.69,27162831.674423218,4048112.0,0.0287,-46.9,9486,8682,10207,0.365
4488,LUCD,Healthcare,Medical Devices,NASDAQ,74.02,23,34,74,53,1.01,184476083.53647137,190771543.0,0.043,-38.0,809270,916673,891624,0.517
4489,ALC,Healthcare,Medical Instruments & Supplies,NYSE,74.0,23,20,40,37,66.11,32583235809.32617,487700000.0,2.8,-28.57,1966124,2494118,2027936,0.094
4490,TLK,Communication Services,Telecom Services,NYSE,73.99,23,29,44,82,15.33,15339604265.30495,987104524.0,0.0044,-34.82,1316755,968535,921281,0.015
4491,THO,Consumer Cyclical,Recreational Vehicles,NYSE,73.97,23,17,33,65,74.84,3940742977.2335052,52057373.0,0.1078,-39.07,995435,763505,749307,-0.039
4492,ERIE,Financial Services,Insurance Brokers,NASDAQ,73.97,23,16,22,21,231.98,11881303870.790405,52289868.0,0.0983,-39.06,175664,197731,205888,0.023
4493,SUZ,Basic Materials,Paper & Paper Products,NYSE,73.96,23,28,65,32,8.02,10110852747.171158,1236045522.0,0.0099,-30.47,3745311,3260247,3257910,-0.051
4494,KWY,Financial Services,Asset Management,NYSE,73.95,23,34,38,74,10.23,289692526.0040436,28625744.0,0.0773,-39.11,62939,62519,72005,0.385
4495,SHOP,Technology,Software - Application,NASDAQ,73.94,23,20,45,85,108.2,142145087167.4383,1297654610.0,0.0179,-40.61,9170182,12478567,10483140,0.343
4496,DYAI,Healthcare,Biotechnology,NASDAQ,73.92,23,22,26,20,0.73,25871478.34811026,36438703.0,0.0023999999,-45.93,1096401,425403,274358,1.823
4497,SAIL,Technology,Software - Infrastructure,NASDAQ,73.9,23,12,19,38,14.71,10346139857.053053,567222587.0,0.162,-41.04,6535038,4346109,3829289,0.227
4498,ARLO,Industrials,Building Products & Equipment,NYSE,73.89,23,35,43,32,12.32,1390205678.3156786,108609817.0,0.1142,-38.21,1063816,1444318,1281767,0.263
4499,PWP,Financial Services,Capital Markets,NASDAQ,73.87,23,25,34,24,14.71,1129081274.7316017,72938069.0,0.13149999,-43.26,1606003,1408671,1186396,-0.297
4500,APWC,Industrials,Electrical Equipment & Parts,NASDAQ,73.79,23,24,29,50,1.38,54839166.919505,41232455.0,0.13,-41.03,4367,5275,6215,0.301
4501,CMCSA,Communication Services,Telecom Services,NASDAQ,73.77,23,24,62,27,23.97,85090483137.58237,3572228557.0,0.0269,-30.23,32589029,31999526,30611845,0.053
4502,BMRA,Healthcare,Medical Devices,NASDAQ,73.77,23,27,15,17,2.02,6551369.926346779,3090269.0,0.0334,-56.09,23201,19407,21206,-0.118
4503,BIAF,Healthcare,Diagnostics & Research,NASDAQ,73.77,23,54,13,1,1.52,7845387.466496468,4534906.0,0.111099996,-88.99,209531,220303,598806,-0.271
4504,SITC,Real Estate,REIT - Retail,NYSE,73.75,23,27,35,34,5.03,261849609.2494545,52474874.0,0.0719,-61.59,664910,591985,606931,-0.698
4505,ALNY,Healthcare,Biotechnology,NASDAQ,73.7,23,25,37,79,291.22,40460983617.85785,133512573.0,0.0539,-41.23,1244018,1100469,1076675,0.964
4506,IDCC,Technology,Software - Application,NASDAQ,73.69,23,30,82,87,253.91,6736248737.149292,25845029.0,0.1146,-38.46,321263,372397,334464,-0.024
4507,FLX,Industrials,Integrated Freight & Logistics,NASDAQ,73.69,23,40,13,18,2.26,166736192.7077365,73129910.0,1.04,-49.21,155217,176535,167959,-0.027
4508,COOT,Consumer Defensive,Packaged Foods,NASDAQ,73.69,23,32,32,50,0.62,17101803.11554396,27898538.0,0.0117999995,-86.22,83103,75747,91458,0.491
4509,MAT,Consumer Cyclical,Leisure,NASDAQ,73.68,23,27,26,67,14.69,4091211497.8313446,290569000.0,0.10479999,-34.65,3969417,4554719,4469747,0.043
4510,SLQT,Financial Services,Insurance Brokers,NYSE,73.64,23,19,4,9,0.86,155009694.7755159,176347774.0,0.033800002,-68.95,1622083,2540514,1893124,0.056
4511,KC,Technology,Software - Application,NASDAQ,73.6,23,65,56,21,11.07,3499631258.2294893,299369665.0,0.0404,-40.23,1542555,1501271,1387791,0.372
4512,AURE,Financial Services,Capital Markets,NASDAQ,73.57,23,13,6,17,2.49,91632000.35095215,36800000.0,0.0007,-82.95,10623,29641,65942,
4513,LFCR,Healthcare,Drug Manufacturers - Specialty & Generic,NASDAQ,73.55,23,11,12,58,5.69,211177965.70261097,37509407.0,0.0841,-36.64,216625,199818,257519,
4514,HIMS,Healthcare,Drug Manufacturers - Specialty & Generic,NYSE,73.55,23,32,12,24,27.78,6061877155.661745,231457695.0,0.32959998,-60.56,18008997,21579172,26943267,0.038
4515,VTEX,Technology,Software - Application,NYSE,73.54,23,31,30,15,3.54,620569491.0447056,170486119.0,0.0419,-48.09,1574505,1499778,1318613,0.121
4516,GPN,Industrials,Specialty Business Services,NYSE,73.54,23,30,27,30,62.47,18141405300.761147,273543507.0,0.0639,-31.08,4829724,4059828,3489594,0.631
4517,SOFI,Financial Services,Credit Services,NASDAQ,73.5,23,19,37,89,15.87,20562342316.788483,1282741200.0,0.1368,-51.51,85630696,75444518,66968161,0.425
4518,SWIM,Industrials,Building Products & Equipment,NASDAQ,73.5,23,17,32,32,5.33,619933214.5539317,117411589.0,0.058000002,-40.55,684468,785626,674397,0.053
4519,GROY,Basic Materials,Gold,NYSE ARCA,73.49,23,79,89,95,2.7,653190021.2206554,230809201.0,0.038399998,-50.5,2042616,1868052,1942099,1.287
4520,AWRE,Technology,Software - Application,NASDAQ,73.45,23,12,12,57,1.43,29222204.466082692,21646077.0,0.0041,-51.53,37968,69162,48919,-0.062
4521,ACVA,Consumer Cyclical,Auto & Truck Dealerships,NYSE,73.44,23,15,7,10,5.94,988150473.4004593,174584894.0,0.1092,-65.38,3567865,3884251,3269537,0.118
4522,HUYA,Communication Services,Entertainment,NYSE,73.42,23,36,78,82,2.47,569882160.5429192,229791192.0,0.0647,-49.9,1162413,1219057,1037592,0.162
4523,BRLT,Consumer Cyclical,Luxury Goods,NASDAQ,73.38,23,24,23,60,1.25,19348070.51034069,16258882.0,0.0089,-59.68,30347,70169,57041,0.06
4524,IMCR,Healthcare,Biotechnology,NASDAQ,73.37,23,30,34,73,27.9,1438987135.0288239,50865574.0,0.19620001,-31.47,485974,386824,415382,0.136
4525,UCFI,Consumer Defensive,Packaged Foods,NASDAQ,73.36,23,21,20,8,5.51,287814768.2856388,52234983.0,0.0494,-62.54,0,0,0,0.208
4526,DMAC,Healthcare,Biotechnology,NASDAQ,73.35,23,61,73,92,5.33,303902058.6057973,53883345.0,0.134,-48.85,176549,172903,176301,
4527,AEI,Real Estate,Real Estate - Development,NASDAQ,73.32,23,72,68,96,1.34,52898329.35640931,38895830.0,0.038,-70.55,15171,14393,12582,-0.082
4528,CATX,Healthcare,Medical Devices,NYSE ARCA,73.31,23,68,94,31,2.95,345559973.64711213,114046197.0,0.1321,-52.11,1499966,1426775,1330997,-0.778
4529,PMN,Healthcare,Biotechnology,NASDAQ,73.28,23,20,94,12,10.2,81875038.11627102,8967693.0,0.0187,-74.34,24775,28555,34717,
4530,RARE,Healthcare,Biotechnology,NASDAQ,73.25,23,36,13,40,22.97,2157898882.811737,98489224.0,0.1468,-45.79,1628625,1652005,1681327,-0.022
4531,NOG,Energy,Oil & Gas E&P,NYSE,73.24,23,38,67,16,21.35,2282291501.122566,108784154.0,0.19299999,-34.55,2504538,2672899,2535683,-0.071
4532,ITRG,Basic Materials,Other Precious Metals & Mining,NYSE ARCA,73.24,23,73,89,98,2.27,487426520.3693993,202251661.0,0.0086,-53.39,3307059,2550663,2691259,0.082
4533,ACIU,Healthcare,Biotechnology,NASDAQ,73.24,23,67,80,86,2.12,228990539.25,101773573.0,0.0661,-47.0,371656,302188,287115,0.13
4534,IP,Consumer Cyclical,Packaging & Containers,NYSE,73.23,23,16,32,20,31.85,17797065819.331512,529516974.0,0.1499,-43.26,5656939,6687766,6825825,0.134
4535,STXS,Healthcare,Medical Instruments & Supplies,NYSE ARCA,73.22,23,25,29,40,1.81,173971323.20373058,97736700.0,0.0461,-49.58,366542,363160,384772,-0.158
4536,OKLO,Utilities,Utilities - Independent Power Producers,NYSE,73.21,23,79,51,96,54.02,10107136461.378918,173990987.0,0.2309,-72.13,16518438,14541349,14389557,
4537,ARKR,Consumer Cyclical,Restaurants,NASDAQ,73.19,22,33,28,18,6.06,22538481.25,3606157.0,0.0075,-42.29,2960,9006,6400,-0.079
4538,VST,Utilities,Utilities - Independent Power Producers,NYSE,73.19,22,27,44,53,138.54,50159262087.481384,337182468.0,0.0461,-36.98,3931230,5282886,4617846,0.434
4539,LOT,Consumer Cyclical,Auto Manufacturers,NASDAQ,73.15,22,38,15,13,1.19,783235666.1226187,647302183.0,0.006,-56.73,72297,153592,131677,-0.398
4540,SEGG,Consumer Cyclical,Gambling,NASDAQ,73.11,22,11,7,1,1.39,24929673.08977592,15108893.0,0.108500004,-90.51,1563486,2736345,3569597,-0.314
4541,CSPI,Technology,Information Technology Services,NASDAQ,73.1,22,22,15,30,8.59,89639434.45789528,10071847.0,0.033099998,-42.73,27132,18594,15890,0.218
4542,LAES,Technology,Semiconductors,NASDAQ,73.09,22,25,29,87,3.04,712876807.4226921,222773999.0,0.085,-65.1,18225989,15478766,15503503,1.182
4543,AVPT,Technology,Software - Infrastructure,NASDAQ,73.09,22,20,17,22,10.72,2277064636.513115,212017196.0,0.0614,-46.27,2191618,2188829,1891565,0.26
4544,GOOS,Consumer Cyclical,Apparel Manufacturing,NYSE,73.06,22,38,37,74,9.82,950053056.8201694,97142442.0,0.0883,-36.34,741064,672844,568064,0.179
4545,CHPT,Consumer Cyclical,Specialty Retail,NYSE,73.04,22,17,8,9,6.4,186980890.38646078,25897631.0,0.1472,-63.22,730106,580045,551903,0.073
4546,SKIL,Consumer Defensive,Education & Training Services,NYSE,73.01,22,21,5,5,5.29,63133294.55804539,8955077.0,0.1469,-75.1,80951,97307,172356,-0.023
4547,NU,Financial Services,Banks - Regional,NYSE,72.98,22,29,47,78,11.62,58195044072.69498,4861741251.0,0.0379,-38.78,74812695,60359135,51774631,0.437
4548,SMCI,Technology,Computer Hardware,NASDAQ,72.96,22,31,28,17,29.27,25043065223.40329,601418482.0,0.18049999,-53.06,67689021,48921293,41727622,1.227
4549,ARHS,Consumer Cyclical,Specialty Retail,NASDAQ,72.94,22,11,21,67,6.7,895948594.3213501,141540064.0,0.0876,-48.38,992932,1432997,1358890,0.009
4550,MAIA,Healthcare,Biotechnology,NYSE ARCA,72.94,22,23,50,15,1.27,82689031.74976182,60800758.0,0.0506,-60.19,1488059,868253,784445,
4551,YQ,Consumer Defensive,Education & Training Services,NASDAQ,72.93,22,28,53,91,2.31,22762750.02624464,9686277.0,0.0005,-64.19,4399,7899,7773,0.064
4552,USPH,Healthcare,Medical Care Facilities,NYSE,72.9,22,17,48,42,62.83,965632173.6610146,15218789.0,0.0728,-32.8,189235,241501,204547,0.079
4553,KLC,Consumer Defensive,Education & Training Services,NYSE,72.88,22,12,3,6,3.89,467791786.69710135,118428299.0,0.14819999,-66.49,705922,1063450,1058010,0.006
4554,STEP,Financial Services,Asset Management,NASDAQ,72.79,22,35,23,61,42.35,3668219730.76672,81679353.0,0.0664,-45.56,1556989,1087216,1053497,0.558
4555,LPA,Real Estate,Real Estate - Development,NYSE ARCA,72.79,22,54,11,4,2.85,90110772.5846901,31617816.0,0.0234,-64.73,16774,19444,19334,0.216
4556,IBP,Consumer Cyclical,Residential Construction,NYSE,72.77,22,22,85,83,195.65,5323753719.543304,26940710.0,0.06,-43.94,462540,542956,449518,-0.035
4557,ENOV,Healthcare,Medical Devices,NYSE,72.74,22,35,22,16,21.97,1368838738.8651028,57562603.0,0.1741,-40.33,1019683,1134834,1002522,0.054
4558,ECC,Financial Services,Asset Management,NYSE,72.67,22,21,13,23,3.83,536767590.5149536,132208768.0,0.0001,-52.1,1003156,999918,1044117,-0.191
4559,MQ,Technology,Software - Infrastructure,NASDAQ,72.66,22,25,25,40,3.83,1645237662.9664183,424030313.0,0.048299998,-45.6,5921481,4704473,3972702,0.192
4560,RAY,Consumer Defensive,Household & Personal Products,NASDAQ,72.66,22,13,77,0,3.3,9135761.061342716,2975818.0,0.02,-94.4,30201,17543,14332,-0.131
4561,OTIS,Industrials,Specialty Industrial Machinery,NYSE,72.57,22,23,35,33,69.66,26990587380.62976,383716076.0,0.039,-31.32,3090274,3690764,3562878,0.064
4562,COYA,Healthcare,Biotechnology,NASDAQ,72.57,22,19,21,43,4.41,103680750.64964104,23457183.0,0.0352,-43.1,160952,160120,158038,-0.026
4563,ACET,Healthcare,Biotechnology,NASDAQ,72.53,22,31,18,9,7.31,67868195.49964142,9348236.0,0.0631,-58.08,96190,102650,120012,
4564,XP,Financial Services,Capital Markets,NASDAQ,72.52,22,40,68,39,14.94,7925831855.038719,516677430.0,0.044099998,-35.41,6238313,6154631,5584574,0.097
4565,SAM,Consumer Defensive,Beverages - Brewers,NYSE,72.52,22,20,62,26,176.85,1715302178.9517212,10413442.0,0.19510001,-33.13,271146,310405,272641,-0.044
4566,WGO,Consumer Cyclical,Recreational Vehicles,NYSE,72.52,22,19,42,68,27.59,782962321.4650841,28265787.0,0.090500005,-45.0,643631,628927,658642,0.06
4567,PMEC,Industrials,Specialty Business Services,NASDAQ,72.51,22,18,15,38,0.78,28390893.253998816,38417987.0,0.0252,-68.03,50624,67231,649626,0.03
4568,CLBT,Technology,Software - Infrastructure,NASDAQ,72.48,22,24,26,49,12.99,3444763977.4391127,249439817.0,0.033299997,-34.98,2428237,2387805,2105059,0.193
4569,AGEN,Healthcare,Biotechnology,NASDAQ,72.45,22,37,45,74,3.07,134505052.92426634,41642431.0,0.1293,-58.17,560163,705067,903418,0.402
4570,WEN,Consumer Cyclical,Restaurants,NASDAQ,72.44,22,30,19,16,6.63,1278125101.6662598,190480640.0,0.3734,-47.0,8587346,12232405,10232437,0.033
4571,IIIV,Technology,Software - Infrastructure,NASDAQ,72.43,22,17,33,36,20.02,384740719.40613556,19549833.0,0.42540002,-41.07,482641,432660,393238,0.062
4572,VZLA,Basic Materials,Other Industrial Metals & Mining,NYSE ARCA,72.43,22,69,46,94,3.2,1174316048.936113,349498835.0,0.1158,-55.49,7078080,6586133,6993342,
4573,FIGR,Financial Services,Capital Markets,NASDAQ,72.43,22,70,45,66,28.07,6299163137.404032,221100849.0,0.0582,-64.01,3364427,3832682,3907351,1.192
4574,RAND,Financial Services,Asset Management,NASDAQ,72.41,22,26,22,62,10.04,30143610.967105865,2969814.0,0.01,-49.8,3824,3831,3372,-0.383
4575,MMS,Industrials,Specialty Business Services,NYSE,72.34,22,20,37,73,61.34,3180793624.122139,52540363.0,0.1167,-38.66,517898,762722,730027,-0.041
4576,ALEC,Healthcare,Biotechnology,NASDAQ,72.29,22,82,85,15,1.52,181526179.6861813,111025187.0,0.0463,-55.29,859437,675022,666211,-0.715
4577,GRO,Basic Materials,Other Industrial Metals & Mining,NYSE ARCA,72.26,22,77,89,13,2.09,134848815.9227693,61294915.0,0.0116,-47.62,439733,689407,668088,
4578,ACFN,Technology,Scientific & Technical Instruments,NASDAQ,72.22,22,27,67,15,15.75,39981631.46749306,2508258.0,0.0093,-52.27,6845,9035,11607,-0.281
4579,PCTY,Technology,Software - Application,NASDAQ,72.2,22,20,15,24,111.64,6075108771.658951,53544058.0,0.0677,-43.55,606868,765882,782349,0.105
4580,IRTC,Healthcare,Medical Devices,NASDAQ,72.2,22,18,24,84,113.94,3552590727.1569214,32862408.0,0.0953,-46.25,576060,595953,508648,0.257
4581,PFSI,Financial Services,Mortgage Finance,NYSE,72.16,22,29,23,77,80.08,4218376734.0765,51924875.0,0.0686,-50.06,580655,567051,539677,-0.166
4582,WB,Communication Services,Internet Content & Information,NASDAQ,72.12,22,30,38,39,7.66,1891678757.5416756,245672572.0,0.184,-40.9,1488039,1297596,1252185,0.062
4583,LSE,Energy,Oil & Gas Equipment & Services,NASDAQ,72.12,22,47,34,16,4.07,67248750.81181526,17025000.0,0.0015,-58.38,52794,20984,17314,-0.31
4584,SSTK,Communication Services,Internet Content & Information,NYSE,72.11,22,26,32,29,13.7,476124662.841444,36738014.0,0.0529,-53.56,1001092,534284,408550,-0.179
4585,VRME,Industrials,Security & Protection Services,NASDAQ,72.08,22,18,80,23,0.68,8872424.194422126,13119066.0,0.009,-54.96,95804,78748,75518,-0.602
4586,GEVO,Basic Materials,Specialty Chemicals,NASDAQ,72.07,22,40,87,84,1.49,396760465.10932434,243411329.0,0.1088,-49.83,2851856,3234915,3873383,0.475
4587,WIT,Technology,Information Technology Services,NYSE,72.06,22,16,23,33,2.1,22029765304.26084,10490364907.0,0.0309,-32.91,12937717,11535705,11501065,0.077
4588,AIHS,Industrials,Rental & Leasing Services,NASDAQ,72.04,22,14,21,3,1.44,5241112.241340995,4557489.0,0.040700004,-91.53,86540,35933,46204,-0.205
4589,FHTX,Healthcare,Biotechnology,NASDAQ,71.99,22,27,67,30,3.85,219002930.1798792,58713922.0,0.0419,-44.6,144414,154044,143154,-0.451
4590,TLSA,Healthcare,Biotechnology,NASDAQ,71.99,22,38,25,65,1.16,157801323.65363765,127259131.0,0.038900003,-55.38,206981,226147,206098,
4591,GFL,Industrials,Waste Management,NYSE,71.97,22,20,36,33,36.59,12818089866.511677,360971289.0,0.0642,-28.97,2951731,2458457,2663462,0.054
4592,QFIN,Financial Services,Credit Services,NASDAQ,71.94,22,11,9,8,14.83,1769054842.0087395,121751884.0,0.0201,-67.89,2023393,1679621,1470812,-0.167
4593,BTBT,Financial Services,Capital Markets,NASDAQ,71.93,22,28,16,15,1.7,572672283.804791,349190420.0,0.1717,-62.64,23963107,26864365,23497585,0.109
4594,GRND,Technology,Software - Application,NYSE,71.9,22,48,24,19,11.58,1937213081.5029202,177725977.0,0.13430001,-51.24,1784372,1715990,1457674,0.383
4595,TEAM,Technology,Software - Application,NASDAQ,71.87,22,14,6,20,91.54,25242289542.915222,253767862.0,0.1249,-58.88,6298392,7597160,7671916,0.317
4596,DLPN,Communication Services,Advertising Agencies,NASDAQ,71.86,22,59,81,81,1.12,14449170.996213555,13017271.0,0.0038,-40.43,27291,32663,31046,0.052
4597,UPST,Financial Services,Credit Services,NASDAQ,71.81,21,13,9,16,30.3,2846462040.1533604,95711569.0,0.3196,-65.29,4634914,4929248,4660272,0.446
4598,XTIA,Industrials,Aerospace & Defense,NASDAQ,71.79,21,72,78,9,1.85,69644795.88828325,38477789.0,0.123500004,-75.1,3681377,2135182,1871571,56.223
4599,MSC,Consumer Cyclical,Resorts & Casinos,NYSE,71.78,21,12,28,17,2.5,437175153.5766721,192588175.0,0.0001,-62.29,8720,7460,6728,0.093
4600,KBR,Industrials,Engineering & Construction,NYSE,71.77,21,15,23,22,34.22,4508651045.039509,126789957.0,0.060399998,-37.07,2038463,2051591,1767548,-0.047
4601,LAB,Healthcare,Medical Devices,NASDAQ,71.74,21,24,21,66,0.88,448923327.5428988,390368119.0,0.0548,-48.84,5862254,3270764,3177276,0.046
4602,MSB,Basic Materials,Steel,NYSE,71.71,21,34,65,86,24.44,322621047.90195465,13120010.0,0.0126,-42.33,46499,62399,57973,-0.476
4603,QSI,Healthcare,Medical Devices,NASDAQ,71.68,21,19,17,17,0.95,228648160.76638627,217760163.0,0.1312,-69.35,7172073,6737621,6121674,-0.694
4604,TREE,Financial Services,Financial Conglomerates,NASDAQ,71.67,21,23,25,54,36.42,500215674.00938416,13953018.0,0.0817,-52.92,182120,287230,245844,0.365
4605,XRAY,Healthcare,Medical Instruments & Supplies,NASDAQ,71.66,21,24,34,18,10.04,2003266830.0,200326683.0,0.1319,-41.25,5969930,5999720,4844282,0.001
4606,PLRX,Healthcare,Biotechnology,NASDAQ,71.64,21,26,40,14,1.16,71208284.87370622,61920249.0,0.056900002,-40.51,538180,475926,508936,
4607,GURE,Basic Materials,Chemicals,NASDAQ,71.64,21,14,27,12,4.28,6635378.52190733,1539531.0,0.0069,-63.82,11115,33218,50803,3.034
4608,BESS,Utilities,Utilities - Renewable,NYSE ARCA,71.59,21,3,5,84,3.61,24983456.82462454,7097573.0,0.005,-78.91,2196733,930494,571340,
4609,KNSL,Financial Services,Insurance - Property & Casualty,NYSE,71.56,21,16,29,25,313.57,7059990039.668579,23062819.0,0.1086,-38.85,288430,321013,297596,0.102
4610,AEYE,Technology,Software - Application,NASDAQ,71.54,21,22,8,31,6.68,83580947.06487894,12493415.0,0.0638,-59.24,98756,123135,148159,0.084
4611,JOBY,Industrials,Airports & Air Services,NYSE,71.54,21,37,39,89,8.86,9393789424.214985,983642852.0,0.1297,-57.71,30336769,31860369,28929965,
4612,SGA,Communication Services,Broadcasting,NASDAQ,71.53,21,30,45,37,8.91,57670284.56544018,6372407.0,0.0027,-37.56,14733,15014,11372,-0.056
4613,EP,Energy,Oil & Gas E&P,NYSE ARCA,71.52,21,19,19,12,2.9,107438952.69744015,39792204.0,0.0001,-54.04,79264,70228,74724,-0.145
4614,CRBP,Healthcare,Biotechnology,NASDAQ,71.52,21,84,66,30,7.7,140070129.13983107,18527795.0,0.0743,-62.55,588292,596264,463178,
4615,VRSK,Industrials,Consulting Services,NASDAQ,71.51,21,20,26,21,183.13,23810598423.414307,131021840.0,0.0651,-42.49,2003983,1995531,1971418,0.039
4616,ALVO,Healthcare,Drug Manufacturers - Specialty & Generic,NASDAQ,71.51,21,9,8,8,4.14,1104650941.7763023,312048292.0,0.0219,-61.58,1027896,613718,530261,-0.202
4617,TEM,Healthcare,Health Information Services,NASDAQ,71.48,21,19,22,69,49.48,8337192186.608818,179564767.0,0.3552,-52.57,8688352,6995650,6341858,0.361
4618,MELI,Consumer Cyclical,Internet Retail,NASDAQ,71.46,21,16,26,26,1588.29,81510931695.04834,50697182.0,0.020499999,-39.96,526470,664663,553644,0.49
4619,BLNK,Industrials,Engineering & Construction,NASDAQ,71.44,21,54,16,13,0.67,98853397.54913896,143682259.0,0.1174,-74.72,2013886,2442555,2315607,0.001
4620,PDCC,Financial Services,Asset Management,NYSE,71.44,21,24,15,31,9.74,68278042.04567528,6834639.0,0.0128,-47.07,15426,14188,12465,
4621,CLRO,Technology,Communication Equipment,NASDAQ,71.4,21,8,19,24,3.89,8454302.149632454,2675412.0,0.0043,-74.77,7775,5281,5581,
4622,TTEK,Industrials,Engineering & Construction,NASDAQ,71.31,21,20,37,37,27.15,7240739003.099184,259524699.0,0.0577,-37.07,3752155,3825708,3323835,-0.049
4623,SMTK,Technology,Semiconductor Equipment & Materials,NASDAQ,71.3,21,5,1,30,0.41,8771501.31641385,21446213.0,0.0269,-89.21,57588057,20162422,12278391,-0.13
4624,PMCB,Healthcare,Biotechnology,NASDAQ,71.3,21,35,14,20,0.7,7514954.172021091,10735649.0,0.0463,-53.64,144679,250149,197135,
4625,PESI,Industrials,Waste Management,NASDAQ,71.29,21,25,83,88,9.45,204113168.18563843,21195552.0,0.0875,-42.73,147205,246445,193663,-0.201
4626,SITE,Industrials,Industrial Distribution,NYSE,71.28,21,25,50,40,104.24,4654579591.667984,44308229.0,0.071100004,-38.16,891243,1028781,858712,0.001
4627,DERM,Healthcare,Drug Manufacturers - Specialty & Generic,NASDAQ,71.22,21,11,67,81,6.07,164381239.81302214,27534547.0,0.2288,-36.47,177072,243514,227328,0.215
4628,AIXC,Technology,Software - Infrastructure,NASDAQ,71.22,21,16,6,23,1.29,23472591.20458424,20234993.0,0.0038,-85.36,45565,46238,49877,
4629,FURY,Basic Materials,Other Industrial Metals & Mining,NYSE ARCA,71.2,21,67,61,77,0.5,98488478.27926934,190132195.0,0.0026,-50.98,328332,329767,343610,
4630,CCLD,Healthcare,Health Information Services,NASDAQ,71.18,21,33,86,76,2.29,99858426.09755659,42492949.0,0.0153,-42.89,344942,632210,592546,0.132
4631,LIF,Technology,Software - Application,NASDAQ,71.16,21,11,15,59,44.85,3676407734.1188164,81031691.0,0.1383,-60.15,768110,794596,865042,0.381
4632,SCWO,Industrials,Pollution & Treatment Controls,NASDAQ,71.14,21,17,23,10,2.4,42339121.014801025,17495504.0,0.0186,-77.98,62633,66364,56824,0.015
4633,APPF,Technology,Software - Application,NASDAQ,71.13,21,16,19,33,168.32,5902753585.344543,35358533.0,0.113400005,-48.37,416201,362797,356770,0.204
4634,STRK,Technology,Software - Application,NASDAQ,71.11,21,33,34,36,66.87,,,0.06,-48.36,222833,159061,145354,0.119
4635,FDP,Consumer Defensive,Farm Products,NYSE,71.1,21,37,78,71,29.08,1404461519.4588432,47576609.0,0.074099995,-33.27,689331,512253,406022,-0.049
4636,BGI,Consumer Cyclical,Luxury Goods,NYSE ARCA,71.09,21,21,18,25,0.62,11952759.96030426,19594688.0,0.0111,-60.51,1407111,477083,300000,0.162
4637,TCPC,Financial Services,Asset Management,NASDAQ,71.09,21,21,11,22,3.73,308762217.6011145,83902775.0,0.0682,-53.72,718517,695145,809507,-0.238
4638,GPRO,Technology,Consumer Electronics,NASDAQ,71.02,21,71,12,80,0.79,155697390.3754276,172997105.0,0.1362,-74.1,7346102,8108714,9038582,-0.262
4639,IMSR,Utilities,Utilities - Regulated Electric,NASDAQ,71.01,21,19,14,15,6.84,803405992.1463614,106411387.0,0.0844,-78.29,3938804,3508734,3048334,
4640,OST,Technology,Electronic Components,NASDAQ,70.98,21,21,12,5,1.7,10108844.712820053,5963920.0,0.0296,-99.28,0,0,0,0.077
4641,DTST,Technology,Information Technology Services,NASDAQ,70.97,21,55,36,78,3.4,7216569.374660492,2167138.0,0.0127,-37.5,20463,38411,42642,0.109
4642,TCOM,Consumer Cyclical,Travel Services,NASDAQ,70.96,21,24,23,50,47.97,30030641172.411476,629705222.0,0.0231,-39.27,2725488,2850439,2762507,0.208
4643,INHD,Basic Materials,Steel,NASDAQ,70.96,21,0,1,0,39.49,4746732.684436321,4520698.0,0.061100002,-99.48,27972270,10962762,6957229,0.949
4644,EXLS,Technology,Information Technology Services,NASDAQ,70.95,21,22,16,34,29.02,4533069574.426413,152782931.0,0.1087,-40.21,2475096,2612468,2402655,0.138
4645,EEIQ,Consumer Defensive,Education & Training Services,NASDAQ,70.93,21,11,4,7,3.45,5763180.5,1646623.0,0.023599999,-87.61,630250,282326,264828,-0.105
4646,OTEX,Technology,Software - Application,NASDAQ,70.9,21,28,20,64,21.68,5610353966.850357,242662360.0,0.0542,-45.66,3185110,2984380,2435098,0.022
4647,BRAG,Consumer Cyclical,Gambling,NASDAQ,70.88,21,23,9,13,1.65,41523773.702222705,25631959.0,6.66,-65.47,19966,52395,36597,0.006
4648,MKC,Consumer Defensive,Packaged Foods,NYSE,70.87,21,14,27,35,49.69,12700152983.044376,268843195.0,0.0,-36.43,4015167,3716545,4314269,0.167
4649,DOYU,Communication Services,Internet Content & Information,NASDAQ,70.86,21,17,17,50,4.91,150894295.0,30178859.0,0.009,-47.43,30741,25947,21794,-0.132
4650,MYPS,Communication Services,Electronic Gaming & Multimedia,NASDAQ,70.86,21,11,9,8,0.56,78520437.70138335,128722026.0,0.0254,-64.56,1261118,896692,682007,-0.069
4651,OZ,Real Estate,Real Estate - Development,NYSE ARCA,70.86,21,28,31,41,46.5,181702317.70733643,3898104.0,0.034,-32.61,7529,6326,11487,1.435
4652,ARBE,Technology,Scientific & Technical Instruments,NASDAQ,70.85,21,12,12,19,0.86,111611269.34661752,122649743.0,0.0733,-70.14,4609123,3663774,2587398,10.525
4653,NKLR,Utilities,Utilities - Regulated Electric,NASDAQ,70.85,21,30,8,5,4.93,393685302.09557915,70300948.0,2.72,-77.49,293264,365991,488084,
4654,RMSG,Technology,Software - Application,NASDAQ,70.83,21,72,2,18,0.68,20300111.78605807,11092957.0,0.0925,-87.55,26147436,9975362,17856751,
4655,MLTX,Healthcare,Biotechnology,NASDAQ,70.8,21,35,16,3,17.49,1317715560.317955,73615396.0,0.1088,-72.13,793300,897150,1045802,
4656,PATK,Consumer Cyclical,Recreational Vehicles,NASDAQ,70.78,20,24,72,77,83.65,2799871232.1039352,32893223.0,0.0951,-43.67,363224,494494,532682,-0.006
4657,RMD,Healthcare,Medical Instruments & Supplies,NYSE,70.74,20,20,37,43,193.57,28436852545.470703,145056384.0,0.1078,-34.12,1692934,1577821,1345636,0.108
4658,FTCI,Technology,Solar,NASDAQ,70.7,20,14,33,97,4.29,76025146.5,16005294.0,0.0943,-66.35,90140,185446,169278,-0.17
4659,QNTM,Healthcare,Biotechnology,NASDAQ,70.7,20,23,2,31,3.93,27258237.684534073,6398647.0,0.0382,-89.73,413623,438257,446086,
4660,DCBO,Technology,Software - Application,NASDAQ,70.67,20,18,23,14,18.14,436835400.47148895,25382651.0,3.99,-45.72,125381,190387,164386,0.145
4661,WVVI,Consumer Defensive,Beverages - Wineries & Distilleries,NASDAQ,70.67,20,22,15,11,2.68,13345140.73241949,4979530.0,0.00059999997,-62.67,2925,2958,3053,0.095
4662,BCIC,Financial Services,Asset Management,NASDAQ,70.66,20,16,16,37,7.61,91593360.58040857,12377481.0,0.0061000003,-43.63,69088,79366,85725,0.452
4663,AVNW,Technology,Communication Equipment,NASDAQ,70.66,20,12,74,40,18.35,233427924.3664322,12939463.0,0.0631,-32.09,153827,236095,235305,-0.112
4664,DLB,Industrials,Specialty Business Services,NYSE,70.65,20,21,30,28,52.89,5087486509.223785,94598115.0,0.1017,-31.31,738588,882486,735873,0.071
4665,YALA,Technology,Software - Application,NYSE,70.63,20,31,50,75,5.39,803175335.4381838,151828987.0,0.0339,-41.98,359445,343178,321119,-0.058
4666,TUYA,Technology,Software - Infrastructure,NYSE,70.62,20,56,39,26,1.92,1195554153.2851093,613104679.0,0.0081,-34.8,907176,878215,839749,0.083
4667,SIGA,Healthcare,Drug Manufacturers - Specialty & Generic,NASDAQ,70.62,20,17,29,35,4.36,308413630.78028584,71724097.0,0.0714,-54.68,382210,491426,570308,-0.113
4668,PTC,Technology,Software - Application,NASDAQ,70.59,20,24,33,34,135.08,15824293367.0,115505791.0,0.0577,-38.51,1740511,1589223,1389856,0.217
4669,POLA,Industrials,Electrical Equipment & Parts,NASDAQ,70.58,20,28,26,26,1.69,6843498.902642369,3640159.0,0.0592,-70.61,117697,167202,929621,0.003
4670,BULL,Technology,Software - Application,NASDAQ,70.57,20,20,8,16,6.12,2978184473.28182,531818665.0,0.0425,-66.59,14388481,13440133,14030100,0.363
4671,ROOT,Financial Services,Insurance - Property & Casualty,NASDAQ,70.57,20,17,6,17,53.96,847339902.3294067,15826296.0,0.1409,-66.89,247444,290011,296152,0.126
4672,GIB,Technology,Information Technology Services,NYSE,70.53,20,17,21,29,66.85,14089780304.680298,209420044.0,9.23,-39.27,418881,518153,494240,0.033
4673,PBK,Utilities,Utilities - Renewable,NASDAQ,70.51,20,4,5,13,0.81,43247201.00612593,46956787.0,0.0114,-68.24,5169422,2537900,1739626,
4674,HDSN,Basic Materials,Specialty Chemicals,NASDAQ,70.5,20,11,24,42,5.45,225488709.29678917,42068788.0,0.0369,-48.19,412317,539352,429491,0.087
4675,LUXE,Consumer Cyclical,Luxury Goods,NYSE,70.48,20,31,37,64,7.05,1026716830.4580574,137261608.0,0.22680001,-38.05,239525,306245,263219,1.55
4676,POOL,Industrials,Industrial Distribution,NASDAQ,70.45,20,12,21,17,189.89,6760906072.261307,36443003.0,0.1216,-44.96,948227,942555,857245,0.062
4677,RKT,Financial Services,Mortgage Finance,NYSE,70.44,20,31,32,75,12.54,35792284903.95822,2829429722.0,0.074200004,-48.52,23275131,23508237,24354056,1.671
4678,ROP,Technology,Software - Application,NASDAQ,70.42,20,19,18,23,334.1,33522727573.479187,100917359.0,0.0461,-42.05,1031126,1083938,1125241,0.113
4679,VYX,Technology,Information Technology Services,NYSE,70.39,20,15,14,21,6.98,952247558.2222939,137807175.0,0.3335,-52.42,2316765,2356648,2248507,-0.01
4680,ADSK,Technology,Software - Application,NASDAQ,70.36,20,29,30,39,221.28,48554963337.56117,211145251.0,0.0313,-32.76,3040052,2251687,2116084,0.184
4681,CPRT,Industrials,Specialty Business Services,NASDAQ,70.33,20,17,22,19,31.36,28663122635.114273,925811482.0,0.045900002,-38.4,10905829,9499583,8831321,0.021
4682,INCR,Healthcare,Drug Manufacturers - Specialty & Generic,NASDAQ,70.32,20,13,9,42,0.85,55774960.657036304,54681335.0,0.0007,-51.98,53700,32033,35816,0.239
4683,YMM,Technology,Software - Application,NYSE,70.28,20,21,19,28,8.34,8984231286.050789,1045894194.0,0.0175,-40.72,17922822,11165647,8806096,0.055
4684,PZZA,Consumer Cyclical,Restaurants,NASDAQ,70.27,20,29,26,30,31.73,1050232289.3902245,32902014.0,0.2476,-43.07,1112593,1254931,1057880,-0.077
4685,CIGI,Real Estate,Real Estate Services,NASDAQ,70.25,20,14,23,50,98.85,4965247435.507782,51103821.0,2.16,-42.36,172723,303787,256338,0.151
4686,NFLX,Communication Services,Entertainment,NASDAQ,70.21,20,30,36,26,82.0,346043424316.0737,4210798528.0,0.0234,-38.86,37567604,34310951,37838816,0.162
4687,EFX,Industrials,Consulting Services,NYSE,70.2,20,18,24,25,166.06,20764833770.64612,120634597.0,0.0571,-39.81,1571207,1558652,1667943,0.143
4688,MRT,Technology,Software - Application,NYSE ARCA,70.2,20,25,26,31,1.81,154698821.50188065,85943792.0,0.0023999999,-42.54,40983,30171,25416,1.561
4689,RDACU,Financial Services,Shell Companies,NASDAQ,70.2,20,36,25,61,7.6,,,0.61,-61.67,60,1023,626,
4690,ONMD,Healthcare,Health Information Services,NASDAQ,70.19,20,92,70,97,0.6,36851415.78627974,54433407.0,0.020399999,-85.78,315494,315691,562672,-0.299
4691,EXPO,Industrials,Engineering & Construction,NASDAQ,70.15,20,21,34,39,55.37,2894203778.737713,48511629.0,0.0842,-32.43,634952,566727,523084,0.105
4692,PMVP,Healthcare,Biotechnology,NASDAQ,70.15,20,77,84,33,1.06,59731578.17430568,53331766.0,0.0598,-43.62,301687,353805,382821,
4693,MYGN,Healthcare,Diagnostics & Research,NASDAQ,70.09,20,20,15,26,4.43,431628335.9131098,94448210.0,0.0904,-48.43,2064669,1923023,1552391,-0.208
4694,HURN,Industrials,Consulting Services,NASDAQ,70.07,20,20,27,83,109.44,1783301190.0,16211829.0,0.0394,-41.41,237291,260840,247404,0.121
4695,OWL,Financial Services,Asset Management,NYSE,70.04,20,13,9,21,9.47,6622863776.299081,675802413.0,0.2376,-55.08,26901834,28638854,28793192,0.103
4696,BNTC,Healthcare,Biotechnology,NASDAQ,70.03,20,36,32,28,10.39,362438230.2525692,34354334.0,0.116000004,-39.42,74573,85297,95174,
4697,NAVI,Financial Services,Credit Services,NASDAQ,70.02,20,18,15,41,7.9,734057341.3918824,93989417.0,0.2288,-50.84,1525283,1223041,1088516,-0.008
4698,OKYO,Healthcare,Biotechnology,NASDAQ,69.98,20,21,27,74,1.49,85016396.5902406,52479257.0,0.0038,-55.51,48333,49801,65536,
4699,AEON,Healthcare,Biotechnology,NYSE ARCA,69.95,20,68,88,64,0.71,18993806.417265534,26307211.0,0.0166,-51.03,29142,60987,91400,
4700,EEFT,Technology,Software - Infrastructure,NASDAQ,69.93,20,27,24,19,64.01,2541131692.222824,38075094.0,0.1309,-43.97,730886,716532,701313,0.105
4701,APPN,Technology,Software - Infrastructure,NASDAQ,69.92,20,16,24,68,23.44,1815481693.9945984,73412120.0,0.1523,-49.11,1243890,1113766,993318,0.215
4702,CMCO,Industrials,Farm & Heavy Construction Machinery,NASDAQ,69.86,20,26,31,40,12.12,370163037.3689594,28739366.0,0.0563,-50.33,717504,448711,417356,0.773
4703,G,Technology,Information Technology Services,NYSE,69.86,20,19,28,65,32.19,5529302175.147514,169506510.0,0.122600004,-33.82,2841815,3249848,2949723,0.067
4704,ITRI,Technology,Scientific & Technical Instruments,NASDAQ,69.83,20,18,29,21,79.68,3550251500.758705,44339347.0,0.1933,-43.89,633884,713078,798414,-0.033
4705,NNE,Industrials,Specialty Industrial Machinery,NASDAQ,69.8,20,32,15,39,22.11,1227991347.1639156,52121875.0,0.2177,-63.68,3581085,2960765,2618121,
4706,MLGO,Technology,Software - Infrastructure,NASDAQ,69.77,20,9,4,3,4.91,51315724.73607874,10941519.0,0.1611,-86.8,222256,864705,600555,-0.068
4707,AHT,Real Estate,REIT - Hotel & Motel,NYSE,69.76,20,13,11,8,3.06,19494237.84823537,6476491.0,0.0005,-59.47,22712,20214,22272,-0.034
4708,ODYS,Technology,Scientific & Technical Instruments,NASDAQ,69.72,20,56,90,11,3.6,66941514.94000101,16777322.0,0.0307,-68.14,76578,1428892,866327,-0.96
4709,ILLR,Technology,Software - Application,NASDAQ,69.7,20,7,3,13,0.26,43245270.39342271,197466991.0,0.006,-84.97,3506340,4068736,2980268,0.052
4710,NRG,Utilities,Utilities - Independent Power Producers,NYSE,69.67,20,27,66,81,120.65,27259451280.12039,210986470.0,0.0257,-36.49,2392579,2711856,2683973,0.195
4711,VYGR,Healthcare,Biotechnology,NASDAQ,69.66,20,68,64,56,3.32,201202881.10022163,60421287.0,0.0675,-40.18,500137,548095,545431,-0.599
4712,JBI,Industrials,Building Products & Equipment,NYSE,69.65,20,12,16,18,5.15,695601527.8926015,136392459.0,0.0377,-52.31,1827912,1900277,1665514,0.058
4713,CCIF,Financial Services,Asset Management,NYSE,69.58,20,19,14,21,3.07,65079768.124839306,21198622.0,0.0252,-53.41,99274,122448,115930,
4714,ITOC,Healthcare,Medical Devices,NASDAQ,69.57,20,6,4,2,0.43,4774000.020325184,17050000.0,0.032,-98.66,3963840,1374800,1851258,0.916
4715,CAG,Consumer Defensive,Packaged Foods,NYSE,69.53,19,17,28,24,13.34,6224467509.065575,478437156.0,0.12100001,-40.92,15016035,14536188,14804749,-0.019
4716,CEG,Utilities,Utilities - Independent Power Producers,NASDAQ,69.46,19,37,54,85,242.3,91000307645.98332,357102017.0,0.0325,-41.29,4732513,3876044,3495940,0.638
4717,CCB,Financial Services,Banks - Regional,NASDAQ,69.45,19,18,24,79,71.32,1071076241.3450317,15248808.0,0.1075,-40.59,98082,155690,147726,0.17
4718,ATHM,Communication Services,Internet Content & Information,NYSE,69.44,19,19,18,22,17.46,1903775237.9115887,115170911.0,0.0232,-41.64,754305,627951,585379,-0.279
4719,AIFA,Technology,Software - Infrastructure,NASDAQ,69.42,19,25,6,3,0.35,12807762.801297933,37016657.0,0.0955,-90.64,587934,1676951,15937194,0.02
4720,KPLT,Technology,Software - Infrastructure,NASDAQ,69.36,19,27,19,9,6.37,29305107.154431343,4765058.0,0.111999996,-73.83,18361,17843,16680,0.098
4721,BWIN,Financial Services,Insurance Brokers,NASDAQ,69.31,19,26,18,10,19.37,1938100203.7031746,97489954.0,0.1491,-57.11,1599750,1452180,1416192,0.287
4722,CLIR,Industrials,Pollution & Treatment Controls,NASDAQ,69.29,19,17,16,32,4.19,24390227.574218273,6190413.0,0.0058,-62.59,21766,19032,37035,-0.524
4723,GIS,Consumer Defensive,Packaged Foods,NYSE,69.25,19,15,24,27,33.82,17691533191.032913,533681218.0,0.1126,-38.72,11261189,10112473,9316253,0.022
4724,NPWR,Industrials,Specialty Industrial Machinery,NYSE,69.23,19,55,15,21,1.67,146717106.70987236,88383801.0,0.041100003,-67.88,827645,954085,790661,
4725,QRHC,Industrials,Waste Management,NASDAQ,69.22,19,9,9,38,1.35,26552626.17902732,21073513.0,0.0084,-43.98,50173,38967,38704,-0.098
4726,TOUR,Consumer Cyclical,Travel Services,NASDAQ,69.21,19,37,23,16,5.1,57577914.172097206,10863757.0,1.41,-49.5,13859,21139,27138,0.203
4727,RDIB,Communication Services,Entertainment,NASDAQ,69.21,19,19,58,78,8.5,195368444.66594696,22717260.0,0.0164,-51.15,529,1497,1966,0.123
4728,EXOZ,Healthcare,Biotechnology,NASDAQ,69.19,19,27,9,28,7.72,79193786.5737915,8478992.0,0.0029,-58.04,6464,4541,5416,
4729,EVTC,Technology,Software - Infrastructure,NYSE,69.15,19,22,34,23,23.94,1376598494.3625183,61620344.0,0.048299998,-37.03,686204,697878,536500,0.084
4730,HFFG,Consumer Defensive,Food Distribution,NASDAQ,69.12,19,36,21,18,1.91,99999030.04499066,53475417.0,0.024600001,-50.65,103054,139208,147000,0.045
4731,TTAN,Technology,Software - Application,NASDAQ,69.1,19,15,17,42,71.39,7383040710.950722,95388121.0,0.1441,-40.5,2307979,1494173,1312785,0.246
4732,PLAG,Industrials,Conglomerates,NYSE ARCA,69.09,19,27,80,84,1.75,23056998.367866874,14232715.0,0.0087,-61.02,3984,38488,57132,-0.444
4733,NMTC,Healthcare,Medical Devices,NASDAQ,69.07,19,39,45,24,3.32,29652373.93323326,8619876.0,0.0054,-52.3,26305,33078,40874,0.725
4734,RWAY,Financial Services,Asset Management,NASDAQ,69.06,19,18,20,32,6.05,261581596.8804245,42464546.0,0.1181,-46.95,539832,658190,697894,-0.168
4735,NEPH,Healthcare,Medical Instruments & Supplies,NASDAQ,69.04,19,27,31,96,3.2,37129388.14828873,10856546.0,0.0032,-50.16,12586,28668,26213,0.069
4736,JCTC,Basic Materials,Lumber & Wood Production,NASDAQ,69.03,19,20,11,9,1.84,7005024.903570414,3520113.0,0.00090000004,-54.23,41598,37406,28311,0.164
4737,SONM,Technology,Software - Infrastructure,NASDAQ,69.02,19,7,7,2,4.86,7070208.75,1488465.0,0.050100002,-87.38,23454,22371,25770,
4738,CMCL,Basic Materials,Gold,NYSE ARCA,69.02,19,61,83,88,18.75,385294923.334671,19313028.0,0.0881,-51.61,243623,212161,183510,0.139
4739,AVAV,Industrials,Aerospace & Defense,NASDAQ,69.02,19,15,62,80,172.93,9408494707.659348,50605071.0,0.12109999,-58.62,1565087,1265012,1196483,1.434
4740,STLA,Consumer Cyclical,Auto Manufacturers,NYSE,69.02,19,23,13,67,6.57,20601280596.00902,2897507765.0,0.027,-46.24,15191007,18228095,19360485,0.065
4741,FLYX,Industrials,Airlines,NYSE ARCA,68.99,19,19,18,47,2.25,115260750.0,46104300.0,0.0004,-74.66,347623,406894,628360,0.093
4742,GDYN,Technology,Information Technology Services,NASDAQ,68.98,19,23,12,27,6.13,547750669.650404,83626054.0,0.13239999,-52.33,2199009,2480773,1966769,0.037
4743,PSFE,Technology,Software - Infrastructure,NYSE,68.92,19,30,14,8,6.87,356566847.52824116,51676354.0,0.1141,-54.26,290604,336458,349550,0.104
4744,HSAI,Consumer Cyclical,Auto Parts,NASDAQ,68.91,19,34,72,69,17.53,2905559445.4230022,157142211.0,0.0416,-43.18,1983044,1776668,1793508,0.296
4745,GPK,Consumer Cyclical,Packaging & Containers,NYSE,68.87,19,11,9,14,10.33,3118653047.692792,295887387.0,0.1739,-56.52,8072100,7993043,7163118,0.017
4746,FWRG,Consumer Cyclical,Restaurants,NASDAQ,68.85,19,13,20,40,10.98,627544948.1125259,61644885.0,0.0845,-43.78,1284973,1404391,1407436,0.173
4747,SMRT,Technology,Software - Application,NYSE,68.82,19,27,80,90,1.09,212121880.49761784,192838069.0,0.01,-50.45,1480927,1418055,1108689,-0.064
4748,OXSQ,Financial Services,Asset Management,NASDAQ,68.8,19,35,36,29,1.33,116908858.75,93527087.0,0.0641,-45.04,1509321,2888320,2175406,-0.12
4749,TCX,Technology,Software - Infrastructure,NASDAQ,68.75,19,19,26,81,13.47,152074723.54776478,11149173.0,0.0838,-46.48,29158,24102,25461,0.022
4750,AIFF,Technology,Software - Application,NASDAQ,68.74,19,84,59,5,1.6,24603413.0682683,15571780.0,0.0684,-57.56,519663,359791,720112,10.279
4751,ARCT,Healthcare,Biotechnology,NASDAQ,68.73,19,29,13,6,6.89,207488409.12127018,28423069.0,0.2877,-71.49,404503,435677,429284,-0.93
4752,SAMG,Financial Services,Asset Management,NASDAQ,68.69,19,27,38,37,11.14,85575488.57734394,7681821.0,0.0202,-34.43,37618,35412,34861,0.0
4753,OFS,Financial Services,Asset Management,NASDAQ,68.67,19,15,8,11,3.53,45553469.87774038,13398079.0,0.0308,-62.08,68040,59643,66052,-0.135
4754,ATNM,Healthcare,Biotechnology,NYSE ARCA,68.65,19,42,22,62,1.05,33884994.86646867,31374994.0,0.0336,-46.02,163519,125203,191805,
4755,VWAV,Industrials,Aerospace & Defense,NASDAQ,68.64,19,30,85,94,4.98,133031683.66921043,25387727.0,0.0504,-68.48,577817,537785,601925,
4756,JACK,Consumer Cyclical,Restaurants,NASDAQ,68.59,19,14,12,28,12.37,215913327.29919434,19073616.0,0.3157,-51.18,709083,832847,840024,-0.043
4757,DFH,Consumer Cyclical,Residential Construction,NYSE,68.59,19,10,17,16,14.43,1336417342.1179962,91535432.0,0.4202,-54.18,562840,813880,715492,-0.103
4758,MTR,Energy,Oil & Gas E&P,NYSE,68.57,19,27,39,17,3.85,7137549.557819366,1863590.0,0.0019,-63.05,5625,7031,6921,0.588
4759,IVA,Healthcare,Biotechnology,NASDAQ,68.54,19,81,91,84,3.78,842060177.5590191,208947924.0,0.0031,-52.65,936185,473511,476251,-0.899
4760,HHS,Industrials,Conglomerates,NASDAQ,68.51,19,28,21,18,2.46,18845453.51696968,7419470.0,0.0068,-54.36,3923,3977,10318,-0.103
4761,DUOL,Technology,Software - Application,NASDAQ,68.49,19,10,5,9,121.92,5080047489.633636,46593117.0,0.2226,-76.07,1562219,1836109,1793813,0.265
4762,LCFY,Communication Services,Internet Content & Information,NASDAQ,68.44,19,68,65,17,3.31,6494588.36127162,1799055.0,0.0138,-76.32,14946,13682,12173,-0.312
4763,SBC,Industrials,Consulting Services,NASDAQ,68.42,19,22,31,32,3.02,308756597.45175004,102576943.0,0.0146,-47.48,135457,135655,137239,-0.09
4764,BILI,Communication Services,Internet Content & Information,NASDAQ,68.41,19,24,67,62,18.08,7277181006.795891,416791603.0,0.0523,-50.33,3023574,3755694,3073786,0.067
4765,MDWD,Healthcare,Biotechnology,NASDAQ,68.4,19,30,36,58,13.86,182244979.82219696,12852255.0,0.1347,-36.97,133930,98806,97164,-0.627
4766,PLBY,Consumer Cyclical,Leisure,NASDAQ,68.39,19,28,71,76,1.37,150757173.77025962,115967061.0,0.0341,-50.18,654045,985115,910947,0.047
4767,SVC,Real Estate,REIT - Hotel & Motel,NASDAQ,68.37,19,17,39,15,1.66,1016114962.7173561,647206961.0,0.0185,-46.1,8087768,8645819,13560671,-0.163
4768,MNDO,Technology,Software - Application,NASDAQ,68.34,19,23,34,24,0.95,19175907.45937407,20185166.0,0.0002,-37.5,44008,48869,43593,0.018
4769,WDAY,Technology,Software - Application,NASDAQ,68.31,19,11,11,27,137.47,35633333248.6387,246973479.0,0.1519,-46.53,5603203,5235324,5156344,0.135
4770,FTEK,Industrials,Pollution & Treatment Controls,NASDAQ,68.3,19,39,21,36,1.3,42384739.08582246,31165249.0,0.0038,-64.38,172658,223762,207197,-0.047
4771,YI,Healthcare,Medical Distribution,NASDAQ,68.24,19,34,83,79,4.36,42049489.7656765,8796964.0,0.0028,-60.97,30357,21255,16887,-0.267
4772,ASAN,Technology,Software - Application,NYSE,68.22,19,8,8,33,7.58,1807197078.8530083,230509827.0,0.3437,-51.75,8603243,7024687,7069020,0.095
4773,SPT,Technology,Software - Application,NASDAQ,68.21,19,11,5,9,7.07,434563040.88642216,60105538.0,0.1058,-68.7,1419812,1504420,1475364,0.112
4774,DASH,Consumer Cyclical,Internet Retail,NASDAQ,68.19,18,20,22,57,151.0,68320696939.308014,435718722.0,0.036199998,-47.11,4521816,5101428,4650349,0.331
4775,RYAN,Financial Services,Insurance - Specialty,NYSE,68.16,18,10,13,26,34.67,4215482685.957428,129468136.0,0.1176,-50.11,2567261,2919940,2534304,0.158
4776,WRD,Technology,Software - Application,NASDAQ,68.15,18,31,15,18,6.1,2178267948.3248754,330040603.0,0.0399,-51.39,3240484,2883778,2864692,0.576
4777,GERN,Healthcare,Biotechnology,NASDAQ,68.14,18,47,74,21,1.1,750579512.0489066,641520974.0,0.1094,-45.27,11225823,13482887,15631040,0.309
4778,EPOW,Industrials,Electrical Equipment & Parts,NASDAQ,68.12,18,21,23,66,0.63,23973406.433299184,38729250.0,0.0038,-66.13,131150,436830,285236,-0.568
4779,FND,Consumer Cyclical,Home Improvement Retail,NYSE,68.09,18,13,25,15,49.34,5124743635.006142,108094150.0,0.1197,-46.6,2495245,3209055,3096515,-0.007
4780,IDN,Technology,Software - Application,NASDAQ,68.08,18,92,66,93,4.07,83435028.20243168,20251221.0,0.0405,-55.18,435759,597726,551289,0.129
4781,ACB,Healthcare,Drug Manufacturers - Specialty & Generic,NASDAQ,68.08,18,21,15,74,3.29,199847928.28650284,59126604.0,4.89,-50.64,679815,684341,1034879,0.068
4782,SEED,Basic Materials,Agricultural Inputs,NASDAQ,68.06,18,38,40,48,1.0,12129600.0,12129600.0,0.0047,-59.84,38577,26565,27935,-0.319
4783,UTZ,Consumer Defensive,Packaged Foods,NYSE,67.99,18,12,15,19,7.09,625957036.4683938,88537061.0,0.1153,-51.67,1612500,2013340,1925782,0.026
4784,CNDT,Technology,Information Technology Services,NASDAQ,67.99,18,25,8,12,1.35,237298120.98264456,155096814.0,0.035,-54.7,1233602,1416354,1287964,-0.037
4785,XZO,Financial Services,Insurance - Diversified,NYSE,67.98,18,18,22,31,13.36,1201941668.87784,90918430.0,0.0388,-45.69,250961,254053,217370,0.099
4786,CPHI,Healthcare,Drug Manufacturers - Specialty & Generic,NYSE ARCA,67.97,18,29,4,15,0.77,29175842.599343777,40522002.0,0.00029999999,-62.44,54115,558361,346065,0.081
4787,XRTX,Healthcare,Biotechnology,NASDAQ,67.95,18,22,10,11,2.28,3824548.7160158157,1730565.0,0.0354,-67.66,20871,32577,1553166,
4788,CBAT,Industrials,Electrical Equipment & Parts,NASDAQ,67.95,18,27,68,42,0.74,63825004.45617771,88645836.0,0.0026,-40.8,134190,120293,101048,0.993
4789,HNI,Consumer Cyclical,"Furnishings, Fixtures & Appliances",NYSE,67.93,18,14,36,28,31.83,2241859111.179016,71992908.0,0.0396,-40.27,635967,729489,676603,1.247
4790,AXON,Industrials,Aerospace & Defense,NASDAQ,67.91,18,15,23,20,447.59,39182281277.67517,80602077.0,0.0494,-49.48,1283272,1259840,1212998,0.337
4791,IDAI,Technology,Software - Application,NASDAQ,67.89,18,17,36,99,2.06,12207921.893837929,5599964.0,0.0345,-60.98,43973,57824,48866,0.387
4792,CWH,Consumer Cyclical,Auto & Truck Dealerships,NYSE,67.86,18,6,7,9,7.22,407161805.74765015,63519784.0,0.1975,-63.24,2264745,2757015,2978001,-0.042
4793,ZLAB,Healthcare,Biotechnology,NASDAQ,67.81,18,24,20,7,17.26,1867337834.2519493,112354858.0,0.0471,-61.07,1112906,860685,861371,-0.065
4794,KG,Financial Services,Insurance - Reinsurance,NASDAQ,67.78,18,13,18,6,11.14,93340680.28770447,7824030.0,0.0475,-68.5,5163,7574,10358,11.12
4795,UHS,Healthcare,Medical Care Facilities,NYSE,67.78,18,23,50,78,144.82,8788061963.82463,60536351.0,0.070700005,-41.21,1539905,1194605,978775,0.096
4796,DOX,Technology,Software - Infrastructure,NASDAQ,67.77,18,21,25,32,56.97,6379394776.199341,106164000.0,0.0739,-40.29,1301650,1137863,1048054,0.039
4797,SMMT,Healthcare,Biotechnology,NASDAQ,67.74,18,43,30,28,13.05,11463922621.949062,776162645.0,0.2211,-57.88,7656210,5575953,4897580,
4798,JKHY,Technology,Information Technology Services,NASDAQ,67.74,18,28,40,68,127.59,9244417029.165955,71050780.0,0.0921,-34.02,2116815,1611885,1305943,0.087
4799,BRO,Financial Services,Insurance Brokers,NYSE,67.73,18,14,20,20,60.18,19950470128.137344,338947841.0,0.062800005,-45.83,3255909,3509093,3122083,0.357
4800,LEXX,Healthcare,Biotechnology,NASDAQ,67.73,18,15,11,11,0.66,15789603.70479834,24787446.0,0.016,-57.42,84048,144266,169567,-0.885
4801,CINT,Technology,Software - Infrastructure,NYSE,67.72,18,17,59,20,3.97,508988712.82312584,128532502.0,0.0054,-35.02,288998,178119,142169,0.232
4802,VNT,Technology,Scientific & Technical Instruments,NYSE,67.72,18,17,45,38,28.32,3963519946.2890625,140800000.0,0.0766,-41.24,1835523,2227794,1697648,0.013
4803,OLED,Technology,Electronic Components,NASDAQ,67.7,18,14,19,20,87.57,4025719252.5444794,46750891.0,0.0713,-46.35,711187,1048539,887437,-0.145
4804,YTRA,Consumer Cyclical,Travel Services,NASDAQ,67.7,18,22,24,88,0.89,54989746.102431536,62135307.0,0.0002,-55.5,350528,137026,99617,-0.137
4805,CXM,Technology,Software - Application,NYSE,67.67,18,17,18,35,5.35,1258752380.5956087,233968839.0,0.2031,-43.09,3684875,3636338,4130341,0.068
4806,BSY,Technology,Software - Application,NASDAQ,67.65,18,20,30,23,32.45,10004024567.531387,303796674.0,0.105100006,-45.23,2589388,2641046,2402039,0.145
4807,ABT,Healthcare,Medical Devices,NYSE,67.64,18,14,30,45,89.17,158626923403.22083,1741813154.0,0.0149,-35.88,12793040,12596706,12464644,0.078
4808,BTBD,Consumer Cyclical,Restaurants,NASDAQ,67.64,18,22,43,55,1.14,7050585.2715268135,6184724.0,0.0138,-79.64,58053,176507,1019798,-0.12
4809,NRDY,Technology,Software - Application,NYSE,67.63,18,18,14,20,0.9,104135647.63252366,126378213.0,0.128,-52.63,474250,435550,440098,0.024
4810,TGLS,Basic Materials,Building Materials,NYSE,67.6,18,11,17,15,42.13,1878849889.904663,44364816.0,0.1114,-53.01,236939,324316,323631,0.12
4811,BCG,Financial Services,Asset Management,NASDAQ,67.59,18,49,54,54,1.56,26055702.24843049,16810131.0,0.0025,-54.65,29659,81283,769589,-0.004
4812,ZVIA,Consumer Defensive,Beverages - Non-Alcoholic,NYSE,67.55,18,10,8,45,1.38,101203087.41424286,71775241.0,0.036199998,-62.3,868005,1073341,774695,0.212
4813,EQS,Financial Services,Asset Management,NYSE,67.54,18,52,76,78,1.28,19134373.586598396,13966696.0,0.0011,-48.59,10960,11370,9804,-0.068
4814,BMI,Technology,Scientific & Technical Instruments,NYSE,67.5,18,11,23,31,128.43,3692850136.4730835,29185570.0,0.2057,-48.94,385588,492306,625435,-0.09
4815,ROCK,Industrials,Building Products & Equipment,NASDAQ,67.44,18,12,20,21,37.49,1096601181.6383972,29661919.0,0.0678,-50.07,357923,379271,355152,0.446
4816,DPZ,Consumer Cyclical,Restaurants,NASDAQ,67.42,18,18,34,41,314.77,10443894236.47705,33261870.0,0.1176,-36.54,684075,817745,893281,0.035
4817,AUST,Basic Materials,Gold,NYSE ARCA,67.4,18,27,29,73,1.22,17527040.8882401,13693001.0,0.0397,-68.88,147115,112485,101063,
4818,CTSH,Technology,Information Technology Services,NASDAQ,67.39,18,13,24,68,51.81,25168329566.955566,473000000.0,0.100200005,-40.47,8944865,8608841,7437401,0.058
4819,QCLS,Technology,Computer Hardware,NASDAQ,67.37,18,19,13,11,3.71,29136221.88958454,7853429.0,1.1936,-88.96,413425,555278,481275,
4820,ISPR,Consumer Defensive,Tobacco,NASDAQ,67.37,18,12,12,24,1.71,97578975.93701649,57399396.0,0.0454,-55.81,84926,116775,95429,-0.287
4821,PPC,Consumer Defensive,Packaged Foods,NASDAQ,67.36,18,13,32,32,29.5,7109107397.407961,237921941.0,0.0228,-41.65,1496572,1558657,1350498,0.016
4822,BZ,Communication Services,Internet Content & Information,NASDAQ,67.35,18,17,19,55,13.24,6322262189.900266,450624541.0,0.0477,-47.59,3821842,3956640,3860526,0.076
4823,PDD,Consumer Cyclical,Internet Retail,NASDAQ,67.32,18,24,35,33,81.82,121088336587.95387,1423396462.0,0.0369,-41.31,13321437,10172139,8822901,0.11
4824,JANX,Healthcare,Biotechnology,NASDAQ,67.31,18,19,16,7,13.15,814750948.5026836,60984354.0,0.16440001,-62.79,736163,898547,943312,
4825,SAP,Technology,Software - Application,NYSE,67.3,18,15,21,30,170.3,217831324999.32217,1178932294.0,0.0098,-45.64,3638384,3491054,3618472,0.06
4826,NEUP,Healthcare,Biotechnology,NASDAQ,67.3,18,51,29,12,4.42,24266432.752996445,5404551.0,0.0036000002,-79.35,68499,52916,49521,
4827,TONX,Technology,Software - Application,NASDAQ,67.3,18,66,26,5,3.11,175810212.93970227,56530617.0,0.0656,-89.55,292777,496669,423001,3.025
4828,OFIX,Healthcare,Medical Devices,NASDAQ,67.29,18,30,27,60,9.73,415938797.53803635,40421652.0,0.0363,-42.73,463346,471412,376921,0.016
4829,INFY,Technology,Information Technology Services,NYSE,67.26,18,16,21,37,11.76,50202700381.17976,4048604994.0,0.041100003,-60.8,19141375,16800085,17039709,0.066
4830,KLRS,Healthcare,Biotechnology,NASDAQ,67.19,18,58,93,94,4.16,105637715.68140507,23792278.0,0.096599996,-64.98,78609,91949,88753,
4831,NXB,Consumer Cyclical,Auto & Truck Dealerships,NYSE ARCA,67.18,18,18,19,16,2.18,54997827.592045784,24999012.0,0.0049,-44.1,39833,44104,76260,0.096
4832,LYEL,Healthcare,Biotechnology,NASDAQ,67.15,18,82,86,98,13.22,279309027.62087345,23334087.0,0.067600004,-70.62,133062,90644,91220,-0.714
4833,DTSS,Technology,Software - Infrastructure,NASDAQ,67.12,17,9,10,6,0.95,8775608.246012509,10447153.0,0.0138,-62.0,171285,87095,123177,-0.365
4834,ESAB,Industrials,Metal Fabrication,NYSE,67.1,17,18,28,40,82.92,5354546384.60376,60881712.0,0.0531,-39.66,564457,605302,649979,0.099
4835,DOCU,Technology,Software - Application,NASDAQ,67.08,17,19,13,20,45.13,9182210576.24836,194291386.0,0.106400006,-47.92,5109822,3685647,3627020,0.087
4836,RDHL,Healthcare,Drug Manufacturers - Specialty & Generic,NASDAQ,67.06,17,27,10,8,0.88,5346997.65147686,5191260.0,0.0043,-73.41,699811,302603,199246,
4837,THCH,Consumer Cyclical,Restaurants,NASDAQ,67.05,17,30,30,20,1.75,58626849.44485867,32036529.0,0.0046,-46.15,7812,6270,5524,-0.073
4838,MIR,Industrials,Specialty Industrial Machinery,NYSE,67.05,17,29,34,79,15.82,4178719644.77425,244655718.0,0.1775,-47.75,3756147,4053615,3745183,0.275
4839,BDTX,Healthcare,Biotechnology,NASDAQ,67.04,17,72,33,57,1.85,112884496.4194169,57301774.0,0.13229999,-62.55,1256646,1770108,1404433,
4840,MIRA,Healthcare,Drug Manufacturers - General,NASDAQ,67.03,17,20,34,76,0.98,42022087.0,42022087.0,0.0105,-60.0,123192,128340,143894,
4841,NRDS,Communication Services,Internet Content & Information,NASDAQ,67.03,17,18,31,82,8.4,524416286.70486593,65798783.0,0.1442,-48.28,925751,1138273,874378,0.062
4842,HTLM,Consumer Cyclical,Specialty Retail,NASDAQ,66.99,17,8,11,19,1.97,191931259.40859318,89687500.0,0.0076,-52.98,15543,7034,7672,0.164
4843,PRGS,Technology,Software - Infrastructure,NASDAQ,66.96,17,10,17,22,31.82,1319585235.2827454,42078610.0,0.1445,-51.42,720808,632749,891565,0.041
4844,JDZG,Consumer Defensive,Education & Training Services,NASDAQ,66.94,17,0,0,5,50.0,94000000.0,1880000.0,0.0046,-95.07,234896,124519,134849,0.662
4845,THRY,Technology,Software - Application,NASDAQ,66.83,17,9,3,5,3.76,164981205.18885756,44349786.0,0.0926,-73.67,721971,991860,858058,-0.075
4846,GDTC,Healthcare,Biotechnology,NASDAQ,66.79,17,7,9,16,1.07,15264356.698613167,11832835.0,0.020299999,-70.92,18582,25084,17850,0.469
4847,CXT,Industrials,Specialty Industrial Machinery,NYSE,66.79,17,19,23,25,37.59,2079005781.1718788,57542367.0,0.17860001,-45.52,988014,877864,798120,0.174
4848,MYSE,Technology,Software - Application,NASDAQ,66.76,17,21,18,35,1.64,7814466.46642971,5074329.0,0.0706,-71.58,85007,177582,5926319,
4849,PBH,Healthcare,Drug Manufacturers - Specialty & Generic,NYSE,66.7,17,17,32,23,49.13,2235018806.336838,47372166.0,0.08,-43.61,620793,777541,681412,-0.05
4850,CRM,Technology,Software - Application,NYSE,66.68,17,20,22,34,170.92,152055542999.26758,819000000.0,0.0885,-38.25,18248369,14302866,14134763,0.133
4851,NCNO,Technology,Software - Application,NASDAQ,66.64,17,17,10,22,15.41,1634530022.3582268,109552950.0,0.1376,-54.57,4478203,3645034,3776360,0.106
4852,LZ,Industrials,Specialty Business Services,NASDAQ,66.61,17,15,13,61,5.87,985258126.0729446,171647764.0,0.1308,-52.66,2673398,3052522,2853435,0.129
4853,TLRY,Healthcare,Drug Manufacturers - Specialty & Generic,NASDAQ,66.55,17,15,35,94,5.02,590844868.4638085,119604223.0,0.1416,-78.36,3944630,3918160,5252630,-0.078
4854,ABVC,Healthcare,Biotechnology,NASDAQ,66.54,17,7,34,95,1.29,34580588.97581792,26000442.0,0.0128999995,-76.46,125306,110132,125113,
4855,SRPT,Healthcare,Biotechnology,NASDAQ,66.52,17,36,13,19,15.11,1662825496.5,105576222.0,0.2841,-65.6,3009189,2981183,2800593,-0.019
4856,DFIN,Technology,Software - Application,NYSE,66.48,17,26,49,24,37.6,917852499.432087,24982375.0,0.0535,-43.25,401834,359308,297636,0.022
4857,ORLA,Basic Materials,Gold,NYSE ARCA,66.43,17,75,89,90,9.78,3740173632.7540197,345991997.0,1.86,-55.51,4258604,3703921,3274120,1.693
4858,JKS,Technology,Solar,NYSE,66.42,17,49,69,76,17.46,1050545943.3113022,52370188.0,0.043899998,-45.23,874697,845802,801263,-0.115
4859,RXRX,Healthcare,Biotechnology,NASDAQ,66.4,17,16,17,17,3.04,1759476716.7404566,530762198.0,0.3684,-57.66,24388574,18504344,15501530,-0.561
4860,IXHL,Healthcare,Drug Manufacturers - Specialty & Generic,NASDAQ,66.39,17,11,3,22,3.91,34936498.59282303,11964554.0,0.0678,-92.15,332635,300841,383123,
4861,QXO,Industrials,Industrial Distribution,NYSE,66.38,17,28,69,75,15.06,11430812403.209219,725305345.0,0.1846,-45.45,17168775,16200848,15917915,127.163
4862,CRCL,Financial Services,Capital Markets,NYSE,66.36,17,89,82,15,78.93,19955683384.962463,248576030.0,0.080299996,-73.6,15110902,16905537,14633830,0.2
4863,BFRG,Healthcare,Health Information Services,NASDAQ,66.35,17,22,7,11,0.68,12441447.891730785,18541651.0,0.0435,-66.67,288622,319284,5819776,
4864,PNR,Industrials,Specialty Industrial Machinery,NYSE,66.3,17,17,33,51,71.4,11821445570.740486,161605541.0,0.0502,-37.34,2786224,2289224,2056252,0.026
4865,MGX,Healthcare,Biotechnology,NASDAQ,66.28,17,21,32,25,1.23,48187977.16291475,37646858.0,0.0592,-68.86,164364,177371,179240,-0.698
4866,MRLN,Industrials,Aerospace & Defense,NASDAQ,66.26,17,18,20,60,7.05,830106884.0210037,96524052.0,1.7,-58.53,6097710,3130706,2478456,0.154
4867,XPEV,Consumer Cyclical,Auto Manufacturers,NYSE,66.22,17,21,47,44,14.86,15244223323.205023,955750690.0,0.064899996,-47.37,7125695,6873515,6479617,-0.176
4868,ODV,Basic Materials,Gold,NYSE,66.18,17,73,89,93,2.41,752661812.3781486,304721378.0,4.58,-49.74,2799883,4220067,3227916,
4869,CAI,Healthcare,Biotechnology,NASDAQ,66.15,17,13,15,32,17.16,4661404595.849524,282680695.0,0.102,-59.62,2828088,3087526,2564159,0.788
4870,HDL,Consumer Cyclical,Restaurants,NASDAQ,66.15,17,16,25,21,13.1,763699041.066742,58836600.0,0.00029999999,-38.22,1096,1612,1529,0.142
4871,STN,Industrials,Engineering & Construction,NYSE,66.14,17,23,37,41,71.34,8427269277.305641,114066995.0,4.44,-37.71,403376,397715,377853,0.091
4872,AZTR,Healthcare,Biotechnology,NYSE ARCA,66.1,17,10,3,2,0.24,3416604.344649017,16192438.0,0.012,-90.0,416684,499281,626516,
4873,GRAB,Technology,Software - Application,NASDAQ,66.08,17,18,21,33,3.27,13660599648.952484,4090000000.0,0.0661,-50.6,47823311,50947153,52614648,0.235
4874,VEEV,Healthcare,Health Information Services,NYSE,66.0,17,15,21,24,163.76,28169727361.38858,163198698.0,0.0694,-47.26,3311134,4029498,3279692,0.163
4875,PYPL,Financial Services,Credit Services,NASDAQ,65.99,17,25,17,24,40.7,36422136613.5617,882105493.0,0.0545,-48.81,16586529,15871643,14481667,0.072
4876,MGPI,Consumer Defensive,Beverages - Wineries & Distilleries,NASDAQ,65.97,17,13,14,23,16.42,352839127.76148796,21371237.0,0.0678,-50.81,166181,192087,194764,-0.125
4877,UPLD,Technology,Software - Application,NASDAQ,65.96,17,6,3,9,0.71,20759783.61105275,29363201.0,0.0279,-81.84,240292,359560,294002,-0.235
4878,SRAD,Technology,Software - Application,NASDAQ,65.96,17,10,22,34,16.73,4113727988.9034004,295951662.0,0.064,-48.08,3362159,3285219,3943303,0.113
4879,PRSO,Technology,Semiconductors,NASDAQ,65.89,17,65,95,36,0.96,14742604.0,14742604.0,0.0674,-59.49,813947,2447182,1691595,-0.751
4880,APRE,Healthcare,Biotechnology,NASDAQ,65.85,17,35,11,6,0.75,9175636.974668026,12382776.0,0.0127,-66.22,110266,170278,251593,
4881,ELBM,Basic Materials,Other Industrial Metals & Mining,NASDAQ,65.8,17,11,14,18,0.62,67991435.23440504,105413081.0,0.0123000005,-92.87,1358250,1289380,1033354,
4882,MRM,Consumer Cyclical,Personal Services,NASDAQ,65.77,17,17,34,95,1.16,8929204.592320561,7901951.0,0.0095999995,-73.93,97568,720772,442701,-0.067
4883,BAFN,Financial Services,Banks - Regional,NASDAQ,65.75,17,22,9,14,5.65,22177287.39166498,4106905.0,0.056500003,-63.55,18922,69330,47902,-0.527
4884,SANG,Technology,Software - Infrastructure,NASDAQ,65.66,17,19,29,33,3.75,116475765.0,33278790.0,14.77,-42.22,5991,7647,6166,-0.122
4885,PRQR,Healthcare,Biotechnology,NASDAQ,65.65,17,37,31,64,1.41,158043826.5,105362551.0,0.0121,-54.52,576209,568876,675273,-0.571
4886,FRPT,Consumer Defensive,Packaged Foods,NASDAQ,65.61,17,19,71,30,50.6,2444362506.824543,49142791.0,0.22709998,-41.16,1543896,1828865,1587111,0.131
4887,BRIA,Consumer Cyclical,Apparel Retail,NYSE ARCA,65.59,17,22,38,14,1.51,39750000.83446503,25000000.0,0.0004,-69.49,46985,24548,15871,-0.103
4888,PLAY,Communication Services,Entertainment,NASDAQ,65.56,17,7,12,21,12.49,389081329.37398434,34739405.0,0.3439,-64.85,1610984,1662514,1772124,-0.009
4889,TTGT,Technology,Information Technology Services,NASDAQ,65.55,17,26,10,9,3.73,279798836.1359854,72299443.0,0.1409,-58.56,342537,551149,527355,0.021
4890,GMHS,Communication Services,Electronic Gaming & Multimedia,NASDAQ,65.51,17,28,27,8,0.91,53822741.608302474,57319213.0,0.0032,-65.79,6187950,2069523,1250056,-0.078
4891,CALX,Technology,Software - Infrastructure,NYSE,65.5,17,19,62,75,38.59,2377166312.9272194,63782299.0,0.118,-45.82,1109505,896835,1026465,0.271
4892,HCM,Healthcare,Drug Manufacturers - Specialty & Generic,NASDAQ,65.49,16,25,38,21,10.87,1869100437.0018425,171950364.0,0.0021,-44.26,87002,51344,43542,-0.165
4893,NKE,Consumer Cyclical,Footwear & Accessories,NYSE,65.39,16,13,26,38,43.96,63648524000.44371,1480887033.0,0.056999996,-45.17,22399883,21137331,24817472,0.001
4894,SQFT,Real Estate,REIT - Diversified,NASDAQ,65.39,16,18,11,7,2.63,2959494.84751153,1309511.0,0.0427,-88.57,15910,25973,1023696,-0.085
4895,GP,Industrials,Farm & Heavy Construction Machinery,NASDAQ,65.37,16,13,13,1,1.09,5431666.895835042,5029321.0,0.0336,-83.02,157403,171034,577668,0.177
4896,TURB,Technology,Solar,NASDAQ,65.34,16,59,97,3,1.62,20789652.429208755,12017140.0,0.1267,-92.08,1454872,753480,1771878,2.056
4897,GYRE,Healthcare,Biotechnology,NASDAQ,65.34,16,28,33,27,5.95,610308141.6786633,97028322.0,0.0808,-36.84,103397,93582,79059,0.021
4898,USGO,Basic Materials,Other Industrial Metals & Mining,NASDAQ,65.28,16,79,82,54,7.75,119254974.67544556,13354420.0,0.0921,-56.9,63879,59659,58591,
4899,BRFH,Consumer Defensive,Beverages - Non-Alcoholic,NASDAQ,65.24,16,24,32,63,2.17,35838572.68186927,16143501.0,0.002,-64.31,12346,9842,9943,0.922
4900,BKKT,Technology,Software - Infrastructure,NYSE,65.16,16,21,29,33,7.68,350055211.5091324,44706924.0,0.2035,-84.58,1872041,2127127,1685866,-0.771
4901,SLND,Industrials,Engineering & Construction,NYSE ARCA,65.15,16,6,1,33,1.03,60182959.79560733,54218882.0,0.0467,-80.71,74188,96622,120645,-0.28
4902,PNNT,Financial Services,Asset Management,NYSE,65.13,16,18,24,35,3.76,252042915.99016714,65296094.0,0.041500002,-50.07,646385,854551,762833,-0.187
4903,BMR,Technology,Software - Application,NASDAQ,65.11,16,25,15,15,1.64,26866649.446208477,15529855.0,0.0301,-62.04,92928,93852,109641,-0.018
4904,LUD,Basic Materials,Steel,NYSE ARCA,65.08,16,47,9,92,4.01,113450000.0,22690000.0,0.0097,-83.43,267483,161931,157156,-0.177
4905,ATXG,Industrials,Integrated Freight & Logistics,NASDAQ,65.08,16,16,6,13,4.45,3905115.0,781023.0,0.0685,-77.18,12627,61029,82007,0.128
4906,XNET,Technology,Software - Infrastructure,NASDAQ,65.07,16,60,65,90,4.94,296626623.72720337,63653784.0,0.0322,-55.21,408349,257993,217927,0.539
4907,ACN,Technology,Information Technology Services,NYSE,65.06,16,14,19,37,170.5,109701317091.75,615435159.0,0.043899998,-47.01,5194638,5582566,5421951,0.083
4908,TAOP,Technology,Software - Infrastructure,NASDAQ,65.05,16,11,11,5,1.55,12004001.25,9603201.0,0.0032,-79.61,80110,31633,23346,-0.289
4909,IT,Technology,Information Technology Services,NYSE,65.05,16,15,10,16,154.91,10981449119.82933,66951889.0,0.2425,-63.99,2006003,1772021,1577896,-0.015
4910,AMPL,Technology,Software - Application,NASDAQ,65.02,16,14,14,33,6.9,1015863404.123909,132619246.0,0.073,-52.38,3264982,2927540,2411150,0.169
4911,ADBE,Technology,Software - Application,NASDAQ,65.02,16,20,16,28,233.38,101632048986.8164,404200000.0,0.052399997,-44.41,5976361,4907247,5090116,0.12
4912,COE,Consumer Defensive,Education & Training Services,NYSE ARCA,65.01,16,29,14,83,22.0,135164587.5,6007315.0,0.0029,-60.81,5682,6824,8956,0.886
4913,TOST,Technology,Software - Infrastructure,NYSE,64.98,16,13,22,27,24.3,14291199645.996094,580000000.0,0.0696,-51.07,11203742,12896250,11302064,0.219
4914,TLSI,Healthcare,Medical Devices,NASDAQ,64.96,16,52,19,90,3.55,194690420.63570976,61416535.0,0.036199998,-55.35,285102,590724,410132,-0.029
4915,NXL,Healthcare,Medical Devices,NASDAQ,64.94,16,6,5,12,0.46,11287306.651758075,21540662.0,0.0297,-77.0,390719,992113,1013391,-0.636
4916,GDDY,Technology,Software - Infrastructure,NYSE,64.9,16,16,10,16,80.28,11172742526.185493,132409847.0,0.076799996,-56.12,4067569,2779316,2419599,0.061
4917,DRIO,Healthcare,Health Information Services,NASDAQ,64.87,16,19,24,82,7.21,54842985.0,7312398.0,0.0094,-59.37,8080,7020,11684,-0.312
4918,KROS,Healthcare,Biotechnology,NASDAQ,64.83,16,18,17,88,9.93,203855924.87499332,19791837.0,0.0991,-55.96,194132,306207,323672,-0.998
4919,FLO,Consumer Defensive,Packaged Foods,NYSE,64.78,16,11,18,16,7.77,1585709364.44345,211993230.0,0.1879,-54.16,6490238,9292736,7375817,0.068
4920,SVRE,Technology,Scientific & Technical Instruments,NASDAQ,64.76,16,27,1,2,4.29,3503403.75,934241.0,0.0068,-93.72,26704,27614,33570,-0.783
4921,WW,Healthcare,Medical Care Facilities,NASDAQ,64.69,16,4,25,38,18.47,162479850.0,9998760.0,0.18879999,-60.66,264711,335910,373126,-0.098
4922,ORGO,Healthcare,Drug Manufacturers - Specialty & Generic,NASDAQ,64.66,16,9,12,81,2.47,311392415.9770889,128674548.0,0.1983,-65.1,843840,1324396,1721212,-0.571
4923,PLCE,Consumer Cyclical,Apparel Manufacturing,NASDAQ,64.58,16,10,10,70,3.48,78185817.17634201,22211880.0,0.33009997,-63.6,1490253,622574,581418,-0.194
4924,SNTI,Healthcare,Biotechnology,NASDAQ,64.56,16,17,11,9,0.96,30054686.79319632,31144754.0,0.0373,-74.47,184378,204066,200267,
4925,TNYA,Healthcare,Biotechnology,NASDAQ,64.51,16,87,64,19,0.7,157975179.24833304,216998877.0,0.1723,-70.21,3925716,4659635,3997225,
4926,IMA,Healthcare,Biotechnology,NASDAQ,64.48,16,11,16,8,5.51,63727085.57566166,11279130.0,0.0401,-69.39,16306,36738,427327,
4927,XYF,Financial Services,Credit Services,NYSE,64.44,16,10,7,8,4.86,181411176.2992754,38516173.0,0.0107,-76.13,116334,131808,138222,-0.141
4928,BLDR,Industrials,Building Products & Equipment,NYSE,64.42,16,10,20,20,74.62,7920709202.990662,107559876.0,0.0964,-50.59,3078761,3083720,2637348,-0.101
4929,TAOX,Technology,Software - Infrastructure,NASDAQ,64.4,16,85,89,88,3.65,28468056.68245268,7471931.0,0.0773,-69.53,135870,149903,165844,
4930,STIM,Healthcare,Medical Devices,NASDAQ,64.4,16,7,11,14,1.24,89768310.94543457,69587840.0,0.28059998,-74.43,1660898,2643666,2394401,0.078
4931,CMRC,Technology,Software - Application,NASDAQ,64.38,16,19,11,18,2.68,232684522.57171345,82512244.0,0.0846,-51.67,697392,856420,752346,0.054
4932,NOW,Technology,Software - Application,NYSE,64.34,16,12,14,21,106.06,115970581452.69775,1031308000.0,0.0563,-49.85,38672665,31202238,30063713,0.221
4933,LEU,Energy,Uranium,NYSE,64.24,16,67,85,95,146.61,3182664589.305359,19672794.0,0.22569999,-68.42,946358,900669,901985,0.049
4934,BLIV,Technology,Software - Application,NASDAQ,64.23,16,14,17,31,2.3,25423635.747466564,10864802.0,0.0002,-46.82,1218,1159,1255,-0.625
4935,LIVE,Consumer Cyclical,Home Improvement Retail,NASDAQ,64.18,16,20,35,84,9.35,27675621.263046265,3071656.0,0.0044,-63.22,8556,9135,7587,-0.038
4936,LDOS,Technology,Information Technology Services,NYSE,64.17,16,17,52,71,121.69,15651485572.766678,125785466.0,0.0404,-40.86,1358990,1384503,1156692,0.037
4937,ACCS,Communication Services,Advertising Agencies,NYSE ARCA,64.12,16,34,18,23,6.2,23409329.134506226,3882144.0,0.0058,-53.56,12545,14581,11871,-0.027
4938,SRTS,Healthcare,Medical Devices,NASDAQ,64.11,16,21,47,29,2.82,44447560.08497214,16462059.0,0.028499998,-52.36,82060,87173,66814,-0.622
4939,MTEX,Consumer Defensive,Food Distribution,NASDAQ,64.08,16,8,20,31,5.62,10999118.631944656,1929670.0,0.0392,-54.86,8225,49501,37545,-0.062
4940,WAI,Financial Services,Capital Markets,NASDAQ,64.03,16,6,7,2,2.17,5185897.312401295,2357226.0,0.0171,-97.69,159983,137097,84740,
4941,EYE,Consumer Cyclical,Specialty Retail,NASDAQ,64.02,16,28,84,92,17.58,1237001273.9817095,80116665.0,0.1692,-41.44,2202346,2659082,2149717,0.066
4942,ATLX,Basic Materials,Other Industrial Metals & Mining,NASDAQ,64.01,16,78,64,20,3.4,104102830.26625896,29490887.0,0.051599998,-58.79,782056,995328,799691,1.955
4943,ZTG,Industrials,Consulting Services,NASDAQ,63.92,16,63,10,12,1.8,28695479.558325052,11808839.0,0.0088,-60.09,1916901,648433,466594,-0.27
4944,TCRX,Healthcare,Biotechnology,NASDAQ,63.91,16,40,25,8,0.92,64174501.85773623,65350817.0,0.0196,-64.2,349112,578784,893636,-0.548
4945,SNT,Industrials,Security & Protection Services,NASDAQ,63.88,16,12,29,27,2.47,57862499.885015965,23331653.0,0.001,-53.75,19481,32247,34442,-0.043
4946,COUR,Consumer Defensive,Education & Training Services,NYSE,63.87,16,18,20,27,5.34,1566381656.959568,286358632.0,0.1004,-60.62,7016928,6769229,6388299,0.091
4947,BMEA,Healthcare,Biotechnology,NASDAQ,63.83,16,60,17,9,1.15,91820287.42099762,72299440.0,0.24299999,-62.66,1134716,1264708,1591883,
4948,HDB,Financial Services,Banks - Regional,NYSE,63.79,16,14,28,53,23.2,120152148749.67053,5132513863.0,0.0039,-41.72,10646180,9061770,8894226,-0.018
4949,PNBK,Financial Services,Banks - Regional,NASDAQ,63.7,16,13,42,84,0.96,123475700.94259,117595911.0,0.0276,-52.0,327006,324355,278715,0.766
4950,ANIX,Healthcare,Biotechnology,NASDAQ,63.66,16,38,28,66,2.35,83149088.47949314,33527858.0,0.031,-56.96,124087,111979,114091,
4951,BILL,Technology,Software - Application,NYSE,63.61,15,31,25,48,32.39,3582494391.768036,99596727.0,0.16950001,-43.38,3108025,2864878,2395667,0.135
4952,PMNT,Consumer Cyclical,Apparel Manufacturing,NYSE ARCA,63.58,15,9,6,18,0.24,11327363.766029209,52931606.0,0.0368,-66.67,298995,294915,11998371,-0.0
4953,GPMT,Real Estate,REIT - Mortgage,NYSE,63.57,15,9,12,30,1.44,73317024.87900853,47919625.0,0.0033000002,-53.77,145169,145219,154103,0.928
4954,AAME,Financial Services,Insurance - Life,NASDAQ,63.55,15,55,82,81,1.78,34063369.88464594,20397228.0,0.0011,-52.02,22604,11784,12608,0.208
4955,PTLO,Consumer Cyclical,Restaurants,NASDAQ,63.48,15,11,30,8,4.19,288800023.1102786,72380958.0,0.1497,-66.13,1580402,2132444,1797244,0.035
4956,ALTI,Financial Services,Asset Management,NASDAQ,63.47,15,24,41,84,2.81,330017339.65227556,110744073.0,0.0231,-48.39,178762,197657,182872,0.281
4957,MNSO,Consumer Cyclical,Specialty Retail,NYSE,63.44,15,15,29,31,13.17,4034387708.829274,311535735.0,0.0182,-50.75,700773,544201,517312,0.285
4958,LAW,Technology,Software - Application,NYSE,63.42,15,31,24,91,3.65,241786709.39673328,64134406.0,0.041300002,-59.93,251500,446886,363484,0.143
4959,NAMM,Basic Materials,Gold,NASDAQ,63.42,15,9,56,1,1.87,104606699.10185802,54482657.0,0.83,-93.27,5298332,2026437,1414894,0.051
4960,HIHO,Industrials,Metal Fabrication,NASDAQ,63.42,15,11,10,10,0.81,3546673.7154951096,4666676.0,0.0058999998,-63.35,1337528,453179,292651,-0.405
4961,NTZ,Consumer Cyclical,"Furnishings, Fixtures & Appliances",NYSE,63.39,15,33,42,11,2.22,26435062.65043497,11014609.0,0.00029999999,-49.55,2399,3323,3231,0.035
4962,GLDG,Basic Materials,Gold,NYSE ARCA,63.37,15,67,85,87,0.85,203299917.6489222,213999916.0,0.0276,-62.56,2454518,2210232,2108511,
4963,JELD,Industrials,Building Products & Equipment,NYSE,63.37,15,6,5,7,1.63,160241458.29240453,86151321.0,0.1466,-76.63,1414104,1639091,1967530,-0.069
4964,ORIO,Technology,Software - Infrastructure,NASDAQ,63.34,15,20,31,20,0.88,20720023.185219765,23707120.0,0.0114,-77.02,46379,59429,46183,-0.003
4965,GT,Consumer Cyclical,Auto Parts,NASDAQ,63.27,15,12,20,35,5.87,1641274593.9749136,287438631.0,0.13939999,-51.21,7782195,8900811,8295805,-0.087
4966,KDK,Technology,Software - Infrastructure,NASDAQ,63.27,15,37,62,67,5.79,1232301245.664339,193150662.0,0.0723,-48.99,881799,1108743,929159,0.244
4967,CALC,Healthcare,Biotechnology,NASDAQ,63.27,15,7,4,96,0.93,16745911.956029415,15798031.0,0.027999999,-87.08,521456,260245,237801,
4968,WFF,Industrials,Specialty Industrial Machinery,NASDAQ,63.24,15,11,8,2,2.36,10327936.659768581,5038018.0,0.010199999,-98.39,32183,36514,39679,0.552
4969,EVEX,Industrials,Aerospace & Defense,NYSE,63.16,15,26,15,72,2.57,996151073.701395,348304584.0,0.0923,-66.62,1074905,1160645,1238313,
4970,SE,Consumer Cyclical,Internet Retail,NYSE,63.13,15,15,13,23,82.44,53016658728.99646,612484522.0,0.0587,-58.64,3809567,4461059,4139781,0.466
4971,VTSI,Technology,Software - Application,NASDAQ,63.12,15,15,28,19,3.46,37878063.67169142,11306885.0,0.008,-53.68,61753,69461,72074,-0.515
4972,LUNG,Healthcare,Medical Devices,NASDAQ,63.12,15,16,12,35,1.43,64622919.38158393,42237203.0,0.0759,-63.14,279510,469033,404376,-0.087
4973,OPCH,Healthcare,Medical Care Facilities,NASDAQ,63.11,15,11,37,71,21.38,3220634142.9807434,157027504.0,0.1301,-41.9,2848873,4491167,3359900,0.013
4974,PAY,Technology,Software - Infrastructure,NYSE,63.07,15,26,23,35,21.0,2628997095.315176,125789337.0,0.0471,-46.67,1022737,781562,624839,0.302
4975,SOUN,Technology,Software - Application,NASDAQ,63.05,15,18,16,27,6.75,3198167544.86902,432769635.0,0.3806,-69.55,28435927,29809592,28186185,0.517
4976,PETS,Healthcare,Pharmaceutical Retailers,NASDAQ,63.04,15,16,22,68,1.72,35894512.639320135,21365782.0,0.0367,-60.19,318536,157578,127039,-0.079
4977,BR,Technology,Information Technology Services,NYSE,63.01,15,17,23,37,146.44,17503726244.426666,115658297.0,0.0313,-46.14,1442967,1575415,1465667,0.078
4978,WK,Technology,Software - Application,NYSE,62.93,15,12,22,59,49.3,2757143037.6219177,56119336.0,0.0884,-49.22,924880,1201733,1104904,0.199
4979,RYET,Consumer Defensive,Education & Training Services,NASDAQ,62.93,15,17,12,6,0.95,30942402.69782281,37280004.0,0.0019,-95.48,6044161,2024817,1236748,-0.911
4980,AIIR,Consumer Defensive,Tobacco,NASDAQ,62.93,15,71,46,40,7.24,1108271395.3469467,160386602.0,,-52.68,6761,172590,215558,
4981,ENTX,Healthcare,Biotechnology,NASDAQ,62.91,15,11,16,63,1.17,58162473.53462434,49290234.0,0.0043,-63.66,70478,92282,147907,
4982,CURI,Communication Services,Broadcasting,NASDAQ,62.9,15,26,29,85,2.68,164523095.65410614,59287600.0,0.0529,-55.78,528014,565828,442596,0.005
4983,ORIC,Healthcare,Biotechnology,NASDAQ,62.88,15,42,84,42,7.54,776381715.0,103517562.0,0.2142,-49.5,2334449,1592333,1988907,
4984,INTR,Financial Services,Banks - Regional,NASDAQ,62.88,15,19,65,79,5.56,2503239108.59289,441488373.0,0.044899996,-46.33,6753837,7610529,5934483,0.253
4985,COCH,Healthcare,Medical Devices,NASDAQ,62.78,15,20,28,7,0.65,50818415.39747357,76881111.0,0.0274,-65.61,135697,128442,142107,-0.152
4986,BRBI,Financial Services,Capital Markets,NASDAQ,62.72,15,25,24,11,11.75,308424880.5,26248926.0,0.22,-82.47,710,1160,2348,0.057
4987,OGI,Healthcare,Drug Manufacturers - Specialty & Generic,NASDAQ,62.71,15,20,38,85,1.06,149221515.26478863,140775022.0,4.93,-52.68,484044,691174,730524,-0.089
4988,JRVR,Financial Services,Insurance - Specialty,NASDAQ,62.69,15,16,76,85,4.18,183097951.52379608,46236856.0,0.031600002,-41.94,355257,536235,406961,-0.121
4989,TGL,Technology,Software - Application,NASDAQ,62.67,15,5,2,1,5.15,7356432.526266575,1675725.0,0.0107,-91.12,77074,42161,46322,1.252
4990,FSP,Real Estate,REIT - Office,NYSE ARCA,62.64,15,6,7,9,0.64,59103493.058348894,103690340.0,0.036,-65.03,618734,483954,416426,-0.033
4991,KRUS,Consumer Cyclical,Restaurants,NASDAQ,62.61,15,21,42,15,44.4,553700483.8034363,12147882.0,0.2575,-53.74,491492,334780,375788,0.233
4992,INAB,Healthcare,Biotechnology,NASDAQ,62.58,15,15,38,7,1.4,13905010.357270718,9589662.0,0.0184,-61.75,70136,66465,64099,
4993,IMTE,Technology,Electronic Components,NASDAQ,62.55,15,13,17,11,0.56,1761127.6967607737,3446434.0,0.012999999,-63.64,67581,45907,45560,
4994,FTLF,Consumer Defensive,Packaged Foods,NASDAQ,62.55,15,10,31,69,10.74,92689879.5652771,9391072.0,0.0482,-48.81,24647,30289,34673,0.589
4995,OTLY,Consumer Defensive,Packaged Foods,NASDAQ,62.53,15,20,34,23,8.25,255732736.89746857,31225000.0,0.0345,-56.21,202926,105392,93729,0.156
4996,BBOT,Healthcare,Biotechnology,NASDAQ,62.52,15,16,26,66,7.12,625636477.6562347,80107104.0,0.115,-52.12,230709,355999,411151,
4997,IH,Consumer Defensive,Education & Training Services,NYSE,62.51,15,17,18,34,1.48,79736061.79529858,51112862.0,0.0004,-58.89,29560,16383,14458,-0.181
4998,JG,Technology,Software - Application,NASDAQ,62.5,15,22,39,15,5.69,33018998.092639923,5960108.0,0.0005,-55.55,3303,3224,3232,0.049
4999,NTRB,Healthcare,Biotechnology,NASDAQ,62.49,15,14,14,15,3.41,43518418.2125721,12155983.0,0.0354,-70.8,12257,10952,9447,-0.376
5000,TYL,Technology,Software - Application,NYSE,62.45,15,16,16,20,302.81,12838733300.172424,41140555.0,0.0655,-51.27,871942,819687,673740,0.086
5001,DOUG,Real Estate,Real Estate Services,NYSE,62.39,15,16,15,62,1.75,160903763.4061041,90906082.0,0.0297,-45.14,369068,458239,479055,-0.154
5002,TRUP,Financial Services,Insurance - Property & Casualty,NASDAQ,62.31,15,10,14,20,23.38,959650384.0,43620472.0,0.1033,-59.61,370050,421493,382946,0.123
5003,EBON,Technology,Computer Hardware,NASDAQ,62.3,15,12,13,16,2.12,13157890.699689865,6280616.0,0.0033000002,-64.07,4890,4210,4658,-0.213
5004,BGIN,Technology,Computer Hardware,NASDAQ,62.29,15,64,19,14,2.44,300941612.7705357,113135941.0,0.0101,-62.46,17554,24104,24700,-0.875
5005,HCWC,Consumer Defensive,Packaged Foods,NYSE ARCA,62.28,15,18,22,4,0.27,7578304.944904804,26590544.0,0.0116,-72.45,12981294,4470661,2778806,-0.099
5006,BTCT,Technology,Computer Hardware,NASDAQ,62.28,15,11,10,7,1.25,10278333.408424258,9516975.0,0.0227,-73.9,555176,220365,188807,0.004
5007,LOOP,Basic Materials,Specialty Chemicals,NASDAQ,62.24,15,69,54,9,1.0,57572644.258347034,48380371.0,0.0167,-52.61,68958,61492,49153,-0.984
5008,CNF,Financial Services,Mortgage Finance,NYSE,62.2,15,7,39,79,3.1,53609128.00540733,16858216.0,0.0002,-64.77,2276,6662,5399,
5009,TRMB,Technology,Scientific & Technical Instruments,NASDAQ,62.19,15,20,31,60,50.6,12632312894.480045,233111519.0,0.0343,-42.17,3263752,2787867,2290744,0.118
5010,CMMB,Healthcare,Biotechnology,NASDAQ,62.18,14,17,18,8,1.75,12744668.922663689,7200378.0,0.0057,-67.59,42996,45162,41525,
5011,PHIO,Healthcare,Biotechnology,NASDAQ,62.17,14,15,31,8,1.06,12314285.395255566,11617251.0,0.0287,-74.7,144260,143636,147030,
5012,OLLI,Consumer Defensive,Discount Stores,NASDAQ,62.17,14,11,36,29,78.3,4636767311.911194,60453292.0,0.0856,-44.76,2387876,1880865,1674593,0.142
5013,SORA,Consumer Cyclical,Luxury Goods,NASDAQ,62.14,14,26,6,20,2.18,59922242.13409424,24864000.0,0.00090000004,-72.65,18820,12953,14228,-0.319
5014,FLUT,Consumer Cyclical,Gambling,NYSE,62.12,14,6,7,21,112.94,17425013362.326622,173400475.0,0.0837,-64.0,3219338,3076649,3009225,0.174
5015,REBN,Consumer Cyclical,Restaurants,NASDAQ,62.1,14,56,33,13,1.41,13552200.554175973,8213455.0,0.0177,-58.89,47127,47669,62707,2.078
5016,BBW,Consumer Cyclical,Specialty Retail,NYSE,62.1,14,17,22,59,33.8,427358886.98703,12580479.0,0.2481,-55.44,461424,394058,367552,-0.024
5017,RCKT,Healthcare,Biotechnology,NASDAQ,62.08,14,52,84,21,2.6,300282259.75,109193549.0,0.2354,-52.29,2566893,2325967,2385992,
5018,ADGM,Healthcare,Medical Devices,NASDAQ,62.04,14,26,40,25,0.75,16102583.304538608,22210459.0,0.0034,-70.95,116176,122378,160911,
5019,WRAP,Technology,Scientific & Technical Instruments,NASDAQ,61.98,14,26,21,73,1.23,71902340.3737545,55738250.0,0.1822,-61.92,260695,209055,324861,0.452
5020,ANTA,Financial Services,Credit Services,NASDAQ,61.9,14,23,15,19,6.64,170106942.1009674,23992516.0,0.002,-51.95,3655,2828,5331,0.524
5021,OXBR,Financial Services,Insurance - Reinsurance,NASDAQ,61.89,14,12,8,8,0.85,7453264.215206265,8101374.0,0.0182,-70.28,25058,94939,770143,-0.1
5022,FTRK,Communication Services,Entertainment,NASDAQ,61.87,14,14,10,9,0.5,11735124.729573727,21812500.0,0.028399998,-92.54,136310,60270,43074,37.448
5023,CLVT,Technology,Information Technology Services,NYSE,61.84,14,35,14,22,2.27,1540511843.9643931,639216510.0,0.1598,-52.41,4818599,5113646,5208531,-0.014
5024,BRLS,Consumer Defensive,Packaged Foods,NASDAQ,61.83,14,7,11,6,1.51,33697393.115795255,21463307.0,0.0916,-78.58,8469,417339,332937,-0.076
5025,CHKP,Technology,Software - Infrastructure,NASDAQ,61.8,14,10,21,32,125.69,14129057508.662415,104027807.0,0.048499998,-45.84,1614109,2019133,1659115,0.048
5026,GYRO,Real Estate,Real Estate Services,NASDAQ,61.71,14,24,40,47,6.22,13745675.0,2199308.0,0.0001,-48.17,3564,1834,1520,-0.018
5027,LGCL,Technology,Software - Application,NASDAQ,61.7,14,9,4,1,1.94,82371525.65959454,42790404.0,0.0005,-96.18,17967,9762,7895,0.431
5028,EHTH,Financial Services,Insurance Brokers,NASDAQ,61.69,14,13,4,30,1.64,54911961.74541187,31741018.0,0.0618,-72.16,445567,380232,436779,-0.222
5029,TKLF,Consumer Cyclical,Specialty Retail,NASDAQ,61.63,14,12,40,13,2.09,8592545.308899164,4232781.0,0.0797,-51.63,56627,313992,213035,0.943
5030,YXT,Technology,Software - Application,NASDAQ,61.59,14,13,16,17,0.51,32364243.35685253,59602660.0,0.01,-55.65,1162244,413614,4001608,0.047
5031,NICE,Technology,Software - Application,NASDAQ,61.55,14,13,34,13,88.36,5457742054.555115,58597188.0,0.070300005,-51.08,905736,857708,717627,0.098
5032,INTA,Technology,Software - Application,NASDAQ,61.54,14,14,9,24,23.83,1876449867.6466656,77061595.0,0.0946,-59.47,1241259,1125326,996341,0.131
5033,FKWL,Technology,Communication Equipment,NASDAQ,61.52,14,21,25,51,2.75,33703039.56377983,11784280.0,0.0016,-49.82,33423,37274,25006,-0.57
5034,ALKT,Technology,Software - Application,NASDAQ,61.52,14,24,20,19,15.01,1700534711.6021175,107019174.0,0.1177,-51.71,1805956,1800102,1643267,0.289
5035,SDM,Communication Services,Advertising Agencies,NASDAQ,61.46,14,15,10,2,1.85,58691250.75638294,31725000.0,0.1436,-93.71,0,0,0,0.708
5036,ARVN,Healthcare,Biotechnology,NASDAQ,61.44,14,53,85,85,6.98,478747294.08257675,64521198.0,0.0912,-51.9,778467,927712,874865,-0.917
5037,MZTI,Consumer Defensive,Packaged Foods,NASDAQ,61.4,14,14,30,37,109.36,2944066840.897293,27422381.0,0.199,-42.73,344422,389697,360380,-0.01
5038,INSM,Healthcare,Biotechnology,NASDAQ,61.35,14,37,74,96,91.88,20422416197.810394,216752451.0,0.0916,-56.81,3995770,4112846,3242190,2.296
5039,QTWO,Technology,Software - Application,NYSE,61.35,14,14,13,23,44.09,2861465278.017601,62600423.0,0.0642,-54.4,818512,936727,843188,0.141
5040,XTNT,Healthcare,Medical Devices,NYSE ARCA,61.31,14,22,48,88,0.44,64520962.77044535,140262960.0,0.00029999999,-53.68,109351,146910,157796,-0.365
5041,BLNE,Financial Services,Mortgage Finance,NASDAQ,61.27,14,26,94,32,1.14,35543732.37398493,31178713.0,0.0504,-75.48,432345,721398,717577,0.521
5042,BLND,Technology,Software - Application,NYSE,61.25,14,9,6,19,1.66,392228983.8745022,242116656.0,0.0638,-63.03,3445117,4073385,3821407,0.149
5043,VRDN,Healthcare,Biotechnology,NASDAQ,61.25,14,20,87,95,15.77,1742548792.4726276,110427682.0,0.134,-54.01,1437270,2818606,2942998,0.958
5044,MNDY,Technology,Software - Application,NASDAQ,61.25,14,10,5,11,81.7,4420022327.494194,51551463.0,0.17639999,-74.23,2230069,2138166,1894993,0.245
5045,XTLB,Healthcare,Biotechnology,NASDAQ,61.22,14,11,12,10,2.32,4873152.344638824,2365608.0,0.0784,-77.43,13811,3961887,2380050,
5046,KRMN,Industrials,Aerospace & Defense,NYSE,61.21,14,57,96,90,45.87,6552100040.562824,132526299.0,0.076,-61.25,4454295,2922821,2445101,0.51
5047,UAVS,Technology,Computer Hardware,NYSE ARCA,61.08,14,32,24,10,0.89,55667263.301467896,58597120.0,0.0366,-75.35,5867114,3262928,2943110,-0.616
5048,NHTC,Consumer Cyclical,Internet Retail,NASDAQ,61.07,14,25,25,20,2.3,20501060.00985217,8577849.0,0.0034999999,-54.9,33071,35043,29978,-0.143
5049,NFGC,Basic Materials,Gold,NYSE ARCA,61.07,14,67,59,91,1.47,622213731.2114483,384082549.0,3.01,-59.05,1742415,1585918,1613307,
5050,GAIA,Communication Services,Entertainment,NASDAQ,61.07,14,11,17,19,2.64,59488311.18585205,25314176.0,0.0279,-58.69,100272,96800,83162,0.02
5051,GANX,Healthcare,Biotechnology,NASDAQ,61.05,14,39,64,96,1.64,72511866.63390303,42654038.0,0.0758,-62.21,805764,644624,602860,
5052,KLAR,Financial Services,Credit Services,NYSE,61.01,14,6,5,15,15.78,6185936861.742157,378113486.0,0.1092,-66.76,5215683,6341251,5793734,0.444
5053,OPTU,Communication Services,Telecom Services,NYSE,60.92,14,6,15,15,1.2,426760090.69849026,391523007.0,0.3323,-59.73,24607469,11189536,7574623,-0.04
5054,WTF,Financial Services,Capital Markets,NASDAQ,60.89,14,39,12,4,2.66,139888673.4002838,48237472.0,0.019199999,-64.51,131660,249706,152288,1.001
5055,SPWH,Consumer Cyclical,Specialty Retail,NASDAQ,60.85,14,18,23,13,1.23,49555138.90575647,39019795.0,0.0161,-71.6,847296,475948,883125,-0.016
5056,SIEB,Financial Services,Capital Markets,NASDAQ,60.85,14,8,14,81,1.8,76559550.5152216,40940936.0,0.028800001,-67.03,60477,44345,35437,-0.193
5057,BCHT,Industrials,Pollution & Treatment Controls,NYSE ARCA,60.81,14,5,15,90,1.93,50507453.59107041,26305966.0,0.002,-59.79,174766,188485,170907,0.316
5058,SUPX,Technology,Software - Infrastructure,NASDAQ,60.8,14,6,17,93,9.17,384877822.40345573,43244701.0,0.0058,-88.01,321828,300226,358497,1.304
5059,BBLG,Healthcare,Biotechnology,NASDAQ,60.79,14,16,7,10,1.24,2242279.6561074257,1795260.0,0.0058,-81.63,19035,14518,13153,
5060,SER,Healthcare,Biotechnology,NYSE ARCA,60.78,14,8,4,11,1.74,28195309.328486323,14997505.0,0.028099999,-78.03,72045,79828,128683,
5061,ACM,Industrials,Engineering & Construction,NYSE,60.77,14,11,29,25,68.58,9143120450.355835,128522920.0,0.0685,-49.39,3254907,2283205,1823399,0.008
5062,HTOO,Utilities,Utilities - Renewable,NASDAQ,60.77,14,14,11,7,2.83,9628726.531579971,3297509.0,0.0106,-77.59,28910,40553,35876,3.663
5063,BFAM,Consumer Cyclical,Personal Services,NYSE,60.75,14,15,17,29,64.29,3270556888.424301,52606675.0,0.0614,-50.83,1174352,1588647,1205608,0.07
5064,SSII,Healthcare,Medical Devices,NASDAQ,60.71,14,23,33,46,3.52,756497200.3541908,200131536.0,0.0011,-70.35,77607,58269,53497,1.168
5065,OWLT,Healthcare,Medical Devices,NYSE,60.66,14,16,18,96,4.59,135435456.77261353,29001168.0,0.0318,-72.9,301793,230004,230340,0.064
5066,KNDI,Consumer Cyclical,Recreational Vehicles,NASDAQ,60.65,14,9,25,17,0.71,73303218.36527109,100415365.0,0.0163,-59.89,81200,104930,111592,-0.323
5067,WBUY,Consumer Cyclical,Internet Retail,NASDAQ,60.64,14,11,3,4,1.17,5070021.265339851,5481104.0,0.0252,-88.04,319927,126779,1651683,
5068,LANV,Consumer Cyclical,Luxury Goods,NYSE,60.59,14,29,38,31,1.45,213856977.65098214,139775805.0,0.0015,-44.66,12239,8789,14869,
5069,INVZ,Consumer Cyclical,Auto Parts,NASDAQ,60.57,13,13,17,52,0.64,154070268.0306809,221365334.0,0.0992,-74.8,2491167,3275952,2918281,1.103
5070,MIND,Technology,Scientific & Technical Instruments,NASDAQ,60.56,13,19,69,67,5.56,56352139.26640034,9089055.0,0.0644,-61.66,114098,117062,154867,-0.349
5071,VERX,Technology,Software - Application,NASDAQ,60.55,13,17,9,11,12.79,2129510787.2686958,161816931.0,0.0919,-69.27,1744439,1579583,1433097,0.111
5072,OI,Consumer Cyclical,Packaging & Containers,NYSE,60.51,13,11,23,77,8.35,1212599519.938343,153299563.0,0.1149,-50.62,3521624,3312698,2640408,-0.017
5073,LNAI,Healthcare,Biotechnology,NASDAQ,60.41,13,2,1,4,2.26,11108030.716192722,4533890.0,0.0787,-93.26,98835,625863,959956,
5074,DSS,Consumer Cyclical,Packaging & Containers,NYSE ARCA,60.38,13,8,39,28,0.67,4810366.143548906,10042518.0,0.038399998,-64.64,8214888,2775772,1709041,-0.126
5075,SPSC,Technology,Software - Application,NASDAQ,60.36,13,10,11,14,55.68,2036453624.75531,36712702.0,0.0892,-61.6,727085,608698,592069,0.058
5076,TC,Communication Services,Advertising Agencies,NASDAQ,60.33,13,15,17,38,9.33,235164200.4204464,26422945.0,0.0001,-58.46,2801,5610,3540,
5077,PCOR,Technology,Software - Application,NYSE,60.32,13,22,25,46,43.54,7328737745.07196,150890216.0,0.0925,-47.11,2247271,2692750,2454572,0.157
5078,SLSN,Consumer Defensive,Household & Personal Products,NASDAQ,60.31,13,10,4,11,1.12,92528498.90837908,70632445.0,0.0392,-80.11,32739,37059,42771,-0.114
5079,NRSN,Healthcare,Biotechnology,NASDAQ,60.3,13,22,18,15,0.73,27074859.75,36099813.0,0.0174,-71.92,122135,131915,129449,
5080,LXEO,Healthcare,Biotechnology,NASDAQ,60.28,13,69,82,96,4.13,343139531.5939121,78521634.0,0.19780001,-62.42,582435,680551,832281,
5081,SKYE,Healthcare,Biotechnology,NASDAQ,60.26,13,14,6,5,0.78,25760347.538928866,35143722.0,0.0506,-86.43,217843,177161,200782,
5082,GHG,Consumer Cyclical,Lodging,NYSE,60.25,13,14,14,18,1.13,118049865.91995656,100897325.0,0.0025,-59.29,14928,25902,24437,-0.295
5083,LI,Consumer Cyclical,Auto Manufacturers,NASDAQ,60.19,13,26,27,12,13.69,14410082203.443302,1014794535.0,0.041300002,-57.25,5745214,4952524,4129338,-0.114
5084,MTEK,Technology,Electronic Components,NASDAQ,60.15,13,11,23,5,1.24,11541365.494959831,9698626.0,0.036199998,-70.96,1932252,735920,491810,-0.762
5085,MVO,Energy,Oil & Gas E&P,NYSE,60.02,13,29,52,1,1.59,18515000.16450882,11500000.0,0.097600006,-74.6,135996,180418,252137,-0.386
5086,MYND,Consumer Defensive,Education & Training Services,NYSE ARCA,59.93,13,8,16,9,0.41,18857842.281003743,47144605.0,0.0034,-64.32,3556932,1193000,718902,-0.347
5087,TRDA,Healthcare,Biotechnology,NASDAQ,59.92,13,29,91,89,5.97,247287319.47733307,38820616.0,0.060399998,-63.71,252641,567957,402820,-0.957
5088,AMS,Healthcare,Medical Care Facilities,NYSE ARCA,59.88,13,16,33,20,1.47,8811250.284314156,6625000.0,0.0239,-52.73,196510,281903,242936,0.159
5089,CHYM,Technology,Software - Application,NASDAQ,59.87,13,17,18,26,16.44,6660214375.30328,381019139.0,0.0394,-63.42,4038941,5130517,4463284,0.248
5090,NTRP,Consumer Cyclical,Travel Services,NASDAQ,59.82,13,20,21,22,2.24,35653931.83288193,14493468.0,0.0056,-56.92,57164,40524,60068,18.389
5091,LULU,Consumer Cyclical,Apparel Retail,NASDAQ,59.77,13,12,21,29,118.93,12971264434.332962,113553918.0,0.0581,-55.45,5733831,4073413,3511098,0.043
5092,CTM,Technology,Information Technology Services,NYSE ARCA,59.76,13,13,20,90,0.7,67046849.21840376,94698939.0,0.0596,-55.13,945017,1755655,1411871,0.225
5093,LFS,Communication Services,Entertainment,NASDAQ,59.75,13,27,15,78,1.96,53106055.82153869,26160619.0,0.0085,-84.31,480455,3016561,1824219,0.09
5094,GLOO,Technology,Software - Application,NASDAQ,59.74,13,27,22,27,4.69,434286585.3682051,82407322.0,0.0123000005,-53.01,251056,130255,132421,4.177
5095,TASK,Technology,Information Technology Services,NASDAQ,59.69,13,15,20,14,5.53,525658875.7394123,91578205.0,0.1276,-69.93,416162,636184,607954,0.103
5096,MOS,Basic Materials,Agricultural Inputs,NYSE,59.68,13,18,42,18,19.82,7068909289.810677,317846644.0,0.081499994,-48.16,8114319,8450616,8566189,0.144
5097,EMPD,Consumer Cyclical,Auto Manufacturers,NASDAQ,59.66,13,45,29,9,3.38,93325566.64344764,28110111.0,0.1223,-92.33,157237,203795,376693,-0.512
5098,BTOC,Industrials,Integrated Freight & Logistics,NASDAQ,59.66,13,7,3,6,0.31,15223431.844206601,45443079.0,0.0199,-82.58,403216,348195,325027,-0.091
5099,VGAS,Utilities,Utilities - Renewable,NASDAQ,59.66,13,36,14,20,1.46,67269928.7951417,44549622.0,0.0347,-62.76,25408,21339,22057,
5100,RC,Real Estate,REIT - Mortgage,NYSE,59.62,13,16,9,6,1.66,282524617.7126074,165219071.0,0.1391,-65.05,1468032,1750267,1608620,
5101,HLNE,Financial Services,Asset Management,NASDAQ,59.6,13,11,19,27,78.09,3515889867.4338684,43697364.0,0.1112,-51.54,1166775,981831,935209,-0.022
5102,AEMD,Healthcare,Medical Devices,NASDAQ,59.49,13,8,4,2,2.02,4478732.181730986,2344886.0,0.0185,-92.99,550078,1139486,688239,
5103,HAIN,Consumer Defensive,Packaged Foods,NASDAQ,59.48,13,13,6,8,0.63,65885044.311448574,90253483.0,0.107700005,-70.97,857801,900530,1012622,-0.133
5104,BANL,Energy,Oil & Gas Midstream,NASDAQ,59.47,13,54,34,8,0.4,10430297.629117012,27448152.0,0.0403,-61.17,265446,227158,878437,-0.133
5105,CNXC,Technology,Information Technology Services,NASDAQ,59.43,13,9,18,19,25.75,1697154240.7028046,61004826.0,0.2027,-58.56,1259331,1561143,1493568,0.054
5106,PEGA,Technology,Software - Application,NASDAQ,59.42,13,17,29,76,32.91,5800597977.210686,167116051.0,0.139,-51.67,1895720,1847046,2135220,-0.096
5107,BNGO,Healthcare,Medical Instruments & Supplies,NASDAQ,59.42,13,17,8,9,1.16,13425749.507546425,11475000.0,0.1067,-78.91,169307,171679,151187,0.036
5108,GPGI,Industrials,Metal Fabrication,NYSE,59.41,13,14,60,83,11.52,3446452680.5660295,289861445.0,0.2384,-56.98,1665791,3067313,3166632,
5109,RNTX,Healthcare,Biotechnology,NASDAQ,59.39,13,24,31,28,0.92,80663308.76673937,85539032.0,0.0052,-57.8,484032,1177704,765480,
5110,LSH,Industrials,Integrated Freight & Logistics,NASDAQ,59.36,13,23,75,10,0.58,20931955.198930085,34427559.0,0.0022,-65.48,139315,76255,58529,1.67
5111,PASW,Consumer Cyclical,Textile Manufacturing,NASDAQ,59.32,13,3,1,2,0.19,20052549.80698228,124550000.0,0.0007,-96.48,494357,261625,328667,-0.62
5112,SOBR,Technology,Scientific & Technical Instruments,NASDAQ,59.28,13,76,3,3,0.97,2862710.526468754,2806579.0,0.128,-81.66,318109,13887083,8571247,-0.088
5113,EVGO,Consumer Cyclical,Specialty Retail,NASDAQ,59.17,13,8,14,17,1.89,299751150.625,141059365.0,0.3364,-63.51,5187118,4516079,4139307,0.455
5114,BGLC,Basic Materials,Specialty Chemicals,NASDAQ,59.15,13,14,12,72,1.97,5318090.915266514,2417314.0,0.0052,-87.37,505181,180887,109930,-0.989
5115,PLG,Basic Materials,Other Precious Metals & Mining,NYSE ARCA,59.14,13,52,61,93,1.32,178824485.15672958,126825879.0,0.0505,-67.33,1545206,1530448,1481047,
5116,LICN,Industrials,Specialty Business Services,NASDAQ,59.13,13,97,21,99,2.32,29750652.30947733,16436825.0,0.0011,-75.56,515632,520234,332726,-0.561
5117,GHI,Financial Services,Mortgage Finance,NYSE,59.07,13,12,30,10,5.14,121346928.74709606,23562510.0,0.0107,-58.78,44056,59735,83389,-0.156
5118,SUIG,Financial Services,Credit Services,NASDAQ,59.05,13,59,16,20,1.25,94652996.52814865,80900000.0,0.006,-85.57,400823,419517,379026,-0.237
5119,ACON,Healthcare,Health Information Services,NASDAQ,59.05,13,16,5,8,3.16,8790232.335627079,2462250.0,0.0806,-73.73,140657,74375,108909,0.113
5120,KTTA,Healthcare,Biotechnology,NASDAQ,59.01,13,53,30,78,0.58,19547451.36300373,33414448.0,0.009,-71.84,685857,441422,608431,
5121,ARQQ,Technology,Software - Infrastructure,NASDAQ,58.98,13,14,11,26,13.09,211265275.51464367,17402411.0,0.129,-78.89,664919,635029,531857,8.299
5122,ATHR,Technology,Software - Application,NASDAQ,58.9,13,8,8,41,3.16,37770109.02596712,12144730.0,0.10569999,-80.75,9091,8227,11568,-0.017
5123,WIMI,Communication Services,Advertising Agencies,NASDAQ,58.89,13,8,10,11,1.62,28864535.74433446,18385054.0,0.0381,-71.33,185728,282766,633929,-0.068
5124,GRCE,Healthcare,Biotechnology,NASDAQ,58.8,13,16,91,65,2.31,35590261.362140894,15474027.0,0.1596,-55.41,271189,376016,816761,
5125,TRI,Industrials,Specialty Business Services,NASDAQ,58.79,13,17,13,19,81.96,37559801935.14324,436538837.0,6.12,-62.48,1582927,2022515,1962681,0.098
5126,AVD,Basic Materials,Agricultural Inputs,NYSE,58.76,13,9,34,20,2.93,76091683.15526366,28605895.0,0.0315,-50.51,482836,315695,311041,0.067
5127,RENT,Consumer Cyclical,Apparel Retail,NASDAQ,58.72,12,27,27,90,3.46,111842806.00755882,33586429.0,0.0322,-65.84,96674,90568,100560,0.292
5128,ACHR,Industrials,Aerospace & Defense,NYSE,58.72,12,20,18,27,5.05,4226271400.5590143,762864879.0,0.1617,-65.46,52058511,51220407,40530026,
5129,CCC,Technology,Software - Application,NASDAQ,58.68,12,13,17,20,4.7,2735142808.1999817,586940536.0,0.060300004,-55.24,10572742,12144754,11209650,0.118
5130,ENLV,Healthcare,Biotechnology,NASDAQ,58.66,12,12,65,19,0.67,171144588.86765552,241048724.0,0.0017,-68.1,530986,372468,448849,
5131,CETY,Industrials,Specialty Industrial Machinery,NASDAQ,58.66,12,13,8,1,0.88,9246240.443974972,12166106.0,0.0007,-82.44,73716,83312,76225,2.289
5132,YAAS,Technology,Software - Application,NASDAQ,58.65,12,4,2,0,1.0,21424436.705659747,22791954.0,0.01,-99.82,191435,210965,3822461,-0.18
5133,HSCS,Healthcare,Medical Devices,NASDAQ,58.64,12,11,35,13,1.88,6178318.182229996,3184700.0,0.0121,-70.94,42406,28882,27899,
5134,COTY,Consumer Defensive,Household & Personal Products,NYSE,58.63,12,13,10,12,1.99,1725714252.0671291,880466438.0,0.1172,-62.73,8768357,8620122,8441935,-0.013
5135,HCAT,Healthcare,Health Information Services,NASDAQ,58.63,12,8,5,11,1.6,142615454.7241044,73894020.0,0.1528,-62.71,4186994,1787194,1310728,-0.109
5136,LTBR,Industrials,Electrical Equipment & Parts,NASDAQ,58.63,12,33,30,89,8.72,309395070.0458355,32844487.0,0.123900004,-72.18,1149251,943920,897180,
5137,ELF,Consumer Defensive,Household & Personal Products,NYSE,58.62,12,13,27,15,58.12,2946466855.680191,59440526.0,0.1784,-61.51,4339516,4211575,3488359,0.351
5138,BRTX,Healthcare,Biotechnology,NASDAQ,58.57,12,2,2,15,0.38,10318659.285372347,25478171.0,0.0147,-81.42,6483225,20830085,13050341,-0.073
5139,FIS,Technology,Information Technology Services,NYSE,58.51,12,16,20,31,38.97,21166201627.797497,516879151.0,0.0394,-52.9,7260055,7191045,6708625,0.301
5140,MDXG,Healthcare,Biotechnology,NASDAQ,58.47,12,8,13,42,3.64,557057035.3604572,148945731.0,0.0617,-54.44,1400840,1656646,1626122,-0.331
5141,MIST,Healthcare,Biotechnology,NASDAQ,58.46,12,71,26,74,1.22,153132517.77461052,124497980.0,0.065799996,-60.13,1107811,1379040,1922850,
5142,SVRN,Industrials,Marine Shipping,NASDAQ,58.41,12,3,1,6,10.0,16788552.84221649,1875816.0,0.0128999995,-99.37,22284,26151,29664,-0.374
5143,ANPA,Industrials,Specialty Business Services,NASDAQ,58.39,12,5,77,99,5.7,88647300.1217413,15101755.0,0.0085,-96.84,7602,29780,24752,
5144,ERII,Industrials,Pollution & Treatment Controls,NASDAQ,58.38,12,10,19,39,7.92,412877536.3877735,51545259.0,0.0417,-56.77,744419,1188756,1059049,0.203
5145,FUTU,Financial Services,Capital Markets,NASDAQ,58.36,12,33,56,83,92.93,12944157333.743774,140194488.0,0.0715,-54.12,4289458,5683519,3894313,0.288
5146,SMPL,Consumer Defensive,Packaged Foods,NASDAQ,58.36,12,7,13,10,12.61,1105348517.7938766,92575256.0,0.1114,-63.26,1952513,2226664,3026618,-0.094
5147,HUDI,Basic Materials,Steel,NASDAQ,58.28,12,38,36,22,0.95,13441231.045908093,14299182.0,0.0155,-82.6,867664,352298,214242,-0.099
5148,GTBP,Healthcare,Biotechnology,NASDAQ,58.27,12,5,6,7,0.42,15723425.765685081,36062904.0,0.057600003,-89.09,1717474,1943134,1396224,
5149,ONT,Industrials,Waste Management,NYSE,58.19,12,12,45,81,16.81,619787729.263979,36139227.0,0.065799996,-47.47,669415,716238,546455,-0.052
5150,TTEC,Technology,Information Technology Services,NASDAQ,58.17,12,22,28,30,2.22,106075273.82829738,48658381.0,0.3204,-60.29,477482,494567,509962,-0.071
5151,MNTN,Technology,Software - Application,NYSE,58.09,12,7,12,8,8.53,692668677.3600597,73924086.0,0.0214,-73.34,1056862,966304,750178,0.142
5152,ZEO,Technology,Solar,NASDAQ,58.09,12,11,16,16,0.78,28849867.048247337,35139912.0,0.017,-78.8,86570,88593,166686,0.501
5153,MBIO,Healthcare,Biotechnology,NASDAQ,58.09,12,9,19,11,0.74,5076928.476463258,7577505.0,0.008,-89.43,600015,229008,152723,
5154,NCEL,Healthcare,Biotechnology,NASDAQ,58.07,12,16,7,1,3.17,15774742.389412165,5383871.0,0.016900001,-89.71,26169,57763,62373,
5155,NUS,Consumer Defensive,Household & Personal Products,NYSE,58.06,12,14,23,74,5.43,260716410.3538313,48550543.0,0.064899996,-62.86,669771,672357,560472,-0.12
5156,KMPR,Financial Services,Insurance - Property & Casualty,NYSE,58.05,12,19,12,14,24.72,1457137242.0,58874232.0,0.0716,-62.16,1277775,1131408,946519,-0.071
5157,RMTI,Healthcare,Drug Manufacturers - Specialty & Generic,NASDAQ,58.05,12,21,29,10,0.67,26050398.375149786,39470299.0,0.0127,-68.1,393003,314651,263972,-0.083
5158,ICU,Healthcare,Biotechnology,NASDAQ,58.02,12,77,6,2,2.63,11751186.108710289,3997002.0,0.039,-79.77,90366,81955,112443,0.689
5159,COIN,Financial Services,Financial Data & Stock Exchanges,NASDAQ,57.97,12,43,26,29,153.97,40151419130.3631,263460766.0,0.1166,-65.37,9634261,9709737,9758746,-0.308
5160,BEEM,Technology,Solar,NASDAQ,57.95,12,34,23,16,1.11,29084076.38961506,22201586.0,0.0655,-72.52,539090,556450,634638,-0.505
5161,FAMI,Consumer Defensive,Packaged Foods,NASDAQ,57.9,12,21,22,14,1.02,15749338.06237185,13815209.0,0.0128999995,-53.0,32956,26708,25595,-0.573
5162,DXC,Technology,Information Technology Services,NYSE,57.9,12,11,22,34,8.82,1460343206.7272282,162080263.0,0.2682,-46.38,4322428,5734049,4636011,-0.012
5163,TCRT,Healthcare,Biotechnology,NASDAQ,57.88,12,44,81,95,1.97,5568092.8101296425,2442146.0,0.0034999999,-68.23,25227,17469,17415,
5164,OSRH,Healthcare,Biotechnology,NASDAQ,57.88,12,61,10,6,0.42,13620738.461744785,35104995.0,0.09770001,-76.54,1160120,12351713,7772826,-0.364
5165,AEC,Energy,Uranium,NASDAQ,57.84,12,25,71,33,3.72,76376895.73149109,18184976.0,0.0025,-70.22,55545,58705,50481,
5166,CRDF,Healthcare,Biotechnology,NASDAQ,57.83,12,22,17,25,1.48,102554844.0,68369896.0,0.2699,-67.54,2071887,1367845,1115071,-0.624
5167,CRK,Energy,Oil & Gas E&P,NYSE,57.79,12,16,51,66,13.37,3818045816.0,293695832.0,0.27290002,-57.11,2597283,2867531,2543538,0.142
5168,HELP,Healthcare,Biotechnology,NASDAQ,57.77,12,18,16,32,3.87,207060648.40827513,49894131.0,1.69,-60.63,566501,733763,1063030,
5169,MBRX,Healthcare,Biotechnology,NASDAQ,57.76,12,3,2,3,2.5,12807242.90891409,5336351.0,0.0998,-89.58,256337,244359,191449,
5170,CVRX,Healthcare,Medical Devices,NASDAQ,57.71,12,23,48,48,4.83,142763381.7567978,26535944.0,0.1007,-57.26,291372,353314,318622,0.196
5171,INMB,Healthcare,Biotechnology,NASDAQ,57.56,12,14,8,9,1.21,33497424.826463223,26585258.0,0.1542,-89.6,352778,442106,379815,
5172,BETA,Industrials,Aerospace & Defense,NYSE,57.55,12,14,8,19,15.72,3952850411.811842,230756019.0,0.0398,-60.2,1823081,1900210,1655586,0.056
5173,NVNO,Healthcare,Medical Devices,NASDAQ,57.49,12,7,8,1,10.27,6816900.515469551,667669.0,0.107200004,-94.78,6509,12163,10339,
5174,HUIZ,Financial Services,Insurance Brokers,NASDAQ,57.49,12,12,10,66,1.4,14148506.159052372,10106076.0,0.0219,-69.09,11140,12066,296660,0.577
5175,SERV,Industrials,Specialty Industrial Machinery,NASDAQ,57.48,12,29,36,39,6.98,659449290.25,85090231.0,0.2628,-62.55,6889901,5215883,4434020,5.782
5176,LX,Financial Services,Credit Services,NASDAQ,57.45,12,7,10,6,2.14,341111716.1791959,164788274.0,0.0499,-73.2,1551816,1678695,1640781,0.066
5177,BCYC,Healthcare,Biotechnology,NASDAQ,57.41,12,16,14,26,4.03,293207131.68456554,69811225.0,0.0695,-56.94,314745,344135,363475,-0.911
5178,BEEP,Industrials,Infrastructure Operations,NASDAQ,57.31,12,8,17,27,1.89,83620700.74147415,41192464.0,0.0242,-59.53,44507,57892,45845,-0.037
5179,CHWY,Consumer Cyclical,Internet Retail,NYSE,57.29,12,16,19,32,19.98,8441422451.496185,408983658.0,0.1159,-57.94,9763307,9401272,8510719,0.005
5180,UFG,Industrials,Marine Shipping,NASDAQ,57.26,12,7,12,2,0.85,21719085.959792137,32465000.0,0.010299999,-92.27,957029,560019,370533,0.843
5181,CPNG,Consumer Cyclical,Internet Retail,NYSE,57.2,12,15,23,23,15.12,27195221960.387352,1795064201.0,0.0308,-55.63,24998442,25395537,22396496,0.075
5182,MBOT,Healthcare,Medical Instruments & Supplies,NASDAQ,57.1,12,36,77,75,1.77,123583236.0818671,67164801.0,0.1146,-62.1,1596624,1732728,1673588,
5183,NMG,Basic Materials,Other Industrial Metals & Mining,NYSE,57.09,12,27,59,93,1.37,510127195.8066058,329114330.0,8.76,-77.39,1017619,1161089,1292151,
5184,GEOS,Energy,Oil & Gas Equipment & Services,NASDAQ,57.08,12,21,71,87,7.35,99604140.63272953,12935603.0,0.0546,-75.41,158200,229633,217608,0.095
5185,DQ,Technology,Semiconductor Equipment & Materials,NYSE,57.07,12,24,58,91,14.46,1104311335.1899338,67666137.0,0.0685,-60.48,1186881,1033580,870918,-0.784
5186,RPD,Technology,Software - Infrastructure,NASDAQ,57.05,11,8,3,11,7.21,501897956.47631454,66830618.0,0.1516,-72.11,2070933,2086604,2089960,-0.003
5187,UONEK,Communication Services,Broadcasting,NASDAQ,56.92,11,40,22,64,4.66,21277166.12232685,4517445.0,0.65,-66.71,11618,17086,10775,-0.158
5188,AUID,Technology,Software - Infrastructure,NASDAQ,56.92,11,5,23,2,1.26,20165608.75,16132487.0,0.0656,-79.48,143039,155699,174121,0.621
5189,WWR,Basic Materials,Other Industrial Metals & Mining,NYSE ARCA,56.86,11,24,58,87,0.48,62293065.68239379,127128703.0,0.0106,-87.2,1094245,1031861,1000907,
5190,ACCL,Industrials,Consulting Services,NASDAQ,56.8,11,10,5,23,1.55,21622344.334816933,13949900.0,0.0194,-69.0,2535139,855053,542435,0.007
5191,CTGO,Basic Materials,Gold,NYSE ARCA,56.73,11,78,78,93,14.96,507724981.5,30771211.0,0.0547,-56.49,467237,437865,470993,
5192,ZTS,Healthcare,Drug Manufacturers - Specialty & Generic,NYSE,56.65,11,8,30,19,81.29,33303482717.426147,419228118.0,0.036,-52.04,6991928,8553416,6418781,0.029
5193,GLOB,Technology,Information Technology Services,NYSE,56.64,11,7,11,19,36.85,1653776961.8566132,43179556.0,0.2005,-65.05,1648789,1863809,1657127,-0.007
5194,BMGL,Healthcare,Medical Care Facilities,NASDAQ,56.64,11,15,5,3,0.59,10238234.063521028,18785750.0,0.0029,-88.36,3474443,1173284,710878,0.273
5195,LFT,Real Estate,REIT - Mortgage,NYSE,56.5,11,16,21,12,1.0,53488251.25979662,52439463.0,0.0505,-62.26,150263,160024,136356,2.085
5196,SJT,Energy,Oil & Gas E&P,NYSE,56.44,11,16,29,47,3.54,171986463.59697676,46608797.0,0.0207,-49.43,231434,179691,178002,-0.976
5197,GETY,Communication Services,Internet Content & Information,NYSE,56.43,11,8,6,15,0.71,317571113.7443614,418959244.0,0.19409999,-77.88,2258872,2365790,1762852,0.011
5198,FVRR,Communication Services,Internet Content & Information,NYSE,56.41,11,9,7,17,10.07,368135446.4915314,35950728.0,0.1297,-70.22,1029842,969254,870010,-0.016
5199,MTVA,Healthcare,Biotechnology,NASDAQ,56.41,11,3,1,14,1.96,13272430.555241108,5164370.0,0.020399999,-89.7,2325132,7560097,4593662,
5200,SINT,Healthcare,Medical Devices,NASDAQ,56.39,11,21,23,51,2.07,12590311.542555809,6202124.0,0.0539,-69.47,118244,67144,52310,0.03
5201,ELOG,Industrials,Integrated Freight & Logistics,NASDAQ,56.3,11,7,8,12,1.04,15526720.489501953,12832000.0,0.0076,-71.11,1228355,416915,255211,0.278
5202,BARK,Consumer Cyclical,Specialty Retail,NYSE,56.26,11,7,53,10,10.13,78725619.84311771,8641671.0,0.1356,-55.18,97452,63654,73069,-0.221
5203,ZBAO,Financial Services,Insurance Brokers,NASDAQ,56.25,11,17,20,22,0.65,22719148.417823076,34061692.0,0.0378,-51.49,374935,436725,357443,0.407
5204,CNEY,Basic Materials,Specialty Chemicals,NASDAQ,56.14,11,6,19,1,0.8,7793141.55220896,8203307.0,0.0312,-74.03,345798,1457909,1178167,-0.024
5205,AIRO,Industrials,Aerospace & Defense,NASDAQ,56.09,11,9,20,4,7.96,260684387.56044388,31445644.0,0.09689999,-79.63,938202,659437,615246,-0.245
5206,CHOW,Technology,Software - Infrastructure,NYSE ARCA,56.02,11,4,2,0,0.73,12989339.881539345,35490000.0,0.0064999997,-96.67,28959265,9768405,6715107,-0.126
5207,JBDI,Consumer Cyclical,Specialty Retail,NASDAQ,56.0,11,9,22,33,0.6,9895112.917049408,19029064.0,0.0017,-80.0,72590,334530,204364,-0.081
5208,PLBL,Consumer Cyclical,Department Stores,NASDAQ,55.99,11,19,30,72,6.08,2121383437.3234272,366387470.0,0.0036000002,-54.9,41433,18841,16186,0.611
5209,MKTX,Financial Services,Capital Markets,NASDAQ,55.96,11,19,38,28,116.11,4155628250.1357803,35539453.0,0.0868,-49.11,830375,694098,577923,0.119
5210,CELH,Consumer Defensive,Beverages - Non-Alcoholic,NASDAQ,55.93,11,13,65,58,28.37,7191163112.258072,255640360.0,0.105100006,-57.49,10419340,10587840,9028470,1.377
5211,ANVS,Healthcare,Biotechnology,NYSE,55.91,11,59,58,90,1.72,80404129.9114337,42541868.0,0.1515,-68.73,1251868,1246212,1300381,
5212,UXIN,Consumer Cyclical,Auto & Truck Dealerships,NASDAQ,55.88,11,15,69,14,2.16,448759724.048419,219980261.0,0.0083,-59.7,96669,110923,144895,1.007
5213,GSHD,Financial Services,Insurance Brokers,NASDAQ,55.88,11,10,8,17,38.62,907769966.6314316,23670665.0,0.1071,-65.81,579921,461947,453672,0.233
5214,WXM,Industrials,Industrial Distribution,NASDAQ,55.79,11,9,6,1,4.73,5465343.6425328255,1126875.0,0.0425,-88.8,136389,69319,42366,-0.517
5215,HCKT,Technology,Information Technology Services,NASDAQ,55.76,11,9,13,25,10.92,275314542.59703827,25188887.0,0.0659,-58.14,360721,451783,364868,-0.11
5216,DVLT,Technology,Software - Infrastructure,NASDAQ,55.68,11,22,39,97,0.39,367891663.96945626,855561995.0,0.1456,-90.49,37662828,56259966,46797917,4.431
5217,AGMH,Technology,Computer Hardware,NASDAQ,55.68,11,6,6,26,1.09,2436866.728454113,2298931.0,0.0241,-93.98,551876,242255,206937,4.307
5218,TNON,Healthcare,Medical Devices,NASDAQ,55.67,11,24,27,30,0.6,6990350.19191885,11573428.0,0.0167,-75.81,111197,87292,87917,0.899
5219,GIBO,Communication Services,Internet Content & Information,NASDAQ,55.66,11,8,3,5,1.47,84652906.79494977,65117623.0,0.0011999999,-99.66,23238,15206,37861,
5220,GLIBK,Communication Services,Telecom Services,NASDAQ,55.66,11,22,70,53,21.38,860351649.328434,39904994.0,0.0698,-48.08,1191146,989058,734869,-0.038
5221,CMCM,Communication Services,Internet Content & Information,NYSE,55.62,11,36,80,69,3.79,125396051.89597034,31038627.0,0.0033000002,-59.85,30086,20988,18835,0.303
5222,SKYX,Industrials,Electrical Equipment & Parts,NASDAQ,55.58,11,15,75,93,0.97,143897979.07397103,134484086.0,0.0548,-70.52,1395931,2013293,1640374,0.098
5223,TIL,Healthcare,Biotechnology,NASDAQ,55.56,11,15,8,7,7.98,54730552.32030487,6781977.0,0.0575,-81.35,13933,27164,26916,
5224,TRAW,Healthcare,Biotechnology,NASDAQ,55.51,11,37,42,35,1.25,20756416.60224402,15150669.0,0.1302,-61.77,309394,4421371,2749212,
5225,SNES,Basic Materials,Specialty Chemicals,NASDAQ,55.42,11,13,14,12,1.72,8114241.628267765,5303426.0,0.020499999,-72.44,38704,111611,75928,0.016
5226,RGNX,Healthcare,Biotechnology,NASDAQ,55.4,11,72,33,91,6.13,314321531.73578453,51697621.0,0.14850001,-62.14,1355211,1798060,1301176,-0.928
5227,SGLY,Industrials,Integrated Freight & Logistics,NASDAQ,55.34,11,16,9,7,0.36,2771526.92522192,7293492.0,0.009,-75.17,221328,124752,484273,0.112
5228,YDKG,Communication Services,Advertising Agencies,NASDAQ,55.31,11,5,4,0,0.94,5252729.484086931,5529189.0,0.026300002,-99.86,324695,158421,118913,
5229,NIU,Consumer Cyclical,Auto Manufacturers,NASDAQ,55.29,11,20,44,30,2.26,178049918.26395035,78436088.0,0.031400003,-60.14,714102,470774,391026,0.334
5230,DJT,Communication Services,Internet Content & Information,NASDAQ,55.28,11,10,16,8,7.79,2290408284.3394012,276953828.0,0.0683,-64.02,4748760,4254803,3939538,0.061
5231,DCGO,Healthcare,Medical Care Facilities,NASDAQ,55.28,11,9,8,6,0.56,55217134.37423897,98778413.0,0.048600003,-68.54,625026,580185,856677,-0.213
5232,NEXM,Basic Materials,Other Industrial Metals & Mining,NASDAQ,55.2,11,12,13,10,2.49,91972260.40026093,35648164.0,3.45,-75.94,41930,40886,42414,
5233,PONY,Technology,Information Technology Services,NASDAQ,55.12,11,9,26,50,8.18,3737128137.2451067,433541553.0,0.074499995,-67.17,5084200,5093890,4495462,1.45
5234,NCNA,Healthcare,Biotechnology,NASDAQ,55.11,11,8,3,4,1.95,8115843.648458242,4161971.0,0.040599998,-95.12,44282,40407,39128,
5235,CERT,Healthcare,Health Information Services,NASDAQ,55.11,11,9,15,19,5.18,835381927.1570435,155564608.0,0.2518,-62.68,3877099,3839626,3841499,0.009
5236,WAY,Healthcare,Health Information Services,NASDAQ,54.95,11,12,17,27,18.8,3836257820.0,191812891.0,0.0775,-54.69,2238312,2635657,2541020,0.224
5237,BMBL,Communication Services,Internet Content & Information,NASDAQ,54.9,11,24,32,9,2.71,370424505.92500305,130431168.0,0.1336,-68.63,2981955,3160268,3010579,-0.141
5238,IQ,Communication Services,Entertainment,NASDAQ,54.84,11,9,13,24,1.03,1013275925.7340348,965024735.0,0.1522,-63.73,5730083,6312617,8050062,-0.134
5239,GPUS,Industrials,Aerospace & Defense,NYSE ARCA,54.83,11,3,4,2,0.17,80357481.94311932,535716525.0,0.4926,-96.52,73735613,49285474,51809952,0.762
5240,MMYT,Consumer Cyclical,Travel Services,NASDAQ,54.81,11,10,8,24,39.06,4182694509.7555847,94867192.0,0.115200005,-62.8,751053,919591,1178128,0.019
5241,PSIX,Industrials,Specialty Industrial Machinery,NASDAQ,54.75,11,9,70,88,38.29,866927438.5688782,23050450.0,0.1296,-68.56,574218,995929,822219,-0.051
5242,IVVD,Healthcare,Biotechnology,NASDAQ,54.68,11,80,87,98,0.9,303445667.1312132,294607452.0,0.1165,-70.68,3540526,3149962,3277109,0.216
5243,SCYX,Healthcare,Drug Manufacturers - Specialty & Generic,NASDAQ,54.67,11,41,71,11,4.15,46771849.96881199,9930329.0,0.0292,-60.4,73085,57099,86963,
5244,GTEC,Consumer Cyclical,Auto Parts,NASDAQ,54.59,11,6,11,12,0.63,17253743.66713643,26544222.0,0.0023,-72.16,132573,147424,123170,0.234
5245,ALGS,Healthcare,Biotechnology,NASDAQ,54.5,10,34,20,43,5.16,30384173.985752106,6188223.0,0.1019,-62.31,119637,129149,251281,8.1
5246,RNAZ,Healthcare,Biotechnology,NASDAQ,54.41,10,13,36,13,5.51,5321691.109372139,950302.0,0.039,-73.75,274256,99035,61559,
5247,PEW,Industrials,Aerospace & Defense,NYSE,54.41,10,18,12,4,2.54,77028187.89542866,29400073.0,0.0954,-88.13,494411,413053,329758,0.111
5248,ABR,Real Estate,REIT - Mortgage,NYSE,54.39,10,14,25,17,5.2,1009896315.75,192361203.0,0.0002,-58.66,4404585,5391491,4086621,-0.103
5249,GLIBA,Communication Services,Telecom Services,NASDAQ,54.38,10,22,67,42,21.2,865140282.0980377,39904994.0,0.0551,-49.37,105821,82207,64104,-0.038
5250,ZG,Communication Services,Internet Content & Information,NASDAQ,54.37,10,14,11,30,34.1,8097295916.250458,228801810.0,0.1578,-62.2,1185822,1245910,1077244,0.184
5251,BL,Technology,Software - Application,NASDAQ,54.31,10,8,14,55,27.63,1681221872.2690544,58660917.0,0.17950001,-53.62,1491839,1464629,1289327,0.097
5252,PRT,Energy,Oil & Gas E&P,NYSE,54.22,10,16,30,56,2.19,25304721.631828308,12165732.0,0.0097,-48.83,60923,79374,73562,-0.273
5253,VALN,Healthcare,Biotechnology,NASDAQ,54.21,10,14,87,83,5.26,519632551.6486139,94823458.0,0.0017,-57.06,31951,37960,74728,-0.372
5254,INLX,Technology,Software - Application,NYSE ARCA,54.2,10,18,21,14,5.5,28093712.5,4494994.0,0.00029999999,-62.25,2555,1841,1357,-0.08
5255,TSCO,Consumer Cyclical,Specialty Retail,NASDAQ,54.2,10,8,36,35,30.77,15618109924.590973,524449616.0,0.0547,-51.91,13175411,13493090,11728734,0.036
5256,BGSI,Consumer Cyclical,Auto & Truck Dealerships,NYSE,54.15,10,13,45,54,95.42,2869557916.026123,27830064.0,4.07,-47.89,43723,56141,59740,0.281
5257,AGNT,Real Estate,Real Estate Services,NASDAQ,54.13,10,10,12,34,4.7,780538639.0,164323924.0,0.11310001,-61.56,1252131,1292490,1109122,0.053
5258,GAUZ,Technology,Electronic Components,NASDAQ,54.13,10,8,2,1,0.6,11058450.33844167,18743137.0,0.0106,-93.75,65079,437813,279487,-0.178
5259,MSGY,Industrials,Engineering & Construction,NASDAQ,54.13,10,4,0,6,0.58,6884899.962693453,14225000.0,0.0117999995,-97.39,2243257,1310235,876755,-0.191
5260,ZS,Technology,Software - Infrastructure,NASDAQ,54.1,10,12,13,33,124.73,21148371482.100677,161709525.0,0.1058,-62.99,7506359,5839623,4659869,0.254
5261,LUCY,Healthcare,Medical Instruments & Supplies,NASDAQ,54.1,10,14,11,8,0.88,5814584.975143433,6403728.0,0.0087,-82.29,59015,78905,81961,0.702
5262,ALT,Healthcare,Biotechnology,NASDAQ,54.04,10,14,18,36,2.61,527024964.75860023,194474154.0,0.19379999,-66.24,2949152,3198884,3802386,
5263,BEAT,Healthcare,Health Information Services,NASDAQ,54.03,10,12,17,94,0.76,46570233.8239038,55506835.0,0.0515,-81.0,716526,706388,1030541,
5264,PASG,Healthcare,Biotechnology,NASDAQ,54.03,10,16,36,61,5.13,18027897.452895164,3207811.0,0.0633,-74.35,40891,57637,88476,
5265,PLUR,Healthcare,Biotechnology,NASDAQ,54.02,10,24,29,12,2.26,25463327.42813158,10789546.0,0.0088,-62.08,15489,14229,10575,-0.609
5266,AQMS,Industrials,Waste Management,NASDAQ,53.97,10,32,17,29,3.31,11733400.972062588,3362006.0,0.076799996,-91.6,56341,60230,53514,
5267,TMDX,Healthcare,Medical Devices,NASDAQ,53.87,10,6,73,86,74.77,2399564061.277153,34560911.0,0.3691,-52.07,1217085,1701968,1365453,0.212
5268,NWTG,Consumer Cyclical,Leisure,NASDAQ,53.86,10,16,35,11,1.02,4799988.594676971,4752464.0,0.0184,-54.22,45184,60994,52618,-0.181
5269,VEEA,Technology,Information Technology Services,NASDAQ,53.81,10,21,28,12,0.41,22179329.799818993,50407568.0,0.01,-80.75,412684,303888,275740,11.65
5270,HYPD,Healthcare,Biotechnology,NASDAQ,53.8,10,68,83,14,2.52,45321663.67455554,15157747.0,0.0641,-85.33,622783,609747,503884,15.595
5271,WING,Consumer Cyclical,Restaurants,NASDAQ,53.79,10,6,24,32,145.59,3873285896.839981,27232553.0,0.1919,-62.49,1095301,1435887,1392094,0.074
5272,GRAN,Financial Services,Capital Markets,NASDAQ,53.77,10,3,6,19,1.45,25404374.52495098,24906250.0,0.0022,-78.36,2961245,995848,600459,-0.832
5273,CTOR,Healthcare,Drug Manufacturers - Specialty & Generic,NASDAQ,53.75,10,18,18,31,0.69,72525336.45978642,92981204.0,0.018,-88.85,90045,89408,117415,
5274,FLNA,Healthcare,Biotechnology,NASDAQ,53.62,10,7,24,78,1.32,63766425.25384998,48307896.0,0.14140001,-73.49,358813,414681,389050,
5275,CFND,Financial Services,Asset Management,NYSE,53.58,10,8,11,8,3.15,19733331.614313126,6666666.0,0.17,-67.79,29749,31776,26343,
5276,FWRD,Industrials,Integrated Freight & Logistics,NASDAQ,53.57,10,4,16,47,12.25,327635465.7024021,31625046.0,0.15,-62.27,1053023,1740341,1265192,-0.051
5277,GWRE,Technology,Software - Application,NYSE,53.55,10,19,21,28,116.59,11327860682.577393,83256364.0,0.0717,-57.23,2131165,1580728,1529011,0.269
5278,NCTY,Financial Services,Capital Markets,NASDAQ,53.54,10,29,18,15,4.36,71631154.10393763,15273167.0,0.0108,-62.41,36424,34094,35946,1.335
5279,ZYBT,Healthcare,Drug Manufacturers - Specialty & Generic,NASDAQ,53.44,10,7,2,2,0.9,39382232.88592589,47391377.0,0.0007,-93.12,72414,68491,50686,-0.409
5280,ORBS,Consumer Cyclical,Packaging & Containers,NASDAQ,53.36,10,9,10,81,0.89,337570045.1301832,388011544.0,0.054899998,-98.93,24197563,21183564,21470052,-0.237
5281,ADIL,Healthcare,Biotechnology,NASDAQ,53.34,10,2,2,11,2.16,4737402.491772652,2143621.0,0.0239,-88.63,33675,153965,131799,
5282,SWVL,Industrials,Railroads,NASDAQ,53.33,10,17,8,8,1.34,15046159.34497261,9964344.0,0.0031,-72.6,32652,20297,23784,
5283,MCRB,Healthcare,Biotechnology,NASDAQ,53.22,10,12,15,74,6.49,64204483.5282383,9683934.0,0.069299996,-78.35,86816,57542,53985,
5284,WGS,Healthcare,Diagnostics & Research,NASDAQ,53.19,10,5,19,90,54.32,1550011862.4897995,29688027.0,0.3193,-68.21,1188357,1861149,1357037,0.174
5285,Z,Communication Services,Internet Content & Information,NASDAQ,53.12,10,13,10,28,33.93,8021791772.81147,228801810.0,0.093,-63.86,5708482,4375904,3862900,0.184
5286,OPTT,Industrials,Specialty Industrial Machinery,NYSE ARCA,53.11,10,17,30,16,0.27,66126795.40722415,228023439.0,0.066300005,-70.0,8571642,4628344,4085656,-0.378
5287,OMH,Real Estate,Real Estate Services,NASDAQ,53.09,10,12,56,29,0.72,16009084.212603629,23101131.0,0.0055,-77.85,891460,317303,200264,-0.129
5288,GWH,Industrials,Electrical Equipment & Parts,NYSE,52.99,10,4,22,67,0.84,26655977.34415233,29389170.0,0.0537,-93.94,562504,967111,737204,
5289,KAPA,Healthcare,Biotechnology,NYSE ARCA,52.88,10,12,23,15,0.43,9420927.508951724,21411199.0,0.0083,-79.62,112867,163022,133369,
5290,UPWK,Communication Services,Internet Content & Information,NASDAQ,52.77,10,8,19,85,8.57,1082018908.391058,123518137.0,0.2809,-62.48,3542925,5055971,4211057,0.014
5291,QNRX,Healthcare,Biotechnology,NASDAQ,52.76,10,23,31,76,5.06,9017796.3603096,2008418.0,0.0399,-87.89,32455,27365,32315,
5292,AAPG,Healthcare,Biotechnology,NASDAQ,52.74,10,20,30,59,17.07,1605400186.4106445,93337216.0,0.12,-64.77,11410,8016,6038,1.17
5293,FOUR,Technology,Software - Infrastructure,NYSE,52.7,10,9,11,16,35.63,3020845571.175598,79328924.0,0.1911,-67.16,1705997,1699512,1651111,0.322
5294,OMEX,Basic Materials,Other Industrial Metals & Mining,NASDAQ,52.69,10,14,89,99,0.89,57461207.17809409,58574115.0,0.0851,-79.91,843629,1021759,6917637,-0.833
5295,STEM,Utilities,Utilities - Renewable,NYSE,52.64,10,14,30,92,7.39,68968536.3915968,8956953.0,0.126,-77.07,193213,188904,158768,-0.108
5296,PHR,Healthcare,Health Information Services,NYSE,52.6,10,7,9,12,9.14,589685418.7020636,61811889.0,0.0685,-72.1,1992771,1571657,2042346,0.129
5297,UCL,Communication Services,Telecom Services,NASDAQ,52.58,10,10,28,66,1.09,39235016.410171986,38092250.0,0.0008,-73.99,47316,22195,16171,-0.101
5298,EPAM,Technology,Information Technology Services,NYSE,52.58,10,8,21,74,93.04,5122046023.871223,52244451.0,0.2508,-58.19,2818713,2218014,1877444,0.076
5299,MSTR,Technology,Software - Application,NASDAQ,52.55,10,32,12,6,115.35,42384226014.11902,351911534.0,0.1196,-74.77,23142234,17519121,18231416,0.119
5300,MWG,Industrials,Rental & Leasing Services,NYSE ARCA,52.53,10,10,17,29,1.42,5964747.668366432,5142024.0,0.0507,-76.53,133833,211454,137362,0.08
5301,ZTEK,Healthcare,Medical Instruments & Supplies,NASDAQ,52.52,10,58,19,11,0.47,55922646.548769474,107543555.0,0.0022,-69.28,122523,179114,152672,0.731
5302,SHAK,Consumer Cyclical,Restaurants,NYSE,52.52,10,12,42,18,54.48,2111957319.037033,40350732.0,0.1557,-62.34,2908072,3030070,2239180,0.143
5303,SQNS,Technology,Semiconductors,NYSE,52.48,10,14,4,4,3.11,52122274.48567629,14977665.0,0.0057,-94.67,233810,265943,258242,-0.248
5304,RECT,Consumer Cyclical,Specialty Retail,NASDAQ,52.45,9,8,8,5,1.2,16819999.516010284,14500000.0,0.0119,-76.0,13507,25459,2694849,0.108
5305,FLUX,Industrials,Electrical Equipment & Parts,NASDAQ,52.38,9,10,26,17,0.9,20720542.12115407,21361383.0,0.034,-88.08,104303,130694,120294,-0.607
5306,NWGL,Basic Materials,Lumber & Wood Production,NASDAQ,52.33,9,17,26,14,0.73,12100363.717611134,16553165.0,0.0081,-88.96,1738822,659594,409786,-0.119
5307,REE,Consumer Cyclical,Auto Parts,NASDAQ,52.33,9,7,16,12,0.39,12465280.098269641,29124486.0,0.0146,-77.8,49778,70506,53309,45.375
5308,GWAV,Industrials,Waste Management,NASDAQ,52.31,9,8,6,6,3.44,2775115.7187359333,829631.0,0.0498,-90.01,10798,8836,8367,0.49
5309,QDEL,Healthcare,Medical Devices,NASDAQ,52.29,9,5,11,29,13.5,977176867.1674404,68190989.0,0.23629999,-62.06,1721212,2099990,2393920,-0.105
5310,CBUS,Healthcare,Biotechnology,NASDAQ,52.2,9,22,97,27,1.2,98467804.94817924,76331634.0,0.0817,-71.37,266905,296225,435459,-0.128
5311,ZJYL,Healthcare,Medical Instruments & Supplies,NASDAQ,52.16,9,6,4,2,2.36,19333567.073942423,7827355.0,0.0083,-86.26,1687182,567074,349758,-0.165
5312,CISO,Technology,Software - Infrastructure,NASDAQ,52.04,9,6,10,5,0.34,15814354.926302701,45313337.0,0.0033000002,-77.03,469345,395578,378403,-0.154
5313,MAMO,Consumer Cyclical,Recreational Vehicles,NASDAQ,51.95,9,10,4,93,0.98,39975311.10648215,41640950.0,0.039300002,-82.47,93952,92710,1394136,-0.147
5314,CXAI,Technology,Software - Application,NASDAQ,51.93,9,4,9,5,0.21,26944402.13378875,109086651.0,0.0963,-81.74,86774377,39597749,26731827,-0.224
5315,FUFU,Financial Services,Capital Markets,NASDAQ,51.93,9,15,17,12,1.72,274978432.7266686,166653598.0,0.0054,-68.03,293487,236212,252183,-0.069
5316,CSGP,Real Estate,Real Estate Services,NASDAQ,51.9,9,7,11,19,34.23,13839174932.109451,408355715.0,0.046,-64.87,7602113,8390177,7352448,0.225
5317,NTSK,Technology,Software - Infrastructure,NASDAQ,51.82,9,12,6,28,8.47,3891804450.5657864,403923649.0,0.0685,-69.74,8179765,5128425,4851485,0.278
5318,LGO,Basic Materials,Other Industrial Metals & Mining,NASDAQ,51.78,9,17,40,9,0.75,87149701.90963542,101336861.0,3.4,-72.22,955175,940051,1045043,-0.025
5319,PSTV,Healthcare,Biotechnology,NASDAQ,51.75,9,8,9,91,5.39,37241881.71960068,6883897.0,0.16950001,-77.06,128353,139667,349972,-0.032
5320,KVYO,Technology,Software - Application,NYSE,51.71,9,8,13,25,14.51,4662779463.706762,299279813.0,0.15609999,-60.53,6183844,8076604,6468178,0.279
5321,TNXP,Healthcare,Biotechnology,NASDAQ,51.69,9,13,14,17,10.96,176462448.20531464,15940601.0,0.1471,-84.34,545272,484550,453296,1.832
5322,ATEC,Healthcare,Medical Devices,NASDAQ,51.68,9,7,36,93,8.13,1230314440.0,153789305.0,0.1065,-65.09,2401875,4063228,3447023,0.136
5323,FMC,Basic Materials,Agricultural Inputs,NYSE,51.65,9,13,13,3,10.8,1455527346.570897,125045301.0,0.1933,-75.88,3070998,3166516,2927207,-0.041
5324,USBC,Technology,Scientific & Technical Instruments,NYSE ARCA,51.64,9,66,5,6,0.34,128087666.98974639,388144430.0,0.047,-93.66,699801,3703820,2421142,
5325,BLSH,Technology,Software - Infrastructure,NYSE,51.62,9,38,21,12,26.1,4088439269.3217926,151648346.0,0.2564,-77.88,1802646,1580092,1370901,0.655
5326,LMRI,Healthcare,Medical Devices,NASDAQ,51.59,9,12,18,38,9.04,816686247.5,96080735.0,0.1347,-53.52,771381,968873,932550,0.031
5327,BYND,Consumer Defensive,Packaged Foods,NASDAQ,51.51,9,14,7,4,0.68,365377751.50478077,515342392.0,0.2696,-91.16,41532087,50513685,65582261,-0.153
5328,BSX,Healthcare,Medical Devices,NYSE,51.49,9,10,19,36,48.34,72162542806.45099,1486355179.0,0.0212,-55.85,25352066,21270078,19998779,0.116
5329,CCOI,Communication Services,Telecom Services,NASDAQ,51.3,9,8,11,6,14.46,842807064.4693775,50077663.0,0.1461,-73.4,1039783,1442891,1211704,-0.032
5330,YSXT,Industrials,Specialty Business Services,NASDAQ,51.3,9,8,11,5,1.05,28718974.202275276,27882500.0,0.0004,-82.64,11488,32886,80041,0.202
5331,QTRX,Healthcare,Medical Devices,NASDAQ,51.25,9,7,20,66,3.07,155449735.0538118,47105981.0,0.123100005,-64.99,1138315,1366665,1205829,0.201
5332,FWDI,Consumer Cyclical,Footwear & Accessories,NASDAQ,51.22,9,12,21,48,3.85,275568093.58320665,74679699.0,0.0305,-91.63,1005181,1028667,893706,3.15
5333,VENU,Consumer Cyclical,Restaurants,NYSE ARCA,51.16,9,6,4,19,3.28,195029864.54946327,59825112.0,0.0357,-81.95,335263,286567,305786,0.115
5334,WHR,Consumer Cyclical,"Furnishings, Fixtures & Appliances",NYSE,51.15,9,7,16,22,40.11,2558568664.9997864,64823121.0,0.0013,-64.17,2630077,3325145,2915987,-0.096
5335,AMST,Technology,Software - Application,NASDAQ,51.09,9,3,15,19,1.24,7901529.889546037,5852985.0,0.0735,-74.06,262094,6404054,4123666,1.715
5336,LBRDK,Communication Services,Telecom Services,NASDAQ,51.07,9,9,28,14,32.24,4435514812.403984,143497730.0,0.0271,-66.06,2562609,2144023,2027875,
5337,LBRDA,Communication Services,Telecom Services,NASDAQ,51.02,9,9,28,14,32.09,4442435495.426828,143861257.0,0.0221,-66.1,197412,206184,198814,
5338,HTCO,Industrials,Marine Shipping,NASDAQ,50.91,9,61,49,72,4.59,26282770.46431732,9063024.0,0.048899997,-91.89,1340143,1298664,1278304,0.568
5339,VERI,Technology,Software - Infrastructure,NASDAQ,50.8,9,13,40,96,1.59,158952029.255929,92954401.0,0.1102,-83.12,2860403,2829857,2784846,-0.098
5340,REFR,Technology,Electronic Components,NASDAQ,50.78,9,10,17,42,0.73,25802161.97252512,34867786.0,0.0106,-72.96,29073,35817,30358,-0.756
5341,TIGR,Financial Services,Capital Markets,NASDAQ,50.77,9,13,26,36,4.83,800578964.6884446,178700661.0,0.0494,-64.35,6180460,6884463,5068028,0.271
5342,KD,Technology,Information Technology Services,NYSE,50.75,9,10,5,18,11.25,2555449412.35236,219918196.0,0.1634,-74.55,3986005,4469111,4131467,-0.008
5343,PSNYW,Consumer Cyclical,Auto Manufacturers,NASDAQ,50.74,9,15,24,13,2.75,23274883640.0,9309953456.0,0.71,-80.9,10065,7931,6687,0.454
5344,BHST,Consumer Defensive,Packaged Foods,NASDAQ,50.73,9,11,20,18,3.09,72310417.27706432,22667842.0,0.0033000002,-75.86,29705,37251,33273,0.246
5345,EU,Energy,Uranium,NASDAQ,50.73,9,13,33,43,1.28,268041544.59382486,194233004.0,0.1237,-69.38,2889579,2946499,2648153,0.003
5346,LDI,Financial Services,Mortgage Finance,NYSE,50.7,9,14,23,71,1.1,639991440.9117894,542365652.0,0.15,-78.22,1662270,1883260,1828984,0.017
5347,UGRO,Industrials,Farm & Heavy Construction Machinery,NASDAQ,50.57,9,51,2,11,2.89,3765112.662009001,1259235.0,0.0242,-92.19,62650,95926,336218,
5348,SQFTP,Real Estate,REIT - Diversified,NASDAQ,50.54,9,19,6,73,5.27,,,0.11,-67.04,2514,3188,4448,-0.085
5349,AMIX,Healthcare,Medical Devices,NASDAQ,50.53,9,7,6,6,0.38,4677830.999197006,11409344.0,0.0173,-85.61,134802,1353570,858512,
5350,ARBK,Financial Services,Capital Markets,NASDAQ,50.53,9,10,2,0,3.76,50344046.51741552,14634897.0,0.0034999999,-98.17,21301,32917,31744,
5351,ATGL,Technology,Software - Infrastructure,NASDAQ,50.48,9,33,22,50,12.1,214012500.0,16462500.0,0.0049,-75.8,3746,5328,3429,-0.314
5352,GSUN,Consumer Defensive,Education & Training Services,NASDAQ,50.43,9,2,1,4,0.5,4131894.444782138,10028870.0,0.0299,-85.55,286458,454829,717011,3.046
5353,PLNT,Consumer Cyclical,Leisure,NYSE,50.37,9,6,20,62,50.6,4010138595.467537,79126649.0,0.0958,-55.8,1912729,3282206,2484513,0.197
5354,CHTR,Communication Services,Telecom Services,NASDAQ,50.36,9,9,27,13,137.79,18652485555.05249,141178370.0,0.4483,-67.37,3009083,3313837,3167068,-0.01
5355,NEGG,Consumer Cyclical,Internet Retail,NASDAQ,50.34,9,81,98,99,16.78,363679158.0202904,20973423.0,0.2054,-87.83,133798,113639,96237,-0.118
5356,VNTG,Industrials,Marine Shipping,NYSE ARCA,50.33,9,9,7,1,0.7,22851000.90801716,31737500.0,0.0011999999,-90.86,24030,20300,22766,
5357,FMFC,Consumer Cyclical,Footwear & Accessories,NASDAQ,50.33,9,11,12,0,0.41,6953999.9127388,18300000.0,0.0234,-97.4,283037,157719,204255,-0.17
5358,FEAM,Basic Materials,Specialty Chemicals,NASDAQ,50.24,9,5,8,23,1.57,71821336.58184004,41515223.0,0.0121,-79.07,188335,227465,230551,
5359,BGMS,Healthcare,Biotechnology,NASDAQ,50.24,9,7,4,1,0.9,8279184.0,5519456.0,0.0063,-95.47,13889044,4657088,2859130,
5360,SAFX,Utilities,Utilities - Renewable,NASDAQ,50.23,9,67,6,1,0.38,133690524.30015117,332563485.0,0.0533,-99.17,4775639,7463729,13569991,
5361,MLEC,Healthcare,Biotechnology,NASDAQ,50.2,9,33,21,0,7.25,5424101.307654381,726118.0,0.013099999,-93.96,45663,42237,318830,
5362,XCUR,Healthcare,Biotechnology,NASDAQ,50.19,9,10,17,35,2.76,18611896.5262928,6373937.0,0.0106,-73.38,17386,15212,15673,
5363,AORT,Healthcare,Medical Devices,NYSE,50.15,8,10,66,88,20.47,976692242.7392006,48543350.0,0.0481,-57.58,742148,853032,679081,0.175
5364,ATOS,Healthcare,Biotechnology,NASDAQ,50.1,8,18,6,23,4.4,38493085.823250294,8611429.0,0.0397,-77.26,52338,51359,54157,
5365,OWLS,Technology,Software - Infrastructure,NASDAQ,50.07,8,10,5,0,5.63,506150446.7148261,88333411.0,1.66,-93.74,39972,34594,35954,0.017
5366,REKR,Technology,Software - Infrastructure,NASDAQ,50.05,8,17,17,86,0.69,103068479.90664989,137608115.0,0.1559,-79.82,2506311,4033537,3419454,0.116
5367,SOS,Financial Services,Capital Markets,NYSE,50.05,8,11,17,7,0.99,16332023.045787811,16170320.0,0.0482,-89.71,26836,24482,39001,-0.621
5368,JZXN,Consumer Cyclical,Auto & Truck Dealerships,NASDAQ,50.04,8,3,1,0,1.53,1488301.9263364077,1328841.0,0.1711,-99.18,7216088,5938769,3589277,
5369,GFAI,Industrials,Security & Protection Services,NASDAQ,50.04,8,15,10,14,0.43,14312691.578112245,31250418.0,0.0241,-71.33,5171275,1957741,1307905,
5370,UWMC,Financial Services,Mortgage Finance,NYSE,49.94,8,15,18,34,2.43,878594067.6840401,339225520.0,0.1296,-65.97,22657233,20907644,17186724,0.244
5371,BDMD,Healthcare,Medical Devices,NASDAQ,49.9,8,80,46,7,1.26,40297005.954998255,31981751.0,0.0159,-82.65,118051,155750,196058,-0.39
5372,HOLO,Technology,Electronic Components,NASDAQ,49.84,8,7,7,4,1.73,39638383.237018585,22912360.0,0.055,-82.68,780958,700319,724159,0.51
5373,VIVS,Healthcare,Biotechnology,NASDAQ,49.83,8,13,17,14,1.18,3473422.9380214214,2894519.0,0.014099999,-77.74,60975,48508,55775,0.083
5374,SRXH,Consumer Defensive,Packaged Foods,NYSE ARCA,49.81,8,9,3,13,0.13,71420826.66199881,590254769.0,0.0304,-83.33,42728430,37907616,35762948,
5375,TME,Communication Services,Internet Content & Information,NYSE,49.79,8,7,30,49,9.21,14866446505.725918,1637273858.0,0.04,-65.51,11627790,11664760,10508094,0.073
5376,YEXT,Technology,Software - Infrastructure,NYSE,49.78,8,8,18,68,3.8,389965181.7564459,100248116.0,0.0834,-58.7,1767949,1282673,1701389,-0.014
5377,VIOT,Consumer Cyclical,"Furnishings, Fixtures & Appliances",NASDAQ,49.71,8,9,20,64,0.92,63282426.03949249,67321730.0,0.0005,-78.75,337298,232359,222231,-0.259
5378,BTAI,Healthcare,Drug Manufacturers - Specialty & Generic,NASDAQ,49.64,8,10,21,14,1.09,34119754.11394358,30877605.0,0.1173,-86.51,735856,700595,847765,0.226
5379,CCG,Communication Services,Internet Content & Information,NASDAQ,49.52,8,23,26,35,0.48,41510780.5,83021561.0,0.0028,-68.83,228447,130439,121113,-0.156
5380,GLMD,Healthcare,Biotechnology,NASDAQ,49.47,8,11,7,8,0.52,4593359.051827669,6599654.0,0.009,-77.78,2373181,876237,4248842,
5381,PBM,Healthcare,Biotechnology,NASDAQ,49.4,8,20,0,2,3.28,8049507.54812932,2293307.0,0.0311,-99.3,99961,175410,3236826,
5382,GOTU,Consumer Defensive,Education & Training Services,NYSE,49.38,8,16,16,15,1.45,376756957.35332537,238453764.0,0.0176,-64.81,637821,511223,432274,0.214
5383,HIND,Healthcare,Biotechnology,NASDAQ,49.37,8,5,3,4,2.17,15160021.08240509,7018528.0,0.0273,-88.33,25325,34111,28765,-0.841
5384,GOGO,Communication Services,Telecom Services,NASDAQ,49.32,8,13,14,7,3.4,512553997.01105976,135238523.0,0.2005,-79.79,1900072,1631187,1548458,-0.017
5385,DOCS,Healthcare,Health Information Services,NYSE,49.27,8,14,7,14,20.24,3765335475.63406,182872047.0,0.12149999,-73.55,3365754,4797444,4206458,0.051
5386,NVX,Industrials,Electrical Equipment & Parts,NASDAQ,49.24,8,9,18,20,0.56,130196385.19443762,215556939.0,0.0191,-85.49,274282,310520,298664,-0.101
5387,EPSM,Consumer Defensive,Beverages - Wineries & Distilleries,NASDAQ,49.01,8,4,4,2,1.84,15168028.355993986,13423034.0,0.003,-98.81,7577892,2550304,1535522,-0.616
5388,PODD,Healthcare,Medical Devices,NASDAQ,49.01,8,8,22,39,150.71,10612733434.831604,69264674.0,0.049099997,-57.53,1677975,1809638,1422163,0.339
5389,WKHS,Consumer Cyclical,Auto Manufacturers,NASDAQ,48.96,8,6,4,3,3.08,35730351.688337326,10893400.0,0.0912,-95.42,206778,269692,219059,2.781
5390,EVGN,Healthcare,Biotechnology,NASDAQ,48.81,8,14,14,19,0.59,6455913.729651928,10412764.0,0.015,-75.62,2795631,974247,605192,-0.863
5391,XPON,Industrials,Electrical Equipment & Parts,NASDAQ,48.81,8,11,17,20,0.49,5501821.408904672,11438298.0,0.0178,-91.09,159886,159525,172365,0.118
5392,LNZA,Industrials,Waste Management,NASDAQ,48.77,8,84,15,5,7.45,86257586.16724777,13089163.0,0.0375,-89.54,174349,108019,85727,0.268
5393,SKYQ,Energy,Oil & Gas Integrated,NASDAQ,48.71,8,33,31,8,1.91,8726255.971489191,4794646.0,0.113900006,-90.18,2179945,1792555,9662475,-1.0
5394,HUBS,Technology,Software - Application,NYSE,48.68,8,9,11,12,192.79,10885192117.875671,51190708.0,0.1409,-68.43,2580498,2220966,1949715,0.234
5395,RAIN,Industrials,Pollution & Treatment Controls,NASDAQ,48.59,8,5,24,91,2.01,18015435.190474033,8188834.0,0.0017,-76.41,21380,37586,28834,
5396,MYSZ,Technology,Software - Application,NASDAQ,48.53,8,10,10,17,0.47,2519899.7811899185,4818164.0,0.0176,-71.52,142953,67504,61716,0.619
5397,CTXR,Healthcare,Biotechnology,NASDAQ,48.53,8,11,24,23,0.55,15373439.265452027,27452570.0,0.1915,-77.82,434170,747283,766618,
5398,YSG,Consumer Defensive,Household & Personal Products,NYSE,48.51,8,8,16,9,3.03,249522552.9313879,93805468.0,0.0031,-73.81,270449,192333,162521,0.225
5399,SNWV,Healthcare,Medical Devices,NASDAQ,48.42,8,7,18,59,14.38,126920887.72814941,8598976.0,0.142,-69.13,66282,100847,90798,0.031
5400,DRMA,Healthcare,Biotechnology,NASDAQ,48.37,8,6,3,3,1.19,4746128.529030204,4022143.0,0.0364,-85.12,65046,56165,68871,
5401,RCT,Technology,Software - Application,NASDAQ,48.24,8,6,9,29,0.63,31224427.03468895,59362026.0,0.0584,-88.25,591039,2255009,4972291,0.005
5402,OPRX,Healthcare,Health Information Services,NASDAQ,48.23,8,8,9,82,5.08,95889535.75540781,18765075.0,0.1125,-77.17,338988,476392,465279,-0.095
5403,INO,Healthcare,Biotechnology,NASDAQ,48.2,8,23,24,62,1.09,88032367.90540302,82273237.0,0.2217,-63.42,1567072,3214560,3183474,
5404,CSAN,Energy,Oil & Gas Refining & Marketing,NYSE,48.19,8,20,25,17,2.63,2749799965.612672,985591399.0,0.0023999999,-57.72,3507124,2533721,2264850,0.265
5405,VIA,Technology,Software - Application,NYSE,48.14,8,6,4,10,14.74,1198301119.9328518,81295871.0,0.1248,-73.82,980363,789457,663060,0.292
5406,NCL,Consumer Cyclical,"Furnishings, Fixtures & Appliances",NYSE ARCA,48.04,8,4,1,0,0.17,8489827.504734442,53733083.0,0.003,-99.16,336621,455623,448286,0.443
5407,RITR,Industrials,Engineering & Construction,NASDAQ,47.96,8,3,3,2,0.57,29348562.42556125,62443750.0,0.0135,-93.19,159031,72500,64582,-0.714
5408,FNUC,Basic Materials,Other Industrial Metals & Mining,NASDAQ,47.95,8,9,15,35,1.81,52110301.821982384,26318334.0,0.053000003,-75.64,626137,519382,427759,
5409,MASK,Technology,Software - Application,NASDAQ,47.87,8,1,2,2,3.03,7901975.798508644,2065876.0,0.1046,-96.79,21589730,10483306,9257226,1.069
5410,CRE,Industrials,Specialty Business Services,NASDAQ,47.86,8,5,5,2,3.11,6263493.1387245655,2013985.0,0.0050999997,-96.96,995140,883680,535262,0.574
5411,SMXT,Technology,Solar,NASDAQ,47.78,8,10,19,15,0.48,29363789.60529542,56906572.0,0.0138,-80.8,4853740,1681630,1106760,1.141
5412,NCI,Consumer Cyclical,Apparel Manufacturing,NASDAQ,47.68,8,10,99,16,10.74,193868684.5,18914018.0,0.03,-90.28,1020489,575657,674034,-0.508
5413,VRAX,Healthcare,Biotechnology,NASDAQ,47.68,8,4,3,6,0.18,1581191.0124602318,7423432.0,0.055999998,-84.21,5525220,37589646,38365772,-0.675
5414,NEOV,Industrials,Electrical Equipment & Parts,NASDAQ,47.63,8,15,77,33,1.94,107616591.17451382,54906423.0,0.105100006,-72.79,1641235,1174688,851561,0.005
5415,FMST,Basic Materials,Other Industrial Metals & Mining,NASDAQ,47.63,8,16,74,91,1.44,24420870.0,16280580.0,0.0105,-71.08,92866,114822,123327,
5416,WVE,Healthcare,Biotechnology,NASDAQ,47.62,8,18,81,95,5.66,1102464621.1297808,192402202.0,0.1146,-73.95,3505373,4042251,4095740,3.169
5417,ONFO,Communication Services,Internet Content & Information,NASDAQ,47.55,8,90,13,12,0.39,2944828.54711926,6662508.0,0.0343,-84.26,271898,255176,6093481,-0.336
5418,RPID,Healthcare,Medical Devices,NASDAQ,47.54,8,19,36,92,1.83,99145400.3851378,49821809.0,0.024400001,-62.96,122461,146023,165038,0.111
5419,SPWR,Technology,Solar,NASDAQ,47.51,8,9,23,51,0.79,138674495.89732385,145819663.0,0.1608,-65.2,4824507,3029359,2575839,-0.072
5420,VSTM,Healthcare,Biotechnology,NASDAQ,47.47,8,12,20,85,3.76,326011204.0421133,87873639.0,0.20459999,-66.58,2549935,2455065,2293481,
5421,RBLX,Communication Services,Electronic Gaming & Multimedia,NYSE,47.37,8,6,16,51,41.5,29942230897.400627,715978745.0,0.038900003,-72.44,9851063,13474554,11579272,0.393
5422,AIIO,Consumer Cyclical,Auto Manufacturers,NASDAQ,47.34,7,2,1,6,2.81,58163576.39202261,19783529.0,0.1725,-95.01,6286675,25479205,15528461,-0.982
5423,VSTD,Consumer Cyclical,Restaurants,NASDAQ,47.27,7,22,5,1,0.3,4110569.229183197,14524980.0,0.0034,-91.61,118609,124856,101337,0.109
5424,MATH,Financial Services,Capital Markets,NASDAQ,47.26,7,7,7,79,1.05,38588886.05690569,43407071.0,0.0023,-74.82,136830,125443,100010,-0.39
5425,DUO,Real Estate,Real Estate Services,NASDAQ,47.24,7,19,6,4,0.92,38548413.0,38548413.0,0.004,-82.77,727470,293990,193896,-0.24
5426,CDLX,Communication Services,Advertising Agencies,NASDAQ,47.14,7,8,9,5,4.83,34847178.0,5807863.0,0.1387,-85.27,117918,97912,119534,-0.446
5427,NTHI,Healthcare,Biotechnology,NASDAQ,47.12,7,14,47,50,4.55,114978063.10464478,26013136.0,0.02,-64.97,45622,85250,75862,
5428,CLRB,Healthcare,Biotechnology,NASDAQ,47.06,7,16,13,5,2.26,20698792.394057274,7991812.0,0.09770001,-83.97,185897,2098205,1271075,
5429,LU,Financial Services,Credit Services,NYSE,47.05,7,13,24,25,1.34,1256698934.7269468,866688892.0,3.91,-70.68,1533707,1221579,1296215,-0.195
5430,TTD,Communication Services,Advertising Agencies,NASDAQ,47.01,7,7,12,11,19.29,9378662160.614216,470108361.0,0.21059999,-78.91,23246155,20929975,19534103,0.118
5431,SCNX,Healthcare,Pharmaceutical Retailers,NASDAQ,46.95,7,9,9,5,0.35,14627094.341228485,40630816.0,0.030299999,-86.54,510111,404947,479110,4.491
5432,INTZ,Technology,Software - Infrastructure,NASDAQ,46.89,7,8,25,77,0.73,15684180.431490898,20369066.0,0.0161,-72.35,169081,138957,125888,-0.5
5433,NGEN,Healthcare,Biotechnology,NASDAQ,46.77,7,80,84,94,1.73,197537834.47924805,106203136.0,8.83,-72.54,902707,1065142,737745,
5434,ZDAI,Industrials,Engineering & Construction,NASDAQ,46.74,7,2,11,4,2.96,23407313.1904006,8043750.0,0.0057,-81.86,29691,151913,156454,-0.432
5435,JEM,Consumer Cyclical,Apparel Retail,NASDAQ,46.72,7,2,2,1,1.93,3080168.348712921,1801268.0,0.1178,-98.78,449869,276859,647561,0.235
5436,GRML,Basic Materials,Other Precious Metals & Mining,NASDAQ,46.72,7,86,27,20,0.29,37220269.978560805,121238660.0,0.0467,-92.58,3636543,3442084,3552300,
5437,ANGI,Communication Services,Internet Content & Information,NASDAQ,46.61,7,5,9,16,5.69,239452257.80593872,40448016.0,0.1317,-70.7,1379436,1649688,1266947,-0.032
5438,AIOS,Technology,Information Technology Services,NASDAQ,46.52,7,4,1,16,14.8,46980000.0,3240000.0,0.0159,-84.9,50319,404783,246159,
5439,STG,Consumer Defensive,Education & Training Services,NYSE,46.5,7,7,23,30,2.87,46586818.50410938,13425596.0,0.0002,-80.87,2694506,901312,541499,-0.096
5440,INSP,Healthcare,Medical Devices,NYSE,46.47,7,7,8,43,42.28,1186813732.5011559,28813153.0,0.1674,-71.24,946276,1304132,1160453,0.016
5441,PEPG,Healthcare,Biotechnology,NASDAQ,46.44,7,15,97,98,1.38,97528590.84122837,69169215.0,0.070700005,-82.31,604097,784999,1555003,
5442,UONE,Communication Services,Broadcasting,NASDAQ,46.43,7,6,9,18,5.67,28324380.063836575,4517445.0,0.1694,-70.16,27644,204131,135488,-0.158
5443,SAGT,Technology,Software - Application,NASDAQ,46.4,7,13,70,17,1.12,16921800.246834755,17850000.0,0.0278,-66.96,158140,4094013,2521830,-0.3
5444,VTAK,Healthcare,Medical Devices,NYSE ARCA,46.38,7,4,6,8,1.1,2773247.1129677296,2692473.0,0.0070999996,-93.02,75285,83435,143215,2.021
5445,BLKB,Technology,Software - Application,NASDAQ,46.35,7,9,16,33,28.34,1300337896.329609,45932106.0,0.1224,-62.15,806090,720666,656086,0.042
5446,NAGE,Healthcare,Biotechnology,NASDAQ,46.34,7,8,11,15,3.47,274772931.94773746,79644327.0,0.0962,-76.38,829388,1009132,860649,0.033
5447,HYFM,Industrials,Farm & Heavy Construction Machinery,NASDAQ,46.32,7,6,6,13,0.93,4574027.417762518,4764612.0,0.0104,-80.54,99919,49369,43101,-0.296
5448,FIG,Technology,Software - Application,NYSE,46.25,7,6,8,5,19.79,11492190462.75,528376573.0,0.3689,-86.15,18007697,20786325,18838273,0.461
5449,EDHL,Communication Services,Advertising Agencies,NASDAQ,46.24,7,5,2,3,3.5,7015017.813563347,1666275.0,0.0187,-96.82,6471571,2446897,1476782,-0.134
5450,DFLI,Industrials,Electrical Equipment & Parts,NASDAQ,46.19,7,9,12,67,1.76,23836532.58332491,12815340.0,0.0992,-93.26,388928,447626,445781,0.069
5451,ADVB,Healthcare,Diagnostics & Research,NASDAQ,46.18,7,17,7,5,3.89,6889394.736047745,1652133.0,0.0037,-80.55,43468,222612,531371,
5452,PAR,Technology,Software - Application,NYSE,46.14,7,6,4,12,13.48,555173840.1134176,41246199.0,0.33099997,-81.32,1564614,1468748,1558554,0.194
5453,BCDA,Healthcare,Biotechnology,NASDAQ,45.96,7,18,16,19,0.81,11715965.394566536,11374724.0,0.025799999,-66.94,16123033,5618324,3396090,
5454,MKZR,Real Estate,REIT - Diversified,NASDAQ,45.92,7,6,13,5,2.32,5256670.936160564,2255114.0,0.0043,-86.27,8660,20043,19094,-0.44
5455,NA,Technology,Semiconductors,NASDAQ,45.89,7,9,17,6,1.99,49213868.14335823,23214090.0,0.060599998,-93.68,127707,195075,153161,0.181
5456,CNCK,Financial Services,Capital Markets,NASDAQ,45.88,7,8,8,8,1.75,244668813.11848974,135927122.0,0.0452,-81.2,125306,1939155,1308473,0.045
5457,INTU,Technology,Software - Application,NASDAQ,45.75,7,17,16,45,284.22,81174842791.25977,273537000.0,0.0462,-65.07,6604478,5425462,4620033,0.104
5458,SMR,Industrials,Specialty Industrial Machinery,NYSE,45.7,7,9,9,10,9.29,3634110742.5,346105785.0,0.19629999,-83.82,39635582,33866470,35415170,-0.958
5459,AMBR,Technology,Software - Infrastructure,NASDAQ,45.64,7,14,30,1,1.48,137641870.05631542,94275251.0,0.0114,-88.47,69569,52133,54085,-0.329
5460,FRMI,Real Estate,REIT - Specialty,NASDAQ,45.63,7,3,7,3,6.89,3685179235.188399,637574239.0,0.0986,-81.37,16716627,16251149,17762263,
5461,COSM,Healthcare,Medical Distribution,NASDAQ,45.63,7,10,17,19,0.23,15049204.722077489,59956994.0,0.0228,-82.58,2804889,1628419,1593101,0.307
5462,VBIO,Healthcare,Biotechnology,NASDAQ,45.57,7,16,5,9,0.8,2432626.2094745636,3200824.0,0.0644,-85.71,67826,173175,190645,
5463,PPBT,Healthcare,Biotechnology,NASDAQ,45.47,7,5,6,12,2.96,2768853.806672573,932274.0,0.008,-89.79,12961,227490,142158,
5464,OCS,Healthcare,Biotechnology,NASDAQ,45.35,7,85,85,66,10.97,676950300.6336222,60388073.0,0.0095999995,-68.18,2039370,986170,725496,-0.267
5465,NSRX,Healthcare,Drug Manufacturers - General,NYSE ARCA,45.15,7,5,6,23,3.03,34312671.151780844,11710809.0,0.023699999,-69.67,66403,61087,81826,
5466,BQ,Consumer Cyclical,Specialty Retail,NYSE ARCA,45.11,7,5,10,19,0.89,3166461.6011443734,4379615.0,0.0194,-98.41,5649749,2060136,1292095,-0.167
5467,NXXT,Utilities,Utilities - Renewable,NASDAQ,45.07,7,2,2,10,0.46,92285365.30999285,157752767.0,0.1325,-85.8,5588910,32133113,20778314,0.294
5468,HKPD,Healthcare,Medical Distribution,NASDAQ,45.05,7,9,13,6,0.45,11632493.182056665,23499986.0,0.0183,-82.56,1369114,687341,420542,-0.357
5469,SSM,Consumer Cyclical,Auto Manufacturers,NASDAQ,45.05,7,10,76,18,3.71,5589806.521648407,1464834.0,0.028399998,-86.62,4009,86169,52687,
5470,CHAI,Communication Services,Internet Content & Information,NASDAQ,45.02,7,5,4,1,1.37,16555515.473016024,19922402.0,0.0089,-93.39,23463315,7943185,4841719,
5471,APVO,Healthcare,Biotechnology,NASDAQ,44.86,7,3,1,2,4.72,5881615.3385567665,1246105.0,0.0705,-98.0,45282,44900,39916,
5472,JFIN,Financial Services,Credit Services,NASDAQ,44.81,7,8,14,11,3.99,200945452.14851904,52329546.0,0.0088,-79.25,81799,74683,76561,-0.224
5473,ADMA,Healthcare,Biotechnology,NASDAQ,44.79,7,6,29,62,8.48,1847228489.9221492,231772715.0,0.105500005,-62.09,3029486,5519712,5676297,0.159
5474,CTSO,Healthcare,Medical Devices,NASDAQ,44.78,7,20,22,11,0.41,28822788.793028355,62794748.0,0.033800002,-70.5,201423,132967,107448,0.016
5475,HLP,Basic Materials,Steel,NASDAQ,44.73,7,25,35,39,0.51,39312584.21063423,74738750.0,0.0041,-70.35,252959,432533,377311,0.402
5476,CURX,Healthcare,Biotechnology,NASDAQ,44.71,7,10,6,1,0.33,8587266.12384069,28340812.0,0.0067000003,-96.41,70613,95051,105698,
5477,TWG,Consumer Defensive,Food Distribution,NASDAQ,44.6,7,9,12,4,2.54,71002217.5671277,25913218.0,0.0081,-90.36,67414,93264,87250,13.264
5478,SDST,Industrials,Electrical Equipment & Parts,NASDAQ,44.54,7,8,18,39,1.74,21582642.676415443,10579727.0,0.0669,-77.31,310640,188193,222044,
5479,MIMI,Industrials,Engineering & Construction,NASDAQ,44.52,7,5,3,0,3.01,7653698.5412323475,2753129.0,0.0179,-97.8,396986,185766,933466,-0.262
5480,ALZN,Healthcare,Biotechnology,NASDAQ,44.49,7,5,22,9,1.16,4223262.564427257,3804741.0,0.052800003,-68.13,41153,56884,67114,
5481,OGEN,Healthcare,Biotechnology,NYSE ARCA,44.39,6,9,9,4,0.59,2662054.5116692185,4511957.0,0.1457,-88.74,60854,53688,57626,
5482,PTLE,Consumer Cyclical,Specialty Retail,NASDAQ,44.35,6,4,7,3,5.49,37058620.39901447,6281122.0,0.0011999999,-86.88,26683,15544,21680,-0.413
5483,FLYE,Consumer Cyclical,Auto Manufacturers,NASDAQ,44.32,6,3,1,2,2.0,2758732.433405876,1632386.0,0.0038,-98.76,20569,12893,14471,-0.533
5484,SDEV,Financial Services,Asset Management,NYSE ARCA,44.3,6,12,4,99,1.07,30369523.649297476,27115646.0,0.0872,-98.93,148286,307728,264937,
5485,XXI,Financial Services,Shell Companies,NYSE,44.24,6,19,8,12,5.34,1955996148.7361584,346807836.0,0.1104,-87.21,1577273,1346631,1271526,
5486,LIQT,Industrials,Pollution & Treatment Controls,NASDAQ,44.22,6,79,25,35,0.83,8754100.032564998,9947841.0,0.0107,-75.22,1137430,395673,247690,-0.104
5487,GNS,Consumer Defensive,Education & Training Services,NYSE ARCA,44.18,6,6,18,76,0.23,47112122.93471806,194678195.0,0.039100002,-88.02,39135866,17122448,11310627,
5488,MGRX,Healthcare,Health Information Services,NASDAQ,44.14,6,6,2,7,0.36,6128769.539395094,17167422.0,0.025,-86.91,387525,697438,686645,-0.379
5489,FUSE,Technology,Software - Application,NASDAQ,44.04,6,8,4,1,1.13,37042226.3720417,28939240.0,0.0756,-95.48,56010,115770,3027642,-0.038
5490,CAN,Technology,Computer Hardware,NASDAQ,44.03,6,14,11,25,0.32,266890575.68291008,745504380.0,0.0828,-85.59,10237012,10621910,9975344,-0.243
5491,DEFT,Financial Services,Capital Markets,NASDAQ,43.93,6,9,5,4,0.52,214440802.8122306,387777239.0,0.0464,-85.52,4648910,4342113,7553240,-0.744
5492,DTCX,Financial Services,Financial Data & Stock Exchanges,NASDAQ,43.92,6,13,11,31,2.12,86299450.83218336,38873626.0,0.039,-87.14,368570,310536,364728,12.652
5493,REAX,Real Estate,Real Estate Services,NASDAQ,43.84,6,7,10,25,1.64,360546005.06321955,214610724.0,4.12,-69.66,3182526,3980015,3322771,0.315
5494,OLB,Technology,Software - Infrastructure,NASDAQ,43.78,6,11,8,13,0.45,6687208.083496392,14664930.0,0.0105,-81.17,274234,323691,582452,-0.287
5495,UPB,Healthcare,Biotechnology,NASDAQ,43.77,6,10,13,97,6.28,383660918.7297888,54419987.0,0.0963,-81.35,580750,543730,573258,0.827
5496,CGTL,Consumer Cyclical,Specialty Retail,NASDAQ,43.77,6,12,60,24,0.47,9775499.877333641,25725000.0,0.74230003,-92.66,29502102,10808624,6499584,-0.41
5497,EH,Industrials,Aerospace & Defense,NASDAQ,43.76,6,13,20,17,6.82,598799131.5433645,75845362.0,0.11310001,-66.65,2014224,1067218,857564,-0.073
5498,ICMB,Financial Services,Asset Management,NASDAQ,43.75,6,8,19,57,1.23,17318967.088193893,14432472.0,0.033,-60.58,104659,65023,68363,-0.187
5499,ZENA,Technology,Software - Infrastructure,NASDAQ,43.72,6,12,11,12,1.53,117613217.07712412,87120900.0,0.0429,-78.48,6489660,4283486,3339540,6.399
5500,FGNX,Financial Services,Asset Management,NASDAQ,43.59,6,4,3,1,6.04,39131762.5,6261082.0,0.0553,-97.07,96276,141165,115079,-0.025
5501,AGIG,Utilities,Utilities - Renewable,NYSE ARCA,43.56,6,2,9,1,1.17,47104420.779088855,44022821.0,0.057600003,-95.42,165022,153140,212500,
5502,NABL,Technology,Information Technology Services,NYSE,43.53,6,9,13,29,3.07,712069930.8104539,188378290.0,0.0401,-66.04,2474349,1880066,1556879,0.131
5503,BTCS,Financial Services,Capital Markets,NASDAQ,43.52,6,35,16,48,1.16,64707979.926525354,49775371.0,0.056700002,-86.34,716176,877048,839899,2.053
5504,ONEG,Industrials,Engineering & Construction,NASDAQ,43.47,6,2,32,2,1.06,14399999.618530273,16000000.0,0.0042,-92.91,217148,1458586,1258425,-0.034
5505,PRPL,Consumer Cyclical,"Furnishings, Fixtures & Appliances",NASDAQ,43.41,6,9,25,25,0.39,42877299.90940261,108825636.0,0.0374,-69.05,284644,409894,397578,-0.081
5506,NNOX,Healthcare,Medical Devices,NASDAQ,43.36,6,8,14,11,1.62,134309136.38984728,69590228.0,0.1753,-71.68,1204327,1306089,1637411,0.24
5507,CMPX,Healthcare,Biotechnology,NASDAQ,43.35,6,7,92,97,1.92,367379339.73019123,180087915.0,0.2059,-72.09,4100079,6666693,9063693,
5508,XCH,Industrials,Specialty Industrial Machinery,NASDAQ,43.25,6,10,76,13,0.63,48428036.81871557,81528684.0,0.0005,-74.79,112934,59934,42534,-0.426
5509,STKH,Consumer Defensive,Packaged Foods,NASDAQ,43.24,6,9,3,2,1.04,1816981.3373684883,1526875.0,0.004,-96.38,237777,88059,56905,
5510,UPXI,Communication Services,Internet Content & Information,NASDAQ,43.18,6,22,4,5,0.86,66537952.99219322,70261828.0,0.2392,-93.66,2638751,2964743,3018682,0.442
5511,TGE,Financial Services,Asset Management,NYSE,43.12,6,7,17,1,0.85,41191910.655401945,48461070.0,0.0061000003,-93.46,31906,36132,35775,-0.745
5512,LHSW,Technology,Software - Infrastructure,NASDAQ,43.01,6,6,1,2,0.18,7810000.255703926,55000000.0,0.044,-94.27,7661877,2869402,3127849,0.569
5513,MVIS,Technology,Scientific & Technical Instruments,NASDAQ,43.0,6,18,10,20,0.37,129329956.4062053,331615285.0,0.2084,-78.61,11204846,8769168,6698181,0.587
5514,NEON,Technology,Electronic Components,NASDAQ,42.99,6,8,7,3,1.15,28195309.759700656,16782923.0,0.0495,-96.15,334138,193336,153229,0.197
5515,MNDR,Healthcare,Health Information Services,NASDAQ,42.94,6,11,4,1,0.7,5017053.91456008,7167220.0,0.0217,-91.19,132406,3996092,2623345,-0.077
5516,SKIN,Consumer Defensive,Household & Personal Products,NASDAQ,42.9,6,6,23,22,0.67,78796821.7862773,129600040.0,0.3482,-75.09,821194,1321838,1050832,-0.067
5517,CIIT,Industrials,Integrated Freight & Logistics,NASDAQ,42.76,6,2,4,3,1.61,4342688.572562933,3618907.0,0.0374,-91.06,8065414,2702891,2183272,0.868
5518,ARAY,Healthcare,Medical Devices,NASDAQ,42.74,6,4,4,10,0.33,40447657.06544733,118963696.0,0.0636,-84.29,2611902,5325547,3697926,-0.074
5519,RTB,Technology,Software - Application,NASDAQ,42.71,6,24,5,9,4.05,19345281.299280643,5774711.0,1.98,-88.19,45127,39645,45481,
5520,PSQH,Technology,Software - Application,NYSE,42.67,6,10,4,8,0.49,25289002.335950732,48726402.0,0.0002,-82.75,349131,353600,349158,0.209
5521,LNSR,Healthcare,Medical Devices,NASDAQ,42.65,6,6,27,57,5.68,67784235.64564133,12104328.0,0.108100004,-57.83,39962,53777,70200,-0.052
5522,GDHG,Consumer Cyclical,Leisure,NASDAQ,42.47,6,6,4,1,1.61,34054562.455204725,20032095.0,0.0001,-93.76,2669,7896,7653,-0.162
5523,FFAI,Consumer Cyclical,Auto Manufacturers,NASDAQ,42.44,6,5,3,17,0.3,91779047.88952911,303904146.0,0.1693,-91.69,17099252,14675707,34730636,0.62
5524,NBP,Healthcare,Biotechnology,NASDAQ,42.33,6,28,86,98,1.53,190241788.51917982,115648505.0,0.095,-77.47,504576,1040552,934347,
5525,MPU,Communication Services,Entertainment,NYSE ARCA,42.28,6,6,41,55,0.48,18359782.839552194,67999193.0,0.0097,-89.19,18462863,6202511,3746336,-0.492
5526,PRZO,Industrials,Aerospace & Defense,NASDAQ,42.23,6,6,54,38,0.58,17346215.43454981,25928572.0,0.0571,-72.96,13528376,4902862,3206645,0.06
5527,CELU,Healthcare,Biotechnology,NASDAQ,42.2,6,6,19,13,0.77,25240877.38468957,28945961.0,0.055999998,-82.3,142738,190699,127297,-0.774
5528,QTI,Healthcare,Medical Devices,NASDAQ,42.17,6,34,19,7,3.83,50851198.86338711,13242500.0,0.044699997,-91.68,64539,74709,51759,1.333
5529,LPCN,Healthcare,Biotechnology,NASDAQ,42.16,6,9,97,34,1.98,16900718.256883383,8244253.0,0.0126,-83.99,96945,101255,469077,0.272
5530,ICG,Technology,Semiconductors,NASDAQ,42.15,6,18,15,13,0.73,50390898.396760404,60711927.0,0.0036000002,-77.54,175152,104494,480064,-0.513
5531,VRM,Financial Services,Credit Services,NASDAQ,42.05,6,8,6,25,8.13,48951691.81344795,5207627.0,0.046,-76.76,7628,6346,8299,-0.106
5532,INLF,Industrials,Specialty Industrial Machinery,NASDAQ,41.98,6,4,6,6,4.01,58538496.84000015,13806250.0,0.0032,-85.68,98138,46469,33899,-0.102
5533,YDDL,Industrials,Waste Management,NASDAQ,41.9,6,16,91,28,2.85,151850334.56750202,56033333.0,0.0021,-82.44,51380,86503,205812,0.083
5534,PCSA,Healthcare,Biotechnology,NASDAQ,41.8,6,12,7,5,1.98,6930435.907544613,2750173.0,0.048800003,-89.91,75668,63132,68879,
5535,GELS,Healthcare,Drug Manufacturers - Specialty & Generic,NASDAQ,41.75,6,5,14,11,0.51,5323396.417487472,10711059.0,0.017,-85.47,35875,139178,93683,0.594
5536,SRFM,Industrials,Airlines,NYSE,41.74,6,6,10,9,1.09,110436562.69364798,100396873.0,0.1176,-89.0,3795476,3748965,4190029,0.09
5537,NOMA,Consumer Cyclical,Leisure,NASDAQ,41.68,6,7,9,9,3.39,62295057.79484224,17381433.0,0.0052,-76.6,9203,9151,10110,1.16
5538,RXST,Healthcare,Medical Devices,NASDAQ,41.58,6,10,10,28,4.6,206983045.0,41396609.0,0.1238,-71.25,1053282,817084,797608,-0.185
5539,BYAH,Consumer Defensive,Household & Personal Products,NASDAQ,41.56,6,1,0,1,1.24,3413755.2557201385,3220524.0,0.0126,-99.94,2388748,812766,507835,-0.159
5540,INUV,Technology,Software - Application,NYSE ARCA,41.55,5,15,23,17,1.38,20897465.685299158,14820898.0,0.0392,-77.99,160090,194603,215792,-0.456
5541,DLXY,Energy,Oil & Gas Refining & Marketing,NASDAQ,41.55,5,4,7,1,0.62,8093250.077962875,16350000.0,0.0115,-91.34,1714490,657830,2364348,0.202
5542,EFOR,Technology,Information Technology Services,NYSE,41.53,5,4,17,22,20.32,825329965.5914307,41000000.0,0.0949,-66.55,1036396,1320252,1332063,0.0
5543,AKBA,Healthcare,Drug Manufacturers - Specialty & Generic,NASDAQ,41.49,5,10,16,10,0.87,250821457.8445775,268258243.0,0.0998,-78.67,3617484,4853834,3827000,-0.066
5544,AARD,Healthcare,Biotechnology,NASDAQ,41.28,5,7,7,77,3.48,80284298.25640082,21816385.0,0.070300005,-80.6,132249,163386,173827,
5545,INTJ,Industrials,Consulting Services,NASDAQ,41.17,5,63,10,26,4.52,8486999.970674515,1537500.0,0.0016,-86.7,10822,4330,5650,0.035
5546,ACTU,Healthcare,Biotechnology,NASDAQ,41.16,5,6,4,34,1.95,44980601.64591265,23925852.0,0.084300004,-79.14,116671,120453,162530,
5547,RETO,Basic Materials,Building Materials,NASDAQ,41.15,5,3,0,2,2.96,8306729.990758181,3519801.0,0.0164,-96.0,151644,70120,253415,1.189
5548,CANF,Healthcare,Biotechnology,NYSE ARCA,41.09,5,6,4,3,2.82,6620470.046103716,2142547.0,0.0547,-87.95,29436,996238,608013,-0.433
5549,SBET,Financial Services,Capital Markets,NASDAQ,41.08,5,55,42,71,5.16,1023527239.5645275,197211412.0,0.1173,-89.58,8249556,7379812,7671941,15.251
5550,CDIO,Healthcare,Biotechnology,NASDAQ,40.91,5,23,10,8,1.93,5800559.352894783,2959469.0,0.0064,-75.6,77569,75523,73519,1.851
5551,TVRD,Healthcare,Biotechnology,NASDAQ,40.86,5,13,7,1,2.7,27112088.034142256,9381345.0,0.0525,-93.81,60758,52326,52467,
5552,LVWR,Consumer Cyclical,Auto Manufacturers,NYSE,40.76,5,11,5,70,1.19,245714205.7638049,204761830.0,0.0752,-86.83,111270,127830,134520,0.865
5553,LPSN,Technology,Software - Application,NASDAQ,40.68,5,5,4,5,2.08,25569655.538803577,12176027.0,0.070300005,-90.37,92650,113436,126454,-0.12
5554,NAMI,Communication Services,Internet Content & Information,NASDAQ,40.59,5,5,5,7,0.29,21191138.675858617,79071411.0,0.0008,-85.85,806779,372603,230589,-0.019
5555,LITS,Healthcare,Biotechnology,NASDAQ,40.56,5,18,12,10,0.74,25518900.0,34025200.0,0.0026,-91.78,619719,496793,388417,
5556,HTCR,Technology,Software - Application,NASDAQ,40.32,5,4,8,7,3.3,4425604.453765154,1441565.0,0.043,-90.12,88620,119083,95782,0.354
5557,DH,Healthcare,Health Information Services,NASDAQ,40.3,5,4,5,10,0.83,94655243.04585421,105524238.0,0.064899996,-82.34,294492,313597,289300,-0.055
5558,ZEPP,Technology,Consumer Electronics,NYSE,40.26,5,38,98,99,3.99,90776233.22913694,14664981.0,0.0502,-93.55,281778,170842,131499,0.43
5559,ANGX,Communication Services,Entertainment,NYSE,40.14,5,7,7,8,2.84,510769879.13776684,186412364.0,0.0419,-86.07,1063649,1319039,1572679,1.426
5560,SDA,Consumer Cyclical,Auto & Truck Dealerships,NASDAQ,40.12,5,5,20,9,0.98,117310760.41790736,102009359.0,0.0058999998,-68.18,1474979,1662396,1099737,0.279
5561,MFI,Technology,Software - Application,NASDAQ,40.05,5,21,33,91,7.65,446828350.6446247,51656459.0,0.00059999997,-87.4,7110,5693,11536,0.208
5562,IVDA,Industrials,Security & Protection Services,NASDAQ,39.97,5,10,2,7,0.27,3478208.238211572,11594027.0,0.0188,-89.53,637195,443791,455023,-0.641
5563,BUR,Financial Services,Asset Management,NYSE,39.78,5,5,20,15,4.21,974858409.9658442,219069315.0,0.0654,-72.12,2450350,3128503,3460034,
5564,ZOOZ,Consumer Cyclical,Specialty Retail,NASDAQ,39.7,5,6,8,2,5.02,43665089.618382454,8101130.0,0.0026,-95.04,45541,26635,25270,-1.0
5565,XHLD,Communication Services,Broadcasting,NASDAQ,39.62,5,4,5,1,1.1,6402743.255148768,4477443.0,0.025999999,-91.83,42596,42962,38407,-0.137
5566,ODD,Consumer Defensive,Household & Personal Products,NASDAQ,39.61,5,3,3,17,10.97,563475368.2323103,57438873.0,0.1889,-85.91,2691317,1803725,1605845,-0.262
5567,ENVB,Healthcare,Biotechnology,NASDAQ,39.58,5,11,2,4,1.62,6627391.02443409,3681884.0,0.0319,-90.82,115787,362115,4789329,
5568,ZSTK,Financial Services,Asset Management,NASDAQ,39.49,5,5,11,3,4.65,11714870.637217999,2430471.0,0.015800001,-90.11,3654,15811,15520,0.059
5569,IMNN,Healthcare,Biotechnology,NASDAQ,39.47,5,9,8,7,1.98,8656362.83955288,4202118.0,0.0352,-92.84,60324,51241,44726,
5570,FUBO,Communication Services,Broadcasting,NYSE,39.35,5,4,5,33,9.98,280815594.2571211,29435597.0,0.25030002,-82.38,1339102,1422364,1775220,0.398
5571,ABTC,Financial Services,Capital Markets,NASDAQ,39.32,5,7,8,11,0.82,917380370.063906,1063013205.0,0.024500001,-94.35,11705462,12248907,14037384,4.035
5572,DCOY,Healthcare,Biotechnology,NASDAQ,39.29,5,3,5,0,5.59,3516308.5510253906,531968.0,0.0161,-98.66,21006,14302,20087,
5573,AVXL,Healthcare,Biotechnology,NASDAQ,39.28,5,7,24,6,2.46,238166411.87349272,92671758.0,0.216,-82.42,1235631,1067563,1060402,
5574,VTGN,Healthcare,Biotechnology,NASDAQ,39.17,5,8,2,92,0.54,21394972.03015977,39620317.0,0.0647,-89.49,660057,773952,844205,0.295
5575,STKE,Financial Services,Capital Markets,NASDAQ,39.03,5,28,5,1,1.17,47255085.00233364,37504036.0,0.0058,-93.35,203391,283777,249334,
5576,INTS,Healthcare,Biotechnology,NASDAQ,38.88,5,6,13,65,3.74,10189631.3484478,2702820.0,0.0292,-91.4,35524,29691,29402,
5577,KSCP,Industrials,Security & Protection Services,NASDAQ,38.87,5,12,22,19,2.01,39506307.61190128,17251663.0,0.1521,-80.18,643458,541749,539855,1.062
5578,FULC,Healthcare,Biotechnology,NASDAQ,38.83,5,30,71,98,3.51,245876958.3027892,66633321.0,0.1184,-77.7,6073583,2398807,1847040,
5579,AMCI,Technology,Computer Hardware,NASDAQ,38.82,5,13,92,71,4.35,107577733.05281258,22600363.0,0.0804,-89.64,76401,60640,55082,-0.339
5580,CVKD,Healthcare,Biotechnology,NASDAQ,38.58,5,11,11,10,4.14,13667416.856138706,3078247.0,0.0271,-74.11,76229,71243,61669,
5581,EVTL,Industrials,Aerospace & Defense,NYSE,38.5,5,8,22,55,2.07,275028499.56865025,127328004.0,0.118,-72.76,3095801,3157670,3822000,
5582,MODD,Healthcare,Medical Devices,NASDAQ,38.43,5,1,6,4,4.67,25107860.557529926,5411177.0,0.0241,-84.43,17193,20151,45274,
5583,TANH,Consumer Defensive,Household & Personal Products,NASDAQ,38.43,5,3,11,4,0.51,5747153.400565356,13683699.0,0.0402,-80.31,324927,261169,342431,-0.169
5584,SLGB,Industrials,Integrated Freight & Logistics,NASDAQ,38.42,5,2,5,2,0.8,21500000.0,43000000.0,0.0016,-86.84,7623735,2859711,2085327,-0.221
5585,FTFT,Technology,Software - Application,NASDAQ,38.36,5,4,2,8,1.07,6282450.737969756,5871449.0,0.0134000005,-93.36,106599,109149,136113,-0.608
5586,BYRN,Industrials,Aerospace & Defense,NASDAQ,38.21,5,3,7,19,6.27,134299079.33077812,22685655.0,0.1874,-81.72,381642,413174,567528,0.109
5587,UP,Industrials,Airports & Air Services,NYSE,38.16,5,2,9,5,6.92,261074023.48390007,36260282.0,0.1506,-90.11,143955,223811,186580,-0.048
5588,CUPR,Healthcare,Medical Instruments & Supplies,NASDAQ,38.08,5,3,4,1,2.26,6515437.678992748,2681250.0,0.0378,-97.03,543582,265358,410286,2.674
5589,ERNA,Healthcare,Biotechnology,NASDAQ,38.0,5,20,1,11,6.34,9202367.214277744,1166333.0,0.22129999,-91.55,55040,3366043,2029926,
5590,REVB,Healthcare,Biotechnology,NASDAQ,37.99,5,4,1,4,1.03,3869335.8372735977,3908420.0,0.0092,-92.0,47392,56507,67616,
5591,MTEN,Industrials,Metal Fabrication,NASDAQ,37.92,5,2,0,0,1.71,5380395.753750443,5028407.0,0.0082,-99.97,10253617,3448979,2084813,0.17
5592,FEMY,Healthcare,Medical Instruments & Supplies,NASDAQ,37.56,5,8,29,87,4.73,18413118.481741905,3019534.0,0.0334,-78.69,78024,90718,62685,0.399
5593,CWD,Financial Services,Asset Management,NASDAQ,37.32,5,7,6,2,0.89,7443468.675445557,8840224.0,0.0162,-98.15,97100,227056,180930,-0.409
5594,NVNI,Technology,Software - Application,NASDAQ,37.09,5,5,5,15,0.91,11925975.436990261,11692133.0,0.0218,-94.45,2491289,904029,921043,-0.025
5595,GAMB,Consumer Cyclical,Gambling,NASDAQ,37.09,5,12,9,8,2.45,83533428.3463955,35246174.0,0.0872,-80.77,581173,1172494,905836,-0.005
5596,WIX,Technology,Software - Infrastructure,NASDAQ,37.09,5,18,15,9,46.21,2192495855.7470856,41849511.0,0.24239999,-75.8,1943740,2216433,2471102,0.143
5597,VITL,Consumer Defensive,Farm Products,NASDAQ,37.01,5,2,7,24,10.54,430198476.5254612,42848454.0,0.4596,-80.16,2223908,3902599,3344957,0.154
5598,MERC,Basic Materials,Paper & Paper Products,NASDAQ,36.9,5,5,9,6,0.85,56265303.28331387,66982506.0,0.08939999,-80.98,346345,540311,543979,-0.035
5599,BRR,Financial Services,Capital Markets,NASDAQ,36.85,4,4,8,3,1.69,156692198.24755287,90573524.0,0.023599999,-89.6,2745122,1441014,1260766,
5600,ALIT,Technology,Software - Application,NYSE,36.82,4,3,2,6,0.65,382490948.8320655,526847029.0,0.109799996,-89.36,29212743,25919031,24142128,-0.026
5601,DOMO,Technology,Software - Application,NASDAQ,36.78,4,6,6,19,3.02,153963423.7053039,45150563.0,0.097799994,-83.67,788222,672920,965316,0.011
5602,NXGL,Healthcare,Medical Instruments & Supplies,NASDAQ,36.7,4,3,5,9,0.57,5122521.759211421,9131055.0,0.0253,-80.28,51886,115775,217903,-0.056
5603,SDOT,Consumer Defensive,Farm Products,NASDAQ,36.7,4,0,5,1,28.11,10671060.3017807,879000.0,0.0115,-93.89,7744916,3608659,2165467,
5604,PAVM,Healthcare,Medical Devices,NASDAQ,36.69,4,7,23,9,4.98,39016733.93452263,7159034.0,0.0033000002,-82.49,16304,14494,13538,4.2
5605,FNGR,Communication Services,Telecom Services,NASDAQ,36.65,4,8,33,23,0.63,46022261.51902747,61281308.0,0.0234,-74.49,2621967,1104532,747279,-0.88
5606,EXOD,Technology,Software - Infrastructure,NYSE ARCA,36.6,4,5,6,5,6.16,186379420.83489704,30012789.0,0.0523,-84.57,83366,74722,67865,-0.368
5607,FTHM,Real Estate,Real Estate Services,NASDAQ,36.56,4,14,11,16,0.45,16227270.336318493,32782364.0,0.009,-86.65,160157,152682,167721,-0.012
5608,MVST,Consumer Cyclical,Auto Parts,NASDAQ,36.47,4,7,31,87,1.13,416446730.0,333157384.0,0.1041,-84.13,4335311,5614227,4660150,-0.48
5609,NIPG,Communication Services,Entertainment,NASDAQ,36.42,4,7,12,7,0.48,87050812.67157078,224357758.0,0.0001,-82.55,177030,94466,63890,0.423
5610,BCTX,Healthcare,Biotechnology,NASDAQ,36.28,4,10,4,17,2.88,26795343.296258926,8699787.0,0.064899996,-92.0,237999,249579,214541,
5611,NCT,Industrials,Marine Shipping,NASDAQ,36.26,4,1,1,0,2.98,6478691.814089775,1644338.0,0.0039,-97.66,4339987,1473169,1094617,-0.06
5612,ICON,Industrials,Marine Shipping,NASDAQ,36.15,4,5,1,1,0.95,3631897.9546741247,3214069.0,0.045300003,-94.33,86249,118239,130855,1.046
5613,ORIS,Consumer Defensive,Packaged Foods,NASDAQ,36.12,4,1,1,3,0.54,2599202.902766168,5056815.0,0.060100004,-97.29,442266,1027828,879879,-0.013
5614,PULM,Healthcare,Biotechnology,NASDAQ,36.09,4,4,5,14,1.37,4857539.206739068,3652285.0,0.0094,-85.03,33514,22288,28192,
5615,CYN,Technology,Software - Application,NASDAQ,36.08,4,12,10,6,1.27,18606031.939795494,14423281.0,0.11350001,-96.94,222440,274850,295744,1.218
5616,ALDX,Healthcare,Biotechnology,NASDAQ,35.97,4,5,42,70,1.69,98323340.55236673,60321068.0,0.12979999,-72.63,1127630,990946,1295268,
5617,FOFO,Industrials,Consulting Services,NASDAQ,35.95,4,3,7,34,3.03,29527204.922034264,7571078.0,0.003,-95.54,1051955,390258,258463,-0.441
5618,NSPR,Healthcare,Medical Devices,NASDAQ,35.93,4,10,20,17,0.78,41218286.336654425,46838962.0,0.0008,-73.38,181068,561332,357317,1.222
5619,NXTS,Basic Materials,Agricultural Inputs,NASDAQ,35.89,4,3,1,4,4.9,4236662.3393239975,730459.0,0.037100002,-94.55,21383,39261,32782,
5620,MREO,Healthcare,Biotechnology,NASDAQ,35.78,4,3,1,29,0.3,49960623.58948687,159618609.0,0.0438,-90.16,4144385,5228675,3806265,
5621,DFDV,Financial Services,Asset Management,NASDAQ,35.73,4,18,94,99,2.65,86138063.14047456,30118205.0,0.2161,-92.15,1226017,932159,950459,8.282
5622,IPDN,Industrials,Staffing & Employment Services,NASDAQ,35.64,4,3,15,11,0.64,6840620.549087524,10524032.0,0.0147,-94.83,101527,87855,84451,0.029
5623,DAVA,Technology,Software - Infrastructure,NYSE,35.54,4,5,8,7,2.75,147431178.41421032,52842717.0,0.059299998,-84.16,381951,465890,366322,-0.084
5624,FRGT,Technology,Software - Application,NASDAQ,35.5,4,4,2,2,4.62,2414367.379963398,572125.0,0.0147,-92.87,157484,219661,148394,-0.054
5625,BIOX,Basic Materials,Agricultural Inputs,NASDAQ,35.18,4,4,2,7,0.43,26802673.383180827,63815891.0,0.0166,-91.66,332824,299024,345936,-0.359
5626,XBP,Technology,Software - Infrastructure,NASDAQ,34.75,4,3,18,8,2.49,28125640.734517574,11768050.0,0.0031,-90.27,12819,17743,17573,-0.008
5627,RCON,Energy,Oil & Gas Equipment & Services,NASDAQ,34.65,4,6,18,14,0.58,50751359.336072624,90627427.0,0.00029999999,-91.9,121616,58155,80705,1.022
5628,HSDT,Financial Services,Asset Management,NASDAQ,34.59,4,10,3,0,1.41,74151076.13636255,58386675.0,0.023,-98.48,566274,339491,354458,72.898
5629,REED,Consumer Defensive,Beverages - Non-Alcoholic,NYSE ARCA,34.52,4,14,37,11,1.63,19682762.364227057,11857086.0,0.0041,-86.42,19877,36659,26713,-0.288
5630,GCL,Communication Services,Electronic Gaming & Multimedia,NASDAQ,34.49,4,4,5,5,0.43,54275689.431087285,128008703.0,0.0014,-90.42,235743,5664921,3410810,0.939
5631,LXEH,Consumer Defensive,Education & Training Services,NASDAQ,34.47,4,2,4,0,1.46,2491667.0086061954,1916667.0,0.018099999,-95.55,2401655,847341,586813,-0.116
5632,SLE,Communication Services,Internet Content & Information,NASDAQ,34.43,4,6,2,0,3.29,5004030.845352173,1502712.0,0.0117999995,-97.6,85373,1604967,968996,0.105
5633,SKYA,Technology,Software - Infrastructure,NASDAQ,34.1,4,17,6,1,1.11,51209824.894462585,42322168.0,0.0186,-93.91,364450,286296,332798,
5634,KXIN,Consumer Cyclical,Auto & Truck Dealerships,NASDAQ,34.05,4,2,0,0,4.9,9145304.206973076,1653762.0,0.0452,-99.41,21540,299863,185550,
5635,PROP,Energy,Oil & Gas E&P,NASDAQ,33.99,4,5,19,8,0.84,81117701.9589184,97732173.0,0.2049,-80.59,1770326,2931908,4583547,5.138
5636,OFAL,Industrials,Engineering & Construction,NASDAQ,33.32,4,35,4,4,0.25,5962573.991899967,26266846.0,0.0156,-92.58,801907,725465,603875,4.05
5637,MENS,Healthcare,Biotechnology,NASDAQ,33.29,4,11,0,67,1.72,153575887.9098873,76027668.0,0.0058,-97.43,78746,61232,85203,
5638,QNCX,Healthcare,Biotechnology,NASDAQ,33.21,4,1,0,97,0.91,19754849.38346839,19559257.0,0.1082,-98.0,708112,1638200,5652851,
5639,NFE,Energy,Oil & Gas Midstream,NASDAQ,33.2,4,5,12,4,0.52,143674234.94285345,285634650.0,0.21149999,-89.51,5385156,5720845,6528747,-0.508
5640,BNC,Industrials,Farm & Heavy Construction Machinery,NASDAQ,33.14,4,6,5,16,1.99,92655020.24177957,42895841.0,0.0238,-97.6,515586,332758,298465,0.062
5641,DWTX,Healthcare,Biotechnology,NASDAQ,33.03,4,5,9,91,1.49,50444329.5,33629553.0,0.0092,-84.32,44965,72438,97621,
5642,ATYR,Healthcare,Biotechnology,NASDAQ,32.79,4,5,19,4,0.47,46084069.52311385,98051212.0,0.2514,-93.55,3213113,3664371,2549572,
5643,AIM,Healthcare,Biotechnology,NYSE ARCA,32.7,4,1,3,2,0.44,7573027.522222996,14563515.0,0.0379,-97.77,63028674,55276818,33287920,-0.533
5644,CRVO,Healthcare,Biotechnology,NASDAQ,32.69,4,9,10,93,2.25,27220634.38978815,9258719.0,0.0437,-82.86,151652,95157,72352,
5645,HERE,Consumer Cyclical,Leisure,NASDAQ,32.48,4,10,20,66,1.92,96804613.14404368,54384615.0,0.0495,-87.72,189276,139342,121571,-0.756
5646,JUNS,Healthcare,Biotechnology,NASDAQ,32.33,4,5,6,29,0.22,10508634.56305787,43424110.0,0.0032,-93.39,3684405,12460291,7515033,
5647,BIYA,Technology,Software - Application,NASDAQ,32.31,4,1,1,1,1.21,3378393.410531521,4119992.0,0.2693,-98.98,4196552,9758110,10787808,0.532
5648,PRFX,Healthcare,Drug Manufacturers - Specialty & Generic,NASDAQ,32.25,4,4,5,8,1.55,1381322.06899786,868756.0,0.0848,-91.36,8283303,2900911,2347292,
5649,BNBX,Financial Services,Asset Management,NASDAQ,32.11,4,2,2,5,0.5,3886503.2744357586,7197228.0,0.0429,-93.01,459181,218097,1123968,-0.35
5650,FRSX,Consumer Cyclical,Auto Parts,NASDAQ,32.08,4,5,3,9,1.59,4505938.868571281,2396776.0,0.024600001,-87.79,5789607,1958575,1206565,-0.218
5651,DXF,Financial Services,Credit Services,NYSE ARCA,32.07,4,3,3,4,0.7,1812135.3677151203,3235956.0,0.5221,-89.78,3594021,9135293,5794616,-0.532
5652,LCID,Consumer Cyclical,Auto Manufacturers,NASDAQ,32.0,4,4,12,7,4.7,1996163483.5973053,390256808.0,0.379,-86.05,16026534,16414458,17709584,0.202
5653,RIME,Technology,Consumer Electronics,NASDAQ,31.93,4,8,18,8,0.68,10335392.11744845,15425958.0,0.057800002,-85.15,518716,762528,748997,18.512
5654,HOWL,Healthcare,Biotechnology,NASDAQ,31.81,4,16,16,20,0.37,19049951.765785486,48596817.0,0.0166,-84.45,479863,606097,493910,
5655,CENN,Consumer Cyclical,Auto Manufacturers,NASDAQ,31.8,4,3,5,1,4.0,6374716.060243607,1465452.0,0.045500003,-93.53,9432,14024,30243,-0.083
5656,TPST,Healthcare,Biotechnology,NASDAQ,31.65,4,6,6,3,1.27,18804885.907578945,14806997.0,0.0685,-89.62,131433,131571,193954,
5657,CLGN,Healthcare,Biotechnology,NASDAQ,31.63,4,4,3,10,0.36,5351026.7460817695,14423253.0,0.008,-88.86,57604,56024,96058,-0.964
5658,VSEE,Healthcare,Health Information Services,NASDAQ,31.62,3,3,5,7,0.16,7727307.666705385,48599421.0,0.0208,-93.65,2500773,2746401,1950932,-0.049
5659,GRI,Healthcare,Biotechnology,NASDAQ,31.39,3,5,0,1,2.31,3541676.0,1770838.0,0.0644,-97.13,65585,44391,94465,
5660,LENZ,Healthcare,Biotechnology,NASDAQ,31.37,3,4,8,7,6.58,219794309.11645126,31354394.0,0.5829,-86.94,572967,801015,798113,
5661,INBS,Healthcare,Medical Devices,NASDAQ,31.36,3,5,5,3,2.35,5860022.814052105,2391846.0,0.0625,-90.56,82897,149709,142121,0.455
5662,SNOA,Healthcare,Drug Manufacturers - Specialty & Generic,NASDAQ,31.35,3,4,15,45,1.09,3959851.5103104115,3473554.0,0.0078,-84.25,120145,133545,238589,0.22
5663,VVOS,Healthcare,Medical Devices,NASDAQ,31.28,3,3,9,10,0.64,12018829.132509232,13894600.0,0.08939999,-91.95,7682092,2672554,1766490,0.705
5664,RGNT,Healthcare,Medical Instruments & Supplies,NYSE ARCA,31.22,3,4,6,21,1.76,6836779.231669188,5179378.0,0.0050999997,-78.92,11922968,3992766,2397091,
5665,SOAR,Industrials,Airports & Air Services,NYSE ARCA,31.18,3,1,2,8,0.22,11279654.789715528,30903163.0,0.0764,-94.32,101000878,36141812,25977059,-0.961
5666,GEMI,Financial Services,Capital Markets,NASDAQ,31.14,3,5,4,5,4.32,529121218.9154577,126432790.0,0.16239999,-90.59,1889045,2444695,2165567,0.423
5667,CSAI,Technology,Software - Infrastructure,NASDAQ,31.13,3,7,5,5,0.33,8272229.204958469,24991629.0,0.0254,-87.31,435863,379781,305310,3.064
5668,AREN,Communication Services,Internet Content & Information,NYSE ARCA,31.07,3,5,34,87,1.34,62835685.2968657,47602790.0,0.0507,-82.93,101530,100560,98718,-0.359
5669,DOGZ,Consumer Cyclical,Leisure,NASDAQ,31.04,3,4,0,6,1.22,14319117.531663537,14510658.0,0.0018000001,-96.12,1940632,679197,422256,-0.362
5670,SLAI,Technology,Information Technology Services,NYSE,30.96,3,8,8,6,0.49,15701810.0,31403620.0,0.026400002,-93.93,219097,151972,179733,0.201
5671,IQST,Communication Services,Telecom Services,NASDAQ,30.82,3,3,4,5,1.13,6506923.974113822,6735946.0,0.1229,-90.81,1925622,1226540,1057386,
5672,YOUL,Consumer Defensive,Education & Training Services,NASDAQ,30.7,3,6,7,9,0.53,35210455.46373725,76048500.0,0.0027,-90.36,5327258,1791429,1096877,0.177
5673,FLD,Financial Services,Capital Markets,NASDAQ,30.65,3,12,3,11,0.71,33110744.708523154,50783350.0,0.0154,-86.6,12118189,4132863,2518543,-0.211
5674,NPT,Consumer Cyclical,Specialty Retail,NASDAQ,30.62,3,2,99,43,2.35,28618649.15370941,22185000.0,0.0014,-89.5,14528640,4894256,3618052,-0.173
5675,ABTS,Financial Services,Capital Markets,NASDAQ,30.56,3,2,12,99,1.29,5893279.558242559,2961447.0,0.0394,-88.12,12615275,5183958,3136105,0.688
5676,BTOG,Financial Services,Financial Data & Stock Exchanges,NASDAQ,30.55,3,3,1,12,1.78,2624855.8223212957,1610341.0,0.0307,-97.06,316317,152435,749811,
5677,HRTX,Healthcare,Biotechnology,NASDAQ,30.39,3,17,11,25,0.41,81390130.02383155,189279369.0,0.2672,-82.17,5949161,3508267,2904080,-0.108
5678,DRCT,Communication Services,Advertising Agencies,NASDAQ,30.31,3,1,0,0,2.93,2026592.3435633183,701243.0,0.026600001,-98.3,145711,133967,280831,-0.181
5679,MDCX,Healthcare,Drug Manufacturers - General,NASDAQ,30.3,3,1,2,14,0.32,19830357.062291026,56658164.0,0.040900003,-91.33,3081902,2504220,4465982,
5680,BDRX,Healthcare,Biotechnology,NASDAQ,30.3,3,3,0,10,3.01,2506942.9617295265,746114.0,0.027999999,-95.47,25948,661232,927138,
5681,CABO,Communication Services,Telecom Services,NYSE,30.27,3,4,19,15,43.07,248584416.72878265,5672853.0,0.1732,-76.17,201300,221756,181202,-0.073
5682,CAPS,Basic Materials,Building Materials,NASDAQ,30.23,3,5,11,6,0.3,4040289.50969249,12625905.0,0.0165,-85.51,419610,4767126,5136978,0.6
5683,BRBR,Consumer Defensive,Packaged Foods,NYSE,30.22,3,4,7,10,8.63,1019756797.7277756,116277850.0,0.1225,-86.32,4773106,5596535,4560733,0.018
5684,SXTC,Healthcare,Drug Manufacturers - Specialty & Generic,NASDAQ,29.96,3,2,0,89,1.76,6419635.455093384,4458080.0,0.0014,-99.83,116412,51397,50656,-0.245
5685,GTM,Technology,Software - Application,NASDAQ,29.93,3,6,10,30,2.7,878259746.9413004,294718034.0,0.158,-78.42,14339014,13183858,11951010,0.015
5686,SXTP,Healthcare,Biotechnology,NASDAQ,29.9,3,3,7,5,1.38,3776188.84587574,2659288.0,0.0537,-88.73,40699,55033,134677,-0.368
5687,EJH,Consumer Cyclical,Personal Services,NASDAQ,29.8,3,0,0,4,1.95,5600269.5,3200154.0,0.0041,-98.21,42808,26372,23571,-0.003
5688,GIPR,Real Estate,REIT - Diversified,NASDAQ,29.69,3,3,3,10,0.2,1658341.2349473238,8333373.0,0.0306,-89.95,1367672,17186210,11571320,-0.083
5689,HCTI,Healthcare,Health Information Services,NASDAQ,29.58,3,0,0,4,2.34,4582789.560661554,2027783.0,0.187,-99.82,48257,199822,261263,1.661
5690,RKDA,Consumer Defensive,Packaged Foods,NASDAQ,29.41,3,4,8,26,0.9,2200865.9878878593,2056884.0,0.0044,-86.59,134186,2128288,1287503,-0.083
5691,KNRX,Technology,Software - Application,NYSE ARCA,29.32,3,13,7,7,0.59,18162598.548041224,30423113.0,0.025899999,-85.25,77783,664264,416070,-0.486
5692,ACXP,Healthcare,Biotechnology,NASDAQ,29.24,3,12,42,7,1.6,7220199.614574671,4297738.0,0.0344,-92.38,80408,106939,135567,
5693,CHR,Communication Services,Advertising Agencies,NASDAQ,29.23,3,1,2,0,1.99,3530307.5651028156,1562083.0,0.0535,-99.37,373325,193975,140243,0.022
5694,AIFC,Technology,Software - Infrastructure,NASDAQ,29.12,3,4,9,3,0.65,89495365.03962266,139836511.0,0.1074,-93.98,1350017,2112535,2491041,-0.028
5695,SURG,Communication Services,Telecom Services,NASDAQ,29.1,3,3,8,23,0.46,11807290.620052367,25121895.0,0.0315,-86.67,248535,275155,424567,0.511
5696,THH,Industrials,Specialty Business Services,NASDAQ,29.06,3,1,0,60,0.34,15614430.322162807,50046250.0,0.0002,-99.38,306559,444409,625715,0.219
5697,GLXG,Industrials,Staffing & Employment Services,NASDAQ,29.04,3,3,13,4,0.98,6617281.735280156,5961515.0,0.0022,-87.45,1849011,629160,384312,0.022
5698,LMFA,Financial Services,Capital Markets,NASDAQ,29.03,3,4,3,6,0.21,3817501.799314469,17352281.0,0.026300002,-95.91,366933,541617,463736,-0.273
5699,CJMB,Industrials,Integrated Freight & Logistics,NASDAQ,28.69,3,4,16,4,0.76,4076497.212153673,5646118.0,0.039,-87.07,44625,339475,230197,-0.141
5700,RBNE,Energy,Oil & Gas Midstream,NASDAQ,28.68,3,2,2,3,1.07,6572151.0,6572151.0,0.024300002,-98.96,321354,287374,592094,2.386
5701,OCG,Consumer Cyclical,Internet Retail,NASDAQ,28.59,3,1,0,0,2.06,3295130.4924259186,1938312.0,0.0913,-99.98,1285415,1894645,1276153,-0.684
5702,UK,Real Estate,Real Estate Services,NASDAQ,28.53,3,5,9,21,2.35,1884703.7606036663,677951.0,0.0306,-84.84,1601977,607125,386549,
5703,ENSC,Healthcare,Biotechnology,NASDAQ,28.49,3,4,2,5,0.25,3732401.0871169567,14694492.0,0.0555,-90.91,1263609,3953869,2486891,-0.272
5704,CRIS,Healthcare,Biotechnology,NASDAQ,28.48,3,5,9,8,0.43,18319985.663533777,38978693.0,0.0070999996,-86.26,226313,235617,464582,
5705,BURU,Industrials,Specialty Industrial Machinery,NYSE ARCA,28.21,3,2,1,39,0.15,28643299.839772344,179020628.0,0.1103,-96.47,43014505,23695741,37196185,
5706,TPET,Energy,Oil & Gas E&P,NYSE ARCA,28.21,3,7,65,15,0.4,12008406.427081048,33826498.0,0.1337,-84.0,4786755,3772745,6503615,10.294
5707,EMBC,Healthcare,Medical Instruments & Supplies,NASDAQ,28.19,3,3,21,27,3.21,200527555.04951382,59327677.0,0.1433,-79.36,1675082,3116904,2152418,-0.144
5708,WKSP,Consumer Cyclical,Auto Parts,NASDAQ,28.15,3,5,7,13,0.63,7869807.382922173,12531540.0,0.08189999,-87.14,603643,545034,446158,0.479
5709,CANG,Financial Services,Capital Markets,NYSE,28.0,3,5,5,10,0.31,135372496.8092195,410219671.0,0.0401,-89.22,980994,986374,1292594,0.879
5710,AVX,Technology,Software - Infrastructure,NASDAQ,27.9,3,4,3,3,0.41,35936104.402381,89616222.0,0.0047999998,-96.79,263592,527477,501276,6.291
5711,SBEV,Consumer Defensive,Beverages - Wineries & Distilleries,NYSE ARCA,27.85,3,3,3,5,0.29,2741197.0,10964788.0,0.0199,-94.32,102079227,34536729,22019619,-0.938
5712,SHPH,Healthcare,Drug Manufacturers - Specialty & Generic,NASDAQ,27.83,3,3,5,3,0.49,2656485.6376791,5851290.0,0.0764,-92.1,3340238,2695942,1693079,
5713,MOBX,Technology,Semiconductors,NASDAQ,27.68,3,7,29,7,2.22,34425858.88796067,15937897.0,0.338,-84.58,5758785,8262108,5435893,-0.614
5714,BRCB,Consumer Cyclical,Restaurants,NASDAQ,27.5,3,8,13,18,6.45,136124953.59558916,21572893.0,0.056599997,-78.78,704712,788314,608452,0.237
5715,XAIR,Healthcare,Medical Devices,NASDAQ,27.41,3,3,7,2,0.38,5242078.334639072,12692684.0,0.0064,-93.49,218540,249403,336322,1.047
5716,BOXL,Technology,Consumer Electronics,NASDAQ,27.26,3,2,1,5,0.79,2721160.788622439,4001707.0,0.021,-98.7,92125,113631,191087,0.001
5717,GOVX,Healthcare,Biotechnology,NASDAQ,27.18,2,2,0,3,1.2,8597267.125772834,5210465.0,0.1357,-96.55,1087739,10201316,6159963,
5718,STEX,Financial Services,Capital Markets,NASDAQ,27.0,2,3,32,96,0.92,112616806.83498967,104274817.0,0.0654,-93.48,1553595,1770048,1633515,
5719,SCNI,Healthcare,Biotechnology,NASDAQ,26.82,2,6,6,4,0.33,1631434.305888176,3959792.0,0.0401,-90.52,354880,272126,4266200,0.306
5720,YDES,Healthcare,Biotechnology,NASDAQ,26.75,2,5,11,23,3.11,213202350.78449965,70831346.0,0.001,-87.56,18225,10325,16285,0.956
5721,ALP,Financial Services,Asset Management,NASDAQ,26.68,2,2,1,2,0.25,6354285.012496591,23534388.0,0.4367,-98.19,12560747,33073509,25800067,
5722,MSAI,Technology,Electronic Components,NASDAQ,26.67,2,2,7,7,5.35,9511534.217035294,2019434.0,1.2843,-94.43,1541396,544385,348579,0.379
5723,NXTT,Technology,Software - Application,NASDAQ,26.62,2,2,1,0,1.56,122785643.23097062,76264374.0,0.001,-99.79,158258,112692,175247,
5724,BNKK,Financial Services,Asset Management,NASDAQ,26.52,2,4,6,2,1.38,12481465.94218254,8000940.0,0.106400006,-97.06,510654,531524,349822,102.016
5725,LHAI,Real Estate,Real Estate Services,NASDAQ,26.38,2,4,1,95,0.83,13779269.62852478,16230000.0,0.0068,-96.28,57798,320746,219045,-0.14
5726,SLMT,Technology,Software - Infrastructure,NASDAQ,26.27,2,2,3,2,5.03,43860233.1592989,8442778.0,0.0756,-99.05,90262,109357,91040,5.008
5727,DDC,Consumer Defensive,Packaged Foods,NYSE ARCA,26.07,2,4,10,3,1.07,48481646.3917315,44275475.0,0.0067000003,-94.86,86029,95526,91345,0.078
5728,ADCT,Healthcare,Biotechnology,NYSE,26.07,2,78,86,91,1.1,131006889.10103178,127191158.0,0.0533,-77.91,4850613,2405817,1818536,-0.095
5729,CVM,Healthcare,Biotechnology,NYSE ARCA,26.06,2,1,16,39,1.18,19855562.13910854,14493111.0,0.0177,-91.25,215957,682129,437089,
5730,SNGX,Healthcare,Biotechnology,NASDAQ,25.88,2,1,14,10,0.46,6522636.524656415,14824174.0,0.0469,-92.62,7315996,14599162,9149543,
5731,RENX,Real Estate,Real Estate - Development,NASDAQ,25.79,2,2,3,1,1.73,4469729.769711494,2613877.0,0.0794,-96.33,249774,457088,2449700,216.838
5732,ALBT,Real Estate,Real Estate Services,NASDAQ,25.74,2,2,3,2,0.35,4301011.326573253,12047651.0,0.026300002,-92.62,237325,259228,1246429,
5733,NYXH,Healthcare,Medical Instruments & Supplies,NASDAQ,25.59,2,9,10,16,1.31,64805904.83116293,44693726.0,0.0104,-84.75,888404,323888,210154,4.989
5734,CLIK,Consumer Cyclical,Personal Services,NASDAQ,25.51,2,4,5,5,1.6,5547156.255593538,3263033.0,0.033299997,-89.94,5366970,3439996,3708790,0.572
5735,HDRN,Industrials,Specialty Industrial Machinery,NASDAQ,25.05,2,5,54,51,2.94,190186925.85679483,71498842.0,,-76.48,215272,195600,143766,
5736,ATLN,Industrials,Staffing & Employment Services,NASDAQ,24.82,2,8,94,4,0.79,74702274.273911,76226809.0,0.0273,-84.95,375319,584439,500031,-0.073
5737,LIMN,Healthcare,Biotechnology,NASDAQ,24.79,2,1,1,3,0.14,6372624.094643399,44877633.0,0.0173,-99.58,4674175,15034351,12395795,
5738,ENGN,Healthcare,Biotechnology,NASDAQ,24.78,2,2,82,91,1.6,109862723.281708,66989466.0,0.026800001,-86.94,823473,2845481,1859186,
5739,GV,Consumer Defensive,Education & Training Services,NASDAQ,24.65,2,1,2,12,0.24,1345763.4899198413,5607348.0,0.0777,-94.26,445701,3813430,19449208,-0.617
5740,OLOX,Industrials,Metal Fabrication,NASDAQ,24.58,2,2,1,1,7.31,9083962.355992794,1199995.0,0.1038,-98.82,3359294,1147543,708943,-0.4
5741,WCT,Technology,Software - Application,NASDAQ,24.47,2,1,3,17,1.71,4096512.3830242157,2905328.0,0.0023,-93.16,17641226,5894465,3539925,-0.879
5742,AHMA,Consumer Cyclical,Travel Services,NASDAQ,24.45,2,2,37,94,1.5,30616749.14956093,29725000.0,0.039,-96.2,7570484,5639591,5134794,0.046
5743,AEHL,Industrials,Building Products & Equipment,NASDAQ,24.38,2,3,0,10,1.2,18515493.55376959,18152445.0,0.0773,-97.62,755779,18925936,11536375,-0.057
5744,EHGO,Industrials,Business Equipment & Supplies,NASDAQ,23.96,2,3,6,2,1.34,3094591.7121326923,2022609.0,0.010199999,-91.71,182687,80035,60890,0.161
5745,FEED,Healthcare,Medical Devices,NASDAQ,23.9,2,2,3,3,0.85,5293809.06747818,6091840.0,0.0317,-95.11,3186058,1535612,1022895,-0.363
5746,HPAI,Technology,Software - Infrastructure,NASDAQ,23.44,2,4,12,26,0.91,35576329.68072832,37646910.0,0.0165,-82.57,1404221,1994260,1270466,0.224
5747,WLDS,Technology,Consumer Electronics,NASDAQ,23.26,2,2,2,7,0.77,5479428.9511621,6546510.0,0.0514,-97.75,215529,221803,3177639,1.758
5748,YRD,Financial Services,Credit Services,NYSE,23.24,2,5,15,15,1.18,106735924.92306495,87488461.0,0.0039,-84.64,166392,142154,122314,-0.341
5749,ARAI,Technology,Scientific & Technical Instruments,NASDAQ,23.01,2,2,2,10,0.48,23699720.923695713,51859347.0,0.051799998,-96.95,1107406,1575972,12018885,
5750,CLDI,Healthcare,Biotechnology,NYSE ARCA,22.95,2,1,1,5,0.17,3263664.62039575,19311625.0,0.2039,-99.11,3809327,3080255,5738421,
5751,IBG,Consumer Defensive,Beverages - Wineries & Distilleries,NASDAQ,22.95,2,1,0,35,1.21,2106423.059388399,1815882.0,0.0089,-96.68,261200,158570,234774,
5752,CETX,Technology,Software - Infrastructure,NASDAQ,22.93,2,2,1,1,4.3,6139250.138786793,1112183.0,0.0771,-98.05,167194,80674,445436,-0.337
5753,AMZE,Technology,Software - Application,NYSE ARCA,22.85,2,2,4,0,0.13,6211021.320406288,45007402.0,0.0681,-98.89,19747197,15612989,10591451,6.79
5754,AMOD,Technology,Software - Application,NASDAQ,22.8,2,2,10,4,0.17,11255945.251084536,53094082.0,0.022,-93.46,674262,2158147,1535814,
5755,NXTC,Healthcare,Biotechnology,NASDAQ,22.79,2,81,89,92,2.23,10655683.37223816,3612096.0,0.0161,-85.83,196858,93829,85681,
5756,LGHL,Financial Services,Capital Markets,NASDAQ,22.75,2,2,1,0,0.7,20895277.090370655,4666417.0,0.0017,-99.81,414977,1797432,1160287,
5757,KWM,Communication Services,Entertainment,NASDAQ,22.72,2,2,10,1,0.24,13626791.327304125,68476338.0,0.0073,-97.17,1719591,1162803,1042234,1079.59
5758,JSPR,Healthcare,Biotechnology,NASDAQ,22.42,2,6,8,5,0.46,13802431.787024885,27996819.0,0.089700006,-93.6,1026663,493357,551296,
5759,PN,Technology,Solar,NASDAQ,22.19,2,3,7,8,3.77,41144074.53024387,13900025.0,0.008,-95.69,1265992,3356827,2053127,0.429
5760,VRRM,Technology,Information Technology Services,NASDAQ,21.86,2,11,15,33,4.68,654717665.7378316,151906653.0,0.026300002,-81.88,14181956,8529268,5702069,0.001
5761,BCAB,Healthcare,Biotechnology,NASDAQ,21.81,2,3,4,86,3.65,5526314.693386078,1659554.0,0.0983,-94.9,73687,44599,49462,
5762,MSS,Consumer Defensive,Grocery Stores,NASDAQ,21.77,2,2,3,6,1.0,3343305.898170233,3184101.0,0.0365,-97.47,1428499,656376,431145,-0.086
5763,GNLN,Consumer Defensive,Tobacco,NASDAQ,21.6,2,3,1,4,3.14,1805972.6737573147,631459.0,0.0238,-96.92,11762,26080,186919,-0.695
5764,ATPC,Consumer Defensive,Packaged Foods,NASDAQ,21.37,2,4,3,0,3.01,2981865.4990854263,1000626.0,0.0052,-96.47,6395985,4244165,2573903,-0.053
5765,CYCU,Technology,Information Technology Services,NASDAQ,21.37,2,3,1,2,0.73,7241387.657943547,8590021.0,0.0392,-95.4,1811175,1084605,2197911,-0.155
5766,VSA,Consumer Defensive,Education & Training Services,NASDAQ,20.92,2,0,0,0,4.8,3965214.7311258316,621507.0,0.1097,-99.77,2033282,723419,1194238,
5767,TDTH,Technology,Information Technology Services,NASDAQ,20.86,2,1,7,11,2.34,11183690.549969673,4718857.0,0.0174,-97.09,152456,119098,144166,0.436
5768,VNRX,Healthcare,Medical Devices,NYSE ARCA,20.8,2,4,7,4,1.39,15442671.56089878,8627191.0,0.0353,-92.61,428766,350928,289388,1.332
5769,VEEE,Consumer Cyclical,Recreational Vehicles,NASDAQ,20.74,2,1,1,12,6.74,3107167.039422989,529330.0,0.087,-94.74,69760,282160,209814,0.098
5770,SHFS,Financial Services,Banks - Regional,NASDAQ,20.7,2,2,4,6,0.31,2491937.303714633,6455796.0,0.0752,-96.63,282145,262771,321673,-0.541
5771,RVSN,Industrials,Railroads,NASDAQ,20.64,2,6,0,30,4.42,10062317.674507141,2192226.0,0.0343,-99.5,24331,43740,31650,1.319
5772,UZX,Consumer Cyclical,Internet Retail,NASDAQ,20.39,2,3,20,26,0.43,25210216.835294724,48481188.0,0.00029999999,-86.13,1316187,13798809,8338631,-0.709
5773,WGRX,Healthcare,Pharmaceutical Retailers,NASDAQ,20.23,2,1,1,3,3.74,10933398.510301113,2513425.0,0.1374,-96.16,1082746,1119125,918242,-0.856
5774,MRNO,Real Estate,Real Estate - Development,NASDAQ,20.23,2,1,4,1,0.33,28300184.50470972,79718832.0,0.42970002,-97.27,1169124,12462248,7646724,-0.149
5775,CCHH,Consumer Cyclical,Restaurants,NASDAQ,20.21,2,1,2,1,0.35,11185100.144147873,30230000.0,0.00090000004,-97.73,1070945,412355,290737,0.101
5776,TDIC,Communication Services,Advertising Agencies,NASDAQ,19.96,1,83,2,0,0.36,6227581.440224826,27801702.0,0.0496,-99.09,69228460,42894453,27451732,0.289
5777,CDTG,Industrials,Waste Management,NASDAQ,19.93,1,20,11,3,2.81,9606780.201673508,3021000.0,0.0007,-94.72,636437,214597,130015,-0.361
5778,EZRA,Financial Services,Insurance Brokers,NASDAQ,19.86,1,4,2,8,3.48,1975741.0571012497,555764.0,0.0559,-97.55,175428,143755,102688,-0.097
5779,DXST,Industrials,Waste Management,NASDAQ,19.35,1,1,2,24,2.77,7514530.317657471,1815104.0,0.0194,-95.53,9488542,3188137,1932378,-0.2
5780,DEVS,Industrials,Pollution & Treatment Controls,NASDAQ,19.24,1,0,4,6,0.29,7683166.978919506,13246840.0,0.013300001,-97.13,104116118,41399226,25191441,
5781,OIO,Financial Services,Asset Management,NASDAQ,19.22,1,1,52,93,2.23,671682650.185514,348022108.0,0.0023999999,-82.79,54231,99317,90693,
5782,WSHP,Communication Services,Internet Content & Information,NASDAQ,18.93,1,1,3,99,5.33,67646541.94647026,10963783.0,0.6143,-97.87,62976,97255,1098859,-0.733
5783,ARTL,Healthcare,Biotechnology,NASDAQ,18.83,1,4,6,3,1.3,4810045.18337965,3485540.0,0.0162,-98.48,448345,2101981,2192153,
5784,DBGI,Consumer Cyclical,Apparel Retail,NASDAQ,18.63,1,2,4,86,1.25,19767580.208811045,22985558.0,0.054899998,-93.06,20161076,9318882,5754135,-0.297
5785,SOWG,Consumer Defensive,Confectioners,NASDAQ,18.59,1,1,10,5,1.62,25351347.22811961,20120117.0,0.0125,-94.91,127452,496774,390378,
5786,NAKA,Financial Services,Capital Markets,NASDAQ,18.47,1,3,4,1,4.08,75003218.09424162,17402139.0,0.0936,-99.5,539783,338398,258047,1.771
5787,BGM,Healthcare,Drug Manufacturers - Specialty & Generic,NASDAQ,18.06,1,0,1,7,0.42,58381398.899964094,200623358.0,0.00029999999,-97.55,858945,515485,411409,0.139
5788,PPCB,Healthcare,Biotechnology,NASDAQ,17.83,1,1,0,99,1.35,3303639.508641243,2278372.0,0.0121,-99.5,27809,51081,143352,
5789,YOOV,Industrials,Security & Protection Services,NASDAQ,17.45,1,5,18,7,0.48,122799140.1362319,226985468.0,0.0377,-98.45,113865,2373848,1466923,0.275
5790,TOPS,Energy,Oil & Gas Midstream,NYSE ARCA,17.32,1,3,9,34,0.9,5264586.433938146,5541670.0,0.4495,-90.76,2474559,1656966,1016225,-0.169
5791,AIRE,Real Estate,Real Estate Services,NASDAQ,16.94,1,2,8,9,1.99,11265976.588377476,5364751.0,0.0979,-95.58,111469,175683,132174,-0.091
5792,GNPX,Healthcare,Biotechnology,NASDAQ,16.74,1,1,5,0,0.64,6849402.250487685,10586402.0,0.098000005,-98.84,250652,332910,695790,
5793,AZI,Consumer Cyclical,Auto & Truck Dealerships,NASDAQ,16.68,1,0,1,0,2.35,2551015.906429291,2452900.0,0.0125,-99.2,21696675,7252095,4396115,-0.63
5794,NCRA,Consumer Defensive,Packaged Foods,NASDAQ,16.57,1,2,2,34,0.12,3189365.368712127,19933534.0,0.0481,-95.0,46849397,25206695,16242341,-0.498
5795,NVVE,Consumer Cyclical,Specialty Retail,NASDAQ,16.53,1,1,0,1,0.37,1790111.7138557434,5311904.0,0.0398,-99.4,326328,375829,673357,0.092
5796,IVF,Healthcare,Medical Devices,NASDAQ,16.41,1,1,3,0,1.41,2839795.70961535,1786035.0,0.0762,-99.23,1547912,548300,346634,0.226
5797,MDXH,Healthcare,Diagnostics & Research,NASDAQ,16.34,1,11,87,86,0.55,29072317.536239624,51364520.0,0.0235,-89.68,846314,1075064,723816,0.127
5798,JYD,Industrials,Integrated Freight & Logistics,NASDAQ,16.31,1,59,7,2,0.79,5701344.106096029,8298900.0,0.0018000001,-93.75,440770,1088986,663006,0.086
5799,RAYA,Industrials,Electrical Equipment & Parts,NASDAQ,16.3,1,1,0,0,3.5,3664982.3887410164,982569.0,0.0109,-99.95,68910,60003,954597,-0.231
5800,ORGN,Basic Materials,Chemicals,NASDAQ,16.18,1,1,2,9,1.22,7209043.655110836,5503087.0,0.09770001,-95.72,90568,1037466,662555,-0.912
5801,GOSS,Healthcare,Biotechnology,NASDAQ,16.07,1,1,2,97,0.16,41071848.47555058,234696281.0,0.1863,-95.87,15202870,12631670,10395066,0.715
5802,KUST,Communication Services,Entertainment,NASDAQ,15.97,1,2,1,2,1.7,1178496.7970108986,626860.0,0.063,-96.81,741575,275278,186434,0.381
5803,SUGP,Industrials,Security & Protection Services,NASDAQ,15.54,1,6,25,24,1.04,1458912.9001262188,1464772.0,0.0791,-94.35,8008463,2772897,1665540,-0.065
5804,TRNR,Consumer Cyclical,Personal Services,NASDAQ,15.46,1,0,0,2,0.62,1727223.5682196617,2330936.0,0.024400001,-99.51,254014,1642354,1041068,2.791
5805,AGRZ,Consumer Defensive,Farm Products,NASDAQ,15.4,1,4,2,13,0.29,6003555.562029183,21673485.0,0.0026,-95.97,2582167,956122,876029,3.202
5806,CMND,Healthcare,Biotechnology,NASDAQ,15.28,1,1,0,0,3.2,4055751.359436512,1019033.0,0.0202,-99.39,8986713,3292810,2548390,
5807,BGL,Basic Materials,Gold,NASDAQ,15.16,1,1,2,1,0.5,21235641.181081295,40837773.0,0.006,-99.7,394974,403584,435626,
5808,IMCC,Healthcare,Drug Manufacturers - Specialty & Generic,NASDAQ,15.14,1,1,5,22,0.23,1705190.433747232,6223323.0,0.0052,-93.87,1206094,602651,809828,-0.306
5809,WTO,Technology,Consumer Electronics,NASDAQ,15.08,1,1,3,0,1.0,1993616.7611756325,1973878.0,0.030199999,-99.87,817584,1383724,833546,-0.281
5810,ISPC,Healthcare,Diagnostics & Research,NASDAQ,14.92,1,2,3,2,2.68,4340214.112588406,1437157.0,0.0785,-97.89,115898,635216,1044402,-0.852
5811,GCTK,Healthcare,Medical Instruments & Supplies,NASDAQ,14.88,1,2,1,7,0.4,3793123.1128005385,6259279.0,0.0069999998,-97.48,439233,7483394,5240194,
5812,JZ,Technology,Information Technology Services,NASDAQ,14.88,1,7,8,7,0.21,17339850.812424123,72249380.0,0.0008,-94.87,16723619,5672140,3424847,0.581
5813,PMAX,Financial Services,Capital Markets,NASDAQ,14.79,1,0,2,15,1.86,3499279.254565239,1715333.0,0.0493,-96.42,458793,2453534,1788805,0.727
5814,IMMP,Healthcare,Biotechnology,NASDAQ,14.76,1,2,2,87,0.36,56001409.07727492,147372131.0,0.0359,-89.8,1003620,1013973,16738166,0.915
5815,SBFM,Healthcare,Drug Manufacturers - Specialty & Generic,NASDAQ,14.49,1,19,20,20,2.14,3976821.301668167,1616594.0,0.0991,-91.19,1778656,3286129,1973073,-0.091
5816,TNMG,Communication Services,Publishing,NASDAQ,14.41,1,1,3,5,0.66,1749961.0343863964,2931258.0,0.0385,-96.46,391196,198952,143821,0.057
5817,FGL,Industrials,Engineering & Construction,NASDAQ,14.36,1,0,0,2,1.85,2027818.1781482697,1145660.0,0.0495,-98.71,412213,1558861,1008462,0.089
5818,JTAI,Technology,Software - Application,NASDAQ,14.14,1,0,0,3,7.4,10805079.46441412,1421721.0,0.0754,-99.14,264081,210133,466857,-0.516
5819,CREG,Utilities,Utilities - Renewable,NASDAQ,13.27,1,1,15,5,0.23,7963146.89086318,27459128.0,0.22729999,-98.44,8953658,36868372,32732011,4.253
5820,IPST,Financial Services,Capital Markets,NASDAQ,13.09,1,1,0,3,3.32,2568817.6387109756,721578.0,0.0934,-99.38,82993,97784,257340,0.607
5821,KITT,Industrials,Aerospace & Defense,NASDAQ,12.99,1,1,4,1,1.48,7704504.309153557,5002925.0,0.2068,-98.3,369446,366522,396364,-0.034
5822,POM,Healthcare,Pharmaceutical Retailers,NASDAQ,12.36,1,2,7,0,0.12,13285261.467012428,134194561.0,0.0149,-98.13,1619146,13764575,8996317,0.172
5823,DAIC,Technology,Information Technology Services,NASDAQ,12.31,1,2,0,2,1.85,2929126.9523448944,1210383.0,0.014199999,-99.9,4269381,1451603,878719,-0.965
5824,SMX,Industrials,Specialty Business Services,NASDAQ,12.26,1,2,0,98,12.87,8482500.123977661,650000.0,0.1164,-99.77,109451,1186816,1305221,
5825,POAS,Healthcare,Medical Devices,NYSE ARCA,12.19,1,7,6,39,0.32,4983365.30097574,16446750.0,0.0381,-95.67,3445772,2521790,1613452,0.388
5826,SCAG,Industrials,Farm & Heavy Construction Machinery,NASDAQ,12.08,1,3,5,5,0.32,61209947.21414715,72609665.0,0.0008,-98.69,12563993,4209257,2527800,0.388
5827,ELAB,Healthcare,Biotechnology,NASDAQ,12.07,1,0,0,4,1.41,6997376.366669655,4543751.0,0.0848,-99.55,3282156,1471838,6759823,
5828,SNBR,Consumer Cyclical,"Furnishings, Fixtures & Appliances",NASDAQ,11.8,1,2,5,37,0.74,11063519.752711058,23049000.0,0.319,-94.69,41398083,14712447,10809952,-0.189
5829,YYAI,Technology,Software - Infrastructure,NASDAQ,11.74,1,4,4,0,8.68,8175633.601140976,1053561.0,0.061100002,-99.92,21399,25052,19041,1.131
5830,ELPW,Industrials,Electrical Equipment & Parts,NASDAQ,11.69,1,0,0,3,1.16,2338768.916329384,3045272.0,0.5697,-99.98,14425062,7202147,8292166,
5831,AUUD,Technology,Software - Application,NASDAQ,11.59,1,1,9,3,1.29,7026905.193066597,5364050.0,0.0252,-97.72,2350729,7138279,6194007,
5832,TRUG,Consumer Cyclical,Leisure,NASDAQ,11.49,1,0,3,1,1.57,1781883.2265521288,1113677.0,0.026800001,-98.72,141192,129137,183152,-0.042
5833,MEHA,Consumer Defensive,Packaged Foods,NASDAQ,11.02,1,1,2,0,0.05,3038862.253183663,42206422.0,0.0153,-99.38,34555455,81755145,52276659,0.035
5834,PHGE,Industrials,Aerospace & Defense,NYSE ARCA,10.92,1,0,84,0,0.64,7305491.810294151,10146516.0,0.0225,-95.65,1212110,12012200,7319552,
5835,UCAR,Consumer Cyclical,Auto & Truck Dealerships,NASDAQ,10.77,0,0,2,9,1.21,34752582.163752675,25742653.0,0.0099,-97.57,469548,1070529,15465991,-0.248
5836,VIVK,Energy,Oil & Gas Integrated,NASDAQ,10.75,0,2,0,0,0.64,3006952.8487918973,4295647.0,0.0341,-99.75,4520003,1621367,1179552,-0.479
5837,NOTV,Healthcare,Diagnostics & Research,NASDAQ,10.73,0,5,3,3,0.08,5930985.052384868,34888147.0,0.0947,-97.49,120333052,40626970,24791410,-0.054
5838,BNRG,Utilities,Utilities - Renewable,NASDAQ,10.66,0,1,0,2,1.31,697291.419380188,540536.0,0.3473,-99.05,4392518,1982539,1222470,
5839,CISS,Industrials,Marine Shipping,NASDAQ,10.64,0,1,0,0,2.23,1157928.3767623901,541088.0,0.1925,-99.73,814557,1292865,793526,0.335
5840,DFNS,Industrials,Aerospace & Defense,NASDAQ,10.47,0,1,1,80,0.28,21027321.58606127,68270525.0,0.1344,-98.38,7591027,3855839,3737825,
5841,FBLG,Healthcare,Biotechnology,NASDAQ,10.39,0,1,9,3,0.95,5365182.300971746,5208915.0,0.048600003,-95.2,135617,288462,540369,
5842,NIVF,Healthcare,Medical Care Facilities,NASDAQ,10.13,0,1,0,0,0.54,1772357.0137915611,2777989.0,0.11270001,-99.92,3912077,5629219,3385021,0.119
5843,SNYR,Healthcare,Medical Distribution,NASDAQ,10.1,0,1,12,13,0.19,3114075.6411388367,14899883.0,0.028900001,-95.25,13000943,4931104,4586098,-0.328
5844,PFSA,Healthcare,Medical Devices,NASDAQ,10.03,0,0,0,1,0.25,1248951.8551106453,4660268.0,0.0581,-99.94,279010,287750,6044408,
5845,GOCO,Financial Services,Insurance Brokers,NASDAQ,9.98,0,3,5,4,0.29,11246646.81974864,16686419.0,0.0461,-95.92,787305,337495,225385,-0.946
5846,SLXN,Healthcare,Biotechnology,NASDAQ,9.96,0,1,4,4,3.06,1956706.6819667816,418995.0,0.044899996,-98.63,147768,1215058,732916,
5847,ICCM,Healthcare,Medical Devices,NASDAQ,9.55,0,3,27,9,2.54,12251249.222597122,2806701.0,0.027,-93.95,151695,64048,46293,0.257
5848,IPW,Consumer Cyclical,Internet Retail,NASDAQ,9.35,0,0,1,8,3.29,2010169.5747756958,661240.0,0.1821,-98.81,554132,252170,279534,-0.782
5849,CRMT,Consumer Cyclical,Auto & Truck Dealerships,NASDAQ,9.09,0,5,5,10,2.37,64177938.65835667,8302450.0,0.2481,-96.22,1083732,415597,299454,-0.12
5850,BNZI,Technology,Software - Application,NASDAQ,9.0,0,1,9,2,3.21,4383709.806110859,1456382.0,0.1104,-98.46,257178,498815,320057,-0.202
5851,PMI,Healthcare,Medical Devices,NYSE ARCA,8.68,0,0,4,5,0.21,24084258.741388768,93349845.0,0.0104,-98.46,125081176,57281785,34461167,0.855
5852,FCUV,Technology,Scientific & Technical Instruments,NASDAQ,8.42,0,0,1,59,0.83,2024095.760430336,2811244.0,0.3084,-98.42,642495,1086925,1769793,-0.748
5853,NEXR,Consumer Cyclical,Internet Retail,NASDAQ,8.05,0,0,1,1,0.76,979094.5208673477,809169.0,0.0398,-99.49,22459243,7620374,5519790,0.315
5854,DGNX,Industrials,Consulting Services,NASDAQ,7.92,0,0,0,97,0.98,29100941.0,29100941.0,0.0444,-99.69,1618203,1118341,963767,2.927
5855,WHLR,Real Estate,REIT - Retail,NASDAQ,7.74,0,0,0,0,0.92,1548780.5933942199,1943263.0,0.1047,-99.9,239513,1802204,1161241,-0.014
5856,JAGX,Healthcare,Biotechnology,NASDAQ,7.39,0,0,2,4,2.75,2021667.1655712128,722024.0,0.1313,-98.07,59891,125562,82391,8.156
5857,KALA,Healthcare,Biotechnology,NASDAQ,7.08,0,0,1,0,2.39,38295052.85628128,18589832.0,0.0023,-99.77,102732,89125,81574,
5858,APUS,Healthcare,Drug Manufacturers - Specialty & Generic,NYSE ARCA,6.75,0,0,25,58,1.29,19165794.50215864,15091177.0,0.0339,-96.8,31325,258958,156773,
5859,NUWE,Healthcare,Medical Devices,NASDAQ,6.2,0,3,3,3,0.15,500148.1652607918,2942048.0,0.013300001,-99.42,7326179,2489766,1513881,0.262
5860,ZNB,Communication Services,Entertainment,NASDAQ,5.72,0,0,0,1,1.29,2668397.8660326004,1853054.0,0.0735,-99.95,658153,232054,167558,3.93
5861,VMAR,Consumer Cyclical,Recreational Vehicles,NASDAQ,5.66,0,1,0,3,0.35,605545.409860611,1560684.0,0.0877,-99.9,2966483,1304604,838250,192.73
5862,YMT,Technology,Software - Application,NASDAQ,5.42,0,0,2,6,0.76,6366990.066382289,7625138.0,0.015,-99.16,966620,422390,575574,-0.077
5863,LBGJ,Industrials,Specialty Industrial Machinery,NASDAQ,5.35,0,0,0,4,1.18,3794994.2439858913,3358402.0,0.060900003,-99.35,345839,385479,284313,-0.096
5864,UBXG,Communication Services,Advertising Agencies,NASDAQ,5.2,0,0,16,17,3.24,5508636.907985687,1818032.0,0.031,-97.12,112046,284589,172219,-0.326
5865,LRHC,Real Estate,Real Estate Services,NASDAQ,4.51,0,0,0,0,1.08,1102499.9499320984,1050000.0,0.033099998,-99.94,496688,636312,724058,0.032
5866,EDBL,Consumer Defensive,Farm Products,NASDAQ,4.36,0,0,1,7,0.24,1823058.77611126,8722769.0,0.2351,-99.25,5526453,7239231,5876746,0.229
5867,MGN,Industrials,Engineering & Construction,NASDAQ,3.94,0,0,73,4,0.14,5142999.947071075,37000000.0,0.0208,-98.38,1312349,4974316,15394389,1.259
5868,XXII,Consumer Defensive,Tobacco,NASDAQ,3.85,0,0,1,2,0.33,2062965.484875381,4455649.0,0.0224,-99.87,624855,2861955,1760057,-0.433
5869,GMM,Technology,Information Technology Services,NASDAQ,3.47,0,14,13,6,0.06,5042938.595843583,62258501.0,0.0039,-98.18,166836714,61596838,36970432,0.362
5870,GMEX,Technology,Consumer Electronics,NASDAQ,3.38,0,0,0,0,0.88,1218612.7368248105,1423613.0,0.0661,-99.92,12687141,4522915,3078288,0.032
5871,LZMH,Technology,Information Technology Services,NASDAQ,3.31,0,0,6,2,1.5,9966135.128438473,8978500.0,0.0150999995,-99.72,1287725,744269,786669,0.912
5872,WOK,Healthcare,Medical Devices,NASDAQ,3.11,0,90,0,0,0.1,112746.77675575018,1295940.0,0.3796,-100.0,156176137,102465755,61489941,-0.144
5873,KIDZ,Consumer Defensive,Education & Training Services,NASDAQ,2.67,0,0,0,0,1.77,2182502.0453653336,912036.0,0.0215,-99.92,1548815,1343655,1185106,-0.364
5874,GDC,Communication Services,Electronic Gaming & Multimedia,NASDAQ,2.46,0,0,76,70,0.1,6075971.190539025,60759711.0,0.1372,-98.99,41448878,60944069,36574385,
5875,RPGL,Technology,Software - Application,NASDAQ,2.32,0,0,0,0,2.34,2550727.8064785004,1094733.0,0.0271,-99.94,918556,436470,366522,48.927
5876,CDT,Healthcare,Biotechnology,NASDAQ,2.16,0,0,1,0,0.72,3575745.6069499254,4858350.0,0.0123000005,-99.88,5013159,1821846,1152851,
5877,RUBI,Industrials,Marine Shipping,NASDAQ,2.06,0,0,0,0,0.47,1319323.8900854588,2512998.0,1.96,-100.0,6123000,4078596,2492852,-0.051
5878,YYGH,Consumer Cyclical,Personal Services,NASDAQ,2.0,0,0,0,3,0.17,572652.3400144577,4371392.0,0.015800001,-99.9,108418959,39034323,23540897,0.442
5879,CMCT,Real Estate,REIT - Office,NASDAQ,1.9,0,0,0,7,4.81,8498088.835506916,2639158.0,0.0298,-99.67,54308,39056,409181,-0.1
5880,WNW,Consumer Cyclical,Internet Retail,NASDAQ,1.75,0,0,73,10,3.51,3884975.4215068817,1330471.0,0.0093,-99.74,1241232,2716907,2078550,62.646
5881,ONCO,Healthcare,Biotechnology,NASDAQ,1.63,0,0,1,5,1.05,1180850.6771996021,1146457.0,0.0049,-99.73,411487,1014537,1380472,-0.789
5882,PAVS,Consumer Defensive,Packaged Foods,NASDAQ,1.15,0,0,0,0,0.5,933280.6849992275,1048630.0,0.0098,-99.97,29742014,9973801,6208720,180.334
5883,LNKS,Industrials,Electrical Equipment & Parts,NASDAQ,0.98,0,0,97,5,1.63,2345655.041287422,1606613.0,0.53650004,-99.61,900278,1805679,1910997,-0.016
5884,FCHL,Consumer Defensive,Education & Training Services,NASDAQ,0.7,0,0,3,0,1.38,1411054.0091707706,1318742.0,0.19379999,-99.96,1011258,2678963,2158718,-0.001
5885,ZCMD,Healthcare,Health Information Services,NASDAQ,0.66,0,5,3,6,0.76,612681.6348266602,751480.0,0.0254,-99.8,4193027,1397971,838869,-0.232
5886,HAO,Communication Services,Advertising Agencies,NASDAQ,0.66,0,0,33,97,1.13,1966913.3638045788,2222501.0,0.012999999,-99.6,1525268,1233062,739870,0.412
5887,CTNT,Industrials,Integrated Freight & Logistics,NASDAQ,0.56,0,0,58,18,1.92,5208528.131777048,2959391.0,0.0154,-99.55,3182012,1553740,1567233,-0.807
5888,RDGT,Healthcare,Pharmaceutical Retailers,NASDAQ,0.55,0,0,80,98,1.64,1267458.8399957418,898907.0,0.0138,-99.78,2531998,930439,999212,-0.117
5889,EZGO,Consumer Cyclical,Recreational Vehicles,NASDAQ,0.45,0,0,4,3,1.63,3043786.800949216,2305899.0,0.0084,-99.94,1881592,1860696,1116453,0.219
5890,CHSN,Consumer Cyclical,Restaurants,NASDAQ,0.39,0,0,16,4,1.36,2527804.90740788,2319087.0,0.026300002,-99.97,2190886,1646785,1118260,-0.103
5891,HKIT,Technology,Information Technology Services,NASDAQ,0.21,0,0,19,81,0.44,2587581.086421907,9208474.0,0.2143,-99.93,57099232,19295629,11770196,4.409
5892,HUBC,Technology,Software - Infrastructure,NASDAQ,0.07,0,0,0,1,1.45,12721199.517688036,3330157.0,0.9486,-100.0,16169230,6587832,3992873,-0.038
5893,ADTX,Healthcare,Biotechnology,NASDAQ,0.0,0,0,0,0,0.02,50587.10117324442,815921.0,0.0877,-100.0,88128878,30432956,18320466,10.944
=======
2946,CNM,Industrials,Industrial Distribution,NYSE,90.71,49,26,36,63,52.65,9777778375.49643,188142739.0,0.0482,-21.63,2029986,2027725,2364453,-0.069
2947,LRN,Consumer Defensive,Education & Training Services,NYSE,90.71,49,26,35,7,97.13,4252909339.242859,42524840.0,0.2227,-43.26,769722,772804,725856,0.027
2948,MMU,Financial Services,Asset Management,NYSE,90.71,49,48,62,57,10.21,553288936.4906311,54618848.0,0.0011,-4.67,152709,144163,131713,-0.021
2949,BGY,Financial Services,Asset Management,NYSE,90.71,49,50,53,57,5.66,511971679.39166784,90614455.0,0.0007,-9.15,470568,355836,350819,0.115
2950,JRI,Financial Services,Asset Management,NYSE,90.7,49,57,51,62,12.72,345848300.6706867,27448277.0,0.0044,-10.86,160627,151255,143257,
2951,CHPGU,Financial Services,Shell Companies,NASDAQ,90.69,49,43,52,45,10.48,,,,-13.39,30,10,6,
2952,MMM,Industrials,Conglomerates,NYSE,90.69,49,29,44,70,156.39,80196179186.30547,521567261.0,0.0164,-11.85,3396958,3747326,3632151,0.013
2953,TYG,Financial Services,Asset Management,NYSE,90.68,49,62,81,52,42.36,929409222.8139572,21514102.0,0.0546,-17.23,226082,224850,178220,0.931
2954,BTT,Financial Services,Asset Management,NYSE,90.67,49,50,59,53,22.73,1439842997.53343,63625411.0,0.00090000004,-2.19,86165,74118,88095,0.006
2955,ONBPP,Financial Services,Banks - Regional,NASDAQ,90.66,49,48,56,53,24.79,,,0.37,-3.16,14215,31731,21677,0.462
2956,EPC,Consumer Defensive,Household & Personal Products,NYSE,90.66,49,32,39,15,20.73,915635986.2929878,46081326.0,0.1232,-24.54,797905,904968,760173,0.006
2957,EVN,Financial Services,Asset Management,NYSE,90.65,49,45,59,58,10.74,428599527.6460476,39906847.0,1.03,-4.36,84549,87439,94411,0.077
2958,LCCC,Financial Services,Shell Companies,NASDAQ,90.65,49,47,52,48,10.4,92611996.60301208,8905000.0,0.00090000004,-0.48,95686,48618,29817,
2959,VACI,Financial Services,Shell Companies,NYSE,90.65,49,46,48,42,10.19,322664676.07508755,31326667.0,0.00029999999,-2.86,325363,315831,298168,
2960,KFII,Financial Services,Shell Companies,NASDAQ,90.64,49,47,54,49,10.54,413366301.31750107,39256060.0,0.04,0.09,1140,19273,14268,
2961,COPL,Financial Services,Shell Companies,NYSE,90.64,49,47,53,47,10.43,247487146.23133087,23728393.0,0.05,-2.43,37169,16216,17177,
2962,NX,Industrials,Building Products & Equipment,NYSE,90.63,49,63,58,28,16.65,708370131.5048218,45938400.0,0.072399996,-27.55,435650,366700,371608,0.022
2963,TLF,Consumer Cyclical,Specialty Retail,NASDAQ,90.63,49,47,62,22,2.32,18893079.536358118,8143569.0,0.0401,-38.62,34719,41826,34081,0.032
2964,BMEZ,Financial Services,Asset Management,NYSE,90.62,49,49,48,64,14.29,895645114.5515213,62501404.0,0.0016,-9.56,203114,191714,191896,
2965,RA,Financial Services,Asset Management,NYSE,90.62,49,50,57,52,12.66,700629562.142395,55254696.0,0.32,-6.84,136963,173661,162670,
2966,GBDC,Financial Services,Asset Management,NASDAQ,90.62,49,41,34,42,13.1,3396857150.3028975,260495181.0,0.052699998,-16.19,1195968,1337392,1714115,-0.12
2967,RFAI,Financial Services,Shell Companies,NASDAQ,90.61,49,48,56,50,11.01,91864854.55973625,8343765.0,0.07,-3.72,824,651,2058,
2968,MAYS,Real Estate,Real Estate Services,NASDAQ,90.61,49,60,80,40,42.14,84743393.04550171,2015780.0,0.0044,-32.02,264,1021,1156,-0.077
2969,CUB,Financial Services,Shell Companies,NASDAQ,90.61,49,47,54,50,10.88,333960014.15856457,30666667.0,0.05,-1.09,809107,281699,172825,
2970,PNFP,Financial Services,Banks - Regional,NYSE,90.6,49,46,28,38,95.2,14553096694.806885,151106812.0,0.0354,-20.97,1214566,1088672,1269899,1.564
2971,NPFD,Financial Services,Asset Management,NYSE,90.59,49,54,62,58,18.74,452111055.9870682,24164141.0,0.0019,-6.86,50543,55614,52844,0.068
2972,IRT,Real Estate,REIT - Residential,NYSE,90.59,49,36,34,32,16.92,3917578212.6596336,235714682.0,0.060399998,-9.71,3260094,2719898,2503746,0.023
2973,GOODN,Real Estate,REIT - Diversified,NASDAQ,90.58,49,47,54,58,22.58,,,1.0,-7.27,2966,3048,3095,0.118
2974,QUMSU,Financial Services,Shell Companies,NASDAQ,90.56,49,47,48,46,10.33,,,12.74,-0.19,10,146,94,
2975,CHECU,Financial Services,Shell Companies,NASDAQ,90.55,49,41,51,44,10.29,0.0,0.0,82.17,-1.11,10,23,88,
2976,AGCO,Industrials,Farm & Heavy Construction Machinery,NYSE,90.55,49,50,74,59,113.14,8429076893.237946,72408527.0,0.0348,-21.31,690846,722055,703703,0.143
2977,DMAA,Financial Services,Shell Companies,NASDAQ,90.54,49,49,54,49,10.6,257578038.59518337,24276913.0,0.0036000002,-0.19,37468,33289,133089,
2978,TTAM,Basic Materials,Building Materials,NYSE,90.53,49,51,59,71,15.8,2888959840.61574,184362465.0,0.1224,-18.64,358026,270498,247191,0.015
2979,EG,Financial Services,Insurance - Reinsurance,NYSE,90.53,49,55,42,35,331.85,13233139569.735535,39571602.0,0.0348,-9.89,512018,387136,361661,-0.047
2980,SPH,Utilities,Utilities - Regulated Gas,NYSE,90.53,49,57,70,50,19.02,1277103847.25,66343057.0,0.007900001,-8.56,128833,153264,131070,-0.062
2981,MKLY,Financial Services,Shell Companies,NASDAQ,90.53,49,46,51,46,10.18,247825520.96930695,24344353.0,0.00059999997,-0.29,8060,13036,12148,
2982,NATH,Consumer Cyclical,Restaurants,NASDAQ,90.52,49,48,56,40,101.47,416974190.20584106,4094405.0,0.0638,-14.37,20168,22649,21273,0.089
2983,SDHY,Financial Services,Asset Management,NYSE,90.52,49,44,50,50,16.1,394028710.90841675,24673056.0,0.43,-6.29,72750,87686,80456,
2984,GEF,Consumer Cyclical,Packaging & Containers,NYSE,90.52,49,53,67,71,65.44,3612938732.809456,56816146.0,1.0,-15.17,195625,204605,198703,-0.005
2985,OMF,Financial Services,Credit Services,NYSE,90.51,49,37,39,81,55.8,6395793573.234497,115530952.0,0.0372,-22.42,1075833,1139931,1151550,0.091
2986,BSM,Energy,Oil & Gas E&P,NYSE,90.51,49,49,74,61,13.7,2951615780.5458555,212499331.0,0.0226,-11.56,428613,407934,409092,0.085
2987,WTG,Financial Services,Shell Companies,NASDAQ,90.51,49,46,53,45,10.38,75738071.91417217,7303575.0,0.0004,0.1,2900,1623,3568,
2988,TLNC,Financial Services,Shell Companies,NASDAQ,90.51,49,47,51,48,10.27,349983706.4809799,33979000.0,0.0005,-9.12,9930,9933,6334,
2989,DHF,Financial Services,Asset Management,NYSE,90.5,49,40,43,47,2.41,175295053.1830268,72736534.0,0.12,-8.37,147308,260812,236825,-0.056
2990,LAZ,Financial Services,Capital Markets,NYSE,90.5,49,31,30,52,47.3,4563571136.681595,98437685.0,0.054899998,-19.49,1442032,1382697,1362968,0.154
2991,ALAR,Technology,Software - Infrastructure,NASDAQ,90.49,49,26,21,10,9.15,65413521.22976303,7341585.0,0.0077,-49.17,178738,82666,63535,0.642
2992,AACB,Financial Services,Shell Companies,NASDAQ,90.47,49,46,53,50,10.49,290310743.6656952,27675000.0,0.0001,-0.57,28293,26781,21566,
2993,PLMK,Financial Services,Shell Companies,NASDAQ,90.47,49,47,55,50,10.64,258429043.80083084,24242875.0,0.02,-1.85,19396,34658,34947,
2994,RNP,Financial Services,Asset Management,NYSE,90.47,49,50,57,32,20.86,1003201632.789423,48000079.0,0.00029999999,-9.26,93978,85012,91433,-0.002
2995,LPAA,Financial Services,Shell Companies,NASDAQ,90.46,49,48,55,49,10.8,310500005.4836273,28750000.0,0.0001,-0.28,40220,22376,15444,
2996,ABM,Industrials,Specialty Business Services,NYSE,90.46,49,25,29,45,44.22,2489986216.388397,58532820.0,0.0659,-11.77,733479,509193,492079,0.084
2997,GTERA,Financial Services,Shell Companies,NASDAQ,90.45,49,47,53,46,10.3,244388104.5255661,23727000.0,0.0013,-0.0,24241,28390,19160,
2998,LH,Healthcare,Diagnostics & Research,NYSE,90.44,49,36,54,53,271.24,21742299499.51172,82000000.0,0.041199997,-7.65,576090,675916,642100,0.058
2999,IPEX,Financial Services,Shell Companies,NASDAQ,90.44,49,47,54,48,10.49,125048437.5,11909375.0,0.01,-0.1,2772,9670,11628,
3000,MHF,Financial Services,Asset Management,NYSE,90.44,49,49,46,39,6.91,152116913.53218985,22206849.0,1.22,-9.55,66415,51948,54961,-0.017
3001,NTR,Basic Materials,Agricultural Inputs,NYSE,90.44,49,69,89,70,66.35,32257580960.684387,480023548.0,0.0053,-22.27,2682729,2801776,2937181,0.19
3002,HCACU,Financial Services,Shell Companies,NASDAQ,90.43,49,46,54,43,10.34,262890771.13949203,25424639.0,1.88,-13.11,3000,1430,1122,
3003,PFO,Financial Services,Asset Management,NYSE,90.42,49,46,54,54,9.12,118872895.33544159,13077326.0,0.08,-7.88,33895,37938,34203,-0.011
3004,NXP,Financial Services,Asset Management,NYSE,90.41,49,49,57,46,14.28,735893172.0610619,52006586.0,0.00090000004,-2.53,131236,148305,139195,0.16
3005,PGAC,Financial Services,Shell Companies,NASDAQ,90.41,49,48,54,50,10.57,116539531.63528442,11025500.0,0.0001,-0.09,6230,4826,7912,
3006,NMP,Financial Services,Shell Companies,NASDAQ,90.4,48,47,52,45,10.24,163541336.5045662,15970834.0,0.0026,0.0,2640,4073,2806,
3007,POLE,Financial Services,Shell Companies,NASDAQ,90.4,48,47,55,49,10.74,316937393.245697,29510000.0,0.01,-1.47,6726,13858,14595,
3008,SOCA,Financial Services,Shell Companies,NASDAQ,90.4,48,45,50,46,10.27,242273613.92883682,23590419.0,0.0001,-0.0,2540,5456,4994,
3009,DNA,Healthcare,Biotechnology,NYSE,90.39,48,33,23,31,8.25,536967333.463521,65324491.0,0.0877,-53.07,1618880,1424763,1297202,-0.491
3010,NTWO,Financial Services,Shell Companies,NASDAQ,90.38,48,48,54,49,10.63,256598238.27970028,24116375.0,0.08,-0.37,350,4053,4564,
3011,NUW,Financial Services,Asset Management,NYSE,90.38,48,45,59,57,14.12,250062115.958313,17951336.0,0.0023999999,-3.95,55136,60258,52317,
3012,WSO,Industrials,Industrial Distribution,NYSE,90.38,48,51,38,20,386.11,15296502884.754639,41188278.0,0.0,-21.99,393635,394761,442275,0.001
3013,TAVI,Financial Services,Shell Companies,NASDAQ,90.36,48,47,55,49,10.64,168760835.8733158,15920833.0,0.010299999,-6.26,43805,77121,48235,
3014,CLNN,Consumer Defensive,Packaged Foods,NASDAQ,90.36,48,88,64,78,5.57,69641770.71273136,12778307.0,0.1385,-58.74,110347,940959,598775,-0.815
3015,LMT,Industrials,Aerospace & Defense,NYSE,90.35,48,47,88,51,530.13,120759997577.67773,230563608.0,0.013200001,-23.39,1154395,1278025,1354571,0.003
3016,MACI,Financial Services,Shell Companies,NASDAQ,90.35,48,48,55,48,10.83,234594606.94799423,21621622.0,0.11,-4.79,3790,27096,17294,
3017,ASTL,Basic Materials,Steel,NASDAQ,90.35,48,58,17,16,4.68,522727554.26025677,105388619.0,0.023599999,-35.4,1429017,1323869,1199237,-0.426
3018,GDL,Financial Services,Asset Management,NYSE,90.34,48,51,58,57,8.42,92339967.06568623,10927807.0,0.0005,-2.88,12022,9137,7912,
3019,AMT,Real Estate,REIT - Specialty,NYSE,90.33,48,34,42,29,190.83,90439160279.4115,465893069.0,0.0222,-18.56,3274518,3073849,3082623,0.068
3020,HCMAU,Financial Services,Shell Companies,NASDAQ,90.33,48,40,51,46,10.44,,,0.0,-5.0,112,3394,2360,
3021,TMO,Healthcare,Diagnostics & Research,NYSE,90.29,48,30,37,77,494.07,175702624115.60516,371621465.0,0.0128999995,-23.28,2623647,2446115,2271749,0.062
3022,SOUL,Financial Services,Shell Companies,NYSE,90.29,48,46,54,46,10.35,351417009.50216866,33953333.0,0.0002,-5.91,5790,17513,20434,
3023,CCNEP,Financial Services,Banks - Regional,NASDAQ,90.29,48,53,61,51,24.52,,,1.24,-3.62,971,1543,1462,0.486
3024,BRT,Real Estate,REIT - Residential,NYSE,90.29,48,44,36,30,14.77,275558771.26213074,18822320.0,0.0148,-11.5,25016,26228,41069,-0.009
3025,DARE,Healthcare,Biotechnology,NASDAQ,90.29,48,79,13,29,1.92,28161463.68857217,14979502.0,0.053200003,-79.11,211322,636480,749330,4.996
3026,VLT,Financial Services,Asset Management,NYSE,90.28,48,45,47,57,10.43,67521589.16484737,6511243.0,0.0026,-8.75,14243,16221,17274,-0.084
3027,SSEA,Financial Services,Shell Companies,NASDAQ,90.28,48,46,52,45,10.23,78114967.0645752,7635872.0,0.0001,-0.58,11986,7275,5637,
3028,JACS,Financial Services,Shell Companies,NYSE,90.27,48,47,54,48,10.64,314541703.38630676,29590000.0,0.0002,-0.09,16743,41234,34684,
3029,OTGAU,Financial Services,Shell Companies,NASDAQ,90.26,48,45,51,46,10.31,,,0.0,-0.29,2640,1496,1126,
3030,GDS,Technology,Information Technology Services,NASDAQ,90.25,48,77,83,71,36.11,6812838842.0,200377613.0,0.0795,-25.71,3409156,2655535,2140177,0.236
3031,UPC,Healthcare,Drug Manufacturers - Specialty & Generic,NASDAQ,90.25,48,12,13,16,3.37,2118430.2476434708,647838.0,0.0183,-69.36,77365,35441,23501,-0.141
3032,XOMAP,Healthcare,Biotechnology,NASDAQ,90.25,48,48,57,62,25.52,,,0.08,-14.93,1570,2603,2620,-0.226
3033,PHM,Consumer Cyclical,Residential Construction,NYSE,90.25,48,34,53,62,122.78,22553584485.859108,190486353.0,0.0584,-15.03,1425624,1691898,1834284,-0.124
3034,IBAC,Financial Services,Shell Companies,NASDAQ,90.25,48,50,56,44,10.8,54088874.15524387,5008229.0,0.0019,-5.68,7748,5402,4135,
3035,ALF,Financial Services,Shell Companies,NASDAQ,90.25,48,48,54,49,10.86,390640620.8872795,35937500.0,0.01,-0.28,226214,122198,84858,
3036,NOEM,Financial Services,Shell Companies,NASDAQ,90.24,48,48,54,53,10.44,100075225.97765923,9585750.0,0.001,-0.57,370,6433,4730,
3037,SPEG,Financial Services,Shell Companies,NASDAQ,90.23,48,46,52,46,10.26,157166663.25,15333333.0,0.00029999999,-6.98,1970,20620,20184,
3038,CLWT,Industrials,Pollution & Treatment Controls,NASDAQ,90.23,48,51,47,32,1.28,9116100.861362457,7411464.0,0.0067000003,-21.47,190689,67613,41219,-0.092
3039,KOYNU,Financial Services,Shell Companies,NASDAQ,90.21,48,43,50,45,10.3,,,2.6,-2.83,629,366,369,
3040,OZKAP,Financial Services,Banks - Regional,NASDAQ,90.21,48,49,56,41,16.27,,,0.39,-8.85,19777,20892,25927,0.014
3041,VNME,Financial Services,Shell Companies,NASDAQ,90.21,48,45,50,46,10.22,255500006.6757202,25000000.0,0.0022,-0.0,15034,16891,11622,
3042,HY,Industrials,Farm & Heavy Construction Machinery,NYSE,90.2,48,44,30,23,34.85,617919490.0512466,17915902.0,0.0298,-21.77,69757,86405,78127,-0.127
3043,UAA,Consumer Cyclical,Apparel Manufacturing,NYSE,90.2,48,52,80,14,5.78,2370366375.125494,426324892.0,0.3096,-29.08,7156604,8851391,8111920,-0.008
3044,HAVAU,Financial Services,Shell Companies,NASDAQ,90.2,48,44,51,44,10.24,187801227.16231537,18339964.0,328.15,-7.15,430,5990,3598,
3045,CHARU,Financial Services,Shell Companies,NASDAQ,90.19,48,48,52,43,10.8,,,0.0,-13.25,113,124,74,
3046,LOKV,Financial Services,Shell Companies,NASDAQ,90.19,48,47,51,44,10.53,303312505.4836273,28750000.0,0.0001,-9.77,901930,390976,289130,
3047,TVA,Financial Services,Shell Companies,NASDAQ,90.19,48,40,50,55,10.51,315600013.73291016,30000000.0,0.0005,-14.34,22311,57267,48910,
3048,KCHV,Financial Services,Shell Companies,NASDAQ,90.19,48,46,53,45,10.34,354221355.78726196,34257384.0,0.05,-0.1,60710,27670,23302,
3049,YCY,Financial Services,Shell Companies,NYSE,90.19,48,44,50,43,10.17,149562781.8789482,14735250.0,0.0,0.1,2440,28423,17880,
3050,FFC,Financial Services,Asset Management,NYSE,90.18,48,47,51,57,15.8,766510318.0086365,48177896.0,0.41,-7.06,158714,130154,120950,-0.012
3051,SLP,Healthcare,Health Information Services,NASDAQ,90.18,48,29,15,41,16.01,320863056.4723339,20205482.0,0.096999995,-44.12,225172,321140,358812,0.083
3052,DB,Financial Services,Banks - Regional,NYSE,90.18,48,31,37,87,31.9,60283786765.79841,1913163641.0,0.0019,-21.1,3027964,3004108,3039314,0.012
3053,KSPI,Technology,Software - Infrastructure,NASDAQ,90.18,48,59,28,22,78.1,15424512833.269684,190027266.0,0.015700001,-21.27,496369,516133,523685,0.313
3054,MUA,Financial Services,Asset Management,NYSE,90.17,48,48,55,45,10.66,536782384.1764641,50354821.0,0.0011,-9.58,95022,106257,109696,-0.021
3055,QUMS,Financial Services,Shell Companies,NASDAQ,90.17,48,46,51,44,10.22,116633010.82629204,11406651.0,0.00090000004,-0.1,16220,7936,7572,
3056,SDHI,Financial Services,Shell Companies,NASDAQ,90.17,48,46,52,46,10.43,363360350.63171387,34838000.0,0.0002,-0.19,14290,28480,25908,
3057,SVCC,Financial Services,Shell Companies,NASDAQ,90.17,48,46,54,49,10.55,228469750.65364838,21614925.0,0.0007,-0.19,904,1321,1068,
3058,RFI,Financial Services,Asset Management,NYSE,90.17,48,50,57,35,11.34,304667838.86344147,26748712.0,0.00029999999,-6.9,115982,111520,97108,0.97
3059,VHI,Basic Materials,Chemicals,NYSE,90.16,48,33,39,16,14.29,401609525.79388523,28302293.0,0.024,-28.55,15087,15062,13597,0.04
3060,OBA,Financial Services,Shell Companies,NASDAQ,90.15,48,44,52,44,10.23,323523735.5232239,31625000.0,0.03,-0.2,8560,14566,10188,
3061,FSUN,Financial Services,Banks - Regional,NASDAQ,90.14,48,37,39,47,36.5,1667098181.7725372,46736705.0,0.0294,-13.79,166413,196667,240964,0.101
3062,TVAI,Financial Services,Shell Companies,NASDAQ,90.14,48,47,52,46,10.3,280117085.0871935,27195833.0,0.00029999999,-1.9,7931,9430,5990,
3063,CMS,Utilities,Utilities - Regulated Electric,NYSE,90.13,47,47,70,50,72.63,22254568410.904343,308919602.0,0.0,-9.62,4129358,3179962,3041429,0.116
3064,BRCC,Consumer Defensive,Packaged Foods,NYSE,90.13,47,74,13,12,1.22,150935167.14665127,117004009.0,0.0825,-41.9,1810805,1722148,1230595,0.214
3065,EGHA,Financial Services,Shell Companies,NASDAQ,90.13,47,45,51,46,10.3,211150003.9100647,20500000.0,0.001,-4.59,14901,32890,24160,
3066,MRP,Real Estate,REIT - Residential,NYSE,90.13,47,35,60,75,29.3,4803766578.783806,166047927.0,0.0369,-18.61,1432498,1656299,1468701,1.357
3067,MXCT,Healthcare,Medical Devices,NASDAQ,90.12,47,16,7,14,1.19,122118704.54761219,107121672.0,0.0446,-50.0,1032853,1067954,965760,-0.071
3068,CRANU,Financial Services,Shell Companies,NASDAQ,90.12,47,43,50,42,10.27,,,0.37,-8.55,841,1287,1992,
3069,GRAF,Financial Services,Shell Companies,NYSE ARCA,90.12,47,46,53,56,10.81,310787512.0639801,28750000.0,0.04,-8.78,960,11850,10792,
3070,CCIX,Financial Services,Shell Companies,NASDAQ,90.12,47,43,50,43,10.81,395955006.9928169,36662500.0,0.0001,-4.51,60195,160445,173817,
3071,STEW,Financial Services,Asset Management,NYSE,90.12,47,44,47,62,17.64,1684832938.7788773,96441500.0,0.00059999997,-5.52,100394,84974,80578,-0.116
3072,CHPG,Financial Services,Shell Companies,NASDAQ,90.12,47,46,54,47,10.35,103398368.83392525,9987286.0,0.00090000004,-0.1,2440,8080,4874,
3073,MTW,Industrials,Farm & Heavy Construction Machinery,NYSE,90.11,47,60,67,80,12.04,425528584.0984192,35909584.0,0.0342,-22.62,256223,245207,222038,0.05
3074,LADR,Real Estate,REIT - Mortgage,NYSE,90.11,47,42,38,55,10.4,1306044440.878189,127668084.0,0.018099999,-12.75,820358,688886,871255,0.017
3075,SOR,Financial Services,Asset Management,NYSE,90.11,47,55,65,63,45.19,374097638.2297325,8230971.0,0.0,-10.36,9541,13247,14032,0.138
3076,HSPT,Financial Services,Shell Companies,NASDAQ,90.11,47,24,29,53,9.7,57434753.317837715,5860689.0,0.0031,-32.22,11475,27031,20131,
3077,GSRFU,Financial Services,Shell Companies,NASDAQ,90.1,47,40,50,53,10.4,276785250.0,26360500.0,0.33,-9.96,909,1709,1025,
3078,TVACU,Financial Services,Shell Companies,NASDAQ,90.1,47,35,54,62,10.68,,,2.15,-16.04,190,263,278,
3079,MNTK,Basic Materials,Specialty Chemicals,NASDAQ,90.09,47,20,15,20,1.69,236286285.9888519,142341139.0,0.023599999,-39.21,163150,237216,248722,0.09
3080,LPBB,Financial Services,Shell Companies,NASDAQ,90.09,47,47,52,48,10.69,307337487.9360199,28750000.0,0.0001,-0.09,23939,36116,30467,
3081,TACO,Financial Services,Shell Companies,NASDAQ,90.09,47,44,48,39,10.42,390945377.86245346,37518750.0,0.0002,-3.92,103858,89712,99033,
3082,SPMC,Financial Services,Asset Management,NYSE,90.09,47,22,13,20,11.76,237850346.74150944,20628825.0,5.71,-36.77,24252,27327,34056,-0.333
3083,TACH,Financial Services,Shell Companies,NASDAQ,90.07,47,45,53,49,10.4,357756949.2815685,34432814.0,0.21,-0.76,122105,44278,29439,
3084,GLP,Energy,Oil & Gas Midstream,NYSE,90.07,47,56,43,24,48.22,1668335965.8345032,33971410.0,0.010299999,-14.67,56419,74023,60505,0.159
3085,SZZL,Financial Services,Shell Companies,NASDAQ,90.07,47,46,53,47,10.35,323297341.55091476,31266667.0,0.0004,-1.43,20792,50657,109530,
3086,AYI,Industrials,Electrical Equipment & Parts,NYSE,90.05,47,31,28,74,299.88,9156393601.760742,30315168.0,0.0496,-21.12,400804,327671,391862,0.049
3087,LAFA,Financial Services,Shell Companies,NASDAQ,90.04,47,43,49,42,10.1,158704669.29416084,15713333.0,0.01,-0.98,2200,6630,21488,
3088,DMII,Financial Services,Shell Companies,NASDAQ,90.04,47,44,50,42,10.09,660995994.9970245,65575000.0,0.001,0.1,7975,127758,114331,
3089,AOMR,Real Estate,REIT - Mortgage,NYSE,90.04,47,40,42,42,8.34,206044142.0950203,24914647.0,0.0234,-17.76,150376,123075,99729,
3090,STRA,Consumer Defensive,Education & Training Services,NASDAQ,90.03,47,38,49,36,80.51,1854345420.9805908,22730392.0,0.066300005,-10.32,227403,257011,275762,0.008
3091,ITHAU,Financial Services,Shell Companies,NASDAQ,90.02,47,42,48,42,10.16,,,5.46,-7.64,160,76,6320,
3092,FORTY,Technology,Information Technology Services,NASDAQ,90.02,47,72,43,90,121.5,1932168042.0,15334667.0,0.11,-36.24,422,357,404,0.192
3093,CCAQ,Financial Services,Shell Companies,NASDAQ,90.01,47,46,54,47,10.39,210218934.01638508,20232813.0,0.0001,-1.05,1880,5056,7528,
3094,WLK,Basic Materials,Specialty Chemicals,NYSE,90.01,47,73,87,21,86.11,10844325901.95996,128122944.0,0.1096,-30.69,866862,1101204,1102500,-0.068
3095,HVII,Financial Services,Shell Companies,NASDAQ,90.01,47,46,52,51,10.43,271423371.131691,26023333.0,0.04,-5.1,190775,71911,54009,
3096,ORC,Real Estate,REIT - Mortgage,NYSE,90.0,47,57,69,59,6.64,1334656522.040265,200700226.0,0.0552,-20.95,5247273,4710611,5565602,
3097,EVG,Financial Services,Asset Management,NYSE,90.0,47,49,49,50,10.67,143181484.46006203,13456906.0,3.95,-6.81,29069,36919,33815,-0.11
3098,AGM,Financial Services,Credit Services,NYSE,90.0,47,45,27,34,173.8,1963560207.615326,10848998.0,0.00059999997,-17.49,164333,128217,112468,0.142
3099,RANG,Financial Services,Shell Companies,NASDAQ,90.0,47,47,53,51,10.62,170157869.49396133,16037500.0,0.0001,-8.68,13308,51529,36903,
3100,ORIQ,Financial Services,Shell Companies,NASDAQ,89.99,47,45,52,46,10.31,88880627.63214111,8625000.0,0.0015,-0.67,42880,29136,22012,
3101,GTERU,Financial Services,Shell Companies,NASDAQ,89.99,47,44,55,48,10.44,,,0.03,-5.43,90,253,6388,
3102,BSET,Consumer Cyclical,"Furnishings, Fixtures & Appliances",NASDAQ,89.99,47,30,32,69,14.86,122963669.7890606,8647234.0,0.0571,-24.76,24193,22047,28462,-0.022
3103,SIG,Consumer Cyclical,Luxury Goods,NYSE,89.98,47,44,69,70,86.75,3275777662.0774918,39329783.0,0.2157,-21.28,1146021,886723,842602,0.008
3104,CART,Consumer Cyclical,Internet Retail,NASDAQ,89.97,47,49,33,57,42.24,9697329731.15026,235029814.0,0.1,-21.05,3579402,4338617,3984628,0.136
3105,EVAC,Financial Services,Shell Companies,NYSE,89.97,47,44,51,44,10.18,594706966.2980442,58447858.0,0.02,-0.2,55685,105868,102911,
3106,XRPN,Financial Services,Shell Companies,NASDAQ,89.96,47,48,53,45,10.4,410487984.9433899,39470000.0,0.0042,-4.64,69526,57828,74559,
3107,APAC,Financial Services,Shell Companies,NASDAQ,89.96,47,45,51,42,10.14,81631231.14389133,8050417.0,0.004,-0.1,2760,4183,2602,
3108,PACHU,Financial Services,Shell Companies,NASDAQ,89.96,47,45,52,47,10.31,,,0.01,-7.95,1043,534,336,
3109,XRPNU,Financial Services,Shell Companies,NASDAQ,89.96,47,54,60,53,10.77,,,25.71,-22.18,30270,10130,6180,
3110,IPCXU,Financial Services,Shell Companies,NASDAQ,89.95,47,39,51,44,10.64,,,71.62,-6.99,40,183,126,
3111,CRAC,Financial Services,Shell Companies,NASDAQ,89.95,47,45,50,42,10.11,226148054.82029915,22368750.0,0.0004,0.0,3610,36093,92534,
3112,ENR,Industrials,Electrical Equipment & Parts,NYSE,89.95,47,19,20,16,19.68,1331124584.9687862,68473485.0,0.1116,-35.03,1020987,1197792,1138965,-0.03
3113,CHE,Healthcare,Medical Care Facilities,NYSE,89.95,47,30,29,23,446.26,5861711536.748779,13274104.0,0.0558,-20.7,205103,223361,236202,0.016
3114,LKSP,Financial Services,Shell Companies,NASDAQ,89.94,47,45,50,42,10.13,158973465.08595943,15693333.0,1.41,-0.1,6504,12854,10758,
3115,ALDF,Financial Services,Shell Companies,NASDAQ,89.94,47,45,53,49,10.68,318693845.6587639,29868214.0,0.0001,-0.0,2221,19663,14622,
3116,PMTRU,Financial Services,Shell Companies,NASDAQ,89.94,47,39,53,45,10.78,,,13.04,-13.06,589,576,483,
3117,FIGX,Financial Services,Shell Companies,NASDAQ,89.93,47,45,52,45,10.24,197926864.42950153,19385589.0,0.02,0.0,46045,33965,22319,
3118,DNOW,Industrials,Industrial Distribution,NYSE,89.93,47,26,24,32,13.49,2415083284.75708,182545984.0,0.0964,-21.84,2914272,3336867,3085434,0.975
3119,PHG,Healthcare,Medical Devices,NYSE,89.92,47,33,63,54,26.5,25378467715.301132,971982655.0,1.2,-20.75,1278312,1351014,1191130,-0.047
3120,BWG,Financial Services,Asset Management,NYSE,89.92,47,45,46,56,7.84,131815910.99860573,16791836.0,0.0037,-12.3,72949,73429,73815,
3121,CHSCP,Consumer Defensive,Farm Products,NASDAQ,89.91,47,49,60,44,27.78,,,1.67,-9.13,15972,11177,13438,0.072
3122,TXNM,Utilities,Utilities - Regulated Electric,NYSE,89.91,47,54,63,64,57.78,6568261760.521042,110707257.0,0.0746,-2.94,1750356,1559258,1416251,0.046
3123,SZZLU,Financial Services,Shell Companies,NASDAQ,89.9,46,46,58,46,10.46,,,5.64,-15.51,0,23,2080,
3124,VGI,Financial Services,Asset Management,NYSE,89.9,46,49,56,56,7.4,83377501.48531914,11313094.0,0.0021,-8.53,38114,38431,40720,
3125,LDP,Financial Services,Asset Management,NYSE,89.89,46,51,51,57,20.57,600195124.3314514,29079222.0,0.0016,-6.71,81096,69565,70501,
3126,HCMA,Financial Services,Shell Companies,NASDAQ,89.89,46,41,49,43,10.26,346104004.3009472,33733333.0,0.0001,-2.19,101440,47990,31002,
3127,PACH,Financial Services,Shell Companies,NASDAQ,89.89,46,44,53,46,10.25,323523735.5232239,31625000.0,0.0001,0.2,11070,7976,10816,
3128,LWAC,Financial Services,Shell Companies,NASDAQ,89.88,46,45,50,44,10.21,307065751.1472702,30075000.0,0.06,-0.0,2110,5476,5492,
3129,HAVA,Financial Services,Shell Companies,NASDAQ,89.88,46,45,51,42,10.09,209208133.68555737,20693189.0,0.00029999999,-0.2,150,16793,12620,
3130,NXRT,Real Estate,REIT - Residential,NYSE,89.87,46,35,27,23,29.06,1495332849.067812,51545427.0,0.0495,-17.49,170156,173785,184391,0.005
3131,BANX,Financial Services,Asset Management,NASDAQ,89.87,46,47,43,65,19.42,189937386.92170715,9685741.0,0.0027,-17.96,39134,43491,42134,-0.101
3132,QETAU,Financial Services,Shell Companies,NASDAQ,89.86,46,61,58,50,11.2,,,0.0,-18.78,1880,1056,644,
3133,CRAQ,Financial Services,Shell Companies,NASDAQ,89.86,46,45,53,47,10.26,400055876.9245148,38991800.0,0.08,-1.72,1000,13443,8366,
3134,MMTX,Financial Services,Shell Companies,NASDAQ,89.86,46,45,50,42,10.09,88987247.32646942,8828100.0,0.0001,-0.0,5640,18720,11492,
3135,ISOU,Energy,Uranium,NYSE ARCA,89.85,46,89,87,55,9.51,612352236.3281021,60628932.0,15.19,-29.97,138811,119557,117314,
3136,LWACU,Financial Services,Shell Companies,NASDAQ,89.84,46,45,51,47,10.3,,,0.0,-1.9,0,90,54,
3137,ALIS,Financial Services,Shell Companies,NASDAQ,89.84,46,45,50,42,10.11,85117753.21483612,8427500.0,0.001,0.1,23462,10757,7078,
3138,GSHR,Financial Services,Shell Companies,NASDAQ,89.84,46,45,54,48,10.4,212722725.79737663,20454109.0,0.05,-7.14,1900,4903,6060,
3139,VNMEU,Financial Services,Shell Companies,NASDAQ,89.84,46,45,54,46,10.28,,,0.0,-9.19,280,793,2006,
3140,PPL,Utilities,Utilities - Regulated Electric,NYSE,89.84,46,47,73,47,35.75,26889003200.675102,752350362.0,0.059499998,-10.87,9362601,9256100,8178338,0.108
3141,INAC,Financial Services,Shell Companies,NASDAQ,89.83,46,46,52,45,10.2,150796103.94001007,14755000.0,0.0001,-0.39,3170,5163,3704,
3142,TG,Industrials,Metal Fabrication,NYSE,89.83,46,69,47,37,8.0,269065717.0012636,34898277.0,0.0095999995,-24.03,152620,188803,182714,0.132
3143,ELS,Real Estate,REIT - Residential,NYSE,89.82,46,45,69,42,63.36,12107521492.975044,193937553.0,0.0464,-8.17,1667875,1489498,1420463,0.012
3144,DSWL,Technology,Electronic Components,NASDAQ,89.82,46,62,72,77,3.26,52108231.22605944,15935239.0,0.00090000004,-27.23,5482,8064,9776,-0.055
3145,FERA,Financial Services,Shell Companies,NASDAQ,89.82,46,45,51,52,10.4,325173324.8727131,31266667.0,0.0,-0.95,16400,30936,91184,
3146,SBXD,Financial Services,Shell Companies,NYSE,89.82,46,48,53,47,10.79,274404893.2027817,25455000.0,0.0,-7.3,5011,18457,26040,
3147,CRWS,Consumer Cyclical,"Furnishings, Fixtures & Appliances",NASDAQ,89.81,46,38,42,22,2.82,29418914.25,10697787.0,0.0029,-12.42,46200,31360,34086,-0.113
3148,BBN,Financial Services,Asset Management,NYSE,89.81,46,46,48,59,15.97,985590586.5140133,61792514.0,0.0013,-8.48,144756,188082,176281,
3149,TVAIU,Financial Services,Shell Companies,NASDAQ,89.81,46,48,53,48,10.41,,,0.85,-28.94,3940,1666,1000,
3150,BBD,Financial Services,Banks - Regional,NYSE,89.81,46,63,81,84,3.33,35517591305.168175,10570712028.0,0.0119,-22.56,23890263,27492677,31312092,0.105
3151,HVMC,Financial Services,Shell Companies,NASDAQ,89.8,46,43,52,45,10.2,298511488.78097534,29410000.0,0.0004,0.49,2110,9846,16298,
3152,LAD,Consumer Cyclical,Auto & Truck Dealerships,NYSE,89.8,46,32,24,55,303.87,6587232965.282593,22805820.0,0.1664,-15.72,232837,300835,303317,0.01
3153,ASPC,Financial Services,Shell Companies,NASDAQ,89.8,46,44,44,53,10.85,25152372.09502983,2337581.0,0.0796,-83.04,4519,7879,12509,
3154,INACU,Financial Services,Shell Companies,NASDAQ,89.8,46,46,52,46,10.33,,,1.06,-9.7,300,140,122,
3155,FDUS,Financial Services,Asset Management,NASDAQ,89.8,46,43,36,44,18.63,701017077.0188065,37954364.0,0.0187,-15.66,235145,251361,245413,0.302
3156,IPCX,Financial Services,Shell Companies,NASDAQ,89.79,46,43,48,41,10.33,355764786.03957367,34473333.0,0.0001,-0.19,16067,62169,59555,
3157,TR,Consumer Defensive,Confectioners,NYSE,89.79,46,64,80,61,38.61,2885821592.709152,75171181.0,0.0884,-14.31,191305,158195,138779,0.021
3158,SSEAU,Financial Services,Shell Companies,NASDAQ,89.79,46,46,52,47,10.33,,,0.0,-7.02,30,413,266,
3159,BLK,Financial Services,Asset Management,NYSE,89.78,46,50,35,55,1011.96,154550955658.5077,155233989.0,0.014199999,-17.05,763319,625859,674663,0.27
3160,PDT,Financial Services,Asset Management,NYSE,89.77,46,50,65,45,12.82,631046432.9974651,49185225.0,0.2,-6.08,154636,132945,126431,0.067
3161,FCPT,Real Estate,REIT - Retail,NYSE,89.77,46,46,61,28,24.98,2710805249.6319923,109749197.0,0.0471,-11.13,786973,760211,753810,0.069
3162,PMTR,Financial Services,Shell Companies,NASDAQ,89.77,46,41,50,44,10.44,321972338.09280396,30825500.0,0.04,-5.09,39652,36480,25036,
3163,KURA,Healthcare,Biotechnology,NASDAQ,89.76,46,81,58,85,8.81,775887929.7811604,88774365.0,0.18090001,-29.46,1987567,1893702,1699939,0.295
3164,IMRN,Healthcare,Biotechnology,NASDAQ,89.76,46,17,11,7,1.19,10207925.0,8166340.0,0.005,-50.21,1298882,458157,289178,0.048
3165,TDWD,Financial Services,Shell Companies,NASDAQ,89.76,46,44,50,42,10.04,236156343.7128067,23545000.0,0.0005,-0.99,54752,20030,20262,
3166,KOYN,Financial Services,Shell Companies,NASDAQ,89.76,46,45,50,43,10.13,319681702.821517,31557917.0,0.05,-0.1,11821,6653,8132,
3167,EIM,Financial Services,Asset Management,NYSE ARCA,89.75,46,53,58,45,9.8,498314200.50145435,51372599.0,0.64,-7.02,142188,126866,130081,-0.556
3168,IGACU,Financial Services,Shell Companies,NASDAQ,89.75,46,41,49,43,10.19,,,0.0,-8.51,450,340,724,
3169,RGEN,Healthcare,Medical Instruments & Supplies,NASDAQ,89.75,46,27,27,78,130.13,6899230541.685791,56407740.0,0.1013,-25.97,988178,1243012,1121869,0.148
3170,INSE,Consumer Cyclical,Gambling,NASDAQ,89.75,46,32,23,54,8.18,202135004.63267565,27059573.0,0.0479,-17.79,131613,105204,109214,-0.101
3171,EARN,Financial Services,Asset Management,NYSE,89.75,46,41,34,33,4.72,175070602.26745605,37568800.0,0.031400003,-22.37,429718,422856,410255,
3172,MCN,Financial Services,Asset Management,NYSE,89.74,46,54,56,43,5.74,122476991.62769508,21116722.0,0.54,-10.17,93476,71525,66127,
3173,LAFAU,Financial Services,Shell Companies,NASDAQ,89.74,46,40,49,44,10.19,139433157.52824497,13683333.0,0.0,-8.2,3170,1060,2798,
3174,MWA,Industrials,Specialty Industrial Machinery,NYSE,89.74,46,39,71,43,26.12,3963412419.132204,156471079.0,0.030199999,-15.74,1286396,1186488,1234265,0.055
3175,CHEC,Financial Services,Shell Companies,NASDAQ,89.74,46,44,50,42,10.15,175337863.4602375,17274667.0,0.1,-3.88,41010,14900,10486,
3176,ERH,Financial Services,Asset Management,NYSE ARCA,89.74,46,58,70,62,11.57,105014397.32228184,8832161.0,0.23,-11.48,24521,27943,25426,-0.06
3177,SVAC,Financial Services,Shell Companies,NASDAQ,89.71,46,46,48,47,10.32,320466664.30079746,30666667.0,0.0019,-14.0,131710,136400,156908,
3178,MBVIU,Financial Services,Shell Companies,NASDAQ,89.71,46,41,49,48,10.25,0.0,0.0,0.0,-2.38,200,216,200,
3179,HVMCU,Financial Services,Shell Companies,NASDAQ,89.7,46,44,51,47,10.27,,,0.0,-6.64,140,360,4386,
3180,JPC,Financial Services,Asset Management,NYSE,89.7,46,51,59,58,7.79,2896408596.959279,370858978.0,0.0081,-6.14,919958,948779,989537,
3181,GPAT,Financial Services,Shell Companies,NASDAQ,89.69,46,46,55,49,10.83,389203122.25818634,35937500.0,0.0,-3.39,1010,108273,179178,
3182,FRMEP,Financial Services,Banks - Regional,NASDAQ,89.68,46,52,55,54,25.05,,,1.1,-7.53,1190,1750,1350,-0.025
3183,AEAQU,Financial Services,Shell Companies,NASDAQ,89.67,45,43,48,43,10.15,,,51.02,-4.02,8801,2933,1788,
3184,NTIC,Basic Materials,Specialty Chemicals,NASDAQ,89.67,45,43,67,24,8.01,75936008.0,9492001.0,0.0025,-20.14,13897,16422,14959,0.153
3185,CPRI,Consumer Cyclical,Luxury Goods,NYSE,89.67,45,29,29,81,19.94,2173357403.8189316,115175268.0,0.1035,-29.47,4909880,3516063,3100530,-0.037
3186,AQN,Utilities,Utilities - Diversified,NYSE,89.66,45,37,73,70,5.94,4625690095.602463,769665544.0,3.06,-16.46,5426263,4545941,4419342,0.144
3187,BEAGU,Financial Services,Shell Companies,NASDAQ,89.66,45,38,50,54,10.91,,,0.0,-13.62,6750,2616,2136,
3188,RBA,Industrials,Specialty Business Services,NYSE,89.65,45,32,39,37,106.19,19466486602.020264,186300000.0,0.0789,-11.2,898499,1056719,1059277,0.114
3189,OYSE,Financial Services,Shell Companies,NASDAQ,89.64,45,44,53,47,10.26,348299373.29471207,33914251.0,0.0002,-0.19,1300,19133,13938,
3190,KBONU,Financial Services,Shell Companies,NASDAQ,89.64,45,44,52,43,10.27,,,0.33,-7.44,28450,11093,11716,
3191,OTGA,Financial Services,Shell Companies,NASDAQ,89.6,45,43,49,42,10.17,358393994.61746216,35275000.0,0.03,-0.0,29499,49206,37881,
3192,LATAU,Financial Services,Shell Companies,NASDAQ,89.6,45,40,52,45,10.22,,,582.35,-9.56,1984,668,406,
3193,PAII,Financial Services,Shell Companies,NYSE,89.6,45,44,53,47,10.2,351824442.02106,34492593.0,0.0,-0.2,5560,7033,8714,
3194,RRGB,Consumer Cyclical,Restaurants,NASDAQ,89.59,45,30,19,17,4.55,80843472.75288296,18499651.0,0.1441,-42.33,250181,480540,404222,-0.036
3195,DRDB,Financial Services,Shell Companies,NASDAQ,89.59,45,45,52,50,10.53,323226669.0101595,30666667.0,0.0,-0.28,98868,195649,128293,
3196,SNY,Healthcare,Drug Manufacturers - General,NASDAQ,89.59,45,31,32,40,44.73,107767450051.82016,2393768302.0,0.0031,-15.09,2347004,2560618,2634094,0.06
3197,ADSE,Industrials,Electrical Equipment & Parts,NASDAQ,89.58,45,38,32,62,10.87,852023273.6100893,75002051.0,0.0025,-21.8,4417,4309,7281,-0.449
3198,NTNX,Technology,Software - Infrastructure,NASDAQ,89.58,45,21,15,12,50.74,14499991937.769455,270320509.0,0.0856,-38.44,5331422,4299830,3880680,0.1
3199,FTHY,Financial Services,Asset Management,NYSE,89.57,45,43,47,47,13.37,487242104.25,36772989.0,0.0037,-10.75,142237,101112,102241,
3200,AIIA,Financial Services,Shell Companies,NYSE,89.57,45,46,54,42,10.14,195600606.62269592,19290000.0,0.0011,-0.98,27240,17423,13430,
3201,BCSS,Financial Services,Shell Companies,NYSE,89.57,45,42,49,43,10.24,597431973.2666016,58400000.0,0.0002,0.05,44188,83702,75641,
3202,SRI,Consumer Cyclical,Auto Parts,NYSE,89.57,45,57,41,27,7.03,200187891.35835648,28235245.0,0.018099999,-27.6,152862,185820,203784,0.079
3203,UG,Consumer Defensive,Household & Personal Products,NASDAQ,89.57,45,46,41,14,6.96,32206177.241556168,4594319.0,0.003,-29.55,4745,5195,4629,0.158
3204,STC,Financial Services,Insurance - Property & Casualty,NYSE,89.56,45,41,38,60,66.11,2003014929.603653,30427083.0,0.0249,-15.9,179910,166813,181720,0.277
3205,GTEN,Financial Services,Shell Companies,NASDAQ,89.55,45,42,47,44,10.39,468779982.8052521,45075000.0,0.01,-1.33,35846,58765,51689,
3206,GPATU,Financial Services,Shell Companies,NASDAQ,89.54,45,47,54,48,10.88,,,,-12.68,430,196,118,
3207,BMRN,Healthcare,Biotechnology,NASDAQ,89.54,45,31,56,26,57.91,10972757633.738594,193284438.0,0.0589,-12.63,2655391,2382440,2060180,0.028
3208,RAC,Financial Services,Shell Companies,NYSE,89.53,45,44,54,51,10.43,305849789.7675867,29267923.0,0.0,-0.38,45271,23017,60024,
3209,ERC,Financial Services,Asset Management,NYSE ARCA,89.52,45,48,48,57,8.96,251081513.5991621,28053801.0,0.77,-8.38,104120,93226,79014,-0.066
3210,BLCO,Healthcare,Medical Instruments & Supplies,NYSE,89.51,45,61,63,70,15.65,5512052108.280783,356536358.0,0.0556,-17.26,562929,528559,475083,0.094
3211,EMIS,Financial Services,Shell Companies,NASDAQ,89.51,45,44,50,44,10.13,159809190.0954008,15775833.0,0.0008,-0.2,970,1950,3304,
3212,FBRX,Healthcare,Biotechnology,NASDAQ,89.51,45,95,97,96,17.0,338310066.21445847,20478817.0,0.0592,-52.51,309742,251737,318262,
3213,GIW,Financial Services,Shell Companies,NASDAQ,89.51,45,43,50,41,10.07,366544179.8064928,36472057.0,0.0002,-0.15,5386,21032,19043,
3214,VOC,Energy,Oil & Gas E&P,NYSE,89.5,45,67,83,33,2.88,48619998.21662903,17000000.0,0.0015,-25.0,80542,101860,102570,-0.165
3215,HON,Industrials,Conglomerates,NASDAQ,89.5,45,49,78,39,215.7,135582758645.93234,633653119.0,0.0171,-13.09,5009840,4440150,4152838,0.024
3216,EOS,Financial Services,Asset Management,NYSE,89.5,45,52,43,43,22.04,1179350296.5445805,53316015.0,0.02,-10.0,122799,128166,137795,-0.003
3217,BDN,Real Estate,REIT - Office,NYSE,89.49,45,30,27,14,3.28,550666561.903162,173711845.0,0.075100005,-29.16,1863081,1704420,2009980,0.063
3218,FLC,Financial Services,Asset Management,NYSE,89.48,45,47,58,54,16.71,174838039.93987083,10456821.0,0.649,-7.63,16187,24812,24169,-0.014
3219,FERAU,Financial Services,Shell Companies,NASDAQ,89.48,45,42,52,48,10.62,,,0.0,-7.65,149,49,29,
3220,LKSPU,Financial Services,Shell Companies,NASDAQ,89.47,45,44,49,49,10.21,,,1.05,-1.47,200,113,204,
3221,JENA,Financial Services,Shell Companies,NYSE,89.46,45,43,51,45,10.32,299021991.15753174,28975000.0,0.00059999997,-1.71,12470,4816,5562,
3222,LII,Industrials,Building Products & Equipment,NYSE,89.46,45,35,35,26,529.04,17693347475.35742,34799968.0,0.0842,-23.27,385777,438202,447703,0.058
3223,VMC,Basic Materials,Building Materials,NYSE,89.46,45,34,44,64,279.0,36510430174.868774,129754885.0,0.0374,-15.73,1324725,1172998,1122779,0.074
3224,GIWWU,Financial Services,Shell Companies,NASDAQ,89.46,45,42,54,48,10.32,,,2.33,-3.28,0,400,266,
3225,WEA,Financial Services,Asset Management,NYSE,89.45,45,42,51,52,10.51,124232835.16845703,11865600.0,0.23,-8.13,35761,34843,34154,0.02
3226,APXTU,Financial Services,Shell Companies,NASDAQ,89.45,45,42,48,44,10.2,,,33.42,-2.02,1045,595,595,
3227,SDHIU,Financial Services,Shell Companies,NASDAQ,89.45,45,47,54,48,10.53,,,5.13,-7.22,10,36,54,
3228,FIGXU,Financial Services,Shell Companies,NASDAQ,89.45,45,43,50,46,10.27,,,0.53,-9.16,70,63,488,
3229,PDO,Financial Services,Asset Management,NYSE,89.43,45,46,52,60,13.01,1860861525.629322,142485564.0,0.15,-8.7,538007,664259,648717,
3230,BDX,Healthcare,Medical Instruments & Supplies,NYSE,89.43,45,35,60,49,152.04,41650691954.37918,275540427.0,0.0348,-18.85,2497115,3082168,2903807,0.052
3231,MFIN,Financial Services,Credit Services,NASDAQ,89.42,45,38,42,68,9.63,228005694.52784443,23849967.0,0.0434,-12.45,52266,59955,58441,-0.064
3232,BLZRU,Financial Services,Shell Companies,NASDAQ,89.42,45,43,50,49,10.24,,,0.0,-6.91,50,526,860,
3233,DSU,Financial Services,Asset Management,NYSE,89.41,45,48,46,49,9.67,606655170.0856552,62931032.0,0.0191,-9.37,325243,315284,301182,-0.039
3234,GTENU,Financial Services,Shell Companies,NASDAQ,89.41,45,40,48,49,10.49,,,0.05,-7.33,40,533,622,
3235,BEAG,Financial Services,Shell Companies,NASDAQ,89.4,45,42,52,54,10.63,332910343.58406067,31318000.0,0.00029999999,-2.92,127596,64845,85053,
3236,JLS,Financial Services,Asset Management,NYSE,89.4,45,53,59,52,17.59,97538723.94516563,5476627.0,0.0047,-7.86,25003,21527,19116,
3237,APXT,Financial Services,Shell Companies,NASDAQ,89.39,45,43,50,42,10.04,461438398.24676514,45960000.0,0.00059999997,-0.2,72549,119836,88775,
3238,PIM,Financial Services,Asset Management,NYSE,89.38,45,47,48,44,3.19,154671736.44808674,48184341.0,0.0026,-8.86,87409,86723,96759,-0.118
3239,MEGL,Financial Services,Capital Markets,NASDAQ,89.37,44,35,23,74,1.29,6178141.144883633,5064050.0,0.0502,-50.76,88533,43947,31988,0.267
3240,WENN,Financial Services,Shell Companies,NASDAQ,89.37,44,41,47,40,10.29,386067936.06877327,37518750.0,0.01,-1.06,27453,60057,53630,
3241,SOCAU,Financial Services,Shell Companies,NASDAQ,89.37,44,44,51,52,10.31,,,0.01,-4.71,210,96,212,
3242,EVOXU,Financial Services,Shell Companies,NASDAQ,89.37,44,41,50,41,10.26,,,0.85,-0.39,1809,1665,1121,
3243,SELF,Real Estate,REIT - Specialty,NASDAQ,89.36,44,58,52,40,5.09,57908183.20067024,11421732.0,0.0117999995,-12.39,17889,17813,24653,0.015
3244,RNGT,Financial Services,Shell Companies,NASDAQ,89.35,44,42,48,42,10.11,315772811.0499649,31326668.0,0.08,0.0,2551,4140,7704,
3245,CASH,Financial Services,Banks - Regional,NASDAQ,89.34,44,51,80,38,81.18,1686480603.3754578,21110034.0,0.127,-19.83,196482,193154,199936,-0.037
3246,RDAG,Financial Services,Shell Companies,NASDAQ,89.34,44,40,47,40,10.34,387750005.7220459,37500000.0,0.0001,-18.2,510,40343,44908,
3247,DYOR,Financial Services,Shell Companies,NASDAQ,89.34,44,43,48,41,10.05,232300008.7738037,23000000.0,0.0001,-4.01,10853,10634,13528,
3248,TPL,Energy,Oil & Gas E&P,NYSE,89.33,44,63,92,19,382.11,26885543269.291107,68974429.0,0.0887,-30.17,495946,420458,453833,0.208
3249,SW,Consumer Cyclical,Packaging & Containers,NYSE,89.32,44,38,45,23,41.36,21649876499.62506,524464078.0,0.0586,-21.44,5073212,5147804,4947920,0.007
3250,DFP,Financial Services,Asset Management,NYSE,89.32,44,49,59,51,20.25,413843452.7153225,20538137.0,0.45,-8.41,76164,58248,57664,
3251,GSRF,Financial Services,Shell Companies,NASDAQ,89.31,44,42,48,40,10.15,298465813.78269196,29405500.0,0.02,-0.49,660,19133,16890,
3252,ABNB,Consumer Cyclical,Travel Services,NASDAQ,89.31,44,65,47,51,131.35,79256643432.70677,593504923.0,0.0337,-10.8,3695915,3966061,3658889,0.179
3253,LPBBU,Financial Services,Shell Companies,NASDAQ,89.3,44,41,52,47,10.73,,,,-8.05,25,21,13,
3254,ICL,Basic Materials,Agricultural Inputs,NYSE,89.28,44,61,40,23,5.59,7228022698.507505,1290718361.0,0.0055,-23.95,1278833,1329384,1367876,0.145
3255,OPP,Financial Services,Asset Management,NYSE,89.27,44,49,47,41,7.57,188925388.93005323,24990131.0,1.23,-14.17,84808,86842,88621,
3256,WTM,Financial Services,Insurance - Property & Casualty,NYSE,89.27,44,61,75,70,2004.76,5114670017.751465,2476670.0,0.0366,-14.07,27384,23241,20564,-0.108
3257,SMG,Basic Materials,Agricultural Inputs,NYSE,89.27,44,46,62,36,59.62,3355352200.2556915,58181937.0,0.1197,-17.6,989030,1036873,993618,0.05
3258,NPCT,Financial Services,Asset Management,NYSE,89.27,44,54,55,44,9.92,284674489.030838,28755000.0,0.0058999998,-12.29,124524,130078,118914,
3259,BLUW,Financial Services,Shell Companies,NASDAQ,89.26,44,45,53,51,10.31,333418550.14038086,32308000.0,0.01,-0.96,31116,25175,30961,
3260,CSW,Industrials,Specialty Industrial Machinery,NYSE,89.26,44,35,33,66,278.21,4347020607.025024,16319483.0,0.093,-17.45,115036,126565,130585,0.34
3261,FSHPU,Financial Services,Shell Companies,NASDAQ,89.25,44,49,56,42,10.91,,,0.0,-18.58,693,536,321,
3262,EOLS,Healthcare,Drug Manufacturers - Specialty & Generic,NASDAQ,89.25,44,62,13,22,6.7,439251194.1943188,65854751.0,0.0949,-36.91,760591,893010,837536,0.067
3263,IONR,Basic Materials,Other Industrial Metals & Mining,NASDAQ,89.25,44,62,28,73,3.91,323197255.6061735,80197826.0,0.0052,-52.32,79182,80780,164868,
3264,SUPN,Healthcare,Drug Manufacturers - Specialty & Generic,NASDAQ,89.25,44,68,82,80,45.66,2597277514.75,58039721.0,0.1001,-23.49,600160,712736,631472,0.386
3265,FPF,Financial Services,Asset Management,NYSE,89.24,44,51,55,50,17.77,1085525242.9646416,60847827.0,0.0011,-10.03,98808,95799,98065,
3266,CEPV,Financial Services,Shell Companies,NASDAQ,89.24,44,41,45,42,10.31,327437006.0634613,31790000.0,0.02,-0.48,36450,29196,36756,
3267,EVOX,Financial Services,Shell Companies,NASDAQ,89.24,44,43,51,42,10.03,320959991.4550781,32000000.0,0.0004,-0.59,11650,20893,21792,
3268,LBTYK,Communication Services,Telecom Services,NASDAQ,89.23,44,58,63,33,11.31,3830643935.4152126,338097437.0,0.059299998,-13.8,1434557,1201202,1396507,0.088
3269,DMIIU,Financial Services,Shell Companies,NASDAQ,89.23,44,42,49,43,10.11,,,0.08,-6.39,1170,2336,2164,
3270,SABA,Financial Services,Asset Management,NYSE,89.23,44,53,43,43,8.28,231272474.31134033,27730512.0,0.0011,-12.47,37513,49047,57246,-0.167
3271,KRSP,Financial Services,Shell Companies,NYSE,89.22,44,41,48,42,10.45,478887069.39056015,46002601.0,0.0008,-5.0,46702,28267,39170,
3272,CTKB,Healthcare,Medical Devices,NASDAQ,89.22,44,55,42,67,4.13,528193200.53559494,129142587.0,0.0674,-33.17,916358,1000502,809473,0.065
3273,CRACU,Financial Services,Shell Companies,NASDAQ,89.2,44,43,51,44,10.22,,,12.01,-5.02,20,76,272,
3274,BRBS,Financial Services,Banks - Regional,NYSE ARCA,89.2,44,39,56,85,3.32,298506874.51774573,89911711.0,0.0326,-30.62,211696,211432,372147,-0.1
3275,JHI,Financial Services,Asset Management,NYSE,89.19,44,46,50,52,13.27,114903350.58220196,8744547.0,0.0008,-8.55,16186,23692,21955,0.055
3276,TECH,Healthcare,Biotechnology,NASDAQ,89.18,44,24,35,53,54.41,8140009627.28545,156568751.0,0.106000006,-24.6,2977183,3290524,2773870,-0.015
3277,BIXIU,Financial Services,Shell Companies,NASDAQ,89.18,44,43,48,42,10.1,,,0.06,-3.81,1010,1733,5154,
3278,MSN,Technology,Consumer Electronics,NYSE ARCA,89.17,44,55,35,29,0.4,8206633.978982449,21042652.0,0.0069,-52.94,236977,153145,113065,-0.528
3279,NPAC,Financial Services,Shell Companies,NASDAQ,89.15,44,43,49,42,10.36,397345053.3949375,38390825.0,0.0034,-1.8,15577,62102,53659,
3280,TAC,Utilities,Utilities - Independent Power Producers,NYSE,89.15,44,56,56,71,12.46,3775912635.55674,297784901.0,0.0179,-30.31,2046185,1616935,1405599,-0.255
3281,VBF,Financial Services,Asset Management,NYSE,89.15,44,40,49,46,15.02,170462328.75166512,11425089.0,0.0018000001,-6.01,62760,65690,58742,-0.042
3282,AIRTP,Industrials,Conglomerates,NASDAQ,89.14,44,64,70,71,18.09,,,1.03,-13.86,1463,1814,1984,-0.087
3283,IPI,Basic Materials,Agricultural Inputs,NYSE,89.14,44,83,92,30,34.6,469618716.5016937,13433030.0,0.0207,-31.27,221422,230190,264504,0.062
3284,ADC,Real Estate,REIT - Retail,NYSE,89.14,44,52,69,42,74.55,8816751319.019806,120102859.0,0.0001,-9.17,1257947,1099079,1100083,0.187
3285,OBAWU,Financial Services,Shell Companies,NASDAQ,89.13,44,42,54,49,10.25,,,53.67,-8.85,270,90,298,
3286,RCG,Financial Services,Asset Management,NYSE ARCA,89.13,44,54,75,44,2.75,19503884.879276752,7015786.0,0.0036000002,-16.92,6116,6675,7429,-0.462
3287,DNMX,Financial Services,Shell Companies,NASDAQ,89.13,44,42,48,41,10.01,268870008.94332504,26833333.0,0.0001,-0.2,31269,16159,15859,
3288,UVV,Consumer Defensive,Tobacco,NYSE,89.13,44,50,46,41,53.01,1339887103.1267395,24923496.0,0.0863,-14.04,378875,233208,217841,0.018
3289,MESHU,Financial Services,Shell Companies,NASDAQ,89.11,44,41,47,42,10.07,,,0.03,-4.1,15820,7230,4972,
3290,WTGUU,Financial Services,Shell Companies,NASDAQ,89.11,44,60,68,48,10.45,,,,-14.69,400,253,152,
3291,RNGTU,Financial Services,Shell Companies,NASDAQ,89.11,44,41,50,48,10.2,,,137.03,-3.77,140,80,156,
3292,DMO,Financial Services,Asset Management,NYSE,89.11,44,50,48,44,10.65,122613078.20907593,11427128.0,1.06,-12.06,49535,38395,39805,-0.015
3293,MMT,Financial Services,Asset Management,NYSE,89.1,44,48,54,54,4.45,246609088.66887665,54924076.0,0.88,-8.62,112289,106726,106495,-0.014
3294,ORIQU,Financial Services,Shell Companies,NASDAQ,89.1,44,42,50,56,10.3,146054002.70462036,14180000.0,0.0,-3.65,500,173,108,
3295,FCRS,Financial Services,Shell Companies,NYSE,89.08,44,43,45,40,10.22,367999991.774559,35937500.0,0.01,-6.41,104410,80136,88816,
3296,SNDX,Healthcare,Biotechnology,NASDAQ,89.08,44,84,92,91,17.69,1536497881.700817,88610027.0,0.2493,-30.87,2106116,1857468,1723479,2.236
3297,SCIIU,Financial Services,Shell Companies,NASDAQ,89.07,44,43,52,43,10.18,155295904.65545654,15255000.0,0.61,-9.87,0,40,362,
3298,MMTXU,Financial Services,Shell Companies,NASDAQ,89.07,44,42,50,43,10.1,77710412.93506622,7694100.0,1.22,-9.58,0,30,40,
3299,BBSI,Industrials,Staffing & Employment Services,NASDAQ,89.06,43,19,18,23,33.77,810468417.0,24559649.0,0.024,-31.98,246296,246162,221013,0.049
3300,MGNI,Communication Services,Advertising Agencies,NASDAQ,89.06,43,31,20,27,15.81,2119268936.9365082,144364366.0,0.0964,-40.68,2454310,2655663,2400108,0.055
3301,DRI,Consumer Cyclical,Restaurants,NYSE,89.06,43,41,62,36,200.91,22691674235.107056,114535003.0,0.0641,-11.99,1009156,979278,1094117,0.059
3302,MBVI,Financial Services,Shell Companies,NASDAQ,89.05,43,42,48,41,10.14,437287514.80579376,43125000.0,0.04,-3.43,12539,21136,20617,
3303,DAAQ,Financial Services,Shell Companies,NASDAQ,89.05,43,41,47,39,10.33,236667322.65205383,22910680.0,0.00059999997,-8.1,32078,45102,43053,
3304,PAI,Financial Services,Asset Management,NYSE,89.04,43,40,47,47,12.1,114797320.50748444,9510963.0,0.34,-11.42,19020,21953,19972,0.031
3305,GGN,Financial Services,Asset Management,NYSE ARCA,89.04,43,67,74,75,4.9,765501343.7987542,156224761.0,0.00059999997,-16.67,638555,523728,471815,0.12
3306,LATA,Financial Services,Shell Companies,NASDAQ,89.02,43,40,47,40,10.1,231839998.24523926,23000000.0,0.01,-0.98,5773,12444,22984,
3307,PTA,Financial Services,Asset Management,NYSE,89.02,43,50,47,41,19.18,1077832431.0,55273458.0,0.0017,-8.32,135327,135835,133645,
3308,OMC,Communication Services,Advertising Agencies,NYSE,89.02,43,51,56,54,75.63,21463815924.94409,285006196.0,0.1155,-13.24,3138700,3996886,4152662,0.692
3309,LFACU,Financial Services,Shell Companies,NASDAQ,89.01,43,42,49,43,10.09,,,3.97,-3.81,100,100,180,
3310,SBRA,Real Estate,REIT - Healthcare Facilities,NASDAQ,89.01,43,66,75,64,18.9,4655428922.813072,252190095.0,0.1713,-11.18,3357824,2697161,2348506,0.217
3311,BGB,Financial Services,Asset Management,NYSE,88.98,43,46,43,46,11.25,503976175.2694893,44678740.0,0.0022,-11.07,134848,126189,130835,
3312,GEN,Technology,Software - Infrastructure,NASDAQ,88.97,43,23,21,35,24.97,15831962096.7785,602433854.0,0.0589,-22.5,7977592,8465867,7692520,0.27
3313,PCYO,Utilities,Utilities - Regulated Water,NASDAQ,88.97,43,59,37,55,10.61,252608944.80610657,24103908.0,0.018099999,-14.71,61497,55462,57543,0.294
3314,CCII,Financial Services,Shell Companies,NASDAQ,88.96,43,41,51,46,10.27,356300545.7913475,34693333.0,0.0002,-1.86,38688,55752,59729,
3315,KRNT,Industrials,Specialty Industrial Machinery,NASDAQ,88.94,43,61,29,17,15.65,705765443.4970131,46340477.0,0.015800001,-32.54,206114,311708,310674,0.045
3316,TWLVU,Financial Services,Shell Companies,NASDAQ,88.93,43,41,51,42,10.1,,,5.05,-2.98,19960,6656,4030,
3317,OACC,Financial Services,Shell Companies,NASDAQ,88.91,43,42,52,50,10.65,261806469.8224182,24582768.0,0.0014,-0.8,7600,2820,12946,
3318,AUC,Financial Services,Capital Markets,NASDAQ,88.91,43,65,14,17,6.69,74771954.25,10313373.0,0.0002,-54.67,2742,4650,5426,3.0
3319,NPACU,Financial Services,Shell Companies,NASDAQ,88.9,43,42,51,48,10.42,,,0.0,-4.17,690,520,5324,
3320,BLUWU,Financial Services,Shell Companies,NASDAQ,88.9,43,45,56,58,10.5,,,19.75,-18.29,2099,699,457,
3321,ASUR,Technology,Software - Application,NASDAQ,88.9,43,48,52,44,8.92,254119258.53294277,28681633.0,0.041500002,-22.3,105543,83697,81076,0.227
3322,EDN,Utilities,Utilities - Regulated Electric,NYSE,88.9,43,21,45,81,26.22,1225511042.248867,47574186.0,0.0879,-28.56,213924,188084,177518,-0.0
3323,HIO,Financial Services,Asset Management,NYSE,88.89,43,43,48,41,3.58,339504191.2014425,95099215.0,0.23,-11.6,310664,314888,328714,-0.017
3324,BBDO,Financial Services,Banks - Regional,NYSE,88.89,43,65,81,83,2.91,30760772908.771492,10570712028.0,0.0001,-23.42,97696,83675,72521,0.105
3325,DNMXU,Financial Services,Shell Companies,NASDAQ,88.89,43,41,48,42,10.16,,,0.0,-7.64,1030,2256,4090,
3326,FMY,Financial Services,Asset Management,NYSE,88.88,43,40,45,49,11.58,48872135.60717583,4213115.0,1.18,-6.54,3607,3579,3937,-0.116
3327,AXP,Financial Services,Credit Services,NYSE,88.88,43,34,39,80,318.38,211971535281.13406,682326443.0,0.0232,-17.84,3039422,3187934,3089056,0.116
3328,TARS,Healthcare,Biotechnology,NASDAQ,88.88,43,51,80,92,61.55,2550460237.000519,43023959.0,0.1178,-27.8,695755,743415,646325,1.069
3329,BLRKU,Financial Services,Shell Companies,NASDAQ,88.88,43,41,48,42,10.07,,,80.29,-8.37,90,53,108,
3330,BTZ,Financial Services,Asset Management,NYSE,88.87,43,41,44,55,10.12,942577051.3004551,93324457.0,0.00090000004,-9.48,244700,278160,284478,-0.037
3331,FBIO,Healthcare,Biotechnology,NASDAQ,88.85,43,29,83,88,2.93,88030543.96801758,33219072.0,0.18129998,-35.32,474602,407307,436410,0.063
3332,GPACU,Financial Services,Shell Companies,NASDAQ,88.84,43,43,48,42,10.09,,,0.0,-3.9,0,106,114,
3333,PCAP,Financial Services,Shell Companies,NASDAQ,88.83,43,40,46,39,10.28,325670391.54052734,31680000.0,0.0008,-9.98,22810,28566,46636,
3334,NTWOU,Financial Services,Shell Companies,NASDAQ,88.82,43,45,49,59,10.65,,,0.25,-3.09,18,9,5,
3335,FNV,Basic Materials,Gold,NYSE,88.81,43,70,86,82,212.16,42185219691.58707,192855530.0,3.42,-25.73,821765,787035,741457,0.777
3336,HOMB,Financial Services,Banks - Regional,NYSE,88.81,43,31,38,46,27.39,5462332200.792871,201413423.0,0.0651,-11.16,1426500,1400080,1501092,0.024
3337,GILD,Healthcare,Drug Manufacturers - General,NASDAQ,88.8,43,61,82,69,125.5,160361169472.60468,1241569874.0,0.0187,-20.21,9581363,7294677,6535658,0.044
3338,CRBG,Financial Services,Asset Management,NYSE,88.8,43,25,22,51,27.59,12267851908.827774,456733121.0,0.078200005,-24.56,4795095,7291408,6383695,0.021
3339,CEPF,Financial Services,Shell Companies,NASDAQ,88.8,43,41,50,47,10.29,589216523.9810944,57150000.0,0.0001,-3.56,96886,78408,77621,
3340,PSF,Financial Services,Asset Management,NYSE,88.78,43,47,52,54,19.38,234309077.25393295,12028187.0,0.0011,-8.58,46625,54581,50799,
3341,PI,Technology,Semiconductors,NASDAQ,88.77,43,76,19,69,125.04,3683429251.3454056,30459185.0,0.1398,-49.39,480180,563996,491828,-0.0
3342,BXMT,Real Estate,REIT - Mortgage,NYSE,88.77,43,46,45,66,18.38,3095342656.3476562,168683520.0,0.0691,-11.08,1086149,1459359,1437579,0.349
3343,BSL,Financial Services,Asset Management,NYSE,88.77,43,44,42,43,12.94,167827005.29004097,13019938.0,0.0014,-9.83,53102,38384,38248,-0.142
3344,GRF,Financial Services,Asset Management,NYSE ARCA,88.76,43,42,65,76,10.02,39321254.154556274,3967836.0,0.01,-15.44,5982,5437,3910,-0.02
3345,JF,Financial Services,Credit Services,NASDAQ,88.76,43,58,38,66,0.99,17789949.904716015,18340154.0,0.0016,-28.26,24828,12269,13829,
3346,FITBP,Financial Services,Banks - Regional,NASDAQ,88.75,43,41,48,50,23.6,,,2.01,-7.45,11274,11304,12380,0.33
3347,TSN,Consumer Defensive,Farm Products,NYSE,88.75,43,69,63,59,56.47,20680559618.267952,352129402.0,0.042600002,-18.72,4252218,3377929,2962215,0.044
3348,KCHVU,Financial Services,Shell Companies,NASDAQ,88.74,43,43,62,49,10.4,,,1412.0,-5.45,0,6,10,
3349,OACCU,Financial Services,Shell Companies,NASDAQ,88.74,43,41,48,51,10.73,,,,-13.95,1010,336,202,
3350,DSACU,Financial Services,Shell Companies,NASDAQ,88.73,43,40,50,42,10.1,,,0.0,-8.18,1130,670,1818,
3351,JQC,Financial Services,Asset Management,NYSE,88.72,43,42,42,40,4.77,708041886.7712412,147816679.0,0.0008,-14.52,583650,577956,652050,-0.009
3352,BLZR,Financial Services,Shell Companies,NASDAQ,88.72,43,40,46,40,10.12,347531238.19828033,34375000.0,0.0001,-0.49,15401,29167,32368,
3353,MSD,Financial Services,Asset Management,NYSE,88.71,43,48,57,42,7.23,145462925.9276433,20231283.0,0.25,-8.94,141182,97000,96654,-0.516
3354,JHS,Financial Services,Asset Management,NYSE,88.71,43,41,48,54,11.06,128578297.95571804,11646585.0,0.4,-8.52,10744,16638,16480,0.026
3355,BUSEP,Financial Services,Banks - Regional,NASDAQ,88.68,43,45,52,49,25.55,,,1.3,-4.13,30930,20476,19082,1.434
3356,DYORU,Financial Services,Shell Companies,NASDAQ,88.68,43,41,49,41,10.13,202600002.28881836,20000000.0,0.0,-11.99,690,740,1824,
3357,EHI,Financial Services,Asset Management,NYSE,88.66,43,45,55,46,5.93,179374474.95168686,30299742.0,0.00090000004,-11.49,99989,92436,86861,0.104
3358,ETY,Financial Services,Asset Management,NYSE,88.66,43,49,44,53,14.5,2305859954.0636635,159244477.0,0.22,-9.54,225467,278389,296831,-0.005
3359,BDCIU,Financial Services,Shell Companies,NASDAQ,88.65,42,40,49,45,10.18,,,0.02,-3.51,50,113,184,
3360,KVUE,Consumer Defensive,Household & Personal Products,NYSE,88.65,42,29,37,25,17.92,34003351752.459564,1920008668.0,0.037,-21.64,23499891,21107593,19935260,0.045
3361,FTF,Financial Services,Asset Management,NYSE ARCA,88.64,42,42,48,43,5.78,233543070.19738483,40405374.0,0.35,-11.76,230849,192959,177947,-0.089
3362,IGI,Financial Services,Asset Management,NYSE,88.63,42,43,47,45,15.94,95658670.18863964,5993651.0,0.0032,-6.73,21063,23024,19734,
3363,HGTY,Financial Services,Insurance - Property & Casualty,NYSE,88.63,42,27,36,74,10.62,1063833451.2827625,101802246.0,0.0199,-24.14,176356,173695,167783,-0.05
3364,ATMU,Consumer Cyclical,Auto Parts,NYSE,88.63,42,71,84,83,48.38,3749581157.0177765,81672428.0,0.048600003,-27.25,801266,1076718,1351219,0.146
3365,SERA,Healthcare,Medical Devices,NASDAQ,88.62,42,14,20,52,2.13,89673478.75621319,39158725.0,0.0091,-47.92,43015,67321,51239,-0.632
3366,PPT,Financial Services,Asset Management,NYSE,88.62,42,42,54,45,3.44,328752332.74841833,95567537.0,0.0011,-8.75,109061,116037,125156,-0.191
3367,BALL,Consumer Cyclical,Packaging & Containers,NYSE,88.6,42,47,80,41,54.18,14089764874.608078,266246511.0,0.0276,-20.66,3291268,3021636,2747795,0.163
3368,COST,Consumer Defensive,Discount Stores,NASDAQ,88.59,42,50,68,29,968.59,431003743078.05615,443478804.0,0.0166,-11.67,2884068,2292199,2107269,0.215
3369,RANGU,Financial Services,Shell Companies,NASDAQ,88.58,42,46,51,55,10.83,,,,-8.99,40,20,12,
3370,ATO,Utilities,Utilities - Regulated Gas,NYSE,88.58,42,59,78,67,167.62,28416431414.197968,166919822.0,0.023,-12.93,2138441,1563097,1249306,0.006
3371,EAF,Industrials,Electrical Equipment & Parts,NYSE,88.58,42,65,7,82,8.13,227137555.43553543,26047884.0,0.026099999,-59.99,301458,267012,252411,0.119
3372,BCPC,Basic Materials,Specialty Chemicals,NASDAQ,88.58,42,36,63,40,162.32,5137882192.422974,32129836.0,0.0159,-11.73,222376,195535,204289,0.081
3373,REZI,Industrials,Industrial Distribution,NYSE,88.57,42,79,82,86,30.96,4726013435.965118,151426260.0,0.0446,-31.64,1243639,1467609,1345879,0.08
3374,ITW,Industrials,Specialty Industrial Machinery,NYSE,88.57,42,36,63,46,256.55,72707544351.19629,287700000.0,0.0328,-15.37,1398221,1415513,1313212,0.046
3375,FULTP,Financial Services,Banks - Regional,NASDAQ,88.57,42,41,50,46,18.31,,,0.41,-12.1,11605,10341,10571,0.042
3376,WHLRD,Real Estate,REIT - Retail,NASDAQ,88.57,42,38,59,74,36.84,,,7.93,-12.29,340,580,528,-0.014
3377,RDAGU,Financial Services,Shell Companies,NASDAQ,88.56,42,41,46,46,10.48,41500798.18725586,3960000.0,0.0,-10.66,30,823,2524,
3378,AMRN,Healthcare,Drug Manufacturers - General,NASDAQ,88.55,42,58,80,78,14.89,292099694.7692642,20969109.0,0.0301,-28.76,101312,83247,71064,0.074
3379,AFYA,Consumer Defensive,Education & Training Services,NASDAQ,88.55,42,32,33,26,14.38,1320575837.7449522,91452623.0,0.0683,-22.41,85562,80767,88406,0.082
3380,HLF,Consumer Defensive,Packaged Foods,NYSE,88.55,42,80,91,93,11.3,1184941456.517395,103669416.0,0.088999994,-44.61,1643863,1535407,1370366,0.078
3381,EIC,Financial Services,Asset Management,NYSE,88.54,42,37,26,24,10.53,246521030.3670311,23433557.0,0.0047999998,-25.05,76536,118278,123087,-0.085
3382,WENNU,Financial Services,Shell Companies,NASDAQ,88.53,42,39,46,38,10.41,,,0.0,-12.59,4810,10393,10786,
3383,GDO,Financial Services,Asset Management,NYSE,88.53,42,46,50,61,10.65,79856037.75947285,7519401.0,0.93,-12.35,35227,25119,25753,
3384,AACG,Consumer Defensive,Education & Training Services,NASDAQ,88.51,42,57,40,16,1.08,47096995.03223097,43208251.0,0.0011999999,-58.14,10517,11859,13395,-0.117
3385,EL,Consumer Defensive,Household & Personal Products,NYSE,88.5,42,38,65,81,86.56,30206256680.47268,361794915.0,0.033,-28.84,4175566,3958722,4077319,0.046
3386,VNDA,Healthcare,Biotechnology,NASDAQ,88.48,42,75,93,88,6.12,362617451.476943,60135562.0,0.1112,-38.43,884380,1074046,1082250,0.034
3387,BBUC,Industrials,Conglomerates,NYSE,88.48,42,39,42,76,32.44,6791542737.786896,206492638.0,0.0121,-15.19,318845,283998,277801,-0.046
3388,FIZZ,Consumer Defensive,Beverages - Non-Alcoholic,NASDAQ,88.48,42,29,37,21,37.19,3418507923.371624,93632103.0,0.1105,-22.34,331989,291879,257739,-0.009
3389,ONCH,Financial Services,Shell Companies,NASDAQ,88.48,42,40,47,43,10.22,220177372.32605457,21541667.0,0.03,-3.85,7562,12054,10340,
3390,BKV,Energy,Oil & Gas E&P,NYSE,88.47,42,68,78,74,25.49,2838582638.905361,109386611.0,0.0956,-22.31,675966,798568,828235,0.389
3391,GSIW,Financial Services,Capital Markets,NASDAQ,88.47,42,31,8,7,30.21,45028203.45464325,1412428.0,0.0134000005,-91.56,4778,4139,6041,4.146
3392,RIVN,Consumer Cyclical,Auto Manufacturers,NASDAQ,88.46,42,40,65,87,15.73,21955866266.712883,1342866407.0,0.14109999,-30.67,37061192,32630647,29137172,0.114
3393,PCF,Financial Services,Asset Management,NYSE,88.45,42,39,38,41,5.62,103127643.78385544,18716450.0,0.0011999999,-13.67,52287,55399,65139,-0.358
3394,RUN,Technology,Solar,NASDAQ,88.44,42,43,67,95,12.6,3185825618.6858025,238549287.0,0.2987,-43.85,8896075,8585555,8583467,0.432
3395,ENVX,Industrials,Electrical Equipment & Parts,NASDAQ,88.44,42,35,12,29,6.75,1588157088.9704132,218153440.0,0.26049998,-59.07,8396823,7839254,7071268,0.491
3396,HQY,Healthcare,Health Information Services,NASDAQ,88.44,42,34,26,42,89.23,7413003108.109879,83602157.0,0.071,-20.84,1173892,979387,989066,0.072
3397,OCSL,Financial Services,Asset Management,NASDAQ,88.39,42,40,28,35,11.91,1049979440.8803921,88085523.0,0.0361,-19.36,684661,768003,935126,-0.093
3398,SPE,Financial Services,Asset Management,NYSE,88.39,42,51,48,55,13.7,147236910.7928295,10623154.0,0.61,-14.32,40524,35764,42358,-0.461
3399,SR,Utilities,Utilities - Regulated Gas,NYSE,88.38,42,56,79,72,80.25,4870041162.590881,59116792.0,0.045300003,-15.8,506959,448366,410373,0.045
3400,ASIC,Financial Services,Insurance - Property & Casualty,NYSE,88.36,42,42,37,27,20.63,976984149.009201,48032652.0,0.0301,-18.46,77454,77474,70652,0.552
3401,RPT,Real Estate,REIT - Mortgage,NYSE,88.36,42,40,33,59,14.57,112935352.8445015,7772564.0,0.1008,-18.78,21386,23858,22129,
3402,RPM,Basic Materials,Specialty Chemicals,NYSE,88.36,42,26,33,29,107.41,13442823675.38321,128075684.0,0.0317,-16.81,823159,789193,926527,0.089
3403,LMND,Financial Services,Insurance - Property & Casualty,NYSE,88.36,42,46,65,93,53.58,3953197731.608467,76820789.0,0.1591,-46.37,1521033,1701014,1630356,0.706
3404,NDAQ,Financial Services,Financial Data & Stock Exchanges,NASDAQ,88.34,42,52,46,64,87.52,49360400159.08258,565540798.0,0.018,-14.02,3569357,3248899,3234659,0.137
3405,W,Consumer Cyclical,Internet Retail,NYSE,88.34,42,32,83,94,71.34,9021960505.239326,131996499.0,0.1993,-40.54,3544191,4675547,4092430,0.074
3406,BDCI,Financial Services,Shell Companies,NASDAQ,88.33,42,39,46,40,10.06,349204009.9774008,34746667.0,0.0001,-1.95,32080,45480,35524,
3407,LPAAU,Financial Services,Shell Companies,NASDAQ,88.33,42,42,57,52,10.74,,,0.5,-1.83,0,3,6,
3408,ORI,Financial Services,Insurance - Property & Casualty,NYSE,88.32,42,49,64,79,37.88,9294022281.876602,243554044.0,0.0468,-18.99,1456286,1369678,1391187,0.135
3409,NIM,Financial Services,Asset Management,NYSE,88.32,42,44,66,51,9.2,114508690.02600002,12446597.0,0.0008,-7.44,14722,20880,19088,0.035
3410,NMAX,Communication Services,Broadcasting,NYSE,88.3,42,15,9,6,9.23,1176653431.6062117,129160645.0,0.92370003,-44.56,1782134,1482328,2030300,0.14
3411,LNC,Financial Services,Insurance - Life,NYSE,88.29,42,33,30,82,35.38,6642746784.725002,191213197.0,0.0002,-24.43,1660585,1802585,1755815,0.125
3412,RCL,Consumer Cyclical,Travel Services,NYSE,88.28,42,30,56,63,282.26,75094593840.0,268194978.0,0.0674,-22.98,2821231,3047907,2799826,0.113
3413,PFX,Financial Services,Asset Management,NASDAQ,88.27,42,29,36,28,44.21,87933300.0,1932600.0,0.0001,-17.5,1530,2323,1660,-0.136
3414,AWF,Financial Services,Asset Management,NYSE,88.27,42,37,44,45,10.14,870057464.1776047,86229678.0,0.09,-11.29,311259,514619,429321,-0.011
3415,RRC,Energy,Oil & Gas E&P,NYSE,88.26,42,66,77,35,38.45,9212829615.468979,235622250.0,0.111,-20.41,2900243,2546331,3097898,0.261
3416,IPEXU,Financial Services,Shell Companies,NASDAQ,88.26,42,36,36,64,10.9,,,10.13,-25.34,80,49,29,
3417,DBL,Financial Services,Asset Management,NYSE,88.26,42,39,46,50,14.39,284122603.0972824,19771928.0,0.83,-10.12,56247,54779,74577,
3418,SKBL,Industrials,Engineering & Construction,NASDAQ,88.24,41,94,26,9,2.95,77302649.08455563,24776491.0,0.1717,-78.12,243370,399630,279986,0.063
3419,GAB,Financial Services,Asset Management,NYSE,88.24,41,41,49,65,5.55,1720917827.3516665,311196702.0,0.01,-12.0,1127044,1261821,1226442,0.194
3420,GBX,Industrials,Railroads,NYSE,88.23,41,57,67,35,48.0,1450710653.7765808,30938594.0,0.1104,-18.91,404322,363627,472800,-0.229
3421,TDF,Financial Services,Asset Management,NYSE,88.23,41,59,61,64,10.77,274481185.2939205,25181761.0,0.0013,-11.72,81114,67048,56724,-0.201
3422,VERU,Healthcare,Biotechnology,NASDAQ,88.23,41,18,18,8,3.1,54571089.530677795,16050320.0,0.040900003,-58.11,10912907,3679882,2228551,
3423,OSK,Industrials,Farm & Heavy Construction Machinery,NYSE,88.21,41,49,81,72,132.62,8138716287.657562,62351309.0,0.0585,-26.52,700411,822427,726252,0.002
3424,BH,Consumer Cyclical,Restaurants,NYSE,88.19,41,18,65,79,304.18,921427957.6226807,3139020.0,2.52,-37.1,72916,65325,72625,0.026
3425,PLMKU,Financial Services,Shell Companies,NASDAQ,88.19,41,39,42,74,10.88,297198083.1260681,27316000.0,0.02,-11.76,0,106,1072,
3426,FSS,Industrials,Farm & Heavy Construction Machinery,NYSE,88.19,41,55,58,62,110.11,6496130111.125122,61002256.0,0.0838,-17.14,460760,453543,451414,0.349
3427,EAT,Consumer Cyclical,Restaurants,NYSE,88.18,41,41,43,44,150.83,6024019271.342926,42887790.0,0.1975,-19.39,858253,1204057,1150332,0.032
3428,BGT,Financial Services,Asset Management,NYSE,88.17,41,40,42,35,10.69,318229764.67544556,29824720.0,0.0041,-16.22,129663,97707,116354,-0.044
3429,FOXX,Technology,Consumer Electronics,NASDAQ,88.16,41,54,22,13,4.71,35628431.11709976,7041192.0,0.0034999999,-46.96,9681521,3233897,1945600,-0.044
3430,ONCHU,Financial Services,Shell Companies,NASDAQ,88.13,41,39,47,45,10.32,,,0.12,-9.11,6696,7788,6697,
3431,EAD,Financial Services,Asset Management,NYSE ARCA,88.13,41,44,48,49,6.48,379963710.33612823,59092336.0,0.63,-9.75,190178,162952,176879,-0.094
3432,UHT,Real Estate,REIT - Healthcare Facilities,NYSE,88.1,41,53,64,58,39.74,571674648.1862411,13875598.0,0.0416,-11.1,89957,70745,66021,0.003
3433,CPHC,Consumer Cyclical,Resorts & Casinos,NASDAQ,88.09,41,39,42,25,15.85,80860242.81765175,5150334.0,0.0047999998,-26.65,1931,1363,1400,0.028
3434,AQB,Consumer Defensive,Farm Products,NASDAQ,88.09,41,56,66,70,0.94,5044260.018175125,5147204.0,0.014099999,-68.14,27014,36371,35506,
3435,PPTA,Basic Materials,Other Precious Metals & Mining,NASDAQ,88.08,41,86,95,95,22.66,2833390445.230234,125094503.0,0.121800005,-39.36,1773566,1648048,1519195,
3436,TLX,Healthcare,Biotechnology,NASDAQ,88.05,41,67,17,13,9.41,3150626620.316594,338777049.0,0.0007,-49.11,183623,142474,175000,0.493
3437,EOI,Financial Services,Asset Management,NYSE,88.05,41,48,55,46,19.34,798714032.2708893,41001748.0,0.04,-10.38,71895,81928,93983,-0.051
3438,GRX,Financial Services,Asset Management,NYSE,88.05,41,40,48,51,9.12,136208684.02068996,15050683.0,0.0005,-9.25,21263,20421,20514,
3439,WDI,Financial Services,Asset Management,NYSE,88.04,41,48,44,49,13.21,686278187.3820305,51912116.0,0.35,-13.55,209318,176356,184507,
3440,ETJ,Financial Services,Asset Management,NYSE,88.03,41,43,49,48,8.31,561296913.8494377,67301787.0,0.56,-8.88,135880,128613,146114,
3441,KMX,Consumer Cyclical,Auto & Truck Dealerships,NYSE,88.02,41,24,25,10,48.01,6686846928.6512375,141820715.0,0.1372,-33.31,3236512,2835937,3250092,-0.012
3442,CVNA,Consumer Cyclical,Auto & Truck Dealerships,NYSE,88.01,41,66,43,92,69.61,47640342016.50707,716288385.0,0.1374,-28.52,10366848,11275766,12268019,0.52
3443,IBEX,Technology,Information Technology Services,NASDAQ,88.01,41,50,32,82,30.37,400870140.1905594,13389116.0,0.0126,-29.36,96098,112739,111581,0.168
3444,SVV,Consumer Cyclical,Specialty Retail,NYSE,87.99,41,16,28,36,9.39,1384335525.1753654,153986158.0,0.2077,-32.4,1079556,1241838,1178299,0.089
3445,CNA,Financial Services,Insurance - Property & Casualty,NYSE,87.97,41,35,62,53,43.94,11811401974.22018,270531425.0,0.1344,-13.37,481168,533759,464477,0.1
3446,PFN,Financial Services,Asset Management,NYSE,87.96,41,42,46,55,6.83,675410709.8467612,98600105.0,0.45,-10.95,365058,407226,416667,-0.034
3447,CCM,Healthcare,Medical Care Facilities,NYSE,87.93,41,65,24,28,4.71,20753436.850929737,4341723.0,0.0054,-56.27,48556,55592,33985,0.574
3448,TLPH,Healthcare,Drug Manufacturers - Specialty & Generic,NASDAQ,87.92,41,78,58,93,0.82,40481723.95513916,51899648.0,0.0223,-47.77,159106,154992,143443,
3449,ASO,Consumer Cyclical,Specialty Retail,NASDAQ,87.92,41,55,74,71,50.37,3338295934.5,64508134.0,0.1555,-19.34,1898169,1471556,1407939,0.025
3450,GHY,Financial Services,Asset Management,NYSE,87.92,41,37,45,39,11.83,481702757.0552559,40961118.0,0.68,-13.9,121390,139386,146796,
3451,CARS,Communication Services,Internet Content & Information,NYSE,87.9,41,36,14,41,9.64,514866880.80253124,55903027.0,0.14130001,-30.99,797907,848225,929285,0.007
3452,CIF,Financial Services,Asset Management,NYSE,87.9,41,42,47,56,1.6,28822197.716089964,17901986.0,0.05,-12.09,87311,73997,70820,0.007
3453,BGH,Financial Services,Asset Management,NYSE,87.88,41,42,40,45,13.93,279346333.94566727,20082411.0,0.0021,-17.57,90166,81722,89819,
3454,SYY,Consumer Defensive,Food Distribution,NYSE,87.88,41,31,74,38,77.55,36480551602.10925,478182608.0,0.033099998,-15.57,3141688,3660056,5102877,0.047
3455,CPK,Utilities,Utilities - Regulated Gas,NYSE,87.88,41,38,61,52,123.04,2971309287.277313,24004761.0,0.0359,-12.48,143990,132206,132826,0.182
3456,VREX,Healthcare,Medical Devices,NASDAQ,87.88,41,30,45,55,10.62,425258040.08104324,42146485.0,0.0346,-27.09,401923,482427,385162,0.015
3457,PEP,Consumer Defensive,Beverages - Non-Alcoholic,NASDAQ,87.88,41,48,72,61,142.78,193996259391.77634,1366940966.0,0.020299999,-16.74,9024278,7262682,6847747,0.085
3458,SNAL,Communication Services,Electronic Gaming & Multimedia,NASDAQ,87.88,41,8,12,15,0.79,32264856.753749013,42622002.0,0.48720002,-63.43,789719,13549103,27611207,0.357
3459,RYTM,Healthcare,Biotechnology,NASDAQ,87.87,41,42,69,92,87.86,5926484898.265488,68593574.0,0.121800005,-28.1,515106,695378,699789,0.838
3460,DAAQU,Financial Services,Shell Companies,NASDAQ,87.87,41,40,46,40,10.54,,,24.67,-11.8,1380,533,492,
3461,HRB,Consumer Cyclical,Personal Services,NYSE,87.87,41,26,15,23,38.26,4828296303.972073,126760207.0,0.22600001,-34.27,2232986,2753852,2469075,0.053
3462,AWX,Industrials,Waste Management,NYSE ARCA,87.87,41,40,41,42,2.54,9592602.868751526,3899432.0,0.0014,-53.22,6457,9575,7867,0.099
3463,MCR,Financial Services,Asset Management,NYSE,87.86,41,44,49,52,5.9,248463074.1902876,41688435.0,0.14,-10.33,113624,84194,90192,-0.001
3464,ARDC,Financial Services,Asset Management,NYSE,87.84,41,39,36,36,12.52,299575000.0,23966000.0,0.68,-16.7,123645,125508,129349,
3465,BHK,Financial Services,Asset Management,NYSE,87.84,41,38,44,37,8.93,642073376.1562195,72224224.0,0.0014,-11.76,269543,321111,289004,0.173
3466,BOW,Financial Services,Insurance - Property & Casualty,NYSE,87.84,41,37,22,25,26.17,845579401.25,32838035.0,0.043899998,-31.1,179894,226654,200962,0.269
3467,KMDA,Healthcare,Drug Manufacturers - Specialty & Generic,NASDAQ,87.81,41,69,81,63,7.24,414540817.62101173,57816013.0,0.0046,-22.57,45918,53006,48375,0.028
3468,SOMN,Utilities,Utilities - Regulated Electric,NYSE,87.79,41,43,64,38,50.68,,,16.56,-6.13,62225,69745,111309,0.08
3469,WFG,Basic Materials,Lumber & Wood Production,NYSE,87.78,41,26,38,19,66.74,5168052252.0,78303822.0,11.43,-15.04,206983,179537,176274,-0.086
3470,IZEA,Communication Services,Internet Content & Information,NASDAQ,87.77,41,78,58,93,3.63,64974532.87808132,17513351.0,0.0052,-38.04,41921,57597,56424,-0.175
3471,BA,Industrials,Aerospace & Defense,NYSE,87.77,41,60,66,62,214.51,169839734808.2422,788302331.0,0.0021,-15.66,6940377,6813579,6741401,0.14
3472,TCBIO,Financial Services,Banks - Regional,NASDAQ,87.77,41,56,71,50,20.34,,,0.81,-11.35,15196,16888,22387,0.169
3473,TDS,Communication Services,Telecom Services,NYSE,87.75,41,59,77,57,39.33,4458365982.627869,113850000.0,0.0005,-19.93,1138222,1113330,961192,0.065
3474,SLDE,Financial Services,Insurance - Property & Casualty,NASDAQ,87.71,41,53,44,59,16.71,1917721751.8194695,114559246.0,0.101,-35.48,963940,1423280,1473806,0.382
3475,BIT,Financial Services,Asset Management,NYSE,87.7,41,38,43,40,12.49,714425142.8012352,57062709.0,0.0023999999,-17.39,266959,267013,283759,
3476,LWAY,Consumer Defensive,Packaged Foods,NASDAQ,87.69,41,52,31,25,23.81,360652562.62957764,15281888.0,0.16450001,-30.38,110661,142500,119314,0.367
3477,BRW,Financial Services,Asset Management,NYSE,87.68,40,48,38,37,6.63,287342114.61997604,42886884.0,0.0026,-21.91,257842,219464,220876,-0.331
3478,CTRM,Industrials,Marine Shipping,NASDAQ,87.68,40,30,39,27,2.18,20580815.12576866,9662354.0,0.0016,-17.86,106766,63368,57365,0.396
3479,WTRG,Utilities,Utilities - Regulated Water,NYSE,87.66,40,38,70,51,37.52,10596528417.995834,283632983.0,0.0163,-11.45,1822900,1752346,1993414,0.1
3480,FABC,Consumer Cyclical,Auto Manufacturers,NASDAQ,87.65,40,63,9,6,3.82,20638335.75,4856079.0,0.2216,-63.83,1048069,4503463,2744051,
3481,CTW,Communication Services,Electronic Gaming & Multimedia,NASDAQ,87.64,40,85,28,13,2.22,133208779.5,59203902.0,0.0172,-54.51,9078,27852,35293,0.405
3482,TSSI,Technology,Information Technology Services,NASDAQ,87.63,40,70,70,9,12.43,375629534.4928093,28073956.0,0.18200001,-61.08,2162273,1773691,1734898,-0.441
3483,EVAX,Healthcare,Biotechnology,NASDAQ,87.63,40,87,84,96,3.63,29607762.852307558,8340215.0,0.0047,-70.12,37706,30042,31229,
3484,HIG,Financial Services,Insurance - Diversified,NYSE,87.63,40,41,59,69,128.97,36223646387.483826,274130820.0,0.0002,-10.75,2054534,1766684,1598168,0.061
3485,IOR,Financial Services,Mortgage Finance,NYSE ARCA,87.62,40,40,42,57,17.75,72377965.29775238,4066178.0,0.0002,-9.85,1177,1102,813,
3486,DRD,Basic Materials,Gold,NYSE,87.61,40,83,91,95,23.22,2052262944.9645615,86739770.0,0.0105,-41.02,275827,292519,269929,0.329
3487,PHK,Financial Services,Asset Management,NYSE,87.59,40,44,47,58,4.51,846558720.0868607,186466680.0,0.28,-10.52,664419,679103,678409,-0.015
3488,MCGA,Financial Services,Shell Companies,NASDAQ,87.59,40,37,43,34,10.23,241236186.93535995,23581251.0,0.0022,-13.89,70340,49076,42676,
3489,MWYN,Consumer Cyclical,"Furnishings, Fixtures & Appliances",NASDAQ,87.59,40,16,11,7,0.96,16963634.830370188,20194804.0,0.0119,-65.22,109639,145343,1422845,1.219
3490,ARRY,Technology,Solar,NASDAQ,87.55,40,63,34,79,7.41,1244455421.4920425,153826378.0,0.235,-39.41,6335844,5507538,5383922,-0.261
3491,GXO,Industrials,Integrated Freight & Logistics,NYSE,87.55,40,44,69,68,50.24,5600565347.630043,115048589.0,0.0533,-24.85,1112206,1502295,1323053,0.108
3492,V,Financial Services,Credit Services,NYSE,87.54,40,36,34,50,325.05,615347255294.7876,1901743800.0,0.0156,-13.44,8170045,8153608,7423323,0.171
3493,YCBD,Healthcare,Drug Manufacturers - Specialty & Generic,NYSE ARCA,87.53,40,33,34,72,0.71,7600493.115721703,10497919.0,0.0785,-72.27,219341,382873,1671482,0.188
3494,CNH,Industrials,Farm & Heavy Construction Machinery,NYSE,87.51,40,32,42,21,10.74,13329468272.75,1239950537.0,0.067,-24.74,11592445,13973491,14650843,-0.001
3495,SEGG,Consumer Cyclical,Gambling,NASDAQ,87.51,40,10,5,1,1.75,24929673.08977592,15108893.0,0.108500004,-88.05,1451971,4339263,3526504,-0.314
3496,MCGAU,Financial Services,Shell Companies,NASDAQ,87.5,40,38,47,40,10.27,,,2.15,-17.84,1830,1233,1118,
3497,BANF,Financial Services,Banks - Regional,NASDAQ,87.48,40,33,35,32,112.83,3706929625.437767,33586387.0,0.040900003,-18.69,148991,140140,132334,0.083
3498,EVF,Financial Services,Asset Management,NYSE,87.47,40,35,39,36,5.0,90124634.13314152,18170289.0,0.46,-13.04,54663,78971,74634,-0.075
3499,XWEL,Healthcare,Diagnostics & Research,NASDAQ,87.44,40,96,94,15,1.07,11484201.880796194,8444266.0,0.066,-51.36,187058,121929,159327,-0.055
3500,DLO,Technology,Software - Infrastructure,NASDAQ,87.43,40,67,46,76,11.9,3307584987.5671406,294269133.0,0.1089,-29.08,2245211,2663480,2301782,0.549
3501,PLX,Healthcare,Biotechnology,NYSE ARCA,87.43,40,32,91,37,1.98,160337568.34839106,80571642.0,0.054,-37.93,659549,817749,762747,2.337
3502,MBI,Financial Services,Insurance - Specialty,NYSE,87.43,40,52,43,82,6.08,312225664.8989382,50934039.0,0.045300003,-26.39,339559,384219,315339,0.048
3503,NWL,Consumer Defensive,Household & Personal Products,NASDAQ,87.42,40,37,30,10,4.41,1580731323.997281,424927772.0,0.1587,-33.58,11772464,8777518,7285608,-0.011
3504,RJF,Financial Services,Asset Management,NYSE,87.41,40,36,39,54,151.37,29515034904.56418,194883034.0,0.0545,-14.8,1450745,1308915,1367707,0.131
3505,PCAPU,Financial Services,Shell Companies,NASDAQ,87.41,40,38,43,36,10.37,,,0.23,-15.52,5190,2783,4540,
3506,EFR,Financial Services,Asset Management,NYSE,87.39,40,36,39,37,10.52,310883689.65634346,29523618.0,0.02,-13.84,150815,145561,137389,-0.165
3507,VRTX,Healthcare,Biotechnology,NASDAQ,87.38,40,48,60,56,445.77,113407871070.07828,253805417.0,0.0199,-12.24,1315479,1274349,1224295,0.078
3508,WDFC,Basic Materials,Specialty Chemicals,NASDAQ,87.37,40,32,59,27,213.82,2736694204.5674744,13455402.0,0.054899998,-15.57,151074,144411,175592,0.107
3509,WPM,Basic Materials,Gold,NYSE,87.36,40,80,89,86,112.58,52782960618.93777,454125089.0,1.37,-32.08,1857416,2029452,2081163,0.916
3510,HYI,Financial Services,Asset Management,NYSE,87.34,40,39,46,37,10.58,135059591.13118458,12814003.0,0.26,-12.78,80438,66852,73887,
3511,SBH,Consumer Cyclical,Specialty Retail,NYSE,87.33,40,54,79,83,13.04,1152534503.6009102,95408486.0,0.2802,-27.23,1351885,1646045,1478163,0.023
3512,CPS,Consumer Cyclical,Auto Parts,NYSE,87.33,40,47,80,90,29.43,520584921.46151733,17755284.0,0.0326,-38.66,135677,177405,185497,0.029
3513,PCSC,Financial Services,Shell Companies,NASDAQ,87.33,40,37,46,72,11.14,122959921.20027542,11067500.0,0.0864,-23.01,167303,72107,66400,
3514,CLPR,Real Estate,REIT - Residential,NYSE,87.32,40,24,29,26,3.29,51219485.45272446,16157566.0,0.0395,-28.63,96735,86498,80565,-0.033
3515,HYT,Financial Services,Asset Management,NYSE,87.31,40,38,40,48,8.6,1400582173.0791473,163047980.0,0.0027,-12.96,717172,756470,800268,0.041
3516,DSL,Financial Services,Asset Management,NYSE,87.31,40,41,43,35,10.82,1246533526.7116213,114571095.0,0.002,-14.6,411800,474830,507246,
3517,FRHC,Financial Services,Financial Conglomerates,NASDAQ,87.31,40,41,39,28,141.86,9102560867.619797,61292581.0,0.0529,-26.88,224739,130386,122851,1.467
3518,PG,Consumer Defensive,Household & Personal Products,NYSE,87.3,40,33,47,29,148.67,341232878602.2157,2328598978.0,0.0127,-11.11,9713759,8526386,8666361,0.074
3519,DYNCU,Financial Services,Shell Companies,NASDAQ,87.29,40,39,53,64,10.87,,,0.0,-28.81,68,289,616,
3520,ECL,Basic Materials,Specialty Chemicals,NYSE,87.27,40,31,60,46,264.44,72602432734.49164,281437502.0,0.014199999,-14.5,1903593,1734477,1561022,0.1
3521,XPL,Basic Materials,Other Industrial Metals & Mining,NYSE ARCA,87.27,40,76,82,37,0.77,75384872.8618908,93067744.0,0.0027,-21.43,307282,247494,224546,
3522,WM,Industrials,Waste Management,NYSE,87.25,40,34,67,42,221.3,88507293289.77612,401575752.0,0.0168,-10.81,2227312,2179300,2050642,0.035
3523,EFT,Financial Services,Asset Management,NYSE,87.24,40,39,39,35,10.76,285182550.1735306,26578058.0,2.1,-15.07,85416,103758,102383,-0.181
3524,VRNS,Technology,Software - Infrastructure,NASDAQ,87.24,40,22,13,12,32.48,3839366034.3400917,117447727.0,0.085200004,-49.17,1757034,2423894,2345198,0.269
3525,WOOF,Consumer Cyclical,Specialty Retail,NASDAQ,87.23,40,27,82,45,2.72,914969830.8233356,323310903.0,0.1878,-39.62,3320256,2184838,1933143,0.002
3526,VRCA,Healthcare,Biotechnology,NASDAQ,87.23,40,86,39,84,6.12,103759872.82468128,17178787.0,0.0467,-37.68,35864,69628,76984,0.461
3527,ABUS,Healthcare,Biotechnology,NASDAQ,87.22,40,67,60,83,4.25,839535267.5,197537710.0,0.1238,-16.67,1508420,1294320,1639278,100.545
3528,FRPH,Real Estate,Real Estate Services,NASDAQ,87.22,40,28,34,24,23.81,451268291.05091095,19170275.0,0.0207,-14.9,56401,76707,66150,-0.036
3529,PEG,Utilities,Utilities - Regulated Electric,NYSE,87.2,40,34,63,43,78.59,39606586703.791855,498321402.0,0.0252,-13.88,2794793,3015261,2727448,0.194
3530,CGNT,Technology,Software - Infrastructure,NASDAQ,87.2,40,79,37,64,8.91,662616087.0600567,73705907.0,0.0063,-27.62,1113750,782860,696894,0.104
3531,SCZM,Basic Materials,Other Industrial Metals & Mining,NASDAQ,87.2,40,96,98,99,6.1,593540482.4444423,92740699.0,5.41,-65.43,591699,558016,528963,0.814
3532,MBAV,Financial Services,Shell Companies,NASDAQ,87.19,40,48,45,46,10.77,388484390.0799751,35937500.0,0.015,-21.56,81156,58428,49823,
3533,DOLE,Consumer Defensive,Farm Products,NYSE,87.19,40,55,47,65,13.98,1333176911.2801552,95158950.0,0.0394,-15.63,1635882,1236350,1006650,0.116
3534,IPHA,Healthcare,Biotechnology,NASDAQ,87.19,40,16,24,42,1.77,160574626.06212616,93903288.0,0.0026,-32.7,18471,112450,78114,-0.467
3535,CKX,Energy,Oil & Gas E&P,NYSE ARCA,87.19,40,48,64,23,10.35,21065104.009923935,2053129.0,0.00059999997,-21.89,7663,11371,8768,-0.51
3536,TIMB,Communication Services,Telecom Services,NYSE,87.18,39,58,85,82,21.54,10304714986.687256,477733664.0,0.0092,-23.67,279356,373762,397993,0.065
3537,HRL,Consumer Defensive,Packaged Foods,NYSE,87.15,39,22,33,26,23.98,12998439793.422693,550314959.0,0.0848,-24.73,9076517,6257839,5724779,-0.029
3538,HKD,Technology,Software - Application,NYSE,87.13,39,37,42,12,1.7,524846501.0125935,314279350.0,0.0063,-68.92,368361,259467,259028,3.409
3539,AEBI,Industrials,Farm & Heavy Construction Machinery,NASDAQ,87.13,39,39,67,73,12.19,892095516.4897442,77506125.0,0.1759,-63.06,179235,263481,301275,0.828
3540,CEPO,Financial Services,Shell Companies,NASDAQ,87.12,39,38,44,41,10.62,270300009.727478,25500000.0,0.0007,-35.64,80244,36674,45300,
3541,ARCC,Financial Services,Asset Management,NASDAQ,87.11,39,34,34,42,19.03,13491649914.919548,718022845.0,0.056199998,-18.74,5208956,5308218,5890559,0.042
3542,PCN,Financial Services,Asset Management,NYSE,87.1,39,40,45,44,11.72,862689166.5363331,73734118.0,0.55,-13.12,308370,302243,326182,0.038
3543,SF,Financial Services,Capital Markets,NYSE,87.1,39,40,41,77,71.4,10848573290.938019,153401769.0,0.0001,-20.51,1444160,1349990,1383168,0.143
3544,ESNT,Financial Services,Insurance - Specialty,NYSE,87.07,39,41,42,65,57.78,5293260151.847305,92152860.0,0.036199998,-13.88,948687,796595,700011,0.058
3545,BKT,Financial Services,Asset Management,NYSE,87.07,39,38,47,41,10.44,338464542.22229767,32388952.0,0.0026,-11.97,136971,122883,116400,-0.336
3546,USA,Financial Services,Asset Management,NYSE,87.07,39,38,38,40,5.72,1739952812.7983594,301551615.0,0.00029999999,-17.82,1276740,1108280,1155484,-0.098
3547,HAYW,Industrials,Electrical Equipment & Parts,NYSE,87.05,39,30,41,61,14.7,3052669231.2281494,216962992.0,0.0554,-17.09,2060091,2857947,2543556,0.115
3548,RJET,Industrials,Airlines,NASDAQ,87.04,39,76,46,70,18.03,826071928.0575562,46829476.0,0.0272,-32.47,219370,185236,158968,0.336
3549,GCMG,Financial Services,Asset Management,NASDAQ,87.03,39,37,31,34,11.32,646703699.453435,60383165.0,0.0349,-14.37,448231,400117,410112,-0.012
3550,VERA,Healthcare,Biotechnology,NASDAQ,87.01,39,81,85,94,31.81,2317870035.8792114,71782904.0,0.1599,-43.25,1312566,1109772,1151053,
3551,CCS,Real Estate,Real Estate - Development,NYSE,87.01,39,27,38,35,58.11,1597847281.5790863,28769306.0,0.0934,-23.54,348072,343480,301216,-0.126
3552,MGF,Financial Services,Asset Management,NYSE,87.01,39,39,48,46,2.85,92556145.3227613,32590193.0,0.27,-9.24,128573,103187,92752,-0.054
3553,PCM,Financial Services,Asset Management,NYSE,87.0,39,43,41,37,5.63,69646987.83126307,12348757.0,0.52,-16.72,36733,42047,41786,-0.207
3554,GREE,Financial Services,Capital Markets,NASDAQ,87.0,39,48,49,67,1.45,25768231.544826865,18019743.0,0.052399997,-40.08,293631,278253,217244,0.083
3555,DLY,Financial Services,Asset Management,NYSE,87.0,39,39,42,38,13.85,670814244.4269562,48539382.0,0.75,-12.34,154491,157053,189810,
3556,FAX,Financial Services,Asset Management,NYSE ARCA,86.99,39,41,60,45,14.27,590341588.2740364,41282628.0,0.64,-15.56,218376,190492,186229,-0.276
3557,ARES,Financial Services,Asset Management,NYSE,86.98,39,23,13,52,130.61,28336378759.913666,225518332.0,0.14850001,-33.11,2685045,2809445,3031147,0.283
3558,MGEE,Utilities,Utilities - Regulated Electric,NASDAQ,86.98,39,29,34,32,76.96,2855901917.0918884,37746521.0,0.0559,-15.88,315240,362926,289826,0.108
3559,KHC,Consumer Defensive,Packaged Foods,NASDAQ,86.97,39,32,34,30,23.43,26774858975.572346,1185777638.0,0.098500006,-19.73,15119353,14916684,14373336,0.008
3560,AIV,Real Estate,REIT - Residential,NYSE,86.96,39,43,42,37,2.92,435884230.3742416,143856183.0,0.023,-67.08,1568826,1311078,1383903,-0.039
3561,BCSF,Financial Services,Asset Management,NYSE,86.96,39,42,32,35,12.82,829668202.0554628,64868507.0,0.0187,-19.88,410723,354717,384838,-0.01
3562,CLPS,Technology,Information Technology Services,NASDAQ,86.95,39,28,62,22,0.97,25992231.94609523,29841828.0,0.0005,-48.4,20716,17315,17691,0.028
3563,FLGT,Healthcare,Diagnostics & Research,NASDAQ,86.91,39,15,16,84,18.5,543871919.6160221,28400623.0,0.1509,-40.4,565209,598076,530251,-0.032
3564,AXS,Financial Services,Insurance - Specialty,NYSE,86.91,39,38,51,66,97.62,7284592769.171631,73723236.0,0.0207,-11.53,636055,605118,576707,0.08
3565,AON,Financial Services,Insurance Brokers,NYSE,86.9,39,31,33,38,331.59,70166434794.25595,213576949.0,0.0135,-12.97,1531314,1530574,1414754,0.065
3566,WMS,Industrials,Building Products & Equipment,NYSE,86.9,39,40,62,74,135.69,9968930928.6969,76595708.0,0.0434,-24.33,1102968,922826,954157,0.099
3567,TAK,Healthcare,Drug Manufacturers - Specialty & Generic,NYSE,86.89,39,54,78,43,15.72,49290910301.31985,3159673660.0,0.0011999999,-16.83,3335181,3254047,3180782,0.039
3568,UFI,Consumer Cyclical,Textile Manufacturing,NYSE,86.89,39,50,31,15,3.97,76393616.42166615,18587254.0,0.0087,-25.66,61476,48752,37801,-0.113
3569,HTGC,Financial Services,Asset Management,NYSE,86.88,39,36,26,55,15.45,2859172005.233946,187118590.0,0.0579,-21.45,1548512,1804130,1859456,0.184
3570,FWONA,Communication Services,Entertainment,NASDAQ,86.85,39,45,34,41,81.18,20284026617.35034,250605708.0,0.0544,-18.43,116554,141438,140346,0.183
3571,SIGIP,Financial Services,Insurance - Property & Casualty,NASDAQ,86.84,39,43,44,35,15.98,,,0.63,-14.57,5403,4324,4932,0.057
3572,JMM,Financial Services,Asset Management,NYSE,86.81,39,36,43,43,5.82,54503138.16576004,9462350.0,0.0004,-10.74,20052,13484,9582,0.02
3573,CSL,Industrials,Building Products & Equipment,NYSE,86.79,39,34,47,33,347.68,14000107439.042603,40465076.0,0.085,-20.24,308630,368490,382074,-0.04
3574,BGX,Financial Services,Asset Management,NYSE,86.76,39,36,37,40,10.82,137122286.76521778,12708275.0,0.0029,-14.47,57262,61044,63936,
3575,CACI,Technology,Information Technology Services,NYSE,86.76,39,26,82,80,525.04,11739539796.777649,22091305.0,0.081999995,-23.18,287326,309038,303683,0.085
3576,PAXS,Financial Services,Asset Management,NYSE,86.74,39,38,46,55,14.15,668667755.1165085,47023048.0,0.39,-14.55,207028,210022,188273,
3577,RYN,Real Estate,REIT - Specialty,NYSE,86.72,39,30,33,31,20.98,6306669059.80327,300747223.0,0.0381,-23.26,2591065,2637445,2399067,2.338
3578,BCO,Industrials,Security & Protection Services,NYSE,86.72,39,32,61,78,102.57,4158871929.7478333,41181028.0,0.1308,-24.79,383332,439864,449522,0.103
3579,SAFT,Financial Services,Insurance - Property & Casualty,NASDAQ,86.71,39,34,43,56,70.59,1031804857.8886871,14683434.0,0.0212,-13.38,120596,96148,93685,0.044
3580,SMSI,Technology,Software - Application,NASDAQ,86.71,39,83,75,20,3.69,18656906.137468815,5111481.0,0.0249,-43.23,39703,30704,24857,-0.087
3581,WRB,Financial Services,Insurance - Property & Casualty,NYSE,86.7,39,33,51,53,67.22,25527015399.630157,372276732.0,0.0001,-14.87,2776553,2144121,2144808,0.04
3582,BROS,Consumer Cyclical,Restaurants,NYSE,86.69,39,26,22,47,57.79,7616934436.241798,137192622.0,0.4441,-22.59,3010447,4066955,4092475,0.308
3583,LVS,Consumer Cyclical,Resorts & Casinos,NYSE,86.69,39,40,59,87,51.65,33297525581.25,662637325.0,0.0949,-26.69,3464629,4402866,4197421,0.253
3584,PZG,Basic Materials,Gold,NYSE ARCA,86.68,39,90,98,96,1.14,102083418.29862165,85784381.0,0.0155,-57.93,572962,756227,678756,
3585,MITQ,Technology,Communication Equipment,NYSE ARCA,86.68,39,26,27,27,0.63,5964643.437013626,9941072.0,0.0066000004,-62.05,73181,127493,304934,-0.049
3586,EDTK,Consumer Defensive,Education & Training Services,NASDAQ,86.68,39,51,54,31,0.97,15610862.283830166,15929451.0,0.0001,-17.8,1929,1339,1507,
3587,NRP,Energy,Thermal Coal,NYSE,86.66,39,48,76,47,103.73,1398050998.4259338,13250412.0,0.0431,-19.34,79738,52076,39629,-0.153
3588,DIBS,Communication Services,Internet Content & Information,NASDAQ,86.64,39,64,90,95,4.02,144514065.3814659,35333511.0,0.024300002,-39.32,119055,245228,203355,-0.007
3589,PED,Energy,Oil & Gas E&P,NYSE ARCA,86.64,39,72,90,16,13.2,177706739.5133257,13301403.0,0.014099999,-30.12,14560,23230,27298,3.604
3590,MSDL,Financial Services,Asset Management,NYSE,86.61,39,35,30,35,15.27,1284185354.4648285,84764712.0,0.045500003,-23.42,510330,592000,658554,-0.122
3591,SMA,Real Estate,REIT - Industrial,NYSE,86.61,39,37,39,33,32.65,1711341260.0019264,55365295.0,0.073,-17.9,734112,673034,664838,0.131
3592,FRA,Financial Services,Asset Management,NYSE,86.59,39,36,37,33,10.9,386238848.68271255,35434758.0,0.0034999999,-18.72,144150,126953,130590,
3593,PRTH,Technology,Software - Infrastructure,NASDAQ,86.58,39,47,20,14,6.06,479307103.5372019,82355170.0,0.0402,-31.83,254329,243483,243363,0.111
3594,GBAB,Financial Services,Asset Management,NYSE,86.56,39,38,55,55,14.06,389218675.19612026,27682693.0,0.16,-11.79,105044,122914,102470,
3595,MCK,Healthcare,Medical Distribution,NYSE,86.49,38,29,83,78,784.23,93237470970.52386,120204051.0,0.024,-21.5,1075092,1290974,1072558,0.06
3596,TOVX,Healthcare,Biotechnology,NYSE ARCA,86.49,38,76,9,3,0.24,11932093.242333412,45892668.0,0.0885,-72.09,1307487,2196765,19856437,
3597,CRH,Basic Materials,Building Materials,NYSE,86.47,38,41,37,80,103.7,70201113061.61182,668200216.0,0.0224,-21.17,4162390,4929683,4723728,0.091
3598,IAF,Financial Services,Asset Management,NYSE ARCA,86.47,38,46,59,52,12.06,115755065.10892296,9582373.0,0.37,-17.06,18966,20335,25943,-0.071
3599,EGO,Basic Materials,Gold,NYSE,86.45,38,75,91,92,29.25,7709258208.454628,260535930.0,1.63,-42.83,2485020,3311660,3228118,0.499
3600,RTAC,Financial Services,Shell Companies,NASDAQ,86.44,38,34,40,34,10.43,324700623.3374176,31161288.0,0.0036000002,-22.04,132484,116951,107552,
3601,DLHC,Industrials,Specialty Business Services,NASDAQ,86.44,38,58,71,37,5.56,80871134.19426918,14493035.0,0.0069,-31.36,7975,11681,10849,-0.336
3602,ACGL,Financial Services,Insurance - Diversified,NASDAQ,86.44,38,41,51,58,90.41,31860837382.721924,349389588.0,0.0271,-12.55,2799815,2598445,2340987,-0.033
3603,ONCY,Healthcare,Biotechnology,NASDAQ,86.44,38,68,78,59,0.81,100257413.14981502,119354067.0,0.0639,-46.36,2259197,1378922,1315163,
3604,DOO,Consumer Cyclical,Recreational Vehicles,NASDAQ,86.43,38,45,72,89,60.61,4452128539.0588875,73346433.0,0.76,-25.99,380820,354616,526048,0.295
3605,EVMN,Healthcare,Biotechnology,NYSE,86.42,38,49,68,26,20.49,717485992.9079838,36018373.0,0.1278,-38.28,393638,407406,353859,
3606,TSI,Financial Services,Asset Management,NYSE,86.4,38,38,46,49,4.5,218125669.47984505,48364891.0,0.0749,-11.07,123758,119462,102907,0.067
3607,FCN,Industrials,Consulting Services,NYSE,86.39,38,33,46,44,159.92,4814003575.107681,30144043.0,0.1034,-15.52,428445,569458,463105,0.095
3608,XFOR,Healthcare,Biotechnology,NASDAQ,86.36,38,90,37,28,3.85,361244428.4839783,94319696.0,0.0311,-20.29,434277,366632,384387,-0.906
3609,AS,Consumer Cyclical,Leisure,NYSE,86.35,38,47,37,76,34.75,19840130130.610046,581822024.0,0.0799,-18.73,4073841,4657703,4286174,0.321
3610,COMP,Real Estate,Real Estate Services,NYSE,86.35,38,36,38,83,8.17,5760550005.451627,747153045.0,0.053000003,-41.45,12728300,13552806,13750930,0.994
3611,HUMA,Healthcare,Biotechnology,NASDAQ,86.33,38,21,18,8,1.39,299725801.093348,222019108.0,0.1868,-51.06,7362621,6868157,6300070,-0.043
3612,SKYH,Real Estate,Real Estate - Development,NYSE,86.33,38,36,35,27,9.37,312403201.74905014,34481588.0,0.1233,-16.12,164401,173163,146586,0.56
3613,BHR,Real Estate,REIT - Hotel & Motel,NYSE,86.32,38,53,40,47,2.49,171698295.0,68679318.0,0.0147,-21.94,272694,319731,321748,-0.032
3614,XHG,Financial Services,Insurance Brokers,NASDAQ,86.29,38,35,12,5,0.98,49382913.3292197,51547926.0,0.00059999997,-56.05,24618,10906,31985,
3615,CLMB,Technology,Electronics & Computer Distribution,NASDAQ,86.29,38,14,19,28,24.0,442985298.32458496,18597200.0,0.0731,-33.8,138301,187480,166766,0.321
3616,EVV,Financial Services,Asset Management,NYSE ARCA,86.29,38,39,45,50,9.22,1072557882.6062775,116203460.0,0.19,-11.43,338645,351685,338945,-0.034
3617,OGS,Utilities,Utilities - Regulated Gas,NYSE,86.28,38,59,77,61,76.0,4920582682.968025,62762533.0,0.061300002,-16.28,739176,633478,550911,-0.111
3618,ZTG,Industrials,Consulting Services,NASDAQ,86.25,38,52,10,13,2.42,28695479.558325052,11808839.0,0.0088,-46.34,1879342,636667,459142,-0.27
3619,CRDL,Healthcare,Drug Manufacturers - Specialty & Generic,NASDAQ,86.25,38,76,33,25,1.08,127952188.04898262,115272240.0,0.0175,-36.84,407494,404461,609384,
3620,DBX,Technology,Software - Infrastructure,NASDAQ,86.25,38,36,38,33,27.43,6420433967.276562,233300649.0,0.2726,-15.34,4050741,4149103,3786294,0.008
3621,LFMD,Healthcare,Health Information Services,NASDAQ,86.25,38,37,26,7,4.82,236492667.4429083,48362510.0,0.1447,-69.57,931217,957645,1072623,-0.014
3622,SLN,Healthcare,Biotechnology,NASDAQ,86.25,38,87,85,83,6.01,291437565.813715,47234613.0,0.0556,-28.45,186028,205819,299987,1.972
3623,BETR,Financial Services,Mortgage Finance,NASDAQ,86.22,38,84,93,97,25.04,483444881.0961857,18869823.0,0.20989999,-73.38,305677,496689,560125,0.516
3624,AB,Financial Services,Asset Management,NYSE,86.22,38,47,54,64,36.98,3480227406.004734,93403853.0,0.0046,-16.16,321572,336880,292402,
3625,DLNG,Energy,Oil & Gas Midstream,NYSE,86.21,38,56,64,37,3.72,135704901.7239318,36382011.0,0.0092,-16.4,31178,46789,62145,0.021
3626,IPAR,Consumer Defensive,Household & Personal Products,NASDAQ,86.17,38,28,35,15,96.86,2922992924.36158,32025781.0,0.0779,-32.08,219414,242194,251242,0.018
3627,AYTU,Healthcare,Drug Manufacturers - Specialty & Generic,NASDAQ,86.16,38,77,85,84,2.3,24149718.0,10733208.0,0.0497,-25.08,35727,48989,43995,-0.327
3628,TCI,Real Estate,Real Estate Services,NYSE,86.15,38,19,41,90,38.06,319741107.66919327,8639317.0,0.0092,-36.19,3345,3451,5201,0.028
3629,BAK,Basic Materials,Chemicals,NYSE,86.15,38,67,85,18,3.65,1386725044.480483,398484206.0,0.0388,-32.34,2423008,2355246,2383755,-0.204
3630,UGI,Utilities,Utilities - Regulated Gas,NYSE,86.12,38,31,63,76,34.57,7471620536.061157,214393712.0,0.0713,-16.38,1738668,2214389,1884587,0.007
3631,FEDU,Consumer Defensive,Education & Training Services,NYSE,86.12,38,38,30,75,10.81,23165594.5,2260058.0,0.0063,-37.51,350,360,442,0.079
3632,SUI,Real Estate,REIT - Residential,NYSE,86.12,38,46,68,44,124.73,15242412634.18634,123230757.0,0.0355,-9.52,1353663,1000807,876828,0.086
3633,IDYA,Healthcare,Biotechnology,NASDAQ,86.11,38,60,84,88,28.07,2485585507.2390747,87860920.0,0.15720001,-28.54,1333687,983859,1288979,
3634,ABEO,Healthcare,Biotechnology,NASDAQ,86.09,38,66,28,29,5.45,311193488.4141922,56995144.0,0.2725,-27.72,835709,1060959,1044275,
3635,SNTG,Financial Services,Credit Services,NASDAQ,86.04,38,59,32,63,2.21,6676673.821043968,2805325.0,0.0067000003,-82.6,71241,32313,23328,-0.359
3636,S,Technology,Software - Infrastructure,NYSE,86.04,38,52,31,18,15.24,5467719316.465379,342803723.0,0.069,-28.79,13093088,9231496,8444539,0.208
3637,JD,Consumer Cyclical,Internet Retail,NASDAQ,86.04,38,50,31,19,28.73,39002438866.615295,1350500000.0,0.022,-22.06,7416326,9946992,9746441,0.049
3638,PDI,Financial Services,Asset Management,NYSE,86.04,38,44,50,41,16.68,7749666933.634842,461564414.0,0.17,-17.3,2668612,2674600,2512998,
3639,AMPY,Energy,Oil & Gas E&P,NYSE,86.02,38,79,92,60,4.42,180426094.9650278,41287437.0,0.080299996,-34.9,686561,712087,782276,-0.48
3640,PSNY,Consumer Cyclical,Auto Manufacturers,NASDAQ,86.02,38,30,31,5,19.62,1729495873.092575,91507720.0,21.47,-53.94,228297,138429,122727,0.454
3641,TPVG,Financial Services,Asset Management,NYSE,86.0,38,54,26,49,5.47,218016523.32381535,40598981.0,0.0571,-27.36,200128,267506,338413,0.014
3642,BRC,Industrials,Security & Protection Services,NYSE,85.98,38,35,72,62,76.44,4175606448.3008575,47112790.0,0.0211,-23.01,458698,395649,339151,0.138
3643,NTRSO,Financial Services,Asset Management,NASDAQ,85.97,38,42,48,39,18.56,,,1.56,-12.24,60632,39800,37556,0.139
3644,YORW,Utilities,Utilities - Regulated Water,NASDAQ,85.96,38,32,44,58,30.26,490818796.0500698,16209339.0,0.0318,-11.78,98936,124158,145015,0.088
3645,BPRE,Financial Services,Asset Management,NYSE,85.95,38,57,77,42,14.69,,,0.67,-19.57,796483,635757,568052,
3646,EVLV,Industrials,Security & Protection Services,NASDAQ,85.94,38,72,41,86,6.05,1063040005.653801,179871410.0,0.047199998,-32.1,2392891,3158043,2823340,0.447
3647,FCNCP,Financial Services,Banks - Regional,NASDAQ,85.92,38,48,54,36,19.99,,,1.24,-12.82,11918,10226,15543,0.049
3648,PRCH,Financial Services,Insurance - Property & Casualty,NASDAQ,85.9,38,62,24,51,9.53,1013074305.2404213,109403270.0,0.22700001,-50.97,1260890,2049473,1831908,0.156
3649,MAZE,Healthcare,Biotechnology,NASDAQ,85.9,38,79,98,97,23.93,1343229509.80505,55345261.0,0.0804,-55.4,449885,495221,696935,
3650,PFL,Financial Services,Asset Management,NYSE,85.89,38,46,51,58,7.65,380438130.8426676,49730474.0,1.33,-12.07,178741,187747,180174,-0.097
3651,AIMD,Technology,Scientific & Technical Instruments,NASDAQ,85.88,38,16,11,18,2.04,14360857.251168728,7364542.0,0.0064999997,-54.67,325237,704062,433715,-0.998
3652,SNPS,Technology,Software - Infrastructure,NASDAQ,85.86,38,63,34,42,465.27,89009165394.94705,191479325.0,0.027,-28.61,2468604,1844971,1792224,0.419
3653,EPRT,Real Estate,REIT - Retail,NYSE,85.86,38,48,67,44,30.36,6545765156.839542,216245955.0,0.1014,-12.58,2163933,1756674,2054180,0.228
3654,CRAQU,Financial Services,Shell Companies,NASDAQ,85.84,37,42,71,54,10.41,,,,-9.48,20,6,14,
3655,COHN,Financial Services,Capital Markets,NYSE ARCA,85.83,37,70,93,96,11.25,28797213.520417213,2510655.0,0.0073,-65.49,16302,32757,31896,1.073
3656,VICI,Real Estate,REIT - Diversified,NYSE,85.83,37,37,42,30,28.02,29999096667.03447,1076780187.0,0.031,-17.61,8194640,8313473,7752022,0.035
3657,MIN,Financial Services,Asset Management,NYSE,85.83,37,38,49,51,2.43,277667707.2315874,113798238.0,0.91,-10.99,167320,210606,233952,-0.023
3658,AMTD,Financial Services,Asset Management,NYSE,85.82,37,50,47,39,1.03,96808207.36973524,94910009.0,0.0007,-37.58,16375,18291,14081,-0.826
3659,AN,Consumer Cyclical,Auto & Truck Dealerships,NYSE,85.81,37,47,37,62,195.0,6281391882.2465515,33461495.0,0.097600006,-14.82,363902,402370,376998,-0.021
3660,VVR,Financial Services,Asset Management,NYSE,85.79,37,35,37,32,3.02,463314335.82205653,153925029.0,0.0015,-21.15,958295,970181,882925,-0.188
3661,KIDS,Healthcare,Medical Devices,NASDAQ,85.79,37,33,30,25,18.49,470549082.2415619,25684994.0,0.0547,-21.98,124553,168877,162740,0.133
3662,INSG,Technology,Communication Equipment,NASDAQ,85.79,37,90,74,73,10.45,185879995.1818142,16276707.0,0.1269,-52.28,607315,446245,314807,0.084
3663,CNTN,Healthcare,Biotechnology,NASDAQ,85.78,37,82,96,79,2.68,160551220.67144394,69804880.0,0.0469,-70.48,1027177,681629,660225,
3664,METC,Basic Materials,Coking Coal,NASDAQ,85.77,37,34,64,60,14.8,1019986581.0877628,65174863.0,0.4756,-74.39,1527476,1482572,1558641,-0.097
3665,CNNE,Consumer Cyclical,Restaurants,NYSE,85.74,37,25,16,25,14.22,634500888.2018299,43940506.0,0.11270001,-35.25,435196,471648,502383,-0.068
3666,FNWD,Financial Services,Banks - Regional,NASDAQ,85.72,37,35,73,82,33.13,140550854.69579315,4329971.0,0.040599998,-17.15,9453,9367,7802,0.155
3667,UNB,Financial Services,Banks - Regional,NASDAQ,85.71,37,33,40,24,23.48,107322850.5760727,4614052.0,0.0225,-20.38,7908,17426,12567,0.131
3668,HII,Industrials,Aerospace & Defense,NYSE,85.7,37,53,92,88,297.52,11546956994.86435,39404029.0,0.026300002,-35.32,567568,576946,513719,0.134
3669,PRVA,Healthcare,Health Information Services,NASDAQ,85.7,37,46,36,63,22.17,2725647543.866207,126012374.0,0.0402,-16.37,938321,1059230,940506,0.258
3670,MXC,Energy,Oil & Gas E&P,NYSE ARCA,85.7,37,57,85,39,8.79,18242136.749267578,2046000.0,0.005,-46.66,12943,11471,14498,-0.268
3671,SCHW,Financial Services,Capital Markets,NYSE,85.69,37,32,61,65,88.77,154504792072.97556,1739135507.0,0.0,-17.42,13529061,10948087,11378738,0.158
3672,TOP,Financial Services,Capital Markets,NASDAQ,85.68,37,13,27,21,1.08,37112443.0,37112443.0,0.031,-67.57,126932,111250,91530,0.557
3673,KULR,Technology,Electronic Components,NYSE ARCA,85.67,37,26,9,8,3.7,176239796.0031438,46257165.0,0.2308,-64.96,3209400,2933756,2340950,0.979
3674,MBUU,Consumer Cyclical,Recreational Vehicles,NASDAQ,85.67,37,40,28,26,28.02,518221500.00450134,19637041.0,0.0629,-29.33,307023,345027,373596,0.031
3675,IRIX,Healthcare,Medical Devices,NASDAQ,85.64,37,24,83,22,1.12,18973105.20100522,17406518.0,0.0026,-32.12,83303,69324,307880,-0.008
3676,VSNT,Communication Services,Entertainment,NASDAQ,85.63,37,64,28,42,40.65,5686805028.532047,141498015.0,0.0321,-31.1,1550189,1820389,1911481,-0.011
3677,MTG,Financial Services,Insurance - Specialty,NYSE,85.56,37,37,44,68,25.55,5395116785.086281,211490268.0,0.0525,-14.75,1813059,2082383,1904889,-0.03
3678,INMD,Healthcare,Medical Devices,NASDAQ,85.56,37,35,34,30,13.56,823350472.6803303,60808750.0,0.0543,-19.0,666242,897857,827466,0.053
3679,GEG,Financial Services,Asset Management,NASDAQ,85.56,37,51,30,72,2.24,71493977.3428688,31357008.0,0.0373,-36.18,14967,8959,9001,0.065
3680,TIPT,Financial Services,Insurance - Specialty,NASDAQ,85.55,37,29,24,21,17.83,663863228.1163692,37570075.0,0.020299999,-34.95,328056,315235,271931,
3681,BRNS,Healthcare,Biotechnology,NASDAQ,85.51,37,20,20,18,0.72,26633478.64504367,40848893.0,0.00059999997,-75.34,260096,102018,68361,
3682,DEC,Energy,Oil & Gas Integrated,NYSE,85.48,37,72,68,41,13.73,999510347.1486282,72323471.0,0.033299997,-27.35,992148,761529,811817,0.66
3683,GFI,Basic Materials,Gold,NYSE,85.47,37,79,90,94,35.49,32753605979.45793,894418540.0,0.0052,-42.42,3633699,3186436,3112545,0.714
3684,ACGLN,Financial Services,Insurance - Diversified,NASDAQ,85.46,37,48,52,39,16.19,,,1.54,-11.72,41577,35399,37545,-0.033
3685,NTES,Communication Services,Electronic Gaming & Multimedia,NASDAQ,85.4,37,35,36,68,120.73,76552686386.95929,640715469.0,0.0081,-24.33,894896,1053068,873087,0.061
3686,AEM,Basic Materials,Gold,NYSE,85.4,37,76,91,88,159.93,81835932378.60739,500036237.0,0.0101,-37.34,2602282,2362150,2263252,0.661
3687,IPM,Technology,Software - Application,NASDAQ,85.39,37,52,55,25,1.81,24116098.960796,13035729.0,0.015,-37.15,30416,36395,38419,0.152
3688,VRTS,Financial Services,Asset Management,NYSE,85.39,37,32,21,28,145.19,979398670.4813232,6682122.0,0.0805,-32.49,120024,108441,110008,-0.084
3689,LCTX,Healthcare,Biotechnology,NYSE ARCA,85.38,37,78,93,97,1.22,296664985.31496286,249298295.0,0.1741,-41.63,983045,1314098,1182445,0.148
3690,BOOT,Consumer Cyclical,Apparel Retail,NYSE,85.37,37,31,56,86,170.81,5086236660.026276,30347473.0,0.1144,-18.76,667420,767860,759406,0.187
3691,AMRZ,Basic Materials,Building Materials,NYSE,85.36,37,38,55,60,52.69,29658492523.775803,553536609.0,0.0146,-20.09,4287542,3351137,2975756,0.047
3692,BV,Industrials,Specialty Business Services,NYSE,85.35,37,32,31,29,12.62,1148223971.5576172,93200000.0,0.3443,-26.22,560062,655364,570848,0.061
3693,FWONK,Communication Services,Entertainment,NASDAQ,85.35,37,42,34,39,87.97,21973108553.918793,250605708.0,0.0376,-19.56,1670966,1967522,1937323,0.183
3694,DRVN,Consumer Cyclical,Auto & Truck Dealerships,NASDAQ,85.34,37,21,14,27,13.21,2144128233.0,164932941.0,0.1838,-33.08,953273,1739641,1596198,0.041
3695,CBRE,Real Estate,Real Estate Services,NYSE,85.33,37,35,36,64,136.1,38338472543.81732,292816579.0,0.0137,-21.9,3170449,2536126,2297373,0.186
3696,AVTR,Healthcare,Medical Instruments & Supplies,NYSE,85.31,37,13,14,18,9.91,6254039378.139793,682755402.0,0.0687,-37.79,11840356,10742428,9804689,0.0
3697,TNET,Industrials,Staffing & Employment Services,NYSE,85.31,37,15,10,20,47.82,2142858121.4776154,45944643.0,0.0585,-42.72,441402,442054,430324,-0.049
3698,BCRX,Healthcare,Drug Manufacturers - Specialty & Generic,NASDAQ,85.3,37,67,53,34,8.33,2137507931.8178558,254162660.0,0.14310001,-25.82,3883018,4553859,4439499,0.075
3699,AGYS,Technology,Software - Application,NASDAQ,85.29,37,16,16,73,90.14,2493309904.526497,28166629.0,0.048499998,-37.94,342642,421147,362770,0.117
3700,NMIH,Financial Services,Insurance - Specialty,NASDAQ,85.28,37,36,42,57,36.65,2776772558.088047,75971891.0,0.028199999,-15.16,636158,613882,515129,0.059
3701,EPM,Energy,Oil & Gas E&P,NYSE ARCA,85.27,37,70,63,18,4.29,157614207.41619587,35821410.0,0.043899998,-24.74,301173,339714,365172,-0.106
3702,AENT,Communication Services,Entertainment,NASDAQ,85.27,37,83,87,90,5.5,283928697.8503752,50974630.0,0.1122,-37.5,21859,29016,23547,0.212
3703,CCK,Consumer Cyclical,Packaging & Containers,NYSE,85.24,37,37,70,62,95.67,10434898788.53875,111746617.0,0.0476,-17.96,1046586,1180588,1141969,0.129
3704,BLRX,Healthcare,Biotechnology,NASDAQ,85.21,37,31,21,17,3.21,14533097.615819454,4499411.0,0.0321,-51.29,44084,87328,57758,0.871
3705,SIBN,Healthcare,Medical Devices,NASDAQ,85.21,37,16,23,78,15.53,670561153.8846273,44349283.0,0.15010001,-29.05,494662,754947,717756,0.112
3706,GO,Consumer Defensive,Grocery Stores,NASDAQ,85.21,37,11,9,13,8.87,846778113.8296051,98922672.0,0.3789,-54.3,2415968,3273036,3177431,0.036
3707,MHK,Consumer Cyclical,"Furnishings, Fixtures & Appliances",NYSE,85.19,37,23,34,32,106.89,6269640531.902847,60953145.0,0.14649999,-25.32,561973,862517,886174,0.08
3708,GRNT,Energy,Oil & Gas E&P,NYSE,85.16,37,57,48,28,4.82,634419704.3528509,131895990.0,0.0764,-28.27,1066439,971823,977489,0.05
3709,ACGLO,Financial Services,Insurance - Diversified,NASDAQ,85.15,37,45,48,42,19.41,,,1.65,-12.57,22865,19101,23961,-0.033
3710,SFWL,Industrials,Integrated Freight & Logistics,NASDAQ,85.14,37,28,44,16,0.94,70947863.2201364,82497514.0,0.001,-27.13,8297,10499,12561,0.116
3711,AMBO,Consumer Defensive,Education & Training Services,NYSE ARCA,85.13,37,16,9,83,2.38,6550137.270887375,2860322.0,0.0704,-64.74,30343,364864,222910,0.21
3712,NTGR,Technology,Communication Equipment,NASDAQ,85.1,36,59,27,27,24.15,646573267.3654442,26839903.0,0.109,-34.48,447222,435857,447190,-0.02
3713,RTACU,Financial Services,Shell Companies,NASDAQ,85.1,36,34,39,33,10.75,,,0.0,-24.56,20884,8644,11324,
3714,MLM,Basic Materials,Building Materials,NYSE,85.09,36,33,55,69,572.25,34576231623.17505,60045900.0,0.031600002,-19.51,566346,557992,492429,0.172
3715,BYSI,Healthcare,Biotechnology,NASDAQ,85.07,36,28,26,48,1.72,70314893.76859665,41119820.0,0.064,-50.0,28521,21903,17336,
3716,ARX,Financial Services,Insurance Brokers,NYSE,85.04,36,27,11,15,14.04,3270838036.6576767,218201340.0,0.0696,-54.97,1197943,1346587,1324852,0.597
3717,TDG,Industrials,Aerospace & Defense,NYSE,85.04,36,31,39,50,1257.24,69287166059.1936,55933583.0,0.0233,-22.58,365380,389680,396656,0.183
3718,GSBD,Financial Services,Asset Management,NYSE,85.03,36,36,37,31,9.0,997361894.9724779,112569067.0,0.060500003,-25.17,911507,1285159,1315503,-0.187
3719,DC,Basic Materials,Gold,NYSE ARCA,85.03,36,86,82,92,4.89,670979796.6237087,133928097.0,0.0435,-32.55,1244469,1112253,1197789,
3720,SBSW,Basic Materials,Other Precious Metals & Mining,NYSE,85.02,36,86,93,97,9.59,7320507687.176835,723370333.0,0.0164,-54.96,5003091,4734250,4792208,0.316
3721,PACB,Healthcare,Medical Devices,NASDAQ,85.0,36,30,37,90,1.37,450372462.4106426,310601688.0,0.2218,-49.82,6521362,6177094,6377350,0.001
3722,ARE,Real Estate,REIT - Office,NYSE,84.99,36,18,25,9,52.95,8936538721.668701,174269480.0,0.0579,-39.99,2429459,2344389,2378827,-0.115
3723,ROAD,Industrials,Engineering & Construction,NASDAQ,84.98,36,71,73,63,109.43,6251046405.686966,56534742.0,0.053400002,-27.53,566589,583306,541043,0.346
3724,RGLD,Basic Materials,Gold,NASDAQ,84.98,36,71,87,81,204.79,17488461295.721558,84866602.0,0.033099998,-33.13,626509,706896,761755,1.43
3725,DGICA,Financial Services,Insurance - Property & Casualty,NASDAQ,84.98,36,33,34,69,17.11,638735147.2400188,37049603.0,0.0355,-18.76,124895,125228,113133,-0.037
3726,OSTX,Healthcare,Biotechnology,NYSE ARCA,84.97,36,62,26,18,1.74,79277827.40575457,44538106.0,0.0319,-32.3,910370,765466,776122,
3727,STWD,Real Estate,REIT - Mortgage,NYSE,84.96,36,37,41,37,17.16,6321262835.641289,370748570.0,0.044,-18.48,3357724,3129874,2938756,0.218
3728,SMTI,Healthcare,Medical Instruments & Supplies,NASDAQ,84.95,36,17,18,17,22.72,205639469.25408745,9163969.0,0.0506,-36.8,41347,45935,44665,0.186
3729,ZUMZ,Consumer Cyclical,Apparel Retail,NASDAQ,84.95,36,79,78,93,19.1,293407808.5520172,16872215.0,0.1028,-39.75,301631,172177,148672,0.049
3730,CNSP,Healthcare,Biotechnology,NASDAQ,84.95,36,69,3,7,4.59,7307245.0,1461449.0,0.0211,-64.25,29424,2934994,1771366,
3731,MSI,Technology,Communication Equipment,NYSE,84.94,36,33,76,21,414.07,68114626509.98602,165995582.0,0.023599999,-15.88,1052585,1226085,1060835,0.074
3732,EBS,Healthcare,Drug Manufacturers - Specialty & Generic,NYSE,84.88,36,51,51,93,7.95,416382092.97406006,51596296.0,0.1891,-43.46,851351,803203,733090,-0.297
3733,REFI,Real Estate,REIT - Mortgage,NASDAQ,84.86,36,36,40,35,11.36,239217526.17705917,21207228.0,0.047399998,-22.3,106111,138920,146444,-0.342
3734,BAX,Healthcare,Medical Instruments & Supplies,NYSE,84.86,36,19,20,15,20.03,10009168941.60196,516469008.0,0.1233,-37.48,6552559,7698209,7243263,0.029
3735,GNSS,Technology,Scientific & Technical Instruments,NASDAQ,84.83,36,53,35,38,1.87,85618976.70283878,45542009.0,0.01,-30.74,153788,152266,130641,1.237
3736,RBRK,Technology,Software - Infrastructure,NYSE,84.83,36,31,18,57,71.74,15108500814.45813,205809836.0,0.1,-28.08,5889793,3975247,3788542,0.39
3737,HCI,Financial Services,Insurance - Property & Casualty,NYSE,84.81,36,29,52,80,157.62,2003819505.3028564,12764808.0,0.0304,-25.12,159614,173878,192888,0.122
3738,RERE,Consumer Cyclical,Internet Retail,NYSE,84.81,36,72,89,90,4.08,899252911.4061909,221490868.0,0.0235,-36.94,1165127,1184255,1030609,0.324
3739,LGCY,Consumer Defensive,Education & Training Services,NYSE ARCA,84.8,36,76,89,58,11.17,139931545.58900642,12652038.0,0.0047,-24.01,53310,70673,60168,0.15
3740,SKWD,Financial Services,Insurance - Property & Casualty,NASDAQ,84.78,36,33,35,37,46.76,1863359230.2817154,40543065.0,0.034,-26.04,370777,399119,391881,0.448
3741,KRMD,Healthcare,Medical Instruments & Supplies,NASDAQ,84.75,36,42,68,91,4.0,180516693.06635857,45933000.0,0.0168,-39.47,89904,121584,128636,0.221
3742,RNW,Utilities,Utilities - Renewable,NASDAQ,84.75,36,28,21,19,6.14,2199753598.8269634,364197618.0,0.0468,-25.49,1513824,1254201,1047008,0.095
3743,FMS,Healthcare,Medical Care Facilities,NYSE,84.75,36,27,38,34,22.35,11832957966.617393,537129260.0,1.44,-23.12,1052603,929747,761224,-0.055
3744,VINP,Financial Services,Asset Management,NASDAQ,84.74,36,40,43,84,9.68,629614753.3666515,65516626.0,0.0085,-28.88,55975,74458,93711,0.171
3745,ATS,Industrials,Specialty Industrial Machinery,NYSE,84.73,36,72,46,31,27.54,2611432000.841057,97007132.0,13.51,-23.12,282025,189191,163983,0.301
3746,SFBC,Financial Services,Banks - Regional,NASDAQ,84.72,36,31,33,31,42.3,100698926.01589966,2378902.0,0.0368,-16.22,6560,5550,5844,0.049
3747,BAM,Financial Services,Asset Management,NYSE,84.7,36,29,28,39,47.15,73739598055.60056,1596786435.0,0.056900002,-26.44,3116489,3184166,3390525,0.238
3748,FSM,Basic Materials,Gold,NYSE,84.67,36,82,86,88,8.59,2632699565.9040213,302957387.0,3.16,-37.98,5125202,5420980,5737184,0.756
3749,AVAH,Healthcare,Medical Care Facilities,NASDAQ,84.67,36,31,52,89,6.87,1454604718.659842,217755203.0,0.0452,-33.43,1832051,1734703,1507482,0.159
3750,HNNA,Financial Services,Asset Management,NASDAQ,84.63,36,46,40,23,9.82,77285411.20983315,7902394.0,0.0011999999,-25.55,8592,8300,9684,-0.123
3751,GRNQ,Industrials,Consulting Services,NASDAQ,84.61,36,61,88,87,1.51,27634969.643239975,18062072.0,0.0004,-52.52,11669,11286,19591,0.149
3752,CCEL,Healthcare,Medical Care Facilities,NYSE ARCA,84.59,36,24,15,15,3.67,28193025.0,8055150.0,0.0019,-42.2,8080,8586,9270,-0.036
3753,IE,Basic Materials,Copper,NYSE ARCA,84.54,36,80,85,94,10.78,1818770367.3399296,158291593.0,0.0639,-49.98,1999828,1962306,1966313,0.167
3754,REGN,Healthcare,Biotechnology,NASDAQ,84.51,36,65,76,79,616.18,66619964164.17334,104839032.0,0.027999999,-24.96,1270165,1110935,933143,0.19
3755,PCRX,Healthcare,Drug Manufacturers - Specialty & Generic,NASDAQ,84.5,36,40,38,67,23.21,895165271.0,39347924.0,0.2567,-16.03,383497,556225,533483,0.05
3756,FITBO,Financial Services,Banks - Regional,NASDAQ,84.49,36,36,45,32,18.32,,,1.73,-14.39,22343,20604,18646,0.33
3757,MTNB,Healthcare,Biotechnology,NYSE ARCA,84.49,36,18,24,25,0.8,5054484.537100375,6406191.0,0.0001,-74.11,80688,270499,175633,
3758,HHH,Real Estate,Real Estate - Development,NYSE,84.48,36,23,27,62,67.68,3883349317.806175,59624589.0,0.0925,-25.68,450745,472918,443235,0.184
3759,ARL,Real Estate,Real Estate Services,NYSE,84.48,36,29,52,57,15.0,223059720.60766697,16152043.0,0.0221,-25.0,8940,7070,5186,0.042
3760,UEC,Energy,Uranium,NYSE ARCA,84.47,36,89,91,90,10.65,6201292717.945612,490220783.0,0.1379,-47.64,11298602,9947324,9265502,-0.594
3761,CSR,Real Estate,REIT - Residential,NYSE,84.47,36,67,53,61,57.87,995754522.276474,16803148.0,0.061,-16.87,199738,135596,136407,-0.03
3762,MCO,Financial Services,Financial Data & Stock Exchanges,NYSE,84.45,36,38,35,44,449.94,78840211357.44037,174676438.0,0.026099999,-17.73,988858,1013109,1014879,0.081
3763,GLAD,Financial Services,Asset Management,NASDAQ,84.45,36,34,23,25,19.13,433561006.1760006,22593069.0,0.0346,-35.15,149093,166011,189232,0.205
3764,PYXS,Healthcare,Biotechnology,NASDAQ,84.41,36,94,30,98,1.7,112772756.14738512,63355482.0,0.0387,-69.37,399977,616052,523949,
3765,FCNCO,Financial Services,Banks - Regional,NASDAQ,84.39,36,40,59,38,20.46,,,0.91,-14.43,15945,14941,13615,0.049
3766,MESO,Healthcare,Biotechnology,NASDAQ,84.38,36,38,43,86,14.28,1803491603.6413097,129282554.0,0.0312,-33.58,191816,166242,196157,15.268
3767,UPBD,Technology,Software - Application,NASDAQ,84.36,36,30,32,14,18.88,1065026400.7047501,58293726.0,0.1066,-32.64,803957,825235,815619,0.037
3768,MSLE,Healthcare,Biotechnology,NASDAQ,84.35,36,51,86,34,6.38,117071285.4160595,20831190.0,2.07,-52.37,36237,35409,47567,
3769,AGI,Basic Materials,Gold,NYSE,84.35,36,81,89,87,35.0,14917171590.964909,419965411.0,2.42,-36.83,3586893,3377521,3156788,0.792
3770,LOAN,Real Estate,REIT - Mortgage,NASDAQ,84.33,36,32,33,32,4.32,48460445.62402916,11429351.0,0.001,-26.15,17441,24020,28560,-0.065
3771,SLDP,Consumer Cyclical,Auto Parts,NASDAQ,84.32,36,56,86,98,2.8,661452067.3536701,224983692.0,0.103,-68.4,6297824,6929811,7071328,-0.589
3772,TXRH,Consumer Cyclical,Restaurants,NASDAQ,84.31,35,53,48,38,164.0,11204270614.199905,65729615.0,0.0563,-16.75,1129703,1274631,1179824,0.128
3773,BOLT,Healthcare,Biotechnology,NASDAQ,84.31,35,26,14,22,4.62,8762345.410047054,1921567.0,0.0063,-37.14,16423,23207,25816,-0.979
3774,MAGN,Consumer Defensive,Household & Personal Products,NYSE,84.27,35,29,23,55,11.7,399432009.5062256,35600000.0,0.089899994,-24.61,325113,393664,387040,-0.034
3775,PSBD,Financial Services,Asset Management,NYSE,84.23,35,34,28,29,10.74,335482366.6098461,31120814.0,0.0135,-28.28,142320,128806,113500,
3776,ISD,Financial Services,Asset Management,NYSE,84.23,35,37,44,59,12.84,428137440.1678963,33344037.0,0.36,-13.18,114026,93635,93445,
3777,AIOT,Technology,Software - Infrastructure,NASDAQ,84.23,35,15,12,34,3.91,515125532.16604686,134147277.0,0.103999995,-33.5,1986211,1547147,1537302,0.066
3778,USAU,Basic Materials,Gold,NASDAQ,84.22,35,75,80,90,14.77,227056006.65681648,16501163.0,0.0837,-37.81,245988,202832,230825,
3779,ASLE,Industrials,Airports & Air Services,NASDAQ,84.2,35,32,31,38,6.34,301000515.3223429,47252829.0,0.0323,-30.48,326478,337412,295751,0.074
3780,PTY,Financial Services,Asset Management,NYSE,84.19,35,35,39,35,11.81,2511985797.314684,211981917.0,0.22,-19.61,948358,1002926,1060617,0.072
3781,REXR,Real Estate,REIT - Industrial,NYSE,84.17,35,38,32,55,34.99,7690216245.446297,225718119.0,0.0618,-21.16,2134649,1888013,2189947,-0.029
3782,VEON,Communication Services,Telecom Services,NASDAQ,84.14,35,39,61,72,49.27,3559006369.4539413,69241367.0,0.0046,-23.02,82046,101512,97213,0.171
3783,SEVN,Real Estate,REIT - Mortgage,NASDAQ,84.13,35,30,28,22,8.52,192292620.4418316,22596077.0,0.0191,-33.75,111139,91386,105671,-0.001
3784,OR,Basic Materials,Gold,NYSE,84.13,35,73,88,85,33.04,6350484713.412811,187495864.0,2.68,-31.25,796627,800315,884033,0.873
3785,TKC,Communication Services,Telecom Services,NYSE,84.12,35,60,50,39,5.7,5023229400.335061,870577022.0,0.0029,-20.61,2137147,1391522,1269493,0.089
3786,SNN,Healthcare,Medical Devices,NYSE,84.1,35,28,58,59,31.32,12984585486.157608,424194225.0,0.0076,-19.26,1282602,1323610,1190058,0.074
3787,KREF,Real Estate,REIT - Mortgage,NYSE,84.1,35,26,20,30,7.13,444958890.5457325,64300417.0,0.0986,-28.58,1263105,1222898,1283973,
3788,GTIM,Consumer Cyclical,Restaurants,NASDAQ,84.08,35,28,21,13,1.29,13725264.296560287,10557896.0,0.007900001,-38.28,20675,22725,28253,-0.031
3789,UI,Technology,Communication Equipment,NYSE,84.07,35,80,93,84,563.78,34335995517.362976,60522085.0,0.1024,-48.75,128806,139928,125557,0.187
3790,WEX,Technology,Software - Infrastructure,NYSE,84.06,35,31,59,33,148.32,5138165706.787308,34668143.0,0.073699996,-20.63,474581,543533,566110,0.058
3791,LGVN,Healthcare,Biotechnology,NASDAQ,84.06,35,72,72,7,0.77,23066505.562683105,31597952.0,0.080299996,-57.22,222863,361421,560734,0.045
3792,BAER,Industrials,Security & Protection Services,NASDAQ,84.04,35,32,71,30,1.87,108935140.66548693,57637641.0,0.027999999,-45.64,950762,845977,703336,-0.456
3793,VEL,Financial Services,Mortgage Finance,NYSE,84.03,35,31,35,54,17.47,685397170.3207169,39255281.0,0.2167,-18.35,78759,80329,83307,1.321
3794,BIPC,Utilities,Utilities - Regulated Gas,NYSE,84.0,35,29,74,72,41.19,5080744663.981979,122990668.0,6.16,-20.36,976509,1348729,1143195,-0.048
3795,GENK,Consumer Cyclical,Restaurants,NASDAQ,83.99,35,28,8,8,2.07,10300431.129767418,5364808.0,0.102,-58.52,26432,37070,36988,-0.06
3796,HBANM,Financial Services,Banks - Regional,NASDAQ,83.98,35,47,58,39,20.68,,,1.13,-13.98,24077,14702,13457,0.336
3797,EXFY,Technology,Software - Application,NASDAQ,83.95,35,10,5,11,1.19,110903834.55073607,96438119.0,0.052600004,-54.92,1131469,829519,743391,-0.058
3798,AMP,Financial Services,Asset Management,NYSE,83.93,35,34,34,40,449.19,40872608540.652954,89897084.0,0.0544,-18.36,687918,606012,644113,0.09
3799,CDW,Technology,Information Technology Services,NASDAQ,83.92,35,13,20,25,133.33,16996318263.320297,127753451.0,0.0795,-27.5,2429461,2374630,2005786,0.092
3800,SPRY,Healthcare,Biotechnology,NASDAQ,83.91,35,19,20,33,9.41,850035964.389307,99303262.0,0.3765,-50.21,1535273,1737654,1666936,1.845
3801,IDXX,Healthcare,Diagnostics & Research,NASDAQ,83.91,35,25,49,85,578.89,44344863475.08014,78882997.0,0.0293,-24.82,669154,643651,600016,0.143
3802,CHMI,Real Estate,REIT - Mortgage,NYSE,83.88,35,54,50,38,2.37,86337910.79624462,36739538.0,0.0001,-22.04,258937,214242,191159,
3803,RANI,Healthcare,Biotechnology,NASDAQ,83.86,35,67,91,96,0.81,93282994.28430367,112389152.0,0.082200006,-79.07,1036584,1033998,1089564,8.93
3804,SACH,Real Estate,REIT - Mortgage,NYSE ARCA,83.86,35,66,44,42,1.0,48914759.02531862,47955647.0,0.0031,-31.03,311108,793489,524645,
3805,RWT,Real Estate,REIT - Mortgage,NYSE,83.86,35,48,63,39,5.19,667399868.6567974,125215737.0,0.0002,-25.54,1008891,1075200,1159518,-0.134
3806,ACIC,Financial Services,Insurance - Property & Casualty,NASDAQ,83.84,35,33,55,65,10.26,498210390.21870327,48464047.0,0.0399,-21.44,316409,287656,235103,-0.014
3807,EOSE,Industrials,Electrical Equipment & Parts,NASDAQ,83.82,35,31,29,98,6.26,2403759285.2571354,339514027.0,0.31309998,-68.48,21808892,27993590,27622382,4.447
3808,GOF,Financial Services,Asset Management,NYSE,83.81,35,33,33,26,11.04,2334594799.7328186,212043120.0,0.63,-27.37,1261561,1343967,1272530,
3809,IMMR,Technology,Software - Application,NASDAQ,83.79,35,37,32,29,6.38,210849875.4519539,33100452.0,0.124,-21.72,605475,545348,593017,0.1
3810,TRIP,Consumer Cyclical,Travel Services,NASDAQ,83.79,35,12,13,38,11.95,1380043424.390563,116361169.0,0.3254,-40.72,3944320,3655203,3643682,-0.04
3811,RMCF,Consumer Defensive,Confectioners,NASDAQ,83.77,35,83,92,36,1.6,15790027.187011957,9398826.0,0.004,-46.49,48445,52521,39799,-0.241
3812,GNLX,Healthcare,Biotechnology,NASDAQ,83.76,35,35,19,78,2.98,131382421.87342072,44840416.0,0.068,-65.08,161368,161529,183799,
3813,ETOR,Financial Services,Capital Markets,NASDAQ,83.76,35,55,15,17,38.17,3040320614.2953873,79527090.0,0.056900002,-52.26,911527,1177642,1192175,-0.356
3814,MDRR,Real Estate,Real Estate Services,NASDAQ,83.75,35,38,36,60,11.35,19216300.310611725,1628500.0,0.0106,-21.83,2033,1374,1360,-0.07
3815,ZBH,Healthcare,Medical Devices,NYSE,83.71,35,25,42,30,89.63,16895078907.300385,193462482.0,0.0622,-17.23,2111767,2618222,2345367,0.093
3816,PXED,Consumer Defensive,Education & Training Services,NYSE,83.7,35,32,23,23,30.69,1086146929.6778393,35810977.0,0.0392,-34.81,84014,86554,108580,-0.004
3817,FOA,Financial Services,Credit Services,NYSE,83.68,35,27,19,41,19.54,175167993.98388672,8891776.0,0.1361,-33.94,39067,54299,62191,-0.275
3818,PAC,Industrials,Airports & Air Services,NYSE,83.68,35,44,44,75,226.18,13614016597.585144,59501820.0,0.0092,-24.71,105192,106944,135422,0.028
3819,EQH,Financial Services,Asset Management,NYSE,83.67,35,26,21,34,41.93,11485990897.21775,281519390.0,0.0001,-25.93,5695801,4540073,4452324,-0.076
3820,AIG,Financial Services,Insurance - Diversified,NYSE,83.66,35,40,40,64,73.92,40025266490.647316,530206221.0,0.0184,-15.32,3899931,4477570,4069306,0.014
3821,OTLK,Healthcare,Biotechnology,NASDAQ,83.65,35,3,2,92,0.7,115452192.95088905,148587119.0,0.0752,-79.35,33661016,26130825,17700879,
3822,MHH,Industrials,Staffing & Employment Services,NYSE ARCA,83.64,35,43,29,20,6.35,77388297.41152763,11998186.0,0.0066000004,-24.13,16219,21103,18383,-0.15
3823,BLW,Financial Services,Asset Management,NYSE,83.59,35,36,47,48,12.27,479174752.9457092,39084400.0,0.0001,-14.2,164034,138014,147744,-0.069
3824,NCDL,Financial Services,Asset Management,NYSE,83.59,35,36,36,37,12.88,630672842.6576042,49387065.0,0.0126,-25.42,198056,203085,211009,
3825,HBANP,Financial Services,Banks - Regional,NASDAQ,83.58,35,40,53,38,16.11,,,0.33,-14.76,51542,40527,42420,0.336
3826,PFLT,Financial Services,Asset Management,NYSE,83.56,35,38,31,36,8.07,802672793.7794495,99217896.0,0.045,-25.83,1068770,1118386,1081874,0.065
3827,ESLA,Healthcare,Biotechnology,NASDAQ,83.55,35,39,51,93,1.15,49059019.30439043,43034228.0,0.0056,-63.49,48284,37298,90832,
3828,ACIW,Technology,Software - Infrastructure,NASDAQ,83.53,35,33,27,32,42.64,4351115118.438377,101661570.0,0.0678,-21.44,825765,744488,748043,0.079
3829,CELZ,Healthcare,Biotechnology,NASDAQ,83.52,35,34,21,17,2.18,7615135.86847496,3696668.0,0.0367,-65.12,56914,55754,66440,
3830,AKTX,Healthcare,Biotechnology,NASDAQ,83.5,35,3,5,5,15.0,17248940.810699463,1144588.0,0.206,-71.15,337004,1557781,961932,
3831,BNR,Healthcare,Diagnostics & Research,NASDAQ,83.42,34,96,97,98,8.18,97131819.43231106,10546343.0,0.0064999997,-80.39,29085,20488,24061,0.002
3832,FNF,Financial Services,Insurance - Specialty,NYSE,83.4,34,27,30,44,47.69,12758067806.701813,269157540.0,0.0279,-19.46,1316750,1514693,1623160,0.167
3833,ASPI,Basic Materials,Chemicals,NASDAQ,83.4,34,30,29,33,6.4,844812134.1728354,125903447.0,0.2044,-55.83,7293610,5506246,5001978,2.793
3834,EHC,Healthcare,Medical Care Facilities,NYSE,83.4,34,32,37,37,104.19,10317696522.712097,99199080.0,0.0387,-18.6,755756,923988,932347,0.09
3835,KNF,Basic Materials,Building Materials,NYSE,83.39,34,52,42,29,76.29,4208866094.6388245,56753855.0,0.0675,-19.94,468926,533792,512611,0.16
3836,EVER,Communication Services,Internet Content & Information,NASDAQ,83.38,34,37,14,73,19.39,683411720.1649323,35373278.0,0.21270001,-32.51,755094,1104888,922478,0.145
3837,CIK,Financial Services,Asset Management,NYSE ARCA,83.35,34,33,41,45,2.48,134954517.2327261,54859559.0,0.0014,-18.42,773195,809475,674089,0.009
3838,OMAB,Industrials,Airports & Air Services,NASDAQ,83.35,34,40,65,77,96.7,4682787080.898361,48271178.0,0.0091,-28.37,78708,73019,86019,0.069
3839,EMBJ,Industrials,Aerospace & Defense,NYSE,83.33,34,38,45,82,56.3,10086672814.108543,177958235.0,0.0147,-30.28,1362699,1766849,1662663,0.184
3840,BXSL,Financial Services,Asset Management,NYSE,83.32,34,30,30,40,23.96,5483607639.710243,232652003.0,0.0579,-26.97,1413670,2067210,2318912,-0.09
3841,TNDM,Healthcare,Medical Devices,NASDAQ,83.29,34,29,78,82,17.61,1325352591.7167091,68529089.0,0.21219999,-40.61,2947572,2917027,2365328,0.055
3842,AII,Financial Services,Insurance - Property & Casualty,NYSE,83.28,34,61,60,66,16.75,333043889.0,19590817.0,0.0174,-36.46,131234,105184,98262,0.265
3843,ELE,Basic Materials,Other Precious Metals & Mining,NASDAQ,83.26,34,80,94,84,14.82,961238657.5481415,64383030.0,1.25,-45.03,258086,317682,276091,1.09
3844,AWK,Utilities,Utilities - Regulated Water,NYSE,83.25,34,34,58,40,125.53,24306566687.249542,195280521.0,0.0732,-15.11,2282485,1952265,1913211,0.057
3845,RICK,Consumer Cyclical,Restaurants,NASDAQ,83.25,34,26,14,16,25.49,188513368.83354187,7644500.0,0.113299996,-40.86,51208,48886,52891,0.043
3846,MFIC,Financial Services,Asset Management,NASDAQ,83.22,34,39,35,43,10.34,863265103.7328033,82372628.0,0.026400002,-23.46,556747,642129,796121,-0.087
3847,RYAAY,Industrials,Airlines,NASDAQ,83.21,34,32,60,86,58.0,29672102454.161434,520745923.0,0.005,-21.87,1280356,1579752,1575865,0.094
3848,BMNR,Financial Services,Capital Markets,NYSE,83.21,34,76,91,99,16.2,9056271204.823687,569576819.0,0.0463,-89.94,41050252,36286407,39169648,6.278
3849,MSA,Industrials,Security & Protection Services,NYSE,83.2,34,37,68,38,160.77,6226839673.51033,38604089.0,0.0394,-23.05,367667,320405,287769,0.1
3850,DHR,Healthcare,Diagnostics & Research,NYSE,83.19,34,21,33,66,188.41,130442128716.04454,707770627.0,0.013300001,-22.4,4558506,4773225,4657829,0.037
3851,SSYS,Technology,Computer Hardware,NASDAQ,83.19,34,20,26,27,8.66,768303933.1169128,86814000.0,0.0438,-32.4,1325454,1140208,908356,-0.025
3852,FLNT,Communication Services,Advertising Agencies,NASDAQ,83.17,34,57,91,44,2.2,66190881.49303436,29815712.0,0.0054,-46.99,50320,37806,31962,-0.055
3853,MLSS,Healthcare,Medical Instruments & Supplies,NYSE ARCA,83.16,34,50,10,7,0.39,36991570.24506837,88075170.0,0.014199999,-57.61,158983,409391,2598714,-0.032
3854,BTQ,Technology,Software - Infrastructure,NASDAQ,83.13,34,18,10,76,4.07,575339009.3662119,141360930.0,3.03,-74.56,4148196,3153202,2974305,
3855,STZ,Consumer Defensive,Beverages - Brewers,NYSE,83.12,34,29,43,29,140.09,24264486615.57962,172198467.0,0.0452,-21.36,2128036,1972728,2086707,-0.113
3856,MTN,Consumer Cyclical,Resorts & Casinos,NYSE,83.12,34,27,34,51,131.26,4823645939.880493,35633051.0,0.344,-23.69,936522,771317,783806,-0.047
3857,GAME,Communication Services,Electronic Gaming & Multimedia,NASDAQ,83.11,34,40,7,10,0.43,37291295.93271232,93696723.0,0.062,-85.02,1742504,2102521,10005446,0.95
3858,BSBR,Financial Services,Banks - Regional,NYSE,83.11,34,38,66,79,5.28,39246060864.502205,7489706599.0,2.73,-27.87,1427013,1083814,977504,0.004
3859,COO,Healthcare,Medical Instruments & Supplies,NASDAQ,83.08,34,18,38,66,68.62,13139002846.789734,195114398.0,0.0299,-23.61,4673977,3130729,2666279,0.079
3860,ALK,Industrials,Airlines,NYSE,83.07,34,17,19,33,45.13,4771388803.954575,111428978.0,0.1262,-31.5,3431678,3349666,4088175,0.052
3861,LBRDP,Communication Services,Telecom Services,NASDAQ,83.06,34,30,52,51,21.92,,,0.2,-14.2,10427,15099,16829,
3862,HMY,Basic Materials,Gold,NYSE,83.06,34,52,40,91,15.02,9919060573.485432,631385140.0,0.0163,-42.36,4118411,4564443,4904802,0.195
3863,BAOS,Communication Services,Advertising Agencies,NASDAQ,83.06,34,57,36,75,2.88,3928286.6321959496,1534487.0,0.049200002,-46.67,354902,129874,116536,-0.505
3864,RDAC,Financial Services,Shell Companies,NASDAQ,83.05,34,38,10,31,7.5,41657210.0,5951030.0,0.0028,-68.74,3498,634322,381459,
3865,TBCH,Technology,Consumer Electronics,NASDAQ,82.94,34,32,36,41,13.06,248291241.25271416,19847421.0,0.1576,-24.89,377034,314251,275432,-0.34
3866,UEIC,Technology,Consumer Electronics,NASDAQ,82.94,34,33,41,7,3.83,49637087.703163624,12630302.0,0.0143,-48.93,35351,46323,43356,-0.144
3867,INGN,Healthcare,Medical Devices,NASDAQ,82.94,34,53,29,26,6.35,173547643.4287567,27074516.0,0.030199999,-30.45,435784,396771,352466,0.034
3868,ANF,Consumer Cyclical,Apparel Retail,NYSE,82.9,34,25,35,84,83.67,3384609706.6416626,44924474.0,0.102299996,-37.14,1764705,1429378,1312275,0.015
3869,SMID,Basic Materials,Building Materials,NASDAQ,82.9,34,29,43,29,32.3,158719029.33028412,5306554.0,0.0515,-26.02,10053,9721,9932,0.247
3870,APTV,Consumer Cyclical,Auto Parts,NYSE,82.9,34,16,41,65,68.48,14517167829.292702,211620527.0,0.0555,-23.0,5334737,4276572,3664047,0.054
3871,GNE,Utilities,Utilities - Regulated Electric,NYSE,82.89,34,34,38,29,14.2,368595666.96722126,26403701.0,0.0253,-50.12,79335,71355,62719,0.04
3872,GROV,Consumer Defensive,Household & Personal Products,NYSE,82.87,34,34,39,26,1.23,48332285.24797261,42028075.0,0.0941,-33.15,46826,56115,60219,-0.143
3873,NG,Basic Materials,Gold,NYSE ARCA,82.86,34,83,94,96,7.18,3216261867.143696,438780614.0,0.052399997,-50.14,2572658,2886339,2978175,
3874,KR,Consumer Defensive,Grocery Stores,NYSE,82.85,34,34,76,36,62.99,39194762048.73061,616560677.0,0.0419,-17.75,8075000,6302316,5687382,0.012
3875,COLL,Healthcare,Drug Manufacturers - Specialty & Generic,NASDAQ,82.84,34,31,39,90,34.4,1082639577.6630135,32433779.0,0.2199,-32.27,418514,436498,469070,0.089
3876,CDZI,Utilities,Utilities - Regulated Water,NASDAQ,82.82,34,67,82,88,4.02,348117212.8132696,84086286.0,0.13,-42.24,934221,894760,831752,-0.448
3877,DXLG,Consumer Cyclical,Apparel Retail,NASDAQ,82.82,34,21,4,13,0.71,40349358.214250565,55273092.0,0.0297,-57.99,177460,126833,123416,-0.021
3878,PRAA,Financial Services,Credit Services,NASDAQ,82.81,34,80,43,34,15.54,610635625.6097565,38140888.0,0.030199999,-31.09,604210,597363,471158,0.167
3879,FOXF,Consumer Cyclical,Auto Parts,NASDAQ,82.79,34,23,20,11,18.13,730108069.1310539,41936133.0,0.1172,-41.85,530205,544435,512873,0.038
3880,OBDC,Financial Services,Asset Management,NYSE,82.77,34,32,29,35,11.16,5469285999.670593,496305424.0,0.04,-26.51,3575609,3566159,4204019,-0.146
3881,BZUN,Consumer Cyclical,Internet Retail,NASDAQ,82.76,34,30,23,18,2.64,154040236.39355516,58128389.0,0.0128,-45.9,256450,276846,363858,0.153
3882,BX,Financial Services,Asset Management,NYSE,82.76,34,26,19,32,120.29,140987918796.8262,1222261991.0,0.0248,-36.72,5840638,5219522,5870823,0.057
3883,KBH,Consumer Cyclical,Residential Construction,NYSE,82.76,34,21,31,58,53.48,3257704057.3120117,62600000.0,0.17870001,-22.17,1071823,1056924,1112398,-0.226
3884,STVN,Healthcare,Medical Instruments & Supplies,NYSE,82.73,34,34,16,27,18.1,5039647941.297653,273003694.0,0.0207,-35.36,288393,432581,494912,0.066
3885,AMCR,Consumer Cyclical,Packaging & Containers,NYSE,82.66,34,27,40,31,38.83,17629241653.538475,462345690.0,0.0728,-23.77,3707015,4212398,4226617,0.774
3886,RAIL,Industrials,Railroads,NASDAQ,82.64,34,28,40,72,8.32,145060035.1799469,19137208.0,0.0128,-44.16,142311,153037,154140,-0.332
3887,LAND,Real Estate,REIT - Specialty,NASDAQ,82.63,34,39,80,30,9.24,399876051.45635605,43136573.0,0.0481,-28.92,490277,583585,542595,-0.018
3888,GITS,Communication Services,Internet Content & Information,NASDAQ,82.61,34,13,92,85,1.89,7164705.77519989,3674208.0,0.0031,-73.34,97201,115047,85664,
3889,SILO,Healthcare,Biotechnology,NASDAQ,82.6,34,30,10,7,6.46,6398190.203420162,1084439.0,0.0466,-57.36,41912,27729,345624,0.0
3890,CRNX,Healthcare,Biotechnology,NASDAQ,82.57,33,40,43,85,34.97,3471091454.293213,105440208.0,0.1463,-39.7,1025342,1267257,1160878,28.734
3891,IKT,Healthcare,Biotechnology,NASDAQ,82.56,33,76,76,23,1.67,215213196.05041933,132032636.0,0.2155,-26.11,561038,673112,825033,
3892,GBFH,Financial Services,Banks - Regional,NASDAQ,82.56,33,19,19,43,30.73,425573050.1119995,14470352.0,0.0625,-30.16,71885,65638,58409,0.043
3893,MB,Consumer Cyclical,Restaurants,NASDAQ,82.55,33,80,35,41,6.54,117511748.36397171,17155000.0,0.0005,-60.12,23542,20600,16116,-0.12
3894,VANI,Healthcare,Biotechnology,NASDAQ,82.53,33,35,34,58,1.14,101757418.19678879,86235104.0,0.009,-40.62,155922,183767,246204,
3895,RDI,Communication Services,Entertainment,NASDAQ,82.52,33,26,29,18,1.17,41270232.665500045,34974775.0,0.0015,-29.09,30009,29696,26573,0.123
3896,KMTS,Healthcare,Medical Instruments & Supplies,NASDAQ,82.51,33,37,32,80,19.92,1132443025.932333,58373353.0,0.10609999,-33.6,315878,285439,292405,0.627
3897,J,Industrials,Engineering & Construction,NYSE,82.5,33,22,43,45,125.44,14470812081.804245,118080879.0,0.0635,-25.53,1172195,1413378,1145851,0.27
3898,PAGS,Technology,Software - Infrastructure,NYSE,82.48,33,44,59,71,8.74,2384299887.030284,279519339.0,0.13260001,-29.06,2970763,3550534,3593872,0.015
3899,ACAD,Healthcare,Biotechnology,NASDAQ,82.44,33,42,37,83,21.84,3691845265.7501793,171235870.0,0.1058,-22.96,1135945,1560408,1646933,0.097
3900,PRIM,Industrials,Engineering & Construction,NYSE,82.42,33,43,87,89,103.9,6610421081.712494,54254935.0,0.08939999,-49.44,2046268,2425706,1753617,-0.054
3901,BTMD,Healthcare,Medical Care Facilities,NASDAQ,82.41,33,23,7,12,2.21,70975531.89663291,30331425.0,0.0738,-53.47,222157,219465,247143,-0.083
3902,CWCO,Utilities,Utilities - Regulated Water,NASDAQ,82.41,33,54,69,79,30.16,478725686.0207176,16000190.0,0.028900001,-22.9,85460,99406,124710,-0.111
3903,RSG,Industrials,Waste Management,NYSE,82.4,33,27,48,34,210.18,64621762767.86418,307664087.0,0.016,-17.05,1783768,1880419,1787571,0.026
3904,CHDN,Consumer Cyclical,Gambling,NASDAQ,82.35,33,28,27,66,88.82,6058055115.74115,69696908.0,0.0622,-25.02,742152,854024,932418,0.031
3905,HSY,Consumer Defensive,Confectioners,NYSE,82.32,33,43,80,58,175.84,37440829975.17731,202843372.0,0.0828,-26.57,1853344,1944728,1934424,0.106
3906,BHM,Real Estate,REIT - Residential,NYSE ARCA,82.3,33,70,55,16,10.01,40066162.5,4109350.0,0.0023,-32.42,6629,10563,7845,0.103
3907,ZIONP,Financial Services,Banks - Regional,NASDAQ,82.29,33,31,35,31,18.8,,,0.0,-22.79,4334,4394,5279,0.102
3908,WFCF,Industrials,Specialty Business Services,NASDAQ,82.29,33,71,56,56,11.02,51148649.47766876,5039276.0,0.0117,-50.25,15320,31920,21338,0.017
3909,EQX,Basic Materials,Gold,NYSE ARCA,82.28,33,88,91,94,10.46,8514523305.397749,789112450.0,2.45,-44.83,14942558,11006626,10203743,2.243
3910,SYM,Industrials,Specialty Industrial Machinery,NASDAQ,82.27,33,61,86,94,42.52,5600022450.454594,127215411.0,0.2746,-51.62,3344563,2471117,2016194,0.231
3911,CME,Financial Services,Financial Data & Stock Exchanges,NASDAQ,82.27,33,41,78,59,255.94,93004473902.06094,361322751.0,0.0147,-22.24,4579027,3027262,2763527,0.144
3912,RPAY,Technology,Software - Infrastructure,NASDAQ,82.26,33,26,13,9,3.43,287319305.80895424,82800952.0,0.0789,-43.35,554939,667409,1606413,0.045
3913,ZJK,Industrials,Specialty Industrial Machinery,NASDAQ,82.26,33,74,13,5,2.53,158875956.8702743,64322249.0,0.002,-47.94,24073,33187,40746,0.455
3914,DMA,Financial Services,Asset Management,NYSE,82.26,33,27,41,58,7.44,65342011.96807957,8963239.0,0.00090000004,-18.69,24124,32768,28888,
3915,XBIT,Healthcare,Biotechnology,NASDAQ,82.25,33,36,29,20,2.37,72255918.98095608,30487731.0,0.0070999996,-34.35,33492,27717,26832,
3916,QNTM,Healthcare,Biotechnology,NASDAQ,82.23,33,19,3,23,3.89,27258237.684534073,6398647.0,0.0382,-89.83,449851,463060,487444,
3917,AGIO,Healthcare,Biotechnology,NASDAQ,82.23,33,30,34,18,28.14,1682451873.0578842,59471609.0,0.1266,-38.83,899232,932384,1126346,1.377
3918,FRMM,Technology,Software - Application,NASDAQ,82.23,33,15,3,6,5.22,74023765.32908249,14542979.0,0.2463,-97.01,299275,392035,1466431,
3919,GMAB,Healthcare,Biotechnology,NASDAQ,82.2,33,52,48,85,25.1,15440440871.80275,613934040.0,0.0167,-29.16,1810818,2069042,1861905,0.253
3920,TBBK,Financial Services,Banks - Regional,NASDAQ,82.14,33,32,32,68,54.67,2252839519.701645,41634439.0,0.12640001,-33.04,340696,443372,419055,0.041
3921,GRVY,Communication Services,Electronic Gaming & Multimedia,NASDAQ,82.12,33,37,56,29,57.4,404356481.45713806,6948900.0,0.0095999995,-23.21,83696,52738,45719,0.182
3922,CGBD,Financial Services,Asset Management,NASDAQ,82.11,33,35,28,31,10.78,739449465.7799454,69497128.0,0.0481,-25.6,542441,563900,697402,0.168
3923,AR,Energy,Oil & Gas E&P,NYSE,82.11,33,56,72,39,34.66,11017768585.494995,309836000.0,0.039,-24.24,4592146,4484668,4951263,0.343
3924,STRF,Technology,Software - Application,NASDAQ,82.11,33,51,53,63,93.6,,,4.75,-26.76,187218,109312,111345,0.119
3925,GTLB,Technology,Software - Infrastructure,NASDAQ,82.11,33,12,9,18,30.3,5256168141.746521,168900000.0,0.1292,-42.15,10186395,7208728,6752271,0.231
3926,ELTK,Technology,Electronic Components,NASDAQ,82.1,33,20,44,29,8.88,59739264.33706951,6719827.0,0.0014,-27.15,13155,9171,6647,-0.182
3927,KARO,Technology,Software - Application,NASDAQ,82.09,33,51,53,36,46.44,1455692263.0023956,30893300.0,0.0152,-23.81,108259,107003,89883,0.188
3928,KMB,Consumer Defensive,Household & Personal Products,NASDAQ,82.07,33,25,30,21,100.52,32873951343.88733,331926000.0,0.1455,-26.87,5280458,4698102,4742169,0.027
3929,AERO,Industrials,Airlines,NYSE,82.07,33,21,18,33,16.68,2347585873.0730934,145903409.0,0.0146,-27.64,146661,219407,307536,0.133
3930,CSBR,Healthcare,Biotechnology,NASDAQ,82.05,33,34,31,70,5.79,78460568.22435093,13886826.0,0.0125,-39.88,8068,9629,8675,-0.028
3931,ORLY,Consumer Cyclical,Auto Parts,NASDAQ,82.05,33,35,44,47,89.49,74857834603.49263,828715079.0,0.0242,-17.69,8001139,6765389,5928951,0.102
3932,CAE,Industrials,Aerospace & Defense,NYSE,82.02,33,28,55,69,25.58,8204226868.5,321734387.0,4.23,-25.29,857463,945684,959056,0.04
3933,ARQ,Industrials,Pollution & Treatment Controls,NASDAQ,82.02,33,11,6,8,2.69,111608266.70623302,42926258.0,0.047399998,-65.91,267321,295953,346238,0.066
3934,USLM,Basic Materials,Building Materials,NASDAQ,82.01,33,45,62,62,107.45,3000429895.6661377,28682056.0,0.0461,-24.03,210492,170650,156048,-0.037
3935,DT,Technology,Software - Application,NYSE,81.99,33,34,26,25,40.77,12297360774.988995,291475733.0,0.0446,-29.16,5173872,6267340,6238670,0.194
3936,HGLB,Financial Services,Asset Management,NYSE,81.99,33,41,48,70,7.68,183769565.65009594,23590445.0,0.00059999997,-27.82,87932,79340,72562,
3937,WHF,Financial Services,Asset Management,NASDAQ,81.98,33,56,39,24,6.62,143931867.42236328,21611392.0,0.0176,-31.47,97031,100543,98306,-0.156
3938,BRID,Consumer Defensive,Packaged Foods,NASDAQ,81.98,33,51,33,39,7.09,66079338.86439514,9076832.0,0.0046,-18.88,2934,2251,2246,0.114
3939,APAM,Financial Services,Asset Management,NYSE,81.98,33,28,34,40,35.22,2640239130.335598,70993257.0,0.1091,-27.38,853888,785382,778441,0.093
3940,SPHL,Consumer Cyclical,Residential Construction,NASDAQ,81.97,33,10,19,10,3.29,12101598.134280682,2261981.0,0.0091,-86.9,4219835,1412181,851859,0.058
3941,AVY,Consumer Cyclical,Packaging & Containers,NYSE,81.94,33,30,44,58,159.35,11869777384.067688,76490385.0,0.033800002,-20.14,688978,695206,649159,0.07
3942,HLN,Healthcare,Drug Manufacturers - Specialty & Generic,NYSE,81.92,33,27,49,44,9.12,40337569879.9102,4422979209.0,0.0034,-19.15,8177423,9306417,8336382,0.006
3943,GAP,Consumer Cyclical,Apparel Retail,NYSE,81.91,33,31,49,79,21.66,7761145603.230509,359978933.0,0.13340001,-26.23,11548799,8542396,7901881,0.01
3944,ADP,Technology,Software - Application,NASDAQ,81.9,33,23,22,30,231.17,92718365490.00778,399734282.0,0.046,-29.05,2639054,2893704,2903472,0.07
3945,MNKD,Healthcare,Biotechnology,NASDAQ,81.87,33,14,10,72,3.57,1050430593.8637838,308950166.0,0.096499994,-45.16,6218778,6621462,5442209,0.151
3946,KAI,Industrials,Specialty Industrial Machinery,NYSE,81.87,33,57,44,28,293.53,3463185720.9453735,11808462.0,0.1364,-20.66,162439,184189,172539,0.177
3947,DHY,Financial Services,Asset Management,NYSE ARCA,81.86,32,30,40,44,1.74,238992868.084929,138146165.0,0.0197,-19.07,578027,696445,835981,-0.032
3948,TTWO,Communication Services,Electronic Gaming & Multimedia,NASDAQ,81.86,32,43,34,63,212.05,39805075767.24806,185666663.0,0.0397,-19.92,2781483,2423807,2079828,0.061
3949,FPI,Real Estate,REIT - Specialty,NYSE,81.82,32,40,72,31,10.27,450565683.00227165,43617201.0,0.0679,-22.34,347405,358268,340015,-0.017
3950,NSSC,Industrials,Security & Protection Services,NASDAQ,81.8,32,67,82,79,35.14,1249027668.810646,35727337.0,0.083000004,-26.97,395834,422141,378122,0.076
3951,BJ,Consumer Defensive,Discount Stores,NYSE,81.8,32,29,45,27,89.57,11391580463.362663,127693987.0,0.0637,-22.4,2793923,2382667,2189618,0.099
3952,SHW,Basic Materials,Specialty Chemicals,NYSE,81.76,32,27,39,35,310.55,75297852080.61127,246635621.0,0.0235,-18.2,2309232,2211647,1965438,0.068
3953,HGBL,Financial Services,Capital Markets,NASDAQ,81.75,32,20,19,15,1.35,44469188.12603617,34741554.0,0.0022,-41.81,56640,84003,67620,-0.055
3954,YHC,Consumer Defensive,Beverages - Wineries & Distilleries,NASDAQ,81.74,32,28,12,6,0.86,15640065.57736516,21366210.0,0.0106,-92.28,711161,326803,213200,-0.642
3955,LND,Consumer Defensive,Farm Products,NYSE,81.71,32,50,72,33,3.7,365588734.7900562,99615457.0,0.0011999999,-16.85,61215,68511,85827,-0.155
3956,VKTX,Healthcare,Biotechnology,NASDAQ,81.7,32,44,74,82,29.23,3303205631.931576,116105643.0,0.2028,-32.26,1944719,2180589,2186505,
3957,CRMD,Healthcare,Biotechnology,NASDAQ,81.69,32,22,10,55,8.65,655857781.8256807,78451891.0,0.2007,-50.37,1192839,1322199,1201677,2.261
3958,DIS,Communication Services,Entertainment,NYSE,81.65,32,35,35,41,99.33,173147552497.2163,1736511424.0,0.0148,-20.34,8653558,8967749,8556249,0.065
3959,RBBN,Technology,Software - Application,NASDAQ,81.65,32,38,13,16,2.66,498473546.17165565,176139067.0,0.0382,-38.0,1337673,1077987,1044194,-0.103
3960,GDRX,Healthcare,Health Information Services,NASDAQ,81.61,32,36,14,11,2.65,897489770.7486005,338675373.0,0.1166,-54.39,1777591,1820557,1610814,-0.044
3961,SUNS,Real Estate,REIT - Mortgage,NASDAQ,81.61,32,22,29,32,8.53,114093644.52753544,13518205.0,0.0542,-27.59,74349,81336,97061,0.608
3962,GEL,Energy,Oil & Gas Midstream,NYSE,81.57,32,39,75,63,15.29,1914117304.354929,122464318.0,0.049000002,-17.97,231203,274131,282658,0.121
3963,RPC,Financial Services,Asset Management,NYSE,81.55,32,18,17,29,8.27,883476031.7503967,109476588.0,0.0467,-36.77,338721,375353,514086,0.109
3964,SOC,Energy,Oil & Gas Drilling,NYSE,81.55,32,81,92,2,11.83,1890945647.5,154362910.0,0.22129999,-63.24,4577736,3420812,3677413,
3965,TULP,Communication Services,Advertising Agencies,NASDAQ,81.55,32,31,45,17,3.92,16942577.12242675,4772557.0,0.0041,-36.67,3929,4683,3743,0.16
3966,WD,Financial Services,Mortgage Finance,NYSE,81.54,32,21,14,17,52.89,1759476101.25,34331241.0,0.040900003,-41.23,352472,331974,300528,0.32
3967,ZBRA,Technology,Communication Equipment,NASDAQ,81.54,32,21,19,23,234.2,11056186646.193115,47633392.0,0.1013,-33.59,1356901,1160957,998036,0.143
3968,BHFAP,Financial Services,Insurance - Life,NASDAQ,81.53,32,37,44,24,15.26,,,0.19,-28.66,34998,26929,31171,-0.362
3969,ELWT,Communication Services,Telecom Services,NASDAQ,81.53,32,82,57,21,6.21,46338572.0,6619796.0,0.015,-36.11,25832,31574,37732,-0.211
3970,MTD,Healthcare,Diagnostics & Research,NYSE,81.53,32,23,36,68,1162.79,23326239174.30066,20207601.0,0.038399998,-23.76,242386,219418,187005,0.072
3971,PRME,Healthcare,Biotechnology,NASDAQ,81.53,32,75,89,91,2.88,552689389.7249866,180617451.0,0.2163,-58.5,3258068,2690309,2376675,-0.411
3972,MKL,Financial Services,Insurance - Property & Casualty,NYSE,81.51,32,30,44,70,1815.35,22758309515.618896,12513710.0,0.019,-17.77,78542,83647,71720,-0.169
3973,NHI,Real Estate,REIT - Healthcare Facilities,NYSE,81.5,32,33,75,60,71.44,3413818108.7621994,48471079.0,0.0398,-21.82,503763,471644,408486,-0.026
3974,AZ,Technology,Software - Application,NASDAQ,81.49,32,52,24,13,6.0,285896496.2775345,44532164.0,0.0996,-51.46,339837,532665,474149,0.68
3975,NOC,Industrials,Aerospace & Defense,NYSE,81.45,32,33,87,65,548.67,77323027802.01416,142033476.0,0.0123000005,-29.11,1132651,870487,856696,0.044
3976,SOHU,Communication Services,Electronic Gaming & Multimedia,NASDAQ,81.45,32,59,75,57,13.29,398065889.11857605,30065400.0,4.5179996,-23.18,47783,46754,57972,0.042
3977,ACR,Real Estate,REIT - Mortgage,NYSE,81.44,32,66,33,75,18.34,135440810.9017067,7285681.0,0.051,-25.48,25564,22694,19720,0.004
3978,PGR,Financial Services,Insurance - Property & Casualty,NYSE,81.43,32,29,32,32,200.13,119045672492.98096,583500000.0,0.012,-28.19,3405288,2972229,2864751,0.087
3979,ATAT,Consumer Cyclical,Lodging,NASDAQ,81.42,32,59,45,82,33.27,4618174262.813965,138185952.0,0.0209,-22.94,1094914,1136434,1182616,0.475
3980,CLB,Energy,Oil & Gas Equipment & Services,NYSE,81.41,32,35,69,73,13.27,596030112.327591,46096682.0,0.2618,-34.82,547740,568343,473906,-0.014
3981,CNX,Energy,Oil & Gas E&P,NYSE,81.41,32,54,81,72,33.07,4752232404.047768,141477594.0,0.1378,-24.19,1553850,1710206,1832244,0.282
3982,VFS,Consumer Cyclical,Auto Manufacturers,NASDAQ,81.4,32,71,40,42,3.04,7509910681.346216,2339536010.0,0.0403,-42.48,633088,561292,916559,1.374
3983,SABR,Technology,Software - Infrastructure,NASDAQ,81.39,32,74,25,10,1.66,656220019.984996,395313273.0,0.1497,-52.84,6257935,6617731,5626991,0.083
3984,ZKH,Consumer Cyclical,Internet Retail,NYSE,81.38,32,36,60,46,2.89,450752366.81817055,159276459.0,0.00059999997,-25.9,94745,259508,224405,0.092
3985,TARA,Healthcare,Biotechnology,NASDAQ,81.37,32,75,82,89,3.97,233809617.34391403,56204237.0,0.0677,-49.23,626517,739515,669343,
3986,HURA,Healthcare,Biotechnology,NASDAQ,81.35,32,73,79,3,2.02,125136169.6456337,63682528.0,0.1626,-48.21,475006,570018,906861,
3987,QLYS,Technology,Software - Infrastructure,NASDAQ,81.34,32,16,19,57,109.71,3870349123.036888,35217007.0,0.1903,-29.43,695241,793473,847406,0.098
3988,NMFC,Financial Services,Asset Management,NASDAQ,81.34,32,32,28,35,7.89,739562206.4938545,94452390.0,0.045700002,-28.53,432843,520944,654468,-0.197
3989,RVP,Healthcare,Medical Instruments & Supplies,NYSE ARCA,81.34,32,31,34,71,0.69,20656640.32862425,29937160.0,0.0036000002,-39.47,109697,90402,82041,-0.135
3990,BHFAO,Financial Services,Insurance - Life,NASDAQ,81.33,32,42,43,24,15.66,,,2.96,-28.62,42250,30420,39598,-0.362
3991,UROY,Energy,Uranium,NASDAQ,81.32,32,84,88,86,3.03,452970834.0478642,146592507.0,1.89,-45.11,3011933,2665837,2464204,4164.0
3992,BLIN,Technology,Software - Infrastructure,NASDAQ,81.32,32,29,22,13,1.06,13355871.01902914,12599879.0,0.0011999999,-39.08,91726,49538,41083,0.011
3993,ETD,Consumer Cyclical,"Furnishings, Fixtures & Appliances",NYSE,81.31,32,20,32,30,21.57,525975829.0714016,25446339.0,0.1182,-31.33,523858,516812,455435,-0.048
3994,KBSX,Consumer Cyclical,Leisure,NASDAQ,81.31,32,31,22,9,1.35,56226101.64645624,44766003.0,0.0094,-46.43,4188,22262,233373,0.362
3995,IPX,Basic Materials,Other Industrial Metals & Mining,NASDAQ,81.3,32,70,74,65,36.04,1195310735.9687195,33938407.0,0.0233,-41.35,213051,276640,251924,
3996,FPH,Real Estate,Real Estate - Development,NYSE,81.28,32,28,35,54,5.05,370114826.2103834,72429514.0,0.0058999998,-23.95,177805,188398,188435,0.032
3997,COF,Financial Services,Credit Services,NYSE,81.22,32,27,31,77,183.35,112429635965.15788,622292783.0,0.016,-29.38,5191730,4639143,4491990,0.463
3998,ASMB,Healthcare,Biotechnology,NASDAQ,81.2,32,83,89,96,22.72,453815017.44031906,19817250.0,0.1425,-42.79,182260,182023,150692,-0.128
3999,MCHX,Communication Services,Advertising Agencies,NASDAQ,81.2,32,37,24,23,1.51,67340253.63499117,44302799.0,0.0011,-34.63,15530,21476,18656,-0.069
4000,MA,Financial Services,Credit Services,NYSE,81.19,32,29,33,45,495.24,433910347648.8707,883583855.0,0.0081,-17.7,4200888,3947459,3630785,0.158
4001,HOOD,Financial Services,Capital Markets,NASDAQ,81.17,32,33,43,94,83.77,74264653150.03934,900505057.0,0.0482,-45.55,34301571,28346100,30110790,0.151
4002,SCI,Consumer Cyclical,Personal Services,NYSE,81.15,32,36,52,39,71.89,9613819182.745407,137970998.0,0.0573,-18.92,1970181,1535503,1370908,0.021
4003,BRN,Energy,Oil & Gas E&P,NYSE ARCA,81.15,32,37,36,15,1.03,15403249.955077171,14395560.0,0.0179,-54.82,52563,108801,764522,-0.29
4004,WWW,Consumer Cyclical,Footwear & Accessories,NYSE,81.14,32,29,32,28,17.06,1303633670.6234722,81989541.0,0.1129,-47.99,1130594,1236194,1088106,0.11
4005,KT,Communication Services,Telecom Services,NYSE,81.14,32,50,71,51,18.69,8689330724.369019,479543616.0,0.0068,-23.96,2324768,1574572,1451719,-0.01
4006,NHS,Financial Services,Asset Management,NYSE ARCA,81.12,31,32,49,49,6.28,198890180.72147465,31569869.0,0.0082,-18.97,206652,207887,234550,0.067
4007,BHVN,Healthcare,Biotechnology,NYSE,81.12,31,16,16,10,11.09,1626058720.7172298,150560990.0,0.205,-40.27,3332672,2420750,2278758,
4008,EQT,Energy,Oil & Gas E&P,NYSE,81.1,31,49,79,62,52.69,33619442500.0,625478000.0,0.038900003,-22.79,5844233,6446817,7200692,0.499
4009,LZM,Basic Materials,Other Industrial Metals & Mining,NYSE,81.09,31,83,49,19,3.97,391287902.10064125,91209302.0,0.0004,-37.97,494380,594913,739490,7.051
4010,CRCT,Technology,Computer Hardware,NASDAQ,81.07,31,27,23,29,4.4,868980316.7355089,209898634.0,0.1027,-39.97,556378,537262,504731,-0.019
4011,AIRI,Industrials,Aerospace & Defense,NYSE ARCA,81.06,31,32,44,20,3.01,14600480.53374052,4850658.0,0.0064,-27.82,39265,35905,34845,-0.044
4012,III,Technology,Information Technology Services,NASDAQ,81.03,31,25,30,86,4.22,202838510.81045914,47839274.0,0.0165,-34.57,224407,247819,229175,0.027
4013,XFLT,Financial Services,Asset Management,NYSE,81.01,31,28,16,26,18.15,275222683.6118927,15230918.0,0.0041,-37.2,68016,87812,90227,
4014,CLW,Basic Materials,Paper & Paper Products,NYSE,81.01,31,12,13,16,16.3,248167649.20616627,16125253.0,0.0519,-47.35,252562,237124,199298,-0.047
4015,EVO,Healthcare,Drug Manufacturers - Specialty & Generic,NASDAQ,80.98,31,24,17,18,2.75,994526545.4633136,355188058.0,0.0002,-38.06,28100,48436,81918,-0.217
4016,ADT,Industrials,Security & Protection Services,NYSE,80.98,31,23,26,53,6.76,5164143651.067268,760551352.0,0.0748,-24.34,9616591,13462083,11148522,0.009
4017,RDY,Healthcare,Drug Manufacturers - Specialty & Generic,NYSE,80.96,31,35,47,38,13.37,11021654160.867033,832451235.0,0.0294,-17.32,1539456,2424828,2470293,-0.116
4018,NVO,Healthcare,Drug Manufacturers - General,NYSE,80.96,31,33,14,14,42.19,190309596283.48206,4429925520.0,0.0068,-48.19,14110086,15484805,15855687,0.24
4019,NCLH,Consumer Cyclical,Travel Services,NYSE,80.94,31,19,36,37,19.03,8608315125.0,459110140.0,0.17559999,-29.99,21393213,24520627,22890084,0.096
4020,PUK,Financial Services,Insurance - Life,NYSE,80.93,31,67,72,85,24.98,31893560119.788803,1251218533.0,0.001,-26.59,1785247,1097219,1019123,0.188
4021,RACE,Consumer Cyclical,Auto Manufacturers,NYSE,80.91,31,22,25,20,357.52,61098320528.14966,176080931.0,0.0273,-31.13,740720,703066,665820,0.032
4022,NOA,Energy,Oil & Gas Equipment & Services,NYSE,80.87,31,33,30,24,13.99,372389333.07671356,27102572.0,3.48,-23.3,241735,147658,134981,-0.063
4023,CWST,Industrials,Waste Management,NASDAQ,80.84,31,22,31,44,87.81,5464094028.961067,63609941.0,0.0864,-26.15,587955,711868,776871,0.096
4024,ONIT,Financial Services,Mortgage Finance,NYSE,80.83,31,35,41,77,36.73,310555621.149704,8432137.0,0.0325,-32.11,73537,84232,72749,0.178
4025,PHUN,Technology,Software - Application,NASDAQ,80.83,31,26,16,10,1.99,40281416.01500535,20447419.0,0.0254,-48.71,181793,151677,156584,-0.212
4026,BZAI,Technology,Software - Application,NASDAQ,80.79,31,33,5,10,1.61,236217100.51024306,142299461.0,0.1161,-76.18,5842287,9830372,10283655,1.719
4027,ARDT,Healthcare,Medical Care Facilities,NYSE,80.78,31,27,30,12,9.41,1244278312.8269577,143350031.0,0.0865,-39.21,736801,531953,452960,0.07
4028,RCEL,Healthcare,Medical Devices,NASDAQ,80.77,31,37,40,6,4.12,128646554.73683119,30776689.0,0.1164,-42.13,229839,256019,245051,0.04
4029,DTI,Energy,Oil & Gas Equipment & Services,NASDAQ,80.77,31,67,83,39,2.59,95578336.68533754,35139094.0,0.0063,-44.78,255136,290652,470275,-0.115
4030,MOLN,Healthcare,Biotechnology,NASDAQ,80.67,31,35,51,51,3.88,153795764.72265673,37511163.0,0.00029999999,-27.61,4359,5426,4451,
4031,RH,Consumer Cyclical,Specialty Retail,NYSE,80.66,31,12,19,14,150.09,2771419850.758911,18900769.0,0.5729,-41.6,827861,838573,1209922,0.037
4032,BCC,Basic Materials,Lumber & Wood Production,NYSE,80.64,31,23,29,21,70.01,2395717291.314331,35189736.0,0.040599998,-26.31,371330,457216,399974,-0.025
4033,SEAT,Communication Services,Internet Content & Information,NASDAQ,80.63,31,18,7,2,8.21,94271985.54172707,10987411.0,0.2468,-80.07,51530,96113,98620,-0.233
4034,BHFAM,Financial Services,Insurance - Life,NASDAQ,80.57,31,35,41,23,10.99,,,0.23,-29.32,29601,23400,31288,-0.362
4035,BENF,Financial Services,Asset Management,NASDAQ,80.57,31,39,53,78,3.44,50847263.81207085,14363634.0,0.16469999,-72.44,22677,20722,292059,0.734
4036,SARO,Industrials,Aerospace & Defense,NYSE,80.57,31,32,37,39,25.58,8514607405.844788,332471972.0,0.0799,-25.81,4162252,4166417,3931334,0.133
4037,SRL,Financial Services,Capital Markets,NYSE,80.54,31,27,87,52,6.13,93337533.37251759,15226351.0,0.00029999999,-41.0,0,6380,10384,0.026
4038,WALD,Consumer Defensive,Household & Personal Products,NASDAQ,80.53,31,24,21,19,1.66,220606983.50954437,128259872.0,0.0234,-48.45,1393872,2322310,1501966,-0.017
4039,SMWB,Technology,Software - Application,NYSE,80.53,31,7,4,18,4.1,355658191.44745684,87600541.0,0.0134000005,-61.86,850834,845838,705494,0.101
4040,GLBE,Consumer Cyclical,Internet Retail,NASDAQ,80.52,31,26,40,51,32.38,5396792452.238529,167967391.0,0.031,-22.79,1757382,1813214,1522616,0.328
4041,WCN,Industrials,Waste Management,NYSE,80.51,31,25,39,38,157.58,39438439470.79736,254080912.0,0.0085,-18.23,1941592,1712444,1639872,0.064
4042,AWI,Industrials,Building Products & Equipment,NYSE,80.49,31,26,47,68,156.45,6621620989.759064,42678835.0,0.0295,-24.08,462962,450347,429374,0.071
4043,CD,Financial Services,Capital Markets,NASDAQ,80.43,31,56,25,41,4.82,423435447.93891907,79443800.0,0.0332,-86.89,222755,160931,134107,19.249
4044,CTMX,Healthcare,Biotechnology,NASDAQ,80.41,31,90,98,99,2.98,653108757.0,217702919.0,0.16229999,-63.7,3980340,3392840,3801214,-0.799
4045,IGC,Healthcare,Biotechnology,NYSE ARCA,80.37,31,40,28,31,0.28,29026481.094772965,100091317.0,0.0227,-44.0,634810,656386,1413230,-0.039
4046,PSN,Technology,Information Technology Services,NYSE,80.37,31,12,28,21,58.51,6281778883.709015,106978521.0,0.1276,-34.63,1339694,1380878,1243180,-0.041
4047,RITM,Real Estate,REIT - Mortgage,NYSE,80.32,31,30,31,43,9.34,5097339294.503119,558306597.0,0.0519,-26.69,4747415,5218625,5661023,0.646
4048,BEKE,Real Estate,Real Estate Services,NYSE,80.32,31,61,32,21,15.97,17914018738.764282,1114055897.0,0.0496,-23.88,4945667,5614685,4804741,-0.19
4049,LE,Consumer Cyclical,Apparel Retail,NASDAQ,80.3,31,22,67,77,12.16,328273341.4810753,30794873.0,0.1176,-39.32,219368,229129,303051,0.047
4050,MDT,Healthcare,Medical Devices,NYSE,80.25,31,21,39,66,81.98,104854882659.01642,1283884964.0,0.0114,-22.9,14770455,11615141,10195925,0.099
4051,MCD,Consumer Cyclical,Restaurants,NYSE,80.24,31,27,66,60,282.25,198827956980.60983,710505859.0,0.0162,-17.41,4375125,4330968,3813181,0.094
4052,BHFAN,Financial Services,Insurance - Life,NASDAQ,80.24,31,36,41,24,12.3,,,0.4,-29.05,63842,54087,53100,-0.362
4053,INEO,Consumer Cyclical,Auto Parts,NASDAQ,80.2,31,19,12,11,0.61,9089987.147020161,16527249.0,0.0001,-70.95,115501,87507,112138,-0.206
4054,CCU,Consumer Defensive,Beverages - Brewers,NYSE,80.17,31,27,33,55,11.09,2042086738.4024658,185139328.0,0.033099998,-27.8,266022,168114,167468,0.002
4055,HMC,Consumer Cyclical,Auto Manufacturers,NYSE,80.17,31,19,30,53,26.71,34643966923.7344,1297526814.0,0.0026,-23.45,2085860,1998013,1985940,0.086
4056,CRGO,Industrials,Integrated Freight & Logistics,NASDAQ,80.15,31,24,8,79,1.71,84760935.98066163,51683498.0,0.0063,-59.67,127352,114300,98582,0.03
4057,DEO,Consumer Defensive,Beverages - Wineries & Distilleries,NYSE,80.14,31,22,26,25,80.41,44711036928.357216,555899997.0,0.0072000003,-30.93,1286733,1318444,1464508,-0.04
4058,RCS,Financial Services,Asset Management,NYSE,80.12,31,28,29,39,5.5,257835872.82140255,47222687.0,1.98,-31.25,172835,162308,158373,-0.047
4059,LMB,Industrials,Building Products & Equipment,NASDAQ,80.07,31,19,33,20,81.85,956665626.75,11921067.0,0.08939999,-46.87,338936,364912,293187,0.043
4060,SLM,Financial Services,Credit Services,NASDAQ,80.06,31,18,18,32,23.05,4222597042.941971,188592995.0,0.1388,-34.09,2292817,2172845,2872587,0.025
4061,FDS,Financial Services,Financial Data & Stock Exchanges,NYSE,80.05,31,21,12,16,246.07,9312524505.853638,36431127.0,0.18110001,-45.73,934111,879097,953482,0.071
4062,TGHL,Technology,Software - Infrastructure,NASDAQ,80.05,31,10,6,1,0.52,15154586.209933281,25299811.0,0.0172,-87.76,14267166,4780868,2912819,-0.652
4063,PROK,Healthcare,Biotechnology,NASDAQ,80.05,31,64,92,88,1.67,369359473.6153152,205199713.0,0.1269,-76.58,1176006,909832,983277,-0.017
4064,BRZE,Technology,Software - Application,NASDAQ,80.04,31,28,12,44,22.19,2580391519.603771,112631669.0,0.1291,-40.55,4154304,3328098,3195102,0.302
4065,ATCH,Financial Services,Capital Markets,NYSE ARCA,80.02,31,54,11,5,0.21,33675662.415456235,150337774.0,0.081499994,-89.06,1573586,1934728,3224365,0.652
4066,BDC,Technology,Communication Equipment,NYSE,80.01,30,28,44,54,110.15,4136635976.3391113,38944040.0,0.0686,-31.15,583855,601151,487199,0.114
4067,FORR,Industrials,Consulting Services,NASDAQ,79.99,30,22,17,11,6.84,135884000.0,19412000.0,0.3003,-40.88,67904,70754,79204,-0.049
4068,LUCK,Consumer Cyclical,Leisure,NYSE,79.99,30,37,30,32,7.92,1040595636.9876957,136382126.0,0.32419997,-31.78,96391,88580,75120,0.007
4069,JBTM,Industrials,Specialty Industrial Machinery,NYSE,79.98,30,32,41,76,123.62,6456408688.0,52067812.0,0.047199998,-27.36,384127,540749,480969,0.096
4070,GIGM,Communication Services,Electronic Gaming & Multimedia,NASDAQ,79.95,30,32,46,42,1.42,15141562.002701163,11052235.0,0.0007,-24.87,3071,6400,5328,-0.123
4071,JBGS,Real Estate,REIT - Diversified,NYSE,79.94,30,28,28,34,15.06,867430296.5505743,58255895.0,0.22530001,-38.02,384989,548973,539845,0.059
4072,YUMC,Consumer Cyclical,Restaurants,NYSE,79.94,30,39,73,50,42.72,15052371312.545586,351034770.0,0.0117999995,-26.84,1716602,1555970,1444428,0.097
4073,TPG,Financial Services,Asset Management,NASDAQ,79.93,30,23,19,74,43.17,6609347879.8717,160460017.0,0.055,-38.66,2464463,2437261,2661452,-0.568
4074,BKE,Consumer Cyclical,Apparel Retail,NYSE,79.92,30,57,70,74,44.36,2309040598.797928,51518086.0,0.1016,-28.09,590034,454201,433798,0.061
4075,BAH,Industrials,Consulting Services,NYSE,79.92,30,19,24,24,78.94,9517422814.379807,119746130.0,0.0739,-34.24,1947389,1767133,1641285,-0.065
4076,HITI,Healthcare,Pharmaceutical Retailers,NASDAQ,79.9,30,41,41,40,2.33,201286091.4669628,87897858.0,0.75,-42.54,394849,350543,385679,0.252
4077,SGI,Consumer Cyclical,"Furnishings, Fixtures & Appliances",NYSE,79.86,30,22,57,86,70.96,14305266287.57605,210340624.0,0.095,-28.0,2776275,3209358,3141089,0.123
4078,MNOV,Healthcare,Biotechnology,NASDAQ,79.85,30,34,41,62,1.27,64479829.44353771,49221246.0,0.0032,-35.2,30667,23379,25313,
4079,ESTC,Technology,Software - Application,NYSE,79.83,30,13,13,21,61.26,6472593427.202835,104751470.0,0.060100004,-36.23,3283947,2231409,2037793,0.16
4080,MPV,Financial Services,Asset Management,NYSE,79.82,30,31,60,67,16.37,178835705.109663,10773235.0,1.89,-22.05,10692,12950,13890,-0.051
4081,GBLI,Financial Services,Insurance - Property & Casualty,NASDAQ,79.81,30,45,46,28,26.0,389771512.81835175,14609127.0,0.0034,-23.53,5488,4629,3329,0.005
4082,CTAS,Industrials,Specialty Business Services,NASDAQ,79.77,30,21,46,31,179.87,71964620490.0917,400136881.0,0.0399,-20.82,2509372,2126810,2140688,0.089
4083,CRVL,Financial Services,Insurance Brokers,NASDAQ,79.73,30,26,14,16,61.11,3034881191.805973,50691185.0,0.0436,-45.08,236260,207933,209804,0.074
4084,PAYX,Technology,Software - Application,NASDAQ,79.73,30,22,20,23,100.28,36018981829.5632,358290881.0,0.064,-37.08,3118444,3129568,3292408,0.199
4085,OM,Healthcare,Medical Devices,NASDAQ,79.72,30,6,7,2,4.69,84900562.36572075,18537241.0,0.1507,-78.66,203828,187289,160673,-0.063
4086,FIP,Industrials,Conglomerates,NASDAQ,79.72,30,28,57,26,4.56,491560370.7696724,118163555.0,0.2544,-42.53,888671,1220367,995958,0.959
4087,CING,Healthcare,Biotechnology,NASDAQ,79.7,30,53,97,58,4.65,60543315.278591156,13469036.0,0.1425,-60.89,1265914,735361,611256,
4088,STUB,Communication Services,Internet Content & Information,NYSE,79.65,30,6,6,11,10.39,3487812511.9682035,375437301.0,0.085200004,-62.75,4770043,5559254,4820626,0.122
4089,DOMH,Financial Services,Capital Markets,NASDAQ,79.64,30,30,15,80,3.25,70102718.94338179,22613781.0,0.044699997,-61.31,298676,227782,184203,3.414
4090,LKFT,Healthcare,Biotechnology,NASDAQ,79.63,30,28,61,61,28.27,1846435959.5852852,65897071.0,0.0396,-25.17,198402,179450,170546,-0.914
4091,EPAC,Industrials,Specialty Industrial Machinery,NYSE,79.63,30,23,31,31,35.04,1765367475.965126,52776306.0,0.0271,-23.06,582421,414207,420242,0.064
4092,BOX,Technology,Software - Infrastructure,NYSE,79.58,30,26,24,29,26.54,3696050717.396805,138532634.0,0.1234,-29.32,2835716,2451512,2371631,0.136
4093,BIVI,Healthcare,Biotechnology,NASDAQ,79.58,30,21,12,4,1.67,12066942.579811454,7541839.0,0.0252,-86.2,144473,113407,97730,
4094,CSV,Consumer Cyclical,Personal Services,NYSE,79.57,30,50,48,59,38.49,595688450.4645996,15872328.0,0.0319,-26.12,136890,112423,104982,-0.009
4095,AGO,Financial Services,Insurance - Specialty,NYSE,79.54,30,31,44,62,75.35,3346425790.9660645,44282464.0,0.064899996,-18.45,350829,443259,403723,-0.062
4096,SKIL,Consumer Defensive,Education & Training Services,NYSE,79.53,30,16,5,4,6.13,63133294.55804539,8955077.0,0.1469,-71.15,63150,93316,169316,-0.023
4097,MSFT,Technology,Software - Infrastructure,NASDAQ,79.5,30,30,31,52,403.41,3095205987862.728,7428434704.0,0.0104,-27.37,41340851,36539757,35262348,0.183
4098,ABG,Consumer Cyclical,Auto & Truck Dealerships,NYSE,79.48,30,26,27,44,201.04,3555818344.4519043,18618800.0,0.107,-26.76,234942,294024,268064,-0.009
4099,STE,Healthcare,Medical Devices,NYSE,79.46,30,23,33,62,212.88,20725888285.468292,97602485.0,0.0254,-20.99,818709,840706,747933,0.073
4100,UFPI,Basic Materials,Lumber & Wood Production,NASDAQ,79.45,30,21,38,29,83.45,4524066336.818008,56480230.0,0.035099998,-29.28,455808,533962,462623,-0.084
4101,DXR,Healthcare,Medical Instruments & Supplies,NASDAQ,79.45,30,33,70,82,10.0,61885176.62710571,5838224.0,0.0031,-32.25,2221,6837,8412,-0.826
4102,STRD,Technology,Software - Application,NASDAQ,79.44,30,50,49,38,68.22,796470154.0969849,11764700.0,14.29,-29.53,202593,117174,104400,0.119
4103,NFG,Energy,Oil & Gas Integrated,NYSE,79.44,30,35,77,59,76.81,7357637552.025055,95035362.0,0.0588,-20.86,714980,899653,810082,0.176
4104,TPB,Consumer Defensive,Tobacco,NYSE,79.43,30,30,66,88,81.11,1676260126.8050232,19367534.0,0.08930001,-44.79,344396,428952,487789,0.168
4105,LNN,Industrials,Farm & Heavy Construction Machinery,NYSE,79.42,30,24,44,27,114.55,1177927649.7569275,10454670.0,0.0698,-24.12,206198,192662,198165,-0.157
4106,PLTK,Communication Services,Electronic Gaming & Multimedia,NASDAQ,79.4,30,36,18,39,3.08,1175372761.4017618,380379545.0,0.0947,-39.01,1572945,1347725,1300989,0.055
4107,ALLT,Technology,Software - Infrastructure,NASDAQ,79.34,30,32,25,79,7.21,362030937.2656703,48923099.0,0.0402,-39.51,413534,458118,413834,0.141
4108,IOT,Technology,Software - Infrastructure,NYSE,79.34,30,27,24,41,33.62,20278310409.02749,582710082.0,0.1258,-29.18,9072613,6173037,6135866,0.305
4109,SLGN,Consumer Cyclical,Packaging & Containers,NYSE,79.34,30,25,39,24,38.7,3871049648.4181595,105679758.0,0.09,-32.15,917284,859731,796978,0.065
4110,OGCP,Real Estate,REIT - Office,NYSE ARCA,79.3,30,18,17,22,5.75,1452800889.447328,279923097.0,0.35,-34.29,99,1046,2235,0.049
4111,CPZ,Financial Services,Asset Management,NASDAQ,79.29,30,32,46,38,12.89,249721512.92236137,19632194.0,0.0011999999,-23.37,74354,84451,91116,
4112,SCVL,Consumer Cyclical,Apparel Retail,NASDAQ,79.27,30,29,37,20,16.89,443380857.5685196,27151308.0,0.1587,-36.43,637403,465644,488450,-0.025
4113,MLYS,Healthcare,Biotechnology,NASDAQ,79.27,30,83,76,95,24.18,2088474414.5917072,88158479.0,0.1328,-49.25,2573620,1649116,1470134,
4114,BTG,Basic Materials,Gold,NYSE ARCA,79.26,30,79,80,83,4.02,5569505468.855354,1332417631.0,1.67,-36.09,22143807,24894889,27467305,1.177
4115,IR,Industrials,Specialty Industrial Machinery,NYSE,79.26,30,27,50,38,73.91,28274086256.5,391336834.0,0.0458,-26.79,3884690,3971800,3783240,0.076
4116,HD,Consumer Cyclical,Home Improvement Retail,NYSE,79.24,30,23,38,33,321.33,309883921214.77655,997116682.0,0.0139,-24.7,5067854,5211101,4548446,0.048
4117,HOUR,Consumer Cyclical,Internet Retail,NASDAQ,79.23,30,82,47,53,1.76,66864590.16095996,35191890.0,0.0029,-74.27,25174,133701,87458,0.158
4118,PRHI,Financial Services,Insurance - Property & Casualty,NASDAQ,79.22,30,22,26,36,5.03,19684000.635147095,3700000.0,0.0013,-74.61,42318,15941,11710,-0.385
4119,MAIN,Financial Services,Asset Management,NYSE,79.22,30,29,40,56,51.36,4817803634.482109,92989838.0,0.105900005,-24.21,565109,728459,724419,0.022
4120,GENI,Communication Services,Internet Content & Information,NYSE,79.2,30,7,8,51,6.76,1585319969.1182265,267338957.0,0.091000006,-50.76,6562999,6600966,5783683,0.305
4121,LSPD,Technology,Software - Application,NYSE,79.17,30,28,23,33,9.55,1273142719.3432846,137786012.0,0.041300002,-33.4,1475155,1269195,1080785,0.147
4122,HROW,Healthcare,Drug Manufacturers - Specialty & Generic,NASDAQ,79.16,30,58,42,83,33.46,1237160750.1404305,37275107.0,0.19399999,-39.0,705660,918966,748560,-0.076
4123,NCMI,Communication Services,Advertising Agencies,NASDAQ,79.15,29,26,18,17,3.55,332920021.47820735,93780289.0,0.124,-35.92,436862,347144,406438,-0.026
4124,AUTL,Healthcare,Biotechnology,NASDAQ,79.15,29,53,30,37,1.46,407199221.4955795,266143287.0,0.081199996,-45.93,1613564,1644221,1569202,
4125,ACI,Consumer Defensive,Grocery Stores,NYSE,79.15,29,26,37,28,15.66,8090590316.960114,494534842.0,0.120799996,-31.26,5752670,5836800,6557096,0.077
4126,PDYN,Technology,Software - Infrastructure,NASDAQ,79.14,29,37,67,15,6.41,324567820.3433275,47244225.0,0.16219999,-50.69,2638366,1852068,1583397,1.069
4127,LOW,Consumer Cyclical,Home Improvement Retail,NYSE,79.14,29,30,47,51,217.37,118163404900.39577,560707041.0,0.0198,-25.83,3060531,3003407,2791938,0.103
4128,QUBT,Technology,Computer Hardware,NASDAQ,79.12,29,37,16,34,9.51,2245200778.378046,225534987.0,0.29479998,-63.2,22164828,26713662,21955803,93.641
4129,BOSC,Technology,Communication Equipment,NASDAQ,79.1,29,35,67,42,4.31,29256712.172322273,7049810.0,0.00029999999,-35.86,102840,71330,64442,-0.242
4130,IMRX,Healthcare,Biotechnology,NASDAQ,79.09,29,92,92,96,4.03,276257905.305995,64697402.0,0.2015,-60.02,2708247,1753899,1355273,
4131,BBNX,Healthcare,Medical Devices,NASDAQ,79.08,29,10,8,88,14.39,618961958.8490438,44561695.0,0.1283,-56.01,871184,781564,972886,0.566
4132,ICFI,Industrials,Consulting Services,NASDAQ,79.06,29,19,24,28,71.4,1265120048.6753845,18104180.0,0.0272,-29.8,225533,396491,384678,-0.103
4133,NVR,Consumer Cyclical,Residential Construction,NYSE,79.05,29,18,30,39,6406.57,16688507227.394531,2699292.0,0.059699997,-25.66,36266,27858,26085,-0.214
4134,OPRT,Financial Services,Credit Services,NASDAQ,79.05,29,37,18,36,4.92,217258079.25,45738543.0,0.0322,-38.23,833921,541893,478894,0.013
4135,NOAH,Financial Services,Asset Management,NYSE,79.01,29,36,66,26,10.07,675748672.3134785,65606666.0,0.0057,-21.57,97248,69656,85141,0.018
4136,SNDL,Consumer Defensive,Beverages - Wineries & Distilleries,NASDAQ,78.96,29,29,34,58,1.46,369625988.8291359,260300000.0,0.0088,-49.48,1644525,2102438,2189143,-0.044
4137,SPGI,Financial Services,Financial Data & Stock Exchanges,NYSE,78.94,29,29,29,37,424.82,125634240722.65625,296000000.0,0.0136,-26.64,2124330,2068780,1927532,0.104
4138,CARL,Healthcare,Health Information Services,NASDAQ,78.94,29,17,27,26,11.29,300937200.01381683,27184933.0,0.0642,-34.32,115359,195846,165709,0.582
4139,IIF,Financial Services,Asset Management,NYSE,78.93,29,29,33,46,21.22,201279612.70957947,9534799.0,0.0007,-25.2,43953,40167,38594,0.026
4140,CG,Financial Services,Asset Management,NASDAQ,78.93,29,33,32,64,45.14,15651687921.176785,359974427.0,0.0653,-35.38,3798503,3537014,3404960,-0.941
4141,WPP,Communication Services,Advertising Agencies,NYSE,78.88,29,21,11,13,18.65,3817977018.469784,215704907.0,0.0146,-50.97,403486,420188,503769,-0.083
4142,KLTR,Technology,Software - Application,NASDAQ,78.87,29,25,22,28,1.4,209020889.22887206,150374742.0,0.016,-37.64,376549,436893,426725,-0.05
4143,GGG,Industrials,Specialty Industrial Machinery,NYSE,78.85,29,29,61,43,75.86,12338073670.386383,165968177.0,0.0358,-20.72,1386238,1442639,1343323,0.022
4144,FINW,Financial Services,Banks - Regional,NASDAQ,78.85,29,18,36,43,14.73,200930529.64862442,13706039.0,0.01,-34.5,21003,24267,18822,0.714
4145,ZKIN,Basic Materials,Steel,NASDAQ,78.82,29,12,44,83,1.71,75652249.56615019,57312308.0,0.001,-49.85,28666,15215,13405,-0.435
4146,ALEC,Healthcare,Biotechnology,NASDAQ,78.77,29,77,86,16,1.63,181526179.6861813,111025187.0,0.0463,-52.06,862807,670635,665319,-0.715
4147,GME,Consumer Cyclical,Specialty Retail,NYSE,78.76,29,35,60,26,22.28,9781468406.27576,448691227.0,0.1415,-27.19,6851165,8924818,8201921,0.141
4148,MOGU,Consumer Cyclical,Internet Retail,NYSE,78.76,29,37,29,44,2.05,16837699.99230051,8173641.0,0.00059999997,-74.69,18740,13046,9778,0.11
4149,LFWD,Healthcare,Medical Devices,NASDAQ,78.75,29,22,17,15,6.98,19714935.36708355,2814409.0,0.0484,-53.47,11816,9905,9237,-0.221
4150,OCGN,Healthcare,Biotechnology,NASDAQ,78.73,29,82,98,90,1.24,433307965.994812,338521856.0,0.24069999,-54.5,5385508,6895236,6618581,0.035
4151,DG,Consumer Defensive,Discount Stores,NYSE,78.72,29,30,80,87,109.38,22874834620.722977,220586647.0,0.0422,-30.87,4870043,4057777,3593024,0.034
4152,TFPM,Basic Materials,Other Precious Metals & Mining,NYSE,78.7,29,75,86,90,27.84,5840692686.815765,206603912.0,2.41,-33.24,572837,596185,555703,0.787
4153,ESRT,Real Estate,REIT - Diversified,NYSE,78.69,29,19,17,24,5.7,908707187.6011548,172430207.0,0.078,-34.93,2565248,1885366,1741693,0.049
4154,SKYW,Industrials,Airlines,NASDAQ,78.65,29,23,34,55,87.78,3349310609.4164276,39660281.0,0.0448,-29.18,402905,389125,391079,0.068
4155,VLTO,Industrials,Pollution & Treatment Controls,NYSE,78.64,29,28,35,38,86.16,21133817588.80948,245599266.0,0.028499998,-21.75,2731408,2380959,2140429,0.068
4156,RNXT,Healthcare,Biotechnology,NASDAQ,78.6,29,23,22,19,0.86,39326443.02978253,45099133.0,0.0088,-40.69,381764,323088,321940,1.858
4157,JYNT,Healthcare,Medical Care Facilities,NASDAQ,78.6,29,34,29,22,8.41,118177232.2961998,14255396.0,0.18110001,-35.31,89042,78067,61784,0.133
4158,HTT,Financial Services,Credit Services,NYSE,78.59,29,12,21,71,2.92,456533510.6453934,155283504.0,0.0037,-42.52,393399,237336,197927,-0.939
4159,GAU,Basic Materials,Gold,NYSE ARCA,78.59,29,79,85,90,2.05,530263933.44661427,261213764.0,0.0095999995,-43.37,2852922,2618104,2640800,0.888
4160,GGR,Consumer Cyclical,Auto Manufacturers,NASDAQ,78.58,29,48,19,7,4.0,80294316.0,20073579.0,0.0041,-51.81,10227,10929,9851,-0.011
4161,NEN,Real Estate,Real Estate Services,NYSE ARCA,78.58,29,27,41,27,60.0,209152740.0,3485879.0,0.01,-19.81,550,760,920,0.164
4162,POLA,Industrials,Electrical Equipment & Parts,NASDAQ,78.56,29,44,27,25,1.76,6843498.902642369,3640159.0,0.0592,-69.39,128722,297664,972192,0.003
4163,BHC,Healthcare,Drug Manufacturers - Specialty & Generic,NYSE,78.55,29,29,21,48,5.17,2005564165.5391045,373475644.0,0.02,-40.51,2251563,2027597,1717870,0.117
4164,PAX,Financial Services,Asset Management,NASDAQ,78.52,29,27,28,75,11.47,1778738845.094839,159528153.0,0.1148,-35.56,1012565,1001998,971375,0.22
4165,SEER,Healthcare,Biotechnology,NASDAQ,78.48,29,34,38,26,1.69,98416974.19262028,54981551.0,0.010299999,-29.88,144395,306171,370625,-0.336
4166,GIFT,Communication Services,Internet Content & Information,NASDAQ,78.47,29,20,16,20,0.93,28311008.100733817,34109649.0,0.0014,-44.97,242235,118551,113985,-0.041
4167,CYH,Healthcare,Medical Care Facilities,NYSE,78.46,29,28,62,57,2.87,386111792.2238865,140916712.0,0.0939,-35.21,1373449,1439779,1633185,-0.061
4168,POST,Consumer Defensive,Packaged Foods,NYSE,78.46,29,31,39,29,91.51,4098521465.8113556,45322586.0,0.1633,-21.97,873668,863602,789739,0.047
4169,MMLP,Energy,Oil & Gas Midstream,NASDAQ,78.44,29,28,37,16,2.6,102506672.84253502,39124686.0,0.007900001,-26.55,49487,33802,27503,-0.025
4170,BNTX,Healthcare,Biotechnology,NASDAQ,78.4,29,28,38,29,86.5,22274046171.92491,252884261.0,0.0358,-30.24,1074960,931020,911306,-0.354
4171,CLNE,Energy,Oil & Gas Refining & Marketing,NASDAQ,78.35,29,34,59,42,1.94,425033532.06875825,220224634.0,0.037100002,-37.62,1271789,1304556,1329353,0.133
4172,WINA,Consumer Cyclical,Specialty Retail,NASDAQ,78.34,29,28,70,55,387.62,1350892779.7881775,3577671.0,0.12550001,-26.5,44930,44483,58332,-0.049
4173,PMT,Real Estate,REIT - Mortgage,NYSE,78.33,29,34,43,56,10.11,887720071.772049,87202362.0,0.0682,-26.79,765177,971115,1044037,-0.241
4174,PSHG,Industrials,Marine Shipping,NASDAQ,78.32,29,34,75,81,1.84,22377883.80718851,12432158.0,0.0404,-28.68,78029,61323,64723,0.583
4175,XGN,Healthcare,Diagnostics & Research,NASDAQ,78.31,29,18,9,66,4.31,103645708.38837528,24159839.0,0.0327,-64.76,510078,594189,430043,0.117
4176,LRMR,Healthcare,Biotechnology,NASDAQ,78.28,29,80,86,68,3.5,329308918.2156391,103882937.0,0.13,-45.48,1733362,1803830,1610930,
4177,SLVM,Basic Materials,Paper & Paper Products,NYSE,78.28,29,27,28,35,40.06,1535404270.7869873,39736136.0,0.0715,-29.47,440022,386454,356446,-0.08
4178,NXST,Communication Services,Broadcasting,NASDAQ,78.27,29,46,81,70,179.57,5558702539.776535,30538965.0,0.077199996,-29.39,341375,332455,385009,0.131
4179,KKR,Financial Services,Asset Management,NYSE,78.27,29,24,16,45,95.84,83861334059.44537,897872941.0,0.0231,-37.71,4611298,4671206,4913983,-0.066
4180,TPCS,Industrials,Metal Fabrication,NASDAQ,78.26,29,34,34,76,3.63,38944082.53023052,10011332.0,0.00090000004,-41.92,28890,28710,41388,-0.069
4181,LOAR,Industrials,Aerospace & Defense,NYSE,78.26,29,24,33,30,65.5,5925492855.305763,93624471.0,0.1649,-27.62,646567,803829,880113,0.361
4182,FSV,Real Estate,Real Estate Services,NASDAQ,78.21,29,20,30,21,143.01,6469160741.036255,45984938.0,2.06,-31.79,259753,259281,225544,0.053
4183,MRSH,Financial Services,Insurance Brokers,NYSE,78.21,29,25,31,28,165.52,79708083421.6961,481794501.0,0.0145000005,-27.73,3097551,2804997,2910222,0.076
4184,AIFU,Financial Services,Insurance Brokers,NASDAQ,78.2,28,8,9,7,2.39,299840694.9092841,118514110.0,0.0005,-74.57,47396,25352,19721,-0.398
4185,PGY,Technology,Software - Infrastructure,NASDAQ,78.2,28,24,12,80,14.8,1206599494.2939892,82870842.0,0.2008,-67.1,4513368,4147872,3756789,0.096
4186,CLAR,Consumer Cyclical,Leisure,NASDAQ,78.2,28,24,23,26,2.92,110327060.42072105,38441486.0,0.071100004,-27.54,116397,249985,213615,0.025
4187,HLMN,Industrials,Tools & Accessories,NASDAQ,78.18,28,23,36,50,7.44,1432330161.2240124,196209606.0,0.0233,-31.43,2239190,1563010,1429752,0.03
4188,SNAP,Communication Services,Internet Content & Information,NYSE,78.18,28,27,12,23,5.59,9545247359.134037,1657160934.0,0.1144,-46.3,44540593,42632061,51996466,0.121
4189,XLO,Healthcare,Biotechnology,NASDAQ,78.17,28,25,18,23,7.9,50628569.04589176,6575139.0,0.0324,-37.99,25109,52913,44915,3.317
4190,VHC,Technology,Software - Infrastructure,NASDAQ,78.15,28,34,82,96,13.25,62369193.20322418,4185852.0,0.044499997,-54.31,27485,17655,23755,
4191,MSIF,Financial Services,Asset Management,NYSE,78.13,28,37,32,30,11.74,537794400.3719511,45345229.0,0.0045,-35.12,246864,286424,276876,0.026
4192,DSGX,Technology,Software - Application,NASDAQ,78.12,28,23,22,25,74.8,6466229726.967705,85690827.0,3.06,-31.38,712332,516244,553036,0.147
4193,AJG,Financial Services,Insurance Brokers,NYSE,78.11,28,20,21,24,217.05,55535443723.17505,256942000.0,0.021300001,-33.79,1601880,1848016,1832876,0.346
4194,SDGR,Healthcare,Health Information Services,NASDAQ,78.06,28,18,14,28,14.52,1074484019.6711082,74720724.0,0.24520001,-47.45,1543277,1431282,1428693,-0.016
4195,VALU,Financial Services,Financial Data & Stock Exchanges,NASDAQ,78.06,28,31,45,36,32.4,304991378.3761673,9387238.0,0.0126,-20.0,3807,2235,2203,-0.077
4196,EGAN,Technology,Software - Application,NASDAQ,77.96,28,33,78,90,7.25,197640577.96431255,27450081.0,0.059,-54.55,294670,310243,255666,0.071
4197,AOS,Industrials,Specialty Industrial Machinery,NYSE,77.96,28,22,47,42,59.23,7883797397.954895,137828624.0,0.0788,-27.65,1550585,1767298,1619803,-0.019
4198,IBN,Financial Services,Banks - Regional,NYSE,77.94,28,23,31,35,26.29,93041757715.26149,3585424084.0,0.0155,-23.95,7309143,7335667,7169540,0.669
4199,OTF,Financial Services,Asset Management,NYSE,77.89,28,21,27,30,11.28,5223230465.5116005,462642204.0,0.0164,-47.83,2294845,2109445,2009697,0.783
4200,GECC,Financial Services,Asset Management,NASDAQ,77.86,28,20,14,15,6.01,84880396.80478811,13892045.0,0.0397,-47.53,112816,100288,85679,-0.236
4201,PXLW,Technology,Semiconductors,NASDAQ,77.85,28,25,27,16,6.02,40661217.7704134,6363258.0,0.0364,-60.96,104479,130343,94135,-0.937
4202,VFF,Consumer Defensive,Farm Products,NASDAQ,77.83,28,87,95,99,2.09,238863343.9305234,114288686.0,0.0479,-58.12,1144973,1147971,1127800,0.266
4203,USNA,Consumer Defensive,Packaged Foods,NYSE,77.83,28,17,17,12,19.01,332888101.00754356,18463011.0,0.0546,-50.39,104543,113834,112282,0.003
4204,UL,Consumer Defensive,Household & Personal Products,NYSE,77.8,28,23,43,37,57.58,122823725581.51865,2165439403.0,0.83,-23.21,4655399,4196959,4729119,
4205,LEGT,Financial Services,Shell Companies,NYSE ARCA,77.8,28,46,54,49,9.52,239650747.49752808,22565984.0,0.0068,-20.24,85090,119456,91578,
4206,MBLY,Consumer Cyclical,Auto Parts,NASDAQ,77.79,28,20,12,14,9.33,7975502980.157962,842186141.0,0.1765,-53.77,5537262,6012010,6529952,0.274
4207,AQST,Healthcare,Drug Manufacturers - Specialty & Generic,NASDAQ,77.79,28,65,41,91,3.99,493018976.04469895,125450119.0,0.12550001,-47.15,1530341,1664803,1474830,0.657
4208,SFM,Consumer Defensive,Grocery Stores,NASDAQ,77.76,28,30,22,9,84.74,7793451482.170387,94044301.0,0.1359,-51.29,1895924,2336154,2092878,0.041
4209,ONC,Healthcare,Biotechnology,NASDAQ,77.72,28,49,42,75,268.17,28023204344.947174,103751217.0,0.0147,-30.39,268773,244177,230852,0.355
4210,CLX,Consumer Defensive,Household & Personal Products,NYSE,77.7,28,17,41,18,98.48,11383535909.335464,120921351.0,0.08939999,-25.41,2853939,3425573,2972027,0.001
4211,ACIU,Healthcare,Biotechnology,NASDAQ,77.68,28,67,76,85,2.26,228990539.25,101773573.0,0.0661,-43.5,332974,294304,281738,0.13
4212,DCX,Consumer Cyclical,Auto Manufacturers,NASDAQ,77.66,28,4,0,0,3.03,48171410.07336974,19823625.0,0.0028,-99.91,17135,17468,346911,
4213,BBAI,Technology,Information Technology Services,NYSE,77.61,28,31,29,90,3.99,2011587598.6476421,478949450.0,0.26229998,-57.51,58152326,48987638,40753297,-0.009
4214,EYPT,Healthcare,Biotechnology,NASDAQ,77.54,28,84,79,93,11.77,987650468.0519581,83841298.0,0.17790002,-38.41,1185332,945737,938438,1.617
4215,QNST,Communication Services,Advertising Agencies,NASDAQ,77.54,28,36,26,23,12.08,686472160.5431652,57445370.0,0.1325,-29.48,743996,907022,801509,0.283
4216,TWI,Industrials,Farm & Heavy Construction Machinery,NYSE,77.53,28,27,30,38,7.46,469271585.9444046,64371960.0,0.0466,-36.24,510954,576351,973186,0.029
4217,INGR,Consumer Defensive,Packaged Foods,NYSE,77.51,28,28,38,25,101.64,6304645130.46508,63059061.0,0.0573,-27.64,744831,840747,703772,-0.012
4218,RELX,Industrials,Specialty Business Services,NYSE,77.48,28,28,22,24,34.94,61934121525.49077,1761994846.0,0.0023999999,-35.74,2884840,2529576,2631086,0.012
4219,ELUT,Healthcare,Medical Devices,NASDAQ,77.46,28,28,43,4,0.97,44164028.3331635,44208236.0,0.0033000002,-63.26,94641,135720,109646,0.162
4220,LOPE,Consumer Defensive,Education & Training Services,NASDAQ,77.43,28,29,40,25,149.65,4045286334.916504,26514296.0,0.052199997,-32.9,288918,273509,256079,0.067
4221,EDU,Consumer Defensive,Education & Training Services,NYSE,77.4,28,38,62,49,45.06,7625413243.24078,166712133.0,0.0287,-30.64,503563,664541,755104,0.198
4222,PSEC,Financial Services,Asset Management,NASDAQ,77.38,28,30,38,23,2.21,1117247075.7459626,501007653.0,0.0876,-36.86,4556479,6071216,5512479,-0.121
4223,GEHC,Healthcare,Medical Devices,NASDAQ,77.36,28,23,33,63,66.01,29417850967.688263,454891786.0,0.030299999,-26.47,4904944,6250884,5036480,0.074
4224,GPI,Consumer Cyclical,Auto & Truck Dealerships,NYSE,77.36,28,31,19,34,328.29,3700338023.0,11898193.0,0.1122,-32.78,191041,180153,153392,-0.018
4225,WEAV,Healthcare,Health Information Services,NYSE,77.33,28,18,12,15,5.58,452728467.70278215,79565635.0,0.0583,-44.42,910886,1375732,1309265,0.174
4226,MBC,Consumer Cyclical,"Furnishings, Fixtures & Appliances",NYSE,77.29,28,10,17,28,8.75,1082749636.2822247,127984590.0,0.221,-38.47,5381723,4132431,3231478,-0.064
4227,NNDM,Technology,Computer Hardware,NASDAQ,77.28,28,37,55,58,1.49,326365389.9889884,209208591.0,0.0598,-35.78,2758285,2690595,2369597,1.064
4228,OXLC,Financial Services,Asset Management,NASDAQ,77.27,28,26,11,18,9.36,941342640.2453461,97649648.0,0.041100003,-58.77,996220,1012743,1030028,-0.102
4229,FRSH,Technology,Software - Application,NASDAQ,77.27,28,21,12,25,9.38,2612302825.424367,276434167.0,0.0922,-41.56,10800203,10606887,10287028,0.165
4230,TAP,Consumer Defensive,Beverages - Brewers,NYSE,77.26,28,23,33,33,40.52,7325756379.162598,187551360.0,0.1967,-26.09,3427230,3473570,3190946,0.02
4231,AMPH,Healthcare,Drug Manufacturers - Specialty & Generic,NASDAQ,77.22,28,14,17,29,20.16,870394210.9679317,44092919.0,0.17940001,-35.51,612146,709252,607639,0.004
4232,TRU,Financial Services,Financial Data & Stock Exchanges,NYSE,77.21,28,27,27,32,69.92,13623248706.054688,192800000.0,0.048600003,-29.65,1685718,2006232,2064499,0.137
4233,AUNA,Healthcare,Medical Care Facilities,NYSE,77.2,28,31,35,13,4.81,326588377.53990173,74056324.0,0.0367,-29.78,414242,364754,309306,0.13
4234,ATR,Healthcare,Medical Instruments & Supplies,NYSE,77.2,28,27,44,24,115.9,7234671060.71283,63820316.0,0.033,-29.45,462263,557897,503540,0.108
4235,GPOR,Energy,Oil & Gas E&P,NYSE,77.18,28,32,60,68,166.58,3019977822.588806,17969641.0,0.0494,-26.22,261161,297993,305012,0.323
4236,HNRG,Utilities,Utilities - Independent Power Producers,NASDAQ,77.18,28,47,59,87,16.19,785192323.5284729,47130392.0,0.075100005,-34.45,718082,989090,946744,-0.135
4237,COR,Healthcare,Medical Distribution,NYSE,77.16,28,20,74,82,279.57,53512075604.90906,194561060.0,0.0309,-25.95,1546864,2072361,1782770,0.038
4238,FBRT,Real Estate,REIT - Mortgage,NYSE,77.15,28,28,30,36,8.35,659572963.6427536,76963009.0,0.081999995,-29.48,895312,903924,810556,0.061
4239,SSTI,Technology,Software - Application,NASDAQ,77.06,28,18,13,9,7.71,98190841.47169304,12953937.0,0.0875,-54.43,126847,112059,98291,-0.147
4240,SLRC,Financial Services,Asset Management,NASDAQ,77.01,28,29,36,45,12.89,697753766.7789059,54554634.0,0.016,-25.06,276198,509906,430625,-0.073
4241,LRE,Real Estate,Real Estate - Development,NASDAQ,76.99,28,51,51,17,1.24,17734470.64950347,13641901.0,0.024,-58.25,78176,65378,42335,0.122
4242,BGS,Consumer Defensive,Packaged Foods,NYSE,76.97,27,73,73,34,3.86,316551311.6406884,81167001.0,0.1842,-39.5,2203887,2184925,2029769,-0.039
4243,ICE,Financial Services,Financial Data & Stock Exchanges,NYSE,76.97,27,34,40,34,141.56,80020018042.5,565512495.0,0.0164,-25.24,5633745,4055878,3599627,0.204
4244,LW,Consumer Defensive,Packaged Foods,NYSE,76.96,27,19,21,55,43.55,5815626314.882336,138072803.0,0.0559,-35.07,1316401,1482513,1900848,0.029
4245,BRSL,Consumer Cyclical,Gambling,NYSE,76.95,27,28,33,64,11.55,2078578853.1935806,184926948.0,0.030199999,-37.8,1514456,1598118,1446557,0.007
4246,KRRO,Healthcare,Biotechnology,NASDAQ,76.92,27,17,53,3,10.94,154609964.97124195,14422571.0,0.093,-80.43,131420,124746,141372,
4247,SYK,Healthcare,Medical Devices,NYSE,76.88,27,19,37,34,314.01,117178051916.82904,383360762.0,0.0156,-22.44,2928858,3005766,2533513,0.026
4248,CHPT,Consumer Cyclical,Specialty Retail,NYSE,76.88,27,18,8,10,6.94,186980890.38646078,25897631.0,0.1472,-60.11,771847,579069,556851,0.073
4249,VST,Utilities,Utilities - Independent Power Producers,NYSE,76.87,27,31,43,47,146.22,50159262087.481384,337182468.0,0.0461,-33.48,3863726,5270675,4601105,0.434
4250,ASR,Industrials,Airports & Air Services,NYSE,76.83,27,34,59,60,278.13,8473248387.582886,30032069.0,0.024,-27.1,65682,76654,75176,0.008
4251,GTN,Communication Services,Broadcasting,NYSE,76.82,27,35,49,70,4.07,411981228.0649662,102738455.0,0.0001,-36.8,1055745,1346811,1290497,-0.018
4252,LCII,Consumer Cyclical,Recreational Vehicles,NYSE,76.8,27,49,80,81,93.43,2289123192.3987885,24285202.0,0.1113,-41.48,377783,342641,375620,0.043
4253,TLIH,Industrials,Industrial Distribution,NASDAQ,76.79,27,16,6,3,4.19,11820548.643915653,2940435.0,0.067,-94.01,20269,885953,534812,0.399
4254,MCI,Financial Services,Asset Management,NYSE,76.79,27,24,43,40,16.82,350681118.14204407,20555752.0,0.0008,-26.87,31424,41924,50540,-0.207
4255,JBS,Consumer Defensive,Packaged Foods,NYSE,76.78,27,57,61,38,11.85,13107532558.015738,1070876863.0,0.1022,-36.46,10801415,8402208,6815491,0.107
4256,LYFT,Technology,Software - Application,NASDAQ,76.77,27,23,25,73,13.87,5182666416.962608,379682532.0,0.2336,-45.69,13527401,15246013,14392830,0.138
4257,ALLE,Industrials,Security & Protection Services,NYSE,76.76,27,21,43,64,131.05,11185411982.466522,85935861.0,0.0419,-28.43,896997,1077555,1004651,0.097
4258,VIRC,Consumer Cyclical,"Furnishings, Fixtures & Appliances",NASDAQ,76.73,27,26,27,17,6.11,91703234.4899311,15729543.0,0.0428,-32.78,62034,43718,44058,-0.091
4259,STNE,Technology,Software - Infrastructure,NASDAQ,76.69,27,20,51,73,10.66,2529573457.615795,243228226.0,0.112799995,-46.57,5187872,6396687,5968930,0.043
4260,DV,Communication Services,Advertising Agencies,NYSE,76.68,27,34,27,16,10.44,1573007937.25,153464189.0,0.0988,-37.93,3178776,3127602,2814307,0.096
4261,TU,Communication Services,Telecom Services,NYSE,76.63,27,25,39,23,12.26,19220205417.208065,1561348884.0,13.17,-26.76,5322665,5066028,5521677,-0.006
4262,SAIL,Technology,Software - Infrastructure,NASDAQ,76.57,27,13,20,37,15.66,10346139857.053053,567222587.0,0.162,-37.23,6037586,4169055,3764487,0.227
4263,WPRT,Consumer Cyclical,Auto Parts,NASDAQ,76.57,27,23,38,10,1.83,33051894.18525338,17395734.0,0.0424,-55.9,21868,27816,35215,-0.688
4264,CCLD,Healthcare,Health Information Services,NASDAQ,76.56,27,31,80,78,2.39,99858426.09755659,42492949.0,0.0153,-40.4,337916,630712,593865,0.132
4265,SANA,Healthcare,Biotechnology,NASDAQ,76.55,27,70,47,95,2.82,745821479.7779679,278291590.0,0.24620001,-56.95,4487071,4122783,3931056,
4266,BABA,Consumer Cyclical,Internet Retail,NYSE,76.54,27,34,40,73,119.7,290439155577.4393,2399133995.0,0.0197,-37.87,10657989,11594129,10925911,0.029
4267,PSKY,Communication Services,Entertainment,NASDAQ,76.53,27,34,19,52,10.24,11437948951.611448,1119173058.0,0.1508,-50.91,7810862,9435447,10439594,0.022
4268,BXC,Industrials,Industrial Distribution,NYSE,76.51,27,15,17,20,53.74,391454462.5625038,7782395.0,0.0596,-39.14,119875,145128,122571,0.031
4269,MNRO,Consumer Cyclical,Auto Parts,NASDAQ,76.5,27,51,33,73,14.66,436267106.962389,30025266.0,0.27879998,-38.69,1561193,1120131,982506,-0.072
4270,ONEW,Consumer Cyclical,Specialty Retail,NASDAQ,76.5,27,23,13,13,10.61,169166572.45127106,16617541.0,0.1302,-40.79,76257,116969,116807,-0.085
4271,SSNC,Technology,Software - Application,NASDAQ,76.46,27,24,30,56,68.69,16836708548.450592,240834039.0,0.0326,-24.57,2753643,2556481,2588374,0.088
4272,TM,Consumer Cyclical,Auto Manufacturers,NYSE,76.44,27,27,68,70,175.78,230899429516.36765,1303338365.0,0.0007,-29.38,641673,507871,462104,0.019
4273,PLMR,Financial Services,Insurance - Property & Casualty,NASDAQ,76.41,27,22,39,47,108.68,2875935098.828377,26503871.0,0.0335,-35.0,273947,282405,253437,0.597
4274,ENOV,Healthcare,Medical Devices,NYSE,76.4,27,33,22,17,23.96,1368838738.8651028,57562603.0,0.1741,-34.93,1000610,1110370,989284,0.054
4275,XYL,Industrials,Specialty Industrial Machinery,NYSE,76.39,27,24,35,61,110.87,26132023200.72638,237693493.0,0.0435,-28.13,1956773,2039564,2210992,0.027
4276,AVO,Consumer Defensive,Food Distribution,NASDAQ,76.38,27,49,54,56,10.87,903218543.7193508,88377546.0,0.16059999,-30.01,1999074,1307374,1181560,-0.166
4277,RADX,Healthcare,Biotechnology,NASDAQ,76.36,27,23,40,93,4.25,34055274.15323496,7883165.0,0.0075,-73.85,23637,37112,37665,1.545
4278,YIBO,Technology,Computer Hardware,NASDAQ,76.36,27,55,23,14,1.0,56864850.88897151,59234221.0,0.0039,-45.05,13483,23081,18786,0.113
4279,ENSG,Healthcare,Medical Care Facilities,NASDAQ,76.31,27,37,86,73,155.25,9953251798.361206,58445400.0,0.0405,-28.78,763943,643944,531794,0.184
4280,INCR,Healthcare,Drug Manufacturers - Specialty & Generic,NASDAQ,76.29,27,12,11,33,0.95,55774960.657036304,54681335.0,0.0007,-46.33,50595,32821,34923,0.239
4281,LPX,Industrials,Building Products & Equipment,NYSE,76.29,27,22,30,31,72.49,4932460421.394653,69864880.0,0.091800004,-29.53,1043591,1213490,1172264,-0.207
4282,GALT,Healthcare,Biotechnology,NASDAQ,76.27,27,24,73,98,2.41,153446567.31551743,65856898.0,0.1753,-66.2,269808,322659,334461,
4283,ZH,Communication Services,Internet Content & Information,NYSE,76.26,27,23,23,15,3.13,271659455.0825739,86792155.0,0.023,-43.6,232553,192664,296488,-0.107
4284,TELA,Healthcare,Medical Devices,NASDAQ,76.25,27,31,9,11,0.94,39394208.26653838,44766146.0,0.0255,-57.27,103831,190187,188468,0.029
4285,TMC,Basic Materials,Other Industrial Metals & Mining,NASDAQ,76.25,27,70,90,98,5.01,2218092176.9817753,433221138.0,0.1129,-55.86,7012903,6230281,5817454,
4286,AMTM,Industrials,Specialty Business Services,NYSE,76.24,27,31,75,85,22.51,5565259656.973846,244090344.0,0.090299994,-40.93,1955589,2166636,2001905,-0.004
4287,PINS,Communication Services,Internet Content & Information,NYSE,76.24,27,22,12,18,21.92,11998569987.076612,560157327.0,0.1899,-45.1,25766618,21919116,18606583,0.178
4288,HIPO,Financial Services,Insurance - Property & Casualty,NYSE,76.23,27,39,28,46,24.75,646211451.9944687,26035917.0,0.0247,-36.51,102108,124669,110347,0.089
4289,ZBIO,Healthcare,Biotechnology,NASDAQ,76.21,27,75,89,98,18.42,1102940052.8397503,63133377.0,0.2523,-58.7,530785,541901,633543,
4290,ZSQR,Technology,Software - Infrastructure,NASDAQ,76.21,27,52,48,95,10.33,520486703.2741327,51431493.0,2.76,-51.75,298629,226299,162403,
4291,MANH,Technology,Software - Application,NASDAQ,76.18,27,21,23,20,146.54,8735061803.168793,59164602.0,0.0571,-40.72,621730,619796,681800,0.074
4292,PHI,Communication Services,Telecom Services,NYSE,76.13,27,31,47,52,17.81,3920366824.5729923,216355775.0,0.0028,-27.34,183545,129935,116919,0.022
4293,WTW,Financial Services,Insurance Brokers,NASDAQ,76.11,27,22,35,53,261.16,24890820402.090576,94447976.0,0.0335,-25.97,719888,884596,762079,0.085
4294,MDIA,Communication Services,Broadcasting,NASDAQ,76.06,27,68,15,9,0.74,59825875.6023978,81729339.0,0.0019,-53.75,427931,168783,116866,0.12
4295,ELME,Real Estate,REIT - Residential,NYSE,76.06,27,24,25,58,2.04,180381499.94775558,88857883.0,0.0341,-88.46,1084555,1121945,1140701,0.017
4296,TWFG,Financial Services,Insurance Brokers,NASDAQ,76.04,27,18,17,41,20.65,258252626.34761047,12997112.0,0.07,-43.88,346172,291737,278786,0.353
4297,SONY,Technology,Consumer Electronics,NYSE,76.03,27,25,27,51,21.31,128910014846.25499,5888991249.0,0.0015,-29.76,5793285,7818528,6536071,0.154
4298,ACOG,Healthcare,Biotechnology,NASDAQ,76.02,27,32,29,14,6.0,126725289.01777267,21774104.0,0.0109,-48.01,37338,35952,51855,0.207
4299,LPLA,Financial Services,Capital Markets,NASDAQ,76.02,27,20,26,63,288.28,23074254788.807373,79982861.0,0.0395,-28.57,1239962,1059660,947472,0.35
4300,ALRM,Technology,Software - Application,NASDAQ,76.02,27,25,29,27,45.38,2244026597.880398,49460583.0,0.0764,-24.34,513873,503451,480854,0.11
4301,RLI,Financial Services,Insurance - Property & Casualty,NYSE,76.01,27,18,38,33,52.25,4815729875.980732,91938331.0,0.0624,-31.31,1020439,1001809,883219,0.04
4302,DKNG,Consumer Cyclical,Gambling,NASDAQ,75.97,26,19,17,27,27.59,12368491559.2165,496128817.0,0.0805,-43.44,14086049,12375169,12147623,0.168
4303,PHAT,Healthcare,Biotechnology,NASDAQ,75.94,26,89,74,93,9.82,807927813.0173445,79755953.0,0.1359,-46.37,1364869,1368139,1264511,1.044
4304,GSM,Basic Materials,Other Industrial Metals & Mining,NASDAQ,75.93,26,32,66,67,3.84,721281576.0175517,186860517.0,0.0224,-33.1,1231300,1397813,1225372,0.132
4305,RDNT,Healthcare,Diagnostics & Research,NASDAQ,75.91,26,24,44,67,56.18,4272984396.238632,78634236.0,0.1362,-34.55,711128,822829,802011,0.221
4306,EGHT,Technology,Software - Application,NASDAQ,75.9,26,76,52,34,1.77,266848661.39026415,141189769.0,0.0172,-38.54,1596580,1942833,1627282,0.046
4307,PAHC,Healthcare,Drug Manufacturers - Specialty & Generic,NASDAQ,75.9,26,50,93,89,32.65,1315513752.259369,40564716.0,0.0665,-45.66,404592,462340,375086,0.103
4308,PAPL,Financial Services,Mortgage Finance,NYSE ARCA,75.9,26,23,2,16,1.01,24523332.817799807,26088652.0,0.0297,-89.4,138943,874731,4508566,-0.048
4309,ONON,Consumer Cyclical,Footwear & Accessories,NYSE,75.89,26,19,24,41,38.25,12359867258.304977,333329737.0,0.063,-34.14,5064224,6559268,6436972,0.145
4310,FICO,Technology,Software - Application,NYSE,75.87,26,15,15,52,1225.15,26375712101.84839,23190906.0,0.0921,-38.68,318861,349283,369854,0.387
4311,THO,Consumer Cyclical,Recreational Vehicles,NYSE,75.86,26,18,33,62,78.81,3940742977.2335052,52057373.0,0.1078,-35.84,975617,745622,742175,-0.039
4312,CION,Financial Services,Asset Management,NYSE,75.86,26,20,19,58,6.99,334583480.753808,49789210.0,0.024,-36.05,429394,535131,553538,-0.117
4313,TSLX,Financial Services,Asset Management,NYSE,75.76,26,25,26,49,17.22,1652390786.0046387,95019600.0,0.0851,-31.59,658186,745318,703703,-0.197
4314,FSCO,Financial Services,Asset Management,NYSE,75.76,26,24,22,32,4.75,970894334.5798731,202269645.0,0.0038,-37.91,1379770,1116843,1100530,
4315,OMSE,Energy,Oil & Gas Equipment & Services,NASDAQ,75.75,26,23,24,13,4.4,191443664.7557373,42448704.0,0.00090000004,-48.84,13972,10854,10680,-0.359
4316,PLTR,Technology,Software - Infrastructure,NASDAQ,75.73,26,32,68,91,132.07,324907689316.4038,2397311977.0,0.033099998,-36.36,46490401,42609387,45387420,0.847
4317,SRG,Real Estate,Real Estate Services,NYSE,75.72,26,24,27,31,2.71,151513198.74291992,56324608.0,0.1116,-40.57,533024,402758,349576,-0.984
4318,BIRD,Consumer Cyclical,Apparel Retail,NASDAQ,75.69,26,71,10,11,3.93,33727174.65815163,8806051.0,0.1902,-83.83,390688,522036,7628519,-0.305
4319,HLI,Financial Services,Capital Markets,NYSE,75.66,26,24,25,38,141.04,9616519639.75,69059387.0,0.034,-33.4,602386,739742,653287,-0.046
4320,QGEN,Healthcare,Diagnostics & Research,NYSE,75.66,26,14,37,50,37.75,7565250062.942505,206250000.0,0.0498,-34.71,2295505,2532278,2075755,0.018
4321,CDRE,Industrials,Aerospace & Defense,NYSE,75.63,26,24,30,79,30.19,1284351514.3055592,42797451.0,0.076799996,-38.08,288324,396081,399082,0.195
4322,CULP,Consumer Cyclical,Textile Manufacturing,NASDAQ,75.61,26,31,19,19,3.05,40014398.52685547,12662784.0,0.0025,-36.46,22817,26319,36565,-0.082
4323,SY,Healthcare,Health Information Services,NASDAQ,75.6,26,80,95,97,1.86,193734112.69483995,100380372.0,0.0353,-70.38,807304,758934,637904,0.456
4324,IBP,Consumer Cyclical,Residential Construction,NYSE,75.59,26,23,84,84,206.03,5323753719.543304,26940710.0,0.06,-40.97,470061,538893,448920,-0.035
4325,ACRV,Healthcare,Biotechnology,NASDAQ,75.59,26,80,24,79,1.42,61206470.22495997,42801729.0,0.0871,-60.11,371129,472506,631789,
4326,META,Communication Services,Internet Content & Information,NASDAQ,75.58,26,29,37,34,584.59,1505285019272.0,2538423304.0,0.0146,-26.58,21779331,18025767,17068038,0.331
4327,ETS,Industrials,Trucking,NASDAQ,75.56,26,15,7,2,0.57,8876553.134902954,16716672.0,0.0139,-86.52,60501,74110,58038,0.163
4328,COCP,Healthcare,Biotechnology,NASDAQ,75.56,26,62,24,14,1.02,13235954.584153354,13787453.0,0.0228,-61.8,121692,131804,3039400,
4329,T,Communication Services,Telecom Services,NYSE,75.54,26,33,65,31,22.71,158074708496.25,6948338835.0,0.015800001,-23.77,51105846,39876868,39492883,0.029
4330,NOMD,Consumer Defensive,Packaged Foods,NYSE,75.52,26,13,17,20,10.23,1385330463.4595604,139791169.0,0.0148,-44.19,1260560,1649476,1414992,-0.059
4331,OPAL,Utilities,Utilities - Regulated Gas,NASDAQ,75.5,26,37,31,54,2.0,63599055.5485363,30357544.0,0.0688,-41.18,244132,238260,211834,-0.141
4332,CARG,Consumer Cyclical,Auto & Truck Dealerships,NASDAQ,75.49,26,58,34,67,28.26,2472930234.0407295,90187098.0,0.1667,-28.31,1659566,1561535,1288887,0.148
4333,GXAI,Communication Services,Electronic Gaming & Multimedia,NASDAQ,75.47,26,57,64,13,1.19,14103508.871267557,10219934.0,0.0168,-59.8,11893784,4160594,2994702,75.242
4334,CALM,Consumer Defensive,Farm Products,NASDAQ,75.44,26,25,47,31,77.69,3584039030.140938,47376589.0,0.14829999,-38.54,704057,726802,817937,-0.53
4335,MATV,Basic Materials,Specialty Chemicals,NYSE,75.39,26,29,56,88,7.69,410073667.4738445,55117428.0,0.019199999,-50.32,448576,423242,421255,-0.011
4336,MH,Consumer Defensive,Education & Training Services,NYSE,75.37,26,25,27,64,12.97,2332128554.2761297,191001519.0,0.13,-27.94,458195,394385,383017,0.042
4337,KEQU,Consumer Cyclical,"Furnishings, Fixtures & Appliances",NASDAQ,75.31,26,28,31,24,36.02,107231425.00262451,2866384.0,0.0191,-40.84,2206,2008,2701,0.033
4338,NRG,Utilities,Utilities - Independent Power Producers,NYSE,75.31,26,31,67,81,129.96,27259451280.12039,210986470.0,0.0257,-31.59,2277022,2662650,2660440,0.195
4339,BTBT,Financial Services,Capital Markets,NASDAQ,75.3,26,38,14,15,1.76,572672283.804791,349190420.0,0.1717,-61.32,23973007,26484402,23273069,0.109
4340,CBZ,Industrials,Specialty Business Services,NYSE,75.27,26,11,7,21,33.74,1820301493.1322937,53648732.0,0.0907,-56.69,580885,820455,852673,0.013
4341,TWAV,Financial Services,Asset Management,NASDAQ,75.21,26,56,6,12,1.52,5806330.138717771,3456149.0,0.0093,-72.36,6489269,2383629,1456423,0.137
4342,MAIA,Healthcare,Biotechnology,NYSE ARCA,75.19,26,22,37,21,1.3,82689031.74976182,60800758.0,0.0506,-59.25,1422137,846745,775617,
4343,GGRP,Technology,Software - Infrastructure,NASDAQ,75.19,26,6,9,13,0.78,17033567.98907399,21698812.0,0.0543,-57.84,132338,535246,344043,-0.538
4344,VTS,Energy,Oil & Gas E&P,NYSE,75.18,26,27,34,28,17.67,734972945.8864594,41712424.0,0.1539,-34.92,468023,468841,521186,0.022
4345,FISK,Real Estate,REIT - Office,NYSE ARCA,75.18,26,19,20,21,5.41,1514383912.057125,279923097.0,3.77,-40.09,10,303,608,0.049
4346,ADUS,Healthcare,Medical Care Facilities,NASDAQ,75.12,26,27,39,60,92.7,1719025841.119812,18664776.0,0.0591,-25.51,202911,261083,249556,0.077
4347,MDBH,Financial Services,Capital Markets,NASDAQ,75.11,26,55,19,16,2.81,31315896.0,10438632.0,0.00029999999,-48.91,6405,4375,5621,-0.947
4348,MORN,Financial Services,Financial Data & Stock Exchanges,NASDAQ,75.1,26,25,21,16,184.66,7064084414.785858,38028018.0,0.0743,-41.69,461461,552633,522190,0.108
4349,KTOS,Industrials,Aerospace & Defense,NASDAQ,75.1,26,29,93,93,56.19,10973669549.519836,187519984.0,0.080299996,-58.07,5419956,4648888,4399253,0.226
4350,AMSF,Financial Services,Insurance - Specialty,NASDAQ,75.09,26,17,25,26,31.24,592909554.9698448,18703771.0,0.026700001,-34.73,271298,237919,222531,0.103
4351,JCAP,Financial Services,Credit Services,NASDAQ,75.08,26,40,52,77,16.19,899995891.3957195,55418467.0,0.0435,-31.97,237613,231971,258624,0.119
4352,SFIX,Consumer Cyclical,Apparel Retail,NASDAQ,75.08,26,21,17,76,3.62,466907028.8158417,136522520.0,0.1582,-39.06,1739826,1705625,1758573,0.094
4353,LUD,Basic Materials,Steel,NYSE ARCA,75.05,26,59,10,91,4.79,113450000.0,22690000.0,0.0097,-80.21,54673,94734,121312,-0.177
4354,OSIS,Technology,Electronic Components,NASDAQ,75.05,26,30,76,78,215.39,3259161769.2774963,16482890.0,0.1663,-30.9,248510,350016,308468,0.02
4355,LEN,Consumer Cyclical,Residential Construction,NYSE,74.93,26,17,26,35,92.56,22287532278.890076,246298296.0,0.0028,-35.83,2417496,2487715,2776641,-0.133
4356,CCAP,Financial Services,Asset Management,NASDAQ,74.9,26,36,33,37,11.16,409358514.0699463,36845952.0,0.0155,-30.4,195115,232588,226399,-0.1
4357,ONMD,Healthcare,Health Information Services,NASDAQ,74.89,26,90,73,95,0.65,36851415.78627974,54433407.0,0.020399999,-84.6,229807,295845,550695,-0.299
4358,WU,Financial Services,Credit Services,NYSE,74.86,26,44,64,61,7.43,2337014583.8792267,312435104.0,0.1785,-28.21,9137765,8052671,8578673,-0.001
4359,HLLY,Consumer Cyclical,Auto Parts,NYSE,74.85,25,26,51,90,2.62,309350501.3244457,120369848.0,0.0349,-41.52,920125,926605,789063,-0.037
4360,GRFS,Healthcare,Drug Manufacturers - General,NASDAQ,74.85,25,28,33,55,7.34,5199595292.813393,680575312.0,8.37,-34.11,600771,604863,662022,-0.048
4361,HRZN,Financial Services,Asset Management,NASDAQ,74.85,25,14,14,31,4.31,314001104.09011316,68261111.0,0.051999997,-49.05,943012,895240,937260,-0.018
4362,NMRA,Healthcare,Biotechnology,NASDAQ,74.84,25,74,96,87,1.65,302013316.8364959,185284244.0,0.0427,-54.79,814288,1270002,1349097,
4363,GROY,Basic Materials,Gold,NYSE ARCA,74.83,25,76,90,95,2.84,653190021.2206554,230809201.0,0.038399998,-47.94,1864350,1862170,1946418,1.287
4364,CNVS,Communication Services,Entertainment,NASDAQ,74.82,25,50,32,11,2.48,54514855.74149799,21294866.0,0.0269,-66.44,86913,120554,128818,-0.6
4365,TRAK,Technology,Software - Application,NYSE,74.8,25,15,8,13,9.97,182826071.52593136,18173565.0,0.1306,-55.03,64355,124875,136237,-0.005
4366,OCCI,Financial Services,Asset Management,NASDAQ,74.8,25,23,11,22,3.17,93954469.88481092,29088071.0,0.0128999995,-50.7,150308,256792,253163,0.092
4367,TIC,Industrials,Specialty Business Services,NYSE,74.78,25,36,15,29,8.17,1852337046.8163185,221042604.0,0.0987,-45.33,2106797,2472959,2565603,1.084
4368,PHAR,Healthcare,Biotechnology,NASDAQ,74.73,25,33,69,88,12.59,885711035.2937317,70625230.0,0.0001,-41.0,11316,13948,13531,-0.084
4369,KC,Technology,Software - Application,NASDAQ,74.72,25,77,52,19,11.43,3499631258.2294893,299369665.0,0.0404,-38.28,1636452,1506330,1394160,0.372
4370,ULTA,Consumer Cyclical,Specialty Retail,NASDAQ,74.71,25,36,73,83,477.9,20079017803.633118,42989311.0,0.052600004,-33.16,1122118,827719,757159,0.111
4371,EVI,Industrials,Industrial Distribution,NYSE ARCA,74.7,25,28,36,60,17.16,226882451.38981056,12869113.0,0.026800001,-50.72,42992,40137,34402,0.081
4372,HBNB,Real Estate,Real Estate Services,NASDAQ,74.68,25,83,84,81,5.15,1324623269.049492,234032386.0,0.0001,-73.29,5685,7005,6031,8.926
4373,RZLT,Healthcare,Biotechnology,NASDAQ,74.68,25,17,63,3,3.9,409242406.75,96292331.0,0.22799999,-65.96,2589781,1667650,1621872,
4374,OSG,Financial Services,Insurance - Specialty,NYSE,74.67,25,19,14,37,5.55,245774214.03713226,45013592.0,0.0301,-46.53,454169,763713,685539,0.66
4375,HRTG,Financial Services,Insurance - Property & Casualty,NYSE,74.66,25,28,84,92,21.62,670861309.3806267,30273525.0,0.0403,-32.4,497425,516331,425575,0.005
4376,INR,Energy,Oil & Gas E&P,NYSE,74.64,25,55,77,21,13.59,246771145.25873184,18751607.0,0.090500005,-31.71,455990,437120,380500,0.818
4377,TDUP,Consumer Cyclical,Internet Retail,NASDAQ,74.62,25,15,14,97,4.91,621976899.8713293,129040846.0,0.2158,-60.02,2078445,2525145,2491891,0.146
4378,CATX,Healthcare,Medical Devices,NYSE ARCA,74.58,25,74,94,23,3.0,345559973.64711213,114046197.0,0.1321,-51.3,1488748,1455346,1325997,-0.778
4379,PWP,Financial Services,Capital Markets,NASDAQ,74.55,25,27,29,24,15.31,1129081274.7316017,72938069.0,0.13149999,-40.95,1585274,1402978,1175776,-0.297
4380,FSK,Financial Services,Asset Management,NYSE,74.52,25,17,13,28,10.87,2996710779.681567,280066433.0,0.0464,-52.07,2710221,3492727,3418238,-0.24
4381,PRGO,Healthcare,Drug Manufacturers - Specialty & Generic,NYSE,74.52,25,12,9,8,11.18,1498522938.543377,138367770.0,0.1603,-60.69,3112910,2681240,2795496,-0.072
4382,VIPS,Consumer Cyclical,Internet Retail,NYSE,74.49,25,32,35,76,13.57,6498060277.95393,480270540.0,0.0202,-35.63,2968370,2608376,2442382,0.012
4383,MLKN,Consumer Cyclical,"Furnishings, Fixtures & Appliances",NASDAQ,74.47,25,24,66,25,15.02,1010578520.7019768,68374732.0,0.0563,-35.2,813269,730126,829159,0.058
4384,GPRO,Technology,Consumer Electronics,NASDAQ,74.44,25,80,13,84,0.86,155697390.3754276,172997105.0,0.1362,-71.8,7691464,8241944,8998162,-0.262
4385,FBIN,Industrials,Building Products & Equipment,NYSE,74.44,25,12,25,27,41.29,4659601031.844578,119293417.0,0.1034,-36.32,2189670,2765393,2646796,-0.021
4386,PRTS,Consumer Cyclical,Auto Parts,NASDAQ,74.41,25,71,83,6,5.95,48185680.03369045,8057806.0,0.0356,-56.25,65246,65135,58898,-0.105
4387,ITRG,Basic Materials,Other Precious Metals & Mining,NYSE ARCA,74.39,25,75,89,98,2.34,487426520.3693993,202251661.0,0.0086,-51.95,3396671,2496953,2671274,0.082
4388,ISRG,Healthcare,Medical Instruments & Supplies,NASDAQ,74.38,25,22,39,72,426.61,149477968229.86462,354162842.0,0.019,-29.36,2789803,2377487,2302786,0.23
4389,ZIP,Communication Services,Internet Content & Information,NYSE,74.37,25,75,10,25,3.36,259241714.44221735,81522550.0,0.0678,-48.15,628466,762272,796927,-0.023
4390,CMTG,Real Estate,REIT - Mortgage,NYSE,74.35,25,20,15,28,2.43,339329419.5778427,140218764.0,0.0312,-39.1,442250,475850,408068,
4391,ASPS,Real Estate,Real Estate Services,NASDAQ,74.34,25,30,31,17,6.34,69252745.35409784,11278949.0,0.049200002,-60.28,8434,16818,19324,0.095
4392,RLX,Consumer Defensive,Tobacco,NYSE,74.31,25,36,41,58,1.98,2444509128.0,1222254564.0,0.0104,-30.28,3305217,2818899,2434381,1.074
4393,WGO,Consumer Cyclical,Recreational Vehicles,NYSE,74.28,25,22,41,65,28.8,782962321.4650841,28265787.0,0.090500005,-42.58,672496,627508,660399,0.06
4394,IIIN,Industrials,Metal Fabrication,NYSE,74.26,25,19,45,49,28.25,552681555.0584736,19433247.0,0.0473,-32.16,250570,222713,242050,0.075
4395,SDHC,Real Estate,Real Estate - Development,NYSE,74.26,25,13,14,50,13.25,105843221.30738068,8347257.0,0.2522,-43.62,95787,90702,102957,-0.081
4396,ALC,Healthcare,Medical Instruments & Supplies,NYSE,74.25,25,17,40,35,67.9,32583235809.32617,487700000.0,2.8,-26.63,2092939,2495649,2028467,0.094
4397,IP,Consumer Cyclical,Packaging & Containers,NYSE,74.25,25,16,31,20,34.12,17797065819.331512,529516974.0,0.1499,-39.21,5480942,6750714,6813712,0.134
4398,COOT,Consumer Defensive,Packaged Foods,NASDAQ,74.22,25,25,36,49,0.61,17101803.11554396,27898538.0,0.0117999995,-86.44,88956,81228,93775,0.491
4399,EUDA,Real Estate,Real Estate Services,NASDAQ,74.22,25,4,2,73,15.84,48088857.900857925,2994325.0,0.013099999,-81.58,5605,56661,143451,0.789
4400,SPOT,Communication Services,Internet Content & Information,NYSE,74.19,25,16,28,32,496.22,102182891823.96051,205620061.0,0.040700004,-36.79,1883875,2601241,2177551,0.082
4401,SHOP,Technology,Software - Application,NASDAQ,74.19,25,22,43,85,110.42,142145087167.4383,1297654610.0,0.0179,-39.39,9272448,12398759,10487753,0.343
4402,OPFI,Financial Services,Credit Services,NYSE,74.18,25,31,24,65,8.44,709617926.7124329,85393248.0,0.036199998,-43.85,682121,776163,603454,-0.022
4403,PERI,Communication Services,Internet Content & Information,NASDAQ,74.18,25,71,35,61,7.84,325466770.04674053,41302889.0,0.0145000005,-31.47,674482,501807,396444,0.012
4404,WNC,Industrials,Farm & Heavy Construction Machinery,NYSE,74.17,25,18,25,23,7.93,298546923.9863548,40673967.0,0.0845,-38.72,615655,851618,714611,-0.204
4405,CODX,Healthcare,Medical Devices,NASDAQ,74.1,25,5,3,11,4.5,20748318.241750717,3685314.0,0.0558,-90.32,4151892,11440254,6923412,1.903
4406,SWIM,Industrials,Building Products & Equipment,NASDAQ,74.07,25,21,33,35,5.6,619933214.5539317,117411589.0,0.058000002,-37.54,719342,774837,670722,0.053
4407,GPC,Consumer Cyclical,Auto Parts,NYSE,74.05,25,19,28,55,99.41,13654835112.48349,139122108.0,0.0582,-34.41,1520883,1478561,1678794,0.068
4408,ARLO,Industrials,Building Products & Equipment,NYSE,74.04,25,41,41,30,12.77,1390205678.3156786,108609817.0,0.1142,-35.96,1098532,1472144,1292212,0.263
4409,ECC,Financial Services,Asset Management,NYSE,74.03,25,25,14,21,4.03,536767590.5149536,132208768.0,0.0001,-49.59,855743,946497,1022400,-0.191
4410,MMSI,Healthcare,Medical Instruments & Supplies,NASDAQ,74.03,25,14,24,33,67.51,3846545250.657387,59654855.0,0.0652,-30.22,805304,894434,764486,0.075
4411,RVLV,Consumer Cyclical,Internet Retail,NYSE,74.01,25,25,42,69,20.27,1350968591.7881985,71555543.0,0.113000005,-36.02,1174829,1404243,1173199,0.156
4412,LGPS,Industrials,Conglomerates,NYSE ARCA,74.0,25,11,14,14,0.76,17083370.559394598,23628452.0,0.0011999999,-64.98,1148644,448091,283362,-0.018
4413,ESBA,Real Estate,REIT - Office,NYSE ARCA,73.99,25,21,16,22,5.37,1469596259.25,279923097.0,0.26,-38.63,8215,6068,7049,0.049
4414,BKNG,Consumer Cyclical,Travel Services,NASDAQ,73.98,25,23,29,57,163.99,128505836988.55042,774878436.0,0.033299997,-29.79,7523665,7785858,7491389,0.162
4415,AZTA,Healthcare,Medical Instruments & Supplies,NASDAQ,73.95,25,10,14,54,22.72,1045845747.3762131,46092804.0,0.2134,-45.55,1184722,1433757,1212208,0.01
4416,UBER,Technology,Software - Application,NYSE,73.95,25,32,32,54,70.38,143937204345.58344,2035599013.0,0.0305,-30.99,22458743,19525897,17264164,0.145
4417,IFN,Financial Services,Asset Management,NYSE,73.94,25,24,31,31,10.8,459361521.02451324,42651950.0,0.0070999996,-34.94,194103,158234,172828,-0.16
4418,CSTL,Healthcare,Diagnostics & Research,NASDAQ,73.94,25,19,61,93,21.08,637232298.4619751,30329952.0,0.0478,-52.39,358025,466928,396835,-0.049
4419,GEVO,Basic Materials,Specialty Chemicals,NASDAQ,73.9,24,64,90,86,1.5,396760465.10932434,243411329.0,0.1088,-49.49,2971605,3189661,4033667,0.475
4420,WDH,Financial Services,Insurance - Diversified,NYSE,73.9,24,38,62,77,1.4,503022725.6335739,359301953.0,0.0007,-35.78,143785,173498,182647,1.055
4421,SOFI,Financial Services,Credit Services,NASDAQ,73.84,24,22,40,89,16.47,20562342316.788483,1282741200.0,0.1368,-49.68,83637335,74838078,66483575,0.425
4422,CGC,Healthcare,Drug Manufacturers - Specialty & Generic,NASDAQ,73.82,24,30,29,67,1.02,435503583.65305066,422819025.0,0.0544,-57.14,7537968,7538416,10610609,-0.003
4423,BBWI,Consumer Cyclical,Specialty Retail,NYSE,73.81,24,19,29,14,18.3,3513222444.6717834,201561812.0,0.0675,-46.11,7056787,6193869,6292819,-0.032
4424,GWRS,Utilities,Utilities - Regulated Water,NASDAQ,73.8,24,16,23,21,7.03,208248703.57652664,28763634.0,0.026700001,-37.06,134853,113291,91676,0.067
4425,LMNR,Consumer Defensive,Farm Products,NASDAQ,73.8,24,28,29,28,12.1,214204353.52855492,18106877.0,0.0347,-29.61,118839,84666,84077,-0.469
4426,SES,Consumer Cyclical,Auto Parts,NYSE,73.78,24,14,82,98,1.08,435754350.1503167,369283364.0,0.0715,-71.05,8363917,10958855,9602981,0.158
4427,ROL,Consumer Cyclical,Personal Services,NYSE,73.75,24,27,45,67,47.53,22676859465.34729,481462000.0,0.0344,-28.14,6370093,3904961,3506462,0.102
4428,RYET,Consumer Defensive,Education & Training Services,NASDAQ,73.72,24,14,11,5,1.14,30942402.69782281,37280004.0,0.0019,-94.57,6005989,2012203,1229615,-0.911
4429,MYPS,Communication Services,Electronic Gaming & Multimedia,NASDAQ,73.7,24,14,10,8,0.57,78520437.70138335,128722026.0,0.0254,-63.92,1242361,881260,670710,-0.069
4430,LOCL,Consumer Defensive,Farm Products,NYSE,73.68,24,11,8,79,1.33,32142739.939092398,22796270.0,0.22729999,-66.71,28899,65673,1780685,0.149
4431,WVVIP,Consumer Defensive,Beverages - Wineries & Distilleries,NASDAQ,73.67,24,29,50,49,2.56,,,0.0,-28.49,2433,1907,1910,0.095
4432,INHD,Basic Materials,Steel,NASDAQ,73.63,24,0,1,0,39.49,4746732.684436321,4520698.0,0.061100002,-99.48,27977090,10974112,6957307,0.949
4433,NNNN,Healthcare,Medical Instruments & Supplies,NASDAQ,73.62,24,89,89,98,16.16,1009058677.9541016,43891200.0,0.0021,-70.96,31693,27024,27422,0.739
4434,FINV,Financial Services,Credit Services,NYSE,73.59,24,23,25,11,4.87,1163943389.3317785,236094002.0,0.0542,-55.32,1062083,1059521,1066168,-0.078
4435,SGRP,Industrials,Specialty Business Services,NASDAQ,73.58,24,13,22,12,0.75,20957214.670085907,28320560.0,0.0031,-46.81,102523,91774,75360,-0.103
4436,TAL,Consumer Defensive,Education & Training Services,NYSE,73.57,24,44,46,40,9.15,5817468089.745884,608521740.0,5.07,-31.56,3649312,3570377,3684068,0.315
4437,BMRA,Healthcare,Medical Devices,NASDAQ,73.53,24,25,15,19,2.05,6551369.926346779,3090269.0,0.0334,-55.43,23192,19197,21192,-0.118
4438,ALG,Industrials,Farm & Heavy Construction Machinery,NYSE,73.53,24,20,36,28,152.96,1817585334.4942627,12168343.0,0.051799998,-34.43,159958,202286,181237,0.067
4439,CRAI,Industrials,Consulting Services,NASDAQ,73.46,24,22,27,55,148.44,941729310.3719788,6463038.0,0.041100003,-34.69,157164,161691,169508,0.105
4440,RSSS,Technology,Software - Application,NASDAQ,73.45,24,30,24,25,2.21,75256947.0,33447532.0,0.0007,-46.36,76446,94985,75337,-0.043
4441,EXE,Energy,Oil & Gas E&P,NASDAQ,73.36,24,32,51,60,88.78,22025800054.42315,239228849.0,0.0253,-29.89,3641542,3049430,3168578,0.41
4442,MAX,Communication Services,Internet Content & Information,NYSE,73.36,24,31,30,68,9.31,490343729.3515396,54062155.0,0.104499996,-33.12,527112,633817,565482,0.173
4443,MLCO,Consumer Cyclical,Resorts & Casinos,NASDAQ,73.34,24,18,23,63,5.62,2213261766.639264,388291551.0,0.0376,-44.63,1681893,2177684,1812086,0.109
4444,JJSF,Consumer Defensive,Packaged Foods,NASDAQ,73.33,24,19,24,21,76.96,1414382600.3814697,18753416.0,0.1022,-40.45,223962,258707,262606,-0.032
4445,ALNY,Healthcare,Biotechnology,NASDAQ,73.32,24,23,35,78,297.69,40460983617.85785,133512573.0,0.0539,-39.93,1210873,1101644,1081934,0.964
4446,CNMD,Healthcare,Medical Devices,NYSE,73.32,24,17,24,15,36.9,1058639256.4457016,30109194.0,0.0904,-38.86,524967,488612,449703,-0.013
4447,MOMO,Communication Services,Internet Content & Information,NASDAQ,73.31,24,36,29,27,5.49,828862939.3364062,147747401.0,0.0252,-40.46,957319,618123,670745,-0.023
4448,KEP,Utilities,Utilities - Regulated Electric,NYSE,73.29,24,40,86,93,12.18,15907870268.86175,1283928154.0,0.001,-47.97,1267979,1058736,932207,0.007
4449,KWY,Financial Services,Asset Management,NYSE,73.29,24,35,35,74,10.28,289692526.0040436,28625744.0,0.0773,-38.81,61027,61939,72143,0.385
4450,YHGJ,Consumer Cyclical,Packaging & Containers,NASDAQ,73.27,24,10,8,16,3.62,8740967.151163101,2609244.0,0.0038,-64.82,7982,7674,5906,0.282
4451,OKLO,Utilities,Utilities - Independent Power Producers,NYSE,73.27,24,82,57,96,56.48,10107136461.378918,173990987.0,0.2309,-70.86,16819834,14787564,14457560,
4452,PLRX,Healthcare,Biotechnology,NASDAQ,73.24,24,26,39,14,1.19,71208284.87370622,61920249.0,0.056900002,-38.97,525334,472544,508762,
4453,STXS,Healthcare,Medical Instruments & Supplies,NYSE ARCA,73.23,24,22,28,44,1.85,173971323.20373058,97736700.0,0.0461,-48.47,388148,361379,388043,-0.158
4454,KLC,Consumer Defensive,Education & Training Services,NYSE,73.23,24,8,3,6,3.86,467791786.69710135,118428299.0,0.14819999,-66.75,762929,1080226,1079823,0.006
4455,RR,Industrials,Specialty Industrial Machinery,NASDAQ,73.21,24,46,29,96,2.3,537748308.6678679,223595973.0,0.28440002,-69.04,14966162,13967497,11885712,-0.088
4456,SGRY,Healthcare,Medical Care Facilities,NASDAQ,73.19,24,18,14,15,13.96,1793105706.0091724,130788162.0,0.2197,-42.07,1250060,1597313,1383888,0.045
4457,XTIA,Industrials,Aerospace & Defense,NASDAQ,73.18,24,70,88,9,1.86,69644795.88828325,38477789.0,0.123500004,-74.97,3739239,2142836,1883277,56.223
4458,PATK,Consumer Cyclical,Recreational Vehicles,NASDAQ,73.11,24,26,72,77,87.88,2799871232.1039352,32893223.0,0.0951,-40.82,363293,504387,535350,-0.006
4459,GPN,Industrials,Specialty Business Services,NYSE,73.11,24,29,28,30,63.81,18141405300.761147,273543507.0,0.0639,-29.6,4676015,3948901,3431369,0.631
4460,PD,Technology,Software - Application,NYSE,73.1,24,10,8,17,8.74,713383726.25,77122565.0,0.12529999,-51.44,2951102,2140574,2343434,0.01
4461,SST,Industrials,Specialty Business Services,NYSE,73.09,24,27,6,11,3.02,24858945.311355114,8150474.0,0.111,-79.87,167294,758381,2450162,-0.5
4462,AEI,Real Estate,Real Estate - Development,NASDAQ,73.08,24,69,67,96,1.33,52898329.35640931,38895830.0,0.038,-70.77,15035,14091,12575,-0.082
4463,TW,Financial Services,Capital Markets,NASDAQ,73.07,24,28,58,21,99.68,22354207666.984955,218026021.0,0.026800001,-32.42,2361267,1846245,1649205,0.212
4464,KOSS,Technology,Consumer Electronics,NASDAQ,73.06,24,22,25,22,3.98,37676423.420557976,9466438.0,0.0442,-53.67,21111,23573,25750,0.016
4465,HXHX,Industrials,Integrated Freight & Logistics,NASDAQ,73.06,24,15,11,2,0.51,6173750.013113022,13750000.0,0.0135,-72.28,5069035,1746551,1675505,-0.065
4466,AI,Technology,Software - Infrastructure,NYSE,73.04,24,11,8,13,10.79,1515387489.7993622,145291222.0,0.3548,-64.16,10580318,6535086,5820265,-0.525
4467,MQ,Technology,Software - Infrastructure,NASDAQ,73.03,24,25,25,35,3.97,1645237662.9664183,424030313.0,0.048299998,-43.61,6341204,4618811,3932430,0.192
4468,STLA,Consumer Cyclical,Auto Manufacturers,NYSE,73.0,24,25,13,68,7.04,20601280596.00902,2897507765.0,0.027,-42.39,14690330,17894823,19430384,0.065
4469,SPOK,Healthcare,Health Information Services,NASDAQ,72.99,24,18,26,22,10.75,223699877.8967762,20887010.0,0.0286,-44.33,151848,183619,170651,-0.085
4470,SITC,Real Estate,REIT - Retail,NYSE,72.93,24,27,35,39,5.06,261849609.2494545,52474874.0,0.0719,-61.36,682107,585032,611781,-0.698
4471,VZLA,Basic Materials,Other Industrial Metals & Mining,NYSE ARCA,72.89,24,61,45,94,3.33,1174316048.936113,349498835.0,0.1158,-53.69,7135323,6611621,7001004,
4472,NAII,Consumer Defensive,Packaged Foods,NASDAQ,72.86,24,21,25,33,2.51,15688072.5,6275229.0,0.00029999999,-49.4,14209,15313,17991,0.233
4473,SUZ,Basic Materials,Paper & Paper Products,NYSE,72.84,24,31,64,32,8.15,10110852747.171158,1236045522.0,0.0099,-29.35,3847525,3228585,3245453,-0.051
4474,NU,Financial Services,Banks - Regional,NYSE,72.83,24,30,47,80,11.88,58195044072.69498,4861741251.0,0.0379,-37.41,75168332,59594037,51956542,0.437
4475,PESI,Industrials,Waste Management,NASDAQ,72.82,24,26,82,90,9.87,204113168.18563843,21195552.0,0.0875,-40.18,153475,246558,197033,-0.201
4476,YELP,Communication Services,Internet Content & Information,NYSE,72.81,24,27,22,27,23.74,1278533868.0,54990704.0,0.236,-36.78,1318367,1333555,1183827,0.008
4477,RKT,Financial Services,Mortgage Finance,NYSE,72.81,24,30,28,73,13.18,35792284903.95822,2829429722.0,0.074200004,-45.89,23602945,23443728,24570619,1.671
4478,OTIS,Industrials,Specialty Industrial Machinery,NYSE,72.78,24,22,36,33,71.27,26990587380.62976,383716076.0,0.039,-29.73,3103741,3711353,3557212,0.064
4479,HIT,Technology,Software - Application,NASDAQ,72.76,23,61,94,41,1.05,64690060.83293009,65542109.0,0.0275,-73.88,293105,272631,218197,0.094
4480,WIT,Technology,Information Technology Services,NYSE,72.76,23,16,25,33,2.16,22029765304.26084,10490364907.0,0.0309,-30.99,13643951,11624173,11630190,0.077
4481,WEN,Consumer Cyclical,Restaurants,NASDAQ,72.73,23,18,20,15,6.71,1278125101.6662598,190480640.0,0.3734,-46.36,8960310,12239563,10315564,0.033
4482,FBGL,Industrials,Engineering & Construction,NASDAQ,72.71,23,24,37,34,0.5,7803000.122308731,13500000.0,0.0515,-64.29,59629,175683,182741,2.267
4483,LAES,Technology,Semiconductors,NASDAQ,72.7,23,27,54,81,3.08,712876807.4226921,222773999.0,0.085,-64.64,18568841,15066507,15311156,1.182
4484,TLSA,Healthcare,Biotechnology,NASDAQ,72.69,23,32,23,67,1.22,157801323.65363765,127259131.0,0.038900003,-53.08,219832,231134,207634,
4485,JCTC,Basic Materials,Lumber & Wood Production,NASDAQ,72.67,23,18,11,9,1.97,7005024.903570414,3520113.0,0.00090000004,-51.0,42221,37043,28098,0.164
4486,NNE,Industrials,Specialty Industrial Machinery,NASDAQ,72.64,23,36,17,47,23.94,1227991347.1639156,52121875.0,0.2177,-60.67,3538507,2933535,2592711,
4487,XP,Financial Services,Capital Markets,NASDAQ,72.63,23,45,62,53,15.64,7925831855.038719,516677430.0,0.044099998,-32.38,5896068,5965706,5511493,0.097
4488,UCFI,Consumer Defensive,Packaged Foods,NASDAQ,72.58,23,21,20,8,5.51,287814768.2856388,52234983.0,0.0494,-62.54,0,0,0,0.208
4489,CMCSA,Communication Services,Telecom Services,NASDAQ,72.58,23,25,61,22,23.85,85090483137.58237,3572228557.0,0.0269,-30.58,33047892,32081297,30839098,0.053
4490,JOBY,Industrials,Airports & Air Services,NYSE,72.58,23,43,38,90,9.27,9393789424.214985,983642852.0,0.1297,-55.75,30411789,32643259,28857863,
4491,TTEK,Industrials,Engineering & Construction,NASDAQ,72.56,23,20,41,38,28.01,7240739003.099184,259524699.0,0.0577,-35.07,3664681,3774097,3271580,-0.049
4492,IDCC,Technology,Software - Application,NASDAQ,72.56,23,30,84,87,257.11,6736248737.149292,25845029.0,0.1146,-37.69,335267,370832,336115,-0.024
4493,KBR,Industrials,Engineering & Construction,NYSE,72.55,23,14,23,23,35.32,4508651045.039509,126789957.0,0.060399998,-35.05,2065369,2050046,1776337,-0.047
4494,AZO,Consumer Cyclical,Auto Parts,NYSE,72.54,23,30,43,31,3137.75,51012841551.02539,16369000.0,0.0256,-28.49,426807,344469,278365,0.084
4495,DMAC,Healthcare,Biotechnology,NASDAQ,72.54,23,68,73,91,5.42,303902058.6057973,53883345.0,0.134,-47.98,174742,171260,180140,
4496,CNTY,Consumer Cyclical,Resorts & Casinos,NASDAQ,72.53,23,25,22,7,1.42,39440597.72833061,28171856.0,0.0034999999,-50.18,57628,67382,61831,0.052
4497,PRCT,Healthcare,Medical Devices,NASDAQ,72.53,23,17,14,15,28.78,1584051424.1774368,56918844.0,0.12149999,-55.67,1074665,1511831,1386597,0.202
4498,FTCI,Technology,Solar,NASDAQ,72.5,23,16,30,97,4.49,76025146.5,16005294.0,0.0943,-64.78,92574,184201,170244,-0.17
4499,SCWO,Industrials,Pollution & Treatment Controls,NASDAQ,72.49,23,16,22,7,2.51,42339121.014801025,17495504.0,0.0186,-76.97,77763,65901,56612,0.015
4500,KYNB,Healthcare,Biotechnology,NASDAQ,72.46,23,21,22,72,6.69,27162831.674423218,4048112.0,0.0287,-46.9,9226,8398,10953,0.365
4501,TEAM,Technology,Software - Application,NASDAQ,72.45,23,13,6,19,95.61,25242289542.915222,253767862.0,0.1249,-57.05,6375896,7626845,7693531,0.317
4502,ECX,Consumer Cyclical,Auto Parts,NASDAQ,72.43,23,9,13,17,1.24,461082595.1762848,381059984.0,0.0317,-54.07,1555180,1278700,1185594,-0.258
4503,TMUS,Communication Services,Telecom Services,NASDAQ,72.43,23,27,46,23,179.46,192740666702.9534,1082204717.0,0.038399998,-31.39,5164311,5105080,5606270,0.106
4504,HIMS,Healthcare,Drug Manufacturers - Specialty & Generic,NYSE,72.42,23,53,12,27,28.98,6061877155.661745,231457695.0,0.32959998,-58.85,18740385,21791925,27018799,0.038
4505,HCA,Healthcare,Medical Care Facilities,NYSE,72.41,23,39,85,84,374.9,82553245857.20215,221839800.0,0.0305,-32.63,1889028,1583462,1359087,0.043
4506,PRSO,Technology,Semiconductors,NASDAQ,72.41,23,85,90,34,1.01,14742604.0,14742604.0,0.0674,-57.38,829966,2451235,1690389,-0.751
4507,FLYX,Industrials,Airlines,NYSE ARCA,72.39,23,22,15,75,2.41,115260750.0,46104300.0,0.0004,-72.86,372474,406801,626074,0.093
4508,CPB,Consumer Defensive,Packaged Foods,NASDAQ,72.38,23,13,18,21,22.13,6463815950.827087,298146488.0,0.3261,-35.97,10086759,7954873,8124493,-0.045
4509,ARKR,Consumer Cyclical,Restaurants,NASDAQ,72.35,23,32,29,18,6.06,22538481.25,3606157.0,0.0075,-42.29,2959,9006,6399,-0.079
4510,SCM,Financial Services,Asset Management,NYSE,72.35,23,21,18,36,8.86,252709514.16899872,28947254.0,0.028399998,-42.43,178936,165115,159999,-0.066
4511,VYGR,Healthcare,Biotechnology,NASDAQ,72.27,23,69,66,57,3.43,201202881.10022163,60421287.0,0.0675,-38.2,505352,543030,552098,-0.599
4512,ATRC,Healthcare,Medical Instruments & Supplies,NASDAQ,72.21,23,18,28,76,27.3,1372370306.317997,50640970.0,0.0911,-36.78,746363,853531,791922,0.143
4513,FURY,Basic Materials,Other Industrial Metals & Mining,NYSE ARCA,72.18,23,61,65,73,0.52,98488478.27926934,190132195.0,0.0026,-49.02,313909,330493,346029,
4514,FLL,Consumer Cyclical,Resorts & Casinos,NASDAQ,72.1,23,59,26,19,2.44,88849700.07925868,36265183.0,0.015800001,-50.71,197345,190941,167185,-0.008
4515,PAYC,Technology,Software - Application,NYSE,72.1,23,25,15,15,136.14,6416820999.088623,46627098.0,0.1033,-48.8,765965,921035,925651,0.078
4516,JILL,Consumer Cyclical,Apparel Retail,NYSE,72.09,23,20,48,17,13.24,194973683.46274376,14906245.0,0.08930001,-29.57,65094,60308,92736,-0.031
4517,ACFN,Technology,Scientific & Technical Instruments,NASDAQ,72.09,23,32,55,17,16.07,39981631.46749306,2508258.0,0.0093,-51.3,7235,9151,12459,-0.281
4518,IMSR,Utilities,Utilities - Regulated Electric,NASDAQ,72.06,23,20,13,16,7.16,803405992.1463614,106411387.0,0.0844,-77.27,4046669,3531769,3067099,
4519,GRO,Basic Materials,Other Industrial Metals & Mining,NYSE ARCA,72.06,23,75,90,16,2.14,134848815.9227693,61294915.0,0.0116,-46.37,443204,700941,680402,
4520,ODYS,Technology,Scientific & Technical Instruments,NASDAQ,72.04,23,45,89,10,3.75,66941514.94000101,16777322.0,0.0307,-66.81,78772,1428350,866470,-0.96
4521,TRIB,Healthcare,Medical Devices,NASDAQ,72.03,23,14,32,64,0.66,13568082.567972839,20250869.0,0.0123000005,-80.81,141527,114619,120429,
4522,WLTH,Technology,Software - Application,NASDAQ,72.02,23,55,11,42,8.99,1472333978.2703876,149475525.0,0.050100002,-39.05,2402562,1396117,1286232,0.071
4523,THC,Healthcare,Medical Care Facilities,NYSE,72.01,23,57,86,80,166.36,13959362009.70459,86137000.0,0.0337,-32.7,1512972,1615430,1475494,0.028
4524,IMCR,Healthcare,Biotechnology,NASDAQ,72.0,23,29,36,69,28.52,1438987135.0288239,50865574.0,0.19620001,-29.95,515566,392518,417253,0.136
4525,CRTO,Communication Services,Advertising Agencies,NASDAQ,71.98,23,16,21,17,17.05,890835440.7098808,50244527.0,0.0275,-36.81,317583,357447,305254,-0.059
4526,PBK,Utilities,Utilities - Renewable,NASDAQ,71.92,23,5,5,17,0.86,43247201.00612593,46956787.0,0.0114,-66.27,6350859,2510156,1732095,
4527,FENG,Communication Services,Internet Content & Information,NYSE,71.9,23,26,29,23,1.63,19337349.53181553,12010776.0,0.0004,-55.34,73827,27272,17557,0.216
4528,CEG,Utilities,Utilities - Independent Power Producers,NASDAQ,71.89,23,45,47,83,251.65,91000307645.98332,357102017.0,0.0325,-39.02,4648640,3824266,3465750,0.638
4529,SYNX,Technology,Communication Equipment,NYSE ARCA,71.84,23,26,20,5,1.04,7331056.326541901,6634440.0,0.069299996,-54.39,64271,92267,105212,-0.053
4530,ACH,Healthcare,Medical Distribution,NYSE,71.84,23,70,9,4,2.67,206775999.05179548,76583702.0,0.0943,-72.04,645557,862829,815125,-0.068
4531,STEP,Financial Services,Asset Management,NASDAQ,71.83,23,34,23,65,43.04,3668219730.76672,81679353.0,0.0664,-44.68,1568362,1091330,1057450,0.558
4532,TELO,Healthcare,Biotechnology,NASDAQ,71.83,23,29,21,14,1.21,83217699.38355637,68774956.0,0.0189,-60.97,87171,180457,147688,
4533,ERIE,Financial Services,Insurance Brokers,NASDAQ,71.82,23,15,23,20,228.62,11881303870.790405,52289868.0,0.0983,-39.94,173594,200274,207298,0.023
4534,EVCM,Technology,Software - Application,NASDAQ,71.78,23,55,43,77,9.0,1627946415.4493322,176950701.0,0.1009,-37.54,153781,125023,119402,0.036
4535,MAT,Consumer Cyclical,Leisure,NASDAQ,71.76,23,20,27,65,14.49,4091211497.8313446,290569000.0,0.10479999,-35.54,3744543,4532701,4462622,0.043
4536,AHG,Healthcare,Medical Distribution,NASDAQ,71.75,23,83,94,27,1.39,1147983625.775587,856704177.0,0.14,-44.4,8365,86195,121393,0.009
4537,KPLT,Technology,Software - Infrastructure,NASDAQ,71.75,23,19,26,9,6.32,29305107.154431343,4765058.0,0.111999996,-74.03,18768,17312,16791,0.098
4538,DLPN,Communication Services,Advertising Agencies,NASDAQ,71.73,22,61,79,85,1.14,14449170.996213555,13017271.0,0.0038,-39.36,26909,33279,31231,0.052
4539,LPA,Real Estate,Real Estate - Development,NYSE ARCA,71.72,22,37,10,4,2.89,90110772.5846901,31617816.0,0.0234,-64.23,21542,19464,19562,0.216
4540,SGA,Communication Services,Broadcasting,NASDAQ,71.69,22,29,46,38,8.89,57670284.56544018,6372407.0,0.0027,-37.7,15191,16263,11282,-0.056
4541,PFSI,Financial Services,Mortgage Finance,NYSE,71.69,22,27,21,77,81.76,4218376734.0765,51924875.0,0.0686,-49.01,603254,569234,546554,-0.166
4542,LKQ,Consumer Cyclical,Auto Parts,NASDAQ,71.68,22,25,32,26,25.36,6425824683.749018,254790835.0,0.078,-36.58,2591075,3418495,2936563,0.043
4543,SITE,Industrials,Industrial Distribution,NYSE,71.61,22,30,50,39,107.34,4654579591.667984,44308229.0,0.071100004,-36.32,899829,1032629,854777,0.001
4544,APWC,Industrials,Electrical Equipment & Parts,NASDAQ,71.54,22,25,28,58,1.37,54839166.919505,41232455.0,0.13,-41.45,4608,6106,6247,0.301
4545,AKA,Consumer Cyclical,Apparel Retail,NYSE,71.53,22,56,25,36,8.73,94693305.0,10822092.0,0.0115,-46.7,5019,5049,4469,0.03
4546,RZLV,Technology,Software - Infrastructure,NASDAQ,71.52,22,44,63,25,2.33,917303431.0824187,398827587.0,0.19440001,-72.43,17081663,15470087,18224392,48.884
4547,XRAY,Healthcare,Medical Instruments & Supplies,NASDAQ,71.52,22,23,34,18,10.47,2003266830.0,200326683.0,0.1319,-38.74,6147780,6005543,4877968,0.001
4548,ASST,Financial Services,Asset Management,NASDAQ,71.49,22,36,6,14,14.21,1097858754.9772396,78869163.0,0.2048,-94.36,5306941,4406440,4133704,0.882
4549,GDEV,Communication Services,Electronic Gaming & Multimedia,NASDAQ,71.47,22,60,31,37,13.41,224884564.94147587,18150489.0,0.00059999997,-68.22,4143,3514,3692,-0.079
4550,VTEX,Technology,Software - Application,NYSE,71.45,22,27,31,15,3.54,620569491.0447056,170486119.0,0.0419,-48.09,1622432,1485384,1317766,0.121
4551,CLBT,Technology,Software - Infrastructure,NASDAQ,71.45,22,24,27,45,12.98,3444763977.4391127,249439817.0,0.033299997,-35.04,2425428,2366182,2219759,0.193
4552,OKYO,Healthcare,Biotechnology,NASDAQ,71.44,22,19,27,71,1.54,85016396.5902406,52479257.0,0.0038,-54.02,43228,48649,66171,
4553,INDP,Healthcare,Biotechnology,NASDAQ,71.44,22,9,8,6,2.03,414466915.55966663,113242324.0,0.0005,-89.8,5057114,1747988,1079296,
4554,XPOF,Consumer Cyclical,Leisure,NYSE,71.43,22,12,15,21,5.72,223623186.3899231,41877000.0,0.28219998,-48.65,495955,662058,547069,-0.21
4555,NKLR,Utilities,Utilities - Regulated Electric,NASDAQ,71.43,22,31,8,5,5.12,393685302.09557915,70300948.0,2.72,-76.63,291634,387818,487724,
4556,GUTS,Healthcare,Biotechnology,NASDAQ,71.38,22,59,3,93,0.66,107722649.05428827,158648963.0,0.0209,-78.22,1548654,2157471,1940602,
4557,HUYA,Communication Services,Entertainment,NYSE,71.38,22,47,76,80,2.49,569882160.5429192,229791192.0,0.0647,-49.49,1316796,1199698,1029313,0.162
4558,BRLT,Consumer Cyclical,Luxury Goods,NASDAQ,71.33,22,24,22,71,1.23,19348070.51034069,16258882.0,0.0089,-60.32,39871,70447,58684,0.06
4559,AISP,Technology,Software - Infrastructure,NASDAQ,71.3,22,15,17,13,2.84,95053190.79155874,34439562.0,0.18200001,-60.56,932263,657287,589236,0.155
4560,COYA,Healthcare,Biotechnology,NASDAQ,71.28,22,17,22,55,4.48,103680750.64964104,23457183.0,0.0352,-42.19,155064,158358,158284,-0.026
4561,BRAG,Consumer Cyclical,Gambling,NASDAQ,71.27,22,26,10,11,1.69,41523773.702222705,25631959.0,6.66,-64.63,20875,53215,37265,0.006
4562,EXPO,Industrials,Engineering & Construction,NASDAQ,71.27,22,22,36,39,57.23,2894203778.737713,48511629.0,0.0842,-30.16,638687,565765,522217,0.105
4563,LFCR,Healthcare,Drug Manufacturers - Specialty & Generic,NASDAQ,71.25,22,11,35,62,5.66,211177965.70261097,37509407.0,0.0841,-36.97,215462,200100,265632,
4564,GOOS,Consumer Cyclical,Apparel Manufacturing,NYSE,71.24,22,41,36,69,9.81,950053056.8201694,97142442.0,0.0883,-36.4,899080,668213,566734,0.179
4565,OTEX,Technology,Software - Application,NASDAQ,71.22,22,26,23,64,22.16,5610353966.850357,242662360.0,0.0542,-44.46,3187190,2956920,2416574,0.022
4566,ARHS,Consumer Cyclical,Specialty Retail,NASDAQ,71.15,22,11,20,67,6.68,895948594.3213501,141540064.0,0.0876,-48.54,1004939,1430923,1350597,0.009
4567,PCTY,Technology,Software - Application,NASDAQ,71.14,22,19,16,22,113.14,6075108771.658951,53544058.0,0.0677,-42.8,618944,778728,786492,0.105
4568,BNTC,Healthcare,Biotechnology,NASDAQ,71.1,22,38,29,25,10.81,362438230.2525692,34354334.0,0.116000004,-36.97,73193,85307,95756,
4569,DLB,Industrials,Specialty Business Services,NYSE,71.03,22,23,30,28,54.13,5087486509.223785,94598115.0,0.1017,-29.7,747470,885366,735850,0.071
4570,PATH,Technology,Software - Infrastructure,NYSE,71.02,22,25,32,84,10.75,5823671671.251682,518120266.0,0.31780002,-45.82,52360518,39625332,32865863,0.173
4571,RARE,Healthcare,Biotechnology,NASDAQ,71.0,22,34,12,54,22.79,2157898882.811737,98489224.0,0.1468,-46.21,1672231,1667883,1729456,-0.022
4572,CMCO,Industrials,Farm & Heavy Construction Machinery,NASDAQ,70.98,22,29,33,46,12.71,370163037.3689594,28739366.0,0.0563,-47.91,673915,429741,411175,0.773
4573,SID,Basic Materials,Steel,NYSE,70.97,22,24,17,60,1.17,1569115513.6713662,1329758969.0,0.0108,-46.82,4767651,3483153,3749778,-0.028
4574,ITRI,Technology,Scientific & Technical Instruments,NASDAQ,70.94,22,17,29,22,82.34,3550251500.758705,44339347.0,0.1933,-42.01,638646,805772,805805,-0.033
4575,GURE,Basic Materials,Chemicals,NASDAQ,70.93,22,11,28,14,4.43,6635378.52190733,1539531.0,0.0069,-62.55,12558,47676,50951,3.034
4576,CPOP,Communication Services,Entertainment,NASDAQ,70.89,22,9,9,6,0.36,21877723.10696104,81939041.0,0.0023999999,-86.21,12366407,4156455,2602555,1.816
4577,SCKT,Technology,Computer Hardware,NASDAQ,70.87,22,21,26,52,0.84,7252043.00070405,8240958.0,0.0056,-38.24,306318,111689,99277,-0.067
4578,OZ,Real Estate,Real Estate - Development,NYSE ARCA,70.86,22,27,28,36,46.7,181702317.70733643,3898104.0,0.034,-32.32,7352,6434,11900,1.435
4579,RDACU,Financial Services,Shell Companies,NASDAQ,70.83,22,49,25,59,7.6,,,0.61,-61.67,60,1023,626,
4580,MELI,Consumer Cyclical,Internet Retail,NASDAQ,70.83,22,15,24,28,1641.16,81510931695.04834,50697182.0,0.020499999,-37.96,530183,662161,553282,0.49
4581,SIGA,Healthcare,Drug Manufacturers - Specialty & Generic,NASDAQ,70.78,22,17,27,36,4.39,308413630.78028584,71724097.0,0.0714,-54.37,380773,490621,576744,-0.113
4582,APPF,Technology,Software - Application,NASDAQ,70.75,22,16,21,30,169.29,5902753585.344543,35358533.0,0.113400005,-48.08,442646,366085,357891,0.204
4583,ROOT,Financial Services,Insurance - Property & Casualty,NASDAQ,70.71,22,16,6,19,53.85,847339902.3294067,15826296.0,0.1409,-66.96,251124,293578,295872,0.126
4584,MMS,Industrials,Specialty Business Services,NYSE,70.71,22,19,38,70,61.26,3180793624.122139,52540363.0,0.1167,-38.74,535521,766533,736036,-0.041
4585,AVNW,Technology,Communication Equipment,NASDAQ,70.71,22,13,72,41,18.79,233427924.3664322,12939463.0,0.0631,-30.46,155475,238195,235395,-0.112
4586,SLQT,Financial Services,Insurance Brokers,NYSE,70.71,22,18,4,9,0.85,155009694.7755159,176347774.0,0.033800002,-69.31,1645871,2564147,1896916,0.056
4587,INSM,Healthcare,Biotechnology,NASDAQ,70.7,22,28,72,95,99.04,20422416197.810394,216752451.0,0.0916,-53.45,3750503,3973187,3230424,2.296
4588,FIGR,Financial Services,Capital Markets,NASDAQ,70.67,22,63,48,69,28.28,6299163137.404032,221100849.0,0.0582,-63.74,3235314,3824534,3885724,1.192
4589,QSI,Healthcare,Medical Devices,NASDAQ,70.66,22,17,19,22,0.99,228648160.76638627,217760163.0,0.1312,-68.06,7683737,6727699,6127697,-0.694
4590,PMCB,Healthcare,Biotechnology,NASDAQ,70.66,22,21,13,21,0.7,7514954.172021091,10735649.0,0.0463,-53.64,149326,250682,198827,
4591,CMG,Consumer Cyclical,Restaurants,NYSE,70.65,22,22,26,18,29.88,37635415755.729675,1282734000.0,0.0375,-48.85,24519570,20097360,17463906,0.074
4592,MSB,Basic Materials,Steel,NYSE,70.61,22,33,63,84,23.89,322621047.90195465,13120010.0,0.0126,-43.63,47896,61465,57263,-0.476
4593,ACET,Healthcare,Biotechnology,NASDAQ,70.57,22,35,18,11,7.31,67868195.49964142,9348236.0,0.0631,-58.08,102751,103867,121570,
4594,SAM,Consumer Defensive,Beverages - Brewers,NYSE,70.55,22,22,68,24,174.99,1715302178.9517212,10413442.0,0.19510001,-33.83,270461,314577,271492,-0.044
4595,AVAV,Industrials,Aerospace & Defense,NASDAQ,70.55,22,13,61,81,176.51,9408494707.659348,50605071.0,0.12109999,-57.76,1589509,1265229,1202537,1.434
4596,EQS,Financial Services,Asset Management,NYSE,70.54,21,37,70,74,1.32,19134373.586598396,13966696.0,0.0011,-46.99,12167,11399,10129,-0.068
4597,NOG,Energy,Oil & Gas E&P,NYSE,70.53,21,41,68,19,20.74,2282291501.122566,108784154.0,0.19299999,-36.42,2671481,2676660,2535786,-0.071
4598,RNAC,Healthcare,Biotechnology,NASDAQ,70.51,21,57,21,19,6.85,171588046.24326324,29381514.0,0.17040001,-56.01,501991,287003,240524,-0.929
4599,WRD,Technology,Software - Application,NASDAQ,70.47,21,34,16,17,6.47,2178267948.3248754,330040603.0,0.0399,-48.45,3098047,2810009,2901483,0.576
4600,NEUP,Healthcare,Biotechnology,NASDAQ,70.45,21,62,29,11,4.66,24266432.752996445,5404551.0,0.0036000002,-78.22,63313,51164,49664,
4601,PTC,Technology,Software - Application,NASDAQ,70.42,21,24,33,34,136.97,15824293367.0,115505791.0,0.0577,-37.65,1729383,1590577,1381642,0.217
4602,EXLS,Technology,Information Technology Services,NASDAQ,70.41,21,22,17,31,29.71,4533069574.426413,152782931.0,0.1087,-38.79,2481707,2648615,2403535,0.138
4603,VWAV,Industrials,Aerospace & Defense,NASDAQ,70.4,21,34,88,93,5.15,133031683.66921043,25387727.0,0.0504,-67.41,594978,539766,601523,
4604,AIXC,Technology,Software - Infrastructure,NASDAQ,70.39,21,22,6,22,1.28,23472591.20458424,20234993.0,0.0038,-85.47,40069,44389,49129,
4605,TLK,Communication Services,Telecom Services,NYSE,70.36,21,30,45,79,14.7,15339604265.30495,987104524.0,0.0044,-37.5,1234471,964297,903078,0.015
4606,EEFT,Technology,Software - Infrastructure,NASDAQ,70.33,21,24,25,19,65.68,2541131692.222824,38075094.0,0.1309,-42.51,736556,719058,707459,0.105
4607,MDWD,Healthcare,Biotechnology,NASDAQ,70.32,21,31,32,59,14.3,182244979.82219696,12852255.0,0.1347,-34.97,172002,97384,98240,-0.627
4608,CSPI,Technology,Information Technology Services,NASDAQ,70.31,21,20,16,61,8.21,89639434.45789528,10071847.0,0.033099998,-45.27,26129,18153,15743,0.218
4609,WB,Communication Services,Internet Content & Information,NASDAQ,70.3,21,30,41,35,7.65,1891678757.5416756,245672572.0,0.184,-40.97,1550746,1291765,1254083,0.062
4610,ROCK,Industrials,Building Products & Equipment,NASDAQ,70.25,21,13,20,22,39.31,1096601181.6383972,29661919.0,0.0678,-47.64,370879,377653,355191,0.446
4611,ORLA,Basic Materials,Gold,NYSE ARCA,70.25,21,72,90,89,10.47,3740173632.7540197,345991997.0,1.86,-52.37,4090124,3664551,3242862,1.693
4612,GLE,Technology,Information Technology Services,NASDAQ,70.25,21,73,10,3,0.44,7411500.0218153,18300000.0,0.0427,-88.69,9706728,11264762,6818185,-0.853
4613,LAKE,Consumer Cyclical,Apparel Manufacturing,NASDAQ,70.24,21,24,19,7,9.54,91479481.20770931,9857703.0,0.2061,-51.75,143517,121052,115345,-0.017
4614,VRME,Industrials,Security & Protection Services,NASDAQ,70.21,21,20,78,24,0.68,8872424.194422126,13119066.0,0.009,-54.96,95587,77935,75787,-0.602
4615,GBR,Real Estate,Real Estate Services,NYSE ARCA,70.2,21,35,58,12,0.73,3848950.5,5131934.0,0.0252,-58.99,55140,96203,631318,0.026
4616,AURE,Financial Services,Capital Markets,NASDAQ,70.18,21,17,6,17,2.41,91632000.35095215,36800000.0,0.0007,-83.49,18332,30884,66208,
4617,TREE,Financial Services,Financial Conglomerates,NASDAQ,70.15,21,20,25,48,36.37,500215674.00938416,13953018.0,0.0817,-52.98,191996,293002,248637,0.365
4618,YQ,Consumer Defensive,Education & Training Services,NASDAQ,70.15,21,20,69,91,2.25,22762750.02624464,9686277.0,0.0005,-65.12,4536,7675,7643,0.064
4619,SMMT,Healthcare,Biotechnology,NASDAQ,70.13,21,38,30,32,14.29,11463922621.949062,776162645.0,0.2211,-53.87,7015183,5386977,4778964,
4620,BIAF,Healthcare,Diagnostics & Research,NASDAQ,70.12,21,59,15,1,1.51,7845387.466496468,4534906.0,0.111099996,-89.06,217883,313024,624386,-0.271
4621,IVA,Healthcare,Biotechnology,NASDAQ,70.12,21,79,90,80,3.97,842060177.5590191,208947924.0,0.0031,-50.27,886810,455840,469078,-0.899
4622,ADSK,Technology,Software - Application,NASDAQ,70.12,21,26,31,39,224.08,48554963337.56117,211145251.0,0.0313,-31.91,3031170,2250796,2114508,0.184
4623,OST,Technology,Electronic Components,NASDAQ,70.08,21,23,13,5,1.7,10108844.712820053,5963920.0,0.0296,-99.28,0,0,0,0.077
4624,AVPT,Technology,Software - Infrastructure,NASDAQ,70.06,21,21,18,21,10.58,2277064636.513115,212017196.0,0.0614,-46.97,2018887,2144449,1877343,0.26
4625,MYGN,Healthcare,Diagnostics & Research,NASDAQ,70.06,21,22,16,28,4.54,431628335.9131098,94448210.0,0.0904,-47.15,2008992,1905640,1551316,-0.208
4626,STKS,Consumer Cyclical,Restaurants,NASDAQ,70.02,21,25,20,13,1.78,58078314.89357221,31564301.0,0.0545,-66.16,30532,31890,34314,0.008
4627,DERM,Healthcare,Drug Manufacturers - Specialty & Generic,NASDAQ,69.96,21,11,61,81,6.18,164381239.81302214,27534547.0,0.2288,-35.32,176945,243671,233795,0.215
4628,AEON,Healthcare,Biotechnology,NYSE ARCA,69.95,21,69,90,31,0.72,18993806.417265534,26307211.0,0.0166,-50.34,24664,60224,92758,
4629,PMN,Healthcare,Biotechnology,NASDAQ,69.95,21,23,92,12,9.74,81875038.11627102,8967693.0,0.0187,-75.5,23392,28834,34902,
4630,BMR,Technology,Software - Application,NASDAQ,69.91,21,26,15,16,1.74,26866649.446208477,15529855.0,0.0301,-59.72,95783,94544,112704,-0.018
4631,USPH,Healthcare,Medical Care Facilities,NYSE,69.89,21,17,45,51,61.8,965632173.6610146,15218789.0,0.0728,-33.9,186900,239916,203242,0.079
4632,KMRK,Consumer Cyclical,Leisure,NASDAQ,69.83,21,92,70,6,1.62,32493999.195098877,21100000.0,0.0018000001,-70.55,24577,31575,63273,-0.123
4633,LUXE,Consumer Cyclical,Luxury Goods,NYSE,69.8,21,37,33,65,7.23,1026716830.4580574,137261608.0,0.22680001,-36.47,249438,300536,260637,1.55
4634,IIIV,Technology,Software - Infrastructure,NASDAQ,69.79,21,18,35,35,19.61,384740719.40613556,19549833.0,0.42540002,-42.27,479415,428275,392491,0.062
4635,LAB,Healthcare,Medical Devices,NASDAQ,69.78,21,23,21,71,0.89,448923327.5428988,390368119.0,0.0548,-48.26,5436312,3176847,3095140,0.046
4636,AIFF,Technology,Software - Application,NASDAQ,69.73,21,82,77,6,1.61,24603413.0682683,15571780.0,0.0684,-57.29,532492,384004,803270,10.279
4637,REBN,Consumer Cyclical,Restaurants,NASDAQ,69.7,21,74,33,14,1.59,13552200.554175973,8213455.0,0.0177,-53.64,43597,47182,61935,2.078
4638,IRTC,Healthcare,Medical Devices,NASDAQ,69.69,21,17,24,84,113.83,3552590727.1569214,32862408.0,0.0953,-46.31,603437,595365,515007,0.257
4639,LIF,Technology,Software - Application,NASDAQ,69.69,21,15,16,62,47.0,3676407734.1188164,81031691.0,0.1383,-58.24,761912,798107,874872,0.381
4640,POOL,Industrials,Industrial Distribution,NASDAQ,69.68,21,12,22,17,192.42,6760906072.261307,36443003.0,0.1216,-44.23,931610,945106,855240,0.062
4641,HDSN,Basic Materials,Specialty Chemicals,NASDAQ,69.67,21,12,23,39,5.54,225488709.29678917,42068788.0,0.0369,-47.34,447726,527628,429917,0.087
4642,LOT,Consumer Cyclical,Auto Manufacturers,NASDAQ,69.67,21,18,18,12,1.17,783235666.1226187,647302183.0,0.006,-57.45,78116,152865,132277,-0.398
4643,RAND,Financial Services,Asset Management,NASDAQ,69.66,21,26,21,53,10.01,30143610.967105865,2969814.0,0.01,-49.95,4483,3744,3322,-0.383
4644,RMD,Healthcare,Medical Instruments & Supplies,NYSE,69.66,21,18,38,48,196.94,28436852545.470703,145056384.0,0.1078,-32.97,1713378,1592682,1345103,0.108
4645,EP,Energy,Oil & Gas E&P,NYSE ARCA,69.63,21,20,22,12,2.85,107438952.69744015,39792204.0,0.0001,-54.83,89265,69135,74251,-0.145
4646,ESAB,Industrials,Metal Fabrication,NYSE,69.54,21,20,29,40,88.48,5354546384.60376,60881712.0,0.0531,-35.61,507789,585253,646059,0.099
4647,INDO,Energy,Oil & Gas E&P,NYSE ARCA,69.53,21,49,91,31,2.65,41082863.97392273,15386840.0,0.0682,-68.82,659725,692621,844625,-0.23
4648,APPN,Technology,Software - Infrastructure,NASDAQ,69.5,21,13,24,71,24.05,1815481693.9945984,73412120.0,0.1523,-47.78,1237999,1117189,990791,0.215
4649,TONX,Technology,Software - Application,NASDAQ,69.48,21,53,24,4,3.23,175810212.93970227,56530617.0,0.0656,-89.15,314701,505830,426352,3.025
4650,MNDO,Technology,Software - Application,NASDAQ,69.44,21,17,35,24,0.97,19175907.45937407,20185166.0,0.0002,-36.18,45160,49196,43900,0.018
4651,TGLS,Basic Materials,Building Materials,NYSE,69.44,21,11,19,15,43.59,1878849889.904663,44364816.0,0.1114,-51.38,231832,323737,331570,0.12
4652,FDP,Consumer Defensive,Farm Products,NYSE,69.39,21,38,79,72,28.56,1404461519.4588432,47576609.0,0.074099995,-34.47,695051,505997,406118,-0.049
4653,OCUL,Healthcare,Biotechnology,NASDAQ,69.38,21,40,25,89,8.47,1806422953.5,218960358.0,0.1336,-48.48,2235790,2637663,2960500,0.008
4654,GRND,Technology,Software - Application,NYSE,69.37,21,48,21,18,11.38,1937213081.5029202,177725977.0,0.13430001,-52.08,1758932,1702774,1462460,0.383
4655,LEU,Energy,Uranium,NYSE,69.35,20,63,86,94,156.02,3182664589.305359,19672794.0,0.22569999,-66.39,953515,902108,905303,0.049
4656,BLNK,Industrials,Engineering & Construction,NASDAQ,69.34,20,64,15,13,0.68,98853397.54913896,143682259.0,0.1174,-74.34,2122537,2437512,2390989,0.001
4657,WVVI,Consumer Defensive,Beverages - Wineries & Distilleries,NASDAQ,69.33,20,23,14,11,2.69,13345140.73241949,4979530.0,0.00059999997,-62.53,2530,2813,2980,0.095
4658,G,Technology,Information Technology Services,NYSE,69.31,20,18,29,61,32.63,5529302175.147514,169506510.0,0.122600004,-32.92,2834246,3287752,2941043,0.067
4659,SAP,Technology,Software - Application,NYSE,69.3,20,14,20,31,178.92,217831324999.32217,1178932294.0,0.0098,-42.89,3526267,3479215,3609621,0.06
4660,AHT,Real Estate,REIT - Hotel & Motel,NYSE,69.3,20,13,11,9,3.09,19494237.84823537,6476491.0,0.0005,-59.07,20475,19178,21715,-0.034
4661,SONM,Technology,Software - Infrastructure,NASDAQ,69.3,20,7,7,2,4.8,7070208.75,1488465.0,0.050100002,-87.54,27599,22029,29029,
4662,TOUR,Consumer Cyclical,Travel Services,NASDAQ,69.27,20,33,27,17,5.15,57577914.172097206,10863757.0,1.41,-49.01,13850,21733,27607,0.203
4663,GIB,Technology,Information Technology Services,NYSE,69.24,20,16,22,29,67.15,14089780304.680298,209420044.0,9.23,-38.99,422371,525193,495982,0.033
4664,STRK,Technology,Software - Application,NASDAQ,69.24,20,33,36,35,66.06,,,0.06,-48.98,222867,160432,157417,0.119
4665,CMCL,Basic Materials,Gold,NYSE ARCA,69.23,20,60,82,87,19.0,385294923.334671,19313028.0,0.0881,-50.97,219606,205572,179883,0.139
4666,NAVI,Financial Services,Credit Services,NASDAQ,69.23,20,18,15,38,7.95,734057341.3918824,93989417.0,0.2288,-50.53,1567420,1225280,1087920,-0.008
4667,YALA,Technology,Software - Application,NYSE,69.22,20,32,47,71,5.42,803175335.4381838,151828987.0,0.0339,-41.66,384401,336810,317400,-0.058
4668,UPST,Financial Services,Credit Services,NASDAQ,69.22,20,11,9,17,31.06,2846462040.1533604,95711569.0,0.3196,-64.42,4695551,4917610,4682966,0.446
4669,ADXN,Healthcare,Biotechnology,NASDAQ,69.2,20,25,28,20,6.23,7417846.009008408,1265844.0,0.0046,-48.3,913,2451,3692,9.497
4670,BON,Basic Materials,Specialty Chemicals,NASDAQ,69.19,20,20,16,12,1.32,10161012.5,8128810.0,0.0046,-61.18,25979,17559,18653,
4671,EEIQ,Consumer Defensive,Education & Training Services,NASDAQ,69.16,20,12,5,7,3.48,5763180.5,1646623.0,0.023599999,-87.5,629333,282371,741634,-0.105
4672,EXOZ,Healthcare,Biotechnology,NASDAQ,69.15,20,26,9,49,7.8,79193786.5737915,8478992.0,0.0029,-57.61,5489,4213,5309,
4673,VRSK,Industrials,Consulting Services,NASDAQ,69.14,20,20,26,20,182.55,23810598423.414307,131021840.0,0.0651,-42.67,1978036,2012652,1963087,0.039
4674,MSW,Industrials,Engineering & Construction,NASDAQ,69.13,20,74,10,4,1.32,17386500.43308735,12975000.0,0.0064,-79.75,187260,317950,223008,-0.516
4675,JKS,Technology,Solar,NYSE,69.11,20,55,71,69,18.26,1050545943.3113022,52370188.0,0.043899998,-42.72,819738,825882,788771,-0.115
4676,OWL,Financial Services,Asset Management,NYSE,69.09,20,12,9,21,9.59,6622863776.299081,675802413.0,0.2376,-54.51,26710885,28775038,28774527,0.103
4677,ORKT,Technology,Software - Application,NASDAQ,69.08,20,18,13,2,1.23,7007724.278461933,5839770.0,0.0372,-65.37,218518,146652,130885,0.609
4678,GDTC,Healthcare,Biotechnology,NASDAQ,69.07,20,8,10,16,1.14,15264356.698613167,11832835.0,0.020299999,-69.02,18524,25454,17828,0.469
4679,MRLN,Industrials,Aerospace & Defense,NASDAQ,69.06,20,23,25,56,7.43,830106884.0210037,96524052.0,1.7,-56.29,6007277,3045859,2441079,0.154
4680,HSAI,Consumer Cyclical,Auto Parts,NASDAQ,69.04,20,38,69,64,18.44,2905559445.4230022,157142211.0,0.0416,-40.23,1971378,1759266,1813107,0.296
4681,NEPH,Healthcare,Medical Instruments & Supplies,NASDAQ,69.03,20,26,61,95,3.25,37129388.14828873,10856546.0,0.0032,-49.38,14598,29206,26609,0.069
4682,CIGI,Real Estate,Real Estate Services,NASDAQ,69.0,20,12,24,46,99.56,4965247435.507782,51103821.0,2.16,-41.95,180814,303631,262916,0.151
4683,ROP,Technology,Software - Application,NASDAQ,68.99,20,18,18,22,335.37,33522727573.479187,100917359.0,0.0461,-41.83,1015947,1092139,1131461,0.113
4684,QXO,Industrials,Industrial Distribution,NYSE,68.99,20,39,65,76,16.4,11430812403.209219,725305345.0,0.1846,-40.6,16653234,16079824,15612870,127.163
4685,MTR,Energy,Oil & Gas E&P,NYSE,68.99,20,27,49,19,3.84,7137549.557819366,1863590.0,0.0019,-63.15,4743,6791,7152,0.588
4686,QRHC,Industrials,Waste Management,NASDAQ,68.99,20,8,10,31,1.4,26552626.17902732,21073513.0,0.0084,-41.91,50728,38306,38887,-0.098
4687,CVR,Industrials,Tools & Accessories,NYSE ARCA,68.95,20,25,61,69,9.51,9854546.215724945,966132.0,0.0107,-36.6,4519,5266,4419,-0.054
4688,CCB,Financial Services,Banks - Regional,NASDAQ,68.94,20,18,23,80,71.75,1071076241.3450317,15248808.0,0.1075,-40.23,95067,158025,147393,0.17
4689,GFL,Industrials,Waste Management,NYSE,68.93,20,21,37,33,35.71,12818089866.511677,360971289.0,0.0642,-30.67,2774866,2427628,2631679,0.054
4690,ALVO,Healthcare,Drug Manufacturers - Specialty & Generic,NASDAQ,68.92,20,8,7,9,4.16,1104650941.7763023,312048292.0,0.0219,-61.39,999448,610162,532391,-0.202
4691,JBI,Industrials,Building Products & Equipment,NYSE,68.89,20,11,15,19,5.26,695601527.8926015,136392459.0,0.0377,-51.3,1809593,1908681,1680934,0.058
4692,AIFA,Technology,Software - Infrastructure,NASDAQ,68.87,20,35,6,3,0.37,12807762.801297933,37016657.0,0.0955,-90.11,672260,1720260,15936692,0.02
4693,TUYA,Technology,Software - Infrastructure,NYSE,68.86,20,62,37,25,1.91,1195554153.2851093,613104679.0,0.0081,-35.14,910892,898834,851854,0.083
4694,HHS,Industrials,Conglomerates,NASDAQ,68.78,20,26,23,17,2.5,18845453.51696968,7419470.0,0.0068,-53.62,4556,4015,10323,-0.103
4695,CNDT,Technology,Information Technology Services,NASDAQ,68.78,20,34,9,12,1.41,237298120.98264456,155096814.0,0.035,-52.68,1241986,1393145,1284285,-0.037
4696,ACB,Healthcare,Drug Manufacturers - Specialty & Generic,NASDAQ,68.76,20,21,19,58,3.38,199847928.28650284,59126604.0,4.89,-49.29,642031,684013,1031944,0.068
4697,NMTC,Healthcare,Medical Devices,NASDAQ,68.67,20,41,67,21,3.39,29652373.93323326,8619876.0,0.0054,-51.29,25608,33072,40877,0.725
4698,KNSL,Financial Services,Insurance - Property & Casualty,NYSE,68.64,20,15,31,25,303.25,7059990039.668579,23062819.0,0.1086,-40.86,288978,319296,296807,0.102
4699,DFH,Consumer Cyclical,Residential Construction,NYSE,68.6,20,14,17,17,14.82,1336417342.1179962,91535432.0,0.4202,-52.94,565899,809163,716835,-0.103
4700,TCOM,Consumer Cyclical,Travel Services,NASDAQ,68.6,20,25,24,47,47.04,30030641172.411476,629705222.0,0.0231,-40.45,2716021,2832857,2773124,0.208
4701,HNI,Consumer Cyclical,"Furnishings, Fixtures & Appliances",NYSE,68.57,20,15,39,30,32.68,2241859111.179016,71992908.0,0.0396,-38.68,625561,721197,676928,1.247
4702,AEYE,Technology,Software - Application,NASDAQ,68.55,20,20,8,30,6.77,83580947.06487894,12493415.0,0.0638,-58.69,100367,125642,149657,0.084
4703,EFX,Industrials,Consulting Services,NYSE,68.54,20,18,24,24,168.37,20764833770.64612,120634597.0,0.0571,-38.98,1454029,1524606,1657861,0.143
4704,XPEV,Consumer Cyclical,Auto Manufacturers,NYSE,68.48,20,22,44,39,15.48,15244223323.205023,955750690.0,0.064899996,-45.17,7424354,6956534,6454038,-0.176
4705,NIXX,Industrials,Staffing & Employment Services,NASDAQ,68.45,20,10,5,7,0.71,24184617.183211207,28637794.0,0.051999997,-71.26,1533854,893808,947834,22.054
4706,MLTX,Healthcare,Biotechnology,NASDAQ,68.43,20,42,20,3,17.8,1317715560.317955,73615396.0,0.1088,-71.63,816555,888125,1058699,
4707,GPK,Consumer Cyclical,Packaging & Containers,NYSE,68.41,20,10,9,13,10.79,3118653047.692792,295887387.0,0.1739,-54.59,8093823,7907557,7163556,0.017
4708,CCIF,Financial Services,Asset Management,NYSE,68.4,20,19,15,19,3.07,65079768.124839306,21198622.0,0.0252,-53.41,110188,125366,117295,
4709,NFLX,Communication Services,Entertainment,NASDAQ,68.35,20,25,39,25,81.41,346043424316.0737,4210798528.0,0.0234,-39.3,36350117,34266742,37791431,0.162
4710,HURN,Industrials,Consulting Services,NASDAQ,68.35,20,20,28,82,110.54,1783301190.0,16211829.0,0.0394,-40.82,236933,258177,251396,0.121
4711,INFY,Technology,Information Technology Services,NYSE,68.34,20,17,22,35,12.24,50202700381.17976,4048604994.0,0.041100003,-59.2,19514677,17044209,17033253,0.066
4712,DOYU,Communication Services,Internet Content & Information,NASDAQ,68.33,20,15,19,55,4.91,150894295.0,30178859.0,0.009,-47.43,30972,26004,22356,-0.132
4713,TLRY,Healthcare,Drug Manufacturers - Specialty & Generic,NASDAQ,68.32,20,17,51,88,5.17,590844868.4638085,119604223.0,0.1416,-77.72,4006644,3979548,5253820,-0.078
4714,BCG,Financial Services,Asset Management,NASDAQ,68.31,19,52,37,55,1.59,26055702.24843049,16810131.0,0.0025,-53.78,33937,82072,769453,-0.004
4715,CRBP,Healthcare,Biotechnology,NASDAQ,68.3,19,82,66,39,7.7,140070129.13983107,18527795.0,0.0743,-62.55,769183,594321,460770,
4716,SEED,Basic Materials,Agricultural Inputs,NASDAQ,68.3,19,39,38,32,0.96,12129600.0,12129600.0,0.0047,-61.45,28351,23063,27472,-0.319
4717,VYX,Technology,Information Technology Services,NYSE,68.26,19,16,13,20,6.99,952247558.2222939,137807175.0,0.3335,-52.35,2391715,2352161,2255779,-0.01
4718,UPLD,Technology,Software - Application,NASDAQ,68.24,19,7,3,9,0.74,20759783.61105275,29363201.0,0.0279,-81.07,263733,360854,296130,-0.235
4719,IDAI,Technology,Software - Application,NASDAQ,68.23,19,16,31,98,2.13,12207921.893837929,5599964.0,0.0345,-59.66,52714,58211,49728,0.387
4720,PDCC,Financial Services,Asset Management,NYSE,68.23,19,23,16,29,9.58,68278042.04567528,6834639.0,0.0128,-47.93,15807,14175,12411,
4721,PMVP,Healthcare,Biotechnology,NASDAQ,68.18,19,72,83,34,1.05,59731578.17430568,53331766.0,0.0598,-44.15,323081,354633,388944,
4722,ACVA,Consumer Cyclical,Auto & Truck Dealerships,NYSE,68.17,19,15,7,9,5.72,988150473.4004593,174584894.0,0.1092,-66.67,3587275,3890661,3284439,0.118
4723,LSE,Energy,Oil & Gas Equipment & Services,NASDAQ,68.17,19,42,44,22,3.86,67248750.81181526,17025000.0,0.0015,-60.53,50443,20791,16840,-0.31
4724,KG,Financial Services,Insurance - Reinsurance,NASDAQ,68.13,19,14,16,6,11.78,93340680.28770447,7824030.0,0.0475,-66.69,4654,7774,10514,11.12
4725,JANX,Healthcare,Biotechnology,NASDAQ,68.13,19,19,16,8,13.62,814750948.5026836,60984354.0,0.16440001,-61.46,814123,903424,941300,
4726,BWIN,Financial Services,Insurance Brokers,NASDAQ,68.11,19,25,19,12,19.36,1938100203.7031746,97489954.0,0.1491,-57.13,1716580,1444630,1418424,0.287
4727,CPRT,Industrials,Specialty Business Services,NASDAQ,68.11,19,17,23,18,31.31,28663122635.114273,925811482.0,0.045900002,-38.5,10747921,9329813,8758774,0.021
4728,RDIB,Communication Services,Entertainment,NASDAQ,68.1,19,24,48,75,8.5,195368444.66594696,22717260.0,0.0164,-51.15,2056,1527,2027,0.123
4729,ARCT,Healthcare,Biotechnology,NASDAQ,68.08,19,35,14,6,7.16,207488409.12127018,28423069.0,0.2877,-70.38,418781,439590,436270,-0.93
4730,DASH,Consumer Cyclical,Internet Retail,NASDAQ,68.07,19,20,21,58,155.67,68320696939.308014,435718722.0,0.036199998,-45.47,4584796,5110088,4698565,0.331
4731,YMM,Technology,Software - Application,NYSE,68.06,19,21,19,26,8.27,8984231286.050789,1045894194.0,0.0175,-41.22,18134310,11074440,8721966,0.055
4732,DOX,Technology,Software - Infrastructure,NASDAQ,68.05,19,19,26,30,57.98,6379394776.199341,106164000.0,0.0739,-39.23,1263461,1133220,1049502,0.039
4733,RAY,Consumer Defensive,Household & Personal Products,NASDAQ,68.05,19,12,69,0,3.1,9135761.061342716,2975818.0,0.02,-94.74,7907,10052,9679,-0.131
4734,LUCD,Healthcare,Medical Devices,NASDAQ,68.02,19,30,75,53,0.99,184476083.53647137,190771543.0,0.043,-39.23,775508,906466,888107,0.517
4735,PSFE,Technology,Software - Infrastructure,NYSE,68.01,19,30,14,8,7.04,356566847.52824116,51676354.0,0.1141,-53.13,303831,336853,351556,0.104
4736,ISPR,Consumer Defensive,Tobacco,NASDAQ,67.97,19,11,12,22,1.76,97578975.93701649,57399396.0,0.0454,-54.52,93223,115054,96002,-0.287
4737,MIR,Industrials,Specialty Industrial Machinery,NYSE,67.97,19,24,34,81,17.0,4178719644.77425,244655718.0,0.1775,-43.85,3883673,4115187,3749336,0.275
4738,FLX,Industrials,Integrated Freight & Logistics,NASDAQ,67.96,19,22,13,16,2.24,166736192.7077365,73129910.0,1.04,-49.66,159953,177551,168414,-0.027
4739,TCPC,Financial Services,Asset Management,NASDAQ,67.94,19,20,11,23,3.68,308762217.6011145,83902775.0,0.0682,-54.34,709176,695132,826207,-0.238
4740,UHS,Healthcare,Medical Care Facilities,NYSE,67.94,19,24,48,78,146.59,8788061963.82463,60536351.0,0.070700005,-40.49,1548683,1222954,975434,0.096
4741,SSTK,Communication Services,Internet Content & Information,NYSE,67.91,19,28,31,29,13.01,476124662.841444,36738014.0,0.0529,-55.9,977090,528970,403706,-0.179
4742,BTBD,Consumer Cyclical,Restaurants,NASDAQ,67.89,19,22,41,40,1.17,7050585.2715268135,6184724.0,0.0138,-79.11,65363,189657,1025740,-0.12
4743,TMDE,Energy,Oil & Gas Midstream,NYSE ARCA,67.86,19,86,98,5,0.84,15317249.438166618,23565000.0,0.0435,-82.39,710048,436679,2841441,-0.227
4744,CRM,Technology,Software - Application,NYSE,67.85,19,21,21,33,175.35,152055542999.26758,819000000.0,0.0885,-36.65,19026330,14235080,14152212,0.133
4745,CHA,Consumer Cyclical,Restaurants,NASDAQ,67.84,19,15,14,11,10.9,2201408774.7629566,190763326.0,0.027,-67.65,1231645,714275,654845,0.045
4746,SRPT,Healthcare,Biotechnology,NASDAQ,67.81,19,36,13,20,15.89,1662825496.5,105576222.0,0.2841,-63.82,2939336,2959845,2801311,-0.019
4747,WDAY,Technology,Software - Application,NASDAQ,67.74,19,11,12,26,140.23,35633333248.6387,246973479.0,0.1519,-45.45,5583777,5233185,5152539,0.135
4748,SFHG,Industrials,Specialty Business Services,NASDAQ,67.74,19,20,19,24,2.3,9337999.806404114,4060000.0,0.0002,-53.54,20651,14077,14520,0.225
4749,THCH,Consumer Cyclical,Restaurants,NASDAQ,67.66,19,29,30,21,1.8,58626849.44485867,32036529.0,0.0046,-44.62,7462,7417,5428,-0.073
4750,FTEK,Industrials,Pollution & Treatment Controls,NASDAQ,67.65,19,40,20,59,1.31,42384739.08582246,31165249.0,0.0038,-64.11,186255,267088,210577,-0.047
4751,BSY,Technology,Software - Application,NASDAQ,67.65,19,19,31,22,33.11,10004024567.531387,303796674.0,0.105100006,-44.12,2636942,2632374,2415932,0.145
4752,AWRE,Technology,Software - Application,NASDAQ,67.64,19,14,17,58,1.35,29222204.466082692,21646077.0,0.0041,-54.24,52117,68915,48907,-0.062
4753,LEXX,Healthcare,Biotechnology,NASDAQ,67.63,19,16,12,13,0.67,15789603.70479834,24787446.0,0.016,-56.77,80289,144523,169719,-0.885
4754,AGEN,Healthcare,Biotechnology,NASDAQ,67.62,19,36,39,70,3.11,134505052.92426634,41642431.0,0.1293,-57.63,530866,702162,893383,0.402
4755,ZVIA,Consumer Defensive,Beverages - Non-Alcoholic,NYSE,67.59,19,12,9,39,1.44,101203087.41424286,71775241.0,0.036199998,-60.66,934961,1044877,767446,0.212
4756,ABT,Healthcare,Medical Devices,NYSE,67.57,19,13,30,47,91.25,158626923403.22083,1741813154.0,0.0149,-34.38,12468231,12513000,12392938,0.078
4757,YI,Healthcare,Medical Distribution,NASDAQ,67.56,19,27,81,83,4.4,42049489.7656765,8796964.0,0.0028,-60.61,33094,20544,16474,-0.267
4758,KDK,Technology,Software - Infrastructure,NASDAQ,67.54,19,30,60,53,6.14,1232301245.664339,193150662.0,0.0723,-45.9,769781,1036290,889706,0.244
4759,RXRX,Healthcare,Biotechnology,NASDAQ,67.53,19,17,17,19,3.22,1759476716.7404566,530762198.0,0.3684,-55.15,25092694,18154344,15450370,-0.561
4760,TEM,Healthcare,Health Information Services,NASDAQ,67.52,19,21,23,69,48.82,8337192186.608818,179564767.0,0.3552,-53.2,8349021,6861437,6289518,0.361
4761,CXM,Technology,Software - Application,NYSE,67.51,19,17,19,31,5.4,1258752380.5956087,233968839.0,0.2031,-42.55,3644956,3702525,4124047,0.068
4762,OXBR,Financial Services,Insurance - Reinsurance,NASDAQ,67.48,19,17,7,9,0.92,7453264.215206265,8101374.0,0.0182,-67.83,24818,95346,799385,-0.1
4763,TCX,Technology,Software - Infrastructure,NASDAQ,67.48,19,18,25,80,13.54,152074723.54776478,11149173.0,0.0838,-46.21,28594,23824,25830,0.022
4764,BCIC,Financial Services,Asset Management,NASDAQ,67.46,19,16,17,51,7.51,91593360.58040857,12377481.0,0.0061000003,-44.37,73772,80374,90232,0.452
4765,SMRT,Technology,Software - Application,NYSE,67.45,19,29,80,90,1.13,212121880.49761784,192838069.0,0.01,-48.64,1474232,1391477,1094630,-0.064
4766,PNR,Industrials,Specialty Industrial Machinery,NYSE,67.37,19,18,33,54,74.58,11821445570.740486,161605541.0,0.0502,-34.55,2905126,2447105,2052359,0.026
4767,LUNG,Healthcare,Medical Devices,NASDAQ,67.36,19,16,13,41,1.53,64622919.38158393,42237203.0,0.0759,-60.57,277888,473156,408045,-0.087
4768,OFIX,Healthcare,Medical Devices,NASDAQ,67.34,19,27,26,62,9.87,415938797.53803635,40421652.0,0.0363,-41.91,506474,472341,375620,0.016
4769,MRT,Technology,Software - Application,NYSE ARCA,67.28,19,24,25,27,1.77,154698821.50188065,85943792.0,0.0023999999,-43.81,35523,27944,24262,1.561
4770,VNT,Technology,Scientific & Technical Instruments,NYSE,67.28,19,18,44,38,28.82,3963519946.2890625,140800000.0,0.0766,-40.21,1853887,2198649,1680465,0.013
4771,TVGN,Healthcare,Biotechnology,NASDAQ,67.28,19,3,1,4,10.75,43843178.46818447,4187505.0,0.079,-84.97,47476,33185,30089,
4772,NPWR,Industrials,Specialty Industrial Machinery,NYSE,67.28,19,27,15,25,1.68,146717106.70987236,88383801.0,0.041100003,-67.69,820671,944567,795322,
4773,BAFN,Financial Services,Banks - Regional,NASDAQ,67.26,18,17,10,13,5.65,22177287.39166498,4106905.0,0.056500003,-63.55,17944,69521,47874,-0.527
4774,ANNA,Energy,Oil & Gas E&P,NASDAQ,67.25,18,29,39,7,3.11,124457598.43826294,40940000.0,0.1233,-70.77,429177,535765,1436581,13.495
4775,CTSH,Technology,Information Technology Services,NASDAQ,67.25,18,12,24,66,52.94,25168329566.955566,473000000.0,0.100200005,-39.17,9195883,8662394,7471870,0.058
4776,QCLS,Technology,Computer Hardware,NASDAQ,67.24,18,16,11,8,3.79,29136221.88958454,7853429.0,1.1936,-88.72,430981,560367,485912,
4777,PZZA,Consumer Cyclical,Restaurants,NASDAQ,67.23,18,28,29,29,31.91,1050232289.3902245,32902014.0,0.2476,-42.75,1151664,1229474,1049666,-0.077
4778,USGO,Basic Materials,Other Industrial Metals & Mining,NASDAQ,67.18,18,81,78,35,8.21,119254974.67544556,13354420.0,0.0921,-54.34,61193,59781,58548,
4779,QFIN,Financial Services,Credit Services,NASDAQ,67.15,18,10,9,8,14.24,1769054842.0087395,121751884.0,0.0201,-69.16,2572878,1640349,1459321,-0.167
4780,FHTX,Healthcare,Biotechnology,NASDAQ,67.1,18,29,63,28,3.87,219002930.1798792,58713922.0,0.0419,-44.32,143131,152990,143374,-0.451
4781,TAOX,Technology,Software - Infrastructure,NASDAQ,67.1,18,89,75,87,3.72,28468056.68245268,7471931.0,0.0773,-68.95,131301,149893,170058,
4782,CRCL,Financial Services,Capital Markets,NYSE,67.09,18,89,78,14,81.1,19955683384.962463,248576030.0,0.080299996,-72.88,15096486,16834218,14721959,0.2
4783,MKC,Consumer Defensive,Packaged Foods,NYSE,67.08,18,13,29,34,48.63,12700152983.044376,268843195.0,0.0,-37.78,4064439,3720559,4367003,0.167
4784,GIS,Consumer Defensive,Packaged Foods,NYSE,67.05,18,14,25,27,33.72,17691533191.032913,533681218.0,0.1126,-38.9,11302795,10175648,9346881,0.022
4785,EPOW,Industrials,Electrical Equipment & Parts,NASDAQ,67.04,18,22,20,40,0.62,23973406.433299184,38729250.0,0.0038,-66.67,138204,432954,284862,-0.568
4786,BZ,Communication Services,Internet Content & Information,NASDAQ,67.04,18,18,18,48,13.48,6322262189.900266,450624541.0,0.0477,-46.63,4114340,3965896,3911320,0.076
4787,CLIR,Industrials,Pollution & Treatment Controls,NASDAQ,67.04,18,14,18,28,4.16,24390227.574218273,6190413.0,0.0058,-62.86,21393,18737,37548,-0.524
4788,OLED,Technology,Electronic Components,NASDAQ,67.01,18,14,18,21,89.32,4025719252.5444794,46750891.0,0.0713,-45.27,711758,1061862,891235,-0.145
4789,BMI,Technology,Scientific & Technical Instruments,NYSE,67.0,18,12,23,32,130.53,3692850136.4730835,29185570.0,0.2057,-48.11,371205,492541,625363,-0.09
4790,STN,Industrials,Engineering & Construction,NYSE,66.98,18,23,36,37,73.89,8427269277.305641,114066995.0,4.44,-35.48,404100,390610,376610,0.091
4791,MRM,Consumer Cyclical,Personal Services,NASDAQ,66.95,18,15,36,94,1.16,8929204.592320561,7901951.0,0.0095999995,-73.93,135818,719666,441625,-0.067
4792,ARBE,Technology,Scientific & Technical Instruments,NASDAQ,66.95,18,13,11,23,0.85,111611269.34661752,122649743.0,0.0733,-70.49,6536970,3633906,2578328,10.525
4793,DTST,Technology,Information Technology Services,NASDAQ,66.88,18,36,40,78,3.23,7216569.374660492,2167138.0,0.0127,-40.63,23961,39667,42740,0.109
4794,DPZ,Consumer Cyclical,Restaurants,NASDAQ,66.85,18,17,37,39,317.69,10443894236.47705,33261870.0,0.1176,-35.95,703246,855825,907799,0.035
4795,ABVC,Healthcare,Biotechnology,NASDAQ,66.77,18,8,27,94,1.32,34580588.97581792,26000442.0,0.0128999995,-75.91,143128,109296,126145,
4796,SVC,Real Estate,REIT - Hotel & Motel,NASDAQ,66.75,18,17,40,15,1.64,1016114962.7173561,647206961.0,0.0185,-46.75,8058762,8690480,13446564,-0.163
4797,CINT,Technology,Software - Infrastructure,NYSE,66.73,18,19,61,20,3.95,508988712.82312584,128532502.0,0.0054,-35.35,298571,177993,141288,0.232
4798,GDYN,Technology,Information Technology Services,NASDAQ,66.69,18,22,13,28,6.09,547750669.650404,83626054.0,0.13239999,-52.64,2218527,2460552,1973915,0.037
4799,XNET,Technology,Software - Infrastructure,NASDAQ,66.67,18,72,72,90,4.91,296626623.72720337,63653784.0,0.0322,-55.49,394880,248143,214540,0.539
4800,CBAT,Industrials,Electrical Equipment & Parts,NASDAQ,66.63,18,28,67,38,0.73,63825004.45617771,88645836.0,0.0026,-41.6,130029,117363,101937,0.993
4801,ATHM,Communication Services,Internet Content & Information,NYSE,66.6,18,20,19,21,17.26,1903775237.9115887,115170911.0,0.0232,-42.31,733074,613561,576592,-0.279
4802,OXSQ,Financial Services,Asset Management,NASDAQ,66.56,18,35,36,27,1.32,116908858.75,93527087.0,0.0641,-45.45,1538893,2907884,2182444,-0.12
4803,AXON,Industrials,Aerospace & Defense,NASDAQ,66.51,18,14,24,21,452.51,39182281277.67517,80602077.0,0.0494,-48.92,1311371,1259827,1217590,0.337
4804,KLRS,Healthcare,Biotechnology,NASDAQ,66.44,18,45,93,93,4.09,105637715.68140507,23792278.0,0.096599996,-65.57,82048,95462,88315,
4805,NXB,Consumer Cyclical,Auto & Truck Dealerships,NYSE ARCA,66.42,18,20,18,25,2.3,54997827.592045784,24999012.0,0.0049,-41.03,40674,46544,78260,0.096
4806,RWAY,Financial Services,Asset Management,NASDAQ,66.42,18,17,20,33,5.96,261581596.8804245,42464546.0,0.1181,-47.74,528173,660637,702266,-0.168
4807,AUST,Basic Materials,Gold,NYSE ARCA,66.41,18,23,27,67,1.25,17527040.8882401,13693001.0,0.0397,-68.11,136576,110002,98829,
4808,FND,Consumer Cyclical,Home Improvement Retail,NYSE,66.41,18,14,23,15,49.74,5124743635.006142,108094150.0,0.1197,-46.17,2591973,3201617,3096370,-0.007
4809,KRKR,Communication Services,Advertising Agencies,NASDAQ,66.35,18,20,15,23,3.45,6549101.734354496,1973810.0,0.0005,-83.85,33434,28851,21546,0.047
4810,EVTC,Technology,Software - Infrastructure,NYSE,66.35,18,19,34,24,23.28,1376598494.3625183,61620344.0,0.048299998,-38.77,718701,683690,531454,0.084
4811,PRQR,Healthcare,Biotechnology,NASDAQ,66.33,18,34,32,73,1.47,158043826.5,105362551.0,0.0121,-52.58,552742,610577,699820,-0.571
4812,JKHY,Technology,Information Technology Services,NASDAQ,66.32,18,25,42,64,127.35,9244417029.165955,71050780.0,0.0921,-34.15,2106060,1588323,1294516,0.087
4813,IDN,Technology,Software - Application,NASDAQ,66.3,18,91,58,92,4.08,83435028.20243168,20251221.0,0.0405,-55.07,491094,602001,592890,0.129
4814,CAG,Consumer Defensive,Packaged Foods,NYSE,66.28,18,17,30,24,13.14,6224467509.065575,478437156.0,0.12100001,-41.81,15302165,14470951,14909159,-0.019
4815,DYAI,Healthcare,Biotechnology,NASDAQ,66.28,18,22,22,16,0.68,25871478.34811026,36438703.0,0.0023999999,-49.63,1082383,420764,272658,1.823
4816,NRDY,Technology,Software - Application,NYSE,66.27,18,20,15,28,0.89,104135647.63252366,126378213.0,0.128,-53.16,360728,404209,422393,0.024
4817,GLDG,Basic Materials,Gold,NYSE ARCA,66.27,18,62,85,87,0.91,203299917.6489222,213999916.0,0.0276,-59.91,2671451,2255657,2127550,
4818,TNYA,Healthcare,Biotechnology,NASDAQ,66.24,18,85,38,23,0.71,157975179.24833304,216998877.0,0.1723,-69.79,4034134,4679631,4025856,
4819,SPT,Technology,Software - Application,NASDAQ,66.24,18,10,6,8,6.96,434563040.88642216,60105538.0,0.1058,-69.19,1418211,1513800,1491042,0.112
4820,GERN,Healthcare,Biotechnology,NASDAQ,66.23,18,52,68,22,1.12,750579512.0489066,641520974.0,0.1094,-44.28,10575857,13305129,15668957,0.309
4821,CXT,Industrials,Specialty Industrial Machinery,NYSE,66.23,18,20,23,26,38.25,2079005781.1718788,57542367.0,0.17860001,-44.57,1000679,867756,793671,0.174
4822,PDD,Consumer Cyclical,Internet Retail,NASDAQ,66.2,18,26,35,32,81.93,121088336587.95387,1423396462.0,0.0369,-41.23,16791822,10114400,8886244,0.11
4823,PNBK,Financial Services,Banks - Regional,NASDAQ,66.18,18,13,43,82,1.0,123475700.94259,117595911.0,0.0276,-50.0,406638,314786,276055,0.766
4824,GYRE,Healthcare,Biotechnology,NASDAQ,66.18,18,29,34,30,6.13,610308141.6786633,97028322.0,0.0808,-34.93,104336,92695,79725,0.021
4825,SRAD,Technology,Software - Application,NASDAQ,66.1,18,10,24,40,16.4,4113727988.9034004,295951662.0,0.064,-49.1,3172163,3496214,3891004,0.113
4826,HFFG,Consumer Defensive,Food Distribution,NASDAQ,65.95,18,24,28,20,1.84,99999030.04499066,53475417.0,0.024600001,-52.45,107051,138483,149078,0.045
4827,BDTX,Healthcare,Biotechnology,NASDAQ,65.95,18,78,32,63,1.9,112884496.4194169,57301774.0,0.13229999,-61.54,1295474,1743151,1382702,
4828,XRTX,Healthcare,Biotechnology,NASDAQ,65.94,18,25,10,12,2.3,3824548.7160158157,1730565.0,0.0354,-67.38,29540,34146,1553258,
4829,MIRA,Healthcare,Drug Manufacturers - General,NASDAQ,65.93,18,18,33,73,0.98,42022087.0,42022087.0,0.0105,-60.0,188953,133721,144362,
4830,TTGT,Technology,Information Technology Services,NASDAQ,65.92,18,43,11,9,3.71,279798836.1359854,72299443.0,0.1409,-58.78,333213,548824,523728,0.021
4831,SAMG,Financial Services,Asset Management,NASDAQ,65.89,18,31,39,36,10.9,85575488.57734394,7681821.0,0.0202,-35.84,36386,34282,36115,0.0
4832,TTAN,Technology,Software - Application,NASDAQ,65.87,17,15,18,38,70.71,7383040710.950722,95388121.0,0.1441,-41.07,2258435,1478415,1301249,0.246
4833,PPC,Consumer Defensive,Packaged Foods,NASDAQ,65.86,17,12,31,32,29.74,7109107397.407961,237921941.0,0.0228,-41.18,1405374,1528424,1341566,0.016
4834,ODV,Basic Materials,Gold,NYSE,65.77,17,70,90,94,2.44,752661812.3781486,304721378.0,4.58,-49.11,2884384,4199294,3217430,
4835,TCRX,Healthcare,Biotechnology,NASDAQ,65.68,17,47,22,8,0.97,64174501.85773623,65350817.0,0.0196,-62.26,371098,585889,893857,-0.548
4836,ASAN,Technology,Software - Application,NYSE,65.63,17,8,9,33,7.54,1807197078.8530083,230509827.0,0.3437,-52.01,8703372,7034280,7085178,0.095
4837,BTCT,Technology,Computer Hardware,NASDAQ,65.59,17,11,10,6,1.34,10278333.408424258,9516975.0,0.0227,-72.03,520194,210301,184016,0.004
4838,MOS,Basic Materials,Agricultural Inputs,NYSE,65.57,17,16,63,21,21.28,7068909289.810677,317846644.0,0.081499994,-44.34,7683676,8309588,8484491,0.144
4839,XZO,Financial Services,Insurance - Diversified,NYSE,65.57,17,19,23,31,13.1,1201941668.87784,90918430.0,0.0388,-46.75,251491,250853,219512,0.099
4840,MYND,Consumer Defensive,Education & Training Services,NYSE ARCA,65.5,17,7,18,9,0.41,18857842.281003743,47144605.0,0.0034,-64.32,3553547,1191649,718463,-0.347
4841,CLRO,Technology,Communication Equipment,NASDAQ,65.5,17,7,19,20,3.57,8454302.149632454,2675412.0,0.0043,-76.85,6874,4981,5424,
4842,MGPI,Consumer Defensive,Beverages - Wineries & Distilleries,NASDAQ,65.47,17,13,15,22,16.5,352839127.76148796,21371237.0,0.0678,-50.57,168912,194394,196358,-0.125
4843,AIHS,Industrials,Rental & Leasing Services,NASDAQ,65.45,17,13,16,3,1.33,5241112.241340995,4557489.0,0.040700004,-92.18,76846,33045,46777,-0.205
4844,SMTK,Technology,Semiconductor Equipment & Materials,NASDAQ,65.41,17,5,1,25,0.39,8771501.31641385,21446213.0,0.0269,-89.74,56903825,19925948,12131771,-0.13
4845,YTRA,Consumer Cyclical,Travel Services,NASDAQ,65.41,17,23,25,91,0.88,54989746.102431536,62135307.0,0.0002,-56.0,34802,29997,37230,-0.137
4846,DOCU,Technology,Software - Application,NASDAQ,65.39,17,17,14,21,45.07,9182210576.24836,194291386.0,0.106400006,-47.99,4970753,3646751,3630702,0.087
4847,BILL,Technology,Software - Application,NYSE,65.37,17,29,26,50,34.09,3582494391.768036,99596727.0,0.16950001,-40.41,3126588,2797902,2365421,0.135
4848,BGLC,Basic Materials,Specialty Chemicals,NASDAQ,65.35,17,16,11,70,2.17,5318090.915266514,2417314.0,0.0052,-86.09,51469,21543,14203,-0.989
4849,PYPL,Financial Services,Credit Services,NASDAQ,65.32,17,23,17,23,41.46,36422136613.5617,882105493.0,0.0545,-47.85,16652737,15746749,14567067,0.072
4850,SBC,Industrials,Consulting Services,NASDAQ,65.31,17,21,33,34,2.99,308756597.45175004,102576943.0,0.0146,-48.0,137655,137625,136959,-0.09
4851,BILI,Communication Services,Internet Content & Information,NASDAQ,65.29,17,27,66,57,17.61,7277181006.795891,416791603.0,0.0523,-51.62,3129578,3684966,3049243,0.067
4852,NKE,Consumer Cyclical,Footwear & Accessories,NYSE,65.28,17,12,26,38,44.65,63648524000.44371,1480887033.0,0.056999996,-44.31,23566937,21132152,24903229,0.001
4853,BRO,Financial Services,Insurance Brokers,NYSE,65.22,17,13,21,21,59.11,19950470128.137344,338947841.0,0.062800005,-46.8,3211303,3531297,3151418,0.357
4854,ADBE,Technology,Software - Application,NASDAQ,65.11,17,20,17,29,237.88,101632048986.8164,404200000.0,0.052399997,-43.34,5834963,4901437,5082000,0.12
4855,JELD,Industrials,Building Products & Equipment,NYSE,65.1,17,6,5,6,1.75,160241458.29240453,86151321.0,0.1466,-74.91,1611171,1695843,1981146,-0.069
4856,NCNO,Technology,Software - Application,NASDAQ,65.07,17,17,11,20,15.52,1634530022.3582268,109552950.0,0.1376,-54.25,4712631,3629150,3771626,0.106
4857,VEEV,Healthcare,Health Information Services,NYSE,65.04,17,14,20,24,167.68,28169727361.38858,163198698.0,0.0694,-46.0,3331975,4023075,3270493,0.163
4858,DFIN,Technology,Software - Application,NYSE,65.01,17,27,50,22,37.45,917852499.432087,24982375.0,0.0535,-43.47,390334,346021,291258,0.022
4859,BMBL,Communication Services,Internet Content & Information,NASDAQ,64.97,17,19,28,9,2.79,370424505.92500305,130431168.0,0.1336,-67.71,2977539,3155889,3038413,-0.141
4860,TURB,Technology,Solar,NASDAQ,64.96,17,57,97,2,1.54,20789652.429208755,12017140.0,0.1267,-92.47,1411590,844123,1845236,2.056
4861,HCWC,Consumer Defensive,Packaged Foods,NYSE ARCA,64.95,17,21,11,5,0.28,7578304.944904804,26590544.0,0.0116,-71.43,12971894,4462404,2787092,-0.099
4862,BRTX,Healthcare,Biotechnology,NASDAQ,64.88,17,1,2,15,0.39,10318659.285372347,25478171.0,0.0147,-80.93,57837593,20827654,13268420,-0.073
4863,BGIN,Technology,Computer Hardware,NASDAQ,64.87,17,56,20,10,2.55,300941612.7705357,113135941.0,0.0101,-60.77,16888,24049,24719,-0.875
4864,COE,Consumer Defensive,Education & Training Services,NYSE ARCA,64.86,17,34,13,83,21.97,135164587.5,6007315.0,0.0029,-60.86,6061,7100,9308,0.886
4865,IT,Technology,Information Technology Services,NYSE,64.84,17,16,12,15,157.4,10981449119.82933,66951889.0,0.2425,-63.41,1970652,1773564,1575018,-0.015
4866,UFG,Industrials,Marine Shipping,NASDAQ,64.84,17,7,10,1,1.0,21719085.959792137,32465000.0,0.010299999,-90.91,951993,554474,367096,0.843
4867,FAMI,Consumer Defensive,Packaged Foods,NASDAQ,64.8,17,21,20,12,1.12,15749338.06237185,13815209.0,0.0128999995,-48.39,28738,25249,24825,-0.573
4868,PLCE,Consumer Cyclical,Apparel Manufacturing,NASDAQ,64.75,17,11,12,59,3.61,78185817.17634201,22211880.0,0.33009997,-62.24,1466693,620191,582522,-0.194
4869,BLDR,Industrials,Building Products & Equipment,NYSE,64.75,17,10,21,20,77.54,7920709202.990662,107559876.0,0.0964,-48.66,3080140,3063040,2622748,-0.101
4870,PRGS,Technology,Software - Infrastructure,NASDAQ,64.73,17,10,19,23,31.42,1319585235.2827454,42078610.0,0.1445,-52.03,708983,640831,911938,0.041
4871,HDL,Consumer Cyclical,Restaurants,NASDAQ,64.7,17,16,28,19,13.09,763699041.066742,58836600.0,0.00029999999,-38.27,1096,1602,1511,0.142
4872,DRIO,Healthcare,Health Information Services,NASDAQ,64.68,17,14,26,78,7.53,54842985.0,7312398.0,0.0094,-57.56,8104,7244,11650,-0.312
4873,CALX,Technology,Software - Infrastructure,NYSE,64.57,17,20,61,75,38.69,2377166312.9272194,63782299.0,0.118,-45.68,1072765,900161,1020731,0.271
4874,TOST,Technology,Software - Infrastructure,NYSE,64.56,17,13,21,27,25.0,14291199645.996094,580000000.0,0.0696,-49.66,11695797,12852505,11309749,0.219
4875,LDOS,Technology,Information Technology Services,NYSE,64.42,17,14,62,72,123.52,15651485572.766678,125785466.0,0.0404,-39.97,1356830,1364330,1147654,0.037
4876,ACN,Technology,Information Technology Services,NYSE,64.4,17,13,19,35,173.47,109701317091.75,615435159.0,0.043899998,-46.09,5393701,5620730,5449048,0.083
4877,PLBY,Consumer Cyclical,Leisure,NASDAQ,64.39,17,57,52,79,1.34,150757173.77025962,115967061.0,0.0341,-51.27,676866,979072,912111,0.047
4878,MLGO,Technology,Software - Infrastructure,NASDAQ,64.39,17,7,4,3,4.76,51315724.73607874,10941519.0,0.1611,-87.2,226124,860448,600140,-0.068
4879,BFRG,Healthcare,Health Information Services,NASDAQ,64.38,17,21,7,12,0.67,12441447.891730785,18541651.0,0.0435,-67.16,315217,329095,14168501,
4880,FRPT,Consumer Defensive,Packaged Foods,NASDAQ,64.36,17,17,73,28,51.15,2444362506.824543,49142791.0,0.22709998,-40.52,1651773,1806161,1584514,0.131
4881,BGI,Consumer Cyclical,Luxury Goods,NYSE ARCA,64.26,17,25,18,25,0.59,11952759.96030426,19594688.0,0.0111,-62.42,1388868,471766,296361,0.162
4882,ATXG,Industrials,Integrated Freight & Logistics,NASDAQ,64.26,17,12,6,14,4.35,3905115.0,781023.0,0.0685,-77.69,13061,61607,83462,0.128
4883,OFS,Financial Services,Asset Management,NASDAQ,64.25,17,15,9,11,3.45,45553469.87774038,13398079.0,0.0308,-62.94,66695,58818,66277,-0.135
4884,ATLX,Basic Materials,Other Industrial Metals & Mining,NASDAQ,64.25,17,77,62,18,3.58,104102830.26625896,29490887.0,0.051599998,-56.61,760478,990322,794885,1.955
4885,CWH,Consumer Cyclical,Auto & Truck Dealerships,NYSE,64.22,17,6,8,8,7.29,407161805.74765015,63519784.0,0.1975,-62.88,2356781,2776790,3018074,-0.042
4886,BRFH,Consumer Defensive,Beverages - Non-Alcoholic,NASDAQ,64.2,17,22,38,53,2.16,35838572.68186927,16143501.0,0.002,-64.47,11636,10108,9803,0.922
4887,PNNT,Financial Services,Asset Management,NYSE,64.19,17,17,24,35,3.79,252042915.99016714,65296094.0,0.041500002,-49.67,667790,846843,765114,-0.187
4888,NAMM,Basic Materials,Gold,NASDAQ,64.19,17,10,71,1,1.93,104606699.10185802,54482657.0,0.83,-93.05,5275181,2032180,1420706,0.051
4889,SLSN,Consumer Defensive,Household & Personal Products,NASDAQ,64.12,17,13,4,11,1.22,92528498.90837908,70632445.0,0.0392,-78.33,32781,36553,42350,-0.114
4890,YB,Technology,Software - Application,NASDAQ,64.09,17,20,44,51,14.57,675535739.6287193,46080201.0,0.0038,-53.0,42943,35504,39414,0.322
4891,HTLM,Consumer Cyclical,Specialty Retail,NASDAQ,64.06,16,11,12,14,1.88,191931259.40859318,89687500.0,0.0076,-55.13,12080,5823,7092,0.164
4892,GRAB,Technology,Software - Application,NASDAQ,64.05,16,18,21,34,3.3,13660599648.952484,4090000000.0,0.0661,-50.15,47377341,50900297,52451264,0.235
4893,DCBO,Technology,Software - Application,NASDAQ,64.01,16,22,21,13,17.82,436835400.47148895,25382651.0,3.99,-46.68,128751,192887,165926,0.145
4894,PMEC,Industrials,Specialty Business Services,NASDAQ,64.01,16,16,15,39,0.7,28390893.253998816,38417987.0,0.0252,-71.31,16169,60286,643629,0.03
4895,DUOL,Technology,Software - Application,NASDAQ,64.0,16,8,5,9,117.86,5080047489.633636,46593117.0,0.2226,-76.87,1429697,1814575,1780025,0.265
4896,ORGO,Healthcare,Drug Manufacturers - Specialty & Generic,NASDAQ,63.96,16,9,12,75,2.48,311392415.9770889,128674548.0,0.1983,-64.96,992614,1340868,1719580,-0.571
4897,KROS,Healthcare,Biotechnology,NASDAQ,63.91,16,19,18,88,10.07,203855924.87499332,19791837.0,0.0991,-55.34,197616,308865,327809,-0.998
4898,UTZ,Consumer Defensive,Packaged Foods,NYSE,63.9,16,11,15,19,6.89,625957036.4683938,88537061.0,0.1153,-53.03,1628203,2023047,1939994,0.026
4899,CURI,Communication Services,Broadcasting,NASDAQ,63.9,16,22,30,86,2.82,164523095.65410614,59287600.0,0.0529,-53.47,529905,559405,444427,0.005
4900,IMA,Healthcare,Biotechnology,NASDAQ,63.89,16,9,15,7,5.55,63727085.57566166,11279130.0,0.0401,-69.17,17432,37874,429018,
4901,PBH,Healthcare,Drug Manufacturers - Specialty & Generic,NYSE,63.88,16,17,34,23,48.66,2235018806.336838,47372166.0,0.08,-44.15,623287,774809,682427,-0.05
4902,RYAN,Financial Services,Insurance - Specialty,NYSE,63.86,16,9,14,27,33.34,4215482685.957428,129468136.0,0.1176,-52.02,2240409,2830483,2476701,0.158
4903,TRMB,Technology,Scientific & Technical Instruments,NASDAQ,63.77,16,20,31,59,52.95,12632312894.480045,233111519.0,0.0343,-39.49,3181069,2740966,2276093,0.118
4904,AMPL,Technology,Software - Application,NASDAQ,63.75,16,14,15,31,6.96,1015863404.123909,132619246.0,0.073,-51.97,3328806,2895855,2407723,0.169
4905,ANIX,Healthcare,Biotechnology,NASDAQ,63.71,16,39,24,43,2.4,83149088.47949314,33527858.0,0.031,-56.04,119936,113235,114235,
4906,ORIO,Technology,Software - Infrastructure,NASDAQ,63.67,16,20,31,22,0.89,20720023.185219765,23707120.0,0.0114,-76.76,44407,58309,46097,-0.003
4907,CALC,Healthcare,Biotechnology,NASDAQ,63.63,16,6,3,94,0.91,16745911.956029415,15798031.0,0.027999999,-87.36,513155,261101,235453,
4908,VGAS,Utilities,Utilities - Renewable,NASDAQ,63.59,16,30,13,21,1.52,67269928.7951417,44549622.0,0.0347,-61.22,26763,21074,22500,
4909,ZLAB,Healthcare,Biotechnology,NASDAQ,63.44,16,23,19,8,16.65,1867337834.2519493,112354858.0,0.0471,-62.45,1068356,858422,845805,-0.065
4910,UAVS,Technology,Computer Hardware,NYSE ARCA,63.42,16,36,29,10,0.92,55667263.301467896,58597120.0,0.0366,-74.52,5914970,3244866,2927508,-0.616
4911,THRY,Technology,Software - Application,NASDAQ,63.41,16,8,4,5,3.8,164981205.18885756,44349786.0,0.0926,-73.39,779366,1046905,864083,-0.075
4912,XYF,Financial Services,Credit Services,NYSE,63.41,16,10,8,8,4.89,181411176.2992754,38516173.0,0.0107,-75.98,123076,131718,140893,-0.141
4913,LCFY,Communication Services,Internet Content & Information,NASDAQ,63.4,16,66,63,18,3.37,6494588.36127162,1799055.0,0.0138,-75.89,17498,14209,12255,-0.312
4914,KNDI,Consumer Cyclical,Recreational Vehicles,NASDAQ,63.4,16,9,24,20,0.74,73303218.36527109,100415365.0,0.0163,-58.19,89978,112936,113283,-0.323
4915,ATNM,Healthcare,Biotechnology,NYSE ARCA,63.38,16,52,23,69,1.01,33884994.86646867,31374994.0,0.0336,-48.07,158641,123737,192182,
4916,NTZ,Consumer Cyclical,"Furnishings, Fixtures & Appliances",NYSE,63.33,16,33,32,11,2.28,26435062.65043497,11014609.0,0.00029999999,-48.18,2138,3209,3201,0.035
4917,HIHO,Industrials,Metal Fabrication,NASDAQ,63.31,16,10,10,9,0.83,3546673.7154951096,4666676.0,0.0058999998,-62.44,1281951,434553,281608,-0.405
4918,HDB,Financial Services,Banks - Regional,NYSE,63.31,16,13,27,56,23.29,120152148749.67053,5132513863.0,0.0039,-41.49,9926870,8663370,8842734,-0.018
4919,MGX,Healthcare,Biotechnology,NASDAQ,63.25,16,20,30,23,1.23,48187977.16291475,37646858.0,0.0592,-68.86,183275,177565,184243,-0.698
4920,ORIC,Healthcare,Biotechnology,NASDAQ,63.22,16,50,82,47,8.0,776381715.0,103517562.0,0.2142,-46.42,2202741,1576937,1975134,
4921,NRDS,Communication Services,Internet Content & Information,NASDAQ,63.2,16,19,32,80,8.2,524416286.70486593,65798783.0,0.1442,-49.51,936246,1125518,877231,0.062
4922,AAME,Financial Services,Insurance - Life,NASDAQ,63.2,16,52,84,71,1.76,34063369.88464594,20397228.0,0.0011,-52.56,20657,11049,12385,0.208
4923,JACK,Consumer Cyclical,Restaurants,NASDAQ,63.19,16,12,12,24,11.96,215913327.29919434,19073616.0,0.3157,-52.8,826873,843927,854002,-0.043
4924,NFGC,Basic Materials,Gold,NYSE ARCA,63.19,16,68,67,90,1.55,622213731.2114483,384082549.0,3.01,-56.82,1567944,1521944,1594932,
4925,NOW,Technology,Software - Application,NYSE,63.12,16,11,14,19,106.97,115970581452.69775,1031308000.0,0.0563,-49.42,39139741,31103167,29958174,0.221
4926,WW,Healthcare,Medical Care Facilities,NASDAQ,63.09,16,4,23,25,18.01,162479850.0,9998760.0,0.18879999,-61.64,284349,337853,374169,-0.098
4927,ELBM,Basic Materials,Other Industrial Metals & Mining,NASDAQ,63.06,16,11,14,18,0.61,67991435.23440504,105413081.0,0.0123000005,-92.99,1303615,1272201,1026399,
4928,BKKT,Technology,Software - Infrastructure,NYSE,62.95,16,25,26,32,7.7,350055211.5091324,44706924.0,0.2035,-84.54,1919687,2100305,1690871,-0.771
4929,ENTX,Healthcare,Biotechnology,NASDAQ,62.93,16,11,14,60,1.22,58162473.53462434,49290234.0,0.0043,-62.11,87793,96157,153634,
4930,VRDN,Healthcare,Biotechnology,NASDAQ,62.87,16,23,87,95,16.31,1742548792.4726276,110427682.0,0.134,-52.44,1414317,2885569,3190799,0.958
4931,CPHI,Healthcare,Drug Manufacturers - Specialty & Generic,NYSE ARCA,62.81,16,7,4,16,0.72,29175842.599343777,40522002.0,0.00029999999,-64.88,51942,556277,345656,0.081
4932,NRSN,Healthcare,Biotechnology,NASDAQ,62.8,16,21,22,13,0.76,27074859.75,36099813.0,0.0174,-70.77,125039,140119,128437,
4933,PCOR,Technology,Software - Application,NYSE,62.79,16,22,26,44,45.74,7328737745.07196,150890216.0,0.0925,-44.43,2076746,2663525,2419723,0.157
4934,SE,Consumer Cyclical,Internet Retail,NYSE,62.77,16,11,13,21,84.87,53016658728.99646,612484522.0,0.0587,-57.42,3759418,4442366,4125933,0.466
4935,TC,Communication Services,Advertising Agencies,NASDAQ,62.71,16,14,15,30,9.34,235164200.4204464,26422945.0,0.0001,-58.41,2449,5473,3491,
4936,CNF,Financial Services,Mortgage Finance,NYSE,62.7,16,7,43,80,3.14,53609128.00540733,16858216.0,0.0002,-64.32,2224,6991,5370,
4937,STIM,Healthcare,Medical Devices,NASDAQ,62.69,16,13,12,15,1.24,89768310.94543457,69587840.0,0.28059998,-74.43,1818888,2660266,2455051,0.078
4938,TRDA,Healthcare,Biotechnology,NASDAQ,62.68,16,29,91,89,6.37,247287319.47733307,38820616.0,0.060399998,-61.28,268259,563549,402285,-0.957
4939,FLO,Consumer Defensive,Packaged Foods,NYSE,62.68,16,11,17,15,7.66,1585709364.44345,211993230.0,0.1879,-54.81,6811995,9234735,7316831,0.068
4940,HCM,Healthcare,Drug Manufacturers - Specialty & Generic,NASDAQ,62.67,16,26,35,22,10.63,1869100437.0018425,171950364.0,0.0021,-45.49,88473,51527,46482,-0.165
4941,SNT,Industrials,Security & Protection Services,NASDAQ,62.66,16,13,30,25,2.47,57862499.885015965,23331653.0,0.001,-53.75,65955,32641,35271,-0.043
4942,BR,Technology,Information Technology Services,NYSE,62.63,16,16,23,37,150.04,17503726244.426666,115658297.0,0.0313,-44.82,1483453,1564304,1488910,0.078
4943,NTRB,Healthcare,Biotechnology,NASDAQ,62.63,16,13,14,19,3.53,43518418.2125721,12155983.0,0.0354,-69.77,11057,10982,9271,-0.376
4944,RMSG,Technology,Software - Application,NASDAQ,62.58,16,54,2,21,0.71,20300111.78605807,11092957.0,0.0925,-87.0,26076051,9986093,17861028,
4945,BRLS,Consumer Defensive,Packaged Foods,NASDAQ,62.55,16,6,11,6,1.53,33697393.115795255,21463307.0,0.0916,-78.3,8844,429341,332990,-0.076
4946,OGI,Healthcare,Drug Manufacturers - Specialty & Generic,NASDAQ,62.55,16,32,46,79,1.08,149221515.26478863,140775022.0,4.93,-51.79,518564,722418,734740,-0.089
4947,HCAI,Industrials,Farm & Heavy Construction Machinery,NASDAQ,62.49,15,28,3,3,7.0,7846875.0,1162500.0,0.0228,-82.66,32124,2176151,1807277,
4948,MYSE,Technology,Software - Application,NASDAQ,62.49,15,25,22,49,1.52,7814466.46642971,5074329.0,0.0706,-73.66,74719,187193,5923821,
4949,MNSO,Consumer Cyclical,Specialty Retail,NYSE,62.49,15,16,28,29,13.2,4034387708.829274,311535735.0,0.0182,-50.64,735262,529750,512106,0.285
4950,GP,Industrials,Farm & Heavy Construction Machinery,NASDAQ,62.49,15,13,12,1,1.08,5431666.895835042,5029321.0,0.0336,-83.18,153565,169161,575371,0.177
4951,CNET,Communication Services,Advertising Agencies,NASDAQ,62.48,15,8,8,19,0.75,2457847.491223514,3668429.0,0.0164,-73.02,882854,299738,183820,-0.768
4952,CNEY,Basic Materials,Specialty Chemicals,NASDAQ,62.46,15,6,18,1,0.86,7793141.55220896,8203307.0,0.0312,-72.08,649960,1449516,1174874,-0.024
4953,INTR,Financial Services,Banks - Regional,NASDAQ,62.45,15,15,62,82,5.67,2503239108.59289,441488373.0,0.044899996,-45.27,7532332,7535000,5908820,0.253
4954,LAW,Technology,Software - Application,NYSE,62.44,15,25,24,91,3.56,241786709.39673328,64134406.0,0.041300002,-60.92,258857,456729,361989,0.143
4955,TYL,Technology,Software - Application,NYSE,62.42,15,14,17,19,308.92,12838733300.172424,41140555.0,0.0655,-50.28,770761,784277,647912,0.086
4956,MTEX,Consumer Defensive,Food Distribution,NASDAQ,62.41,15,9,20,23,5.59,10999118.631944656,1929670.0,0.0392,-55.1,8910,49376,37512,-0.062
4957,CHKP,Technology,Software - Infrastructure,NASDAQ,62.41,15,9,22,30,127.43,14129057508.662415,104027807.0,0.048499998,-45.09,1652010,2019883,1656994,0.048
4958,SOUN,Technology,Software - Application,NASDAQ,62.39,15,22,16,29,7.02,3198167544.86902,432769635.0,0.3806,-68.34,27660335,29608038,28060149,0.517
4959,RCKT,Healthcare,Biotechnology,NASDAQ,62.38,15,46,82,23,2.65,300282259.75,109193549.0,0.2354,-51.38,2507116,2369535,2535339,
4960,SLND,Industrials,Engineering & Construction,NYSE ARCA,62.38,15,6,2,30,1.05,60182959.79560733,54218882.0,0.0467,-80.34,80445,96525,155773,-0.28
4961,GDDY,Technology,Software - Infrastructure,NYSE,62.37,15,16,11,16,81.57,11172742526.185493,132409847.0,0.076799996,-55.41,4087354,2807774,2426262,0.061
4962,HWH,Consumer Cyclical,Leisure,NASDAQ,62.36,15,17,19,29,1.23,7775455.714797974,7476400.0,0.0128999995,-84.17,33099,31773,43007,-0.783
4963,GPMT,Real Estate,REIT - Mortgage,NYSE,62.34,15,10,12,33,1.45,73317024.87900853,47919625.0,0.0033000002,-53.45,143594,144161,155804,0.928
4964,NHTC,Consumer Cyclical,Internet Retail,NASDAQ,62.33,15,24,29,19,2.29,20501060.00985217,8577849.0,0.0034999999,-55.1,33282,35324,29686,-0.143
4965,CAI,Healthcare,Biotechnology,NASDAQ,62.32,15,11,15,28,16.96,4661404595.849524,282680695.0,0.102,-60.09,2769894,3066451,2561328,0.788
4966,LOOP,Basic Materials,Specialty Chemicals,NASDAQ,62.21,15,60,64,12,1.0,57572644.258347034,48380371.0,0.0167,-52.61,64784,60211,48540,-0.984
4967,AGMH,Technology,Computer Hardware,NASDAQ,62.17,15,5,5,24,1.25,2436866.728454113,2298931.0,0.0241,-93.09,196313,131821,135344,4.307
4968,CLVT,Technology,Information Technology Services,NYSE,62.12,15,37,16,21,2.38,1540511843.9643931,639216510.0,0.1598,-50.1,4451194,4981108,5075732,-0.014
4969,SER,Healthcare,Biotechnology,NYSE ARCA,62.1,15,6,5,10,1.77,28195309.328486323,14997505.0,0.028099999,-77.65,70997,79465,140679,
4970,LZ,Industrials,Specialty Business Services,NASDAQ,62.1,15,13,15,59,5.61,985258126.0729446,171647764.0,0.1308,-54.76,2633409,3017076,2870895,0.129
4971,CMRC,Technology,Software - Application,NASDAQ,62.02,15,17,11,20,2.66,232684522.57171345,82512244.0,0.0846,-52.03,702525,848645,750117,0.054
4972,ACCS,Communication Services,Advertising Agencies,NYSE ARCA,62.02,15,29,20,23,6.04,23409329.134506226,3882144.0,0.0058,-54.76,13832,14234,11882,-0.027
4973,SORA,Consumer Cyclical,Luxury Goods,NASDAQ,62.0,15,24,6,18,2.13,59922242.13409424,24864000.0,0.00090000004,-73.27,15100,11396,13274,-0.319
4974,JG,Technology,Software - Application,NASDAQ,61.96,15,24,32,15,5.65,33018998.092639923,5960108.0,0.0005,-55.86,3351,3117,3154,0.049
4975,GT,Consumer Cyclical,Auto Parts,NASDAQ,61.92,15,12,21,38,5.9,1641274593.9749136,287438631.0,0.13939999,-50.96,7931435,8929988,8316187,-0.087
4976,PHIO,Healthcare,Biotechnology,NASDAQ,61.87,15,17,25,8,1.08,12314285.395255566,11617251.0,0.0287,-74.22,138774,139384,153738,
4977,EBON,Technology,Computer Hardware,NASDAQ,61.86,15,13,14,16,2.19,13157890.699689865,6280616.0,0.0033000002,-62.88,4705,4051,4623,-0.213
4978,ACM,Industrials,Engineering & Construction,NYSE,61.85,15,15,32,25,71.29,9143120450.355835,128522920.0,0.0685,-47.4,3291320,2273546,1823584,0.008
4979,FSP,Real Estate,REIT - Office,NYSE ARCA,61.83,15,6,8,9,0.64,59103493.058348894,103690340.0,0.036,-65.03,645134,483181,426292,-0.033
4980,OPCH,Healthcare,Medical Care Facilities,NASDAQ,61.81,15,11,38,72,21.11,3220634142.9807434,157027504.0,0.1301,-42.64,2620572,4410044,3291832,0.013
4981,ITOC,Healthcare,Medical Devices,NASDAQ,61.81,15,6,4,2,0.4,4774000.020325184,17050000.0,0.032,-98.75,3738862,1310630,1811446,0.916
4982,SVRE,Technology,Scientific & Technical Instruments,NASDAQ,61.8,15,31,1,5,3.94,3503403.75,934241.0,0.0068,-94.23,27432,27884,33568,-0.783
4983,EVEX,Industrials,Aerospace & Defense,NYSE,61.78,15,21,15,75,2.64,996151073.701395,348304584.0,0.0923,-65.71,1069708,1158796,1245699,
4984,BULL,Technology,Software - Application,NASDAQ,61.76,15,17,8,16,5.5,2978184473.28182,531818665.0,0.0425,-69.98,13079583,12851047,13777708,0.363
4985,LIVE,Consumer Cyclical,Home Improvement Retail,NASDAQ,61.69,15,20,38,87,9.19,27675621.263046265,3071656.0,0.0044,-63.85,9764,9144,7644,-0.038
4986,PLAG,Industrials,Conglomerates,NYSE ARCA,61.65,15,32,35,86,1.57,23056998.367866874,14232715.0,0.0087,-65.03,3311,75363,58004,-0.444
4987,NXL,Healthcare,Medical Devices,NASDAQ,61.59,15,5,5,12,0.45,11287306.651758075,21540662.0,0.0297,-77.5,455923,985154,1003720,-0.636
4988,FWRG,Consumer Cyclical,Restaurants,NASDAQ,61.59,15,13,18,40,10.26,627544948.1125259,61644885.0,0.0845,-47.47,1314122,1396224,1417446,0.173
4989,BEEM,Technology,Solar,NASDAQ,61.56,15,43,22,19,1.22,29084076.38961506,22201586.0,0.0655,-69.8,499182,553964,623396,-0.505
4990,MVO,Energy,Oil & Gas E&P,NYSE,61.5,15,26,74,1,1.52,18515000.16450882,11500000.0,0.097600006,-75.72,136608,187216,252847,-0.386
4991,BATL,Energy,Oil & Gas E&P,NYSE ARCA,61.38,15,93,99,15,1.31,29064881.834934592,22018849.0,0.8285,-95.59,9809772,6630524,9424860,-0.35
4992,LXEO,Healthcare,Biotechnology,NASDAQ,61.38,15,75,84,96,4.24,343139531.5939121,78521634.0,0.19780001,-61.42,592318,678806,839033,
4993,ALKT,Technology,Software - Application,NASDAQ,61.32,15,25,20,19,15.31,1700534711.6021175,107019174.0,0.1177,-50.74,1684264,1790308,1620704,0.289
4994,MSC,Consumer Cyclical,Resorts & Casinos,NYSE,61.3,15,14,25,25,2.18,437175153.5766721,192588175.0,0.0001,-67.12,1423,5027,5510,0.093
4995,ADGM,Healthcare,Medical Devices,NASDAQ,61.27,15,24,45,10,0.75,16102583.304538608,22210459.0,0.0034,-70.95,112304,122491,159374,
4996,KRMN,Industrials,Aerospace & Defense,NYSE,61.26,15,37,96,90,48.37,6552100040.562824,132526299.0,0.076,-59.14,4306934,2874904,2432090,0.51
4997,APRE,Healthcare,Biotechnology,NASDAQ,61.25,15,35,10,6,0.74,9175636.974668026,12382776.0,0.0127,-66.67,111597,170762,445825,
4998,ALTI,Financial Services,Asset Management,NASDAQ,61.25,15,25,35,86,2.81,330017339.65227556,110744073.0,0.0231,-48.39,203883,197657,182178,0.281
4999,SIEB,Financial Services,Capital Markets,NASDAQ,61.23,15,8,14,78,1.84,76559550.5152216,40940936.0,0.028800001,-66.3,79401,43830,35744,-0.193
5000,INAB,Healthcare,Biotechnology,NASDAQ,61.22,15,18,28,8,1.45,13905010.357270718,9589662.0,0.0184,-60.38,74764,66974,64190,
5001,BRBI,Financial Services,Capital Markets,NASDAQ,61.21,15,23,25,10,11.75,308424880.5,26248926.0,0.22,-82.47,750,1190,2366,0.057
5002,BLIV,Technology,Software - Application,NASDAQ,61.2,15,18,26,33,2.2,25423635.747466564,10864802.0,0.0002,-49.13,989,1083,1225,-0.625
5003,PETS,Healthcare,Pharmaceutical Retailers,NASDAQ,61.16,15,18,23,21,1.71,35894512.639320135,21365782.0,0.0367,-60.42,313322,154714,125494,-0.079
5004,MIND,Technology,Scientific & Technical Instruments,NASDAQ,61.13,15,21,61,72,5.9,56352139.26640034,9089055.0,0.0644,-59.31,99119,113356,155123,-0.349
5005,GYRO,Real Estate,Real Estate Services,NASDAQ,61.11,15,24,40,45,6.25,13745675.0,2199308.0,0.0001,-47.92,3920,1803,1502,-0.018
5006,COUR,Consumer Defensive,Education & Training Services,NYSE,61.07,15,17,20,26,5.34,1566381656.959568,286358632.0,0.1004,-60.62,7119277,6925482,6328843,0.091
5007,JBDI,Consumer Cyclical,Specialty Retail,NASDAQ,61.04,15,8,25,28,0.59,9895112.917049408,19029064.0,0.0017,-80.33,132054,333508,203662,-0.081
5008,XTNT,Healthcare,Medical Devices,NYSE ARCA,60.95,15,25,46,84,0.45,64520962.77044535,140262960.0,0.00029999999,-52.63,112172,150037,160436,-0.365
5009,RDHL,Healthcare,Drug Manufacturers - Specialty & Generic,NASDAQ,60.93,14,25,11,8,0.8,5346997.65147686,5191260.0,0.0043,-75.83,678770,294090,193678,
5010,SDM,Communication Services,Advertising Agencies,NASDAQ,60.91,14,14,10,2,1.85,58691250.75638294,31725000.0,0.1436,-93.71,0,0,0,0.708
5011,OLLI,Consumer Defensive,Discount Stores,NASDAQ,60.87,14,11,40,35,77.88,4636767311.911194,60453292.0,0.0856,-45.05,2370118,1866929,1672489,0.142
5012,FKWL,Technology,Communication Equipment,NASDAQ,60.87,14,21,28,46,2.78,33703039.56377983,11784280.0,0.0016,-49.27,32281,36803,24764,-0.57
5013,LYEL,Healthcare,Biotechnology,NASDAQ,60.86,14,83,87,98,12.7,279309027.62087345,23334087.0,0.067600004,-71.78,126788,87862,89347,-0.714
5014,DTSS,Technology,Software - Infrastructure,NASDAQ,60.77,14,8,9,7,0.92,8775608.246012509,10447153.0,0.0138,-63.2,149721,80790,118816,-0.365
5015,NCEL,Healthcare,Biotechnology,NASDAQ,60.77,14,14,6,0,3.17,15774742.389412165,5383871.0,0.016900001,-89.71,115307,58415,62779,
5016,NICE,Technology,Software - Application,NASDAQ,60.74,14,14,34,12,88.62,5457742054.555115,58597188.0,0.070300005,-50.93,887258,849802,728087,0.098
5017,SPWH,Consumer Cyclical,Specialty Retail,NASDAQ,60.74,14,19,21,14,1.26,49555138.90575647,39019795.0,0.0161,-70.91,823730,493676,887172,-0.016
5018,MZTI,Consumer Defensive,Packaged Foods,NASDAQ,60.73,14,13,34,34,110.01,2944066840.897293,27422381.0,0.199,-42.39,347163,387587,359884,-0.01
5019,KRUS,Consumer Cyclical,Restaurants,NASDAQ,60.69,14,25,41,15,44.36,553700483.8034363,12147882.0,0.2575,-53.78,470126,329582,372953,0.233
5020,PAY,Technology,Software - Infrastructure,NYSE,60.69,14,26,22,31,21.11,2628997095.315176,125789337.0,0.0471,-46.39,993068,764819,616219,0.302
5021,ARVN,Healthcare,Biotechnology,NASDAQ,60.69,14,54,84,86,7.21,478747294.08257675,64521198.0,0.0912,-50.31,769774,920114,874126,-0.917
5022,CNXC,Technology,Information Technology Services,NASDAQ,60.68,14,8,19,18,27.29,1697154240.7028046,61004826.0,0.2027,-56.08,1251034,1569174,1501758,0.054
5023,DOUG,Real Estate,Real Estate Services,NYSE,60.67,14,20,16,65,1.72,160903763.4061041,90906082.0,0.0297,-46.08,376929,484893,482063,-0.154
5024,ANTA,Financial Services,Credit Services,NASDAQ,60.67,14,20,15,17,6.6,170106942.1009674,23992516.0,0.002,-52.24,3637,2759,5865,0.524
5025,LNAI,Healthcare,Biotechnology,NASDAQ,60.62,14,2,0,3,2.29,11108030.716192722,4533890.0,0.0787,-93.17,145544,635247,964519,
5026,HTOO,Utilities,Utilities - Renewable,NASDAQ,60.5,14,13,11,8,2.85,9628726.531579971,3297509.0,0.0106,-77.43,31310,41316,35836,3.663
5027,CMCM,Communication Services,Internet Content & Information,NYSE,60.44,14,35,76,66,4.18,125396051.89597034,31038627.0,0.0033000002,-55.72,20397,17795,17417,0.303
5028,BBLG,Healthcare,Biotechnology,NASDAQ,60.4,14,13,8,10,1.23,2242279.6561074257,1795260.0,0.0058,-81.78,19270,13573,13100,
5029,ILLR,Technology,Software - Application,NASDAQ,60.4,14,14,2,12,0.22,43245270.39342271,197466991.0,0.006,-87.28,3342345,3999051,2931443,0.052
5030,PLG,Basic Materials,Other Precious Metals & Mining,NYSE ARCA,60.36,14,45,60,93,1.38,178824485.15672958,126825879.0,0.0505,-65.84,1532451,1536617,1506082,
5031,JDZG,Consumer Defensive,Education & Training Services,NASDAQ,60.33,14,0,0,6,50.0,94000000.0,1880000.0,0.0046,-95.07,237441,124735,134930,0.662
5032,TRAW,Healthcare,Biotechnology,NASDAQ,60.33,14,70,37,38,1.31,20756416.60224402,15150669.0,0.1302,-59.94,394787,4409209,2740483,
5033,WK,Technology,Software - Application,NYSE,60.32,14,11,24,55,48.48,2757143037.6219177,56119336.0,0.0884,-50.07,928976,1208268,1098957,0.199
5034,PEGA,Technology,Software - Application,NASDAQ,60.21,14,15,29,76,34.16,5800597977.210686,167116051.0,0.139,-49.84,1858149,1846739,2123781,-0.096
5035,ORBS,Consumer Cyclical,Packaging & Containers,NASDAQ,60.21,14,8,6,83,0.94,337570045.1301832,388011544.0,0.054899998,-98.87,25284341,21097943,21602438,-0.237
5036,GANX,Healthcare,Biotechnology,NASDAQ,60.18,14,49,54,97,1.65,72511866.63390303,42654038.0,0.0758,-61.98,838182,647400,605166,
5037,INLX,Technology,Software - Application,NYSE ARCA,60.17,14,16,20,14,6.09,28093712.5,4494994.0,0.00029999999,-58.2,950,1226,1032,-0.08
5038,PMNT,Consumer Cyclical,Apparel Manufacturing,NYSE ARCA,60.17,14,11,6,18,0.23,11327363.766029209,52931606.0,0.0368,-68.06,289283,301324,13128050,-0.0
5039,MNDY,Technology,Software - Application,NASDAQ,60.15,14,11,5,12,83.23,4420022327.494194,51551463.0,0.17639999,-73.74,2287150,2137673,1895204,0.245
5040,HCAT,Healthcare,Health Information Services,NASDAQ,60.12,14,7,6,11,1.71,142615454.7241044,73894020.0,0.1528,-60.15,4027333,1733294,1281004,-0.109
5041,GHG,Consumer Cyclical,Lodging,NYSE,60.11,14,12,15,20,1.13,118049865.91995656,100897325.0,0.0025,-59.29,25079,26616,25511,-0.295
5042,EHTH,Financial Services,Insurance Brokers,NASDAQ,60.1,14,11,4,32,1.65,54911961.74541187,31741018.0,0.0618,-71.99,460725,389821,442249,-0.222
5043,SRTS,Healthcare,Medical Devices,NASDAQ,60.09,14,21,44,26,2.7,44447560.08497214,16462059.0,0.028499998,-54.39,88079,85989,66413,-0.622
5044,NTRP,Consumer Cyclical,Travel Services,NASDAQ,60.07,14,22,19,19,2.28,35653931.83288193,14493468.0,0.0056,-56.15,57228,40852,64619,18.389
5045,LFS,Communication Services,Entertainment,NASDAQ,60.06,14,28,16,77,1.98,53106055.82153869,26160619.0,0.0085,-84.15,567919,3013693,1822157,0.09
5046,OTLY,Consumer Defensive,Packaged Foods,NASDAQ,60.05,14,22,33,22,8.34,255732736.89746857,31225000.0,0.0345,-55.73,198524,104794,93090,0.156
5047,BMEA,Healthcare,Biotechnology,NASDAQ,60.04,14,60,19,7,1.13,91820287.42099762,72299440.0,0.24299999,-63.31,1137538,1315096,1594547,
5048,SVRN,Industrials,Marine Shipping,NASDAQ,60.02,14,3,1,5,10.17,16788552.84221649,1875816.0,0.0128999995,-99.36,23969,26249,34471,-0.374
5049,WRAP,Technology,Scientific & Technical Instruments,NASDAQ,59.97,14,28,19,75,1.2,71902340.3737545,55738250.0,0.1822,-62.85,266225,212501,332015,0.452
5050,TASK,Technology,Information Technology Services,NASDAQ,59.95,14,13,19,16,5.72,525658875.7394123,91578205.0,0.1276,-68.9,434342,631317,612632,0.103
5051,HAIN,Consumer Defensive,Packaged Foods,NASDAQ,59.89,14,11,6,8,0.66,65885044.311448574,90253483.0,0.107700005,-69.59,830967,1015942,1012621,-0.133
5052,CVRX,Healthcare,Medical Devices,NASDAQ,59.85,14,49,39,52,5.2,142763381.7567978,26535944.0,0.1007,-53.98,265739,343296,316979,0.196
5053,EMPD,Consumer Cyclical,Auto Manufacturers,NASDAQ,59.82,14,47,23,8,3.4,93325566.64344764,28110111.0,0.1223,-92.29,160122,207240,405030,-0.512
5054,BBOT,Healthcare,Biotechnology,NASDAQ,59.81,14,16,25,65,7.26,625636477.6562347,80107104.0,0.115,-51.18,243103,357794,405446,
5055,TLSI,Healthcare,Medical Devices,NASDAQ,59.76,14,51,19,90,3.34,194690420.63570976,61416535.0,0.036199998,-57.99,250113,573664,402712,-0.029
5056,LI,Consumer Cyclical,Auto Manufacturers,NASDAQ,59.75,14,27,25,11,14.11,14410082203.443302,1014794535.0,0.041300002,-55.94,5850764,4930141,4073688,-0.114
5057,SANG,Technology,Software - Infrastructure,NASDAQ,59.74,14,21,29,32,3.46,116475765.0,33278790.0,14.77,-46.69,5240,7260,6026,-0.122
5058,QTWO,Technology,Software - Application,NYSE,59.71,14,14,13,24,44.39,2861465278.017601,62600423.0,0.0642,-54.09,834672,952420,845766,0.141
5059,ACHR,Industrials,Aerospace & Defense,NYSE,59.69,14,21,17,31,5.32,4226271400.5590143,762864879.0,0.1617,-63.61,54116187,50580739,40456697,
5060,INVZ,Consumer Cyclical,Auto Parts,NASDAQ,59.63,14,15,15,67,0.66,154070268.0306809,221365334.0,0.0992,-74.02,2455726,3338755,2935719,1.103
5061,ACON,Healthcare,Health Information Services,NASDAQ,59.51,14,15,6,8,3.26,8790232.335627079,2462250.0,0.0806,-72.9,140765,74925,108979,0.113
5062,CHYM,Technology,Software - Application,NASDAQ,59.5,14,15,18,22,17.07,6660214375.30328,381019139.0,0.0394,-62.02,3987738,5108736,4447381,0.248
5063,ICU,Healthcare,Biotechnology,NASDAQ,59.47,14,67,6,2,2.78,11751186.108710289,3997002.0,0.039,-78.62,87131,79930,146638,0.689
5064,INTA,Technology,Software - Application,NASDAQ,59.47,14,15,10,20,23.79,1876449867.6466656,77061595.0,0.0946,-59.53,1247359,1129476,997203,0.131
5065,AVD,Basic Materials,Agricultural Inputs,NYSE,59.45,14,9,31,21,2.99,76091683.15526366,28605895.0,0.0315,-49.49,447412,300277,326906,0.067
5066,HLNE,Financial Services,Asset Management,NASDAQ,59.37,14,11,18,26,80.0,3515889867.4338684,43697364.0,0.1112,-50.35,1186351,999910,926916,-0.022
5067,GETY,Communication Services,Internet Content & Information,NYSE,59.36,14,8,6,15,0.75,317571113.7443614,418959244.0,0.19409999,-76.64,2269329,2280273,1722809,0.011
5068,LULU,Consumer Cyclical,Apparel Retail,NASDAQ,59.31,13,12,23,30,121.36,12971264434.332962,113553918.0,0.0581,-54.54,5802110,4020573,3481376,0.043
5069,FLUT,Consumer Cyclical,Gambling,NYSE,59.28,13,6,7,22,111.31,17425013362.326622,173400475.0,0.0837,-64.52,3066011,3043003,2978206,0.174
5070,CTM,Technology,Information Technology Services,NYSE ARCA,59.22,13,16,20,89,0.7,67046849.21840376,94698939.0,0.0596,-55.13,1062721,1760560,1454036,0.225
5071,JRVR,Financial Services,Insurance - Specialty,NASDAQ,59.21,13,14,75,87,3.97,183097951.52379608,46236856.0,0.031600002,-44.86,343244,525448,404840,-0.121
5072,BBW,Consumer Cyclical,Specialty Retail,NYSE,59.18,13,20,27,56,33.03,427358886.98703,12580479.0,0.2481,-56.45,456407,387955,371041,-0.024
5073,WWR,Basic Materials,Other Industrial Metals & Mining,NYSE ARCA,59.14,13,27,55,84,0.5,62293065.68239379,127128703.0,0.0106,-86.67,1083595,1028065,997387,
5074,BANL,Energy,Oil & Gas Midstream,NASDAQ,59.12,13,67,40,7,0.38,10430297.629117012,27448152.0,0.0403,-63.11,164020,197646,862772,-0.133
5075,AMS,Healthcare,Medical Care Facilities,NYSE ARCA,59.11,13,22,34,20,1.5,8811250.284314156,6625000.0,0.0239,-51.77,169722,271624,235584,0.159
5076,AIRO,Industrials,Aerospace & Defense,NASDAQ,59.1,13,9,16,4,8.63,260684387.56044388,31445644.0,0.09689999,-77.91,926534,647868,617052,-0.245
5077,SSII,Healthcare,Medical Devices,NASDAQ,59.09,13,13,24,49,3.56,756497200.3541908,200131536.0,0.0011,-70.01,82917,58849,54145,1.168
5078,BTOC,Industrials,Integrated Freight & Logistics,NASDAQ,59.07,13,6,3,6,0.32,15223431.844206601,45443079.0,0.0199,-82.02,410505,348468,332617,-0.091
5079,SCLX,Healthcare,Drug Manufacturers - General,NASDAQ,59.0,13,22,21,88,7.04,49231035.0,7033005.0,0.028499998,-79.46,106755,111161,84447,0.721
5080,PLAY,Communication Services,Entertainment,NASDAQ,58.96,13,8,12,24,11.45,389081329.37398434,34739405.0,0.3439,-67.77,1623672,1631984,1809050,-0.009
5081,VTSI,Technology,Software - Application,NASDAQ,58.96,13,19,27,19,3.32,37878063.67169142,11306885.0,0.008,-55.56,51317,65545,70965,-0.515
5082,BCHT,Industrials,Pollution & Treatment Controls,NYSE ARCA,58.93,13,5,15,90,1.89,50507453.59107041,26305966.0,0.002,-60.63,168645,187515,172447,0.316
5083,GLOO,Technology,Software - Application,NASDAQ,58.91,13,27,27,26,4.78,434286585.3682051,82407322.0,0.0123000005,-52.1,239863,124031,128634,4.177
5084,LSH,Industrials,Integrated Freight & Logistics,NASDAQ,58.86,13,24,37,11,0.57,20931955.198930085,34427559.0,0.0022,-66.07,103992,64240,51356,1.67
5085,CPNG,Consumer Cyclical,Internet Retail,NYSE,58.84,13,14,18,26,15.91,27195221960.387352,1795064201.0,0.0308,-53.31,22607439,24582609,22037183,0.075
5086,GRCE,Healthcare,Biotechnology,NASDAQ,58.82,13,16,88,63,2.33,35590261.362140894,15474027.0,0.1596,-55.02,266738,390979,823643,
5087,RMTI,Healthcare,Drug Manufacturers - Specialty & Generic,NASDAQ,58.81,13,21,24,9,0.69,26050398.375149786,39470299.0,0.0127,-67.14,368311,307383,261440,-0.083
5088,EYE,Consumer Cyclical,Specialty Retail,NASDAQ,58.74,13,33,83,92,16.46,1237001273.9817095,80116665.0,0.1692,-45.17,2165562,2645780,2139620,0.066
5089,KLAR,Financial Services,Credit Services,NYSE,58.67,13,6,6,13,16.5,6185936861.742157,378113486.0,0.1092,-65.25,5466811,6360867,5839196,0.444
5090,XTLB,Healthcare,Biotechnology,NASDAQ,58.65,13,12,11,11,2.32,4873152.344638824,2365608.0,0.0784,-77.43,14661,3962200,2380062,
5091,OI,Consumer Cyclical,Packaging & Containers,NYSE,58.56,13,11,25,79,8.32,1212599519.938343,153299563.0,0.1149,-50.8,3361118,3295746,2607343,-0.017
5092,GRAN,Financial Services,Capital Markets,NASDAQ,58.51,13,3,5,20,1.56,25404374.52495098,24906250.0,0.0022,-76.72,2924429,983396,594167,-0.832
5093,YOUL,Consumer Defensive,Education & Training Services,NASDAQ,58.48,13,7,5,9,1.03,35210455.46373725,76048500.0,0.0027,-81.27,4171033,1409124,865668,0.177
5094,PSIX,Industrials,Specialty Industrial Machinery,NASDAQ,58.47,13,49,65,89,39.14,866927438.5688782,23050450.0,0.1296,-67.86,578391,1004463,824028,-0.051
5095,GEOS,Energy,Oil & Gas Equipment & Services,NASDAQ,58.47,13,26,70,81,7.53,99604140.63272953,12935603.0,0.0546,-74.81,160813,230831,217808,0.095
5096,OWLT,Healthcare,Medical Devices,NYSE,58.47,13,16,21,96,4.7,135435456.77261353,29001168.0,0.0318,-72.26,303264,226771,232836,0.064
5097,FIS,Technology,Information Technology Services,NYSE,58.45,13,14,20,30,39.98,21166201627.797497,516879151.0,0.0394,-51.68,7372886,7138432,6695975,0.301
5098,BNGO,Healthcare,Medical Instruments & Supplies,NASDAQ,58.44,13,17,7,9,1.16,13425749.507546425,11475000.0,0.1067,-78.91,177725,170965,151337,0.036
5099,NCNA,Healthcare,Biotechnology,NASDAQ,58.35,13,9,3,4,1.97,8115843.648458242,4161971.0,0.040599998,-95.08,46662,40084,39406,
5100,CMMB,Healthcare,Biotechnology,NASDAQ,58.35,13,19,11,8,1.73,12744668.922663689,7200378.0,0.0057,-67.96,45048,46762,42197,
5101,BRIA,Consumer Cyclical,Apparel Retail,NYSE ARCA,58.26,13,17,36,13,1.37,39750000.83446503,25000000.0,0.0004,-72.32,44985,23735,15419,-0.103
5102,GHI,Financial Services,Mortgage Finance,NYSE,58.25,13,11,30,9,5.16,121346928.74709606,23562510.0,0.0107,-58.62,44256,60068,89023,-0.156
5103,CHAI,Communication Services,Internet Content & Information,NASDAQ,58.22,13,5,4,1,1.86,16555515.473016024,19922402.0,0.0089,-91.02,22520575,7626031,4652067,
5104,IVVD,Healthcare,Biotechnology,NASDAQ,58.2,13,84,87,98,0.99,303445667.1312132,294607452.0,0.1165,-67.75,3245020,3016896,3282402,0.216
5105,CRDF,Healthcare,Biotechnology,NASDAQ,58.18,13,23,16,27,1.53,102554844.0,68369896.0,0.2699,-66.45,2057958,1345752,1105007,-0.624
5106,FUFU,Financial Services,Capital Markets,NASDAQ,58.17,13,17,20,11,1.75,274978432.7266686,166653598.0,0.0054,-67.47,283477,234262,249927,-0.069
5107,AIIR,Consumer Defensive,Tobacco,NASDAQ,58.17,13,74,47,38,6.77,1108271395.3469467,160386602.0,,-55.75,11206,172892,224341,
5108,RNTX,Healthcare,Biotechnology,NASDAQ,58.17,13,26,27,39,0.92,80663308.76673937,85539032.0,0.0052,-57.8,474317,1176539,761535,
5109,KTTA,Healthcare,Biotechnology,NASDAQ,58.14,13,58,31,78,0.58,19547451.36300373,33414448.0,0.009,-71.84,682231,438307,605564,
5110,RC,Real Estate,REIT - Mortgage,NYSE,58.13,13,14,9,7,1.68,282524617.7126074,165219071.0,0.1391,-64.63,1538017,1740442,1632213,
5111,VERX,Technology,Software - Application,NASDAQ,58.12,13,14,10,10,12.73,2129510787.2686958,161816931.0,0.0919,-69.42,1741946,1578892,1445707,0.111
5112,SPSC,Technology,Software - Application,NASDAQ,58.11,13,9,12,13,55.03,2036453624.75531,36712702.0,0.0892,-62.05,711822,603884,603668,0.058
5113,NMG,Basic Materials,Other Industrial Metals & Mining,NYSE,58.09,13,34,60,92,1.43,510127195.8066058,329114330.0,8.76,-76.4,984658,1142252,1283995,
5114,MDXG,Healthcare,Biotechnology,NASDAQ,57.97,13,8,14,40,3.71,557057035.3604572,148945731.0,0.0617,-53.57,1379146,1673905,1625135,-0.331
5115,ZEO,Technology,Solar,NASDAQ,57.97,13,13,16,10,0.8,28849867.048247337,35139912.0,0.017,-78.26,91384,89044,166420,0.501
5116,PASG,Healthcare,Biotechnology,NASDAQ,57.95,13,10,30,74,5.57,18027897.452895164,3207811.0,0.0633,-72.15,37621,58080,87320,
5117,EVGO,Consumer Cyclical,Specialty Retail,NASDAQ,57.94,13,9,13,17,1.92,299751150.625,141059365.0,0.3364,-62.93,5385469,4474829,4213107,0.455
5118,ENLV,Healthcare,Biotechnology,NASDAQ,57.91,13,11,58,19,0.69,171144588.86765552,241048724.0,0.0017,-67.14,634063,373071,450522,
5119,PTLO,Consumer Cyclical,Restaurants,NASDAQ,57.88,13,10,26,8,3.96,288800023.1102786,72380958.0,0.1497,-67.99,1568308,2109296,1792619,0.035
5120,TRUP,Financial Services,Insurance - Property & Casualty,NASDAQ,57.87,13,10,14,20,22.17,959650384.0,43620472.0,0.1033,-61.7,362747,421469,381953,0.123
5121,ONT,Industrials,Waste Management,NYSE,57.84,13,13,58,81,16.97,619787729.263979,36139227.0,0.065799996,-46.97,677670,701110,537978,-0.052
5122,TAOP,Technology,Software - Infrastructure,NASDAQ,57.83,13,12,6,4,1.39,12004001.25,9603201.0,0.0032,-81.71,46501,20530,16654,-0.289
5123,PASW,Consumer Cyclical,Textile Manufacturing,NASDAQ,57.83,13,3,1,2,0.19,20052549.80698228,124550000.0,0.0007,-96.48,487572,258030,325456,-0.62
5124,COCH,Healthcare,Medical Devices,NASDAQ,57.81,13,42,20,7,0.62,50818415.39747357,76881111.0,0.0274,-67.2,134567,134685,141973,-0.152
5125,ERII,Industrials,Pollution & Treatment Controls,NASDAQ,57.8,13,10,18,41,8.12,412877536.3877735,51545259.0,0.0417,-55.68,742854,1195798,1061976,0.203
5126,TKLF,Consumer Cyclical,Specialty Retail,NASDAQ,57.79,13,13,37,14,1.99,8592545.308899164,4232781.0,0.0797,-53.95,77911,307380,209202,0.943
5127,LTBR,Industrials,Electrical Equipment & Parts,NASDAQ,57.77,12,56,32,89,9.16,309395070.0458355,32844487.0,0.123900004,-70.77,1115347,932862,897873,
5128,MIST,Healthcare,Biotechnology,NASDAQ,57.72,12,74,24,76,1.21,153132517.77461052,124497980.0,0.065799996,-60.46,1242045,1366418,1947785,
5129,SNES,Basic Materials,Specialty Chemicals,NASDAQ,57.72,12,14,15,16,1.73,8114241.628267765,5303426.0,0.020499999,-72.28,42279,111343,76481,0.016
5130,MNTN,Technology,Software - Application,NYSE,57.69,12,12,11,8,9.02,692668677.3600597,73924086.0,0.0214,-71.81,1029085,946555,739809,0.142
5131,SUPX,Technology,Software - Infrastructure,NASDAQ,57.68,12,5,26,94,8.67,384877822.40345573,43244701.0,0.0058,-88.67,335960,302103,358774,1.304
5132,SCYX,Healthcare,Drug Manufacturers - Specialty & Generic,NASDAQ,57.66,12,52,68,12,4.36,46771849.96881199,9930329.0,0.0292,-58.4,78979,56960,86424,
5133,FTLF,Consumer Defensive,Packaged Foods,NASDAQ,57.64,12,10,31,72,10.22,92689879.5652771,9391072.0,0.0482,-51.29,26163,30281,34478,0.589
5134,SINT,Healthcare,Medical Devices,NASDAQ,57.59,12,25,26,48,2.15,12590311.542555809,6202124.0,0.0539,-68.29,117446,68785,52009,0.03
5135,SUIG,Financial Services,Credit Services,NASDAQ,57.57,12,44,14,19,1.24,94652996.52814865,80900000.0,0.006,-85.68,412486,422328,382205,-0.237
5136,BMGL,Healthcare,Medical Care Facilities,NASDAQ,57.52,12,15,8,3,0.64,10238234.063521028,18785750.0,0.0029,-87.38,3424736,1156912,700621,0.273
5137,MBOT,Healthcare,Medical Instruments & Supplies,NASDAQ,57.49,12,36,76,70,1.82,123583236.0818671,67164801.0,0.1146,-61.03,1667185,1748468,1688951,
5138,NUS,Consumer Defensive,Household & Personal Products,NYSE,57.45,12,16,23,73,5.44,260716410.3538313,48550543.0,0.064899996,-62.79,673788,664579,556461,-0.12
5139,CCC,Technology,Software - Application,NASDAQ,57.43,12,14,20,18,4.75,2735142808.1999817,586940536.0,0.060300004,-54.76,10458549,12260119,11230623,0.118
5140,ANPA,Industrials,Specialty Business Services,NASDAQ,57.41,12,7,77,99,5.62,88647300.1217413,15101755.0,0.0085,-96.89,7259,30526,24935,
5141,TTEC,Technology,Information Technology Services,NASDAQ,57.37,12,21,24,31,2.19,106075273.82829738,48658381.0,0.3204,-60.82,442017,484565,505131,-0.071
5142,BLND,Technology,Software - Application,NYSE,57.32,12,9,7,18,1.69,392228983.8745022,242116656.0,0.0638,-62.36,3556976,4178708,3915117,0.149
5143,CTGO,Basic Materials,Gold,NYSE ARCA,57.3,12,76,82,92,15.47,507724981.5,30771211.0,0.0547,-55.0,460225,434131,500497,
5144,TNON,Healthcare,Medical Devices,NASDAQ,57.3,12,20,21,30,0.62,6990350.19191885,11573428.0,0.0167,-75.0,109068,86289,88185,0.899
5145,GTBP,Healthcare,Biotechnology,NASDAQ,57.3,12,5,6,6,0.42,15723425.765685081,36062904.0,0.057600003,-89.09,1727114,1944004,1393538,
5146,BLNE,Financial Services,Mortgage Finance,NASDAQ,57.25,12,29,94,34,1.13,35543732.37398493,31178713.0,0.0504,-75.7,485188,752479,722835,0.521
5147,DXC,Technology,Information Technology Services,NYSE,57.23,12,10,23,35,8.85,1460343206.7272282,162080263.0,0.2682,-46.2,4102941,5688920,4595790,-0.012
5148,GAIA,Communication Services,Entertainment,NASDAQ,57.16,12,9,18,18,2.52,59488311.18585205,25314176.0,0.0279,-60.56,81873,90691,79546,0.02
5149,PLUR,Healthcare,Biotechnology,NASDAQ,57.14,12,25,32,12,2.38,25463327.42813158,10789546.0,0.0088,-60.07,16286,14015,10575,-0.609
5150,BEAT,Healthcare,Health Information Services,NASDAQ,57.06,12,12,23,89,0.79,46570233.8239038,55506835.0,0.0515,-80.25,707234,711424,1025314,
5151,AEMD,Healthcare,Medical Devices,NASDAQ,57.05,12,8,4,2,1.94,4478732.181730986,2344886.0,0.0185,-93.26,2062916,1108988,670203,
5152,COIN,Financial Services,Financial Data & Stock Exchanges,NASDAQ,57.04,12,48,25,34,155.5,40151419130.3631,263460766.0,0.1166,-65.03,9811873,9706251,9865836,-0.308
5153,BCYC,Healthcare,Biotechnology,NASDAQ,57.03,12,15,13,23,4.17,293207131.68456554,69811225.0,0.0695,-55.45,304778,347199,363473,-0.911
5154,BFAM,Consumer Cyclical,Personal Services,NYSE,56.97,12,14,17,29,61.51,3270556888.424301,52606675.0,0.0614,-52.96,1188055,1568081,1195443,0.07
5155,CXAI,Technology,Software - Application,NASDAQ,56.89,12,3,5,4,0.22,26944402.13378875,109086651.0,0.0963,-80.87,87438844,39460174,26917994,-0.224
5156,TRI,Industrials,Specialty Business Services,NASDAQ,56.88,12,16,14,18,82.32,37559801935.14324,436538837.0,6.12,-62.31,1587608,2014062,1969817,0.098
5157,ZBAO,Financial Services,Insurance Brokers,NASDAQ,56.86,12,22,30,16,0.66,22719148.417823076,34061692.0,0.0378,-50.75,373377,429145,352405,0.407
5158,BEEP,Industrials,Infrastructure Operations,NASDAQ,56.84,12,11,21,24,1.89,83620700.74147415,41192464.0,0.0242,-59.53,48806,57312,45395,-0.037
5159,GPGI,Industrials,Metal Fabrication,NYSE,56.84,12,15,59,84,11.68,3446452680.5660295,289861445.0,0.2384,-56.39,1725592,3133467,3198330,
5160,HSCS,Healthcare,Medical Devices,NASDAQ,56.78,12,10,32,14,1.88,6178318.182229996,3184700.0,0.0121,-70.94,46262,29714,28174,
5161,SKYE,Healthcare,Biotechnology,NASDAQ,56.69,12,17,5,4,0.75,25760347.538928866,35143722.0,0.0506,-86.96,213311,184490,200792,
5162,HUIZ,Financial Services,Insurance Brokers,NASDAQ,56.58,12,12,10,65,1.38,14148506.159052372,10106076.0,0.0219,-69.54,9411,11533,297218,0.577
5163,WAI,Financial Services,Capital Markets,NASDAQ,56.55,12,6,6,3,2.01,5185897.312401295,2357226.0,0.0171,-97.86,158762,136477,84380,
5164,KMPR,Financial Services,Insurance - Property & Casualty,NYSE,56.48,12,19,12,14,24.35,1457137242.0,58874232.0,0.0716,-62.72,1317003,1119574,942844,-0.071
5165,VEEA,Technology,Information Technology Services,NASDAQ,56.48,12,23,16,11,0.41,22179329.799818993,50407568.0,0.01,-80.75,499301,323290,275118,11.65
5166,HELP,Healthcare,Biotechnology,NASDAQ,56.47,12,19,17,32,3.92,207060648.40827513,49894131.0,1.69,-60.12,593971,761390,1068406,
5167,COTY,Consumer Defensive,Household & Personal Products,NYSE,56.46,12,13,10,11,2.01,1725714252.0671291,880466438.0,0.1172,-62.36,8553313,8552741,8424960,-0.013
5168,OSRH,Healthcare,Biotechnology,NASDAQ,56.43,12,30,11,6,0.4,13620738.461744785,35104995.0,0.09770001,-77.65,1371282,12360647,7785162,-0.364
5169,DQ,Technology,Semiconductor Equipment & Materials,NYSE,56.43,12,28,54,91,14.39,1104311335.1899338,67666137.0,0.0685,-60.67,1054639,989009,843175,-0.784
5170,BETA,Industrials,Aerospace & Defense,NYSE,56.4,12,18,8,22,16.47,3952850411.811842,230756019.0,0.0398,-58.3,1813143,1879841,1677364,0.056
5171,LFT,Real Estate,REIT - Mortgage,NYSE,56.37,12,17,20,11,1.02,53488251.25979662,52439463.0,0.0505,-61.51,161196,165418,139207,2.085
5172,ATHR,Technology,Software - Application,NASDAQ,56.27,12,8,8,39,3.05,37770109.02596712,12144730.0,0.10569999,-81.42,9201,8237,11596,-0.017
5173,MKTX,Financial Services,Capital Markets,NASDAQ,56.25,12,20,39,26,116.51,4155628250.1357803,35539453.0,0.0868,-48.93,815663,684264,570714,0.119
5174,DJT,Communication Services,Internet Content & Information,NASDAQ,56.15,12,10,17,7,8.16,2290408284.3394012,276953828.0,0.0683,-62.31,4911597,4313535,3929737,0.061
5175,MBIO,Healthcare,Biotechnology,NASDAQ,56.09,12,9,19,13,0.74,5076928.476463258,7577505.0,0.008,-89.43,594978,226976,151625,
5176,IMTE,Technology,Electronic Components,NASDAQ,56.07,12,15,13,13,0.48,1761127.6967607737,3446434.0,0.012999999,-68.83,48198,39552,41375,
5177,LANV,Consumer Cyclical,Luxury Goods,NYSE,56.04,12,27,45,37,1.3,213856977.65098214,139775805.0,0.0015,-50.38,11301,8567,15252,
5178,CTOR,Healthcare,Drug Manufacturers - Specialty & Generic,NASDAQ,56.0,12,18,18,34,0.72,72525336.45978642,92981204.0,0.018,-88.37,80760,85093,116682,
5179,IH,Consumer Defensive,Education & Training Services,NYSE,55.99,12,19,22,27,1.35,79736061.79529858,51112862.0,0.0004,-62.5,27605,15631,14029,-0.181
5180,GWRE,Technology,Software - Application,NYSE,55.97,12,19,22,29,124.51,11327860682.577393,83256364.0,0.0717,-54.33,1987452,1538397,1506188,0.269
5181,DVLT,Technology,Software - Infrastructure,NASDAQ,55.96,12,16,36,97,0.4,367891663.96945626,855561995.0,0.1456,-90.24,38908049,56127449,46959743,4.431
5182,RENT,Consumer Cyclical,Apparel Retail,NASDAQ,55.95,12,31,33,87,3.47,111842806.00755882,33586429.0,0.0322,-65.75,98869,89886,100473,0.292
5183,AEC,Energy,Uranium,NASDAQ,55.92,12,40,70,31,3.79,76376895.73149109,18184976.0,0.0025,-69.66,55879,59046,51551,
5184,INMB,Healthcare,Biotechnology,NASDAQ,55.89,12,11,7,9,1.22,33497424.826463223,26585258.0,0.1542,-89.52,353998,440696,383597,
5185,SNTI,Healthcare,Biotechnology,NASDAQ,55.86,12,18,9,8,0.91,30054686.79319632,31144754.0,0.0373,-75.8,186648,204042,199653,
5186,ANVS,Healthcare,Biotechnology,NYSE,55.8,11,64,40,89,1.77,80404129.9114337,42541868.0,0.1515,-67.82,1258596,1253925,1285333,
5187,SMPL,Consumer Defensive,Packaged Foods,NASDAQ,55.74,11,7,12,11,12.44,1105348517.7938766,92575256.0,0.1114,-63.75,1938263,2242737,3020688,-0.094
5188,MMYT,Consumer Cyclical,Travel Services,NASDAQ,55.68,11,10,9,24,41.03,4182694509.7555847,94867192.0,0.115200005,-60.92,783678,935089,1237103,0.019
5189,AQMS,Industrials,Waste Management,NASDAQ,55.65,11,30,17,27,3.32,11733400.972062588,3362006.0,0.076799996,-91.57,56960,60946,53430,
5190,AZTR,Healthcare,Biotechnology,NYSE ARCA,55.64,11,11,3,2,0.21,3416604.344649017,16192438.0,0.012,-91.25,434029,523526,661739,
5191,WXM,Industrials,Industrial Distribution,NASDAQ,55.63,11,12,6,1,4.77,5465343.6425328255,1126875.0,0.0425,-88.7,131626,67639,41363,-0.517
5192,ZTS,Healthcare,Drug Manufacturers - Specialty & Generic,NYSE,55.56,11,8,29,18,82.2,33303482717.426147,419228118.0,0.036,-51.5,7052444,8410204,6331658,0.029
5193,PEW,Industrials,Aerospace & Defense,NYSE,55.5,11,15,11,4,2.56,77028187.89542866,29400073.0,0.0954,-88.04,507672,411744,338548,0.111
5194,FVRR,Communication Services,Internet Content & Information,NYSE,55.47,11,8,7,16,10.3,368135446.4915314,35950728.0,0.1297,-69.54,1004052,973970,870338,-0.016
5195,FTRK,Communication Services,Entertainment,NASDAQ,55.46,11,8,10,19,0.44,11735124.729573727,21812500.0,0.028399998,-93.43,98318,47852,36129,37.448
5196,RGNX,Healthcare,Biotechnology,NASDAQ,55.46,11,70,33,91,6.34,314321531.73578453,51697621.0,0.14850001,-60.84,1345471,1761740,1280930,-0.928
5197,TCRT,Healthcare,Biotechnology,NASDAQ,55.45,11,39,82,95,1.99,5568092.8101296425,2442146.0,0.0034999999,-67.9,30703,18314,18060,
5198,UXIN,Consumer Cyclical,Auto & Truck Dealerships,NASDAQ,55.42,11,14,61,13,2.17,448759724.048419,219980261.0,0.0083,-59.51,96826,111705,149065,1.007
5199,FLUX,Industrials,Electrical Equipment & Parts,NASDAQ,55.39,11,11,32,13,0.95,20720542.12115407,21361383.0,0.034,-87.42,109941,129583,121050,-0.607
5200,HCKT,Technology,Information Technology Services,NASDAQ,55.33,11,8,14,22,11.0,275314542.59703827,25188887.0,0.0659,-57.84,359370,448676,366694,-0.11
5201,SQNS,Technology,Semiconductors,NYSE,55.32,11,13,4,4,3.29,52122274.48567629,14977665.0,0.0057,-94.36,234254,267994,258862,-0.248
5202,HYPD,Healthcare,Biotechnology,NASDAQ,55.23,11,77,72,12,2.59,45321663.67455554,15157747.0,0.0641,-84.92,646838,608706,509331,15.595
5203,PONY,Technology,Information Technology Services,NASDAQ,55.23,11,9,27,35,8.59,3737128137.2451067,433541553.0,0.074499995,-65.53,5335288,5094806,4601105,1.45
5204,EVGN,Healthcare,Biotechnology,NASDAQ,55.17,11,15,15,19,0.6,6455913.729651928,10412764.0,0.015,-75.21,2782106,969828,603373,-0.863
5205,BGSI,Consumer Cyclical,Auto & Truck Dealerships,NYSE,55.17,11,13,42,51,100.67,2869557916.026123,27830064.0,4.07,-45.02,44481,56550,60600,0.281
5206,SGLY,Industrials,Integrated Freight & Logistics,NASDAQ,55.09,11,14,8,7,0.36,2771526.92522192,7293492.0,0.009,-75.17,217997,125015,484945,0.112
5207,AMIX,Healthcare,Medical Devices,NASDAQ,55.09,11,6,6,5,0.4,4677830.999197006,11409344.0,0.0173,-84.85,158943,1357601,858624,
5208,CRK,Energy,Oil & Gas E&P,NYSE,55.07,11,17,59,67,12.67,3818045816.0,293695832.0,0.27290002,-59.35,2552419,2825533,2525773,0.142
5209,FLNA,Healthcare,Biotechnology,NASDAQ,55.06,11,9,24,76,1.42,63766425.25384998,48307896.0,0.14140001,-71.49,397778,413572,392169,
5210,SKYX,Industrials,Electrical Equipment & Parts,NASDAQ,55.05,11,19,76,94,1.01,143897979.07397103,134484086.0,0.0548,-69.3,1286283,1962944,1624640,0.098
5211,ACCL,Industrials,Consulting Services,NASDAQ,55.04,11,11,5,27,1.52,21622344.334816933,13949900.0,0.0194,-69.6,2514525,848615,538239,0.007
5212,RPD,Technology,Software - Infrastructure,NASDAQ,55.03,11,5,4,11,7.1,501897956.47631454,66830618.0,0.1516,-72.53,2103164,2094714,2101504,-0.003
5213,GLOB,Technology,Information Technology Services,NYSE,54.95,11,7,12,19,37.47,1653776961.8566132,43179556.0,0.2005,-64.46,1659112,1884494,1655512,-0.007
5214,CISO,Technology,Software - Infrastructure,NASDAQ,54.91,11,6,9,4,0.34,15814354.926302701,45313337.0,0.0033000002,-77.03,629405,400991,378671,-0.154
5215,FMC,Basic Materials,Agricultural Inputs,NYSE,54.86,11,12,14,3,11.5,1455527346.570897,125045301.0,0.1933,-74.32,2919267,3102219,2948459,-0.041
5216,CHWY,Consumer Cyclical,Internet Retail,NYSE,54.8,11,14,20,31,20.4,8441422451.496185,408983658.0,0.1159,-57.05,8490312,8904390,8279596,0.005
5217,FUTU,Financial Services,Capital Markets,NASDAQ,54.8,11,36,46,82,91.31,12944157333.743774,140194488.0,0.0715,-54.92,5047305,5597831,3845599,0.288
5218,GMHS,Communication Services,Electronic Gaming & Multimedia,NASDAQ,54.76,11,22,31,8,0.82,53822741.608302474,57319213.0,0.0032,-69.17,6150496,2057015,1243483,-0.078
5219,SJT,Energy,Oil & Gas E&P,NYSE,54.7,11,17,29,54,3.47,171986463.59697676,46608797.0,0.0207,-50.43,223910,175436,175468,-0.976
5220,AGNT,Real Estate,Real Estate Services,NASDAQ,54.69,11,13,11,36,4.84,780538639.0,164323924.0,0.11310001,-60.41,1335517,1292532,1108141,0.053
5221,SQFT,Real Estate,REIT - Diversified,NASDAQ,54.63,11,21,11,9,2.22,2959494.84751153,1309511.0,0.0427,-90.35,12048,24906,1023049,-0.085
5222,MBRX,Healthcare,Biotechnology,NASDAQ,54.58,11,3,2,2,2.41,12807242.90891409,5336351.0,0.0998,-89.96,295456,245718,191801,
5223,DCGO,Healthcare,Medical Care Facilities,NASDAQ,54.56,11,9,8,6,0.58,55217134.37423897,98778413.0,0.048600003,-67.42,644486,579545,867915,-0.213
5224,WTF,Financial Services,Capital Markets,NASDAQ,54.42,11,37,12,4,2.57,139888673.4002838,48237472.0,0.019199999,-65.72,161535,248998,151847,1.001
5225,ABR,Real Estate,REIT - Mortgage,NYSE,54.41,11,19,25,17,5.31,1009896315.75,192361203.0,0.0002,-57.79,4345720,5302893,4050372,-0.103
5226,WAY,Healthcare,Health Information Services,NASDAQ,54.4,11,12,17,26,19.17,3836257820.0,191812891.0,0.0775,-53.8,2284271,2647217,2533326,0.224
5227,BL,Technology,Software - Application,NASDAQ,54.32,11,8,16,52,28.34,1681221872.2690544,58660917.0,0.17950001,-52.43,1583860,1449490,1292832,0.097
5228,ZG,Communication Services,Internet Content & Information,NASDAQ,54.24,11,11,12,26,35.83,8097295916.250458,228801810.0,0.1578,-60.29,1171354,1227124,1067114,0.184
5229,OPTT,Industrials,Specialty Industrial Machinery,NYSE ARCA,54.18,11,20,23,13,0.28,66126795.40722415,228023439.0,0.066300005,-68.89,8348480,4576013,4067538,-0.378
5230,STEM,Utilities,Utilities - Renewable,NYSE,54.16,11,15,26,93,7.7,68968536.3915968,8956953.0,0.126,-76.11,206887,191169,159625,-0.108
5231,HUDI,Basic Materials,Steel,NASDAQ,54.1,11,33,49,24,0.84,13441231.045908093,14299182.0,0.0155,-84.62,793652,327237,199370,-0.099
5232,MTEK,Technology,Electronic Components,NASDAQ,54.09,11,12,26,5,1.17,11541365.494959831,9698626.0,0.036199998,-72.6,1924062,729554,489322,-0.762
5233,GTEC,Consumer Cyclical,Auto Parts,NASDAQ,54.07,11,7,11,12,0.62,17253743.66713643,26544222.0,0.0023,-72.6,198240,146323,124326,0.234
5234,BARK,Consumer Cyclical,Specialty Retail,NYSE,54.04,11,6,42,10,9.87,78725619.84311771,8641671.0,0.1356,-56.33,83648,57799,70426,-0.221
5235,LUCY,Healthcare,Medical Instruments & Supplies,NASDAQ,54.01,11,14,10,8,0.9,5814584.975143433,6403728.0,0.0087,-81.89,62184,79771,83124,0.702
5236,UONEK,Communication Services,Broadcasting,NASDAQ,54.0,11,38,21,66,4.62,21277166.12232685,4517445.0,0.65,-67.0,11483,17001,10728,-0.158
5237,LGO,Basic Materials,Other Industrial Metals & Mining,NASDAQ,53.97,11,22,41,9,0.81,87149701.90963542,101336861.0,3.4,-70.0,908548,955759,1040295,-0.025
5238,LGCL,Technology,Software - Application,NASDAQ,53.97,11,7,4,1,1.86,82371525.65959454,42790404.0,0.0005,-96.34,8327,6529,6053,0.431
5239,NIU,Consumer Cyclical,Auto Manufacturers,NASDAQ,53.96,11,23,74,31,2.34,178049918.26395035,78436088.0,0.031400003,-58.73,706573,465151,391922,0.334
5240,LX,Financial Services,Credit Services,NASDAQ,53.9,11,7,10,6,2.06,341111716.1791959,164788274.0,0.0499,-74.2,1926067,1659165,1646607,0.066
5241,OPTU,Communication Services,Telecom Services,NYSE,53.86,11,8,15,17,1.1,426760090.69849026,391523007.0,0.3323,-63.09,23783736,10868452,7379719,-0.04
5242,TIL,Healthcare,Biotechnology,NASDAQ,53.77,11,15,9,7,8.02,54730552.32030487,6781977.0,0.0575,-81.26,14342,27554,27216,
5243,CELH,Consumer Defensive,Beverages - Non-Alcoholic,NASDAQ,53.73,11,14,69,60,28.19,7191163112.258072,255640360.0,0.105100006,-57.76,10810672,10506500,9018428,1.377
5244,CERT,Healthcare,Health Information Services,NASDAQ,53.71,10,9,16,19,5.18,835381927.1570435,155564608.0,0.2518,-62.68,4017258,3828506,3922935,0.009
5245,ARQQ,Technology,Software - Infrastructure,NASDAQ,53.67,10,15,12,26,12.49,211265275.51464367,17402411.0,0.129,-79.85,674141,622387,524004,8.299
5246,REFR,Technology,Electronic Components,NASDAQ,53.65,10,9,17,56,0.73,25802161.97252512,34867786.0,0.0106,-72.96,23618,34502,29193,-0.756
5247,ALT,Healthcare,Biotechnology,NASDAQ,53.48,10,15,17,57,2.66,527024964.75860023,194474154.0,0.19379999,-65.59,2902948,3259576,3803715,
5248,MLEC,Healthcare,Biotechnology,NASDAQ,53.44,10,24,23,0,7.17,5424101.307654381,726118.0,0.013099999,-94.03,43990,141030,318594,
5249,FOUR,Technology,Software - Infrastructure,NYSE,53.39,10,9,10,16,38.11,3020845571.175598,79328924.0,0.1911,-64.88,1559002,1665207,1640656,0.322
5250,WIMI,Communication Services,Advertising Agencies,NASDAQ,53.36,10,8,10,11,1.56,28864535.74433446,18385054.0,0.0381,-72.39,180941,288763,634892,-0.068
5251,ZS,Technology,Software - Infrastructure,NASDAQ,53.31,10,12,14,32,125.84,21148371482.100677,161709525.0,0.1058,-62.66,10298253,5781497,4640352,0.254
5252,SERV,Industrials,Specialty Industrial Machinery,NASDAQ,53.3,10,30,30,61,6.94,659449290.25,85090231.0,0.2628,-62.77,6787437,5096102,4414809,5.782
5253,ZYBT,Healthcare,Drug Manufacturers - Specialty & Generic,NASDAQ,53.27,10,7,2,2,0.89,39382232.88592589,47391377.0,0.0007,-93.2,65909,66439,49677,-0.409
5254,GLIBK,Communication Services,Telecom Services,NASDAQ,53.24,10,21,71,46,20.68,860351649.328434,39904994.0,0.0698,-49.78,1169748,963976,717969,-0.038
5255,VALN,Healthcare,Biotechnology,NASDAQ,53.22,10,17,87,84,5.31,519632551.6486139,94823458.0,0.0017,-56.65,37414,38314,77374,-0.372
5256,QDEL,Healthcare,Medical Devices,NASDAQ,53.21,10,4,11,31,13.94,977176867.1674404,68190989.0,0.23629999,-60.82,1678938,2113302,2403731,-0.105
5257,ALGS,Healthcare,Biotechnology,NASDAQ,53.17,10,35,22,68,5.14,30384173.985752106,6188223.0,0.1019,-62.45,125719,130289,251381,8.1
5258,OMEX,Basic Materials,Other Industrial Metals & Mining,NASDAQ,53.14,10,14,90,98,0.92,57461207.17809409,58574115.0,0.0851,-79.23,865747,1046945,6924869,-0.833
5259,NEXM,Basic Materials,Other Industrial Metals & Mining,NASDAQ,53.13,10,15,14,9,2.46,91972260.40026093,35648164.0,3.45,-76.23,42046,38882,41623,
5260,IQ,Communication Services,Entertainment,NASDAQ,53.1,10,9,13,24,1.04,1013275925.7340348,965024735.0,0.1522,-63.38,5840760,6879650,8594886,-0.134
5261,CCOI,Communication Services,Telecom Services,NASDAQ,53.06,10,8,11,6,15.81,842807064.4693775,50077663.0,0.1461,-70.92,1045312,1422810,1206184,-0.032
5262,CBUS,Healthcare,Biotechnology,NASDAQ,53.02,10,21,97,26,1.23,98467804.94817924,76331634.0,0.0817,-70.65,272137,292515,449093,-0.128
5263,ZTEK,Healthcare,Medical Instruments & Supplies,NASDAQ,52.93,10,46,18,11,0.48,55922646.548769474,107543555.0,0.0022,-68.63,133664,184328,152744,0.731
5264,ELF,Consumer Defensive,Household & Personal Products,NYSE,52.89,10,15,28,14,55.67,2946466855.680191,59440526.0,0.1784,-63.13,4268915,4100488,3433955,0.351
5265,REE,Consumer Cyclical,Auto Parts,NASDAQ,52.86,10,8,15,12,0.4,12465280.098269641,29124486.0,0.0146,-77.23,55149,70566,53289,45.375
5266,GLIBA,Communication Services,Telecom Services,NASDAQ,52.84,10,21,69,39,20.79,865140282.0980377,39904994.0,0.0551,-50.35,106537,80725,63043,-0.038
5267,UPWK,Communication Services,Internet Content & Information,NASDAQ,52.79,10,8,20,85,8.82,1082018908.391058,123518137.0,0.2809,-61.38,3580055,5101878,4250713,0.014
5268,WFF,Industrials,Specialty Industrial Machinery,NASDAQ,52.77,10,10,7,2,2.04,10327936.659768581,5038018.0,0.010199999,-98.61,69972,31954,37556,0.552
5269,MSTR,Technology,Software - Application,NASDAQ,52.75,10,33,11,6,117.02,42384226014.11902,351911534.0,0.1196,-74.41,22730962,17447817,18227468,0.119
5270,YDKG,Communication Services,Advertising Agencies,NASDAQ,52.71,10,5,3,0,0.94,5252729.484086931,5529189.0,0.026300002,-99.86,80114,76034,83744,
5271,Z,Communication Services,Internet Content & Information,NASDAQ,52.65,10,10,11,26,35.45,8021791772.81147,228801810.0,0.093,-62.24,5609211,4297530,3846060,0.184
5272,GWAV,Industrials,Waste Management,NASDAQ,52.64,10,7,5,6,3.46,2775115.7187359333,829631.0,0.0498,-89.95,10595,8481,8439,0.49
5273,MTVA,Healthcare,Biotechnology,NASDAQ,52.6,10,3,1,12,1.89,13272430.555241108,5164370.0,0.020399999,-90.07,2856988,7555782,4590557,
5274,QTRX,Healthcare,Medical Devices,NASDAQ,52.57,10,7,20,69,3.09,155449735.0538118,47105981.0,0.123100005,-64.77,1149875,1376208,1216069,0.201
5275,MAMO,Consumer Cyclical,Recreational Vehicles,NASDAQ,52.4,10,10,5,92,0.98,39975311.10648215,41640950.0,0.039300002,-82.47,106923,95237,1398624,-0.147
5276,NVNO,Healthcare,Medical Devices,NASDAQ,52.37,10,7,7,1,10.0,6816900.515469551,667669.0,0.107200004,-94.92,7451,12453,10370,
5277,GAUZ,Technology,Electronic Components,NASDAQ,52.24,10,4,2,0,0.6,11058450.33844167,18743137.0,0.0106,-93.75,76737,437492,282131,-0.178
5278,TNXP,Healthcare,Biotechnology,NASDAQ,52.19,10,16,14,16,11.46,176462448.20531464,15940601.0,0.1471,-83.62,498871,455857,445616,1.832
5279,AAPG,Healthcare,Biotechnology,NASDAQ,52.13,10,19,31,57,17.07,1605400186.4106445,93337216.0,0.12,-64.77,11406,8015,6037,1.17
5280,NWTG,Consumer Cyclical,Leisure,NASDAQ,52.08,10,15,27,11,1.0,4799988.594676971,4752464.0,0.0184,-55.12,45302,60484,52468,-0.181
5281,WHR,Consumer Cyclical,"Furnishings, Fixtures & Appliances",NYSE,52.05,10,7,18,23,41.44,2558568664.9997864,64823121.0,0.0013,-62.99,2617591,3288840,2903970,-0.096
5282,EPAM,Technology,Information Technology Services,NYSE,51.94,10,8,21,76,95.65,5122046023.871223,52244451.0,0.2508,-57.02,2872362,2252880,1886008,0.076
5283,LDI,Financial Services,Mortgage Finance,NYSE,51.78,10,15,22,71,1.14,639991440.9117894,542365652.0,0.15,-77.43,1657636,1869325,1824623,0.017
5284,UGRO,Industrials,Farm & Heavy Construction Machinery,NASDAQ,51.76,10,68,3,8,2.75,3765112.662009001,1259235.0,0.0242,-92.57,64057,97185,567305,
5285,BLSH,Technology,Software - Infrastructure,NYSE,51.76,10,42,17,13,26.9,4088439269.3217926,151648346.0,0.2564,-77.2,1817623,1573644,1370868,0.655
5286,GWH,Industrials,Electrical Equipment & Parts,NYSE,51.74,10,5,19,58,0.84,26655977.34415233,29389170.0,0.0537,-93.94,576601,967570,730520,
5287,AUID,Technology,Software - Infrastructure,NASDAQ,51.62,10,6,25,2,1.16,20165608.75,16132487.0,0.0656,-81.11,149525,156395,176241,0.621
5288,SCNX,Healthcare,Pharmaceutical Retailers,NASDAQ,51.61,10,9,11,5,0.37,14627094.341228485,40630816.0,0.030299999,-85.77,503987,405255,579147,4.491
5289,MWG,Industrials,Rental & Leasing Services,NYSE ARCA,51.59,10,13,19,32,1.41,5964747.668366432,5142024.0,0.0507,-76.69,71961,190760,124904,0.08
5290,TMDX,Healthcare,Medical Devices,NASDAQ,51.53,10,7,74,83,74.29,2399564061.277153,34560911.0,0.3691,-52.38,1240399,1729236,1370745,0.212
5291,ATEC,Healthcare,Medical Devices,NASDAQ,51.53,10,6,33,93,8.26,1230314440.0,153789305.0,0.1065,-64.53,2480664,4169714,3458170,0.136
5292,SWVL,Industrials,Railroads,NASDAQ,51.53,10,20,8,7,1.37,15046159.34497261,9964344.0,0.0031,-71.98,31087,22542,23363,
5293,TSCO,Consumer Cyclical,Specialty Retail,NASDAQ,51.47,10,8,34,36,29.96,15618109924.590973,524449616.0,0.0547,-53.18,13978388,13459056,11606163,0.036
5294,GPUS,Industrials,Aerospace & Defense,NYSE ARCA,51.45,10,3,4,3,0.17,80357481.94311932,535716525.0,0.4926,-96.52,74040356,49609535,51628751,0.762
5295,ATOS,Healthcare,Biotechnology,NASDAQ,51.41,10,16,6,23,4.41,38493085.823250294,8611429.0,0.0397,-77.21,53319,51346,54341,
5296,FMFC,Consumer Cyclical,Footwear & Accessories,NASDAQ,51.38,10,11,11,0,0.43,6953999.9127388,18300000.0,0.0234,-97.27,281528,157999,206399,-0.17
5297,HYFM,Industrials,Farm & Heavy Construction Machinery,NASDAQ,51.37,10,6,9,9,0.92,4574027.417762518,4764612.0,0.0104,-80.75,97275,48361,43103,-0.296
5298,REKR,Technology,Software - Infrastructure,NASDAQ,51.32,10,19,20,88,0.71,103068479.90664989,137608115.0,0.1559,-79.24,2501763,4013491,3430598,0.116
5299,MCRB,Healthcare,Biotechnology,NASDAQ,51.31,10,12,16,75,6.33,64204483.5282383,9683934.0,0.069299996,-78.89,81965,56728,53583,
5300,WGS,Healthcare,Diagnostics & Research,NASDAQ,51.29,10,5,20,92,56.33,1550011862.4897995,29688027.0,0.3193,-67.03,1189078,1835759,1357005,0.174
5301,KD,Technology,Information Technology Services,NYSE,51.2,10,12,5,18,11.53,2555449412.35236,219918196.0,0.1634,-73.91,3977610,4464846,4112792,-0.008
5302,XCUR,Healthcare,Biotechnology,NASDAQ,51.19,10,11,15,33,2.85,18611896.5262928,6373937.0,0.0106,-72.52,17030,14920,15576,
5303,VSTD,Consumer Cyclical,Restaurants,NASDAQ,51.11,9,16,5,1,0.3,4110569.229183197,14524980.0,0.0034,-91.61,118046,122248,99441,0.109
5304,GSHD,Financial Services,Insurance Brokers,NASDAQ,51.09,9,10,8,20,35.92,907769966.6314316,23670665.0,0.1071,-68.2,585687,457235,450399,0.233
5305,CETY,Industrials,Specialty Industrial Machinery,NASDAQ,51.07,9,16,7,1,0.81,9246240.443974972,12166106.0,0.0007,-83.83,64634,80751,83202,2.289
5306,EPSM,Consumer Defensive,Beverages - Wineries & Distilleries,NASDAQ,51.03,9,4,4,2,2.05,15168028.355993986,13423034.0,0.003,-98.68,7427539,2500226,1505737,-0.616
5307,FWDI,Consumer Cyclical,Footwear & Accessories,NASDAQ,51.02,9,13,18,46,4.05,275568093.58320665,74679699.0,0.0305,-91.2,990500,1017003,887998,3.15
5308,CFND,Financial Services,Asset Management,NYSE,50.96,9,9,12,9,3.12,19733331.614313126,6666666.0,0.17,-68.1,31535,31778,26793,
5309,RECT,Consumer Cyclical,Specialty Retail,NASDAQ,50.81,9,8,7,4,1.19,16819999.516010284,14500000.0,0.0119,-76.2,12833,27424,2694722,0.108
5310,PRT,Energy,Oil & Gas E&P,NYSE,50.81,9,16,37,55,2.07,25304721.631828308,12165732.0,0.0097,-51.64,62310,78810,73170,-0.273
5311,LNZA,Industrials,Waste Management,NASDAQ,50.77,9,81,9,7,7.88,86257586.16724777,13089163.0,0.0375,-88.93,170552,104027,83208,0.268
5312,BSX,Healthcare,Medical Devices,NYSE,50.75,9,9,20,34,48.96,72162542806.45099,1486355179.0,0.0212,-55.29,28513981,21129373,20445588,0.116
5313,GIBO,Communication Services,Internet Content & Information,NASDAQ,50.72,9,7,4,5,1.36,84652906.79494977,65117623.0,0.0011999999,-99.68,14769,12269,36617,
5314,NCTY,Financial Services,Capital Markets,NASDAQ,50.63,9,28,16,14,4.35,71631154.10393763,15273167.0,0.0108,-62.5,34955,35221,35665,1.335
5315,EU,Energy,Uranium,NASDAQ,50.58,9,13,42,51,1.28,268041544.59382486,194233004.0,0.1237,-69.38,2831535,2896935,2623907,0.003
5316,KVYO,Technology,Software - Application,NYSE,50.54,9,9,13,23,14.78,4662779463.706762,299279813.0,0.15609999,-59.79,6322589,8030443,6437811,0.279
5317,WING,Consumer Cyclical,Restaurants,NASDAQ,50.51,9,6,26,28,143.86,3873285896.839981,27232553.0,0.1919,-62.94,1149994,1474028,1385964,0.074
5318,CLRB,Healthcare,Biotechnology,NASDAQ,50.42,9,18,12,5,2.36,20698792.394057274,7991812.0,0.09770001,-83.26,189359,2095269,1269303,
5319,PODD,Healthcare,Medical Devices,NASDAQ,50.39,9,7,22,41,159.61,10612733434.831604,69264674.0,0.049099997,-55.02,1794671,1804440,1411202,0.339
5320,ONFO,Communication Services,Internet Content & Information,NASDAQ,50.34,9,87,11,12,0.41,2944828.54711926,6662508.0,0.0343,-83.45,272915,274135,6096179,-0.336
5321,PSTV,Healthcare,Biotechnology,NASDAQ,50.32,9,9,7,83,5.5,37241881.71960068,6883897.0,0.16950001,-76.6,126792,139310,350455,-0.032
5322,PSNYW,Consumer Cyclical,Auto Manufacturers,NASDAQ,50.28,9,15,24,12,2.83,23274883640.0,9309953456.0,0.71,-80.35,8720,7490,6384,0.454
5323,MSGY,Industrials,Engineering & Construction,NASDAQ,50.28,9,4,0,5,0.6,6884899.962693453,14225000.0,0.0117999995,-97.3,2119015,1266505,850439,-0.191
5324,NVX,Industrials,Electrical Equipment & Parts,NASDAQ,50.24,9,11,17,20,0.58,130196385.19443762,215556939.0,0.0191,-84.97,266334,307798,303904,-0.101
5325,BYAH,Consumer Defensive,Household & Personal Products,NASDAQ,50.23,9,1,0,1,1.56,3413755.2557201385,3220524.0,0.0126,-99.92,2337173,794864,497228,-0.159
5326,KAPA,Healthcare,Biotechnology,NYSE ARCA,50.23,9,15,18,13,0.43,9420927.508951724,21411199.0,0.0083,-79.62,114585,162711,133393,
5327,ADIL,Healthcare,Biotechnology,NASDAQ,50.2,9,2,2,12,2.13,4737402.491772652,2143621.0,0.0239,-88.79,41012,155534,134140,
5328,VIOT,Consumer Cyclical,"Furnishings, Fixtures & Appliances",NASDAQ,50.2,9,9,17,63,0.92,63282426.03949249,67321730.0,0.0005,-78.75,354593,231414,220066,-0.259
5329,OWLS,Technology,Software - Infrastructure,NASDAQ,50.09,9,10,5,0,5.62,506150446.7148261,88333411.0,1.66,-93.76,38932,34194,35688,0.017
5330,SHAK,Consumer Cyclical,Restaurants,NYSE,50.06,9,12,41,19,53.78,2111957319.037033,40350732.0,0.1557,-62.82,3078890,2978386,2208242,0.143
5331,AORT,Healthcare,Medical Devices,NYSE,50.03,9,10,63,88,20.88,976692242.7392006,48543350.0,0.0481,-56.73,705144,833938,677652,0.175
5332,CSGP,Real Estate,Real Estate Services,NASDAQ,49.91,9,7,12,18,33.93,13839174932.109451,408355715.0,0.046,-65.17,7478091,8426770,7360662,0.225
5333,BYND,Consumer Defensive,Packaged Foods,NASDAQ,49.9,9,12,6,3,0.69,365377751.50478077,515342392.0,0.2696,-91.03,40201257,50657515,65260179,-0.153
5334,AMST,Technology,Software - Application,NASDAQ,49.9,9,3,14,20,1.29,7901529.889546037,5852985.0,0.0735,-73.01,339505,6430498,4122085,1.715
5335,ELOG,Industrials,Integrated Freight & Logistics,NASDAQ,49.88,9,6,9,10,0.95,15526720.489501953,12832000.0,0.0076,-73.61,1200898,408046,249851,0.278
5336,UWMC,Financial Services,Mortgage Finance,NYSE,49.81,9,17,18,36,2.48,878594067.6840401,339225520.0,0.1296,-65.27,22012614,20280128,17092128,0.244
5337,DUO,Real Estate,Real Estate Services,NASDAQ,49.57,9,20,6,5,0.91,38548413.0,38548413.0,0.004,-82.96,641483,265641,176014,-0.24
5338,NCI,Consumer Cyclical,Apparel Manufacturing,NASDAQ,49.48,9,52,99,14,10.74,193868684.5,18914018.0,0.03,-90.28,1106929,577726,676502,-0.508
5339,STG,Consumer Defensive,Education & Training Services,NYSE,49.41,9,8,18,27,3.16,46586818.50410938,13425596.0,0.0002,-78.93,2684456,897895,539517,-0.096
5340,BHST,Consumer Defensive,Packaged Foods,NASDAQ,49.4,9,9,15,15,3.02,72310417.27706432,22667842.0,0.0033000002,-76.41,29446,36952,32859,0.246
5341,PHR,Healthcare,Health Information Services,NYSE,49.29,9,7,10,13,9.29,589685418.7020636,61811889.0,0.0685,-71.64,2091376,1570218,2081995,0.129
5342,MYSZ,Technology,Software - Application,NASDAQ,49.28,9,10,9,17,0.49,2519899.7811899185,4818164.0,0.0176,-70.3,140863,66827,61846,0.619
5343,YSG,Consumer Defensive,Household & Personal Products,NYSE,49.27,9,8,19,10,3.13,249522552.9313879,93805468.0,0.0031,-72.95,265378,192716,162463,0.225
5344,BGMS,Healthcare,Biotechnology,NASDAQ,49.27,9,6,3,1,0.9,8279184.0,5519456.0,0.0063,-95.47,13830960,4637376,2850370,
5345,INLF,Industrials,Specialty Industrial Machinery,NASDAQ,49.23,9,4,6,7,4.61,58538496.84000015,13806250.0,0.0032,-83.54,56948,32879,25735,-0.102
5346,LBRDA,Communication Services,Telecom Services,NASDAQ,49.12,9,8,29,13,31.69,4442435495.426828,143861257.0,0.0221,-66.52,192151,209623,196734,
5347,VIVS,Healthcare,Biotechnology,NASDAQ,49.11,9,15,17,11,1.19,3473422.9380214214,2894519.0,0.014099999,-77.55,61397,57319,58105,0.083
5348,VERI,Technology,Software - Infrastructure,NASDAQ,49.11,9,16,44,96,1.61,158952029.255929,92954401.0,0.1102,-82.91,2872849,2822266,2867599,-0.098
5349,UCL,Communication Services,Telecom Services,NASDAQ,49.08,9,10,26,59,1.03,39235016.410171986,38092250.0,0.0008,-75.42,47424,21391,15600,-0.101
5350,PBM,Healthcare,Biotechnology,NASDAQ,48.99,9,13,0,2,3.33,8049507.54812932,2293307.0,0.0311,-99.29,101167,183192,3236885,
5351,SOS,Financial Services,Capital Markets,NYSE,48.95,9,9,18,6,0.96,16332023.045787811,16170320.0,0.0482,-90.02,23595,23375,39829,-0.621
5352,TME,Communication Services,Internet Content & Information,NYSE,48.94,9,7,26,45,9.07,14866446505.725918,1637273858.0,0.04,-66.03,11469906,11418318,10413643,0.073
5353,PLNT,Consumer Cyclical,Leisure,NYSE,48.94,9,6,19,64,50.96,4010138595.467537,79126649.0,0.0958,-55.48,1911027,3306422,2473165,0.197
5354,LBRDK,Communication Services,Telecom Services,NASDAQ,48.92,9,8,28,13,31.68,4435514812.403984,143497730.0,0.0271,-66.65,2665823,2281457,2014984,
5355,YXT,Technology,Software - Application,NASDAQ,48.9,9,12,13,23,0.42,32364243.35685253,59602660.0,0.01,-63.48,1100485,395905,3989623,0.047
5356,GLMD,Healthcare,Biotechnology,NASDAQ,48.85,9,10,8,7,0.52,4593359.051827669,6599654.0,0.009,-77.78,2349597,870135,4243999,
5357,FMST,Basic Materials,Other Industrial Metals & Mining,NASDAQ,48.8,9,26,73,92,1.49,24420870.0,16280580.0,0.0105,-70.08,92819,118439,125671,
5358,NXXT,Utilities,Utilities - Renewable,NASDAQ,48.8,9,2,2,15,0.5,92285365.30999285,157752767.0,0.1325,-84.57,6006769,32134263,20751761,0.294
5359,HUBS,Technology,Software - Application,NYSE,48.77,9,9,11,11,197.69,10885192117.875671,51190708.0,0.1409,-67.62,2565039,2199163,1935885,0.234
5360,DOCS,Healthcare,Health Information Services,NYSE,48.69,9,12,7,15,20.45,3765335475.63406,182872047.0,0.12149999,-73.27,3416530,4746070,4182674,0.051
5361,QNRX,Healthcare,Biotechnology,NASDAQ,48.58,9,25,29,44,4.95,9017796.3603096,2008418.0,0.0399,-88.16,35728,28459,32953,
5362,RNAZ,Healthcare,Biotechnology,NASDAQ,48.57,8,13,37,13,4.98,5321691.109372139,950302.0,0.039,-76.27,274372,98454,61240,
5363,CCG,Communication Services,Internet Content & Information,NASDAQ,48.53,8,21,27,28,0.47,41510780.5,83021561.0,0.0028,-69.48,212422,124380,124082,-0.156
5364,NEOV,Industrials,Electrical Equipment & Parts,NASDAQ,48.51,8,14,65,38,1.98,107616591.17451382,54906423.0,0.105100006,-72.23,1671606,1163975,868855,0.005
5365,NGEN,Healthcare,Biotechnology,NASDAQ,48.39,8,81,79,94,1.81,197537834.47924805,106203136.0,8.83,-71.27,994161,1048837,726952,
5366,HOLO,Technology,Electronic Components,NASDAQ,48.37,8,7,7,4,1.75,39638383.237018585,22912360.0,0.055,-82.48,806073,702851,902166,0.51
5367,USBC,Technology,Scientific & Technical Instruments,NYSE ARCA,48.24,8,22,4,6,0.34,128087666.98974639,388144430.0,0.047,-93.66,779779,3695746,2418753,
5368,VENU,Consumer Cyclical,Restaurants,NYSE ARCA,48.2,8,5,4,21,3.33,195029864.54946327,59825112.0,0.0357,-81.67,352102,283150,307100,0.115
5369,WVE,Healthcare,Biotechnology,NASDAQ,48.19,8,19,84,95,5.78,1102464621.1297808,192402202.0,0.1146,-73.4,3482864,4181488,4165664,3.169
5370,NEGG,Consumer Cyclical,Internet Retail,NASDAQ,48.18,8,88,97,99,17.06,363679158.0202904,20973423.0,0.2054,-87.62,137697,113545,96287,-0.118
5371,CHTR,Communication Services,Telecom Services,NASDAQ,48.18,8,8,27,12,135.37,18652485555.05249,141178370.0,0.4483,-67.94,3029849,3378589,3151291,-0.01
5372,BCDA,Healthcare,Biotechnology,NASDAQ,48.18,8,16,16,13,0.86,11715965.394566536,11374724.0,0.025799999,-64.9,15985936,5573448,3369077,
5373,INO,Healthcare,Biotechnology,NASDAQ,48.15,8,23,24,40,1.1,88032367.90540302,82273237.0,0.2217,-63.09,1621925,3221631,3189163,
5374,EDHL,Communication Services,Advertising Agencies,NASDAQ,48.13,8,5,2,1,3.1,7015017.813563347,1666275.0,0.0187,-97.18,6278712,2382107,1438128,-0.134
5375,RAIN,Industrials,Pollution & Treatment Controls,NASDAQ,48.1,8,5,20,90,2.09,18015435.190474033,8188834.0,0.0017,-75.47,19537,36099,27905,
5376,VNTG,Industrials,Marine Shipping,NYSE ARCA,48.09,8,8,8,1,0.7,22851000.90801716,31737500.0,0.0011999999,-90.86,29995,21275,22965,
5377,VRAX,Healthcare,Biotechnology,NASDAQ,48.06,8,4,3,6,0.19,1581191.0124602318,7423432.0,0.055999998,-83.33,5789698,37628822,38351215,-0.675
5378,GFAI,Industrials,Security & Protection Services,NASDAQ,47.98,8,15,10,15,0.42,14312691.578112245,31250418.0,0.0241,-72.0,5135212,1970370,1301874,
5379,ARBK,Financial Services,Capital Markets,NASDAQ,47.97,8,8,0,0,3.72,50344046.51741552,14634897.0,0.0034999999,-98.19,21222,33080,31908,
5380,FEAM,Basic Materials,Specialty Chemicals,NASDAQ,47.96,8,6,8,24,1.55,71821336.58184004,41515223.0,0.0121,-79.33,185492,235560,233586,
5381,WKHS,Consumer Cyclical,Auto Manufacturers,NASDAQ,47.87,8,7,4,3,3.17,35730351.688337326,10893400.0,0.0912,-95.29,215636,270722,219359,2.781
5382,FWRD,Industrials,Integrated Freight & Logistics,NASDAQ,47.85,8,5,17,48,11.63,327635465.7024021,31625046.0,0.15,-64.18,1041283,1690034,1236582,-0.051
5383,YEXT,Technology,Software - Infrastructure,NYSE,47.76,8,8,16,63,3.81,389965181.7564459,100248116.0,0.0834,-58.59,1755811,1383467,1760608,-0.014
5384,BTAI,Healthcare,Drug Manufacturers - Specialty & Generic,NASDAQ,47.63,8,10,17,15,1.07,34119754.11394358,30877605.0,0.1173,-86.76,862065,701148,856309,0.226
5385,FNUC,Basic Materials,Other Industrial Metals & Mining,NASDAQ,47.59,8,9,13,35,1.86,52110301.821982384,26318334.0,0.053000003,-74.97,708226,513125,424323,
5386,TIGR,Financial Services,Capital Markets,NASDAQ,47.57,8,13,27,36,4.72,800578964.6884446,178700661.0,0.0494,-65.17,6477283,6754934,4999742,0.271
5387,CSAN,Energy,Oil & Gas Refining & Marketing,NYSE,47.54,8,24,25,20,2.69,2749799965.612672,985591399.0,0.0023999999,-56.75,3551192,2602790,2240930,0.265
5388,NTSK,Technology,Software - Infrastructure,NASDAQ,47.52,8,12,6,24,9.0,3891804450.5657864,403923649.0,0.0685,-67.85,8089543,5004017,4787064,0.278
5389,MKZR,Real Estate,REIT - Diversified,NASDAQ,47.34,8,6,19,5,2.43,5256670.936160564,2255114.0,0.0043,-85.62,8277,20052,19009,-0.44
5390,SNWV,Healthcare,Medical Devices,NASDAQ,47.31,8,7,17,54,14.52,126920887.72814941,8598976.0,0.142,-68.83,67922,104000,93152,0.031
5391,YSXT,Industrials,Specialty Business Services,NASDAQ,47.18,8,7,13,6,1.03,28718974.202275276,27882500.0,0.0004,-82.98,7452,34147,82348,0.202
5392,YAAS,Technology,Software - Application,NASDAQ,47.17,8,4,2,0,0.89,21424436.705659747,22791954.0,0.01,-99.84,133931,312593,3803988,-0.18
5393,PLBL,Consumer Cyclical,Department Stores,NASDAQ,47.13,8,19,29,56,5.22,2121383437.3234272,366387470.0,0.0036000002,-61.28,23047,12749,12025,0.611
5394,LMRI,Healthcare,Medical Devices,NASDAQ,47.08,8,10,16,42,8.65,816686247.5,96080735.0,0.1347,-55.53,736117,959952,938251,0.031
5395,HTCO,Industrials,Marine Shipping,NASDAQ,47.06,8,14,31,83,4.47,26282770.46431732,9063024.0,0.048899997,-92.1,1373742,1379564,1258420,0.568
5396,WBUY,Consumer Cyclical,Internet Retail,NASDAQ,47.06,8,10,4,4,0.98,5070021.265339851,5481104.0,0.0252,-89.98,170430,78816,1621590,
5397,DRMA,Healthcare,Biotechnology,NASDAQ,46.93,8,5,3,3,1.2,4746128.529030204,4022143.0,0.0364,-85.0,64880,56146,69572,
5398,RBLX,Communication Services,Electronic Gaming & Multimedia,NYSE,46.87,8,6,15,52,43.0,29942230897.400627,715978745.0,0.038900003,-71.45,9698691,13362043,11535738,0.393
5399,SMR,Industrials,Specialty Industrial Machinery,NYSE,46.78,8,10,9,12,10.0,3634110742.5,346105785.0,0.19629999,-82.58,39528874,33946084,35337010,-0.958
5400,OMH,Real Estate,Real Estate Services,NASDAQ,46.74,8,12,35,52,0.61,16009084.212603629,23101131.0,0.0055,-81.23,906486,312748,196875,-0.129
5401,SOBR,Technology,Scientific & Technical Instruments,NASDAQ,46.73,8,44,3,3,0.75,2862710.526468754,2806579.0,0.128,-85.82,165192,13833024,8547604,-0.088
5402,GOTU,Consumer Defensive,Education & Training Services,NYSE,46.7,8,16,17,14,1.42,376756957.35332537,238453764.0,0.0176,-65.53,634438,507119,440293,0.214
5403,ATGL,Technology,Software - Infrastructure,NASDAQ,46.66,8,24,15,44,11.29,214012500.0,16462500.0,0.0049,-77.42,3720,5236,3404,-0.314
5404,AMBR,Technology,Software - Infrastructure,NASDAQ,46.56,8,14,30,1,1.54,137641870.05631542,94275251.0,0.0114,-88.01,71577,53062,54239,-0.329
5405,VIA,Technology,Software - Application,NYSE,46.49,8,7,6,9,14.65,1198301119.9328518,81295871.0,0.1248,-73.98,965674,773011,655652,0.292
5406,OGEN,Healthcare,Biotechnology,NYSE ARCA,46.45,8,7,12,3,0.6,2662054.5116692185,4511957.0,0.1457,-88.55,60015,53421,57895,
5407,AIOS,Technology,Information Technology Services,NASDAQ,46.42,8,4,1,16,14.0,46980000.0,3240000.0,0.0159,-85.71,65927,404169,245497,
5408,TTD,Communication Services,Advertising Agencies,NASDAQ,46.34,8,7,12,10,19.89,9378662160.614216,470108361.0,0.21059999,-78.25,22832075,20575575,19525863,0.118
5409,UPB,Healthcare,Biotechnology,NASDAQ,46.31,8,7,13,96,6.69,383660918.7297888,54419987.0,0.0963,-80.14,576864,544241,581336,0.827
5410,VSTM,Healthcare,Biotechnology,NASDAQ,46.27,8,14,18,87,3.82,326011204.0421133,87873639.0,0.20459999,-66.04,2668904,2445034,2295466,
5411,INTU,Technology,Software - Application,NASDAQ,46.25,8,16,16,39,293.78,81174842791.25977,273537000.0,0.0462,-63.9,6772041,5291437,4541042,0.104
5412,BDMD,Healthcare,Medical Devices,NASDAQ,46.24,8,77,66,6,1.28,40297005.954998255,31981751.0,0.0159,-82.37,132923,159021,202676,-0.39
5413,NAGE,Healthcare,Biotechnology,NASDAQ,46.18,8,9,12,15,3.51,274772931.94773746,79644327.0,0.0962,-76.11,886942,1010207,869980,0.033
5414,SPWR,Technology,Solar,NASDAQ,46.17,8,14,26,52,0.8,138674495.89732385,145819663.0,0.1608,-64.76,5117630,3011650,2532834,-0.072
5415,DFLI,Industrials,Electrical Equipment & Parts,NASDAQ,46.12,8,9,12,93,1.79,23836532.58332491,12815340.0,0.0992,-93.14,410767,453359,454929,0.069
5416,DTCX,Financial Services,Financial Data & Stock Exchanges,NASDAQ,46.12,8,13,12,51,2.14,86299450.83218336,38873626.0,0.039,-87.02,378883,301397,367626,12.652
5417,CAN,Technology,Computer Hardware,NASDAQ,46.11,8,15,11,24,0.33,266890575.68291008,745504380.0,0.0828,-85.14,10956761,10589523,10063316,-0.243
5418,NWGL,Basic Materials,Lumber & Wood Production,NASDAQ,45.95,8,17,27,18,0.66,12100363.717611134,16553165.0,0.0081,-90.02,1711280,650456,410534,-0.119
5419,ZDAI,Industrials,Engineering & Construction,NASDAQ,45.87,8,2,10,4,2.94,23407313.1904006,8043750.0,0.0057,-81.99,32039,152083,156337,-0.432
5420,MIMI,Industrials,Engineering & Construction,NASDAQ,45.84,8,4,4,0,3.21,7653698.5412323475,2753129.0,0.0179,-97.66,392782,183419,931909,-0.262
5421,SQFTP,Real Estate,REIT - Diversified,NASDAQ,45.77,7,16,7,70,4.91,,,0.11,-69.29,2462,3150,4500,-0.085
5422,NTHI,Healthcare,Biotechnology,NASDAQ,45.74,7,12,40,60,4.42,114978063.10464478,26013136.0,0.02,-65.97,48094,88188,75544,
5423,TGL,Technology,Software - Application,NASDAQ,45.73,7,6,2,1,4.06,7356432.526266575,1675725.0,0.0107,-93.0,61184,37288,43614,1.252
5424,LU,Financial Services,Credit Services,NYSE,45.7,7,14,24,25,1.34,1256698934.7269468,866688892.0,3.91,-70.68,1586267,1220255,1286391,-0.195
5425,GOGO,Communication Services,Telecom Services,NASDAQ,45.7,7,12,12,9,3.38,512553997.01105976,135238523.0,0.2005,-79.9,1848926,1612418,1553589,-0.017
5426,CTXR,Healthcare,Biotechnology,NASDAQ,45.67,7,13,28,21,0.56,15373439.265452027,27452570.0,0.1915,-77.42,457055,773778,767207,
5427,CNCK,Financial Services,Capital Markets,NASDAQ,45.64,7,6,7,10,1.77,244668813.11848974,135927122.0,0.0452,-80.99,131791,1938837,1308610,0.045
5428,APVO,Healthcare,Biotechnology,NASDAQ,45.62,7,3,1,4,4.76,5881615.3385567665,1246105.0,0.0705,-97.98,53444,45241,41540,
5429,FIG,Technology,Software - Application,NYSE,45.57,7,6,7,5,20.49,11492190462.75,528376573.0,0.3689,-85.66,18440841,20726570,18764688,0.461
5430,ADVB,Healthcare,Diagnostics & Research,NASDAQ,45.42,7,15,8,5,3.71,6889394.736047745,1652133.0,0.0037,-81.45,43733,222371,531464,
5431,RPID,Healthcare,Medical Devices,NASDAQ,45.39,7,17,34,92,1.88,99145400.3851378,49821809.0,0.024400001,-61.94,129197,146375,169203,0.111
5432,CTSO,Healthcare,Medical Devices,NASDAQ,45.32,7,21,27,11,0.42,28822788.793028355,62794748.0,0.033800002,-69.78,208526,131448,110835,0.016
5433,DSS,Consumer Cyclical,Packaging & Containers,NYSE ARCA,45.13,7,9,40,37,0.5,4810366.143548906,10042518.0,0.038399998,-73.61,6593461,2238937,1384206,-0.126
5434,NABL,Technology,Information Technology Services,NYSE,45.09,7,9,13,27,3.23,712069930.8104539,188378290.0,0.0401,-64.27,2314512,1794004,1516820,0.131
5435,BTCS,Financial Services,Capital Markets,NASDAQ,45.03,7,26,14,46,1.24,64707979.926525354,49775371.0,0.056700002,-85.39,650118,876836,831473,2.053
5436,REAX,Real Estate,Real Estate Services,NASDAQ,45.03,7,7,10,24,1.68,360546005.06321955,214610724.0,4.12,-68.92,3356098,4228846,3296667,0.315
5437,BLKB,Technology,Software - Application,NASDAQ,44.99,7,11,18,30,27.86,1300337896.329609,45932106.0,0.1224,-62.79,803655,719731,655147,0.042
5438,NCL,Consumer Cyclical,"Furnishings, Fixtures & Appliances",NYSE ARCA,44.96,7,5,1,0,0.17,8489827.504734442,53733083.0,0.003,-99.16,907914,458001,449094,0.443
5439,RXST,Healthcare,Medical Devices,NASDAQ,44.95,7,12,10,30,4.91,206983045.0,41396609.0,0.1238,-69.31,1035597,808252,793129,-0.185
5440,AIIO,Consumer Cyclical,Auto Manufacturers,NASDAQ,44.94,7,1,1,6,2.83,58163576.39202261,19783529.0,0.1725,-94.97,6571701,25431370,15500580,-0.982
5441,CDLX,Communication Services,Advertising Agencies,NASDAQ,44.88,7,8,9,8,4.76,34847178.0,5807863.0,0.1387,-85.49,110085,95541,119647,-0.446
5442,RTB,Technology,Software - Application,NASDAQ,44.83,7,15,5,10,4.19,19345281.299280643,5774711.0,1.98,-87.78,44661,39993,54668,
5443,SDST,Industrials,Electrical Equipment & Parts,NASDAQ,44.78,7,9,18,36,1.8,21582642.676415443,10579727.0,0.0669,-76.53,312846,188482,222751,
5444,PRPL,Consumer Cyclical,"Furnishings, Fixtures & Appliances",NASDAQ,44.75,7,12,32,25,0.41,42877299.90940261,108825636.0,0.0374,-67.46,274459,465706,398197,-0.081
5445,OCS,Healthcare,Biotechnology,NASDAQ,44.7,7,87,84,69,10.98,676950300.6336222,60388073.0,0.0095999995,-68.15,1964911,957873,709036,-0.267
5446,INSP,Healthcare,Medical Devices,NYSE,44.69,7,7,8,57,42.21,1186813732.5011559,28813153.0,0.1674,-71.29,961664,1294538,1163360,0.016
5447,PEPG,Healthcare,Biotechnology,NASDAQ,44.66,7,18,97,98,1.38,97528590.84122837,69169215.0,0.070700005,-82.31,623180,784686,1580662,
5448,GRML,Basic Materials,Other Precious Metals & Mining,NASDAQ,44.64,7,88,31,18,0.3,37220269.978560805,121238660.0,0.0467,-92.33,3691347,3437779,3522341,
5449,SSM,Consumer Cyclical,Auto Manufacturers,NASDAQ,44.59,7,11,73,26,3.97,5589806.521648407,1464834.0,0.028399998,-85.68,4189,86166,52699,
5450,CMPX,Healthcare,Biotechnology,NASDAQ,44.46,7,6,91,96,2.06,367379339.73019123,180087915.0,0.2059,-70.06,4422744,7801964,9019330,
5451,NA,Technology,Semiconductors,NASDAQ,44.41,7,8,16,7,1.95,49213868.14335823,23214090.0,0.060599998,-93.81,127702,201810,152822,0.181
5452,OPRX,Healthcare,Health Information Services,NASDAQ,44.38,7,7,9,83,5.07,95889535.75540781,18765075.0,0.1125,-77.21,348047,477135,466927,-0.095
5453,COSM,Healthcare,Medical Distribution,NASDAQ,44.35,7,10,17,12,0.22,15049204.722077489,59956994.0,0.0228,-83.33,2248884,1379291,1438990,0.307
5454,ANGI,Communication Services,Internet Content & Information,NASDAQ,44.34,7,4,8,17,5.77,239452257.80593872,40448016.0,0.1317,-70.29,1440029,1647143,1276653,-0.032
5455,MATH,Financial Services,Capital Markets,NASDAQ,44.3,7,7,7,81,0.99,38588886.05690569,43407071.0,0.0023,-76.26,129662,123100,97606,-0.39
5456,PAR,Technology,Software - Application,NYSE,44.28,7,5,4,12,13.53,555173840.1134176,41246199.0,0.33099997,-81.25,1556691,1462013,1561618,0.194
5457,LICN,Industrials,Specialty Business Services,NASDAQ,44.25,7,96,23,99,1.79,29750652.30947733,16436825.0,0.0011,-81.15,497465,489281,314133,-0.561
5458,ZEPP,Technology,Consumer Electronics,NYSE,44.22,7,76,99,99,4.41,90776233.22913694,14664981.0,0.0502,-92.87,233567,152189,120705,0.43
5459,INTJ,Industrials,Consulting Services,NASDAQ,44.21,7,58,9,29,4.84,8486999.970674515,1537500.0,0.0016,-85.76,7923,3551,5766,0.035
5460,SRXH,Consumer Defensive,Packaged Foods,NYSE ARCA,44.19,7,6,4,8,0.12,71420826.66199881,590254769.0,0.0304,-84.62,42975223,37399264,35410918,
5461,XPON,Industrials,Electrical Equipment & Parts,NASDAQ,44.07,7,11,14,24,0.45,5501821.408904672,11438298.0,0.0178,-91.82,142221,152773,173672,0.118
5462,JZXN,Consumer Cyclical,Auto & Truck Dealerships,NASDAQ,44.06,7,2,0,0,1.37,1488301.9263364077,1328841.0,0.1711,-99.26,7118607,5903129,3568273,
5463,HLP,Basic Materials,Steel,NASDAQ,44.02,7,22,36,39,0.48,39312584.21063423,74738750.0,0.0041,-72.09,272461,433013,378980,0.402
5464,PPBT,Healthcare,Biotechnology,NASDAQ,43.9,7,5,6,12,2.99,2768853.806672573,932274.0,0.008,-89.69,16033,227527,142342,
5465,FUSE,Technology,Software - Application,NASDAQ,43.83,7,7,3,0,1.16,37042226.3720417,28939240.0,0.0756,-95.36,54538,117889,3028141,-0.038
5466,SDA,Consumer Cyclical,Auto & Truck Dealerships,NASDAQ,43.82,7,6,19,8,1.1,117310760.41790736,102009359.0,0.0058999998,-64.29,1771145,1637408,1085487,0.279
5467,NEON,Technology,Electronic Components,NASDAQ,43.74,7,9,6,3,1.25,28195309.759700656,16782923.0,0.0495,-95.82,305915,180975,147013,0.197
5468,HIND,Healthcare,Biotechnology,NASDAQ,43.72,7,5,3,3,2.11,15160021.08240509,7018528.0,0.0273,-88.66,25787,34779,28961,-0.841
5469,XHLD,Communication Services,Broadcasting,NASDAQ,43.67,7,3,5,2,1.2,6402743.255148768,4477443.0,0.025999999,-91.09,27545,38101,35483,-0.137
5470,ZJYL,Healthcare,Medical Instruments & Supplies,NASDAQ,43.62,7,6,4,3,2.29,19333567.073942423,7827355.0,0.0083,-86.67,1685339,566356,349345,-0.165
5471,VBIO,Healthcare,Biotechnology,NASDAQ,43.44,7,13,3,10,0.74,2432626.2094745636,3200824.0,0.0644,-86.79,68725,188378,190445,
5472,FGNX,Financial Services,Asset Management,NASDAQ,43.32,7,4,3,1,6.1,39131762.5,6261082.0,0.0553,-97.04,100042,140070,115772,-0.025
5473,STKH,Consumer Defensive,Packaged Foods,NASDAQ,43.27,7,10,2,2,1.09,1816981.3373684883,1526875.0,0.004,-96.2,238240,87556,57020,
5474,SDEV,Financial Services,Asset Management,NYSE ARCA,43.17,7,9,3,99,1.04,30369523.649297476,27115646.0,0.0872,-98.96,160983,307251,268638,
5475,NNOX,Healthcare,Medical Devices,NASDAQ,43.11,7,7,14,12,1.67,134309136.38984728,69590228.0,0.1753,-70.8,1171500,1298740,1631598,0.24
5476,PRZO,Industrials,Aerospace & Defense,NASDAQ,43.11,7,7,59,61,0.6,17346215.43454981,25928572.0,0.0571,-72.03,12839635,4674175,3083443,0.06
5477,OLB,Technology,Software - Infrastructure,NASDAQ,43.11,7,13,9,12,0.47,6687208.083496392,14664930.0,0.0105,-80.33,300287,340965,584387,-0.287
5478,CGTL,Consumer Cyclical,Specialty Retail,NASDAQ,43.09,7,85,71,56,0.42,9775499.877333641,25725000.0,0.74230003,-93.44,28706239,10502273,6316335,-0.41
5479,UONE,Communication Services,Broadcasting,NASDAQ,43.07,7,6,12,17,5.82,28324380.063836575,4517445.0,0.1694,-69.37,27129,203216,135417,-0.158
5480,DEFT,Financial Services,Capital Markets,NASDAQ,42.95,6,9,6,4,0.53,214440802.8122306,387777239.0,0.0464,-85.24,4780230,4308236,7530222,-0.744
5481,AKBA,Healthcare,Drug Manufacturers - Specialty & Generic,NASDAQ,42.94,6,8,18,11,0.92,250821457.8445775,268258243.0,0.0998,-77.45,3168765,4664395,3735395,-0.066
5482,CUPR,Healthcare,Medical Instruments & Supplies,NASDAQ,42.93,6,3,5,2,2.38,6515437.678992748,2681250.0,0.0378,-96.87,417830,221086,385741,2.674
5483,TGE,Financial Services,Asset Management,NYSE,42.81,6,8,15,1,0.85,41191910.655401945,48461070.0,0.0061000003,-93.46,30658,35539,35629,-0.745
5484,PTLE,Consumer Cyclical,Specialty Retail,NASDAQ,42.74,6,4,7,4,5.53,37058620.39901447,6281122.0,0.0011999999,-86.78,26951,15603,22772,-0.413
5485,LPCN,Healthcare,Biotechnology,NASDAQ,42.55,6,9,97,34,2.05,16900718.256883383,8244253.0,0.0126,-83.43,94509,103276,469581,0.272
5486,PCSA,Healthcare,Biotechnology,NASDAQ,42.47,6,15,6,6,2.04,6930435.907544613,2750173.0,0.048800003,-89.61,61954,58108,67498,
5487,RCT,Technology,Software - Application,NASDAQ,42.45,6,6,9,42,0.56,31224427.03468895,59362026.0,0.0584,-89.55,6196945,2255448,4970125,0.005
5488,RGNT,Healthcare,Medical Instruments & Supplies,NYSE ARCA,42.38,6,4,7,31,2.41,6836779.231669188,5179378.0,0.0050999997,-71.14,11576648,3876606,2327479,
5489,ERNA,Healthcare,Biotechnology,NASDAQ,42.36,6,6,1,12,6.8,9202367.214277744,1166333.0,0.22129999,-90.93,56220,3364782,2029507,
5490,MNDR,Healthcare,Health Information Services,NASDAQ,42.35,6,12,4,1,0.7,5017053.91456008,7167220.0,0.0217,-91.19,184880,4293670,2617110,-0.077
5491,AARD,Healthcare,Biotechnology,NASDAQ,42.34,6,6,7,82,3.58,80284298.25640082,21816385.0,0.070300005,-80.04,142782,163980,175436,
5492,MGRX,Healthcare,Health Information Services,NASDAQ,42.29,6,9,2,6,0.34,6128769.539395094,17167422.0,0.025,-87.64,406513,699384,739852,-0.379
5493,NSRX,Healthcare,Drug Manufacturers - General,NYSE ARCA,42.24,6,5,16,22,2.9,34312671.151780844,11710809.0,0.023699999,-70.97,62907,62555,81849,
5494,GNS,Consumer Defensive,Education & Training Services,NYSE ARCA,42.22,6,6,21,84,0.23,47112122.93471806,194678195.0,0.039100002,-88.02,47118995,17165238,11268415,
5495,ALZN,Healthcare,Biotechnology,NASDAQ,42.16,6,5,21,9,1.15,4223262.564427257,3804741.0,0.052800003,-68.41,40325,56215,69643,
5496,JFIN,Financial Services,Credit Services,NASDAQ,42.14,6,9,15,11,3.89,200945452.14851904,52329546.0,0.0088,-79.77,101769,74536,77275,-0.224
5497,SBET,Financial Services,Capital Markets,NASDAQ,42.12,6,61,21,62,5.32,1023527239.5645275,197211412.0,0.1173,-89.26,8459268,7380149,7675187,15.251
5498,LNSR,Healthcare,Medical Devices,NASDAQ,41.98,6,6,25,42,5.69,67784235.64564133,12104328.0,0.108100004,-57.76,38746,54122,72833,-0.052
5499,IVDA,Industrials,Security & Protection Services,NASDAQ,41.96,6,11,2,6,0.27,3478208.238211572,11594027.0,0.0188,-89.53,597208,430616,449187,-0.641
5500,IXHL,Healthcare,Drug Manufacturers - Specialty & Generic,NASDAQ,41.96,6,11,3,19,3.67,34936498.59282303,11964554.0,0.0678,-92.63,300628,291339,382587,
5501,XXI,Financial Services,Shell Companies,NYSE,41.9,6,19,7,14,5.5,1955996148.7361584,346807836.0,0.1104,-86.83,1590423,1348794,1280404,
5502,GELS,Healthcare,Drug Manufacturers - Specialty & Generic,NASDAQ,41.62,6,5,11,9,0.48,5323396.417487472,10711059.0,0.017,-86.32,35428,139586,93623,0.594
5503,EH,Industrials,Aerospace & Defense,NASDAQ,41.58,6,13,20,18,6.68,598799131.5433645,75845362.0,0.11310001,-67.33,1877495,1010545,824097,-0.073
5504,FFAI,Consumer Cyclical,Auto Manufacturers,NASDAQ,41.56,6,4,3,17,0.31,91779047.88952911,303904146.0,0.1693,-91.41,17218263,14778131,34988636,0.62
5505,PSQH,Technology,Software - Application,NYSE,41.53,6,10,4,8,0.49,25289002.335950732,48726402.0,0.0002,-82.75,345027,352845,348611,0.209
5506,LITS,Healthcare,Biotechnology,NASDAQ,41.49,6,18,10,10,0.76,25518900.0,34025200.0,0.0026,-91.56,646147,495829,391523,
5507,INTZ,Technology,Software - Infrastructure,NASDAQ,41.47,6,9,18,72,0.69,15684180.431490898,20369066.0,0.0161,-73.86,163035,137798,128101,-0.5
5508,HTCR,Technology,Software - Application,NASDAQ,41.46,6,4,7,6,3.43,4425604.453765154,1441565.0,0.043,-89.73,110986,119332,95360,0.354
5509,ADMA,Healthcare,Biotechnology,NASDAQ,41.36,6,6,25,68,8.12,1847228489.9221492,231772715.0,0.105500005,-63.7,2960429,5503286,5752689,0.159
5510,ZENA,Technology,Software - Infrastructure,NASDAQ,41.33,6,11,11,9,1.46,117613217.07712412,87120900.0,0.0429,-79.46,6344586,4225952,3294023,6.399
5511,NOMA,Consumer Cyclical,Leisure,NASDAQ,41.32,6,7,8,11,3.37,62295057.79484224,17381433.0,0.0052,-76.74,9583,9614,10718,1.16
5512,LIQT,Industrials,Pollution & Treatment Controls,NASDAQ,41.26,6,82,27,38,0.8,8754100.032564998,9947841.0,0.0107,-76.12,1092211,372817,234012,-0.104
5513,ACTU,Healthcare,Biotechnology,NASDAQ,41.2,6,6,4,31,2.01,44980601.64591265,23925852.0,0.084300004,-78.5,117881,119653,160706,
5514,TVRD,Healthcare,Biotechnology,NASDAQ,41.13,6,12,7,1,2.78,27112088.034142256,9381345.0,0.0525,-93.63,63097,51445,52497,
5515,ODD,Consumer Defensive,Household & Personal Products,NASDAQ,41.08,6,3,3,17,10.92,563475368.2323103,57438873.0,0.1889,-85.97,2668882,1816157,1607018,-0.262
5516,SAGT,Technology,Software - Application,NASDAQ,41.07,6,16,36,15,1.02,16921800.246834755,17850000.0,0.0278,-69.91,170830,4088583,2526218,-0.3
5517,STKE,Financial Services,Capital Markets,NASDAQ,40.98,6,21,5,1,1.21,47255085.00233364,37504036.0,0.0058,-93.13,214954,283371,252266,
5518,BQ,Consumer Cyclical,Specialty Retail,NYSE ARCA,40.86,6,4,8,17,0.83,3166461.6011443734,4379615.0,0.0194,-98.52,401321,304483,239752,-0.167
5519,ANGX,Communication Services,Entertainment,NYSE,40.81,6,7,7,6,2.85,510769879.13776684,186412364.0,0.0419,-86.02,1064586,1323518,1570215,1.426
5520,UPXI,Communication Services,Internet Content & Information,NASDAQ,40.8,6,19,4,5,0.89,66537952.99219322,70261828.0,0.2392,-93.44,2721999,2990749,3057035,0.442
5521,SRFM,Industrials,Airlines,NYSE,40.8,6,7,10,9,1.11,110436562.69364798,100396873.0,0.1176,-88.8,3770871,3795380,4175696,0.09
5522,NXGL,Healthcare,Medical Instruments & Supplies,NASDAQ,40.76,6,3,5,9,0.58,5122521.759211421,9131055.0,0.0253,-79.93,76019,117963,219795,-0.056
5523,CRVO,Healthcare,Biotechnology,NASDAQ,40.64,6,9,11,92,2.89,27220634.38978815,9258719.0,0.0437,-77.99,50104,61084,51606,
5524,XCH,Industrials,Specialty Industrial Machinery,NASDAQ,40.63,6,14,66,15,0.64,48428036.81871557,81528684.0,0.0005,-74.39,113398,60436,43891,-0.426
5525,AGIG,Utilities,Utilities - Renewable,NYSE ARCA,40.62,6,2,13,1,1.16,47104420.779088855,44022821.0,0.057600003,-95.46,155062,151620,214388,
5526,NBP,Healthcare,Biotechnology,NASDAQ,40.6,6,33,85,98,1.59,190241788.51917982,115648505.0,0.095,-76.58,547040,1034210,976942,
5527,VTGN,Healthcare,Biotechnology,NASDAQ,40.6,6,10,2,92,0.54,21394972.03015977,39620317.0,0.0647,-89.49,644047,774539,841661,0.295
5528,BUR,Financial Services,Asset Management,NYSE,40.54,6,5,19,14,4.44,974858409.9658442,219069315.0,0.0654,-70.6,2383016,3131755,3899501,
5529,EFOR,Technology,Information Technology Services,NYSE,40.46,6,4,18,22,20.52,825329965.5914307,41000000.0,0.0949,-66.22,1068718,1377699,1328617,0.0
5530,QTI,Healthcare,Medical Devices,NASDAQ,40.4,6,27,15,6,3.75,50851198.86338711,13242500.0,0.044699997,-91.86,65496,74372,51655,1.333
5531,ZSTK,Financial Services,Asset Management,NASDAQ,40.4,6,4,10,2,4.75,11714870.637217999,2430471.0,0.015800001,-89.89,5066,15845,15555,0.059
5532,ICMB,Financial Services,Asset Management,NASDAQ,40.37,6,9,20,54,1.19,17318967.088193893,14432472.0,0.033,-61.86,106043,63791,68522,-0.187
5533,UP,Industrials,Airports & Air Services,NYSE,40.35,6,2,8,5,7.2,261074023.48390007,36260282.0,0.1506,-89.71,155046,230825,186704,-0.048
5534,SAFX,Utilities,Utilities - Renewable,NASDAQ,40.34,6,67,6,1,0.37,133690524.30015117,332563485.0,0.0533,-99.19,4406847,9885952,13549881,
5535,IMNN,Healthcare,Biotechnology,NASDAQ,40.32,6,9,8,7,2.02,8656362.83955288,4202118.0,0.0352,-92.69,63837,50879,44335,
5536,INUV,Technology,Software - Application,NYSE ARCA,40.31,6,16,22,18,1.41,20897465.685299158,14820898.0,0.0392,-77.51,168445,198275,220229,-0.456
5537,NVNI,Technology,Software - Application,NASDAQ,40.21,6,4,4,14,1.0,11925975.436990261,11692133.0,0.0218,-93.9,95080,106643,442436,-0.025
5538,FEMY,Healthcare,Medical Instruments & Supplies,NASDAQ,40.14,6,8,22,87,5.25,18413118.481741905,3019534.0,0.0334,-76.35,80568,88139,63488,0.399
5539,ARAY,Healthcare,Medical Devices,NASDAQ,40.05,5,4,3,12,0.33,40447657.06544733,118963696.0,0.0636,-84.29,4227604,5304674,3712142,-0.074
5540,MVIS,Technology,Scientific & Technical Instruments,NASDAQ,40.03,5,19,8,19,0.36,129329956.4062053,331615285.0,0.2084,-79.19,9779343,8358204,6377474,0.587
5541,FOFO,Industrials,Consulting Services,NASDAQ,40.03,5,2,5,36,3.06,29527204.922034264,7571078.0,0.003,-95.5,1038248,389299,255521,-0.441
5542,MASK,Technology,Software - Application,NASDAQ,40.0,5,1,2,3,3.01,7901975.798508644,2065876.0,0.1046,-96.81,21623667,10487462,9255685,1.069
5543,KSCP,Industrials,Security & Protection Services,NASDAQ,39.86,5,12,22,19,2.11,39506307.61190128,17251663.0,0.1521,-79.19,650950,530490,564768,1.062
5544,BIOX,Basic Materials,Agricultural Inputs,NASDAQ,39.85,5,6,2,8,0.44,26802673.383180827,63815891.0,0.0166,-91.46,353229,307609,348103,-0.359
5545,CDIO,Healthcare,Biotechnology,NASDAQ,39.76,5,21,14,8,1.94,5800559.352894783,2959469.0,0.0064,-75.47,77691,76053,76522,1.851
5546,GDHG,Consumer Cyclical,Leisure,NASDAQ,39.75,5,6,4,1,1.54,34054562.455204725,20032095.0,0.0001,-94.03,2788,9202,7641,-0.162
5547,VRM,Financial Services,Credit Services,NASDAQ,39.72,5,9,6,27,8.11,48951691.81344795,5207627.0,0.046,-76.82,8285,6641,8361,-0.106
5548,AVXL,Healthcare,Biotechnology,NASDAQ,39.7,5,8,23,6,2.54,238166411.87349272,92671758.0,0.216,-81.84,1259177,1057392,1073371,
5549,MFI,Technology,Software - Application,NASDAQ,39.59,5,20,34,91,7.65,446828350.6446247,51656459.0,0.00059999997,-87.4,7104,5691,11534,0.208
5550,VTAK,Healthcare,Medical Devices,NYSE ARCA,39.45,5,3,5,8,1.0,2773247.1129677296,2692473.0,0.0070999996,-93.66,57020,79266,139750,2.021
5551,CANF,Healthcare,Biotechnology,NYSE ARCA,39.41,5,6,5,2,2.91,6620470.046103716,2142547.0,0.0547,-87.56,29837,996275,608833,-0.433
5552,YDDL,Industrials,Waste Management,NASDAQ,39.31,5,17,90,27,2.74,151850334.56750202,56033333.0,0.0021,-83.12,51954,95964,215696,0.083
5553,IZM,Technology,Electronics & Computer Distribution,NASDAQ,39.31,5,2,5,7,0.41,4638990.934825569,12018111.0,0.0073,-85.04,462336,452385,431885,0.072
5554,ZOOZ,Consumer Cyclical,Specialty Retail,NASDAQ,39.26,5,5,6,2,5.08,43665089.618382454,8101130.0,0.0026,-94.98,45600,27036,25188,-1.0
5555,DH,Healthcare,Health Information Services,NASDAQ,39.25,5,4,6,10,0.85,94655243.04585421,105524238.0,0.064899996,-81.91,300135,312468,294575,-0.055
5556,LPSN,Technology,Software - Application,NASDAQ,39.19,5,5,4,5,2.07,25569655.538803577,12176027.0,0.070300005,-90.42,99686,115805,127109,-0.12
5557,ICG,Technology,Semiconductors,NASDAQ,39.17,5,19,15,12,0.7,50390898.396760404,60711927.0,0.0036000002,-78.46,176110,105820,479480,-0.513
5558,SKIN,Consumer Defensive,Household & Personal Products,NASDAQ,39.13,5,5,26,21,0.63,78796821.7862773,129600040.0,0.3482,-76.58,908813,1348021,1050862,-0.067
5559,SKYQ,Energy,Oil & Gas Integrated,NASDAQ,38.93,5,66,21,7,1.56,8726255.971489191,4794646.0,0.113900006,-91.98,1227196,1895618,9469933,-1.0
5560,LVWR,Consumer Cyclical,Auto Manufacturers,NYSE,38.87,5,16,7,77,1.15,245714205.7638049,204761830.0,0.0752,-87.28,130662,127694,137698,0.865
5561,CURX,Healthcare,Biotechnology,NASDAQ,38.86,5,9,5,1,0.31,8587266.12384069,28340812.0,0.0067000003,-96.62,69662,92467,105240,
5562,CYN,Technology,Software - Application,NASDAQ,38.62,5,10,10,7,1.27,18606031.939795494,14423281.0,0.11350001,-96.94,221731,273573,300344,1.218
5563,ONEG,Industrials,Engineering & Construction,NASDAQ,38.52,5,2,28,2,0.95,14399999.618530273,16000000.0,0.0042,-93.65,165713,1444844,1258100,-0.034
5564,MODD,Healthcare,Medical Devices,NASDAQ,38.51,5,2,6,5,4.67,25107860.557529926,5411177.0,0.0241,-84.43,16811,20593,46715,
5565,NAMI,Communication Services,Internet Content & Information,NASDAQ,38.49,5,5,5,8,0.28,21191138.675858617,79071411.0,0.0008,-86.34,772943,357151,222534,-0.019
5566,ABTC,Financial Services,Capital Markets,NASDAQ,38.34,5,8,9,10,0.85,917380370.063906,1063013205.0,0.024500001,-94.15,11428739,12414756,14060977,4.035
5567,ICON,Industrials,Marine Shipping,NASDAQ,38.21,5,5,1,1,1.0,3631897.9546741247,3214069.0,0.045300003,-94.03,79115,116171,129577,1.046
5568,FLYE,Consumer Cyclical,Auto Manufacturers,NASDAQ,38.2,5,4,1,2,1.75,2758732.433405876,1632386.0,0.0038,-98.92,16524,11621,13642,-0.533
5569,FTHM,Real Estate,Real Estate Services,NASDAQ,38.15,5,15,13,16,0.46,16227270.336318493,32782364.0,0.009,-86.35,150531,154203,172214,-0.012
5570,FNGR,Communication Services,Telecom Services,NASDAQ,38.11,5,9,32,26,0.66,46022261.51902747,61281308.0,0.0234,-73.28,2577921,1090597,741760,-0.88
5571,FULC,Healthcare,Biotechnology,NASDAQ,38.1,5,33,79,98,3.52,245876958.3027892,66633321.0,0.1184,-77.64,5859213,2339254,1808838,
5572,WIX,Technology,Software - Infrastructure,NASDAQ,38.08,5,18,16,8,48.22,2192495855.7470856,41849511.0,0.24239999,-74.74,1967184,2194444,2531188,0.143
5573,ENVB,Healthcare,Biotechnology,NASDAQ,37.87,5,14,2,4,1.6,6627391.02443409,3681884.0,0.0319,-90.93,111322,400927,4787374,
5574,ALIT,Technology,Software - Application,NYSE,37.86,5,4,3,6,0.7,382490948.8320655,526847029.0,0.109799996,-88.54,29455693,25612411,24357344,-0.026
5575,AMCI,Technology,Computer Hardware,NASDAQ,37.74,5,14,57,10,4.42,107577733.05281258,22600363.0,0.0804,-89.48,79569,60509,55635,-0.339
5576,DOMO,Technology,Software - Application,NASDAQ,37.73,5,6,7,19,3.29,153963423.7053039,45150563.0,0.097799994,-82.21,793799,669776,974791,0.011
5577,BCTX,Healthcare,Biotechnology,NASDAQ,37.7,5,10,4,19,3.07,26795343.296258926,8699787.0,0.064899996,-91.47,233468,244696,212271,
5578,RITR,Industrials,Engineering & Construction,NASDAQ,37.62,5,3,4,2,0.46,29348562.42556125,62443750.0,0.0135,-94.5,137061,65127,63288,-0.714
5579,OPAD,Real Estate,Real Estate Services,NYSE,37.52,5,9,7,15,5.09,29195114.53386104,47317853.0,0.1342,-19.84,128127,84614,78676,-0.502
5580,RIME,Technology,Consumer Electronics,NASDAQ,37.48,5,5,19,10,0.73,10335392.11744845,15425958.0,0.057800002,-84.06,511688,757762,759857,18.512
5581,GAMB,Consumer Cyclical,Gambling,NASDAQ,37.43,5,12,10,8,2.43,83533428.3463955,35246174.0,0.0872,-80.93,571784,1162304,906470,-0.005
5582,FRGT,Technology,Software - Application,NASDAQ,37.38,5,3,2,2,4.5,2414367.379963398,572125.0,0.0147,-93.06,177922,219324,148738,-0.054
5583,FUBO,Communication Services,Broadcasting,NYSE,37.35,5,4,5,28,9.73,280815594.2571211,29435597.0,0.25030002,-82.82,1308976,1395165,1810043,0.398
5584,EVTL,Industrials,Aerospace & Defense,NYSE,37.33,5,8,20,62,2.09,275028499.56865025,127328004.0,0.118,-72.5,3247862,3121807,3947726,
5585,SMXT,Technology,Solar,NASDAQ,37.32,5,10,17,16,0.38,29363789.60529542,56906572.0,0.0138,-84.8,165597,116729,168593,1.141
5586,GSUN,Consumer Defensive,Education & Training Services,NASDAQ,37.09,5,2,2,4,0.43,4131894.444782138,10028870.0,0.0299,-87.57,261233,460654,717016,3.046
5587,DCOY,Healthcare,Biotechnology,NASDAQ,37.06,5,3,5,0,5.51,3516308.5510253906,531968.0,0.0161,-98.67,19767,14059,21405,
5588,CELU,Healthcare,Biotechnology,NASDAQ,36.99,5,6,18,15,0.69,25240877.38468957,28945961.0,0.055999998,-84.14,155827,189472,126757,-0.774
5589,VITL,Consumer Defensive,Farm Products,NASDAQ,36.65,5,2,8,32,10.48,430198476.5254612,42848454.0,0.4596,-80.27,2223185,3916428,3355851,0.154
5590,LHSW,Technology,Software - Infrastructure,NASDAQ,36.53,5,7,1,2,0.16,7810000.255703926,55000000.0,0.044,-94.9,7447926,2871075,3080981,0.569
5591,TWG,Consumer Defensive,Food Distribution,NASDAQ,36.5,5,9,11,5,2.4,71002217.5671277,25913218.0,0.0081,-90.9,63904,98438,86562,13.264
5592,INTS,Healthcare,Biotechnology,NASDAQ,36.5,5,7,13,60,3.71,10189631.3484478,2702820.0,0.0292,-91.47,35964,29848,29400,
5593,BRR,Financial Services,Capital Markets,NASDAQ,36.26,5,5,7,3,1.74,156692198.24755287,90573524.0,0.023599999,-89.29,2585879,1385456,1222749,
5594,REED,Consumer Defensive,Beverages - Non-Alcoholic,NYSE ARCA,36.23,5,18,28,10,1.68,19682762.364227057,11857086.0,0.0041,-86.0,20115,36851,26499,-0.288
5595,PULM,Healthcare,Biotechnology,NASDAQ,36.17,5,3,6,16,1.38,4857539.206739068,3652285.0,0.0094,-84.92,34507,23482,29161,
5596,BYRN,Industrials,Aerospace & Defense,NASDAQ,36.12,5,3,7,19,6.25,134299079.33077812,22685655.0,0.1874,-81.78,403991,418147,568546,0.109
5597,NXTS,Basic Materials,Agricultural Inputs,NASDAQ,35.92,5,3,1,4,5.03,4236662.3393239975,730459.0,0.037100002,-94.41,20132,38187,32083,
5598,DAVA,Technology,Software - Infrastructure,NYSE,35.9,4,6,8,7,2.86,147431178.41421032,52842717.0,0.059299998,-83.53,389127,460579,366807,-0.084
5599,SKYA,Technology,Software - Infrastructure,NASDAQ,35.79,4,18,5,1,1.16,51209824.894462585,42322168.0,0.0186,-93.64,346961,272577,323738,
5600,HSDT,Financial Services,Asset Management,NASDAQ,35.42,4,10,3,0,1.48,74151076.13636255,58386675.0,0.023,-98.4,568671,335147,406456,72.898
5601,MVST,Consumer Cyclical,Auto Parts,NASDAQ,35.36,4,15,27,83,1.13,416446730.0,333157384.0,0.1041,-84.13,4311745,5586461,4668177,-0.48
5602,FRMI,Real Estate,REIT - Specialty,NASDAQ,35.35,4,3,4,2,5.62,3685179235.188399,637574239.0,0.0986,-84.81,12517390,14808873,17571302,
5603,REVB,Healthcare,Biotechnology,NASDAQ,35.34,4,3,1,4,1.04,3869335.8372735977,3908420.0,0.0092,-91.93,47601,55640,71466,
5604,ORIS,Consumer Defensive,Packaged Foods,NASDAQ,35.23,4,1,1,4,0.52,2599202.902766168,5056815.0,0.060100004,-97.39,882093,1038861,879950,-0.013
5605,CRE,Industrials,Specialty Business Services,NASDAQ,35.22,4,4,7,2,2.36,6263493.1387245655,2013985.0,0.0050999997,-97.69,986549,880126,534307,0.574
5606,ALDX,Healthcare,Biotechnology,NASDAQ,35.12,4,5,36,25,1.72,98323340.55236673,60321068.0,0.12979999,-72.15,1127246,985135,1315265,
5607,DFDV,Financial Services,Asset Management,NASDAQ,35.0,4,19,93,99,2.75,86138063.14047456,30118205.0,0.2161,-91.85,1235779,922469,951435,8.282
5608,VSME,Communication Services,Advertising Agencies,NASDAQ,34.99,4,2,3,0,0.82,2006695.0399518013,2779356.0,0.0421,-98.72,427970,723973,915636,0.009
5609,NSPR,Healthcare,Medical Devices,NASDAQ,34.97,4,10,20,18,0.77,41218286.336654425,46838962.0,0.0008,-73.72,189837,556369,353919,1.222
5610,CVKD,Healthcare,Biotechnology,NASDAQ,34.93,4,11,11,30,3.95,13667416.856138706,3078247.0,0.0271,-75.3,73954,70048,60946,
5611,JEM,Consumer Cyclical,Apparel Retail,NASDAQ,34.87,4,1,2,2,1.54,3080168.348712921,1801268.0,0.1178,-99.03,407094,262121,638617,0.235
5612,MTEN,Industrials,Metal Fabrication,NASDAQ,34.82,4,2,0,0,1.52,5380395.753750443,5028407.0,0.0082,-99.97,8648211,2913160,1762698,0.17
5613,SLGB,Industrials,Integrated Freight & Logistics,NASDAQ,34.78,4,2,5,2,0.73,21500000.0,43000000.0,0.0016,-87.99,7323256,2754402,2023341,-0.221
5614,CWD,Financial Services,Asset Management,NASDAQ,34.68,4,7,7,2,0.85,7443468.675445557,8840224.0,0.0162,-98.23,101681,226357,181146,-0.409
5615,MREO,Healthcare,Biotechnology,NASDAQ,34.63,4,3,1,35,0.31,49960623.58948687,159618609.0,0.0438,-89.84,9691932,5190527,3782674,
5616,QNCX,Healthcare,Biotechnology,NASDAQ,34.43,4,1,0,97,0.97,19754849.38346839,19559257.0,0.1082,-97.87,774731,1681157,5981425,
5617,EXOD,Technology,Software - Infrastructure,NYSE ARCA,34.38,4,5,6,5,6.03,186379420.83489704,30012789.0,0.0523,-84.9,80108,72419,67989,-0.368
5618,PAVM,Healthcare,Medical Devices,NASDAQ,34.06,4,8,23,9,4.68,39016733.93452263,7159034.0,0.0033000002,-83.54,14792,14984,13946,4.2
5619,NCT,Industrials,Marine Shipping,NASDAQ,34.01,4,2,1,0,2.95,6478691.814089775,1644338.0,0.0039,-97.69,4352795,1471238,1097074,-0.06
5620,HKPD,Healthcare,Medical Distribution,NASDAQ,33.59,4,10,11,7,0.33,11632493.182056665,23499986.0,0.0183,-87.21,331449,340893,217145,-0.357
5621,MENS,Healthcare,Biotechnology,NASDAQ,33.56,4,8,1,89,1.81,153575887.9098873,76027668.0,0.0058,-97.3,61674,56288,84680,
5622,DLXY,Energy,Oil & Gas Refining & Marketing,NASDAQ,33.48,4,4,8,1,0.5,8093250.077962875,16350000.0,0.0115,-93.02,1562613,614847,2339870,0.202
5623,BNBX,Financial Services,Asset Management,NASDAQ,33.46,4,2,2,5,0.53,3886503.2744357586,7197228.0,0.0429,-92.59,459080,218910,1122362,-0.35
5624,FRSX,Consumer Cyclical,Auto Parts,NASDAQ,33.4,4,5,3,10,1.67,4505938.868571281,2396776.0,0.024600001,-87.17,5731664,1939528,1195820,-0.218
5625,OCG,Consumer Cyclical,Internet Retail,NASDAQ,33.39,4,1,0,0,1.91,3295130.4924259186,1938312.0,0.0913,-99.98,1244387,1889492,1267699,-0.684
5626,KXIN,Consumer Cyclical,Auto & Truck Dealerships,NASDAQ,33.35,4,1,0,1,5.24,9145304.206973076,1653762.0,0.0452,-99.37,22134,299781,185950,
5627,BNC,Industrials,Farm & Heavy Construction Machinery,NASDAQ,33.32,4,6,5,13,2.17,92655020.24177957,42895841.0,0.0238,-97.38,492137,321085,293727,0.062
5628,XBP,Technology,Software - Infrastructure,NASDAQ,33.29,4,3,25,8,2.4,28125640.734517574,11768050.0,0.0031,-90.63,14610,17756,18072,-0.008
5629,VVOS,Healthcare,Medical Devices,NASDAQ,33.19,4,3,9,11,0.7,12018829.132509232,13894600.0,0.08939999,-91.19,7619924,2647174,1751268,0.705
5630,CENN,Consumer Cyclical,Auto Manufacturers,NASDAQ,33.18,4,3,4,1,4.27,6374716.060243607,1465452.0,0.045500003,-93.09,10045,14811,30220,-0.083
5631,MERC,Basic Materials,Paper & Paper Products,NASDAQ,33.05,4,4,9,6,0.8,56265303.28331387,66982506.0,0.08939999,-82.1,354684,541474,545662,-0.035
5632,GCL,Communication Services,Electronic Gaming & Multimedia,NASDAQ,33.03,4,4,5,4,0.42,54275689.431087285,128008703.0,0.0014,-90.65,275305,5660205,3408001,0.939
5633,DWTX,Healthcare,Biotechnology,NASDAQ,33.02,4,5,9,90,1.45,50444329.5,33629553.0,0.0092,-84.74,43969,72606,97713,
5634,RCON,Energy,Oil & Gas Equipment & Services,NASDAQ,33.01,4,7,19,13,0.56,50751359.336072624,90627427.0,0.00029999999,-92.18,50757,34532,66703,1.022
5635,LCID,Consumer Cyclical,Auto Manufacturers,NASDAQ,32.96,4,4,13,8,5.15,1996163483.5973053,390256808.0,0.379,-84.72,15513883,16269637,17409610,0.202
5636,IPDN,Industrials,Staffing & Employment Services,NASDAQ,32.85,4,4,13,10,0.63,6840620.549087524,10524032.0,0.0147,-94.92,104418,90072,86537,0.029
5637,NPT,Consumer Cyclical,Specialty Retail,NASDAQ,32.52,4,2,99,41,2.57,28618649.15370941,22185000.0,0.0014,-88.51,14473079,4881593,3609935,-0.173
5638,SNOA,Healthcare,Drug Manufacturers - Specialty & Generic,NASDAQ,32.49,4,4,17,49,1.11,3959851.5103104115,3473554.0,0.0078,-83.96,119755,142468,237917,0.22
5639,LXEH,Consumer Defensive,Education & Training Services,NASDAQ,32.32,4,2,5,0,1.41,2491667.0086061954,1916667.0,0.018099999,-95.7,2388413,843241,584046,-0.116
5640,NFE,Energy,Oil & Gas Midstream,NASDAQ,32.32,4,4,12,4,0.51,143674234.94285345,285634650.0,0.21149999,-89.71,5771191,5769850,6711086,-0.508
5641,SLE,Communication Services,Internet Content & Information,NASDAQ,32.13,4,5,2,0,3.17,5004030.845352173,1502712.0,0.0117999995,-97.69,91386,1603658,968581,0.105
5642,HOWL,Healthcare,Biotechnology,NASDAQ,31.95,4,18,15,18,0.37,19049951.765785486,48596817.0,0.0166,-84.45,502490,630350,497920,
5643,INBS,Healthcare,Medical Devices,NASDAQ,31.94,4,4,4,3,2.42,5860022.814052105,2391846.0,0.0625,-90.28,90364,149544,142720,0.455
5644,FTFT,Technology,Software - Application,NASDAQ,31.74,4,4,2,9,0.92,6282450.737969756,5871449.0,0.0134000005,-94.29,56220,105420,125754,-0.608
5645,SLAI,Technology,Information Technology Services,NYSE,31.71,4,8,9,6,0.49,15701810.0,31403620.0,0.026400002,-93.93,230807,158145,183051,0.201
5646,PROP,Energy,Oil & Gas E&P,NASDAQ,31.67,4,5,26,7,0.79,81117701.9589184,97732173.0,0.2049,-81.75,1761437,2933625,4643007,5.138
5647,JUNS,Healthcare,Biotechnology,NASDAQ,31.59,4,5,6,26,0.23,10508634.56305787,43424110.0,0.0032,-93.09,4408013,12400464,7478426,
5648,SURG,Communication Services,Telecom Services,NASDAQ,31.59,4,4,9,19,0.5,11807290.620052367,25121895.0,0.0315,-85.51,224478,287762,418281,0.511
5649,CIIT,Industrials,Integrated Freight & Logistics,NASDAQ,31.33,4,2,4,3,1.2,4342688.572562933,3618907.0,0.0374,-93.34,56444,33378,581704,0.868
5650,LENZ,Healthcare,Biotechnology,NASDAQ,31.32,4,6,7,8,6.79,219794309.11645126,31354394.0,0.5829,-86.53,639167,818022,816919,
5651,CAPS,Basic Materials,Building Materials,NASDAQ,31.15,4,4,9,6,0.31,4040289.50969249,12625905.0,0.0165,-85.02,457251,4769357,5137190,0.6
5652,ABTS,Financial Services,Capital Markets,NASDAQ,31.12,4,1,13,99,1.32,5893279.558242559,2961447.0,0.0394,-87.84,12600872,5179057,3133620,0.688
5653,MDCX,Healthcare,Drug Manufacturers - General,NASDAQ,31.03,4,1,2,14,0.32,19830357.062291026,56658164.0,0.040900003,-91.33,3768683,2512281,4484568,
5654,NIPG,Communication Services,Entertainment,NASDAQ,31.0,4,8,16,6,0.42,87050812.67157078,224357758.0,0.0001,-84.73,159658,86179,58459,0.423
5655,CLGN,Healthcare,Biotechnology,NASDAQ,30.94,4,3,3,12,0.37,5351026.7460817695,14423253.0,0.008,-88.55,60294,57228,96182,-0.964
5656,TANH,Consumer Defensive,Household & Personal Products,NASDAQ,30.88,4,2,10,4,0.46,5747153.400565356,13683699.0,0.0402,-82.24,208741,243520,317024,-0.169
5657,GLXG,Industrials,Staffing & Employment Services,NASDAQ,30.67,3,4,7,3,1.03,6617281.735280156,5961515.0,0.0022,-86.81,1827047,623489,380547,0.022
5658,VSEE,Healthcare,Health Information Services,NASDAQ,30.67,3,3,5,7,0.16,7727307.666705385,48599421.0,0.0208,-93.65,6275476,2734458,1932071,-0.049
5659,TPST,Healthcare,Biotechnology,NASDAQ,30.48,3,6,7,3,1.27,18804885.907578945,14806997.0,0.0685,-89.62,133225,134865,197455,
5660,CSAI,Technology,Software - Infrastructure,NASDAQ,30.46,3,7,5,5,0.33,8272229.204958469,24991629.0,0.0254,-87.31,448775,374945,301517,3.064
5661,MPU,Communication Services,Entertainment,NYSE ARCA,30.46,3,7,33,77,0.35,18359782.839552194,67999193.0,0.0097,-92.12,17524941,5888780,3558752,-0.492
5662,ATYR,Healthcare,Biotechnology,NASDAQ,30.38,3,17,10,4,0.46,46084069.52311385,98051212.0,0.2514,-93.69,3362299,3649893,2558697,
5663,AIFC,Technology,Software - Infrastructure,NASDAQ,30.22,3,4,9,3,0.68,89495365.03962266,139836511.0,0.1074,-93.7,1360850,2115446,2581300,-0.028
5664,GEMI,Financial Services,Capital Markets,NASDAQ,30.2,3,5,4,5,4.46,529121218.9154577,126432790.0,0.16239999,-90.28,1954332,2430724,2182840,0.423
5665,IQST,Communication Services,Telecom Services,NASDAQ,30.09,3,4,4,5,1.11,6506923.974113822,6735946.0,0.1229,-90.97,1942066,1226312,1047867,
5666,GTM,Technology,Software - Application,NASDAQ,29.96,3,16,11,29,2.77,878259746.9413004,294718034.0,0.158,-77.86,14620260,13112280,12004892,0.015
5667,OFAL,Industrials,Engineering & Construction,NASDAQ,29.92,3,28,4,4,0.23,5962573.991899967,26266846.0,0.0156,-93.18,637218,669606,566245,4.05
5668,DRCT,Communication Services,Advertising Agencies,NASDAQ,29.82,3,2,0,0,2.88,2026592.3435633183,701243.0,0.026600001,-98.33,145951,446133,281315,-0.181
5669,UK,Real Estate,Real Estate Services,NASDAQ,29.77,3,5,8,23,2.59,1884703.7606036663,677951.0,0.0306,-83.29,448495,224259,155860,
5670,AIM,Healthcare,Biotechnology,NYSE ARCA,29.69,3,1,3,2,0.4,7573027.522222996,14563515.0,0.0379,-97.97,112060775,55078741,33179391,-0.533
5671,SBEV,Consumer Defensive,Beverages - Wineries & Distilleries,NYSE ARCA,29.65,3,3,3,5,0.32,2741197.0,10964788.0,0.0199,-93.74,101790334,34445458,21944932,-0.938
5672,AGRZ,Consumer Defensive,Farm Products,NASDAQ,29.53,3,4,2,10,0.29,6003555.562029183,21673485.0,0.0026,-95.97,2639683,952084,881604,3.202
5673,GRI,Healthcare,Biotechnology,NASDAQ,29.44,3,5,0,1,2.2,3541676.0,1770838.0,0.0644,-97.26,63996,41902,93153,
5674,BURU,Industrials,Specialty Industrial Machinery,NYSE ARCA,29.21,3,3,2,37,0.15,28643299.839772344,179020628.0,0.1103,-96.47,42803956,23952805,37011345,
5675,MOBX,Technology,Semiconductors,NASDAQ,29.16,3,9,33,8,2.27,34425858.88796067,15937897.0,0.338,-84.24,5859429,8264026,5433770,-0.614
5676,CRIS,Healthcare,Biotechnology,NASDAQ,29.1,3,5,10,8,0.45,18319985.663533777,38978693.0,0.0070999996,-85.62,229776,235132,464951,
5677,CABO,Communication Services,Telecom Services,NYSE,29.09,3,5,20,13,41.96,248584416.72878265,5672853.0,0.1732,-76.78,190267,218115,177645,-0.073
5678,AREN,Communication Services,Internet Content & Information,NYSE ARCA,29.08,3,8,31,88,1.29,62835685.2968657,47602790.0,0.0507,-83.57,103222,98394,98128,-0.359
5679,CJMB,Industrials,Integrated Freight & Logistics,NASDAQ,29.05,3,4,14,4,0.76,4076497.212153673,5646118.0,0.039,-87.07,52092,341834,234676,-0.141
5680,PRFX,Healthcare,Drug Manufacturers - Specialty & Generic,NASDAQ,29.0,3,5,5,6,1.42,1381322.06899786,868756.0,0.0848,-92.09,8270227,2933902,2345447,
5681,HRTX,Healthcare,Biotechnology,NASDAQ,28.94,3,15,11,28,0.4,81390130.02383155,189279369.0,0.2672,-82.61,5702495,3438178,2852515,-0.108
5682,EJH,Consumer Cyclical,Personal Services,NASDAQ,28.86,3,0,0,4,2.05,5600269.5,3200154.0,0.0041,-98.11,40007,25432,23937,-0.003
5683,ATPC,Consumer Defensive,Packaged Foods,NASDAQ,28.86,3,4,2,0,3.12,2981865.4990854263,1000626.0,0.0052,-96.34,7766767,4240789,2608367,-0.053
5684,SCNI,Healthcare,Biotechnology,NASDAQ,28.64,3,6,6,4,0.35,1631434.305888176,3959792.0,0.0401,-89.94,336838,278549,4258711,0.306
5685,RKDA,Consumer Defensive,Packaged Foods,NASDAQ,28.62,3,4,8,29,0.92,2200865.9878878593,2056884.0,0.0044,-86.29,145527,2127742,1287453,-0.083
5686,EMBC,Healthcare,Medical Instruments & Supplies,NASDAQ,28.54,3,3,21,27,3.31,200527555.04951382,59327677.0,0.1433,-78.71,1705070,3096176,2144572,-0.144
5687,RETO,Basic Materials,Building Materials,NASDAQ,28.5,3,3,1,2,2.29,8306729.990758181,3519801.0,0.0164,-96.91,73409,45195,237537,1.189
5688,GOVX,Healthcare,Biotechnology,NASDAQ,28.48,3,2,0,3,1.28,8597267.125772834,5210465.0,0.1357,-96.32,1313228,10187149,6151089,
5689,GIPR,Real Estate,REIT - Diversified,NASDAQ,28.31,3,3,3,13,0.2,1658341.2349473238,8333373.0,0.0306,-89.95,1701059,17180249,11565513,-0.083
5690,RBNE,Energy,Oil & Gas Midstream,NASDAQ,28.3,3,2,2,2,1.06,6572151.0,6572151.0,0.024300002,-98.97,281512,283957,713288,2.386
5691,HERE,Consumer Cyclical,Leisure,NASDAQ,28.29,3,9,20,52,1.78,96804613.14404368,54384615.0,0.0495,-88.62,176283,135331,121386,-0.756
5692,HCTI,Healthcare,Health Information Services,NASDAQ,28.26,3,0,0,5,2.36,4582789.560661554,2027783.0,0.187,-99.82,48618,201086,267255,1.661
5693,BRBR,Consumer Defensive,Packaged Foods,NYSE,28.23,3,4,6,11,8.43,1019756797.7277756,116277850.0,0.1225,-86.64,4977738,5562736,4574827,0.018
5694,LMFA,Financial Services,Capital Markets,NASDAQ,28.18,3,4,3,6,0.22,3817501.799314469,17352281.0,0.026300002,-95.72,369749,532263,474141,-0.273
5695,BTOG,Financial Services,Financial Data & Stock Exchanges,NASDAQ,28.17,3,3,1,13,1.69,2624855.8223212957,1610341.0,0.0307,-97.21,308165,152191,747881,
5696,BDRX,Healthcare,Biotechnology,NASDAQ,28.13,3,3,0,6,3.1,2506942.9617295265,746114.0,0.027999999,-95.34,25429,661976,927269,
5697,SXTP,Healthcare,Biotechnology,NASDAQ,27.97,3,2,8,4,1.39,3776188.84587574,2659288.0,0.0537,-88.64,43103,54987,136722,-0.368
5698,ALP,Financial Services,Asset Management,NASDAQ,27.76,3,1,1,1,0.27,6354285.012496591,23534388.0,0.4367,-98.04,19815278,32935656,25599701,
5699,ATLN,Industrials,Staffing & Employment Services,NASDAQ,27.74,3,9,92,4,0.86,74702274.273911,76226809.0,0.0273,-83.62,378733,778117,494116,-0.073
5700,STEX,Financial Services,Capital Markets,NASDAQ,27.57,3,3,39,96,0.98,112616806.83498967,104274817.0,0.0654,-93.05,1600204,1758811,1642144,
5701,WKSP,Consumer Cyclical,Auto Parts,NASDAQ,27.52,3,5,5,12,0.64,7869807.382922173,12531540.0,0.08189999,-86.94,598239,537039,439595,0.479
5702,XAIR,Healthcare,Medical Devices,NASDAQ,27.47,3,3,7,2,0.39,5242078.334639072,12692684.0,0.0064,-93.32,205842,247827,333428,1.047
5703,SOAR,Industrials,Airports & Air Services,NYSE ARCA,27.46,3,1,2,9,0.2,11279654.789715528,30903163.0,0.0764,-94.83,100264445,36370881,25835175,-0.961
5704,OLOX,Industrials,Metal Fabrication,NASDAQ,27.44,3,2,1,1,7.84,9083962.355992794,1199995.0,0.1038,-98.73,3359063,1147475,708984,-0.4
5705,EHGO,Industrials,Business Equipment & Supplies,NASDAQ,27.35,3,3,6,2,1.57,3094591.7121326923,2022609.0,0.010199999,-90.28,71434,42761,38555,0.161
5706,DSY,Consumer Defensive,Household & Personal Products,NASDAQ,27.3,3,2,2,1,1.84,8410815.119365215,4751873.0,0.0173,-98.74,39610,21146,17822,-0.173
5707,CANG,Financial Services,Capital Markets,NYSE,27.3,3,6,6,8,0.32,135372496.8092195,410219671.0,0.0401,-88.87,1050942,1002617,1310846,0.879
5708,CVM,Healthcare,Biotechnology,NYSE ARCA,27.28,3,2,16,38,1.3,19855562.13910854,14493111.0,0.0177,-90.36,205233,672907,430486,
5709,BOXL,Technology,Consumer Electronics,NASDAQ,27.17,3,2,1,5,0.77,2721160.788622439,4001707.0,0.021,-98.74,56841,104367,205164,0.001
5710,AVX,Technology,Software - Infrastructure,NASDAQ,27.11,3,4,3,3,0.42,35936104.402381,89616222.0,0.0047999998,-96.71,263322,535057,503116,6.291
5711,CHR,Communication Services,Advertising Agencies,NASDAQ,27.03,3,1,2,0,1.94,3530307.5651028156,1562083.0,0.0535,-99.38,227564,133501,103914,0.022
5712,ACXP,Healthcare,Biotechnology,NASDAQ,26.9,3,12,22,8,1.61,7220199.614574671,4297738.0,0.0344,-92.33,84579,108823,142217,
5713,DXF,Financial Services,Credit Services,NYSE ARCA,26.83,3,1,2,4,0.63,1812135.3677151203,3235956.0,0.5221,-90.8,3491891,9098723,5771930,-0.532
5714,TPET,Energy,Oil & Gas E&P,NYSE ARCA,26.75,3,9,90,14,0.35,12008406.427081048,33826498.0,0.1337,-86.0,3104206,3317998,6414929,10.294
5715,CETX,Technology,Software - Infrastructure,NASDAQ,26.69,3,2,1,1,4.8,6139250.138786793,1112183.0,0.0771,-97.82,158961,78053,443973,-0.337
5716,ENSC,Healthcare,Biotechnology,NASDAQ,26.46,2,5,2,6,0.25,3732401.0871169567,14694492.0,0.0555,-90.91,1197962,3919510,2467360,-0.272
5717,SHPH,Healthcare,Drug Manufacturers - Specialty & Generic,NASDAQ,26.3,2,3,4,2,0.45,2656485.6376791,5851290.0,0.0764,-92.74,3330361,2686637,1691446,
5718,KNRX,Technology,Software - Application,NYSE ARCA,26.27,2,14,7,7,0.58,18162598.548041224,30423113.0,0.025899999,-85.5,87952,663310,416972,-0.486
5719,ENGN,Healthcare,Biotechnology,NASDAQ,26.24,2,3,83,91,1.67,109862723.281708,66989466.0,0.026800001,-86.37,849912,2872264,1842452,
5720,BRCB,Consumer Cyclical,Restaurants,NASDAQ,26.07,2,7,13,21,6.26,136124953.59558916,21572893.0,0.056599997,-79.41,782603,785014,614226,0.237
5721,SXTC,Healthcare,Drug Manufacturers - Specialty & Generic,NASDAQ,25.77,2,2,0,81,1.56,6419635.455093384,4458080.0,0.0014,-99.85,93340,43280,66992,-0.245
5722,FLD,Financial Services,Capital Markets,NASDAQ,25.61,2,10,3,10,0.61,33110744.708523154,50783350.0,0.0154,-88.49,281345,182208,149015,-0.211
5723,BNKK,Financial Services,Asset Management,NASDAQ,25.59,2,4,8,2,1.4,12481465.94218254,8000940.0,0.106400006,-97.01,520374,524831,346264,102.016
5724,LHAI,Real Estate,Real Estate Services,NASDAQ,25.58,2,3,1,95,0.81,13779269.62852478,16230000.0,0.0068,-96.37,62047,329369,219361,-0.14
5725,CHOW,Technology,Software - Infrastructure,NYSE ARCA,25.52,2,5,1,0,0.35,12989339.881539345,35490000.0,0.0064999997,-98.4,3095861,1149703,1541120,-0.126
5726,RENX,Real Estate,Real Estate - Development,NASDAQ,25.42,2,3,4,1,1.7,4469729.769711494,2613877.0,0.0794,-96.4,279473,445541,2444552,216.838
5727,GV,Consumer Defensive,Education & Training Services,NASDAQ,25.36,2,1,2,10,0.26,1345763.4899198413,5607348.0,0.0777,-93.78,399416,3806015,20632523,-0.617
5728,ADCT,Healthcare,Biotechnology,NYSE,25.31,2,81,85,92,1.1,131006889.10103178,127191158.0,0.0533,-77.91,4616599,2331126,1773273,-0.095
5729,ALBT,Real Estate,Real Estate Services,NASDAQ,25.24,2,3,4,3,0.36,4301011.326573253,12047651.0,0.026300002,-92.41,225928,257386,1249617,
5730,NYXH,Healthcare,Medical Instruments & Supplies,NASDAQ,25.2,2,10,9,18,1.34,64805904.83116293,44693726.0,0.0104,-84.4,730057,270572,178417,4.989
5731,DDC,Consumer Defensive,Packaged Foods,NYSE ARCA,25.18,2,4,8,3,1.03,48481646.3917315,44275475.0,0.0067000003,-95.05,88103,96797,91006,0.078
5732,WLDS,Technology,Consumer Electronics,NASDAQ,25.12,2,2,3,6,0.78,5479428.9511621,6546510.0,0.0514,-97.72,217213,227111,3176264,1.758
5733,CDTG,Industrials,Waste Management,NASDAQ,25.03,2,14,13,3,3.48,9606780.201673508,3021000.0,0.0007,-93.46,282759,96233,59018,-0.361
5734,MSAI,Technology,Electronic Components,NASDAQ,24.52,2,3,9,6,4.93,9511534.217035294,2019434.0,1.2843,-94.86,1530481,541050,346461,0.379
5735,NXTT,Technology,Software - Application,NASDAQ,24.5,2,2,1,1,1.55,122785643.23097062,76264374.0,0.001,-99.79,153426,111848,212939,
5736,DOGZ,Consumer Cyclical,Leisure,NASDAQ,24.48,2,5,0,6,0.95,14319117.531663537,14510658.0,0.0018000001,-96.98,34373,44107,41742,-0.362
5737,HDRN,Industrials,Specialty Industrial Machinery,NASDAQ,24.34,2,7,55,49,2.89,190186925.85679483,71498842.0,,-76.88,226779,195059,145173,
5738,NXTC,Healthcare,Biotechnology,NASDAQ,24.31,2,79,91,93,2.33,10655683.37223816,3612096.0,0.0161,-85.2,193174,89864,84240,
5739,SLMT,Technology,Software - Infrastructure,NASDAQ,24.3,2,2,2,3,5.01,43860233.1592989,8442778.0,0.0756,-99.05,91656,107735,90445,5.008
5740,THH,Industrials,Specialty Business Services,NASDAQ,24.24,2,1,0,31,0.3,15614430.322162807,50046250.0,0.0002,-99.46,301943,440074,627474,0.219
5741,YRD,Financial Services,Credit Services,NYSE,24.24,2,5,15,16,1.27,106735924.92306495,87488461.0,0.0039,-83.46,179534,140201,122718,-0.341
5742,IBG,Consumer Defensive,Beverages - Wineries & Distilleries,NASDAQ,24.23,2,1,0,38,1.2,2106423.059388399,1815882.0,0.0089,-96.71,169203,128064,219952,
5743,YDES,Healthcare,Biotechnology,NASDAQ,24.09,2,6,9,23,2.94,213202350.78449965,70831346.0,0.001,-88.24,18567,10082,16361,0.956
5744,HPAI,Technology,Software - Infrastructure,NASDAQ,24.06,2,4,15,35,0.95,35576329.68072832,37646910.0,0.0165,-81.8,1358910,1976176,1259628,0.224
5745,CLIK,Consumer Cyclical,Personal Services,NASDAQ,23.97,2,5,4,7,1.52,5547156.255593538,3263033.0,0.033299997,-90.44,5103427,3348169,3651727,0.572
5746,SNGX,Healthcare,Biotechnology,NASDAQ,23.95,2,1,14,10,0.43,6522636.524656415,14824174.0,0.0469,-93.1,31830655,15060281,9124919,
5747,LGHL,Financial Services,Capital Markets,NASDAQ,23.94,2,2,1,0,0.72,20895277.090370655,4666417.0,0.0017,-99.81,4052001,1786860,1153092,
5748,AHMA,Consumer Cyclical,Travel Services,NASDAQ,23.68,2,2,44,92,1.47,30616749.14956093,29725000.0,0.039,-96.28,7384579,5569106,5096063,0.046
5749,DEVS,Industrials,Pollution & Treatment Controls,NASDAQ,23.49,2,0,5,7,0.37,7683166.978919506,13246840.0,0.013300001,-96.34,104025451,41312750,25136734,
5750,SHFS,Financial Services,Banks - Regional,NASDAQ,23.29,2,2,4,5,0.35,2491937.303714633,6455796.0,0.0752,-96.19,271580,261623,318086,-0.541
5751,CYCU,Technology,Information Technology Services,NASDAQ,23.26,2,3,3,3,0.78,7241387.657943547,8590021.0,0.0392,-95.09,1799411,1199227,2196780,-0.155
5752,CLDI,Healthcare,Biotechnology,NYSE ARCA,22.65,2,1,1,5,0.17,3263664.62039575,19311625.0,0.2039,-99.11,4011075,7997925,5710287,
5753,AMOD,Technology,Software - Application,NASDAQ,22.27,2,2,8,3,0.17,11255945.251084536,53094082.0,0.022,-93.46,724573,2195507,1533946,
5754,MSS,Consumer Defensive,Grocery Stores,NASDAQ,22.25,2,2,3,5,1.01,3343305.898170233,3184101.0,0.0365,-97.45,1370746,637545,420523,-0.086
5755,LIMN,Healthcare,Biotechnology,NASDAQ,22.11,2,0,1,2,0.13,6372624.094643399,44877633.0,0.0173,-99.61,5237970,14969743,12356062,
5756,ARAI,Technology,Scientific & Technical Instruments,NASDAQ,21.98,2,3,1,10,0.48,23699720.923695713,51859347.0,0.051799998,-96.95,1217037,1590199,12007921,
5757,AMZE,Technology,Software - Application,NYSE ARCA,21.75,2,1,4,0,0.13,6211021.320406288,45007402.0,0.0681,-98.89,19806927,15524065,10531145,6.79
5758,NCRA,Consumer Defensive,Packaged Foods,NASDAQ,21.7,2,3,2,70,0.14,3189365.368712127,19933534.0,0.0481,-94.17,46065433,24690644,15932142,-0.498
5759,JSPR,Healthcare,Biotechnology,NASDAQ,21.65,2,6,7,5,0.47,13802431.787024885,27996819.0,0.089700006,-93.46,1017714,488671,561604,
5760,KWM,Communication Services,Entertainment,NASDAQ,21.61,2,2,9,1,0.23,13626791.327304125,68476338.0,0.0073,-97.29,1164553,982921,925942,1079.59
5761,TDIC,Communication Services,Advertising Agencies,NASDAQ,21.54,2,11,2,0,0.39,6227581.440224826,27801702.0,0.0496,-99.01,68778229,42568029,27250869,0.289
5762,PN,Technology,Solar,NASDAQ,21.43,2,3,7,8,3.73,41144074.53024387,13900025.0,0.008,-95.73,1257922,3353850,2054592,0.429
5763,GNLN,Consumer Defensive,Tobacco,NASDAQ,21.13,2,3,1,4,3.01,1805972.6737573147,631459.0,0.0238,-97.05,11376,31788,187411,-0.695
5764,EZRA,Financial Services,Insurance Brokers,NASDAQ,20.95,2,4,2,10,3.63,1975741.0571012497,555764.0,0.0559,-97.44,171635,140671,100327,-0.097
5765,VRRM,Technology,Information Technology Services,NASDAQ,20.94,2,11,16,32,4.61,654717665.7378316,151906653.0,0.026300002,-82.15,20863846,8299352,5563647,0.001
5766,UZX,Consumer Cyclical,Internet Retail,NASDAQ,20.87,2,4,18,24,0.45,25210216.835294724,48481188.0,0.00029999999,-85.48,7156148,13793712,8333545,-0.709
5767,VEEE,Consumer Cyclical,Recreational Vehicles,NASDAQ,20.83,2,1,1,11,5.99,3107167.039422989,529330.0,0.087,-95.32,69059,281060,210003,0.098
5768,FEED,Healthcare,Medical Devices,NASDAQ,20.71,2,2,3,3,0.75,5293809.06747818,6091840.0,0.0317,-95.69,2973776,1467492,998217,-0.363
5769,VNRX,Healthcare,Medical Devices,NYSE ARCA,20.05,2,2,7,4,1.36,15442671.56089878,8627191.0,0.0353,-92.77,461877,357012,290477,1.332
5770,BCAB,Healthcare,Biotechnology,NASDAQ,19.99,2,3,3,86,3.44,5526314.693386078,1659554.0,0.0983,-95.19,71694,44404,48925,
5771,CCHH,Consumer Cyclical,Restaurants,NASDAQ,19.96,2,1,0,2,0.35,11185100.144147873,30230000.0,0.00090000004,-97.73,632181,260640,201464,0.101
5772,TDTH,Technology,Information Technology Services,NASDAQ,19.93,2,1,6,11,2.28,11183690.549969673,4718857.0,0.0174,-97.16,189984,120788,143983,0.436
5773,RVSN,Industrials,Railroads,NASDAQ,19.64,2,5,0,25,4.47,10062317.674507141,2192226.0,0.0343,-99.5,27111,43803,32544,1.319
5774,AEHL,Industrials,Building Products & Equipment,NASDAQ,19.3,2,2,0,14,1.02,18515493.55376959,18152445.0,0.0773,-97.98,683838,18885419,11514495,-0.057
5775,WSHP,Communication Services,Internet Content & Information,NASDAQ,18.76,1,2,5,99,5.53,67646541.94647026,10963783.0,0.6143,-97.79,62172,102934,1098746,-0.733
5776,ARTL,Healthcare,Biotechnology,NASDAQ,18.57,1,3,5,3,1.33,4810045.18337965,3485540.0,0.0162,-98.45,625181,2103143,2238548,
5777,SDOT,Consumer Defensive,Farm Products,NASDAQ,18.44,1,0,5,1,13.5,10671060.3017807,879000.0,0.0115,-97.07,7419516,3493468,2096348,
5778,BIYA,Technology,Software - Application,NASDAQ,18.44,1,1,1,1,0.89,3378393.410531521,4119992.0,0.2693,-99.25,1420388,15438186,10156647,0.532
5779,NAKA,Financial Services,Capital Markets,NASDAQ,18.39,1,3,3,1,4.32,75003218.09424162,17402139.0,0.0936,-99.47,613976,341270,255052,1.771
5780,WCT,Technology,Software - Application,NASDAQ,17.99,1,2,3,14,1.31,4096512.3830242157,2905328.0,0.0023,-94.76,9876581,3301830,1984360,-0.879
5781,AIRE,Real Estate,Real Estate Services,NASDAQ,17.95,1,2,8,7,2.02,11265976.588377476,5364751.0,0.0979,-95.51,110463,187987,131820,-0.091
5782,GCTK,Healthcare,Medical Instruments & Supplies,NASDAQ,17.8,1,2,1,7,0.5,3793123.1128005385,6259279.0,0.0069999998,-96.86,494149,7480563,5250361,
5783,IMCC,Healthcare,Drug Manufacturers - Specialty & Generic,NASDAQ,17.72,1,1,8,15,0.25,1705190.433747232,6223323.0,0.0052,-93.33,1179958,601916,806121,-0.306
5784,CRMT,Consumer Cyclical,Auto & Truck Dealerships,NASDAQ,17.6,1,5,6,10,5.27,64177938.65835667,8302450.0,0.2481,-91.6,300470,156213,143736,-0.12
5785,OIO,Financial Services,Asset Management,NASDAQ,17.48,1,1,69,93,2.03,671682650.185514,348022108.0,0.0023999999,-84.34,51618,114669,90144,
5786,YOOV,Industrials,Security & Protection Services,NASDAQ,17.39,1,5,10,5,0.49,122799140.1362319,226985468.0,0.0377,-98.42,107601,2368333,1464208,0.275
5787,GNPX,Healthcare,Biotechnology,NASDAQ,17.11,1,2,4,1,0.67,6849402.250487685,10586402.0,0.098000005,-98.78,260751,356287,699352,
5788,BGL,Basic Materials,Gold,NASDAQ,17.11,1,1,2,1,0.59,21235641.181081295,40837773.0,0.006,-99.65,413555,408701,436307,
5789,DBGI,Consumer Cyclical,Apparel Retail,NASDAQ,17.02,1,2,4,74,1.07,19767580.208811045,22985558.0,0.054899998,-94.06,20195714,9138278,5648752,-0.297
5790,WGRX,Healthcare,Pharmaceutical Retailers,NASDAQ,16.97,1,1,1,3,3.63,10933398.510301113,2513425.0,0.1374,-96.28,1108896,1119999,918219,-0.856
5791,NVVE,Consumer Cyclical,Specialty Retail,NASDAQ,16.85,1,1,0,1,0.38,1790111.7138557434,5311904.0,0.0398,-99.38,337170,383630,677064,0.092
5792,TRNR,Consumer Cyclical,Personal Services,NASDAQ,16.65,1,0,0,2,0.69,1727223.5682196617,2330936.0,0.024400001,-99.45,262795,1628988,1033859,2.791
5793,MDXH,Healthcare,Diagnostics & Research,NASDAQ,16.41,1,12,83,86,0.57,29072317.536239624,51364520.0,0.0235,-89.31,848128,1055586,715965,0.127
5794,TOPS,Energy,Oil & Gas Midstream,NYSE ARCA,16.34,1,4,11,36,0.9,5264586.433938146,5541670.0,0.4495,-90.76,2460297,1649282,1011591,-0.169
5795,DXST,Industrials,Waste Management,NASDAQ,16.16,1,1,1,40,3.4,7514530.317657471,1815104.0,0.0194,-94.52,9475675,3185451,1930801,-0.2
5796,SOWG,Consumer Defensive,Confectioners,NASDAQ,15.83,1,1,12,5,1.43,25351347.22811961,20120117.0,0.0125,-95.5,115576,492332,386918,
5797,PPCB,Healthcare,Biotechnology,NASDAQ,15.76,1,2,0,99,1.38,3303639.508641243,2278372.0,0.0121,-99.49,29468,51517,143153,
5798,MRNO,Real Estate,Real Estate - Development,NASDAQ,15.71,1,1,3,1,0.28,28300184.50470972,79718832.0,0.42970002,-97.68,1058150,12414293,7621154,-0.149
5799,IVF,Healthcare,Medical Devices,NASDAQ,15.6,1,1,3,0,1.4,2839795.70961535,1786035.0,0.0762,-99.24,1536255,544555,346023,0.226
5800,GOSS,Healthcare,Biotechnology,NASDAQ,15.52,1,1,2,97,0.16,41071848.47555058,234696281.0,0.1863,-95.87,13419948,11759376,9865397,0.715
5801,ORGN,Basic Materials,Chemicals,NASDAQ,15.42,1,1,2,12,1.21,7209043.655110836,5503087.0,0.09770001,-95.75,77995,1030301,667955,-0.912
5802,IMMP,Healthcare,Biotechnology,NASDAQ,15.22,1,1,2,85,0.37,56001409.07727492,147372131.0,0.0359,-89.52,1183440,1075820,16742468,0.915
5803,SBFM,Healthcare,Drug Manufacturers - Specialty & Generic,NASDAQ,15.17,1,18,18,20,2.28,3976821.301668167,1616594.0,0.0991,-90.62,1813206,3280051,1969448,-0.091
5804,ISPC,Healthcare,Diagnostics & Research,NASDAQ,15.12,1,2,5,2,2.92,4340214.112588406,1437157.0,0.0785,-97.7,344013,641667,1042837,-0.852
5805,JTAI,Technology,Software - Application,NASDAQ,15.05,1,0,0,3,7.81,10805079.46441412,1421721.0,0.0754,-99.09,290691,209200,465577,-0.516
5806,PMAX,Financial Services,Capital Markets,NASDAQ,14.9,1,0,2,17,1.95,3499279.254565239,1715333.0,0.0493,-96.25,221121,2377237,1740935,0.727
5807,WTO,Technology,Consumer Electronics,NASDAQ,14.86,1,1,2,0,1.0,1993616.7611756325,1973878.0,0.030199999,-99.87,811320,1380606,832268,-0.281
5808,RAYA,Industrials,Electrical Equipment & Parts,NASDAQ,14.77,1,1,0,1,3.28,3664982.3887410164,982569.0,0.0109,-99.96,55695,57951,952473,-0.231
5809,JYD,Industrials,Integrated Freight & Logistics,NASDAQ,14.57,1,63,7,2,0.71,5701344.106096029,8298900.0,0.0018000001,-94.39,399749,1069443,649841,0.086
5810,KUST,Communication Services,Entertainment,NASDAQ,14.54,1,2,1,3,1.65,1178496.7970108986,626860.0,0.063,-96.9,741250,275623,185966,0.381
5811,SUGP,Industrials,Security & Protection Services,NASDAQ,14.37,1,15,26,27,1.0,1458912.9001262188,1464772.0,0.0791,-94.57,7747547,2682459,1611361,-0.065
5812,CMND,Healthcare,Biotechnology,NASDAQ,14.28,1,1,1,0,3.39,4055751.359436512,1019033.0,0.0202,-99.35,8981646,3291460,2546377,
5813,VSA,Consumer Defensive,Education & Training Services,NASDAQ,14.1,1,0,0,0,4.44,3965214.7311258316,621507.0,0.1097,-99.79,2022663,726825,1202212,
5814,BGM,Healthcare,Drug Manufacturers - Specialty & Generic,NASDAQ,14.07,1,0,1,7,0.34,58381398.899964094,200623358.0,0.00029999999,-98.02,277383,318817,297836,0.139
5815,PMI,Healthcare,Medical Devices,NYSE ARCA,13.92,1,0,4,5,0.32,24084258.741388768,93349845.0,0.0104,-97.66,123168221,56576180,34010672,0.855
5816,JZ,Technology,Information Technology Services,NASDAQ,13.9,1,7,5,7,0.2,17339850.812424123,72249380.0,0.0008,-95.11,16487567,5592132,3377023,0.581
5817,KITT,Industrials,Aerospace & Defense,NASDAQ,13.64,1,1,4,1,1.51,7704504.309153557,5002925.0,0.2068,-98.27,407833,376421,396895,-0.034
5818,AZI,Consumer Cyclical,Auto & Truck Dealerships,NASDAQ,13.4,1,0,1,0,1.85,2551015.906429291,2452900.0,0.0125,-99.37,18048005,6036118,3667055,-0.63
5819,CREG,Utilities,Utilities - Renewable,NASDAQ,13.13,1,1,17,5,0.22,7963146.89086318,27459128.0,0.22729999,-98.5,8921281,36857850,32701144,4.253
5820,TNMG,Communication Services,Publishing,NASDAQ,13.06,1,1,3,3,0.64,1749961.0343863964,2931258.0,0.0385,-96.57,383474,196424,142178,0.057
5821,IPST,Financial Services,Capital Markets,NASDAQ,13.05,1,1,0,5,3.26,2568817.6387109756,721578.0,0.0934,-99.39,86764,103264,256118,0.607
5822,NOTV,Healthcare,Diagnostics & Research,NASDAQ,12.23,1,6,3,4,0.09,5930985.052384868,34888147.0,0.0947,-97.18,118765877,40098175,24477469,-0.054
5823,TRUG,Consumer Cyclical,Leisure,NASDAQ,12.22,1,1,3,0,1.69,1781883.2265521288,1113677.0,0.026800001,-98.62,131080,126090,191328,-0.042
5824,SLXN,Healthcare,Biotechnology,NASDAQ,12.22,1,1,4,4,4.17,1956706.6819667816,418995.0,0.044899996,-98.14,126640,1206127,726857,
5825,POM,Healthcare,Pharmaceutical Retailers,NASDAQ,12.21,1,2,8,0,0.11,13285261.467012428,134194561.0,0.0149,-98.29,1447028,13939842,8937285,0.172
5826,AUUD,Technology,Software - Application,NASDAQ,12.15,1,1,8,3,1.3,7026905.193066597,5364050.0,0.0252,-97.7,2379728,7284119,6188010,
5827,DAIC,Technology,Information Technology Services,NASDAQ,12.03,1,2,0,1,1.93,2929126.9523448944,1210383.0,0.014199999,-99.9,3038848,1041646,632586,-0.965
5828,ELAB,Healthcare,Biotechnology,NASDAQ,11.76,1,0,0,4,1.41,6997376.366669655,4543751.0,0.0848,-99.55,2620298,1258586,9051043,
5829,YYAI,Technology,Software - Infrastructure,NASDAQ,11.46,1,4,4,0,9.01,8175633.601140976,1053561.0,0.061100002,-99.91,21554,25116,19264,1.131
5830,FGL,Industrials,Engineering & Construction,NASDAQ,11.38,1,0,0,2,1.77,2027818.1781482697,1145660.0,0.0495,-98.76,3939649,1548679,1003239,0.089
5831,PFSA,Healthcare,Medical Devices,NASDAQ,11.05,1,0,0,1,0.28,1248951.8551106453,4660268.0,0.0581,-99.93,262885,1084545,6040085,
5832,BNRG,Utilities,Utilities - Renewable,NASDAQ,11.03,1,0,0,2,1.18,697291.419380188,540536.0,0.3473,-99.15,4289850,1949253,1201614,
5833,POAS,Healthcare,Medical Devices,NYSE ARCA,10.88,1,7,5,35,0.31,4983365.30097574,16446750.0,0.0381,-95.81,3811437,2505482,1603155,0.388
5834,SMX,Industrials,Specialty Business Services,NASDAQ,10.72,0,5,0,99,13.09,8482500.123977661,650000.0,0.1164,-99.76,110511,1275561,1306311,
5835,SCAG,Industrials,Farm & Heavy Construction Machinery,NASDAQ,10.58,0,3,6,4,0.3,61209947.21414715,72609665.0,0.0008,-98.77,12400964,4151164,2493004,0.388
5836,ICCM,Healthcare,Medical Devices,NASDAQ,10.57,0,3,24,10,2.81,12251249.222597122,2806701.0,0.027,-93.31,142180,61712,46070,0.257
5837,SNYR,Healthcare,Medical Distribution,NASDAQ,10.46,0,1,12,15,0.2,3114075.6411388367,14899883.0,0.028900001,-95.0,12987951,4924253,4575488,-0.328
5838,CISS,Industrials,Marine Shipping,NASDAQ,10.39,0,1,0,0,2.24,1157928.3767623901,541088.0,0.1925,-99.73,809428,1293599,791077,0.335
5839,PHGE,Industrials,Aerospace & Defense,NYSE ARCA,10.23,0,0,88,1,0.68,7305491.810294151,10146516.0,0.0225,-95.38,1695542,12022727,7314876,
5840,FBLG,Healthcare,Biotechnology,NASDAQ,10.2,0,1,13,3,0.93,5365182.300971746,5208915.0,0.048600003,-95.3,135432,289427,548914,
5841,GOCO,Financial Services,Insurance Brokers,NASDAQ,10.18,0,2,4,5,0.32,11246646.81974864,16686419.0,0.0461,-95.5,374427,196105,141135,-0.946
5842,MEHA,Consumer Defensive,Packaged Foods,NASDAQ,10.16,0,2,2,0,0.04,3038862.253183663,42206422.0,0.0153,-99.5,35174490,81516963,52110412,0.035
5843,UCAR,Consumer Cyclical,Auto & Truck Dealerships,NASDAQ,10.06,0,0,2,11,1.3,34752582.163752675,25742653.0,0.0099,-97.39,490468,1134612,15496942,-0.248
5844,ELPW,Industrials,Electrical Equipment & Parts,NASDAQ,10.0,0,0,0,3,1.16,2338768.916329384,3045272.0,0.5697,-99.98,13820034,7012881,8163710,
5845,DFNS,Industrials,Aerospace & Defense,NASDAQ,9.91,0,1,1,75,0.27,21027321.58606127,68270525.0,0.1344,-98.44,8161854,3858998,3716580,
5846,VIVK,Energy,Oil & Gas Integrated,NASDAQ,9.67,0,1,0,0,0.55,3006952.8487918973,4295647.0,0.0341,-99.78,4267134,1548444,1129222,-0.479
5847,IPW,Consumer Cyclical,Internet Retail,NASDAQ,9.26,0,0,1,7,3.77,2010169.5747756958,661240.0,0.1821,-98.64,442014,213864,255668,-0.782
5848,BNZI,Technology,Software - Application,NASDAQ,9.05,0,1,8,3,3.11,4383709.806110859,1456382.0,0.1104,-98.5,268709,496378,317880,-0.202
5849,NIVF,Healthcare,Medical Care Facilities,NASDAQ,9.03,0,1,0,0,0.49,1772357.0137915611,2777989.0,0.11270001,-99.93,3835286,5582385,3358465,0.119
5850,DGNX,Industrials,Consulting Services,NASDAQ,8.84,0,0,0,98,1.03,29100941.0,29100941.0,0.0444,-99.68,1556866,1076658,920510,2.927
5851,NEXR,Consumer Cyclical,Internet Retail,NASDAQ,8.0,0,0,0,0,0.8,979094.5208673477,809169.0,0.0398,-99.47,22382270,9034913,5513386,0.315
5852,FCUV,Technology,Scientific & Technical Instruments,NASDAQ,8.0,0,0,1,62,0.83,2024095.760430336,2811244.0,0.3084,-98.42,652813,1085217,1767448,-0.748
5853,SNBR,Consumer Cyclical,"Furnishings, Fixtures & Appliances",NASDAQ,7.95,0,3,7,33,0.58,11063519.752711058,23049000.0,0.319,-95.84,37637234,15193858,10065800,-0.189
5854,JAGX,Healthcare,Biotechnology,NASDAQ,7.45,0,0,2,4,2.82,2021667.1655712128,722024.0,0.1313,-98.02,63096,125339,82021,8.156
5855,WHLR,Real Estate,REIT - Retail,NASDAQ,7.13,0,0,0,0,0.88,1548780.5933942199,1943263.0,0.1047,-99.9,484643,1787011,1151952,-0.014
5856,APUS,Healthcare,Drug Manufacturers - Specialty & Generic,NYSE ARCA,6.88,0,0,25,59,1.31,19165794.50215864,15091177.0,0.0339,-96.75,36563,258721,157264,
5857,GMM,Technology,Information Technology Services,NASDAQ,6.13,0,17,14,6,0.11,5042938.595843583,62258501.0,0.0039,-96.66,167434998,59389766,35649899,0.362
5858,KALA,Healthcare,Biotechnology,NASDAQ,5.8,0,0,1,0,2.35,38295052.85628128,18589832.0,0.0023,-99.77,99896,89748,81318,
5859,VMAR,Consumer Cyclical,Recreational Vehicles,NASDAQ,5.64,0,1,0,0,0.36,605545.409860611,1560684.0,0.0877,-99.9,2783055,1225865,788697,192.73
5860,NUWE,Healthcare,Medical Devices,NASDAQ,5.6,0,2,3,2,0.15,500148.1652607918,2942048.0,0.013300001,-99.42,6714007,2280162,1387401,0.262
5861,YMT,Technology,Software - Application,NASDAQ,5.02,0,0,2,6,0.82,6366990.066382289,7625138.0,0.015,-99.1,154183,152768,413561,-0.077
5862,LBGJ,Industrials,Specialty Industrial Machinery,NASDAQ,4.96,0,0,0,5,1.22,3794994.2439858913,3358402.0,0.060900003,-99.32,117953,315074,258296,-0.096
5863,UBXG,Communication Services,Advertising Agencies,NASDAQ,4.81,0,1,14,18,3.1,5508636.907985687,1818032.0,0.031,-97.24,108508,279869,169368,-0.326
5864,ZNB,Communication Services,Entertainment,NASDAQ,4.47,0,0,0,1,1.26,2668397.8660326004,1853054.0,0.0735,-99.95,634510,223970,227418,3.93
5865,LRHC,Real Estate,Real Estate Services,NASDAQ,4.29,0,0,0,0,1.05,1102499.9499320984,1050000.0,0.033099998,-99.94,458213,629587,716670,0.032
5866,XXII,Consumer Defensive,Tobacco,NASDAQ,4.05,0,0,1,2,0.37,2062965.484875381,4455649.0,0.0224,-99.86,397171,2782710,1713502,-0.433
5867,EDBL,Consumer Defensive,Farm Products,NASDAQ,3.96,0,0,1,7,0.22,1823058.77611126,8722769.0,0.2351,-99.31,5514644,7201294,5848320,0.229
5868,MGN,Industrials,Engineering & Construction,NASDAQ,3.93,0,0,48,5,0.14,5142999.947071075,37000000.0,0.0208,-98.38,1362684,4969081,15542252,1.259
5869,KIDZ,Consumer Defensive,Education & Training Services,NASDAQ,3.42,0,0,0,0,2.38,2182502.0453653336,912036.0,0.0215,-99.9,424405,1078011,952902,-0.364
5870,LZMH,Technology,Information Technology Services,NASDAQ,3.21,0,0,6,2,1.49,9966135.128438473,8978500.0,0.0150999995,-99.73,1272906,747840,782972,0.912
5871,WOK,Healthcare,Medical Devices,NASDAQ,3.06,0,48,0,0,0.1,112746.77675575018,1295940.0,0.3796,-100.0,162049645,100518331,60321605,-0.144
5872,GMEX,Technology,Consumer Electronics,NASDAQ,2.61,0,0,0,0,0.83,1218612.7368248105,1423613.0,0.0661,-99.92,11466580,4147204,2834806,0.032
5873,GDC,Communication Services,Electronic Gaming & Multimedia,NASDAQ,2.44,0,0,77,75,0.1,6075971.190539025,60759711.0,0.1372,-98.99,37964886,59156878,35502607,
5874,CDT,Healthcare,Biotechnology,NASDAQ,2.22,0,0,1,0,0.74,3575745.6069499254,4858350.0,0.0123000005,-99.88,5148202,1818660,1169752,
5875,RUBI,Industrials,Marine Shipping,NASDAQ,2.06,0,0,0,0,0.49,1319323.8900854588,2512998.0,1.96,-100.0,6070245,4048508,2474827,-0.051
5876,RPGL,Technology,Software - Application,NASDAQ,1.76,0,0,0,0,2.16,2550727.8064785004,1094733.0,0.0271,-99.95,906392,434047,362812,48.927
5877,WNW,Consumer Cyclical,Internet Retail,NASDAQ,1.7,0,0,42,9,3.57,3884975.4215068817,1330471.0,0.0093,-99.74,1238942,2714514,2079316,62.646
5878,PAVS,Consumer Defensive,Packaged Foods,NASDAQ,1.65,0,0,2,0,1.02,933280.6849992275,1048630.0,0.0098,-99.93,24081672,8090807,5078252,180.334
5879,CMCT,Real Estate,REIT - Office,NASDAQ,1.49,0,0,0,7,4.41,8498088.835506916,2639158.0,0.0298,-99.69,51122,42950,412755,-0.1
5880,ONCO,Healthcare,Biotechnology,NASDAQ,1.36,0,0,1,4,0.95,1180850.6771996021,1146457.0,0.0049,-99.75,452770,1026187,1379617,-0.789
5881,YYGH,Consumer Cyclical,Personal Services,NASDAQ,1.05,0,0,1,3,0.13,572652.3400144577,4371392.0,0.015800001,-99.92,82322792,29018794,17669506,0.442
5882,LNKS,Industrials,Electrical Equipment & Parts,NASDAQ,0.91,0,0,97,5,1.59,2345655.041287422,1606613.0,0.53650004,-99.62,1715169,1805539,1931605,-0.016
5883,ZCMD,Healthcare,Health Information Services,NASDAQ,0.67,0,5,3,5,0.78,612681.6348266602,751480.0,0.0254,-99.79,4093260,1364711,818915,-0.232
5884,FCHL,Consumer Defensive,Education & Training Services,NASDAQ,0.58,0,0,3,0,1.19,1411054.0091707706,1318742.0,0.19379999,-99.97,847975,2635171,2126696,-0.001
5885,HAO,Communication Services,Advertising Agencies,NASDAQ,0.56,0,0,41,96,0.98,1966913.3638045788,2222501.0,0.012999999,-99.66,993000,1040244,624181,0.412
5886,CTNT,Industrials,Integrated Freight & Logistics,NASDAQ,0.54,0,0,47,18,1.92,5208528.131777048,2959391.0,0.0154,-99.55,2972352,1536456,1523621,-0.807
5887,RDGT,Healthcare,Pharmaceutical Retailers,NASDAQ,0.51,0,0,87,98,1.55,1267458.8399957418,898907.0,0.0138,-99.8,2229162,830247,978948,-0.117
5888,EZGO,Consumer Cyclical,Recreational Vehicles,NASDAQ,0.42,0,0,5,4,1.55,3043786.800949216,2305899.0,0.0084,-99.94,1848798,1843783,1106305,0.219
5889,CHSN,Consumer Cyclical,Restaurants,NASDAQ,0.35,0,0,23,4,1.23,2527804.90740788,2319087.0,0.026300002,-99.98,694658,1201039,815787,-0.103
5890,HKIT,Technology,Information Technology Services,NASDAQ,0.13,0,0,18,78,0.27,2587581.086421907,9208474.0,0.2143,-99.96,33091417,11291134,6983160,4.409
5891,HUBC,Technology,Software - Infrastructure,NASDAQ,0.06,0,0,0,1,1.51,12721199.517688036,3330157.0,0.9486,-100.0,16042230,6511655,3946718,-0.038
5892,ADTX,Healthcare,Biotechnology,NASDAQ,0.01,0,0,0,0,0.03,50587.10117324442,815921.0,0.0877,-100.0,65165650,22584105,13610140,10.944
>>>>>>> 212d5e8 (RS Ratings update 2026-06-10)
