Rank,Ticker,Sector,Industry,Exchange,Relative Strength,Percentile,1M_RS_Percentile,3M_RS_Percentile,6M_RS_Percentile,Price,MarketCap,Float,ShortFloatPct,PctFrom52WkHigh,AvgVol10,AvgVol30,AvgVol50,RevenueGrowth
1,INHD,Basic Materials,Steel,NASDAQ,492.85,99,49,0,0,39.49,178522371.6078415,4520698.0,0.59970003,-99.48,0,0,5620192,0.949
2,BVC,Technology,Software - Application,NASDAQ,488.4,99,99,99,99,10.47,1821120025.6347656,168000000.0,0.0004,-30.21,25354,15541,24828,
3,ERAS,Healthcare,Biotechnology,NASDAQ,427.63,99,99,99,99,19.11,6654432265.313719,347127399.0,0.1166,-21.29,5396116,5631408,5388959,
4,ANL,Healthcare,Biotechnology,NASDAQ,413.5,99,99,99,99,12.5,742508207.9438953,64397938.0,0.0573,-27.54,265896,210588,181713,1.781
5,QTTB,Healthcare,Biotechnology,NASDAQ,385.6,99,99,97,92,15.15,345906405.0838146,22983814.0,0.083100006,-35.72,4546358,1863522,1761359,
6,CLYM,Healthcare,Biotechnology,NASDAQ,372.27,99,99,99,98,12.84,727240381.1779451,57263023.0,0.1257,-10.93,1015638,1384406,1260845,
7,SLS,Healthcare,Biotechnology,NASDAQ,362.15,99,99,97,97,11.32,2593583568.5496883,196632574.0,0.3233,-28.72,6836567,9837055,10725133,
8,DFNS,Industrials,Aerospace & Defense,NASDAQ,359.63,99,0,1,2,4.35,42440.78942781314,1010495.0,0.1039,-72.1,28660809,34858939,22901765,
9,EVC,Communication Services,Advertising Agencies,NYSE,357.99,99,99,92,89,10.68,983898795.5788231,92039180.0,0.14310001,-22.27,1410698,1869892,2371667,1.144
10,MU,Technology,Semiconductors,NASDAQ,347.29,99,99,99,99,920.95,958798329327.9875,1129393151.0,0.028099999,-26.62,43036372,50118524,52142534,3.457
11,AGL,Healthcare,Medical Care Facilities,NYSE,321.1,99,99,36,10,98.0,2166222713.142151,16683786.0,0.0694,-26.34,341977,329225,322153,-0.073
12,ATEX,Communication Services,Telecom Services,NASDAQ,317.88,99,98,95,64,94.0,1956671735.7976913,19498473.0,0.1402,-16.0,354365,541505,479479,0.41
13,OPAD,Real Estate,Real Estate Services,NYSE,310.46,99,99,12,11,4.02,24510645.48773527,4731785.0,0.1441,-42.98,39910,58290,269855,-0.502
14,ALMS,Healthcare,Biotechnology,NASDAQ,309.89,99,99,99,99,28.0,3653920127.3462677,127491980.0,0.19950001,-10.69,1115278,1635809,1398455,-0.9
15,BAND,Technology,Software - Infrastructure,NASDAQ,307.27,99,98,93,30,59.8,2299162737.5027466,32017307.0,0.1187,-24.38,948594,1462478,1327130,0.198
16,WDC,Technology,Computer Hardware,NASDAQ,305.65,99,99,99,99,519.8,164489206976.57455,344682131.0,0.0732,-35.01,6900930,9399966,8247310,0.455
17,SIF,Industrials,Aerospace & Defense,NYSE ARCA,303.52,99,98,98,84,25.99,140717880.0,6254128.0,0.0197,-4.59,94953,125741,108578,0.39
18,SYRE,Healthcare,Biotechnology,NASDAQ,303.33,99,99,99,91,102.13,8704099079.71032,86841253.0,0.1681,-2.82,1130775,1606928,1369273,
19,STTK,Healthcare,Biotechnology,NASDAQ,300.47,99,97,99,98,7.43,719176502.4884105,95508165.0,0.0644,-10.8,1569032,1687154,1386206,
20,LITE,Technology,Communication Equipment,NASDAQ,297.91,99,99,99,99,762.99,57013396569.82422,77800000.0,0.1374,-29.72,4112632,4787724,5294880,0.901
21,CHRN,Technology,Information Technology Services,NASDAQ,286.6,99,99,95,91,21.5,3838027869.0660477,145214825.0,2.24,-28.33,381375,390221,396811,
22,FBRX,Healthcare,Biotechnology,NASDAQ,284.63,99,46,96,98,54.78,1000595011.119278,20478817.0,0.093,9.56,681582,766557,563058,
23,RXT,Technology,Software - Infrastructure,NASDAQ,283.9,99,99,89,5,3.94,1053720714.214611,253908600.0,0.2149,-54.19,11716228,20599062,21505651,0.019
24,MAAS,Financial Services,Asset Management,NASDAQ,282.53,99,99,96,80,16.75,8737389522.485958,442175578.0,0.0015,-32.73,133058,155379,107837,
25,ORKA,Healthcare,Biotechnology,NASDAQ,280.63,99,99,99,96,92.16,5590931578.642075,60312101.0,0.2315,-5.75,964022,1542757,1422234,
26,LQDA,Healthcare,Drug Manufacturers - Specialty & Generic,NASDAQ,279.06,99,98,91,97,86.22,7108912451.169617,88928099.0,0.1841,3.93,1517148,2150066,2009339,41.585
27,ANTX,Healthcare,Biotechnology,NASDAQ,278.83,99,98,99,32,4.92,168555627.2974162,36016161.0,0.064,-28.8,180551,369467,311862,
28,ANRO,Healthcare,Biotechnology,NYSE,277.55,99,99,99,99,26.78,1070490190.6268921,38870376.0,0.082100004,-7.18,640774,646228,533908,
29,STX,Technology,Computer Hardware,NASDAQ,274.99,99,99,99,98,851.69,178209735612.45337,226252116.0,0.033299997,-25.62,5183194,5139994,4350276,0.441
30,DMRA,Healthcare,Biotechnology,NASDAQ,270.93,99,98,99,99,28.82,1937694518.943184,61553194.0,0.0677,-24.8,468354,803941,628588,
31,NUAI,Technology,Software - Infrastructure,NASDAQ,270.6,99,99,98,99,4.78,412760512.2802887,101290928.0,0.1855,-49.39,8635092,9436467,8682742,1.458
32,MXL,Technology,Semiconductors,NASDAQ,269.51,99,99,99,74,71.59,6432981366.632904,89545959.0,0.0652,-44.2,4658703,3992101,4395118,0.43
33,BW,Industrials,Specialty Industrial Machinery,NYSE,266.64,99,99,99,99,9.62,1472023012.6899977,148839531.0,0.1163,-56.33,3016277,3911529,3897827,0.443
34,MBX,Healthcare,Biotechnology,NASDAQ,265.69,99,97,92,97,62.0,2994836877.9663086,47597536.0,0.17379999,-6.84,790559,1054956,873753,
35,LVLU,Consumer Cyclical,Apparel Retail,NASDAQ,263.76,99,51,89,99,19.2,35986387.310813904,2864702.0,0.0134000005,-40.59,108926,40638,30871,-0.103
36,RLYB,Healthcare,Biotechnology,NASDAQ,263.26,99,98,97,70,16.31,87139199.88488388,5306894.0,0.0833,-7.19,60208,49099,59681,0.0
37,DELL,Technology,Computer Hardware,NYSE,261.76,99,98,93,31,437.5,256092087547.27576,646142428.0,0.0429,-6.81,6510501,7478097,9281254,0.875
38,DFTX,Healthcare,Biotechnology,NASDAQ,261.38,99,99,96,94,43.17,5879198841.190079,132743254.0,0.1101,-12.26,1542312,3746304,3082384,
39,REPL,Healthcare,Biotechnology,NASDAQ,249.19,99,90,5,15,9.7,858758958.6029549,83945161.0,0.4988,-26.74,3202614,3118444,5115960,
40,ADVB,Healthcare,Diagnostics & Research,NASDAQ,247.94,99,20,10,5,18.98,8310229.336631298,1652133.0,0.0177,24.87,10369786,3474568,2096453,
41,PIII,Healthcare,Medical Care Facilities,NASDAQ,247.31,99,97,19,2,9.62,35985782.54502869,3325858.0,0.019199999,-43.04,16407,30449,1595873,0.035
42,OTLK,Healthcare,Biotechnology,NASDAQ,247.22,99,99,4,3,1.4,206536093.2844442,148587119.0,0.1038,-58.7,13381250,15173003,24227158,
43,ICHR,Technology,Semiconductor Equipment & Materials,NASDAQ,246.36,99,99,98,84,86.55,2889432777.8752213,34867053.0,0.0577,-23.8,815053,1187877,1156976,0.047
44,TXG,Healthcare,Health Information Services,NASDAQ,246.07,99,97,89,92,46.27,5553063919.951748,126956189.0,0.1911,-0.11,3169274,3338204,3250776,-0.026
45,BBGI,Communication Services,Broadcasting,NASDAQ,244.51,99,99,99,32,20.52,40107162.1238327,1809890.0,0.096099995,-29.97,34233,34777,33396,-0.129
46,ROMA,Industrials,Consulting Services,NASDAQ,243.44,99,96,98,85,9.23,552759202.9745436,59564571.0,0.0175,-21.58,25431,50187,47532,0.176
47,SLGL,Healthcare,Biotechnology,NASDAQ,239.9,99,98,99,99,81.96,271980041.2238312,3268991.0,0.045100003,-16.34,44957,35669,36385,-0.895
48,RVMD,Healthcare,Biotechnology,NASDAQ,239.81,99,98,98,96,189.23,39576958144.4715,212596462.0,0.064,-2.37,1916641,2776323,2810872,
49,RLMD,Healthcare,Biotechnology,NASDAQ,238.23,99,99,99,99,5.18,550133669.0103035,104987346.0,0.1078,-35.25,1900615,2356881,1851225,
50,EQ,Healthcare,Biotechnology,NASDAQ,237.33,99,98,98,95,2.49,163756774.61322117,63226556.0,0.0938,-29.66,504578,810089,946625,
51,BUUU,Industrials,Specialty Business Services,NASDAQ,234.98,99,97,98,97,20.0,365787447.45254517,16695000.0,0.0011,-27.14,66881,53933,40004,0.123
52,HUT,Financial Services,Capital Markets,NASDAQ,234.75,99,99,98,97,109.99,10296731198.79004,112594112.0,0.1243,-21.88,4267802,4298610,4307602,2.255
53,RLAY,Healthcare,Biotechnology,NASDAQ,234.57,99,98,98,92,18.44,4339191976.864944,217940332.0,0.23020001,-11.3,2080182,3780844,4312204,-0.609
54,ALOT,Technology,Computer Hardware,NASDAQ,232.5,99,98,88,29,28.71,222415356.64195633,7771326.0,0.0021,0.1,128884,234741,164262,0.044
55,SIMO,Technology,Semiconductors,NASDAQ,232.43,99,99,95,93,270.9,8962857570.244598,33907835.0,0.026600001,-23.69,669096,799325,918907,1.055
56,VPG,Technology,Scientific & Technical Instruments,NYSE,232.05,99,99,94,93,104.44,1381840881.8817139,13301000.0,0.09810001,-31.19,392732,549057,624534,0.176
57,FCEL,Industrials,Electrical Equipment & Parts,NASDAQ,227.3,99,98,90,84,21.26,1478697637.0,79929602.0,0.1522,-43.88,11025248,13467566,13085773,-0.049
58,DOCN,Technology,Software - Infrastructure,NYSE,227.07,99,98,97,91,123.54,13901542123.490234,116908096.0,0.1397,-34.11,3358679,3660636,3421933,0.224
59,NVCT,Healthcare,Biotechnology,NASDAQ,226.7,99,99,58,65,19.31,603398682.3783417,31525533.0,0.115600005,-34.04,242773,477167,329192,
60,BDSX,Healthcare,Diagnostics & Research,NASDAQ,225.97,98,97,64,71,22.0,209083789.24059868,10355809.0,0.0179,-11.7,60880,89180,69774,0.423
61,TSEM,Technology,Semiconductors,NASDAQ,225.92,98,98,98,97,233.37,26460613973.88794,113031240.0,0.0227,-27.06,1983388,1807782,2025973,0.155
62,DNTH,Healthcare,Biotechnology,NASDAQ,224.62,98,97,98,96,103.87,5772754121.385948,54666233.0,0.2007,-1.75,879879,1270093,1103411,-0.602
63,FOCL,Healthcare,Medical Distribution,NASDAQ,223.43,98,94,83,96,6.03,203902005.98473644,37481986.0,0.0067000003,6.91,55092,45604,42546,0.248
64,NBTX,Healthcare,Biotechnology,NASDAQ,223.22,98,97,99,99,39.7,1919194861.6457748,50785785.0,0.0014,-30.52,130839,107906,89859,
65,MAMK,Industrials,Conglomerates,NASDAQ,222.65,98,97,98,99,13.0,216125000.0,16625000.0,0.0291,-9.09,0,0,0,0.437
66,DRTS,Healthcare,Biotechnology,NASDAQ,222.37,98,97,94,96,12.5,1223915637.0282936,90325876.0,0.0355,-11.41,660474,776724,904978,
67,BIOA,Healthcare,Drug Manufacturers - Specialty & Generic,NASDAQ,219.24,98,98,97,99,21.77,1013966838.7996788,44452734.0,0.0951,-16.12,552966,688832,575359,0.91
68,PACS,Healthcare,Medical Care Facilities,NYSE,217.78,98,95,97,98,46.85,7301104873.933136,158272376.0,0.0938,-0.69,869011,955280,927812,0.112
69,ALTO,Basic Materials,Specialty Chemicals,NASDAQ,213.31,98,97,99,97,4.64,452518537.98343277,77486049.0,0.0555,-24.06,2713779,2704919,2543473,-0.008
70,UCTT,Technology,Semiconductor Equipment & Materials,NASDAQ,213.14,98,99,98,93,92.75,4143484589.0405273,44828352.0,0.09689999,-35.69,1167086,1480965,1344989,0.029
71,ETON,Healthcare,Drug Manufacturers - Specialty & Generic,NASDAQ,212.88,98,94,90,26,42.59,1159244582.2005157,27392358.0,0.0744,-0.14,600442,479980,457240,0.404
72,MCTA,Healthcare,Medical Care Facilities,NASDAQ,209.07,98,96,98,98,29.35,504260182.13653564,17178000.0,0.1193,-7.41,0,0,0,-0.27
73,TNGX,Healthcare,Biotechnology,NASDAQ,208.59,98,99,99,99,26.63,4649986288.4875965,162814649.0,0.261,-22.56,2099851,4244837,4365384,
74,VSXY,Consumer Cyclical,Apparel Retail,NYSE,206.85,98,97,93,96,83.55,6474600351.410522,79491720.0,0.1909,-5.67,1743891,1827630,2382448,0.153
75,AAOI,Technology,Communication Equipment,NASDAQ,206.66,98,99,99,93,100.15,8217662062.327789,80242767.0,0.1392,-57.14,8331073,10567764,11674380,0.514
76,BLZE,Technology,Software - Infrastructure,NASDAQ,206.63,98,98,22,15,11.61,793394759.8456621,60014731.0,0.0478,-36.38,2009509,4239556,3134773,0.117
77,DWSN,Energy,Oil & Gas Equipment & Services,NASDAQ,206.09,98,96,96,82,4.98,139116723.79228592,31052840.0,0.0119,-36.56,375402,239234,191364,1.283
78,TOP,Financial Services,Capital Markets,NASDAQ,206.04,98,83,18,24,2.19,122385206.05785131,43553455.0,0.0055,-34.23,718747,427022,318423,0.248
79,ARWR,Healthcare,Biotechnology,NASDAQ,204.39,98,96,98,98,85.6,10465677090.161514,140857021.0,0.0834,-2.54,2764185,2797725,2309687,-0.864
80,AEHR,Technology,Semiconductor Equipment & Materials,NASDAQ,204.09,98,99,99,93,76.32,2632504099.1210938,32480000.0,0.1398,-39.73,4492732,2629444,2498694,0.337
81,FTH,Healthcare,Biotechnology,NASDAQ,202.5,98,95,99,46,28.29,666896387.6143913,25778754.0,0.0307,-25.36,351718,201832,138415,
82,RTB,Technology,Software - Application,NASDAQ,202.18,98,87,8,5,15.54,222142143.79613686,13619997.0,0.92,-25.11,102819,223849,150819,
83,VSAT,Technology,Communication Equipment,NASDAQ,201.93,98,96,98,98,71.7,9761949218.892906,136568953.0,0.113000005,-22.93,2049989,2895113,2885021,0.021
84,VSTS,Industrials,Rental & Leasing Services,NYSE,201.79,98,96,88,34,15.58,2179733853.0,132105082.0,0.097200006,-7.81,1283721,1398693,1528800,-0.009
85,WYY,Technology,Information Technology Services,NYSE ARCA,201.27,98,99,82,88,10.48,115284528.9513359,9887181.0,0.0639,-56.87,173150,470313,356856,0.211
86,INTC,Technology,Semiconductors,NASDAQ,199.49,98,99,98,94,92.32,477671044601.4404,5026000000.0,0.0254,-35.15,114078252,121614570,122918548,0.072
87,PENG,Technology,Information Technology Services,NASDAQ,199.49,98,99,84,30,53.85,3095571438.7709846,51242699.0,0.2432,-40.07,4455007,4411579,4113997,0.476
88,APGE,Healthcare,Biotechnology,NASDAQ,198.11,98,96,92,87,134.28,10133994550.0,75626825.0,0.1084,-0.03,1012943,4384181,3050646,
89,CRNX,Healthcare,Biotechnology,NASDAQ,197.7,98,35,37,84,83.73,8875762003.979752,105840233.0,0.1538,-0.32,4153039,6183393,4090599,28.734
90,KOD,Healthcare,Biotechnology,NASDAQ,197.59,98,98,99,98,41.41,2668344686.0451508,62578441.0,0.26950002,-13.44,538491,770540,743254,
91,CDNA,Healthcare,Diagnostics & Research,NASDAQ,197.52,98,90,82,83,37.14,2052431156.4821663,51659481.0,0.16440001,-8.23,1293857,1100105,943997,0.39
92,ASX,Technology,Semiconductors,NYSE,197.4,98,98,97,92,36.84,84269457420.72044,2193945789.0,0.0111,-19.07,8549729,11466306,11140781,0.172
93,VIAV,Technology,Communication Equipment,NASDAQ,195.2,98,98,99,95,39.52,9413524251.878757,246685647.0,0.057800002,-34.6,4099374,7481281,7145466,0.428
94,BTSG,Healthcare,Health Information Services,NASDAQ,194.79,98,96,94,91,72.91,13873507623.426514,196258412.0,0.1009,0.96,6177396,4391032,3946665,0.256
95,TWST,Healthcare,Diagnostics & Research,NASDAQ,193.6,98,97,90,67,90.27,5844162723.8815155,62271314.0,0.2874,-14.41,1142252,1883757,1774634,0.193
96,NWPX,Basic Materials,Steel,NASDAQ,193.33,98,97,92,86,129.31,1331834476.1901855,9637008.0,0.0725,-14.94,184301,214877,186658,0.191
97,UMC,Technology,Semiconductors,NYSE,192.84,98,99,85,89,19.48,53322343947.5,2509286774.0,0.0112,-32.73,15334398,17363436,17607791,0.055
98,AMD,Technology,Semiconductors,NASDAQ,192.74,98,98,94,89,521.95,808386588714.4744,1630600639.0,0.0256,-10.74,26269949,28960633,30037791,0.378
99,VNCE,Consumer Cyclical,Apparel Manufacturing,NASDAQ,192.6,98,99,97,69,5.93,82736574.09512806,12847294.0,0.0112,-27.68,89043,265707,206372,0.105
100,TVTX,Healthcare,Biotechnology,NASDAQ,192.13,98,97,94,86,57.36,5273627557.412453,92992905.0,0.1784,-4.56,1113315,1870315,1909977,0.556
101,CVGI,Consumer Cyclical,Auto Parts,NASDAQ,191.77,98,97,98,48,4.62,153765711.0417061,33943864.0,0.0278,-21.43,305022,559387,494920,0.01
102,NCEW,Industrials,Integrated Freight & Logistics,NASDAQ,191.66,98,97,97,73,16.8,54720001.220703125,3200000.0,0.0117,-19.36,3690,2440,2772,0.335
103,BE,Industrials,Electrical Equipment & Parts,NYSE,191.45,98,99,99,99,184.89,61144055774.99835,284443868.0,0.077800006,-47.37,12814192,14291404,12789530,1.304
104,MEI,Technology,Electronic Components,NYSE,190.91,98,97,65,65,15.31,531722363.8211479,35471806.0,0.0639,-24.88,620242,881677,1091872,0.159
105,OCC,Technology,Communication Equipment,NASDAQ,190.24,98,99,96,32,14.41,130023061.11927795,8827092.0,0.083100006,-48.5,175306,403632,857997,0.266
106,CDNL,Industrials,Engineering & Construction,NASDAQ,190.2,98,99,96,55,63.3,1417198130.1098328,19896084.0,0.1243,-34.34,721479,846756,715889,1.048
107,ABSI,Healthcare,Biotechnology,NASDAQ,190.09,98,99,89,23,7.56,1405175775.1592197,169400333.0,0.26610002,-37.29,3375409,6561053,5793173,-0.818
108,BTSGU,Healthcare,Health Information Services,NASDAQ,189.23,98,96,93,91,238.26,,,1.53,-6.75,30241,19403,24182,0.256
109,PRAX,Healthcare,Biotechnology,NASDAQ,189.15,98,99,99,99,325.3,8765365435.43512,27878774.0,0.1434,-11.25,280439,509989,498193,
110,NESR,Energy,Oil & Gas Equipment & Services,NASDAQ,189.02,98,96,97,96,27.62,2822714644.367895,100847255.0,0.051799998,-8.87,1756426,2483995,2204673,0.335
111,AMBQ,Technology,Semiconductors,NYSE,188.57,98,98,48,25,70.28,1748854081.708603,24145438.0,0.0771,-23.28,406372,662867,721518,0.593
112,MKDW,Consumer Cyclical,Auto Parts,NASDAQ,188.25,98,89,91,5,11.73,46854612.07936859,4198442.0,0.0019,-4.56,4370,17086,16866,-0.613
113,AMPG,Technology,Communication Equipment,NASDAQ,187.78,98,97,15,72,5.41,168249621.97690535,25338799.0,0.2792,-46.49,2500380,3902956,5601938,0.486
114,INNV,Healthcare,Medical Care Facilities,NASDAQ,187.11,98,94,95,88,11.56,1560968519.5,135736393.0,0.051799998,-8.54,301917,418339,371345,0.155
115,BFLY,Healthcare,Medical Devices,NYSE,186.92,98,98,95,94,6.58,1732062767.7775745,261640906.0,0.1407,-32.09,8233752,10998674,8373736,0.25
116,DK,Energy,Oil & Gas Refining & Marketing,NYSE,186.66,98,88,94,85,63.2,3876437031.5,61287542.0,0.1345,-1.39,1186737,1221215,1176839,0.004
117,HPE,Technology,Communication Equipment,NYSE,186.44,98,95,84,51,47.69,60675004928.105156,1324203521.0,0.0583,-25.77,16093081,21690047,28896302,0.4
118,PRLD,Healthcare,Biotechnology,NASDAQ,186.34,98,97,99,91,3.83,334510274.20886326,79645307.0,0.1122,-32.69,252568,472929,410101,
119,MRVI,Healthcare,Biotechnology,NASDAQ,185.57,97,96,79,72,6.76,1067944593.5985184,147506164.0,0.0709,-6.82,3405733,3223667,3041540,0.405
120,CIEN,Technology,Communication Equipment,NYSE,184.86,97,98,99,97,390.96,52998830044.40228,141552922.0,0.0429,-38.67,1893340,2724560,2856610,0.395
121,URGN,Healthcare,Biotechnology,NASDAQ,184.39,97,95,84,79,40.97,1960074008.9269753,48721701.0,0.1302,-2.17,763873,752597,728904,1.516
122,NBIS,Communication Services,Internet Content & Information,NASDAQ,184.39,97,98,97,94,187.77,45120249760.37875,253898194.0,0.27969998,-37.38,19902208,18578762,18869533,6.839
123,GLBS,Industrials,Marine Shipping,NASDAQ,184.23,97,95,93,87,3.01,59782973.35835028,21582301.0,0.024,-7.1,130435,200538,169815,0.421
124,GH,Healthcare,Diagnostics & Research,NASDAQ,183.65,97,95,79,95,147.33,20668350285.76941,132599929.0,0.0955,-15.37,1760766,2969985,2778623,0.483
125,FTRE,Healthcare,Biotechnology,NASDAQ,183.55,97,95,69,96,19.52,1679824826.4487267,94584730.0,0.121400006,4.55,1155576,1374342,1316159,-0.023
126,GTX,Consumer Cyclical,Auto Parts,NASDAQ,182.87,97,97,87,87,31.51,5946978825.998096,187188503.0,0.036,-13.08,1954701,2579903,2817506,0.122
127,SILC,Technology,Communication Equipment,NASDAQ,181.53,97,97,94,63,39.72,253239748.55314255,5747611.0,0.0106,-24.99,169192,169217,174860,0.328
128,VICR,Technology,Electronic Components,NASDAQ,180.94,97,99,99,98,211.01,10831053708.774536,45581407.0,0.0638,-44.86,977856,925185,893305,0.202
129,TTRX,Healthcare,Biotechnology,NASDAQ,180.63,97,91,14,13,8.54,271666921.39102936,29788040.0,0.65,-67.77,115422,102307,88588,
130,MRVL,Technology,Semiconductors,NASDAQ,180.23,97,99,96,34,194.23,169348675157.8283,897544423.0,0.0456,-41.12,23788214,41022828,45989054,0.276
131,AIP,Technology,Semiconductors,NASDAQ,179.8,97,99,97,88,30.26,1433178363.551712,46171982.0,0.079,-39.79,577685,970541,1075081,0.387
132,PBF,Energy,Oil & Gas Refining & Marketing,NYSE,179.7,97,82,91,83,61.63,7423855802.25,118308459.0,0.1586,-3.1,3016909,2876936,2705255,0.119
133,ACMR,Technology,Semiconductor Equipment & Materials,NASDAQ,179.34,97,98,84,96,84.32,5799668022.49675,69109487.0,0.060500003,-33.71,885205,1560315,1716297,0.342
134,KLIC,Technology,Semiconductor Equipment & Materials,NASDAQ,178.85,97,98,96,90,101.33,5087802365.8229065,52332877.0,0.0579,-25.38,760866,1197078,1054593,0.498
135,GLUE,Healthcare,Biotechnology,NASDAQ,178.56,97,97,96,98,22.78,2074814460.9631233,84479418.0,0.2241,-11.6,987472,1501424,1262492,-0.95
136,ELA,Consumer Cyclical,Luxury Goods,NYSE ARCA,178.46,97,97,96,95,20.65,546790790.6940079,25963476.0,0.041199997,-30.42,128061,130390,123110,1.039
137,IPSC,Healthcare,Biotechnology,NASDAQ,178.41,97,97,98,98,2.11,405798320.25,180354809.0,0.131,-30.59,940220,1708923,1404894,
138,NGL,Energy,Oil & Gas Midstream,NYSE,177.72,97,96,98,97,15.56,1892184602.194851,124814289.0,0.040799998,-17.23,121588,215069,272591,-0.133
139,MKSI,Technology,Scientific & Technical Instruments,NASDAQ,177.09,97,98,96,97,329.18,21930903409.91266,67544129.0,0.0836,-26.46,1040985,1390281,1266221,0.152
140,BB,Technology,Software - Infrastructure,NYSE,177.02,97,98,83,24,8.54,5269042740.542257,586100431.0,0.0761,-37.16,20628867,29474119,35364849,0.256
141,SKK,Industrials,Engineering & Construction,NASDAQ,176.76,97,87,5,10,4.91,11912822.774541855,2448679.0,0.0368,-72.65,18417,15879,191435,-0.046
142,IMOS,Technology,Semiconductors,NASDAQ,176.25,97,96,94,95,55.17,2392585956.970093,34770906.0,0.0029,-29.59,143975,128095,121371,0.254
143,HYMC,Basic Materials,Gold,NASDAQ,176.24,97,97,99,99,20.22,1740419379.347393,91360601.0,0.2401,-65.57,1579715,2170001,2171299,
144,FBIOP,Healthcare,Biotechnology,NASDAQ,175.91,97,95,93,93,18.89,,,0.03,-11.85,7438,15469,25985,0.221
145,ENLT,Utilities,Utilities - Renewable,NASDAQ,175.68,97,96,98,97,87.0,12695925998.4729,139807580.0,0.0064999997,-19.93,156568,247216,245415,0.426
146,TER,Technology,Semiconductor Equipment & Materials,NASDAQ,175.67,97,98,98,96,349.92,50462929049.221924,156542162.0,0.0674,-28.28,2962190,4720283,4273614,0.87
147,AMAT,Technology,Semiconductor Equipment & Materials,NASDAQ,175.45,97,98,93,92,536.25,420528530371.64734,793959430.0,0.0252,-27.5,7180416,11066532,10130181,0.114
148,EWTX,Healthcare,Biotechnology,NASDAQ,175.31,97,95,92,89,40.84,4277897737.968712,107593006.0,0.138,-15.62,856192,1403080,1412268,
149,HYLN,Consumer Cyclical,Auto Parts,NYSE ARCA,175.17,97,98,38,58,3.72,666943879.3006611,178327240.0,0.0806,-56.18,2806523,4342407,5646728,4.791
150,XMTR,Industrials,Industrial Distribution,NASDAQ,174.99,97,96,63,91,86.31,5443926799.359093,55245857.0,0.0779,-15.38,1002696,842255,905435,0.359
151,IRWD,Healthcare,Drug Manufacturers - Specialty & Generic,NASDAQ,174.14,97,96,98,99,3.71,635407729.8913665,164613406.0,0.107700005,-35.81,1573445,2435461,2394957,1.589
152,LCUT,Consumer Cyclical,"Furnishings, Fixtures & Appliances",NASDAQ,173.66,97,96,96,21,8.69,194724678.62219238,22855008.0,0.0585,-11.33,121799,245053,223141,0.024
153,ELVN,Healthcare,Biotechnology,NASDAQ,173.38,97,95,95,75,52.95,3800516550.5030823,71438280.0,0.1739,-2.13,618980,1852640,1452900,
154,VSH,Technology,Semiconductors,NYSE,173.28,97,99,91,80,38.21,5799218760.872498,153377904.0,0.1486,-45.0,5204670,7192310,7893308,0.173
155,XMAX,Consumer Cyclical,"Furnishings, Fixtures & Appliances",NASDAQ,172.88,97,97,98,99,8.43,541255808.8174171,63602326.0,0.0922,-9.45,810357,1381939,1410889,-0.324
156,APPS,Technology,Software - Application,NASDAQ,172.84,97,97,16,81,8.45,1008606575.3733749,120936038.0,0.0857,-37.87,2445403,4545807,6808690,0.196
157,FRD,Basic Materials,Steel,NASDAQ,172.51,97,93,66,67,35.6,242294369.27451706,7107491.0,0.019,-6.24,98734,107118,76574,0.484
158,SEZL,Financial Services,Credit Services,NASDAQ,171.89,97,95,65,50,153.89,5873631347.157089,33627019.0,0.24200001,-21.37,655957,684602,630161,0.292
159,LFST,Healthcare,Medical Care Facilities,NASDAQ,171.54,97,91,83,82,10.9,4421642693.428345,381834432.0,0.052199997,-6.68,3004369,3933799,3517649,0.212
160,LASR,Technology,Semiconductors,NASDAQ,171.41,97,93,99,98,70.02,3906303098.25,56408709.0,0.052800003,-19.47,883647,1268259,1214949,0.552
161,MNPR,Healthcare,Biotechnology,NASDAQ,171.25,97,92,39,66,109.87,744399787.8395233,6699062.0,0.3323,-2.4,268559,208996,197073,
162,CRS,Industrials,Metal Fabrication,NYSE,170.96,97,95,89,79,603.69,27713144775.66211,49685612.0,0.0354,-3.56,553965,802185,723535,0.116
163,PVLA,Healthcare,Biotechnology,NASDAQ,170.86,97,97,98,98,138.01,2255268869.347595,14342844.0,0.1867,-14.48,255618,297366,275343,
164,ASTC,Technology,Scientific & Technical Instruments,NASDAQ,170.83,97,98,21,12,7.2,15529956.538319588,2009050.0,0.081499994,-89.54,69119,297769,5287505,-0.358
165,BWEN,Industrials,Specialty Industrial Machinery,NASDAQ,170.49,97,95,50,88,4.83,112807843.13758278,23404116.0,0.0312,-10.56,433787,463859,660549,-0.075
166,CLMT,Basic Materials,Specialty Chemicals,NASDAQ,169.9,97,91,94,86,41.69,3732512465.581192,87147147.0,0.0624,-2.93,1375614,1038938,957424,0.036
167,ZNTL,Healthcare,Biotechnology,NASDAQ,169.84,97,96,97,91,4.33,363762247.78440285,71186348.0,0.103199996,-37.7,1412748,1432326,1253991,
168,CLDT,Real Estate,REIT - Hotel & Motel,NYSE,169.57,97,94,81,51,13.5,624127906.0577583,46681220.0,0.030299999,-1.03,326976,410065,430117,-0.016
169,FLXS,Consumer Cyclical,"Furnishings, Fixtures & Appliances",NASDAQ,169.56,97,91,90,62,75.2,297441753.4617233,4075661.0,0.0507,-2.58,40818,52306,51305,0.01
170,NDLS,Consumer Cyclical,Restaurants,NASDAQ,169.48,97,96,94,17,15.36,65460662.36712551,5892049.0,0.0251,-4.6,71871,49843,43772,-0.0
171,BOLD,Healthcare,Biotechnology,NASDAQ,169.36,97,96,63,18,2.57,55737447.38867235,22474777.0,0.0139999995,-7.89,204536,2478035,1524399,
172,AP,Industrials,Metal Fabrication,NYSE,169.07,97,97,99,97,8.2,155700136.63843918,20326389.0,0.0499,-35.99,142591,249193,208310,0.039
173,FSLY,Technology,Software - Application,NASDAQ,168.91,97,85,99,76,20.24,3242679892.539978,156500000.0,0.1889,-41.87,5297359,5155963,6110977,0.198
174,ARTV,Healthcare,Biotechnology,NASDAQ,168.85,97,98,98,66,10.03,474220823.60095596,48588198.0,0.0394,-30.97,427875,608408,569151,
175,COGT,Healthcare,Biotechnology,NASDAQ,168.61,97,96,98,99,39.76,6677521909.18866,170868004.0,0.0962,-9.08,1947822,2896860,2675262,
176,EDSA,Healthcare,Biotechnology,NASDAQ,168.5,97,98,99,10,5.25,63579270.881304264,9633223.0,0.0317,-74.16,58706,111868,202785,
177,CELC,Healthcare,Biotechnology,NASDAQ,168.47,97,97,99,99,82.62,4309964399.49939,48766288.0,0.338,-45.29,2361612,1625704,1685236,
178,PARR,Energy,Oil & Gas Refining & Marketing,NYSE,168.4,96,82,97,90,77.39,3823501121.25,50144277.0,0.1305,0.23,937944,939394,976342,0.045
179,FATE,Healthcare,Biotechnology,NASDAQ,168.2,96,92,50,33,2.41,324034533.74521494,116559186.0,0.0723,-25.39,2351412,4045827,4203104,-0.203
180,AMWL,Healthcare,Health Information Services,NYSE,167.9,96,88,58,15,10.81,221053222.44146347,16708483.0,0.0121,-18.42,212871,125503,118616,-0.179
181,STRL,Industrials,Engineering & Construction,NASDAQ,167.84,96,98,93,90,660.93,19594822711.32312,30685954.0,0.0452,-34.28,628500,801576,754080,0.916
182,ROIV,Healthcare,Biotechnology,NASDAQ,167.64,96,94,94,90,35.01,24822019779.07854,719270385.0,0.060900003,-5.38,4127114,5725734,6059648,-0.667
183,IMMX,Healthcare,Biotechnology,NASDAQ,167.53,96,97,98,97,8.52,729696997.75,71189951.0,0.1339,-29.82,1747149,2183149,1908501,
184,DHC,Real Estate,REIT - Healthcare Facilities,NASDAQ,167.34,96,94,96,95,9.34,2217699405.217415,242106926.0,0.0558,-3.31,1276895,1656158,1764157,-0.053
185,SUNE,Technology,Solar,NASDAQ,167.3,96,86,25,6,2.4,10349159.170678377,4123171.0,0.0686,-74.6,1376324,4495861,9709526,-0.431
186,TLPH,Healthcare,Drug Manufacturers - Specialty & Generic,NASDAQ,166.99,96,87,60,87,1.35,69026534.06729126,51899648.0,0.0134000005,-14.01,264021,403473,302866,
187,QURE,Healthcare,Biotechnology,NASDAQ,166.88,96,97,29,52,38.97,2767360494.5,68754298.0,0.16950001,-45.5,1070513,2399581,2017930,1.273
188,TRVG,Communication Services,Internet Content & Information,NASDAQ,166.18,96,90,27,21,5.46,398754025.36038876,70701070.0,0.0025,-4.21,75334,112911,94986,0.151
189,CUE,Healthcare,Biotechnology,NASDAQ,165.8,96,97,19,5,32.12,130882687.23907852,4200343.0,0.0773,-29.41,146636,123168,115159,12.506
190,ACRS,Healthcare,Biotechnology,NASDAQ,165.64,96,95,96,94,5.23,793289678.4251404,139663680.0,0.0934,-10.6,1617793,1945057,1662364,0.372
191,CORT,Healthcare,Biotechnology,NASDAQ,165.51,96,89,23,9,95.36,9717465928.507828,107351594.0,0.1039,0.26,1194591,1088767,1100652,0.049
192,DDOG,Technology,Software - Application,NASDAQ,165.15,96,92,38,31,246.86,92083342161.45343,355960189.0,0.0513,-11.43,3461059,4402859,5084601,0.322
193,LRCX,Technology,Semiconductor Equipment & Materials,NASDAQ,165.08,96,98,95,97,305.21,391793853434.63135,1250539000.0,0.0253,-30.4,9789511,12841790,11543548,0.238
194,FEIM,Technology,Communication Equipment,NASDAQ,165.03,96,93,89,96,72.46,648583004.3175888,9841927.0,0.1047,-9.43,432942,294990,242510,-0.23
195,ANAB,Healthcare,Biotechnology,NASDAQ,164.71,96,97,98,94,54.15,1717291898.0,29608481.0,0.387,-25.17,926692,758517,673704,-0.08
196,INSW,Energy,Oil & Gas Midstream,NYSE,164.69,96,92,95,88,92.28,4295027530.71344,49504696.0,0.060500003,-0.41,488716,599622,571191,0.785
197,OII,Energy,Oil & Gas Equipment & Services,NYSE,164.65,96,87,90,84,52.73,4217229005.960663,99745249.0,0.0842,19.24,1368515,1284535,1106743,0.027
198,COHU,Technology,Semiconductor Equipment & Materials,NASDAQ,164.51,96,98,96,84,50.7,2414905948.14452,47175347.0,0.2059,-32.04,715645,1252258,1411983,0.293
199,LIND,Consumer Cyclical,Travel Services,NASDAQ,164.36,96,95,86,88,26.85,1815152005.0048828,65600000.0,0.112799995,-10.5,755691,966470,879722,0.157
200,DAVE,Technology,Software - Application,NASDAQ,163.69,96,90,93,61,402.81,5599608834.4635315,12714247.0,0.2204,-11.66,474558,575442,589317,0.467
201,ALXO,Healthcare,Biotechnology,NASDAQ,163.43,96,91,95,96,2.03,282582112.8670802,134562917.0,0.052199997,-23.68,743169,1662389,1424797,
202,HSHP,Industrials,Marine Shipping,NYSE,163.14,96,90,95,93,16.12,687845557.1937561,47145000.0,0.0297,-3.42,279961,308260,309548,0.527
203,WHLRP,Real Estate,REIT - Retail,NASDAQ,163.1,96,95,91,87,9.4,,,0.41,-22.19,865,9645,7197,-0.014
204,FIX,Industrials,Engineering & Construction,NYSE,162.29,96,96,97,94,1733.6,58900073857.58057,35183967.0,0.024500001,-16.41,520170,535643,496582,0.01
205,MTRN,Basic Materials,Other Industrial Metals & Mining,NYSE,161.97,96,97,91,83,241.02,5098859901.630249,20801485.0,0.051999997,-19.36,226839,376616,351031,0.308
206,BJRI,Consumer Cyclical,Restaurants,NASDAQ,161.95,96,88,50,80,66.86,1418432155.8630066,21016924.0,0.0917,-1.71,473369,548536,473487,0.029
207,CPIX,Healthcare,Drug Manufacturers - Specialty & Generic,NASDAQ,161.86,96,94,67,69,6.61,102484454.16624069,14983107.0,0.0277,-18.29,185833,93607,107490,-0.22
208,OPTX,Technology,Electronic Components,NASDAQ,161.69,96,99,99,98,7.05,301696277.0006676,40279878.0,0.2032,-52.75,398234,752894,1003998,-0.079
209,NNBR,Industrials,Conglomerates,NASDAQ,161.33,96,92,87,18,3.53,245760950.03921795,77283316.0,0.080299996,-20.5,1703521,5212837,3457636,0.121
210,CIFR,Technology,Information Technology Services,NASDAQ,161.2,96,98,97,98,23.15,7182903680.864161,409049197.0,0.1611,-23.19,26677978,25433379,25161545,-0.288
211,EMPG,Healthcare,Medical Distribution,NASDAQ,161.0,96,91,98,98,17.36,143046405.02929688,8240000.0,0.0396,-4.3,0,0,0,1.416
212,FLEX,Technology,Electronic Components,NASDAQ,161.0,96,98,91,80,118.51,43691954314.5,366389554.0,0.0228,-28.98,3750149,7611629,6925865,0.169
213,TH,Industrials,Specialty Business Services,NASDAQ,160.94,96,96,96,26,16.15,1629218284.5421448,99585466.0,0.1341,-22.54,736325,1241685,1308647,0.041
214,JDZG,Consumer Defensive,Education & Training Services,NASDAQ,160.86,96,76,0,6,50.0,274000000.0,5480000.0,0.0247,-95.07,0,0,71520,0.662
215,PTGX,Healthcare,Biotechnology,NASDAQ,160.55,96,90,91,88,136.11,9062115804.945282,64311373.0,0.1391,-3.54,599700,838243,731168,0.99
216,ALAB,Technology,Semiconductors,NASDAQ,160.43,96,98,89,82,291.58,52042877602.22717,171407939.0,0.097399995,-41.62,4182045,5526088,5857267,0.934
217,FTNT,Technology,Software - Infrastructure,NASDAQ,160.35,96,93,35,24,152.37,118403306916.68309,732648391.0,0.0249,-10.55,4492470,5751170,5992332,0.201
218,DVA,Healthcare,Medical Care Facilities,NYSE,160.26,96,89,75,20,235.44,15209919528.35083,64185000.0,0.1383,-1.75,597666,788732,790365,0.06
219,STRZ,Communication Services,Entertainment,NASDAQ,160.1,96,95,91,25,24.42,449451308.7355614,16789365.0,0.0422,-25.05,186132,158774,165740,-0.072
220,AIIO,Consumer Cyclical,Auto Manufacturers,NASDAQ,159.98,96,38,0,3,2.61,659434251.060576,166945378.0,0.0092,-95.36,1321534,2470261,10316506,-0.982
221,IRDM,Communication Services,Telecom Services,NASDAQ,159.88,96,94,94,30,45.78,4946038809.295288,105956272.0,0.0482,-19.94,1548761,2884530,2687364,0.019
222,MTC,Technology,Software - Application,NASDAQ,159.77,96,87,99,98,3.04,249965404.66025662,99587811.0,0.008,-66.58,25367,39589,71785,-1.0
223,ATI,Industrials,Metal Fabrication,NYSE,159.62,96,94,93,90,197.8,25406699144.705185,136470427.0,0.0431,-3.66,1432431,1712373,1690700,0.006
224,KEEL,Technology,Information Technology Services,NASDAQ,159.53,96,99,91,85,4.26,2385123200.242794,603828651.0,0.16,-42.2,27138701,45417047,47139760,-0.224
225,MAGH,Industrials,Engineering & Construction,NASDAQ,159.53,96,94,94,98,6.76,225446007.63320923,33350000.0,0.049200002,-2.59,0,0,0,-0.045
226,MOV,Consumer Cyclical,Luxury Goods,NYSE,159.34,96,95,91,86,36.51,859082589.366066,22227233.0,0.0573,-8.38,190346,266112,272785,0.081
227,VCYT,Healthcare,Diagnostics & Research,NASDAQ,159.11,96,93,48,70,56.61,4718139302.337742,79792647.0,0.0996,-7.06,1010810,1295126,1263912,0.215
228,IOVA,Healthcare,Biotechnology,NASDAQ,158.43,96,91,74,32,4.99,2232511980.0,446502396.0,0.241,-11.37,19198814,15673948,14491210,0.448
229,SPHR,Communication Services,Entertainment,NYSE,158.3,96,96,98,96,136.26,5104683817.093384,35792203.0,0.36130002,-21.96,530052,685734,680020,0.377
230,NAT,Energy,Oil & Gas Midstream,NYSE,158.24,96,93,93,85,6.45,1281091551.5382338,211750663.0,0.081199996,-3.73,3110153,4589111,4088688,1.043
231,KYMR,Healthcare,Biotechnology,NASDAQ,157.5,96,93,91,90,110.57,9522960686.62674,82257588.0,0.1592,-14.98,563468,1069696,862203,0.555
232,PKOH,Industrials,Specialty Industrial Machinery,NASDAQ,157.36,96,93,89,66,38.47,543674837.2731514,14398169.0,0.0183,-2.19,61077,86119,80931,0.038
233,ENVA,Financial Services,Credit Services,NYSE,157.15,96,92,85,89,237.27,5786236124.239746,24884896.0,0.1155,-3.7,393686,455275,350777,0.258
234,PANW,Technology,Software - Infrastructure,NASDAQ,157.12,96,91,35,28,323.79,292324194030.7617,815000000.0,0.0309,-12.2,6148375,7226078,8271735,0.311
235,DINO,Energy,Oil & Gas Refining & Marketing,NYSE,156.96,96,81,87,80,88.3,15970600303.641632,180275437.0,0.0523,-0.5,2920807,2627835,2414429,0.118
236,MYE,Consumer Cyclical,Packaging & Containers,NYSE,156.89,96,92,84,88,31.44,1168408310.3431702,37557322.0,0.033800002,-12.06,348213,530881,435008,0.018
237,CVLG,Industrials,Trucking,NYSE,156.82,95,93,89,65,46.75,1191594623.100788,25170989.0,0.0341,-5.23,177695,177545,193627,0.14
238,CNC,Healthcare,Healthcare Plans,NYSE,156.76,95,92,82,61,63.41,32807873885.559082,493797000.0,0.035099998,-8.58,3822584,4875268,4837598,0.051
239,CBL,Real Estate,REIT - Retail,NYSE,156.55,95,92,91,83,57.57,1710316788.825386,30944758.0,0.0458,3.2,274371,338777,299838,0.03
240,FROG,Technology,Software - Application,NASDAQ,156.45,95,90,38,83,80.16,10723940473.84842,121119724.0,0.1015,-19.21,2059052,3130744,2849482,0.258
241,OSCR,Healthcare,Healthcare Plans,NYSE,156.44,95,95,75,28,28.19,8773446415.010452,301493000.0,0.0764,-14.83,3881694,5464091,6641682,0.526
242,SITM,Technology,Semiconductors,NASDAQ,156.31,95,96,97,92,554.46,16624413501.826904,29955519.0,0.0594,-38.52,389577,583282,591845,0.883
243,POWL,Industrials,Electrical Equipment & Parts,NASDAQ,156.26,95,98,98,92,232.21,8480923326.112747,36431649.0,0.0908,-29.2,785864,822791,733390,0.065
244,IMVT,Healthcare,Biotechnology,NASDAQ,156.23,95,94,83,81,39.41,8265736653.8158,205308917.0,0.1982,-4.41,840861,1387187,1863696,
245,PGEN,Healthcare,Biotechnology,NASDAQ,156.16,95,94,90,96,5.4,1764729283.000927,356510980.0,0.2283,-10.6,3159385,4894478,4906617,16.339
246,OSS,Technology,Computer Hardware,NASDAQ,156.07,95,97,95,98,12.49,312584991.70541096,24769017.0,0.1458,-40.18,1164333,1249177,1351888,0.55
247,TIGO,Communication Services,Telecom Services,NASDAQ,155.85,95,93,95,93,94.54,16476024989.404907,167541444.0,0.0479,-5.54,1267101,1582237,1832754,0.451
248,NHC,Healthcare,Medical Care Facilities,NYSE ARCA,155.8,95,88,90,84,225.69,3563777347.7608337,15619641.0,0.0624,-2.61,106372,147954,133942,0.022
249,INBX,Healthcare,Biotechnology,NASDAQ,155.66,95,98,99,99,81.55,1282114935.5854187,14671186.0,0.314,-47.49,232615,329218,347455,
250,MPLT,Healthcare,Biotechnology,NASDAQ,155.64,95,92,92,33,36.56,1717240701.6855927,45345676.0,0.1172,-9.57,559578,557742,449971,
251,TTMI,Technology,Electronic Components,NASDAQ,155.6,95,99,98,98,131.41,13708207788.0,103850059.0,0.0319,-41.29,1866619,2710706,2680059,0.304
252,EXTR,Technology,Communication Equipment,NASDAQ,155.25,95,93,58,25,29.49,3967807209.8751526,130778088.0,0.0885,-12.57,1724991,2120087,2161308,0.114
253,SHIP,Industrials,Marine Shipping,NASDAQ,155.22,95,90,95,90,16.18,303571458.93945694,21668198.0,0.012999999,-4.03,231628,211826,227707,0.77
254,VISN,Technology,Communication Equipment,NASDAQ,155.03,95,94,97,97,11.8,2736159649.8443956,225569631.0,0.069,-42.58,4975907,5763515,5876399,0.216
255,ALKS,Healthcare,Drug Manufacturers - Specialty & Generic,NASDAQ,155.03,95,94,66,64,52.89,8787148748.501678,166675807.0,0.1456,-4.99,1515558,2308532,2198317,0.282
256,COHR,Technology,Scientific & Technical Instruments,NYSE,154.64,95,98,98,96,282.39,54309476703.68765,195639321.0,0.0514,-35.82,3993742,5052307,5411242,0.205
257,PLSE,Healthcare,Medical Instruments & Supplies,NASDAQ,154.5,95,90,86,21,30.23,1984934561.281128,69209712.0,0.1486,-2.48,312059,353393,355557,
258,HCHL,Consumer Cyclical,Restaurants,NASDAQ,154.19,95,92,12,2,3.96,118183829.09847355,29844401.0,0.0139,-24.59,0,20630,535652,-0.457
259,AXGN,Healthcare,Medical Devices,NASDAQ,154.08,95,96,96,95,39.49,2119136205.25708,53177824.0,0.1009,-15.89,1091475,1507785,1247409,0.266
260,KNSA,Healthcare,Drug Manufacturers - Specialty & Generic,NASDAQ,153.81,95,87,91,88,62.84,4920186181.899048,76938016.0,0.1093,-6.95,496568,875992,733461,0.555
261,IBRX,Healthcare,Biotechnology,NASDAQ,153.79,95,97,96,97,7.1,8043678363.569775,1047353977.0,0.3394,-42.88,8016643,11642341,12755376,1.676
262,RLJ,Real Estate,REIT - Hotel & Motel,NYSE,153.45,95,90,70,49,12.34,1809483013.4773636,151929726.0,0.134,2.58,1583343,1961801,1976578,0.036
263,MGNX,Healthcare,Biotechnology,NASDAQ,153.33,95,97,93,47,3.7,285398407.7215557,63563123.0,0.108100004,-27.17,990941,1225827,1143178,0.575
264,ECO,Industrials,Marine Shipping,NYSE,153.24,95,91,94,88,57.88,2103726053.1041908,39044655.0,0.0305,-0.98,432267,467625,491477,1.123
265,GHRS,Healthcare,Biotechnology,NASDAQ,153.22,95,94,87,82,27.28,1969762001.6766586,68608919.0,0.0721,-12.0,336916,278598,274991,
266,KFRC,Industrials,Staffing & Employment Services,NYSE,152.96,95,89,84,61,55.12,1044241944.4885254,17832000.0,0.1031,-9.19,270989,220759,206657,0.001
267,VLO,Energy,Oil & Gas Refining & Marketing,NYSE,152.82,95,86,90,80,302.5,91945234133.96613,296932782.0,0.0404,-2.39,2964715,3187695,3029659,0.066
268,FATN,Technology,Software - Infrastructure,NASDAQ,152.81,95,92,12,3,4.51,63675624.184970856,14025468.0,0.0115,-58.12,60286,128092,327057,0.904
269,FORM,Technology,Semiconductor Equipment & Materials,NASDAQ,152.78,95,98,98,93,104.04,8229685256.250092,77954772.0,0.0372,-35.08,1115036,1781082,1770413,0.32
270,TRT,Technology,Semiconductor Equipment & Materials,NYSE ARCA,152.78,95,98,99,93,9.23,102642875.99234962,10112599.0,0.115600005,-56.83,533036,688125,949217,1.236
271,RSI,Consumer Cyclical,Gambling,NYSE,152.6,95,90,89,67,31.43,3345991122.5,102953573.0,0.1105,-8.92,2636652,3134990,2627424,0.411
272,FTK,Energy,Oil & Gas Equipment & Services,NYSE,152.47,95,84,84,90,25.84,946764732.8701229,36177483.0,0.1722,-5.8,349348,304906,320781,0.265
273,QXL,Technology,Information Technology Services,NASDAQ,152.46,95,98,50,6,4.9,64148044.75688553,13336392.0,0.0194,-36.36,74580,155983,126332,-0.333
274,DHX,Technology,Software - Application,NYSE,152.25,95,88,85,24,3.85,177113874.58026934,43198507.0,0.0076,-10.88,131530,149486,177394,-0.102
275,NRIX,Healthcare,Biotechnology,NASDAQ,152.21,95,92,78,78,23.38,2399432598.0570545,103781683.0,0.1734,-6.8,1101370,2078353,2267842,-0.795
276,EDRY,Industrials,Marine Shipping,NASDAQ,151.97,95,92,92,80,24.1,63909995.93424988,2890547.0,0.0029,-13.93,133992,70824,51266,0.389
277,CMPS,Healthcare,Medical Care Facilities,NASDAQ,151.91,95,98,91,84,11.26,1666624153.4790802,134949320.0,0.0764,-26.88,4391215,4215541,4318729,
278,ATEN,Technology,Software - Infrastructure,NYSE,151.87,95,93,91,36,34.27,2589054307.083702,71998175.0,0.1417,-10.96,1127822,1258964,1172206,0.134
279,BRUN,Technology,Software - Infrastructure,NASDAQ,151.68,95,98,87,52,21.74,1500088223.766636,61428674.0,2.11,-48.24,1366570,1515570,1852762,1.646
280,TDAY,Communication Services,Publishing,NYSE,151.57,95,91,93,84,8.4,1250413342.0,147107452.0,0.12640001,-5.62,1364038,1469802,1519717,-0.04
281,IART,Healthcare,Medical Devices,NASDAQ,151.37,95,91,24,19,19.79,1497590382.75,77796903.0,0.113299996,-2.32,870459,936933,951605,0.024
282,CERS,Healthcare,Medical Devices,NASDAQ,151.36,95,92,72,91,2.93,627154911.5504093,200368974.0,0.0655,-15.56,2044792,2707654,2580676,0.241
283,HNGE,Healthcare,Health Information Services,NYSE,151.26,95,92,61,21,74.31,6739035151.235504,77380129.0,0.1245,-18.79,1707844,2127381,1952180,0.472
284,LPRO,Financial Services,Credit Services,NASDAQ,150.86,95,95,46,26,3.15,371532624.73252296,118322488.0,0.0326,0.32,1683715,4398608,3162963,-0.16
285,ECPG,Financial Services,Credit Services,NASDAQ,150.77,95,92,95,85,90.15,1958152867.218567,21440412.0,0.081499994,-4.7,340415,354668,334461,0.21
286,PBT,Energy,Oil & Gas Midstream,NYSE,150.72,95,87,89,84,29.23,1323689788.6201553,46608796.0,0.0053,-9.36,71886,97322,134011,0.162
287,TLYS,Consumer Cyclical,Apparel Retail,NYSE,150.63,95,95,97,21,3.77,120734144.36304092,30488420.0,0.0454,-36.1,142740,206823,315716,0.159
288,AMKR,Technology,Semiconductor Equipment & Materials,NASDAQ,150.5,95,97,97,95,64.96,15601095942.518898,247872518.0,0.1451,-32.81,4292226,5569295,5410807,0.275
289,RILYP,Financial Services,Financial Conglomerates,NASDAQ,150.41,95,98,95,96,13.42,,,0.82,-23.4,7708,15159,14831,1.134
290,HUM,Healthcare,Healthcare Plans,NYSE,150.35,95,93,46,15,389.32,48024600000.0,120061500.0,0.040999997,-9.22,1241546,1433458,1429809,0.235
291,SMTC,Technology,Semiconductors,NASDAQ,150.33,95,97,93,89,125.92,11640169867.997559,93151168.0,0.0695,-29.0,2159069,3724079,3812493,0.159
292,GSAT,Communication Services,Telecom Services,NASDAQ,150.32,95,94,97,96,78.93,10197507595.883263,128788931.0,0.0592,-6.81,1008903,1360821,1329032,0.167
293,ASYS,Technology,Semiconductor Equipment & Materials,NASDAQ,150.24,95,97,97,98,15.89,291459965.00393105,17484101.0,0.059499998,-38.2,340441,510550,450444,0.314
294,ESTA,Healthcare,Medical Devices,NASDAQ,150.14,95,93,84,92,92.32,2724665560.0886536,29430390.0,0.2031,-0.86,426352,702600,608078,0.447
295,OKTA,Technology,Software - Infrastructure,NASDAQ,150.14,95,84,23,26,138.5,25958131023.585968,173807365.0,0.058000002,-11.78,2980220,3263203,3958914,0.112
296,DYN,Healthcare,Biotechnology,NASDAQ,150.08,94,83,80,73,24.44,3924549479.202675,165313796.0,0.17899999,-2.24,3055434,2626094,2180946,
297,CAPR,Healthcare,Biotechnology,NASDAQ,149.97,94,96,99,98,19.7,1125807230.8482876,57911893.0,0.2811,-51.2,1656801,1686973,1356046,
298,CARE,Financial Services,Banks - Regional,NASDAQ,149.93,94,91,84,78,34.01,741103999.5919037,22222010.0,0.0885,-2.91,364159,439489,378289,2.6
299,NVEC,Technology,Semiconductors,NASDAQ,149.92,94,87,75,53,117.55,417495871.96051025,4837167.0,0.1097,-3.01,340457,281579,251813,0.053
300,MEC,Industrials,Metal Fabrication,NYSE,149.9,94,96,83,75,30.29,788274667.4650383,25494006.0,0.0651,-21.85,529352,541080,614600,0.068
301,AMRX,Healthcare,Drug Manufacturers - Specialty & Generic,NASDAQ,149.8,94,91,79,90,17.92,5700064647.915241,319331346.0,0.036199998,-2.56,1915007,2203882,2011883,0.039
302,AVNS,Healthcare,Medical Devices,NYSE,149.67,94,95,96,58,24.99,1169789933.3521576,46847816.0,0.0446,-1.96,509426,786098,1010489,0.088
303,ARCB,Industrials,Trucking,NASDAQ,149.32,94,94,92,78,154.3,3557974627.4450684,22263780.0,0.0801,-12.67,305858,421246,399617,0.033
304,ILMN,Healthcare,Diagnostics & Research,NASDAQ,149.2,94,90,69,88,194.09,28240144076.538086,151300000.0,0.0817,-1.31,1430261,1850697,1881750,0.048
305,AMN,Healthcare,Medical Care Facilities,NYSE,149.1,94,92,53,49,32.89,1357511820.0,38786052.0,0.0994,-9.32,728849,920069,995183,0.999
306,PN,Technology,Solar,NASDAQ,149.03,94,1,1,6,7.98,57129104.60585356,13900025.0,0.0098,-90.87,1475832,519234,580964,0.429
307,CGEM,Healthcare,Biotechnology,NASDAQ,148.97,94,95,84,87,17.1,1087192866.5621376,61458046.0,0.2447,-11.99,529292,1031134,1077338,
308,MAN,Industrials,Staffing & Employment Services,NYSE,148.68,94,57,33,36,51.33,2434194287.376457,46507342.0,0.1989,-7.85,1957998,1569069,1301179,0.075
309,PSNL,Healthcare,Diagnostics & Research,NASDAQ,148.64,94,93,24,90,11.78,1611657734.1731358,104721098.0,0.1705,-28.13,6817960,4917540,4241942,-0.249
310,SLN,Healthcare,Biotechnology,NASDAQ,148.55,94,93,89,23,11.02,495963436.5,47234613.0,0.048600003,-1.52,439899,578303,421503,1.972
311,WULF,Financial Services,Capital Markets,NASDAQ,148.44,94,98,98,97,18.46,8998872757.587719,495532645.0,0.24870001,-38.14,33432677,34296652,31165291,-0.011
312,RCUS,Healthcare,Biotechnology,NYSE,148.43,94,95,94,92,28.42,3442411549.493038,125773162.0,0.16540001,-10.45,989887,1416862,1252955,-0.393
313,XNCR,Healthcare,Biotechnology,NASDAQ,148.41,94,79,57,39,19.44,1295253631.2110062,74141596.0,0.2204,4.01,1144845,1051475,913415,-0.862
314,DSGN,Healthcare,Biotechnology,NASDAQ,148.41,94,94,96,95,11.78,785084144.1196442,62456974.0,0.121300004,-31.71,512475,860635,1045077,
315,JAZZ,Healthcare,Biotechnology,NASDAQ,148.21,94,89,88,81,253.87,15549247382.158325,62817628.0,0.0574,1.35,620312,788850,847144,0.191
316,BHE,Technology,Electronic Components,NYSE,148.1,94,96,91,82,81.1,2814553364.711975,35877036.0,0.0557,-19.23,426465,543578,487253,0.072
317,MRX,Financial Services,Capital Markets,NASDAQ,148.09,94,92,86,66,65.56,4327361128.22422,71930870.0,0.038599998,-7.9,676151,925200,894684,0.551
318,FET,Energy,Oil & Gas Equipment & Services,NYSE,148.05,94,88,97,96,57.86,592796742.3159256,11304286.0,0.0714,-11.57,134152,177740,164294,0.08
319,TORO,Energy,Oil & Gas Midstream,NASDAQ,147.99,94,96,98,95,5.07,170723092.17750072,34559330.0,0.015700001,-40.35,33261,33610,49300,0.077
320,MPC,Energy,Oil & Gas Refining & Marketing,NYSE,147.84,94,79,85,56,309.24,91259393882.83981,291936635.0,0.028800001,-1.25,2104346,2327795,2347223,0.088
321,AXSM,Healthcare,Biotechnology,NASDAQ,147.64,94,93,84,90,241.0,11835746180.0,51459766.0,0.0802,-7.38,701319,1043706,892965,0.574
322,ENGS,Industrials,Waste Management,NASDAQ,147.61,94,94,11,1,2.67,80321277.03360939,31253416.0,0.0004,-78.61,1016845,886821,710225,-0.278
323,TRVI,Healthcare,Biotechnology,NASDAQ,147.54,94,95,90,88,17.53,2707552988.2312317,141979708.0,0.108500004,-13.3,3050282,2915017,2181564,
324,AVR,Healthcare,Medical Instruments & Supplies,NASDAQ,147.5,94,95,67,85,8.13,822541596.7834482,97342203.0,0.090299994,-26.46,916201,1313043,1351410,-0.112
325,CLOV,Healthcare,Healthcare Plans,NASDAQ,147.45,94,96,33,13,4.32,2433281516.6057625,526684324.0,0.053400002,-22.72,4328376,6759742,7799511,0.62
326,ATAI,Healthcare,Biotechnology,NASDAQ,147.33,94,80,87,86,7.18,2671070921.420471,369954432.0,0.0971,-0.55,30158435,16913011,12165373,-0.387
327,GEO,Industrials,Security & Protection Services,NYSE,147.24,94,90,37,15,30.92,3936394524.3088074,133618284.0,0.0983,-4.12,1471957,2082739,1961051,0.166
328,RILYL,Financial Services,Financial Conglomerates,NASDAQ,147.23,94,98,96,97,13.8,,,0.38,-23.67,4502,8304,8290,1.134
329,BWAY,Healthcare,Medical Devices,NASDAQ,147.09,94,90,97,95,15.97,631235585.2002144,40129409.0,0.006,-7.96,159461,109660,126578,0.346
330,TWIN,Industrials,Specialty Industrial Machinery,NASDAQ,147.09,94,93,89,91,23.22,325811664.13074875,14422827.0,0.038599998,-5.22,90257,166445,134699,0.19
331,TGTX,Healthcare,Biotechnology,NASDAQ,147.08,94,91,49,21,56.04,8399695871.089096,153083580.0,0.2848,-5.5,1939665,2612645,2313765,0.696
332,MSBI,Financial Services,Banks - Regional,NASDAQ,147.06,94,91,86,85,32.25,645111362.2771397,20729799.0,0.0416,1.35,181815,192941,167013,0.143
333,MATX,Industrials,Marine Shipping,NYSE,146.99,94,89,87,88,210.57,6723895550.92511,30263281.0,0.0431,-8.74,318656,334185,291293,-0.031
334,ONTO,Technology,Semiconductor Equipment & Materials,NYSE,146.97,94,96,95,89,272.62,13920737528.560638,49743567.0,0.0669,-29.46,953832,1338510,1332248,0.095
335,WTTR,Energy,Oil & Gas Equipment & Services,NYSE,146.89,94,92,91,69,20.17,2528115814.3425465,124353951.0,0.0496,-1.51,1663534,1891884,1819160,-0.023
336,LBRX,Healthcare,Biotechnology,NASDAQ,146.79,94,90,92,78,35.01,900733634.9442902,28676652.0,0.1909,-0.95,288964,339131,276302,
337,AGX,Industrials,Engineering & Construction,NYSE,146.76,94,97,98,92,568.92,7728250238.126709,14019247.0,0.0669,-29.39,354164,348608,349078,0.502
338,LSCC,Technology,Semiconductors,NASDAQ,146.73,94,95,93,84,128.42,17157494392.036278,137007857.0,0.0723,-18.21,1688847,1857592,2007729,0.422
339,OVID,Healthcare,Biotechnology,NASDAQ,146.52,94,97,99,97,2.33,455401859.5596323,186640102.0,0.1359,-24.96,1599912,3180604,2482676,
340,LGND,Healthcare,Biotechnology,NASDAQ,146.42,94,93,89,84,300.53,6080257790.3602295,20041061.0,0.1268,-7.99,307202,489244,371112,0.141
341,FRO,Energy,Oil & Gas Midstream,NYSE,146.23,94,92,92,87,39.29,8123509629.765129,222622890.0,0.0385,-8.84,1834207,3001985,2993129,0.669
342,ZBIO,Healthcare,Biotechnology,NASDAQ,146.2,94,79,52,79,30.39,1864328666.1602497,63133377.0,0.288,-31.86,846353,1045267,848806,
343,DCO,Industrials,Aerospace & Defense,NYSE,146.18,94,92,92,87,177.44,2541464143.144989,15085559.0,0.0585,-9.76,322389,327633,281859,0.086
344,CRWD,Technology,Software - Infrastructure,NASDAQ,145.86,94,89,38,32,183.28,206788096446.88843,1018259280.0,0.028499998,-15.73,8568439,10409753,12430179,0.256
345,NEO,Healthcare,Diagnostics & Research,NASDAQ,145.82,94,91,41,87,13.89,1902394061.095333,130211780.0,0.105100006,-10.79,3037191,3597280,2707018,0.111
346,IMUX,Healthcare,Biotechnology,NASDAQ,145.79,94,93,84,14,13.39,206501680.20152664,13621483.0,0.1233,-15.47,173311,184807,212172,
347,EFXT,Energy,Oil & Gas Equipment & Services,NYSE,145.45,94,94,97,95,22.76,2863690629.084366,122066954.0,1.55,-21.92,345409,409456,476835,0.058
348,NTAP,Technology,Software - Infrastructure,NASDAQ,145.36,94,86,59,27,167.74,32107358593.40027,195919927.0,0.0888,-13.01,2260990,2875443,3484692,0.125
349,SEPN,Healthcare,Biotechnology,NASDAQ,145.29,94,94,93,93,33.1,1505522870.979805,45075533.0,0.1382,-12.99,335021,506790,433676,120.11
350,VECO,Technology,Semiconductor Equipment & Materials,NASDAQ,145.29,94,97,95,81,51.66,3190220288.888912,61033485.0,0.1867,-40.37,892369,1485486,1430865,-0.054
351,ATLC,Financial Services,Credit Services,NASDAQ,145.27,94,94,88,33,99.48,1522079942.5736465,15117997.0,0.21040002,-11.66,177986,194852,161877,0.608
352,ATRO,Industrials,Aerospace & Defense,NASDAQ,145.25,94,96,93,97,69.85,3319174027.4995728,49348408.0,0.076799996,-21.27,447463,788948,780612,0.12
353,BCAX,Healthcare,Biotechnology,NASDAQ,145.18,94,94,87,73,27.02,1823939335.1984215,65703866.0,0.2152,-12.81,407087,848379,742503,
354,LITB,Consumer Cyclical,Internet Retail,NYSE,145.17,94,92,40,91,3.29,58123465.64017606,18277819.0,0.0016,-21.1,5112,7030,9820,0.105
355,UFI,Consumer Cyclical,Textile Manufacturing,NYSE,144.93,93,69,23,20,6.29,117471448.47071362,18587254.0,0.0123000005,-6.95,140968,107556,84519,-0.113
356,PEB,Real Estate,REIT - Hotel & Motel,NYSE,144.88,93,91,82,58,19.09,2155149183.2981586,113369235.0,0.2258,-3.34,2142572,2915507,2541676,0.079
357,CXW,Industrials,Security & Protection Services,NYSE,144.84,93,87,56,30,31.35,3030931261.277046,98888460.0,0.0224,-3.83,956771,1374030,1259956,0.258
358,ANDG,Consumer Cyclical,Personal Services,NYSE,144.71,93,87,89,32,42.82,4999991406.619812,112485744.0,0.5804,-4.84,269785,385441,337739,0.157
359,NUVB,Healthcare,Biotechnology,NYSE,144.66,93,91,82,93,6.42,2019571498.2142553,348201971.0,0.2585,-34.15,6156457,8150769,6753199,25.987
360,ASML,Technology,Semiconductor Equipment & Materials,NASDAQ,144.56,93,93,87,93,1757.09,671245461120.6055,384100000.0,0.0029,-12.14,1967615,2102245,1960481,0.213
361,ELMD,Healthcare,Medical Devices,NYSE ARCA,144.38,93,91,57,77,38.41,348590681.765625,8280064.0,0.0229,-18.97,115733,118457,104402,0.184
362,BELFB,Technology,Electronic Components,NASDAQ,144.24,93,96,95,95,272.8,3848095571.196594,14222707.0,0.0661,-18.64,248110,306176,328530,0.172
363,ACHC,Healthcare,Medical Care Facilities,NASDAQ,144.04,93,78,90,9,34.51,3172862431.5,91967027.0,0.3789,-0.66,2657708,3240822,2918299,0.076
364,PTRN,Technology,Software - Application,NASDAQ,143.96,93,92,26,24,22.17,4968904483.299667,176766431.0,0.0842,-25.6,1880729,2544906,2135137,0.432
365,CYRX,Industrials,Integrated Freight & Logistics,NASDAQ,143.76,93,94,76,78,15.37,832142199.1661739,50402313.0,0.0521,-9.0,701860,763643,844024,0.165
366,AGCC,Consumer Defensive,Beverages - Wineries & Distilleries,NASDAQ,143.65,93,92,98,93,14.91,353190750.0,22786500.0,0.014199999,-42.04,46428,42702,36497,2.741
367,CTRN,Consumer Cyclical,Apparel Retail,NASDAQ,143.63,93,89,90,88,62.92,534859532.4537964,8329848.0,0.1538,-5.21,137638,216276,186945,0.144
368,TKR,Industrials,Tools & Accessories,NYSE,143.55,93,92,83,77,141.3,9574953502.967834,69494510.0,0.0507,-3.46,699109,907793,1018205,0.08
369,RAPP,Healthcare,Biotechnology,NASDAQ,143.53,93,93,94,89,40.68,2038383662.8953285,47826929.0,0.0749,-7.04,319253,439014,367864,
370,KLAC,Technology,Semiconductor Equipment & Materials,NASDAQ,143.47,93,96,92,91,210.52,277910050927.5,1306275210.0,0.0294,-31.51,10508525,14190701,12769241,0.115
371,SKYT,Technology,Semiconductors,NASDAQ,143.2,93,96,97,98,30.62,1543056348.7521057,49204602.0,0.0643,-23.32,690725,732415,839311,1.621
372,ADPT,Healthcare,Diagnostics & Research,NASDAQ,143.09,93,88,62,93,22.27,3668217476.850418,160044392.0,0.35830003,-3.8,2682968,3628969,2938649,0.351
373,CBRL,Consumer Cyclical,Restaurants,NASDAQ,143.0,93,87,25,15,53.71,1198261784.2422485,22351460.0,0.44529998,-25.33,885581,1148463,1324742,-0.029
374,RFL,Real Estate,Real Estate Services,NYSE,142.78,93,95,30,17,2.13,111799996.35910606,51999996.0,0.0062,-46.21,131210,291383,226374,-0.506
375,AVTX,Healthcare,Biotechnology,NASDAQ,142.66,93,93,86,92,18.44,1018195173.7547836,52565572.0,0.2345,-24.02,848607,1681035,1612925,
376,SAIH,Technology,Information Technology Services,NASDAQ,142.65,93,83,85,25,14.8,23770027.00717926,1810360.0,0.0045,12.72,2903,2731,2582,-0.705
377,CPHI,Healthcare,Drug Manufacturers - Specialty & Generic,NYSE ARCA,142.63,93,11,4,11,1.52,44574203.166119814,40522002.0,0.00090000004,-25.12,22219905,8478218,5163823,-0.134
378,SSL,Basic Materials,Specialty Chemicals,NYSE,142.62,93,86,97,87,11.83,7288598370.979059,641037682.0,0.0088,-17.68,1213540,1598593,1524084,0.002
379,CTOS,Industrials,Rental & Leasing Services,NYSE,142.4,93,95,91,72,10.86,2351655403.8434944,227432821.0,0.050300002,-11.2,770265,1023581,962187,0.093
380,LXRX,Healthcare,Biotechnology,NASDAQ,142.24,93,93,88,69,2.29,1061629418.6980557,444196390.0,0.1308,-14.55,2622142,4095864,3268156,15.721
381,ICCC,Healthcare,Biotechnology,NASDAQ,141.96,93,90,83,50,11.03,100690873.90532398,9046799.0,0.0025,-8.84,28738,31306,32209,0.284
382,KELYB,Industrials,Staffing & Employment Services,NASDAQ,141.95,93,89,79,70,21.93,826860194.7252464,34669190.0,0.0028,-82.46,743,1314,2170,-0.107
383,USEA,Industrials,Marine Shipping,NASDAQ,141.63,93,89,86,74,2.55,24036110.098074436,9538139.0,0.1216,-9.57,34398,61566,61421,0.025
384,PODC,Communication Services,Internet Content & Information,NASDAQ,141.61,93,94,92,87,3.84,122667294.82618332,30065514.0,0.0165,-26.15,77917,95982,124103,0.111
385,PDFS,Technology,Software - Application,NASDAQ,141.51,93,97,89,81,50.98,2141115175.2459717,41867720.0,0.0664,-28.89,401212,677764,843206,0.259
386,INDV,Healthcare,Drug Manufacturers - Specialty & Generic,NASDAQ,141.49,93,93,92,95,40.53,4792013984.11953,118204585.0,0.1083,-5.33,1520799,1776919,1761009,0.192
387,NEXA,Basic Materials,Other Industrial Metals & Mining,NYSE,141.32,93,93,95,97,12.87,1614426612.5165472,132438611.0,0.0033000002,-23.8,517468,689086,820773,0.417
388,DGII,Technology,Communication Equipment,NASDAQ,141.24,93,91,88,81,66.95,2409924491.045212,37702199.0,0.0771,-12.38,379524,418808,395886,0.251
389,UFCS,Financial Services,Insurance - Property & Casualty,NASDAQ,141.22,93,88,83,81,51.33,1310773524.8548203,25656166.0,0.0235,-5.68,176949,170399,155971,0.116
390,ODC,Basic Materials,Specialty Chemicals,NYSE,141.08,93,93,86,75,98.79,1408411032.0855331,14488335.0,0.0382,-7.67,124120,123510,116386,0.094
391,KRYS,Healthcare,Biotechnology,NASDAQ,141.06,93,93,83,91,335.19,10461185782.327637,29479756.0,0.19590001,-12.38,846818,543462,425051,0.319
392,MOD,Consumer Cyclical,Auto Parts,NYSE,140.97,93,94,95,89,241.79,12179600237.375702,53107179.0,0.0506,-25.2,1053860,1553180,1512550,0.475
393,BMHL,Financial Services,Capital Markets,NASDAQ,140.85,93,91,36,29,5.63,145209637.89027452,25520147.0,0.0019,-11.34,2206,4888,8993,-0.315
394,TYRA,Healthcare,Biotechnology,NASDAQ,140.8,93,92,97,97,30.63,1910783405.05122,59470381.0,0.3707,-24.65,494168,865656,865349,
395,CADL,Healthcare,Biotechnology,NASDAQ,140.76,93,94,62,42,9.56,745891055.3803024,73270239.0,0.2868,-15.85,1254270,1829863,1906140,
396,TCMD,Healthcare,Medical Devices,NASDAQ,140.7,93,89,86,96,27.48,648266907.2372818,22556260.0,0.1101,-27.24,208873,242344,252968,0.228
397,GLW,Technology,Electronic Components,NYSE,140.69,93,97,96,92,146.65,133063214648.54164,860637825.0,0.027,-46.04,10472350,14896486,14227260,0.2
398,KN,Technology,Electronic Components,NYSE,140.67,93,93,86,73,37.58,3014302012.633438,85560660.0,0.067600004,-12.46,931382,1161830,1094244,0.158
399,LPG,Energy,Oil & Gas Midstream,NYSE,140.63,93,82,88,72,45.32,1755373349.2050476,42782681.0,0.0727,-5.82,588503,746731,752994,1.052
400,LGN,Industrials,Engineering & Construction,NASDAQ,140.62,93,95,96,85,70.8,11208241815.689713,164247394.0,0.1037,-33.98,1469132,1621194,1513912,1.051
401,EC,Energy,Oil & Gas Integrated,NYSE,140.54,93,84,84,87,16.01,33078381199.845486,2055834735.0,0.0336,-9.8,2207361,2890277,3037026,-0.087
402,PGNY,Healthcare,Healthcare Plans,NASDAQ,140.51,93,82,23,65,31.19,2501152598.005142,78332370.0,0.0804,-5.67,993293,1270124,1370186,0.014
403,MYRG,Industrials,Engineering & Construction,NASDAQ,140.45,93,96,93,86,379.17,6096216456.420898,15571036.0,0.0664,-24.7,251743,300251,281348,0.2
404,ARM,Technology,Semiconductors,NASDAQ,140.43,93,97,90,16,260.01,284304543030.77765,1064053821.0,0.1185,-42.56,5709429,8528673,10132567,0.201
405,CVE,Energy,Oil & Gas Integrated,NYSE,140.35,93,81,93,82,29.28,52121692472.74399,1864819000.0,3.29,-8.7,5845949,7939339,7813073,-0.071
406,NBR,Energy,Oil & Gas Drilling,NYSE,140.31,93,92,97,92,83.37,1241228796.9792938,14795909.0,0.0732,-26.16,206006,272488,279761,0.064
407,VMD,Healthcare,Medical Devices,NASDAQ,140.26,93,88,87,65,11.77,465792129.6756706,38336802.0,0.015700001,-6.66,302525,339845,291071,0.275
408,BWLP,Energy,Oil & Gas Midstream,NYSE,140.17,93,81,90,78,21.83,3092463610.887886,151814604.0,0.0137,-4.76,325321,405780,473068,-0.027
409,RNG,Technology,Software - Application,NYSE,140.16,93,58,87,29,48.31,3465037491.688385,83858604.0,0.21530001,-3.09,2525021,1903970,1792810,0.053
410,BRKRP,Healthcare,Medical Devices,NASDAQ,140.15,93,91,39,80,449.29,,,0.13,-3.09,4428,4976,25269,0.027
411,ALNT,Technology,Electronic Components,NASDAQ,139.97,93,96,94,93,86.78,1490084175.918457,16996512.0,0.0504,-17.08,242063,290937,282804,0.046
412,LTH,Consumer Cyclical,Leisure,NYSE,139.9,93,87,31,54,42.33,9382705746.364822,222602738.0,0.0706,-2.47,2296548,2891332,2752719,0.117
413,WTI,Energy,Oil & Gas E&P,NYSE,139.88,93,88,97,82,3.66,519234167.4388547,148777698.0,0.1928,-27.95,4094482,4344477,4985380,0.155
414,AAMI,Financial Services,Asset Management,NYSE,139.77,92,89,91,90,80.88,2949723949.1393127,35628988.0,0.0558,-5.66,345013,559691,502832,0.393
415,CGON,Healthcare,Biotechnology,NASDAQ,139.77,92,93,93,91,69.32,6337347550.463707,88202473.0,0.1393,-9.97,951261,1162187,1086396,19.827
416,GRC,Industrials,Specialty Industrial Machinery,NYSE,139.65,92,94,92,83,81.73,2105952720.4016342,26410243.0,0.0257,-11.91,184056,219205,176743,0.077
417,TLIH,Industrials,Industrial Distribution,NASDAQ,139.57,92,68,6,9,5.8,16760478.939156532,2940435.0,0.0106,-91.71,9554,9604,16230,0.399
418,XENE,Healthcare,Biotechnology,NASDAQ,139.46,92,81,86,55,65.42,6598390649.499893,96665550.0,0.0648,-9.96,931133,1639327,1534186,
419,OOMA,Technology,Software - Application,NYSE,139.43,92,83,84,38,20.02,567904593.5061626,27474823.0,0.045900002,-8.83,332854,335028,349426,0.248
420,ARKO,Consumer Cyclical,Specialty Retail,NASDAQ,139.42,92,89,87,71,7.93,892998343.4395456,112185721.0,0.08270001,-9.42,555535,847558,836315,-0.031
421,ACHV,Healthcare,Biotechnology,NASDAQ,139.11,92,92,79,76,6.1,643672285.4319339,102659057.0,0.1232,-14.21,1219071,2375130,1939412,
422,FTI,Energy,Oil & Gas Equipment & Services,NYSE,139.09,92,86,94,90,76.75,28734445595.115837,398701897.0,0.0367,-1.32,2845910,4290140,4958528,0.116
423,BBCP,Industrials,Engineering & Construction,NASDAQ,139.08,92,92,80,25,10.53,530642699.1435051,50393420.0,0.0442,-13.62,153725,274785,364101,0.137
424,KRT,Consumer Cyclical,Packaging & Containers,NASDAQ,139.05,92,76,72,35,39.52,760418516.8362236,19963731.0,0.0357,2.81,126837,137962,124315,0.129
425,BRKR,Healthcare,Medical Devices,NASDAQ,139.05,92,91,26,60,60.45,8864098015.83664,152225624.0,0.1599,-6.34,1788784,2093011,2503438,0.027
426,CABR,Healthcare,Drug Manufacturers - Specialty & Generic,NASDAQ,138.96,92,76,81,42,1.45,11818957.366483212,9091506.0,0.0091,-16.18,63281,69427,82136,
427,KF,Financial Services,Asset Management,NYSE,138.91,92,96,94,94,59.44,251538477.49964905,4158348.0,0.32,-27.46,21254,21438,21050,0.08
428,MRDN,Consumer Cyclical,Gambling,NASDAQ,138.8,92,72,12,8,13.26,171060683.63181686,12652417.0,0.028099999,-36.49,65002,71434,60808,0.173
429,STM,Technology,Semiconductors,NYSE,138.76,92,97,95,70,51.54,55376364006.71255,892303622.0,0.0161,-36.7,13811470,12327153,12820692,0.23
430,RDNW,Consumer Cyclical,Auto & Truck Dealerships,NASDAQ,138.6,92,90,96,91,6.4,229207827.64797592,38587176.0,0.1097,-25.15,48868,137806,121749,0.064
431,AVT,Technology,Electronics & Computer Distribution,NASDAQ,138.59,92,92,87,78,89.42,7025362662.808815,82024081.0,0.093100004,-6.13,953623,1226847,1308094,0.339
432,SMX,Industrials,Specialty Business Services,NASDAQ,138.54,92,3,0,97,17.33,16166604.607971191,978608.0,0.0868,-99.68,58595,54478,84766,
433,RELL,Technology,Electronic Components,NASDAQ,138.43,92,93,83,70,17.96,250087924.40242004,14556922.0,0.0661,-9.57,332788,220192,288345,0.031
434,SND,Energy,Oil & Gas Equipment & Services,NASDAQ,138.43,92,90,96,97,4.66,205041697.5501132,42985681.0,0.045100003,-21.28,248790,451710,416248,0.42
435,NVRI,Industrials,Waste Management,NYSE,138.43,92,88,92,95,22.08,643856908.2117081,28103750.0,4.82,-6.28,362729,425433,1108703,0.003
436,KOP,Basic Materials,Specialty Chemicals,NYSE,138.39,92,85,86,50,50.22,945051917.901825,19231826.0,0.056399997,0.44,154895,174165,180643,-0.003
437,RAL,Technology,Electronic Components,NYSE,138.36,92,91,30,69,69.43,7854348790.204285,111933148.0,0.09819999,-7.93,1377468,1593866,1614817,0.11
438,BOTJ,Financial Services,Banks - Regional,NASDAQ,138.32,92,86,88,80,26.93,121307154.76629257,4543339.0,0.0015,-9.6,29300,26396,22120,0.182
439,MITK,Technology,Software - Application,NASDAQ,138.22,92,90,88,61,16.87,856663372.4618778,45158851.0,0.0829,-19.86,696487,973789,1065091,0.056
440,CMBT,Energy,Oil & Gas Midstream,NYSE,138.22,92,87,81,83,15.74,4340939755.309098,290169769.0,0.010199999,-11.17,724597,1060159,1418393,1.211
441,CIIT,Industrials,Integrated Freight & Logistics,NASDAQ,138.21,92,2,2,9,3.66,285380.0373145938,967390.0,0.016900001,-57.83,469557,12708285,9256989,1.213
442,ARW,Technology,Electronics & Computer Distribution,NYSE,138.19,92,93,88,68,212.27,10564784614.269684,51133946.0,0.0319,-10.56,458920,566993,633466,0.39
443,UGP,Energy,Oil & Gas Refining & Marketing,NYSE,138.14,92,69,89,87,6.43,6680132662.5,1068821226.0,0.00090000004,2.39,6008559,4007889,3935501,0.103
444,RRGB,Consumer Cyclical,Restaurants,NASDAQ,138.12,92,92,33,20,7.22,129682557.74423409,18499651.0,0.13340001,-12.59,122054,299474,427758,-0.036
445,PNTG,Healthcare,Medical Care Facilities,NASDAQ,138.08,92,75,74,62,41.16,1458499042.675541,34767557.0,0.023599999,-3.08,238522,319274,295124,0.36
446,BELFA,Technology,Electronic Components,NASDAQ,138.05,92,95,95,94,233.15,2910064717.7527313,12722707.0,0.0801,-20.56,170669,209999,177369,0.172
447,ILPT,Real Estate,REIT - Industrial,NASDAQ,138.04,92,91,93,79,9.2,590656050.1722269,66665471.0,0.0226,-1.81,484284,566721,583134,0.04
448,MPTI,Technology,Electronic Components,NYSE ARCA,137.95,92,92,68,75,83.58,328213582.66200256,4321443.0,0.0563,-20.29,296342,238450,174870,0.153
449,CHEF,Consumer Defensive,Food Distribution,NASDAQ,137.72,92,89,59,52,94.86,3959099850.2778625,40777629.0,0.1523,-7.79,632076,587352,510927,0.114
450,CYCN,Healthcare,Biotechnology,NASDAQ,137.61,92,92,89,10,3.5,15762343.414268017,4330314.0,0.0139,-58.73,21307,25822,32537,
451,IFRX,Healthcare,Biotechnology,NASDAQ,137.54,92,94,91,12,1.74,273228256.25438833,147292859.0,0.060100004,-41.0,939419,1221836,1292017,
452,CCSI,Technology,Software - Infrastructure,NASDAQ,137.17,92,85,75,26,36.37,688819222.7342606,18397950.0,0.0644,-12.15,130885,150868,161081,0.015
453,NKTR,Healthcare,Biotechnology,NASDAQ,137.16,92,76,99,93,70.72,2306234616.494751,33786032.0,0.2252,-35.12,732716,1092762,1052469,0.038
454,SB,Industrials,Marine Shipping,NYSE,137.15,92,83,89,87,7.67,694457293.0796909,101826580.0,0.052199997,3.93,1158144,1002564,872208,0.156
455,YPF,Energy,Oil & Gas Integrated,NYSE,137.12,92,78,77,69,51.4,19480862822.547623,392126866.0,2.77,-10.59,1284487,1593262,1826451,0.428
456,XHR,Real Estate,REIT - Hotel & Motel,NYSE,137.11,92,87,79,71,21.49,1937162535.0,92245835.0,0.0795,2.19,526610,859050,821136,0.022
457,MSGS,Communication Services,Entertainment,NYSE,137.09,92,88,86,82,396.4,9555084467.530884,24076107.0,0.0683,-3.72,181219,270819,254235,0.019
458,CSCO,Technology,Communication Equipment,NASDAQ,137.06,92,91,79,72,114.17,441204206022.7432,3941434665.0,0.0137,-12.43,19716875,23674801,26162289,0.12
459,MIRM,Healthcare,Biotechnology,NASDAQ,136.97,92,91,87,94,113.03,7248228678.439987,60981227.0,0.161,-13.05,581600,941710,996308,0.433
460,SNOW,Technology,Software - Application,NYSE,136.87,92,68,15,29,268.06,93200737884.52148,346600000.0,0.0682,-5.94,3843219,5785549,8037061,0.335
461,QUIK,Technology,Semiconductors,NASDAQ,136.8,92,97,96,59,12.66,230412000.0,17724000.0,0.083900005,-47.97,307570,434713,505726,0.168
462,ZURA,Healthcare,Biotechnology,NASDAQ,136.79,92,92,96,98,5.23,517737501.3806248,94997710.0,0.1303,-29.7,692040,1335166,1156228,
463,FSTR,Industrials,Railroads,NASDAQ,136.78,92,92,77,74,42.4,438532455.59173584,10458680.0,0.0418,-7.44,69848,93379,96055,0.239
464,CRDO,Technology,Semiconductors,NASDAQ,136.72,92,97,94,87,213.15,37795339000.83508,186477898.0,0.0321,-30.95,5709800,8400066,8720998,1.57
465,INM,Healthcare,Drug Manufacturers - Specialty & Generic,NASDAQ,136.68,92,82,6,6,1.71,8115942.61815834,5339436.0,0.026700001,-37.82,5393504,1823591,3119558,
466,GCTS,Technology,Semiconductors,NYSE,136.66,92,95,55,16,1.95,191022314.42509127,90963011.0,0.089899994,-50.38,1582048,2694106,6595725,2.871
467,ZONE,Industrials,Pollution & Treatment Controls,NYSE ARCA,136.62,92,90,5,2,0.72,133607190.88868523,221938856.0,0.86,-90.79,1674090,2433476,2604698,-0.025
468,GKOS,Healthcare,Medical Devices,NYSE,136.6,92,85,75,77,153.58,9211239369.675003,58733911.0,0.091800004,-4.92,483888,761116,991421,0.412
469,ABX,Financial Services,Insurance - Life,NYSE,136.48,92,80,86,78,10.38,993755689.1876688,95922367.0,0.2056,-16.56,671472,715124,625818,0.346
470,GPRE,Basic Materials,Chemicals,NASDAQ,136.39,92,88,97,91,16.95,1346680213.9627304,70030174.0,0.21530001,-13.74,1546780,1444973,1436766,-0.259
471,PAMT,Industrials,Trucking,NASDAQ,136.33,92,87,31,26,16.22,310797640.27568436,20943237.0,0.02,-1.7,24114,22041,20720,-0.087
472,BFH,Financial Services,Credit Services,NYSE,136.29,92,90,86,77,104.31,4012825526.499939,40407065.0,0.0004,-5.1,648999,742659,714077,0.061
473,TRGP,Energy,Oil & Gas Midstream,NYSE,136.27,91,84,85,75,281.33,60724907383.77945,214643903.0,0.0253,-1.48,1064754,1267854,1215526,-0.102
474,CON,Healthcare,Medical Care Facilities,NYSE,136.19,91,86,59,55,31.61,4044871943.9016724,127961780.0,0.04,-2.29,858016,1045102,937077,0.137
475,TEN,Energy,Oil & Gas Midstream,NYSE,136.14,91,87,94,84,39.4,1133400392.6802483,30127603.0,0.0113,-14.07,221461,274450,297956,0.284
476,CURR,Technology,Software - Application,NASDAQ,136.1,91,96,95,17,3.24,382881237.4872315,112281885.0,0.0184,-31.43,104770,124830,142268,-0.218
477,BNAI,Technology,Software - Infrastructure,NASDAQ,136.07,91,99,99,99,11.16,78680425.2451067,6771121.0,0.1165,-87.07,194645,295371,528463,9.431
478,AOUT,Consumer Cyclical,Leisure,NASDAQ,135.96,91,58,59,40,12.95,173723901.09397888,12507120.0,0.0184,-13.49,89160,158120,112446,-0.24
479,PGC,Financial Services,Banks - Regional,NASDAQ,135.79,91,89,90,71,46.38,816817198.7639008,17718378.0,0.041300002,-5.62,210094,227381,182046,0.255
480,CAT,Industrials,Farm & Heavy Construction Machinery,NYSE,135.77,91,95,93,89,888.73,405449924289.14575,460591983.0,0.0219,-17.21,2630828,3496659,3195699,0.222
481,SMWB,Technology,Software - Application,NYSE,135.69,91,67,5,10,6.29,609699768.7016954,87600541.0,0.0128,-41.49,1151893,1054441,1011670,0.101
482,JBHT,Industrials,Integrated Freight & Logistics,NASDAQ,135.67,91,91,89,82,288.3,27363399343.87207,93900000.0,0.0484,-3.82,1215681,1063887,1050936,0.194
483,NRXS,Healthcare,Biotechnology,NYSE ARCA,135.63,91,94,97,91,6.8,83594733.75,12384405.0,0.037100002,-27.12,68292,77897,99732,0.795
484,CYTK,Healthcare,Biotechnology,NASDAQ,135.57,91,90,74,80,80.74,10886086188.173897,135770593.0,0.2001,-8.57,1469081,2227663,2074530,11.258
485,CMTV,Financial Services,Banks - Regional,NASDAQ,135.53,91,88,94,90,40.56,220519010.6415825,5591253.0,0.0438,-5.5,26147,49905,37407,0.151
486,AGEN,Healthcare,Biotechnology,NASDAQ,135.48,91,18,57,18,5.98,208628588.84119606,41642431.0,0.1458,-31.26,20412754,7426624,4692368,0.402
487,CLBK,Financial Services,Banks - Regional,NASDAQ,135.42,91,76,80,61,10.88,2437043871.6390133,104058235.0,0.1666,-54.84,14898066,5645814,3746828,0.185
488,PSX,Energy,Oil & Gas Refining & Marketing,NYSE,135.37,91,71,81,72,206.77,82937418481.91132,400935020.0,0.0231,-0.18,2582554,2864511,2582250,0.069
489,PRLB,Industrials,Metal Fabrication,NYSE,135.32,91,91,85,71,78.24,1846893838.2522964,23794045.0,0.039300002,-5.9,156895,236155,223395,0.104
490,AVAH,Healthcare,Medical Care Facilities,NASDAQ,135.31,91,76,61,89,9.45,2110047825.6962805,217755203.0,0.0433,-8.43,2064105,2321871,2215979,0.159
491,TENX,Healthcare,Biotechnology,NASDAQ,135.17,91,84,94,95,14.53,420423780.26854515,26525159.0,0.0682,-25.1,1159091,1398750,1092162,
492,TWLO,Technology,Software - Infrastructure,NYSE,135.12,91,90,72,48,191.46,31383798585.529175,151773860.0,0.0375,-19.72,1768748,1947036,2374539,0.2
493,PLXS,Technology,Electronic Components,NASDAQ,135.09,91,94,92,88,254.45,6705961925.876587,26756421.0,0.0493,-17.13,248786,309118,301479,0.187
494,STRO,Healthcare,Biotechnology,NASDAQ,134.99,91,97,98,81,22.88,390565242.17310333,16570439.0,0.082399994,-47.82,323864,421651,385070,-0.165
495,LNTH,Healthcare,Drug Manufacturers - Specialty & Generic,NASDAQ,134.97,91,90,72,31,104.82,7004763123.954407,65106082.0,0.1295,-6.29,725599,916539,966933,0.012
496,CVS,Healthcare,Healthcare Plans,NYSE,134.89,91,88,71,64,107.74,137123909240.81845,1275927307.0,0.015700001,-1.13,8012231,8187037,8093782,0.061
497,TALK,Healthcare,Health Information Services,NASDAQ,134.88,91,87,92,86,5.21,872740475.2500973,167512566.0,0.0359,-0.76,1294408,2321139,2025115,0.182
498,STT,Financial Services,Asset Management,NYSE,134.78,91,87,84,77,185.4,50133215375.0,274702550.0,0.0001,-3.69,2835466,2739582,2389307,-0.028
499,APLM,Healthcare,Biotechnology,NASDAQ,134.74,91,92,75,97,18.21,40670884.04527283,2196052.0,0.0046,-56.77,48712,27134,20482,
500,JBIO,Healthcare,Biotechnology,NASDAQ,134.59,91,94,95,86,20.08,1269537029.6459198,60859875.0,0.16549999,-28.29,892671,1206993,1145116,
501,RHLD,Industrials,Specialty Business Services,NYSE,134.54,91,91,97,99,131.68,1100469330.6195984,8257442.0,0.1088,-44.25,125224,162284,172804,2.925
502,DAO,Consumer Defensive,Education & Training Services,NYSE,134.54,91,68,65,65,15.36,1755233904.0592299,120634631.0,0.036,0.01,43018,78042,88455,0.038
503,VTRS,Healthcare,Drug Manufacturers - Specialty & Generic,NASDAQ,134.49,91,88,87,84,17.24,20135116453.839798,1164552654.0,0.041300002,-2.43,8820956,9860818,9885277,0.081
504,DAR,Consumer Defensive,Packaged Foods,NYSE,134.46,91,79,92,85,62.5,10028316362.79609,158927363.0,0.052800003,-5.33,1759099,2338229,2218771,0.123
505,WKC,Energy,Oil & Gas Refining & Marketing,NYSE,134.46,91,81,54,50,38.14,1874473961.5,51355451.0,0.1958,0.69,1556153,1295517,1080118,0.025
506,VIK,Consumer Cyclical,Travel Services,NYSE,134.4,91,91,84,83,100.71,43295087721.42905,446157124.0,0.0425,-4.77,1672554,2431108,2989600,0.175
507,FNKO,Consumer Cyclical,Leisure,NASDAQ,134.37,91,91,67,43,5.79,324986388.4654999,55839584.0,0.1078,-4.93,597479,637039,654729,0.053
508,IX,Financial Services,Financial Conglomerates,NYSE,134.35,91,86,81,84,40.31,41941736540.214806,1092232679.0,0.0008,-0.84,191543,241161,285770,0.28
509,CURV,Consumer Cyclical,Apparel Retail,NYSE,134.32,91,77,49,8,2.48,231882480.1371975,99520381.0,0.1387,-13.74,267984,309278,510230,-0.076
510,NEWP,Basic Materials,Silver,NYSE ARCA,134.31,91,88,98,96,4.5,755084994.2802906,185069855.0,0.0428,-28.68,602002,824127,989878,
511,VIRT,Financial Services,Capital Markets,NYSE,134.29,91,90,81,60,59.74,4848130971.336754,87024431.0,0.0608,-12.17,1252525,1304815,1297507,0.303
512,HXL,Industrials,Aerospace & Defense,NYSE,134.29,91,85,85,83,110.28,7830095786.891602,75427184.0,0.0647,5.64,1140206,1094002,1009379,0.099
513,BVS,Healthcare,Medical Devices,NASDAQ,134.28,91,76,84,59,11.8,817041487.3082123,67748048.0,0.0471,-5.83,552944,674384,691784,0.066
514,PAYS,Technology,Software - Infrastructure,NASDAQ,134.25,91,85,90,60,8.69,477994369.81317997,55905773.0,0.036,-6.56,538192,570737,643936,0.508
515,VRT,Industrials,Electrical Equipment & Parts,NYSE,134.07,91,94,96,84,290.36,111222547823.19434,384108816.0,0.0378,-23.58,3847091,5818950,5929596,0.301
516,AMAL,Financial Services,Banks - Regional,NASDAQ,133.89,91,85,82,83,49.44,1423776376.8012543,29867347.0,0.0544,1.75,177258,179662,154663,0.047
517,NUE,Basic Materials,Steel,NYSE,133.83,91,92,90,81,247.56,53885786318.502045,227740950.0,0.0255,-8.62,1137239,1631839,1542511,0.213
518,FSEA,Financial Services,Banks - Regional,NASDAQ,133.63,91,83,38,66,16.9,79242370.99642944,4691674.0,0.0025,-0.59,10921,13867,18416,0.114
519,MOVE,Technology,Software - Infrastructure,NASDAQ,133.5,91,99,97,96,12.5,388005858.74578,27635745.0,0.0238,-53.22,46498,47532,57493,1.476
520,MAMA,Consumer Defensive,Packaged Foods,NASDAQ,133.49,91,91,84,93,17.74,799753440.6746178,46497291.0,0.0783,-15.52,518070,769096,655756,0.497
521,RXO,Industrials,Trucking,NYSE,133.36,91,94,80,23,25.63,4830516089.469055,164920312.0,0.2554,-14.17,1721501,1834933,2229410,-0.006
522,ANDE,Consumer Defensive,Food Distribution,NASDAQ,133.35,91,86,92,89,77.71,2698443324.692688,34054056.0,0.046,-5.36,285065,329855,314829,-0.012
523,DRH,Real Estate,REIT - Hotel & Motel,NASDAQ,133.13,91,87,80,72,12.85,2566356956.053485,204490591.0,0.0876,2.31,2525580,2480303,2245652,0.013
524,MFG,Financial Services,Banks - Regional,NYSE,133.05,91,84,79,87,10.63,120238242282.10866,12182192875.0,0.0008,-1.48,3571673,4146107,3978082,0.449
525,COCO,Consumer Defensive,Beverages - Non-Alcoholic,NASDAQ,132.95,91,93,78,85,65.97,4179503232.1693954,57112643.0,0.104899995,-23.14,1270593,1267041,1150818,0.373
526,CALY,Consumer Cyclical,Leisure,NYSE,132.94,91,93,88,93,18.16,3483701420.0814495,179757563.0,0.057800002,-10.45,1890510,2214173,2376402,0.092
527,MT,Basic Materials,Steel,NYSE,132.93,91,88,87,92,66.88,50106068530.94736,754041698.0,0.0084,-7.75,1545366,1708825,1969451,0.045
528,PKE,Industrials,Aerospace & Defense,NYSE,132.89,91,90,94,89,34.24,677277717.2886238,20877859.0,0.075100005,-14.1,339560,400530,360874,0.428
529,TWN,Financial Services,Asset Management,NYSE,132.82,91,94,96,87,85.8,494791490.1160126,5742039.0,0.0956,-18.36,44777,53095,58799,0.404
530,GPCR,Healthcare,Biotechnology,NASDAQ,132.82,91,84,83,99,49.12,3445692503.1446686,71074516.0,0.1182,-48.24,568444,777291,754350,
531,PBYI,Healthcare,Biotechnology,NASDAQ,132.79,91,89,93,93,7.98,434172346.0883789,50899456.0,0.0837,-7.85,339353,368031,301648,-0.026
532,SLNHP,Financial Services,Capital Markets,NASDAQ,132.75,90,95,70,90,10.24,,,0.76,-18.08,16770,16070,14252,0.583
533,INN,Real Estate,REIT - Hotel & Motel,NYSE,132.7,90,88,66,26,7.02,721711402.9448013,108365078.0,0.00029999999,-1.82,807882,1633177,1623492,0.003
534,MCS,Communication Services,Entertainment,NYSE,132.66,90,87,80,39,23.82,708288052.2061424,30728333.0,0.031,-4.3,178401,271487,224080,0.037
535,MSGE,Communication Services,Entertainment,NYSE,132.65,90,90,87,91,76.26,3559718858.5,47305234.0,0.0473,-7.89,377364,539901,500410,0.016
536,GNK,Industrials,Marine Shipping,NYSE,132.59,90,80,89,85,26.77,1051078506.6913166,43577051.0,0.0328,-1.76,236609,317149,341095,0.606
537,DLTH,Consumer Cyclical,Apparel Retail,NASDAQ,132.53,90,91,88,41,4.2,162268842.44516802,38002071.0,0.0242,-17.49,60893,143621,151644,-0.04
538,JRSH,Consumer Cyclical,Apparel Manufacturing,NASDAQ,132.47,90,89,67,33,4.63,57276732.30678558,12699940.0,0.0177,-15.36,87223,1473407,957434,0.466
539,HLIO,Industrials,Specialty Industrial Machinery,NYSE,132.41,90,94,89,90,79.83,2681712002.1247406,33046358.0,0.0287,-16.01,274481,359590,376164,0.168
540,CECO,Industrials,Pollution & Treatment Controls,NASDAQ,132.41,90,95,94,94,75.63,4668154285.653191,58403031.0,0.0416,-25.3,648910,773800,886576,0.165
541,OVV,Energy,Oil & Gas E&P,NYSE,132.39,90,69,88,68,63.13,16240065209.070213,281018601.0,0.0602,-0.52,3954598,3445902,3322773,0.085
542,MSLE,Healthcare,Biotechnology,NASDAQ,132.39,90,60,63,95,9.78,186439146.52676582,20831190.0,1.97,-26.99,91110,82360,62256,
543,SAFT,Financial Services,Insurance - Property & Casualty,NASDAQ,132.35,90,39,59,63,103.2,1088629787.797943,14683434.0,0.0368,26.64,260339,180136,148715,0.044
544,NMM,Industrials,Marine Shipping,NYSE,132.35,90,82,90,86,79.1,2028665136.1005478,28424619.0,0.021,-1.97,110734,108378,122000,0.174
545,STLD,Basic Materials,Steel,NASDAQ,132.25,90,91,89,81,247.11,33963551261.125534,144212781.0,0.0321,-14.42,1191091,1331857,1240514,0.191
546,GHM,Industrials,Specialty Industrial Machinery,NYSE,132.2,90,95,94,87,103.93,1258213601.8567886,11672823.0,0.056399997,-17.4,287877,284869,281551,0.13
547,PBI,Industrials,Integrated Freight & Logistics,NYSE,132.13,90,91,90,59,17.88,2507020807.750082,135441425.0,0.0005,-4.03,1447328,2554596,2612483,-0.032
548,KEYS,Technology,Scientific & Technical Instruments,NYSE,132.06,90,92,95,81,318.67,53985845708.13745,170895368.0,0.021,-15.01,1253655,1501088,1675709,0.315
549,UTZ,Consumer Defensive,Packaged Foods,NYSE,132.0,90,19,15,27,14.1,638352213.1874208,88537061.0,0.1025,-3.89,10905388,4834789,3690465,0.026
550,PACK,Consumer Cyclical,Packaging & Containers,NYSE,131.87,90,93,28,61,6.47,582560593.855083,85544875.0,0.055999998,-17.16,456588,536159,526099,0.11
551,IFS,Financial Services,Banks - Regional,NYSE,131.8,90,83,67,83,59.73,6604379013.249962,111072639.0,0.0146,-2.69,163826,246412,307669,0.248
552,GCBC,Financial Services,Banks - Regional,NASDAQ,131.76,90,83,62,47,33.0,559287156.2711716,17025485.0,0.024300002,-8.38,38239,63889,45127,0.234
553,UNF,Industrials,Specialty Business Services,NYSE,131.74,90,78,86,76,294.34,5270451423.270813,18084173.0,0.0947,-0.43,156667,208542,208151,0.039
554,EQNR,Energy,Oil & Gas Integrated,NYSE,131.64,90,61,90,68,40.35,88827790099.54002,2376981339.0,0.031400003,-7.16,4585519,4161403,3883755,-0.053
555,GBTG,Consumer Cyclical,Travel Services,NYSE,131.61,90,87,25,30,9.41,4914706287.10556,522285480.0,0.0228,-1.36,1396910,2277220,2743824,0.353
556,OUT,Real Estate,REIT - Specialty,NYSE,131.56,90,89,92,87,32.03,5847069005.909042,176063510.0,0.0672,-8.38,1220055,1823931,1816557,0.1
557,UMAC,Technology,Computer Hardware,NYSE ARCA,131.53,90,91,83,82,19.36,809151130.9755478,47793923.0,0.16510001,-43.66,3333708,4290176,6490505,2.964
558,NTCT,Technology,Software - Infrastructure,NASDAQ,131.52,90,86,82,67,40.0,2952752324.95348,71495215.0,0.068,-11.66,541555,655331,650643,-0.01
559,KALU,Basic Materials,Aluminum,NASDAQ,131.45,90,95,95,91,163.17,2578220794.732971,16340606.0,0.0674,-16.73,261447,303679,268635,0.424
560,CIB,Financial Services,Banks - Regional,NYSE,131.44,90,84,77,94,86.01,21594919428.596497,268560110.0,0.0066000004,-1.9,249673,347954,382528,0.108
561,ALM,Basic Materials,Other Industrial Metals & Mining,NASDAQ,131.38,90,95,99,98,13.34,3907125390.6167107,283741849.0,2.24,-45.35,5319562,5901944,5546624,2.212
562,SANM,Technology,Electronic Components,NASDAQ,131.37,90,96,94,84,208.43,10571617545.821152,53597735.0,0.0332,-27.8,662518,1293032,1106955,1.023
563,TRST,Financial Services,Banks - Regional,NASDAQ,131.36,90,85,82,80,57.35,959716588.1226654,17474811.0,0.0548,1.2,122591,129867,123806,0.079
564,BTE,Energy,Oil & Gas E&P,NYSE,131.36,90,85,96,91,4.32,2978640858.1552124,712593536.0,0.87,-19.4,18299876,19683172,19217163,0.016
565,NGNE,Healthcare,Biotechnology,NASDAQ,131.34,90,90,84,22,34.9,744346242.737587,19950314.0,0.2644,-20.06,213186,274862,222497,
566,USIO,Technology,Software - Infrastructure,NASDAQ,131.31,90,92,21,26,1.93,58503504.121889114,27595994.0,0.0023,-26.34,163102,172344,156532,0.157
567,MD,Healthcare,Medical Care Facilities,NYSE,131.21,90,81,87,87,26.26,2145845465.5105495,82121911.0,0.065799996,-6.01,782589,814789,800327,0.039
568,CMPR,Industrials,Specialty Business Services,NASDAQ,131.17,90,86,85,83,97.78,2492270419.524765,24232090.0,0.1438,-8.26,122543,226927,222168,0.123
569,BZH,Consumer Cyclical,Residential Construction,NYSE,131.1,90,80,38,33,33.19,899556176.5791893,27333825.0,0.0758,-2.24,339109,423163,497619,-0.275
570,CRSR,Technology,Computer Hardware,NASDAQ,130.99,90,80,43,11,9.85,1042101557.25,106882211.0,0.2241,-24.81,1367006,1786082,2848413,-0.041
571,BKD,Healthcare,Medical Care Facilities,NYSE,130.92,90,89,90,96,15.15,3584669116.911268,238818725.0,0.1557,-11.35,4797287,5120015,4662419,-0.067
572,RPRX,Healthcare,Biotechnology,NASDAQ,130.85,90,84,83,73,58.83,25789687505.99652,443274104.0,0.028499998,-1.03,2718451,3279640,3718562,0.11
573,QMCO,Technology,Computer Hardware,NASDAQ,130.69,90,94,23,10,11.1,418550939.5060539,39374500.0,0.0547,-39.94,743337,1007635,1163577,0.273
574,EZPW,Financial Services,Credit Services,NASDAQ,130.58,90,92,95,85,29.54,1974689543.409645,61535978.0,0.2561,-20.44,883476,1104428,972513,0.459
575,LINC,Consumer Defensive,Education & Training Services,NASDAQ,130.56,90,93,94,84,40.51,1362405291.8009949,31720728.0,0.101,-28.1,757294,591118,569466,0.225
576,ALRS,Financial Services,Banks - Regional,NASDAQ,130.45,90,83,76,72,32.7,807886007.2432709,25128646.0,0.0467,0.18,202016,264622,226925,0.187
577,KELYA,Industrials,Staffing & Employment Services,NASDAQ,130.37,90,73,30,28,15.16,531131980.21980286,34669190.0,0.0427,-4.59,355574,412124,459034,-0.107
578,ORMP,Healthcare,Biotechnology,NASDAQ,130.35,90,94,91,90,4.03,164932115.0166335,40926081.0,0.0254,-22.35,164997,404799,325953,
579,AYA,Basic Materials,Silver,NASDAQ,130.32,90,90,88,94,19.7,2687807793.75,143349749.0,18.22,-10.45,518648,569802,519583,2.466
580,SAH,Consumer Cyclical,Auto & Truck Dealerships,NYSE,130.31,90,69,67,29,99.82,3172103904.9132614,31604103.0,0.2259,-4.3,238188,258142,272843,0.01
581,SUNC,Energy,Oil & Gas Midstream,NYSE,130.3,90,74,79,56,76.29,3835455233.8819885,51517198.0,0.0313,2.32,375937,419449,444407,1.064
582,GRPN,Communication Services,Internet Content & Information,NASDAQ,130.29,90,85,19,20,25.81,1057094160.5020523,37983980.0,0.5356,-40.09,1599853,1643641,1740998,0.0
583,WNC,Industrials,Farm & Heavy Construction Machinery,NYSE,130.25,90,88,28,64,13.34,546658099.4125242,40673967.0,0.08930001,-6.84,1956255,1360078,1097635,-0.204
584,PRSU,Consumer Cyclical,Travel Services,NYSE,130.23,90,90,79,49,52.04,1458928423.484253,27449264.0,0.0692,-7.93,239411,317047,283062,0.374
585,NRT,Energy,Oil & Gas E&P,NYSE,130.21,90,68,89,94,8.89,71043260.8752966,9190590.0,0.0063,-15.25,52633,46807,52242,-0.037
586,SNEX,Financial Services,Capital Markets,NASDAQ,130.18,90,95,91,78,74.26,8159733955.603088,118877244.0,0.0731,-47.7,1191776,1598383,1323176,0.238
587,IESC,Industrials,Engineering & Construction,NASDAQ,130.18,90,95,93,80,626.07,12213741597.878418,19923887.0,0.072399996,-22.13,214934,301881,260596,0.168
588,CTNM,Healthcare,Biotechnology,NASDAQ,130.16,90,87,91,95,14.06,532008127.5958748,37386377.0,0.0657,-16.85,193481,420827,323532,
589,FVR,Real Estate,REIT - Diversified,NYSE,130.16,90,87,81,79,21.17,511957318.4218998,23355717.0,0.0975,-5.02,172240,202136,172622,0.107
590,TMP,Financial Services,Banks - Regional,NYSE ARCA,130.08,90,82,80,79,101.12,1352571784.8079758,14382941.0,0.0248,4.12,98801,100627,85454,0.076
591,SMFG,Financial Services,Banks - Diversified,NYSE,130.07,89,81,76,84,26.18,158515704165.10965,6353334642.0,0.0018000001,-1.84,1786826,1970525,1988979,
592,EFTY,Industrials,Consulting Services,NASDAQ,129.95,89,88,94,97,15.02,302052209.20562744,20110000.0,0.1073,-17.47,0,0,0,-0.259
593,TBI,Industrials,Staffing & Employment Services,NYSE,129.94,89,86,32,35,7.7,258130725.63105583,30404091.0,0.0436,-13.48,245979,336383,323359,0.076
594,FNRN,Financial Services,Banks - Regional,NASDAQ,129.93,89,86,85,75,18.3,300248197.2824478,16407006.0,0.0346,-2.61,138378,299179,213291,0.127
595,CSTM,Basic Materials,Aluminum,NYSE,129.92,89,94,96,93,29.05,3828550768.262005,136150450.0,0.042600002,-21.47,1653117,1831909,2009013,0.244
596,SYNA,Technology,Semiconductors,NASDAQ,129.9,89,93,73,74,113.0,4455098317.009827,39062676.0,0.1664,-24.22,679718,1194412,1097887,0.104
597,LPTH,Technology,Electronic Components,NASDAQ,129.89,89,96,98,98,10.83,656777199.6152258,62789407.0,0.13,-42.82,2878648,3268026,3755145,1.089
598,TE,Industrials,Electrical Equipment & Parts,NYSE,129.87,89,98,96,99,5.0,1630944901.8134308,279271380.0,0.2275,-59.97,42245154,36611894,41896416,2.323
599,MSM,Industrials,Industrial Distribution,NYSE,129.86,89,85,79,51,125.64,6967942413.987686,55846298.0,0.0478,-1.47,706310,844110,802140,0.078
600,LILA,Communication Services,Telecom Services,NASDAQ,129.84,89,84,73,67,7.52,1478276030.7312012,201400000.0,0.0295,-7.22,473105,961371,859228,-0.001
601,CROX,Consumer Cyclical,Footwear & Accessories,NASDAQ,129.75,89,85,67,28,134.72,6813941672.865234,49689648.0,0.1277,-4.06,791451,1025483,1145132,-0.017
602,NVT,Industrials,Electrical Equipment & Parts,NYSE,129.7,89,93,91,86,151.79,25053732127.72101,161720452.0,0.0326,-17.79,1513614,2001281,1960020,0.535
603,CEVA,Technology,Semiconductors,NASDAQ,129.7,89,95,49,20,36.35,1057820274.9380188,27859369.0,0.0657,-29.55,529811,703913,814592,0.115
604,TOI,Healthcare,Medical Care Facilities,NASDAQ,129.6,89,92,52,62,4.98,534908682.0148845,99982933.0,0.078099996,-25.34,1975340,2016343,1998928,0.412
605,DAC,Industrials,Marine Shipping,NYSE,129.56,89,77,82,73,140.22,2291283028.28759,18203567.0,0.0622,3.71,111759,95423,93539,0.002
606,OXBR,Financial Services,Insurance - Reinsurance,NASDAQ,129.53,89,19,15,9,1.57,12962198.593151808,8101374.0,0.0036000002,-45.1,42214,66868,100580,-0.1
607,VCTR,Financial Services,Asset Management,NASDAQ,129.51,89,76,71,66,97.2,6160564353.20723,62531106.0,0.0591,-4.75,535189,513213,508969,0.767
608,CAKE,Consumer Cyclical,Restaurants,NASDAQ,129.43,89,87,64,62,84.72,4261513417.719536,49685363.0,0.3332,-2.24,1514337,1473799,1323081,0.056
609,SMJF,Consumer Cyclical,Textile Manufacturing,NYSE ARCA,129.41,89,84,15,75,5.57,141295497.3578453,27705000.0,0.026099999,-20.43,1099758,710522,705111,0.086
610,HG,Financial Services,Insurance - Reinsurance,NYSE,129.35,89,79,88,82,36.16,3468004468.7526283,99255999.0,0.0229,2.06,397168,504162,493271,-0.022
611,PYXS,Healthcare,Biotechnology,NASDAQ,129.33,89,91,71,25,2.61,149518930.87374544,63355482.0,0.048899997,-52.97,953224,1281534,982028,
612,CVV,Industrials,Specialty Industrial Machinery,NASDAQ,129.29,89,93,89,83,7.05,49416423.28572178,6940509.0,0.0308,-19.52,69926,86892,116777,-0.709
613,SION,Healthcare,Biotechnology,NASDAQ,129.24,89,89,92,95,45.7,2230877798.4106064,45150330.0,0.19860001,-10.39,688470,555290,476972,
614,CHMG,Financial Services,Banks - Regional,NASDAQ,129.21,89,86,82,77,80.98,366065314.29107666,4819820.0,0.019199999,3.69,80208,58792,55207,0.191
615,ELSE,Technology,Scientific & Technical Instruments,NASDAQ,129.18,89,93,92,34,7.72,27199656.426243782,3532423.0,0.0007,-0.39,9941,7443,8374,0.152
616,ETS,Industrials,Trucking,NASDAQ,129.15,89,29,15,5,1.01,47206454.28526306,48716672.0,0.0159,-76.12,82379,145856,124561,0.153
617,SNX,Technology,Electronics & Computer Distribution,NYSE,129.1,89,94,90,67,242.92,19399592019.816406,79958752.0,0.0227,-18.06,650350,945533,868442,0.31
618,CGNX,Technology,Scientific & Technical Instruments,NASDAQ,129.09,89,91,88,50,62.05,10662494174.782814,166419451.0,0.054899998,-14.86,1694346,2232492,2198463,0.243
619,BLTE,Healthcare,Biotechnology,NASDAQ,129.06,89,89,93,97,153.36,6015970530.677994,40085091.0,0.0631,-23.32,156397,204322,219433,
620,SCHL,Communication Services,Publishing,NASDAQ,129.03,89,89,90,89,43.15,866608792.4646835,18454191.0,0.1673,-10.24,346790,363566,331214,-0.019
621,MRCY,Industrials,Aerospace & Defense,NASDAQ,129.01,89,89,62,92,103.27,5768958740.582535,60043283.0,0.0896,-19.6,722851,765170,717252,0.115
622,SM,Energy,Oil & Gas E&P,NYSE,128.95,89,50,83,20,33.19,7508929242.154503,239748701.0,0.0653,-7.5,3233747,3977385,3928217,0.73
623,BAP,Financial Services,Banks - Regional,NYSE,128.85,89,86,75,91,388.42,31030922587.049103,79448317.0,0.0252,-3.69,286991,367637,490050,0.256
624,CCXIU,Financial Services,Shell Companies,NASDAQ,128.82,89,77,43,41,14.4,,,0.57,-34.17,20595,65878,40431,
625,ALGT,Industrials,Airlines,NASDAQ,128.8,89,89,77,88,98.08,2711939791.0118103,26877500.0,0.0908,-20.67,427129,610796,620419,0.048
626,PSTL,Real Estate,REIT - Office,NYSE,128.78,89,89,87,84,24.0,724559281.3147659,30127206.0,0.0377,-4.84,200054,347828,342090,0.203
627,RHP,Real Estate,REIT - Hotel & Motel,NYSE,128.68,89,86,69,54,133.09,7994051368.683472,63109272.0,0.0614,0.51,471129,633403,625351,0.132
628,HTLD,Industrials,Trucking,NASDAQ,128.56,89,91,90,77,14.28,1192566448.0439758,77489696.0,0.0476,-14.18,684860,652610,644654,-0.197
629,VVX,Industrials,Aerospace & Defense,NYSE,128.54,89,75,65,81,83.57,2367385714.350403,31310484.0,0.0574,-8.97,802915,702105,628571,0.234
630,PURR,Financial Services,Capital Markets,NASDAQ,128.54,89,95,86,69,6.19,1312974373.659432,196553055.0,1.02,-46.73,9217218,12858789,15802409,
631,HPP,Real Estate,REIT - Office,NYSE,128.53,89,89,22,7,15.38,852684631.764183,54242024.0,0.013099999,-29.12,647044,809034,1016932,-0.08
632,MUFG,Financial Services,Banks - Diversified,NYSE,128.46,89,78,69,81,22.89,240422918088.01163,11276872492.0,0.0007,0.26,3506399,3339646,3365027,
633,PRM,Basic Materials,Specialty Chemicals,NYSE,128.37,89,94,94,92,33.73,5614833209.765427,163127063.0,0.0424,-11.63,1271301,1760317,1582198,0.736
634,CMDB,Industrials,Marine Shipping,NYSE,128.29,89,83,82,84,18.84,455972839.66391945,24240981.0,0.0228,-8.1,68925,70441,58403,-0.539
635,WBI,Energy,Oil & Gas Equipment & Services,NYSE,128.24,89,79,78,32,34.88,1631927364.8455124,47016059.0,0.1597,-4.1,618183,1797841,1318388,1.053
636,MTSI,Technology,Semiconductors,NASDAQ,128.21,89,96,93,91,266.99,20398437019.026123,76295774.0,0.040700004,-36.26,1262402,1708604,1707550,0.225
637,HST,Real Estate,REIT - Hotel & Motel,NASDAQ,128.21,89,86,81,74,24.5,16396010352.904997,684879281.0,0.0686,-3.58,8545157,9811849,9358971,0.028
638,WEST,Consumer Defensive,Packaged Foods,NASDAQ,128.09,89,96,58,26,7.6,749245131.4130659,97557962.0,0.1379,-25.42,432583,754654,724204,0.444
639,PSMT,Consumer Defensive,Discount Stores,NASDAQ,127.95,89,90,81,81,186.24,5740057464.0,30860524.0,0.094799995,-6.81,246865,332578,295023,0.125
640,INTG,Consumer Cyclical,Lodging,NASDAQ,127.9,89,94,97,94,33.97,83975576.89459229,2148812.0,0.0723,-34.67,84777,97582,78179,0.211
641,ESOA,Industrials,Engineering & Construction,NASDAQ,127.88,89,93,93,23,15.94,298554864.0,18659679.0,0.04,-20.06,100397,127435,145129,0.215
642,KGS,Energy,Oil & Gas Equipment & Services,NYSE,127.87,89,93,95,68,59.08,6578904250.044067,100918914.0,0.1113,-23.94,1541395,1923535,2045061,0.049
643,FA,Industrials,Specialty Business Services,NASDAQ,127.84,89,74,32,28,19.64,3833853065.8861904,171537047.0,0.20629999,-13.78,2083876,2362412,1719385,0.086
644,APLE,Real Estate,REIT - Hotel & Motel,NYSE,127.82,89,88,73,40,16.77,3975377645.38105,236067554.0,0.1082,-1.7,2378576,2888192,2836089,0.031
645,LOCO,Consumer Cyclical,Restaurants,NASDAQ,127.73,89,85,83,46,15.93,505253398.4671097,30455298.0,0.068,-8.45,204142,288070,313364,0.059
646,PR,Energy,Oil & Gas E&P,NYSE,127.7,89,71,89,77,21.35,16921592219.479828,837288124.0,0.034,-5.84,8918946,10972952,10320885,0.009
647,BWA,Consumer Cyclical,Auto Parts,NYSE,127.67,89,90,85,81,64.39,12807376634.357494,205114941.0,0.042,-18.31,2139393,2565851,3118318,0.005
648,BWFG,Financial Services,Banks - Regional,NASDAQ,127.64,89,81,81,80,62.21,479188105.8338928,7973180.0,0.0458,1.48,90846,93188,72795,0.353
649,PLGO,Financial Services,Insurance - Diversified,NYSE,127.55,89,81,77,66,25.58,2171617595.1855755,85496757.0,0.0396,-1.69,293748,392379,439395,-0.073
650,BLBD,Industrials,Farm & Heavy Construction Machinery,NASDAQ,127.49,88,88,84,71,76.2,2479193666.3667297,31646589.0,0.1313,-6.51,420889,439523,462701,-0.017
651,SBLK,Industrials,Marine Shipping,NASDAQ,127.4,88,80,83,83,28.14,2777120014.854328,111530926.0,0.0171,-1.26,1108861,1237207,1305662,0.219
652,TRV,Financial Services,Insurance - Property & Casualty,NYSE,127.34,88,64,69,59,387.26,78461641159.32437,212644693.0,0.0419,4.54,2338820,2237786,1928844,0.003
653,RDVT,Technology,Software - Application,NASDAQ,127.28,88,78,25,51,60.86,920042725.492897,14108921.0,0.0691,-12.62,157486,175258,181991,0.174
654,WWD,Industrials,Aerospace & Defense,NASDAQ,127.2,88,88,85,85,419.0,23408914720.61194,59582861.0,0.0305,-7.08,492764,782318,754770,0.234
655,ZGN,Consumer Cyclical,Apparel Manufacturing,NYSE,127.13,88,82,82,35,14.32,3729537392.6470757,268312050.0,0.0585,-7.25,1165176,1350592,1275933,0.003
656,SNDA,Healthcare,Medical Care Facilities,NYSE,127.1,88,82,86,81,41.69,1933621143.1044655,47346257.0,0.084300004,-2.57,392696,738392,700801,0.385
657,AMTB,Financial Services,Banks - Regional,NYSE,127.1,88,76,74,72,28.5,1025804406.9576263,39182750.0,0.0437,6.9,436058,389306,316319,0.033
658,ONDS,Technology,Communication Equipment,NASDAQ,127.08,88,91,99,99,7.8,3718196971.5440445,569838608.0,0.3754,-48.95,150504314,94625964,93762772,10.799
659,TGHL,Technology,Software - Infrastructure,NASDAQ,127.07,88,27,8,4,0.67,26311802.4748888,25299811.0,0.0332,-84.24,27739712,10094004,8965332,-0.652
660,GRDN,Healthcare,Medical Care Facilities,NYSE,127.03,88,84,87,75,40.45,2565752118.665886,63320634.0,0.0833,-8.07,294016,427572,417123,0.022
661,CCCC,Healthcare,Biotechnology,NASDAQ,127.02,88,95,82,21,3.4,407993055.5067072,110567222.0,0.22760001,-34.24,2923329,3669393,3398397,-0.15
662,SENEA,Consumer Defensive,Packaged Foods,NASDAQ,127.0,88,86,81,78,166.22,1152707048.961731,6777042.0,0.0357,-11.4,119019,152356,148391,0.139
663,CVU,Industrials,Aerospace & Defense,NYSE ARCA,126.96,88,85,59,73,4.71,58518831.40241003,13209669.0,0.0047,-16.49,79029,71699,101373,0.127
664,CJMB,Industrials,Integrated Freight & Logistics,NASDAQ,126.9,88,3,4,4,2.55,6888264.121536732,5646118.0,0.0405,-56.63,11893602,4191714,2690810,-0.237
665,FNWD,Financial Services,Banks - Regional,NASDAQ,126.89,88,48,52,72,44.61,157134651.55420685,4329971.0,0.0232,11.55,35701,34433,24360,0.155
666,NTRA,Healthcare,Diagnostics & Research,NASDAQ,126.81,88,84,62,85,261.99,38867224618.86157,143215382.0,0.0419,-9.04,924634,1459831,1465520,0.388
667,ENTX,Healthcare,Biotechnology,NASDAQ,126.8,88,50,11,10,2.05,97594664.2601366,49290234.0,0.0078,-36.34,230219,2021826,1241025,
668,LIVN,Healthcare,Medical Devices,NASDAQ,126.78,88,86,75,86,78.19,4433136348.956146,54933538.0,0.082399994,-8.3,567885,703451,700373,0.143
669,ROG,Technology,Electronic Components,NYSE,126.78,88,94,92,76,130.69,2360290366.444931,17848535.0,0.040599998,-22.67,232084,310474,299178,0.052
670,APA,Energy,Oil & Gas E&P,NASDAQ,126.77,88,77,94,83,36.15,12449221826.42221,353470227.0,0.1173,-20.83,5016257,5628769,5491199,-0.119
671,FISI,Financial Services,Banks - Regional,NASDAQ,126.67,88,83,79,77,40.62,774068062.3921967,19686370.0,0.025899999,0.54,142018,201159,164755,0.113
672,DHT,Energy,Oil & Gas Midstream,NYSE,126.64,88,84,89,74,18.45,2803734875.5969963,161041637.0,0.0582,-10.22,2427646,3589368,3272801,0.781
673,ACA,Industrials,Engineering & Construction,NYSE,126.62,88,87,77,78,145.0,7120978103.338242,49106809.0,0.024400001,-1.31,888707,1013022,709979,0.044
674,FBIO,Healthcare,Biotechnology,NASDAQ,126.42,88,58,34,89,3.34,111616078.43518066,33219072.0,0.2069,-26.27,642694,582951,545512,0.221
675,ASTH,Healthcare,Medical Care Facilities,NASDAQ,126.4,88,92,84,18,40.31,2228278736.8275375,49583418.0,0.1028,-21.88,570113,718411,612018,0.556
676,MAC,Real Estate,REIT - Retail,NYSE,126.35,88,87,81,66,25.83,7712739022.701979,297559375.0,0.1261,-1.52,2136776,3755255,3512279,-0.067
677,TFII,Industrials,Trucking,NYSE,126.34,88,88,90,69,150.43,12807049361.217117,82186031.0,2.22,-10.29,261221,360143,371546,-0.008
678,HSBC,Financial Services,Banks - Diversified,NYSE,126.34,88,82,82,87,103.4,345056273752.8973,3429641901.0,3.19,2.27,1392197,1338585,1528317,0.033
679,SOBO,Energy,Oil & Gas Midstream,NYSE,126.31,88,76,78,64,38.5,7890756821.339859,208584627.0,7.6,0.13,564263,920147,869432,-0.014
680,VAC,Consumer Cyclical,Resorts & Casinos,NYSE,126.14,88,88,72,20,94.39,3433619654.0073853,34343064.0,0.12020001,-10.93,374082,428680,479238,0.0
681,CPAC,Basic Materials,Building Materials,NYSE,126.12,88,87,85,92,11.95,1001770000.9690199,85621369.0,0.0008,-5.91,41639,95149,63949,0.113
682,PK,Real Estate,REIT - Hotel & Motel,NYSE,126.09,88,86,63,51,14.74,2996264127.8440332,201361835.0,0.2693,-1.4,3806111,5045363,5110524,-0.011
683,HFBL,Financial Services,Banks - Regional,NASDAQ,126.08,88,81,79,80,21.95,70239447.0,3053889.0,0.002,-8.54,6803,3427,2824,0.106
684,LILAK,Communication Services,Telecom Services,NASDAQ,126.07,88,82,75,67,7.43,1476261984.6343994,201400000.0,0.0322,-7.7,1254610,1999420,1711864,-0.001
685,TMCI,Healthcare,Medical Devices,NASDAQ,126.04,88,95,7,4,4.0,278953809.1735382,64872976.0,0.033800002,-48.59,385012,924560,813736,-0.102
686,RYOJ,Industrials,Consulting Services,NASDAQ,126.01,88,22,12,24,3.85,48509997.79701233,11550000.0,0.1161,-66.32,33228,437612,1453777,-0.343
687,BNY,Financial Services,Banks - Diversified,NYSE,125.96,88,83,82,78,158.91,107850742692.31018,686379045.0,0.0001,-2.97,4583354,4298218,4018546,0.131
688,VBNK,Financial Services,Banks - Regional,NASDAQ,125.92,88,86,86,80,19.85,680938979.2683163,32195697.0,1.52,-20.76,113103,132557,108020,0.295
689,ROKU,Communication Services,Entertainment,NASDAQ,125.87,88,87,78,63,141.97,21425057948.889526,148342166.0,0.0519,-4.64,2257517,6303815,4627823,0.224
690,KOS,Energy,Oil & Gas E&P,NYSE,125.86,88,75,93,24,2.63,1328743979.4170938,593189274.0,0.045900002,-21.26,18827611,17168010,14747084,0.277
691,TFSL,Financial Services,Banks - Regional,NASDAQ,125.83,88,83,70,64,18.19,5126299730.03747,280432141.0,0.1529,-1.83,720915,846011,893403,0.098
692,CSX,Industrials,Railroads,NASDAQ,125.82,88,81,82,66,53.23,94300546942.0,1858138856.0,0.021,3.78,14824484,13107168,12886714,0.017
693,FOSL,Consumer Cyclical,Footwear & Accessories,NASDAQ,125.78,88,89,97,96,4.05,244680607.82908535,59101598.0,0.0756,-29.57,616963,931694,914100,-0.037
694,TEO,Communication Services,Telecom Services,NYSE,125.72,88,79,43,81,13.67,5651277288.945993,430737602.0,0.0033000002,-16.34,216459,510893,560551,0.305
695,OPLN,Consumer Cyclical,Auto & Truck Dealerships,NYSE,125.71,88,88,79,81,39.32,4180633245.763443,105946106.0,0.0332,-8.34,803753,1060977,1010328,0.147
696,PRG,Industrials,Rental & Leasing Services,NYSE,125.69,88,87,35,53,43.71,1859843407.5177612,40065564.0,0.1238,-8.42,360779,575693,509849,0.111
697,MRNA,Healthcare,Biotechnology,NASDAQ,125.68,88,92,85,88,54.07,24529326410.290443,396786259.0,0.16399999,-36.83,5002981,8492213,7299244,2.602
698,NOK,Technology,Communication Equipment,NYSE,125.65,88,96,96,74,9.1,56495245171.649666,5582534171.0,0.0107,-47.85,113885850,98695526,110174784,0.024
699,NAVN,Technology,Software - Application,NASDAQ,125.64,88,83,37,9,23.2,6602439328.672775,254331262.0,0.39209998,-17.79,3713982,5507540,4768034,0.399
700,WELL,Real Estate,REIT - Healthcare Facilities,NYSE,125.57,88,76,78,70,252.07,171713689962.5,705914450.0,0.0312,2.29,2613321,3334317,3568910,0.383
701,SNDR,Industrials,Trucking,NYSE,125.52,88,88,75,71,37.61,6687997082.023361,175124308.0,0.1027,-4.23,1079733,994364,1061636,-0.002
702,AERT,Industrials,Consulting Services,NASDAQ,125.51,88,94,28,17,6.57,37305768.5,5739349.0,0.0126,-43.36,27393,57506,43214,0.043
703,ACLS,Technology,Semiconductor Equipment & Materials,NASDAQ,125.47,88,95,94,80,134.1,4192718172.464554,30733897.0,0.0892,-30.8,393568,599549,574365,0.033
704,NRC,Healthcare,Health Information Services,NASDAQ,125.45,88,74,76,89,21.04,490849254.35472107,22536696.0,0.16600001,-8.52,66240,104540,122970,0.037
705,ACNB,Financial Services,Banks - Regional,NASDAQ,125.45,88,80,71,72,62.1,617318067.5911713,10212044.0,0.024,0.05,76992,78947,67906,0.427
706,BBAR,Financial Services,Banks - Regional,NYSE,125.44,88,82,24,71,18.86,3986700340.8521385,204236693.0,0.0557,-16.07,486013,674331,696422,0.008
707,PFIS,Financial Services,Banks - Regional,NASDAQ,125.36,88,80,79,64,69.44,688047884.7358627,10010881.0,0.0231,-1.56,54550,75646,67016,0.061
708,NVCR,Healthcare,Medical Devices,NASDAQ,125.29,88,65,31,22,17.65,1843869373.6364365,115820940.0,0.139,-6.71,2097974,1936111,1741906,0.123
709,AMG,Financial Services,Asset Management,NYSE,125.27,87,84,78,89,358.29,9767981040.895538,26412085.0,0.052600004,-6.39,277740,299213,319022,0.097
710,BPOP,Financial Services,Banks - Regional,NASDAQ,125.25,87,83,82,78,171.73,11084351520.75,64537709.0,0.0365,-1.69,507753,581714,538160,0.096
711,SHBI,Financial Services,Banks - Regional,NASDAQ,125.24,87,82,77,78,23.61,775508490.7899399,33455931.0,0.023599999,-0.3,196783,234511,217478,0.148
712,MUSA,Consumer Cyclical,Specialty Retail,NYSE,125.21,87,72,76,49,613.15,11425411755.733337,18470685.0,0.044499997,-3.6,233652,308527,306742,0.071
713,LLY,Healthcare,Drug Manufacturers - General,NYSE,125.09,87,80,40,79,1196.03,1051461196166.0417,891741406.0,0.0105,-4.28,2260936,2841038,2999989,0.555
714,PLRZ,Healthcare,Biotechnology,NASDAQ,125.08,87,89,83,61,14.68,27966998.33899498,2083979.0,0.0197,-19.34,50671,45763,40812,
715,VIST,Energy,Oil & Gas E&P,NYSE,125.05,87,75,86,79,69.5,7134542329.97525,111442404.0,0.0215,-14.66,1059126,945505,935247,1.023
716,ESE,Technology,Scientific & Technical Instruments,NYSE,125.04,87,90,91,79,327.78,8251952140.815308,25907172.0,0.0418,-9.49,179250,272866,264802,0.335
717,AIR,Industrials,Aerospace & Defense,NYSE,125.0,87,90,84,88,129.05,5381695885.498901,39764268.0,0.0401,-12.06,587348,537152,471275,0.246
718,YOU,Technology,Software - Application,NYSE,125.0,87,85,94,72,52.24,5645821084.646759,100764255.0,0.1713,-16.72,996498,1381646,1359881,0.197
719,ADM,Consumer Defensive,Farm Products,NYSE,124.95,87,76,79,77,85.92,41400066404.7073,481956527.0,0.0479,-0.09,2873539,3379199,3466599,0.016
720,ECG,Industrials,Engineering & Construction,NYSE,124.93,87,94,95,81,129.99,6800272949.306732,51041606.0,0.049200002,-24.24,525978,624689,600097,0.254
721,HWM,Industrials,Aerospace & Defense,NYSE,124.88,87,82,81,76,289.26,109001278663.21527,400107483.0,0.0197,-0.47,1781856,2954558,2752299,0.191
722,WASH,Financial Services,Banks - Regional,NASDAQ,124.87,87,74,70,78,38.39,698181995.2957497,19065593.0,0.0637,2.37,186197,200762,183117,-0.07
723,SENEB,Consumer Defensive,Packaged Foods,NASDAQ,124.83,87,83,78,73,163.1,1160432872.7053528,6777042.0,0.001,-10.13,120,173,128,0.139
724,BBIO,Healthcare,Biotechnology,NASDAQ,124.67,87,66,79,91,84.02,15939187336.011032,195861242.0,0.1374,-10.06,2130983,4103991,3605170,0.668
725,AMLX,Healthcare,Drug Manufacturers - Specialty & Generic,NASDAQ,124.65,87,91,93,96,18.41,1973557126.75,111186317.0,0.1674,-3.86,1466257,1702232,1473759,
726,WERN,Industrials,Trucking,NASDAQ,124.61,87,88,69,78,42.42,2760103349.4859695,59950115.0,0.1,-8.22,1270877,1113815,1098339,0.136
727,SFL,Industrials,Marine Shipping,NYSE,124.55,87,75,85,58,11.92,1477549784.5805511,132992784.0,0.0319,-7.88,1290502,1664847,1580764,-0.067
728,NPO,Industrials,Specialty Industrial Machinery,NYSE,124.54,87,92,85,74,333.88,6817151784.783691,21126664.0,0.0292,-14.48,210727,314135,265361,0.109
729,OBE,Energy,Oil & Gas E&P,NYSE ARCA,124.47,87,68,97,83,10.59,643728066.4459839,66776768.0,10.64,-27.42,1082649,824963,771235,-0.261
730,GSL,Industrials,Marine Shipping,NYSE,124.42,87,71,85,89,43.61,1447183023.9414291,36035434.0,0.0199,2.13,290810,282193,326962,0.022
731,UVE,Financial Services,Insurance - Property & Casualty,NYSE,124.34,87,80,90,75,41.61,1086021597.1211014,27911118.0,0.040999997,-5.35,233097,224899,205379,-0.003
732,SU,Energy,Oil & Gas Integrated,NYSE,124.33,87,65,89,85,65.81,73713922509.60483,1180745189.0,1.31,-6.37,3642815,4673318,4382435,0.175
733,ESEA,Industrials,Marine Shipping,NASDAQ,124.33,87,74,90,87,76.99,488444050.3144455,7055381.0,0.0106,-2.25,48622,58904,65618,-0.009
734,CASY,Consumer Cyclical,Specialty Retail,NASDAQ,124.3,87,81,87,77,861.63,31791661534.991943,37004914.0,0.043,-7.14,318425,517218,566587,0.145
735,KRNY,Financial Services,Banks - Regional,NASDAQ,124.3,87,82,79,78,9.4,597862255.5,62932869.0,0.0348,-3.69,500602,655977,524498,0.175
736,MTZ,Industrials,Engineering & Construction,NYSE,124.29,87,93,95,86,337.84,26043725582.665405,79018556.0,0.0709,-23.47,1196636,1194138,1204605,0.345
737,PHVS,Healthcare,Biotechnology,NASDAQ,124.28,87,85,79,84,34.17,2441597530.4748,69879726.0,0.0171,-6.64,276675,465481,422345,
738,MGTX,Healthcare,Biotechnology,NASDAQ,124.23,87,89,70,38,11.77,1152062340.1795006,92609516.0,0.0721,-23.32,679237,1084925,979033,-0.848
739,DAL,Industrials,Airlines,NYSE,124.22,87,89,74,75,85.06,55352129230.95627,657623030.0,0.044499997,-11.1,6370571,8038677,7645060,0.187
740,SWBI,Industrials,Aerospace & Defense,NASDAQ,124.22,87,87,91,73,14.64,664644215.1241798,44727068.0,0.044899996,-16.63,473296,884912,751575,0.267
741,NSYS,Healthcare,Medical Devices,NASDAQ,124.21,87,94,90,35,14.25,38760186.260190964,2794534.0,0.0087,-20.88,37531,24117,28472,0.127
742,JCSE,Industrials,Specialty Industrial Machinery,NASDAQ,124.2,87,83,74,88,1.36,6984653.495375037,5251619.0,0.005,-45.6,8804,16851,21868,0.617
743,TACT,Technology,Computer Hardware,NASDAQ,123.97,87,87,28,25,5.03,53744939.36600447,10276279.0,0.0028,-16.45,20671,49883,77058,0.104
744,EIX,Utilities,Utilities - Regulated Electric,NYSE,123.95,87,78,74,70,79.75,29871552582.961876,384793941.0,0.0465,-0.16,2360201,2363007,2482626,0.077
745,PAG,Consumer Cyclical,Auto & Truck Dealerships,NYSE,123.93,87,67,47,36,217.35,13326939472.240631,65760087.0,0.1429,4.89,609959,401379,353507,-0.011
746,ULCC,Industrials,Airlines,NASDAQ,123.9,87,95,29,66,5.81,1431587561.4328837,229789335.0,0.406,-30.87,4144776,4274022,4322603,0.088
747,SLAB,Technology,Semiconductors,NASDAQ,123.86,87,84,92,65,216.88,7172557088.071014,32981823.0,0.1168,-1.82,293326,458945,440145,0.201
748,FBP,Financial Services,Banks - Regional,NYSE,123.76,87,77,71,63,28.82,4244538701.4903564,154684352.0,0.061,3.33,1627992,1644594,1549668,0.081
749,ARMK,Industrials,Specialty Business Services,NYSE,123.68,87,85,73,42,57.18,14919985662.718826,262953564.0,0.0405,-2.56,2574454,2482904,2748674,0.147
750,PTEN,Energy,Oil & Gas Drilling,NASDAQ,123.66,87,85,94,74,10.2,3803769056.8351707,379617653.0,0.095699996,-22.02,8303722,9932927,9133904,-0.127
751,UVSP,Financial Services,Banks - Regional,NASDAQ,123.65,87,83,78,65,44.1,1241365904.1471863,27845802.0,0.026400002,-2.99,240552,257040,225880,0.121
752,LFUS,Technology,Electronic Components,NASDAQ,123.65,87,93,90,85,404.86,10058661566.0,25288904.0,0.0294,-19.12,367108,346212,359731,0.185
753,VTR,Real Estate,REIT - Healthcare Facilities,NYSE,123.56,87,70,77,68,100.53,46720909638.463875,486169723.0,0.0542,3.47,2703314,3813331,3882904,0.219
754,MRK,Healthcare,Drug Manufacturers - General,NYSE,123.56,87,80,75,80,131.07,314902612912.5,2469824415.0,0.0127,-0.51,8666164,10805951,10552818,0.049
755,CZWI,Financial Services,Banks - Regional,NASDAQ,123.56,87,83,82,71,23.56,224225604.0,9644112.0,0.0152,-3.56,46763,107014,83714,0.251
756,BLLN,Healthcare,Diagnostics & Research,NASDAQ,123.56,87,79,22,18,126.08,5993671407.746338,45995484.0,0.097200006,-9.1,579633,701134,719086,0.838
757,HZO,Consumer Cyclical,Specialty Retail,NYSE,123.48,87,86,73,63,36.33,760411886.1636887,22028154.0,0.1532,-4.75,315910,290240,310100,-0.165
758,NRXP,Healthcare,Biotechnology,NASDAQ,123.45,87,83,77,19,3.75,182757792.58364677,42800420.0,0.13149999,-25.82,750767,847175,1239713,
759,KARO,Technology,Software - Application,NASDAQ,123.42,87,42,58,64,63.34,1936700934.5745087,30893300.0,0.0152,-4.31,181362,128417,115874,0.225
760,TRMD,Energy,Oil & Gas Midstream,NASDAQ,123.41,87,82,92,82,30.28,2912344585.199913,102367118.0,0.0174,-14.29,438460,817026,876490,0.222
761,PARK,Healthcare,Medical Care Facilities,NASDAQ,123.4,87,87,87,90,18.77,87862946.7063446,4515054.0,0.0016,-17.22,21643,33001,30524,0.062
762,M,Consumer Cyclical,Department Stores,NYSE,123.39,87,90,78,83,23.38,6228738830.992813,263037954.0,0.1237,-10.42,4568480,5651063,6387864,0.021
763,CRVS,Healthcare,Biotechnology,NASDAQ,123.35,87,93,97,99,13.07,1252947285.522049,84090424.0,0.2544,-51.5,965150,1288833,1554872,
764,FFIV,Technology,Software - Infrastructure,NASDAQ,123.31,87,81,56,39,392.21,23081114292.055756,56419247.0,0.0368,-9.84,510582,584484,634446,0.11
765,PUBM,Technology,Software - Application,NASDAQ,123.29,87,79,62,16,12.52,591223505.989933,46443325.0,0.0796,-10.83,464602,535214,598284,-0.02
766,TECX,Healthcare,Biotechnology,NASDAQ,123.26,87,86,83,29,30.37,615135434.8079071,18869186.0,0.2377,-23.17,173010,184070,187188,
767,OSUR,Healthcare,Medical Instruments & Supplies,NASDAQ,123.24,86,89,52,30,3.97,266443892.2309084,68848553.0,0.0454,-13.32,390965,534285,666885,-0.067
768,BODI,Communication Services,Internet Content & Information,NASDAQ,123.24,86,83,98,97,10.9,75097091.85124588,7241764.0,0.0679,-35.39,23096,29238,40173,-0.25
769,TXN,Technology,Semiconductors,NASDAQ,123.2,86,91,86,81,279.58,258484544501.24197,910092791.0,0.0207,-16.3,8070029,9387013,8902575,0.186
770,PAGP,Energy,Oil & Gas Midstream,NASDAQ,123.15,86,69,79,67,26.45,5068324736.431091,197904124.0,0.0795,1.15,1218985,1244681,1444511,0.087
771,GEV,Industrials,Specialty Industrial Machinery,NYSE,123.13,86,91,95,88,1014.75,284262750326.03455,268719995.0,0.0435,-15.15,2952488,3108882,2913591,0.163
772,TENB,Technology,Software - Infrastructure,NASDAQ,123.09,86,68,19,14,32.25,4397646401.023174,110271973.0,0.118,-26.15,3641230,3479920,3721198,0.096
773,PLPC,Industrials,Electrical Equipment & Parts,NASDAQ,123.09,86,94,95,88,311.22,1600481733.3591309,4888012.0,0.1082,-24.89,72124,91534,94904,0.187
774,OPY,Financial Services,Capital Markets,NYSE,123.06,86,83,91,76,109.69,1168564556.2395859,10708005.0,0.0127,-10.99,101368,124956,108199,0.231
775,WLY,Communication Services,Publishing,NYSE,123.04,86,74,70,21,49.55,2587255356.313324,50760355.0,0.1369,-6.93,441949,653414,529648,0.012
776,TGB,Basic Materials,Copper,NYSE ARCA,123.03,86,87,93,98,7.0,2479088885.97586,365647317.0,1.42,-24.32,5275535,5036821,5068355,0.704
777,TD,Financial Services,Banks - Diversified,NYSE,123.02,86,86,83,83,119.78,204193501079.17023,1652051000.0,3.32,-4.08,2732666,2863925,2587229,-0.315
778,PDEX,Healthcare,Medical Instruments & Supplies,NASDAQ,123.0,86,89,76,35,54.93,183200514.83023453,3192759.0,0.207,-20.38,102815,96608,76461,0.146
779,SCSC,Technology,Electronics & Computer Distribution,NASDAQ,122.94,86,77,51,59,54.88,1113580962.517662,20324529.0,0.08140001,-0.07,183219,211116,223503,0.088
780,ESLT,Industrials,Aerospace & Defense,NASDAQ,122.92,86,73,91,92,820.21,34742157518.04169,46850729.0,0.0069999998,-19.28,78694,93964,103754,0.155
781,ROST,Consumer Cyclical,Apparel Retail,NASDAQ,122.91,86,77,86,78,238.89,74889552156.64154,320781076.0,0.039100002,-1.61,2002805,2950318,3199941,0.206
782,KZIA,Healthcare,Biotechnology,NASDAQ,122.89,86,94,96,24,12.26,152434834.4036064,11426899.0,0.056599997,-29.54,179511,180160,188006,3.124
783,WHWK,Healthcare,Biotechnology,NASDAQ,122.88,86,91,96,80,3.71,192370086.25776982,49452463.0,0.102,-32.48,378399,570676,559501,
784,SPB,Consumer Defensive,Household & Personal Products,NYSE,122.76,86,86,85,56,88.81,2039479465.3815918,22995596.0,0.19049999,-1.98,294604,367764,371352,0.049
785,CMI,Industrials,Specialty Industrial Machinery,NYSE,122.71,86,91,90,90,664.65,89483147473.06104,137989067.0,0.020499999,-9.91,817657,1041585,1019855,0.027
786,EXFY,Technology,Software - Application,NASDAQ,122.71,86,62,10,14,1.72,176481761.90867507,96438119.0,0.021,-26.81,782769,1920086,1534213,-0.058
787,HP,Energy,Oil & Gas Drilling,NYSE,122.7,86,84,92,89,35.34,3411642640.2869873,99930952.0,0.13,-15.49,914675,1216775,1176859,-0.082
788,WLYB,Communication Services,Publishing,NYSE,122.54,86,72,69,21,50.21,2516698493.844986,50760355.0,0.0027,-6.41,251,343,276,0.012
789,OBK,Financial Services,Banks - Regional,NYSE,122.52,86,83,81,75,53.62,1615356955.256771,30904093.0,0.020299999,0.79,169667,159385,146565,0.093
790,OGN,Healthcare,Drug Manufacturers - General,NYSE,122.51,86,93,87,37,13.52,3550479654.3730583,262609433.0,0.074,-0.59,2649526,2628138,2797493,-0.035
791,BMO,Financial Services,Banks - Diversified,NYSE,122.48,86,85,79,76,177.77,127454813014.43076,700416619.0,5.48,-3.5,613932,750700,754970,0.158
792,WAB,Industrials,Railroads,NYSE,122.46,86,79,80,69,302.5,44469036561.29767,169677346.0,0.023,6.17,1189091,959853,957758,0.13
793,XWEL,Healthcare,Diagnostics & Research,NASDAQ,122.42,86,56,97,3,1.05,9035365.062919378,8444266.0,0.0376,-52.27,48935,165411,148377,-0.055
794,KNX,Industrials,Trucking,NYSE,122.42,86,91,86,77,72.5,12460039969.589233,162494000.0,0.060700003,-12.5,4256041,4106417,4433650,0.014
795,PLBC,Financial Services,Banks - Regional,NASDAQ,122.4,86,77,72,72,61.33,427241389.3737793,6964000.0,0.02,-3.78,77800,73783,69328,0.431
796,PKBK,Financial Services,Banks - Regional,NASDAQ,122.37,86,84,83,83,33.23,391753130.44444275,11842597.0,0.0150999995,-3.6,61365,65641,73795,0.353
797,FNLC,Financial Services,Banks - Regional,NASDAQ,122.32,86,80,72,64,34.98,389126389.6540146,11275758.0,0.011,-2.64,35338,44949,34327,0.145
798,PAA,Energy,Oil & Gas Midstream,NASDAQ,122.3,86,67,78,66,24.6,16841041889.185753,705531684.0,0.0208,1.4,2101963,2264117,2308812,0.087
799,AAPL,Technology,Consumer Electronics,NASDAQ,122.29,86,63,67,60,333.02,4901758048008.789,14687356000.0,0.0095999995,-0.59,48873570,59327700,55924508,0.166
800,SXI,Industrials,Specialty Industrial Machinery,NYSE,122.26,86,90,84,77,303.65,3667429202.628723,12114922.0,0.093,-16.55,125596,206062,190861,0.081
801,COMP,Real Estate,Real Estate Services,NYSE,122.24,86,86,27,91,11.07,8965836540.0,747153045.0,0.0713,-20.67,11557775,14907718,13846959,0.994
802,INTT,Technology,Semiconductor Equipment & Materials,NYSE ARCA,122.23,86,94,96,70,13.78,168868984.8076601,12564657.0,0.024500001,-31.1,166870,232080,306860,0.272
803,TRN,Industrials,Railroads,NYSE,122.22,86,79,73,55,37.41,2899565791.462616,79505503.0,0.11310001,-1.24,632559,732089,766521,-0.16
804,SN,Consumer Cyclical,"Furnishings, Fixtures & Appliances",NYSE,122.21,86,84,62,77,148.6,21869143994.11563,141520379.0,0.1439,-5.27,1489200,1599670,2113974,0.156
805,FDX,Industrials,Integrated Freight & Logistics,NYSE,122.2,86,88,89,84,314.96,74679145114.29211,238606756.0,0.0238,-8.81,1491241,2064687,2038785,0.125
806,NET,Technology,Software - Infrastructure,NYSE,122.2,86,60,73,50,262.15,98552520640.0675,354939564.0,0.0328,-9.91,2825882,3111734,3538310,0.335
807,RY,Financial Services,Banks - Diversified,NYSE,122.17,86,83,78,78,209.09,299374946650.8591,1389662335.0,4.12,-4.34,1678351,1795673,1580536,0.161
808,PCLA,Communication Services,Telecom Services,NASDAQ,122.14,86,14,2,5,5.41,45665573.75,9613805.0,0.0175,-79.96,275520,475776,2063432,-0.423
809,WRLD,Financial Services,Credit Services,NASDAQ,122.1,86,84,71,26,204.67,891220424.0510864,4640323.0,3.0493,-10.11,134408,125842,134679,0.073
810,AVBP,Healthcare,Biotechnology,NASDAQ,122.06,86,91,86,59,31.73,1545821796.3590698,46574928.0,0.1743,-11.44,524332,613464,591354,
811,INCY,Healthcare,Biotechnology,NASDAQ,122.01,86,76,71,79,117.67,23424457673.75,199782155.0,0.0912,-1.61,1424598,1839736,1785963,0.209
812,PHOE,Industrials,Engineering & Construction,NASDAQ,122.0,86,87,96,99,20.0,676511993.4082031,21600000.0,0.0018000001,-84.98,90058,45152,53539,-0.073
813,VRA,Consumer Cyclical,Footwear & Accessories,NASDAQ,121.99,86,88,95,51,3.69,106643445.0,28438252.0,0.0418,-15.95,100838,556362,380903,0.078
814,VRNS,Technology,Software - Infrastructure,NASDAQ,121.94,86,73,11,15,45.74,5583465049.106606,117447727.0,0.0696,-28.42,1734350,2271276,2081822,0.269
815,HURA,Healthcare,Biotechnology,NASDAQ,121.82,86,92,95,1,2.11,143285688.0,63682528.0,0.142,-45.9,313858,583749,556701,
816,HELE,Consumer Defensive,Household & Personal Products,NASDAQ,121.8,86,88,67,13,28.47,654506922.9852161,23292061.0,0.102,-7.2,504200,605766,591716,0.082
817,SUN,Energy,Oil & Gas Refining & Marketing,NYSE,121.66,86,70,75,56,75.21,13942484448.0,188411952.0,0.0242,1.24,495722,425790,443038,1.064
818,NBIX,Healthcare,Drug Manufacturers - Specialty & Generic,NASDAQ,121.57,86,71,39,49,175.77,17181981586.006714,100549983.0,0.0717,-2.99,1089968,1159326,1172779,0.422
819,AIRS,Healthcare,Medical Care Facilities,NASDAQ,121.54,86,77,15,10,4.61,313928266.9944792,70545681.0,0.0855,-61.58,405416,487898,655571,0.0
820,BBVA,Financial Services,Banks - Diversified,NYSE,121.53,86,80,75,92,25.95,139189255679.04852,5536565595.0,0.0002,-1.7,1012813,1448921,1492884,0.119
821,GTE,Energy,Oil & Gas E&P,NYSE ARCA,121.5,86,55,95,80,7.34,233021680.49549103,35359890.0,0.07,-24.64,289093,301677,306178,0.023
822,HIW,Real Estate,REIT - Office,NYSE,121.43,86,72,34,30,33.65,3674286230.3874435,110272697.0,0.1433,-0.68,1334500,2015143,1847938,0.076
823,BEN,Financial Services,Asset Management,NYSE,121.43,86,86,81,78,32.49,16955761151.09237,519637162.0,0.0519,-6.96,4021582,4442340,4288544,0.087
824,SKM,Communication Services,Telecom Services,NYSE,121.41,86,85,91,83,35.67,11754654801.531738,383888128.0,0.0135,-24.4,2849387,2613935,2857275,-0.014
825,LXP,Real Estate,REIT - Industrial,NYSE,121.38,86,72,72,70,60.81,3449311378.170166,58952512.0,0.0001,3.07,1104944,759994,601688,-0.033
826,BBY,Consumer Cyclical,Specialty Retail,NYSE,121.35,85,68,29,26,85.43,18001621003.512268,210767126.0,0.0975,-2.2,3427648,3698142,4351539,0.019
827,AKAM,Technology,Software - Infrastructure,NASDAQ,121.35,85,73,62,73,115.37,17473877710.63495,145385451.0,0.1537,-30.27,3257631,3797950,4572514,0.058
828,STNG,Energy,Oil & Gas Midstream,NYSE,121.35,85,83,91,80,79.49,3806796589.1428986,49768554.0,0.0537,-9.04,460125,819955,811455,0.462
829,ATLO,Financial Services,Banks - Regional,NASDAQ,121.27,85,84,85,85,30.05,262350863.83327484,8857220.0,0.0247,-6.56,39988,78499,75765,0.18
830,FCAP,Financial Services,Banks - Regional,NASDAQ,121.25,85,81,79,89,60.72,205014135.59609985,3345531.0,0.0139,-14.48,14555,11431,9127,0.183
831,KMX,Consumer Cyclical,Auto & Truck Dealerships,NYSE,121.22,85,61,19,21,58.29,8135763393.526978,141911096.0,0.101,-8.55,2966205,3684405,3433041,0.055
832,ENS,Industrials,Electrical Equipment & Parts,NYSE,121.21,85,93,93,93,190.75,7165451676.555267,36456126.0,0.0574,-21.92,386725,571531,548021,0.013
833,STBA,Financial Services,Banks - Regional,NASDAQ,121.2,85,76,70,70,51.79,1797765037.3370972,35976886.0,0.0617,1.53,306059,293543,272199,0.041
834,ARQT,Healthcare,Biotechnology,NASDAQ,121.12,85,82,77,87,27.35,3563625296.6306877,125083374.0,0.1196,-13.91,1193516,1702378,1748237,0.601
835,TALO,Energy,Oil & Gas E&P,NYSE,121.11,85,69,91,84,14.93,2490533217.295429,166925818.0,0.1027,-12.43,1822841,2063770,1962488,-0.079
836,ELVR,Basic Materials,Other Industrial Metals & Mining,NASDAQ,121.09,85,95,99,94,54.45,1089098636.548874,18121442.0,1.41,-47.03,50360,159066,138666,0.076
837,GNTA,Healthcare,Biotechnology,NASDAQ,121.04,85,79,4,3,1.59,74736127.60084105,48216858.0,0.0036000002,-84.1,94270,197250,1823846,
838,IKT,Healthcare,Biotechnology,NASDAQ,121.0,85,64,62,27,2.33,331338845.4866209,157032636.0,0.2366,-1.27,1384524,1063884,917376,
839,CBNA,Financial Services,Banks - Regional,NYSE,120.97,85,70,77,81,42.23,275136988.8125076,6561817.0,0.0084,-6.69,26590,20636,14652,0.215
840,CYD,Consumer Cyclical,Auto Manufacturers,NYSE,120.97,85,86,86,97,45.07,1647054436.9484177,37518323.0,0.0197,-26.69,110619,195003,215581,0.23
841,RRBI,Financial Services,Banks - Regional,NASDAQ,120.95,85,74,88,85,99.49,643522362.1843872,6584696.0,0.0471,-1.02,97005,104701,94421,0.094
842,WSFS,Financial Services,Banks - Regional,NASDAQ,120.93,85,81,80,74,79.84,4155196442.049011,52044046.0,0.0543,-1.1,508847,544609,482365,0.161
843,PEBO,Financial Services,Banks - Regional,NASDAQ,120.92,85,76,73,65,40.31,1415235173.7308044,35928794.0,0.0508,0.3,372808,313212,260971,0.067
844,TBLA,Communication Services,Internet Content & Information,NASDAQ,120.89,85,79,57,70,4.82,1443152635.9057312,273324352.0,0.0404,-15.59,2203026,3447058,3175815,0.091
845,NXDT,Real Estate,REIT - Diversified,NYSE,120.74,85,75,83,85,5.44,290687626.44068336,51723778.0,0.018,-8.57,154275,152728,160511,-0.204
846,RBCAA,Financial Services,Banks - Regional,NASDAQ,120.74,85,76,64,60,93.63,1783447906.142273,19617730.0,0.040999997,-0.23,103860,124980,105594,-0.113
847,CNO,Financial Services,Insurance - Life,NYSE,120.72,85,79,66,61,53.23,5002546290.013851,93348503.0,0.0001,-1.59,641930,825493,794444,0.025
848,ASC,Industrials,Marine Shipping,NYSE,120.68,85,81,90,66,16.61,628360240.035038,40802614.0,0.061,-17.07,483651,646547,657612,0.188
849,ADEA,Technology,Software - Application,NASDAQ,120.65,85,92,96,80,25.95,2799255257.057802,110293749.0,0.131,-24.43,1187449,1631429,1967163,0.195
850,FCBC,Financial Services,Banks - Regional,NASDAQ,120.62,85,72,81,53,48.48,847493432.1339874,18866729.0,0.0308,5.76,92470,93460,90558,0.104
851,SVRA,Healthcare,Biotechnology,NASDAQ,120.61,85,89,80,91,5.51,1131198206.3313236,204927212.0,0.18270001,-21.34,1756752,1978614,1827034,
852,WT,Financial Services,Asset Management,NYSE,120.55,85,80,81,89,19.45,3066472286.6650734,152941267.0,0.18110001,-4.52,2153515,3069571,2949415,0.475
853,QUAD,Industrials,Specialty Business Services,NYSE,120.53,85,81,85,64,8.34,445474296.4215574,51559523.0,0.0431,-5.66,112035,180888,170735,-0.077
854,LXFR,Industrials,Specialty Industrial Machinery,NYSE,120.5,85,88,57,77,17.05,445875818.7712765,27006409.0,0.0182,-12.34,122215,148551,149377,-0.135
855,R,Industrials,Rental & Leasing Services,NYSE,120.49,85,87,87,72,267.68,10516992796.14148,38691018.0,0.038599998,-5.83,374906,399802,391215,-0.002
856,JOYY,Communication Services,Internet Content & Information,NASDAQ,120.48,85,69,60,82,73.95,3530251239.154701,50381779.0,0.0561,2.71,248922,294670,319672,0.124
857,ROLR,Consumer Cyclical,Gambling,NYSE ARCA,120.47,85,96,98,97,6.36,76344149.93843365,10968987.0,0.0463,-81.12,80389,150469,456377,-0.352
858,BYFC,Financial Services,Banks - Regional,NASDAQ,120.42,85,84,55,69,10.23,89165526.52451038,9278411.0,0.0018000001,-2.2,10618,6976,5681,0.471
859,PBFS,Financial Services,Banks - Regional,NASDAQ,120.4,85,79,65,66,17.74,430568675.0832081,25076801.0,0.0105,-8.65,11612,19564,22724,0.083
860,TDOC,Healthcare,Health Information Services,NYSE,120.38,85,70,28,13,8.77,1702238465.4982224,180513087.0,0.1526,-11.3,4264384,4376728,4265222,-0.025
861,CVEO,Consumer Cyclical,Lodging,NYSE,120.38,85,82,83,66,34.67,381592719.8312988,10943296.0,0.061100002,-5.01,167039,194669,149949,0.199
862,CBC,Financial Services,Banks - Regional,NASDAQ,120.38,85,74,61,45,32.04,7595855445.331436,239768162.0,0.0669,-0.71,502970,791736,743480,0.104
863,VOYA,Financial Services,Financial Conglomerates,NYSE,120.27,85,77,71,65,98.59,9042151899.310799,90666315.0,0.00029999999,-5.06,888406,1150392,1152279,0.031
864,FDMT,Healthcare,Biotechnology,NASDAQ,120.24,85,90,91,86,10.07,574516019.494915,52276254.0,0.2942,-28.07,700636,991888,908369,216.643
865,SRCE,Financial Services,Banks - Regional,NASDAQ,120.24,85,77,75,65,85.84,2009271101.4776688,24068891.0,0.0304,-0.92,132405,148675,136723,0.051
866,WALD,Consumer Defensive,Household & Personal Products,NASDAQ,120.22,85,39,5,24,1.69,221889581.00636292,128259872.0,0.0033000002,-47.52,337050,555123,654468,-0.017
867,PXS,Energy,Oil & Gas Midstream,NASDAQ,120.22,85,80,86,65,4.47,44438103.522377014,10239194.0,0.0074,-9.15,18450,37770,50122,0.039
868,PL,Industrials,Aerospace & Defense,NYSE,120.17,85,95,99,99,20.47,8008364514.497807,356402526.0,0.128,-60.45,8130819,12430423,13195443,0.421
869,DOC,Real Estate,REIT - Healthcare Facilities,NYSE,120.17,85,79,35,38,22.27,15518837649.815647,689419702.0,0.0512,-1.55,5624991,6605910,7870990,0.071
870,OPHC,Financial Services,Banks - Regional,NYSE ARCA,120.16,85,74,76,58,6.3,73978231.464005,12268363.0,0.0007,3.28,36685,37565,31385,0.313
871,RMR,Real Estate,Real Estate Services,NASDAQ,120.16,85,85,78,49,20.02,352807373.4070282,17093381.0,0.09060001,-6.67,177204,160451,152152,-0.009
872,LSTR,Industrials,Integrated Freight & Logistics,NASDAQ,120.15,85,88,81,65,200.28,7177852024.767456,33928210.0,0.0418,-12.33,441572,449207,491774,0.016
873,XPO,Industrials,Trucking,NYSE,120.14,85,83,93,71,213.01,25245494616.249557,117409981.0,0.053200003,-8.21,922183,1247611,1462968,0.073
874,CCO,Communication Services,Advertising Agencies,NYSE,120.13,85,82,90,90,2.41,1231740123.3523598,508983506.0,0.08939999,-0.82,2768074,7350944,7459324,0.119
875,CNXN,Technology,Electronics & Computer Distribution,NASDAQ,120.13,85,69,55,30,81.23,1992100962.3835144,25226047.0,0.0364,2.55,139775,165105,145463,0.03
876,RAMP,Technology,Software - Infrastructure,NYSE,120.11,85,81,60,22,37.67,2302585677.126789,60786315.0,0.0979,-1.46,959097,1131982,1913757,0.092
877,BSRR,Financial Services,Banks - Regional,NASDAQ,120.05,85,80,79,77,41.88,550895216.1099243,13079184.0,0.0315,-2.9,70997,70215,67129,0.112
878,FSBC,Financial Services,Banks - Regional,NASDAQ,120.05,85,86,76,78,46.81,1043370057.2856789,21376153.0,0.0382,-6.86,274441,201907,163130,0.269
879,SMBC,Financial Services,Banks - Regional,NASDAQ,120.04,85,79,78,69,77.63,853050568.9736328,11015632.0,0.0306,-1.08,94462,117774,106934,0.065
880,PRE,Consumer Defensive,Packaged Foods,NASDAQ,120.0,85,85,94,97,18.74,310937166.9543228,17000391.0,0.038399998,-20.69,398988,227092,260261,1.077
881,CNSP,Healthcare,Biotechnology,NASDAQ,119.98,85,36,3,9,5.23,7365702.904250145,1461449.0,0.025,-50.6,9803,12117,40476,
882,ALL,Financial Services,Insurance - Property & Casualty,NYSE,119.96,85,65,64,48,259.97,64329488835.82733,257420930.0,0.00090000004,0.89,1595657,1808792,1787467,0.03
883,DNLI,Healthcare,Biotechnology,NASDAQ,119.91,85,88,71,81,23.11,3696349920.033104,158709737.0,0.10609999,-15.35,1953190,1938346,1906848,
884,NSIT,Technology,Electronics & Computer Distribution,NASDAQ,119.9,84,80,15,14,117.65,3483417802.915024,30203917.0,0.085200004,-20.82,313615,415288,459775,0.012
885,CM,Financial Services,Banks - Diversified,NYSE,119.9,84,83,85,80,117.44,110667951765.80739,912800674.0,7.52,-4.13,1078392,1658944,1395656,0.153
886,ZD,Communication Services,Advertising Agencies,NASDAQ,119.81,84,80,83,60,51.6,1988374875.138092,36835400.0,0.23799999,-5.75,542037,679675,631917,-0.019
887,THC,Healthcare,Medical Care Facilities,NYSE,119.77,84,35,55,64,233.2,16788962985.443115,86137000.0,0.050300002,-5.67,1682280,1400206,1427270,0.028
888,LONA,Healthcare,Biotechnology,NASDAQ,119.76,84,90,97,73,7.39,67821169.10916233,9393514.0,0.0076,-47.99,52584,32578,34434,
889,RBKB,Financial Services,Banks - Regional,NASDAQ,119.74,84,81,87,59,12.43,188931570.32143402,11100562.0,0.0401,-30.91,226139,117792,77554,0.012
890,IMAX,Communication Services,Entertainment,NYSE,119.71,84,78,78,79,43.38,2159373721.75,55015891.0,0.15890001,-4.7,1790193,1306214,1237778,-0.061
891,JNJ,Healthcare,Drug Manufacturers - General,NYSE,119.71,84,77,76,84,263.4,609122166180.105,2407216971.0,0.0123000005,-2.24,8527433,8808134,8441254,0.066
892,ODFL,Industrials,Trucking,NASDAQ,119.68,84,82,86,69,232.99,48631302535.1174,207968283.0,0.0548,-7.55,1380280,1706950,1810868,-0.029
893,ESCA,Consumer Cyclical,Leisure,NASDAQ,119.68,84,79,85,69,18.63,265608927.96027756,13805038.0,0.0199,-12.62,27931,34770,33804,0.006
894,CCNE,Financial Services,Banks - Regional,NASDAQ,119.65,84,80,80,71,34.67,1015386289.0730858,29629013.0,0.026099999,-1.62,149074,190634,167880,0.486
895,FENC,Healthcare,Biotechnology,NASDAQ,119.64,84,86,29,49,9.99,364738815.0,34737030.0,0.0163,-11.67,160366,234442,304457,0.726
896,ACU,Consumer Defensive,Household & Personal Products,NYSE ARCA,119.62,84,64,51,60,53.94,181182567.5429268,3810359.0,0.0309,7.88,17540,18953,20286,0.138
897,CMP,Basic Materials,Other Industrial Metals & Mining,NYSE,119.54,84,85,84,91,29.44,1236092893.665985,41958348.0,0.0427,-14.67,300156,422742,559413,-0.084
898,THFF,Financial Services,Banks - Regional,NASDAQ,119.52,84,80,76,79,77.51,909135412.9088135,11891896.0,0.033800002,-1.56,102629,130929,110495,0.084
899,UNFI,Consumer Defensive,Food Distribution,NYSE,119.5,84,89,88,71,49.67,2971489681.655121,60519140.0,0.056700002,-12.89,489678,638439,654421,-0.042
900,ASRV,Financial Services,Banks - Regional,NASDAQ,119.49,84,72,82,71,4.34,66160646.81783867,16964268.0,0.0056,7.43,19183,14097,12664,0.03
901,THRM,Consumer Cyclical,Auto Parts,NASDAQ,119.48,84,66,31,32,42.69,1102171326.9053078,30666983.0,0.0615,8.13,542983,446911,388242,0.113
902,IRD,Healthcare,Biotechnology,NASDAQ,119.45,84,95,99,93,3.08,269990278.8751817,82565835.0,0.10479999,-46.99,942973,1100431,1015158,-0.506
903,FNWB,Financial Services,Banks - Regional,NASDAQ,119.42,84,78,55,63,11.95,109968497.95939445,9036031.0,0.0046,-4.55,25872,23770,26542,0.664
904,EXPD,Industrials,Integrated Freight & Logistics,NYSE,119.42,84,74,68,85,175.3,23908619511.542862,130791133.0,0.0432,-4.48,1401255,1282798,1259533,0.044
905,BOF,Consumer Defensive,Packaged Foods,NASDAQ,119.4,84,90,88,75,3.95,63255205.65278053,15316030.0,0.0039,-24.76,18263,67104,89568,-0.178
906,CTBI,Financial Services,Banks - Regional,NASDAQ,119.36,84,77,77,73,76.15,1361007620.0731277,18163721.0,0.028099999,-2.41,147632,141084,117694,0.112
907,BY,Financial Services,Banks - Regional,NYSE,119.35,84,78,72,72,38.6,1728276459.9001274,45409259.0,0.0388,-0.72,297785,359275,307295,0.138
908,ZIM,Industrials,Marine Shipping,NYSE,119.2,84,83,90,88,24.9,2928627791.850792,120519666.0,0.0272,-16.92,830682,1099024,1080254,-0.304
909,TEVA,Healthcare,Drug Manufacturers - Specialty & Generic,NYSE,119.16,84,85,89,95,30.81,37296594491.74036,1164426972.0,0.0277,-17.51,4293669,5376016,5560273,0.023
910,KVHI,Communication Services,Telecom Services,NASDAQ,119.15,84,82,91,71,9.06,177819486.88865948,19497751.0,0.056999996,-30.31,217247,335272,323871,0.272
911,AEIS,Industrials,Electrical Equipment & Parts,NASDAQ,119.15,84,94,97,93,303.99,11365026632.43866,40010657.0,0.0514,-23.51,565871,913977,970814,0.263
912,CNQ,Energy,Oil & Gas E&P,NYSE,119.15,84,56,86,73,46.44,91541810626.98364,2085710000.0,9.78,-9.54,7169417,9480862,8394075,-0.012
913,EAT,Consumer Cyclical,Restaurants,NYSE,119.14,84,70,26,72,186.98,8120803298.266296,42887790.0,0.1737,-2.72,1044649,1019719,1025333,0.032
914,GWW,Industrials,Industrial Distribution,NYSE,119.13,84,82,65,57,1382.6,65862773597.255615,47213119.0,0.0326,-2.63,261553,330387,304246,0.101
915,EXEL,Healthcare,Biotechnology,NASDAQ,119.08,84,75,65,62,55.37,14055775781.115097,251355083.0,0.15439999,-3.82,2012388,2579339,2537827,0.1
916,DBD,Technology,Software - Application,NYSE,119.05,84,80,86,83,89.33,2966614279.2335205,34628392.0,0.16870001,0.31,219542,299477,291980,0.06
917,PBA,Energy,Oil & Gas Midstream,NYSE,118.99,84,68,67,62,51.37,29821801682.31964,581435000.0,5.77,-0.37,930251,1210180,1269252,-0.077
918,DIOD,Technology,Semiconductors,NASDAQ,118.97,84,95,95,71,87.11,3998110598.446579,45944734.0,0.0761,-30.86,420571,600183,643778,0.221
919,TKNO,Healthcare,Drug Manufacturers - Specialty & Generic,NASDAQ,118.96,84,87,22,5,4.97,290588035.8504257,53614028.0,0.114700004,-25.6,119375,197721,184545,0.131
920,TRP,Energy,Oil & Gas Midstream,NYSE,118.95,84,77,75,73,70.59,72673660890.41418,1041766896.0,12.89,-1.23,2672243,2711444,2505726,0.066
921,NATL,Technology,Software - Application,NYSE,118.92,84,64,84,66,47.75,3500234466.951332,73797901.0,0.0572,-1.55,492560,667543,694486,0.065
922,AIN,Consumer Cyclical,Textile Manufacturing,NYSE,118.84,84,84,31,28,75.49,2113578967.979744,28354963.0,0.0323,-1.4,205584,241018,242536,0.078
923,PCB,Financial Services,Banks - Regional,NASDAQ,118.84,84,80,74,65,28.08,424337085.02783775,14234723.0,0.0183,-8.95,46662,44077,37034,0.176
924,JTAI,Technology,Software - Application,NASDAQ,118.83,84,1,0,0,2.04,3070917.4820272923,1421721.0,0.0736,-97.32,6488097,3092329,2798156,-0.516
925,HLX,Energy,Oil & Gas Equipment & Services,NYSE,118.81,84,67,88,71,9.91,1411923831.0156116,147382447.0,0.0623,-7.81,1196663,1563154,1529618,0.036
926,MANU,Communication Services,Entertainment,NYSE,118.81,84,82,52,58,22.67,3833215677.1758156,172434357.0,0.097799994,-6.4,206699,266346,360721,0.18
927,KFFB,Financial Services,Banks - Regional,NASDAQ,118.8,84,76,72,83,5.22,42050921.65758133,8086716.0,0.0046,-4.74,5187,4039,3045,0.353
928,BHP,Basic Materials,Other Industrial Metals & Mining,NYSE,118.8,84,85,83,81,83.72,204853426668.3764,2540345092.0,0.0070999996,-10.77,2461285,2660628,2730155,0.108
929,CFFN,Financial Services,Banks - Regional,NASDAQ,118.79,84,80,79,79,8.65,1072265197.6843834,124392716.0,0.0677,-2.15,779945,834111,772623,0.134
930,AIZ,Financial Services,Insurance - Property & Casualty,NYSE,118.77,84,73,65,70,276.94,13716767645.631134,49547637.0,0.0363,-2.53,280487,356692,394611,0.113
931,ADAG,Healthcare,Biotechnology,NASDAQ,118.73,84,92,93,88,3.2,237200606.78894377,66072594.0,0.0372,-34.02,166562,303600,243374,73.328
932,CHRD,Energy,Oil & Gas E&P,NASDAQ,118.71,84,59,87,52,138.36,7211925685.922943,56299183.0,0.0752,-8.94,795089,887683,813239,0.385
933,CDP,Real Estate,REIT - Office,NYSE,118.7,84,73,69,66,38.03,4261837049.2699394,113376883.0,0.0846,-0.08,866551,1100663,1036980,0.073
934,ZYBT,Healthcare,Drug Manufacturers - Specialty & Generic,NASDAQ,118.68,84,6,7,2,1.73,33079181.801341116,47391377.0,0.001,-86.77,23164743,7854931,4729380,-0.409
935,SMBK,Financial Services,Banks - Regional,NYSE,118.67,84,78,75,71,50.01,823291501.0401993,17098473.0,0.019199999,1.92,137444,128438,106760,0.083
936,UNP,Industrials,Railroads,NYSE,118.67,84,67,76,54,307.32,179152962022.75,593713213.0,0.053400002,1.38,3512129,2926156,3024527,0.032
937,GSBC,Financial Services,Banks - Regional,NASDAQ,118.65,84,77,74,61,79.25,851707743.0,10884444.0,0.066,-3.82,155338,113789,107591,-0.041
938,BSTZ,Financial Services,Asset Management,NYSE,118.65,84,87,79,66,28.69,1895276194.5209503,68744150.0,0.00029999999,-10.01,188797,251189,240067,
939,AHR,Real Estate,REIT - Healthcare Facilities,NYSE,118.64,84,69,79,80,57.44,11816247093.73668,206722308.0,0.1183,-0.51,2175562,3890890,3448094,0.209
940,SIRI,Communication Services,Entertainment,NASDAQ,118.62,84,78,79,32,29.8,10297203893.604126,336619936.0,0.18110001,-5.16,3012207,4167799,4990833,0.011
941,HBNB,Real Estate,Real Estate Services,NASDAQ,118.53,84,24,73,93,5.9,1345686219.5,234032386.0,0.00029999999,-43.43,3006,5558,5693,8.926
942,EE,Energy,Oil & Gas Midstream,NYSE,118.52,84,78,70,85,38.63,1240083463.8403358,31837829.0,0.1103,-10.53,274557,351882,336139,0.376
943,PLTS,Technology,Software - Application,NASDAQ,118.5,84,85,91,94,17.5,316034425.0,18059110.0,0.0011,-10.26,0,0,0,-0.777
944,RS,Basic Materials,Steel,NYSE,118.47,83,84,74,68,407.83,20211640941.569458,51048522.0,0.025899999,-2.86,359482,398717,365820,0.155
945,WTBA,Financial Services,Banks - Regional,NASDAQ,118.45,83,72,74,72,27.27,460439866.6296921,17028101.0,0.0247,-2.15,55724,78448,63306,0.166
946,HIMX,Technology,Semiconductors,NASDAQ,118.44,83,93,81,32,12.62,2232651732.469103,174425914.0,0.061100002,-49.7,1343576,2229652,3452859,-0.075
947,SKWD,Financial Services,Insurance - Property & Casualty,NASDAQ,118.43,83,66,36,31,60.46,2400554841.5317154,40543065.0,0.0523,-4.08,511444,653281,541796,0.448
948,PUMP,Energy,Oil & Gas Equipment & Services,NYSE,118.35,83,93,97,89,11.8,1594020688.0,122616976.0,0.1741,-36.22,3606199,4330299,4855821,-0.247
949,BLFS,Healthcare,Medical Instruments & Supplies,NASDAQ,118.34,83,76,28,24,29.98,1424193628.6123753,48857415.0,0.096599996,-2.91,2254857,1477682,1198939,0.247
950,RIOT,Financial Services,Capital Markets,NASDAQ,118.33,83,95,73,75,22.53,6905041546.351948,378151230.0,0.1552,-25.69,18090539,16326359,16190473,0.036
951,SIFY,Communication Services,Telecom Services,NASDAQ,118.32,83,90,95,97,14.11,1014808972.7289677,72434615.0,0.0484,-20.95,40261,59537,68216,0.152
952,NMR,Financial Services,Capital Markets,NYSE,118.29,83,70,59,84,9.81,27475924743.375114,2922970836.0,0.0005,-2.49,919499,1212583,1293343,0.275
953,SOPH,Healthcare,Health Information Services,NASDAQ,118.24,83,84,77,84,5.72,492465201.81894875,83895266.0,0.0081,-9.21,336512,363300,261604,0.22
954,MCY,Financial Services,Insurance - Property & Casualty,NYSE,118.24,83,78,83,85,107.28,5885041618.75,55388627.0,0.0395,-5.11,262961,307753,286800,0.105
955,FRAF,Financial Services,Banks - Regional,NASDAQ,118.23,83,84,83,80,62.28,281173950.7869873,4493032.0,0.0239,-4.01,44573,40874,34182,0.22
956,LCNB,Financial Services,Banks - Regional,NASDAQ,118.16,83,68,59,70,20.0,272823293.0399933,14254091.0,0.0121,-0.99,50629,43696,34333,0.092
957,DY,Industrials,Engineering & Construction,NYSE,118.16,83,91,88,90,429.81,12226105205.136108,30031455.0,0.0515,-24.12,373904,597891,584316,0.561
958,SHO,Real Estate,REIT - Hotel & Motel,NYSE,118.14,83,79,66,35,11.74,2185196511.822624,186291270.0,0.00029999999,-2.73,2255976,3069672,2737877,0.11
959,ANIK,Healthcare,Drug Manufacturers - Specialty & Generic,NASDAQ,118.12,83,79,88,21,14.95,202910766.0,13305624.0,0.041199997,-9.34,56096,70495,70397,0.132
960,SNDX,Healthcare,Biotechnology,NASDAQ,118.12,83,72,87,90,20.81,2020308547.9959145,88610027.0,0.2505,-18.68,1450831,2023137,1912348,2.236
961,GPRK,Energy,Oil & Gas E&P,NYSE,118.09,83,71,78,63,10.0,628190908.8446121,64895753.0,0.0238,-15.75,356866,468245,541393,-0.065
962,SNAL,Communication Services,Electronic Gaming & Multimedia,NASDAQ,118.06,83,18,15,11,5.14,43686860.866028786,8843494.0,0.057800002,-52.41,206373,362241,1822240,0.357
963,QUCY,Healthcare,Diagnostics & Research,NASDAQ,118.05,83,94,3,11,1.08,28003722.854250908,22767254.0,0.1526,-78.09,713795,4302315,23970525,
964,AROW,Financial Services,Banks - Regional,NASDAQ,118.04,83,82,82,81,39.45,686946052.3391533,16529019.0,0.026199998,-7.61,96081,111493,94238,0.294
965,NUTX,Healthcare,Medical Care Facilities,NASDAQ,118.03,83,83,35,92,145.87,1121520600.819748,6881339.0,0.2542,-28.5,109187,126559,127727,0.022
966,IBKR,Financial Services,Capital Markets,NASDAQ,118.01,83,88,77,80,91.74,40329735141.11536,445484764.0,0.0297,-6.23,4136434,4489814,4947190,0.168
967,CHRW,Industrials,Integrated Freight & Logistics,NASDAQ,118.0,83,81,89,92,186.51,24576529257.0,117873042.0,0.0791,-10.69,1994021,1610527,1678016,-0.008
968,EVER,Communication Services,Internet Content & Information,NASDAQ,118.0,83,56,16,45,25.04,925364947.0824661,35373278.0,0.2024,-12.84,673355,701508,700473,0.145
969,MS,Financial Services,Capital Markets,NYSE,117.97,83,85,79,80,214.48,338766000000.0,1572000000.0,0.0,-7.65,6669052,6130180,6048538,0.28
970,MNST,Consumer Defensive,Beverages - Non-Alcoholic,NASDAQ,117.96,83,84,64,83,93.49,95355790725.0,978008110.0,0.028800001,-6.83,5820126,5919885,5765735,0.269
971,HBM,Basic Materials,Copper,NYSE,117.94,83,89,93,97,22.35,9039640763.350113,443990201.0,1.65,-30.48,4617238,4932396,5506291,0.273
972,HQL,Financial Services,Asset Management,NYSE,117.94,83,82,78,75,19.25,600254840.8201504,30408047.0,0.11,-9.71,153674,148548,131582,-0.608
973,ST,Technology,Scientific & Technical Instruments,NYSE,117.88,83,89,85,76,45.71,6551713561.344154,145432046.0,0.060900003,-15.18,1418729,1654846,2089711,0.026
974,FFBC,Financial Services,Banks - Regional,NASDAQ,117.87,83,80,78,73,33.87,3748077367.3676147,104929374.0,0.0506,-6.57,1519865,1227995,1083385,0.323
975,GRDX,Healthcare,Biotechnology,NASDAQ,117.83,83,95,66,93,3.04,26824700.391219378,7022173.0,0.0064999997,-56.13,60623,73451,109184,
976,GS,Financial Services,Capital Markets,NYSE,117.82,83,83,77,84,1061.23,314247796354.82446,295007421.0,0.0221,-8.04,2122077,2144602,2200111,0.425
977,RIGL,Healthcare,Biotechnology,NASDAQ,117.79,83,84,71,86,36.74,750074340.1391602,18502080.0,0.18049999,-29.67,348618,402032,389161,0.103
978,WCC,Industrials,Industrial Distribution,NYSE,117.75,83,90,83,86,332.48,15968385177.669434,48704892.0,0.0318,-12.02,657423,674434,611910,0.138
979,LGPS,Industrials,Conglomerates,NYSE ARCA,117.72,83,23,21,9,1.17,32583000.4874146,23610870.0,0.0095,-22.0,9163221,5251340,3416064,0.174
980,ABVX,Healthcare,Biotechnology,NASDAQ,117.71,83,99,99,99,125.7,11910504886.863495,87160669.0,0.054899998,-15.54,1011102,2011407,2354078,0.352
981,HLP,Basic Materials,Steel,NASDAQ,117.69,83,7,30,24,1.12,87444334.29256082,74738750.0,0.0028,-34.88,171988,3161286,2140425,0.402
982,BNS,Financial Services,Banks - Diversified,NYSE,117.67,83,81,77,82,87.0,109647977054.1687,1226076000.0,2.92,-3.84,2444181,3043873,2774740,0.126
983,SCCO,Basic Materials,Copper,NYSE,117.63,83,84,84,94,179.29,143904977150.24405,834328506.0,0.1188,-19.12,1270645,1319895,1318649,0.362
984,BMA,Financial Services,Banks - Regional,NYSE,117.62,83,83,27,75,89.11,5763464125.174713,63939030.0,0.0232,-16.05,250173,269431,277064,-0.996
985,ON,Technology,Semiconductors,NASDAQ,117.55,83,96,93,73,86.81,34003147115.67018,389185602.0,0.105100006,-35.66,8409266,12340852,12369905,0.047
986,MCBS,Financial Services,Banks - Regional,NASDAQ,117.55,83,77,77,50,36.57,1042652358.5722275,28660042.0,0.025899999,-2.38,76889,96223,90031,0.44
987,PLOW,Consumer Cyclical,Auto Parts,NYSE,117.53,83,90,88,85,46.18,1031846042.3396301,23125192.0,0.0325,-16.04,293340,278916,240822,0.198
988,IMO,Energy,Oil & Gas Integrated,NYSE ARCA,117.53,83,66,87,79,128.48,60921594292.68516,497237969.0,0.1847,-7.86,448750,546480,560710,-0.004
989,MYFW,Financial Services,Banks - Regional,NASDAQ,117.5,83,80,77,68,31.97,322515304.04522705,9728968.0,0.016,-6.96,65457,80765,63847,0.144
990,VLY,Financial Services,Banks - Regional,NASDAQ,117.49,83,84,82,79,14.34,8284265490.407808,554131478.0,0.0987,-5.66,8175307,7269009,6723423,0.238
991,UBS,Financial Services,Banks - Diversified,NYSE,117.48,83,81,61,82,51.74,172838664797.2599,3277805164.0,0.0019,-6.18,1980616,1885408,2049161,0.138
992,GGB,Basic Materials,Steel,NYSE,117.47,83,77,82,86,4.81,9266212199.468311,1963180638.0,0.0292,-3.41,16446744,16837814,17598932,-0.038
993,NHPAP,Real Estate,REIT - Healthcare Facilities,NASDAQ,117.46,83,83,80,81,23.06,,,0.57,-1.87,3775,7395,13649,-0.002
994,THG,Financial Services,Insurance - Property & Casualty,NYSE,117.45,83,72,59,53,218.11,7460232442.530319,34986787.0,0.0356,-3.19,314554,340891,322798,0.061
995,PWR,Industrials,Engineering & Construction,NYSE,117.44,83,91,90,77,625.84,94317309847.26343,150060149.0,0.0255,-20.65,868371,1269517,1217346,0.263
996,XERS,Healthcare,Drug Manufacturers - Specialty & Generic,NASDAQ,117.42,83,74,40,81,8.32,1519250116.9288588,172642055.0,0.0765,-17.46,1551009,2179763,1885611,0.383
997,OBT,Financial Services,Banks - Regional,NASDAQ,117.42,83,81,85,79,37.69,503600892.6529541,13407904.0,0.0087,-6.01,71471,91300,73336,0.17
998,YETI,Consumer Cyclical,Leisure,NYSE,117.4,83,85,53,83,50.38,3867462331.3509865,75758323.0,0.136,-4.0,1160307,1154759,1412709,0.083
999,SRV,Financial Services,Asset Management,NYSE,117.39,83,74,78,56,49.69,222364889.91111755,4667609.0,0.54,-3.59,92312,72134,62820,
1000,CFG,Financial Services,Banks - Regional,NYSE,117.37,83,82,81,84,71.88,30597635549.41803,422677660.0,0.0002,-3.78,5038745,4985871,4666181,0.147
1001,ABBV,Healthcare,Drug Manufacturers - General,NYSE,117.36,83,69,37,63,259.36,449631114721.5728,1766792821.0,0.0138,-0.87,5099965,8006698,6956599,0.124
1002,MGA,Consumer Cyclical,Auto Parts,NYSE,117.34,82,84,86,77,65.66,18092043343.77098,272224550.0,0.025999999,-6.12,1121613,1230941,1187330,0.031
1003,CBK,Financial Services,Banks - Regional,NASDAQ,117.34,82,79,72,59,33.11,466391209.3038864,13701269.0,0.031,-3.89,75920,92580,81966,0.053
1004,EGBN,Financial Services,Banks - Regional,NASDAQ,117.33,82,80,83,88,28.44,835274903.6269531,30495616.0,0.106300004,-2.9,341418,351742,300571,0.353
1005,E,Energy,Oil & Gas Integrated,NYSE,117.32,82,68,90,78,52.4,72332197238.70132,1453329246.0,0.0011,-9.66,327062,459380,406436,-0.126
1006,RELY,Technology,Software - Infrastructure,NASDAQ,117.31,82,82,83,17,22.53,5080838659.56011,210561079.0,0.0809,-12.5,2806054,3770561,4430106,0.252
1007,QLYS,Technology,Software - Infrastructure,NASDAQ,117.28,82,43,13,46,137.48,5614647168.072937,35217007.0,0.1425,-18.1,708834,816181,769072,0.098
1008,MDGL,Healthcare,Biotechnology,NASDAQ,117.28,82,69,82,84,544.51,12760845693.01416,23055659.0,0.17989999,-11.46,262538,378126,338357,1.268
1009,NHPBP,Real Estate,REIT - Healthcare Facilities,NASDAQ,117.28,82,83,80,80,22.45,,,0.08,-2.65,1765,4435,9039,-0.002
1010,LQDT,Consumer Cyclical,Internet Retail,NASDAQ,117.26,82,83,79,70,37.56,1232282263.3936348,31181231.0,0.0429,-9.01,208288,222019,194791,0.037
1011,TS,Energy,Oil & Gas Equipment & Services,NYSE,117.25,82,84,91,74,57.67,28855504149.4506,504819878.0,0.0301,-10.73,988917,1095722,1271563,0.061
1012,ALGM,Technology,Semiconductors,NASDAQ,117.24,82,95,86,86,46.03,8659645209.434479,186309064.0,0.1575,-35.86,1810019,3339263,2922793,0.261
1013,HFRO,Financial Services,Asset Management,NYSE,117.24,82,80,63,67,7.34,408345913.39922905,55406502.0,0.0017,-4.55,135483,175174,173414,
1014,VAL,Energy,Oil & Gas Drilling,NYSE,117.23,82,79,96,73,79.53,5300531304.601898,69251780.0,0.117,-30.31,798286,941268,917611,-0.25
1015,PDLB,Financial Services,Banks - Regional,NASDAQ,117.19,82,76,72,75,20.2,489804995.25,24187901.0,0.015,-2.6,67057,78325,82299,0.151
1016,ING,Financial Services,Banks - Diversified,NYSE,117.18,82,78,71,85,32.83,92419970700.82378,2858644153.0,0.0004,-1.59,2183469,3669273,3412159,0.029
1017,RLGT,Industrials,Integrated Freight & Logistics,NYSE ARCA,117.12,82,85,84,59,8.88,431319645.6464863,46831666.0,0.016900001,-8.26,117380,149673,151582,0.001
1018,TNK,Energy,Oil & Gas Midstream,NYSE,117.12,82,77,88,84,75.81,2427495119.4875336,34643858.0,0.0397,-9.74,277693,363817,368064,0.235
1019,WSBC,Financial Services,Banks - Regional,NASDAQ,117.1,82,71,63,69,41.25,3924166774.620056,96180560.0,0.065799996,-0.05,1163308,1850462,1397985,1.077
1020,TCBK,Financial Services,Banks - Regional,NASDAQ,117.06,82,71,71,72,58.12,1945756263.3573914,32150632.0,0.043899998,-5.82,973631,459457,322114,0.107
1021,MEDP,Healthcare,Diagnostics & Research,NASDAQ,116.99,82,68,27,85,601.38,15357401008.163574,28559689.0,0.0923,-4.38,407379,358296,330307,0.265
1022,LAMR,Real Estate,REIT - Specialty,NASDAQ,116.97,82,78,66,62,159.46,16471439137.545837,101475101.0,0.088,-2.99,473399,622699,603203,0.044
1023,HAE,Healthcare,Medical Devices,NYSE,116.94,82,77,35,62,78.78,3538424264.1180267,45445983.0,0.087,-9.78,560356,776085,868965,0.048
1024,ANGO,Healthcare,Medical Instruments & Supplies,NASDAQ,116.94,82,72,60,35,13.59,558400584.8502331,41332389.0,0.0349,-10.59,712538,503752,423803,0.08
1025,FMBH,Financial Services,Banks - Regional,NASDAQ,116.91,82,73,69,71,51.0,1310295624.8962555,26615796.0,0.0211,0.97,159093,181807,151628,0.145
1026,FANG,Energy,Oil & Gas E&P,NASDAQ,116.91,82,65,83,65,204.68,55008000206.679886,281313297.0,0.0512,-4.58,1829662,2297440,2306338,0.042
1027,NREF,Real Estate,REIT - Mortgage,NYSE,116.9,82,72,61,64,16.79,318720167.514019,18848029.0,0.0563,-2.5,50386,71838,67059,-0.048
1028,BCS,Financial Services,Banks - Diversified,NYSE,116.88,82,81,61,88,27.91,93800078594.16556,3371677916.0,0.88,-1.83,5800205,5097438,5093629,0.039
1029,DXPE,Industrials,Industrial Distribution,NASDAQ,116.87,82,87,89,73,168.94,2604582243.51416,15505312.0,0.0454,-8.14,103334,159248,154970,0.095
1030,VG,Energy,Oil & Gas Midstream,NYSE,116.87,82,25,75,28,14.31,34284141287.85369,2484358030.0,1.1327,-18.79,18567851,15572317,15529958,0.589
1031,SPG,Real Estate,REIT - Retail,NYSE,116.81,82,80,73,69,229.78,74165101884.74573,324289912.0,0.0,-0.76,1388817,2278845,2054415,0.193
1032,LINK,Technology,Electronic Components,NASDAQ,116.75,82,55,15,12,4.86,73237534.05203772,15750007.0,0.0045,-51.89,20389,23739,38073,0.154
1033,FVCB,Financial Services,Banks - Regional,NASDAQ,116.71,82,78,75,77,18.0,320702827.94781494,17996792.0,0.0226,-2.23,114147,198022,210621,0.167
1034,CATY,Financial Services,Banks - Regional,NASDAQ,116.7,82,80,74,67,62.92,4203794575.8771896,67035475.0,0.0563,-1.55,604352,587890,510528,0.141
1035,UHAL,Industrials,Rental & Leasing Services,NYSE,116.68,82,79,31,33,71.43,13938737983.500992,195494213.0,0.1656,-2.08,166974,233901,251008,0.031
1036,SON,Consumer Cyclical,Packaging & Containers,NYSE,116.68,82,69,65,68,58.23,5593001706.557671,98868689.0,0.1351,-0.36,1335268,1290086,1272169,-0.019
1037,HPK,Energy,Oil & Gas E&P,NASDAQ,116.63,82,54,60,9,7.65,930627407.0389252,126358104.0,0.4318,-26.51,419956,593998,691725,-0.207
1038,ECHO,Communication Services,Telecom Services,NASDAQ,116.63,82,90,98,98,87.88,26662840896.0,289813488.0,0.2885,-40.32,5377520,10488696,9321358,-0.052
1039,RHI,Industrials,Staffing & Employment Services,NYSE,116.62,82,55,30,43,35.29,4275871942.156185,102293589.0,0.265,-18.42,2877580,2606476,2354192,-0.038
1040,SLF,Financial Services,Insurance - Diversified,NYSE,116.61,82,77,70,53,82.25,45330634268.62454,554299767.0,5.28,0.0,613083,567271,668832,0.002
1041,AMCX,Communication Services,Entertainment,NASDAQ,116.61,82,80,75,58,9.79,460801688.8257446,43927712.0,0.2116,-12.04,554424,518741,516786,-0.024
1042,OSBC,Financial Services,Banks - Regional,NASDAQ,116.6,82,74,69,66,24.03,1215861242.6881714,51432372.0,0.0397,0.17,458507,440319,392889,0.192
1043,AVBC,Financial Services,Banks - Regional,NYSE,116.58,82,71,83,76,21.54,377167474.69226646,18570531.0,0.0172,-0.44,56942,149020,112794,4.107
1044,XIFR,Utilities,Utilities - Renewable,NYSE,116.57,82,72,58,48,12.54,1133159039.0546608,94272795.0,0.052600004,-5.36,837039,894033,931313,-0.025
1045,OFG,Financial Services,Banks - Regional,NYSE,116.5,82,70,72,40,52.4,2115877624.4737625,42258391.0,0.056900002,1.91,361405,442138,369221,0.069
1046,MEOH,Basic Materials,Chemicals,NASDAQ,116.5,82,61,91,82,55.86,4240335361.2736473,77364263.0,1.16,-16.31,941573,1019111,886550,0.086
1047,UNIT,Real Estate,REIT - Specialty,NASDAQ,116.49,82,90,89,68,10.82,2680684788.817318,242815652.0,0.1547,-16.37,1817744,2584334,2293140,2.36
1048,BSET,Consumer Cyclical,"Furnishings, Fixtures & Appliances",NASDAQ,116.48,82,64,35,52,19.49,187018613.7028675,8658269.0,0.0104,-12.44,69518,100679,70913,-0.007
1049,SAN,Financial Services,Banks - Diversified,NYSE,116.48,82,81,76,92,13.54,193847447134.56906,14306084458.0,0.0074,-5.91,9588967,8904355,8940715,0.046
1050,CTO,Real Estate,REIT - Diversified,NYSE,116.47,82,77,72,54,22.0,750671391.0426483,33783592.0,0.0224,-2.91,263659,371846,396849,0.15
1051,FULT,Financial Services,Banks - Regional,NASDAQ,116.46,82,78,73,70,24.57,4738201771.928024,191133586.0,0.0644,-2.62,1932293,2221211,1957620,0.042
1052,GLAS,Healthcare,Drug Manufacturers - Specialty & Generic,NYSE,116.44,82,92,86,86,10.02,967672693.3488894,89682363.0,0.24,-28.07,335917,393325,356999,-0.096
1053,CIVB,Financial Services,Banks - Regional,NASDAQ,116.43,82,78,71,68,28.58,592533256.2369308,20783348.0,0.0242,-2.72,124442,154157,123996,0.226
1054,CUZ,Real Estate,REIT - Office,NYSE,116.42,82,71,43,32,32.15,5225801013.7402935,164540333.0,0.099700004,-0.62,1285455,1561248,1566529,0.048
1055,CPF,Financial Services,Banks - Regional,NYSE,116.42,82,76,75,71,38.65,1020297045.5927315,26101229.0,0.0304,-3.52,154842,169254,151138,0.092
1056,PHIN,Consumer Cyclical,Auto Parts,NYSE,116.4,82,88,82,88,78.39,2966827495.5244446,37020558.0,0.1216,-9.83,230094,404854,364726,0.103
1057,DKL,Energy,Oil & Gas Refining & Marketing,NYSE,116.4,82,60,71,74,57.19,2917871092.3097687,53168204.0,0.0271,0.63,62029,103813,80955,0.19
1058,WYFI,Technology,Information Technology Services,NASDAQ,116.38,82,97,19,33,23.63,971147517.6698456,38614216.0,0.35830003,-49.58,3003285,3129195,2612465,0.306
1059,MAX,Communication Services,Internet Content & Information,NYSE,116.38,82,44,41,30,13.13,763357622.4130774,54062155.0,0.0943,-10.68,1236859,956199,793679,0.173
1060,NTRS,Financial Services,Asset Management,NASDAQ,116.3,82,81,83,80,180.52,34174526252.113403,185047258.0,0.0217,-5.78,1277820,1114860,1107106,0.139
1061,ANNX,Healthcare,Biotechnology,NASDAQ,116.26,82,85,95,97,5.22,950286751.6504841,163842538.0,0.19299999,-27.3,4016232,4607824,3840076,
1062,USB,Financial Services,Banks - Regional,NYSE,116.24,81,75,73,78,63.97,98355180355.156,1557731728.0,0.0,-1.34,9155856,9485548,9037309,0.104
1063,HALO,Healthcare,Biotechnology,NASDAQ,116.23,81,65,38,70,81.93,9229277240.41748,118613000.0,0.1442,-0.4,1596917,1840095,1835703,0.422
1064,CORZ,Technology,Software - Infrastructure,NASDAQ,116.21,81,93,85,83,22.75,6656518184.249062,317885292.0,0.246,-25.31,8534351,11022350,12013052,0.449
1065,CNI,Industrials,Railroads,NYSE,116.2,81,74,74,42,129.48,78269597259.52148,606600000.0,1.54,-0.04,1716656,1595988,1561097,-0.005
1066,CAC,Financial Services,Banks - Regional,NASDAQ,116.2,81,76,80,75,54.63,916775668.9048767,16914680.0,0.0431,-2.85,94009,114926,106009,0.26
1067,CURB,Real Estate,REIT - Retail,NYSE,116.18,81,82,77,52,31.56,3608151113.1169434,114037648.0,0.1696,-0.97,1407659,1515739,1229153,0.499
1068,NOV,Energy,Oil & Gas Equipment & Services,NYSE,116.18,81,73,85,84,20.76,7005503293.886108,358888480.0,0.1609,-3.67,3183628,4100432,3863665,-0.024
1069,HBT,Financial Services,Banks - Regional,NASDAQ,116.15,81,74,69,66,33.29,1192207942.7139359,36381078.0,0.0308,-1.2,141958,209852,166539,0.175
1070,PINE,Real Estate,REIT - Retail,NYSE,116.11,81,80,80,74,20.49,359412420.75,16524709.0,0.028499998,-6.35,150830,184210,171158,0.296
1071,HAFN,Industrials,Marine Shipping,NYSE,116.08,81,78,92,70,7.65,3623414461.25,499781305.0,0.0468,-19.77,1143976,1691132,1789453,0.225
1072,NMAD,Industrials,Electrical Equipment & Parts,NASDAQ,116.06,81,98,81,85,4.84,105866559.50250626,18284380.0,0.0224,-42.24,375789,495176,375305,
1073,NTB,Financial Services,Banks - Diversified,NYSE,116.06,81,76,78,76,60.99,2430901313.661335,39610581.0,0.015700001,-2.35,128244,197294,200894,0.043
1074,CLDX,Healthcare,Biotechnology,NASDAQ,116.04,81,77,85,48,35.28,2774694625.430603,78492072.0,0.117,-12.46,920507,1221795,1031137,-0.978
1075,UNH,Healthcare,Healthcare Plans,NYSE,116.03,81,85,71,22,420.74,386951245774.63586,908144404.0,0.0226,-8.86,6426652,6234134,6614630,0.004
1076,FBIZ,Financial Services,Banks - Regional,NASDAQ,116.03,81,72,68,72,67.18,549394280.6806946,8362166.0,0.016900001,0.61,77532,63990,51812,0.083
1077,MRTN,Industrials,Trucking,NASDAQ,116.01,81,86,79,55,16.3,1440048201.626215,81589135.0,0.089700006,-11.8,625128,770442,831153,-0.088
1078,AROC,Energy,Oil & Gas Equipment & Services,NYSE,116.01,81,87,88,72,36.14,6509215568.468811,175261596.0,0.0614,-14.42,1605629,2123973,1969791,0.077
1079,AAT,Real Estate,REIT - Diversified,NYSE,116.01,81,82,72,31,24.3,1566082791.4112701,61390936.0,0.0539,-6.43,354145,419351,432449,0.018
1080,ADI,Technology,Semiconductors,NASDAQ,115.98,81,89,90,87,371.86,182832984199.33594,487087040.0,0.0276,-16.61,3577126,4807778,4954915,0.372
1081,RCKY,Consumer Cyclical,Footwear & Accessories,NASDAQ,115.97,81,83,95,83,40.37,308743390.86351395,7541363.0,0.0361,-17.1,46602,51994,54870,0.091
1082,DTIL,Healthcare,Biotechnology,NASDAQ,115.97,81,80,88,12,7.29,203063680.93716717,25802247.0,0.091400005,-24.22,380098,544026,475587,372.724
1083,RBB,Financial Services,Banks - Regional,NASDAQ,115.96,81,83,82,70,26.28,458285120.23526,16935888.0,0.0207,-6.94,223642,254497,199288,0.61
1084,TSM,Technology,Semiconductors,NYSE,115.96,81,89,90,86,403.41,2066135627234.23,5186474013.0,0.0057,-15.78,15415603,14700814,13934086,0.36
1085,LAUR,Consumer Defensive,Education & Training Services,NASDAQ,115.96,81,71,70,86,37.0,5102208740.844959,139978289.0,0.045500003,-9.2,1148883,1329211,1253342,0.154
1086,SGHC,Consumer Cyclical,Gambling,NYSE,115.77,81,72,78,36,14.36,7483970854.660904,508076788.0,0.1189,-8.71,2416583,3132617,3317980,0.184
1087,MFC,Financial Services,Insurance - Life,NYSE,115.76,81,73,69,75,43.67,72273614670.55298,1665674480.0,2.99,0.28,1525495,1614755,2114217,0.121
1088,DDI,Communication Services,Electronic Gaming & Multimedia,NASDAQ,115.76,81,77,72,28,11.42,561440471.4193726,49553440.0,0.00090000004,-7.52,69624,87594,106246,0.127
1089,WSBF,Financial Services,Banks - Regional,NASDAQ,115.72,81,76,79,83,20.06,355465194.22138596,18053082.0,0.0224,-4.61,72009,87729,73881,0.172
1090,NYAX,Technology,Software - Infrastructure,NASDAQ,115.71,81,82,86,83,69.62,2405657048.8538055,37378139.0,0.0013,-9.42,10347,12389,21187,0.317
1091,PBR,Energy,Oil & Gas Integrated,NYSE,115.7,81,65,92,79,18.77,115805259441.57477,6444366381.0,3.31,-15.6,14203495,15017761,15307437,0.004
1092,NUTR,Consumer Cyclical,Travel Services,NASDAQ,115.7,81,83,89,93,9.0,174412512.0,19379168.0,0.0682,-11.24,0,0,0,3.432
1093,TPC,Industrials,Engineering & Construction,NYSE,115.69,81,79,95,96,86.77,4150464101.2360535,52791452.0,0.0618,-13.23,1478808,903756,733927,0.115
1094,TECK,Basic Materials,Other Industrial Metals & Mining,NYSE,115.62,81,82,83,86,60.19,26968680510.940315,489894294.0,2.59,-15.52,3824660,3307683,3283842,0.722
1095,NEOG,Healthcare,Medical Devices,NASDAQ,115.61,81,86,86,92,9.4,2235502230.7128105,217673041.0,0.0644,-17.76,1466255,1806328,2222863,-0.044
1096,AIT,Industrials,Industrial Distribution,NYSE,115.54,81,83,72,48,347.06,12433559323.159882,36959541.0,0.0223,0.46,302229,319043,271093,0.073
1097,CFBK,Financial Services,Banks - Regional,NASDAQ,115.52,81,74,72,75,33.44,215217528.73926544,6498114.0,0.0098,-2.62,57932,88737,69992,0.05
1098,DGICB,Financial Services,Insurance - Property & Casualty,NASDAQ,115.46,81,86,77,62,20.86,820648692.3166981,37049603.0,0.0104,-30.44,17532,8434,5252,-0.037
1099,SKT,Real Estate,REIT - Retail,NYSE,115.46,81,77,70,54,41.93,4799512914.55069,114875851.0,0.0752,-0.29,889262,1095690,1017882,0.117
1100,CF,Basic Materials,Agricultural Inputs,NYSE,115.44,81,54,85,61,125.07,18653666167.776398,153629274.0,0.0797,-11.9,2208145,2662801,2704463,0.194
1101,NBTB,Financial Services,Banks - Regional,NASDAQ,115.42,81,70,58,55,52.38,2727936708.080658,52010232.0,0.0404,-1.78,423604,400291,366408,0.216
1102,LEA,Consumer Cyclical,Auto Parts,NYSE,115.41,81,78,76,75,143.6,7099477491.431244,50095099.0,0.0614,-4.48,448693,574361,607402,0.047
1103,LEE,Communication Services,Publishing,NASDAQ,115.41,81,86,89,29,7.47,174727299.92801666,22229936.0,0.0586,-37.12,52203,89941,83084,-0.112
1104,LB,Energy,Oil & Gas Equipment & Services,NYSE,115.4,81,37,64,30,76.33,2162272865.4548492,27839229.0,0.1267,-10.83,219789,356776,365085,0.161
1105,STK,Financial Services,Asset Management,NYSE,115.38,81,90,86,78,47.37,869290536.4992371,17661327.0,0.12,-18.97,46343,58107,69374,
1106,REX,Basic Materials,Chemicals,NYSE,115.38,81,78,92,82,44.41,1558612805.7082062,32937718.0,0.0295,-16.77,152672,203244,198952,0.036
1107,MUR,Energy,Oil & Gas E&P,NYSE,115.37,81,66,89,74,38.95,5279565146.560913,143349576.0,0.0923,-10.13,1546545,1836658,1765501,0.089
1108,PANL,Industrials,Marine Shipping,NASDAQ,115.35,81,67,85,94,7.66,459866922.41459703,65414923.0,0.036199998,-18.42,346845,498115,582353,0.389
1109,EPC,Consumer Defensive,Household & Personal Products,NYSE,115.33,81,78,56,21,27.63,1366772122.1285477,46081326.0,0.1095,-7.44,730604,1022034,982872,0.006
1110,CAH,Healthcare,Medical Distribution,NYSE,115.33,81,78,74,84,228.03,53520722985.23537,234205855.0,0.0349,-6.24,2128078,2423649,2387489,0.11
1111,OKUR,Healthcare,Biotechnology,NASDAQ,115.33,81,81,95,24,4.12,169661008.29517365,40395480.0,0.0242,-23.42,111899,366903,342747,
1112,IPAR,Consumer Defensive,Household & Personal Products,NASDAQ,115.31,81,58,32,30,122.55,3946537100.13842,32025781.0,0.0971,-8.52,264503,331551,289492,0.018
1113,DCOM,Financial Services,Banks - Regional,NYSE,115.31,81,82,78,78,39.56,1778655943.657631,44113491.0,0.103599995,-4.95,294851,343007,308906,0.181
1114,RRX,Industrials,Specialty Industrial Machinery,NYSE,115.31,81,87,88,69,212.74,13767253229.606628,66569573.0,0.0577,-14.15,767805,1061611,1011301,0.043
1115,FITB,Financial Services,Banks - Regional,NYSE,115.3,81,78,72,76,57.41,52590298208.34732,906573000.0,0.0001,-3.51,6216081,7147183,7159192,0.33
1116,ZTG,Industrials,Consulting Services,NASDAQ,115.28,81,17,33,12,3.26,34717987.33570719,11808839.0,0.015800001,-27.72,74244,113258,454616,-0.27
1117,TGT,Consumer Defensive,Discount Stores,NYSE,115.26,81,85,81,53,136.78,63405082007.36255,454191112.0,0.041100003,-5.28,3462245,4456601,4960521,0.067
1118,ACIW,Technology,Software - Infrastructure,NASDAQ,115.23,81,49,35,27,56.31,5903487338.875351,101661570.0,0.07,-6.42,1065056,1110828,971625,0.079
1119,TX,Basic Materials,Steel,NYSE,115.23,81,80,76,82,47.3,8774953356.370872,196307678.0,0.0109,-8.56,670574,555111,536278,0.0
1120,TBBB,Consumer Defensive,Discount Stores,NYSE,115.21,81,84,74,74,40.22,4911727655.860615,120562775.0,0.0533,-8.19,540882,598270,754196,0.334
1121,EOG,Energy,Oil & Gas E&P,NYSE,115.16,80,58,76,42,146.39,74509404736.60934,532628530.0,0.0397,-3.61,3067088,3863509,3582253,0.156
1122,PEBK,Financial Services,Banks - Regional,NASDAQ,115.15,80,79,81,80,43.02,225877578.1212387,5309769.0,0.0153,-6.03,43361,37157,36574,0.04
1123,PFG,Financial Services,Asset Management,NASDAQ,115.14,80,77,76,73,109.4,24614610497.58252,216012384.0,0.0476,-4.79,1603354,1517321,1358592,-0.045
1124,RMT,Financial Services,Asset Management,NYSE,115.13,80,85,83,76,13.76,745490560.2995195,53478521.0,0.0007,-6.9,131159,157193,143773,-0.194
1125,ETSY,Consumer Cyclical,Internet Retail,NYSE,115.09,80,87,61,33,80.62,7980772882.299843,94896231.0,0.1694,-7.48,2499957,2831352,2854993,0.031
1126,BIIB,Healthcare,Drug Manufacturers - General,NASDAQ,115.03,80,77,78,80,202.19,30411770541.824905,147637117.0,0.0432,-7.98,1530767,1378395,1279297,0.019
1127,NXG,Financial Services,Asset Management,NYSE,115.02,80,74,75,63,59.95,334210357.03425217,5682883.0,0.14,-8.86,161987,126299,112035,
1128,CGAU,Basic Materials,Gold,NYSE,115.01,80,84,93,96,16.19,2996799410.2532005,198595055.0,3.54,-23.52,1183495,1531015,1466823,0.618
1129,CLWT,Industrials,Pollution & Treatment Controls,NASDAQ,114.97,80,78,51,52,1.57,12080686.284659386,7411464.0,0.030299999,-41.42,38545,2797898,2165189,-0.092
1130,HQI,Industrials,Staffing & Employment Services,NASDAQ,114.97,80,79,68,68,12.9,168816846.56398296,13940285.0,0.046,-11.28,7171,15447,14568,-0.127
1131,BNL,Real Estate,REIT - Diversified,NYSE,114.96,80,74,74,68,22.36,4372277307.693729,191766555.0,0.0904,-3.2,1348072,1946284,1814694,0.117
1132,AGM,Financial Services,Credit Services,NYSE,114.96,80,70,55,42,209.51,2229469089.0,10848998.0,0.0055,-0.54,135375,135158,136845,0.142
1133,XFOR,Healthcare,Biotechnology,NASDAQ,114.93,80,67,78,54,3.85,360301232.423481,94319696.0,0.0585,-20.29,626751,938513,712114,-0.906
1134,OMER,Healthcare,Biotechnology,NASDAQ,114.93,80,93,96,94,9.79,701317159.5800924,72375355.0,0.2168,-44.53,1274787,2006419,1972787,
1135,CODI,Industrials,Conglomerates,NYSE,114.9,80,91,90,18,10.03,777187523.0399513,75235966.0,0.066300005,-20.65,647789,870779,860935,-0.059
1136,JAKK,Consumer Cyclical,Leisure,NASDAQ,114.88,80,76,75,34,24.5,277298073.2911644,11444411.0,0.043,-2.97,107066,74752,63791,-0.058
1137,TBN,Energy,Oil & Gas E&P,NYSE,114.87,80,72,87,81,34.19,1095537039.7973328,34856412.0,0.0399,-34.51,133463,209994,231392,
1138,BLX,Financial Services,Banks - Regional,NYSE,114.86,80,84,77,74,59.64,2205889824.0,37230208.0,0.0197,-5.63,136838,207849,195337,0.077
1139,RBC,Industrials,Tools & Accessories,NYSE,114.85,80,86,86,83,595.07,18197290277.16284,31635359.0,0.0150999995,-10.88,228049,251529,272751,0.183
1140,MGM,Consumer Cyclical,Resorts & Casinos,NYSE,114.83,80,80,72,48,45.54,11802417743.828602,255851235.0,0.1524,-11.73,2154479,2987136,4282861,0.042
1141,AMBP,Consumer Cyclical,Packaging & Containers,NYSE,114.83,80,65,45,81,4.78,2803242646.8610296,597706314.0,0.0679,-4.97,2617813,2555564,2089858,0.186
1142,ESI,Basic Materials,Specialty Chemicals,NYSE,114.8,80,93,90,73,37.44,9113859389.835434,243686070.0,0.0846,-23.98,5223053,5860391,4635414,0.415
1143,FGNXP,Financial Services,Asset Management,NASDAQ,114.77,80,78,83,88,25.5,,,4.62,-1.92,110,776,1498,-0.025
1144,MTB,Financial Services,Banks - Regional,NYSE,114.76,80,71,67,74,249.6,36123101716.14075,144933000.0,0.047399998,-2.12,1312445,1206215,1126775,0.062
1145,EBC,Financial Services,Banks - Regional,NASDAQ,114.74,80,75,72,77,22.92,4944539793.0,214979991.0,0.088,-2.61,2371200,4107336,3297476,
1146,KRG,Real Estate,REIT - Retail,NYSE,114.71,80,78,73,59,29.31,6014831411.040232,203066551.0,0.09060001,-1.68,2608377,2667969,2334283,-0.092
1147,IDT,Communication Services,Telecom Services,NYSE,114.68,80,49,52,32,64.3,1570698624.765358,24868566.0,0.032899998,-7.01,183146,236968,201113,0.045
1148,WDS,Energy,Oil & Gas E&P,NYSE,114.64,80,57,88,68,22.56,41291893800.578125,1901100143.0,3.13,-10.44,718729,1040239,893725,-0.111
1149,CASS,Industrials,Specialty Business Services,NASDAQ,114.6,80,73,69,64,54.25,686289660.752037,12871149.0,0.024600001,-0.35,77077,89932,85153,0.032
1150,DTM,Energy,Oil & Gas Midstream,NYSE,114.57,80,76,80,74,145.69,14797148127.222382,102014118.0,0.049099997,-4.7,717943,738451,685034,0.109
1151,BDL,Consumer Cyclical,Restaurants,NYSE ARCA,114.57,80,88,48,65,39.44,76408979.3044281,1858647.0,0.0098,-17.82,47926,32085,20313,0.059
1152,DYAI,Healthcare,Biotechnology,NASDAQ,114.45,80,25,21,16,1.19,45912765.43249345,36438703.0,0.0057,-11.85,298594,254371,388962,1.823
1153,WEYS,Consumer Cyclical,Footwear & Accessories,NASDAQ,114.43,80,76,76,63,38.22,373662325.672493,9532202.0,0.0117999995,-5.42,16709,19886,19229,-0.0
1154,HQH,Financial Services,Asset Management,NYSE,114.42,80,79,72,68,21.5,1194173839.6823654,57192236.0,0.47,-3.54,341022,250564,210528,-0.421
1155,FRT,Real Estate,REIT - Retail,NYSE,114.42,80,78,71,56,126.08,10886766315.937202,86389197.0,0.0005,-0.61,803178,883329,921557,0.103
1156,NE,Energy,Oil & Gas Drilling,NYSE,114.39,80,69,94,82,43.26,6621156676.0,159545944.0,0.1003,-21.32,1473211,1698273,1501562,-0.108
1157,FRST,Financial Services,Banks - Regional,NASDAQ,114.39,80,82,83,82,15.34,402038511.5638237,24878621.0,0.0225,-8.53,164950,246036,235780,-0.227
1158,IRM,Real Estate,REIT - Specialty,NYSE,114.34,80,84,74,33,128.31,36839505910.62267,297524681.0,0.0341,-4.73,2070204,1949114,1686746,0.216
1159,IVZ,Financial Services,Asset Management,NYSE,114.34,80,73,77,87,29.93,13134878745.240664,443296629.0,0.0594,-3.51,4657503,5085237,5048836,0.141
1160,KTCC,Technology,Computer Hardware,NASDAQ,114.28,80,80,40,28,3.71,43111302.21068621,10859270.0,0.0039,-16.06,11823,17344,20468,-0.2
1161,DGX,Healthcare,Diagnostics & Research,NYSE,114.26,80,61,63,59,227.86,23321522850.95514,110696429.0,0.033800002,3.95,1301259,1044076,942153,0.092
1162,AZZ,Industrials,Specialty Business Services,NYSE,114.26,80,87,82,81,149.9,4423881663.9717865,30051501.0,0.0322,-7.58,306918,365212,306491,0.063
1163,CTS,Technology,Electronic Components,NYSE,114.25,80,88,76,76,59.99,1698418897.6293182,28592910.0,0.0463,-13.75,181041,336407,310576,0.107
1164,TDW,Energy,Oil & Gas Equipment & Services,NYSE,114.25,80,61,93,81,78.54,3770578019.4634094,49730652.0,0.1597,-15.67,523755,797768,736111,-0.431
1165,NEXN,Communication Services,Advertising Agencies,NASDAQ,114.24,80,63,32,13,9.82,566123106.1376839,55720779.0,0.0525,-15.24,520277,432519,376411,0.109
1166,OHI,Real Estate,REIT - Healthcare Facilities,NYSE,114.24,80,68,74,69,51.72,14952638147.354126,297802000.0,0.047399998,1.91,1799133,2028907,2252490,0.143
1167,COKE,Consumer Defensive,Beverages - Non-Alcoholic,NASDAQ,114.2,80,77,89,73,184.7,12030830863.208588,66564294.0,0.0833,-15.91,453044,548921,570738,0.083
1168,PFAI,Consumer Defensive,Farm Products,NASDAQ,114.2,80,92,92,22,3.4,39082810.50457001,11736580.0,0.00059999997,-31.03,1393,1234,1516,-0.033
1169,MET,Financial Services,Insurance - Life,NYSE,114.17,80,64,51,44,94.83,60483057226.0,643436779.0,0.0223,-0.03,3460280,3752703,3676954,0.027
1170,CW,Industrials,Aerospace & Defense,NYSE,114.16,80,83,84,87,750.19,26148434517.832275,36941164.0,0.0248,-7.17,207112,277587,283710,0.134
1171,NWBI,Financial Services,Banks - Regional,NASDAQ,114.11,80,75,72,60,15.4,2272266490.959773,146314651.0,0.060900003,-2.04,1042578,1273026,1158729,0.151
1172,GE,Industrials,Aerospace & Defense,NYSE,114.1,80,80,60,74,353.73,361932917477.67615,1037562513.0,0.0124,-7.64,4379989,4818716,4814659,0.211
1173,POWW,Industrials,Aerospace & Defense,NASDAQ,114.08,80,81,82,53,2.06,262529495.3321786,116163494.0,0.0311,-20.77,599782,1033327,787888,0.583
1174,SWK,Industrials,Tools & Accessories,NYSE,114.07,80,81,65,69,91.26,14017427921.23236,155455564.0,0.0475,-4.1,1306450,1602200,1534390,0.027
1175,PII,Consumer Cyclical,Recreational Vehicles,NYSE,114.07,80,84,78,80,73.04,4164067250.7971954,56886167.0,0.1062,-2.94,676983,824137,815238,0.075
1176,CTRE,Real Estate,REIT - Healthcare Facilities,NYSE,114.03,80,67,75,75,43.25,10129981529.131794,236240235.0,0.119399995,0.35,2397724,3124818,2918164,0.032
1177,KINS,Financial Services,Insurance - Property & Casualty,NASDAQ,114.02,80,63,65,38,19.91,291000457.90021133,14484841.0,0.0224,-4.23,123365,143645,130335,0.232
1178,KB,Financial Services,Banks - Regional,NYSE,113.98,80,63,82,82,117.43,41911537434.411736,351106111.0,0.0023,-6.52,302843,350594,301434,0.152
1179,RUSHA,Consumer Cyclical,Auto & Truck Dealerships,NASDAQ,113.98,80,76,84,74,76.57,5975298007.558182,77712291.0,0.1274,-4.49,430469,538956,505035,-0.09
1180,MPB,Financial Services,Banks - Regional,NASDAQ,113.96,79,65,71,68,37.17,898224709.6740189,25344942.0,0.0342,-0.03,154033,199091,172668,0.333
1181,MBIN,Financial Services,Banks - Regional,NASDAQ,113.94,79,84,88,79,47.69,2283449089.624878,45935408.0,0.0626,-7.34,161375,190458,158619,0.158
1182,RSVR,Communication Services,Entertainment,NASDAQ,113.89,79,74,83,39,10.63,672622449.7343216,65814328.0,0.0328,-20.61,63472,59787,66358,0.147
1183,PNC,Financial Services,Banks - Regional,NYSE,113.88,79,74,70,76,250.99,100891140243.53027,399000000.0,0.0191,-2.14,2147389,2385089,2155813,0.236
1184,NML,Financial Services,Asset Management,NYSE ARCA,113.87,79,62,75,68,10.72,583586969.2068329,56658928.0,0.0026,0.09,112491,114260,127852,
1185,IVT,Real Estate,REIT - Retail,NYSE,113.85,79,76,70,54,36.45,2862583991.933796,77935857.0,0.102,-2.07,599037,1267852,1061019,0.119
1186,TILE,Consumer Cyclical,"Furnishings, Fixtures & Appliances",NASDAQ,113.85,79,86,64,81,32.98,1919337787.2480469,58056192.0,0.1082,-10.04,361013,546657,556890,0.113
1187,LYG,Financial Services,Banks - Regional,NYSE,113.82,79,75,67,89,6.02,86561930694.75952,14523813782.0,0.0002,-5.05,16757497,22410149,22418633,0.115
1188,IIPR,Real Estate,REIT - Industrial,NYSE,113.79,79,76,73,32,61.48,1869331023.534729,28995362.0,0.20729999,-5.97,308280,372986,373826,-0.038
1189,BPRN,Financial Services,Banks - Regional,NASDAQ,113.76,79,65,67,72,40.85,262637953.3536911,6811150.0,0.0099,3.48,13374,17921,14398,0.038
1190,SXC,Basic Materials,Coking Coal,NYSE,113.71,79,72,26,37,8.92,710221257.5493221,84853198.0,0.0625,-8.42,1121678,1299856,1508137,0.044
1191,GIII,Consumer Cyclical,Apparel Manufacturing,NASDAQ,113.7,79,78,72,59,34.95,1494390018.4067535,42190573.0,0.2706,-4.33,447288,600142,614339,-0.082
1192,FMX,Consumer Defensive,Beverages - Brewers,NYSE,113.69,79,75,67,64,127.12,43954724456.908264,340681468.0,3.57,-5.5,406441,513263,525776,0.061
1193,CRL,Healthcare,Diagnostics & Research,NYSE,113.68,79,79,36,82,226.58,10806430519.492493,48167730.0,0.1043,-4.74,826333,861847,887602,0.012
1194,MG,Industrials,Security & Protection Services,NYSE,113.64,79,91,94,89,15.46,499840059.72371006,31816681.0,0.0763,-21.28,166216,218238,201553,0.046
1195,MLKN,Consumer Cyclical,"Furnishings, Fixtures & Appliances",NASDAQ,113.63,79,71,37,71,22.08,1491936631.3736877,68374732.0,0.0736,-4.75,735227,972655,880347,0.044
1196,PAYO,Technology,Software - Infrastructure,NASDAQ,113.62,79,75,22,31,7.12,2407944082.1767225,338194399.0,0.0545,-7.11,2441885,7537938,7401661,0.061
1197,UAL,Industrials,Airlines,NASDAQ,113.61,79,86,40,68,118.27,37458593497.08984,324569728.0,0.0651,-14.77,5011375,5478271,5531435,0.16
1198,EBMT,Financial Services,Banks - Regional,NASDAQ,113.6,79,78,77,83,23.37,185036958.48371506,7965431.0,0.0271,-5.23,38535,84048,73755,0.116
1199,HR,Real Estate,REIT - Healthcare Facilities,NYSE,113.58,79,74,70,47,21.4,7387839937.210007,346521578.0,0.106400006,-0.33,3477472,3845267,3874194,-0.065
1200,SMHI,Industrials,Marine Shipping,NYSE,113.58,79,66,81,70,8.0,214062606.94062424,27062277.0,0.0421,-5.99,104380,149030,122810,-0.202
1201,SHG,Financial Services,Banks - Regional,NYSE,113.57,79,69,84,84,71.49,33218299843.733902,469450238.0,0.0011,-3.13,241624,281761,276408,0.066
1202,CNOB,Financial Services,Banks - Regional,NASDAQ,113.56,79,81,74,67,32.36,1681144369.7668304,50288494.0,0.0357,-5.21,457204,525698,438932,0.655
1203,ITRN,Technology,Scientific & Technical Instruments,NASDAQ,113.53,79,89,86,77,54.77,1102545148.2803116,19780142.0,0.0174,-19.81,148736,152475,154843,0.188
1204,WES,Energy,Oil & Gas Midstream,NYSE,113.53,79,62,60,61,47.47,18993451975.018616,413170578.0,0.0294,-1.12,646826,880595,1058285,0.225
1205,IHT,Real Estate,REIT - Hotel & Motel,NYSE ARCA,113.52,79,78,18,11,1.67,15702732.376474142,9402834.0,0.0477,-60.61,29981,1002717,610284,-0.006
1206,QCRH,Financial Services,Banks - Regional,NASDAQ,113.42,79,73,73,77,100.15,1627865170.2080612,16509789.0,0.026300002,-0.15,116577,131025,116211,0.211
1207,MSGM,Communication Services,Electronic Gaming & Multimedia,NASDAQ,113.41,79,71,86,94,4.37,19367614.642703533,4174055.0,0.0346,-21.37,14029,38959,54247,1.293
1208,CLRO,Technology,Communication Equipment,NASDAQ,113.37,79,13,8,53,5.34,19530508.110294342,2675412.0,0.020599999,-67.64,552763,6447341,3870510,
1209,RYZ,Industrials,Metal Fabrication,NYSE,113.35,79,77,63,83,30.79,1535906250.1939774,51888724.0,0.0322,-0.36,353304,469461,448676,0.379
1210,KURA,Healthcare,Biotechnology,NASDAQ,113.34,79,79,68,48,10.39,964089573.4217405,88774365.0,0.1745,-16.81,1083195,1588261,1876637,0.295
1211,GL,Financial Services,Insurance - Life,NYSE,113.3,79,80,66,60,173.48,14345645615.84459,77644761.0,0.0008,-9.43,713603,706351,653624,0.054
1212,CDZIP,Utilities,Utilities - Regulated Water,NASDAQ,113.27,79,79,64,65,22.2,,,4.92,-10.41,4538,6979,6655,-0.448
1213,CFR,Financial Services,Banks - Regional,NYSE,113.25,79,71,66,62,164.23,10151142425.917236,62797048.0,0.0004,0.26,607915,639445,594249,0.078
1214,LGIH,Consumer Cyclical,Residential Construction,NASDAQ,113.23,79,86,35,34,60.16,1358623665.2851067,23232279.0,0.2056,-13.44,269340,355536,376284,-0.09
1215,HBB,Consumer Cyclical,"Furnishings, Fixtures & Appliances",NYSE,113.22,79,74,74,81,22.31,312635447.3665428,13545730.0,0.0196,-10.92,53977,40622,32401,-0.086
1216,TXMD,Healthcare,Drug Manufacturers - Specialty & Generic,NASDAQ,113.21,79,81,86,93,2.06,23843185.057709694,11574362.0,0.0068,-30.17,22043,42094,42640,0.842
1217,SVCO,Technology,Software - Application,NASDAQ,113.2,79,96,96,20,7.76,266072284.13747835,33510363.0,0.100600004,-46.07,340633,503877,561040,0.26
1218,KYN,Financial Services,Asset Management,NYSE,113.13,79,60,70,65,14.91,2472622656.205061,169126038.0,0.0017,1.15,489141,405023,403212,0.085
1219,PRU,Financial Services,Insurance - Life,NYSE,113.12,79,56,36,57,119.96,41356000384.49479,347325107.0,0.038900003,-0.47,1577165,1798688,1798525,0.153
1220,CHCT,Real Estate,REIT - Healthcare Facilities,NYSE,113.12,79,72,71,66,18.79,537435411.0710163,28571793.0,0.031400003,-1.78,202064,202611,187546,0.048
1221,XOM,Energy,Oil & Gas Integrated,NYSE,113.12,79,56,79,80,156.94,610799416322.195,4144947162.0,0.010199999,-11.04,14553733,16903987,16785202,0.026
1222,RIG,Energy,Oil & Gas Drilling,NYSE,113.1,79,75,95,89,5.35,5688747835.351557,1106760308.0,0.2211,-30.16,38927193,37695357,35173744,0.193
1223,ARGX,Healthcare,Biotechnology,NASDAQ,113.1,79,78,56,70,918.22,53515685574.921936,62187771.0,0.0233,-3.71,294127,354055,340203,0.626
1224,SBFG,Financial Services,Banks - Regional,NASDAQ,113.09,79,69,65,70,25.62,169930167.88124657,6275117.0,0.0063,-7.48,22747,62959,42793,0.118
1225,SOTK,Technology,Scientific & Technical Instruments,NASDAQ,113.07,79,77,69,45,5.19,86441976.5,15716723.0,0.0011,-16.83,41242,46204,45202,0.103
1226,TSHA,Healthcare,Biotechnology,NASDAQ,113.06,79,92,96,92,5.52,1712671690.161953,287361020.0,0.1467,-24.38,3243326,3747035,3197639,
1227,INGM,Technology,Information Technology Services,NYSE,113.06,79,79,87,47,29.44,6747418368.313757,230444611.0,0.19379999,-7.1,843270,1380223,1322634,0.137
1228,LARK,Financial Services,Banks - Regional,NASDAQ,113.05,79,75,63,61,31.54,189877765.5583496,6097552.0,0.0209,-2.62,8612,16734,14302,0.106
1229,KTB,Consumer Cyclical,Apparel Manufacturing,NYSE,113.04,79,71,69,23,83.54,4729655742.762215,55272359.0,0.1279,-6.09,657655,863245,826007,0.45
1230,JXG,Consumer Cyclical,Apparel Manufacturing,NASDAQ,113.0,79,88,8,2,7.0,108538893.0,12059877.0,0.00090000004,-71.01,4128,4412,7109,1.667
1231,HFWA,Financial Services,Banks - Regional,NASDAQ,112.99,79,72,71,67,30.16,1257998313.708477,41218817.0,0.0728,-3.49,535987,407632,340787,0.372
1232,BAC,Financial Services,Banks - Diversified,NYSE,112.98,79,69,62,65,62.05,429990869486.77057,7017967460.0,0.0,-0.11,36957787,35717812,37242503,0.214
1233,STRW,Real Estate,REIT - Healthcare Facilities,NYSE ARCA,112.94,79,63,65,74,14.3,189986526.37815475,13426610.0,0.0111,0.21,31041,36563,30172,0.071
1234,CTVA,Basic Materials,Agricultural Inputs,NYSE,112.9,79,60,69,65,89.25,58387988041.07666,668820000.0,0.032,1.17,3087071,4011170,3785100,0.11
1235,RTX,Industrials,Aerospace & Defense,NYSE,112.89,79,59,57,83,212.79,260596702754.727,1346683428.0,0.012,-0.8,4847468,5025419,5307479,0.087
1236,BHB,Financial Services,Banks - Regional,NYSE ARCA,112.87,79,73,70,68,39.02,639213574.009285,16742105.0,0.0429,-1.64,95008,144692,123453,0.257
1237,MICC,Consumer Defensive,Packaged Foods,NYSE,112.87,79,66,24,71,17.84,11460055116.457638,612837147.0,8.35,-10.49,1194597,1377385,1424537,-0.041
1238,KEX,Industrials,Marine Shipping,NYSE,112.87,79,74,84,66,148.65,7708523715.8203125,53472000.0,0.0347,-5.73,554510,619963,595982,0.074
1239,BUSE,Financial Services,Banks - Regional,NASDAQ,112.84,78,74,71,63,29.85,2536469009.0418243,84577160.0,0.045900002,-2.2,845217,898682,824343,1.434
1240,OUST,Technology,Electronic Components,NASDAQ,112.82,78,94,88,86,34.04,2492600379.6102524,67294825.0,0.1075,-46.64,3610750,4890346,5282620,0.489
1241,LWLG,Basic Materials,Specialty Chemicals,NASDAQ,112.81,78,97,99,92,6.05,959916110.2988358,154079632.0,0.13,-67.66,3065951,4403120,5613080,0.273
1242,BANC,Financial Services,Banks - Regional,NYSE,112.8,78,77,68,81,21.28,3270626569.5037537,154202108.0,0.0756,-1.53,2952635,2933285,2851683,0.08
1243,NIC,Financial Services,Banks - Regional,NYSE,112.79,78,72,68,77,169.64,3607936002.647934,21251905.0,0.0654,-2.21,220174,383718,308902,0.465
1244,NJR,Utilities,Utilities - Regulated Gas,NYSE,112.77,78,69,74,58,60.05,5914004023.805901,100921573.0,0.050100002,-1.05,536860,739466,668008,0.029
1245,SCLX,Healthcare,Drug Manufacturers - General,NASDAQ,112.77,78,84,19,18,6.84,59358559.24883366,7033005.0,0.0296,-67.95,81666,176733,168895,0.721
1246,BSIN,Energy,Oil & Gas E&P,NASDAQ,112.72,78,33,27,22,1.28,73248599.35258377,52320429.0,0.0401,-15.79,2263983,2162607,1861316,-0.279
1247,HOFT,Consumer Cyclical,"Furnishings, Fixtures & Appliances",NASDAQ,112.68,78,90,70,86,13.75,151672096.7707157,10741650.0,0.014400001,-23.99,60988,99882,70767,-0.024
1248,PRCH,Financial Services,Insurance - Property & Casualty,NASDAQ,112.68,78,84,37,33,11.84,1496636766.9872284,109403270.0,0.2328,-39.08,1514085,2041391,1815347,0.156
1249,AEG,Financial Services,Insurance - Diversified,NYSE,112.68,78,69,63,64,9.13,13322329597.428322,1478615900.0,0.0028,0.33,5240300,5149876,4854730,-0.137
1250,ZION,Financial Services,Banks - Regional,NASDAQ,112.64,78,76,74,70,69.29,10630325120.812538,147091817.0,0.0519,-5.52,2031983,1853974,1679634,0.102
1251,UBSI,Financial Services,Banks - Regional,NASDAQ,112.63,78,72,73,72,47.8,6556457164.516754,137798590.0,0.0434,-0.87,1150020,1172296,1010306,0.106
1252,SFST,Financial Services,Banks - Regional,NASDAQ,112.61,78,75,82,84,61.49,588111270.2137184,9455165.0,0.048800003,-4.01,133767,154262,141883,0.262
1253,BOH,Financial Services,Banks - Regional,NYSE,112.59,78,70,71,67,83.97,3401464248.993126,39621017.0,0.0022,-2.71,513911,434020,393376,0.144
1254,TTE,Energy,Oil & Gas Integrated,NYSE,112.57,78,63,87,77,86.8,180951246593.5089,2223261432.0,0.0023999999,-7.83,2236918,1904576,1616021,0.034
1255,HWC,Financial Services,Banks - Regional,NASDAQ,112.56,78,73,67,75,76.2,6367654094.977661,81157968.0,0.1096,-3.98,1044764,1012104,976022,-0.211
1256,SPNT,Financial Services,Insurance - Reinsurance,NYSE,112.55,78,64,78,69,25.35,2926798992.161236,117542130.0,0.040599998,-0.2,641106,848985,815409,0.065
1257,CBT,Basic Materials,Specialty Chemicals,NYSE,112.46,78,79,56,38,90.15,4666059851.122787,51621417.0,0.099700004,-4.63,344261,573080,539022,-0.034
1258,REPX,Energy,Oil & Gas E&P,NYSE ARCA,112.45,78,62,83,55,35.48,759358145.0,21695947.0,0.0366,-14.57,166910,234023,280254,0.112
1259,JBL,Technology,Electronic Components,NYSE,112.43,78,90,91,77,312.59,31541962683.201416,104787089.0,0.035099998,-27.12,985041,1443637,1327038,0.118
1260,LSBK,Financial Services,Banks - Regional,NASDAQ,112.43,78,74,76,76,17.2,134925475.20023346,7862790.0,0.0022,-4.23,9175,9098,10657,0.217
1261,CZFS,Financial Services,Banks - Regional,NASDAQ,112.42,78,73,73,68,74.88,353739401.5171509,4804936.0,0.0119,-0.16,14848,14889,11355,0.136
1262,TSBK,Financial Services,Banks - Regional,NASDAQ,112.39,78,76,80,79,43.8,342629506.3933525,7827953.0,0.012999999,-4.03,35830,41533,35044,0.044
1263,ADAM,Real Estate,REIT - Mortgage,NASDAQ,112.38,78,86,77,82,8.65,806952708.7048492,89861108.0,0.0336,-9.8,754235,939545,801731,0.107
1264,CENT,Consumer Defensive,Packaged Foods,NASDAQ,112.34,78,77,63,37,43.75,2728711710.3801727,62570779.0,0.066,-4.43,90412,89214,81496,0.087
1265,FIRY,Communication Services,Electronic Gaming & Multimedia,NYSE,112.34,78,96,78,10,8.15,129542726.07690525,15607557.0,0.2014,-59.25,81361,135060,284438,0.329
1266,MPWR,Technology,Semiconductors,NASDAQ,112.32,78,90,93,86,1333.81,64457598304.0,49129267.0,0.060700003,-22.19,822930,1078686,937774,0.261
1267,Q,Technology,Semiconductor Equipment & Materials,NYSE,112.31,78,92,85,44,135.06,28543402152.15512,209339207.0,0.0271,-23.82,1532571,2022550,1944192,0.176
1268,IMNM,Healthcare,Biotechnology,NASDAQ,112.3,78,83,92,96,22.21,2527748759.5187225,113250394.0,0.17940001,-19.67,1058007,1629422,1467765,
1269,SSRM,Basic Materials,Gold,NASDAQ,112.29,78,86,93,93,26.86,5305546622.14875,207491071.0,0.040900003,-26.45,2818190,3447993,3051840,0.837
1270,LUV,Industrials,Airlines,NYSE,112.23,78,87,68,91,45.08,23500241016.0114,488773713.0,0.0844,-18.2,5809162,6550070,6377436,0.128
1271,MKTW,Financial Services,Financial Data & Stock Exchanges,NASDAQ,112.21,78,52,70,70,19.94,53583921.13630676,2664541.0,0.028299998,-8.28,9289,15306,18511,-0.078
1272,TK,Energy,Oil & Gas Midstream,NYSE,112.21,78,76,91,83,11.2,925805805.313138,87011821.0,0.064,-22.11,553897,586445,624149,0.235
1273,ASH,Basic Materials,Specialty Chemicals,NYSE,112.21,78,74,54,72,66.4,3142872985.333359,45787777.0,0.14109999,-4.65,551742,927697,999378,0.006
1274,TEX,Industrials,Farm & Heavy Construction Machinery,NYSE,112.16,78,85,77,78,69.83,7468621834.927734,114216576.0,0.0647,-6.51,1169415,1458205,1311745,0.411
1275,EGY,Energy,Oil & Gas E&P,NYSE,112.15,78,66,92,86,5.55,567164436.6109486,107012154.0,0.0638,-17.41,1110794,1442461,1301190,-0.433
1276,FUNC,Financial Services,Banks - Regional,NASDAQ,112.15,78,75,65,71,44.57,292358606.1130905,6446717.0,0.0138,-3.74,30961,29783,25348,0.112
1277,GFR,Energy,Oil & Gas E&P,NYSE,112.15,78,57,75,58,6.51,796474138.0381584,125429000.0,0.0015,-7.26,217753,183201,169916,-0.191
1278,SAFX,Utilities,Utilities - Renewable,NASDAQ,112.12,78,25,32,1,0.41,170100914.6895581,363463497.0,0.038900003,-78.07,2945889,4451143,4257101,
1279,SHOO,Consumer Cyclical,Footwear & Accessories,NASDAQ,112.11,78,81,75,89,42.75,3173369497.29657,73085436.0,0.0947,-9.25,761587,1100695,1040885,0.18
1280,HCSG,Healthcare,Medical Care Facilities,NASDAQ,112.08,78,82,82,80,22.74,1737410279.0595016,68645212.0,0.048899997,-11.69,842711,794507,719342,0.034
1281,BNED,Consumer Cyclical,Specialty Retail,NYSE,112.05,78,84,59,31,11.88,436506500.41539764,34643372.0,0.0704,-19.46,388778,452656,376847,-0.052
1282,PENN,Consumer Cyclical,Resorts & Casinos,NASDAQ,112.02,78,81,70,17,20.48,2753158100.6242447,133843371.0,0.17459999,-8.41,2715670,3562270,3593294,0.064
1283,HWBK,Financial Services,Banks - Regional,NASDAQ,112.02,78,77,66,71,38.34,269932332.69065857,6896585.0,0.012999999,-5.0,14246,16855,12917,0.054
1284,FCF,Financial Services,Banks - Regional,NYSE,111.97,78,73,70,68,20.87,2147575774.9369907,101684455.0,0.0388,-2.52,812483,773187,738328,0.091
1285,FMAO,Financial Services,Banks - Regional,NASDAQ,111.96,78,72,66,62,30.95,420893502.9582825,13768188.0,0.0155,-3.28,65320,100776,91574,0.165
1286,STGW,Communication Services,Advertising Agencies,NASDAQ,111.9,78,77,73,65,7.42,1861386345.3893623,247854366.0,0.099700004,-8.17,887485,1348485,1430991,0.08
1287,HRI,Industrials,Rental & Leasing Services,NYSE,111.89,78,78,46,55,162.59,4991259373.733002,33393051.0,0.074099995,-13.68,502257,582672,551099,0.323
1288,HURC,Industrials,Specialty Industrial Machinery,NASDAQ,111.89,78,86,37,28,21.21,141701919.92485428,6476322.0,0.016900001,-10.69,36047,47679,40407,0.165
1289,HUBG,Industrials,Integrated Freight & Logistics,NASDAQ,111.87,78,72,67,82,49.28,3132282856.850281,61153510.0,0.0765,-7.47,754013,755764,778502,-0.053
1290,NXDR,Communication Services,Internet Content & Information,NYSE,111.86,78,78,28,50,2.19,911516702.7591646,381387725.0,0.0292,-41.13,2678564,2751151,2848910,0.138
1291,VIVO,Technology,Software - Infrastructure,NASDAQ,111.85,78,94,56,19,4.27,118287720.46992302,30724084.0,0.0844,-45.26,977656,1320578,1805273,0.476
1292,FLNG,Energy,Oil & Gas Midstream,NYSE,111.85,78,72,83,66,30.85,1659013176.0469208,54092376.0,0.1336,-7.63,291814,398364,441102,-0.09
1293,CENX,Basic Materials,Aluminum,NASDAQ,111.83,78,88,96,96,46.21,4107422950.5,98974047.0,0.1388,-34.39,1837817,2346725,2176631,0.024
1294,SRZN,Healthcare,Biotechnology,NASDAQ,111.82,78,89,97,93,19.73,254963736.53038788,11610371.0,0.1112,-43.63,185101,179640,144392,4.086
1295,VCEL,Healthcare,Biotechnology,NASDAQ,111.79,78,78,36,30,45.05,2381822122.7504272,51068228.0,0.124,-7.59,484221,642563,616692,0.301
1296,PTCT,Healthcare,Biotechnology,NASDAQ,111.74,78,83,68,84,76.82,6518988169.650452,82949338.0,0.2836,-15.46,1080147,2243115,1773785,-0.768
1297,IGIC,Financial Services,Insurance - Diversified,NASDAQ,111.71,78,61,70,58,28.78,1189625556.1859436,42654198.0,0.0116,-0.21,89107,95102,79933,-0.026
1298,NEWT,Financial Services,Banks - Regional,NASDAQ,111.7,77,81,66,78,14.43,439145474.48945045,28891150.0,0.113299996,-8.03,183293,263704,216890,0.107
1299,EQIX,Real Estate,REIT - Specialty,NASDAQ,111.7,77,79,82,37,1084.24,100596732960.0,98624248.0,0.020599999,-3.94,485736,616168,587319,0.121
1300,ORN,Industrials,Engineering & Construction,NYSE,111.66,77,91,80,87,12.69,518134766.12080956,40479278.0,0.056799997,-27.07,428514,477861,432922,0.147
1301,RNR,Financial Services,Insurance - Reinsurance,NYSE,111.65,77,64,76,67,329.1,13773030121.375427,42633041.0,0.0506,-0.14,362167,367282,383025,-0.366
1302,WILC,Consumer Defensive,Food Distribution,NASDAQ,111.63,77,87,87,91,30.09,428178438.21170044,13906412.0,0.0002,-20.79,16371,6433,5084,0.083
1303,CNA,Financial Services,Insurance - Property & Casualty,NYSE,111.62,77,55,64,55,53.66,14140677708.589458,270531425.0,0.1439,1.28,492130,587053,541318,0.1
1304,MBBC,Financial Services,Banks - Regional,NASDAQ,111.62,77,75,80,76,14.71,44261190.0,2950746.0,0.0033000002,-6.84,1060,13746,14764,0.343
1305,UMBF,Financial Services,Banks - Regional,NASDAQ,111.62,77,79,65,71,141.2,11092134772.093613,75978727.0,0.064899996,-4.79,573900,722916,680834,0.49
1306,SIGI,Financial Services,Insurance - Property & Casualty,NASDAQ,111.6,77,71,57,55,96.33,5775013844.387817,59869520.0,0.0332,-4.05,568706,617785,577299,0.057
1307,TNET,Industrials,Staffing & Employment Services,NYSE,111.54,77,33,13,26,61.75,2736463000.1753654,45944643.0,0.0626,-15.23,346238,351609,387669,-0.049
1308,BMY,Healthcare,Drug Manufacturers - General,NYSE,111.54,77,59,75,69,62.09,124035410970.32878,2042071247.0,0.0199,-1.27,10538113,12230334,11885034,0.026
1309,CNK,Communication Services,Entertainment,NYSE,111.52,77,71,65,25,32.71,3552683637.690199,116787759.0,0.1277,-5.82,2508980,2411466,2305310,0.189
1310,DE,Industrials,Farm & Heavy Construction Machinery,NYSE,111.5,77,74,66,62,628.16,161217425070.89233,269937425.0,0.026400002,-6.83,1019926,1191055,1343281,-0.111
1311,BWMX,Consumer Cyclical,Specialty Retail,NYSE,111.5,77,83,78,89,16.73,683053498.4829712,37243920.0,0.0095,-15.46,68337,54705,63721,0.003
1312,DIN,Consumer Cyclical,Restaurants,NYSE,111.49,77,78,58,88,34.09,455524632.3143959,12685175.0,0.2138,-14.09,226828,331122,378143,0.048
1313,BRC,Industrials,Security & Protection Services,NYSE,111.49,77,67,57,70,94.5,4413997410.12146,47112790.0,0.0183,-4.82,167967,260675,365429,0.138
1314,RGA,Financial Services,Insurance - Reinsurance,NYSE,111.48,77,52,61,53,238.92,15840427241.923325,65513163.0,0.0199,-2.2,364285,376051,364527,0.235
1315,MAGN,Consumer Defensive,Household & Personal Products,NYSE,111.46,77,66,25,67,13.71,484515987.77770996,35600000.0,0.082600005,-11.66,458355,396028,378051,-0.034
1316,MBWM,Financial Services,Banks - Regional,NASDAQ,111.45,77,71,66,71,58.5,998458861.8206978,17274375.0,0.0272,-2.42,154369,150996,142717,0.258
1317,ROK,Industrials,Specialty Industrial Machinery,NYSE,111.45,77,84,71,83,462.16,51391875872.21231,111273953.0,0.0434,-7.08,657267,830402,773243,0.119
1318,URI,Industrials,Rental & Leasing Services,NYSE,111.44,77,87,70,38,1141.59,65478805394.83887,62646557.0,0.0273,-0.18,560218,514709,509085,0.072
1319,KNTK,Energy,Oil & Gas Midstream,NYSE,111.43,77,65,77,35,50.43,3700725263.673401,73602334.0,0.1033,-2.1,844579,1037013,973303,-0.075
1320,NVGS,Energy,Oil & Gas Midstream,NYSE,111.42,77,72,83,73,21.71,1278260057.581932,61721879.0,0.058000002,-10.88,424606,514475,477051,-0.071
1321,HBNC,Financial Services,Banks - Regional,NASDAQ,111.37,77,75,69,68,20.06,1041994170.0384979,51329764.0,0.0307,-2.9,726382,833580,639744,0.085
1322,CB,Financial Services,Insurance - Property & Casualty,NYSE,111.34,77,59,69,63,359.75,136588816349.34613,387860106.0,0.0117999995,-1.52,2375054,1923738,1852236,0.102
1323,EMF,Financial Services,Asset Management,NYSE,111.34,77,88,81,87,21.03,314952185.22826385,14947897.0,0.69,-14.86,37159,34483,39239,0.152
1324,CBAN,Financial Services,Banks - Regional,NYSE,111.33,77,62,73,75,21.84,443902236.25447464,21158353.0,0.0379,1.06,291497,354162,309553,0.339
1325,C,Financial Services,Banks - Diversified,NYSE,111.31,77,85,84,83,132.19,216988465023.8037,1677400000.0,0.0004,-10.66,14538935,13943405,12555993,0.145
1326,FCX,Basic Materials,Copper,NYSE,111.3,77,82,77,89,62.6,83924746454.1796,1437559865.0,0.0216,-13.39,14855078,15439829,14449941,0.088
1327,AM,Energy,Oil & Gas Midstream,NYSE,111.29,77,65,78,63,22.75,10729798272.476196,474980000.0,0.0317,-4.55,1814734,2361974,2258400,0.086
1328,TECH,Healthcare,Biotechnology,NASDAQ,111.27,77,81,30,58,71.6,11237064650.186737,155810652.0,0.1166,-0.78,2892183,6475607,5140054,-0.015
1329,VTVT,Healthcare,Biotechnology,NASDAQ,111.25,77,84,84,95,30.73,129502947.72693634,3938654.0,0.0687,-30.16,99795,74488,62107,
1330,ICUI,Healthcare,Medical Instruments & Supplies,NASDAQ,111.25,77,63,29,65,157.44,3936739436.056137,24993585.0,0.0808,-3.32,264346,298948,301067,-0.123
1331,PECO,Real Estate,REIT - Retail,NASDAQ,111.24,77,72,71,54,43.53,5543782108.80954,125966424.0,0.040599998,-1.9,845775,1119258,1044459,0.07
1332,ELAN,Healthcare,Drug Manufacturers - Specialty & Generic,NYSE,111.22,77,74,83,92,24.91,12900782690.78502,499449583.0,0.1121,-10.14,4389958,4638769,5514793,0.149
1333,SBRA,Real Estate,REIT - Healthcare Facilities,NASDAQ,111.22,77,53,70,61,22.36,5071542964.374619,252190095.0,0.1441,5.08,3591349,3548126,3236983,0.217
1334,CR,Industrials,Specialty Industrial Machinery,NYSE,111.2,77,77,42,41,226.14,12559109565.346527,57745686.0,0.0279,-0.14,492385,478855,489221,0.249
1335,PKG,Consumer Cyclical,Packaging & Containers,NYSE,111.19,77,69,61,67,254.39,20766222308.86798,89098647.0,0.0462,1.96,771017,688245,679473,0.106
1336,PESI,Industrials,Waste Management,NASDAQ,111.18,77,64,51,84,15.98,370213998.50756836,21203552.0,0.0875,-13.15,702833,494771,401222,-0.201
1337,WTS,Industrials,Specialty Industrial Machinery,NYSE,111.14,77,83,68,76,344.45,11567605778.137817,33390890.0,0.0401,-12.7,171441,447493,396000,0.214
1338,CV,Healthcare,Medical Devices,NASDAQ,111.14,77,70,88,77,6.49,335255663.96595955,49963586.0,0.0458,-57.77,99884,195168,160546,0.003
1339,ASND,Healthcare,Biotechnology,NASDAQ,111.14,77,79,69,82,253.86,17119728630.0,65592830.0,0.0592,-10.03,485943,793957,695366,1.443
1340,NSP,Industrials,Staffing & Employment Services,NYSE,111.11,77,59,18,23,48.35,1891282938.9792252,38169182.0,0.1419,-21.57,726515,740738,718935,0.017
1341,BOW,Financial Services,Insurance - Property & Casualty,NYSE,111.08,77,53,27,22,31.11,1008127699.5534325,32838035.0,0.040799998,-8.16,163222,186877,190532,0.269
1342,HBCP,Financial Services,Banks - Regional,NASDAQ,111.07,77,71,70,69,70.21,543572735.4629517,7842631.0,0.048299998,-2.06,137103,110697,92842,0.055
1343,OSPN,Technology,Software - Infrastructure,NASDAQ,111.02,77,56,27,18,15.15,573516999.399519,37072850.0,0.093100004,-7.85,358792,399400,463326,0.041
1344,WABC,Financial Services,Banks - Regional,NASDAQ,110.98,77,72,67,53,60.49,1411402734.0393066,23002000.0,0.043899998,-4.9,244753,252687,215258,-0.027
1345,ORRF,Financial Services,Banks - Regional,NASDAQ,110.98,77,71,68,62,42.56,812240551.0780182,19647812.0,0.0305,0.05,135034,169121,142982,0.054
1346,APYX,Healthcare,Medical Devices,NASDAQ,110.94,77,88,94,97,3.92,180232323.95510387,42110354.0,0.0045,-22.83,56072,98837,128904,0.325
1347,AIRT,Industrials,Conglomerates,NASDAQ,110.92,77,52,41,60,27.1,72728762.512146,2691664.0,0.0187,-21.43,18210,8536,5332,0.824
1348,AEF,Financial Services,Asset Management,NYSE ARCA,110.89,77,88,87,85,8.58,348360214.8223572,40601424.0,0.2,-15.38,110793,145731,157376,-0.023
1349,GEF,Consumer Cyclical,Packaging & Containers,NYSE,110.89,77,67,57,76,78.62,4336208245.381088,56816146.0,1.21,1.92,221012,239040,221368,-0.005
1350,FDSB,Financial Services,Banks - Regional,NASDAQ,110.89,77,65,62,68,17.24,93767082.54826355,5264856.0,0.0015,-4.22,9198,7479,11293,0.181
1351,DSGR,Industrials,Industrial Distribution,NASDAQ,110.86,77,39,37,42,34.51,1595812059.0,46255422.0,0.0509,-0.92,447966,190952,141289,0.038
1352,HOPE,Financial Services,Banks - Regional,NASDAQ,110.85,77,77,76,70,13.45,1756506223.1600018,127838883.0,0.0523,-4.27,985096,1189598,1026639,0.184
1353,BCAL,Financial Services,Banks - Regional,NASDAQ,110.81,77,72,70,63,21.02,682859198.7961121,32164824.0,0.026700001,-3.18,271000,267833,226282,-0.082
1354,ACT,Financial Services,Insurance - Specialty,NASDAQ,110.8,77,65,74,65,46.76,6494226721.30415,139600745.0,0.1497,-1.1,435583,360421,335248,0.017
1355,ACCL,Industrials,Consulting Services,NASDAQ,110.78,77,18,13,4,2.13,26365310.80044508,13949900.0,0.0221,-57.4,37302,68264,551090,0.01
1356,HTO,Utilities,Utilities - Regulated Water,NASDAQ,110.77,76,66,72,56,63.84,2737607373.97863,41840247.0,0.1727,-2.62,569436,511988,485109,0.094
1357,HMN,Financial Services,Insurance - Property & Casualty,NYSE,110.77,76,68,61,57,52.1,2124453483.5667114,40381172.0,0.0456,-6.23,266409,302816,275147,0.031
1358,OXY,Energy,Oil & Gas E&P,NYSE,110.74,76,51,83,56,57.3,54565660303.936844,994634701.0,0.0002,-15.05,8551816,9620775,10078993,-0.083
1359,NWG,Financial Services,Banks - Regional,NYSE,110.71,76,73,56,84,17.97,71297736006.5883,3978668287.0,0.00029999999,-7.18,3791507,5067632,4502131,0.075
1360,CSTE,Industrials,Building Products & Equipment,NASDAQ,110.7,76,86,20,76,2.09,79181500.43098927,34577075.0,0.0127,-20.23,122289,159189,162519,-0.109
1361,PDM,Real Estate,REIT - Office,NYSE,110.67,76,76,61,62,9.79,1225186253.2454824,125019003.0,0.041500002,-2.0,596925,1141125,1083429,0.004
1362,AVAL,Financial Services,Banks - Regional,NYSE,110.66,76,86,77,89,4.78,5840895127.534172,1187173788.0,0.0013,-22.9,150649,250763,287617,0.19
1363,MRBK,Financial Services,Banks - Regional,NASDAQ,110.64,76,77,76,82,19.82,240659223.99853134,11890278.0,0.012,-8.54,117582,145954,125622,0.039
1364,FLYW,Technology,Software - Infrastructure,NASDAQ,110.62,76,82,67,46,15.89,2237566060.823593,123417880.0,0.1103,-16.28,1974195,2367578,2309977,0.41
1365,RUSHB,Consumer Cyclical,Auto & Truck Dealerships,NASDAQ,110.62,76,80,84,57,76.03,5885928754.328636,77712291.0,0.0275,-3.92,124282,107044,85552,-0.09
1366,PEO,Financial Services,Asset Management,NYSE,110.6,76,58,78,74,27.61,722031232.3132153,27495477.0,0.014099999,-4.4,46424,65598,69404,0.038
1367,PFS,Financial Services,Banks - Regional,NYSE,110.6,76,74,74,77,23.89,3136650406.321419,130313687.0,0.0723,-2.73,978775,1094635,1009933,0.092
1368,OMDA,Healthcare,Health Information Services,NASDAQ,110.53,76,71,21,13,20.53,1408929661.2556114,59448507.0,0.1336,-23.72,1182101,1162293,1160154,0.42
1369,UAN,Basic Materials,Agricultural Inputs,NYSE,110.52,76,59,89,78,123.06,1257998279.2784271,10569638.0,0.048,-11.78,23382,37637,41640,0.26
1370,HPQ,Technology,Computer Hardware,NYSE,110.52,76,53,29,16,25.75,22716743759.14509,914522690.0,0.111999996,-13.15,14071459,15278739,18967311,0.09
1371,STI,Industrials,Electrical Equipment & Parts,NASDAQ,110.52,76,97,13,47,6.6,53777672.741830826,8495683.0,0.1371,-85.65,117770,503140,3562036,
1372,SRRK,Healthcare,Biotechnology,NASDAQ,110.49,76,82,80,82,47.67,6334126019.817413,119828338.0,0.19219999,-18.5,1037990,1562350,1436664,
1373,FBLA,Financial Services,Banks - Regional,NASDAQ,110.48,76,69,71,60,15.55,247432403.37163067,16161489.0,0.033800002,0.52,58387,87529,84573,-0.004
1374,MDV,Real Estate,REIT - Industrial,NYSE,110.47,76,78,64,57,17.66,190574938.74839783,10323670.0,0.0168,-6.83,59207,68549,66633,-0.011
1375,NWFL,Financial Services,Banks - Regional,NASDAQ,110.45,76,67,68,73,32.63,341205598.8391056,10890699.0,0.0139999995,-0.7,36474,49928,37630,0.334
1376,GTY,Real Estate,REIT - Retail,NYSE,110.45,76,73,74,58,34.8,2191912473.75,60466551.0,0.19569999,-4.74,531700,569520,495776,0.054
1377,COOK,Consumer Cyclical,"Furnishings, Fixtures & Appliances",NYSE,110.44,76,95,16,24,61.26,192473233.121521,2781807.0,0.0559,-40.23,106769,76473,63205,-0.344
1378,FXNC,Financial Services,Banks - Regional,NASDAQ,110.43,76,78,79,74,29.75,266798938.23931313,9040967.0,0.019,-4.68,39645,74258,70149,0.106
1379,FCCO,Financial Services,Banks - Regional,NASDAQ,110.42,76,68,68,67,33.65,307407262.99591064,9397960.0,0.0202,-1.06,46354,86708,95022,0.281
1380,SLB,Energy,Oil & Gas Equipment & Services,NYSE,110.42,76,70,86,84,52.42,70252761999.79465,1495057661.0,0.041100003,-10.88,12806609,15612983,14615175,0.027
1381,AUGO,Basic Materials,Gold,NASDAQ,110.4,76,88,97,97,54.81,4193370101.928711,83500000.0,0.1286,-50.32,823625,1131428,1057123,1.365
1382,MTLS,Technology,Software - Application,NASDAQ,110.4,76,79,37,32,6.55,379063498.9889717,57960780.0,0.0171,-12.67,68015,105291,135163,-0.002
1383,WBS,Financial Services,Banks - Regional,NYSE,110.36,76,73,79,73,76.07,12315634459.105942,162026498.0,0.0,-2.09,3910341,3737810,3669514,0.087
1384,PM,Consumer Defensive,Tobacco,NYSE,110.34,76,60,45,74,193.0,300770679442.19824,1558558846.0,0.0117,-0.83,5245762,5412754,5012446,0.091
1385,AXS,Financial Services,Insurance - Specialty,NYSE,110.33,76,50,50,60,116.5,8461952938.085815,73723236.0,0.030199999,-0.11,612826,727042,680011,0.08
1386,CPBI,Financial Services,Banks - Regional,NASDAQ,110.31,76,63,58,66,19.8,84492098.5912056,4182777.0,0.0015,-9.32,2604,3001,4038,0.05
1387,CNS,Financial Services,Asset Management,NYSE,110.29,76,70,45,25,81.35,4351484710.988731,51405607.0,0.0508,-4.22,309191,327040,291644,0.122
1388,WYHG,Consumer Defensive,Packaged Foods,NASDAQ,110.27,76,89,38,3,3.61,47814381.00000858,12582732.0,0.0128999995,-59.02,57038,257509,201716,-0.068
1389,SHLS,Technology,Solar,NASDAQ,110.25,76,88,66,91,9.39,1728049747.0999346,167771817.0,0.10479999,-28.76,5836096,5757755,5707709,0.749
1390,OABI,Healthcare,Biotechnology,NASDAQ,110.24,76,89,21,38,2.03,307341850.889205,144972579.0,0.036,-27.24,407717,568725,646667,2.473
1391,BIP,Utilities,Utilities - Diversified,NYSE,110.22,76,58,61,64,40.88,18059897878.712505,460007607.0,1.22,1.39,1056856,844768,797145,0.169
1392,CCBG,Financial Services,Banks - Regional,NASDAQ,110.21,76,68,76,61,51.6,861226967.6778717,17101409.0,0.0437,-0.96,96248,114196,98317,0.022
1393,FR,Real Estate,REIT - Industrial,NYSE,110.19,76,69,73,65,66.99,9128799477.554565,132570424.0,0.045,-4.14,1269383,1316071,1159560,0.1
1394,IRMD,Healthcare,Medical Devices,NASDAQ,110.18,76,67,72,89,94.49,1240337870.4457092,12783035.0,0.0828,-12.43,112062,133774,139630,0.126
1395,FF,Basic Materials,Specialty Chemicals,NYSE,110.12,76,64,70,21,4.65,210544841.9663,43863507.0,0.0317,-9.18,334343,304684,303850,0.822
1396,AUB,Financial Services,Banks - Regional,NYSE,110.12,76,74,69,76,42.23,6103883629.177185,143115672.0,0.0759,-3.19,1359042,1355060,1204438,0.862
1397,VNO,Real Estate,REIT - Office,NYSE,110.1,76,74,28,23,39.72,7587863505.74144,188097756.0,0.00029999999,-8.42,1687330,1732746,1717680,-0.022
1398,WSM,Consumer Cyclical,Specialty Retail,NYSE,110.1,76,82,46,58,226.74,26894503849.710968,117746611.0,0.0554,-7.32,869694,1163448,1202394,0.044
1399,MTA,Basic Materials,Other Precious Metals & Mining,NYSE ARCA,110.1,76,69,78,94,7.53,678394473.5073509,93442762.0,2.0,-18.59,418119,456126,495941,0.78
1400,RZLT,Healthcare,Biotechnology,NASDAQ,110.06,76,84,15,8,4.99,443907658.7664132,96292331.0,0.2565,-56.45,1399912,2036810,1972762,
1401,NBN,Financial Services,Banks - Regional,NASDAQ,110.04,76,77,78,79,129.24,1133414056.2475586,8555360.0,0.0559,-9.18,111692,138280,143720,0.346
1402,BUD,Consumer Defensive,Beverages - Brewers,NYSE,110.03,76,80,65,76,81.66,155670962597.96356,1932120680.0,0.0089,-4.56,1328013,2010677,1910694,0.12
1403,GM,Consumer Cyclical,Auto Manufacturers,NYSE,110.03,76,71,77,89,82.64,68589671108.48362,901665195.0,0.0299,-5.68,7463934,8018431,8171762,-0.009
1404,BOKF,Financial Services,Banks - Regional,NASDAQ,110.0,76,73,76,79,142.28,8581741603.8446045,60759992.0,0.092700005,-0.87,307875,289528,276437,0.103
1405,IAUX,Basic Materials,Gold,NYSE ARCA,109.97,76,81,92,97,1.36,1112045945.4553585,862051146.0,0.0949,-39.29,10507396,10328945,10376235,2.729
1406,MAR,Consumer Cyclical,Lodging,NASDAQ,109.95,76,79,81,73,374.43,96573318712.43579,263688623.0,0.0232,-8.89,1293655,1529671,1486105,0.126
1407,HELP,Healthcare,Biotechnology,NASDAQ,109.91,76,45,18,25,7.62,449384565.5,61984078.0,2.42,-16.45,2163474,1693601,1276322,
1408,GNW,Financial Services,Insurance - Life,NYSE,109.9,76,61,67,57,9.92,3864563451.4825745,383009256.0,0.0305,-2.27,3157244,3210438,2947940,-0.005
1409,USCB,Financial Services,Banks - Regional,NASDAQ,109.89,76,64,61,61,21.67,374044663.6394501,18263900.0,0.0201,3.24,49485,60301,55855,0.147
1410,TRIN,Financial Services,Asset Management,NASDAQ,109.89,76,75,64,75,17.26,1598202496.5009518,89887651.0,0.0651,-4.54,983286,1032582,1024719,0.329
1411,PDS,Energy,Oil & Gas Drilling,NYSE,109.87,76,66,92,87,84.61,1082664269.45224,12941241.0,4.38,-18.49,73057,88915,93017,0.06
1412,SFNC,Financial Services,Banks - Regional,NASDAQ,109.87,76,73,69,60,23.18,3314955072.100868,144442482.0,0.0462,-3.05,1957415,1638268,1469717,0.143
1413,VET,Energy,Oil & Gas E&P,NYSE,109.86,76,44,91,79,11.26,1505955988.3117676,153200000.0,9.2,-24.02,1492395,1452121,1436739,0.099
1414,IDYA,Healthcare,Biotechnology,NASDAQ,109.84,76,77,55,77,35.4,3466855458.4259415,96274802.0,0.1247,-12.76,775189,1241929,1178155,
1415,D,Utilities,Utilities - Regulated Electric,NYSE,109.82,76,71,61,54,71.1,62480567668.57773,879512484.0,0.0349,-2.59,3708277,5733715,7525913,0.231
1416,ONB,Financial Services,Banks - Regional,NASDAQ,109.78,75,71,62,70,26.49,10331613931.566238,386373000.0,0.0706,-3.04,5601242,4901310,4124410,0.462
1417,ASB,Financial Services,Banks - Regional,NYSE,109.74,75,75,67,67,30.81,5920659153.566448,188917011.0,0.0,-3.2,2102843,2365137,2096860,0.122
1418,INVX,Energy,Oil & Gas Equipment & Services,NYSE,109.72,75,77,85,86,26.84,1799969676.3618565,69820389.0,0.0757,-16.78,300763,420681,437636,-0.006
1419,SDRL,Energy,Oil & Gas Drilling,NYSE,109.71,75,60,92,81,44.93,2695064799.386017,62530508.0,0.075500004,-19.0,626812,938054,832014,0.088
1420,GABC,Financial Services,Banks - Regional,NASDAQ,109.7,75,69,64,60,48.43,1824498816.6562805,37564316.0,0.0322,-1.94,151667,197319,168249,0.423
1421,NECB,Financial Services,Banks - Regional,NASDAQ,109.69,75,71,69,64,26.66,366739952.8963566,13834023.0,0.0108,-7.88,38547,51712,45451,-0.013
1422,LEGH,Consumer Cyclical,Residential Construction,NASDAQ,109.69,75,69,38,26,26.49,637109112.562706,23781601.0,0.0853,-10.05,78777,94905,90607,-0.037
1423,OKE,Energy,Oil & Gas Midstream,NYSE,109.67,75,63,70,52,93.16,58920670204.061554,630032852.0,0.0497,-3.03,3367209,3755099,3669247,0.196
1424,F,Consumer Cyclical,Auto Manufacturers,NYSE,109.64,75,75,54,78,14.37,56702174300.85247,3984692630.0,0.0,-19.18,51944507,52391202,66629937,0.064
1425,FLNT,Communication Services,Advertising Agencies,NASDAQ,109.63,75,78,73,91,3.42,111212606.32868958,29815712.0,0.0075,-17.59,13975,152035,110701,-0.188
1426,OPRA,Communication Services,Internet Content & Information,NASDAQ,109.6,75,69,72,20,18.48,1733745495.7787933,89552967.0,0.0574,-12.25,360872,350230,342976,0.232
1427,WBD,Communication Services,Entertainment,NASDAQ,109.6,75,83,92,96,25.77,67366765286.81285,2507136702.0,0.0297,-14.1,28495332,23113607,22305390,-0.01
1428,BFST,Financial Services,Banks - Regional,NASDAQ,109.6,75,70,63,69,31.16,1009422411.5749512,32677968.0,0.034,-1.28,218157,286369,249009,0.148
1429,SJM,Consumer Defensive,Packaged Foods,NYSE,109.59,75,68,33,40,118.32,11971706315.221786,106880690.0,0.0539,-0.9,1514548,1513412,1714565,0.058
1430,AUPH,Healthcare,Biotechnology,NASDAQ,109.58,75,85,87,87,15.35,2052482674.0657644,128601671.0,0.082600005,-20.26,896484,1694428,1513198,0.244
1431,UTHR,Healthcare,Drug Manufacturers - Specialty & Generic,NASDAQ,109.58,75,75,89,81,528.47,22737440740.701965,42446733.0,0.0584,-13.27,368505,498298,481797,-0.016
1432,OSW,Consumer Cyclical,Leisure,NASDAQ,109.58,75,77,75,29,26.29,2681007067.370064,101514846.0,0.0619,-10.11,713564,953094,784608,0.127
1433,GD,Industrials,Aerospace & Defense,NYSE,109.53,75,53,38,70,386.75,99675154693.19528,270430187.0,0.012999999,1.59,1143410,1331586,1191308,0.103
1434,COLB,Financial Services,Banks - Regional,NASDAQ,109.48,75,76,72,72,31.15,9622660251.739967,289490366.0,0.0299,-7.51,3286875,3095055,3018399,0.399
1435,BG,Consumer Defensive,Farm Products,NYSE,109.45,75,69,84,84,121.53,23117258698.29815,194018115.0,0.0493,-9.89,941772,1505320,1606508,0.878
1436,OLMA,Healthcare,Biotechnology,NASDAQ,109.41,75,67,93,99,11.7,1001875515.6942911,87347471.0,0.19520001,-67.73,930323,1660727,1543544,
1437,TRNO,Real Estate,REIT - Industrial,NYSE,109.4,75,62,67,55,72.68,7935146735.060913,105717386.0,0.0888,-7.93,850595,1075538,962805,0.127
1438,BCH,Financial Services,Banks - Regional,NYSE,109.35,75,71,66,88,40.72,20274127888.560333,505085406.0,0.004,-12.94,247069,313023,332479,0.136
1439,ANET,Technology,Computer Hardware,NYSE,109.35,75,84,83,69,173.99,212308559709.71603,1259169438.0,0.0208,-8.34,6449482,7829104,8659658,0.351
1440,KSS,Consumer Cyclical,Department Stores,NYSE,109.32,75,88,76,89,17.94,1961819792.3826714,113399993.0,0.31120002,-28.87,2888373,4341021,5078472,-0.02
1441,ATOM,Technology,Semiconductor Equipment & Materials,NASDAQ,109.31,75,95,96,15,5.18,217586725.5692482,38716500.0,0.15640001,-58.11,658023,859164,1178626,1.75
1442,MAKO,Basic Materials,Gold,NASDAQ,109.29,75,85,89,94,7.08,599817823.5991845,87564647.0,0.19,-21.25,126712,143320,165874,1.158
1443,BTX,Financial Services,Asset Management,NYSE,109.26,75,85,73,39,8.2,934849521.7028675,116710299.0,0.22,-13.09,776332,740500,782714,
1444,H,Consumer Cyclical,Lodging,NYSE,109.24,75,82,67,65,187.13,17951909609.183167,94161606.0,0.2802,-9.54,706019,793849,851049,-0.035
1445,NSC,Industrials,Railroads,NYSE,109.24,75,62,73,63,350.66,76397896202.6478,224594001.0,0.038,2.37,1158617,1088595,1142795,0.002
1446,KIM,Real Estate,REIT - Retail,NYSE,109.23,75,73,69,44,26.1,17615061933.010437,674389792.0,0.059499998,-1.32,3711014,5069798,4769104,0.04
1447,NFJ,Financial Services,Asset Management,NYSE,109.22,75,76,68,64,15.19,1412467499.1781845,94101764.0,0.0025,-1.49,291298,200712,185117,
1448,NODK,Financial Services,Insurance - Property & Casualty,NASDAQ,109.19,75,71,41,44,15.85,325859659.54478073,20481437.0,0.0087,-5.09,18111,29250,24954,-0.166
1449,CMRE,Industrials,Marine Shipping,NYSE,109.17,75,59,85,89,15.72,1779683384.0251827,120738359.0,0.0517,-12.96,399048,444069,460483,-0.053
1450,LTC,Real Estate,REIT - Healthcare Facilities,NYSE,109.16,75,61,65,57,42.18,2136825788.0,51181456.0,0.0543,-1.31,720297,627209,566547,-0.19
1451,CPAY,Technology,Software - Infrastructure,NYSE,109.15,75,56,42,51,370.58,23908736909.52249,65361919.0,0.04,-0.94,445037,655582,615327,0.254
1452,EWBC,Financial Services,Banks - Regional,NASDAQ,109.14,75,75,77,70,131.0,18428737749.551178,136996262.0,0.0317,-3.85,888571,1080673,948766,0.141
1453,BCBP,Financial Services,Banks - Regional,NASDAQ,109.12,75,74,82,34,10.14,178666884.86764812,17363157.0,0.0482,-13.41,132973,190924,167936,6.506
1454,ITIC,Financial Services,Insurance - Specialty,NASDAQ,109.07,75,69,54,65,282.55,546046205.4246826,1887996.0,0.042600002,-3.05,28731,52183,44750,0.132
1455,COP,Energy,Oil & Gas E&P,NYSE,109.07,75,48,82,67,120.26,139750504427.58853,1218294007.0,0.015800001,-11.49,5606397,7417405,7034099,-0.053
1456,STRT,Consumer Cyclical,Auto Parts,NASDAQ,109.02,75,62,80,90,85.78,344165888.1905365,4178799.0,0.08189999,-7.26,84858,93586,92783,-0.045
1457,IEX,Industrials,Specialty Industrial Machinery,NYSE,109.01,75,79,65,64,223.27,16648945977.58081,74015052.0,0.0363,-3.64,655147,697405,678043,0.089
1458,ASIC,Financial Services,Insurance - Property & Casualty,NYSE,108.99,75,54,53,22,23.62,1094664183.0552063,48032652.0,0.032899998,-8.61,68431,75337,71860,0.552
1459,MLR,Consumer Cyclical,Auto Parts,NYSE,108.98,75,77,70,30,51.39,565683335.2846069,11395716.0,0.0397,-2.91,63255,77175,77459,-0.198
1460,CENTA,Consumer Defensive,Packaged Foods,NASDAQ,108.97,75,75,63,41,38.45,2395835185.195259,62570779.0,0.027,-3.85,257189,385969,348115,0.087
1461,JCI,Industrials,Building Products & Equipment,NYSE,108.96,75,75,83,74,143.37,85696841693.61513,610115603.0,0.019,-5.17,2823715,4279218,4173155,0.082
1462,AGIO,Healthcare,Biotechnology,NASDAQ,108.95,75,70,20,17,36.36,2355670468.7885895,59471609.0,0.1148,-20.96,1009830,1233510,1068880,1.377
1463,EPR,Real Estate,REIT - Specialty,NYSE,108.93,75,68,64,65,63.53,4759541831.81514,76507666.0,0.14,0.36,578558,628876,622157,0.036
1464,JPM,Financial Services,Banks - Diversified,NYSE,108.9,75,63,61,59,353.21,906712036224.3652,2658200000.0,0.0101,0.56,9429638,10382886,9716827,0.304
1465,BHV,Financial Services,Asset Management,NYSE,108.89,75,71,58,41,12.53,19695626.19408989,1588357.0,0.0061000003,-5.79,2634,5238,5436,-0.02
1466,MO,Consumer Defensive,Tobacco,NYSE,108.87,75,73,68,64,72.99,123922627020.51892,1669891235.0,0.0308,-3.04,6827443,7776347,7804296,0.053
1467,NNN,Real Estate,REIT - Retail,NYSE,108.86,75,66,60,53,49.38,9434407126.459568,190248177.0,0.0525,-1.24,1460825,1676205,1793505,0.041
1468,NP,Financial Services,Insurance Brokers,NYSE,108.85,75,58,56,39,30.24,4292408325.3743,138330913.0,0.0765,-12.63,594346,883328,974121,0.288
1469,RF,Financial Services,Banks - Regional,NYSE,108.84,75,71,69,75,30.86,27009462052.16154,853379538.0,0.083500005,-4.96,11796162,11182890,11115786,0.073
1470,CZNC,Financial Services,Banks - Regional,NASDAQ,108.84,75,62,75,72,24.35,418173119.97385406,17916586.0,0.0222,0.41,67685,75005,64717,-0.138
1471,BRX,Real Estate,REIT - Retail,NYSE,108.8,75,72,71,53,32.44,9993668522.050896,306836617.0,0.0828,-1.1,1825454,2256768,2397262,0.051
1472,DD,Basic Materials,Specialty Chemicals,NYSE,108.79,75,75,81,86,137.7,18266773854.787674,135019401.0,0.048800003,-12.84,1103923,1404207,1316975,0.043
1473,RFIL,Industrials,Electrical Equipment & Parts,NASDAQ,108.78,75,98,96,91,12.46,142585625.82548618,10851265.0,0.0555,-44.13,268618,381099,326071,0.094
1474,LMT,Industrials,Aerospace & Defense,NYSE,108.76,74,36,50,84,582.6,117303844309.11255,230563608.0,0.018099999,-15.81,1254028,1339322,1263809,0.003
1475,BWB,Financial Services,Banks - Regional,NASDAQ,108.74,74,71,62,76,20.78,615107061.1286755,27883367.0,0.0226,-8.01,181240,248916,181516,0.462
1476,BVN,Basic Materials,Other Precious Metals & Mining,NYSE,108.73,74,77,87,96,30.91,7680562799.94702,253986867.0,0.024,-30.8,934551,1153640,1166634,1.03
1477,EQBK,Financial Services,Banks - Regional,NYSE,108.72,74,64,65,69,50.3,1037399905.7155113,20567009.0,0.0416,-2.76,167090,169103,134476,0.381
1478,ISTR,Financial Services,Banks - Regional,NASDAQ,108.7,74,73,74,83,29.86,412014395.5260372,13793585.0,0.0163,-6.01,231615,236395,199625,0.576
1479,WSBK,Financial Services,Banks - Regional,NASDAQ,108.69,74,72,80,69,12.99,116937697.85912609,8960743.0,0.0052,-2.95,3884,5678,5926,0.351
1480,GALT,Healthcare,Biotechnology,NASDAQ,108.66,74,81,29,77,3.47,275281822.3349142,65856898.0,0.2138,-51.33,678227,991819,723741,
1481,FUSB,Financial Services,Banks - Regional,NASDAQ,108.66,74,72,75,67,16.45,91859905.5,5567267.0,0.0021,-3.18,6229,3769,4487,0.06
1482,EBAY,Consumer Cyclical,Internet Retail,NASDAQ,108.65,74,77,73,70,109.39,49754638916.015625,444000000.0,0.0334,-8.31,3942806,3455872,4040063,0.195
1483,POWI,Technology,Semiconductors,NASDAQ,108.61,74,94,85,37,63.46,3925472702.7561035,55719984.0,0.118999995,-30.4,688246,891515,1114387,0.026
1484,PRI,Financial Services,Insurance - Life,NYSE,108.6,74,58,59,38,314.59,9683882110.784912,31184008.0,0.0494,-0.98,159045,200138,194361,0.081
1485,GOLD,Financial Services,Capital Markets,NYSE,108.57,74,84,88,96,39.35,1111157607.7714462,29004374.0,0.1475,-41.0,385996,405452,430483,2.44
1486,FIBK,Financial Services,Banks - Regional,NASDAQ,108.56,74,73,67,74,38.12,3806058028.865654,97142879.0,0.1462,-6.11,1346300,1161783,1111540,0.036
1487,INDB,Financial Services,Banks - Regional,NASDAQ,108.56,74,73,70,78,85.12,4024250184.9843597,47618626.0,0.056900002,-2.72,455904,450174,391918,0.415
1488,ABEV,Consumer Defensive,Beverages - Brewers,NYSE,108.52,74,76,70,78,3.06,46821968683.62199,15452795091.0,4.77,-11.3,18416700,23407360,25431502,-0.001
1489,SXT,Basic Materials,Specialty Chemicals,NYSE,108.49,74,81,80,52,126.79,4642145217.910156,42568960.0,0.0596,-1.98,774741,648280,527198,0.111
1490,BP,Energy,Oil & Gas Integrated,NYSE,108.49,74,50,85,74,43.82,107897960482.5369,2575130228.0,0.0047,-9.22,6864642,9405524,9036138,0.116
1491,HEI,Industrials,Aerospace & Defense,NYSE,108.48,74,64,27,69,349.61,47882523535.01477,139737708.0,0.0150999995,-5.38,443759,458546,596699,0.253
1492,CHI,Financial Services,Asset Management,NASDAQ,108.47,74,79,71,60,12.64,1032239802.6512804,80706787.0,0.0069999998,-6.37,176692,187730,175212,-0.454
1493,GFS,Technology,Semiconductors,NASDAQ,108.46,74,96,88,66,53.53,31539323629.664692,548700833.0,0.1693,-42.16,3664469,3195603,4497851,0.031
1494,NTST,Real Estate,REIT - Retail,NYSE,108.46,74,71,71,64,22.2,2174195437.3555183,97672750.0,0.39990002,-1.2,1475089,2533466,2043779,0.243
1495,CVX,Energy,Oil & Gas Integrated,NYSE,108.43,74,51,76,73,194.79,373185592746.7583,1991597732.0,0.0095,-9.28,6900665,8998921,9065445,0.023
1496,HAFC,Financial Services,Banks - Regional,NASDAQ,108.37,74,78,81,62,31.69,971278805.8439827,29766435.0,0.0392,-5.4,337591,291263,258408,0.146
1497,WST,Healthcare,Medical Instruments & Supplies,NYSE,108.36,74,85,74,25,328.2,25308793742.88208,70647595.0,0.0383,-10.73,846470,823813,772806,0.21
1498,OLP,Real Estate,REIT - Diversified,NYSE,108.35,74,65,64,42,25.13,550722862.5259247,21819448.0,0.019299999,-2.9,77127,89675,74939,0.114
1499,DLX,Industrials,Conglomerates,NYSE,108.33,74,62,92,89,26.02,1192674754.1195335,45784061.0,0.1122,-18.86,313452,418307,437378,0.003
1500,EGP,Real Estate,REIT - Industrial,NYSE,108.33,74,70,73,59,213.1,11944411719.75206,53755229.0,0.0661,-6.0,430725,416288,371313,0.091
1501,RNST,Financial Services,Banks - Regional,NYSE,108.33,74,72,64,59,43.47,4032291714.398041,92272120.0,0.053600002,-2.31,568101,773980,751244,0.602
1502,CAF,Financial Services,Asset Management,NYSE,108.32,74,78,72,79,19.87,328620374.5171814,16817828.0,0.92,-7.19,25199,20936,26769,
1503,FAF,Financial Services,Insurance - Specialty,NYSE,108.28,74,59,67,50,75.13,7441756875.610352,101900000.0,0.0731,2.22,858277,1022229,988227,0.162
1504,ENB,Energy,Oil & Gas Midstream,NYSE,108.26,74,66,68,56,56.86,123837421695.41623,2183696415.0,0.0107,-2.72,2645291,3566190,4150424,0.208
1505,TWO,Real Estate,REIT - Mortgage,NYSE,108.25,74,74,49,70,12.1,1270010181.9987984,105046333.0,0.0461,-14.61,1838379,1955479,1805773,15.691
1506,WATT,Technology,Communication Equipment,NASDAQ,108.25,74,98,99,23,14.59,83066627.1985035,5501101.0,0.1297,-60.55,186947,263419,286805,7.985
1507,AVBH,Financial Services,Banks - Regional,NASDAQ,108.25,74,79,77,77,31.86,353085027.3951225,10955167.0,0.0454,-6.79,137001,167883,137176,0.292
1508,NCI,Consumer Cyclical,Apparel Manufacturing,NASDAQ,108.23,74,9,12,14,11.72,28512880.11207962,2364252.0,0.018,-89.39,319751,209753,439046,-0.508
1509,PFGC,Consumer Defensive,Food Distribution,NYSE,108.22,74,71,33,47,111.49,17556362083.340126,157089851.0,0.0602,-4.23,1778310,1620216,1599874,0.064
1510,EMO,Financial Services,Asset Management,NYSE,108.21,74,57,64,64,52.76,1054370556.4679794,20014627.0,0.0008,-3.9,37613,45331,48132,
1511,EIG,Financial Services,Insurance - Specialty,NYSE,108.2,74,67,40,46,49.79,917983779.1527023,18242921.0,0.0979,-4.36,196828,279766,250717,0.025
1512,ETR,Utilities,Utilities - Regulated Electric,NYSE,108.15,74,76,77,59,115.95,52837226994.84535,466595090.0,0.0572,-2.11,2462155,3002751,3268099,0.12
1513,CQP,Energy,Oil & Gas Midstream,NYSE,108.14,74,51,69,45,65.64,30195296709.765583,484054123.0,0.0137,-7.08,80037,145239,123245,0.204
1514,LWAY,Consumer Defensive,Packaged Foods,NASDAQ,108.13,74,84,71,27,30.44,488256333.2591553,15281888.0,0.074,-10.99,147573,214531,209770,0.367
1515,NRIM,Financial Services,Banks - Regional,NASDAQ,108.11,74,68,73,64,27.09,619294288.8342819,22244766.0,0.0229,-12.1,164306,201148,165343,0.062
1516,SLG,Real Estate,REIT - Office,NYSE,108.08,74,64,31,22,54.61,3665755918.936409,71124483.0,0.2177,-17.62,1300217,1179992,1164213,-0.04
1517,PLX,Healthcare,Biotechnology,NYSE ARCA,108.08,74,71,51,58,2.37,191760517.18069267,80571642.0,0.046,-25.71,513314,627398,696552,2.337
1518,EPD,Energy,Oil & Gas Midstream,NYSE,108.07,74,62,77,61,38.73,82646399602.83345,2163518271.0,0.025999999,-3.58,2993171,2894193,3203842,-0.067
1519,IHG,Consumer Cyclical,Lodging,NYSE,108.06,74,84,72,66,156.18,23328182662.53241,147572004.0,0.0055,-11.21,233709,248143,244749,0.027
1520,NGVT,Basic Materials,Specialty Chemicals,NYSE,108.06,74,78,89,88,73.26,2661077393.2540894,34771690.0,0.0462,-7.6,211056,278058,260989,0.041
1521,ASGI,Financial Services,Asset Management,NYSE,108.06,74,64,73,76,24.54,774274135.6014633,31628846.0,1.56,-5.43,277874,192951,182356,
1522,UA,Consumer Cyclical,Apparel Manufacturing,NYSE,108.05,74,62,61,64,6.86,3103645303.206522,426324892.0,7.43,-13.24,2523291,3446460,3391712,-0.008
1523,ADV,Communication Services,Advertising Agencies,NASDAQ,108.02,74,90,72,17,36.44,508145617.82958984,13295280.0,0.09810001,-32.05,142499,171716,145781,0.058
1524,SLDE,Financial Services,Insurance - Property & Casualty,NASDAQ,108.01,74,43,62,34,20.26,2348464543.0,114559246.0,0.0947,-7.02,1010689,1322289,1248003,0.382
1525,FDBC,Financial Services,Banks - Regional,NASDAQ,107.94,74,70,62,55,51.55,304597801.68640137,5805180.0,0.0082,-3.66,7289,12389,11431,0.108
1526,AER,Industrials,Rental & Leasing Services,NYSE,107.93,74,68,65,79,151.3,23174979486.456696,157685101.0,0.0084,-3.01,824429,1087619,1183691,0.079
1527,CCD,Financial Services,Asset Management,NASDAQ,107.92,74,78,70,58,24.98,716572266.4072037,28582859.0,0.0011999999,-4.29,69164,76758,81648,
1528,BGR,Financial Services,Asset Management,NYSE,107.91,74,53,77,76,16.5,407298736.0,25456171.0,0.0007,-6.78,80565,108821,107217,-0.015
1529,RDI,Communication Services,Entertainment,NASDAQ,107.91,74,55,31,18,1.45,45816953.24872732,34974775.0,0.0016,-12.12,47681,29117,31194,0.123
1530,REYN,Consumer Cyclical,Packaging & Containers,NASDAQ,107.9,74,74,34,33,25.61,5530535924.239176,210767377.0,0.1516,-6.26,997121,1231723,1153830,0.072
1531,BCRX,Healthcare,Drug Manufacturers - Specialty & Generic,NASDAQ,107.89,74,64,74,23,9.34,2361171101.704464,254162660.0,0.19299999,-16.76,3147511,5441957,5141458,0.075
1532,DVN,Energy,Oil & Gas E&P,NYSE,107.88,73,58,86,77,45.04,50553660291.754166,1153403107.0,0.026700001,-14.55,9820087,13531822,13757331,-0.008
1533,TRLV,Healthcare,Drug Manufacturers - Specialty & Generic,NYSE,107.88,73,88,93,78,8.36,1690379041.2740679,192307059.0,0.0049,-37.05,674153,1536737,1186536,-0.037
1534,BURL,Consumer Cyclical,Apparel Retail,NYSE,107.87,73,67,74,62,349.97,21734573000.192505,62942206.0,0.0774,-3.11,634333,645547,840676,0.141
1535,IOR,Financial Services,Mortgage Finance,NYSE ARCA,107.87,73,42,41,38,21.3,84373193.5,4066178.0,0.0029,2.65,2462,2437,1932,
1536,FIVN,Technology,Software - Infrastructure,NASDAQ,107.84,73,43,19,13,23.12,1958506807.1986313,76563988.0,0.1104,-22.0,2168209,2446133,2861453,0.092
1537,BHVN,Healthcare,Biotechnology,NYSE,107.84,73,86,14,10,14.32,2324661622.4220943,150560990.0,0.1741,-22.87,1806404,3302584,3104340,
1538,CVLT,Technology,Software - Application,NASDAQ,107.84,73,68,20,9,142.31,6122539749.96283,41421689.0,0.1035,-29.09,534852,792070,762156,0.133
1539,KMT,Industrials,Tools & Accessories,NYSE,107.83,73,83,90,90,35.23,2571329003.1361275,76210103.0,0.1099,-19.58,832509,1008129,1185831,0.218
1540,SGC,Consumer Cyclical,Apparel Manufacturing,NASDAQ,107.82,73,81,73,34,12.33,208700302.313509,15632981.0,0.0402,-15.49,33378,51886,47703,0.028
1541,CINF,Financial Services,Insurance - Property & Casualty,NASDAQ,107.81,73,66,62,62,182.81,27965815047.63376,154686742.0,0.030199999,-6.16,820696,968682,829393,0.116
1542,GOLF,Consumer Cyclical,Leisure,NYSE,107.79,73,85,74,82,104.66,6720834131.8628845,58554053.0,0.1375,-12.53,233556,353555,337679,0.071
1543,ECVT,Basic Materials,Specialty Chemicals,NYSE,107.79,73,70,92,84,12.46,1410855446.3378716,109453484.0,0.039,-17.4,1298005,1757895,1809783,0.502
1544,EFSC,Financial Services,Banks - Regional,NASDAQ,107.77,73,71,60,55,65.99,2465517376.6197968,36585805.0,0.0301,-3.99,271231,288180,255564,0.126
1545,RYAM,Basic Materials,Chemicals,NYSE,107.77,73,73,92,86,8.38,555019227.3990822,67438549.0,0.0636,-29.28,878396,1037008,967893,-0.095
1546,PCAR,Industrials,Farm & Heavy Construction Machinery,NASDAQ,107.77,73,67,67,78,132.24,66417320493.70189,526286229.0,0.0332,0.27,3358820,3404220,3227046,-0.089
1547,HASI,Financial Services,Asset Management,NYSE,107.77,73,77,86,81,38.37,4910116721.709259,127801066.0,0.1216,-13.05,772512,949684,1014774,-0.283
1548,SKE,Basic Materials,Other Industrial Metals & Mining,NYSE,107.72,73,74,91,96,27.11,3124444852.167549,124084385.0,4.96,-30.07,610111,1025560,850304,
1549,CVBF,Financial Services,Banks - Regional,NASDAQ,107.7,73,69,62,53,22.56,4026707518.8701477,176455196.0,0.0639,-3.47,1570160,1805780,1657452,0.003
1550,TFIN,Financial Services,Banks - Regional,NYSE,107.69,73,81,65,58,76.91,1919022068.8601837,23806253.0,0.13229999,-4.61,378336,315568,279517,0.062
1551,EBF,Industrials,Business Equipment & Supplies,NYSE,107.68,73,62,71,64,21.58,540877034.1288452,25298272.0,0.0642,-3.49,120813,166947,147508,0.015
1552,MCHB,Financial Services,Banks - Regional,NASDAQ,107.64,73,74,74,76,15.68,3604409734.424057,221401080.0,0.0862,-6.0,856352,626110,556432,0.307
1553,JXN,Financial Services,Insurance - Life,NYSE,107.64,73,56,75,82,119.28,8763918704.046875,69743104.0,0.0512,-5.85,605237,678909,630009,-0.226
1554,ENTA,Healthcare,Biotechnology,NASDAQ,107.61,73,80,89,93,12.78,399536934.544487,29078380.0,0.106400006,-25.48,143280,226333,217422,0.15
1555,DGXX,Utilities,Utilities - Independent Power Producers,NASDAQ,107.6,73,97,80,25,3.98,340899070.1652961,90424157.0,0.0612,-56.74,4240845,5168151,8743309,-0.268
1556,WAFD,Financial Services,Banks - Regional,NASDAQ,107.6,73,75,74,65,36.73,2816628778.678589,73888480.0,0.0633,-6.99,671915,666341,594243,0.056
1557,SAIC,Technology,Information Technology Services,NASDAQ,107.6,73,53,30,37,118.99,4883395453.003029,42276819.0,0.0785,-3.58,433361,565343,576914,0.015
1558,PLD,Real Estate,REIT - Industrial,NYSE,107.59,73,70,76,68,147.63,139654902760.4065,932338000.0,0.0161,-3.73,4920664,4295218,3994688,0.058
1559,AMGN,Healthcare,Drug Manufacturers - General,NASDAQ,107.58,73,64,63,72,376.04,197689748295.22504,539708274.0,0.0239,-3.9,2271740,2741166,2654520,0.058
1560,NXPI,Technology,Semiconductors,NASDAQ,107.57,73,86,53,64,269.24,67291116377.677765,252471079.0,0.0387,-20.8,3615275,4085185,4003115,0.122
1561,SRBK,Financial Services,Banks - Regional,NASDAQ,107.57,73,75,80,73,19.09,146091066.16390228,7434660.0,0.0594,-5.5,31081,37353,46886,0.076
1562,NWE,Utilities,Utilities - Regulated Electric,NASDAQ,107.54,73,73,75,74,72.86,4432267482.793945,61508016.0,0.0315,-3.09,340277,475542,509971,0.066
1563,REI,Energy,Oil & Gas E&P,NYSE ARCA,107.54,73,35,93,78,1.27,312239963.59187365,253853625.0,0.0374,-36.5,4445672,6051677,6145760,-0.071
1564,UPS,Industrials,Integrated Freight & Logistics,NYSE,107.53,73,70,64,67,114.79,100062740201.48532,850006279.0,0.031,-6.22,4454341,4772143,5122070,-0.016
1565,FBNC,Financial Services,Banks - Regional,NASDAQ,107.53,73,74,74,78,62.74,2665817872.216774,41375413.0,0.0614,-5.71,312095,308045,264041,0.139
1566,MCRI,Consumer Cyclical,Resorts & Casinos,NASDAQ,107.51,73,84,82,50,119.54,2183722931.8131104,17749516.0,0.0433,-12.06,171411,194310,174332,0.089
1567,NBBK,Financial Services,Banks - Regional,NASDAQ,107.51,73,59,57,74,22.43,933052507.3869686,43846451.0,0.041500002,-1.88,342624,297338,255492,0.363
1568,SWAG,Communication Services,Advertising Agencies,NASDAQ,107.51,73,82,34,82,1.98,39143137.222390175,18639590.0,0.0022,-43.43,20831,32613,56238,0.089
1569,CHE,Healthcare,Medical Care Facilities,NYSE,107.51,73,54,32,25,511.13,6770191246.91626,13274104.0,0.0499,-0.14,157710,195366,201600,0.016
1570,MIDD,Industrials,Specialty Industrial Machinery,NASDAQ,107.51,73,74,44,56,133.88,6023475212.313477,45214496.0,0.0482,-9.88,537206,836373,770269,0.15
1571,INBK,Financial Services,Banks - Regional,NASDAQ,107.5,73,76,64,49,26.45,232909202.6547432,8716662.0,0.0242,-8.41,40109,39369,40503,0.137
1572,ET,Energy,Oil & Gas Midstream,NYSE,107.49,73,61,67,58,20.36,69924355458.48154,3441159277.0,0.0106,-1.64,8196727,8308222,8932673,0.321
1573,ATRA,Healthcare,Biotechnology,NASDAQ,107.46,73,84,11,7,7.9,75595346.17339706,9010172.0,0.0572,-58.74,79198,81786,118079,-0.995
1574,HSTM,Healthcare,Health Information Services,NASDAQ,107.43,73,55,27,20,27.14,832048540.8663483,29215188.0,0.0538,-9.53,165186,199668,220085,0.105
1575,BMRC,Financial Services,Banks - Regional,NASDAQ,107.43,73,58,61,67,28.77,468206327.6751766,16189707.0,0.0643,-5.17,153336,171245,138289,0.253
1576,FNB,Financial Services,Banks - Regional,NYSE,107.41,73,72,68,71,19.05,6820269208.524212,355963949.0,0.115200005,-2.76,8713798,5954579,5477577,0.069
1577,IMPP,Energy,Oil & Gas Midstream,NASDAQ,107.4,73,72,85,48,4.76,211599911.6785612,45213658.0,0.1096,-27.55,184858,278302,400585,0.923
1578,SAIA,Industrials,Trucking,NASDAQ,107.4,73,85,88,62,423.68,11621049788.065247,26601922.0,0.0479,-14.36,410901,401010,394728,0.024
1579,AMX,Communication Services,Telecom Services,NYSE,107.39,73,74,81,64,26.01,78857944124.12643,3001825000.0,0.0044,-8.61,1481787,1340619,1337225,0.021
1580,PALI,Healthcare,Biotechnology,NASDAQ,107.39,73,90,90,71,1.95,342345954.87187624,173779670.0,0.1852,-31.82,2906409,4186429,3567233,
1581,AME,Industrials,Specialty Industrial Machinery,NYSE,107.39,73,73,73,73,241.97,54321111474.0,229203002.0,0.0166,-1.12,978929,1132573,1131503,0.113
1582,ALX,Real Estate,REIT - Retail,NYSE,107.34,73,73,63,71,273.94,1438366107.6379395,5107290.0,0.1579,-5.35,27648,31996,34901,-0.027
1583,CEE,Financial Services,Asset Management,NYSE,107.34,73,79,76,82,20.74,132685950.38725662,6520194.0,0.00059999997,-5.64,22123,25884,25664,0.631
1584,DSWL,Technology,Electronic Components,NASDAQ,107.3,73,70,66,78,3.48,56869154.408052444,15885239.0,0.0011999999,-22.32,7786,17445,13541,-0.134
1585,NTWK,Technology,Software - Application,NASDAQ,107.3,73,81,54,58,4.35,52493750.78609848,11876414.0,0.0042,-24.35,9182,25157,31158,0.13
1586,NAAS,Consumer Cyclical,Specialty Retail,NASDAQ,107.3,73,50,13,15,3.12,37973884.29967356,12055201.0,0.0073,-31.43,20482,28344,20074,-0.353
1587,ICLR,Healthcare,Diagnostics & Research,NASDAQ,107.28,73,72,10,56,165.76,13114714260.0,77145378.0,0.0438,-21.44,648532,860890,990724,0.009
1588,AUR,Consumer Cyclical,Auto Parts,NASDAQ,107.26,73,82,33,16,5.95,11884890607.119059,1961203089.0,0.17969999,-30.53,21633651,25841570,29116312,
1589,FTAI,Industrials,Aerospace & Defense,NASDAQ,107.25,73,88,82,96,215.98,21281864059.84845,102582972.0,0.0959,-33.24,1377398,1223582,1137991,0.655
1590,DJCO,Technology,Software - Application,NASDAQ,107.23,73,66,72,88,575.1,817168256.5871582,1377722.0,0.1831,-14.77,35060,34400,35526,0.25
1591,ABCL,Healthcare,Biotechnology,NASDAQ,107.22,72,93,58,33,5.31,1974251962.341587,305375393.0,0.2061,-37.09,4706205,6780925,7237475,0.963
1592,NDSN,Industrials,Specialty Industrial Machinery,NASDAQ,107.22,72,78,75,79,295.77,16101373225.17566,55717948.0,0.0374,-3.89,343476,415048,416439,0.085
1593,AAL,Industrials,Airlines,NASDAQ,107.21,72,88,37,57,14.48,9907549049.501911,661385137.0,0.088,-22.94,141018853,148222607,121854782,0.108
1594,CBNK,Financial Services,Banks - Regional,NASDAQ,107.21,72,65,50,50,36.13,583763893.68536,16288055.0,0.0594,-2.35,56539,70726,68081,0.057
1595,SLP,Healthcare,Health Information Services,NASDAQ,107.18,72,77,21,24,18.34,368698787.4818039,20224838.0,0.0858,-12.71,629475,656871,486247,0.075
1596,ALSN,Consumer Cyclical,Auto Parts,NYSE,107.18,72,74,84,71,122.34,9421527315.049736,82935981.0,0.049200002,-11.1,731622,1311984,1185584,0.836
1597,BTO,Financial Services,Asset Management,NYSE,107.18,72,66,63,65,40.45,796238065.7276001,19816776.0,0.3,-1.32,46288,47169,44257,-0.016
1598,COSO,Financial Services,Banks - Regional,NYSE,107.18,72,67,70,66,27.09,329257603.7217541,12167687.0,0.0068,-3.32,69177,144362,118003,0.184
1599,CP,Industrials,Railroads,NYSE,107.17,72,64,73,41,92.36,83189777606.09305,887736404.0,0.0201,-1.69,2403611,2560380,2731338,-0.025
1600,MGNI,Communication Services,Advertising Agencies,NASDAQ,107.17,72,61,23,25,18.51,2742922954.0,144364366.0,0.1161,-30.54,2054265,3213011,2912241,0.055
1601,LOB,Financial Services,Banks - Regional,NYSE,107.15,72,74,70,79,42.08,1965226348.502758,46262391.0,0.065,-4.04,231470,297753,269386,0.335
1602,FCFS,Financial Services,Credit Services,NASDAQ,107.12,72,82,88,77,195.06,9363954736.82579,43836687.0,0.0533,-17.34,518810,528116,457334,0.257
1603,HSIC,Healthcare,Medical Distribution,NASDAQ,107.11,72,65,61,63,85.47,10004169564.975365,113916757.0,0.075500004,-4.33,1251049,1303909,1418653,0.063
1604,GGAL,Financial Services,Banks - Regional,NASDAQ,107.1,72,66,23,38,49.3,8462504810.591106,169453445.0,0.2131,-21.15,1054178,1185202,1252345,-0.147
1605,IAE,Financial Services,Asset Management,NYSE,107.09,72,81,70,77,8.57,91807860.48990726,10750335.0,0.07,-7.55,97853,84831,79484,
1606,DBRG,Financial Services,Asset Management,NYSE,107.08,72,72,81,86,15.9,2921112788.463167,184880554.0,0.1037,0.51,2571226,3021535,2750139,0.589
1607,TROW,Financial Services,Asset Management,NASDAQ,107.07,72,64,50,55,116.5,25144185887.155106,214266606.0,0.14739999,-3.85,1772539,2188603,2098691,0.053
1608,FTDR,Consumer Cyclical,Personal Services,NASDAQ,107.05,72,77,63,39,71.49,5316081417.651978,70234922.0,0.0563,-11.45,436447,657899,580979,0.059
1609,BSAA,Financial Services,Shell Companies,NASDAQ,107.02,72,63,47,43,11.85,88941993.38722229,7399500.0,0.0023,-31.1,2676,8765,17079,
1610,SVM,Basic Materials,Silver,NYSE ARCA,107.02,72,90,95,97,9.64,1973126629.076414,221202535.0,0.1238,-38.87,2671794,3688468,3583538,0.962
1611,HESM,Energy,Oil & Gas Midstream,NYSE,107.0,72,54,58,36,40.64,5177674559.12479,128350881.0,0.0743,-7.93,779504,956921,1284140,0.021
1612,LNG,Energy,Oil & Gas Midstream,NYSE,106.99,72,36,74,32,269.72,55028321815.8031,209551868.0,0.0188,-10.36,1744812,2165274,2148790,0.242
1613,CEPU,Utilities,Utilities - Regulated Electric,NYSE,106.98,72,60,55,79,14.78,2140303684.918251,149986238.0,0.0027,-20.12,168159,246893,277673,0.631
1614,ISSC,Industrials,Aerospace & Defense,NASDAQ,106.97,72,48,92,94,19.14,330300093.23870087,17892747.0,0.0425,-38.14,280330,390886,464586,0.02
1615,CCK,Consumer Cyclical,Packaging & Containers,NYSE,106.97,72,59,47,61,117.88,13097820876.262917,111746617.0,0.0382,-0.52,1284675,1222318,1165661,0.129
1616,UAA,Consumer Cyclical,Apparel Manufacturing,NYSE,106.96,72,61,61,57,7.03,3167593874.376482,426324892.0,0.35279998,-13.74,7745254,8656634,8489376,-0.008
1617,DRS,Industrials,Aerospace & Defense,NASDAQ,106.93,72,53,37,59,48.1,11774878357.361343,266762087.0,0.0119,-4.92,886215,1137541,1029635,0.059
1618,KEY,Financial Services,Banks - Regional,NYSE,106.91,72,75,76,80,22.65,25419130742.707077,1079368644.0,0.0001,-5.9,11470564,11472841,11818816,0.118
1619,AFL,Financial Services,Insurance - Life,NYSE,106.91,72,61,62,55,125.6,63480597848.19946,508984904.0,0.0318,-0.26,1993194,2387331,2476944,0.279
1620,BGC,Financial Services,Capital Markets,NASDAQ,106.88,72,78,77,36,11.65,5413340089.472802,479056637.0,0.0287,-9.62,2199434,3512898,3372422,0.443
1621,CRGY,Energy,Oil & Gas E&P,NYSE,106.88,72,42,88,57,11.27,3550205001.0,330251628.0,0.1555,-21.13,5721438,6225169,6384823,0.245
1622,SYBT,Financial Services,Banks - Regional,NASDAQ,106.87,72,61,54,34,81.8,2394862336.305359,29515188.0,0.055,-2.42,175673,217854,196796,0.094
1623,UE,Real Estate,REIT - Retail,NYSE,106.86,72,73,71,47,23.35,2986673953.9456253,126019994.0,0.0521,-3.15,758569,1066919,926807,0.054
1624,BORR,Energy,Oil & Gas Drilling,NYSE,106.84,72,78,96,94,4.23,1284136753.8581429,308686731.0,0.117,-36.44,3444849,5144929,7156739,0.14
1625,SPCB,Industrials,Security & Protection Services,NASDAQ,106.83,72,64,37,55,10.71,66635593.56377792,6280452.0,0.0139,-21.08,80117,83795,82603,0.08
1626,QTEX,Technology,Computer Hardware,NASDAQ,106.83,72,96,10,23,0.88,70750138.10743952,55708771.0,0.0535,-77.14,3150571,11037160,37179436,
1627,BCAT,Financial Services,Asset Management,NYSE,106.81,72,73,68,62,15.31,1617730140.2745466,104775271.0,1.66,-5.38,948712,753947,729596,
1628,ECBK,Financial Services,Banks - Regional,NASDAQ,106.8,72,71,63,67,19.91,175517091.82125092,8753970.0,0.017,-4.09,7298,14122,12455,0.444
1629,HUN,Basic Materials,Chemicals,NYSE,106.76,72,55,79,57,12.8,2067792373.7695827,175385274.0,0.1216,-20.45,3588642,7000390,5951432,0.007
1630,TJGC,Communication Services,Advertising Agencies,NASDAQ,106.73,72,87,30,12,5.19,45146997.88093567,10100000.0,0.0159,-40.32,154458,109416,218860,0.084
1631,OMCL,Healthcare,Health Information Services,NASDAQ,106.73,72,66,80,86,41.0,2086117507.2532845,45478909.0,0.0848,-25.45,688610,766540,664306,0.149
1632,UTI,Consumer Defensive,Education & Training Services,NYSE,106.71,72,73,74,28,37.78,2219524343.7253,55061381.0,0.0956,-26.41,1053164,975684,1286480,0.067
1633,KOPN,Technology,Electronic Components,NASDAQ,106.62,72,94,95,79,3.58,705997877.6269755,185301283.0,0.15529999,-45.84,4556530,5564413,6824052,0.001
1634,FORR,Industrials,Consulting Services,NASDAQ,106.59,72,38,16,21,8.87,200331834.07592773,19412000.0,0.155,-23.34,146074,182428,140066,-0.049
1635,PH,Industrials,Specialty Industrial Machinery,NYSE,106.59,72,73,79,82,987.54,120186809629.14288,126086389.0,0.0127,-4.58,540030,603086,689646,0.106
1636,VATE,Industrials,Engineering & Construction,NYSE,106.58,72,99,96,28,8.34,123186046.33722878,13641866.0,0.066599995,-60.85,90289,116149,97777,0.33
1637,CPA,Industrials,Airlines,NYSE,106.58,72,85,44,81,136.28,5673981201.02417,40799460.0,0.047,-15.07,275905,313978,359779,0.17
1638,JILL,Consumer Cyclical,Apparel Retail,NYSE,106.49,72,41,26,31,16.86,248343012.2756195,14951415.0,0.082100004,-10.32,95727,84132,76335,-0.06
1639,BST,Financial Services,Asset Management,NYSE,106.47,72,82,68,63,45.35,1557540073.5314178,34720019.0,0.0008,-11.6,81139,92426,112047,
1640,TPL,Energy,Oil & Gas E&P,NYSE,106.45,72,51,75,39,419.44,28672670977.27301,68974429.0,0.0853,-23.35,248789,386206,404613,0.208
1641,S,Technology,Software - Infrastructure,NYSE,106.45,72,37,28,17,18.14,6708668754.494606,342803723.0,0.069699995,-15.23,7959368,6997969,8289707,0.208
1642,DRUG,Healthcare,Biotechnology,NASDAQ,106.42,72,74,94,95,71.33,746894110.2696304,9812061.0,0.126,-42.36,253760,318920,348820,
1643,ZIP,Communication Services,Internet Content & Information,NYSE,106.41,72,85,28,7,3.9,322829301.1098385,81522550.0,0.059,-30.48,428033,702427,677696,-0.023
1644,TDC,Technology,Software - Infrastructure,NYSE,106.41,72,75,56,78,28.52,2871932043.0755615,94100000.0,0.24780001,-31.74,2777085,3398115,2937345,0.062
1645,PSO,Communication Services,Publishing,NYSE,106.39,72,63,54,25,16.29,10159029781.288065,600415469.0,0.0069999998,-7.76,948705,807601,827673,0.032
1646,LEVI,Consumer Cyclical,Apparel Manufacturing,NYSE,106.38,72,75,70,55,24.54,9374959925.214142,384850562.0,0.0794,-4.07,2301875,3100568,2817887,0.08
1647,PRK,Financial Services,Banks - Regional,NYSE ARCA,106.38,72,65,66,52,188.58,3428666004.9199524,18096089.0,0.045100003,-2.17,93309,114063,102725,0.212
1648,SW,Consumer Cyclical,Packaging & Containers,NYSE,106.35,72,68,34,45,48.56,23233758255.265663,524464078.0,0.06,-7.77,4652730,5948870,5478016,0.007
1649,NVS,Healthcare,Drug Manufacturers - General,NYSE,106.34,72,68,69,80,155.01,293388210056.9378,1908091965.0,0.0028,-9.06,1891785,2104335,1909225,-0.007
1650,KFY,Industrials,Staffing & Employment Services,NYSE,106.34,72,53,48,53,78.25,3997868801.0406494,50857000.0,0.059,-2.15,429143,674277,578688,0.067
1651,CIX,Industrials,Security & Protection Services,NYSE ARCA,106.31,71,70,48,46,26.7,309308735.4008732,12323057.0,0.0222,-17.34,4824,6868,5772,0.007
1652,ARIS,Basic Materials,Gold,NYSE,106.28,71,80,95,98,14.66,2877215913.3911133,206400000.0,1.89,-37.05,1415961,1562400,1424302,1.365
1653,KRC,Real Estate,REIT - Office,NYSE,106.28,71,65,40,31,39.42,4680221981.75,116278807.0,0.1106,-12.46,1243813,1356427,1470692,-0.003
1654,STOK,Healthcare,Biotechnology,NASDAQ,106.24,71,81,95,95,29.3,1809282030.2328682,62281655.0,0.2323,-27.15,535141,903223,769874,-0.961
1655,EML,Industrials,Tools & Accessories,NASDAQ,106.21,71,67,66,22,24.22,153969238.5611,6030914.0,0.038900003,-19.02,16698,49742,38203,-0.057
1656,CACC,Financial Services,Credit Services,NASDAQ,106.21,71,82,61,55,574.08,6694445440.0,10460071.0,0.34669998,-14.17,128934,183901,169216,0.127
1657,JLHL,Industrials,Building Products & Equipment,NASDAQ,106.19,71,98,98,25,6.08,200544717.38200378,21448632.0,0.0115,-89.51,2127884,4348791,2628280,0.854
1658,CZR,Consumer Cyclical,Resorts & Casinos,NASDAQ,106.13,71,65,67,25,29.94,6082290303.684692,203693576.0,0.1007,-3.04,3565933,4362287,7286762,0.027
1659,CII,Financial Services,Asset Management,NYSE,106.09,71,75,75,74,24.48,1004097024.0,40983552.0,0.0156,-6.46,71792,66734,68600,-0.045
1660,PCTTU,Industrials,Pollution & Treatment Controls,NASDAQ,106.09,71,68,9,14,11.0,,,0.55,-51.86,0,316,378,1.612
1661,BSAC,Financial Services,Banks - Regional,NYSE,106.08,71,68,68,87,33.47,15466716719.74791,471115317.0,0.0061000003,-11.27,275263,352577,395594,0.193
1662,GCO,Consumer Cyclical,Apparel Retail,NYSE,106.08,71,83,83,56,35.69,410624805.36831665,11106973.0,0.088599995,-18.14,157788,191406,195689,0.028
1663,LXU,Basic Materials,Chemicals,NYSE,106.07,71,51,94,73,12.24,819383469.2482424,71938845.0,0.056599997,-28.92,699756,762495,825241,0.182
1664,RRR,Consumer Cyclical,Resorts & Casinos,NASDAQ,106.06,71,64,54,77,63.92,3785649801.5,58465634.0,0.1121,-7.35,587028,717342,762723,0.019
1665,XRX,Industrials,Business Equipment & Supplies,NASDAQ,106.06,71,88,7,9,2.58,362259519.9755769,130779611.0,0.3209,-62.06,1883303,3174984,4506936,0.267
1666,GOOGL,Communication Services,Internet Content & Information,NASDAQ,106.04,71,85,88,90,319.74,4231486149881.8574,12202573129.0,0.0146,-21.75,32173046,34423392,33424207,0.218
1667,VOD,Communication Services,Telecom Services,NASDAQ,106.04,71,64,82,87,15.15,36245372506.76107,2302755593.0,0.0038,-8.79,4368627,4186209,3790395,
1668,ELDN,Healthcare,Biotechnology,NASDAQ,106.01,71,89,80,9,3.58,314154452.860168,77187823.0,0.1015,-22.17,886888,1594972,1375081,
1669,HTH,Financial Services,Financial Conglomerates,NYSE,106.01,71,69,72,75,39.08,2263948037.8219986,58530197.0,0.0551,-3.29,245663,288551,289640,-0.034
1670,IHD,Financial Services,Asset Management,NYSE,105.97,71,80,76,78,7.33,131777444.18543768,17735861.0,0.0018000001,-9.95,56448,73939,91395,
1671,CBU,Financial Services,Banks - Regional,NYSE,105.93,71,69,64,63,67.24,3618406781.4575424,52554929.0,0.0496,-5.44,288368,368476,323105,0.095
1672,SEIC,Financial Services,Asset Management,NASDAQ,105.93,71,56,61,56,99.22,11937092868.0,120272976.0,0.0217,-1.56,949858,772602,705939,0.128
1673,FGBIP,Financial Services,Banks - Regional,NASDAQ,105.93,71,71,60,34,19.47,,,0.69,-9.27,935,775,1253,1.021
1674,NKSH,Financial Services,Banks - Regional,NASDAQ,105.93,71,68,77,84,36.64,233020122.87174225,6368410.0,0.0134000005,-8.4,32815,30981,29063,0.227
1675,L,Financial Services,Insurance - Property & Casualty,NYSE,105.91,71,59,71,67,117.9,23550246886.893234,205768873.0,0.0275,-1.01,733739,861656,884205,0.014
1676,CHY,Financial Services,Asset Management,NASDAQ,105.9,71,76,67,63,12.78,1047507291.4956417,80330314.0,0.0039,-8.12,198108,167842,189289,-0.449
1677,TTI,Industrials,Conglomerates,NYSE,105.9,71,92,94,98,8.31,1368835624.5138664,147822418.0,0.065799996,-33.73,1290604,1650944,1650152,-0.006
1678,LAD,Consumer Cyclical,Auto & Truck Dealerships,NYSE,105.9,71,39,30,47,340.95,7646335301.760864,22805820.0,0.1697,-5.44,274706,292268,292465,0.01
1679,ADX,Financial Services,Asset Management,NYSE,105.88,71,68,69,67,25.88,3181945287.2295227,122523888.0,0.0085,-1.63,308150,274756,272908,-0.153
1680,EVRG,Utilities,Utilities - Regulated Electric,NASDAQ,105.87,71,69,66,59,87.18,19729608965.58609,230513025.0,0.08939999,-1.62,1965282,2116357,2081916,0.05
1681,CMT,Basic Materials,Specialty Chemicals,NYSE ARCA,105.86,71,67,91,72,24.54,213397411.73332787,8563299.0,0.024400001,-14.46,28218,30259,28135,-0.047
1682,VVV,Consumer Cyclical,Auto & Truck Dealerships,NYSE,105.86,71,66,36,32,38.96,5097617233.31369,127536079.0,0.1229,-5.73,1846144,2081528,2045550,0.25
1683,PAM,Industrials,Conglomerates,NYSE,105.85,71,48,46,60,86.26,4402171564.456421,53744004.0,0.0105,-8.72,144980,174360,199588,0.384
1684,UHT,Real Estate,REIT - Healthcare Facilities,NYSE,105.82,71,59,63,56,43.83,608306218.4372482,13875598.0,0.0239,-5.33,82602,240564,176898,0.003
1685,VLGEA,Consumer Defensive,Grocery Stores,NASDAQ,105.81,71,58,80,57,42.62,658874279.4472389,14809491.0,0.032,-11.6,49328,55159,59269,0.016
1686,LYV,Communication Services,Entertainment,NYSE,105.81,71,67,56,43,177.24,41939500919.85324,232712799.0,0.1525,-5.72,1541752,2376577,2350404,0.122
1687,BME,Financial Services,Asset Management,NYSE,105.76,71,63,55,67,42.85,550049841.4285545,12924103.0,0.0047,-3.38,44282,44697,46504,0.076
1688,IBCP,Financial Services,Banks - Regional,NASDAQ,105.76,71,62,58,64,37.66,750270173.22575,20606157.0,0.0375,-3.85,248550,213333,177866,0.097
1689,GOOG,Communication Services,Internet Content & Information,NASDAQ,105.76,71,84,87,90,319.09,4223554551826.6035,12202573129.0,2.13,-21.11,20989870,22936033,22899750,0.218
1690,OPBK,Financial Services,Banks - Regional,NASDAQ,105.75,71,64,67,56,15.66,223115693.40195847,14894239.0,0.0128,-0.45,39189,55159,44201,0.123
1691,STHO,Real Estate,Real Estate Services,NASDAQ,105.72,71,66,66,50,9.27,113755333.26539993,12088771.0,0.0101,-4.24,15068,15656,14419,0.432
1692,CRT,Energy,Oil & Gas E&P,NYSE,105.72,71,50,80,51,10.15,59159997.94006348,6000000.0,0.0054,-8.56,16013,21561,20808,-0.619
1693,MLAB,Technology,Scientific & Technical Instruments,NASDAQ,105.69,71,73,73,25,97.5,541111755.6286011,5524931.0,0.0728,-14.47,160381,220183,213828,0.026
1694,WNEB,Financial Services,Banks - Regional,NASDAQ,105.66,71,73,79,82,14.25,294431722.1931467,20125203.0,0.0147,-5.06,48505,57848,50255,0.222
1695,EG,Financial Services,Insurance - Reinsurance,NYSE,105.66,71,50,53,44,385.12,15138908066.97107,39571602.0,0.046,-0.15,353588,417529,416381,-0.047
1696,PCRX,Healthcare,Drug Manufacturers - Specialty & Generic,NASDAQ,105.65,71,40,69,25,25.88,1007700357.6560669,39347924.0,0.24209999,-6.37,532240,509050,477896,0.05
1697,HTB,Financial Services,Banks - Regional,NYSE,105.65,71,70,72,66,48.7,824302404.6785355,16805350.0,0.0162,-4.51,112118,147309,114187,0.093
1698,SEG,Real Estate,Real Estate Services,NYSE,105.64,71,79,61,21,26.04,338994570.9397507,12801910.0,0.111499995,-8.12,45371,54970,65792,-0.275
1699,VIR,Healthcare,Biotechnology,NASDAQ,105.64,71,89,91,71,8.69,1590388166.288498,168651974.0,0.115200005,-25.47,1683385,2134891,1939717,
1700,NGS,Energy,Oil & Gas Equipment & Services,NYSE,105.64,71,83,89,86,36.47,499218848.06435776,12876421.0,0.0359,-18.25,122689,144736,131637,0.171
1701,JBSS,Consumer Defensive,Packaged Foods,NASDAQ,105.61,71,75,71,75,81.19,928970539.5195007,11689575.0,0.0512,-11.83,122486,120475,123205,0.08
1702,USFD,Consumer Defensive,Food Distribution,NYSE,105.59,71,68,71,66,97.17,21420959739.850525,220221656.0,0.066599995,-7.61,2243627,2776925,2822461,0.028
1703,TRMK,Financial Services,Banks - Regional,NASDAQ,105.57,71,68,73,70,46.61,2747428105.9574776,58605547.0,0.0793,-2.9,479535,494505,435903,0.057
1704,ESQ,Financial Services,Banks - Regional,NASDAQ,105.56,71,64,62,71,120.1,1064896283.5158157,8639431.0,0.1082,-10.91,167085,146451,129449,0.17
1705,HOMB,Financial Services,Banks - Regional,NYSE,105.56,71,53,39,52,30.98,6182186430.587769,200460000.0,0.0761,-0.64,2229188,2165149,1885089,0.087
1706,AWR,Utilities,Utilities - Regulated Water,NYSE,105.55,71,59,59,38,86.41,3499120011.997406,39192653.0,0.0322,-3.5,283428,369176,337299,0.143
1707,VSEC,Industrials,Aerospace & Defense,NASDAQ,105.54,71,84,61,90,195.42,5600488127.844727,28057152.0,0.0868,-18.76,433371,529887,485242,0.268
1708,APEI,Consumer Defensive,Education & Training Services,NASDAQ,105.51,71,80,93,88,47.71,930198259.6860352,18343488.0,0.12149999,-22.54,396742,326670,287310,0.062
1709,CCS,Real Estate,Real Estate - Development,NYSE,105.5,71,72,40,49,69.38,1885252587.0612183,28769306.0,0.0919,-8.71,291012,346607,352396,-0.126
1710,RMAX,Real Estate,Real Estate Services,NYSE,105.49,70,78,85,30,9.37,236626944.3320732,21317742.0,0.066199996,-20.66,385292,364830,359256,-0.057
1711,EVT,Financial Services,Asset Management,NYSE,105.48,70,69,63,65,27.61,2020109420.6358147,74542782.0,0.35,-1.25,72682,95554,99348,-0.127
1712,PCG,Utilities,Utilities - Regulated Electric,NYSE,105.48,70,59,56,37,17.85,38142531616.89435,2202224728.0,0.0,-6.84,18897016,18243832,18299329,0.15
1713,AOD,Financial Services,Asset Management,NYSE,105.47,70,69,69,72,10.4,1102970352.1824646,105446496.0,1.51,-3.44,394380,377483,404532,0.161
1714,ERO,Basic Materials,Copper,NYSE,105.47,70,74,83,96,25.98,2516227280.3264465,104277968.0,2.64,-34.72,823898,1137872,1192637,1.104
1715,IGD,Financial Services,Asset Management,NYSE,105.44,70,62,64,56,6.38,498449022.0186777,78868514.0,0.0108,-0.47,229018,288909,315935,-0.066
1716,MLTX,Healthcare,Biotechnology,NASDAQ,105.39,70,29,29,22,19.02,1644493986.3010025,83561685.0,0.1089,-69.69,987065,1353271,1132545,
1717,MHO,Consumer Cyclical,Residential Construction,NYSE,105.38,70,78,61,59,149.83,3853045644.845276,25767710.0,0.0723,-8.45,201249,268709,243335,-0.057
1718,CLST,Financial Services,Banks - Regional,NASDAQ,105.38,70,63,71,76,16.6,70016765.66221619,4051896.0,0.0023999999,-8.59,2830,2296,3348,0.098
1719,THW,Financial Services,Asset Management,NYSE,105.37,70,68,65,63,13.12,536031691.46169376,40363833.0,0.0023999999,-4.86,221232,172820,143662,
1720,WMB,Energy,Oil & Gas Midstream,NYSE,105.36,70,71,74,70,74.0,89743609326.63495,1222998265.0,0.0226,-7.59,6419475,7379985,7068581,0.09
1721,RVTY,Healthcare,Diagnostics & Research,NYSE,105.36,70,76,25,64,110.47,12288309166.176704,111559773.0,0.1026,-6.62,1225235,1422518,1432015,0.07
1722,SMC,Energy,Oil & Gas Midstream,NYSE,105.35,70,53,70,61,30.5,406692587.21762466,13814286.0,0.0183,-8.96,31205,55971,65099,0.049
1723,CLH,Industrials,Waste Management,NYSE,105.32,70,70,80,68,303.74,16412919908.95752,52846032.0,0.0239,-4.18,405229,447456,474197,0.019
1724,WTFC,Financial Services,Banks - Regional,NASDAQ,105.28,70,73,68,72,158.66,11081666516.634216,67447756.0,0.0369,-5.12,838153,657021,557348,0.104
1725,PFBC,Financial Services,Banks - Regional,NASDAQ,105.27,70,68,66,37,102.96,1271706788.4922485,11841948.0,0.1093,-8.28,129910,143523,125002,0.033
1726,MPLX,Energy,Oil & Gas Midstream,NYSE,105.26,70,55,59,65,58.65,57900707399.6647,1014733719.0,0.0163,-2.22,1500154,1411798,1567852,-0.028
1727,BKTI,Technology,Communication Equipment,NYSE ARCA,105.25,70,64,90,91,77.91,307136557.3694458,3744198.0,0.040999997,-25.48,49267,47289,46773,0.118
1728,WHG,Financial Services,Asset Management,NYSE,105.22,70,63,46,68,19.22,187861957.16124725,9487978.0,0.016,-8.35,14544,31974,24846,0.074
1729,ASTE,Industrials,Farm & Heavy Construction Machinery,NASDAQ,105.21,70,80,86,73,56.4,1266663990.208397,22992630.0,0.0287,-14.14,155923,191801,194832,0.203
1730,FTW,Energy,Oil & Gas E&P,NYSE,105.21,70,64,46,47,11.95,360733863.2183609,29616901.0,3.4,-30.52,74714,92531,105378,-0.017
1731,HVT,Consumer Cyclical,Home Improvement Retail,NYSE,105.14,70,70,57,74,24.91,412523883.8822422,16095353.0,0.00090000004,-9.97,96556,107375,99287,0.041
1732,ABCB,Financial Services,Banks - Regional,NYSE,105.13,70,74,75,74,87.73,6211770787.641663,67292503.0,0.0644,-5.89,513472,605327,521314,0.128
1733,DEA,Real Estate,REIT - Office,NYSE,105.12,70,67,65,58,25.33,1187245974.633358,46449374.0,0.050100002,-2.43,317586,426658,396409,0.158
1734,GLRE,Financial Services,Insurance - Reinsurance,NASDAQ,105.12,70,54,86,58,16.99,566151257.2384033,33166448.0,0.0251,-12.38,142387,175049,179593,-0.069
1735,RBRK,Technology,Software - Infrastructure,NYSE,105.1,70,61,20,17,73.24,16254282108.275574,205828566.0,0.082200006,-26.58,2396451,3289107,3770164,0.39
1736,AMC,Communication Services,Entertainment,NYSE,105.1,70,76,23,7,2.27,1731653048.795247,892604638.0,0.0596,-36.94,57528552,56236607,46525790,0.212
1737,SLDB,Healthcare,Biotechnology,NASDAQ,105.09,70,86,84,86,7.83,858480590.608881,98449606.0,0.21350001,-31.62,1054857,2349695,1859149,
1738,PETZ,Consumer Cyclical,Restaurants,NASDAQ,105.08,70,75,35,64,1.18,11665292.790774822,10323268.0,0.0066000004,-35.34,31545,44135,549609,0.446
1739,SPKLU,Financial Services,Shell Companies,NASDAQ,105.07,70,65,45,59,12.83,,,0.0,-27.51,30,1443,1054,
1740,SEDG,Technology,Solar,NASDAQ,105.06,70,90,94,90,42.6,3251949335.180969,60818202.0,0.19469999,-47.57,1953779,2359103,3355137,0.415
1741,BATRA,Communication Services,Entertainment,NASDAQ,105.04,70,72,75,42,55.04,3634388888.0724297,64143821.0,0.0681,-5.7,59002,61287,54402,0.525
1742,SNA,Industrials,Tools & Accessories,NYSE,105.01,70,70,64,63,404.12,21290068950.961914,51801916.0,0.0728,-3.71,407587,389005,355395,0.052
1743,APH,Technology,Electronic Components,NYSE,105.0,70,85,79,87,152.67,186011444329.62244,1230234445.0,0.0147,-14.48,5851586,7818898,9085985,0.584
1744,VABK,Financial Services,Banks - Regional,NASDAQ,104.98,70,71,67,60,44.87,250248983.2240982,5422513.0,0.0091,-7.98,7802,9024,7728,0.036
1745,NSTS,Financial Services,Banks - Regional,NASDAQ,104.98,70,66,56,56,13.81,66748178.848142624,4833322.0,0.002,-0.22,8459,9289,19047,0.153
1746,PMTS,Financial Services,Credit Services,NASDAQ,104.97,70,73,61,12,19.52,215856180.35136414,11475608.0,0.0361,-10.17,34969,41469,45893,0.198
1747,RIO,Basic Materials,Other Industrial Metals & Mining,NYSE,104.97,70,82,85,87,91.22,146606644171.21402,1626252265.0,0.0097,-18.97,2903454,2846854,2758082,0.146
1748,AIO,Financial Services,Asset Management,NYSE,104.96,70,80,68,50,25.6,877162299.6825886,34439039.0,0.72,-10.49,59930,72173,77294,
1749,GROW,Financial Services,Asset Management,NASDAQ,104.95,70,73,37,86,2.93,36592378.79147816,12404196.0,0.002,-19.73,12545,26731,27399,0.313
1750,KPTI,Healthcare,Biotechnology,NASDAQ,104.93,70,91,87,59,7.41,215524593.117136,22662943.0,0.292,-32.58,723365,598361,555907,0.168
1751,LEDS,Technology,Semiconductors,NASDAQ,104.93,70,48,21,20,2.15,24902942.95109868,8273403.0,0.0034999999,-40.61,5641161,1888977,1154140,-0.486
1752,CDRO,Consumer Cyclical,Gambling,NASDAQ,104.93,70,69,71,70,9.27,422870218.172698,45469915.0,0.0247,-9.65,18413,35314,32800,0.066
1753,RDN,Financial Services,Insurance - Specialty,NYSE,104.92,70,56,63,38,38.68,5236563360.512833,132975196.0,0.0523,-5.77,1618593,1389941,1345406,0.588
1754,JRS,Financial Services,Asset Management,NYSE,104.92,70,65,60,45,8.69,250208794.4513588,28892471.0,0.0017,-0.69,71592,81710,78368,0.281
1755,NTIP,Industrials,Specialty Business Services,NYSE ARCA,104.91,70,56,56,32,1.6,34068243.78805375,22864593.0,0.0019,-15.79,43641,46877,43722,
1756,ELV,Healthcare,Healthcare Plans,NYSE,104.91,70,72,59,48,377.68,80916097615.10376,216869290.0,0.031,-13.42,1840303,1707327,1733788,0.014
1757,KO,Consumer Defensive,Beverages - Non-Alcoholic,NYSE,104.9,70,66,64,62,82.25,350910455507.97253,4302482418.0,0.0116,-4.0,16038035,18831785,17768509,0.121
1758,XPER,Technology,Software - Application,NYSE,104.9,70,75,52,21,7.57,352381638.00704956,48271456.0,0.066300005,-13.49,329305,410735,429305,0.002
1759,EHLD,Industrials,Marine Shipping,NASDAQ,104.9,70,67,86,27,8.25,23349738.242554665,2816615.0,0.0083,-33.14,1293,2917,8650,1.66
1760,AFG,Financial Services,Insurance - Property & Casualty,NYSE,104.9,70,53,56,49,143.76,11789084266.15828,83086083.0,0.0277,-4.17,357418,524872,485939,0.003
1761,CHW,Financial Services,Asset Management,NASDAQ,104.84,70,76,70,69,8.52,554342898.6498642,63864387.0,0.0004,-7.19,265072,234687,231240,-0.236
1762,PLUS,Technology,Software - Application,NASDAQ,104.83,70,53,67,76,89.02,2334551726.6208725,26151583.0,0.059699997,-5.28,257736,265892,255189,0.217
1763,XPRO,Energy,Oil & Gas Equipment & Services,NYSE,104.82,70,55,88,85,15.79,1868767247.6113968,113396074.0,0.090299994,-15.7,1035566,1267908,1192795,-0.06
1764,SHEL,Energy,Oil & Gas Integrated,NYSE,104.81,70,41,76,63,88.38,241837471898.79913,2769554200.0,0.0194,-6.87,6499833,6443302,6615064,0.007
1765,WSC,Industrials,Rental & Leasing Services,NASDAQ,104.8,70,86,40,19,26.5,4927580204.818991,180994679.0,0.1698,-16.88,1900953,1943034,1999556,-0.02
1766,GASS,Industrials,Marine Shipping,NASDAQ,104.8,70,54,86,77,8.83,317193891.6503506,37185686.0,0.0052,-16.3,97971,131183,137990,0.019
1767,MVBF,Financial Services,Banks - Regional,NASDAQ,104.79,70,70,69,81,29.1,376630591.4474125,12849901.0,0.030299999,-3.74,34907,52929,50477,0.039
1768,GCV,Financial Services,Asset Management,NYSE,104.79,70,70,72,72,4.6,92476963.81426239,20147486.0,0.0026,-3.56,29553,43684,58732,-0.398
1769,HL,Basic Materials,Other Precious Metals & Mining,NYSE,104.77,69,80,93,98,15.14,9611308683.818705,670712403.0,0.0,-55.69,49389877,38499099,29790765,1.004
1770,FMNB,Financial Services,Banks - Regional,NASDAQ,104.76,69,60,64,40,15.19,866907927.7698641,59215021.0,0.027,-2.0,427192,516404,438666,0.277
1771,JHX,Basic Materials,Building Materials,NYSE,104.76,69,79,31,31,26.54,14984295172.655273,580336768.0,0.0345,-11.03,7547067,7598212,7910397,0.445
1772,ACCO,Industrials,Business Equipment & Supplies,NYSE,104.75,69,75,31,45,4.0,376411792.4812889,92257794.0,0.078,-8.26,606308,865359,853471,0.083
1773,WAT,Healthcare,Diagnostics & Research,NYSE,104.71,69,68,26,57,374.68,36228617856.60202,98185855.0,0.0377,-9.53,824874,905478,935938,0.914
1774,RM,Financial Services,Credit Services,NYSE,104.69,69,65,67,59,41.65,383611319.2949486,9208145.0,0.055999998,-9.46,69304,73451,66168,0.096
1775,ESS,Real Estate,REIT - Residential,NYSE,104.69,69,63,53,35,293.46,18824190734.602966,64261739.0,0.044299997,-3.26,447978,473029,490369,0.064
1776,MTUS,Basic Materials,Steel,NYSE,104.65,69,74,68,80,20.97,806746845.3445549,41627806.0,0.06,-3.5,395450,403630,361692,0.099
1777,BKH,Utilities,Utilities - Regulated Gas,NYSE,104.64,69,70,72,75,75.29,5679918930.444916,76128118.0,0.16399999,-4.32,659402,835007,948138,-0.03
1778,RMNI,Technology,Software - Application,NASDAQ,104.64,69,59,30,26,4.41,429478387.64190674,92560000.0,0.0383,-10.73,269484,423434,433920,0.012
1779,KMI,Energy,Oil & Gas Midstream,NYSE,104.63,69,63,69,67,32.86,71861870253.69266,2224825757.0,0.0228,-5.6,9443065,10071778,9817203,0.138
1780,NPKI,Industrials,Building Products & Equipment,NYSE,104.63,69,81,91,90,14.35,1210970509.125595,84447036.0,0.0305,-13.03,642990,1082173,989696,0.159
1781,GRAL,Healthcare,Diagnostics & Research,NASDAQ,104.62,69,74,32,97,67.84,3116603101.533943,42916593.0,0.18370001,-42.91,437559,559183,683865,0.281
1782,KEN,Utilities,Utilities - Independent Power Producers,NYSE,104.62,69,75,95,94,69.37,3434464637.096649,52108397.0,0.0023999999,-27.69,17988,26822,26051,0.732
1783,SQM,Basic Materials,Specialty Chemicals,NYSE,104.61,69,83,94,94,68.73,19940374679.12207,285637808.0,1.81,-29.87,999912,1002350,1099498,0.698
1784,WPC,Real Estate,REIT - Diversified,NYSE,104.61,69,65,67,67,76.69,16896988641.24916,222739105.0,0.0588,-0.36,1229007,1629132,1539069,0.089
1785,FRME,Financial Services,Banks - Regional,NASDAQ,104.6,69,66,62,58,43.18,2810184030.806507,63022741.0,0.027999999,-4.74,554178,503562,427569,-0.025
1786,IAG,Basic Materials,Gold,NYSE,104.6,69,76,89,97,14.66,8172920198.440552,578000000.0,0.81,-41.05,5016760,5438633,5394278,1.159
1787,AKR,Real Estate,REIT - Retail,NYSE,104.57,69,65,63,48,22.38,2998794864.6214066,133517141.0,0.3155,-2.27,1324257,1679132,1533441,-0.012
1788,POR,Utilities,Utilities - Regulated Electric,NYSE,104.57,69,65,70,72,52.05,6067724512.0479965,115730011.0,0.0769,-4.71,885596,1159745,1207505,-0.053
1789,CRI,Consumer Cyclical,Apparel Retail,NYSE,104.53,69,84,76,56,38.75,1403989401.4711838,36850117.0,0.113299996,-12.8,818530,903293,887342,0.081
1790,TRNS,Industrials,Specialty Business Services,NASDAQ,104.53,69,79,60,19,84.85,820454482.942482,9333953.0,0.075100005,-10.89,105440,158543,170786,0.158
1791,DPG,Financial Services,Asset Management,NYSE,104.48,69,65,72,63,14.97,529877306.89226246,35997099.0,0.0007,-1.19,64488,60469,69955,
1792,PBHC,Financial Services,Banks - Regional,NASDAQ,104.48,69,71,35,28,15.9,102543965.62133789,6256496.0,0.0023999999,-8.62,16970,19490,14362,-0.042
1793,UTF,Financial Services,Asset Management,NYSE,104.43,69,65,60,58,28.07,3104966500.4126015,111810099.0,0.0016,-0.14,220292,264474,276182,
1794,COFS,Financial Services,Banks - Regional,NASDAQ,104.43,69,67,60,36,32.72,508102942.120018,14975035.0,0.0231,-7.57,102205,112338,99455,1.35
1795,TZOO,Communication Services,Internet Content & Information,NASDAQ,104.4,69,84,81,9,10.02,112460012.14646244,10279709.0,0.0587,-28.43,69510,120046,105620,0.049
1796,ATNI,Communication Services,Telecom Services,NASDAQ,104.4,69,82,91,91,23.45,356374365.18346596,15380853.0,0.0232,-22.99,69903,81277,75314,0.016
1797,NOVTU,Technology,Scientific & Technical Instruments,NASDAQ,104.38,69,81,64,77,60.78,,,2.06,-19.04,4752,24170,49598,0.104
1798,FTV,Technology,Scientific & Technical Instruments,NYSE,104.38,69,67,74,46,62.31,18834313505.2352,304861021.0,0.0647,-3.15,2454480,2669106,2953752,0.077
1799,UNTY,Financial Services,Banks - Regional,NASDAQ,104.35,69,67,65,71,58.04,574841639.5,10040902.0,0.0175,-4.63,78308,69189,63631,-0.057
1800,KYIV,Communication Services,Telecom Services,NASDAQ,104.35,69,81,38,33,13.4,3280572105.8467484,230863624.0,0.0438,-19.03,390536,671045,639375,0.267
1801,CHCO,Financial Services,Banks - Regional,NASDAQ,104.34,69,60,56,52,139.62,1915731818.64505,14111166.0,0.098500006,1.04,165965,164495,134685,0.055
1802,KRP,Energy,Oil & Gas E&P,NYSE,104.3,69,65,72,50,14.94,1477810929.4805756,98652268.0,0.025899999,-5.44,608236,623598,727901,-0.067
1803,CX,Basic Materials,Building Materials,NYSE,104.28,69,80,81,91,12.06,18715093700.719875,1442952453.0,2.24,-11.78,6889499,5280413,5016943,0.112
1804,ITUB,Financial Services,Banks - Regional,NYSE,104.27,69,67,82,88,8.28,90379352742.14465,11021872542.0,0.0046,-13.75,18244746,21724485,22003405,-0.021
1805,BSM,Energy,Oil & Gas E&P,NYSE,104.25,69,52,56,66,14.65,3040865515.778268,212499331.0,0.024500001,-5.42,320111,305173,331760,0.085
1806,BHRB,Financial Services,Banks - Regional,NASDAQ,104.22,69,67,61,64,70.47,1441517139.6876984,20149806.0,0.0369,-4.37,133823,189577,186506,0.029
1807,BBNX,Healthcare,Medical Devices,NASDAQ,104.22,69,42,15,17,15.85,770471747.3474503,44561695.0,0.1538,-51.54,1124079,1069023,974977,0.566
1808,CBSH,Financial Services,Banks - Regional,NASDAQ,104.19,69,59,38,33,59.09,8509898405.533997,143894124.0,0.0479,-5.33,1281454,1319184,1276100,0.142
1809,MAS,Industrials,Building Products & Equipment,NYSE,104.18,69,77,67,37,79.27,16013697545.929756,203607085.0,0.0621,-4.74,1904517,2201019,2353723,0.065
1810,MMM,Industrials,Conglomerates,NYSE,104.15,69,63,37,42,172.62,83367309088.20364,521567261.0,0.0188,-2.7,4277691,3847340,3950850,0.013
1811,MTX,Basic Materials,Specialty Chemicals,NYSE,104.14,69,76,76,64,74.6,2322864377.4973755,31008734.0,0.0385,-11.55,155588,255509,226971,0.112
1812,AEP,Utilities,Utilities - Regulated Electric,NASDAQ,104.14,69,72,75,58,135.54,71898038596.38464,544105032.0,0.066199996,-3.59,3542676,5238552,5395835,0.102
1813,NVST,Healthcare,Medical Instruments & Supplies,NYSE,104.1,69,70,80,72,26.33,4351344623.774534,162727923.0,0.0677,-13.45,2118485,2539118,2927559,0.144
1814,RLI,Financial Services,Insurance - Property & Casualty,NYSE,104.09,69,32,26,29,61.92,5660643011.612648,91938331.0,0.088599995,-12.0,893711,961633,991154,0.04
1815,NCZ,Financial Services,Asset Management,NYSE,104.09,69,74,70,69,15.17,286195241.8341036,19028939.0,0.0016,-5.19,108960,70756,73504,-0.104
1816,HNVR,Financial Services,Banks - Regional,NASDAQ,104.08,69,55,54,51,25.01,179274352.58990097,7156661.0,0.0115,-2.34,51497,64519,66603,0.046
1817,PCVX,Healthcare,Biotechnology,NASDAQ,104.07,69,77,86,74,54.66,8115149838.566689,144397682.0,0.1216,-15.91,905349,1620183,1561793,
1818,NAUT,Healthcare,Biotechnology,NASDAQ,104.07,69,92,97,94,1.69,221117208.9119184,127078855.0,0.013300001,-60.79,547593,994261,768712,
1819,MNR,Energy,Oil & Gas E&P,NYSE,104.06,69,49,66,28,13.39,2193442777.920187,166801737.0,0.0145000005,-14.06,274172,327624,364432,0.438
1820,DCTH,Healthcare,Medical Devices,NASDAQ,104.04,69,69,44,27,12.22,442222312.55585957,34521647.0,0.090500005,-11.06,319230,442043,483198,0.263
1821,ENTG,Technology,Semiconductor Equipment & Materials,NASDAQ,104.01,69,94,87,85,129.15,21130102836.608887,152300000.0,0.09060001,-30.91,2577938,3434779,3262619,0.05
1822,AEBI,Industrials,Farm & Heavy Construction Machinery,NASDAQ,104.01,69,73,37,84,13.09,988978172.7397442,77506125.0,0.1511,-17.98,358585,304948,287075,0.828
1823,BATRK,Communication Services,Entertainment,NASDAQ,103.99,69,72,76,36,50.28,3313669783.0724297,64143821.0,0.0383,-5.58,400132,612167,504422,0.525
1824,EOD,Financial Services,Asset Management,NYSE,103.96,69,71,70,70,6.4,279928441.0,43065914.0,0.32,-5.04,81096,95738,92481,
1825,ELPC,Utilities,Utilities - Regulated Electric,NYSE,103.94,69,74,87,81,11.43,8589598410.796692,742402648.0,0.0008,-16.55,472162,404924,380688,0.2
1826,EDD,Financial Services,Asset Management,NYSE,103.91,69,64,61,73,5.77,376423324.31521225,64456047.0,1.27,-6.63,687280,528400,446614,
1827,WHD,Energy,Oil & Gas Equipment & Services,NYSE,103.9,69,70,76,79,55.12,3783304435.0,69418430.0,0.06,-14.28,741329,805636,785139,0.385
1828,ACTG,Industrials,Business Equipment & Supplies,NASDAQ,103.89,68,68,85,66,4.66,438514655.595417,96589132.0,0.0537,-11.57,192279,263739,245723,-0.564
1829,BSVN,Financial Services,Banks - Regional,NASDAQ,103.88,68,66,58,59,49.44,485105353.8447876,9519336.0,0.0177,-6.72,40696,29568,22455,-0.063
1830,KRO,Basic Materials,Specialty Chemicals,NYSE,103.87,68,66,80,27,6.61,757049494.5021439,115053116.0,0.0517,-16.22,494222,354114,317862,0.041
1831,BHF,Financial Services,Insurance - Life,NASDAQ,103.86,68,56,66,78,63.22,3769017988.9121246,57445785.0,0.108100004,-5.36,590519,523629,517209,-0.362
1832,NWL,Consumer Defensive,Household & Personal Products,NASDAQ,103.83,68,88,26,20,5.08,2222372255.664854,424927772.0,0.2165,-23.49,7160354,12482691,11292264,-0.011
1833,BTI,Consumer Defensive,Tobacco,NYSE,103.83,68,70,68,82,60.96,135653481010.03336,2158712296.0,0.0036000002,-9.42,4451823,4491327,4289702,0.001
1834,TRS,Consumer Cyclical,Packaging & Containers,NASDAQ,103.83,68,78,72,68,40.03,1457470236.7337418,35827685.0,0.1778,-11.89,332388,481286,455005,0.104
1835,FHN,Financial Services,Banks - Regional,NYSE,103.76,68,66,69,72,25.53,12245139213.295345,474617813.0,0.0002,-3.88,7581159,5525516,4883715,0.097
1836,AIRG,Technology,Communication Equipment,NASDAQ,103.76,68,82,91,32,5.86,75927919.2987442,12675780.0,0.0128,-23.48,84683,76511,91698,-0.042
1837,IHS,Real Estate,Real Estate Services,NYSE,103.75,68,67,78,88,8.23,2743868521.5702057,336671000.0,0.0064999997,-8.04,558298,1186006,1237721,0.059
1838,BFS,Real Estate,REIT - Retail,NYSE,103.75,68,70,67,47,35.68,899235055.0385742,24535744.0,0.0029,-7.13,88327,104985,90779,0.089
1839,SMTI,Healthcare,Medical Instruments & Supplies,NASDAQ,103.75,68,42,18,17,25.56,229099225.0,9163969.0,0.068,-28.9,74161,69630,60234,0.186
1840,GLV,Financial Services,Asset Management,NYSE ARCA,103.73,68,68,60,69,6.32,79794265.98973656,12409684.0,0.0004,-4.96,51163,47817,50190,-0.22
1841,CVI,Energy,Oil & Gas Refining & Marketing,NYSE,103.72,68,28,82,27,33.45,3531640050.2482643,100530599.0,0.1617,-19.73,841992,1028917,922030,0.203
1842,DNP,Financial Services,Asset Management,NYSE,103.7,68,63,65,57,11.1,4171410768.2632904,376821218.0,0.0014,-0.54,580330,653520,679320,0.043
1843,NPCE,Healthcare,Medical Devices,NASDAQ,103.7,68,80,86,86,14.81,548227416.9988537,34093745.0,0.0304,-24.44,169332,184474,174582,-0.02
1844,LNC,Financial Services,Insurance - Life,NYSE,103.69,68,38,50,68,41.36,8076845762.225002,191213197.0,0.00029999999,-11.66,1688491,1786263,1747628,0.125
1845,VMI,Industrials,Conglomerates,NYSE,103.68,68,89,81,76,486.16,10321461169.297302,19413651.0,0.0279,-17.0,236846,252092,235385,0.062
1846,SFBS,Financial Services,Banks - Regional,NYSE,103.68,68,67,55,61,87.61,4752385965.074158,54662823.0,0.0709,-3.34,295512,375274,305750,0.185
1847,UBCP,Financial Services,Banks - Regional,NASDAQ,103.68,68,63,77,59,15.87,88507571.72581673,5781030.0,0.0032,-8.48,10897,9845,10231,0.064
1848,BCML,Financial Services,Banks - Regional,NASDAQ,103.68,68,61,62,59,31.7,370589511.80703735,10909317.0,0.013300001,-9.38,41473,82261,76196,0.158
1849,TROO,Financial Services,Credit Services,NASDAQ,103.67,68,93,98,99,1.96,278525174.9849696,122160166.0,0.0374,-62.88,380750,418260,410366,0.27
1850,FRBA,Financial Services,Banks - Regional,NASDAQ,103.64,68,56,44,62,17.98,447649288.4380646,25064349.0,0.0111,-2.55,76367,105585,94685,-0.052
1851,PNW,Utilities,Utilities - Regulated Electric,NYSE,103.61,68,70,66,53,106.06,13055493799.997269,121187166.0,0.09729999,-4.59,1121120,1199440,1217358,0.114
1852,TPR,Consumer Cyclical,Luxury Goods,NYSE,103.6,68,75,85,85,142.6,28581246598.941376,202044714.0,0.096,-11.96,2306269,2646546,2632549,0.212
1853,DSX,Industrials,Marine Shipping,NYSE,103.53,68,53,85,86,2.25,255025076.01802754,124402479.0,0.0308,-22.95,376579,569229,804455,-0.004
1854,ELVA,Industrials,Electrical Equipment & Parts,NASDAQ,103.52,68,90,92,98,8.33,469330887.73727417,49507480.0,5.04,-34.82,3965740,1537756,1133396,0.202
1855,BSAAU,Financial Services,Shell Companies,NASDAQ,103.48,68,87,47,45,11.6,,,0.1,-36.26,31,443,2066,
1856,AHRT,Real Estate,REIT - Diversified,NYSE,103.46,68,71,35,48,7.03,535485556.2873421,75955396.0,0.0577,-8.82,565281,773503,904838,0.078
1857,SBSI,Financial Services,Banks - Regional,NYSE,103.46,68,70,66,66,34.21,1036549615.7797508,29751711.0,0.028199999,-5.5,140466,148535,121133,0.088
1858,GIC,Industrials,Industrial Distribution,NYSE,103.46,68,63,77,63,35.12,1318094889.740902,38261099.0,0.040999997,-9.46,99800,136540,121668,0.092
1859,RDWR,Technology,Software - Infrastructure,NASDAQ,103.43,68,52,47,37,29.51,1274678660.6276703,42082490.0,0.023,-10.0,281348,247109,238093,0.107
1860,SHC,Healthcare,Diagnostics & Research,NASDAQ,103.42,68,73,56,82,17.35,5061714143.5,285166994.0,0.064899996,-12.59,3013343,2836911,3060748,0.1
1861,CRON,Healthcare,Drug Manufacturers - Specialty & Generic,NASDAQ,103.39,68,62,70,72,2.81,1042517074.5559244,373662039.0,0.0167,-18.08,777672,887850,1102908,0.401
1862,HYNE,Financial Services,Banks - Regional,NASDAQ,103.37,68,67,65,46,16.6,124437433.78492355,7451343.0,0.036,-1.54,7474,14324,17846,0.369
1863,MTW,Industrials,Farm & Heavy Construction Machinery,NYSE,103.34,68,75,74,79,14.37,467901869.93110657,35909584.0,0.0383,-7.65,218136,270868,259791,0.05
1864,FIVE,Consumer Cyclical,Specialty Retail,NASDAQ,103.32,68,54,93,92,203.19,11204497243.126831,55295351.0,0.0424,-19.25,1203208,1162202,1339301,0.325
1865,SLNH,Financial Services,Capital Markets,NASDAQ,103.32,68,90,65,38,1.26,178254509.267802,157747354.0,0.2368,-75.49,12783011,17053110,19972710,0.583
1866,UNM,Financial Services,Insurance - Life,NYSE,103.32,68,68,48,49,86.22,14228074214.348373,159776235.0,0.023699999,-7.51,1174213,1502767,1368610,0.085
1867,ORI,Financial Services,Insurance - Property & Casualty,NYSE,103.26,68,49,62,62,42.29,10287723227.357376,243554044.0,0.0535,-9.56,1178633,1562117,1486214,0.135
1868,TNL,Consumer Cyclical,Travel Services,NYSE,103.24,68,73,60,78,74.05,4573845030.275002,62424529.0,0.1308,-8.58,934235,760835,821391,0.029
1869,XRN,Real Estate,REIT - Healthcare Facilities,NYSE,103.22,68,64,58,52,37.57,548678322.0901489,14477000.0,0.0586,-5.91,73249,100356,128993,0.101
1870,SWX,Utilities,Utilities - Regulated Gas,NYSE,103.19,68,62,72,59,93.07,6662830631.683533,72374873.0,0.0392,-1.48,443330,588396,543560,-0.216
1871,FTS,Utilities,Utilities - Regulated Electric,NYSE,103.19,68,64,65,62,58.84,29926836824.599762,509132995.0,13.5,-0.41,738019,727379,735241,0.019
1872,RDACU,Financial Services,Shell Companies,NASDAQ,103.19,68,58,8,15,7.6,,,67.67,-61.67,0,0,26,
1873,VZ,Communication Services,Telecom Services,NYSE,103.18,68,54,74,65,46.38,182012613524.03973,4175558910.0,0.0228,-10.26,25564260,32453633,28277998,0.029
1874,SCL,Basic Materials,Specialty Chemicals,NYSE,103.16,68,64,38,70,57.57,1331682151.7504463,22713323.0,0.040999997,-15.34,120741,149813,136474,0.019
1875,IIIN,Industrials,Metal Fabrication,NYSE,103.13,68,30,21,55,32.68,600105657.0,19358247.0,0.050100002,-18.12,321742,426950,345770,0.099
1876,HCI,Financial Services,Insurance - Property & Casualty,NYSE,103.12,68,54,48,47,178.83,2271752895.342041,12764808.0,0.0395,-15.05,150180,182283,172848,0.122
1877,OESX,Industrials,Electrical Equipment & Parts,NASDAQ,103.08,68,57,35,95,10.13,42228872.261016846,4056568.0,0.0081,-45.65,42025,46851,53357,0.233
1878,TXRH,Consumer Cyclical,Restaurants,NASDAQ,103.07,68,64,30,52,193.27,12950705963.213654,65729615.0,0.0481,-3.42,808306,1063828,1094921,0.128
1879,NCV,Financial Services,Asset Management,NYSE,103.07,68,74,71,69,16.54,375050332.41869545,22593393.0,0.0044,-6.29,136063,82117,82060,-0.105
1880,ACGL,Financial Services,Insurance - Diversified,NASDAQ,103.03,68,44,59,56,103.36,35410634210.6738,349389588.0,0.0278,-1.65,1815194,2009188,2260502,-0.033
1881,MTCH,Communication Services,Internet Content & Information,NASDAQ,102.98,68,60,71,34,37.91,9132384848.836472,233266526.0,0.0723,-7.6,2601312,3480020,3243732,0.039
1882,NEU,Basic Materials,Specialty Chemicals,NYSE,102.97,68,69,51,50,779.33,7084589994.721191,9198019.0,0.0874,-11.03,115590,110756,108924,-0.045
1883,LZB,Consumer Cyclical,"Furnishings, Fixtures & Appliances",NYSE,102.96,68,70,43,40,39.68,1595246780.3534203,40011207.0,0.0478,-11.63,377960,698266,572694,-0.001
1884,HOV,Consumer Cyclical,Residential Construction,NYSE,102.95,68,79,50,32,133.89,771708907.0179291,5859597.0,0.0721,-17.38,119205,131035,126219,-0.027
1885,REG,Real Estate,REIT - Retail,NASDAQ,102.95,68,65,68,52,82.15,15138442653.076706,183096790.0,0.0435,-1.8,1285995,1450961,1443053,0.1
1886,CNP,Utilities,Utilities - Regulated Electric,NYSE,102.94,67,64,64,55,44.56,28214330371.128387,654169480.0,0.0875,-1.46,6013792,6762227,6203806,0.019
1887,GNT,Financial Services,Asset Management,NYSE,102.94,67,65,79,80,8.24,136843435.178792,16708601.0,0.0,-11.4,92828,128909,124645,
1888,OTTR,Industrials,Conglomerates,NASDAQ,102.93,67,60,64,69,92.34,3897388721.3752747,41984150.0,0.1783,-2.8,265762,271817,258868,0.029
1889,BALL,Consumer Cyclical,Packaging & Containers,NYSE,102.92,67,62,67,62,63.84,16696318461.054039,266246511.0,0.035,-6.52,1746496,2593552,2722823,0.163
1890,CRWS,Consumer Cyclical,"Furnishings, Fixtures & Appliances",NASDAQ,102.92,67,61,43,41,2.99,32173258.232618093,10760287.0,0.0031,-5.68,42568,48436,45129,-0.037
1891,AGYS,Technology,Software - Application,NASDAQ,102.91,67,53,17,22,98.54,3008203400.3654633,28198382.0,0.0753,-32.16,278214,353654,413326,0.117
1892,FBK,Financial Services,Banks - Regional,NYSE,102.9,67,57,58,67,59.1,2996606184.0449142,49976755.0,0.0577,-5.24,475615,420951,387589,1.302
1893,GDOT,Financial Services,Credit Services,NYSE,102.89,67,63,63,74,13.28,759548225.377264,56682705.0,0.0291,-13.82,298460,444516,457466,0.174
1894,VNOM,Energy,Oil & Gas Midstream,NASDAQ,102.88,67,55,77,61,45.13,8663657219.612484,195215345.0,0.045900002,-11.73,1328888,1839482,1766723,1.091
1895,BVFL,Financial Services,Banks - Regional,NASDAQ,102.87,67,75,72,73,20.48,186081155.8681202,8658965.0,0.014099999,-7.62,14989,22579,21805,0.087
1896,LOBO,Consumer Cyclical,Auto Manufacturers,NASDAQ,102.86,67,81,55,13,0.7,9537095.427207708,13841938.0,0.0224,-52.7,79128,239566,2316263,0.229
1897,GLQ,Financial Services,Asset Management,NYSE ARCA,102.85,67,71,68,73,8.21,156463317.4980259,18738121.0,0.0058,-6.17,53905,72528,84693,-0.003
1898,HERZ,Financial Services,Asset Management,NASDAQ,102.84,67,58,72,89,16.47,32635147.25,1948367.0,0.0011999999,-41.8,23402,29607,22208,1.712
1899,TBPH,Healthcare,Biotechnology,NASDAQ,102.83,67,73,77,91,16.86,877452356.0367279,51828254.0,0.1388,-19.83,676611,831267,654684,0.15
1900,BCO,Industrials,Security & Protection Services,NYSE,102.81,67,30,51,81,122.0,4946665196.467072,41181028.0,0.17629999,-10.54,571474,536521,499426,0.103
1901,FUND,Financial Services,Asset Management,NASDAQ,102.81,67,66,78,77,9.81,296565683.5608635,29895734.0,0.00090000004,-6.3,31090,32260,29084,0.038
1902,CARR,Industrials,Building Products & Equipment,NYSE,102.8,67,81,50,31,68.88,57052571283.654236,830580423.0,0.0229,-15.06,5651587,5620245,6126577,0.024
1903,FHB,Financial Services,Banks - Regional,NASDAQ,102.8,67,71,62,62,28.11,3563897444.607933,121676249.0,0.1467,-8.08,3934817,2516655,2071805,0.074
1904,TTC,Industrials,Tools & Accessories,NYSE,102.72,67,72,75,75,93.76,8991572425.909515,95229534.0,0.061,-10.87,579771,747140,886668,0.081
1905,IBOC,Financial Services,Banks - Regional,NASDAQ,102.72,67,65,61,55,76.79,4758730527.415161,62181244.0,0.0346,-2.13,295495,408465,367665,0.054
1906,CCEP,Consumer Defensive,Beverages - Non-Alcoholic,NASDAQ,102.68,67,60,58,53,105.11,46571290148.94483,442777049.0,0.0435,-5.22,1675354,1879754,1944032,0.002
1907,OC,Industrials,Building Products & Equipment,NYSE,102.66,67,65,37,24,142.34,11588830682.193512,80528319.0,0.0619,-10.99,888849,1273769,1199013,-0.105
1908,APLD,Technology,Information Technology Services,NASDAQ,102.66,67,96,98,98,27.19,7369996672.439827,285769539.0,0.2697,-46.4,18614667,19163215,20221305,1.393
1909,PRKS,Consumer Cyclical,Leisure,NYSE,102.65,67,75,22,19,44.83,2126283696.8492432,47135528.0,0.3165,-21.28,492039,739676,843717,-0.03
1910,DLR,Real Estate,REIT - Specialty,NYSE,102.62,67,66,71,40,199.08,64331429034.28345,369976002.0,0.0002,-4.35,3455468,3841149,3146157,0.167
1911,WRB,Financial Services,Insurance - Property & Casualty,NYSE,102.61,67,45,38,46,75.46,26658737005.739685,372276732.0,0.0001,-4.43,2272915,2148648,2223471,0.04
1912,OGE,Utilities,Utilities - Regulated Electric,NYSE,102.61,67,60,60,41,49.95,10050429590.151112,206374321.0,0.0572,-0.62,1267504,1342441,1359694,0.007
1913,IMDX,Healthcare,Diagnostics & Research,NASDAQ,102.59,67,86,34,95,4.74,153055384.1893673,32290167.0,0.0636,-44.3,197048,231392,277817,-0.985
1914,GLNG,Energy,Oil & Gas Midstream,NASDAQ,102.59,67,64,81,40,48.62,5053365487.5535965,101779765.0,0.075100005,-15.87,1252136,1191318,1368317,1.201
1915,AFBI,Financial Services,Banks - Regional,NASDAQ,102.57,67,64,69,60,22.95,138597683.50499153,6094885.0,0.0022,0.92,21608,14069,11081,0.042
1916,STAG,Real Estate,REIT - Industrial,NYSE,102.55,67,60,65,56,41.11,7969426750.751152,191205055.0,0.0508,-3.52,1873986,1662288,1443905,0.091
1917,BEP,Utilities,Utilities - Renewable,NYSE,102.55,67,78,77,71,33.12,9632044717.81436,303275965.0,0.0053,-13.12,1247157,888792,901991,-0.042
1918,WEX,Technology,Software - Infrastructure,NYSE,102.54,67,26,41,42,176.15,5695976000.698776,34668143.0,0.082600005,-5.73,859139,731819,649663,0.058
1919,BC,Consumer Cyclical,Recreational Vehicles,NYSE,102.54,67,81,76,83,79.92,5227193338.813751,64974438.0,0.0004,-11.45,650768,682966,653795,0.128
1920,AVIR,Healthcare,Biotechnology,NASDAQ,102.53,67,63,91,82,4.73,389731962.9716253,80027099.0,0.11270001,-26.67,228977,333095,341891,
1921,MTN,Consumer Cyclical,Resorts & Casinos,NYSE,102.53,67,38,32,29,145.72,5268773176.108978,35633526.0,0.3312,-12.3,674367,786992,793099,-0.07
1922,BPYPP,Real Estate,Real Estate Services,NASDAQ,102.53,67,56,68,62,16.21,,,0.74,-3.11,15924,17978,16506,-0.028
1923,GEN,Technology,Software - Infrastructure,NASDAQ,102.52,67,39,18,27,25.84,16109081118.073833,602433854.0,0.0635,-19.8,3829807,5700739,6726741,0.27
1924,DBX,Technology,Software - Infrastructure,NASDAQ,102.51,67,34,27,25,29.19,7143666068.1736965,233300649.0,0.28620002,-9.91,3432080,3738593,3797176,0.008
1925,FCNCA,Financial Services,Banks - Regional,NASDAQ,102.51,67,57,53,60,2160.65,24589063776.771484,11586974.0,0.056500003,-3.21,98343,94987,84392,0.049
1926,CWBC,Financial Services,Banks - Regional,NASDAQ,102.49,67,75,71,76,25.0,736965030.8196487,27134206.0,0.0404,-11.25,287367,462009,392293,0.111
1927,HMR,Industrials,Marine Shipping,NASDAQ,102.49,67,70,10,8,1.15,63121439.88425338,58991997.0,0.0022,-32.75,56254,114771,249028,2.144
1928,SSB,Financial Services,Banks - Regional,NYSE,102.45,67,58,54,64,106.0,10078365595.61737,97668043.0,0.0373,-2.27,866386,864735,796095,0.228
1929,SMG,Basic Materials,Agricultural Inputs,NYSE,102.44,67,68,64,65,69.31,4129754083.572899,58181937.0,0.1272,-8.0,1010844,893481,907380,0.05
1930,GVA,Industrials,Engineering & Construction,NYSE,102.42,67,86,77,81,124.47,5425903023.568268,43746699.0,0.1538,-23.2,816876,936942,890249,0.304
1931,JOF,Financial Services,Asset Management,NYSE,102.39,67,69,64,79,11.29,317906287.0259657,28333893.0,0.31,-11.52,103648,87012,75723,0.423
1932,CPSS,Financial Services,Credit Services,NASDAQ,102.38,67,62,57,35,9.45,197239959.16093826,21698565.0,0.0135,-9.91,21502,25017,24942,0.079
1933,PTLE,Consumer Cyclical,Specialty Retail,NASDAQ,102.38,67,32,6,5,10.18,64004630.54433632,6281122.0,0.0026,-71.72,29831,49740,36614,-0.413
1934,HON,Industrials,Conglomerates,NASDAQ,102.36,67,62,54,65,243.15,71292313659.8091,316826559.0,0.0367,-6.58,3295061,5059913,4894717,0.024
1935,ANIX,Healthcare,Biotechnology,NASDAQ,102.35,67,26,35,29,3.7,115678417.44469213,34023063.0,0.0275,-32.23,323316,310862,230195,
1936,BANR,Financial Services,Banks - Regional,NASDAQ,102.35,67,59,62,38,70.29,2415647393.948227,33984909.0,0.0548,-3.25,527789,393636,320327,0.083
1937,MNKD,Healthcare,Biotechnology,NASDAQ,102.35,67,68,10,67,4.13,1245069233.8003244,308950166.0,0.0859,-36.56,4646488,5136099,5202693,0.151
1938,NVMI,Technology,Semiconductor Equipment & Materials,NASDAQ,102.35,67,89,90,92,437.98,13913922919.27884,31806161.0,0.0462,-28.9,508891,541403,507378,0.103
1939,AFRI,Consumer Defensive,Farm Products,NASDAQ,102.34,67,60,66,66,10.51,292557403.03587914,26963815.0,0.0354,-7.97,15255,26675,21387,-0.222
1940,CCEC,Industrials,Marine Shipping,NASDAQ,102.32,67,38,54,60,23.35,1333917376.6540432,60113445.0,0.0026,-4.62,9323,13047,13980,-0.039
1941,GAIN,Financial Services,Asset Management,NASDAQ,102.31,67,60,75,54,15.95,658655370.6380997,39821967.0,0.016900001,-6.94,178134,210541,280258,-0.086
1942,ACOG,Healthcare,Biotechnology,NASDAQ,102.28,67,40,51,17,7.9,185079884.0,21774104.0,0.0075,-23.08,128978,75339,60831,0.207
1943,TCBX,Financial Services,Banks - Regional,NYSE,102.28,67,58,54,67,42.75,673969906.2977562,16592071.0,0.040999997,-2.49,123724,138821,117004,0.256
1944,CWT,Utilities,Utilities - Regulated Water,NYSE,102.27,67,56,49,35,50.72,3105187296.490181,59853262.0,0.0473,-2.98,403626,531482,529603,0.052
1945,EURKU,Financial Services,Shell Companies,NASDAQ,102.26,66,56,46,45,12.09,,,0.05,-12.39,10,70,188,
1946,WAVE,Utilities,Utilities - Renewable,NASDAQ,102.26,66,89,71,13,7.82,54347473.67802429,6239664.0,0.51,-28.06,23188,122399,85855,
1947,ABLV,Consumer Cyclical,Specialty Retail,NASDAQ,102.24,66,87,29,14,0.93,49883820.748981,49389922.0,0.0028,-47.46,42185,74605,95669,-0.106
1948,RVT,Financial Services,Asset Management,NYSE,102.23,66,71,73,71,18.04,2192759466.6156178,122363809.0,0.0318,-4.45,470851,430170,353760,0.119
1949,IMKTA,Consumer Defensive,Grocery Stores,NASDAQ,102.22,66,71,83,66,85.83,1712343025.3831177,18994376.0,0.0954,-10.24,116741,138040,143324,0.034
1950,EXPE,Consumer Cyclical,Travel Services,NASDAQ,102.18,66,65,68,86,259.94,32258332316.68808,120022077.0,0.1007,-14.44,1385577,1561189,1558601,0.147
1951,GP,Industrials,Farm & Heavy Construction Machinery,NASDAQ,102.18,66,31,11,2,1.48,10832539.784069538,7126671.0,0.0108,-76.95,198070,270106,220726,-0.1
1952,ABM,Industrials,Specialty Business Services,NYSE,102.17,66,59,29,40,47.72,2787280423.6048737,58580923.0,0.061,-4.79,418841,594563,600068,0.084
1953,JMSB,Financial Services,Banks - Regional,NASDAQ,102.17,66,61,69,64,22.34,313009110.4467087,14112223.0,0.0145000005,-4.04,37537,53545,46213,0.162
1954,HOG,Consumer Cyclical,Recreational Vehicles,NYSE,102.16,66,69,57,19,25.49,2798031459.128666,105268302.0,0.2193,-18.43,3057012,2988347,2717626,-0.118
1955,RLTY,Financial Services,Asset Management,NYSE,102.15,66,62,60,48,16.18,268561831.4292717,16722406.0,0.52,0.43,59478,62096,55817,
1956,KNOP,Energy,Oil & Gas Midstream,NYSE,102.15,66,65,80,88,10.28,354168506.25,34553025.0,0.0058,-12.73,47195,71548,82399,0.068
1957,FHI,Financial Services,Asset Management,NYSE,102.15,66,59,73,73,57.92,4455313500.319836,75912653.0,0.0542,-4.69,472962,593310,669580,0.131
1958,TWFG,Financial Services,Insurance Brokers,NASDAQ,102.15,66,29,17,28,26.28,342473906.15800476,12997112.0,0.056900002,-21.6,124801,146650,194362,0.353
1959,UCB,Financial Services,Banks - Regional,NYSE,102.14,66,65,61,70,35.25,4365230549.419178,119759409.0,0.0506,-5.19,1005470,1106253,973726,0.144
1960,VALE,Basic Materials,Other Industrial Metals & Mining,NYSE,102.14,66,79,88,92,14.79,60389271849.560875,4255762765.0,0.0145000005,-17.56,19947034,22462058,22718910,0.027
1961,ACV,Financial Services,Asset Management,NYSE,102.13,66,70,66,79,26.78,280983843.5149536,10396028.0,0.77,-7.79,17689,18879,21357,
1962,INOD,Technology,Information Technology Services,NASDAQ,102.11,66,88,22,64,55.89,1985772364.8253098,32655358.0,0.113900006,-55.34,816975,1169638,1481383,0.544
1963,GUT,Financial Services,Asset Management,NYSE,102.08,66,65,63,60,6.43,578813458.1779537,89599606.0,0.0153,-9.05,283617,284742,249203,0.219
1964,HRMY,Healthcare,Biotechnology,NASDAQ,102.07,66,65,33,66,35.32,1955035695.021164,57892676.0,0.1066,-13.58,1000569,863473,826491,0.166
1965,NWN,Utilities,Utilities - Regulated Gas,NYSE,102.07,66,61,76,63,51.68,2154514054.5047607,42080352.0,0.051599998,-7.7,202813,281537,280022,-0.008
1966,PROF,Healthcare,Medical Devices,NASDAQ,102.07,66,48,65,81,7.26,248912809.9845729,36337637.0,0.0645,-18.88,73728,73852,67163,1.036
1967,CAAP,Industrials,Airports & Air Services,NYSE,102.03,66,65,58,87,25.17,4052819802.3570957,163222707.0,0.0446,-17.48,183824,203364,207982,0.201
1968,KWR,Basic Materials,Specialty Chemicals,NYSE,101.97,66,74,60,78,151.43,2615560141.439636,17366444.0,0.1609,-17.26,108039,161763,155709,0.085
1969,AWP,Financial Services,Asset Management,NYSE,101.96,66,60,62,58,12.23,378290239.28229713,30855647.0,2.56,-3.78,310669,185773,155833,-0.107
1970,BFC,Financial Services,Banks - Regional,NASDAQ,101.96,66,67,73,75,150.78,1645607136.8190918,11222854.0,0.0559,-2.27,116408,103996,104667,0.491
1971,LH,Healthcare,Diagnostics & Research,NYSE,101.95,66,42,44,57,296.77,23235518798.828125,82000000.0,0.0346,1.04,785389,684779,639197,0.058
1972,TUSK,Industrials,Conglomerates,NASDAQ,101.95,66,62,76,33,2.73,134877809.30304456,48170647.0,0.0053,-30.36,138437,346095,380699,0.894
1973,MLI,Industrials,Metal Fabrication,NYSE,101.94,66,82,83,90,63.91,13073643236.160278,221100000.0,0.0183,-9.92,1748007,1773482,1500697,0.193
1974,KVUE,Consumer Defensive,Household & Personal Products,NYSE,101.94,66,57,38,35,19.28,36441763639.72978,1920008668.0,0.0354,-15.7,18455616,19430762,20278901,0.045
1975,GSK,Healthcare,Drug Manufacturers - General,NYSE,101.91,66,66,80,80,51.35,103664804658.69058,2002797682.0,0.0064,-16.77,4611141,3987077,3874736,0.015
1976,RMBI,Financial Services,Banks - Regional,NASDAQ,101.91,66,63,68,50,15.56,252057848.36159706,16034214.0,0.0299,-6.21,78042,63864,58984,0.127
1977,NMT,Financial Services,Asset Management,NYSE,101.9,66,63,65,51,12.74,128776340.38228512,10252893.0,0.0027,-7.01,31385,22801,21173,0.015
1978,A,Healthcare,Diagnostics & Research,NYSE,101.89,66,63,31,49,138.57,37128505254.45056,282431944.0,0.0214,-13.54,2303258,2329679,2474249,0.1
1979,EMA,Utilities,Utilities - Regulated Electric,NYSE,101.89,66,61,63,62,54.95,16858149186.706543,305900000.0,11.9,-0.7,388297,424039,402657,0.051
1980,SKYQ,Energy,Oil & Gas Integrated,NASDAQ,101.89,66,38,91,7,4.7,18219654.571373463,4794646.0,0.14739999,-75.84,12157328,20312759,13236265,-1.0
1981,MCB,Financial Services,Banks - Regional,NYSE,101.87,66,77,76,86,91.03,1220267726.8240814,12394797.0,0.0559,-10.79,175704,162254,144440,0.374
1982,ES,Utilities,Utilities - Regulated Electric,NYSE,101.87,66,60,53,58,74.91,28063092498.43464,376080025.0,0.0392,-1.96,1874334,2459928,2567210,0.094
1983,HLIT,Technology,Communication Equipment,NASDAQ,101.87,66,89,55,36,11.19,1305212096.108326,108496436.0,0.0738,-36.71,1450916,2060478,3276039,0.434
1984,BBT,Financial Services,Banks - Regional,NYSE,101.85,66,69,78,66,30.14,2577344644.5,83816086.0,0.0458,-8.19,657749,876203,786837,1.418
1985,HTD,Financial Services,Asset Management,NYSE,101.84,66,59,61,57,26.08,912723820.1097012,35431825.0,0.0029,-1.02,63268,70959,68701,0.055
1986,STRR,Industrials,Conglomerates,NASDAQ,101.82,66,55,42,33,10.85,41204929.116615295,3692198.0,0.0037,-9.51,2975,5671,7407,0.571
1987,SAFE,Real Estate,REIT - Diversified,NYSE,101.82,66,62,65,35,16.56,1224531061.517048,71610002.0,0.0808,-5.1,293708,359059,339827,0.119
1988,BMEZ,Financial Services,Asset Management,NYSE,101.8,66,60,43,56,15.31,954396467.6908722,62501404.0,0.0017,-3.1,156771,174497,182932,
1989,BH,Consumer Cyclical,Restaurants,NYSE,101.8,66,68,35,81,381.39,1205980101.463623,3139020.0,2.18,-21.14,138753,86617,80334,0.026
1990,BDJ,Financial Services,Asset Management,NYSE,101.79,66,62,57,68,9.59,1700438400.540862,176944689.0,0.0013,-1.74,389080,518830,524230,-0.04
1991,NTNX,Technology,Software - Infrastructure,NASDAQ,101.78,66,30,18,9,55.04,14889254130.691635,270320509.0,0.1117,-33.22,2375129,3571389,4103109,0.1
1992,PLMR,Financial Services,Insurance - Property & Casualty,NASDAQ,101.78,66,30,47,48,137.56,3589684352.9467163,26503871.0,0.0424,-6.81,299569,324469,294425,0.597
1993,TFC,Financial Services,Banks - Regional,NYSE,101.78,66,65,69,73,51.76,64135365000.0,1221626000.0,0.026700001,-7.9,8424494,10167228,9470070,0.082
1994,TISI,Industrials,Specialty Business Services,NYSE,101.75,66,55,55,23,16.99,75016377.92246246,4571382.0,0.0052,-15.01,3804,4121,7790,0.083
1995,IDA,Utilities,Utilities - Regulated Electric,NYSE,101.74,66,69,69,61,148.57,8240866554.82048,55408235.0,0.118999995,-4.09,438918,605352,589451,-0.067
1996,UTL,Utilities,Utilities - Diversified,NYSE,101.73,66,55,55,38,55.58,981398726.3241005,17990811.0,0.044899996,-0.02,108282,149870,142514,0.27
1997,BOC,Industrials,Conglomerates,NYSE,101.72,66,47,33,26,14.21,427237239.9534273,30214797.0,0.0999,-6.64,96473,172691,205828,0.019
1998,GOOD,Real Estate,REIT - Diversified,NASDAQ,101.7,66,57,62,32,12.96,634131626.7658024,48406993.0,0.0734,-6.63,413436,534348,521549,0.118
1999,SEB,Industrials,Conglomerates,NYSE ARCA,101.69,66,67,92,93,4714.45,4344376195.070801,957795.0,0.085200004,-21.29,3191,6620,8254,0.036
2000,EFSI,Financial Services,Banks - Regional,NASDAQ,101.68,66,71,63,65,40.48,229105885.99035645,5412376.0,0.0191,-8.0,57709,76466,57581,4.317
2001,SBUX,Consumer Cyclical,Restaurants,NASDAQ,101.68,66,70,60,53,103.25,120226950565.33813,1139700000.0,0.047,-5.47,6121432,7066844,7470422,0.088
2002,NMAI,Financial Services,Asset Management,NYSE,101.68,66,67,65,66,13.76,462276681.6298256,33425646.0,0.0008,-4.31,86419,92389,116653,
2003,TMO,Healthcare,Diagnostics & Research,NYSE,101.66,66,52,30,65,568.26,197880990424.96826,371621465.0,0.014400001,-11.76,2447061,2245097,2345738,0.062
2004,ZYME,Healthcare,Biotechnology,NASDAQ,101.64,66,73,92,88,22.86,1779753768.8427258,73573945.0,0.088599995,-23.16,387629,596556,636329,-0.911
2005,BKU,Financial Services,Banks - Regional,NYSE,101.63,65,75,74,78,46.47,3551228590.4013977,72681714.0,0.061,-10.82,1373619,1192303,949965,0.037
2006,AAON,Industrials,Building Products & Equipment,NASDAQ,101.63,65,91,38,30,102.67,9126602578.21518,81911710.0,0.0588,-31.76,1017990,976530,1014224,0.543
2007,TDACU,Financial Services,Shell Companies,NASDAQ,101.62,65,66,44,42,11.55,,,0.0,-33.2,70,272,1013,
2008,DMLP,Energy,Oil & Gas E&P,NASDAQ,101.61,65,50,65,35,27.79,1314961012.5,48255450.0,0.0117,-4.01,298588,215742,186851,0.364
2009,O,Real Estate,REIT - Retail,NYSE,101.59,65,58,63,62,65.6,61274083292.57759,932492530.0,0.053200003,-3.44,4698850,5822063,5943340,0.12
2010,KHC,Consumer Defensive,Packaged Foods,NASDAQ,101.57,65,48,31,28,25.67,30687924276.295803,1185777638.0,0.108100004,-12.06,12120730,12923446,13596664,0.008
2011,BCX,Financial Services,Asset Management,NYSE,101.56,65,54,72,85,11.79,868351871.274271,76238090.0,0.00029999999,-14.94,162893,206437,203534,
2012,LNT,Utilities,Utilities - Regulated Electric,NASDAQ,101.55,65,68,66,52,74.94,19324287829.520103,258277037.0,0.124,-4.91,2377494,2435491,2439938,0.05
2013,XGN,Healthcare,Diagnostics & Research,NASDAQ,101.54,65,49,6,7,4.68,106061689.98431349,24159839.0,0.0372,-61.73,255298,226482,307225,0.117
2014,TEI,Financial Services,Asset Management,NYSE,101.52,65,66,65,77,6.57,321153251.40810585,47228418.0,0.0013,-6.14,96940,123030,136160,0.06
2015,NNVC,Healthcare,Biotechnology,NYSE ARCA,101.52,65,63,33,13,1.48,40219928.0,22982816.0,0.0396,-33.63,451547,382129,1090861,
2016,IDE,Financial Services,Asset Management,NYSE,101.51,65,70,72,76,13.44,204155634.44717407,15156320.0,0.0039,-6.01,25112,34470,34862,
2017,SHIM,Industrials,Engineering & Construction,NASDAQ,101.51,65,90,97,94,3.65,152058655.16349792,40986160.0,0.019,-46.03,53470,114783,145704,-0.279
2018,PDX,Financial Services,Asset Management,NYSE,101.5,65,51,61,50,21.41,941975359.6465225,44706947.0,0.8,-15.11,83496,83638,84549,
2019,GGT,Financial Services,Asset Management,NYSE,101.5,65,60,62,60,4.07,172673789.07473278,41809633.0,0.005,-7.29,422112,384480,338364,0.802
2020,TAK,Healthcare,Drug Manufacturers - Specialty & Generic,NYSE,101.47,65,36,58,76,17.24,54768573139.47533,3193502878.0,0.0017,-8.78,4410471,3256203,3251924,0.039
2021,AMP,Financial Services,Asset Management,NYSE,101.46,65,34,38,60,528.9,47453973292.129395,89897084.0,0.0545,-3.87,625760,739863,692926,0.09
2022,CUBI,Financial Services,Banks - Regional,NYSE,101.44,65,70,71,81,76.52,2648842558.6992188,33825088.0,0.1011,-7.32,291178,331489,328559,0.764
2023,ELWT,Communication Services,Telecom Services,NASDAQ,101.4,65,33,66,17,7.26,48986491.03131294,6619796.0,0.0086,-25.31,12398,41029,36875,-0.187
2024,ADAML,Real Estate,REIT - Mortgage,NASDAQ,101.38,65,60,66,59,24.43,,,0.66,-0.49,10465,10571,9619,0.107
2025,CBUS,Healthcare,Biotechnology,NASDAQ,101.35,65,20,24,60,1.7,136633621.94817924,76331634.0,0.081499994,-59.44,455225,418308,360133,0.626
2026,PC,Industrials,Specialty Business Services,NASDAQ,101.32,65,62,58,68,9.4,30497781.762342453,3244445.0,0.0986,-32.86,0,0,0,-0.118
2027,TGS,Energy,Oil & Gas Integrated,NYSE,101.31,65,45,44,62,30.48,4478928307.0,150552212.0,0.0066000004,-16.15,194376,267265,317115,0.132
2028,BBSI,Industrials,Staffing & Employment Services,NASDAQ,101.31,65,36,21,28,39.74,984350776.8900604,24559649.0,0.0373,-19.96,185545,224691,238893,0.049
2029,SSD,Basic Materials,Lumber & Wood Production,NYSE,101.3,65,76,63,50,193.88,7783370964.455795,41138325.0,0.038399998,-9.19,278091,336347,318388,0.091
2030,LINE,Real Estate,REIT - Industrial,NASDAQ,101.3,65,72,31,21,41.42,10151999970.090351,227674365.0,0.1007,-9.46,849044,961438,991762,0.004
2031,TXT,Industrials,Aerospace & Defense,NYSE,101.3,65,50,62,67,95.53,15907364565.613762,173888981.0,0.0429,-5.95,1360210,1548326,1427950,0.118
2032,EDF,Financial Services,Asset Management,NYSE,101.28,65,71,62,55,5.11,164748353.11523438,32114688.0,0.0128999995,-9.88,146675,155711,156569,
2033,VOC,Energy,Oil & Gas E&P,NYSE,101.26,65,33,70,36,3.38,53550001.62124634,17000000.0,0.0022,-11.98,112438,76979,74993,-0.165
2034,WFRD,Energy,Oil & Gas Equipment & Services,NASDAQ,101.22,65,69,93,91,88.68,5788932693.385239,71733989.0,0.090100005,-21.63,1805784,1604661,1371708,-0.034
2035,PSA,Real Estate,REIT - Industrial,NYSE,101.22,65,71,57,36,322.48,55841355294.55444,175579656.0,0.0508,-2.81,1432052,1117300,1021806,0.032
2036,MGLD,Financial Services,Asset Management,NYSE ARCA,101.22,65,39,70,78,1.15,49969610.88214159,43077252.0,0.0041,-16.67,9971,24183,21016,0.302
2037,MTG,Financial Services,Insurance - Specialty,NYSE,101.21,65,41,65,47,29.65,6232618052.741158,211490268.0,0.0656,-1.07,1814148,1905082,1804233,-0.03
2038,COLM,Consumer Cyclical,Apparel Manufacturing,NASDAQ,101.2,65,67,60,34,62.32,3247440292.0,51140792.0,0.1634,-9.76,540816,538555,520983,0.001
2039,EA,Communication Services,Electronic Gaming & Multimedia,NASDAQ,101.18,65,61,68,80,209.06,52381983477.1344,250751484.0,0.0431,-0.06,2432250,2196536,2085878,0.119
2040,MCFT,Consumer Cyclical,Recreational Vehicles,NASDAQ,101.18,65,78,71,65,24.27,605072293.5119247,24222270.0,0.0521,-14.66,125300,153073,157934,0.03
2041,DLTR,Consumer Defensive,Discount Stores,NASDAQ,101.16,65,63,34,79,120.45,24202468081.89624,192174588.0,0.1001,-15.41,2951378,3480389,3762297,0.072
2042,BGSF,Industrials,Staffing & Employment Services,NYSE,101.14,65,57,87,93,5.51,61521174.046850204,10717975.0,0.0041,-32.97,7146,9962,9341,-0.0
2043,B,Basic Materials,Gold,NYSE,101.14,65,65,82,96,37.11,58666277173.85445,1679538410.0,1.0,-32.14,8030638,9672139,11127613,0.667
2044,ADC,Real Estate,REIT - Retail,NYSE,101.13,65,55,58,40,80.63,9742744251.952354,120102859.0,0.0002,-1.77,995913,1136611,1155612,0.187
2045,MNSB,Financial Services,Banks - Regional,NASDAQ,101.13,65,69,78,69,23.45,171520883.61493874,7117049.0,0.028199999,-7.28,38379,48269,43899,0.037
2046,BCV,Financial Services,Asset Management,NYSE ARCA,101.09,65,76,70,77,24.25,135004011.59196472,5627512.0,0.01,-11.27,15521,13693,15792,-0.293
2047,MXF,Financial Services,Asset Management,NYSE,101.09,65,66,67,82,21.19,309598785.64852715,14420065.0,0.0026,-7.87,41096,36402,43543,-0.073
2048,DLO,Technology,Software - Infrastructure,NASDAQ,101.09,65,37,65,67,14.49,4261016911.134281,294269133.0,0.1398,-13.65,1561668,2750779,2935637,0.549
2049,CFFI,Financial Services,Banks - Regional,NASDAQ,101.08,65,68,71,62,78.0,260251333.11260986,3254362.0,0.0125,-9.49,5632,7254,6598,0.104
2050,HIG,Financial Services,Insurance - Diversified,NYSE,101.08,65,39,63,63,140.53,38449587307.35443,274130820.0,0.0002,-2.75,1650965,1723038,1800477,0.061
2051,ABUS,Healthcare,Biotechnology,NASDAQ,101.07,65,51,60,55,4.38,900771946.2968016,197537710.0,0.1289,-18.59,1683449,2620839,2186017,100.545
2052,LANDO,Real Estate,REIT - Specialty,NASDAQ,100.99,65,58,62,47,21.41,,,0.74,-0.42,14331,15567,15758,-0.018
2053,HEQ,Financial Services,Asset Management,NYSE,100.99,65,62,66,62,11.59,138715338.6693802,12093752.0,0.17,-2.77,27113,29557,32466,
2054,LIFE,Financial Services,Insurance Brokers,NASDAQ,100.98,65,85,57,26,18.5,1174842962.269596,62994262.0,0.0683,-43.08,368792,446310,481624,1.035
2055,ANF,Consumer Cyclical,Apparel Retail,NYSE,100.97,65,36,42,72,93.81,4231675965.4836273,44431710.0,0.1506,-29.52,948826,1152992,1340175,0.015
2056,CSWC,Financial Services,Asset Management,NASDAQ,100.97,65,64,67,71,23.45,1510019594.3903885,62140726.0,0.0813,-4.01,747925,699448,674157,-0.04
2057,BXP,Real Estate,REIT - Office,NYSE,100.94,65,57,30,34,69.11,11139495518.006813,159477391.0,0.0945,-12.88,1260240,1392086,1395616,0.006
2058,PB,Financial Services,Banks - Regional,NYSE,100.93,65,60,57,47,73.15,8808120838.572762,119854689.0,0.0713,-5.25,860750,1355513,1157580,0.199
2059,ENIC,Utilities,Utilities - Regulated Electric,NYSE,100.93,65,69,74,79,4.31,6100490133.960419,1383331144.0,1.13,-9.07,447492,524357,583046,-0.017
2060,RAVE,Consumer Cyclical,Restaurants,NASDAQ,100.92,65,64,37,80,3.13,46898170.42233968,14211567.0,0.004,-16.53,21602,43500,78954,0.087
2061,OSK,Industrials,Farm & Heavy Construction Machinery,NYSE,100.91,65,68,74,79,155.14,8957389279.277313,62351309.0,0.065799996,-14.05,827792,722224,768790,0.002
2062,CPT,Real Estate,REIT - Residential,NYSE,100.91,65,61,40,51,113.73,11194264751.0802,99090596.0,0.0709,-5.07,986323,1048044,1121798,-0.005
2063,GITS,Communication Services,Internet Content & Information,NASDAQ,100.9,64,84,13,96,2.02,7752578.494560242,3674208.0,0.0537,-71.51,41735,1342138,869771,
2064,OIS,Energy,Oil & Gas Equipment & Services,NYSE,100.9,64,53,95,90,8.67,507430506.81957245,60193415.0,0.0463,-40.21,549908,723749,750177,-0.091
2065,SBCF,Financial Services,Banks - Regional,NASDAQ,100.89,64,61,60,73,33.49,3295693043.725281,97246772.0,0.0639,-5.79,997933,1159997,969828,0.241
2066,GCMG,Financial Services,Asset Management,NASDAQ,100.88,64,66,36,32,12.2,778942805.4656506,60383165.0,0.0398,-15.13,733464,594281,520476,-0.012
2067,TXO,Energy,Oil & Gas E&P,NYSE,100.87,64,44,36,23,13.14,707104100.136672,55242507.0,0.023599999,-15.5,121383,124581,177490,-0.665
2068,TNC,Industrials,Specialty Industrial Machinery,NYSE,100.86,64,76,57,34,87.77,1467219947.729721,17038903.0,0.0953,-4.53,158367,167702,160665,0.027
2069,GDV,Financial Services,Asset Management,NYSE,100.86,64,63,65,66,29.73,2591033706.722147,87446297.0,0.0002,-1.43,97621,98570,118824,0.142
2070,BROS,Consumer Cyclical,Restaurants,NYSE,100.86,64,71,34,31,64.0,9378487723.655731,137192622.0,0.3529,-14.27,2280654,3148918,3277544,0.308
2071,LLYVK,Communication Services,Entertainment,NASDAQ,100.85,64,67,63,46,99.04,9445634787.51757,92004429.0,0.0369,-9.12,293583,432377,416638,0.352
2072,GBCI,Financial Services,Banks - Regional,NYSE,100.84,64,65,62,72,50.27,6971741935.063614,130142654.0,0.075100005,-7.9,1308222,1361027,1138584,0.397
2073,TDY,Technology,Scientific & Technical Instruments,NYSE,100.81,64,63,70,73,655.35,29443094686.625977,46329138.0,0.0399,-5.48,500917,401315,368373,0.076
2074,GNL,Real Estate,REIT - Diversified,NYSE,100.8,64,65,77,83,8.88,1954693531.6546688,211090009.0,0.0002,-11.51,2393560,2819946,2572250,-0.175
2075,NMIH,Financial Services,Insurance - Specialty,NASDAQ,100.79,64,40,66,50,42.75,3267550904.3937035,75971891.0,0.0348,-1.4,464473,590364,579366,0.059
2076,ESP,Industrials,Electrical Equipment & Parts,NYSE ARCA,100.78,64,86,92,89,57.33,171726248.12571716,2995922.0,0.036199998,-23.32,96998,66776,58829,0.109
2077,SPFI,Financial Services,Banks - Regional,NASDAQ,100.75,64,59,70,70,44.63,879938836.3115387,19145754.0,0.0298,-4.92,172999,189966,153243,0.23
2078,MNTK,Basic Materials,Specialty Chemicals,NASDAQ,100.75,64,31,19,18,1.87,223475595.69608986,142341139.0,0.0322,-27.24,188822,195390,200178,0.09
2079,BLIN,Technology,Software - Infrastructure,NASDAQ,100.74,64,43,26,8,1.18,15371852.74048543,12599879.0,0.0044,-32.18,61380,130263,102540,0.011
2080,GBX,Industrials,Railroads,NYSE,100.73,64,53,56,63,52.12,1547603107.8830643,30939686.0,0.1392,-11.94,476062,579747,505518,-0.316
2081,HNST,Consumer Defensive,Household & Personal Products,NASDAQ,100.71,64,57,56,10,3.79,421601087.05166817,110078615.0,0.1029,-28.22,1214911,1320113,1395722,-0.197
2082,MOH,Healthcare,Healthcare Plans,NYSE,100.7,64,76,38,30,197.55,11741776745.605469,52100000.0,0.0735,-19.33,2277108,1465566,1246313,-0.043
2083,SIBN,Healthcare,Medical Devices,NASDAQ,100.69,64,60,20,54,16.62,770790501.3206005,44349283.0,0.1574,-24.07,437114,580531,585660,0.112
2084,CLS,Technology,Electronic Components,NYSE,100.69,64,89,94,93,305.28,34645995642.33591,114973107.0,0.0328,-35.6,2000158,1794602,2007063,0.528
2085,SATA,Financial Services,Asset Management,NASDAQ,100.68,64,34,67,62,96.58,,,1.46,-4.71,146660,414403,504762,0.94
2086,AKTS,Healthcare,Biotechnology,NASDAQ,100.68,64,89,27,27,23.89,1375855622.0913239,55277447.0,0.20899999,-30.13,363864,534121,382090,1.23
2087,LOMA,Basic Materials,Building Materials,NYSE,100.68,64,63,36,50,11.4,1312837087.5,116696630.0,0.0312,-13.64,329998,397352,437913,0.011
2088,NOVT,Technology,Scientific & Technical Instruments,NASDAQ,100.67,64,83,41,52,141.54,5296054528.232986,35613303.0,0.1712,-17.64,381809,543319,529813,0.104
2089,VTMX,Real Estate,Real Estate - Development,NYSE,100.64,64,63,73,58,33.66,3211413468.0236664,92788599.0,5.58,-10.02,86644,84188,122000,0.143
2090,UDR,Real Estate,REIT - Residential,NYSE,100.63,64,61,38,42,39.59,12918645817.919865,324915653.0,0.0507,-5.74,2530131,3373597,4326010,0.042
2091,TRSG,Industrials,Metal Fabrication,NASDAQ,100.62,64,80,28,16,1.5,25298843.668582678,16353486.0,0.0046,-24.24,6190,8990,10606,0.109
2092,RYTM,Healthcare,Biotechnology,NASDAQ,100.62,64,79,34,77,102.1,7312074883.734512,68593574.0,0.142,-16.45,528106,907165,777817,0.838
2093,PRVA,Healthcare,Health Information Services,NASDAQ,100.62,64,63,61,48,25.5,3389732812.530094,126012374.0,0.044099998,-11.52,1245658,1252656,1114631,0.258
2094,CGO,Financial Services,Asset Management,NASDAQ,100.6,64,73,66,63,12.77,126673823.03393364,9827294.0,0.00059999997,-10.07,27858,27672,28363,-0.273
2095,SCHW,Financial Services,Capital Markets,NYSE,100.6,64,34,37,69,101.97,176626597844.9837,1739135507.0,0.0,-5.14,9146851,10756933,11203938,0.158
2096,LYTS,Technology,Electronic Components,NASDAQ,100.59,64,86,75,65,23.23,878527838.9237366,36712404.0,0.0608,-15.1,239288,372362,437339,0.136
2097,NMI,Financial Services,Asset Management,NYSE,100.57,64,64,53,48,10.77,130082865.72898865,12078260.0,0.0037,-4.52,19196,16362,16779,0.046
2098,ADAMN,Real Estate,REIT - Mortgage,NASDAQ,100.57,64,63,64,55,23.55,,,3.07,-4.27,6637,8505,7691,0.107
2099,HRTG,Financial Services,Insurance - Property & Casualty,NYSE,100.55,64,34,83,87,27.82,818596143.7162399,30273525.0,0.0357,-13.01,234491,367840,428566,0.005
2100,ECAT,Financial Services,Asset Management,NYSE,100.54,64,67,54,54,15.05,1522859821.9085627,99468307.0,0.0011999999,-12.19,490481,480863,489444,
2101,TATT,Industrials,Aerospace & Defense,NASDAQ,100.54,64,61,28,87,41.83,521922117.30534744,12983137.0,0.1458,-35.15,154262,213814,223168,-0.024
2102,ATLCP,Financial Services,Credit Services,NASDAQ,100.53,64,59,53,59,24.49,,,0.32,-2.04,2885,3911,5071,0.608
2103,ED,Utilities,Utilities - Regulated Electric,NYSE,100.53,64,58,57,56,113.01,41411683963.047066,368529705.0,0.0499,-2.77,1897524,2250778,2403212,0.062
2104,DCI,Industrials,Specialty Industrial Machinery,NYSE,100.5,64,60,59,84,92.79,10478359639.266235,115911056.0,0.0382,-17.77,701524,782061,802544,0.058
2105,THQ,Financial Services,Asset Management,NYSE,100.49,64,60,56,61,18.55,776538272.0157146,41437475.0,0.010199999,-9.02,261938,273886,220697,
2106,ECF,Financial Services,Asset Management,NYSE ARCA,100.48,64,74,68,75,12.49,168948258.54697704,13657903.0,0.0002,-9.82,11083,19637,26680,-0.289
2107,ITW,Industrials,Specialty Industrial Machinery,NYSE,100.47,64,55,59,55,283.02,79419581488.03711,287700000.0,0.0354,-6.64,1433187,1445099,1419543,0.046
2108,DORM,Consumer Cyclical,Auto Parts,NASDAQ,100.45,64,62,29,35,134.2,4242459590.808014,29882789.0,0.0817,-19.59,248840,303780,282408,0.042
2109,EQR,Real Estate,REIT - Residential,NYSE,100.42,64,60,53,37,67.86,25869528024.0,374920696.0,0.036,-5.09,2928986,3012122,3062609,0.025
2110,EGO,Basic Materials,Gold,NYSE,100.42,64,52,62,96,31.88,7281979442.27314,260535930.0,3.76,-37.69,1852833,2646294,2539136,0.499
2111,PEN,Healthcare,Medical Devices,NYSE,100.41,64,56,66,86,318.73,12519979494.07196,39331425.0,0.0596,-12.05,479119,401446,414019,0.156
2112,EPSN,Energy,Oil & Gas E&P,NASDAQ,100.41,64,31,71,28,5.83,166972365.26305342,30248617.0,0.1097,-12.33,139140,179470,175052,0.584
2113,DDD,Technology,Computer Hardware,NYSE,100.4,64,89,45,32,2.57,439385943.58641815,163340496.0,0.28280002,-37.62,1775107,3344172,4409035,0.011
2114,AVGO,Technology,Semiconductors,NASDAQ,100.4,64,73,85,75,381.92,1764253400940.817,4757580198.0,0.015,-22.84,18339217,25636905,27476817,0.479
2115,SUPV,Financial Services,Banks - Regional,NYSE,100.39,64,54,19,39,9.52,912596266.4552507,93985197.0,0.0508,-29.74,383890,643193,716722,0.011
2116,JL,Consumer Cyclical,Apparel Manufacturing,NASDAQ,100.38,64,27,92,18,6.0,23014086.832798004,3761701.0,0.0093,-27.01,16554,43638,46110,0.193
2117,LGI,Financial Services,Asset Management,NYSE,100.38,64,64,60,68,18.09,238006721.09370422,13012942.0,0.0066000004,-9.0,29236,32632,33307,0.112
2118,EONR,Energy,Oil & Gas E&P,NYSE ARCA,100.37,64,26,93,24,0.56,27282716.014614105,49968344.0,0.073,-64.56,835503,1037101,1318944,-0.16
2119,TT,Industrials,Building Products & Equipment,NYSE,100.34,64,74,73,43,480.99,103891655509.048,221055477.0,0.021,-4.92,1076845,1257965,1304129,0.06
2120,IGA,Financial Services,Asset Management,NYSE,100.33,64,53,54,58,10.04,152800264.90522766,15341392.0,0.0011,-0.5,52878,49649,47923,-0.066
2121,ZTO,Industrials,Integrated Freight & Logistics,NYSE,100.29,64,53,80,68,23.98,18191559282.82282,760516690.0,0.0294,-8.47,1265232,1373450,1580356,0.22
2122,QQQX,Financial Services,Asset Management,NASDAQ,100.29,64,62,70,60,29.5,1445761074.4315033,48826783.0,0.001,-7.44,154444,139024,117234,
2123,HAL,Energy,Oil & Gas Equipment & Services,NYSE,100.28,63,75,90,86,33.36,29422709246.472626,835397735.0,0.0515,-23.47,13612504,13068191,12169798,-0.003
2124,SPXX,Financial Services,Asset Management,NYSE,100.28,63,60,52,52,18.41,333824435.16399384,17976545.0,0.013099999,-2.8,346566,312855,288641,-0.082
2125,AEE,Utilities,Utilities - Regulated Electric,NYSE,100.28,63,64,64,51,113.78,30871643609.378906,276751616.0,0.0555,-3.84,1368369,1753056,1779945,0.037
2126,MHH,Industrials,Staffing & Employment Services,NYSE ARCA,100.28,63,66,29,24,7.76,88546614.05308342,11998186.0,0.0128999995,-7.29,9266,22038,22235,-0.15
2127,BLMN,Consumer Cyclical,Restaurants,NASDAQ,100.26,63,81,25,17,7.94,731146007.7140741,85614287.0,0.1164,-25.79,1527646,2086512,2134725,0.01
2128,IOSP,Basic Materials,Specialty Chemicals,NASDAQ,100.23,63,59,36,37,84.76,2075165709.75,24631047.0,0.0275,-8.01,138092,182137,189668,0.028
2129,LLYVA,Communication Services,Entertainment,NASDAQ,100.23,63,65,63,46,95.65,9088197384.309906,92004429.0,0.0799,-9.32,148987,276579,329681,0.352
2130,STRRP,Industrials,Conglomerates,NASDAQ,100.22,63,57,66,60,10.05,,,1.2,-7.97,1265,1381,4347,0.571
2131,CSQ,Financial Services,Asset Management,NASDAQ,100.19,63,67,62,61,20.0,3239466749.3523216,160369635.0,0.0005,-4.12,230547,215825,219179,-0.028
2132,BUI,Financial Services,Asset Management,NYSE,100.18,63,68,64,70,27.87,739715111.0246181,26541625.0,0.0034999999,-9.51,59349,71779,71605,
2133,AVA,Utilities,Utilities - Diversified,NYSE,100.16,63,59,58,61,42.05,3454286310.9518814,82638430.0,0.059299998,-3.33,457895,726575,752787,-0.076
2134,IMCR,Healthcare,Biotechnology,NASDAQ,100.15,63,33,28,44,35.0,1778260420.4711761,50865574.0,0.1967,-14.04,648745,651891,558573,0.136
2135,LANDP,Real Estate,REIT - Specialty,NASDAQ,100.15,63,57,60,46,21.15,,,0.04,-0.33,21022,22724,22712,-0.018
2136,AXTA,Basic Materials,Specialty Chemicals,NYSE,100.14,63,71,31,60,32.76,6921372228.856697,214018930.0,0.0531,-8.29,1639301,1909530,2350530,-0.006
2137,KOF,Consumer Defensive,Beverages - Non-Alcoholic,NYSE,100.13,63,67,58,74,102.71,21691093084.5,210083226.0,1.56,-11.73,114554,140084,131314,0.011
2138,SNFCA,Financial Services,Insurance - Life,NASDAQ,100.11,63,54,66,36,9.48,255542192.05065918,26049152.0,0.0109,-7.33,30016,39203,36384,-0.036
2139,GHC,Industrials,Conglomerates,NYSE,100.11,63,55,69,73,1154.88,5073141897.147949,4307084.0,0.0661,-5.71,17822,20997,18844,0.06
2140,RMI,Financial Services,Asset Management,NYSE,100.09,63,60,62,53,15.35,100144007.93316936,6374539.0,2.28,-6.17,12363,12197,12090,
2141,RL,Consumer Cyclical,Apparel Manufacturing,NYSE,100.09,63,79,75,78,373.58,22642994562.217896,59516346.0,0.101,-11.39,546758,649989,727221,0.166
2142,NLY,Real Estate,REIT - Mortgage,NYSE,100.08,63,67,65,73,22.45,16861181197.009169,732776229.0,0.0001,-8.44,6552898,7948212,7716055,0.488
2143,JCE,Financial Services,Asset Management,NYSE,100.07,63,59,60,58,16.4,276293517.5,17002678.0,0.0011,-1.86,29381,43180,42062,
2144,AIRJ,Industrials,Building Products & Equipment,NASDAQ,100.07,63,76,21,11,4.17,270778199.8104658,72400588.0,0.1169,-38.22,1702659,1483269,1695669,
2145,MPAA,Consumer Cyclical,Auto Parts,NASDAQ,100.04,63,75,32,70,13.79,264947452.0,18924818.0,0.0739,-23.9,92060,132610,121512,0.099
2146,V,Financial Services,Credit Services,NYSE,100.03,63,43,32,31,355.74,681889252285.0708,1901743800.0,0.0125,-2.57,6885153,8640587,8369724,0.171
2147,SPXC,Industrials,Building Products & Equipment,NYSE,100.01,63,79,73,74,220.07,10600228147.569931,50064839.0,0.0242,-12.35,519368,880622,774679,0.174
2148,ONL,Real Estate,REIT - Office,NYSE,100.0,63,76,72,26,2.6,149463085.34368515,56830068.0,0.0356,-14.75,190397,489885,428389,-0.039
2149,PRPO,Healthcare,Diagnostics & Research,NASDAQ,100.0,63,70,97,97,23.68,44040844.98907471,1787372.0,0.016900001,-29.59,127613,70911,56972,0.362
2150,NBHC,Financial Services,Banks - Regional,NYSE,99.99,63,69,68,59,43.33,2082325389.9599075,44790822.0,0.0498,-8.35,503239,470876,409083,0.337
2151,NHI,Real Estate,REIT - Healthcare Facilities,NYSE,99.98,63,40,52,68,80.54,3858782628.774399,48471079.0,0.0791,-11.86,393490,798673,657360,-0.026
2152,ABEO,Healthcare,Biotechnology,NASDAQ,99.98,63,61,42,26,6.05,398966008.0,56995144.0,0.2577,-19.76,1191209,1440409,1274377,
2153,MDU,Utilities,Utilities - Regulated Gas,NYSE,99.97,63,69,72,66,21.25,4418387219.792847,209006024.0,0.076,-7.53,1215250,1518496,1665870,-0.102
2154,ESNT,Financial Services,Insurance - Specialty,NYSE,99.96,63,45,61,56,65.75,6147517206.231537,92152860.0,0.042,-2.55,473714,812904,806874,0.058
2155,RCG,Financial Services,Asset Management,NYSE ARCA,99.92,63,34,57,46,2.95,20977200.20690775,7015786.0,0.0041,-10.88,8410,6480,6128,-0.462
2156,ETG,Financial Services,Asset Management,NYSE,99.91,63,66,56,72,22.8,1756930357.0973969,76321908.0,0.14,-4.04,61882,85560,103692,-0.035
2157,ALHC,Healthcare,Healthcare Plans,NASDAQ,99.91,63,83,79,86,19.43,4258716832.662695,206733823.0,0.12109999,-22.65,3268944,4852714,5991088,0.333
2158,SYY,Consumer Defensive,Food Distribution,NYSE,99.91,63,50,35,66,83.11,39062738414.95801,478182608.0,0.035099998,-9.52,2430317,3365442,3339421,0.047
2159,ETO,Financial Services,Asset Management,NYSE,99.9,63,66,60,71,30.03,496888339.1587372,16388138.0,0.14,-3.93,24217,32132,36919,0.314
2160,UFPT,Healthcare,Medical Devices,NASDAQ,99.89,63,73,27,70,237.2,1872726108.561264,7736939.0,0.2401,-15.13,192253,212024,203364,0.041
2161,FLS,Industrials,Specialty Industrial Machinery,NYSE,99.88,63,72,87,83,72.4,8749668540.649178,127807021.0,0.0847,-21.65,1816436,1985975,2039589,-0.067
2162,FGBI,Financial Services,Banks - Regional,NASDAQ,99.88,63,82,52,52,9.29,164313187.50326538,16464248.0,0.1043,-15.66,35326,61288,47381,1.021
2163,IQV,Healthcare,Diagnostics & Research,NYSE,99.86,63,51,21,73,208.05,34424793083.19092,166900000.0,0.0345,-15.79,1098148,1420619,1521483,0.084
2164,AVTR,Healthcare,Medical Instruments & Supplies,NYSE,99.82,63,46,12,23,11.44,7558102091.779587,682755402.0,0.0922,-28.19,10970772,9024344,9736044,0.0
2165,ACNT,Basic Materials,Chemicals,NASDAQ,99.82,63,58,57,82,15.12,138194307.00521946,9038215.0,0.0194,-15.63,31611,83753,73518,0.089
2166,MATW,Industrials,Conglomerates,NASDAQ,99.82,63,59,75,68,27.69,856818918.9133148,31202438.0,0.13270001,-10.48,222882,346770,313660,-0.395
2167,LOGI,Technology,Computer Hardware,NASDAQ,99.81,63,51,58,25,105.78,14759764468.371506,143535585.0,0.1003,-18.42,1007350,1006100,1078760,0.074
2168,KVACU,Financial Services,Shell Companies,NASDAQ,99.81,63,52,44,42,12.49,,,0.0,-13.86,10,356,320,
2169,WDFC,Basic Materials,Specialty Chemicals,NASDAQ,99.79,63,70,52,61,231.33,3312192191.732544,13421096.0,0.0545,-22.61,151116,198865,178641,0.243
2170,CALM,Consumer Defensive,Farm Products,NASDAQ,99.78,63,31,28,27,90.32,4195197100.5318756,47376589.0,0.1419,-28.54,1172674,956221,869144,-0.53
2171,ULS,Industrials,Specialty Business Services,NYSE,99.76,63,77,79,52,85.46,17689179402.985268,201563115.0,0.0713,-20.53,650858,1160002,961461,0.075
2172,ADUS,Healthcare,Medical Care Facilities,NASDAQ,99.76,63,30,33,28,114.55,2137490084.8635864,18664776.0,0.0682,-7.95,236571,266043,247492,0.077
2173,TBLD,Financial Services,Asset Management,NASDAQ,99.75,63,62,66,68,21.78,707405495.6734657,32081883.0,0.57,-5.39,46105,49438,50043,
2174,NVDA,Technology,Semiconductors,NASDAQ,99.75,63,65,81,76,206.84,4912260950866.699,24221000000.0,0.013300001,-12.56,119423782,137697044,154245120,0.852
2175,CPK,Utilities,Utilities - Regulated Gas,NYSE,99.75,63,39,48,48,135.78,3199594432.525223,24004761.0,0.0394,-3.42,190569,221556,185167,0.182
2176,WTM,Financial Services,Insurance - Property & Casualty,NYSE,99.74,63,45,72,60,2208.05,5477205286.772461,2476670.0,0.0519,-5.36,15427,17885,20613,-0.108
2177,TSAT,Technology,Communication Equipment,NASDAQ,99.74,63,85,95,80,37.47,553663452.7355347,15218896.0,0.077199996,-36.62,208186,240862,266747,-0.254
2178,TCBS,Financial Services,Banks - Regional,NASDAQ,99.74,63,54,52,53,17.75,50350092.601379395,2885392.0,0.0019,-11.25,902,2104,2930,0.121
2179,VERA,Healthcare,Biotechnology,NASDAQ,99.73,63,72,78,90,35.45,2763641804.0,71782904.0,0.21450001,-36.75,1702887,2236715,1791967,
2180,HRL,Consumer Defensive,Packaged Foods,NYSE,99.72,63,57,25,37,25.31,13972496473.124405,550314959.0,0.0681,-15.01,3204674,3939121,5196830,-0.029
2181,SBR,Energy,Oil & Gas Midstream,NYSE,99.71,62,49,66,58,73.8,1064438009.594841,14579345.0,0.0013,-12.55,31097,33135,35653,-0.269
2182,MEGI,Financial Services,Asset Management,NYSE,99.71,62,64,68,61,15.11,807257264.2527351,52047534.0,1.17,-4.91,115316,122535,128679,
2183,KSPI,Technology,Software - Infrastructure,NASDAQ,99.7,62,66,57,31,85.79,16705297649.960632,190027266.0,0.0149,-13.52,321609,343716,417323,0.313
2184,SD,Energy,Oil & Gas E&P,NYSE,99.69,62,47,82,88,13.82,503195874.39495945,36918259.0,0.059299998,-25.09,268115,330118,337871,0.168
2185,LYB,Basic Materials,Specialty Chemicals,NYSE,99.68,62,39,84,33,60.32,19099174427.37343,322784773.0,0.05,-28.14,4482393,5384857,5171082,-0.063
2186,VIV,Communication Services,Telecom Services,NYSE,99.68,62,58,81,82,14.05,22289354000.44323,1597803176.0,0.0114,-18.6,1119910,1094920,1086540,0.074
2187,HLT,Consumer Cyclical,Lodging,NYSE,99.67,62,72,74,70,324.97,73147976558.38647,227648372.0,0.026099999,-9.23,2189828,2336379,2018539,0.11
2188,MIY,Financial Services,Asset Management,NYSE,99.67,62,59,57,59,12.23,356266430.52458763,28964750.0,0.002,-5.19,62403,60171,58032,0.039
2189,MBINL,Financial Services,Banks - Regional,NASDAQ,99.67,62,57,56,56,24.82,,,1.42,-2.05,10817,18825,19025,0.158
2190,AMCR,Consumer Cyclical,Packaging & Containers,NYSE,99.66,62,55,27,46,44.54,20315468983.664818,462345690.0,0.0668,-12.56,3405153,3423681,3550804,0.774
2191,ACAD,Healthcare,Biotechnology,NASDAQ,99.63,62,51,56,78,24.84,4383638337.3213005,171235870.0,0.1014,-12.38,1369936,1686548,1549509,0.097
2192,JCTC,Basic Materials,Lumber & Wood Production,NASDAQ,99.61,62,36,17,8,2.55,9750712.942859173,3520113.0,0.0027,-36.57,17493,24477,28050,-0.218
2193,SGU,Energy,Oil & Gas Refining & Marketing,NYSE,99.61,62,59,57,60,13.05,429796187.9800606,32833933.0,0.0021,-3.55,19890,24333,21916,0.032
2194,CL,Consumer Defensive,Household & Personal Products,NYSE,99.6,62,60,49,60,90.75,74401604729.98238,800189310.0,0.024400001,-8.64,3996237,4891689,5099599,0.084
2195,CTAS,Industrials,Specialty Business Services,NASDAQ,99.59,62,29,28,34,205.91,81810052928.84827,400147000.0,0.0399,-9.19,2875021,2379947,2317056,0.089
2196,TOL,Consumer Cyclical,Residential Construction,NYSE,99.57,62,76,65,69,149.87,14091687446.548462,93471000.0,0.059699997,-10.98,933685,1131238,1139921,-0.076
2197,GPN,Industrials,Specialty Business Services,NYSE,99.56,62,28,29,24,80.92,21287155631.261147,273543507.0,0.0858,-10.72,3133139,3620333,3758355,0.631
2198,KVAC,Financial Services,Shell Companies,NASDAQ,99.54,62,49,52,50,12.8,67950469.98022842,5506521.0,0.0001,1.99,963,2017,2290,
2199,GGZ,Financial Services,Asset Management,NYSE,99.49,62,65,71,74,15.87,123013631.45402241,7707621.0,0.001,-5.54,7832,8250,7578,
2200,COLD,Real Estate,REIT - Industrial,NYSE,99.47,62,75,29,21,14.32,4544925495.428497,285306052.0,0.074499995,-16.36,4371233,4361511,4487408,0.003
2201,GNRC,Industrials,Specialty Industrial Machinery,NYSE,99.45,62,93,85,59,202.01,12651468449.293549,58868681.0,0.033299997,-31.85,852159,934363,910525,0.124
2202,NIE,Financial Services,Asset Management,NYSE,99.44,62,66,64,62,25.9,726251947.2816849,27708965.0,0.0014,-4.92,50013,61374,67376,
2203,HQY,Healthcare,Health Information Services,NASDAQ,99.41,62,30,32,27,94.64,8165422521.109879,83602157.0,0.0834,-10.68,785995,934081,983845,0.072
2204,EURK,Financial Services,Shell Companies,NASDAQ,99.4,62,59,53,52,11.93,27110805.993188858,2170601.0,0.0034,-16.46,10075,25695,16007,
2205,NYT,Communication Services,Publishing,NYSE,99.39,62,45,82,83,71.65,12290234784.466576,161862699.0,0.0889,-17.74,1458624,1717194,1675292,0.121
2206,IFF,Basic Materials,Specialty Chemicals,NYSE,99.36,62,60,42,38,75.94,19964730809.47563,255303473.0,0.0775,-10.08,1686497,1941952,2029743,-0.036
2207,SRI,Consumer Cyclical,Auto Parts,NYSE,99.36,62,71,46,64,7.39,196517306.27708912,28235245.0,0.0366,-23.89,140107,300782,245217,0.079
2208,UTMD,Healthcare,Medical Instruments & Supplies,NASDAQ,99.35,62,63,70,60,67.14,222244954.71687317,3184025.0,0.0533,-11.37,36912,23367,17998,-0.102
2209,RGS,Consumer Cyclical,Personal Services,NASDAQ,99.35,62,57,77,33,27.98,73988818.10513306,2498778.0,0.0201,-11.17,7249,6259,6637,-0.08
2210,FLG,Financial Services,Banks - Regional,NYSE,99.33,62,74,67,69,13.85,6210545158.797649,416815122.0,0.0001,-10.3,4411614,5221518,4719396,0.212
2211,BPYPN,Real Estate,Real Estate Services,NASDAQ,99.32,62,58,63,59,13.91,,,1.53,-6.52,10834,16184,16442,-0.028
2212,AGRO,Consumer Defensive,Farm Products,NYSE,99.32,62,33,89,46,10.58,1453186208.5805511,144308466.0,0.0404,-33.42,630155,834025,807997,0.225
2213,AGCO,Industrials,Farm & Heavy Construction Machinery,NYSE,99.31,62,59,63,58,121.21,8350875551.493973,72408527.0,0.0467,-15.7,720153,730967,710730,0.143
2214,PNFP,Financial Services,Banks - Regional,NYSE,99.31,62,54,58,42,102.6,15269343813.741394,151106812.0,0.0456,-14.28,1385402,1375770,1268668,1.564
2215,QCOM,Technology,Semiconductors,NASDAQ,99.31,62,84,36,33,166.97,181056118713.3789,1054000000.0,0.0427,-35.76,11895219,17725226,19925973,-0.035
2216,NEWTP,Financial Services,Banks - Regional,NASDAQ,99.3,62,59,56,45,24.81,,,1.48,-1.16,4395,3985,3977,0.107
2217,LIN,Basic Materials,Specialty Chemicals,NASDAQ,99.28,62,62,66,49,512.28,237285872892.86865,462347310.0,0.014199999,-6.55,1818878,2252786,2295181,0.082
2218,CMC,Industrials,Metal Fabrication,NYSE,99.28,62,78,72,88,68.95,7346562492.468414,110624335.0,0.0556,-18.76,1158502,1459947,1287164,0.229
2219,KLC,Consumer Defensive,Education & Training Services,NYSE,99.28,62,69,11,9,4.93,618195695.932754,118428299.0,0.1374,-54.18,448626,677028,836987,0.006
2220,RGT,Financial Services,Asset Management,NYSE,99.28,62,61,66,77,14.59,96473923.14823532,6562852.0,0.0044,-2.67,16479,18763,16081,
2221,SOGP,Communication Services,Internet Content & Information,NASDAQ,99.27,62,68,98,99,11.0,42121305.62999725,4174146.0,0.0471,-70.27,8140,14530,17544,0.575
2222,CKX,Energy,Oil & Gas E&P,NYSE ARCA,99.26,62,56,38,43,11.46,22646012.32175541,2053129.0,0.0013,-9.55,5140,7556,7874,-0.51
2223,GTES,Industrials,Specialty Industrial Machinery,NYSE,99.26,62,77,63,55,26.89,6758938239.109253,253999928.0,0.0495,-7.82,1648999,1959569,1935575,0.004
2224,VPV,Financial Services,Asset Management,NYSE,99.26,62,62,60,58,10.84,196497931.87766075,17879703.0,0.002,-5.74,16228,28636,30507,-0.105
2225,ORIC,Healthcare,Biotechnology,NASDAQ,99.25,62,29,54,55,12.1,1110743392.8734207,103517562.0,0.2158,-18.96,1549137,1724269,1736377,
2226,AON,Financial Services,Insurance Brokers,NYSE,99.24,62,32,35,42,361.7,78427589617.29166,213576949.0,0.0175,-5.07,1231397,1564349,1564879,0.065
2227,AVNT,Basic Materials,Specialty Chemicals,NYSE,99.24,62,61,61,55,37.6,3390524985.9408875,91710167.0,0.0587,-16.16,631793,965137,898860,0.025
2228,TOWN,Financial Services,Banks - Regional,NASDAQ,99.24,62,59,55,52,36.65,3338769843.4880447,91298055.0,3.96,-3.2,696713,721407,650316,0.362
2229,SGHT,Healthcare,Medical Devices,NASDAQ,99.22,62,75,41,92,4.91,273682019.67566013,54409942.0,0.0184,-46.84,162932,195914,182018,0.125
2230,USAC,Energy,Oil & Gas Equipment & Services,NYSE,99.2,62,58,70,65,26.38,3782328868.4310265,144972359.0,0.0325,-13.65,182711,269683,233570,0.351
2231,AG,Basic Materials,Silver,NYSE,99.2,62,73,93,98,16.31,7806497077.273956,493769568.0,1.42,-49.09,8948024,10908171,11492588,0.954
2232,AURA,Healthcare,Biotechnology,NASDAQ,99.2,62,57,73,24,7.05,723020524.1652832,103436416.0,0.0675,-26.06,395957,643479,575817,
2233,MAZE,Healthcare,Biotechnology,NASDAQ,99.2,62,65,83,97,27.68,1556308785.7675915,55345261.0,0.1125,-48.41,396152,719420,623986,
2234,BSBK,Financial Services,Banks - Regional,NASDAQ,99.2,62,59,52,50,9.04,115946693.88427734,12854400.0,0.0039,-4.84,10136,8798,14573,0.03
2235,SLNG,Energy,Oil & Gas Integrated,NASDAQ,99.19,62,26,19,48,4.6,70479980.08060741,18596301.0,0.0034,-27.67,66084,45631,47238,-0.401
2236,ETW,Financial Services,Asset Management,NYSE,99.17,62,62,62,65,9.4,1029506961.5678787,108597786.0,0.26,-2.89,202234,241091,243580,0.046
2237,EXG,Financial Services,Asset Management,NYSE,99.16,62,63,59,69,9.5,2946163965.3915997,305936026.0,0.83,-3.75,338361,412053,433534,
2238,OZK,Financial Services,Banks - Regional,NASDAQ,99.16,62,62,56,52,50.33,5677716975.518703,109165875.0,0.1471,-6.21,1480618,1393379,1198079,0.014
2239,CUBE,Real Estate,REIT - Industrial,NYSE,99.16,62,60,52,33,42.09,9484466822.508087,226413630.0,0.0479,-1.89,2082985,1944518,2000329,0.033
2240,TTAM,Basic Materials,Building Materials,NYSE,99.14,61,80,57,72,17.15,3124943922.407398,184362465.0,0.106300004,-12.37,164824,244931,261328,0.015
2241,GAM,Financial Services,Asset Management,NYSE,99.13,61,62,73,71,64.06,1536342315.6013184,23986608.0,0.0001,-3.2,22830,28046,28954,-0.221
2242,PMM,Financial Services,Asset Management,NYSE,99.13,61,58,54,53,6.41,282700416.11508894,42833397.0,0.0014,-2.88,57754,80738,89664,
2243,GLO,Financial Services,Asset Management,NYSE ARCA,99.12,61,64,63,68,5.82,251893041.87009335,42766222.0,0.0004,-5.83,117907,133132,137435,-0.066
2244,AX,Financial Services,Banks - Regional,NYSE,99.12,61,64,76,81,95.83,5661727652.110748,56884635.0,0.0841,-6.21,321859,421733,385803,0.193
2245,NBXG,Financial Services,Asset Management,NYSE,99.1,61,73,58,57,14.93,1172758702.4806137,78761496.0,0.00090000004,-14.34,288037,257225,258127,
2246,SFD,Consumer Defensive,Packaged Foods,NASDAQ,99.07,61,50,76,58,26.26,10139909247.629597,393477263.0,0.1357,-11.89,1244094,1291641,1263740,0.008
2247,DBI,Consumer Cyclical,Footwear & Accessories,NYSE,99.07,61,86,95,95,5.46,290444881.22654486,50777079.0,0.3777,-40.46,465635,697775,699435,0.014
2248,ATRC,Healthcare,Medical Instruments & Supplies,NASDAQ,99.07,61,24,23,57,35.04,1769901940.135994,50640970.0,0.0915,-18.85,894990,1023790,919044,0.143
2249,TCBI,Financial Services,Banks - Regional,NASDAQ,99.04,61,68,70,79,99.25,4588505547.402687,43670939.0,0.1146,-8.88,573578,590856,534475,0.169
2250,SOLV,Healthcare,Medical Instruments & Supplies,NYSE,99.01,61,59,33,59,78.01,14080835409.930176,173174712.0,0.0341,-11.55,871728,1198926,1662391,-0.03
2251,CRBG,Financial Services,Asset Management,NYSE,99.0,61,41,27,34,31.29,14361510580.896648,450486542.0,0.0834,-14.44,3883317,4448595,4885491,0.021
2252,TITN,Industrials,Industrial Distribution,NASDAQ,99.0,61,78,78,30,19.98,446003710.977478,23302180.0,0.0421,-20.08,150947,195852,212115,-0.121
2253,BMRN,Healthcare,Biotechnology,NASDAQ,98.98,61,47,33,37,59.33,11517819689.912865,193284438.0,0.0722,-10.49,1489680,1757060,2073682,0.028
2254,SKYW,Industrials,Airlines,NASDAQ,98.96,61,40,25,33,103.65,3856169254.7669296,39660281.0,0.0598,-16.37,481184,466148,435930,0.068
2255,HAPN,Financial Services,Banks - Regional,NASDAQ,98.96,61,81,61,72,18.06,2218198234.946537,115350925.0,0.0687,-16.66,1283102,2089677,1991348,0.125
2256,AUDC,Technology,Communication Equipment,NASDAQ,98.95,61,44,41,27,9.58,248172736.5,25453614.0,0.0056,-13.85,88853,108154,109898,0.029
2257,CAPL,Energy,Oil & Gas Refining & Marketing,NYSE,98.95,61,61,40,56,21.76,856183208.0166111,38154331.0,0.0034,-6.77,27682,31760,40428,-0.02
2258,SLGN,Consumer Cyclical,Packaging & Containers,NYSE,98.93,61,57,25,34,46.43,4985971014.690903,105679758.0,0.1014,-18.33,1540510,1133486,1032542,0.065
2259,EQH,Financial Services,Asset Management,NYSE,98.93,61,36,28,31,48.0,13372219834.731178,272958142.0,0.0001,-13.11,2334599,3392699,3896261,-0.076
2260,CABA,Healthcare,Biotechnology,NASDAQ,98.92,61,75,85,85,2.69,461445060.2399063,163054796.0,0.23120001,-36.41,2844434,5574968,4725546,
2261,PROV,Financial Services,Banks - Regional,NASDAQ,98.91,61,60,64,53,17.22,107626016.38457489,6253691.0,0.0066000004,-1.15,4355,4778,6201,-0.112
2262,BIO,Healthcare,Medical Devices,NYSE,98.9,61,58,41,39,314.46,8145159575.264404,26761598.0,0.0,-8.35,297501,309180,374386,0.011
2263,FSBW,Financial Services,Banks - Regional,NASDAQ,98.87,61,58,60,60,43.61,326868672.0977783,7423772.0,0.033099998,-4.89,21405,21895,18015,0.026
2264,OVLY,Financial Services,Banks - Regional,NASDAQ,98.84,61,63,74,73,32.61,281598449.5303345,8413458.0,0.0139,-9.34,28350,43430,52950,0.061
2265,SABS,Healthcare,Biotechnology,NASDAQ,98.83,61,85,79,94,3.51,270682889.8431263,76464094.0,0.0512,-46.82,538336,1001368,779597,
2266,GRND,Technology,Software - Application,NYSE,98.82,61,31,33,14,14.85,2712098449.698248,177725977.0,0.1338,-26.12,1380493,1760181,1725172,0.383
2267,AGD,Financial Services,Asset Management,NYSE,98.81,61,61,64,74,12.05,316298017.20283985,26118747.0,1.12,-13.81,186460,127666,120462,0.187
2268,ILLR,Technology,Software - Application,NASDAQ,98.76,61,32,13,2,1.19,25830468.134900093,17692101.0,0.0752,-93.12,978305,11851193,7324620,0.052
2269,RYDE,Technology,Software - Application,NYSE ARCA,98.76,61,93,99,23,0.61,118408683.9873246,180226306.0,0.0033000002,-60.65,92064,79074,161002,0.388
2270,FFA,Financial Services,Asset Management,NYSE,98.75,61,60,60,61,22.37,454529071.0650902,19988086.0,0.0002,-3.74,18391,27410,27982,-0.051
2271,PAYX,Technology,Software - Application,NASDAQ,98.75,61,28,19,20,113.55,40677083782.958984,355600000.0,0.0642,-23.33,3051006,3600845,3396987,0.125
2272,LGCY,Consumer Defensive,Education & Training Services,NYSE ARCA,98.75,61,31,77,70,11.73,153595745.66373253,12652038.0,0.0057,-20.2,47092,43240,53488,0.15
2273,TFX,Healthcare,Medical Instruments & Supplies,NYSE,98.73,61,59,69,20,132.1,5959213129.730392,44270211.0,0.085200004,-5.42,376897,432165,522941,0.323
2274,MXE,Financial Services,Asset Management,NYSE,98.73,61,59,69,82,13.08,57818747.77069187,4400209.0,0.85,-8.53,3103,3501,2918,0.285
2275,FELE,Industrials,Specialty Industrial Machinery,NASDAQ,98.72,61,69,60,55,105.59,4668294794.920166,44182232.0,0.0202,-5.33,273109,304396,287359,0.099
2276,GOODN,Real Estate,REIT - Diversified,NASDAQ,98.71,61,49,49,51,23.25,,,0.09,-2.43,2729,2333,2655,0.118
2277,GFF,Industrials,Building Products & Equipment,NYSE,98.71,61,81,73,58,90.62,4195420793.55954,45866631.0,0.049000002,-7.88,247488,358489,348293,-0.011
2278,ETV,Financial Services,Asset Management,NYSE,98.71,61,59,59,59,14.62,1738475572.4945002,116754569.0,1.2,-4.51,139245,157998,164117,-0.081
2279,XEL,Utilities,Utilities - Regulated Electric,NASDAQ,98.71,61,61,59,49,81.67,49173711145.56854,624269560.0,0.081599995,-3.04,4819033,5563987,5601844,0.029
2280,GLBE,Consumer Cyclical,Internet Retail,NASDAQ,98.67,61,44,29,33,36.21,6402916765.511471,167967391.0,0.0368,-13.66,1438372,1662380,1697362,0.328
2281,VRDN,Healthcare,Biotechnology,NASDAQ,98.66,61,19,13,93,19.27,1991011182.2846718,110427682.0,0.16290002,-43.8,1692185,2283741,2070627,0.958
2282,BOE,Financial Services,Asset Management,NYSE,98.66,61,60,57,61,11.91,663865469.1692591,55600125.0,0.0029,-3.56,83048,90602,101379,-0.018
2283,CLSK,Financial Services,Capital Markets,NASDAQ,98.64,61,88,35,36,14.52,3343610067.6581097,256608606.0,0.42880002,-38.5,29611090,22216843,23166002,-0.249
2284,INVH,Real Estate,REIT - Residential,NYSE,98.62,61,62,40,27,29.78,17892544213.25985,594041956.0,0.0328,-8.85,3886694,5315588,5358182,0.092
2285,FLR,Industrials,Engineering & Construction,NYSE,98.61,61,70,63,51,52.19,6854998751.423218,139669896.0,0.096,-9.23,1972892,2411584,2561456,-0.08
2286,WF,Financial Services,Banks - Regional,NYSE,98.6,61,38,82,87,65.07,15149387284.527103,242584261.0,0.0015,-23.18,163278,195042,190881,0.059
2287,TY,Financial Services,Asset Management,NYSE,98.59,61,63,57,49,34.87,1863168475.0,53233385.0,0.0,-3.27,30476,38012,34579,-0.031
2288,AYI,Industrials,Electrical Equipment & Parts,NYSE,98.59,61,70,34,37,330.14,9990090781.382416,29935547.0,0.051599998,-13.16,257743,425947,398532,0.016
2289,APD,Basic Materials,Specialty Chemicals,NYSE,98.58,61,48,69,44,297.87,65828863308.01196,222680686.0,0.0184,-5.4,1010598,1446222,1345199,0.088
2290,CPSH,Technology,Electronic Components,NASDAQ,98.58,61,86,87,96,4.44,84010435.85261536,19268448.0,0.104499996,-69.15,291284,879078,2202548,-0.064
2291,VRTX,Healthcare,Biotechnology,NASDAQ,98.56,61,60,32,52,477.36,123260599216.94467,253805417.0,0.022,-10.55,1243631,1793653,1602038,0.078
2292,TLNCU,Financial Services,Shell Companies,NASDAQ,98.55,61,50,48,43,11.0,,,0.3,-8.26,30,303,412,
2293,EDN,Utilities,Utilities - Regulated Electric,NYSE,98.54,61,34,25,35,25.71,1169849240.9992447,47574186.0,0.0911,-29.95,47799,76333,114523,-0.0
2294,FOR,Real Estate,Real Estate - Development,NYSE,98.52,61,80,71,57,28.32,1525161097.2417126,51008733.0,0.0277,-11.67,155801,155137,156542,-0.03
2295,DTE,Utilities,Utilities - Regulated Electric,NYSE,98.52,61,64,62,46,149.46,30827716211.351624,208028313.0,0.0323,-4.04,1132356,1283338,1382647,0.158
2296,ELS,Real Estate,REIT - Residential,NYSE,98.52,61,50,51,48,66.05,12751394109.75,193937553.0,0.051,-4.28,1872275,1600901,1587133,0.012
2297,ARTNA,Utilities,Utilities - Regulated Water,NASDAQ,98.52,61,51,38,50,34.45,350824398.51384735,10324438.0,0.0166,-1.29,29094,34284,35748,0.073
2298,DUK,Utilities,Utilities - Regulated Electric,NYSE,98.51,60,53,58,45,130.52,97457324752.5672,779596217.0,0.0257,-2.95,3478506,3833348,3590435,0.113
2299,PPG,Basic Materials,Specialty Chemicals,NYSE,98.51,60,68,42,62,116.0,26159544136.047363,222900000.0,0.0372,-13.06,1455004,1932374,1893114,0.067
2300,VTOL,Energy,Oil & Gas Equipment & Services,NYSE,98.49,60,55,81,77,45.71,1307688750.1701355,29605814.0,0.0436,-9.27,152896,251335,227621,0.109
2301,HBAN,Financial Services,Banks - Regional,NASDAQ,98.47,60,61,54,65,17.36,36995133212.75,2027130587.0,0.0328,-10.79,28541743,24009894,23132122,0.336
2302,RCMT,Industrials,Conglomerates,NASDAQ,98.47,60,79,89,36,27.63,196256035.44519424,7087614.0,0.0464,-14.98,34984,61368,70452,-0.017
2303,LPAAU,Financial Services,Shell Companies,NASDAQ,98.46,60,41,44,49,11.48,,,0.01,4.36,130,133,82,
2304,PGZ,Financial Services,Asset Management,NYSE,98.45,60,57,55,49,10.25,68815449.01247978,6694110.0,0.0073,-3.67,18870,22260,21910,
2305,RFM,Financial Services,Asset Management,NYSE,98.45,60,58,55,51,14.57,91292457.93605804,6114699.0,1.41,-3.06,7588,11042,11147,
2306,BAX,Healthcare,Medical Instruments & Supplies,NYSE,98.45,60,56,20,24,22.4,11677364586.107666,516469008.0,0.118,-23.68,5296544,6087251,6369056,0.029
2307,NEE,Utilities,Utilities - Regulated Electric,NYSE,98.45,60,61,78,73,89.78,185201762155.16245,2085605358.0,0.0001,-9.08,8884290,11102130,12247218,0.073
2308,SBH,Consumer Cyclical,Specialty Retail,NYSE,98.45,60,60,75,84,14.64,1419678282.5986347,95408486.0,0.3024,-18.3,1186973,1458274,1471600,0.023
2309,MGYR,Financial Services,Banks - Regional,NASDAQ,98.42,60,50,57,64,18.29,113420889.01932907,6462729.0,0.0013,-8.55,3643,3421,3288,0.072
2310,KGEI,Energy,Oil & Gas E&P,NASDAQ,98.41,60,24,71,16,5.31,186349408.93960476,35630862.0,2.38,-19.67,117860,207056,216772,0.195
2311,FTAIM,Industrials,Aerospace & Defense,NASDAQ,98.35,60,56,54,56,27.52,,,1.21,-1.04,3220,8213,6450,0.655
2312,WLKP,Basic Materials,Chemicals,NYSE,98.34,60,62,63,52,22.05,775761826.8671417,35245880.0,0.0061000003,-7.66,31909,26406,26493,0.286
2313,LSF,Consumer Defensive,Packaged Foods,NYSE ARCA,98.32,60,92,16,8,4.2,48419132.249456406,11004348.0,0.011,-46.15,35630,65866,62556,0.196
2314,AGNC,Real Estate,REIT - Mortgage,NASDAQ,98.31,60,67,68,79,10.59,12879766738.370186,1147929272.0,0.096099995,-13.13,20298706,17413365,16356513,
2315,BACCU,Financial Services,Shell Companies,NASDAQ,98.3,60,55,50,49,11.12,,,0.0,-5.36,220,4296,2904,
2316,WBX,Technology,Electronic Components,NYSE,98.28,60,99,97,99,3.95,109991535.17978811,24120951.0,0.0077,-49.55,49727,341272,208755,-0.211
2317,BBDO,Financial Services,Banks - Regional,NYSE,98.27,60,47,77,87,3.21,32663499259.228508,10570712028.0,0.02,-15.53,77137,75065,79607,0.105
2318,CGEN,Healthcare,Biotechnology,NASDAQ,98.27,60,70,91,59,2.28,224165576.49564743,94584636.0,0.0296,-29.63,221336,270305,407045,-0.047
2319,DAN,Consumer Cyclical,Auto Parts,NYSE,98.25,60,74,96,92,27.07,2857184001.1089115,107574701.0,0.066,-31.57,1172171,2044510,1628148,0.049
2320,VKTX,Healthcare,Biotechnology,NASDAQ,98.23,60,70,55,24,34.79,4305197455.035782,116105643.0,0.214,-19.37,1814442,2612170,2369958,
2321,TRTX,Real Estate,REIT - Mortgage,NYSE,98.23,60,57,54,66,8.62,676446828.75,77308209.0,0.0508,-12.49,620074,717338,646700,0.119
2322,GLP,Energy,Oil & Gas Midstream,NYSE,98.21,60,47,45,36,48.38,1623833372.081871,33971410.0,0.0045,-9.15,56274,134024,115556,0.159
2323,RMM,Financial Services,Asset Management,NYSE,98.21,60,63,57,51,14.37,290369928.63300705,19739628.0,1.91,-4.2,39805,39438,39559,
2324,AES,Utilities,Utilities - Diversified,NYSE,98.19,60,67,64,76,14.84,10533339747.467693,713157713.0,0.028499998,-15.92,6715871,7998623,8656406,0.087
2325,JBLU,Industrials,Airlines,NASDAQ,98.18,60,79,58,56,5.27,2016342433.8627892,372018894.0,0.2613,-18.92,33962543,30535134,28023864,0.047
2326,NOEM,Financial Services,Shell Companies,NASDAQ,98.17,60,44,49,48,11.02,101417234.26866531,9585750.0,0.00029999999,4.16,1371,5447,5320,
2327,IP,Consumer Cyclical,Packaging & Containers,NYSE,98.11,60,39,19,31,42.16,19888658270.620903,529516974.0,0.1867,-24.89,5933099,6075463,5944835,0.134
2328,CBFV,Financial Services,Banks - Regional,NASDAQ,98.11,60,68,66,71,35.9,184440139.05607605,5072611.0,0.0178,-7.62,5844,8021,6750,0.202
2329,CVCO,Consumer Cyclical,Residential Construction,NASDAQ,98.1,60,73,45,47,569.77,4364157977.013428,7707531.0,0.0712,-20.09,97609,111556,127301,0.082
2330,VLRS,Industrials,Airlines,NYSE,98.1,60,86,66,92,7.62,879791503.8744736,114855290.0,0.0202,-29.44,686508,710909,682355,0.136
2331,RFMZ,Financial Services,Asset Management,NYSE,98.08,60,62,56,51,13.18,328748719.5,24351757.0,1.92,-3.8,45787,38565,47783,
2332,EEA,Financial Services,Asset Management,NYSE,98.07,60,61,46,63,10.84,73870519.75960541,6820916.0,0.0007,-5.16,21244,34701,41544,0.491
2333,OCFC,Financial Services,Banks - Regional,NASDAQ,98.07,60,56,65,59,19.56,1730591818.7081966,86877099.0,0.048899997,-5.09,850363,1080661,1042460,0.085
2334,SPPL,Industrials,Specialty Industrial Machinery,NASDAQ,98.06,60,82,14,17,3.15,31217930.709969997,9786185.0,0.0252,-55.0,61098,635469,1098005,0.026
2335,IIM,Financial Services,Asset Management,NYSE,98.06,60,59,53,55,12.38,600074819.1192913,47101635.0,0.0032,-6.0,93700,94526,101330,0.018
2336,MSBIP,Financial Services,Banks - Regional,NASDAQ,98.04,60,55,60,62,25.18,,,1.54,-2.93,2159,3873,3195,0.143
2337,HCC,Basic Materials,Coking Coal,NYSE,98.02,60,74,84,91,80.07,4166603172.6065674,52801964.0,0.095699996,-27.47,543580,688716,790594,0.54
2338,FBIN,Industrials,Building Products & Equipment,NYSE,98.0,60,48,20,38,51.27,6137646395.663654,119293417.0,0.0925,-20.93,1878616,2634902,2621145,-0.021
2339,LOAR,Industrials,Aerospace & Defense,NYSE,98.0,60,66,18,23,70.89,6552776525.286552,93624471.0,0.1204,-15.03,613227,792455,742115,0.361
2340,KPRX,Healthcare,Biotechnology,NASDAQ,97.99,60,62,33,22,2.55,11656002.707195282,4431940.0,0.0017,-21.13,33680,26333,33130,
2341,HRB,Consumer Cyclical,Personal Services,NYSE,97.99,60,30,14,16,40.83,5334069742.664871,126760207.0,0.2425,-28.07,1695059,2021493,2192085,0.053
2342,TYG,Financial Services,Asset Management,NYSE,97.99,60,48,75,62,44.76,1107888736.02697,25410293.0,0.00090000004,-12.54,145780,186760,204288,0.931
2343,ECCC,Financial Services,Asset Management,NYSE,97.98,60,56,60,60,24.9,,,1.11,-0.8,2950,2783,4186,-0.191
2344,CNOBP,Financial Services,Banks - Regional,NASDAQ,97.98,60,55,59,57,25.14,,,1.49,0.04,2299,4909,4993,0.655
2345,RSKD,Technology,Software - Application,NYSE,97.96,60,60,35,25,5.02,699794237.4221063,133803869.0,0.0208,-11.62,567866,969348,1078213,0.071
2346,GRX,Financial Services,Asset Management,NYSE,97.95,60,51,44,51,9.56,145690616.03310394,15050683.0,0.00090000004,-4.88,19267,23495,22189,
2347,EPRT,Real Estate,REIT - Retail,NYSE,97.94,60,46,54,40,32.34,7207478076.10817,216245955.0,0.112399995,-6.88,1751292,2036630,1949872,0.228
2348,HAS,Consumer Cyclical,Leisure,NASDAQ,97.9,60,54,78,82,88.79,11538566364.395325,141490692.0,0.0633,-17.0,2892230,2335796,2286448,0.127
2349,DTSQU,Financial Services,Shell Companies,NASDAQ,97.89,60,53,50,51,11.49,,,0.04,-33.58,10,546,906,
2350,ETN,Industrials,Specialty Industrial Machinery,NYSE,97.87,60,72,74,40,404.07,155316113208.0078,388300000.0,0.0239,-7.48,1983808,2267079,2374141,0.168
2351,EHC,Healthcare,Medical Care Facilities,NYSE,97.86,60,31,36,23,112.89,11131128675.98053,99199080.0,0.0352,-11.8,899775,1119225,975757,0.09
2352,VKI,Financial Services,Asset Management,NYSE ARCA,97.85,60,64,55,55,8.88,408703293.92674255,44424272.0,0.0039,-7.5,79475,91488,95251,0.002
2353,NMS,Financial Services,Asset Management,NYSE,97.84,60,53,58,53,12.12,78326059.13156414,6409661.0,0.0013,-3.04,14710,11193,10796,
2354,JEF,Financial Services,Capital Markets,NYSE,97.83,60,52,27,62,55.86,12650402863.513607,230552271.0,0.0271,-21.37,1705077,2398672,2137039,0.35
2355,CAMT,Technology,Semiconductor Equipment & Materials,NASDAQ,97.83,60,87,92,89,147.79,6818850259.381195,46656521.0,0.0934,-31.58,449155,503835,511689,0.025
2356,JOUT,Consumer Cyclical,Leisure,NASDAQ,97.82,60,67,89,84,45.99,484454505.0,10474692.0,0.147,-14.1,38747,62702,65687,0.155
2357,BZFD,Communication Services,Internet Content & Information,NASDAQ,97.82,60,86,9,6,1.11,110700418.9219898,83233395.0,0.0378,-58.58,565025,849505,1629461,-0.124
2358,SRE,Utilities,Utilities - Diversified,NYSE,97.81,59,58,64,51,92.98,60304507742.25,653707401.0,0.0253,-7.98,2523107,3734845,3672485,-0.039
2359,SCD,Financial Services,Asset Management,NYSE,97.78,59,56,51,54,15.41,350466960.46903706,22906337.0,0.68,-4.76,154972,84857,70760,0.334
2360,FCPT,Real Estate,REIT - Retail,NYSE,97.78,59,53,54,38,26.07,2889696348.636801,109749197.0,0.0508,-3.3,666801,874003,861638,0.069
2361,OVBC,Financial Services,Banks - Regional,NASDAQ,97.78,59,64,78,81,42.14,205682346.60115814,4711002.0,0.0124,-23.33,56378,44666,43157,0.011
2362,DB,Financial Services,Banks - Regional,NYSE,97.77,59,61,37,85,34.66,67343361622.82802,1913163641.0,0.0023,-14.27,1884856,2399425,2653591,0.012
2363,ALRM,Technology,Software - Application,NASDAQ,97.76,59,29,28,29,51.78,2631303053.33543,49460583.0,0.0834,-13.02,409798,563752,535415,0.11
2364,LAR,Basic Materials,Other Industrial Metals & Mining,NYSE,97.72,59,95,98,97,5.85,1041984261.8741989,163834000.0,0.0355,-51.45,1833197,1767442,2006907,
2365,EFC,Real Estate,REIT - Mortgage,NYSE,97.7,59,67,58,53,13.37,1696575699.23629,125393624.0,0.0587,-5.31,1133695,1343528,1230161,0.765
2366,NRK,Financial Services,Asset Management,NYSE,97.7,59,61,63,53,10.32,924694255.6776276,87235304.0,0.0037,-4.44,217496,232828,254725,-0.018
2367,FAST,Industrials,Industrial Distribution,NASDAQ,97.7,59,56,55,54,47.02,52199666521.80658,1147497573.0,0.0307,-7.13,9745027,8331365,7721395,0.147
2368,VRSN,Technology,Software - Infrastructure,NASDAQ,97.69,59,35,53,41,280.0,25267060333.251953,91000000.0,0.021,-10.39,884669,865223,844073,0.066
2369,BPYPO,Real Estate,Real Estate Services,NASDAQ,97.68,59,58,63,57,15.07,,,0.71,-7.31,13330,16323,13372,-0.028
2370,FFIN,Financial Services,Banks - Regional,NASDAQ,97.68,59,61,48,34,34.68,5060717723.873825,143281930.0,0.0805,-9.05,847964,1036711,951382,0.098
2371,NXT,Technology,Solar,NASDAQ,97.68,59,81,89,94,100.03,15635451390.095482,151653265.0,0.0645,-38.68,3063941,3500350,3180590,-0.047
2372,ETB,Financial Services,Asset Management,NYSE,97.67,59,56,60,61,15.27,452370599.7944355,29374715.0,0.06,-2.86,38665,42668,45985,-0.102
2373,GENC,Industrials,Farm & Heavy Construction Machinery,NYSE ARCA,97.66,59,52,57,48,15.23,235402686.2919426,14657702.0,0.0088,-12.47,33033,33484,34748,-0.115
2374,MUJ,Financial Services,Asset Management,NYSE,97.65,59,60,59,62,12.03,650985587.3468971,53185098.0,0.0014,-5.13,72167,81185,90051,0.02
2375,HBIO,Healthcare,Medical Instruments & Supplies,NASDAQ,97.65,59,65,84,26,6.0,28098433.946024895,4510182.0,0.016,-36.17,12492,16214,20400,-0.047
2376,REAL,Consumer Cyclical,Luxury Goods,NASDAQ,97.65,59,87,82,94,11.13,1350667435.476242,120487728.0,0.1682,-36.01,2865222,3238244,3135244,0.185
2377,DOW,Basic Materials,Chemicals,NYSE,97.64,59,53,87,55,29.84,21564583879.948208,720741438.0,0.0546,-30.18,9925394,12101561,11722840,-0.061
2378,VKQ,Financial Services,Asset Management,NYSE,97.63,59,60,56,54,9.68,548928303.1017647,55335514.0,0.008,-4.25,161678,203402,201369,0.027
2379,IQI,Financial Services,Asset Management,NYSE,97.61,59,58,55,55,9.95,535712869.6620703,52883797.0,0.001,-4.51,185695,162115,150465,0.009
2380,BWBBP,Financial Services,Banks - Regional,NASDAQ,97.59,59,55,57,45,20.12,,,1.29,-10.5,2065,2815,2465,0.462
2381,AUBN,Financial Services,Banks - Regional,NASDAQ,97.59,59,61,37,57,26.62,92920610.93257141,3493256.0,0.0023,-8.21,1307,1959,2619,0.115
2382,QNST,Communication Services,Advertising Agencies,NASDAQ,97.57,59,35,28,19,15.15,963933348.0446053,57445370.0,0.1192,-15.93,734181,714883,792460,0.283
2383,DEI,Real Estate,REIT - Office,NYSE,97.57,59,51,33,18,12.28,2095240728.5043354,167485267.0,0.2791,-27.72,2076875,2111968,2365823,-0.002
2384,INFU,Healthcare,Medical Devices,NYSE ARCA,97.57,59,49,87,69,9.12,180020792.29974174,20181703.0,0.0463,-17.39,123004,234428,218056,-0.03
2385,MDIA,Communication Services,Broadcasting,NASDAQ,97.56,59,51,46,10,1.0,83147480.60489488,82324239.0,0.120900005,-39.02,21282,60584,132936,0.12
2386,DGICA,Financial Services,Insurance - Property & Casualty,NASDAQ,97.55,59,39,42,60,18.76,693198038.2100754,37049603.0,0.0476,-10.92,108483,152134,139284,-0.037
2387,AVB,Real Estate,REIT - Residential,NYSE,97.54,59,54,42,32,189.61,27351521484.692413,142063687.0,0.0293,-7.51,820446,1029748,1087835,0.025
2388,ALH,Consumer Cyclical,"Furnishings, Fixtures & Appliances",NYSE,97.53,59,72,57,24,25.65,5064520626.0,198608652.0,0.08930001,-6.66,512804,613511,620890,0.096
2389,NRO,Financial Services,Asset Management,NYSE ARCA,97.51,59,51,52,36,3.06,193887205.35440683,63361833.0,0.52,-9.2,329522,367087,307316,0.285
2390,BKHA,Financial Services,Shell Companies,NASDAQ,97.5,59,53,54,51,12.1,50299828.15398216,4153578.0,0.07,-7.56,721,963,890,
2391,EMBJ,Industrials,Aerospace & Defense,NYSE,97.5,59,56,56,85,64.93,11405342629.44748,177958235.0,0.0134000005,-19.59,838533,1055267,1289376,0.184
2392,APT,Industrials,Building Products & Equipment,NYSE ARCA,97.49,59,62,36,53,4.93,52719367.5610199,10216932.0,0.0087,-34.27,36292,54190,69942,0.055
2393,APOG,Industrials,Building Products & Equipment,NASDAQ,97.48,59,68,36,29,40.74,856226077.3460083,20868294.0,0.0318,-19.93,217882,316384,273728,-0.011
2394,MCK,Healthcare,Medical Distribution,NYSE,97.47,59,34,60,67,840.9,98508045580.55603,117077745.0,0.0352,-15.83,849098,1075029,1134403,0.06
2395,ADAMM,Real Estate,REIT - Mortgage,NASDAQ,97.46,59,57,60,57,25.06,,,1.83,-2.19,11006,19562,15789,0.107
2396,WM,Industrials,Waste Management,NYSE,97.45,59,41,44,48,238.75,96101092230.71045,401575752.0,0.0159,-3.78,1604299,2124316,2185799,0.035
2397,TJX,Consumer Cyclical,Apparel Retail,NYSE,97.44,59,56,68,65,154.22,170632656145.99893,1104704446.0,0.0153,-9.28,4685951,5686703,6140028,0.092
2398,ACFN,Technology,Scientific & Technical Instruments,NASDAQ,97.43,59,24,32,22,20.4,50616647.205459595,2508258.0,0.0081,-38.18,12224,10984,9440,-0.281
2399,IFBD,Technology,Software - Application,NASDAQ,97.43,59,31,61,10,1.07,9416861.054769158,8188575.0,0.0037,-50.8,5611,12907,102176,2.712
2400,SO,Utilities,Utilities - Regulated Electric,NYSE,97.41,59,53,55,37,97.25,107431798079.64993,1127301098.0,0.0332,-3.56,3975269,5926426,5856757,0.08
2401,MMI,Real Estate,Real Estate Services,NYSE,97.4,59,58,41,25,30.38,1180040438.4557495,37821808.0,0.0709,-9.64,122549,172706,217039,0.182
2402,P,Technology,Computer Hardware,NYSE,97.38,59,60,59,50,74.56,23062253269.182587,332404932.0,0.044699997,-25.88,2158202,2782927,3321462,
2403,DMAC,Healthcare,Biotechnology,NASDAQ,97.37,59,39,47,89,6.74,393348428.77743244,53883345.0,0.144,-35.31,179270,238340,208678,
2404,ZETA,Technology,Software - Infrastructure,NYSE,97.36,59,52,51,68,19.13,5403905299.347389,249257621.0,0.16319999,-26.28,6982182,8674937,9009786,0.499
2405,KCHVU,Financial Services,Shell Companies,NASDAQ,97.36,59,41,47,45,11.0,,,401.07,0.0,610,213,132,
2406,AU,Basic Materials,Gold,NYSE,97.35,59,67,88,96,79.67,38811708070.76964,505624114.0,0.0147,-38.31,2188773,3434887,3055418,0.649
2407,OIA,Financial Services,Asset Management,NYSE,97.35,59,56,57,56,6.15,298136016.0835004,47931837.0,0.0011,-3.91,96846,121865,118017,0.044
2408,CRESY,Industrials,Conglomerates,NASDAQ,97.32,59,47,36,77,11.19,761736588.8065109,70925196.0,0.051799998,-21.25,252034,308611,299176,0.05
2409,IGR,Financial Services,Asset Management,NYSE,97.32,59,56,55,51,4.7,720663196.8926697,151399824.0,2.13,-10.98,458292,474974,516764,-0.153
2410,RSF,Financial Services,Asset Management,NYSE,97.31,59,52,55,48,14.51,61867502.911016464,4252062.0,0.59,-3.72,12658,11286,10763,
2411,IBIO,Healthcare,Biotechnology,NASDAQ,97.29,59,83,82,92,1.43,68556413.94311416,49678561.0,0.095,-62.57,806675,974498,903881,
2412,FMS,Healthcare,Medical Care Facilities,NYSE,97.29,59,39,33,26,24.59,12950186786.437683,537129260.0,4.23,-11.03,534660,583043,709718,-0.055
2413,FBYD,Industrials,Conglomerates,NASDAQ,97.27,59,93,98,28,10.49,544035016.896656,49012162.0,0.040599998,-63.85,160421,186890,147776,2.148
2414,CTKB,Healthcare,Medical Devices,NASDAQ,97.27,59,59,57,76,4.46,596638737.1608038,129142587.0,0.0344,-27.83,765206,1810172,1540705,0.065
2415,MACIU,Financial Services,Shell Companies,NASDAQ,97.26,59,50,44,47,11.33,,,0.0,-43.35,210,203,992,
2416,MLSS,Healthcare,Medical Instruments & Supplies,NYSE ARCA,97.25,59,29,22,7,0.39,38917741.06912017,88449412.0,0.0037,-42.65,116594,171221,206058,-0.032
2417,ATMU,Consumer Cyclical,Auto Parts,NYSE,97.24,58,61,84,85,53.56,4194695951.928894,81672428.0,0.0465,-19.46,542769,806356,815457,0.146
2418,AIRTP,Industrials,Conglomerates,NASDAQ,97.22,58,56,58,71,19.25,,,0.36,-8.33,3622,2177,1936,0.824
2419,OXLCO,Financial Services,Asset Management,NASDAQ,97.19,58,53,56,54,24.01,,,0.11,-3.88,1350,2123,2726,-0.102
2420,BV,Industrials,Specialty Business Services,NYSE,97.18,58,61,30,33,14.06,1353264042.6635742,93200000.0,0.4195,-14.92,997136,875662,748793,0.061
2421,SPKL,Financial Services,Shell Companies,NASDAQ,97.16,58,57,47,45,11.94,104944545.92908001,8658791.0,1.0778,-14.29,42345,124188,98977,
2422,XYZ,Technology,Software - Infrastructure,NYSE,97.16,58,65,49,21,77.15,47578770593.07861,595181000.0,0.0365,-8.24,4894009,5624419,5731895,0.049
2423,VGM,Financial Services,Asset Management,NYSE,97.13,58,61,56,57,10.13,568350999.8145752,54231968.0,0.0045,-4.97,172987,166062,193499,0.038
2424,SEI,Energy,Oil & Gas Equipment & Services,NYSE,97.13,58,94,96,92,54.03,3694140370.791626,61283020.0,0.24180001,-37.31,3728116,2818162,2660681,0.553
2425,ADP,Technology,Software - Application,NASDAQ,97.11,58,28,18,25,250.09,102040171873.9891,399734282.0,0.041500002,-20.85,2331012,2721494,2717170,0.07
2426,MIAX,Financial Services,Capital Markets,NYSE,97.11,58,34,80,72,42.78,4097063308.425293,96788640.0,0.099300005,-25.13,1074751,2319953,2024496,0.13
2427,CBOE,Financial Services,Financial Data & Stock Exchanges,BATS,97.08,58,35,78,68,285.07,28613391466.693604,104653784.0,0.0298,-23.2,1047504,1566808,1541130,0.065
2428,FDUS,Financial Services,Asset Management,NASDAQ,97.08,58,53,42,39,19.41,772750874.2055054,37954364.0,0.029000001,-12.13,294647,431005,345653,0.302
2429,EMR,Industrials,Specialty Industrial Machinery,NYSE,97.06,58,63,53,67,147.94,78156350239.56299,560100000.0,0.0208,-10.42,2507300,2743916,2726702,0.029
2430,WFC,Financial Services,Banks - Diversified,NYSE,97.05,58,50,43,67,86.31,267797189157.21002,3060189494.0,0.0,-11.71,19558918,16357959,16196697,0.095
2431,MDB,Technology,Software - Infrastructure,NASDAQ,97.04,58,59,32,87,298.22,25121302679.89145,80431927.0,0.0496,-32.94,1352038,1492099,2093377,0.252
2432,SCOR,Technology,Software - Application,NASDAQ,97.02,58,60,70,82,7.27,113051779.58532715,15093696.0,0.0021,-28.59,11660,36023,32944,-0.005
2433,MBNKO,Financial Services,Banks - Regional,NASDAQ,97.01,58,57,59,55,25.49,,,0.97,-8.96,2011,3307,2888,-0.036
2434,ATKR,Industrials,Electrical Equipment & Parts,NYSE,97.01,58,78,67,35,76.63,2479192607.8902893,33767266.0,0.045300003,-15.01,277573,331544,402646,0.042
2435,PW,Real Estate,REIT - Specialty,NYSE ARCA,97.01,58,38,20,40,9.2,3371143.9720687866,367227.0,0.026199998,-53.06,12373,10644,16898,-0.011
2436,EXC,Utilities,Utilities - Regulated Electric,NASDAQ,97.01,58,53,55,44,47.53,47333606931.49911,1023208142.0,0.0482,-6.16,8107715,9128935,8826181,0.079
2437,RJF,Financial Services,Asset Management,NYSE,96.99,58,37,39,54,169.3,32810507723.187164,194883034.0,0.0612,-4.71,1400371,1530213,1471908,0.131
2438,RIVN,Consumer Cyclical,Auto Manufacturers,NASDAQ,96.99,58,32,69,66,15.84,25263818331.289543,1447368573.0,0.1435,-30.19,27452733,37832514,36344940,0.114
2439,RFI,Financial Services,Asset Management,NYSE,96.98,58,49,55,38,11.7,307075201.5154114,26748712.0,0.0016,-3.86,89595,106211,117179,0.97
2440,MCHP,Technology,Semiconductors,NASDAQ,96.96,58,87,81,83,78.86,43961957138.06099,543008370.0,0.096999995,-25.54,9946656,11902865,11626959,0.351
2441,ACVA,Consumer Cyclical,Auto & Truck Dealerships,NYSE,96.94,58,37,7,12,7.73,1300657427.000574,174584894.0,0.096499994,-49.53,3105457,3146929,3194953,0.118
2442,IEP,Energy,Oil & Gas Refining & Marketing,NASDAQ,96.93,58,55,64,42,7.69,5033658488.149836,672050553.0,0.136,-21.13,563142,727360,859580,0.198
2443,SBS,Utilities,Utilities - Regulated Water,NYSE,96.92,58,62,88,82,5.61,20164275237.0,3506830476.0,0.011,-21.63,4966144,6171198,6249998,0.183
2444,BBD,Financial Services,Banks - Regional,NYSE,96.91,58,48,77,88,3.6,37420320175.87933,10570712028.0,0.0036000002,-16.28,31670356,34480708,31576349,0.105
2445,AEO,Consumer Cyclical,Apparel Retail,NYSE,96.88,58,69,67,93,17.0,2853773976.0534763,167573333.0,0.122600004,-40.27,4476770,4733520,5364388,0.097
2446,LTRX,Technology,Communication Equipment,NASDAQ,96.88,58,72,91,95,5.3,231518620.9825244,44608597.0,0.0618,-39.43,848681,1268673,1393146,0.059
2447,WMK,Consumer Defensive,Grocery Stores,NYSE,96.86,58,65,39,46,73.36,1931315871.3645172,24744597.0,0.1741,-12.4,132787,176872,162201,0.046
2448,CTRI,Utilities,Utilities - Regulated Gas,NYSE,96.86,58,77,90,83,27.67,2795890214.407036,100934662.0,0.0392,-35.63,1416596,1504472,1398365,0.315
2449,GLU,Financial Services,Asset Management,NYSE ARCA,96.85,58,54,66,74,19.39,116212904.11486053,5990356.0,0.0007,-10.6,6107,7029,7749,0.219
2450,JRI,Financial Services,Asset Management,NYSE,96.85,58,51,54,52,13.06,355180692.8622446,27448277.0,0.0015,-8.48,124903,119321,136038,
2451,ADAMZ,Real Estate,REIT - Mortgage,NASDAQ,96.81,58,56,54,58,18.92,,,0.07,-12.89,5132,7630,7420,0.107
2452,UTG,Financial Services,Asset Management,NYSE ARCA,96.8,58,63,72,58,40.04,3654891496.909485,92109160.0,0.0002,-8.79,230358,260709,253859,-0.038
2453,VTN,Financial Services,Asset Management,NYSE,96.79,58,60,59,64,11.1,166641413.01272678,14656237.0,0.0029,-8.26,15935,23718,24215,-0.172
2454,THM,Basic Materials,Gold,NYSE ARCA,96.79,58,75,92,98,2.04,534307276.63489985,265824517.0,0.025999999,-44.11,552044,1006158,945858,
2455,W,Consumer Cyclical,Internet Retail,NYSE,96.78,58,79,66,93,84.18,11788607003.432922,131996499.0,0.1826,-29.84,2795745,3241175,3652417,0.074
2456,NI,Utilities,Utilities - Regulated Gas,NYSE,96.75,58,63,68,61,46.68,22044616265.63013,479439245.0,0.0344,-5.14,4844670,4767903,4262456,0.082
2457,LPAA,Financial Services,Shell Companies,NASDAQ,96.75,58,47,49,46,11.19,81856888.54100895,7523611.0,0.01,-4.11,5290,53786,40376,
2458,WFCF,Industrials,Specialty Business Services,NASDAQ,96.75,58,38,57,30,12.49,63444485.608932495,5039276.0,0.0074,-43.61,1588,10092,14221,0.017
2459,NGG,Utilities,Utilities - Regulated Electric,NYSE,96.73,58,62,67,75,82.3,83584797945.90552,995175617.0,0.0015,-13.04,759535,1037668,1322409,0.02
2460,VMO,Financial Services,Asset Management,NYSE,96.71,58,60,57,53,9.6,661593138.3392372,67440684.0,0.0021,-4.95,231412,242097,254416,-0.004
2461,AIG,Financial Services,Insurance - Diversified,NYSE,96.69,58,35,38,35,79.06,42681600790.5,530206221.0,0.0207,-9.43,3520240,4128613,4024630,0.014
2462,ONC,Healthcare,Biotechnology,NASDAQ,96.68,58,34,37,75,325.9,32372453588.495087,103751217.0,0.0112,-15.4,486730,367876,322268,0.355
2463,OYSEU,Financial Services,Shell Companies,NASDAQ,96.68,58,55,45,46,10.83,,,60.78,-8.14,0,10,8,
2464,MBINM,Financial Services,Banks - Regional,NASDAQ,96.68,58,51,55,54,25.41,,,2.91,-2.12,5637,8629,8405,0.158
2465,UGI,Utilities,Utilities - Regulated Gas,NYSE,96.66,58,40,56,75,37.33,7851097504.44281,214393712.0,0.0933,-9.7,1070401,1369667,1643878,0.007
2466,MLYS,Healthcare,Biotechnology,NASDAQ,96.66,58,58,74,93,26.71,2388213209.5619164,88158479.0,0.1508,-43.95,627937,1359849,1589877,
2467,PRMB,Consumer Defensive,Beverages - Non-Alcoholic,NYSE,96.65,58,77,27,16,22.7,9006397598.101303,362868562.0,0.35979998,-22.34,2118392,2820357,3108682,0.008
2468,AMH,Real Estate,REIT - Residential,NYSE,96.65,58,60,37,30,33.37,12258897587.52317,359815019.0,0.0358,-9.47,1982317,2288859,2588619,0.028
2469,RMMZ,Financial Services,Asset Management,NYSE,96.64,58,56,55,49,14.72,125734307.45124817,8455000.0,0.0032,-3.73,14588,15312,16141,
2470,LEG,Consumer Cyclical,"Furnishings, Fixtures & Appliances",NYSE,96.62,58,72,70,76,11.16,1506270881.934204,136561280.0,0.17899999,-14.15,1858902,2625480,2612436,-0.102
2471,NTR,Basic Materials,Agricultural Inputs,NYSE,96.62,58,33,71,77,68.1,32295983723.473755,480023548.0,0.0214,-20.22,1935465,2799088,2679587,0.19
2472,ITGR,Healthcare,Medical Devices,NYSE,96.6,58,41,33,34,98.62,3239970675.206833,33954839.0,0.1582,-15.21,393759,446823,478767,0.005
2473,CHD,Consumer Defensive,Household & Personal Products,NYSE,96.59,58,58,55,55,97.64,23237058975.83055,236943602.0,0.0494,-7.92,1512183,1847921,1905532,0.002
2474,RQI,Financial Services,Asset Management,NYSE,96.59,58,58,66,52,12.63,1672195609.5897007,135181538.0,0.0349,-6.93,1095677,1005109,805993,-0.052
2475,MTH,Consumer Cyclical,Residential Construction,NYSE,96.59,58,80,47,39,72.95,4954605200.734329,66800665.0,0.0799,-14.56,854392,982764,904806,-0.177
2476,GRBK,Consumer Cyclical,Residential Construction,NYSE,96.58,57,75,58,59,72.48,3138766158.0,43144552.0,0.0002,-12.86,196514,256401,258900,-0.049
2477,BRT,Real Estate,REIT - Residential,NYSE,96.57,57,53,48,38,14.99,280452560.81985474,18822320.0,0.0208,-10.19,28069,43736,36743,-0.009
2478,REXR,Real Estate,REIT - Industrial,NYSE,96.57,57,33,38,58,39.0,8455400531.08889,225718119.0,0.0636,-12.12,3355415,2997695,2603979,-0.029
2479,AGNCP,Real Estate,REIT - Mortgage,NASDAQ,96.56,57,53,53,53,25.01,,,1.81,-2.19,62259,65643,54499,
2480,FOF,Financial Services,Asset Management,NYSE,96.55,57,59,61,75,13.48,379389420.7620621,27773750.0,0.0014,-10.37,37670,46706,49658,
2481,PTHS,Healthcare,Biotechnology,NYSE ARCA,96.55,57,85,69,60,25.92,93807657.75448799,3475645.0,0.0162,-30.88,68370,41683,32672,
2482,PRGS,Technology,Software - Infrastructure,NASDAQ,96.54,57,20,10,23,37.85,1663074766.8096085,41012942.0,0.158,-26.19,579883,868034,777528,0.068
2483,MSEX,Utilities,Utilities - Regulated Water,NASDAQ,96.53,57,52,39,32,56.19,1069781432.1833763,18624329.0,0.0572,-9.63,149767,208849,169621,0.1
2484,KIDS,Healthcare,Medical Devices,NASDAQ,96.53,57,59,23,27,18.87,493537163.62921906,25684994.0,0.0517,-20.38,156742,155740,146098,0.133
2485,AGNCO,Real Estate,REIT - Mortgage,NASDAQ,96.52,57,53,56,53,25.4,,,2.69,-1.36,23067,36875,27455,
2486,BDX,Healthcare,Medical Instruments & Supplies,NYSE,96.5,57,48,40,60,156.36,43582228834.06041,275540427.0,0.0464,-16.54,1603901,2423150,2546672,0.052
2487,OXLCN,Financial Services,Asset Management,NASDAQ,96.5,57,54,55,53,24.69,,,0.42,-1.63,1673,2097,2624,-0.102
2488,TONX,Technology,Software - Application,NASDAQ,96.5,57,16,10,7,3.24,184289810.88088202,56530617.0,0.0756,-89.12,266911,433880,424756,3.025
2489,ITT,Industrials,Specialty Industrial Machinery,NYSE,96.48,57,65,81,63,195.86,17295064024.735107,89839824.0,0.082600005,-13.05,883768,1040502,894763,0.327
2490,AGNCN,Real Estate,REIT - Mortgage,NASDAQ,96.45,57,53,56,51,25.59,,,2.79,-1.99,17651,32133,26140,
2491,KYTX,Healthcare,Biotechnology,NASDAQ,96.45,57,84,95,96,7.41,452924317.80423355,60795212.0,0.1399,-45.79,1153603,1269684,1117916,
2492,AGNCM,Real Estate,REIT - Mortgage,NASDAQ,96.44,57,52,55,52,24.91,,,3.07,-1.7,9649,18353,16309,
2493,JCAP,Financial Services,Credit Services,NASDAQ,96.44,57,37,63,73,19.82,1203929272.8289108,61613573.0,0.0497,-16.72,355553,366257,320430,0.119
2494,PHM,Consumer Cyclical,Residential Construction,NYSE,96.43,57,68,59,59,128.75,24016519735.03093,190486353.0,0.056700002,-10.9,2080872,1960027,1847530,-0.124
2495,UG,Consumer Defensive,Household & Personal Products,NASDAQ,96.41,57,56,45,26,7.62,34687109.32629681,4594319.0,0.0033000002,-22.87,8357,6215,5735,0.158
2496,HGTY,Financial Services,Insurance - Property & Casualty,NYSE,96.41,57,38,39,76,11.68,1223663043.52137,101802246.0,0.0242,-16.57,109498,148726,162091,-0.05
2497,NAC,Financial Services,Asset Management,NYSE,96.41,57,59,60,58,11.72,1866540708.522707,156326698.0,0.0053,-4.33,363304,369161,478796,-0.005
2498,KREF,Real Estate,REIT - Mortgage,NYSE,96.39,57,36,20,37,7.34,468750037.47713375,64300417.0,0.1363,-26.48,1502487,1159669,1141265,
2499,AVK,Financial Services,Asset Management,NYSE,96.39,57,65,56,61,12.32,554508268.2855511,44148746.0,0.001,-7.23,140904,131614,143312,0.04
2500,BPYPM,Financial Services,Asset Management,NASDAQ,96.39,57,52,68,57,15.91,,,22.14,-11.12,19213,30227,23414,
2501,GATX,Industrials,Rental & Leasing Services,NYSE,96.36,57,59,76,70,184.63,6336532096.155853,35502758.0,0.066,-10.18,194580,242153,236956,0.384
2502,SARO,Industrials,Aerospace & Defense,NYSE,96.34,57,42,25,62,28.7,8886975659.36641,332471972.0,0.1142,-16.76,3094860,3874876,3729646,0.133
2503,AXR,Real Estate,Real Estate - Development,NYSE,96.34,57,56,77,25,25.41,135813096.4237728,5305199.0,0.0106,-12.41,6270,5623,9048,0.938
2504,ANSCU,Financial Services,Shell Companies,NASDAQ,96.33,57,52,55,47,11.69,,,0.0,-37.98,10,696,678,
2505,ALLY,Financial Services,Credit Services,NYSE,96.33,57,66,68,67,42.92,13989712362.59317,306523062.0,0.045300003,-9.24,3798968,3278866,3266583,0.197
2506,DTSQ,Financial Services,Shell Companies,NASDAQ,96.32,57,52,56,50,11.35,41612329.76429844,3653409.0,0.0011,-12.02,5392,3950,2940,
2507,CLF,Basic Materials,Steel,NYSE,96.32,57,66,28,81,11.93,5293447864.642854,570414657.0,0.1449,-28.56,29450189,22755059,21145469,0.063
2508,IPHA,Healthcare,Biotechnology,NASDAQ,96.31,57,68,15,28,1.78,164330754.0,93903288.0,0.0019,-32.32,4930,24646,77246,-0.467
2509,BYD,Consumer Cyclical,Resorts & Casinos,NYSE,96.3,57,56,61,61,87.04,6520241375.055054,74330156.0,0.0669,-4.35,1107186,960885,1024599,0.006
2510,ADSE,Industrials,Electrical Equipment & Parts,NASDAQ,96.29,57,41,43,37,12.01,900024612.0,75002051.0,0.002,-11.04,13649,14259,9979,-0.449
2511,RNGR,Energy,Oil & Gas Equipment & Services,NYSE,96.29,57,55,77,67,15.71,370918926.87209415,23761623.0,0.024300002,-16.5,208064,205124,205224,0.177
2512,ARCO,Consumer Cyclical,Restaurants,NYSE,96.28,57,56,76,67,8.22,1733756862.6761055,210663057.0,0.0681,-15.69,1064071,1372750,1388744,0.129
2513,EIIA,Financial Services,Asset Management,NYSE,96.27,57,53,55,52,25.29,,,0.66,-3.95,3944,5451,4274,
2514,IMPPP,Energy,Oil & Gas Midstream,NASDAQ,96.26,57,55,58,57,25.85,,,3.81,-6.95,816,1218,937,0.923
2515,GCT,Technology,Software - Infrastructure,NASDAQ,96.23,57,40,93,95,36.09,1417357564.1315308,37289072.0,0.16459998,-30.41,622525,657598,695351,0.322
2516,SMA,Real Estate,REIT - Industrial,NYSE,96.2,57,49,38,30,34.74,1898476016.2384415,55365295.0,0.0999,-12.65,859011,736097,718520,0.131
2517,TPCS,Industrials,Metal Fabrication,NASDAQ,96.19,57,35,60,79,4.56,45912067.25519371,10024469.0,0.0095999995,-27.04,29417,56189,44511,-0.147
2518,ALISU,Financial Services,Shell Companies,NASDAQ,96.19,57,53,52,54,10.79,,,0.0,-9.25,1740,1186,808,
2519,ENOV,Healthcare,Medical Devices,NYSE,96.18,57,23,29,13,27.03,1558219645.6432877,57562603.0,0.1967,-21.15,887943,1187821,1139270,0.054
2520,MTDR,Energy,Oil & Gas E&P,NYSE,96.17,57,39,86,49,50.81,6680788517.859531,124178227.0,0.1104,-23.98,1586795,1775768,1750099,-0.064
2521,OMF,Financial Services,Credit Services,NYSE,96.16,57,57,54,77,59.74,6966516317.456879,115530952.0,0.0504,-16.95,975191,1110510,1082110,0.091
2522,HWH,Consumer Cyclical,Leisure,NASDAQ,96.11,57,21,12,44,1.42,9426208.221054077,7726400.0,0.0253,-81.72,18830,100196,800112,-0.783
2523,MLP,Real Estate,Real Estate Services,NYSE,96.11,57,54,37,54,17.17,334519968.0710983,19864606.0,0.0335,-15.59,13114,19278,17408,-0.413
2524,BKR,Energy,Oil & Gas Equipment & Services,NASDAQ,96.1,57,67,87,80,57.25,55506244354.038345,992068697.0,0.028299998,-18.69,8691277,9356705,8617589,0.025
2525,BKHAU,Financial Services,Shell Companies,NASDAQ,96.08,57,55,53,50,12.03,,,1.25,-25.28,153,2034,1454,
2526,JFR,Financial Services,Asset Management,NYSE,96.08,57,52,41,47,7.65,1237839507.46063,160967425.0,0.0053,-10.53,467045,499971,594167,0.043
2527,SKY,Consumer Cyclical,Residential Construction,NYSE,96.07,57,70,51,56,81.63,4539756623.075958,54894278.0,0.0896,-17.69,575580,769120,809278,0.046
2528,MUZEU,Financial Services,Shell Companies,NASDAQ,96.06,57,41,42,39,10.46,,,4.21,-6.61,90,266,442,
2529,IBEX,Technology,Information Technology Services,NASDAQ,96.05,57,32,28,80,33.46,473840807.0679321,13389116.0,0.024600001,-22.17,91461,111660,107670,0.168
2530,MNSBP,Financial Services,Banks - Regional,NASDAQ,96.05,57,51,59,57,25.02,,,2.03,-11.43,770,1180,1554,0.037
2531,MBINN,Financial Services,Banks - Regional,NASDAQ,96.05,57,53,57,47,20.13,,,2.1,-6.81,4875,9161,8799,0.158
2532,HGV,Consumer Cyclical,Resorts & Casinos,NYSE,96.05,57,79,55,60,48.89,3921061614.995434,78515453.0,0.1058,-11.75,980213,1200624,1184600,0.119
2533,ATO,Utilities,Utilities - Regulated Gas,NYSE,96.04,56,49,68,51,179.22,29658312750.40271,166919822.0,0.024600001,-6.9,993876,1231472,1522943,0.006
2534,COLAU,Financial Services,Shell Companies,NASDAQ,96.04,56,52,47,69,11.05,87784406.01525307,7944290.0,3.03,-19.34,40,90,110,
2535,OMC,Communication Services,Advertising Agencies,NYSE,96.04,56,39,51,47,79.66,23293557355.826874,285006196.0,0.0999,-8.62,2702594,4397648,3936240,0.692
2536,FRMEP,Financial Services,Banks - Regional,NASDAQ,96.04,56,52,53,48,25.95,,,4.43,-4.21,190,880,1342,-0.025
2537,AFRM,Financial Services,Credit Services,NASDAQ,96.04,56,81,41,34,70.23,25475733737.34707,334898565.0,0.066199996,-29.77,3804937,4258589,4487065,0.326
2538,CASH,Financial Services,Banks - Regional,NASDAQ,96.02,56,57,65,74,85.9,1894836696.9358978,21110034.0,0.129,-15.17,262464,250474,227184,-0.037
2539,BOX,Technology,Software - Infrastructure,NYSE,95.99,56,28,24,19,29.01,4222474620.904793,138532634.0,0.1229,-14.37,2972744,2537034,2551802,0.136
2540,SNTG,Financial Services,Credit Services,NASDAQ,95.99,56,37,33,68,2.17,5778969.339478016,2805325.0,0.0082,-82.91,891116,303115,213317,-0.359
2541,CEV,Financial Services,Asset Management,NYSE ARCA,95.97,56,55,58,54,10.19,74485560.32323837,7033575.0,0.33,-5.47,28995,24368,26151,0.058
2542,NBH,Financial Services,Asset Management,NYSE ARCA,95.96,56,56,52,53,10.27,308916364.4087143,29618059.0,0.001,-4.2,86868,108992,93733,0.018
2543,TAC,Utilities,Utilities - Independent Power Producers,NYSE,95.95,56,60,46,41,13.72,4190357659.5900707,316014901.0,0.018099999,-23.27,1086245,1509541,1628491,-0.255
2544,ZWS,Industrials,Pollution & Treatment Controls,NYSE,95.95,56,70,79,61,48.38,7996794093.22522,167542304.0,0.041199997,-10.01,962953,1062547,968552,0.114
2545,MGIH,Consumer Cyclical,Packaging & Containers,NASDAQ,95.94,56,36,43,39,1.62,17324999.570846558,11250000.0,0.0023,-66.53,146884,97114,80714,-0.233
2546,AGNCL,Real Estate,REIT - Mortgage,NASDAQ,95.93,56,50,55,52,24.85,,,2.13,-2.32,10310,11963,11236,
2547,SPME,Financial Services,Asset Management,NYSE,95.93,56,52,53,53,25.07,,,2.25,-3.58,1952,1527,1988,-0.333
2548,NAZ,Financial Services,Asset Management,NYSE,95.92,56,60,62,49,12.3,159848455.8293848,12828929.0,0.0038,-8.35,29916,23885,21097,0.023
2549,IRS,Real Estate,Real Estate Services,NYSE,95.92,56,52,29,71,14.92,1275942800.9046478,84611592.0,0.0045,-22.05,128735,130651,148993,0.293
2550,EMD,Financial Services,Asset Management,NYSE,95.92,56,60,62,67,10.47,618507933.4775038,58130443.0,0.002,-7.35,207407,174782,184577,-0.03
2551,FWONA,Communication Services,Entertainment,NASDAQ,95.91,56,36,36,28,89.07,23526863178.730865,250605708.0,0.063200004,-10.5,150814,180541,162094,0.183
2552,MYGN,Healthcare,Diagnostics & Research,NASDAQ,95.9,56,38,24,21,5.61,583689921.5868902,94448210.0,0.093,-34.69,800083,1339951,1534958,-0.208
2553,KMB,Consumer Defensive,Household & Personal Products,NASDAQ,95.89,56,47,29,20,109.7,35964181593.52112,331926000.0,0.1456,-20.19,3456401,4394540,4453620,0.027
2554,TROX,Basic Materials,Chemicals,NYSE,95.89,56,73,95,86,6.24,931620733.301445,159524094.0,0.2164,-41.08,2265235,2616718,2699577,0.03
2555,OCCIM,Financial Services,Asset Management,NASDAQ,95.88,56,52,55,53,25.09,,,2.55,-3.72,820,820,1400,-0.102
2556,SF,Financial Services,Capital Markets,NYSE,95.87,56,36,57,66,80.82,11836481057.814056,153401769.0,0.0001,-10.03,1197387,1383085,1365417,0.143
2557,CET,Financial Services,Asset Management,NYSE ARCA,95.86,56,57,61,65,52.2,1549267972.96772,29549265.0,0.02,-4.48,36701,39807,37070,0.484
2558,RNGTU,Financial Services,Shell Companies,NASDAQ,95.85,56,42,46,42,10.6,,,62.3,-0.0,480,233,172,
2559,WEC,Utilities,Utilities - Regulated Electric,NYSE,95.85,56,58,57,49,115.77,36921005104.28206,325725678.0,0.056999996,-3.45,1719820,2069123,2130478,0.09
2560,POWWP,Industrials,Aerospace & Defense,NASDAQ,95.84,56,49,63,61,24.14,,,0.74,-5.31,1761,1823,2092,0.583
2561,AXINU,Financial Services,Shell Companies,NASDAQ,95.83,56,55,47,43,10.65,,,0.57,-9.36,530,1510,3398,
2562,HEPS,Consumer Cyclical,Internet Retail,NASDAQ,95.82,56,58,50,47,2.82,1025236283.1188202,357225200.0,0.0825,-15.32,98948,230482,277715,0.608
2563,NOMD,Consumer Defensive,Packaged Foods,NYSE,95.8,56,30,16,26,11.72,1608996387.1856594,139791169.0,0.0249,-36.06,1341567,1359329,1385177,-0.059
2564,CCID,Financial Services,Asset Management,NYSE,95.79,56,51,51,47,25.2,,,2.94,-1.29,730,2720,2606,
2565,CHCI,Real Estate,Real Estate Services,NASDAQ,95.79,56,52,85,35,14.82,161582841.0,10259228.0,0.0291,-24.85,29436,39755,29125,0.38
2566,WRBY,Healthcare,Medical Instruments & Supplies,NYSE,95.79,56,67,54,75,24.56,3240909364.035141,122715236.0,0.2066,-20.77,2726021,3358357,3316962,0.083
2567,INVA,Healthcare,Biotechnology,NASDAQ,95.78,56,63,79,58,21.44,1602387873.216072,73808749.0,0.121300004,-14.75,687651,858213,889148,0.106
2568,FWONK,Communication Services,Entertainment,NASDAQ,95.78,56,36,34,27,97.05,25611902592.812073,250605708.0,0.0372,-11.26,1903758,2108866,1978779,0.183
2569,FG,Financial Services,Insurance - Life,NYSE,95.77,56,33,36,27,29.65,4252767976.8439484,132484990.0,0.1245,-19.21,740247,700822,864771,0.307
2570,GILD,Healthcare,Drug Manufacturers - General,NASDAQ,95.77,56,48,58,81,129.31,166718001165.13177,1241569874.0,0.020499999,-17.79,5852185,7695148,7764459,0.044
2571,MFM,Financial Services,Asset Management,NYSE,95.76,56,57,52,56,5.38,229826977.83763313,41187631.0,0.7,-5.11,225982,237140,211912,0.002
2572,ARR,Real Estate,REIT - Mortgage,NYSE,95.75,56,69,65,67,16.27,2060406062.4717407,124046116.0,0.0001,-15.74,5010471,4359820,3820740,
2573,LFMDP,Healthcare,Health Information Services,NASDAQ,95.74,56,55,57,36,23.55,,,2.25,-3.25,1646,2572,2191,-0.014
2574,STAA,Healthcare,Medical Instruments & Supplies,NASDAQ,95.72,56,89,82,24,23.38,1316407834.389925,49788495.0,0.22299999,-34.82,1087832,804857,895432,1.196
2575,PERF,Technology,Software - Application,NYSE,95.72,56,29,30,19,1.93,195549443.94912922,101848671.0,0.0032,-27.72,365618,301436,214487,0.12
2576,RBA,Industrials,Specialty Business Services,NYSE,95.72,56,62,39,65,111.59,20800395284.27124,186300000.0,0.0872,-6.68,842381,1138403,1076142,0.114
2577,DMAAU,Financial Services,Shell Companies,NASDAQ,95.7,56,43,47,45,10.99,320593679.3231964,29171400.0,1.53,-12.08,10,84,798,
2578,INMD,Healthcare,Medical Devices,NASDAQ,95.68,56,51,36,51,15.17,889227558.1890221,57480772.0,0.058000002,-9.38,560717,757122,809275,0.053
2579,FSS,Industrials,Farm & Heavy Construction Machinery,NYSE,95.66,56,65,62,47,118.89,7114692949.7323,61002256.0,0.0947,-11.61,459753,621784,540744,0.349
2580,LAWR,Industrials,Consulting Services,NASDAQ,95.64,56,52,59,76,3.75,172350000.0,45960000.0,0.018099999,-22.52,0,0,0,0.172
2581,UYSC,Financial Services,Shell Companies,NASDAQ,95.63,56,51,54,45,10.78,82556989.39500046,7658348.0,0.0087,-8.26,70,343,418,
2582,ABOS,Healthcare,Biotechnology,NASDAQ,95.61,56,76,85,92,2.13,162512055.0,72227580.0,0.0554,-40.83,376458,589362,485389,
2583,SMP,Consumer Cyclical,Auto Parts,NYSE,95.61,56,64,67,76,38.67,859139940.0071068,22263279.0,0.0484,-15.93,110500,147170,133784,0.091
2584,SGMT,Healthcare,Biotechnology,NASDAQ,95.59,56,60,89,36,7.07,482899141.3404002,61751807.0,0.136,-38.04,982469,1334463,1102703,
2585,NZF,Financial Services,Asset Management,NYSE,95.59,56,57,60,53,12.22,2450909495.381172,196386986.0,0.0025,-6.14,482379,513013,525953,-0.018
2586,LII,Industrials,Building Products & Equipment,NYSE,95.58,56,69,36,28,541.13,18928746339.35742,34799968.0,0.096099995,-21.51,354998,405742,396553,0.058
2587,RGCO,Utilities,Utilities - Regulated Gas,NASDAQ,95.58,56,66,62,54,22.0,254767174.11598206,10407156.0,0.0111,-21.4,16362,16077,13522,0.247
2588,AGNCZ,Real Estate,REIT - Mortgage,NASDAQ,95.57,56,51,52,53,25.26,,,1.88,-4.21,34962,46320,45114,
2589,ATIIU,Financial Services,Shell Companies,NASDAQ,95.55,56,61,59,52,11.23,299131641.15428925,25765000.0,0.23,-77.98,1540,1436,2398,
2590,IPEXU,Financial Services,Shell Companies,NASDAQ,95.54,56,42,41,44,11.08,,,2.13,-24.11,10,3,31,
2591,FMN,Financial Services,Asset Management,NYSE,95.54,56,57,54,52,11.12,89133188.41740227,7818701.0,0.0034,-5.44,22592,25757,20916,-0.223
2592,AEXA,Financial Services,Shell Companies,NYSE,95.52,56,54,40,53,11.7,574733491.0196705,49460714.0,0.0041,-2.42,102144,122194,125990,
2593,RIBB,Financial Services,Shell Companies,NASDAQ,95.52,56,52,51,48,10.81,51673346.600011826,4793446.0,0.00059999997,-1.64,1580,1370,1044,
2594,EME,Industrials,Engineering & Construction,NYSE,95.51,55,84,85,83,744.85,33139353862.77704,44532567.0,0.028900001,-21.76,481019,473309,427555,0.197
2595,EXR,Real Estate,REIT - Industrial,NYSE,95.5,55,62,45,38,147.71,31300421051.420654,211260936.0,0.0292,-4.82,1143776,1183898,1126843,0.038
2596,LCCCU,Financial Services,Shell Companies,NASDAQ,95.49,55,47,48,44,10.84,,,0.12,-31.78,820,440,1830,
2597,AEAQU,Financial Services,Shell Companies,NASDAQ,95.46,55,43,44,40,10.43,,,5.68,-6.54,1330,2580,3308,
2598,FSHP,Financial Services,Shell Companies,NASDAQ,95.45,55,48,51,49,11.19,56185281.59366608,5025517.0,0.0013,-6.75,90,206,15938,
2599,SPMA,Financial Services,Asset Management,NYSE,95.44,55,51,54,52,24.99,,,0.06,-3.81,3380,4763,5316,-0.333
2600,CLAR,Consumer Cyclical,Leisure,NASDAQ,95.44,55,42,21,57,3.26,131854299.54624605,38441486.0,0.0348,-19.11,93027,326295,276671,0.025
2601,IRON,Healthcare,Biotechnology,NASDAQ,95.42,55,61,43,73,74.12,2908860685.637184,38199089.0,0.19440001,-25.51,344682,670670,597892,
2602,PPLI,Communication Services,Internet Content & Information,NASDAQ,95.42,55,61,73,56,41.69,3312475106.074951,74387496.0,0.1543,-13.72,732994,868288,961848,-0.122
2603,ARI,Real Estate,REIT - Mortgage,NYSE,95.41,55,60,69,71,6.77,914011814.4776206,130947251.0,0.0652,-39.77,8441752,5956427,4056726,0.002
2604,FCT,Financial Services,Asset Management,NYSE,95.41,55,50,55,56,9.65,249440534.71187592,25983388.0,0.0033000002,-6.22,223914,155261,136060,-0.026
2605,CAPN,Financial Services,Shell Companies,NASDAQ,95.4,55,50,53,49,11.1,58697823.21724701,5288092.0,0.0005,-2.97,2090,980,1730,
2606,NMZ,Financial Services,Asset Management,NYSE,95.39,55,54,52,46,10.22,2220441221.7118893,215367714.0,0.00029999999,-5.11,598966,612112,663679,
2607,OCCIN,Financial Services,Asset Management,NASDAQ,95.38,55,52,54,50,24.78,,,0.47,-0.68,1180,1523,2144,-0.102
2608,VLYPO,Financial Services,Banks - Regional,NASDAQ,95.37,55,50,53,50,24.94,,,0.72,-3.11,7523,8257,6838,0.238
2609,GUG,Financial Services,Asset Management,NYSE,95.35,55,57,56,55,15.4,539883986.3879871,32980083.0,1.43,-6.44,107056,83548,89067,
2610,NVG,Financial Services,Asset Management,NYSE,95.32,55,58,59,59,12.3,2734457572.5758686,215821433.0,0.0023999999,-9.49,456591,476520,489924,-0.02
2611,WSBCO,Financial Services,Banks - Regional,NASDAQ,95.31,55,49,53,47,25.6,,,0.0031,-1.65,7440,23523,30084,1.077
2612,MFIN,Financial Services,Credit Services,NASDAQ,95.31,55,59,42,60,9.77,229971002.3916092,23112664.0,0.051599998,-11.18,34831,87033,82730,-0.064
2613,NUV,Financial Services,Asset Management,NYSE,95.3,55,52,55,54,9.08,1894854786.1012506,207541595.0,0.0017,-1.94,470429,492079,525949,0.062
2614,CCNEP,Financial Services,Banks - Regional,NASDAQ,95.27,55,50,53,54,24.99,,,2.08,-1.77,1149,1199,1157,0.486
2615,PDPA,Financial Services,Asset Management,NYSE,95.27,55,50,54,51,25.08,,,1.64,-4.09,5861,3260,2518,
2616,CHAR,Financial Services,Shell Companies,NASDAQ,95.27,55,49,50,47,10.9,115681272.9883728,10671704.0,3.13,-3.54,740,1436,4972,
2617,DAIO,Technology,Electronic Components,NASDAQ,95.27,55,78,28,54,3.12,34385276.721123695,10264262.0,0.00029999999,-30.51,32583,53884,93564,-0.474
2618,BALY,Consumer Cyclical,Resorts & Casinos,NYSE,95.26,55,74,37,56,13.72,688220078.2397318,48948795.0,0.088999994,-33.85,49166,68068,61153,0.283
2619,STEW,Financial Services,Asset Management,NYSE,95.25,55,49,52,51,18.1,1758128500.8525848,96441500.0,0.0002,-3.05,61718,76589,80345,-0.116
2620,GMAB,Healthcare,Biotechnology,NASDAQ,95.24,55,38,44,85,28.87,17632238339.24368,613935890.0,0.0137,-18.52,1890946,1905755,1933843,0.253
2621,WTFCN,Financial Services,Banks - Regional,NASDAQ,95.22,55,51,55,54,26.09,,,1.07,-4.47,9921,49047,47698,0.104
2622,TACHU,Financial Services,Shell Companies,NASDAQ,95.22,55,49,46,47,10.75,,,0.0,-2.18,0,213,812,
2623,AFB,Financial Services,Asset Management,NYSE,95.19,55,61,60,51,10.85,322518189.595726,28744936.0,1.42,-5.65,86762,88040,94224,0.07
2624,JOE,Real Estate,Real Estate - Diversified,NYSE,95.18,55,73,82,82,62.12,3476160076.49984,57409746.0,0.032,-15.53,230641,297560,251578,0.051
2625,BKV,Energy,Oil & Gas E&P,NYSE,95.17,55,37,82,85,25.54,2838582638.905361,109386611.0,0.16950001,-22.16,660646,854938,792431,0.389
2626,BLCO,Healthcare,Medical Instruments & Supplies,NYSE,95.16,55,54,50,69,16.17,5797281262.684696,356536358.0,0.088599995,-14.51,408803,386594,424802,0.094
2627,EDUC,Communication Services,Publishing,NASDAQ,95.16,55,67,50,35,1.45,12531697.323901176,8524964.0,0.0016,-21.2,419067,245169,174217,-0.331
2628,BBCQU,Financial Services,Shell Companies,NASDAQ,95.15,55,58,60,41,10.78,,,1.16,-20.15,170,350,1888,
2629,EICA,Financial Services,Asset Management,NYSE,95.14,55,50,53,51,24.93,,,0.5,-3.82,1812,2444,2646,-0.085
2630,NXP,Financial Services,Asset Management,NYSE,95.14,55,48,49,43,14.28,910576997.4807072,63015710.0,0.00059999997,-2.53,133287,134852,127825,0.16
2631,IRT,Real Estate,REIT - Residential,NYSE,95.12,55,53,38,37,16.61,3917578212.6596336,235714682.0,0.0616,-8.64,2307121,2797453,2861386,0.023
2632,MGRC,Industrials,Rental & Leasing Services,NASDAQ,95.12,55,60,53,37,119.76,2904920455.447769,24561770.0,0.0235,-6.74,129833,197484,180974,0.016
2633,YHNAU,Financial Services,Shell Companies,NASDAQ,95.12,55,49,45,42,10.89,,,0.0,-9.7,0,49,230,
2634,CCAQU,Financial Services,Shell Companies,NASDAQ,95.12,55,50,48,46,10.74,,,0.22,-16.22,10,403,560,
2635,VRTS,Financial Services,Asset Management,NYSE,95.11,55,28,28,34,165.66,1098941828.9828796,6682122.0,0.1165,-22.97,126295,131088,123439,-0.084
2636,TVAIU,Financial Services,Shell Companies,NASDAQ,95.11,55,46,50,44,10.65,,,0.03,-27.3,40,20,1006,
2637,AGO,Financial Services,Insurance - Specialty,NYSE,95.11,55,30,42,37,85.36,3762238100.8981934,44282464.0,0.0581,-7.62,287270,364870,379484,-0.062
2638,NAD,Financial Services,Asset Management,NYSE,95.11,55,57,53,57,11.61,2776801134.7091303,233737467.0,0.002,-5.69,550316,549742,599503,-0.016
2639,WS,Basic Materials,Steel,NYSE,95.1,55,71,71,84,35.98,1763684219.7467957,49920298.0,0.061100002,-26.83,215071,351430,299262,0.116
2640,WAFDP,Financial Services,Banks - Regional,NASDAQ,95.1,55,52,52,50,16.44,,,1.88,-6.0,15316,30268,25809,0.056
2641,LMND,Financial Services,Insurance - Property & Casualty,NYSE,95.09,55,35,82,96,60.14,5160820628.463844,76820789.0,0.1579,-39.8,1079912,1362224,1424356,0.706
2642,NKX,Financial Services,Asset Management,NYSE,95.08,55,55,53,57,12.18,667513099.727684,53443804.0,0.0015,-7.73,138855,127945,129143,0.017
2643,ONBPO,Financial Services,Banks - Regional,NASDAQ,95.08,55,51,50,49,25.08,,,1.97,-1.61,4902,6787,6120,0.462
2644,VLYPP,Financial Services,Banks - Regional,NASDAQ,95.07,55,49,54,50,25.01,,,3.27,-4.21,3913,4971,4990,0.238
2645,GSRFU,Financial Services,Shell Companies,NASDAQ,95.07,55,45,45,43,10.61,279684895.94984055,26360500.0,0.75,-8.14,110,213,1154,
2646,SVAQU,Financial Services,Shell Companies,NASDAQ,95.05,55,53,44,41,10.35,,,0.37,-4.17,1640,7160,4706,
2647,GERN,Healthcare,Biotechnology,NASDAQ,95.04,55,34,70,33,1.42,923790239.2681246,641520974.0,0.1251,-29.35,6026323,12011211,11922362,0.309
2648,NEA,Financial Services,Asset Management,NYSE,95.03,55,57,56,57,11.23,3441972705.7652664,299041932.0,0.0039,-5.63,801376,713058,764479,-0.014
2649,FSHPU,Financial Services,Shell Companies,NASDAQ,95.03,55,45,50,46,11.19,,,0.0,-16.49,10,166,421,
2650,ZM,Technology,Software - Application,NASDAQ,95.0,55,47,59,66,87.99,26722251220.95366,293232218.0,0.0271,-23.31,3086458,3648666,4309557,0.055
2651,IVR,Real Estate,REIT - Mortgage,NYSE,95.0,55,64,68,78,7.58,829440039.0625,102400000.0,0.1039,-20.21,3009578,2861459,2625425,
2652,BFRI,Healthcare,Drug Manufacturers - Specialty & Generic,NASDAQ,95.0,55,74,68,34,1.09,13955645.387357712,12803344.0,0.0023,-9.54,211217,327249,290569,0.174
2653,MUC,Financial Services,Asset Management,NYSE,94.98,54,56,55,54,10.67,1021895600.4783154,94183923.0,0.00059999997,-4.39,329908,318452,322355,0.073
2654,HPF,Financial Services,Asset Management,NYSE,94.96,54,51,52,48,15.76,344464686.0863457,21650829.0,3.52,-8.0,26116,27228,33147,0.013
2655,SLMBP,Financial Services,Credit Services,NASDAQ,94.95,54,51,52,47,74.17,,,2.94,-10.69,1939,3386,3341,0.025
2656,RA,Financial Services,Asset Management,NYSE,94.94,54,51,55,51,12.72,712233050.4101944,55254696.0,0.39,-6.4,131637,144632,147755,
2657,CBZ,Industrials,Specialty Business Services,NYSE,94.93,54,19,13,11,42.63,2275779113.206238,53648732.0,0.085200004,-45.28,670827,797162,714553,0.013
2658,SFBC,Financial Services,Banks - Regional,NASDAQ,94.92,54,39,32,30,45.06,111522928.30094147,2378902.0,0.0044,-7.76,14763,16371,11946,0.049
2659,VALU,Financial Services,Financial Data & Stock Exchanges,NASDAQ,94.91,54,39,34,39,38.15,384876758.0,9387238.0,0.0186,-7.36,3031,3390,3146,-0.077
2660,MARPS,Energy,Oil & Gas Midstream,NASDAQ,94.9,54,30,62,64,4.74,10000000.0,2000000.0,0.0028,-26.96,12836,13135,13737,-0.311
2661,TBBK,Financial Services,Banks - Regional,NASDAQ,94.89,54,49,36,31,66.98,2847795691.1291122,41634439.0,0.1182,-17.97,392341,447313,428606,0.041
2662,NMCO,Financial Services,Asset Management,NYSE,94.87,54,55,59,52,10.46,598758669.7322874,55389329.0,0.0074,-4.91,155693,160854,161392,
2663,STRS,Real Estate,Real Estate - Diversified,NASDAQ,94.86,54,70,87,92,19.82,165402015.0786991,7982723.0,0.0185,-39.81,86583,80164,83746,-0.248
2664,SRTA,Healthcare,Medical Care Facilities,NASDAQ,94.85,54,72,78,76,5.04,445611843.75181675,86526570.0,0.060100004,-22.46,861226,1247325,1153403,0.874
2665,QETAU,Financial Services,Shell Companies,NASDAQ,94.84,54,51,62,44,11.7,,,0.0,-15.16,400,383,864,
2666,SONO,Technology,Consumer Electronics,NASDAQ,94.84,54,46,66,64,14.69,1800034177.9104166,119128671.0,0.19209999,-25.88,2176569,2247286,1935115,0.084
2667,EOT,Financial Services,Asset Management,NYSE,94.84,54,55,50,58,17.07,272029872.22582626,15624921.0,0.28,-5.17,27078,28169,34381,
2668,MMD,Financial Services,Asset Management,NYSE,94.83,54,57,48,55,15.05,287513433.3101721,18779453.0,0.58,-4.87,33659,46346,49105,-0.15
2669,PRTH,Technology,Software - Infrastructure,NASDAQ,94.83,54,72,24,20,6.29,550956092.0124006,82355170.0,0.0638,-26.81,321246,535712,415243,0.111
2670,FVN,Financial Services,Shell Companies,NASDAQ,94.83,54,49,51,46,11.0,82455922.3022461,7544000.0,0.0005,-8.26,56205,115388,70257,
2671,ASIX,Basic Materials,Chemicals,NYSE,94.83,54,34,80,18,21.05,560478383.1217346,26959036.0,0.0275,-21.25,249299,259979,243783,0.07
2672,PFN,Financial Services,Asset Management,NYSE,94.81,54,50,49,53,7.05,704004736.5354657,98600105.0,0.99,-8.08,901376,584765,495213,-0.034
2673,DNOW,Industrials,Industrial Distribution,NYSE,94.81,54,40,26,40,14.41,2542865612.8286133,182545984.0,0.1079,-16.51,2203968,2886102,2939845,0.975
2674,ONBPP,Financial Services,Banks - Regional,NASDAQ,94.8,54,50,50,48,25.0,,,1.41,-2.34,3328,6982,9019,0.462
2675,LEO,Financial Services,Asset Management,NYSE,94.79,54,58,55,58,6.22,397415655.6486225,62290854.0,0.0016,-5.04,250244,254418,227730,0.01
2676,VLYPN,Financial Services,Banks - Regional,NASDAQ,94.79,54,50,56,54,25.75,,,1.71,-3.25,6942,10967,12396,0.238
2677,PMN,Healthcare,Biotechnology,NASDAQ,94.79,54,28,22,37,12.2,136219252.90700626,8967693.0,0.0229,-69.31,133802,76084,54094,
2678,GRF,Financial Services,Asset Management,NYSE ARCA,94.78,54,48,53,66,10.38,40630639.73183441,3967836.0,0.00029999999,-12.41,2371,2160,4162,-0.02
2679,AOMR,Real Estate,REIT - Mortgage,NYSE,94.76,54,57,59,47,8.8,227470729.96125507,24914647.0,0.0375,-13.22,107224,150988,147174,
2680,CHSCL,Consumer Defensive,Farm Products,NASDAQ,94.74,54,50,52,50,25.35,,,1.73,-2.61,19043,34031,26664,0.186
2681,WAL,Financial Services,Banks - Regional,NYSE,94.74,54,54,44,68,83.11,8985955461.207275,109185360.0,0.0002,-14.52,1132570,1133636,1088462,0.079
2682,NAN,Financial Services,Asset Management,NYSE,94.73,54,56,56,49,11.24,381429915.43922424,32967150.0,0.0098,-4.75,44911,65040,65686,-0.019
2683,PDT,Financial Services,Asset Management,NYSE,94.72,54,48,54,50,12.89,632521976.6135931,49185225.0,0.04,-5.57,94927,115159,126055,0.032
2684,UMBFO,Financial Services,Banks - Regional,NASDAQ,94.69,54,48,51,55,26.41,,,5.1,-5.85,10845,17228,14249,0.49
2685,PGAC,Financial Services,Shell Companies,NASDAQ,94.69,54,48,49,46,10.71,117862590.37351608,11025500.0,0.00059999997,-5.97,400,3186,3668,
2686,GPC,Consumer Cyclical,Auto Parts,NYSE,94.69,54,38,23,66,124.21,17365221478.103302,139122108.0,0.079,-18.05,2000074,2174051,1919584,0.068
2687,KDP,Consumer Defensive,Beverages - Non-Alcoholic,NASDAQ,94.67,54,71,40,28,29.68,42054893041.0051,1360559471.0,0.060100004,-17.42,11050121,15959917,13880338,0.094
2688,MCHPP,Technology,Semiconductors,NASDAQ,94.66,54,83,76,77,67.35,,,0.27,-23.47,373171,234197,239276,0.351
2689,ARLP,Energy,Thermal Coal,NASDAQ,94.65,54,39,62,34,24.71,3141847930.2358875,128658801.0,0.0173,-16.1,197986,256925,276407,-0.045
2690,SLSR,Basic Materials,Other Precious Metals & Mining,NYSE ARCA,94.65,54,74,90,95,7.66,1182610109.4962158,167035328.0,3.58,-33.28,228661,178350,166604,
2691,ATHE,Healthcare,Biotechnology,NASDAQ,94.64,54,86,72,16,4.54,90265956.46572018,18125694.0,0.0022,-35.14,16044,24058,54878,0.746
2692,SPEGU,Financial Services,Shell Companies,NASDAQ,94.63,54,49,46,45,10.6,,,0.09,-22.4,0,0,322,
2693,PHK,Financial Services,Asset Management,NYSE,94.62,54,51,51,58,4.62,878258069.9131393,186466680.0,0.49,-8.33,1723958,1036199,879411,-0.015
2694,QSEA,Financial Services,Shell Companies,NASDAQ,94.62,54,49,49,44,10.58,106817819.33339882,10134518.0,0.0002,-2.53,3920,10146,73542,
2695,BACC,Financial Services,Shell Companies,NASDAQ,94.62,54,48,47,46,10.46,293043455.4399376,27962163.0,0.0011999999,-5.77,307676,324418,217471,
2696,NIM,Financial Services,Asset Management,NYSE,94.61,54,48,49,50,9.38,117122475.87080002,12446597.0,0.0014,-5.63,19857,13902,15645,0.012
2697,TDUP,Consumer Cyclical,Internet Retail,NASDAQ,94.61,54,80,17,52,5.7,851669571.2937059,129040846.0,0.19139999,-53.58,1283587,1765905,1839759,0.146
2698,RIV,Financial Services,Asset Management,NYSE,94.6,54,55,59,62,11.24,310663856.8413086,27371264.0,0.0026,-9.06,80541,72090,70994,
2699,CUBWU,Financial Services,Shell Companies,NASDAQ,94.6,54,49,45,51,11.05,,,0.18,-14.34,10,83,221,
2700,DMB,Financial Services,Asset Management,NYSE,94.6,54,57,54,59,10.68,202097564.13441467,18405972.0,0.36,-5.32,51303,58874,49704,-0.0
2701,HPI,Financial Services,Asset Management,NYSE,94.58,54,51,52,44,15.97,431621552.8526306,26792150.0,3.44,-9.31,43659,47633,48391,0.012
2702,EVN,Financial Services,Asset Management,NYSE,94.58,54,58,47,51,10.69,441369744.5655794,39906847.0,2.05,-5.06,54153,66921,70216,0.077
2703,ERH,Financial Services,Asset Management,NYSE ARCA,94.58,54,55,63,51,11.93,106957466.67771816,8832161.0,0.03,-8.72,36462,24064,26814,-0.06
2704,GDL,Financial Services,Asset Management,NYSE,94.56,54,51,51,54,8.42,92230686.4945097,10927807.0,0.0022,-2.88,8447,8905,9423,
2705,GPATU,Financial Services,Shell Companies,NASDAQ,94.55,54,46,49,43,11.09,,,0.0,-11.0,10,56,152,
2706,KTF,Financial Services,Asset Management,NYSE,94.55,54,57,57,50,8.84,359214927.44865036,39172838.0,0.46,-5.66,183029,123843,116427,-0.015
2707,QETA,Financial Services,Shell Companies,NASDAQ,94.54,54,50,49,53,11.74,43998560.66220856,3747748.0,0.0011999999,-10.18,200,3513,2198,
2708,PGACU,Financial Services,Shell Companies,NASDAQ,94.52,54,48,46,48,10.78,,,0.0,-32.63,52,312,334,
2709,ERC,Financial Services,Asset Management,NYSE ARCA,94.5,54,49,50,54,9.08,256411750.77150822,28053801.0,0.97,-7.16,35774,45418,65846,-0.047
2710,SCPQU,Financial Services,Shell Companies,NASDAQ,94.5,54,49,43,39,10.3,,,1.53,-11.44,270,463,524,
2711,DSM,Financial Services,Asset Management,NYSE,94.5,54,57,55,59,5.9,298549291.7544451,49428691.0,0.00090000004,-6.35,116774,122604,110912,0.015
2712,ABNB,Consumer Cyclical,Travel Services,NASDAQ,94.49,53,58,57,44,141.1,86639846123.8134,593504923.0,0.0361,-6.48,3368128,3645299,3677135,0.179
2713,SBI,Financial Services,Asset Management,NYSE,94.49,53,54,51,52,7.71,110405359.5887909,14082316.0,0.36,-3.75,57697,58252,47297,-0.017
2714,FT,Financial Services,Asset Management,NYSE,94.49,53,54,59,58,8.01,202060426.80129433,25131894.0,0.12,-4.07,31737,32355,37047,
2715,SIMA,Financial Services,Shell Companies,NASDAQ,94.49,53,48,50,45,10.94,89920615.45098782,8219435.0,0.0013,-15.19,230,3176,8224,
2716,UVV,Consumer Defensive,Tobacco,NYSE,94.48,53,44,47,60,53.75,1324551523.366562,24925697.0,0.0806,-9.48,232003,259134,263696,0.018
2717,EGHAU,Financial Services,Shell Companies,NASDAQ,94.47,53,49,58,43,10.66,,,0.0,-43.89,0,200,940,
2718,CSTL,Healthcare,Diagnostics & Research,NASDAQ,94.46,53,31,44,94,24.68,732771635.6920166,30329952.0,0.0504,-44.26,320913,345781,368190,-0.049
2719,CNH,Industrials,Farm & Heavy Construction Machinery,NYSE,94.45,53,45,29,30,11.15,13193074139.383232,1239950537.0,0.0887,-17.28,10517308,10567546,10915523,-0.001
2720,DIBS,Communication Services,Internet Content & Information,NASDAQ,94.43,53,67,87,93,4.11,162180820.8814659,35333511.0,0.0473,-37.96,75284,250508,255246,-0.007
2721,EVR,Financial Services,Capital Markets,NYSE,94.41,53,66,69,81,339.63,13211615915.898804,38682484.0,0.0291,-12.63,440490,405330,401222,1.003
2722,ADUR,Industrials,Pollution & Treatment Controls,NASDAQ,94.41,53,80,77,89,12.91,466789896.78411865,35443424.0,3.36,-29.03,730584,595958,593882,
2723,ARDT,Healthcare,Medical Care Facilities,NYSE,94.41,53,31,34,11,10.64,1455002759.9663029,143350031.0,0.135,-31.27,524921,562933,566450,0.07
2724,WTG,Financial Services,Shell Companies,NASDAQ,94.41,53,47,48,44,10.47,76322357.35695362,7303575.0,0.00029999999,0.1,2770,38290,23734,
2725,DXCM,Healthcare,Medical Devices,NASDAQ,94.41,53,38,22,37,71.54,29577164275.845436,385872977.0,0.054,-20.49,4047486,4665382,5671495,0.15
2726,VCV,Financial Services,Asset Management,NYSE,94.39,53,54,56,56,10.49,529457552.44493294,49114802.0,0.0014,-7.82,107098,99419,95099,-0.033
2727,RARE,Healthcare,Biotechnology,NASDAQ,94.38,53,62,26,13,26.9,2883764546.347183,98489224.0,0.1703,-32.56,1521507,2721459,2250233,-0.022
2728,REGCP,Real Estate,REIT - Retail,NASDAQ,94.38,53,45,49,45,23.18,,,1.18,-6.34,1760,3900,4680,0.1
2729,OPP,Financial Services,Asset Management,NYSE,94.35,53,48,52,44,7.65,192923806.07686186,24990131.0,0.76,-13.27,79579,75639,81523,
2730,DMAA,Financial Services,Shell Companies,NASDAQ,94.35,53,47,50,46,10.7,259034663.56218147,24276913.0,0.0042,0.09,27242,41067,43042,
2731,DTF,Financial Services,Asset Management,NYSE,94.35,53,50,51,48,11.48,80840020.5,7029567.0,0.0021,-1.12,4954,5308,6730,-0.016
2732,YHNA,Financial Services,Shell Companies,NASDAQ,94.34,53,48,50,47,10.92,46544014.58858013,4285821.0,0.17,-4.21,200,290,180,
2733,ACEL,Consumer Cyclical,Gambling,NYSE,94.33,53,67,59,51,12.03,988923703.9510727,81392900.0,0.0326,-14.07,271793,326477,303706,0.085
2734,LTM,Industrials,Airlines,NYSE,94.33,53,73,56,93,50.15,15386621835.862621,292743939.0,0.0216,-28.78,713593,781761,795324,0.219
2735,RFAI,Financial Services,Shell Companies,NASDAQ,94.33,53,47,50,46,11.08,92365476.003685,8343765.0,0.00029999999,-3.1,4214,1958,1448,
2736,HCAT,Healthcare,Health Information Services,NASDAQ,94.32,53,43,6,9,2.08,166261545.0,73894020.0,0.076799996,-49.45,567077,1341089,1773411,-0.109
2737,FTRK,Communication Services,Entertainment,NASDAQ,94.31,53,15,7,35,0.48,10382750.239223242,21812500.0,0.0019,-53.85,16352401,6569193,3974820,-0.02
2738,PMO,Financial Services,Asset Management,NYSE,94.29,53,57,52,56,10.31,300223408.74831104,28058263.0,0.001,-5.15,49509,64433,60235,0.022
2739,EFSCP,Financial Services,Banks - Regional,NASDAQ,94.28,53,52,51,54,19.96,,,0.008,-17.11,838,1332,1667,0.126
2740,CAPNU,Financial Services,Shell Companies,NASDAQ,94.28,53,53,42,63,11.17,,,3.2,-5.0,0,6,12,
2741,CXT,Industrials,Specialty Industrial Machinery,NYSE,94.27,53,40,24,24,52.86,2950197182.430805,57542367.0,0.2001,-23.39,554906,1079132,1020445,0.174
2742,WTRG,Utilities,Utilities - Regulated Water,NYSE,94.25,53,39,53,48,39.61,11257392705.759373,283632983.0,0.0194,-6.51,1988212,2159810,1921862,0.1
2743,APXTU,Financial Services,Shell Companies,NASDAQ,94.24,53,42,44,39,10.35,,,22.52,-0.58,23556,17932,10983,
2744,CATO,Consumer Cyclical,Apparel Retail,NYSE,94.24,53,54,32,36,3.3,64067934.94137001,19958858.0,0.025899999,-32.93,120520,73626,92796,0.005
2745,ARCIU,Financial Services,Shell Companies,NASDAQ,94.24,53,41,40,38,10.35,,,1.01,-2.91,10180,4793,3550,
2746,SUPN,Healthcare,Drug Manufacturers - Specialty & Generic,NASDAQ,94.23,53,40,71,68,46.2,2788228249.9769516,58039721.0,0.1512,-22.59,546563,855004,739170,0.386
2747,BLDP,Industrials,Electrical Equipment & Parts,NASDAQ,94.22,53,91,88,77,2.9,813984806.6754887,301475849.0,0.08189999,-55.86,6790741,6929520,9298982,0.262
2748,ANSC,Financial Services,Shell Companies,NASDAQ,94.22,53,49,50,48,11.45,475300373.84608555,41547237.0,0.0001,0.0,2643,12707,34766,
2749,CLPT,Healthcare,Medical Devices,NASDAQ,94.2,53,88,21,20,14.12,454341868.0098896,29989563.0,0.14840001,-53.09,526275,858748,766979,0.429
2750,NEPH,Healthcare,Medical Instruments & Supplies,NASDAQ,94.2,53,29,34,89,3.64,41037743.56939173,10856546.0,0.0047999998,-43.3,5993,9427,16810,0.069
2751,GRMN,Technology,Scientific & Technical Instruments,NYSE,94.2,53,55,67,34,243.03,48129194298.51965,192856206.0,0.0253,-11.08,847302,892377,834106,0.142
2752,RFAIU,Financial Services,Shell Companies,NASDAQ,94.19,53,52,46,46,11.07,,,0.0,-18.0,0,80,478,
2753,BANF,Financial Services,Banks - Regional,NASDAQ,94.19,53,38,45,33,116.58,3900722965.680496,33586387.0,0.0437,-15.99,124439,198623,179005,0.083
2754,CHSCN,Consumer Defensive,Farm Products,NASDAQ,94.14,53,50,53,49,24.99,,,2.22,-3.06,15304,39448,32100,0.186
2755,HLXC,Financial Services,Shell Companies,NASDAQ,94.14,53,40,41,38,10.52,233394798.31695557,22060000.0,0.0001,-1.59,7340,14540,17490,
2756,NTWO,Financial Services,Shell Companies,NASDAQ,94.14,53,46,48,46,10.74,259009861.9801998,24116375.0,0.0001,0.0,50,1063,2742,
2757,HIVE,Financial Services,Capital Markets,NASDAQ,94.13,53,92,27,36,2.96,762177814.3458095,267430821.0,1.61,-62.24,14774810,24627576,30100842,1.305
2758,PUK,Financial Services,Insurance - Life,NYSE,94.13,53,34,65,87,29.34,35245056082.5984,1245848531.0,0.0007,-13.78,906959,1028446,1156651,0.188
2759,CHT,Communication Services,Telecom Services,NYSE,94.12,53,51,53,49,42.75,32922602092.876835,775744655.0,0.0053,-8.02,215520,168850,157546,0.075
2760,BGY,Financial Services,Asset Management,NYSE,94.12,53,54,50,61,5.65,513783966.7633343,90614455.0,0.001,-9.31,202786,247058,298357,0.115
2761,JLL,Real Estate,Real Estate Services,NYSE,94.12,53,48,68,80,325.45,15340964068.210602,46393575.0,0.0231,-10.36,373169,387023,389883,0.111
2762,ALFUU,Financial Services,Shell Companies,NASDAQ,94.11,53,41,44,46,11.1,,,0.14,-13.21,100,383,438,
2763,CI,Healthcare,Healthcare Plans,NYSE,94.11,53,41,39,45,289.57,74452648334.95532,264532404.0,0.026199998,-8.21,1672696,1607055,1618629,0.046
2764,MYN,Financial Services,Asset Management,NYSE,94.1,53,56,55,54,9.75,383132080.0,38313208.0,0.00059999997,-4.97,146973,126904,126200,0.065
2765,CRAQU,Financial Services,Shell Companies,NASDAQ,94.1,53,36,44,42,10.55,,,128.2,-8.26,70,33,24,
2766,WEAV,Healthcare,Health Information Services,NYSE,94.08,53,31,14,19,6.17,575259542.567594,79565635.0,0.0774,-25.48,1175119,1121016,1062245,0.174
2767,LPBBU,Financial Services,Shell Companies,NASDAQ,94.05,53,42,45,44,10.86,,,2.18,-6.94,400,153,106,
2768,PTON,Consumer Cyclical,Leisure,NASDAQ,94.05,53,54,24,19,6.08,2649910531.4480066,432991925.0,0.1488,-33.91,7071021,8439783,11606204,0.011
2769,NPB,Financial Services,Banks - Regional,NYSE,94.05,53,63,64,68,17.19,649792842.840622,34581842.0,0.0115,-12.79,203472,215157,178292,0.279
2770,MKL,Financial Services,Insurance - Property & Casualty,NYSE,94.04,52,34,39,56,1994.7,24682417687.423096,12513710.0,0.024,-9.64,51836,70682,72535,-0.169
2771,COLA,Financial Services,Shell Companies,NASDAQ,94.04,52,48,50,49,10.69,47978137.18224621,4494439.0,0.0001,-4.13,11902,19394,44512,
2772,MPT,Real Estate,REIT - Healthcare Facilities,NYSE,94.04,52,35,60,57,4.84,2840975000.0,598100000.0,0.3089,-25.19,5401550,6317533,5789276,0.126
2773,YIBO,Technology,Computer Hardware,NASDAQ,94.04,52,37,35,12,1.18,58641879.35490155,59234221.0,0.0036000002,-35.16,28091,19420,22556,0.113
2774,MAA,Real Estate,REIT - Residential,NYSE,94.03,52,55,35,35,133.88,15474524055.312103,116384802.0,0.028900001,-13.03,1024595,1036058,1004173,0.008
2775,SSBI,Financial Services,Banks - Regional,NASDAQ,94.03,52,65,75,85,13.11,92228183.34506035,6771526.0,0.0018000001,-6.36,5825,5541,5117,-0.036
2776,VOR,Healthcare,Biotechnology,NASDAQ,94.02,52,45,21,9,19.26,980222523.1981087,54185877.0,0.1709,-63.66,881778,1575582,1253709,
2777,CBIO,Healthcare,Biotechnology,NASDAQ,94.01,52,74,94,11,16.3,526126865.5,35669618.0,0.3043,-40.53,552115,428101,361099,
2778,OBAWU,Financial Services,Shell Companies,NASDAQ,94.01,52,37,45,42,10.39,,,11.5,-7.6,10,23,68,
2779,SA,Basic Materials,Gold,NYSE,94.01,52,67,85,93,25.98,2651829151.272171,107622939.0,0.038599998,-35.15,478202,651234,829212,
2780,DSACU,Financial Services,Shell Companies,NASDAQ,94.0,52,44,42,40,10.28,,,0.0,-6.55,60,10550,6708,
2781,MQY,Financial Services,Asset Management,NYSE,94.0,52,54,52,53,11.23,828241584.8283548,71833617.0,0.0016,-5.95,415983,375957,385018,0.071
2782,CMS,Utilities,Utilities - Regulated Electric,NYSE,93.99,52,57,57,42,74.7,22751929158.673904,308919602.0,0.0002,-7.04,3449011,3381533,3355270,0.116
2783,LECO,Industrials,Tools & Accessories,NASDAQ,93.98,52,67,67,76,251.47,13846894482.354584,54787110.0,0.0324,-18.88,278450,362343,337296,0.117
2784,NNY,Financial Services,Asset Management,NYSE,93.97,52,54,55,55,8.38,163742063.61089134,18886051.0,0.0013,-6.26,27367,22922,26591,-0.016
2785,NATR,Consumer Defensive,Packaged Foods,NASDAQ,93.97,52,55,92,94,20.4,359258919.89647675,17584871.0,0.048800003,-27.51,93066,121268,129421,0.085
2786,OTLY,Consumer Defensive,Packaged Foods,NASDAQ,93.96,52,19,36,21,13.37,313498998.8088608,31225000.0,0.0476,-29.03,244405,140711,134851,0.156
2787,CLM,Financial Services,Asset Management,NYSE ARCA,93.96,52,56,52,66,7.28,2219518716.5258913,297921983.0,19.1,-14.65,1912210,1671240,1650556,1.473
2788,NMP,Financial Services,Shell Companies,NASDAQ,93.96,52,47,47,43,10.3,164419737.24847794,15970834.0,0.0026,-0.0,35410,32073,19786,
2789,LCCC,Financial Services,Shell Companies,NASDAQ,93.95,52,47,49,44,10.46,92968196.2633133,8905000.0,0.0002,0.1,28860,23603,44272,
2790,EW,Healthcare,Medical Devices,NYSE,93.95,52,62,50,48,82.63,49363335932.92236,575800000.0,0.0227,-14.19,5788268,5114512,5107007,0.167
2791,KFII,Financial Services,Shell Companies,NASDAQ,93.93,52,47,49,47,10.59,415329111.8050003,39256060.0,0.02,-0.09,1061,38117,26908,
2792,CCAQ,Financial Services,Shell Companies,NASDAQ,93.92,52,46,49,44,10.48,211635224.75182056,20232813.0,0.12,-0.19,132808,101482,61363,
2793,FINS,Financial Services,Asset Management,NYSE,93.92,52,50,52,54,12.51,423057328.5609932,33416851.0,0.57,-7.68,46770,45206,39618,
2794,CRF,Financial Services,Asset Management,NYSE ARCA,93.92,52,54,52,63,7.0,1151618316.031425,162199765.0,0.099,-15.15,1349467,1176229,1162567,12.282
2795,PNI,Financial Services,Asset Management,NYSE,93.92,52,54,56,50,6.84,78238820.21379471,11209000.0,0.48,-5.0,59959,76893,64455,0.87
2796,SSEAU,Financial Services,Shell Companies,NASDAQ,93.91,52,44,48,42,10.45,,,0.0,-5.94,10,346,214,
2797,CHARU,Financial Services,Shell Companies,NASDAQ,93.91,52,45,49,42,10.8,,,0.0,-13.25,0,0,74,
2798,ADACU,Financial Services,Shell Companies,NASDAQ,93.91,52,47,43,39,10.23,,,3.85,-5.71,0,236,560,
2799,TACOU,Financial Services,Shell Companies,NASDAQ,93.9,52,44,43,38,10.86,,,0.23,-13.12,150,2173,3194,
2800,GTERA,Financial Services,Shell Companies,NASDAQ,93.9,52,47,48,44,10.35,245574459.0511322,23727000.0,0.0008,-0.0,7410,10406,21630,
2801,TAVI,Financial Services,Shell Companies,NASDAQ,93.9,52,48,50,46,10.69,169875289.32466316,15920833.0,0.0001,-10.24,975,1605,39741,
2802,TAYD,Industrials,Specialty Industrial Machinery,NASDAQ,93.89,52,46,72,94,54.22,175988847.14562988,3219112.0,0.044299997,-40.0,53940,52056,39900,0.058
2803,IHRT,Communication Services,Broadcasting,NASDAQ,93.89,52,89,98,92,3.54,578913668.9779873,151152397.0,0.072399996,-46.04,592669,843923,1074035,0.096
2804,SBXE,Financial Services,Shell Companies,NYSE,93.88,52,43,42,38,10.17,350174986.83929443,34500000.0,0.0,-0.68,50110,64883,67530,
2805,IPCXU,Financial Services,Shell Companies,NASDAQ,93.88,52,46,41,46,10.74,,,2.72,-6.12,0,343,316,
2806,SSEA,Financial Services,Shell Companies,NASDAQ,93.88,52,46,49,44,10.3,78496762.1210022,7635872.0,0.0001,0.1,15030,9810,8340,
2807,PGR,Financial Services,Insurance - Property & Casualty,NYSE,93.85,52,39,32,32,213.83,120902128225.70801,581400000.0,0.0134000005,-16.12,3619375,3631875,3476543,0.073
2808,FTHY,Financial Services,Asset Management,NYSE,93.85,52,48,45,49,13.56,499744926.1211128,36772989.0,0.0045,-8.75,84044,82854,91114,
2809,APACU,Financial Services,Shell Companies,NASDAQ,93.84,52,49,47,46,10.33,,,0.12,-5.14,810,413,464,
2810,KCHV,Financial Services,Shell Companies,NASDAQ,93.83,52,47,48,43,10.4,355934231.5213394,34257384.0,0.04,0.1,26760,23196,26962,
2811,TRX,Basic Materials,Gold,NYSE ARCA,93.83,52,71,95,99,0.78,235781295.84910655,327474009.0,0.0043,-72.14,1494377,1537242,1914607,1.633
2812,MACI,Financial Services,Shell Companies,NASDAQ,93.82,52,47,50,47,10.9,235675671.55200577,21621622.0,0.3,-4.18,270,313,14082,
2813,NEXT,Energy,Oil & Gas Equipment & Services,NASDAQ,93.81,52,46,65,16,7.01,2035146094.670939,264992987.0,0.13430001,-41.97,2358171,2857060,2775274,
2814,TLNC,Financial Services,Shell Companies,NASDAQ,93.81,52,44,50,44,10.3,349304110.9266281,33979000.0,0.00059999997,-8.85,3370,12543,12690,
2815,FACTU,Financial Services,Shell Companies,NASDAQ,93.81,52,48,55,49,10.83,,,0.09,-27.8,50,350,536,
2816,BCAR,Financial Services,Shell Companies,NASDAQ,93.8,52,50,47,45,10.35,426831985.85510254,41200000.0,0.0015,-7.34,987797,617922,666213,
2817,ALLO,Healthcare,Biotechnology,NASDAQ,93.79,52,80,90,83,1.74,617826651.0233984,345154561.0,0.2032,-60.99,5422069,9089436,8413227,
2818,SVCC,Financial Services,Shell Companies,NASDAQ,93.77,52,44,48,44,10.61,229334346.82910442,21614925.0,0.0007,0.0,911,4827,4142,
2819,LKSPU,Financial Services,Shell Companies,NASDAQ,93.76,52,45,46,45,10.35,,,0.42,-0.12,0,123,114,
2820,HPS,Financial Services,Asset Management,NYSE,93.76,52,50,54,49,14.23,461301471.64857864,32168861.0,2.44,-9.25,48018,50279,51813,0.011
2821,AACB,Financial Services,Shell Companies,NASDAQ,93.75,52,47,48,47,10.51,291694498.94428253,27675000.0,0.0001,-0.76,16215,24628,20495,
2822,QUMS,Financial Services,Shell Companies,NASDAQ,93.75,52,46,46,43,10.27,112204439.80307579,10936105.0,0.0008,0.05,16172,35550,26434,
2823,CHPG,Financial Services,Shell Companies,NASDAQ,93.75,52,46,47,46,10.42,104067520.88196945,9987286.0,0.00059999997,-0.0,2610,5273,5920,
2824,NPK,Industrials,Aerospace & Defense,NYSE,93.75,52,56,86,81,124.4,870315900.4809723,7166043.0,0.1126,-16.99,73516,101225,119207,0.145
2825,CRAQ,Financial Services,Shell Companies,NASDAQ,93.75,52,46,47,43,10.35,403565144.8741913,38991800.0,0.03,-0.0,0,9083,12578,
2826,RNW,Utilities,Utilities - Renewable,NASDAQ,93.75,52,64,21,18,6.15,2290803003.3269634,364197618.0,0.031600002,-25.36,1313321,1359543,1396482,0.095
2827,TVAI,Financial Services,Shell Companies,NASDAQ,93.74,52,46,48,43,10.36,281204917.3697548,27195833.0,0.00029999999,0.0,138563,61497,42498,
2828,VFC,Consumer Cyclical,Apparel Manufacturing,NYSE,93.73,52,63,79,84,17.03,6662052780.337772,392347053.0,0.083900005,-23.53,6135911,6660360,7720536,0.01
2829,MYI,Financial Services,Asset Management,NYSE,93.73,52,55,52,54,10.67,725157698.2679024,66467251.0,0.0015,-6.89,244937,264875,272113,0.063
2830,LKFN,Financial Services,Banks - Regional,NASDAQ,93.72,51,53,57,43,61.11,1561583578.083023,24913586.0,0.1004,-11.95,155493,232247,216800,0.188
2831,XRPN,Financial Services,Shell Companies,NASDAQ,93.72,51,45,48,42,10.47,412066783.4377289,39470000.0,0.0029,-4.0,32457,39509,47767,
2832,RNP,Financial Services,Asset Management,NYSE,93.71,51,47,51,36,20.65,988801645.710577,48000079.0,0.0001,-9.35,88379,115423,114565,-0.002
2833,POLE,Financial Services,Shell Companies,NASDAQ,93.7,51,47,48,44,10.8,318412898.87428284,29510000.0,0.0001,-0.92,11556,11312,9681,
2834,CIG,Utilities,Utilities - Regulated Electric,NYSE,93.7,51,49,81,68,2.13,6121859529.717472,2860681883.0,0.0,-22.83,4587921,6756507,6823054,0.063
2835,ALDF,Financial Services,Shell Companies,NASDAQ,93.7,51,44,48,46,10.74,319589884.1030903,29868214.0,0.0001,0.09,17432,20280,14918,
2836,RANG,Financial Services,Shell Companies,NASDAQ,93.7,51,46,48,45,10.69,23095434.08343029,2160471.0,0.0001,-8.36,10,1540,19694,
2837,LDP,Financial Services,Asset Management,NYSE,93.68,51,52,51,51,20.59,610954460.8757057,29079222.0,0.0016,-6.62,50406,45655,59125,
2838,MSD,Financial Services,Asset Management,NYSE,93.67,51,48,48,54,7.27,147688369.758811,20231283.0,0.3,-8.44,75038,90539,96719,-0.516
2839,GMED,Healthcare,Medical Devices,NYSE,93.66,51,69,79,85,76.49,10452336202.0,135744626.0,0.0659,-24.57,1799218,1875622,1853285,0.27
2840,IPEX,Financial Services,Shell Companies,NASDAQ,93.66,51,46,49,45,10.53,125524812.0456934,11909375.0,0.0001,-0.09,39374,17624,14306,
2841,COPL,Financial Services,Shell Companies,NYSE,93.66,51,46,49,45,10.45,247487146.23133087,23728393.0,0.0001,-2.25,68465,86785,61181,
2842,MHF,Financial Services,Asset Management,NYSE,93.66,51,48,46,41,6.81,154011103.4350276,22223825.0,0.88,-10.86,58200,72000,64438,-0.001
2843,CHPGU,Financial Services,Shell Companies,NASDAQ,93.65,51,47,45,43,10.48,,,0.29,-13.39,0,0,6,
2844,NMPAU,Financial Services,Shell Companies,NASDAQ,93.65,51,47,50,44,10.48,,,0.86,-8.15,1142,384,352,
2845,SOCA,Financial Services,Shell Companies,NASDAQ,93.64,51,47,47,43,10.3,242509501.02067852,23590419.0,0.0001,0.1,47361,18910,13498,
2846,AXIN,Financial Services,Shell Companies,NASDAQ,93.64,51,48,46,42,10.29,280301329.4790144,27266667.0,0.001,-1.53,117986,67352,157861,
2847,CHSCM,Consumer Defensive,Farm Products,NASDAQ,93.64,51,50,55,51,24.44,,,1.76,-3.78,25388,37232,29829,0.186
2848,CRANU,Financial Services,Shell Companies,NASDAQ,93.64,51,45,44,44,10.34,,,0.0,-7.93,7070,2490,2166,
2849,CNCK,Financial Services,Capital Markets,NASDAQ,93.64,51,25,7,10,2.72,551578315.9977522,191520241.0,0.0064999997,-70.78,49854,65084,140838,0.045
2850,GDRX,Healthcare,Health Information Services,NASDAQ,93.63,51,36,16,9,2.96,1063440706.7484605,338675373.0,0.0718,-49.05,919770,1061656,1299076,-0.044
2851,CHECU,Financial Services,Shell Companies,NASDAQ,93.63,51,47,45,42,10.25,0.0,0.0,207.44,-1.49,1060,376,240,
2852,PTORU,Financial Services,Shell Companies,NASDAQ,93.61,51,45,42,40,10.15,,,0.65,-6.88,1295,1898,6211,
2853,RH,Consumer Cyclical,Specialty Retail,NYSE,93.61,51,37,14,33,174.51,3555858493.8931885,18926221.0,0.618,-32.1,749252,955750,924572,-0.017
2854,SIMAU,Financial Services,Shell Companies,NASDAQ,93.61,51,51,48,47,10.91,,,0.0,-39.36,80,1616,2022,
2855,SPEG,Financial Services,Shell Companies,NASDAQ,93.59,51,47,48,43,10.3,158010001.24436188,15333333.0,0.00029999999,-6.62,16730,25006,16972,
2856,SOCAU,Financial Services,Shell Companies,NASDAQ,93.59,51,44,47,41,10.37,,,0.04,-4.16,920,353,268,
2857,TLF,Consumer Cyclical,Specialty Retail,NASDAQ,93.59,51,53,50,27,2.39,19544566.37663126,8143569.0,0.0552,-36.77,6201,28273,40208,0.032
2858,AIIA,Financial Services,Shell Companies,NYSE,93.58,51,47,47,41,10.21,196565091.90559387,19290000.0,0.0021,-0.39,6574,3754,13150,
2859,LPBB,Financial Services,Shell Companies,NASDAQ,93.58,51,46,49,45,10.75,308774993.4196472,28750000.0,0.0001,-0.09,76409,52929,38625,
2860,FRHC,Financial Services,Financial Conglomerates,NASDAQ,93.57,51,28,51,20,151.02,9721304765.966858,63666937.0,0.0712,-22.16,142794,190791,182068,1.467
2861,DOV,Industrials,Specialty Industrial Machinery,NYSE,93.57,51,72,74,63,202.2,28841780664.230347,134661414.0,0.030299999,-14.88,1286956,1231078,1055297,0.101
2862,MSA,Industrials,Security & Protection Services,NYSE,93.57,51,43,41,60,174.64,6602457294.545868,38604089.0,0.037,-16.41,222650,303866,319540,0.1
2863,HBANL,Financial Services,Banks - Regional,NASDAQ,93.56,51,49,52,47,24.98,,,1.5,-5.47,29597,26015,21453,0.336
2864,IPCX,Financial Services,Shell Companies,NASDAQ,93.56,51,43,45,37,10.42,358522650.0494671,34473333.0,0.0001,0.19,108689,64949,66173,
2865,HAVA,Financial Services,Shell Companies,NASDAQ,93.56,51,45,46,42,10.15,209415070.31185246,20693189.0,0.00029999999,0.2,1400,3430,10224,
2866,HAVAU,Financial Services,Shell Companies,NASDAQ,93.56,51,46,46,41,10.24,187801227.16231537,18339964.0,22.46,-7.15,0,6,3596,
2867,INAC,Financial Services,Shell Companies,NASDAQ,93.54,51,46,46,44,10.28,151681396.05998993,14755000.0,0.0001,0.0,6041,13207,8588,
2868,TXNM,Utilities,Utilities - Regulated Electric,NYSE,93.54,51,43,55,61,58.4,6355703607.477413,110707257.0,0.0653,-1.9,819918,1662009,1611455,0.046
2869,ALF,Financial Services,Shell Companies,NASDAQ,93.54,51,43,50,46,10.88,391000004.1127205,35937500.0,0.0001,-1.0,160,34283,84308,
2870,CLMB,Technology,Electronics & Computer Distribution,NASDAQ,93.54,51,30,18,45,25.46,482411377.9319763,18597200.0,0.0735,-29.78,131185,168168,158083,0.321
2871,AAP,Consumer Cyclical,Auto Parts,NYSE,93.53,51,73,75,53,55.8,3207100688.0744934,60329208.0,0.3164,-20.29,1768603,1722251,2094348,0.012
2872,GTENU,Financial Services,Shell Companies,NASDAQ,93.53,51,44,44,39,10.68,,,0.69,-5.65,130,226,372,
2873,JGH,Financial Services,Asset Management,NYSE,93.53,51,54,53,52,12.38,348197852.8987465,28125836.0,0.0050999997,-9.64,155920,113530,103476,
2874,YORW,Utilities,Utilities - Regulated Water,NASDAQ,93.53,51,38,33,57,31.13,509783723.91674423,16209339.0,0.041100003,-9.24,132248,179946,152093,0.088
2875,NC,Energy,Thermal Coal,NYSE,93.52,51,62,74,83,46.81,361723070.9048462,7540610.0,0.0105,-21.22,11944,14334,13260,-0.043
2876,JACS,Financial Services,Shell Companies,NYSE,93.52,51,46,49,45,10.68,316612994.3561554,29590000.0,0.00029999999,-0.56,16020,34813,31336,
2877,SAAQU,Financial Services,Shell Companies,NASDAQ,93.52,51,50,46,38,10.44,,,0.36,-4.22,30,1113,3142,
2878,BLRKU,Financial Services,Shell Companies,NASDAQ,93.52,51,42,43,40,10.2,,,18.62,-7.19,567,305,209,
2879,ORIQ,Financial Services,Shell Companies,NASDAQ,93.52,51,47,47,43,10.33,89096249.34196472,8625000.0,0.0016,-0.48,10,886,17346,
2880,TACH,Financial Services,Shell Companies,NASDAQ,93.51,51,45,46,44,10.43,358789924.5070152,34432814.0,0.0001,-1.51,126504,140958,110260,
2881,NBRGU,Financial Services,Shell Companies,NASDAQ,93.51,51,46,42,39,10.18,,,0.0,-7.79,119,666,647,
2882,YCY,Financial Services,Shell Companies,NYSE,93.51,51,46,46,43,10.2,150152191.31684303,14735250.0,0.0,-0.39,50,19493,14494,
2883,ATII,Financial Services,Shell Companies,NASDAQ,93.5,51,52,50,50,10.69,316908901.1287689,29590000.0,0.0015,-6.23,186291,200860,276972,
2884,GSHR,Financial Services,Shell Companies,NASDAQ,93.5,51,45,48,45,10.47,214359052.95685196,20454109.0,0.18,-6.52,111,4327,4514,
2885,FN,Technology,Electronic Components,NYSE,93.5,51,83,94,92,476.04,17140589843.449707,35829740.0,0.0723,-36.43,703316,983182,987153,0.393
2886,LMAT,Healthcare,Medical Instruments & Supplies,NASDAQ,93.5,51,41,81,33,95.59,2322320541.808571,22850739.0,0.0747,-19.0,265063,340944,323486,0.112
2887,SDHI,Financial Services,Shell Companies,NASDAQ,93.49,51,46,48,43,10.46,363708705.38139343,34838000.0,0.0002,-0.1,200,30150,32082,
2888,DSAC,Financial Services,Shell Companies,NASDAQ,93.49,51,42,41,37,10.16,345626258.0892143,34018333.0,0.0008,-2.96,93105,75365,57991,
2889,RRC,Energy,Oil & Gas E&P,NYSE,93.48,50,28,72,56,38.97,8661473514.515877,235622250.0,0.1157,-19.33,3581037,3477245,3110633,0.261
2890,NOEMU,Financial Services,Shell Companies,NASDAQ,93.48,50,49,45,51,11.25,,,0.0,-4.98,0,9,77,
2891,IGACU,Financial Services,Shell Companies,NASDAQ,93.48,50,44,47,43,10.3,,,0.0,-7.52,730,330,328,
2892,IQMX,Technology,Computer Hardware,NASDAQ,93.47,50,50,56,45,10.75,2257578878.557102,210988684.0,,-28.81,373415,819835,616851,
2893,CEPV,Financial Services,Shell Companies,NASDAQ,93.46,50,44,41,38,10.44,332205493.9365387,31790000.0,0.02,-0.1,45865,79205,63945,
2894,ARTCU,Financial Services,Shell Companies,NASDAQ,93.46,50,41,42,39,10.15,,,8.94,-2.36,1120,2643,1774,
2895,CSW,Industrials,Specialty Industrial Machinery,NYSE,93.46,50,55,50,38,289.18,4551058026.7838745,16296266.0,0.089499995,-14.2,163110,154670,144964,0.34
2896,FIGXU,Financial Services,Shell Companies,NASDAQ,93.45,50,46,45,42,10.34,,,1.17,-8.54,8700,2910,1760,
2897,TDAC,Financial Services,Shell Companies,NASDAQ,93.44,50,48,50,46,10.73,206797291.57657242,19308804.0,0.0002,-0.65,3298,24966,123085,
2898,JENA,Financial Services,Shell Companies,NYSE,93.44,50,45,43,44,10.39,301050259.9477768,28975000.0,0.00059999997,-2.07,14580,18816,13794,
2899,FERAU,Financial Services,Shell Companies,NASDAQ,93.44,50,45,44,48,10.74,,,0.0,-6.61,180,1753,1082,
2900,ASPN,Industrials,Building Products & Equipment,NYSE,93.44,50,85,17,6,4.67,425161343.3745718,82877453.0,0.1014,-52.25,835473,1277087,1396686,-0.519
2901,OYSE,Financial Services,Shell Companies,NASDAQ,93.44,50,46,47,46,10.31,349655942.04098606,33914251.0,0.09,-0.29,560,6033,13396,
2902,MA,Financial Services,Credit Services,NYSE,93.43,50,30,34,34,539.66,480316162006.12854,883583855.0,0.0088,-10.32,2712897,3631179,3619301,0.158
2903,MXC,Energy,Oil & Gas E&P,NYSE ARCA,93.43,50,17,41,75,9.16,17984339.921951294,2046000.0,0.0023999999,-44.42,10045,8721,10271,-0.081
2904,APXT,Financial Services,Shell Companies,NASDAQ,93.43,50,43,45,40,10.13,463276796.4935303,45960000.0,0.0008,0.3,680732,309307,226714,
2905,PACH,Financial Services,Shell Companies,NASDAQ,93.42,50,45,46,43,10.27,325389611.0057831,31625000.0,0.0001,-0.19,67709,55173,36671,
2906,GSHRU,Financial Services,Shell Companies,NASDAQ,93.42,50,45,47,43,10.53,,,0.03,-14.39,0,36,100,
2907,HCMAU,Financial Services,Shell Companies,NASDAQ,93.41,50,46,43,41,10.48,,,0.0,-4.64,2580,1146,1162,
2908,WSTN,Financial Services,Shell Companies,NASDAQ,93.41,50,45,46,41,10.13,81516599.0781784,8055000.0,20.52,-0.0,75484,26411,16594,
2909,GTLB,Technology,Software - Infrastructure,NASDAQ,93.4,50,30,8,15,31.28,5526408206.176758,168900000.0,0.1153,-40.28,3860847,4469899,5697889,0.231
2910,CEPF,Financial Services,Shell Companies,NASDAQ,93.4,50,45,40,44,10.5,596360273.9810944,57150000.0,0.0002,-1.59,42861,37787,55674,
2911,MKLY,Financial Services,Shell Companies,NASDAQ,93.39,50,46,48,44,10.19,248068946.85470295,24344353.0,0.0007,-0.29,10164,18031,16776,
2912,DFP,Financial Services,Asset Management,NYSE,93.39,50,48,54,55,20.61,429247055.4653225,20538137.0,0.28,-6.78,58831,50983,59214,
2913,OTGAU,Financial Services,Shell Companies,NASDAQ,93.39,50,47,45,44,10.34,,,0.0,-0.91,430,1513,1666,
2914,APAC,Financial Services,Shell Companies,NASDAQ,93.38,50,45,45,43,10.17,81792235.49160385,8050417.0,0.0037,-0.05,11310,5356,4278,
2915,CRAN,Financial Services,Shell Companies,NASDAQ,93.37,50,46,44,41,10.13,476503992.8436279,46900000.0,0.03,-0.78,86800,78013,58084,
2916,DDL,Consumer Defensive,Grocery Stores,NYSE,93.36,50,20,58,80,2.42,496351655.95944643,218657119.0,0.0163,-29.03,376297,535779,491109,1.952
2917,GAB,Financial Services,Asset Management,NYSE,93.36,50,50,49,62,5.58,1752037467.8736362,311196702.0,0.01,-11.53,1080289,1077399,1108759,0.194
2918,IBAC,Financial Services,Shell Companies,NASDAQ,93.36,50,44,51,42,10.79,54038790.718951225,5008229.0,0.0109,-5.76,410,2120,3676,
2919,GIWWU,Financial Services,Shell Companies,NASDAQ,93.35,50,44,46,41,10.37,,,6.68,-3.17,0,50,208,
2920,EIM,Financial Services,Asset Management,NYSE ARCA,93.35,50,53,54,49,9.57,500882840.25,51372599.0,0.3,-9.2,182821,140403,134516,-0.556
2921,TAVIU,Financial Services,Shell Companies,NASDAQ,93.35,50,45,48,43,10.73,,,0.01,-10.58,0,199,373,
2922,SOUL,Financial Services,Shell Companies,NYSE,93.35,50,45,49,44,10.39,352435600.4256506,33953333.0,0.0001,-5.55,30342,23930,20926,
2923,TLS,Technology,Software - Infrastructure,NASDAQ,93.34,50,36,61,88,4.51,353894699.1770625,74819175.0,0.0397,-46.05,434319,676633,795081,0.559
2924,CRAC,Financial Services,Shell Companies,NASDAQ,93.34,50,45,46,41,10.15,226595440.05990028,22368750.0,0.001,0.0,41181,54647,37258,
2925,MUA,Financial Services,Asset Management,NYSE,93.34,50,53,49,56,10.46,543832076.4044199,50354821.0,0.0005,-11.28,293779,173346,141797,-0.021
2926,ETX,Financial Services,Asset Management,NYSE,93.33,50,47,50,51,18.53,202448849.70869637,10896063.0,0.0028,-7.35,9618,10546,10785,
2927,ALIS,Financial Services,Shell Companies,NASDAQ,93.33,50,45,45,41,10.15,85648683.40015411,8427500.0,0.0001,-0.98,41050,34050,26284,
2928,TRIP,Consumer Cyclical,Travel Services,NASDAQ,93.33,50,52,19,23,13.7,1696545835.1423473,116361169.0,0.3362,-32.04,2671276,3746798,3843371,-0.04
2929,HCACU,Financial Services,Shell Companies,NASDAQ,93.33,50,47,49,44,10.3,261873786.54936504,25424639.0,0.22,-13.45,700,1246,1516,
2930,NCSM,Energy,Oil & Gas Equipment & Services,NASDAQ,93.31,50,35,97,71,47.23,114402957.97047043,2624523.0,0.0749,-45.93,15998,14659,23395,-0.087
2931,BLUW,Financial Services,Shell Companies,NASDAQ,93.31,50,43,46,48,10.34,333418550.14038086,32308000.0,0.0001,-0.67,20695,20541,21753,
2932,LAFA,Financial Services,Shell Companies,NASDAQ,93.31,50,45,44,41,10.11,158390395.44116783,15713333.0,0.09,-0.88,20,2103,1812,
2933,SVCCU,Financial Services,Shell Companies,NASDAQ,93.31,50,49,47,45,10.65,230198676.75457,21614900.0,0.0,-16.08,200,126,516,
2934,XRPNU,Financial Services,Shell Companies,NASDAQ,93.31,50,47,47,37,10.8,,,5.02,-21.97,350,896,6600,
2935,HE,Utilities,Utilities - Regulated Electric,NYSE,93.3,50,55,76,87,13.5,2321949109.872368,172635624.0,0.12979999,-22.32,1551155,1749378,1743685,0.003
2936,MFA,Real Estate,REIT - Mortgage,NYSE,93.3,50,57,69,62,9.14,964786976.4271412,102093862.0,0.0403,-13.53,1395486,1718242,1526207,-0.465
2937,SBXD,Financial Services,Shell Companies,NYSE,93.29,50,44,49,45,10.86,274914004.85515594,25455000.0,0.01,-2.16,9059,23256,16887,
2938,LKSP,Financial Services,Shell Companies,NASDAQ,93.29,50,45,47,41,10.17,159444260.88538742,15693333.0,0.12,-0.0,9947,45345,33065,
2939,ORIQU,Financial Services,Shell Companies,NASDAQ,93.28,50,44,44,42,10.35,146763005.40924072,14180000.0,0.0,-3.18,10,36,122,
2940,ACP,Financial Services,Asset Management,NYSE,93.28,50,51,54,54,5.1,647428679.3346939,125470678.0,0.0,-14.86,625929,476729,465997,-0.069
2941,BBCQ,Financial Services,Shell Companies,NASDAQ,93.28,50,49,52,38,10.25,395599984.86159515,38333333.0,0.0007,-8.97,96401,104307,317796,
2942,BANX,Financial Services,Asset Management,NASDAQ,93.28,50,43,41,60,19.65,194586538.1679268,9685741.0,0.0058,-16.98,21981,26900,32636,-0.101
2943,MHD,Financial Services,Asset Management,NYSE,93.27,50,54,54,54,11.44,613706844.1885376,52141616.0,0.0013,-5.3,277443,347371,367374,0.112
2944,CCIX,Financial Services,Shell Companies,NASDAQ,93.27,50,47,44,38,10.88,398154737.41292953,36662500.0,0.001,-3.89,1384241,612050,380048,
2945,BLRK,Financial Services,Shell Companies,NASDAQ,93.26,49,41,42,39,10.1,230689993.8583374,23000000.0,0.04,0.6,16407,12889,8707,
2946,GPAT,Financial Services,Shell Companies,NASDAQ,93.26,49,45,50,45,10.91,395671883.225441,35937500.0,0.0001,-9.08,42750,63530,90456,
2947,GTEN,Financial Services,Shell Companies,NASDAQ,93.26,49,45,43,39,10.48,472385979.3663025,45075000.0,0.0001,-1.13,18750,29283,38820,
2948,PACHU,Financial Services,Shell Companies,NASDAQ,93.26,49,44,48,43,10.35,,,0.0,-7.59,160,253,458,
2949,GRAF,Financial Services,Shell Companies,NYSE ARCA,93.25,49,54,46,47,10.82,152640839.95897007,14159633.0,0.002,-9.42,24922,316844,194884,
2950,OBA,Financial Services,Shell Companies,NASDAQ,93.25,49,45,47,42,10.26,324472507.23838806,31625000.0,0.0001,-0.0,290,4386,4686,
2951,SII,Financial Services,Asset Management,NYSE,93.24,49,61,90,95,102.84,2684997969.6035614,25782581.0,1.92,-39.37,136903,189957,182142,2.297
2952,BUDA,Consumer Defensive,Beverages - Non-Alcoholic,NYSE ARCA,93.24,49,34,63,74,9.01,121393991.64247894,12566666.0,0.0067000003,-24.92,18237,21252,17901,0.177
2953,TWLVU,Financial Services,Shell Companies,NASDAQ,93.24,49,44,45,41,10.2,,,0.0,-2.02,2720,1903,5134,
2954,HIX,Financial Services,Asset Management,NYSE,93.24,49,52,50,58,3.91,356676051.0758867,90069709.0,0.62,-11.14,334418,305896,333883,-0.026
2955,SZZL,Financial Services,Shell Companies,NASDAQ,93.24,49,46,47,46,10.38,324548007.0381861,31266667.0,0.0004,-1.14,35207,39162,32781,
2956,EVAC,Financial Services,Shell Companies,NYSE,93.24,49,45,45,42,10.23,597629370.3460884,58447858.0,0.01,0.0,92883,83304,74082,
2957,LOVE,Consumer Cyclical,"Furnishings, Fixtures & Appliances",NASDAQ,93.22,49,51,52,19,16.34,266492398.57317734,14638418.0,0.23809999,-21.74,226855,247371,207163,-0.001
2958,FNV,Basic Materials,Gold,NYSE,93.22,49,47,69,86,214.68,38719605582.06772,192855530.0,3.01,-24.85,774991,824630,860720,0.777
2959,JBTM,Industrials,Specialty Industrial Machinery,NYSE,93.2,49,49,38,79,137.14,6977086808.0,52067812.0,0.08140001,-19.42,414946,550428,503755,0.096
2960,DMII,Financial Services,Shell Companies,NASDAQ,93.2,49,44,45,41,10.1,660995994.9970245,65575000.0,0.001,-0.1,67571,103770,73336,
2961,UMH,Real Estate,REIT - Residential,NYSE,93.2,49,48,47,42,15.54,1336257563.8128424,85166195.0,0.00059999997,-9.81,448622,588484,635264,0.076
2962,FFC,Financial Services,Asset Management,NYSE,93.2,49,51,51,55,15.95,781927230.0259094,48177896.0,0.73,-6.18,86131,101033,117062,-0.012
2963,KBONU,Financial Services,Shell Companies,NASDAQ,93.2,49,43,46,44,10.29,,,0.01,-7.26,2880,14313,14634,
2964,GIXXU,Financial Services,Shell Companies,NASDAQ,93.19,49,44,44,40,10.23,,,166.2,-4.48,345,135,107,
2965,AACBU,Financial Services,Shell Companies,NASDAQ,93.19,49,43,43,47,10.68,268869007.6828003,25175000.0,0.0,-18.54,0,56,260,
2966,NCA,Financial Services,Asset Management,NYSE,93.17,49,56,58,65,9.02,308365712.86853886,33121987.0,0.0008,-7.96,66084,56918,56498,0.01
2967,EMIS,Financial Services,Shell Companies,NASDAQ,93.17,49,44,46,42,10.18,160597984.75440216,15775833.0,0.0008,-0.1,0,1756,1248,
2968,FIGX,Financial Services,Shell Companies,NASDAQ,93.17,49,44,47,43,10.25,198702287.25,19385589.0,0.0001,-0.49,31360,29430,36138,
2969,HVII,Financial Services,Shell Companies,NASDAQ,93.16,49,43,45,40,10.48,272464303.4589796,26023333.0,0.0001,-4.64,8984,17824,53008,
2970,KFIIU,Financial Services,Shell Companies,NASDAQ,93.16,49,45,51,46,10.66,275337136.0588074,25829000.0,0.12,-16.72,20,493,460,
2971,LWACU,Financial Services,Shell Companies,NASDAQ,93.16,49,44,45,42,10.32,,,0.0,-2.92,20,6,4,
2972,HVMC,Financial Services,Shell Companies,NASDAQ,93.15,49,44,46,41,10.19,299687887.6590729,29410000.0,0.0004,-0.1,14344,19838,15476,
2973,CHEC,Financial Services,Shell Companies,NASDAQ,93.15,49,45,45,41,10.19,176201600.10511875,17274667.0,0.0001,-3.5,2950,5693,11898,
2974,VNMEU,Financial Services,Shell Companies,NASDAQ,93.15,49,44,47,43,10.3,,,0.0,-9.01,30,16,192,
2975,TTWO,Communication Services,Electronic Gaming & Multimedia,NASDAQ,93.15,49,56,30,34,231.65,43943584438.976746,185666663.0,0.0523,-12.89,1478188,2518976,2664041,0.061
2976,EGHA,Financial Services,Shell Companies,NASDAQ,93.14,49,46,45,46,10.33,212584997.65396118,20500000.0,0.01,-4.31,11225,50455,44691,
2977,UPBD,Technology,Software - Application,NASDAQ,93.13,49,49,35,26,20.46,1291788959.2650833,58293726.0,0.1261,-27.01,905024,1038741,931616,0.037
2978,MMU,Financial Services,Asset Management,NYSE,93.13,49,54,51,57,10.06,566943648.4906311,54618848.0,0.0016,-6.07,101676,121108,128265,-0.021
2979,PAII,Financial Services,Shell Companies,NYSE,93.11,49,44,46,44,10.23,352859210.600544,34492593.0,0.03,-0.2,18230,26360,18736,
2980,CCIIU,Financial Services,Shell Companies,NASDAQ,93.11,49,44,43,43,10.57,,,0.58,-16.04,290,803,712,
2981,AXIA,Utilities,Utilities - Renewable,NYSE,93.1,49,68,88,85,9.91,22290934265.202835,2276908514.0,0.0033000002,-26.81,1793295,2043085,2048769,0.221
2982,ETJ,Financial Services,Asset Management,NYSE,93.1,49,40,42,51,8.36,561296913.8494377,67301787.0,0.38,-8.33,105272,128407,126980,
2983,KOYN,Financial Services,Shell Companies,NASDAQ,93.09,49,44,46,40,10.16,320628431.904644,31557917.0,0.05,0.0,5040,14196,11606,
2984,BLUWU,Financial Services,Shell Companies,NASDAQ,93.07,49,46,50,50,10.5,,,0.62,-18.29,60,210,546,
2985,DX,Real Estate,REIT - Mortgage,NYSE,93.07,49,65,63,70,12.6,2867961573.8952885,215150907.0,0.048600003,-15.61,7392987,5899895,5221397,
2986,UYSCU,Financial Services,Shell Companies,NASDAQ,93.06,49,50,60,35,10.74,71716348.47164154,6677500.0,4.86,-23.72,0,63,266,
2987,UEIC,Technology,Consumer Electronics,NASDAQ,93.06,49,40,33,19,4.53,58857205.39276886,12630302.0,0.0147,-33.48,24494,35634,38608,-0.144
2988,ALDFU,Financial Services,Shell Companies,NASDAQ,93.05,49,41,44,47,10.82,,,0.0,-17.4,80,256,1088,
2989,SDHY,Financial Services,Asset Management,NYSE,93.05,49,50,48,52,15.9,392301580.9879761,24673056.0,0.79,-7.45,54329,56276,67277,
2990,MDLZ,Consumer Defensive,Confectioners,NASDAQ,93.04,49,51,37,35,60.52,78302635726.0,1283649766.0,0.0317,-14.94,8615419,9802686,8869695,0.082
2991,LIEN,Financial Services,Asset Management,NASDAQ,93.03,49,60,37,54,9.4,222725430.22151947,22890590.0,0.0084,-17.83,45014,78681,78816,0.401
2992,LWAC,Financial Services,Shell Companies,NASDAQ,93.02,49,43,48,41,10.23,308268750.0,30075000.0,0.08,-0.49,60,6770,5050,
2993,TDWD,Financial Services,Shell Companies,NASDAQ,93.02,49,44,45,41,10.04,236156343.7128067,23545000.0,0.00029999999,-0.99,16420,29830,29274,
2994,MMTX,Financial Services,Shell Companies,NASDAQ,93.02,49,46,46,42,10.1,89252087.9691124,8828100.0,0.0001,-0.49,14070,11896,8424,
2995,LW,Consumer Defensive,Packaged Foods,NYSE,93.01,49,40,25,20,49.58,6460426578.779427,138072803.0,0.059,-26.08,2273431,1774423,1687462,0.029
2996,SCII,Financial Services,Shell Companies,NASDAQ,93.01,49,42,44,39,10.08,251219380.92911148,24897857.0,0.0001,-0.3,17290,11633,14872,
2997,MGEE,Utilities,Utilities - Regulated Electric,NASDAQ,93.01,49,39,40,31,82.42,3059355642.2432404,37746521.0,0.063,-7.91,183328,279892,297697,0.108
2998,HCMA,Financial Services,Shell Companies,NASDAQ,93.0,49,45,42,40,10.28,348127986.26540375,33733333.0,0.0001,-2.0,12630,26183,43180,
2999,DRDB,Financial Services,Shell Companies,NASDAQ,92.98,49,43,47,45,10.59,324146660.83127594,30666667.0,0.01,0.09,51830,71183,73516,
3000,BEAGU,Financial Services,Shell Companies,NASDAQ,92.98,49,52,40,44,11.03,,,0.0,-13.42,10,143,1512,
3001,VNME,Financial Services,Shell Companies,NASDAQ,92.98,49,45,46,43,10.17,254325008.39233398,25000000.0,0.0028,-0.59,60,9140,10466,
3002,VHCPU,Financial Services,Shell Companies,NASDAQ,92.98,49,41,42,39,10.16,,,0.06,0.0,20,1856,2378,
3003,NUW,Financial Services,Asset Management,NYSE,92.97,49,51,50,54,13.98,257422160.9791565,17951336.0,0.0011999999,-4.9,45408,42712,48779,
3004,OACC,Financial Services,Shell Companies,NASDAQ,92.95,49,41,47,44,10.71,263035612.9112091,24582768.0,0.00059999997,-0.28,6140,20900,14092,
3005,NDAQ,Financial Services,Financial Data & Stock Exchanges,NASDAQ,92.95,49,28,48,67,92.09,51826158383.54129,565540798.0,0.0242,-9.53,4332243,4816474,4171682,0.137
3006,RNGT,Financial Services,Shell Companies,NASDAQ,92.92,48,42,44,39,10.12,317025876.57494736,31326668.0,0.0001,-0.39,160,23713,14894,
3007,FOA,Financial Services,Credit Services,NYSE,92.91,48,57,32,54,22.85,216711822.5,8936570.0,0.1282,-23.3,69818,67519,60597,-0.275
3008,WFF,Industrials,Specialty Industrial Machinery,NASDAQ,92.91,48,37,4,5,2.11,19047578.734991074,9070276.0,0.0017,-68.74,15513,171527,121828,0.552
3009,INACU,Financial Services,Shell Companies,NASDAQ,92.9,48,45,46,43,10.33,,,0.53,-22.85,10,346,274,
3010,QSR,Consumer Cyclical,Restaurants,NYSE,92.9,48,58,73,49,72.47,26027268555.967735,346983973.0,0.0586,-11.58,2309511,3049787,3167306,0.073
3011,GTIM,Consumer Cyclical,Restaurants,NASDAQ,92.9,48,38,31,14,1.39,14781054.148280144,10557896.0,0.0034999999,-33.49,15263,30124,28168,-0.031
3012,IMMR,Technology,Software - Application,NASDAQ,92.9,48,48,28,33,6.52,219786996.86061287,33100452.0,0.1311,-15.98,446332,588087,554222,0.1
3013,GPACU,Financial Services,Shell Companies,NASDAQ,92.9,48,42,44,39,10.15,,,0.0,-3.33,2700,11043,6664,
3014,FERA,Financial Services,Shell Companies,NASDAQ,92.89,48,45,47,45,10.44,326423990.3599844,31266667.0,0.0001,-0.57,78579,107286,74083,
3015,EVG,Financial Services,Asset Management,NYSE,92.88,48,50,49,49,10.56,143988891.63329887,13456906.0,6.01,-7.77,25399,28843,27683,-0.163
3016,CUB,Financial Services,Shell Companies,NASDAQ,92.88,48,44,49,46,10.8,282296945.4919672,26162831.0,0.0,-3.79,335430,355566,474536,
3017,IRHOU,Financial Services,Shell Companies,NASDAQ,92.87,48,47,43,39,10.2,,,0.67,-9.65,0,266,1420,
3018,HCAC,Financial Services,Shell Companies,NASDAQ,92.87,48,42,42,41,10.06,293462950.2195139,29200293.0,0.00029999999,-0.2,165060,103796,78732,
3019,JPC,Financial Services,Asset Management,NYSE,92.87,48,50,53,56,7.7,2919262217.605652,375226496.0,0.0067000003,-7.23,799830,859886,908878,
3020,LFACU,Financial Services,Shell Companies,NASDAQ,92.86,48,41,45,40,10.14,,,98.56,-3.34,630,1636,1002,
3021,ALCO,Consumer Defensive,Farm Products,NASDAQ,92.86,48,63,74,79,38.62,303550266.3732834,7416327.0,0.0273,-14.2,16231,21363,20102,-0.703
3022,BILL,Technology,Software - Application,NYSE,92.86,48,18,23,22,43.51,4452969572.986473,99596727.0,0.16700001,-23.95,2398813,2509124,2664980,0.135
3023,HVIIU,Financial Services,Shell Companies,NASDAQ,92.85,48,45,40,36,10.8,,,0.41,-22.86,21,7,33,
3024,ATR,Healthcare,Medical Instruments & Supplies,NYSE,92.85,48,37,33,28,132.36,8463212143.71283,63820316.0,0.0326,-19.43,440300,460000,467154,0.108
3025,PLTK,Communication Services,Electronic Gaming & Multimedia,NASDAQ,92.84,48,51,28,22,3.68,1527223822.3888516,380379545.0,0.1003,-25.35,1706501,1681920,1553800,0.055
3026,DMIIU,Financial Services,Shell Companies,NASDAQ,92.84,48,44,44,41,10.16,,,0.25,-5.93,990,476,1674,
3027,LATAU,Financial Services,Shell Companies,NASDAQ,92.84,48,43,42,43,10.18,,,9.74,-21.63,510,303,578,
3028,EOI,Financial Services,Asset Management,NYSE,92.83,48,41,44,56,19.7,807734466.8818512,41001748.0,0.28,-8.71,59279,64706,65839,-0.051
3029,SZZLU,Financial Services,Shell Companies,NASDAQ,92.83,48,42,46,50,10.5,,,1.68,-7.33,0,66,40,
3030,ANGX,Communication Services,Entertainment,NYSE,92.83,48,13,5,5,4.05,766532344.440999,186504214.0,0.0442,-80.13,1283418,1309752,1224845,1.426
3031,TWLV,Financial Services,Shell Companies,NASDAQ,92.82,48,43,45,39,10.02,234140619.63558197,23437500.0,0.08,-3.47,7741,6887,11150,
3032,MKLYU,Financial Services,Shell Companies,NASDAQ,92.82,48,48,46,41,10.27,,,20.93,-9.99,40,13,236,
3033,CRACU,Financial Services,Shell Companies,NASDAQ,92.82,48,42,45,44,10.25,,,19.99,-4.74,660,476,296,
3034,DYOR,Financial Services,Shell Companies,NASDAQ,92.81,48,43,43,39,10.08,231609992.98095703,23000000.0,0.03,-3.72,20500,23370,16626,
3035,SOR,Financial Services,Asset Management,NYSE,92.81,48,48,53,68,44.89,373027603.208107,8230971.0,0.0049,-10.95,11189,11623,11327,0.138
3036,HUBB,Industrials,Electrical Equipment & Parts,NYSE,92.81,48,72,79,69,486.09,25822191876.135345,52841777.0,0.0585,-14.04,427323,553207,615294,0.111
3037,TSQ,Communication Services,Advertising Agencies,NYSE,92.81,48,69,50,44,6.31,118674567.51708984,17953792.0,0.019299999,-20.83,50339,62543,59251,-0.019
3038,NX,Industrials,Building Products & Equipment,NYSE,92.8,48,60,71,63,18.6,834511127.5540257,45927965.0,0.0828,-19.06,296361,390423,407120,0.022
3039,STVN,Healthcare,Medical Instruments & Supplies,NYSE,92.8,48,40,23,13,19.68,5233480834.808529,273003694.0,0.019299999,-29.71,251868,341342,328459,0.066
3040,AHCO,Healthcare,Medical Devices,NASDAQ,92.8,48,39,87,60,10.76,1491153511.110054,136054152.0,0.0783,-19.88,1077822,1441477,1351122,0.054
3041,PDO,Financial Services,Asset Management,NYSE,92.8,48,50,52,57,12.91,1877959777.0031433,142485564.0,0.27,-9.4,508504,571278,595942,
3042,GIW,Financial Services,Shell Companies,NASDAQ,92.79,48,44,44,40,10.09,367820696.23629856,36472057.0,0.02,-0.25,11544,53788,39576,
3043,AR,Energy,Oil & Gas E&P,NYSE,92.79,48,27,65,60,35.28,10401194425.445557,309836000.0,0.0399,-22.89,4409616,4872938,4722705,0.343
3044,BIXI,Financial Services,Shell Companies,NASDAQ,92.78,48,43,45,40,10.01,301033330.0,30103333.0,0.0004,-0.1,2249,9499,6515,
3045,OTGA,Financial Services,Shell Companies,NASDAQ,92.78,48,43,44,40,10.17,358746752.6912689,35275000.0,0.01,-0.2,19599,55143,39873,
3046,SIG,Consumer Cyclical,Luxury Goods,NYSE,92.78,48,35,57,75,91.29,3560582671.2300644,38849783.0,0.1973,-17.16,659914,832248,877924,0.008
3047,NLOP,Real Estate,REIT - Office,NYSE,92.77,48,47,81,35,11.34,171991405.66399097,14814075.0,0.062,-66.94,147485,172691,148065,-0.709
3048,ITHA,Financial Services,Shell Companies,NASDAQ,92.76,48,42,43,40,10.0,306666680.0,30666668.0,0.0004,-0.3,320,2490,1688,
3049,KIO,Financial Services,Asset Management,NYSE,92.76,48,51,43,42,10.98,456984574.1154003,40985165.0,0.66,-14.42,238707,193679,173793,
3050,PFX,Financial Services,Asset Management,NASDAQ,92.75,48,38,28,33,43.42,88706342.94891357,1932600.0,0.0011,-18.08,25690,8796,6556,-0.136
3051,GLPI,Real Estate,REIT - Specialty,NASDAQ,92.74,48,49,60,46,45.17,12767641110.87468,283221841.0,0.0404,-9.57,1966937,2563952,2390501,0.063
3052,PAY,Technology,Software - Infrastructure,NYSE,92.74,48,17,35,26,28.87,3746006542.232683,125789337.0,0.0771,-26.69,727745,1247455,1084633,0.302
3053,BIXIU,Financial Services,Shell Companies,NASDAQ,92.73,48,43,43,40,10.12,,,0.04,-3.62,0,536,670,
3054,NPAC,Financial Services,Shell Companies,NASDAQ,92.73,48,44,42,41,10.39,399072643.448925,38390825.0,0.0001,-1.14,346514,153131,101800,
3055,PLMKU,Financial Services,Shell Companies,NASDAQ,92.73,48,42,40,35,11.0,,,0.43,-10.79,100,120,134,
3056,HLN,Healthcare,Drug Manufacturers - Specialty & Generic,NYSE,92.72,48,35,37,60,9.78,44478368024.715866,4403798648.0,0.0032,-13.3,8636021,9384057,8962752,0.006
3057,GPAC,Financial Services,Shell Companies,NASDAQ,92.72,48,43,45,40,10.01,294394106.7314148,29410000.0,0.0001,-0.1,18720,25520,16178,
3058,VACI,Financial Services,Shell Companies,NYSE,92.72,48,48,48,41,10.13,311051992.61846733,30666667.0,0.0002,-3.43,110960,97173,221326,
3059,EVOX,Financial Services,Shell Companies,NASDAQ,92.71,48,42,45,44,10.05,321920013.4277344,32000000.0,0.0002,-0.4,20170,21593,19140,
3060,IGAC,Financial Services,Shell Companies,NASDAQ,92.71,48,43,44,39,10.02,239893504.5528412,23870000.0,0.0001,-0.3,12750,16876,10426,
3061,IEAGU,Financial Services,Shell Companies,NASDAQ,92.7,48,41,41,38,10.33,,,0.0,-11.63,19310,7176,6880,
3062,PMTR,Financial Services,Shell Companies,NASDAQ,92.7,48,45,42,40,10.43,321540782.97424316,30825500.0,0.02,-2.25,35993,25904,30942,
3063,PLMK,Financial Services,Shell Companies,NASDAQ,92.68,48,46,49,47,10.61,256732049.94916916,24242875.0,0.0,-11.58,7350,107996,81362,
3064,LAFAU,Financial Services,Shell Companies,NASDAQ,92.68,48,43,44,43,10.16,139159497.65395546,13683333.0,0.0,-10.01,20,806,1118,
3065,RCL,Consumer Cyclical,Travel Services,NYSE,92.67,47,63,31,72,293.54,76961228595.17487,268194978.0,0.0691,-19.91,2555163,2560977,2733770,0.113
3066,QUMSU,Financial Services,Shell Companies,NASDAQ,92.67,47,49,49,42,10.33,,,0.0,-6.01,80,163,160,
3067,QSEAU,Financial Services,Shell Companies,NASDAQ,92.67,47,48,57,43,10.71,,,0.0,-7.19,0,66,358,
3068,JQC,Financial Services,Asset Management,NYSE,92.66,47,48,40,49,4.75,702129225.25,147816679.0,0.00059999997,-14.87,604522,575884,583228,-0.009
3069,PCQ,Financial Services,Asset Management,NYSE,92.66,47,54,52,52,8.56,167981857.24067688,18981000.0,0.58,-6.86,121790,118336,136638,1.649
3070,PFD,Financial Services,Asset Management,NYSE,92.66,47,53,53,55,11.3,147804405.5,12852557.0,1.36,-7.07,27384,23691,24892,-0.009
3071,BCSS,Financial Services,Shell Companies,NYSE,92.66,47,45,44,41,10.23,596264002.2277832,58400000.0,0.0002,-0.58,55775,51725,62949,
3072,MESH,Financial Services,Shell Companies,NASDAQ,92.65,47,42,43,39,10.02,431681259.8705292,43125000.0,0.0002,-0.3,33279,39689,25325,
3073,KRSP,Financial Services,Shell Companies,NYSE,92.65,47,42,41,38,10.46,484867412.78514004,46002601.0,0.0007,-12.03,2681,13163,20136,
3074,SPH,Utilities,Utilities - Regulated Gas,NYSE,92.64,47,33,53,57,18.56,1202136248.5173092,66343057.0,0.0044,-10.77,138397,263479,213455,-0.062
3075,CYPH,Financial Services,Asset Management,NASDAQ,92.64,47,77,94,93,0.62,75376853.71289599,106464482.0,0.089899994,-83.24,1355215,2505828,4609891,
3076,WENN,Financial Services,Shell Companies,NASDAQ,92.64,47,43,42,37,10.33,387193488.55018616,37518750.0,0.03,-0.39,50930,58140,43310,
3077,ENR,Industrials,Electrical Equipment & Parts,NYSE,92.64,47,68,28,26,20.96,1385218570.205326,68473485.0,0.097399995,-30.8,1044830,1023563,1074154,-0.03
3078,GSRF,Financial Services,Shell Companies,NASDAQ,92.64,47,43,43,38,10.16,299053937.2434616,29405500.0,0.01,-0.39,23770,37936,28124,
3079,SOMN,Utilities,Utilities - Regulated Electric,NYSE,92.64,47,38,47,46,50.63,,,1.77,-6.22,87932,423754,276698,0.08
3080,OGS,Utilities,Utilities - Regulated Gas,NYSE,92.62,47,42,68,54,80.53,5004684247.344765,62762533.0,0.0704,-11.29,475585,687931,689541,-0.111
3081,OIMAU,Financial Services,Shell Companies,NASDAQ,92.62,47,42,44,40,10.19,,,0.08,-6.99,4950,2126,1412,
3082,FLOC,Energy,Oil & Gas Equipment & Services,NYSE,92.62,47,63,80,64,20.15,846521029.307209,41824162.0,0.081,-28.7,387534,763948,734514,0.089
3083,NDMO,Financial Services,Asset Management,NYSE,92.61,47,54,53,47,10.05,622382590.6227102,60484217.0,0.0031,-7.12,100846,105785,112099,
3084,MESHU,Financial Services,Shell Companies,NASDAQ,92.6,47,45,43,39,10.1,,,0.15,-3.81,33500,11353,10004,
3085,KTWOU,Financial Services,Shell Companies,NASDAQ,92.6,47,43,45,39,10.15,,,0.91,-9.62,340,260,614,
3086,MBVIU,Financial Services,Shell Companies,NASDAQ,92.6,47,43,42,43,10.26,0.0,0.0,0.0,-2.29,6873,2297,1446,
3087,UNB,Financial Services,Banks - Regional,NASDAQ,92.6,47,60,42,33,24.8,117196919.03987885,4614052.0,0.0023,-15.9,7327,21075,15887,0.131
3088,PMTRU,Financial Services,Shell Companies,NASDAQ,92.6,47,45,46,38,10.88,,,0.0,-12.26,20,6,344,
3089,MPA,Financial Services,Asset Management,NYSE,92.59,47,52,54,51,10.93,145424338.97212982,12949630.0,0.0015,-7.92,21267,29102,29045,0.036
3090,BEAG,Financial Services,Shell Companies,NASDAQ,92.59,47,43,41,43,10.67,334476249.5574951,31318000.0,0.0004,-2.56,20560,17553,40118,
3091,CCII,Financial Services,Shell Companies,NASDAQ,92.59,47,43,42,42,10.34,360116800.5103369,34693333.0,0.0001,-1.52,4392,30767,36862,
3092,LFAC,Financial Services,Shell Companies,NASDAQ,92.58,47,42,46,40,10.0,191858341.05690193,19166667.0,0.09,-0.2,2890,14800,12054,
3093,FC,Consumer Defensive,Education & Training Services,NYSE,92.58,47,82,65,41,20.6,229039752.19488716,11293873.0,0.0888,-23.16,75919,122763,100709,0.01
3094,BBN,Financial Services,Asset Management,NYSE,92.57,47,51,51,45,15.68,980647190.108408,61792514.0,0.0011,-10.14,99834,133724,147772,
3095,XSLLU,Financial Services,Shell Companies,NASDAQ,92.56,47,43,42,39,10.03,,,0.25,-11.94,590,923,1474,
3096,TACO,Financial Services,Shell Companies,NASDAQ,92.56,47,44,42,37,10.48,393946875.0,37518750.0,0.00029999999,-1.96,45865,89241,99881,
3097,EVOXU,Financial Services,Shell Companies,NASDAQ,92.55,47,40,44,41,10.23,,,0.0,-0.68,495,1248,1381,
3098,SABA,Financial Services,Asset Management,NYSE,92.55,47,44,52,33,8.23,223128364.08233643,26754000.0,0.00059999997,-13.0,37939,55869,52719,-0.232
3099,AWK,Utilities,Utilities - Regulated Water,NYSE,92.55,47,36,42,36,134.66,26384351311.49977,195280521.0,0.0729,-8.93,1694862,2243547,2147288,0.057
3100,RCEL,Healthcare,Medical Devices,NASDAQ,92.54,47,34,26,22,4.61,156961110.96490622,30776689.0,0.083000004,-35.25,309607,353682,325995,0.04
3101,HVMCU,Financial Services,Shell Companies,NASDAQ,92.54,47,44,47,42,10.31,,,0.0,-6.27,0,200,176,
3102,AEAQ,Financial Services,Shell Companies,NASDAQ,92.54,47,42,44,39,10.01,313429793.8366718,31311667.0,0.0001,-0.79,4610,16740,11728,
3103,ONCH,Financial Services,Shell Companies,NASDAQ,92.54,47,41,41,38,10.32,221663752.60825062,21541667.0,0.0001,-2.91,53084,25971,19914,
3104,PVH,Consumer Cyclical,Apparel Manufacturing,NYSE,92.52,47,49,82,20,80.41,3603347460.155365,46108092.0,0.153,-20.19,841791,958157,1119904,0.021
3105,JHI,Financial Services,Asset Management,NYSE,92.52,47,51,49,51,13.05,115777800.27853203,8744547.0,0.0015,-10.06,10358,10589,16147,0.022
3106,PSF,Financial Services,Asset Management,NYSE,92.52,47,50,48,51,19.5,238639231.91535568,12028187.0,0.0022,-8.02,26883,31994,43720,
3107,RAC,Financial Services,Shell Companies,NYSE,92.51,47,42,46,45,10.46,305557103.83869076,29267923.0,0.01,-0.85,13860,21273,25688,
3108,NNI,Financial Services,Credit Services,NYSE,92.51,47,52,71,63,133.36,4825220564.575226,35934023.0,0.0381,-7.63,87095,124555,132241,-0.071
3109,ABG,Consumer Cyclical,Auto & Truck Dealerships,NYSE,92.5,47,30,27,34,225.24,4102838779.3640137,18618800.0,0.1089,-14.48,225714,247091,250622,-0.009
3110,ASMB,Healthcare,Biotechnology,NASDAQ,92.5,47,34,84,86,25.55,531300461.9164467,19817250.0,0.16319999,-35.66,165037,240135,222501,-0.128
3111,SCIIU,Financial Services,Shell Companies,NASDAQ,92.49,47,43,48,44,10.22,155295904.65545654,15255000.0,26.1,-9.52,790,286,172,
3112,BLZRU,Financial Services,Shell Companies,NASDAQ,92.49,47,42,44,41,10.25,,,0.08,-6.82,800,1960,1214,
3113,DAAQ,Financial Services,Shell Companies,NASDAQ,92.49,47,43,42,36,10.41,238156529.087677,22910680.0,0.0007,-2.71,21238,59362,52835,
3114,ITHAU,Financial Services,Shell Companies,NASDAQ,92.48,47,46,43,40,10.06,,,,-8.55,270,103,94,
3115,WMS,Industrials,Building Products & Equipment,NYSE,92.47,47,67,64,74,141.84,11301696949.15155,76595708.0,0.0465,-20.9,589068,813786,913963,0.099
3116,DOO,Consumer Cyclical,Recreational Vehicles,NASDAQ,92.47,47,44,36,89,60.34,4497603249.176445,73346433.0,3.01,-26.32,201613,209441,242944,0.295
3117,REGCO,Real Estate,REIT - Retail,NASDAQ,92.47,47,46,43,43,21.9,,,2.85,-9.65,2010,3093,3758,0.1
3118,MEVOU,Financial Services,Shell Companies,NASDAQ,92.46,47,46,42,39,10.1,,,0.22,-3.81,1180,1296,1054,
3119,SAC,Financial Services,Shell Companies,NYSE,92.46,47,41,44,37,10.08,316176000.9669132,31366667.0,0.0002,-8.49,20360,8296,6650,
3120,IR,Industrials,Specialty Industrial Machinery,NYSE,92.46,47,40,40,56,84.4,32183540392.17433,391336834.0,0.048499998,-16.4,4496405,4393468,4220965,0.076
3121,LATA,Financial Services,Shell Companies,NASDAQ,92.44,47,41,41,38,10.13,232875000.0,23000000.0,0.0,-0.69,4050,26200,16898,
3122,KOYNU,Financial Services,Shell Companies,NASDAQ,92.44,47,46,45,41,10.23,,,11.73,-3.49,300,103,258,
3123,ENPH,Technology,Solar,NASDAQ,92.39,47,76,28,42,36.7,5478851965.178375,131798220.0,0.2149,-50.23,3563758,5721839,7624485,-0.206
3124,BGT,Financial Services,Asset Management,NYSE,92.38,46,40,39,38,10.79,315545535.32455444,29824720.0,0.0014,-15.37,140695,114135,111745,-0.044
3125,XPEL,Consumer Cyclical,Auto Parts,NASDAQ,92.38,46,73,75,89,42.73,1192012601.25,27560985.0,0.1382,-23.57,212669,270393,261187,0.131
3126,GTERU,Financial Services,Shell Companies,NASDAQ,92.38,46,45,46,42,10.41,,,14.93,-4.5,364,138,108,
3127,CHSCO,Consumer Defensive,Farm Products,NASDAQ,92.38,46,47,51,47,25.6,,,1.44,-5.74,17422,33497,26512,0.186
3128,GRWG,Consumer Cyclical,Specialty Retail,NASDAQ,92.37,46,50,59,47,1.38,85929990.9981066,60090905.0,0.0247,-42.5,187013,277944,361924,0.075
3129,CRC,Energy,Oil & Gas E&P,NYSE,92.37,46,42,88,74,53.47,4691034782.41832,88794901.0,0.0626,-25.72,706656,830438,776367,0.067
3130,NPACU,Financial Services,Shell Companies,NASDAQ,92.36,46,41,43,47,10.45,,,0.0,-3.24,2040,1760,1270,
3131,BUSEP,Financial Services,Banks - Regional,NASDAQ,92.36,46,39,45,50,25.98,,,2.01,-2.51,9712,14930,18498,1.434
3132,BTT,Financial Services,Asset Management,NYSE,92.35,46,48,53,52,22.44,1439842997.53343,63625411.0,0.0005,-3.44,67952,90704,84992,0.006
3133,PJT,Financial Services,Capital Markets,NYSE,92.34,46,36,32,53,169.07,4302894392.66333,25824598.0,0.090500005,-13.57,415115,512265,433513,0.289
3134,DNMX,Financial Services,Shell Companies,NASDAQ,92.33,46,42,43,38,10.01,268601669.4716625,26833333.0,0.0001,-0.3,6690,18756,18330,
3135,RDAG,Financial Services,Shell Companies,NASDAQ,92.32,46,41,41,37,10.35,388125014.30511475,37500000.0,0.0001,-0.96,88650,52543,40552,
3136,MBVI,Financial Services,Shell Companies,NASDAQ,92.31,46,42,42,40,10.17,439012513.16070557,43125000.0,0.04,-3.14,24540,25220,24708,
3137,FGIIU,Financial Services,Shell Companies,NASDAQ,92.3,46,41,42,39,10.05,,,0.09,-8.93,8960,6676,5832,
3138,MTD,Healthcare,Diagnostics & Research,NYSE,92.29,46,37,38,58,1327.18,26472361856.699707,20207601.0,0.0418,-12.98,165166,199465,214735,0.072
3139,NPV,Financial Services,Asset Management,NYSE,92.28,46,52,58,44,10.92,217341812.4836731,19562720.0,0.00090000004,-7.54,71747,50725,44849,0.067
3140,SORNU,Financial Services,Shell Companies,NASDAQ,92.28,46,40,42,38,10.04,,,0.17,-0.1,459,473,1397,
3141,OZKAP,Financial Services,Banks - Regional,NASDAQ,92.26,46,46,49,40,16.39,,,0.99,-8.18,22656,28905,25357,0.014
3142,FLGT,Healthcare,Diagnostics & Research,NASDAQ,92.25,46,39,16,83,19.67,572556555.3464088,28400623.0,0.1458,-36.63,235562,268744,368328,-0.032
3143,FTF,Financial Services,Asset Management,NYSE ARCA,92.24,46,43,46,49,5.77,235563327.3373146,40405374.0,0.18,-11.5,214708,246902,235995,-0.089
3144,AN,Consumer Cyclical,Auto & Truck Dealerships,NYSE,92.23,46,33,49,57,208.18,6883698792.2465515,33461495.0,0.1103,-9.06,345070,397130,378578,-0.021
3145,SCI,Consumer Cyclical,Personal Services,NYSE,92.22,46,30,61,43,82.33,10861077130.981628,137970998.0,0.0653,-7.15,1148685,1419351,1489671,0.021
3146,FER,Industrials,Engineering & Construction,NASDAQ,92.22,46,70,68,80,63.25,45504132099.519806,715586287.0,0.0068,-15.43,1220903,1524471,1563374,0.057
3147,COLL,Healthcare,Drug Manufacturers - Specialty & Generic,NASDAQ,92.2,46,39,34,87,35.2,1170210805.708023,32433779.0,0.2015,-30.69,362952,435720,412244,0.089
3148,DNMXU,Financial Services,Shell Companies,NASDAQ,92.18,46,41,42,39,10.15,,,0.0,-7.73,5000,2796,2264,
3149,KBON,Financial Services,Shell Companies,NASDAQ,92.18,46,41,44,40,10.09,443231036.567688,44015000.0,0.0004,-0.59,93840,50093,55396,
3150,MGY,Energy,Oil & Gas E&P,NYSE,92.18,46,54,78,65,25.33,5041680041.671217,184947909.0,0.147,-22.68,9603347,5396362,4085363,0.023
3151,SDHIU,Financial Services,Shell Companies,NASDAQ,92.17,46,46,45,45,10.56,,,2.53,-5.97,0,73,48,
3152,TCBIO,Financial Services,Banks - Regional,NASDAQ,92.17,46,38,61,51,20.37,,,0.52,-11.22,13568,17212,16937,0.169
3153,IAF,Financial Services,Asset Management,NYSE ARCA,92.16,46,47,41,63,12.49,119779662.5,9582373.0,0.36,-14.1,10936,17555,19571,0.102
3154,SELF,Real Estate,REIT - Specialty,NASDAQ,92.16,46,46,60,45,5.05,58479266.532886505,11421732.0,0.0076,-10.3,17246,16695,16355,0.015
3155,ZKPU,Financial Services,Shell Companies,NASDAQ,92.15,46,41,40,40,9.99,,,5.46,-4.58,1080,406,346,
3156,MCHX,Communication Services,Advertising Agencies,NASDAQ,92.14,46,28,50,29,1.8,79745036.08747792,44302799.0,0.0022,-15.89,23440,22906,24572,-0.069
3157,MMTXU,Financial Services,Shell Companies,NASDAQ,92.13,46,43,46,42,10.1,77710412.93506622,7694100.0,,-9.58,0,0,0,
3158,ONCHU,Financial Services,Shell Companies,NASDAQ,92.12,46,40,40,38,10.43,,,0.53,-8.14,5090,3186,4938,
3159,DAKT,Technology,Electronic Components,NASDAQ,92.12,46,52,58,85,19.48,923206257.8022537,48284844.0,0.0544,-31.09,466623,607644,481584,0.209
3160,ARL,Real Estate,Real Estate Services,NYSE,92.12,46,50,40,74,14.79,256494444.68845463,16152043.0,0.0515,-39.48,15410,20700,16226,0.042
3161,ALV,Consumer Cyclical,Auto Parts,NYSE,92.11,46,58,50,66,117.49,8803032156.37207,73200000.0,0.061,-11.11,988681,795543,774080,0.033
3162,XCBEU,Financial Services,Shell Companies,NASDAQ,92.11,46,41,43,39,10.03,,,2.12,-7.64,704,698,568,
3163,DG,Consumer Defensive,Discount Stores,NYSE,92.09,46,44,49,90,117.23,27738770860.25,220586647.0,0.0424,-25.91,2624176,2835395,3425281,0.034
3164,TDWDU,Financial Services,Shell Companies,NASDAQ,92.08,46,40,47,40,10.14,,,5.24,-15.5,110,223,348,
3165,NTWOU,Financial Services,Shell Companies,NASDAQ,92.07,46,41,47,45,10.65,,,0.11,-3.09,0,0,3,
3166,AQN,Utilities,Utilities - Diversified,NYSE,92.06,46,45,56,77,6.1,4494846894.401642,769665544.0,3.57,-14.21,3345947,4193969,4546805,0.144
3167,FAX,Financial Services,Asset Management,NYSE ARCA,92.06,46,41,51,57,14.3,591992891.8192291,41282628.0,0.65,-15.38,143209,155596,168105,-0.157
3168,WENNU,Financial Services,Shell Companies,NASDAQ,92.05,46,39,40,35,10.5,,,0.0,-9.79,1090,363,1422,
3169,LPCVU,Financial Services,Shell Companies,NASDAQ,92.04,46,42,42,39,10.05,,,0.24,-12.15,20260,6796,4376,
3170,ALUB,Financial Services,Shell Companies,NYSE,92.04,46,41,43,41,10.04,360812498.62909317,35937500.0,0.03,-0.59,47210,50430,38312,
3171,EMN,Basic Materials,Specialty Chemicals,NYSE,92.04,46,52,54,52,68.2,7844407081.515808,114349960.0,0.064,-18.29,1198006,1266502,1204195,-0.049
3172,BLZR,Financial Services,Shell Companies,NASDAQ,92.03,46,41,42,38,10.14,348562511.80171967,34375000.0,0.01,-0.29,46003,55637,48932,
3173,WOR,Industrials,Metal Fabrication,NYSE,92.03,46,52,49,53,56.0,2763212900.8206253,49546582.0,0.0297,-17.4,205955,316105,256991,0.169
3174,NPFD,Financial Services,Asset Management,NYSE,92.03,46,48,56,53,18.26,446553314.6185341,24164141.0,0.001,-9.24,50762,49440,50830,0.068
3175,PAAS,Basic Materials,Gold,NYSE,92.02,46,59,85,95,44.03,17599789692.878723,421350000.0,0.79,-37.09,3599650,4470243,4690766,0.493
3176,KRAQU,Financial Services,Shell Companies,NASDAQ,92.02,46,40,41,40,10.1,,,0.0,-3.81,5950,2373,1974,
3177,CXDO,Communication Services,Telecom Services,NASDAQ,92.01,46,58,66,73,6.62,248301752.2338066,32415373.0,0.0504,-41.05,605163,613897,683370,0.29
3178,BGH,Financial Services,Asset Management,NYSE,92.01,46,43,41,52,13.97,286375185.4564991,20082411.0,0.0008,-17.34,92603,90711,86648,
3179,CRTO,Communication Services,Advertising Agencies,NASDAQ,92.01,46,26,27,16,20.44,1129496943.9598808,50244527.0,0.025999999,-22.94,318765,421208,380669,-0.059
3180,ENSG,Healthcare,Medical Care Facilities,NASDAQ,92.0,46,31,72,62,172.99,10010528040.655518,58445400.0,0.042,-20.65,453058,1006116,880483,0.184
3181,PML,Financial Services,Asset Management,NYSE,91.99,46,52,48,45,7.29,501364757.4634552,66494000.0,0.21,-8.99,358939,404586,430575,0.729
3182,FULTP,Financial Services,Banks - Regional,NASDAQ,91.98,46,39,48,38,18.28,,,0.93,-12.24,12536,15388,13311,0.042
3183,CIM,Real Estate,REIT - Mortgage,NYSE,91.97,45,59,66,41,12.5,1079033600.2915764,83646018.0,0.0275,-15.99,592586,752808,673803,-0.766
3184,RVLV,Consumer Cyclical,Internet Retail,NYSE,91.97,45,38,62,74,24.99,1780301849.7881985,71555543.0,0.1387,-21.12,697127,803035,1008357,0.156
3185,VLT,Financial Services,Asset Management,NYSE,91.96,45,48,43,55,10.17,67130918.0622263,6511243.0,0.0068,-11.02,17637,14385,15943,-0.084
3186,DYORU,Financial Services,Shell Companies,NASDAQ,91.94,45,40,42,40,10.15,202999992.37060547,20000000.0,0.0,-11.82,0,3403,2308,
3187,KNF,Basic Materials,Building Materials,NYSE,91.94,45,67,73,25,78.06,4637357440.090294,56753855.0,0.0719,-18.92,365530,549573,555316,0.16
3188,DRI,Consumer Cyclical,Restaurants,NYSE,91.92,45,59,49,53,196.31,22738634005.776764,114535003.0,0.0761,-11.03,1330600,1561090,1342268,0.137
3189,ICFI,Industrials,Consulting Services,NASDAQ,91.92,45,24,20,46,79.52,1427695645.8499146,18104180.0,0.059,-21.82,254497,285389,285511,-0.103
3190,RDAGU,Financial Services,Shell Companies,NASDAQ,91.89,45,41,41,40,10.58,41896799.69787598,3960000.0,0.39,-2.04,0,100,412,
3191,BIII,Financial Services,Shell Companies,NYSE,91.89,45,41,40,39,9.95,228849995.61309814,23000000.0,0.0001,-0.7,10780,7246,7658,
3192,SSTI,Technology,Software - Application,NASDAQ,91.89,45,36,17,11,8.27,111274320.80661392,12953937.0,0.0538,-38.01,63290,142463,131920,-0.147
3193,ALOVU,Financial Services,Shell Companies,NASDAQ,91.87,45,43,42,39,10.0,,,39.39,-4.31,720,450,418,
3194,API,Technology,Software - Application,NASDAQ,91.87,45,53,29,58,3.85,330589670.51696634,84549786.0,0.0086,-29.94,229859,349239,472153,0.135
3195,PCAP,Financial Services,Shell Companies,NASDAQ,91.86,45,41,40,36,10.31,326304006.04248047,31680000.0,0.00090000004,-1.81,117721,195773,129064,
3196,TARS,Healthcare,Biotechnology,NASDAQ,91.86,45,58,65,72,58.66,2611318395.624298,43631052.0,0.1415,-31.19,1253359,1233856,1018421,1.069
3197,BIPC,Utilities,Utilities - Regulated Gas,NYSE,91.85,45,35,36,72,41.56,4990961532.642639,122990668.0,7.44,-19.64,958141,987377,1025522,-0.048
3198,ZBRA,Technology,Communication Equipment,NASDAQ,91.83,45,39,24,20,259.92,12737168730.068848,47633392.0,0.0876,-26.3,618840,755460,957262,0.143
3199,XRAY,Healthcare,Medical Instruments & Supplies,NASDAQ,91.82,45,27,29,26,12.93,2814589934.3592825,200326683.0,0.1626,-24.34,5547159,5890959,5933395,0.001
3200,WIW,Financial Services,Asset Management,NYSE,91.82,45,47,51,48,8.29,512723058.3019686,61184135.0,0.04,-8.19,209939,326663,304687,0.243
3201,GEG,Financial Services,Asset Management,NASDAQ,91.8,45,51,34,42,2.18,68358279.53330612,31357008.0,0.039300002,-37.89,2313,9534,10786,0.065
3202,BDCI,Financial Services,Shell Companies,NASDAQ,91.8,45,40,40,38,10.08,350246400.7090397,34746667.0,0.0001,-1.75,11030,49900,47146,
3203,RILY,Financial Services,Financial Conglomerates,NASDAQ,91.8,45,85,84,95,6.88,274529770.61338806,40194696.0,0.1528,-38.79,428187,824812,921441,1.134
3204,ALK,Industrials,Airlines,NYSE,91.8,45,68,23,53,46.13,5071132601.75016,111428978.0,0.1233,-29.98,3564119,3405763,3361997,0.052
3205,PCM,Financial Services,Asset Management,NYSE,91.79,45,38,46,42,5.59,69523503.32320309,12348757.0,0.65,-17.31,37168,47552,43691,-0.207
3206,RANGU,Financial Services,Shell Companies,NASDAQ,91.79,45,40,45,47,10.83,,,10.67,-8.99,260,100,72,
3207,APAM,Financial Services,Asset Management,NYSE,91.79,45,30,33,57,39.34,2733950207.9101753,70993257.0,0.0834,-18.82,925651,846597,829404,0.093
3208,NVA,Basic Materials,Other Industrial Metals & Mining,NYSE ARCA,91.77,45,78,84,97,4.68,166469383.09772015,38181050.0,0.0585,-71.25,314384,336284,352634,
3209,NAMS,Healthcare,Biotechnology,NASDAQ,91.77,45,67,61,73,29.64,3703518090.396263,116903979.0,0.0913,-29.77,989293,1092864,1192828,0.021
3210,QRVO,Technology,Semiconductors,NASDAQ,91.75,45,63,60,29,86.51,7542639427.5,88218005.0,0.0868,-20.99,969266,1212002,1245821,-0.07
3211,IPI,Basic Materials,Agricultural Inputs,NYSE,91.73,45,36,69,65,34.22,459409636.24858856,13433030.0,0.0255,-32.02,151841,212130,211328,0.062
3212,ASG,Financial Services,Asset Management,NYSE,91.73,45,57,50,47,5.07,328146042.6265912,63717677.0,0.0005,-10.9,328082,251514,258540,-0.245
3213,GGN,Financial Services,Asset Management,NYSE ARCA,91.73,45,40,64,76,4.91,746754390.3572593,156224761.0,0.0017,-16.5,658894,625111,606308,0.12
3214,MRSH,Financial Services,Insurance Brokers,NYSE,91.71,45,26,30,33,180.74,87773318663.41168,481794501.0,0.0139999995,-15.46,2552300,2596126,2685444,0.076
3215,FLC,Financial Services,Asset Management,NYSE,91.69,45,45,51,56,16.64,176511129.70428658,10456821.0,0.5577,-8.02,17723,20004,20272,-0.014
3216,DLY,Financial Services,Asset Management,NYSE,91.68,45,42,42,46,13.83,675178289.3735275,48539058.0,0.28,-12.02,176123,166827,162092,
3217,PGP,Financial Services,Asset Management,NYSE,91.68,45,55,64,71,8.34,99074674.76017475,11587681.0,0.41,-11.37,42492,51560,50622,0.001
3218,AXP,Financial Services,Credit Services,NYSE,91.68,45,55,39,63,326.17,242464705684.6401,682326443.0,0.020399999,-15.82,3097135,3254868,3116135,0.116
3219,WTGUU,Financial Services,Shell Companies,NASDAQ,91.66,45,39,61,45,10.55,,,22.33,-13.88,270,433,412,
3220,SR,Utilities,Utilities - Regulated Gas,NYSE,91.65,45,37,68,59,83.28,4812698253.212158,59116792.0,0.0508,-12.62,379041,633290,568270,0.045
3221,PTA,Financial Services,Asset Management,NYSE,91.64,45,46,47,44,18.86,1047984713.0756378,55273458.0,0.0002,-9.85,91279,104759,118337,
3222,TVA,Financial Services,Shell Companies,NASDAQ,91.64,45,45,43,43,10.52,315600013.73291016,30000000.0,0.0002,-14.26,7763,31154,39472,
3223,NBB,Financial Services,Asset Management,NYSE,91.64,45,50,51,48,15.2,452679154.1867924,29394751.0,0.00090000004,-8.54,45278,51499,50949,
3224,CNMD,Healthcare,Medical Devices,NYSE,91.64,45,23,24,16,42.68,1300717203.771492,30109194.0,0.0999,-24.65,849925,742488,636349,-0.013
3225,PNRG,Energy,Oil & Gas E&P,NASDAQ,91.64,45,31,76,68,187.2,301773171.11206055,1618000.0,0.1364,-32.88,67671,67737,60984,-0.164
3226,DYNC,Financial Services,Shell Companies,NASDAQ,91.64,45,49,52,40,10.79,238376006.54183578,22133333.0,0.0049,-29.2,31780,54103,79322,
3227,VGI,Financial Services,Asset Management,NYSE,91.63,45,49,52,57,7.18,82698716.49265957,11313094.0,0.0031,-11.25,45300,34310,35210,
3228,NAK,Basic Materials,Other Industrial Metals & Mining,NYSE ARCA,91.63,45,80,86,95,1.58,913307191.3882282,560311162.0,0.0354,-46.98,3911018,6419306,6720409,
3229,AOSL,Technology,Semiconductors,NASDAQ,91.62,45,95,92,22,30.85,935897917.7606735,29929578.0,0.115200005,-43.23,679855,741098,855119,-0.005
3230,MASS,Healthcare,Medical Devices,NASDAQ,91.62,45,86,48,77,7.14,301549945.4873409,41027204.0,0.1739,-23.55,251892,304417,286762,0.136
3231,DRDBU,Financial Services,Shell Companies,NASDAQ,91.6,45,40,40,48,10.63,,,0.0,-12.87,0,86,212,
3232,EFR,Financial Services,Asset Management,NYSE,91.59,45,40,36,37,10.55,311474175.53118324,29523618.0,0.65,-12.08,91535,86761,110501,-0.214
3233,SOLS,Basic Materials,Specialty Chemicals,NASDAQ,91.59,45,89,88,78,60.54,9273209206.7818,158842224.0,0.0452,-33.33,3653854,3650231,2944984,0.106
3234,FCRS,Financial Services,Shell Companies,NYSE,91.58,45,41,42,40,10.22,366921876.37090683,35937500.0,0.0008,-6.41,44821,75730,83668,
3235,WIA,Financial Services,Asset Management,NYSE,91.58,45,48,49,49,7.93,186811283.908041,23322257.0,2.53,-7.14,47151,37983,38262,0.25
3236,WSTNU,Financial Services,Shell Companies,NASDAQ,91.58,45,43,46,40,10.09,,,0.0,-9.91,50,406,366,
3237,CLNN,Consumer Defensive,Packaged Foods,NASDAQ,91.58,45,58,83,23,5.39,75647578.41490746,12778307.0,0.1035,-60.07,66888,73879,95845,-0.815
3238,DDS,Consumer Cyclical,Department Stores,NYSE,91.57,45,60,73,82,568.05,8603901793.047302,15617051.0,0.3525,-23.44,103495,117348,124465,0.027
3239,AJG,Financial Services,Insurance Brokers,NYSE,91.56,45,26,21,25,247.77,65237572231.75049,256942000.0,0.0269,-21.46,1285517,1765885,1786273,0.346
3240,NWAX,Financial Services,Shell Companies,NYSE,91.56,45,40,41,37,10.15,503975994.3008423,49800000.0,0.00090000004,-2.31,24817,40755,44125,
3241,DT,Technology,Software - Application,NYSE,91.55,44,32,21,18,41.62,12944437258.054333,291475733.0,0.0463,-25.0,3647058,5087129,5667345,0.194
3242,BMN,Financial Services,Asset Management,NYSE,91.55,44,46,50,55,25.0,156506951.19966888,6147653.0,1.44,-10.59,7633,7817,7582,
3243,NWSA,Communication Services,Entertainment,NASDAQ,91.55,44,33,38,37,26.76,15411511030.441582,542086207.0,0.0318,-15.34,3089770,5739183,5058972,0.088
3244,BCPC,Basic Materials,Specialty Chemicals,NASDAQ,91.55,44,54,64,60,162.81,5248408906.704956,32129836.0,0.022,-11.47,176269,248356,224963,0.081
3245,AWX,Industrials,Waste Management,NYSE ARCA,91.54,44,37,33,32,2.58,10060534.262496948,3899432.0,0.0027,-52.49,7257,5339,7575,0.099
3246,GHY,Financial Services,Asset Management,NYSE,91.53,44,44,39,54,11.68,483750820.76796913,40961118.0,0.33,-13.03,120526,134298,130521,
3247,BGB,Financial Services,Asset Management,NYSE,91.52,44,42,40,46,11.2,505316568.1479454,44678740.0,0.003,-11.46,102960,114736,115278,
3248,PCAPU,Financial Services,Shell Companies,NASDAQ,91.49,44,39,39,35,10.4,,,0.2,-5.45,19320,9843,7264,
3249,CCIXU,Financial Services,Shell Companies,NASDAQ,91.47,44,41,41,39,10.81,,,1.81,-22.79,460,800,522,
3250,ACRE,Real Estate,REIT - Mortgage,NYSE,91.47,44,36,78,74,4.55,256322735.7106905,55481113.0,0.0356,-22.75,365182,448537,431478,-0.886
3251,OACCU,Financial Services,Shell Companies,NASDAQ,91.44,44,41,40,47,10.81,,,33.69,-13.31,0,40,226,
3252,FPF,Financial Services,Asset Management,NYSE,91.44,44,47,51,54,17.73,1094652393.8030376,60847827.0,0.0014,-10.23,93485,96238,96429,
3253,SSP,Communication Services,Broadcasting,NASDAQ,91.43,44,29,96,95,2.99,283776545.6699867,91540824.0,0.1003,-44.53,693694,817598,741746,-0.014
3254,MLAAU,Financial Services,Shell Companies,NASDAQ,91.43,44,41,51,39,10.07,,,6.41,-9.44,390,400,924,
3255,RGEN,Healthcare,Medical Instruments & Supplies,NASDAQ,91.4,44,65,21,53,131.96,8306039715.0,56407740.0,0.1076,-24.92,1375069,1160543,1189261,0.148
3256,IOT,Technology,Software - Infrastructure,NYSE,91.4,44,23,25,14,33.11,22329450164.410995,582710082.0,0.13340001,-30.25,5407067,5830742,6307999,0.305
3257,BRW,Financial Services,Asset Management,NYSE,91.39,44,40,43,32,6.61,336924894.1755295,50895000.0,0.0011999999,-22.14,199990,218683,220364,-0.307
3258,BDN,Real Estate,REIT - Office,NYSE,91.37,44,53,39,17,3.17,545455211.5230978,173711845.0,0.0802,-31.53,2096541,1972870,1827516,0.063
3259,BCARU,Financial Services,Shell Companies,NASDAQ,91.37,44,65,52,63,10.61,,,32.74,-24.16,2810,1866,1312,
3260,CDNS,Technology,Software - Application,NASDAQ,91.37,44,72,42,28,326.24,91049615719.72656,275816000.0,0.022,-21.71,2295785,2311585,2359343,0.187
3261,SKYH,Real Estate,Real Estate - Development,NYSE,91.37,44,35,59,28,10.18,359298149.5907364,34481588.0,0.1329,-8.87,129211,164983,180102,0.56
3262,CART,Consumer Cyclical,Internet Retail,NASDAQ,91.36,44,67,56,27,42.21,10769066005.754593,235029814.0,0.1285,-21.1,3888852,4364500,4163200,0.136
3263,PFO,Financial Services,Asset Management,NYSE,91.35,44,48,50,56,9.03,120049856.67088318,13077326.0,0.39,-8.79,25689,19836,26737,-0.011
3264,KBH,Consumer Cyclical,Residential Construction,NYSE,91.34,44,62,35,33,56.76,3438929906.463623,61300000.0,0.2061,-17.39,1002978,1409102,1279955,-0.273
3265,COF,Financial Services,Credit Services,NYSE,91.34,44,41,32,56,202.84,128150531880.4531,616019481.0,0.0214,-21.88,4629353,4777337,4771954,0.463
3266,ODYS,Technology,Scientific & Technical Instruments,NASDAQ,91.34,44,24,36,86,4.45,82544425.52000809,16777322.0,0.0034,-60.62,23215,29051,66247,-0.96
3267,TSN,Consumer Defensive,Farm Products,NYSE,91.34,44,42,64,74,57.45,20342515714.732048,352129402.0,0.037,-17.31,2435417,3086775,3255017,0.044
3268,TIPT,Financial Services,Insurance - Specialty,NASDAQ,91.31,44,30,32,31,17.79,668747306.3363075,37570075.0,0.0337,-35.1,226816,251785,262801,
3269,USA,Financial Services,Asset Management,NYSE,91.3,44,39,39,38,5.69,1772261279.75,308219353.0,0.0008,-14.95,1574391,1687227,1485556,-0.098
3270,NL,Industrials,Security & Protection Services,NYSE,91.29,44,44,35,35,5.81,288502535.2633467,48898734.0,0.0171,-32.44,33232,42690,71916,0.007
3271,WHLRD,Real Estate,REIT - Retail,NASDAQ,91.27,44,51,45,62,36.0,,,9.96,-14.29,731,593,546,-0.014
3272,WU,Financial Services,Credit Services,NYSE,91.27,44,27,52,54,8.22,2774423759.27536,312435104.0,0.1985,-20.58,8788057,8161809,8308445,-0.001
3273,BRBS,Financial Services,Banks - Regional,NYSE ARCA,91.25,44,54,61,71,3.46,311094523.4898596,89911711.0,0.0435,-27.69,293469,389073,318003,-0.1
3274,DBL,Financial Services,Asset Management,NYSE,91.24,44,43,39,47,14.06,276411194.8891411,19771903.0,0.79,-12.18,65541,67530,60144,
3275,CARS,Communication Services,Internet Content & Information,NYSE,91.23,44,40,34,30,11.46,670277280.9348125,55903027.0,0.1475,-17.97,701315,736678,782619,0.007
3276,PCN,Financial Services,Asset Management,NYSE,91.23,44,44,42,49,11.64,874983627.1603823,74721061.0,0.38,-13.71,330256,320002,310141,0.038
3277,EOLS,Healthcare,Drug Manufacturers - Specialty & Generic,NASDAQ,91.22,44,79,22,8,5.98,377347724.4860797,65854751.0,0.0925,-41.37,763136,777582,755415,0.067
3278,UIS,Technology,Information Technology Services,NYSE,91.21,44,75,22,12,3.12,265374826.4480567,72905170.0,0.0701,-37.35,819697,923935,999407,0.013
3279,ARDC,Financial Services,Asset Management,NYSE,91.2,44,43,38,42,12.38,299095669.02923584,23966000.0,1.39,-17.63,185664,118038,119748,
3280,PFL,Financial Services,Asset Management,NYSE,91.19,44,42,51,54,7.67,388892315.21680164,49730474.0,0.75,-11.84,398075,275011,242775,-0.097
3281,TMDE,Energy,Oil & Gas Midstream,NYSE ARCA,91.17,44,16,88,10,0.94,20313029.730319977,23565000.0,0.032,-80.29,391461,1071553,1096872,-0.107
3282,RVSB,Financial Services,Banks - Regional,NASDAQ,91.16,44,47,44,34,5.28,107104519.13595104,20284946.0,0.0037,-15.11,64552,166157,115902,-0.884
3283,TLN,Utilities,Utilities - Independent Power Producers,NASDAQ,91.15,44,73,63,68,359.9,17797425778.475952,47795005.0,0.059499998,-20.25,600115,864455,834197,0.967
3284,CULP,Consumer Cyclical,Textile Manufacturing,NASDAQ,91.14,44,31,24,22,3.55,46852301.403808594,12662784.0,0.0031,-26.04,31875,35738,29515,0.058
3285,WEA,Financial Services,Asset Management,NYSE,91.14,44,47,45,50,10.36,126131329.35791016,11865600.0,0.85,-9.44,17648,20662,26697,0.02
3286,IGI,Financial Services,Asset Management,NYSE,91.13,44,45,42,47,15.84,96437845.50455856,5993651.0,0.00090000004,-7.31,9655,9778,12773,
3287,CRAI,Industrials,Consulting Services,NASDAQ,91.12,44,21,28,54,169.77,1108152538.8719788,6463038.0,0.0471,-25.31,159932,171380,163262,0.105
3288,HMC,Consumer Cyclical,Auto Manufacturers,NYSE,91.11,44,33,21,39,28.16,36538354884.25312,1297526814.0,0.0013,-19.29,904595,1594348,1860649,0.086
3289,TLX,Healthcare,Biotechnology,NASDAQ,91.11,44,60,39,8,10.22,3543607945.463319,338777049.0,0.0005,-39.67,121014,191638,173478,0.493
3290,FSLR,Technology,Solar,NASDAQ,91.09,44,77,37,77,202.82,22779039012.628952,107453363.0,0.1001,-36.81,1731930,1854533,2328764,0.236
3291,MCN,Financial Services,Asset Management,NYSE,91.08,44,38,56,54,5.59,117353500.5033493,20993470.0,0.16,-12.52,36733,64311,69974,
3292,KAI,Industrials,Specialty Industrial Machinery,NYSE,91.08,44,56,38,49,312.36,3672549881.9370117,11808462.0,0.1374,-15.57,109560,144683,150020,0.177
3293,DAAQU,Financial Services,Shell Companies,NASDAQ,91.07,44,40,43,37,10.5,,,9.11,-12.13,165,111,397,
3294,BHK,Financial Services,Asset Management,NYSE,91.05,44,44,40,40,8.89,658684914.6145935,72224224.0,0.0015,-12.15,422383,320124,335034,0.173
3295,CODA,Industrials,Aerospace & Defense,NASDAQ,91.01,44,38,81,81,10.04,113033160.24391937,11280754.0,0.03,-41.9,84332,178950,147134,-0.016
3296,CDLR,Industrials,Engineering & Construction,NYSE,91.0,44,49,73,72,22.63,2239092262.668144,96471019.0,0.0126,-24.59,89694,100361,101080,0.905
3297,PEG,Utilities,Utilities - Regulated Electric,NYSE,90.98,44,49,40,44,79.81,39187994749.12875,498321402.0,0.0254,-12.55,2656096,2945948,2911517,0.194
3298,FVNNU,Financial Services,Shell Companies,NASDAQ,90.98,44,49,31,86,11.2,,,0.0,-25.08,2043,1320,987,
3299,MCGA,Financial Services,Shell Companies,NASDAQ,90.98,44,38,39,33,10.23,240764573.60955334,23581251.0,0.0031,-13.89,160550,74653,66162,
3300,BSL,Financial Services,Asset Management,NYSE,90.96,44,40,40,38,12.93,170561192.7667122,13019938.0,0.0023,-9.9,39913,37481,38436,-0.142
3301,BRSP,Real Estate,REIT - Mortgage,NYSE,90.94,43,51,73,73,5.23,715226547.0317173,130278065.0,0.0436,-15.17,1200399,1918096,1501361,0.069
3302,PVL,Energy,Oil & Gas E&P,NYSE,90.94,43,38,72,70,1.7,57090000.62942505,33000000.0,0.00029999999,-16.67,48365,68045,69943,85.032
3303,RYN,Real Estate,REIT - Specialty,NYSE,90.94,43,52,38,46,21.58,6556289231.948078,300747223.0,0.0403,-21.07,2207346,2491898,2583615,2.338
3304,CC,Basic Materials,Specialty Chemicals,NYSE,90.93,43,85,95,65,17.22,2634617530.5174522,150377709.0,0.1175,-39.94,2118246,2564075,2511745,0.01
3305,BDCIU,Financial Services,Shell Companies,NASDAQ,90.93,43,44,41,38,10.11,,,0.02,-4.17,6889,2519,1557,
3306,CRUS,Technology,Semiconductors,NASDAQ,90.92,43,71,85,70,133.61,6961465814.082733,50452718.0,0.0708,-25.95,632513,611631,590916,0.057
3307,AVPT,Technology,Software - Infrastructure,NASDAQ,90.92,43,22,15,16,12.24,2802867387.7346992,212017196.0,0.0913,-38.65,2074287,2597772,2328405,0.26
3308,BLW,Financial Services,Asset Management,NYSE,90.92,43,36,38,48,12.56,496371872.5452423,39084400.0,0.00059999997,-12.17,226719,178353,168037,-0.069
3309,LSAK,Technology,Software - Infrastructure,NASDAQ,90.91,43,44,56,47,4.52,409250705.743556,85796794.0,0.0038,-18.41,152017,158612,173599,0.134
3310,RSG,Industrials,Waste Management,NYSE,90.91,43,35,32,34,216.91,68396802429.836975,307664087.0,0.0187,-11.91,1299315,1484945,1634427,0.026
3311,FRPH,Real Estate,Real Estate Services,NASDAQ,90.91,43,52,28,29,23.42,460661721.4131832,19170275.0,0.0299,-14.84,68321,65790,69826,-0.036
3312,PPT,Financial Services,Asset Management,NYSE,90.9,43,43,46,51,3.38,326840983.83122444,95567537.0,0.0002,-10.34,92170,95783,97942,-0.191
3313,NATH,Consumer Cyclical,Restaurants,NASDAQ,90.88,43,46,51,58,98.18,393267612.74513245,4094405.0,0.054899998,-13.77,27145,28671,25061,0.139
3314,OBIO,Healthcare,Biotechnology,NASDAQ,90.86,43,60,67,43,3.74,220361035.197469,59880715.0,0.060399998,-31.05,205908,429249,360275,-0.873
3315,JLS,Financial Services,Asset Management,NYSE,90.86,43,41,52,53,17.26,96060042.59400177,5476627.0,0.0041,-9.59,21059,25629,24077,
3316,MAYS,Real Estate,Real Estate Services,NASDAQ,90.86,43,42,53,47,39.0,76599640.0,2015780.0,0.010199999,-37.09,248,2202,1835,-0.056
3317,AII,Financial Services,Insurance - Property & Casualty,NYSE,90.85,43,33,63,33,18.67,365564642.23067856,19590817.0,0.0150999995,-29.17,60611,127253,127548,0.265
3318,TCI,Real Estate,Real Estate Services,NYSE,90.84,43,41,32,88,41.18,394039253.64302063,8639317.0,0.0104,-30.96,8547,8735,6617,0.028
3319,AFYA,Consumer Defensive,Education & Training Services,NASDAQ,90.84,43,36,38,35,13.9,1271191424.813593,91452623.0,0.0436,-15.75,88093,116367,102786,0.082
3320,IBN,Financial Services,Banks - Regional,NYSE,90.84,43,42,27,31,29.51,106738362015.4764,3586638481.0,0.015700001,-14.64,6134408,7410746,7358269,0.669
3321,FNF,Financial Services,Insurance - Specialty,NYSE,90.83,43,31,37,38,51.62,13969276736.701813,269157540.0,0.0279,-12.82,1527926,1691585,1560055,0.167
3322,ECL,Basic Materials,Specialty Chemicals,NYSE,90.82,43,54,44,61,268.75,76784589891.59198,281437502.0,0.0147,-13.1,1063284,1464964,1617002,0.1
3323,WDI,Financial Services,Asset Management,NYSE,90.8,43,49,52,46,13.12,704447398.2776794,51912116.0,0.31,-14.14,175179,177696,178433,
3324,VGZ,Basic Materials,Gold,NYSE ARCA,90.79,43,64,85,96,1.73,224795867.27163506,145971346.0,0.0376,-44.73,1449681,2736010,2232776,
3325,COO,Healthcare,Medical Instruments & Supplies,NASDAQ,90.79,43,36,23,53,70.31,13985646298.744125,195030630.0,0.0434,-21.73,1925582,2687544,3020384,0.079
3326,RDDT,Communication Services,Internet Content & Information,NYSE,90.79,43,39,29,50,168.73,34878786457.22168,192509040.0,0.120699994,-40.37,4097128,4216212,4621249,0.691
3327,ECOR,Healthcare,Medical Devices,NASDAQ,90.75,43,81,34,40,6.19,48778758.109368324,8295707.0,0.025999999,-41.02,53596,89272,124453,0.426
3328,TVACU,Financial Services,Shell Companies,NASDAQ,90.75,43,42,39,47,10.71,,,17.23,-15.8,210,243,190,
3329,GRVY,Communication Services,Electronic Gaming & Multimedia,NASDAQ,90.74,43,58,38,69,61.5,430692818.819046,6948900.0,0.0198,-17.73,30086,52412,58609,0.182
3330,VBF,Financial Services,Asset Management,NYSE,90.72,43,45,43,42,14.68,169548322.50333023,11425089.0,0.0014,-8.14,61141,53050,53006,-0.042
3331,APWC,Industrials,Electrical Equipment & Parts,NASDAQ,90.72,43,53,31,41,1.58,60199385.87289333,41232455.0,0.0049,-32.48,22585,1671398,1004765,0.301
3332,BWIN,Financial Services,Insurance Brokers,NASDAQ,90.71,43,31,26,17,26.47,2656601246.5,97489954.0,0.14039999,-37.48,1117169,1799373,1670557,0.287
3333,DSU,Financial Services,Asset Management,NYSE,90.7,43,49,50,49,9.39,595327565.1206284,62931032.0,0.0185,-12.0,473457,364462,342537,-0.039
3334,JD,Consumer Cyclical,Internet Retail,NASDAQ,90.69,43,24,39,22,30.19,40001811133.384705,1350500000.0,0.0228,-18.1,6818591,8189063,9069486,0.049
3335,HIFS,Financial Services,Banks - Regional,NASDAQ,90.67,43,63,54,65,279.37,648496397.1862793,2197250.0,0.1509,-17.35,37525,33668,29675,1.08
3336,GSIW,Financial Services,Capital Markets,NASDAQ,90.63,43,61,31,20,27.9,39562108.603279114,1412428.0,0.0057,-91.84,18153,12751,9362,4.146
3337,DHF,Financial Services,Asset Management,NYSE,90.6,43,44,44,51,2.35,176022417.82935715,72736534.0,0.4,-10.65,275436,268322,236749,-0.067
3338,EVF,Financial Services,Asset Management,NYSE,90.59,43,39,35,36,4.97,90124634.13314152,18170289.0,0.46,-12.19,64858,59446,57259,-0.075
3339,PRAA,Financial Services,Credit Services,NASDAQ,90.58,43,59,89,19,16.98,691112922.569107,38140888.0,0.0277,-24.7,303251,721480,678164,0.167
3340,CAAS,Consumer Cyclical,Auto Parts,NASDAQ,90.57,43,47,52,56,4.35,132449377.7517767,30170702.0,0.0052,-15.53,10599,14829,23473,0.214
3341,OLN,Basic Materials,Chemicals,NYSE,90.57,43,31,74,34,23.2,2506474929.0114784,113982490.0,0.162,-23.83,2595268,3454456,2850253,-0.037
3342,MIN,Financial Services,Asset Management,NYSE,90.55,43,39,40,49,2.4,281081651.1157937,113798238.0,3.26,-12.09,153635,162201,156933,-0.023
3343,PAXS,Financial Services,Asset Management,NYSE,90.54,43,45,43,57,14.03,680893713.5145569,47023048.0,0.2,-15.28,163346,158512,182203,
3344,J,Industrials,Engineering & Construction,NYSE,90.53,43,32,32,33,134.56,15557155808.25,118080879.0,0.0689,-20.11,731056,1127865,1211023,0.27
3345,GF,Financial Services,Asset Management,NYSE,90.52,43,57,40,67,11.33,182114494.69420815,16231238.0,0.0018000001,-11.62,32012,31210,43548,1.191
3346,LRMR,Healthcare,Biotechnology,NASDAQ,90.52,43,22,81,36,4.0,384366871.85352445,103882937.0,0.18129998,-37.69,1373190,2586636,2320024,
3347,CEPO,Financial Services,Shell Companies,NASDAQ,90.5,43,38,39,35,10.66,271141509.53292847,25500000.0,0.0081,-14.17,103941,150923,111210,
3348,CHSCP,Consumer Defensive,Farm Products,NASDAQ,90.5,43,38,51,47,26.56,,,2.12,-13.12,17655,22528,18249,0.186
3349,KODK,Industrials,Specialty Business Services,NYSE,90.49,43,76,95,64,8.23,749966655.2205963,97906876.0,0.097200006,-44.65,718989,888529,980939,0.073
3350,HIO,Financial Services,Asset Management,NYSE,90.49,43,48,49,48,3.52,344259147.41675854,95099215.0,0.31,-13.09,398055,346638,339495,-0.017
3351,ARCC,Financial Services,Asset Management,NASDAQ,90.49,43,37,36,36,18.78,13764497993.430796,718022845.0,0.0654,-19.4,4288302,5055640,5010618,0.042
3352,DMA,Financial Services,Asset Management,NYSE,90.48,43,31,29,52,7.66,70540689.9042387,8963239.0,0.0022,-16.28,17798,16099,22591,
3353,MMT,Financial Services,Asset Management,NYSE,90.48,43,40,49,54,4.33,242749530.6084323,54673317.0,0.19,-11.09,390602,330344,239884,0.021
3354,ETY,Financial Services,Asset Management,NYSE,90.48,43,40,47,50,14.24,2269748664.0,159280608.0,0.06,-11.17,218100,245740,238486,0.021
3355,DSL,Financial Services,Asset Management,NYSE,90.47,43,45,43,43,10.55,1217890752.9616213,114571095.0,0.0018000001,-16.73,784575,561958,528129,
3356,NPCT,Financial Services,Asset Management,NYSE,90.46,43,46,57,50,9.71,280936363.1629944,28755000.0,0.0016,-12.68,146956,115535,125217,
3357,FMY,Financial Services,Asset Management,NYSE,90.45,43,48,48,50,11.51,49040660.046458244,4213115.0,1.51,-7.1,2660,3180,3322,-0.27
3358,URBN,Consumer Cyclical,Apparel Retail,NASDAQ,90.38,43,52,55,65,69.97,6249648644.811287,85635083.0,0.112399995,-17.05,1190605,1215638,1286447,0.114
3359,NTIC,Basic Materials,Specialty Chemicals,NASDAQ,90.37,43,51,39,63,8.04,76826192.9590416,9496439.0,0.0021,-19.84,9772,10034,10626,0.126
3360,MSDL,Financial Services,Asset Management,NYSE,90.36,42,43,33,31,15.17,1310462450.7535172,84764712.0,0.0622,-23.92,379472,528530,538452,-0.122
3361,HNI,Consumer Cyclical,"Furnishings, Fixtures & Appliances",NYSE,90.35,42,38,25,57,41.62,3004264017.884262,71992908.0,0.053000003,-21.9,530727,742789,712099,1.247
3362,SYF,Financial Services,Credit Services,NYSE,90.34,42,62,66,61,72.9,24763578139.908463,336370242.0,0.071,-17.88,4179558,3932632,3851063,0.061
3363,MYPS,Communication Services,Electronic Gaming & Multimedia,NASDAQ,90.33,42,15,8,9,0.62,106324390.28426886,128722026.0,0.0016,-52.67,508506,1082925,1058349,-0.069
3364,DMO,Financial Services,Asset Management,NYSE,90.33,42,46,51,38,10.45,122270267.4204483,11427128.0,0.31,-13.71,35268,37589,37379,-0.015
3365,ASM,Basic Materials,Other Precious Metals & Mining,NYSE ARCA,90.32,42,69,88,99,5.63,963990626.5,175271023.0,0.0379,-53.04,3243080,3718633,3942710,1.093
3366,KBDC,Financial Services,Asset Management,NYSE,90.32,42,44,54,37,13.45,909658529.9510517,66350002.0,0.0109,-16.81,315886,309082,273823,
3367,STC,Financial Services,Insurance - Property & Casualty,NYSE,90.31,42,42,58,45,67.42,2190749976.0,30427083.0,0.0343,-14.23,255576,268938,227123,0.277
3368,LHX,Industrials,Aerospace & Defense,NYSE,90.31,42,36,66,83,300.21,52537040950.79663,186294951.0,0.0207,-20.84,1226572,1469017,1309410,1.9
3369,LFVN,Consumer Defensive,Packaged Foods,NASDAQ,90.29,42,57,13,7,6.53,78218093.99372292,12615822.0,0.1881,-56.47,113076,333645,500507,-0.252
3370,FRSH,Technology,Software - Application,NASDAQ,90.28,42,27,14,22,10.27,3010368173.5361395,276434167.0,0.0876,-31.78,15378179,23618466,18953539,0.165
3371,PHAT,Healthcare,Biotechnology,NASDAQ,90.27,42,28,81,95,11.44,872530092.3530703,79755953.0,0.1584,-37.52,934212,1055900,1113874,1.044
3372,PG,Consumer Defensive,Household & Personal Products,NYSE,90.27,42,46,41,37,147.41,349243264771.5918,2328598978.0,0.010299999,-11.86,6673864,8861498,8745980,0.074
3373,MNRO,Consumer Cyclical,Auto Parts,NASDAQ,90.27,42,43,43,78,16.79,529946971.39263153,31246875.0,0.3529,-29.78,651721,1042930,1150474,-0.072
3374,CMCO,Industrials,Farm & Heavy Construction Machinery,NASDAQ,90.26,42,38,30,71,16.12,414033239.7411814,28832399.0,0.2626,-33.93,541922,652834,612330,0.773
3375,YUM,Consumer Cyclical,Restaurants,NYSE,90.25,42,40,57,63,148.92,40769887695.162506,275621202.0,0.0363,-12.47,3045444,2674958,2457080,0.152
3376,REGN,Healthcare,Biotechnology,NASDAQ,90.25,42,33,67,71,656.01,70943524820.03467,104839032.0,0.0352,-20.11,688221,911360,1041418,0.19
3377,PIM,Financial Services,Asset Management,NYSE,90.25,42,41,47,50,3.1,151780678.74521685,48184341.0,0.0047999998,-11.43,56928,48896,66217,-0.132
3378,BTZ,Financial Services,Asset Management,NYSE,90.24,42,47,47,47,9.93,952842709.5300455,93324457.0,0.0005,-11.18,371446,280398,289443,-0.037
3379,SUI,Real Estate,REIT - Residential,NYSE,90.23,42,34,58,51,121.83,14967607632.398872,123230757.0,0.039100002,-11.62,1846400,1381210,1275860,0.086
3380,BWG,Financial Services,Asset Management,NYSE,90.22,42,50,46,58,7.69,132151747.39832687,16791836.0,0.0019,-13.98,57328,68059,68467,
3381,AB,Financial Services,Asset Management,NYSE,90.21,42,37,39,61,37.2,3540006171.222969,93403853.0,0.0034999999,-15.67,222411,294633,305266,
3382,COR,Healthcare,Medical Distribution,NYSE,90.2,42,30,39,72,309.89,59905349186.49353,194561060.0,0.0321,-17.92,1342687,1561845,1658037,0.038
3383,EHI,Financial Services,Asset Management,NYSE,90.19,42,46,48,53,5.79,179071470.59662628,30299742.0,0.0034999999,-13.58,65955,91518,90035,0.104
3384,NEM,Basic Materials,Gold,NYSE,90.16,42,63,84,94,93.19,95759479672.88751,1067552764.0,0.021,-30.91,7927163,8571997,8307640,0.458
3385,ABT,Healthcare,Medical Devices,NYSE,90.14,42,20,22,24,103.06,175365748876.27917,1741813154.0,0.015,-25.04,14994561,14111440,13166438,0.13
3386,ORC,Real Estate,REIT - Mortgage,NYSE,90.14,42,57,51,72,6.54,1367283531.2643328,199603438.0,0.0766,-22.14,4961075,5119495,4943157,
3387,VSTM,Healthcare,Biotechnology,NASDAQ,90.13,42,10,23,21,6.05,529878061.6066232,87873639.0,0.2764,-46.22,2418556,2900318,2672665,
3388,WCN,Industrials,Waste Management,NYSE,90.12,42,38,32,29,169.61,43679050512.39209,254080912.0,0.0134000005,-11.62,1210803,1581301,1646230,0.064
3389,CLBT,Technology,Software - Infrastructure,NASDAQ,90.12,42,21,19,21,14.22,3851350669.8108873,249439817.0,0.0498,-28.83,1394619,1866043,2183695,0.193
3390,PHG,Healthcare,Medical Devices,NYSE,90.11,42,55,39,58,26.17,26194933293.813915,971982655.0,1.45,-21.74,887806,952122,1066129,-0.047
3391,MCO,Financial Services,Financial Data & Stock Exchanges,NYSE,90.09,42,34,33,56,471.5,89235202557.94312,174676438.0,0.0197,-13.78,978692,1046474,1029752,0.081
3392,DOLE,Consumer Defensive,Farm Products,NYSE,90.09,42,37,51,69,14.14,1372192066.2600517,95158950.0,0.0507,-14.67,618014,961081,1100400,0.116
3393,GBAB,Financial Services,Asset Management,NYSE,90.09,42,48,44,49,13.79,390049148.59404373,27682693.0,0.18,-13.49,85810,82446,94488,
3394,ATHM,Communication Services,Internet Content & Information,NYSE,90.09,42,26,17,21,21.11,2479629792.9115887,115170911.0,0.0416,-29.45,692965,833988,792925,-0.279
3395,ZBH,Healthcare,Medical Devices,NYSE,90.08,42,40,29,25,91.35,17628301891.200577,193462482.0,0.0802,-15.64,2183073,2251137,2240760,0.093
3396,TV,Communication Services,Telecom Services,NYSE,90.07,42,38,60,87,2.75,1428332620.1057434,527060000.0,2.27,-21.2,940872,915157,957822,-0.031
3397,AMBA,Technology,Semiconductor Equipment & Materials,NASDAQ,90.07,42,44,40,30,68.06,2712808567.093754,43868185.0,0.090900004,-29.61,1546401,1693170,1747998,0.169
3398,NSLR,Financial Services,Asset Management,NASDAQ,90.07,42,79,94,84,9.9,270026859.3506336,26473222.0,0.0074,-33.91,347868,297086,298705,0.467
3399,VLOSU,Financial Services,Shell Companies,NASDAQ,90.05,42,36,38,44,10.71,,,,,510,2706,2544,
3400,RIBBU,Financial Services,Shell Companies,NASDAQ,90.04,42,66,64,43,10.73,,,0.01,-35.36,220,3970,2536,
3401,PPL,Utilities,Utilities - Regulated Electric,NYSE,90.04,42,52,59,48,36.22,26971759329.704453,752350362.0,0.056700002,-9.7,6201136,9122862,9098035,0.108
3402,STRA,Consumer Defensive,Education & Training Services,NASDAQ,90.04,42,32,36,52,75.64,1739556872.0129395,22730392.0,0.0805,-13.44,292305,295325,272811,0.008
3403,VREX,Healthcare,Medical Devices,NASDAQ,90.04,42,36,67,85,10.92,444645424.78880405,42146485.0,0.035,-25.03,387385,445775,437489,0.015
3404,SUNS,Real Estate,REIT - Mortgage,NASDAQ,90.03,42,37,25,35,7.98,112201104.07839298,13518205.0,0.028399998,-32.26,56544,121244,106390,0.608
3405,MC,Financial Services,Capital Markets,NYSE,90.02,42,55,56,64,67.0,5021145387.064957,74376318.0,0.065799996,-14.34,708337,941339,883075,0.043
3406,TKO,Communication Services,Entertainment,NYSE,90.0,42,54,52,71,180.62,13878765668.54309,74967673.0,0.1277,-20.41,1002271,1533523,1416710,0.259
3407,EVCM,Technology,Software - Application,NASDAQ,90.0,42,19,54,67,11.56,2130486433.2898664,176950701.0,0.1261,-19.78,222673,185164,163396,0.036
3408,ANIP,Healthcare,Drug Manufacturers - Specialty & Generic,NASDAQ,89.99,42,57,51,63,77.65,1800581676.219452,22734618.0,0.1848,-21.96,269664,307638,315404,0.205
3409,MHK,Consumer Cyclical,"Furnishings, Fixtures & Appliances",NYSE,89.98,42,64,31,45,113.27,6796275667.5,60953145.0,0.131,-20.86,698963,753707,715148,0.08
3410,ANGH,Communication Services,Entertainment,NASDAQ,89.98,42,89,63,15,3.39,29650986.13809204,9064808.0,0.0078,-57.03,39300,44273,30094,0.053
3411,AWF,Financial Services,Asset Management,NYSE,89.97,42,41,45,43,10.06,872644331.4917965,86229678.0,0.1,-11.99,348253,334354,345914,-0.046
3412,PFE,Healthcare,Drug Manufacturers - General,NYSE,89.96,42,35,62,64,24.54,142771072085.11917,5699444169.0,0.0287,-14.64,37633982,46789427,41371198,0.054
3413,NFG,Energy,Oil & Gas Integrated,NYSE,89.95,42,26,61,57,82.49,7692162432.299927,95035362.0,0.0659,-15.01,638126,690328,756113,0.176
3414,WFG,Basic Materials,Lumber & Wood Production,NYSE,89.94,42,55,31,36,66.19,5513372393.777161,78303822.0,8.96,-14.03,238325,213998,203639,-0.086
3415,RPM,Basic Materials,Specialty Chemicals,NYSE,89.94,42,55,36,32,107.0,13458193109.233582,128075684.0,0.037,-17.13,1121299,922329,888133,0.089
3416,MDRR,Real Estate,Real Estate Services,NASDAQ,89.93,42,37,35,38,11.14,18898741.75453186,1628500.0,0.0127,-23.28,1078,3016,2445,-0.07
3417,AZN,Healthcare,Drug Manufacturers - General,NYSE,89.92,42,63,69,75,169.26,261943113638.49808,1550876987.0,0.001,-20.43,2683537,2437509,2223011,0.125
3418,MSI,Technology,Communication Equipment,NYSE,89.9,42,32,51,29,417.83,68607633591.15735,165995582.0,0.0256,-15.11,818548,1022659,1085771,0.074
3419,BMM,Basic Materials,Other Industrial Metals & Mining,NASDAQ,89.89,41,66,91,31,5.34,604010909.7612362,104863001.0,2.93,-38.12,84654,112144,101956,
3420,TRC,Industrials,Conglomerates,NYSE,89.89,41,55,75,35,17.62,490726294.3375015,26992645.0,0.059899997,-17.32,84288,102159,96143,0.158
3421,STRF,Technology,Software - Application,NASDAQ,89.88,41,30,52,44,97.22,,,2.59,-20.0,62787,184242,160703,0.119
3422,EXP,Basic Materials,Building Materials,NYSE,89.88,41,69,33,27,213.55,6362305764.184753,30895479.0,0.0832,-13.02,454919,459273,456455,0.019
3423,BIT,Financial Services,Asset Management,NYSE,89.87,41,41,41,41,12.19,701871331.583848,57062709.0,0.0026,-19.38,306731,287363,282900,
3424,JHS,Financial Services,Asset Management,NYSE,89.84,41,42,41,55,10.84,127646572.04428196,11646585.0,0.34,-10.34,7336,12395,11165,-0.013
3425,NGVC,Consumer Defensive,Grocery Stores,NYSE,89.84,41,58,25,14,30.01,754124915.2327652,23040786.0,0.066,-34.73,110121,121947,130610,0.005
3426,REZI,Industrials,Industrial Distribution,NYSE,89.81,41,43,89,79,34.54,5425603173.069763,151426260.0,0.0494,-23.74,1959492,1643284,1646356,0.08
3427,NWS,Communication Services,Entertainment,NASDAQ,89.81,41,33,37,37,30.19,17574433838.35051,542086207.0,0.1434,-15.15,1022399,1867913,1617455,0.088
3428,APG,Industrials,Engineering & Construction,NYSE,89.8,41,61,86,83,39.57,17381106455.942585,433227989.0,0.0293,-20.84,2466280,2991600,2815220,0.153
3429,PAI,Financial Services,Asset Management,NYSE,89.79,41,41,40,48,11.86,114987544.12125778,9510963.0,0.23,-9.4,13196,12742,15083,0.031
3430,EVTC,Technology,Software - Infrastructure,NYSE,89.79,41,25,39,33,29.73,1865247841.087555,61620344.0,0.052800003,-21.16,374921,590760,624440,0.084
3431,EFT,Financial Services,Asset Management,NYSE,89.78,41,38,37,36,10.65,283587880.8877449,26578058.0,0.57,-14.53,64814,63924,70674,-0.181
3432,BLK,Financial Services,Asset Management,NYSE,89.78,41,34,40,56,1055.67,166186048517.66577,154995389.0,0.0136,-13.47,868593,866737,800852,0.306
3433,HNNA,Financial Services,Asset Management,NASDAQ,89.77,41,42,34,34,9.82,78944914.25128555,7902394.0,0.0008,-25.55,5041,5370,6786,-0.123
3434,AD,Communication Services,Telecom Services,NYSE,89.76,41,56,64,72,34.88,3025503390.0,86442954.0,0.0996,-55.94,144217,356052,382409,0.928
3435,CWST,Industrials,Waste Management,NASDAQ,89.76,41,49,19,49,89.39,6087471159.577866,63609941.0,0.09819999,-19.82,704282,759194,697182,0.096
3436,PLAB,Technology,Semiconductor Equipment & Materials,NASDAQ,89.72,41,64,95,90,30.33,1701102709.7928658,58963698.0,0.094,-45.84,877701,1324470,1679846,-0.005
3437,EAD,Financial Services,Asset Management,NYSE ARCA,89.71,41,42,47,49,6.29,376418173.5574188,59092336.0,0.0005,-12.03,290566,285878,237453,-0.096
3438,HYI,Financial Services,Asset Management,NYSE,89.7,41,40,42,41,10.42,135315877.05696964,12814003.0,0.33,-14.1,51481,63640,64864,
3439,EOS,Financial Services,Asset Management,NYSE,89.67,41,43,49,40,21.35,1159090153.8969326,53316015.0,0.26,-12.82,102887,107822,116037,-0.003
3440,BBDC,Financial Services,Asset Management,NYSE,89.67,41,43,56,54,8.23,890008514.0,104706884.0,0.026300002,-17.04,525009,653576,715851,-0.06
3441,CVSA,Consumer Defensive,Education & Training Services,NYSE,89.63,41,50,35,24,115.84,4015644666.0,34030887.0,0.0695,-25.87,372187,373072,333039,0.045
3442,LRE,Real Estate,Real Estate - Development,NASDAQ,89.61,41,24,27,28,1.43,18825823.314950347,13641901.0,0.0507,-51.85,5580,10056,43898,-0.207
3443,MGF,Financial Services,Asset Management,NYSE,89.61,41,38,40,47,2.81,92230243.7035656,32590193.0,0.27,-10.51,62478,103786,107867,-0.054
3444,FCNCP,Financial Services,Banks - Regional,NASDAQ,89.59,41,35,56,36,20.23,,,1.87,-11.77,12773,16971,14516,0.049
3445,MCGAU,Financial Services,Shell Companies,NASDAQ,89.57,41,38,40,36,10.25,,,0.7,-18.0,1403,1384,1314,
3446,HYT,Financial Services,Asset Management,NYSE,89.56,41,44,39,34,8.32,1371233486.9208527,163047980.0,0.0011,-15.79,708027,740895,750665,0.041
3447,IREN,Financial Services,Capital Markets,NASDAQ,89.54,41,93,97,99,37.07,12015070638.158394,357378674.0,0.2197,-51.78,45734520,41678350,45220632,-0.0
3448,DEC,Energy,Oil & Gas Integrated,NYSE,89.5,41,23,77,49,13.23,923023525.3203154,69088589.0,0.0674,-30.0,733084,1170781,1023916,0.66
3449,HTGC,Financial Services,Asset Management,NYSE,89.49,41,38,30,52,15.73,3025707614.5760155,187118590.0,0.062800005,-20.03,1348063,1348804,1476460,0.184
3450,IPM,Technology,Software - Application,NASDAQ,89.42,41,34,33,28,1.8,23594668.744089603,13035729.0,0.0062,-37.5,17659,24463,28843,0.152
3451,EVV,Financial Services,Asset Management,NYSE ARCA,89.41,41,41,42,48,9.08,1081854261.3609123,116203460.0,0.05,-12.78,545688,423129,399775,-0.034
3452,TDF,Financial Services,Asset Management,NYSE,89.41,41,41,52,72,10.65,267682122.31182384,25181761.0,0.0005,-12.7,61583,69981,70442,-0.201
3453,MSCI,Financial Services,Financial Data & Stock Exchanges,NYSE,89.41,41,38,54,55,550.79,45720926033.586426,72727592.0,0.0218,-14.58,904909,779816,730025,0.141
3454,GBDC,Financial Services,Asset Management,NASDAQ,89.4,41,38,44,36,12.78,3402067173.168128,260495181.0,0.053000003,-17.81,892880,1150780,1146554,-0.12
3455,NCMI,Communication Services,Advertising Agencies,NASDAQ,89.36,41,34,26,18,3.77,354489489.7369244,93780289.0,0.1312,-26.65,316496,421002,415937,-0.026
3456,PAGS,Technology,Software - Infrastructure,NYSE,89.34,41,30,51,81,9.2,2526854813.8971834,279519339.0,0.12529999,-25.32,2852589,3210456,3471337,0.015
3457,NTGR,Technology,Communication Equipment,NASDAQ,89.32,41,30,48,16,24.93,602019032.4808884,26839903.0,0.107200004,-32.37,405512,367977,375480,-0.02
3458,EEFT,Technology,Software - Infrastructure,NASDAQ,89.32,41,25,31,22,79.31,3097028006.5248413,38075094.0,0.1312,-25.89,541236,676632,688417,0.105
3459,BKT,Financial Services,Asset Management,NYSE,89.3,41,47,40,45,10.18,337816779.24432373,32388952.0,0.0034,-14.17,88666,80372,97813,-0.336
3460,ACGLN,Financial Services,Insurance - Diversified,NASDAQ,89.27,41,36,48,49,16.3,,,1.8,-11.12,55966,61492,54593,-0.033
3461,MRP,Real Estate,REIT - Residential,NYSE,89.26,41,54,63,65,28.52,4885130025.008451,166047927.0,0.0587,-20.78,1158405,1689855,1636257,1.357
3462,CRCT,Technology,Computer Hardware,NASDAQ,89.24,41,30,35,32,4.46,971830699.4409924,209898634.0,0.1075,-35.64,470009,523046,521577,-0.019
3463,ALLE,Industrials,Security & Protection Services,NYSE,89.23,41,29,27,58,153.36,11793838035.699783,85935861.0,0.0537,-16.25,1475291,1357087,1196390,0.097
3464,SSNC,Technology,Software - Application,NASDAQ,89.23,41,23,26,42,73.88,16752415164.866272,240834039.0,0.040599998,-18.88,1900226,1953792,2234237,0.088
3465,DSP,Technology,Software - Application,NASDAQ,89.22,41,42,27,39,10.7,230249619.0,20021706.0,0.060500003,-29.51,238509,276139,280547,0.253
3466,POLEU,Financial Services,Shell Companies,NASDAQ,89.22,41,38,58,64,10.86,,,0.5,-11.42,11,97,143,
3467,NERV,Healthcare,Biotechnology,NASDAQ,89.21,41,79,97,91,4.04,198933786.5413909,46588709.0,0.0428,-67.58,172908,315286,247891,
3468,JMM,Financial Services,Asset Management,NYSE,89.18,41,40,37,49,5.72,55260125.44384003,9462350.0,0.0026,-12.27,7894,5924,9590,0.02
3469,DLNG,Energy,Oil & Gas Midstream,NYSE,89.16,41,28,59,44,3.61,122607372.90640926,36382011.0,0.0069999998,-18.88,128604,69204,58690,0.021
3470,FICO,Technology,Software - Application,NYSE,89.15,41,24,11,25,1237.37,29153519501.949463,23190906.0,0.1117,-38.07,223156,273662,300239,0.387
3471,ERIC,Technology,Communication Equipment,NASDAQ,89.13,41,69,79,79,9.34,32423168506.246346,3301748423.0,0.0214,-32.17,19240431,13509060,12271686,-0.061
3472,OXM,Consumer Cyclical,Apparel Manufacturing,NYSE,89.12,41,49,65,24,38.65,603657585.3165588,14930932.0,0.295,-25.11,389832,568974,486940,-0.004
3473,GGRP,Technology,Software - Infrastructure,NASDAQ,89.12,41,34,5,12,0.88,17033567.98907399,21698812.0,0.0183,-52.43,114194,129058,388692,-0.538
3474,ACGLO,Financial Services,Insurance - Diversified,NASDAQ,89.12,41,35,43,48,19.5,,,0.64,-12.16,43625,42671,34593,-0.033
3475,RPD,Technology,Software - Infrastructure,NASDAQ,89.1,41,16,4,8,9.49,815333526.8530712,66830618.0,0.1232,-59.2,2587457,2681502,2404345,-0.003
3476,ASA,Financial Services,Asset Management,NYSE,89.09,40,63,87,95,50.47,903512806.9068146,18787956.0,0.0008,-39.34,63492,91554,100264,-0.003
3477,CNX,Energy,Oil & Gas E&P,NYSE,89.09,40,32,73,79,34.29,4708374155.617859,141477594.0,0.16430001,-21.39,1709033,2033807,1851234,0.282
3478,UL,Consumer Defensive,Household & Personal Products,NYSE,89.09,40,35,27,45,60.94,134338113057.58134,2153199461.0,0.45,-18.72,3726614,3781681,3955114,
3479,SEER,Healthcare,Biotechnology,NASDAQ,89.07,40,31,35,22,1.97,119309969.86475945,54981551.0,0.0027,-18.26,376494,1528298,1012600,-0.336
3480,NVO,Healthcare,Drug Manufacturers - General,NYSE,89.07,40,52,18,51,48.77,222607150416.35406,4423830520.0,0.0088,-32.08,8342330,10545470,11627532,0.24
3481,VMC,Basic Materials,Building Materials,NYSE,89.05,40,65,53,57,279.7,37412224249.73587,129754885.0,0.0535,-15.52,814551,1125170,1164368,0.074
3482,WY,Real Estate,REIT - Specialty,NYSE,89.03,40,57,41,47,23.94,17658333329.376442,721042609.0,0.039300002,-13.73,4372248,5603622,5432173,-0.02
3483,AZIO,Technology,Software - Infrastructure,NASDAQ,89.02,40,81,25,34,1.67,26934372.5,15391070.0,0.072,-67.06,183368,433159,574391,2.808
3484,OEC,Basic Materials,Specialty Chemicals,NYSE,88.99,40,54,45,19,6.99,386262240.2723594,56388649.0,0.0228,-39.74,561489,752209,624421,-0.038
3485,VELO,Technology,Computer Hardware,NASDAQ,88.98,40,97,91,96,9.67,315592615.72727203,29801002.0,0.31370002,-69.54,1788291,3746967,3945438,0.482
3486,CHH,Consumer Cyclical,Lodging,NYSE,88.97,40,53,62,28,110.52,5088215770.510529,45495493.0,0.3704,-19.0,572765,642785,644113,0.035
3487,RDNT,Healthcare,Diagnostics & Research,NASDAQ,88.89,40,33,30,60,61.57,4890263028.85231,78634236.0,0.1505,-28.27,643815,927368,823105,0.221
3488,FRA,Financial Services,Asset Management,NYSE,88.88,40,39,37,36,10.76,380214937.11925507,35434758.0,0.0025,-19.76,156749,143179,138415,
3489,GBLI,Financial Services,Insurance - Property & Casualty,NASDAQ,88.87,40,29,37,34,27.0,399997884.9995327,14609127.0,0.004,-15.97,2671,9960,8032,0.005
3490,WTW,Financial Services,Insurance Brokers,NASDAQ,88.86,40,24,34,41,295.11,27713868905.922363,94447976.0,0.051999997,-16.35,489498,608792,666193,0.085
3491,MMSI,Healthcare,Medical Instruments & Supplies,NASDAQ,88.85,40,28,22,27,74.32,4413862594.013481,59654855.0,0.0769,-21.56,672688,771362,771033,0.075
3492,ONEW,Consumer Cyclical,Specialty Retail,NASDAQ,88.84,40,51,16,23,12.86,223838281.70736217,16617541.0,0.1354,-28.24,110382,109930,98260,-0.085
3493,IOTR,Communication Services,Telecom Services,NASDAQ,88.84,40,40,13,46,3.18,16780365.531927586,4863874.0,0.0186,-57.43,30523,1124124,1530102,0.41
3494,SDGR,Healthcare,Health Information Services,NASDAQ,88.8,40,53,13,12,14.97,1144721468.8770447,74720724.0,0.2509,-36.97,892993,1263257,1300796,-0.016
3495,MITT,Real Estate,REIT - Mortgage,NYSE,88.79,40,60,66,82,7.23,242978544.75377798,31803475.0,0.0001,-22.01,138068,179542,171509,-0.781
3496,GRNT,Energy,Oil & Gas E&P,NYSE,88.76,40,22,75,38,4.85,615954283.3628654,131895990.0,0.0987,-21.07,746786,946605,968647,0.05
3497,CSBR,Healthcare,Biotechnology,NASDAQ,88.74,40,33,25,48,6.13,85126244.96922112,13886826.0,0.0113,-29.86,8015,7705,8335,-0.028
3498,NTES,Communication Services,Electronic Gaming & Multimedia,NASDAQ,88.73,40,31,29,55,119.55,84058443934.28522,640250196.0,0.0074,-25.07,1043191,1032800,1100470,0.061
3499,PRHI,Financial Services,Insurance - Property & Casualty,NASDAQ,88.72,40,26,25,14,5.43,18685000.705718994,3700000.0,0.0150999995,-72.59,2850,9916,15191,-0.385
3500,VOXR,Basic Materials,Other Precious Metals & Mining,NASDAQ,88.67,40,64,81,91,4.37,285253219.2406244,68901746.0,0.0277,-34.78,414184,535811,511802,4.983
3501,COHN,Financial Services,Capital Markets,NYSE ARCA,88.65,40,47,97,96,13.46,34898103.54226112,2510655.0,0.0098,-58.71,13852,16004,19892,1.073
3502,CNTB,Healthcare,Biotechnology,NASDAQ,88.64,40,53,90,95,2.14,149853977.34564114,62963853.0,0.0299,-43.98,432199,562856,426877,
3503,RNAC,Healthcare,Biotechnology,NASDAQ,88.64,40,72,18,11,7.88,242691312.36489487,29381514.0,0.1451,-45.88,146248,267839,301235,-0.929
3504,FLNC,Utilities,Utilities - Renewable,NASDAQ,88.62,40,92,72,98,13.44,1868657623.7691498,132811490.0,0.39040002,-59.89,6658507,8776919,11066605,0.077
3505,BGX,Financial Services,Asset Management,NYSE,88.62,40,39,37,37,10.65,136359784.93261337,12708275.0,0.0019,-15.81,65820,53396,55084,
3506,BCSF,Financial Services,Asset Management,NYSE,88.6,40,36,48,31,12.36,823181326.6100912,64868507.0,0.0231,-21.97,289413,324141,334412,-0.01
3507,SIGIP,Financial Services,Insurance - Property & Casualty,NASDAQ,88.6,40,36,42,41,15.79,,,0.45,-15.58,6910,62206,39146,0.057
3508,USNA,Consumer Defensive,Packaged Foods,NYSE,88.56,40,31,25,24,21.32,402862894.3855362,18463011.0,0.060399998,-44.36,84686,106995,112105,0.003
3509,RTAC,Financial Services,Shell Companies,NASDAQ,88.56,40,37,33,32,10.48,329063214.3557968,31161288.0,0.0033000002,-17.15,41625,71371,92095,
3510,NTRSO,Financial Services,Asset Management,NASDAQ,88.55,40,37,41,41,18.38,,,1.36,-13.09,48863,61974,56640,0.139
3511,HROW,Healthcare,Drug Manufacturers - Specialty & Generic,NASDAQ,88.54,40,56,69,79,38.45,1738883798.4272995,37275107.0,0.21350001,-29.9,607875,733781,789195,-0.076
3512,OMAB,Industrials,Airports & Air Services,NASDAQ,88.52,40,55,49,80,103.43,5083437637.330444,48271178.0,0.0064999997,-23.38,67506,95552,87835,0.069
3513,NRGV,Utilities,Utilities - Renewable,NYSE,88.52,40,96,97,99,2.88,554215238.6316662,179940017.0,0.1985,-56.66,4299890,5763660,5665610,1.564
3514,IMTX,Healthcare,Biotechnology,NASDAQ,88.5,40,69,89,85,9.08,1310695634.8446693,136673161.0,0.0573,-26.83,281456,355125,472893,-0.59
3515,IPGP,Technology,Semiconductor Equipment & Materials,NASDAQ,88.49,40,77,86,75,91.7,4428142534.996582,42443616.0,0.17889999,-41.15,331820,376913,457486,0.166
3516,BIRK,Consumer Cyclical,Footwear & Accessories,NYSE,88.46,40,58,30,20,40.63,8158072756.407349,183906056.0,0.16860001,-24.1,1360381,1889157,2495720,0.077
3517,TSI,Financial Services,Asset Management,NYSE,88.46,40,36,38,50,4.39,213772821.90994835,48364891.0,0.054,-13.24,131430,122966,114684,0.067
3518,DYNCU,Financial Services,Shell Companies,NASDAQ,88.45,40,38,38,45,10.85,,,0.0,-28.95,0,72,95,
3519,CNR,Energy,Thermal Coal,NYSE,88.45,40,32,58,76,83.2,4184839612.9850006,50407610.0,0.0548,-27.53,459275,627291,653031,0.066
3520,DHR,Healthcare,Diagnostics & Research,NYSE,88.45,40,37,25,51,191.5,144264888197.3767,707770627.0,0.0172,-21.13,8348395,5499858,5079189,0.037
3521,GGG,Industrials,Specialty Industrial Machinery,NYSE,88.44,40,29,37,55,79.5,12379565714.636383,165968177.0,0.048600003,-16.92,1514586,1438688,1432469,0.022
3522,LBRDP,Communication Services,Telecom Services,NASDAQ,88.44,40,30,35,42,21.68,,,1.9,-15.14,7360,10343,9954,
3523,HKD,Technology,Software - Application,NYSE,88.44,40,36,59,15,1.61,505989757.99580216,314279350.0,0.0047999998,-70.57,117763,168641,215506,3.409
3524,FCNCO,Financial Services,Banks - Regional,NASDAQ,88.42,40,35,46,39,20.51,,,0.61,-14.22,10330,14046,14318,0.049
3525,OGC,Basic Materials,Gold,NYSE,88.41,40,61,91,97,23.84,5036946216.9457035,223764823.0,3.93,-44.98,415466,450145,400315,0.985
3526,PCYO,Utilities,Utilities - Regulated Water,NASDAQ,88.38,40,53,57,58,10.68,257841854.40379143,24097370.0,0.021300001,-14.15,51842,64730,63094,0.6
3527,OPRT,Financial Services,Credit Services,NASDAQ,88.37,40,50,60,58,5.59,275700198.0,45950033.0,0.0354,-23.74,442877,514879,543421,0.013
3528,BJ,Consumer Defensive,Discount Stores,NYSE,88.34,40,26,34,29,92.94,11926618580.645561,127693987.0,0.0695,-16.21,1609277,1940335,2262371,0.099
3529,KRNT,Industrials,Specialty Industrial Machinery,NASDAQ,88.32,40,45,41,16,15.23,696265649.2475109,46340477.0,0.0121,-30.96,230821,196593,270464,0.045
3530,ASPCU,Financial Services,Shell Companies,NASDAQ,88.32,40,38,33,85,10.83,,,0.34,-77.9,466,483,1484,
3531,EGG,Industrials,Consulting Services,NYSE ARCA,88.31,40,89,80,74,5.1,208560541.6267395,27845200.0,0.0021,-60.98,68440,48640,69194,-0.403
3532,LPLA,Financial Services,Capital Markets,NASDAQ,88.31,40,23,34,52,328.7,25986431050.72336,79982861.0,0.0542,-18.55,647186,915152,998801,0.35
3533,ALGN,Healthcare,Medical Instruments & Supplies,NASDAQ,88.3,40,57,56,49,167.01,12659219735.109879,71618127.0,0.0746,-19.83,762578,1004066,1018253,0.062
3534,PDI,Financial Services,Asset Management,NYSE,88.29,40,39,50,52,16.04,7546578344.972851,461564414.0,0.03,-20.48,2405522,2632767,2729690,
3535,GSHD,Financial Services,Insurance Brokers,NASDAQ,88.25,40,17,14,17,58.75,1284843667.3051453,23670665.0,0.1042,-43.51,574778,626496,584601,0.233
3536,COST,Consumer Defensive,Discount Stores,NASDAQ,88.25,40,40,54,37,935.03,417255900154.05615,443478804.0,0.0164,-14.73,2088374,2488778,2497490,0.215
3537,CAMP,Healthcare,Biotechnology,NASDAQ,88.24,39,76,91,82,3.16,192644719.98081207,51925800.0,0.0373,-59.23,187758,301786,214967,0.508
3538,AS,Consumer Cyclical,Leisure,NYSE,88.23,39,38,56,70,33.92,21201593755.54904,581822024.0,0.0941,-20.67,4042592,3794027,4360644,0.321
3539,POCI,Healthcare,Medical Instruments & Supplies,NASDAQ,88.22,39,69,31,63,4.3,47500733.130054474,10944869.0,0.0017,-30.08,25490,31706,52706,1.08
3540,HOOD,Financial Services,Capital Markets,NASDAQ,88.22,39,54,33,79,94.91,90014484673.28299,900505057.0,0.0481,-38.31,20372353,28086094,28113612,0.151
3541,CPHC,Consumer Cyclical,Resorts & Casinos,NASDAQ,88.16,39,37,36,27,15.55,81838809.02822685,5150334.0,0.0034,-16.62,2342,2437,2096,0.028
3542,ARX,Financial Services,Insurance Brokers,NYSE,88.15,39,22,22,19,14.23,2950082216.6846466,218201340.0,0.121300004,-54.36,1185778,2014526,1834161,0.597
3543,BCC,Basic Materials,Lumber & Wood Production,NYSE,88.15,39,51,44,34,77.84,2716295807.7524414,35189736.0,0.0552,-15.36,480856,458072,443531,-0.025
3544,PCTY,Technology,Software - Application,NASDAQ,88.14,39,17,12,20,125.27,6746551308.0,53544058.0,0.064,-36.66,558354,774151,730664,0.105
3545,EYPT,Healthcare,Biotechnology,NASDAQ,88.13,39,47,78,86,12.19,1115089279.3914585,83841298.0,0.19,-36.21,1298380,1493813,1291220,1.617
3546,KE,Industrials,Electrical Equipment & Parts,NASDAQ,88.13,39,37,73,88,24.86,576452715.7369137,24048925.0,0.066300005,-25.1,187982,212087,196598,-0.058
3547,CLPS,Technology,Information Technology Services,NASDAQ,88.12,39,40,29,58,0.87,24798558.185759068,29841828.0,0.0002,-53.72,14067,56355,45869,0.028
3548,VVR,Financial Services,Asset Management,NYSE,88.09,39,36,40,37,2.96,455618091.7117739,153925029.0,0.0019,-21.9,874430,728226,856930,-0.188
3549,PTY,Financial Services,Asset Management,NYSE,88.09,39,37,37,36,11.69,2509865929.6258736,211981917.0,0.13,-20.42,1122959,1077553,1055863,0.072
3550,T,Communication Services,Telecom Services,NYSE,88.08,39,23,53,50,24.13,151543266280.5367,6948338835.0,0.018099999,-19.0,95767250,81230640,66448618,0.029
3551,USPH,Healthcare,Medical Care Facilities,NYSE,88.07,39,26,32,54,74.58,1119494081.6847534,15218789.0,0.0829,-20.24,217145,223145,228841,0.079
3552,WAFU,Consumer Defensive,Education & Training Services,NASDAQ,88.06,39,31,51,69,1.54,6924577.861343026,4410559.0,0.004,-54.57,4647,11039,19609,0.093
3553,LNN,Industrials,Farm & Heavy Construction Machinery,NYSE,88.06,39,39,29,46,113.96,1174912982.2098923,10168885.0,0.0946,-23.0,115766,172935,184451,-0.051
3554,TNDM,Healthcare,Medical Devices,NASDAQ,88.04,39,23,59,61,17.12,1170476834.8916454,68529089.0,0.25010002,-42.26,1671466,1900158,2340469,0.055
3555,GLAD,Financial Services,Asset Management,NASDAQ,88.02,39,37,28,30,18.79,449828000.34257126,22593069.0,0.0394,-35.54,180443,173357,168658,0.205
3556,VC,Consumer Cyclical,Auto Parts,NASDAQ,88.02,39,68,71,32,103.75,2798868061.1181564,26694021.0,0.12109999,-19.64,501232,685140,582398,0.021
3557,GXO,Industrials,Integrated Freight & Logistics,NYSE,88.01,39,39,66,73,52.71,6218376147.674892,115048589.0,0.0806,-21.15,1296056,1344308,1306513,0.108
3558,AMZN,Consumer Cyclical,Internet Retail,NASDAQ,88.01,39,53,69,61,232.11,2659480119902.95,10757109436.0,0.010199999,-16.68,37445403,53847874,48574400,0.166
3559,TDG,Industrials,Aerospace & Defense,NYSE,88.0,39,54,24,54,1236.71,67927424206.93518,55933583.0,0.0273,-23.84,348373,378364,382184,0.183
3560,WMT,Consumer Defensive,Discount Stores,NASDAQ,87.99,39,53,75,72,109.47,909130945666.9088,7958079155.0,0.0189,-19.01,20089953,22459524,23990548,0.073
3561,NMRK,Real Estate,Real Estate Services,NASDAQ,87.97,39,40,58,74,15.39,2769432452.9214497,177527717.0,0.044499997,-22.41,1150666,1309218,1332347,0.272
3562,CREX,Technology,Software - Application,NASDAQ,87.96,39,80,83,77,3.2,45318706.81964493,13097892.0,0.0067000003,-27.6,35601,42900,39910,0.679
3563,RGNX,Healthcare,Biotechnology,NASDAQ,87.96,39,59,25,64,9.73,534221779.3850441,54016356.0,0.2177,-39.9,2221940,2709033,2508846,-0.928
3564,RTACU,Financial Services,Shell Companies,NASDAQ,87.96,39,36,31,31,10.92,,,0.14,-20.0,1714,2461,6116,
3565,PYPL,Financial Services,Credit Services,NASDAQ,87.94,39,19,23,17,56.15,49891887895.467545,882105493.0,0.0694,-29.37,25083884,19074974,17291050,0.072
3566,VEON,Communication Services,Telecom Services,NASDAQ,87.94,39,57,39,69,51.01,3574239290.582241,69241367.0,0.006,-20.3,60105,79098,86261,0.171
3567,RGR,Industrials,Aerospace & Defense,NYSE,87.91,39,42,63,37,38.23,603489951.7210007,15944253.0,0.0377,-20.7,86003,127681,124780,0.041
3568,AVO,Consumer Defensive,Food Distribution,NASDAQ,87.89,39,33,67,69,12.42,1200266190.606533,88319807.0,0.0753,-20.03,864928,1468306,1487137,-0.235
3569,GNTX,Consumer Cyclical,Auto Parts,NASDAQ,87.87,39,62,41,32,22.9,5185377580.034683,212951848.0,0.070300005,-22.06,2419062,2801510,2500866,0.171
3570,LBTYB,Communication Services,Telecom Services,NASDAQ,87.84,39,58,90,39,12.1,4057169244.0,338097437.0,0.0007,-58.29,3510,4200,3418,0.088
3571,HBANZ,Financial Services,Banks - Regional,NASDAQ,87.83,39,35,41,39,19.9,,,0.61,-10.48,14293,11334,10622,0.336
3572,DHI,Consumer Cyclical,Residential Construction,NYSE,87.83,39,70,59,50,146.76,42363958212.98674,283579613.0,0.0512,-20.48,2955851,2540713,2452884,-0.023
3573,MNOV,Healthcare,Biotechnology,NASDAQ,87.82,39,36,31,74,1.32,66448683.27352595,49221246.0,0.0043,-32.65,42277,66655,49965,
3574,CING,Healthcare,Biotechnology,NASDAQ,87.81,39,45,37,84,4.64,61149422.92619705,13469036.0,0.1471,-60.98,195565,309425,533165,
3575,BLRX,Healthcare,Biotechnology,NASDAQ,87.79,39,52,21,25,2.82,13048292.329097271,4499411.0,0.031400003,-40.63,10521,21890,56718,0.871
3576,KMTS,Healthcare,Medical Instruments & Supplies,NASDAQ,87.78,39,54,34,62,21.06,1431072981.2110157,58602497.0,0.1088,-29.8,404430,434760,380764,0.662
3577,GNE,Utilities,Utilities - Regulated Electric,NYSE,87.77,39,29,34,26,14.32,369387770.94667244,26403701.0,0.0355,-32.64,67367,94785,90021,0.04
3578,IMRN,Healthcare,Biotechnology,NASDAQ,87.76,39,54,11,7,1.11,9766154.727891922,8071202.0,0.014400001,-53.56,30505,47748,301719,0.048
3579,XLO,Healthcare,Biotechnology,NASDAQ,87.76,39,34,23,20,8.65,58387235.07246494,6575139.0,0.0297,-32.1,55633,49157,54418,3.317
3580,INMB,Healthcare,Biotechnology,NASDAQ,87.7,39,26,12,9,1.62,50511989.566158056,26585258.0,0.1299,-50.06,632532,1139070,897470,
3581,VLTO,Industrials,Pollution & Treatment Controls,NYSE,87.7,39,31,27,36,92.02,23039666543.852417,245599266.0,0.033299997,-16.43,1648174,2220078,2320772,0.068
3582,BXSL,Financial Services,Asset Management,NYSE,87.69,39,35,32,31,23.24,5541770640.460243,232652003.0,0.062,-29.17,1439155,1714238,1695237,-0.09
3583,AXON,Industrials,Aerospace & Defense,NASDAQ,87.65,39,20,13,14,502.34,41129627753.16879,80602077.0,0.06,-43.3,680892,1028310,1091670,0.337
3584,PYPD,Healthcare,Biotechnology,NASDAQ,87.64,39,68,76,84,3.9,102964796.66570091,19174078.0,0.006,-31.94,446859,289416,239985,
3585,PRDO,Consumer Defensive,Education & Training Services,NASDAQ,87.6,39,36,65,54,30.36,1985181181.2122612,62703133.0,0.0696,-21.14,944314,776594,724664,0.041
3586,SPE,Financial Services,Asset Management,NYSE,87.59,39,36,51,56,13.16,144368664.48096466,10623154.0,0.23,-17.7,42807,35295,35541,-0.461
3587,CHMI,Real Estate,REIT - Mortgage,NYSE,87.58,39,36,59,60,2.26,86337910.79624462,36739538.0,0.0002,-25.66,148622,193920,210054,
3588,OCSL,Financial Services,Asset Management,NASDAQ,87.58,39,40,43,31,11.68,1070239070.8480396,88085523.0,0.041199997,-19.45,464039,522609,574563,-0.093
3589,DERM,Healthcare,Drug Manufacturers - Specialty & Generic,NASDAQ,87.55,39,48,14,80,6.19,197147352.31856155,27534547.0,0.1973,-35.22,156410,299303,285688,0.215
3590,GDO,Financial Services,Asset Management,NYSE,87.55,39,42,49,55,10.24,79028906.2310543,7519401.0,0.43,-15.72,44793,33604,31034,
3591,ALLR,Healthcare,Biotechnology,NASDAQ,87.51,39,63,76,21,1.19,18933762.47041893,15910724.0,0.0050999997,-49.36,69086,127465,170959,
3592,EFOI,Consumer Cyclical,"Furnishings, Fixtures & Appliances",NASDAQ,87.51,39,80,93,60,2.87,18470744.407416344,6369222.0,0.047399998,-70.83,10754,20094,36682,0.541
3593,UTSI,Technology,Communication Equipment,NASDAQ,87.5,39,32,44,32,2.39,24115039.037828445,9494110.0,0.0143,-34.16,22455,663101,400757,-0.158
3594,ETD,Consumer Cyclical,"Furnishings, Fixtures & Appliances",NYSE,87.41,38,32,28,24,22.82,579667619.8926144,25446339.0,0.093100004,-27.35,397341,648500,594202,-0.048
3595,TRU,Financial Services,Financial Data & Stock Exchanges,NYSE,87.41,38,25,24,29,76.51,15395079705.810547,192800000.0,0.0529,-23.02,1777362,2711944,2374866,0.137
3596,XHLD,Communication Services,Broadcasting,NASDAQ,87.41,38,11,4,4,1.86,25272403.473516226,11977443.0,0.0093,-86.19,596598,478382,308335,0.154
3597,LADR,Real Estate,REIT - Mortgage,NYSE,87.4,38,41,45,54,9.77,1281787558.489849,127668084.0,0.0325,-18.04,1043294,1098104,978924,0.017
3598,DKS,Consumer Cyclical,Specialty Retail,NYSE,87.39,38,71,62,32,206.04,19454271496.948013,89502537.0,0.1439,-15.69,1057698,1120202,1228757,0.627
3599,KAZR,Industrials,Engineering & Construction,NASDAQ,87.39,38,23,94,87,1.95,58720280.834555626,24776491.0,0.14050001,-60.2,139247,186345,201441,0.063
3600,LGL,Technology,Scientific & Technical Instruments,NYSE ARCA,87.39,38,43,53,59,6.76,44739470.55024147,6550435.0,0.031400003,-13.22,9589,21313,19429,0.182
3601,HBANP,Financial Services,Banks - Regional,NASDAQ,87.38,38,34,40,43,16.12,,,0.69,-14.71,92199,86409,71369,0.336
3602,EQT,Energy,Oil & Gas E&P,NYSE,87.37,38,27,63,63,53.03,30998690538.963318,625478000.0,0.038900003,-22.29,8116009,8378689,7418151,0.499
3603,HTHT,Consumer Cyclical,Lodging,NASDAQ,87.35,38,37,81,84,40.47,12832968826.096767,307523819.0,0.048499998,-28.55,1552456,1812462,2120743,0.111
3604,NU,Financial Services,Banks - Regional,NYSE,87.35,38,25,36,79,14.09,65646286043.37345,4830484570.0,0.0394,-25.76,143663208,87694839,81076381,0.437
3605,MYO,Healthcare,Medical Devices,NYSE ARCA,87.34,38,68,13,7,0.97,36706719.88939136,38638653.0,0.0719,-56.31,316145,880391,893041,0.029
3606,TIMB,Communication Services,Telecom Services,NYSE,87.31,38,41,78,81,21.3,10577023029.374512,477733664.0,0.0119,-24.52,535087,413012,363361,0.065
3607,RES,Energy,Oil & Gas Equipment & Services,NYSE,87.27,38,55,88,79,5.61,1309880162.030735,221637935.0,0.3033,-31.25,1234639,1696146,1583817,0.366
3608,SNY,Healthcare,Drug Manufacturers - General,NASDAQ,87.27,38,32,35,30,43.35,106905724335.89984,2393769026.0,0.0031,-17.71,3057482,3898054,3342144,0.06
3609,RACE,Consumer Cyclical,Auto Manufacturers,NYSE,87.26,38,32,28,19,360.14,66280072398.11554,175888530.0,0.0305,-30.62,298883,463277,569310,0.032
3610,ZKH,Consumer Cyclical,Internet Retail,NYSE,87.26,38,24,38,59,2.95,476236613.9289787,159276459.0,0.0008,-24.36,75695,86611,122901,0.092
3611,SAIL,Technology,Software - Infrastructure,NASDAQ,87.24,38,18,11,18,14.95,8893429566.050514,567182997.0,0.2432,-37.71,3778138,4693179,4890991,0.216
3612,BEAM,Healthcare,Biotechnology,NASDAQ,87.24,38,88,79,75,25.1,2832264832.06155,102879214.0,0.3446,-34.4,2327227,2581535,2342393,3.249
3613,CNNE,Consumer Cyclical,Restaurants,NYSE,87.2,38,39,24,19,14.73,656910556.3190136,43940506.0,0.111099996,-32.92,448135,482515,455847,-0.068
3614,MAIN,Financial Services,Asset Management,NYSE,87.2,38,30,34,66,53.47,5148847230.736137,92989838.0,0.1076,-21.1,622876,670815,706871,0.022
3615,HBANM,Financial Services,Banks - Regional,NASDAQ,87.18,38,34,43,45,20.7,,,0.39,-13.89,15888,15782,16741,0.336
3616,PCF,Financial Services,Asset Management,NYSE,87.17,38,38,38,43,5.32,103127643.78385544,18716450.0,0.0014,-18.28,49430,64730,60752,-0.358
3617,TWI,Industrials,Farm & Heavy Construction Machinery,NYSE,87.14,38,50,40,76,8.02,493089203.7776184,64371960.0,0.0554,-31.45,383922,524187,506434,0.029
3618,BATL,Energy,Oil & Gas E&P,NYSE ARCA,87.13,38,14,96,98,1.63,38312797.46998811,22018849.0,0.9268,-94.51,20070730,18485220,17813676,-0.175
3619,RTO,Industrials,Specialty Business Services,NYSE,87.07,38,55,77,77,28.37,15293705713.87181,503247977.0,0.0046,-18.17,837822,822867,865740,0.058
3620,ISBA,Financial Services,Banks - Regional,NASDAQ,87.06,38,40,73,90,36.81,282504798.8235321,7201244.0,0.0432,-37.43,62855,84661,62197,0.137
3621,VRSK,Industrials,Consulting Services,NASDAQ,87.06,38,22,17,24,201.34,26293461891.567383,131021840.0,0.0561,-33.71,1549284,2709214,2414974,0.039
3622,ASPC,Financial Services,Shell Companies,NASDAQ,87.06,38,35,33,84,10.62,25152372.09502983,2337581.0,0.071,-83.4,1349,2936,3239,
3623,RPAY,Technology,Software - Infrastructure,NASDAQ,87.06,38,25,41,16,3.8,321267703.23581696,82800952.0,0.0733,-37.24,374133,660677,610200,0.045
3624,EVH,Healthcare,Health Information Services,NYSE,87.05,38,79,16,5,4.22,653514992.8337817,112481067.0,0.1424,-59.23,3268487,2713662,2636117,0.026
3625,PHI,Communication Services,Telecom Services,NYSE,87.03,38,27,35,54,19.69,4258459127.44503,216055775.0,0.003,-19.67,156406,232945,202901,0.022
3626,MWA,Industrials,Specialty Industrial Machinery,NYSE,87.02,38,53,60,58,25.03,3983753528.0864487,156471079.0,0.045,-19.26,1062808,1229706,1242269,0.055
3627,CTW,Communication Services,Electronic Gaming & Multimedia,NASDAQ,87.01,38,43,77,9,2.33,145049562.72306204,59203902.0,0.020299999,-52.25,22147,19279,20019,-0.007
3628,WVVIP,Consumer Defensive,Beverages - Wineries & Distilleries,NASDAQ,86.99,38,24,31,33,2.78,,,0.01,-22.35,2430,2146,1988,0.095
3629,WRN,Basic Materials,Other Industrial Metals & Mining,NYSE ARCA,86.92,38,61,87,97,2.15,480599274.32169914,225633450.0,0.0075,-49.53,1543445,1828595,1927175,
3630,VST,Utilities,Utilities - Independent Power Producers,NYSE,86.91,38,39,37,27,163.38,52411643649.119385,337182468.0,0.0546,-25.68,4068950,4206610,4597318,0.434
3631,NHS,Financial Services,Asset Management,NYSE ARCA,86.91,38,34,33,59,6.01,255738900.81835127,41855793.0,0.0004,-22.45,171026,216615,217133,0.029
3632,IMXI,Technology,Software - Infrastructure,NASDAQ,86.9,38,39,75,71,13.03,403868084.9360275,30094492.0,0.0557,-18.31,312903,396697,578860,-0.149
3633,PUSA,Consumer Cyclical,Leisure,NASDAQ,86.86,38,96,97,93,3.22,78424998.13245964,21604682.0,0.098000005,-60.97,304106,444625,1573123,0.106
3634,WHF,Financial Services,Asset Management,NASDAQ,86.84,38,34,58,24,6.56,139167532.48963118,21476471.0,0.0178,-27.59,59039,66196,86015,-0.156
3635,HOUR,Consumer Cyclical,Internet Retail,NASDAQ,86.84,38,35,69,35,1.87,67040549.44315195,35191890.0,0.0019,-72.66,35069,84046,62501,0.158
3636,RVP,Healthcare,Medical Instruments & Supplies,NYSE ARCA,86.83,38,36,25,24,0.68,20357269.014127254,29937160.0,0.0016,-40.35,27053,62361,81588,-0.135
3637,LCII,Consumer Cyclical,Recreational Vehicles,NYSE,86.77,38,29,67,91,103.35,2629775667.674301,24311507.0,0.1201,-35.27,373877,595689,478755,0.043
3638,ETOR,Financial Services,Capital Markets,NASDAQ,86.76,38,44,31,12,36.78,2861384661.7953873,79527090.0,0.057800002,-44.23,650579,708236,855477,-0.356
3639,TR,Consumer Defensive,Confectioners,NYSE,86.76,38,36,77,63,37.52,2937689891.1225433,75171181.0,0.0847,-16.73,170568,299912,252265,0.021
3640,VS,Technology,Software - Application,NASDAQ,86.73,38,27,16,9,1.39,9536411.402630568,6212646.0,0.0005,-50.88,53371,55577,55816,-0.913
3641,WWW,Consumer Cyclical,Footwear & Accessories,NYSE,86.72,38,31,37,26,18.79,1506147936.9783611,81989541.0,0.1303,-42.71,720484,884334,1077210,0.11
3642,STRC,Technology,Software - Application,NASDAQ,86.72,38,22,60,56,86.89,,,0.78,-13.47,1043542,2938124,3440482,0.119
3643,GENI,Communication Services,Internet Content & Information,NYSE,86.69,38,20,5,21,6.48,1684235480.0908594,267338957.0,0.1221,-52.8,4758065,5736621,6162773,0.305
3644,STWD,Real Estate,REIT - Mortgage,NYSE,86.66,38,33,52,41,16.52,6302725690.0,370748570.0,0.052600004,-20.73,3456683,3656771,3468418,0.218
3645,SPGI,Financial Services,Financial Data & Stock Exchanges,NYSE,86.64,38,25,26,49,426.4,133448638916.01562,296000000.0,0.0116,-22.16,1418493,2323576,2310398,0.104
3646,MOLN,Healthcare,Biotechnology,NASDAQ,86.64,38,36,59,57,3.89,146293539.27734327,37511163.0,0.0001,-27.43,1184,7294,6732,
3647,TNYA,Healthcare,Biotechnology,NASDAQ,86.64,38,29,39,30,0.77,177288076.40408546,216998877.0,0.15720001,-67.23,1765999,2416003,2982941,
3648,AAUC,Basic Materials,Gold,NYSE,86.61,38,58,92,97,20.86,2620847149.3640976,125881229.0,0.0287,-35.22,604664,580934,569826,0.138
3649,CBLL,Healthcare,Medical Devices,NASDAQ,86.6,38,65,79,87,16.91,710287317.9468155,37942700.0,0.080299996,-30.5,359394,377534,355168,0.293
3650,WRAP,Technology,Scientific & Technical Instruments,NASDAQ,86.59,38,11,23,65,1.7,114263409.84219313,55738250.0,0.1748,-47.37,1363676,3079112,1944719,0.452
3651,RYAN,Financial Services,Insurance - Specialty,NYSE,86.58,38,22,13,23,41.75,5433777825.962158,129468136.0,0.13239999,-37.28,1590459,2263073,2341757,0.158
3652,EDU,Consumer Defensive,Education & Training Services,NYSE,86.54,38,23,41,68,49.24,8193901591.332527,166712133.0,0.031,-24.21,733787,559679,579251,0.198
3653,IIF,Financial Services,Asset Management,NYSE,86.51,38,37,30,32,22.29,219777109.67552567,9534799.0,0.00029999999,-20.36,30694,27928,32262,0.026
3654,HLF,Consumer Defensive,Packaged Foods,NYSE,86.49,38,53,92,97,11.89,1242996274.1119537,103669416.0,0.0971,-41.72,1482705,1684348,1608811,0.078
3655,MBI,Financial Services,Insurance - Specialty,NYSE,86.48,37,52,59,58,5.66,333108613.1170206,50934039.0,0.052199997,-31.48,376799,341813,333349,0.048
3656,LAKE,Consumer Cyclical,Apparel Manufacturing,NASDAQ,86.48,37,61,25,9,10.76,112804547.53182983,9869164.0,0.18020001,-40.22,63016,139852,155579,0.014
3657,GSBD,Financial Services,Asset Management,NYSE,86.48,37,43,55,33,8.66,993984853.0216618,112569067.0,0.0696,-27.95,564248,930339,981207,-0.187
3658,NDRA,Healthcare,Diagnostics & Research,NASDAQ,86.47,37,36,35,16,4.86,6337683.939302444,1270077.0,0.035099998,-50.66,29538,47412,35805,
3659,LND,Consumer Defensive,Farm Products,NYSE,86.46,37,31,40,55,3.7,371565656.51001406,99615457.0,0.0011999999,-16.85,37202,44250,49738,-0.155
3660,TFPM,Basic Materials,Other Precious Metals & Mining,NYSE,86.43,37,35,68,89,29.03,5652683158.4210205,206603912.0,2.18,-30.38,435121,707010,670352,0.787
3661,SBGI,Communication Services,Broadcasting,NASDAQ,86.43,37,36,68,55,13.49,997328307.3968124,72165581.0,0.3118,-24.55,486619,582863,514705,0.04
3662,WPM,Basic Materials,Gold,NYSE,86.42,37,49,74,90,111.48,47310751910.60798,454125089.0,1.37,-32.75,1645365,2072428,1981683,0.916
3663,OPFI,Financial Services,Credit Services,NYSE,86.42,37,34,31,29,9.02,800988676.0124817,85393248.0,0.0321,-28.41,466277,747069,727827,-0.022
3664,BSBR,Financial Services,Banks - Regional,NYSE,86.41,37,33,54,84,5.3,19617321020.200485,3743763717.0,4.15,-27.6,1400557,1835625,1583229,0.004
3665,RKLB,Industrials,Aerospace & Defense,NASDAQ,86.4,37,89,92,96,63.91,42250243900.61588,624818725.0,0.074099995,-57.68,19530825,26544528,26270969,0.635
3666,AA,Basic Materials,Aluminum,NYSE,86.4,37,79,92,93,44.24,11605969643.379833,263891991.0,0.032,-47.57,5651599,6552393,5774831,0.314
3667,HSY,Consumer Defensive,Confectioners,NYSE,86.34,37,33,54,69,174.3,34771410456.82269,202843372.0,0.0783,-27.22,1541748,2192702,2076643,0.106
3668,ISOU,Energy,Uranium,NYSE ARCA,86.32,37,61,80,88,9.41,598544087.4791145,64988500.0,12.45,-30.71,64958,138436,132785,
3669,TEL,Technology,Electronic Components,NYSE,86.3,37,39,50,72,202.94,59345334182.05377,291895799.0,0.0353,-19.65,3065852,2609817,2669906,0.145
3670,SHW,Basic Materials,Specialty Chemicals,NYSE,86.3,37,49,36,43,317.51,81715315756.13324,246635621.0,0.032,-16.37,1936780,2512156,2456376,0.068
3671,EARN,Financial Services,Asset Management,NYSE,86.27,37,37,33,57,4.4,166054098.86627197,37568800.0,0.0251,-27.39,366063,378551,387826,
3672,EIC,Financial Services,Asset Management,NYSE,86.25,37,34,27,24,9.97,231757886.77527332,23433557.0,0.0033000002,-28.38,104750,99233,92470,-0.085
3673,PSHG,Industrials,Marine Shipping,NASDAQ,86.25,37,25,53,74,1.78,21010347.731373787,12432158.0,0.0378,-31.01,35129,44213,49413,0.583
3674,SNN,Healthcare,Medical Devices,NYSE,86.24,37,34,39,63,30.57,12894360460.929165,421522079.0,0.0088,-21.19,1784274,1522788,1388792,0.074
3675,TTEK,Industrials,Engineering & Construction,NASDAQ,86.24,37,26,30,64,31.71,8198385281.010326,259524699.0,0.052699998,-26.5,2240958,3217826,3556693,-0.049
3676,FSM,Basic Materials,Gold,NYSE,86.21,37,39,69,88,8.55,2472132231.6923714,302957387.0,3.33,-38.27,5195470,5069073,5120378,0.756
3677,PRTA,Healthcare,Biotechnology,NASDAQ,86.19,37,59,81,29,8.75,453379024.43153,52353237.0,0.1918,-25.85,572420,608646,579568,17.064
3678,DHY,Financial Services,Asset Management,NYSE ARCA,86.19,37,31,31,44,1.72,240374328.4174645,138146165.0,0.0015,-19.63,1155850,866973,778424,-0.04
3679,CAR,Industrials,Rental & Leasing Services,NASDAQ,86.18,37,61,86,34,159.48,5672133260.747925,35324986.0,0.5387,-81.19,441204,617791,754760,0.041
3680,NOA,Energy,Oil & Gas Equipment & Services,NYSE,86.15,37,37,37,31,13.92,359380110.92328644,27102572.0,2.25,-19.35,50499,76476,114101,-0.063
3681,CWEN,Utilities,Utilities - Renewable,NYSE,86.14,37,62,78,76,32.09,5204672520.209572,155781878.0,0.0683,-23.12,1039476,1522415,1325241,0.188
3682,APO,Financial Services,Asset Management,NYSE,86.13,37,36,33,37,122.61,69453065494.86673,576517513.0,0.0592,-20.09,4156757,4627699,4098383,-0.092
3683,ICL,Basic Materials,Agricultural Inputs,NYSE,86.11,37,29,30,23,5.28,6518127969.23499,1290718361.0,0.0043,-25.42,1108480,1450516,1378876,0.145
3684,CAG,Consumer Defensive,Packaged Foods,NYSE,86.11,37,24,20,32,14.77,6833917239.969187,478565642.0,0.1507,-27.31,17013733,21315581,18914582,0.036
3685,ESTC,Technology,Software - Application,NYSE,86.11,37,22,10,16,58.68,6402381092.33176,103951633.0,0.075500004,-38.92,1615634,1818588,2115204,0.16
3686,FERG,Industrials,Industrial Distribution,NYSE,86.11,37,58,69,74,230.67,44997455217.111786,193937826.0,0.0173,-15.08,1106036,1260815,1337147,0.036
3687,RGLD,Basic Materials,Gold,NASDAQ,86.1,37,37,69,91,200.96,16054214944.94461,84866602.0,0.036,-34.38,646565,747318,706823,1.43
3688,ASTI,Technology,Solar,NASDAQ,86.08,37,95,93,98,2.95,30038278.298299313,9816431.0,0.123,-70.11,447216,919245,1654265,2.325
3689,GEL,Energy,Oil & Gas Midstream,NYSE,86.06,37,24,60,72,15.02,1792877657.564787,122464318.0,0.045700002,-19.42,164598,359972,308445,0.121
3690,HIHO,Industrials,Metal Fabrication,NASDAQ,86.05,37,17,14,12,1.04,3608807.147629738,4626676.0,0.015700001,-52.94,9180276,3121428,2143923,-0.374
3691,RJET,Industrials,Airlines,NASDAQ,86.05,37,42,46,31,17.29,805935239.0863342,46829476.0,0.040799998,-35.24,92352,163444,182664,0.336
3692,DEO,Consumer Defensive,Beverages - Wineries & Distilleries,NYSE,86.05,37,40,25,30,83.08,46695280128.0,555896192.0,0.0077,-28.63,905842,1035750,1064706,-0.04
3693,CDW,Technology,Information Technology Services,NASDAQ,86.05,37,31,32,18,133.82,17021870513.010666,127753451.0,0.1,-27.14,1988060,2023270,2058670,0.092
3694,DXR,Healthcare,Medical Instruments & Supplies,NASDAQ,86.02,37,35,63,83,10.45,63636639.37289429,5838224.0,0.0004,-29.2,1680,2050,2114,-0.826
3695,BNT,Financial Services,Insurance - Diversified,NYSE,86.0,37,41,46,57,42.55,11968194328.476933,274374017.0,9.11,-14.66,26323,27121,24922,-0.367
3696,CCU,Consumer Defensive,Beverages - Brewers,NYSE,85.99,37,36,24,66,11.45,2075411873.942505,185139328.0,0.0356,-25.46,219268,168339,173559,0.002
3697,LMNR,Consumer Defensive,Farm Products,NASDAQ,85.98,37,31,29,30,13.06,245326049.86823177,18132007.0,0.0523,-21.42,63013,96354,99624,-0.319
3698,ELTK,Technology,Electronic Components,NASDAQ,85.98,37,41,34,23,8.94,60420233.19172478,6720827.0,0.0023,-22.86,13559,7363,8835,-0.182
3699,RICK,Consumer Cyclical,Restaurants,NASDAQ,85.97,37,43,29,17,26.07,200133012.33291626,7644500.0,0.1142,-36.06,33855,47515,47717,0.043
3700,INEO,Consumer Cyclical,Auto Parts,NASDAQ,85.97,37,21,36,10,0.72,11288111.53196758,16527249.0,0.0026,-43.31,386135,161388,148777,-0.206
3701,FDS,Financial Services,Financial Data & Stock Exchanges,NYSE,85.93,37,22,17,16,254.36,9179110862.625092,35565543.0,0.1713,-41.24,807713,990774,954372,0.064
3702,ISD,Financial Services,Asset Management,NYSE,85.9,37,38,39,57,12.43,421802055.3302593,33344037.0,0.21,-15.96,146762,128110,117114,
3703,MDT,Healthcare,Medical Devices,NYSE,85.82,37,29,29,69,83.21,106499755901.61209,1280045190.0,0.0149,-21.74,6779074,8541708,9926554,0.099
3704,LUXE,Consumer Cyclical,Luxury Goods,NYSE,85.82,37,29,60,29,8.0,1115936888.7483444,137261608.0,0.22530001,-29.7,137543,162314,247178,1.55
3705,OSG,Financial Services,Insurance - Specialty,NYSE,85.8,37,37,13,12,5.59,275033053.1299629,45013592.0,0.0313,-46.15,319529,485456,474539,0.66
3706,CME,Financial Services,Financial Data & Stock Exchanges,NASDAQ,85.79,37,22,56,62,255.31,88542141235.21953,361322751.0,0.0185,-22.44,2741902,3691137,3606772,0.144
3707,HAYW,Industrials,Electrical Equipment & Parts,NYSE,85.78,37,64,53,47,14.43,3115588490.631668,216962992.0,0.0537,-18.61,2987434,2889561,2745626,0.115
3708,CARG,Consumer Cyclical,Auto & Truck Dealerships,NASDAQ,85.77,37,26,66,35,33.37,3156548430.0,90187098.0,0.1729,-15.35,1110820,1347576,1457350,0.148
3709,BRN,Energy,Oil & Gas E&P,NYSE ARCA,85.75,37,25,35,22,1.07,15115337.313566208,14395560.0,0.0149,-23.57,91674,62311,70946,-0.29
3710,HD,Consumer Cyclical,Home Improvement Retail,NYSE,85.7,37,39,29,39,332.98,337892925160.6062,997116682.0,0.0148,-21.97,3718809,4597813,4926099,0.048
3711,CIK,Financial Services,Asset Management,NYSE ARCA,85.64,37,34,34,45,2.43,133308732.03227067,54859559.0,0.0016,-20.07,494551,535367,661262,0.009
3712,NXST,Communication Services,Broadcasting,NASDAQ,85.62,37,20,64,77,183.31,5610313465.184555,30538965.0,0.0991,-27.92,308252,448994,402344,0.131
3713,SJ,Communication Services,Internet Content & Information,NASDAQ,85.61,36,58,75,96,0.81,33630512.07376957,42462768.0,0.0001,-50.31,16453,58277,73738,-0.08
3714,CCL,Consumer Cyclical,Travel Services,NYSE,85.61,36,52,44,68,26.33,36172433023.79813,1369649119.0,0.026500002,-22.63,17451433,22756587,23752366,0.053
3715,RYAAY,Industrials,Airlines,NASDAQ,85.6,36,54,31,79,56.85,32494949844.45076,519337542.0,0.0047,-23.42,1912131,1544947,1508226,0.094
3716,NCLH,Consumer Cyclical,Travel Services,NYSE,85.6,36,38,26,38,19.37,8934282904.072113,459110140.0,0.2086,-28.73,10762881,15898900,18489310,0.096
3717,XPL,Basic Materials,Other Industrial Metals & Mining,NYSE ARCA,85.57,36,47,63,69,0.73,69800808.0,93067744.0,0.0017,-25.51,59378,105436,178673,
3718,FIGS,Consumer Cyclical,Apparel Manufacturing,NYSE,85.57,36,71,96,94,9.51,1722257248.525817,167047253.0,0.18879999,-45.59,2562663,3122164,2977326,0.28
3719,AVY,Consumer Cyclical,Packaging & Containers,NYSE,85.57,36,36,35,57,160.9,12269822937.966156,76490385.0,0.0388,-19.36,693959,734133,715829,0.07
3720,CPS,Consumer Cyclical,Auto Parts,NYSE,85.56,36,35,70,85,28.41,490400958.98082733,17755284.0,0.038,-40.79,157345,162268,150705,0.029
3721,SWKS,Technology,Semiconductors,NASDAQ,85.53,36,59,41,18,60.21,8926593674.548714,150405963.0,0.3039,-33.76,4763148,5360026,5298763,-0.01
3722,KLTR,Technology,Software - Application,NASDAQ,85.51,36,22,27,28,1.4,209020889.22887206,150374742.0,0.0148,-30.66,348432,373657,383542,-0.05
3723,PAYC,Technology,Software - Application,NYSE,85.49,36,20,16,13,145.35,6898012991.955688,46627098.0,0.0962,-41.61,604461,970633,922734,0.078
3724,SGRY,Healthcare,Medical Care Facilities,NASDAQ,85.49,36,41,20,13,15.73,2091302680.4449654,130788162.0,0.22940001,-34.73,1494067,1418985,1416107,0.045
3725,CSL,Industrials,Building Products & Equipment,NYSE,85.48,36,66,41,34,336.04,13976233192.390137,40465076.0,0.0792,-22.91,478121,531970,460906,-0.04
3726,SYK,Healthcare,Medical Devices,NYSE,85.47,36,28,27,37,330.25,122625605069.06128,383360762.0,0.0188,-18.43,2372574,2596848,2743520,0.026
3727,CLFD,Technology,Communication Equipment,NASDAQ,85.46,36,69,25,23,30.99,416381046.10565186,13589460.0,0.1252,-41.23,176467,200019,282991,-0.153
3728,CRDL,Healthcare,Drug Manufacturers - Specialty & Generic,NASDAQ,85.46,36,30,76,19,1.18,139479414.797287,115272240.0,0.0198,-30.99,1266563,659161,551818,
3729,PLBL,Consumer Cyclical,Department Stores,NASDAQ,85.44,36,26,15,52,7.55,2876141604.558568,366387470.0,0.014199999,-43.99,205936,360605,226963,0.611
3730,XHG,Financial Services,Insurance Brokers,NASDAQ,85.44,36,23,30,13,0.98,49743747.23810184,51547926.0,0.0004,-56.05,53584,45831,35170,
3731,ZVRA,Healthcare,Biotechnology,NASDAQ,85.43,36,87,61,35,9.52,754899649.7407379,59115084.0,0.111099996,-36.68,1512809,1602999,1874529,0.775
3732,FIZZ,Consumer Defensive,Beverages - Non-Alcoholic,NASDAQ,85.41,36,33,32,25,30.7,2908527980.5718536,93612102.0,0.1396,-35.84,544524,614964,496808,-0.053
3733,HIPO,Financial Services,Insurance - Property & Casualty,NYSE,85.39,36,29,40,47,27.76,763633443.6236172,26035917.0,0.0352,-28.78,129092,159907,146166,0.089
3734,PERI,Communication Services,Internet Content & Information,NASDAQ,85.37,36,27,61,31,9.32,387008065.20325947,41302889.0,0.0305,-18.53,265145,433628,512655,0.012
3735,YMM,Technology,Software - Application,NYSE,85.36,36,18,21,23,9.21,9559473292.239275,1045894194.0,0.0249,-34.54,6598540,6505113,9472402,0.055
3736,MWYN,Consumer Cyclical,"Furnishings, Fixtures & Appliances",NASDAQ,85.35,36,64,7,8,0.75,15772142.289926052,20194804.0,0.0045,-68.09,70252,197830,181888,1.219
3737,KLXE,Energy,Oil & Gas Equipment & Services,NASDAQ,85.3,36,52,91,77,2.18,43543271.24946594,20539280.0,0.0767,-51.56,231973,256414,312652,-0.06
3738,FHTX,Healthcare,Biotechnology,NASDAQ,85.27,36,21,47,80,4.85,304725258.53963757,58713922.0,0.0498,-30.22,246097,339885,270033,-0.451
3739,DRVN,Consumer Cyclical,Auto & Truck Dealerships,NASDAQ,85.27,36,31,22,35,13.61,2510629816.1279945,164955964.0,0.1401,-31.05,661971,956753,1207822,0.082
3740,FPH,Real Estate,Real Estate - Development,NYSE,85.24,36,35,31,31,5.23,379530636.78219986,72429514.0,0.0063,-21.23,131377,138202,157957,0.032
3741,TAL,Consumer Defensive,Education & Training Services,NYSE,85.23,36,22,48,63,10.3,5680140713.998959,554701254.0,0.1025,-22.96,3042693,3381971,3524656,0.315
3742,PEP,Consumer Defensive,Beverages - Non-Alcoholic,NASDAQ,85.23,36,40,62,59,136.64,187153923768.45044,1364891558.0,0.0271,-20.32,7835464,9547274,9084066,0.064
3743,AMRZ,Basic Materials,Building Materials,NYSE,85.21,36,55,63,44,49.25,27532911860.75282,553536609.0,0.016,-25.31,2790716,2809295,3092301,0.047
3744,ORA,Utilities,Utilities - Renewable,NYSE,85.2,36,70,66,88,99.4,6434187020.958633,61453555.0,0.09729999,-32.1,756936,871272,924051,0.758
3745,AKA,Consumer Cyclical,Apparel Retail,NYSE,85.2,36,33,43,32,10.97,119151235.39698029,10822092.0,0.0176,-33.03,2844,3528,4428,0.03
3746,RMCO,Financial Services,Asset Management,NASDAQ,85.14,36,61,84,97,2.3,32289858.14487362,15159557.0,0.0014,-54.0,7852,14187,44752,0.772
3747,PLUT,Financial Services,Capital Markets,NASDAQ,85.14,36,49,38,38,2.9,45282500.73194504,15350000.0,0.0005,-30.79,587,1305,4025,-0.204
3748,ARES,Financial Services,Asset Management,NYSE,85.13,36,23,18,30,126.51,28343144034.582733,225518332.0,0.1491,-35.21,1746606,2247818,2305179,0.283
3749,JKHY,Technology,Information Technology Services,NASDAQ,85.13,36,20,30,62,150.58,10776271672.502136,71050780.0,0.066,-22.14,1079928,1557816,1670269,0.087
3750,CLW,Basic Materials,Paper & Paper Products,NYSE,85.1,36,32,17,18,16.82,257681535.55844498,16125253.0,0.057600003,-45.67,188239,183636,194719,-0.047
3751,CPZ,Financial Services,Asset Management,NASDAQ,85.1,36,33,36,44,12.88,256592769.58872986,19632194.0,0.0011,-23.42,97246,86848,87779,
3752,HHH,Real Estate,Real Estate - Development,NYSE,85.08,36,40,25,62,65.91,4192801080.2840195,59624589.0,0.0846,-27.63,328499,401393,412665,0.184
3753,CYH,Healthcare,Medical Care Facilities,NYSE,85.08,36,47,36,40,2.73,465025142.88056755,140916712.0,0.0934,-38.37,2883697,2071075,1766961,-0.061
3754,MYSE,Technology,Software - Application,NASDAQ,85.07,36,76,77,14,2.47,14809825.004429817,5196430.0,0.044899996,-57.19,196004,772414,507542,-0.12
3755,PZG,Basic Materials,Gold,NYSE ARCA,85.04,36,51,94,98,1.1,97794193.11284459,85784381.0,0.010199999,-59.41,559491,511773,631166,
3756,SLM,Financial Services,Credit Services,NASDAQ,85.04,36,39,25,33,24.29,4778946522.077007,188592995.0,0.12100001,-27.49,3018923,3166004,2841612,0.025
3757,DNN,Energy,Uranium,NYSE ARCA,85.0,36,66,88,94,2.91,2552147772.4235997,905016962.0,2.77,-34.31,24369140,24976810,24113190,-0.196
3758,VICI,Real Estate,REIT - Diversified,NYSE,85.0,36,33,39,32,26.73,29586025548.753265,1101080187.0,0.0324,-21.41,6310743,10045671,9275876,0.035
3759,KMDA,Healthcare,Drug Manufacturers - Specialty & Generic,NASDAQ,84.97,36,35,62,74,7.06,406744628.6043091,57694272.0,0.0049,-24.49,34640,34663,44866,0.028
3760,SEVN,Real Estate,REIT - Mortgage,NASDAQ,84.97,36,34,31,24,7.9,192744530.77619648,22596077.0,0.0328,-29.15,188676,167805,138349,-0.001
3761,HMY,Basic Materials,Gold,NYSE,84.96,36,37,27,87,15.87,9249792060.145683,631385140.0,0.0195,-39.1,2861084,3682601,4027794,0.195
3762,KGC,Basic Materials,Gold,NYSE,84.95,36,49,84,95,23.85,26951050215.49671,1194109463.0,1.9,-39.02,6644139,8505456,8172225,0.608
3763,VEL,Financial Services,Mortgage Finance,NYSE,84.94,36,35,56,64,17.41,686967417.5,39255281.0,0.2746,-18.63,111866,102782,92921,1.321
3764,PEPG,Healthcare,Biotechnology,NASDAQ,84.91,36,9,11,98,1.93,155630733.75,69169215.0,0.0817,-75.26,1160328,978686,870753,
3765,BX,Financial Services,Asset Management,NYSE,84.89,36,26,24,31,130.0,155117273753.8671,1222261991.0,0.0313,-31.61,4805027,5050945,5087947,0.057
3766,AGPU,Technology,Software - Infrastructure,NASDAQ,84.8,36,96,44,2,6.85,78214536.49709702,11384940.0,0.030199999,-78.66,653631,376433,387726,-0.68
3767,NXRT,Real Estate,REIT - Residential,NYSE,84.8,36,40,35,30,26.07,1370592911.795208,51545427.0,0.0644,-25.68,193150,274903,233246,0.005
3768,EDTK,Consumer Defensive,Education & Training Services,NASDAQ,84.75,36,37,39,45,0.95,15005542.393850505,15929451.0,0.0001,-19.49,2380,2480,2116,
3769,EGHT,Technology,Software - Application,NASDAQ,84.75,36,27,49,22,1.74,266550770.3239292,141782325.0,0.017,-39.58,1850354,1971804,1966714,0.046
3770,OBDC,Financial Services,Asset Management,NYSE,84.71,36,31,32,30,10.77,5454396496.164703,496305424.0,0.045,-28.91,3224823,3599444,3509910,-0.146
3771,FUL,Basic Materials,Specialty Chemicals,NYSE,84.68,36,57,57,52,55.7,3063730881.3161545,53787411.0,0.057800002,-18.84,620047,871445,814045,0.058
3772,INR,Energy,Oil & Gas E&P,NYSE,84.67,35,19,64,65,13.2,243770891.0,18751607.0,0.15890001,-32.6,313442,381320,419776,0.818
3773,JOB,Industrials,Staffing & Employment Services,NYSE ARCA,84.67,35,35,58,69,0.21,23072843.339631647,109870686.0,0.0064,-25.0,174690,164113,170432,-0.205
3774,BBUC,Industrials,Conglomerates,NYSE,84.67,35,35,53,74,31.11,6452894937.5,206492638.0,0.0336,-18.67,281028,602956,480203,-0.046
3775,BHFAN,Financial Services,Insurance - Life,NASDAQ,84.64,35,37,38,43,11.35,,,0.61,-27.48,46151,64783,66874,-0.362
3776,KRMD,Healthcare,Medical Instruments & Supplies,NASDAQ,84.63,35,39,52,88,3.83,188784636.13271713,45933000.0,0.018,-42.04,150018,160122,140975,0.221
3777,MRT,Technology,Software - Application,NYSE ARCA,84.61,35,16,30,18,2.05,137510069.24905968,85943792.0,0.0027,-28.25,54923,72194,57712,1.561
3778,CIA,Financial Services,Insurance - Life,NYSE,84.58,35,81,70,71,4.84,271472632.8946037,50553564.0,0.0758,-25.99,94243,130151,115312,0.073
3779,RCI,Communication Services,Telecom Services,NYSE,84.58,35,41,61,71,32.73,18724208053.048164,540225278.0,12.08,-20.44,1513291,1327747,1256124,0.102
3780,KBR,Industrials,Engineering & Construction,NYSE,84.56,35,19,22,29,36.93,4446523753.296776,126789957.0,0.0842,-29.29,1465996,1755655,1840469,-0.047
3781,SGML,Basic Materials,Other Industrial Metals & Mining,NASDAQ,84.56,35,91,98,90,9.63,1149783293.609562,112064646.0,0.036,-60.66,1503707,1864312,2570887,-0.112
3782,STE,Healthcare,Medical Devices,NYSE,84.51,35,28,31,67,214.07,21230180654.299316,97457680.0,0.0241,-20.55,626557,783415,814997,0.073
3783,AUC,Financial Services,Capital Markets,NASDAQ,84.49,35,33,59,13,7.99,81888182.21013594,10313373.0,0.0007,-33.08,3300,7013,6380,3.0
3784,DUOT,Technology,Software - Application,NASDAQ,84.48,35,86,34,78,8.07,257902340.35831833,31413196.0,0.1337,-47.19,728455,782735,835333,-0.45
3785,OFLX,Industrials,Specialty Industrial Machinery,NASDAQ,84.48,35,52,64,61,29.55,301618332.88850784,10094322.0,0.0271,-22.07,57015,48688,45507,-0.01
3786,LVO,Communication Services,Internet Content & Information,NASDAQ,84.47,35,56,36,15,4.87,71741762.78265953,13561770.0,0.0182,-35.07,45483,64874,75262,-0.019
3787,MESO,Healthcare,Biotechnology,NASDAQ,84.45,35,39,37,62,15.31,2243070795.757431,129507554.0,0.032899998,-28.79,346164,256454,225106,15.268
3788,MBUU,Consumer Cyclical,Recreational Vehicles,NASDAQ,84.43,35,38,22,51,27.7,553175446.4681873,19637041.0,0.0694,-30.14,202579,286006,298101,0.031
3789,SDHC,Real Estate,Real Estate - Development,NYSE,84.43,35,33,18,29,15.26,128881644.57735157,8347257.0,0.2395,-35.06,51017,70462,74997,-0.081
3790,QGEN,Healthcare,Diagnostics & Research,NYSE,84.41,35,29,15,70,41.37,8487187814.712524,206250000.0,0.0363,-28.45,2388923,2937111,2678446,0.018
3791,DECK,Consumer Cyclical,Footwear & Accessories,NYSE,84.41,35,48,55,66,96.04,14789432814.248268,138880957.0,0.0673,-24.08,2468427,2307085,2299653,0.096
3792,NMAX,Communication Services,Broadcasting,NYSE,84.39,35,22,10,6,7.5,1079782947.8562117,129160645.0,0.9517,-52.95,529302,1084447,1283580,0.14
3793,VHI,Basic Materials,Chemicals,NYSE,84.39,35,32,43,26,13.62,393118859.4868212,28302293.0,0.0276,-24.54,7885,11551,13185,0.04
3794,PRQR,Healthcare,Biotechnology,NASDAQ,84.37,35,25,22,16,1.72,239906515.92919636,141121476.0,0.0112,-44.52,893166,1397315,1065149,-0.571
3795,XP,Financial Services,Capital Markets,NASDAQ,84.36,35,27,59,73,16.69,8613012797.51936,516677430.0,0.0514,-27.84,3864208,5632242,6183035,0.097
3796,EXE,Energy,Oil & Gas E&P,NASDAQ,84.35,35,22,33,63,91.52,21083237805.308342,239228849.0,0.0322,-27.72,3818416,4117232,3711411,0.41
3797,NOC,Industrials,Aerospace & Defense,NYSE,84.35,35,24,39,80,542.24,74080401117.60425,142033476.0,0.0166,-29.94,1082322,1066654,1022970,0.044
3798,TREX,Industrials,Building Products & Equipment,NYSE,84.34,35,72,24,16,43.43,4688949750.745815,103898729.0,0.1125,-36.86,2323983,2024591,1974264,0.01
3799,WOLF,Technology,Semiconductors,NYSE,84.31,35,97,76,13,23.09,1553446067.168747,51972101.0,3.39,-71.43,3681506,4948162,7279003,-0.19
3800,GNLX,Healthcare,Biotechnology,NASDAQ,84.3,35,29,19,12,2.89,128691988.78842163,44840416.0,0.0691,-66.14,142820,181693,172140,
3801,MQ,Technology,Software - Infrastructure,NASDAQ,84.29,35,22,36,30,17.07,1854072497.4667912,106007577.0,0.0276,-39.38,1092691,1188530,1202634,0.192
3802,CRMD,Healthcare,Biotechnology,NASDAQ,84.29,35,23,24,14,7.87,660564928.2054043,78451891.0,0.1929,-47.39,827227,1270389,1367029,2.261
3803,GOF,Financial Services,Asset Management,NYSE,84.28,35,32,32,36,10.49,2266740863.823166,212043120.0,0.05,-30.99,1583346,1508195,1459107,
3804,OPK,Healthcare,Diagnostics & Research,NASDAQ,84.22,35,70,30,28,1.22,898559827.8467255,755092256.0,0.077,-24.22,2946509,2957819,2935927,-0.172
3805,XYL,Industrials,Specialty Industrial Machinery,NYSE,84.21,35,30,30,45,119.75,29184006780.38681,237693493.0,0.0427,-22.38,1929979,1926076,1934141,0.027
3806,BHFAP,Financial Services,Insurance - Life,NASDAQ,84.18,35,35,41,41,13.82,,,0.8,-26.1,32221,31913,30640,-0.362
3807,LZ,Industrials,Specialty Business Services,NASDAQ,84.14,35,18,18,39,7.18,1325120702.066866,171647764.0,0.1357,-42.1,2225382,2656824,2743844,0.129
3808,HCA,Healthcare,Medical Care Facilities,NYSE,84.14,35,27,55,78,382.19,82342495339.19678,221839800.0,0.0366,-31.33,2009671,1692313,1723282,0.043
3809,BN,Financial Services,Asset Management,NYSE,84.13,35,47,46,57,41.67,97451781031.53755,2233595660.0,3.68,-15.94,3530857,3640685,4069693,0.079
3810,TBCH,Technology,Consumer Electronics,NASDAQ,84.11,35,34,26,20,12.04,258214951.75271416,19847421.0,0.2399,-30.75,251912,297237,318888,-0.34
3811,RWT,Real Estate,REIT - Mortgage,NYSE,84.11,35,30,54,48,4.92,641104559.1101961,125215737.0,0.0001,-29.41,1652068,3605849,2556293,-0.134
3812,CGNT,Technology,Software - Infrastructure,NASDAQ,84.11,35,31,53,41,8.31,645663762.1899433,73705907.0,0.0104,-32.49,476393,663654,752014,0.104
3813,ACIC,Financial Services,Insurance - Property & Casualty,NASDAQ,84.11,35,37,68,47,10.28,496756481.75,48464047.0,0.045100003,-21.29,245726,306695,301019,-0.014
3814,VTEX,Technology,Software - Application,NYSE,84.09,35,24,33,11,3.9,716041667.2823534,170486119.0,0.0496,-40.0,793448,1438786,1448555,0.121
3815,CSR,Real Estate,REIT - Residential,NYSE,84.04,35,35,69,63,55.73,937951716.2320862,16803148.0,0.0554,-19.94,140271,172373,166482,-0.03
3816,NIXX,Industrials,Staffing & Employment Services,NASDAQ,84.02,35,56,7,5,0.85,32933462.417221785,28637794.0,0.0414,-59.52,1551026,6361082,4301065,22.054
3817,GBFH,Financial Services,Banks - Regional,NASDAQ,84.02,35,35,21,22,31.0,444818617.16799927,14470352.0,0.0728,-29.55,59079,70686,69671,0.043
3818,CACI,Technology,Information Technology Services,NYSE,83.98,35,24,34,80,486.77,10196462681.86615,22091305.0,0.0845,-28.78,264360,282186,282382,0.085
3819,EPAC,Industrials,Specialty Industrial Machinery,NYSE,83.94,35,36,31,36,34.67,1769873959.2719421,51137646.0,0.0343,-22.96,521215,612401,543671,0.056
3820,MARA,Financial Services,Capital Markets,NASDAQ,83.94,35,77,24,9,12.12,4075781517.08253,381270503.0,0.3214,-48.32,54670549,47677376,44481867,-0.184
3821,VSNT,Communication Services,Entertainment,NASDAQ,83.91,35,27,41,15,35.38,5079778954.408836,141498015.0,0.0304,-40.03,1664679,2112479,2017515,-0.011
3822,ZIONP,Financial Services,Banks - Regional,NASDAQ,83.9,35,31,33,28,18.16,,,0.02,-22.39,3899,4326,4249,0.102
3823,OST,Technology,Electronic Components,NASDAQ,83.9,35,21,18,9,1.7,10108844.712820053,5963920.0,0.0296,-46.88,0,0,0,-0.16
3824,BHFAO,Financial Services,Insurance - Life,NASDAQ,83.86,35,35,46,44,14.16,,,0.61,-25.0,46407,40542,38177,-0.362
3825,MMLP,Energy,Oil & Gas Midstream,NASDAQ,83.84,35,18,31,33,2.45,95072989.59185457,39124686.0,0.0093,-30.79,16225,35465,36191,-0.025
3826,LSPD,Technology,Software - Application,NYSE,83.83,35,31,20,28,9.91,1364670821.1441708,131218353.0,0.0591,-30.89,692159,1068523,1217819,0.147
3827,MXCT,Healthcare,Medical Devices,NASDAQ,83.8,35,64,11,5,1.08,132830874.30159187,107121672.0,0.0143,-54.43,990622,1416140,1400530,-0.071
3828,SIM,Basic Materials,Steel,NYSE ARCA,83.77,35,51,59,68,26.51,4578432925.331978,153432738.0,3.15,-23.36,24373,8241,4946,0.032
3829,YUMC,Consumer Cyclical,Restaurants,NYSE,83.77,35,26,44,60,43.4,15082432150.533772,343798325.0,0.0134000005,-25.67,1590936,1693712,1716463,0.097
3830,VIPS,Consumer Cyclical,Internet Retail,NYSE,83.71,35,21,30,61,14.25,6963922830.0,480270540.0,0.019199999,-32.4,1972651,2430223,2647038,0.012
3831,NKTX,Healthcare,Biotechnology,NASDAQ,83.7,34,85,76,49,2.27,186017923.97690296,71545358.0,0.0591,-38.98,632327,769592,677427,
3832,CDE,Basic Materials,Gold,NYSE,83.69,34,61,88,97,15.13,14788171199.967733,1030534551.0,0.0539,-45.52,28476340,40158220,33506878,1.378
3833,XOS,Industrials,Farm & Heavy Construction Machinery,NASDAQ,83.68,34,73,9,26,2.02,29632650.21749568,13718819.0,0.0719,-75.57,88213,266361,3282148,0.909
3834,BXMT,Real Estate,REIT - Mortgage,NYSE,83.67,34,34,63,59,16.69,2881114508.7304688,168683520.0,0.070700005,-19.25,1549120,1652716,1516628,0.349
3835,FCN,Industrials,Consulting Services,NYSE,83.67,34,23,57,43,159.79,4899914281.642319,30144043.0,0.0992,-15.59,307700,472173,506684,0.095
3836,RMBS,Technology,Semiconductors,NASDAQ,83.66,34,87,80,90,96.01,10969414196.486267,108136967.0,0.0612,-44.85,2692224,3427898,2988396,0.081
3837,ALLT,Technology,Software - Infrastructure,NASDAQ,83.66,34,33,25,76,7.65,393830956.2813406,48923099.0,0.040700004,-35.82,272184,396454,438512,0.141
3838,IDXX,Healthcare,Diagnostics & Research,NASDAQ,83.66,34,32,37,78,544.32,44761368010.26544,78882997.0,0.028099999,-29.31,561466,666372,653205,0.143
3839,ADNT,Consumer Cyclical,Auto Parts,NYSE,83.65,34,35,62,62,20.4,1551801000.5196,78413387.0,0.091000006,-25.33,794059,1036629,1009563,0.07
3840,MLM,Basic Materials,Building Materials,NYSE,83.64,34,56,52,66,559.6,33781224493.56079,60045900.0,0.0424,-21.29,458637,606659,589955,0.172
3841,CCM,Healthcare,Medical Care Facilities,NYSE,83.62,34,47,20,14,4.3,18539157.127188206,4341723.0,0.0053,-60.07,64138,58592,53371,0.574
3842,MTRX,Industrials,Engineering & Construction,NASDAQ,83.61,34,64,34,46,12.34,341826266.76778793,28133850.0,0.0315,-23.4,170811,235843,243376,0.033
3843,CNL,Basic Materials,Gold,NYSE ARCA,83.6,34,34,89,94,12.8,1123075397.930417,92739507.0,26.37,-41.74,44753,62184,63470,
3844,NSSC,Industrials,Security & Protection Services,NASDAQ,83.55,34,39,85,61,35.74,1290471374.279087,35727337.0,0.097200006,-25.73,256658,439596,427153,0.076
3845,PIPR,Financial Services,Capital Markets,NYSE,83.54,34,42,66,68,76.09,5157509360.657005,67577429.0,0.052800003,-19.96,545483,630894,600068,0.328
3846,BEKE,Real Estate,Real Estate Services,NYSE,83.52,34,27,26,48,15.89,19249953362.17272,1106319183.0,0.0552,-24.26,3941599,3895023,4706911,-0.19
3847,TAP,Consumer Defensive,Beverages - Brewers,NYSE,83.51,34,32,28,39,40.95,7676477222.036133,187551360.0,0.2534,-25.3,2697935,3182028,3175299,0.02
3848,PD,Technology,Software - Application,NYSE,83.49,34,29,7,13,9.08,794362434.2099619,77122565.0,0.1091,-49.56,1626800,1931180,2075546,0.01
3849,RDCM,Communication Services,Telecom Services,NASDAQ,83.49,34,36,78,34,13.03,232496062.2766657,16738377.0,0.032,-22.16,128315,156215,209743,0.12
3850,U,Technology,Software - Application,NYSE,83.48,34,57,22,48,28.62,12655149463.115068,436534997.0,0.0795,-45.12,6610336,6825468,8111563,0.168
3851,GIGM,Communication Services,Electronic Gaming & Multimedia,NASDAQ,83.47,34,30,36,37,1.38,15362606.49189651,11052235.0,0.0014,-26.98,8727,7409,6209,-0.123
3852,SVV,Consumer Cyclical,Specialty Retail,NYSE,83.46,34,66,22,26,9.11,1530622345.9048367,153986158.0,0.19,-34.41,787783,779834,977966,0.089
3853,GFL,Industrials,Waste Management,NYSE,83.45,34,26,28,30,39.68,14280024688.558628,360971289.0,0.0958,-22.97,2138307,3275999,2904157,0.054
3854,ASTL,Basic Materials,Steel,NASDAQ,83.45,34,32,36,22,4.32,403638402.72948647,105388619.0,0.0208,-39.92,869019,855176,1100951,-0.426
3855,LE,Consumer Cyclical,Apparel Retail,NASDAQ,83.45,34,27,24,86,11.75,356594068.9267101,30740867.0,0.0968,-41.37,286838,303829,287653,-0.085
3856,BWXT,Industrials,Aerospace & Defense,NYSE,83.45,34,66,81,85,174.52,15682594944.81427,91614649.0,0.0403,-27.83,950254,981038,972322,0.261
3857,PI,Technology,Semiconductors,NASDAQ,83.43,34,56,26,32,127.55,4214637279.7235107,30459185.0,0.161,-48.37,322413,350771,398450,-0.0
3858,BZ,Communication Services,Internet Content & Information,NASDAQ,83.43,34,18,18,43,15.42,6666120136.649395,447090557.0,0.0508,-38.95,2702040,3389436,3772404,0.076
3859,AMPL,Technology,Software - Application,NASDAQ,83.43,34,18,15,25,8.1,1273144812.1902275,132619246.0,0.090500005,-44.1,1791094,2312544,2561814,0.169
3860,ADIL,Healthcare,Biotechnology,NASDAQ,83.41,34,23,1,5,2.78,6127713.095645666,2188469.0,0.10609999,-85.37,29024,792778,547472,
3861,GANX,Healthcare,Biotechnology,NASDAQ,83.4,34,25,42,37,1.75,72938406.60712242,42654038.0,0.0866,-59.68,710668,1137296,971917,
3862,ARHS,Consumer Cyclical,Specialty Retail,NASDAQ,83.37,34,38,25,54,7.91,1088443100.2589874,141540064.0,0.094399996,-39.06,950443,1246144,1275720,0.009
3863,ALTG,Industrials,Rental & Leasing Services,NYSE,83.36,34,82,81,64,6.44,207576748.92339706,32535540.0,0.0232,-27.48,128491,205200,246450,-0.03
3864,SATL,Industrials,Aerospace & Defense,NASDAQ,83.34,34,75,93,94,3.59,566292440.6436388,148244097.0,0.18129998,-70.08,4559171,7145533,8483230,0.803
3865,INTA,Technology,Software - Application,NASDAQ,83.33,34,11,9,17,27.47,2244033711.0726643,77061595.0,0.104399994,-42.69,697739,848003,1009575,0.131
3866,LAZ,Financial Services,Capital Markets,NYSE,83.31,34,29,47,67,44.35,4248570469.5796013,98437685.0,0.0996,-24.51,1939495,2739725,2209637,0.154
3867,BAM,Financial Services,Asset Management,NYSE,83.29,34,30,27,27,46.35,77172691327.35329,1596786435.0,0.0502,-27.69,2173680,2601516,2761202,0.238
3868,HRZN,Financial Services,Asset Management,NASDAQ,83.27,34,28,11,41,4.31,318096766.84418106,68261111.0,0.045900002,-49.05,609341,671687,746076,-0.018
3869,SONY,Technology,Consumer Electronics,NYSE,83.24,34,23,24,25,20.98,124026403846.7663,5872462070.0,0.0028,-30.85,3910632,4996854,5736086,0.083
3870,UFPI,Basic Materials,Lumber & Wood Production,NASDAQ,83.22,34,40,36,51,87.94,4853346181.136398,56480230.0,0.0454,-25.47,402098,499592,489351,-0.084
3871,LKFT,Healthcare,Biotechnology,NASDAQ,83.21,34,33,30,71,27.84,1965194961.6882515,65484670.0,0.0556,-26.31,175630,163830,175508,-0.914
3872,UPC,Healthcare,Drug Manufacturers - Specialty & Generic,NASDAQ,83.21,34,31,14,24,3.39,2882878.9764347076,647838.0,0.3812,-81.12,101740,2951540,1787982,-0.141
3873,DC,Basic Materials,Gold,NYSE ARCA,83.21,34,28,80,94,4.65,558480174.7079029,133928097.0,0.059,-35.86,1190342,1771600,1559118,
3874,CTRM,Industrials,Marine Shipping,NASDAQ,83.2,34,37,34,56,1.87,19131461.104294777,9662354.0,0.0019,-29.54,36963,41917,56302,0.045
3875,ONIT,Financial Services,Mortgage Finance,NYSE,83.18,34,32,72,75,39.44,344115522.549778,8432137.0,0.042,-27.1,53571,69300,70134,0.178
3876,BAER,Industrials,Security & Protection Services,NASDAQ,83.17,34,32,55,91,1.85,111817026.83805227,57637641.0,0.0387,-46.22,334065,421261,613315,-0.456
3877,PED,Energy,Oil & Gas E&P,NYSE ARCA,83.15,34,29,82,36,11.95,161218642.78102303,13290902.0,0.0759,-36.74,26196,59825,44435,3.604
3878,PHUN,Technology,Software - Application,NASDAQ,83.12,34,28,34,11,2.15,43757478.80501962,20447419.0,0.028199999,-41.89,109161,100670,125162,-0.212
3879,APPN,Technology,Software - Infrastructure,NASDAQ,83.1,34,17,17,28,23.75,1916790498.0072021,73412120.0,0.15359999,-48.44,796331,818163,912326,0.215
3880,CAE,Industrials,Aerospace & Defense,NASDAQ,83.07,34,28,28,73,25.18,7939802619.082081,321579686.0,7.76,-26.46,612908,659289,811281,0.04
3881,WPP,Communication Services,Advertising Agencies,NYSE,83.06,34,24,16,19,18.75,4109178313.780216,215704907.0,0.0121,-36.89,328900,515630,480632,-0.083
3882,EPM,Energy,Oil & Gas E&P,NYSE ARCA,83.06,34,31,71,28,3.83,136479570.05028248,35821410.0,0.0504,-32.81,271930,366280,370788,-0.106
3883,DCH,Consumer Cyclical,Auto Parts,NYSE,83.05,34,51,48,90,5.48,1291275035.6622334,237366732.0,0.0983,-40.76,2796768,3794419,3925647,0.686
3884,CBRE,Real Estate,Real Estate Services,NYSE,83.0,34,32,36,70,139.46,41275426941.77162,292816579.0,0.019,-19.97,1484818,1830272,2291085,0.186
3885,EL,Consumer Defensive,Household & Personal Products,NYSE,82.99,34,48,27,85,80.29,29714215375.250587,361794915.0,0.036,-33.99,2079374,2931808,3347198,0.046
3886,EXK,Basic Materials,Silver,NYSE,82.99,34,58,83,96,7.82,2193869777.643486,296068802.0,2.91,-48.38,6172369,6276003,6399657,2.302
3887,AESI,Energy,Oil & Gas Equipment & Services,NYSE,82.98,34,83,85,23,11.96,1757421528.7618408,124905584.0,0.2219,-40.59,2821743,2761314,2867578,-0.108
3888,MX,Technology,Semiconductors,NYSE,82.95,34,90,88,29,3.5,124827615.62467575,36499302.0,0.033800002,-64.5,938905,1412508,2655063,0.033
3889,CHRS,Healthcare,Biotechnology,NASDAQ,82.94,34,69,77,93,1.41,215949856.3223958,154249900.0,0.1735,-46.1,474653,900567,1000636,0.62
3890,HGLB,Financial Services,Asset Management,NYSE,82.93,33,32,41,57,7.34,176456529.04995203,23590445.0,0.0,-31.02,83465,104795,96509,
3891,KT,Communication Services,Telecom Services,NYSE,82.92,33,28,58,63,18.56,8363188842.607788,476263616.0,0.0135,-24.49,1281002,1556540,1742412,-0.01
3892,EDIT,Healthcare,Biotechnology,NASDAQ,82.92,33,64,85,33,2.6,457316280.16705227,153461838.0,0.1467,-42.69,1518722,2528474,2804834,-0.392
3893,NRP,Energy,Thermal Coal,NYSE,82.88,33,32,63,63,98.0,1277339737.0185242,13250412.0,0.0375,-23.79,37873,46691,51470,-0.153
3894,ROAD,Industrials,Engineering & Construction,NASDAQ,82.86,33,62,66,67,103.29,5906184565.752136,56534742.0,0.048600003,-31.6,1891365,1141225,903581,0.346
3895,BCE,Communication Services,Telecom Services,NYSE,82.86,33,42,47,68,21.3,20366363985.572147,932525817.0,5.77,-19.68,3736766,3940192,3926721,0.04
3896,LUMN,Communication Services,Telecom Services,NYSE,82.84,33,84,87,92,6.34,6470353735.767865,1030311070.0,0.0677,-46.95,9209568,13053052,13659191,-0.089
3897,ORLY,Consumer Cyclical,Auto Parts,NASDAQ,82.83,33,32,34,51,87.4,71310935076.98772,828715079.0,0.0287,-19.61,7849891,8723087,8060612,0.102
3898,TKC,Communication Services,Telecom Services,NYSE,82.82,33,44,51,61,5.56,4979700383.185672,870577022.0,0.008,-22.56,1912221,2133117,1967086,0.089
3899,NRG,Utilities,Utilities - Independent Power Producers,NYSE,82.81,33,35,57,60,141.03,27240463270.47592,210986470.0,0.0513,-25.76,2124519,2548869,2616543,0.195
3900,NXE,Energy,Uranium,NYSE,82.8,33,54,86,93,9.14,5824803031.049203,661909421.0,6.05,-34.53,4718069,5137949,5676065,
3901,ADT,Industrials,Security & Protection Services,NYSE,82.75,33,25,30,35,7.04,5132731023.0,733247289.0,0.078200005,-21.21,6651375,8349438,8977897,0.009
3902,BA,Industrials,Aerospace & Defense,NYSE,82.75,33,55,54,71,209.52,168720346941.64688,788302331.0,0.0002,-17.63,5083161,5514913,6264212,0.14
3903,QTWO,Technology,Software - Application,NYSE,82.72,33,16,16,23,54.61,3434259243.988266,62600423.0,0.1039,-41.06,813563,794604,784556,0.141
3904,NCDL,Financial Services,Asset Management,NYSE,82.71,33,33,54,30,12.13,626721834.1263628,49387065.0,0.0242,-29.11,165144,200474,202196,
3905,IVA,Healthcare,Biotechnology,NASDAQ,82.71,33,17,49,94,4.46,1091339380.5866919,236220651.0,0.0064,-44.13,818224,1375828,1048606,-0.899
3906,RCKT,Healthcare,Biotechnology,NASDAQ,82.68,33,29,28,18,3.19,375625814.808105,109193549.0,0.2041,-41.47,1397239,2607443,2540607,
3907,PXED,Consumer Defensive,Education & Training Services,NYSE,82.67,33,30,23,21,28.55,1087188854.659607,36047376.0,0.0709,-39.36,160105,134211,116601,0.0
3908,SCZM,Basic Materials,Other Industrial Metals & Mining,NASDAQ,82.65,33,65,95,99,6.29,550879757.3666654,92740699.0,5.35,-64.35,426447,471969,514215,0.814
3909,ROCK,Industrials,Building Products & Equipment,NASDAQ,82.63,33,29,16,21,45.19,1280801671.4720993,29661919.0,0.0701,-39.81,283088,347682,354115,0.446
3910,CDRE,Industrials,Aerospace & Defense,NYSE,82.61,33,24,24,61,30.86,1243693903.2036953,42797451.0,0.0761,-36.71,272880,405793,374548,0.195
3911,DCBO,Technology,Software - Application,NASDAQ,82.57,33,19,21,13,19.37,517298406.07803154,25382651.0,5.89,-42.04,115084,91128,115894,0.145
3912,DFIN,Technology,Software - Application,NYSE,82.57,33,21,38,43,48.26,1247869650.3100395,24982375.0,0.047,-26.63,248486,304895,325503,0.022
3913,PSN,Technology,Information Technology Services,NYSE,82.57,33,18,16,29,58.73,5996146020.431866,106978521.0,0.1682,-34.38,859397,1054209,1132073,-0.041
3914,VIRC,Consumer Cyclical,"Furnishings, Fixtures & Appliances",NASDAQ,82.57,33,37,26,23,6.0,97051281.5100689,15729543.0,0.0233,-33.99,29351,94730,78156,-0.091
3915,LPX,Industrials,Building Products & Equipment,NYSE,82.56,33,50,26,27,74.48,5168604056.931763,69864880.0,0.1021,-27.59,1112641,1147273,1097382,-0.207
3916,RPC,Financial Services,Asset Management,NYSE,82.55,33,26,17,33,8.42,964087817.029747,110055684.0,0.048899997,-35.63,513926,491322,439461,0.109
3917,BHFAM,Financial Services,Insurance - Life,NASDAQ,82.53,33,34,39,39,9.94,,,1.32,-30.0,38831,56890,45416,-0.362
3918,BKNG,Consumer Cyclical,Travel Services,NASDAQ,82.51,33,30,25,37,177.46,140779908577.10083,774878436.0,0.0385,-23.44,5291846,7543758,7454247,0.162
3919,IFN,Financial Services,Asset Management,NYSE,82.49,33,32,27,30,11.43,490497425.0,42651950.0,0.0069999998,-28.83,131737,146672,155631,-0.16
3920,AUTL,Healthcare,Biotechnology,NASDAQ,82.47,33,48,32,20,1.45,383246348.50884104,266143287.0,0.072399996,-46.3,1232141,1106727,1361418,
3921,AOS,Industrials,Specialty Industrial Machinery,NYSE,82.46,33,31,34,60,60.78,8111214312.09021,137828624.0,0.1075,-25.76,1616741,1801740,1726916,-0.019
3922,ELE,Basic Materials,Other Precious Metals & Mining,NASDAQ,82.45,33,36,64,94,15.7,929690926.1838055,64383030.0,4.66,-41.77,307124,512664,421460,1.09
3923,QDEL,Healthcare,Medical Devices,NASDAQ,82.42,33,12,6,34,16.05,1185159331.5918446,68190989.0,0.2305,-54.89,1044256,1541065,1672771,-0.105
3924,INDO,Energy,Oil & Gas E&P,NYSE ARCA,82.41,33,19,45,90,2.94,46622124.75977898,15386840.0,0.074499995,-65.41,368017,383265,548461,-0.23
3925,NVAX,Healthcare,Biotechnology,NASDAQ,82.38,33,59,40,68,7.46,1350036963.2628164,164438119.0,0.2804,-37.68,2859115,3886535,4415527,-0.791
3926,MDXG,Healthcare,Biotechnology,NASDAQ,82.35,33,17,10,14,4.2,640466671.7091436,148945731.0,0.0636,-47.43,1028097,1215045,1273833,-0.331
3927,AMT,Real Estate,REIT - Specialty,NYSE,82.35,33,34,35,31,166.67,79229774176.70575,465893069.0,0.0189,-28.87,2662792,3373850,3309650,0.068
3928,TULP,Consumer Defensive,Farm Products,NASDAQ,82.33,33,29,29,55,3.82,16847126.07345605,4772557.0,0.0027,-38.29,1590,3230,4114,0.16
3929,ALB,Basic Materials,Specialty Chemicals,NYSE,82.31,33,82,96,96,114.85,14244147003.816803,117934651.0,0.0007,-48.03,2041116,2383852,2277843,0.327
3930,DV,Communication Services,Advertising Agencies,NYSE,82.25,33,27,29,19,10.56,1752561050.0883884,153464189.0,0.1121,-37.22,1637389,2976713,3181709,0.096
3931,UNCY,Healthcare,Biotechnology,NASDAQ,82.24,33,88,76,69,5.4,147374488.39488316,27393027.0,0.1745,-38.22,846264,2296524,1697470,
3932,CSIQ,Technology,Solar,NASDAQ,82.22,33,63,48,89,13.35,1015056384.5997229,67896749.0,0.3021,-61.41,2278911,2499173,2873028,-0.099
3933,EXPO,Industrials,Engineering & Construction,NASDAQ,82.21,33,25,33,37,61.44,3050411283.33601,48511629.0,0.0785,-25.03,531422,598440,605354,0.105
3934,RERE,Consumer Cyclical,Internet Retail,NYSE,82.21,33,25,72,95,3.88,857169633.8123817,221490868.0,0.0128,-40.03,821273,945397,1158222,0.324
3935,LYFT,Technology,Software - Application,NASDAQ,82.18,33,27,30,61,14.2,5892673070.44487,379682532.0,0.2432,-44.4,12176513,12812591,13666256,0.138
3936,SUZ,Basic Materials,Paper & Paper Products,NYSE,82.16,33,25,37,40,8.29,10135136034.711931,1234486722.0,0.0101,-28.13,2070046,2912115,3102813,-0.051
3937,RANI,Healthcare,Biotechnology,NASDAQ,82.16,33,36,25,71,0.85,78335241.94511414,112389152.0,0.083000004,-78.04,1470052,931370,1026250,8.93
3938,PAL,Industrials,Integrated Freight & Logistics,NASDAQ,82.14,33,41,27,82,6.84,197445229.8477049,27770074.0,0.0699,-37.65,241436,303442,334685,-0.016
3939,OGCP,Real Estate,REIT - Office,NYSE ARCA,82.11,33,34,20,26,5.4,1553573241.7410936,279923097.0,7.53,-33.99,2085,1435,1097,0.049
3940,BOSC,Technology,Communication Equipment,NASDAQ,82.1,33,31,47,53,4.34,29891192.786426544,7049810.0,0.0025,-35.42,16752,26570,44820,-0.242
3941,MANH,Technology,Software - Application,NASDAQ,82.08,33,20,21,19,151.67,9655071544.82483,59164602.0,0.0633,-38.65,694949,685546,643937,0.074
3942,BTU,Energy,Thermal Coal,NYSE,82.07,33,35,79,95,22.8,2733955675.826391,121834029.0,0.14829999,-44.58,1945220,2582073,3127238,0.039
3943,FSUN,Financial Services,Banks - Regional,NASDAQ,82.06,33,46,42,62,34.49,1655881472.4129105,46736705.0,0.0299,-18.54,196470,313573,253760,0.101
3944,CXM,Technology,Software - Application,NYSE,82.05,33,15,14,19,5.69,1365553664.5897636,234228762.0,0.1246,-39.47,3120045,3651718,3598211,0.068
3945,ARDX,Healthcare,Biotechnology,NASDAQ,82.04,33,67,53,89,5.03,1284552765.2828836,247029387.0,0.105,-40.12,2597412,4118827,3697386,0.275
3946,NVR,Consumer Cyclical,Residential Construction,NYSE,82.04,33,35,26,45,6414.67,17518513157.121094,2699292.0,0.0746,-25.57,35979,30209,31105,-0.214
3947,CAL,Consumer Cyclical,Apparel Retail,NYSE,82.03,33,51,47,30,11.78,398038479.21347046,33589744.0,0.1236,-27.01,424141,548247,628226,0.085
3948,INCR,Healthcare,Drug Manufacturers - Specialty & Generic,NASDAQ,82.01,33,46,17,11,0.97,52351595.22654295,57152396.0,0.00029999999,-45.2,15122,67477,54536,0.239
3949,AZTA,Healthcare,Medical Instruments & Supplies,NASDAQ,81.98,32,32,17,72,27.37,1211779859.3592224,46092804.0,0.2125,-34.41,572516,655725,912739,0.01
3950,ACR,Real Estate,REIT - Mortgage,NYSE,81.97,32,26,60,37,17.65,129685116.24146652,7285681.0,0.0432,-28.28,16938,39252,32083,0.004
3951,AENT,Communication Services,Entertainment,NASDAQ,81.96,32,36,88,86,5.91,294533609.2912817,50957370.0,0.104399994,-32.84,11089,17076,22367,0.212
3952,LAND,Real Estate,REIT - Specialty,NASDAQ,81.96,32,29,59,73,8.52,377660701.551589,43136573.0,0.063,-34.46,560934,700481,635832,-0.018
3953,MDLN,Healthcare,Medical Instruments & Supplies,NASDAQ,81.96,32,29,54,56,38.75,33646670954.905586,845606187.0,0.0932,-23.83,5470409,8048543,10265443,0.107
3954,FOXA,Communication Services,Entertainment,NASDAQ,81.95,32,21,54,79,55.31,24194675119.737717,419900652.0,0.2346,-27.6,4357030,8982143,6437106,-0.086
3955,OSTX,Healthcare,Biotechnology,NYSE ARCA,81.9,32,62,39,17,1.52,68143300.90575457,44538106.0,0.0546,-40.86,410350,749813,786498,
3956,BNTC,Healthcare,Biotechnology,NASDAQ,81.9,32,54,36,29,11.47,439048379.3464031,34354334.0,0.1148,-31.56,82069,137039,112543,
3957,SPMC,Financial Services,Asset Management,NYSE,81.87,32,28,15,24,10.1,210414011.06536388,20628825.0,1.16,-45.7,23954,28044,26956,-0.333
3958,GME,Consumer Cyclical,Specialty Retail,NYSE,81.86,32,30,53,36,21.17,9821851341.87059,448691257.0,0.1364,-24.66,3030210,4146610,4922750,0.141
3959,WH,Consumer Cyclical,Lodging,NYSE,81.84,32,58,61,26,73.53,5731318319.155151,74860482.0,0.10569999,-20.67,1393660,1501180,1381852,0.035
3960,HLMN,Industrials,Tools & Accessories,NASDAQ,81.84,32,42,36,59,7.97,1587335742.47921,196209606.0,0.0232,-26.54,1112533,1411284,1536084,0.03
3961,GO,Consumer Defensive,Grocery Stores,NASDAQ,81.83,32,38,14,12,9.01,933829982.1703949,98922672.0,0.3493,-53.58,2069218,2424522,2904081,0.036
3962,AIOT,Technology,Software - Infrastructure,NASDAQ,81.83,32,33,11,51,3.73,567585116.4992971,134180878.0,0.1018,-36.56,1062328,1612359,1642951,0.105
3963,CARL,Healthcare,Health Information Services,NASDAQ,81.82,32,32,14,29,10.8,316976314.6319084,27184933.0,0.1299,-37.17,129239,147746,178835,0.582
3964,GT,Consumer Cyclical,Auto Parts,NASDAQ,81.81,32,22,20,62,7.21,2095427609.0250864,287438631.0,0.1518,-38.11,8893016,11243135,9998719,-0.087
3965,FOXF,Consumer Cyclical,Auto Parts,NASDAQ,81.79,32,31,23,18,18.51,797625268.8568382,41936133.0,0.1028,-40.64,488382,593844,563348,0.038
3966,JBS,Consumer Defensive,Packaged Foods,NYSE,81.76,32,25,67,69,12.28,39172532082.00148,3289045557.0,0.14220001,-34.16,3379831,5713673,7405468,0.107
3967,ALG,Industrials,Farm & Heavy Construction Machinery,NYSE,81.74,32,31,30,54,165.35,1976503864.366394,12168343.0,0.057600003,-29.12,108368,170486,171055,0.067
3968,GIS,Consumer Defensive,Packaged Foods,NYSE,81.74,32,25,18,29,36.03,20264908447.619507,533708396.0,0.1266,-30.28,9976954,10884204,10694168,0.022
3969,RGP,Industrials,Consulting Services,NASDAQ,81.72,32,28,32,27,3.77,159288151.5765381,34329344.0,0.040599998,-36.64,833920,745813,581726,-0.166
3970,UCFI,Consumer Defensive,Packaged Foods,NASDAQ,81.69,32,22,23,15,5.51,287814768.2856388,52234983.0,0.0494,-57.55,0,0,0,0.208
3971,SKYX,Industrials,Electrical Equipment & Parts,NASDAQ,81.67,32,15,14,93,1.15,158691214.42602897,134484086.0,0.0328,-65.05,1297870,1678353,1660184,0.098
3972,PMVP,Healthcare,Biotechnology,NASDAQ,81.67,32,28,65,22,1.24,71464568.22013974,53331766.0,0.056500003,-34.04,354552,305080,322216,
3973,CHGG,Consumer Defensive,Education & Training Services,NYSE,81.67,32,72,70,18,0.96,91806246.35920799,111958838.0,0.0596,-49.47,1217233,1253371,1739802,-0.479
3974,FLWS,Consumer Cyclical,Specialty Retail,NASDAQ,81.65,32,32,23,27,3.82,263444773.68807077,64098483.0,0.3811,-54.74,264652,390024,423362,-0.116
3975,TPB,Consumer Defensive,Tobacco,NYSE,81.61,32,35,28,91,76.12,1604406445.6339722,19367534.0,0.14029999,-48.18,340911,437583,413678,0.168
3976,RLX,Consumer Defensive,Tobacco,NYSE,81.57,32,20,42,53,2.03,2505621797.9183607,1222254564.0,0.0117,-28.52,1483492,2274667,2801344,1.074
3977,AVNW,Technology,Communication Equipment,NASDAQ,81.56,32,27,43,43,20.25,269011447.6164322,12939463.0,0.069,-25.06,105381,142417,160792,-0.112
3978,MCI,Financial Services,Asset Management,NYSE,81.55,32,32,28,51,16.55,348008887.6331177,20555752.0,0.00090000004,-28.04,29256,31295,33191,-0.207
3979,TG,Industrials,Metal Fabrication,NYSE,81.53,32,48,71,66,7.68,262435042.3743682,34898277.0,0.018099999,-27.07,126580,157680,171280,0.132
3980,WSO,Industrials,Industrial Distribution,NYSE,81.52,32,64,61,32,362.01,15318332621.815979,41188278.0,0.0,-26.86,370568,352376,357803,0.001
3981,ICE,Financial Services,Financial Data & Stock Exchanges,NYSE,81.49,32,19,33,57,145.79,78973816475.13565,565512495.0,0.021,-23.01,3142212,4479004,4472892,0.204
3982,MCD,Consumer Cyclical,Restaurants,NYSE,81.48,32,27,36,52,264.76,190209517441.67294,710505859.0,0.0172,-22.53,4224952,4653194,4477876,0.094
3983,CPB,Consumer Defensive,Packaged Foods,NASDAQ,81.48,32,28,15,24,21.84,6584393822.688669,298206243.0,0.3,-36.08,5713770,9367416,9253658,-0.044
3984,AWI,Industrials,Building Products & Equipment,NYSE,81.47,32,32,38,56,160.71,6656617947.048187,42678835.0,0.0381,-22.02,500665,450345,441289,0.071
3985,CHNR,Basic Materials,Other Industrial Metals & Mining,NASDAQ,81.46,32,26,28,30,3.9,4522996.680181503,1256388.0,0.0301,-52.44,73400,39463,113974,
3986,HII,Industrials,Aerospace & Defense,NYSE,81.45,32,28,72,91,287.59,10604806517.172485,39404029.0,0.026400002,-37.48,448694,476714,478668,0.134
3987,SLRC,Financial Services,Asset Management,NASDAQ,81.42,32,26,58,42,12.94,715756791.8367176,54554634.0,0.0184,-23.11,301026,419355,380091,-0.073
3988,FPI,Real Estate,REIT - Specialty,NYSE,81.4,32,30,64,65,9.6,423523023.3738642,43617201.0,0.0838,-27.41,343896,444668,410603,-0.017
3989,BHR,Real Estate,REIT - Hotel & Motel,NYSE,81.4,32,19,43,74,2.23,137358636.0,68679318.0,0.0164,-30.09,392316,862848,630949,-0.032
3990,VEEV,Healthcare,Health Information Services,NYSE,81.38,32,16,13,19,186.24,31738170988.76013,162443291.0,0.050300002,-40.02,1327677,2152235,2386973,0.163
3991,ESRT,Real Estate,REIT - Diversified,NYSE,81.37,32,25,24,26,5.66,994922291.1011548,172430207.0,0.067,-29.86,1412063,2086391,2095920,0.049
3992,TMUS,Communication Services,Telecom Services,NASDAQ,81.36,32,24,29,25,180.09,208248645766.00592,1082204717.0,0.041100003,-31.15,4501786,5750892,5418469,0.106
3993,AUNA,Healthcare,Medical Care Facilities,NYSE,81.34,32,26,30,17,5.04,379168370.4049263,74056324.0,0.0337,-26.42,130174,210828,301870,0.13
3994,MOMO,Communication Services,Internet Content & Information,NASDAQ,81.34,32,24,33,39,5.88,887223159.9133482,147747401.0,0.028399998,-35.46,464420,718830,721594,-0.054
3995,ELF,Consumer Defensive,Household & Personal Products,NYSE,81.34,32,18,16,23,77.36,4343070695.17926,58937041.0,0.23959999,-48.76,2158956,3042125,3726921,0.351
3996,ZUMZ,Consumer Cyclical,Apparel Retail,NASDAQ,81.33,32,32,84,89,18.94,315341707.36073494,16872215.0,0.0934,-40.25,197721,234253,226438,0.049
3997,FOX,Communication Services,Entertainment,NASDAQ,81.33,32,22,51,78,49.41,21679471111.262283,419900652.0,0.08180001,-27.52,1327104,2483124,1888098,-0.086
3998,YEXT,Technology,Software - Infrastructure,NYSE,81.28,32,14,8,33,5.0,535324954.73664856,100248116.0,0.0776,-45.65,1090699,1387713,1382879,-0.014
3999,RCS,Financial Services,Asset Management,NYSE,81.27,32,27,31,29,5.15,250280250.10701275,47222687.0,2.47,-35.62,117858,122402,133453,-0.047
4000,SGI,Consumer Cyclical,"Furnishings, Fixtures & Appliances",NYSE,81.27,32,50,43,76,71.56,15299882866.612984,210365491.0,0.0928,-27.39,1688967,2561725,2768501,0.123
4001,TM,Consumer Cyclical,Auto Manufacturers,NYSE,81.27,32,23,35,69,177.42,210320199267.1192,1184168676.0,0.00090000004,-28.72,379397,493399,512515,0.019
4002,PATH,Technology,Software - Infrastructure,NYSE,81.23,32,21,21,30,10.84,6295161034.252804,518120266.0,0.3457,-45.36,105528448,74903639,63368673,0.173
4003,LBRT,Energy,Oil & Gas Equipment & Services,NYSE,81.18,32,90,96,91,17.36,3890483382.341034,163191416.0,0.1278,-49.65,5363735,4357288,3906547,0.045
4004,GENK,Consumer Cyclical,Restaurants,NASDAQ,81.17,32,22,9,8,1.97,9495710.057674408,5364808.0,0.0881,-60.52,15090,18326,21954,-0.06
4005,USLM,Basic Materials,Building Materials,NASDAQ,81.16,32,28,66,59,110.99,3010755453.3322754,28682056.0,0.0808,-21.53,132579,256586,226051,-0.037
4006,HY,Industrials,Farm & Heavy Construction Machinery,NYSE,81.15,32,56,64,23,33.1,591224766.0,17915902.0,0.0425,-25.7,77918,93982,91393,-0.127
4007,MELI,Consumer Cyclical,Internet Retail,NASDAQ,81.13,32,22,21,32,1801.44,91960127134.43384,50697182.0,0.0198,-29.31,347119,421119,482647,0.49
4008,CWK,Real Estate,Real Estate Services,NYSE,81.11,31,39,59,77,12.72,3200544862.54858,234300505.0,0.070199996,-26.9,2296840,2307936,2218738,0.11
4009,MUX,Basic Materials,Other Precious Metals & Mining,NYSE,81.09,31,67,88,96,17.17,977945274.3258762,59740087.0,0.2367,-42.19,811018,1268786,1148425,1.074
4010,NOAH,Financial Services,Asset Management,NYSE,81.09,31,34,39,64,8.57,610260856.6376524,68645763.0,0.0047,-33.26,87936,87445,86307,0.018
4011,WYNN,Consumer Cyclical,Resorts & Casinos,NASDAQ,81.08,31,33,43,55,96.92,10029949427.213608,103786729.0,0.1031,-28.06,1379072,1478690,1447172,0.092
4012,SE,Consumer Cyclical,Internet Retail,NYSE,81.03,31,21,11,20,100.0,63729016383.254425,612484522.0,0.056199998,-49.82,4536296,4339182,4231137,0.466
4013,RDIB,Communication Services,Entertainment,NASDAQ,81.02,31,23,28,72,9.14,204682517.79956818,22717260.0,0.0165,-47.47,4030,1949,1744,0.123
4014,CRH,Basic Materials,Building Materials,NYSE,81.01,31,56,54,70,99.87,68771165007.20886,668200216.0,0.0271,-24.08,3615580,4486076,4648836,0.091
4015,AQB,Consumer Defensive,Farm Products,NASDAQ,81.01,31,66,53,54,0.91,4992788.027262688,5147204.0,0.0143,-69.15,20387,50115,44311,
4016,XFLT,Financial Services,Asset Management,NYSE,80.99,31,26,23,27,17.57,260752746.86226654,15230884.0,0.0011999999,-38.35,91967,96355,86363,
4017,ACRV,Healthcare,Biotechnology,NASDAQ,80.98,31,46,64,36,1.6,74903025.75,42801729.0,0.0991,-55.06,442587,432442,428093,
4018,WMG,Communication Services,Entertainment,NASDAQ,80.95,31,37,36,36,26.55,14777367868.443893,521615528.0,0.0951,-25.04,1714426,1994715,2276069,0.167
4019,CRBP,Healthcare,Biotechnology,NASDAQ,80.93,31,28,53,18,9.17,166935437.19067574,18527795.0,0.120900005,-55.4,267201,410733,535808,
4020,NOG,Energy,Oil & Gas E&P,NYSE,80.92,31,18,68,49,21.18,2305136281.357006,108784154.0,0.22860001,-32.05,2964382,3647994,3272910,-0.071
4021,OPAL,Utilities,Utilities - Regulated Gas,NASDAQ,80.89,31,26,35,45,2.21,76804585.4514637,30357544.0,0.1034,-23.0,222201,329913,306460,-0.141
4022,FORTY,Technology,Information Technology Services,NASDAQ,80.89,31,28,45,89,114.0,1656144036.0,15334667.0,0.79,-40.18,583,454,480,0.192
4023,ASLE,Industrials,Airports & Air Services,NASDAQ,80.87,31,36,37,59,6.18,285879624.4627619,47252829.0,0.048899997,-32.24,316468,452032,410363,0.074
4024,HOVR,Industrials,Aerospace & Defense,NASDAQ,80.86,31,68,90,94,1.78,104916567.59515464,66825837.0,0.0545,-57.42,1688262,1297657,2365912,
4025,PPIH,Industrials,Building Products & Equipment,NASDAQ,80.85,31,43,88,90,25.11,206555625.0799427,8125713.0,0.0376,-31.62,62539,132506,132967,0.075
4026,LFWD,Healthcare,Medical Devices,NASDAQ,80.84,31,34,21,16,7.05,22261974.760555267,2814409.0,0.0358,-33.24,8995,13895,13007,-0.221
4027,DOCU,Technology,Software - Application,NASDAQ,80.84,31,15,14,13,50.44,10070418946.414185,190944608.0,0.1005,-41.79,2949889,3899113,3950591,0.087
4028,CRVL,Financial Services,Insurance Brokers,NASDAQ,80.83,31,31,18,19,59.86,3147258979.2168236,51009059.0,0.1018,-38.9,155793,213784,219780,0.074
4029,SAR,Financial Services,Asset Management,NYSE,80.83,31,48,52,58,18.94,319850895.5652008,16310601.0,0.0416,-26.13,183178,175289,141135,-0.048
4030,CERT,Healthcare,Health Information Services,NASDAQ,80.82,31,13,9,17,7.51,1078062706.7355652,155564608.0,0.2926,-45.89,2918908,4419542,4276459,0.009
4031,JYNT,Healthcare,Medical Care Facilities,NASDAQ,80.81,31,38,33,48,8.35,127015576.1847992,14255396.0,0.1074,-29.12,61749,141539,122419,0.133
4032,ARE,Real Estate,REIT - Office,NYSE,80.75,31,35,12,21,50.94,8751813498.331299,174269480.0,0.060100004,-42.27,1324162,1612867,1793092,-0.115
4033,NEN,Real Estate,Real Estate Services,NYSE ARCA,80.74,31,30,30,26,56.5,202111262.82429123,3485879.0,0.0001,-23.39,150,550,648,0.164
4034,ZDGE,Communication Services,Internet Content & Information,NYSE ARCA,80.74,31,32,49,67,2.98,39075206.81463218,13068631.0,0.0036000002,-39.06,73142,210277,153410,0.03
4035,CCEL,Healthcare,Medical Care Facilities,NYSE ARCA,80.73,31,39,24,12,3.46,27896769.30756569,8062650.0,0.0011999999,-36.28,9829,10536,9007,-0.019
4036,REFI,Real Estate,REIT - Mortgage,NASDAQ,80.71,31,32,47,36,10.17,269610213.21468544,25387026.0,0.0625,-30.2,159354,189658,161098,-0.342
4037,FTEK,Industrials,Pollution & Treatment Controls,NASDAQ,80.7,31,60,45,24,1.54,47682830.078355074,31165249.0,0.0070999996,-57.81,95699,509089,381421,-0.047
4038,RITM,Real Estate,REIT - Mortgage,NYSE,80.66,31,33,30,43,9.12,5203417313.658348,558306597.0,0.0577,-28.41,5651603,5479787,5322432,0.646
4039,KNSL,Financial Services,Insurance - Property & Casualty,NYSE,80.63,31,21,22,31,349.1,7933378882.587158,23062819.0,0.1159,-31.92,337883,345024,321562,0.102
4040,SLVM,Basic Materials,Paper & Paper Products,NYSE,80.59,31,30,30,38,38.27,1523483460.3032532,39736136.0,0.0777,-32.62,299295,328378,353769,-0.08
4041,SVC,Real Estate,REIT - Hotel & Motel,NASDAQ,80.56,31,25,17,25,8.46,1113958049.4117737,129530000.0,0.0347,-45.06,1821969,2022917,1896103,-0.163
4042,AMSF,Financial Services,Insurance - Specialty,NASDAQ,80.54,31,27,22,27,30.41,634057865.4396896,18703771.0,0.053000003,-36.46,206661,232277,234044,0.103
4043,CLX,Consumer Defensive,Household & Personal Products,NYSE,80.53,31,29,25,28,95.55,11647144491.417732,120921351.0,0.108,-27.63,2342821,2373907,2468830,0.001
4044,PAC,Industrials,Airports & Air Services,NYSE,80.52,31,49,60,83,216.28,13144547274.102173,59501820.0,0.0098,-28.01,167591,126553,117800,0.037
4045,LTRN,Healthcare,Biotechnology,NASDAQ,80.47,31,80,12,17,2.75,36618747.55983162,12759146.0,0.0731,-52.12,114254,164838,241944,
4046,OPXS,Industrials,Aerospace & Defense,NASDAQ,80.43,31,38,31,89,11.1,88807981.07298851,6959873.0,0.010199999,-37.5,35604,40501,40656,-0.103
4047,FSCO,Financial Services,Asset Management,NYSE,80.43,31,26,25,32,4.89,993143926.0861015,202269645.0,0.0069999998,-36.08,963968,971626,1044705,
4048,IONS,Healthcare,Biotechnology,NASDAQ,80.42,31,76,84,94,56.55,8988630319.97174,165262556.0,0.1399,-34.81,4021989,3745189,2920179,0.87
4049,ROP,Technology,Software - Application,NASDAQ,80.38,31,20,23,16,367.34,36647131225.541626,100917359.0,0.0655,-35.13,842342,1157594,1119562,0.113
4050,ACH,Healthcare,Medical Distribution,NYSE,80.38,31,51,59,4,3.14,265745448.1310773,76583702.0,0.0945,-62.62,479022,664694,699384,-0.068
4051,EPRX,Healthcare,Biotechnology,NASDAQ,80.33,31,56,73,94,5.81,430504590.69810104,65326947.0,12.38,-37.66,300936,385072,350387,
4052,KYNB,Healthcare,Biotechnology,NASDAQ,80.32,31,33,24,21,7.03,29267849.83721161,4048112.0,0.0276,-44.21,7187,28505,20723,0.365
4053,ELLO,Utilities,Utilities - Renewable,NYSE ARCA,80.31,31,31,80,87,19.37,260503041.74211502,13783230.0,0.0005,-36.16,5232,7327,11574,-0.022
4054,HNRG,Utilities,Utilities - Independent Power Producers,NASDAQ,80.31,31,46,29,69,15.24,753143642.5854187,47130392.0,0.083100006,-38.3,603700,773453,768792,-0.135
4055,MBAI,Healthcare,Diagnostics & Research,NASDAQ,80.29,31,20,80,93,1.1,7730359.0,7730359.0,0.0150999995,-71.94,73399,65533,95105,
4056,CE,Basic Materials,Chemicals,NYSE,80.27,31,35,84,34,46.43,5011578115.965878,109662539.0,0.113900006,-34.33,1541643,1684954,1724166,-0.022
4057,WGO,Consumer Cyclical,Recreational Vehicles,NYSE,80.25,31,33,27,80,30.77,867855036.6674538,28268893.0,0.1331,-38.66,553338,867139,803765,-0.099
4058,CWCO,Utilities,Utilities - Regulated Water,NASDAQ,80.25,31,28,57,82,29.32,466725543.5207176,16000190.0,0.0471,-25.05,88258,108796,106287,-0.111
4059,TW,Financial Services,Capital Markets,NASDAQ,80.25,31,19,38,24,99.83,21780799830.581306,218026021.0,0.0315,-32.31,1255440,1552236,1742204,0.212
4060,MRKR,Healthcare,Biotechnology,NASDAQ,80.22,31,51,55,81,1.22,21841795.41595602,16673127.0,0.0086,-50.41,37653,62111,61132,
4061,CTMX,Healthcare,Biotechnology,NASDAQ,80.21,31,45,96,99,3.24,788084541.8658781,217702919.0,0.18540001,-60.54,3819531,5158717,4488140,-0.799
4062,USAS,Basic Materials,Other Industrial Metals & Mining,NYSE ARCA,80.21,31,81,93,99,3.97,1275911725.2028234,337542787.0,0.0355,-62.19,4054634,3901951,4368074,1.879
4063,MNDO,Technology,Software - Application,NASDAQ,80.18,31,24,24,23,1.02,20790720.40249777,20185166.0,0.00029999999,-32.0,39873,54404,51560,0.018
4064,XBIT,Healthcare,Biotechnology,NASDAQ,80.17,31,32,34,27,2.27,69207148.78849268,30487731.0,0.0106,-37.12,51140,39890,35102,
4065,SPT,Technology,Software - Application,NASDAQ,80.17,31,17,7,11,7.57,518109730.68146706,60105538.0,0.103999995,-61.2,924287,1259395,1332925,0.112
4066,BBOT,Healthcare,Biotechnology,NASDAQ,80.14,31,17,19,51,8.82,685716843.8542786,80107104.0,0.183,-40.69,338999,492093,447187,
4067,DIS,Communication Services,Entertainment,NYSE,80.13,30,31,35,52,94.85,169605067602.43262,1736511424.0,0.0137,-23.14,9738497,11233459,9972579,0.065
4068,INGN,Healthcare,Medical Devices,NASDAQ,80.12,30,36,61,17,6.15,177879574.7676487,27074516.0,0.038599998,-32.64,227006,234488,292771,0.034
4069,BBWI,Consumer Cyclical,Specialty Retail,NYSE,80.12,30,52,20,19,19.9,4206595185.5974045,201561812.0,0.0701,-40.9,4688000,5460910,5879254,-0.032
4070,FISK,Real Estate,REIT - Office,NYSE ARCA,80.11,30,24,21,21,5.42,1517183207.0964375,279923097.0,7.51,-33.58,0,173,118,0.049
4071,CHYM,Technology,Software - Application,NASDAQ,80.11,30,23,23,46,20.69,8508157344.800547,381019139.0,0.0655,-46.5,5345719,5803326,5165189,0.248
4072,CGBD,Financial Services,Asset Management,NASDAQ,80.1,30,31,33,30,10.04,726244974.3444748,69497128.0,0.062,-29.89,724918,611429,566807,0.168
4073,ANNA,Energy,Oil & Gas E&P,NASDAQ,80.08,30,9,40,8,3.33,140833602.3426056,40940000.0,0.0645,-68.7,306038,302059,360317,13.495
4074,AIHS,Industrials,Rental & Leasing Services,NASDAQ,80.08,30,24,15,5,1.33,19070309.757013798,14557489.0,0.0161,-83.9,823317,304302,202209,-0.223
4075,ICU,Healthcare,Biotechnology,NASDAQ,80.06,30,26,36,3,3.75,15988008.0,3997002.0,0.020599999,-70.0,58962,102584,95100,0.689
4076,WKEY,Technology,Semiconductors,NASDAQ,80.05,30,63,53,48,6.26,75509820.10891247,11440882.0,0.0547,-68.38,47660,75600,111898,1.089
4077,OFIX,Healthcare,Medical Devices,NASDAQ,80.04,30,17,29,29,11.25,468082727.0760727,40421652.0,0.0661,-33.78,285111,384353,435372,0.016
4078,SABR,Technology,Software - Infrastructure,NASDAQ,80.03,30,56,54,8,1.66,683891969.8300023,395313273.0,0.1273,-49.62,3090023,4759157,5663612,0.083
4079,LBTYA,Communication Services,Telecom Services,NASDAQ,80.03,30,38,60,42,9.69,3519594267.5804253,338097437.0,0.0623,-28.33,2209331,2194983,1925050,0.088
4080,BXC,Industrials,Industrial Distribution,NYSE,80.01,30,48,21,33,58.41,470523594.5750046,7782395.0,0.0644,-33.53,158488,155812,149475,0.031
4081,AIV,Real Estate,REIT - Residential,NYSE,80.0,30,39,39,44,2.64,392727382.33383894,143856183.0,0.0209,-70.07,1096786,1455818,1389817,-0.039
4082,POST,Consumer Defensive,Packaged Foods,NYSE,80.0,30,27,40,34,90.91,3936719847.622711,45322586.0,0.1531,-22.48,798813,861334,855862,0.047
4083,NVTS,Technology,Semiconductors,NASDAQ,79.98,30,96,98,95,10.92,2791141615.7308903,243555114.0,0.1608,-68.04,12713878,18769846,26583817,-0.387
4084,WEN,Consumer Cyclical,Restaurants,NASDAQ,79.97,30,30,19,18,6.99,1478129809.9975586,190480640.0,0.4416,-41.75,7831806,24427392,18861989,0.033
4085,TTAN,Technology,Software - Application,NASDAQ,79.97,30,18,10,18,70.48,7250216004.0,95397579.0,0.2124,-41.26,1318206,1681605,1707203,0.246
4086,HYFT,Healthcare,Biotechnology,NASDAQ,79.96,30,70,58,95,1.36,68199326.14191628,46711866.0,0.0185,-58.1,317268,290349,415363,0.524
4087,HSCS,Healthcare,Medical Devices,NASDAQ,79.95,30,53,11,47,2.39,8851041.688275337,3290350.0,0.038399998,-44.42,35258,4717796,2843187,
4088,VINP,Financial Services,Asset Management,NASDAQ,79.94,30,32,47,76,9.51,636166440.959261,65516626.0,0.012200001,-30.12,32845,54275,61749,0.171
4089,AQST,Healthcare,Drug Manufacturers - Specialty & Generic,NASDAQ,79.94,30,47,64,15,3.68,516923976.2014427,125466988.0,0.13350001,-51.26,1850309,2152996,2039729,0.657
4090,PHAR,Healthcare,Biotechnology,NASDAQ,79.93,30,29,80,95,12.61,951321866.958971,70625230.0,0.45,-40.91,5348,5839,8365,-0.084
4091,JACK,Consumer Cyclical,Restaurants,NASDAQ,79.89,30,28,12,48,14.55,285722758.9487915,19073616.0,0.35889998,-42.58,642046,1096762,1029331,-0.043
4092,SANG,Technology,Software - Infrastructure,NASDAQ,79.88,30,20,21,22,4.16,136443035.82628727,33278790.0,24.89,-35.6,15325,6951,7727,-0.122
4093,HDSN,Basic Materials,Specialty Chemicals,NASDAQ,79.86,30,19,25,30,6.34,259564425.1695938,42068788.0,0.0446,-39.73,387171,527933,542244,0.087
4094,CEG,Utilities,Utilities - Independent Power Producers,NASDAQ,79.84,30,24,53,25,274.35,90128977852.67223,357102017.0,0.038,-33.52,2618313,3486231,3794764,0.638
4095,BIDU,Communication Services,Internet Content & Information,NASDAQ,79.81,30,33,59,89,105.34,36488694424.3019,340252659.0,0.044,-36.27,2160177,2223022,2499367,-0.012
4096,BRO,Financial Services,Insurance Brokers,NYSE,79.8,30,19,18,19,67.66,23506032256.15664,338947841.0,0.0735,-35.1,2933982,2915090,3001994,0.357
4097,FRPT,Consumer Defensive,Packaged Foods,NASDAQ,79.8,30,29,38,49,57.54,2783447652.2456207,49142791.0,0.21219999,-33.09,1015567,1352842,1515769,0.131
4098,PSBD,Financial Services,Asset Management,NYSE,79.72,30,35,35,32,9.51,305917599.2456703,31120814.0,0.0178,-34.1,123547,179425,158505,
4099,CRNT,Technology,Communication Equipment,NASDAQ,79.72,30,51,58,22,2.13,197239325.0846386,90893695.0,0.003,-35.26,1006954,712328,775530,-0.041
4100,LBTYK,Communication Services,Telecom Services,NASDAQ,79.69,30,34,52,36,9.6,3411403190.9195747,338097437.0,0.0682,-26.83,1105579,1192526,1211921,0.088
4101,ADTN,Technology,Communication Equipment,NASDAQ,79.66,30,83,93,34,9.85,943627834.101677,80998100.0,0.1768,-50.7,1944717,1958129,2301579,0.155
4102,BEPC,Utilities,Utilities - Renewable,NYSE,79.62,30,52,64,79,33.53,6184559655.160778,182381589.0,5.36,-25.79,1893089,1546549,1494281,-0.026
4103,LOAN,Real Estate,REIT - Mortgage,NASDAQ,79.61,30,35,34,28,3.97,49831971.88598299,11429351.0,0.0027,-31.55,40867,41295,32329,-0.065
4104,INGR,Consumer Defensive,Packaged Foods,NYSE,79.61,30,24,34,33,101.12,6467337142.207214,63059061.0,0.0735,-25.47,589435,959131,905627,-0.012
4105,PINS,Communication Services,Internet Content & Information,NYSE,79.57,30,22,17,14,22.13,12995650413.766125,560157327.0,0.16540001,-44.58,9390482,13997967,16749846,0.178
4106,GWRS,Utilities,Utilities - Regulated Water,NASDAQ,79.53,30,24,22,24,7.36,203358897.31760502,28763634.0,0.026199998,-34.11,98891,125680,129026,0.067
4107,CLNE,Energy,Oil & Gas Refining & Marketing,NASDAQ,79.51,30,21,55,34,2.03,524134654.1227093,220224634.0,0.0471,-34.73,1743663,1848447,1603398,0.133
4108,GPI,Consumer Cyclical,Auto & Truck Dealerships,NYSE,79.51,30,20,26,24,330.87,3879524780.5316772,11898193.0,0.1189,-32.25,170156,204108,193825,-0.018
4109,RAIL,Industrials,Railroads,NASDAQ,79.48,30,57,32,83,8.4,246473714.574852,32775760.0,0.0271,-43.62,182120,304680,241412,-0.332
4110,RDZN,Technology,Software - Application,NASDAQ,79.47,30,75,68,85,1.19,98092616.65741861,84562603.0,0.0359,-53.52,288608,685486,608351,0.414
4111,GDDY,Technology,Software - Infrastructure,NYSE,79.46,30,16,13,12,93.16,12492868862.408607,132409847.0,0.070199996,-45.65,1397769,2226016,2523245,0.061
4112,BRCC,Consumer Defensive,Packaged Foods,NYSE,79.46,30,75,29,7,1.08,133384568.58624423,117004009.0,0.0582,-48.57,590592,774607,1139166,0.214
4113,VANI,Healthcare,Biotechnology,NASDAQ,79.45,30,31,39,50,1.28,113830341.80321121,86235104.0,0.01,-33.33,336777,779915,544779,
4114,DRD,Basic Materials,Gold,NYSE,79.43,30,32,80,96,20.94,1726121389.9114037,86739770.0,0.01,-46.81,327234,366691,319764,0.329
4115,GRFS,Healthcare,Drug Manufacturers - General,NASDAQ,79.4,30,27,31,63,7.58,4947812275.9089775,680579407.0,9.55,-31.96,506206,648692,637765,-0.048
4116,CRNC,Technology,Software - Application,NASDAQ,79.39,30,66,24,61,8.44,389970796.84133434,45187809.0,0.147,-38.56,807485,850385,1008649,-0.177
4117,AHG,Healthcare,Medical Distribution,NASDAQ,79.36,30,21,90,29,1.51,1293623299.0998323,856704177.0,2.14,-39.6,8291,12497,20428,0.009
4118,TLSI,Healthcare,Medical Devices,NASDAQ,79.36,30,30,31,52,4.22,263476932.80714512,61416535.0,0.066199996,-46.92,200714,411514,582392,-0.029
4119,ONON,Consumer Cyclical,Footwear & Accessories,NYSE,79.32,30,30,20,42,35.82,12399866470.710407,333329737.0,0.08270001,-32.88,3709629,4583273,5255985,0.145
4120,ASR,Industrials,Airports & Air Services,NYSE,79.3,30,35,36,70,267.76,8400269763.368317,30032069.0,0.0165,-29.82,63814,69951,73570,0.008
4121,META,Communication Services,Internet Content & Information,NASDAQ,79.3,30,25,48,57,595.19,1639846863406.33,2538423304.0,0.015700001,-25.25,15086608,18560816,18097631,0.331
4122,RNXT,Healthcare,Biotechnology,NASDAQ,79.3,30,22,25,31,0.87,39010750.47509885,45099133.0,0.007900001,-40.0,147252,194807,255840,1.858
4123,ATS,Industrials,Specialty Industrial Machinery,NYSE,79.27,30,35,65,52,26.42,2675456693.158943,97007132.0,9.57,-26.24,137542,158587,177130,0.301
4124,MFIC,Financial Services,Asset Management,NASDAQ,79.25,30,29,53,34,9.52,805604279.8441353,82372628.0,0.0401,-28.69,402274,523964,550674,-0.087
4125,DLHC,Industrials,Specialty Business Services,NASDAQ,79.22,30,37,64,45,5.09,79711692.5,14493035.0,0.012,-37.16,15769,95639,63191,-0.336
4126,CLLS,Healthcare,Biotechnology,NASDAQ,79.2,29,49,86,91,2.84,264836167.06398964,100698158.0,0.0058,-48.18,17265,26045,35185,-0.373
4127,CCC,Technology,Software - Application,NASDAQ,79.19,29,10,9,20,5.82,3550990354.750023,586940536.0,0.0863,-44.57,10234144,10274864,10380396,0.118
4128,GEVO,Basic Materials,Specialty Chemicals,NASDAQ,79.14,29,16,60,77,1.62,396760465.10932434,243411329.0,0.1075,-45.45,4681597,3850575,3464203,0.475
4129,AEVA,Technology,Software - Infrastructure,NASDAQ,79.13,29,75,74,87,14.85,1128513180.299675,67535203.0,0.1003,-54.71,1306315,1938755,2274033,0.859
4130,ESBA,Real Estate,REIT - Office,NYSE ARCA,79.12,29,24,24,27,5.32,1525580825.2589064,279923097.0,0.39,-35.9,6018,5346,5917,0.049
4131,MPV,Financial Services,Asset Management,NYSE,79.07,29,35,39,61,15.55,171186707.8486967,10773235.0,0.29,-25.95,15726,15032,14083,-0.051
4132,LODE,Basic Materials,Other Precious Metals & Mining,NYSE ARCA,79.07,29,66,57,34,3.0,297579295.0717087,75913084.0,0.0817,-39.76,1367779,1641829,1696567,-0.601
4133,ORKT,Technology,Software - Application,NASDAQ,79.06,29,27,22,12,1.07,6073360.5772304535,5839770.0,0.0183,-69.88,15412,235480,206868,0.609
4134,IBP,Consumer Cyclical,Residential Construction,NYSE,79.05,29,35,79,84,227.43,6159993177.066956,26940710.0,0.0774,-34.83,412535,449891,467273,-0.035
4135,CCJ,Energy,Uranium,NYSE,78.98,29,66,86,94,87.86,37290334772.58705,435532978.0,1.99,-35.03,4539992,3526317,3445600,0.071
4136,KEQU,Consumer Cyclical,"Furnishings, Fixtures & Appliances",NASDAQ,78.93,29,31,30,26,36.01,109318955.96080017,2868511.0,0.0196,-40.86,6526,7205,5161,-0.075
4137,UHS,Healthcare,Medical Care Facilities,NYSE,78.93,29,18,27,53,155.75,9150675038.850739,60536351.0,0.0704,-36.77,846467,890379,1025857,0.096
4138,EFX,Industrials,Consulting Services,NYSE,78.92,29,16,19,23,172.54,21361974657.648544,120634597.0,0.0634,-36.53,2123478,1989946,1800643,0.143
4139,MAT,Consumer Cyclical,Leisure,NASDAQ,78.92,29,23,23,70,14.34,4155136755.4216385,290569000.0,0.1308,-36.21,5684502,5058487,4695074,0.043
4140,ATAT,Consumer Cyclical,Lodging,NASDAQ,78.87,29,26,68,67,31.95,4453733169.703491,138185952.0,0.0254,-26.0,816035,894775,1039373,0.475
4141,QRHC,Industrials,Waste Management,NASDAQ,78.86,29,29,10,53,1.23,28449243.052431703,21073513.0,0.0045,-48.96,17093,40504,38836,-0.098
4142,BTMD,Healthcare,Medical Care Facilities,NASDAQ,78.84,29,34,24,11,2.28,73705364.77484107,30331425.0,0.0252,-52.0,198776,343935,298285,-0.083
4143,AMRN,Healthcare,Drug Manufacturers - General,NASDAQ,78.8,29,59,39,58,13.55,292309370.6610117,20969109.0,0.026400002,-35.17,62561,81467,78570,0.074
4144,ONT,Industrials,Waste Management,NYSE,78.75,29,19,39,55,19.66,756394032.1388168,36139227.0,0.115200005,-38.56,515601,644347,683996,-0.052
4145,CUPR,Healthcare,Medical Instruments & Supplies,NASDAQ,78.74,29,75,3,2,3.34,10644562.576711178,2681250.0,0.071,-95.61,18456,6259722,3909197,2.674
4146,VYNE,Healthcare,Biotechnology,NASDAQ,78.73,29,66,40,55,0.51,25406026.106795967,33385055.0,0.0032,-68.03,2174314,1364871,875102,-0.574
4147,HWKN,Basic Materials,Specialty Chemicals,NASDAQ,78.72,29,59,63,35,139.03,3019093300.5615234,20906400.0,0.0629,-25.31,164284,183394,167454,-0.016
4148,ALC,Healthcare,Medical Instruments & Supplies,NYSE,78.69,29,27,30,34,67.91,34265803041.8396,487700000.0,5.73,-26.62,2093923,2020357,2077818,0.094
4149,GIL,Consumer Cyclical,Apparel Manufacturing,NYSE,78.69,29,37,54,75,49.95,10014586277.316452,185180953.0,0.048800003,-32.23,1362635,2099425,1618125,0.638
4150,AKTX,Healthcare,Biotechnology,NASDAQ,78.68,29,37,3,2,8.7,19272014.500637054,1750410.0,0.0196,-82.46,44878,83116,978545,
4151,BULL,Technology,Software - Application,NASDAQ,78.64,29,27,15,10,7.49,3845048958.093636,531818665.0,0.0571,-59.12,9904600,10728400,12458868,0.363
4152,AMTM,Industrials,Specialty Business Services,NYSE,78.62,29,20,37,91,22.55,5047788388.410461,244090344.0,0.08939999,-40.83,1670179,1946453,2001291,-0.004
4153,AYTU,Healthcare,Drug Manufacturers - Specialty & Generic,NASDAQ,78.59,29,30,80,85,2.16,23076398.22359848,10733208.0,0.0378,-29.64,15277,22482,32713,-0.327
4154,BOOT,Consumer Cyclical,Apparel Retail,NYSE,78.59,29,57,59,64,149.98,4624673573.675995,30331695.0,0.122200005,-28.67,620269,665709,743301,0.187
4155,TLK,Communication Services,Telecom Services,NYSE,78.56,29,23,32,76,14.42,14429871026.847353,986995290.0,0.0064,-38.69,808738,1032249,1040499,0.015
4156,APP,Communication Services,Advertising Agencies,NASDAQ,78.56,29,37,52,67,391.98,142619767115.91696,335939521.0,0.041500002,-47.43,6040322,5766474,5379100,0.59
4157,FSK,Financial Services,Asset Management,NYSE,78.55,29,24,17,21,10.63,3061126198.1594925,280066433.0,0.0521,-52.8,2164865,2656745,2807323,-0.24
4158,INKT,Healthcare,Biotechnology,NASDAQ,78.54,29,61,32,68,11.07,53107042.57982254,4981899.0,0.0462,-50.45,11924,19438,30132,
4159,OTIS,Industrials,Specialty Industrial Machinery,NYSE,78.53,29,27,27,30,71.93,28183944611.191467,383716076.0,0.0456,-28.88,4492778,4014956,3781245,0.064
4160,GFI,Basic Materials,Gold,NYSE,78.53,29,31,80,95,32.7,28612448889.883842,894418540.0,0.0049,-46.95,3417169,3935279,3723349,0.714
4161,NYC,Real Estate,Real Estate Services,NYSE,78.51,29,29,17,51,8.19,24556232.404460907,2919885.0,0.0047,-44.4,75519,61236,44007,-0.403
4162,TII,Basic Materials,Other Industrial Metals & Mining,NYSE ARCA,78.48,29,85,90,99,2.02,201490608.51325798,98288104.0,1.08,-64.25,297816,1841742,1226837,0.224
4163,WW,Healthcare,Medical Care Facilities,NASDAQ,78.48,29,18,4,12,13.34,145681930.1486206,9998760.0,0.1942,-70.36,104668,151609,216011,-0.098
4164,LOW,Consumer Cyclical,Home Improvement Retail,NYSE,78.45,29,33,41,65,207.64,117036378272.33107,560707041.0,0.0199,-29.15,3486540,3108310,3155188,0.103
4165,TGLS,Basic Materials,Building Materials,NYSE,78.45,29,24,18,16,45.3,2062076627.371399,44364816.0,0.0936,-45.63,201752,265697,276786,0.12
4166,MSN,Technology,Consumer Electronics,NYSE ARCA,78.41,29,26,45,18,0.37,8417060.92542398,21042652.0,0.0183,-56.47,263416,167745,188913,-0.172
4167,STNE,Technology,Software - Infrastructure,NASDAQ,78.37,29,25,29,69,10.76,2711994627.115795,243228226.0,0.092700005,-46.07,3705398,3981156,5107831,0.043
4168,SHOP,Technology,Software - Application,NASDAQ,78.34,29,26,33,43,113.75,160338200319.93793,1297654609.0,0.0175,-37.57,7429938,8221206,9107223,0.343
4169,ASO,Consumer Cyclical,Specialty Retail,NASDAQ,78.32,29,37,63,71,46.58,3001068934.8369904,62018371.0,0.2085,-25.41,1116773,1523987,1580618,0.067
4170,BRZE,Technology,Software - Application,NASDAQ,78.28,29,16,25,14,21.76,2984739228.5,112631669.0,0.1516,-41.7,2308723,2376407,2815014,0.302
4171,BZUN,Consumer Cyclical,Internet Retail,NASDAQ,78.28,29,53,40,26,2.48,145933879.32552433,58140988.0,0.0115,-49.18,239030,268403,283244,0.153
4172,MKC,Consumer Defensive,Packaged Foods,NYSE,78.25,29,22,20,27,49.96,13899625443.517456,268851552.0,0.0,-32.34,3223239,4658546,4292515,0.167
4173,GPOR,Energy,Oil & Gas E&P,NYSE,78.22,29,20,50,66,157.27,2747737871.116791,17969641.0,0.0817,-30.34,319120,481176,396506,0.323
4174,VZLA,Basic Materials,Other Industrial Metals & Mining,NYSE ARCA,78.22,29,28,30,94,3.3,1072961400.1184356,349498835.0,0.1082,-54.1,5390178,5413502,6015285,
4175,NNDM,Technology,Computer Hardware,NASDAQ,78.21,29,24,51,49,1.47,326285683.41224885,210506899.0,0.0679,-36.64,3559180,5823420,4569392,1.064
4176,CVR,Industrials,Tools & Accessories,NYSE ARCA,78.19,29,26,38,64,9.9,9757933.56855011,966132.0,0.0046,-34.0,2152,2220,3288,-0.054
4177,FND,Consumer Cyclical,Home Improvement Retail,NYSE,78.15,29,32,15,25,53.75,6138666877.46315,108094150.0,0.1459,-41.83,2073194,2489894,2651020,-0.007
4178,VUZI,Technology,Consumer Electronics,NASDAQ,78.14,29,42,39,40,2.29,187937664.54694104,83158259.0,0.18040001,-59.25,1046706,1361762,2050979,-0.12
4179,OXSQ,Financial Services,Asset Management,NASDAQ,78.11,29,25,39,32,1.44,153385037.32765388,105058242.0,0.040999997,-40.5,1475091,1552543,2149204,-0.12
4180,KKR,Financial Services,Asset Management,NYSE,78.1,29,23,24,26,99.36,90631296856.61261,897872941.0,0.0226,-35.43,3488405,4284498,4352785,-0.066
4181,JANX,Healthcare,Biotechnology,NASDAQ,78.03,29,28,17,6,15.33,991605609.9982109,60984354.0,0.14930001,-56.62,787524,1268488,1129480,
4182,SFM,Consumer Defensive,Grocery Stores,NASDAQ,78.02,29,27,16,12,74.89,7126677014.979828,94044301.0,0.1443,-55.45,2020509,2213363,2193673,0.041
4183,JBGS,Real Estate,REIT - Diversified,NYSE,78.01,29,26,32,37,14.52,866847724.2668581,58255895.0,0.2497,-40.25,477932,587534,526946,0.059
4184,WPRT,Consumer Cyclical,Auto Parts,NASDAQ,77.99,28,64,23,15,1.91,36471808.46479154,18995734.0,0.0458,-53.98,61580,2114376,1278878,-0.688
4185,TPG,Financial Services,Asset Management,NASDAQ,77.99,28,23,21,57,42.83,7018521412.906811,160460017.0,0.086899996,-39.14,1560789,2104973,2152375,-0.568
4186,ELUT,Healthcare,Medical Devices,NASDAQ,77.95,28,38,23,16,0.93,41997823.67299676,44208236.0,0.0014,-62.8,147184,98291,101546,0.055
4187,MEGL,Financial Services,Capital Markets,NASDAQ,77.93,28,33,32,72,1.15,5899618.056821823,5064050.0,0.0541,-49.34,14665,34691,45905,0.267
4188,ARLO,Industrials,Building Products & Equipment,NYSE,77.89,28,22,52,27,12.87,1445596709.844493,108609817.0,0.1374,-35.46,887837,1197625,1235403,0.263
4189,PXLW,Technology,Semiconductors,NASDAQ,77.89,28,28,22,21,6.09,35634244.19315243,6363258.0,0.0163,-60.51,31567,50745,100219,-0.937
4190,FINV,Financial Services,Credit Services,NYSE,77.88,28,25,25,17,4.75,1123807503.5576286,236094002.0,0.0498,-52.92,407916,602652,817535,-0.078
4191,MSIF,Financial Services,Asset Management,NYSE,77.85,28,28,33,36,10.91,513307978.4417343,45345229.0,0.0078,-35.32,260103,289721,285318,0.026
4192,SHMD,Industrials,Specialty Industrial Machinery,NASDAQ,77.84,28,85,82,98,4.11,279121835.5,65675726.0,0.073,-61.41,491391,828263,1004864,-0.375
4193,KR,Consumer Defensive,Grocery Stores,NYSE,77.83,28,25,50,32,56.87,36035912940.27489,612647282.0,0.0446,-25.74,6959916,8884648,8271329,0.022
4194,AXIL,Technology,Consumer Electronics,NYSE ARCA,77.82,28,27,34,61,6.0,39679114.11033869,6817717.0,0.0075,-41.46,17065,13511,18697,0.054
4195,GPK,Consumer Cyclical,Packaging & Containers,NYSE,77.8,28,24,9,17,11.02,3201501437.0423355,295887387.0,0.109799996,-53.62,4568612,5057207,5979974,0.017
4196,ULTA,Consumer Cyclical,Specialty Retail,NASDAQ,77.77,28,31,51,85,475.36,20616384191.133118,42989311.0,0.048299998,-33.51,587276,700452,787323,0.111
4197,NPT,Consumer Cyclical,Specialty Retail,NASDAQ,77.75,28,4,4,73,2.66,55462500.0,22185000.0,0.0078,-88.11,38823,153087,3012962,-0.358
4198,XNET,Technology,Software - Infrastructure,NASDAQ,77.72,28,26,55,82,5.52,367282332.4659004,63653784.0,0.0431,-49.95,167369,395186,359937,0.539
4199,DBVT,Healthcare,Biotechnology,NASDAQ,77.62,28,71,88,98,13.63,869990603.2117319,59183035.0,0.022,-47.95,287413,304997,276440,-0.533
4200,SPOT,Communication Services,Internet Content & Information,NYSE,77.6,28,19,19,20,482.66,98315178978.55261,205620061.0,0.0399,-35.5,1445356,1683958,1956935,0.082
4201,TOST,Technology,Software - Infrastructure,NYSE,77.57,28,21,22,21,29.04,17446399955.74951,580000000.0,0.0868,-41.52,9038176,12607942,12469085,0.219
4202,LEGN,Healthcare,Biotechnology,NASDAQ,77.53,28,75,33,7,22.22,4305969814.194855,193439792.0,0.16149999,-50.95,2370183,2357854,2557060,0.565
4203,LUCK,Consumer Cyclical,Leisure,NYSE,77.48,28,27,26,28,6.88,1010591532.8497391,136382126.0,0.29950002,-40.74,95549,137563,122003,0.007
4204,ALTI,Financial Services,Asset Management,NASDAQ,77.48,28,25,32,77,3.41,383174496.8045511,110744073.0,0.0294,-37.37,75067,213992,214281,0.281
4205,STZ,Consumer Defensive,Beverages - Brewers,NYSE,77.47,28,40,39,47,130.16,22691329691.700928,170778434.0,0.0506,-26.93,1831694,2382094,2299590,-0.033
4206,FEBO,Technology,Consumer Electronics,NASDAQ,77.45,28,27,67,60,0.87,8960625.026375055,11062500.0,0.0221,-40.41,4705,9038,97893,-0.359
4207,SMID,Basic Materials,Building Materials,NASDAQ,77.45,28,29,35,35,30.28,151767446.4242897,5306554.0,0.051999997,-30.65,17517,16969,14649,-0.05
4208,GBR,Real Estate,Real Estate Services,NYSE ARCA,77.43,28,18,51,28,0.72,3284437.6865870953,5131934.0,0.009,-45.04,165483,101464,86618,0.026
4209,ALKT,Technology,Software - Application,NASDAQ,77.41,28,18,14,25,16.79,1916713390.01017,107019174.0,0.1192,-41.15,1061409,1870816,1769371,0.289
4210,LMRI,Healthcare,Medical Devices,NASDAQ,77.41,28,28,10,13,10.93,1070339420.8867025,96080735.0,0.1094,-43.8,398203,627257,866126,0.031
4211,CLPR,Real Estate,REIT - Residential,NYSE,77.37,28,36,48,35,2.88,46695367.43499613,16157566.0,0.0135,-37.53,40671,127883,118220,-0.033
4212,CHDN,Consumer Cyclical,Gambling,NASDAQ,77.35,28,26,43,32,86.5,5851055213.9019165,69696908.0,0.056599997,-26.98,672671,1002333,910818,0.031
4213,UONEK,Communication Services,Broadcasting,NASDAQ,77.31,28,13,18,87,5.08,18566699.553143978,4517445.0,0.88,-53.39,254986,88648,56701,-0.158
4214,TURB,Technology,Solar,NASDAQ,77.3,28,21,78,3,1.46,18025710.0,12017140.0,0.1547,-92.86,132338,205236,540079,2.181
4215,FSV,Real Estate,Real Estate Services,NASDAQ,77.25,28,27,26,27,137.46,6826924204.216766,45984938.0,4.41,-34.44,196419,194536,220979,0.053
4216,MATV,Basic Materials,Specialty Chemicals,NYSE,77.25,28,29,69,90,8.12,442041797.7907562,55117428.0,0.0257,-47.55,431774,537361,492710,-0.011
4217,BLIV,Technology,Software - Application,NASDAQ,77.24,28,20,19,33,2.38,25858230.003377914,10864802.0,0.0004,-44.97,410,1823,1632,-0.625
4218,BPRE,Financial Services,Asset Management,NYSE,77.24,28,31,61,65,12.41,,,0.26,-32.06,940393,856237,795228,
4219,RELX,Industrials,Specialty Business Services,NYSE,77.23,28,21,23,17,34.41,58909885553.36987,1748067781.0,0.0019,-36.3,2738485,2796015,2718115,0.012
4220,GNSS,Technology,Scientific & Technical Instruments,NASDAQ,77.22,28,25,36,22,1.66,78332256.78296733,45542009.0,0.0208,-38.52,69899,104823,136437,1.237
4221,MORN,Financial Services,Financial Data & Stock Exchanges,NASDAQ,77.21,28,15,22,19,172.61,6559072382.166779,38028018.0,0.0728,-40.79,334557,436435,461643,0.108
4222,LFS,Communication Services,Entertainment,NASDAQ,77.21,28,20,14,20,2.18,54152479.58359027,26160619.0,0.0422,-82.55,59200,1327043,2587298,0.1
4223,IBM,Technology,Information Technology Services,NYSE,77.19,28,37,26,67,214.19,199885400776.61865,939885280.0,0.0405,-35.57,19845665,12072678,12220335,0.095
4224,TSLX,Financial Services,Asset Management,NYSE,77.19,28,24,30,48,16.72,1657141874.7459412,95019600.0,0.0789,-32.96,442554,675431,681404,-0.197
4225,SRPT,Healthcare,Biotechnology,NASDAQ,77.15,28,21,31,15,15.68,1818022470.3465614,105576222.0,0.32619998,-38.07,3033830,3682346,3392006,-0.019
4226,VNDA,Healthcare,Biotechnology,NASDAQ,77.14,28,39,74,92,5.18,327137460.72098446,60135562.0,0.1282,-47.89,909699,914833,920851,0.034
4227,III,Technology,Information Technology Services,NASDAQ,77.12,28,28,27,83,3.86,190878703.71623087,47839274.0,0.0217,-40.16,212976,250732,253287,0.027
4228,SOWG,Consumer Defensive,Confectioners,NASDAQ,77.12,28,3,1,15,3.15,69816806.56564116,20120117.0,0.0077,-90.09,17936,107282,104665,
4229,BMI,Technology,Scientific & Technical Instruments,NYSE,77.11,28,22,15,18,126.32,4362658878.905792,29185570.0,0.22469999,-48.92,669646,553192,515335,-0.09
4230,LRN,Consumer Defensive,Education & Training Services,NYSE,77.09,28,28,25,25,86.88,3713269015.8224487,42524840.0,0.2085,-49.24,729095,853348,750129,0.027
4231,THO,Consumer Cyclical,Recreational Vehicles,NYSE,77.08,28,26,23,73,76.66,3970415663.956856,52057373.0,0.1365,-37.59,623382,756084,785998,-0.039
4232,RAND,Financial Services,Asset Management,NASDAQ,77.08,28,23,23,16,10.11,29876330.086183548,2969814.0,0.0001,-49.45,1310,1513,2692,-0.383
4233,DFH,Consumer Cyclical,Residential Construction,NYSE,77.04,28,32,15,22,15.92,1449921256.8471985,91535432.0,0.4342,-49.45,535729,661429,682023,-0.103
4234,CHA,Consumer Cyclical,Restaurants,NASDAQ,77.03,28,27,14,10,11.2,2155625620.185217,190763326.0,0.0517,-56.67,409176,623188,725017,0.045
4235,TARA,Healthcare,Biotechnology,NASDAQ,77.01,28,32,58,93,4.02,230437366.33994627,56204237.0,0.0785,-48.59,379778,687156,732579,
4236,GGR,Consumer Cyclical,Auto Manufacturers,NASDAQ,77.0,28,34,46,11,3.5,68852377.31005597,20073579.0,0.0054,-56.03,9390,17500,15074,-0.011
4237,MDBH,Financial Services,Capital Markets,NASDAQ,77.0,28,22,36,16,3.2,34029940.22044945,10438632.0,0.00029999999,-33.33,818,3096,3943,-0.947
4238,AEM,Basic Materials,Gold,NYSE,76.94,28,36,74,89,145.13,68489963992.2858,500036237.0,0.0095999995,-43.14,2504727,2877392,2681527,0.661
4239,NTSK,Technology,Software - Infrastructure,NASDAQ,76.93,28,17,8,13,11.53,5489322451.543858,403923649.0,0.146,-58.81,5614745,6474368,6220051,0.278
4240,IPWR,Technology,Semiconductors,NASDAQ,76.92,28,85,20,31,3.98,67164019.3057251,16421520.0,0.0512,-57.2,159985,267301,785019,
4241,CG,Financial Services,Asset Management,NASDAQ,76.92,28,22,29,66,45.4,16584021742.034523,359974427.0,0.0633,-35.0,2460748,3270899,3313511,-0.941
4242,HLLY,Consumer Cyclical,Auto Parts,NYSE,76.89,28,23,71,88,2.61,315368987.9847641,120369848.0,0.044899996,-41.74,834758,890869,888965,-0.037
4243,AFCG,Financial Services,Asset Management,NASDAQ,76.88,28,50,32,9,2.57,64093468.53485489,22809064.0,0.074499995,-49.61,89584,104064,179404,0.101
4244,RDY,Healthcare,Drug Manufacturers - Specialty & Generic,NYSE,76.85,27,55,45,36,11.79,10492149152.653742,832710225.0,0.033800002,-24.76,2759665,2951325,2571351,-0.116
4245,HITI,Healthcare,Pharmaceutical Retailers,NASDAQ,76.85,27,25,43,23,2.15,196829195.0779953,87870176.0,0.7,-46.98,340151,806133,615860,0.301
4246,DASH,Consumer Cyclical,Internet Retail,NASDAQ,76.84,27,29,21,28,172.91,80233245203.1384,435718722.0,0.0523,-39.44,3447228,4632689,4712605,0.331
4247,JF,Financial Services,Credit Services,NASDAQ,76.83,27,59,64,29,0.84,17239744.716273665,18340154.0,0.001,-39.13,11321,11903,13590,
4248,JJSF,Consumer Defensive,Packaged Foods,NASDAQ,76.83,27,23,27,27,76.44,1438011944.6030884,18753416.0,0.1364,-40.85,207779,244956,242177,-0.032
4249,CCAP,Financial Services,Asset Management,NASDAQ,76.8,27,25,39,39,10.84,407147776.6278076,36845952.0,0.0309,-32.4,274115,269815,274023,-0.1
4250,FBRT,Real Estate,REIT - Mortgage,NYSE,76.8,27,28,32,41,7.81,628018141.6963768,76963009.0,0.0844,-34.04,1024246,1258612,1149025,0.061
4251,PKX,Basic Materials,Steel,NYSE,76.78,27,39,83,71,52.34,15366142062.023697,302483116.0,0.0034,-43.35,320221,428023,406764,0.025
4252,SBAC,Real Estate,REIT - Specialty,NASDAQ,76.78,27,37,61,26,173.57,19694841885.672913,106063017.0,0.0346,-28.62,734548,1006946,955435,0.059
4253,AERO,Industrials,Airlines,NYSE,76.76,27,54,16,36,14.97,2251289645.396187,145903409.0,0.010199999,-35.05,214932,265877,235064,0.126
4254,PMT,Real Estate,REIT - Mortgage,NYSE,76.74,27,33,49,48,9.74,863303350.5349388,87202362.0,0.1001,-29.47,1500728,1787882,1408831,-0.241
4255,AIRI,Industrials,Aerospace & Defense,NYSE ARCA,76.72,27,32,31,30,2.72,12854244.162594795,4850658.0,0.0076,-31.14,43827,47615,46191,-0.044
4256,OPEN,Real Estate,Real Estate Services,NASDAQ,76.69,27,96,97,98,3.84,4341314844.0,964736632.0,0.21260001,-64.67,90406106,75748275,60569193,-0.376
4257,EQX,Basic Materials,Gold,NYSE ARCA,76.65,27,33,87,94,9.28,6802540481.8680525,789157839.0,2.42,-51.05,11196718,12912836,12875801,2.243
4258,SFHG,Industrials,Specialty Business Services,NASDAQ,76.63,27,17,16,36,2.49,10677800.464630127,4060000.0,0.0025,-49.7,3741,10207,14658,0.225
4259,WVVI,Consumer Defensive,Beverages - Wineries & Distilleries,NASDAQ,76.62,27,19,20,11,2.7,13708829.75,4985029.0,0.0004,-47.06,5406,12522,8631,0.095
4260,COCH,Healthcare,Medical Devices,NASDAQ,76.61,27,24,16,11,0.66,54068820.90942025,77021110.0,0.0214,-65.08,533059,667059,452887,-0.152
4261,JWEL,Consumer Cyclical,Internet Retail,NASDAQ,76.6,27,54,81,53,1.79,4859188.076284409,2376131.0,0.0002,-40.33,1108,2426,4521,0.878
4262,CSV,Consumer Cyclical,Personal Services,NYSE,76.59,27,25,72,39,38.96,597910566.6968994,15872328.0,0.035099998,-25.22,124005,134241,129243,-0.009
4263,BRID,Consumer Defensive,Packaged Foods,NASDAQ,76.59,27,25,32,27,6.43,58908637.60247803,9076832.0,0.0047,-25.41,4587,5412,5215,0.114
4264,OTEX,Technology,Software - Application,NASDAQ,76.59,27,20,20,22,22.37,5646753228.282013,242662360.0,0.05,-43.93,1329016,1831605,2395467,0.022
4265,RDW,Industrials,Aerospace & Defense,NYSE,76.55,27,62,21,60,8.69,2018074119.6976805,238825345.0,0.21079999,-67.38,15791828,26239556,40130701,0.579
4266,SMCI,Technology,Computer Hardware,NASDAQ,76.49,27,52,15,15,30.1,15641389990.269981,646873027.0,0.2083,-51.73,51334210,61019993,56623478,1.227
4267,USAU,Basic Materials,Gold,NASDAQ,76.48,27,37,65,90,13.34,235141572.75,16501163.0,0.097200006,-43.83,232386,255692,241443,
4268,INSE,Consumer Cyclical,Gambling,NASDAQ,76.48,27,47,26,61,6.64,176428415.4438796,27059573.0,0.048499998,-33.27,108759,141429,128985,-0.101
4269,AMBO,Consumer Defensive,Education & Training Services,NYSE ARCA,76.48,27,31,24,22,2.24,6492930.885443687,2860322.0,0.0299,-66.81,5615,184015,132503,0.21
4270,XBIO,Healthcare,Biotechnology,NASDAQ,76.45,27,36,58,13,2.64,6373717.940574646,2291056.0,0.0107,-81.05,21437,19995,17619,0.36
4271,GROV,Consumer Defensive,Household & Personal Products,NYSE,76.45,27,37,23,64,1.07,45390322.80364931,42028075.0,0.0928,-33.13,29817,51565,50901,-0.168
4272,BTG,Basic Materials,Gold,NYSE ARCA,76.41,27,33,50,86,3.87,4889972807.425398,1332417631.0,2.44,-38.47,17737549,22313769,21516569,1.177
4273,XPOF,Consumer Cyclical,Leisure,NYSE,76.38,27,40,22,29,6.32,278900813.6100769,41877000.0,0.36400002,-43.27,666719,624993,654343,-0.21
4274,EDHL,Communication Services,Advertising Agencies,NASDAQ,76.37,27,20,4,1,3.6,6515135.39301753,1666275.0,0.0385,-85.94,126665,2819978,3157221,-0.134
4275,SWIM,Industrials,Building Products & Equipment,NASDAQ,76.37,27,50,32,29,5.5,691554243.5338616,117411589.0,0.0625,-38.66,672676,825155,787017,0.053
4276,FUN,Consumer Cyclical,Leisure,NYSE,76.35,27,70,20,11,17.37,1791635173.4378777,102203942.0,0.22659999,-48.15,1962825,2333828,2185881,0.117
4277,EBS,Healthcare,Drug Manufacturers - Specialty & Generic,NYSE,76.33,27,34,44,86,7.26,393679744.3847275,51596296.0,0.2021,-48.36,672053,884247,847592,-0.297
4278,ASUR,Technology,Software - Application,NASDAQ,76.29,27,30,37,53,7.66,233468502.46705723,28681633.0,0.0369,-28.28,76129,119199,108373,0.227
4279,FTLF,Consumer Defensive,Packaged Foods,NASDAQ,76.28,27,21,11,39,10.25,103865260.26065063,9391072.0,0.0179,-51.14,12426,35332,33631,0.589
4280,LKQ,Consumer Cyclical,Auto Parts,NASDAQ,76.27,27,27,38,41,25.82,6466591178.471022,254790835.0,0.0647,-33.64,2657743,2681217,2935656,0.043
4281,COTY,Consumer Defensive,Household & Personal Products,NYSE,76.21,27,13,12,13,2.65,2298017310.815395,880466438.0,0.14130001,-48.84,10306615,15352805,12523561,-0.013
4282,CRSP,Healthcare,Biotechnology,NASDAQ,76.2,27,52,42,41,46.54,4705571515.620117,98484128.0,0.2365,-40.7,1721006,1726418,1722137,0.686
4283,ZVIA,Consumer Defensive,Beverages - Non-Alcoholic,NYSE,76.18,27,21,9,14,1.5,122017913.1225102,71775241.0,0.014099999,-58.64,470323,1173791,1191110,0.212
4284,DPZ,Consumer Cyclical,Restaurants,NASDAQ,76.16,27,16,22,31,332.97,10716309032.982788,33261870.0,0.124,-32.87,1180204,1060858,921534,0.035
4285,TPVG,Financial Services,Asset Management,NYSE,76.15,27,30,33,50,4.44,192033180.9043641,40598981.0,0.055999998,-39.24,201131,312803,281738,0.014
4286,VTS,Energy,Oil & Gas E&P,NYSE,76.14,27,21,31,35,15.8,663644659.4751892,41712424.0,0.1966,-41.8,415263,576307,529376,0.022
4287,PATK,Consumer Cyclical,Recreational Vehicles,NASDAQ,76.1,27,29,31,82,84.5,2920786090.356018,33156842.0,0.0995,-43.1,598918,794816,636045,-0.006
4288,WB,Communication Services,Internet Content & Information,NASDAQ,76.09,27,21,26,60,7.73,1903962433.0,245672572.0,0.2008,-40.35,776712,1144877,1309616,0.062
4289,GLSI,Healthcare,Biotechnology,NASDAQ,76.09,27,78,92,98,12.98,239548350.0805664,14678208.0,0.19049999,-61.94,224910,171516,166482,
4290,ZTEK,Healthcare,Medical Instruments & Supplies,NASDAQ,76.09,27,8,7,14,0.53,59511179.889057755,126619532.0,0.0015,-57.26,121420,231750,216830,-0.955
4291,OTF,Financial Services,Asset Management,NYSE,76.08,27,21,22,29,9.95,4672686436.883995,462642204.0,0.0167,-37.1,2197085,2476215,2311161,0.783
4292,BKE,Consumer Cyclical,Apparel Retail,NYSE,76.07,27,27,80,57,42.47,2187973175.3082886,51518086.0,0.1237,-31.16,453664,543371,530454,0.061
4293,SPIR,Industrials,Specialty Business Services,NYSE,76.07,27,87,85,50,10.99,469958218.1505556,38711549.0,0.1189,-57.62,1002684,1262758,1406280,-0.337
4294,PAHC,Healthcare,Drug Manufacturers - Specialty & Generic,NASDAQ,76.06,27,23,94,88,34.03,1351210745.66716,40564716.0,0.0687,-43.36,242313,274054,324062,0.103
4295,RPT,Real Estate,REIT - Mortgage,NYSE,76.03,27,50,34,60,11.64,84643224.62849808,7772564.0,0.045900002,-35.12,276126,142258,95253,
4296,SOHU,Communication Services,Electronic Gaming & Multimedia,NASDAQ,76.02,27,20,57,75,12.87,393255429.706192,30065400.0,4.3939,-25.61,31411,54113,53410,0.042
4297,YMAT,Basic Materials,Specialty Chemicals,NASDAQ,76.01,27,63,3,2,1.82,9784651.549459934,4010103.0,0.0161,-94.36,138594,1649424,2062554,
4298,WLK,Basic Materials,Specialty Chemicals,NYSE,75.99,27,28,82,39,73.82,9946183790.819824,128122944.0,0.148,-40.58,755880,1080940,1055946,-0.068
4299,TMQ,Basic Materials,Other Industrial Metals & Mining,NYSE ARCA,75.97,27,81,83,97,3.02,514782007.5148616,172745639.0,0.066599995,-73.25,1694650,1721546,2122124,
4300,IDR,Basic Materials,Gold,NYSE ARCA,75.92,27,82,92,94,28.38,448999989.5690174,15809859.0,0.083900005,-48.12,160364,254374,253458,0.99
4301,GECC,Financial Services,Asset Management,NASDAQ,75.91,27,28,17,22,5.22,74183522.41975784,13892045.0,0.042,-54.43,42031,76473,91140,-0.236
4302,ARKR,Consumer Cyclical,Restaurants,NASDAQ,75.9,27,27,34,18,5.94,21096018.10609007,3606157.0,0.006,-37.47,870,2123,2476,-0.079
4303,FLL,Consumer Cyclical,Resorts & Casinos,NASDAQ,75.89,26,33,25,15,2.33,87036442.65851736,36265183.0,0.0153,-52.93,91417,152492,177291,-0.008
4304,INDI,Technology,Semiconductors,NASDAQ,75.89,26,49,57,67,3.47,809235287.4099598,211288591.0,0.322,-42.64,3784682,5425437,5755152,0.026
4305,PSFE,Technology,Software - Infrastructure,NYSE,75.87,26,18,33,8,7.95,421162265.38703537,51676354.0,0.123500004,-47.07,201232,271217,315688,0.104
4306,AXG,Financial Services,Capital Markets,NASDAQ,75.86,26,42,81,62,3.16,615165864.8426185,190453827.0,0.0026,-37.92,131175,169811,148561,2.958
4307,PMA,Industrials,Engineering & Construction,NASDAQ,75.86,26,33,39,6,1.28,18294749.56691265,12975000.0,0.1864,-60.52,198192,1999654,2518970,-0.516
4308,WETH,Technology,Electronic Components,NASDAQ,75.85,26,33,87,68,1.27,16107571.184469938,11931534.0,0.0028,-65.49,152146,156568,149445,0.067
4309,KPLT,Technology,Software - Infrastructure,NASDAQ,75.81,26,21,26,13,6.89,32783599.58531761,4765058.0,0.084300004,-71.69,7405,10995,13863,0.098
4310,OSIS,Technology,Electronic Components,NASDAQ,75.78,26,27,73,62,216.7,3505251447.762146,16482890.0,0.1708,-30.48,189726,228762,260007,0.02
4311,XTLB,Healthcare,Biotechnology,NASDAQ,75.75,26,19,8,13,2.94,6979194.709074259,2457463.0,0.0050999997,-71.4,7992,138067,91616,
4312,CCI,Real Estate,REIT - Specialty,NYSE,75.73,26,33,33,29,74.9,34553902694.94255,436451983.0,0.0343,-35.3,3877021,4485003,4297392,-0.048
4313,IMRX,Healthcare,Biotechnology,NASDAQ,75.71,26,28,91,93,4.32,300195936.6419649,64697402.0,0.3061,-57.14,807965,1340365,1722713,
4314,SPOK,Healthcare,Health Information Services,NASDAQ,75.71,26,22,24,30,10.59,222237793.5709858,20887010.0,0.025,-45.16,139782,170924,167836,-0.085
4315,CETY,Industrials,Specialty Industrial Machinery,NASDAQ,75.7,26,16,9,1,0.92,10694007.272621274,12166106.0,0.0050999997,-81.64,58344,54654,56338,-0.251
4316,OMSE,Energy,Oil & Gas Equipment & Services,NASDAQ,75.68,26,24,25,14,4.23,185076355.10751343,42448704.0,0.0033000002,-46.39,15187,24122,19599,-0.017
4317,PGY,Technology,Software - Infrastructure,NASDAQ,75.63,26,29,15,70,15.89,1425113346.801014,83096990.0,0.1543,-64.68,2102749,3465123,3646331,0.096
4318,VYX,Technology,Information Technology Services,NYSE,75.63,26,25,14,25,7.67,1131396912.0069265,137807175.0,0.3541,-47.72,1665980,2482270,2356194,-0.01
4319,GRCE,Healthcare,Biotechnology,NASDAQ,75.61,26,12,15,72,2.33,40196844.68560362,16274026.0,0.1223,-55.02,132104,236878,261032,
4320,BETA,Industrials,Aerospace & Defense,NYSE,75.6,26,15,8,10,18.21,4098226950.2558613,230756019.0,0.044,-53.9,1317807,1376632,1576811,0.056
4321,VLN,Technology,Semiconductors,NYSE,75.59,26,82,19,20,1.63,185145989.39026833,108272506.0,0.0,-56.06,1024753,1661367,2645058,0.002
4322,VRCA,Healthcare,Biotechnology,NASDAQ,75.57,26,73,74,89,5.02,96029421.95127487,17178787.0,0.0368,-48.89,21693,36454,43622,0.461
4323,MSFT,Technology,Software - Infrastructure,NASDAQ,75.56,26,22,31,27,381.7,2925466209536.7607,7428434704.0,0.012,-31.28,30121090,42100453,39906576,0.183
4324,BKSY,Industrials,Specialty Business Services,NYSE,75.56,26,57,94,89,21.57,823449306.758358,37109026.0,0.2232,-59.21,1272191,1688533,1992892,-0.297
4325,AMR,Basic Materials,Coking Coal,NYSE,75.54,26,44,76,87,142.94,1828362970.0019531,12714624.0,0.19780001,-43.68,219896,243355,257307,-0.013
4326,OZ,Real Estate,Real Estate - Development,NYSE ARCA,75.54,26,18,27,21,45.55,176506144.36157227,3898104.0,0.0324,-33.99,6316,9988,9019,1.435
4327,WINA,Consumer Cyclical,Specialty Retail,NASDAQ,75.52,26,47,33,73,332.52,1394120810.8248596,3592169.0,0.1258,-36.95,53883,47891,45900,0.076
4328,ZH,Communication Services,Internet Content & Information,NYSE,75.52,26,27,24,31,3.14,273093585.55267715,86149394.0,0.019299999,-43.42,158767,200405,195381,-0.107
4329,STKS,Consumer Cyclical,Restaurants,NASDAQ,75.51,26,24,14,17,1.81,58551778.95704126,31564301.0,0.0542,-51.21,13852,20477,23264,0.008
4330,GAP,Consumer Cyclical,Apparel Retail,NYSE,75.5,26,25,56,79,19.01,7325571423.871065,359978933.0,0.13520001,-35.25,7411760,7973286,8568384,0.01
4331,QTRX,Healthcare,Medical Devices,NASDAQ,75.43,26,18,9,56,3.67,182064617.01423764,47105981.0,0.1035,-58.15,547036,932788,1030255,0.201
4332,GEHC,Healthcare,Medical Devices,NASDAQ,75.41,26,27,30,53,60.58,28690024804.198044,454891786.0,0.0358,-32.52,6014128,5119746,5026987,0.074
4333,NMFC,Financial Services,Asset Management,NASDAQ,75.4,26,25,36,28,6.84,671556505.5107546,94452390.0,0.040599998,-36.55,506674,722558,620144,-0.197
4334,SHEN,Communication Services,Telecom Services,NASDAQ,75.39,26,62,83,39,11.42,629564377.7111006,55322001.0,0.0542,-34.18,461897,473939,397233,0.048
4335,BDC,Technology,Communication Equipment,NYSE,75.39,26,49,61,44,102.76,3948536191.8304443,38944040.0,0.1087,-35.77,553478,586779,574311,0.114
4336,UUU,Industrials,Building Products & Equipment,NYSE ARCA,75.36,26,37,94,93,3.69,11326451.648881674,3028463.0,0.0084,-55.38,11864,20461,27242,-0.961
4337,AMPY,Energy,Oil & Gas E&P,NYSE,75.35,26,22,89,79,3.94,162672504.1424861,41287437.0,0.0967,-41.97,605171,848937,780626,-0.48
4338,WDAY,Technology,Software - Application,NASDAQ,75.33,26,12,9,16,135.34,35756819988.1387,246973479.0,0.1693,-45.83,3948681,4802980,5150528,0.135
4339,ITP,Basic Materials,Paper & Paper Products,NYSE ARCA,75.31,26,30,23,23,0.17,3223429.7595512867,16965420.0,0.0121,-56.41,629709,417876,792419,0.021
4340,YELP,Communication Services,Internet Content & Information,NYSE,75.31,26,21,29,19,25.1,1441856221.1208801,54990704.0,0.2589,-29.08,916479,1233323,1286483,0.008
4341,BENF,Financial Services,Asset Management,NASDAQ,75.3,26,55,40,83,3.25,49550876.305389404,14488560.0,0.1017,-73.96,17389,16319,18153,0.734
4342,WLDN,Industrials,Engineering & Construction,NASDAQ,75.27,26,35,32,96,72.63,1098541010.08609,15110606.0,0.1155,-46.99,260957,327915,326577,0.018
4343,TSLA,Consumer Cyclical,Auto Manufacturers,NASDAQ,75.26,26,34,46,72,313.03,1430329865277.7683,3755723871.0,0.023699999,-37.25,42346532,45061260,46111222,0.158
4344,AHT,Real Estate,REIT - Hotel & Motel,NYSE,75.22,26,25,11,13,3.24,21048595.75,6476491.0,0.0005,-53.25,16472,48800,37028,-0.034
4345,FINW,Financial Services,Banks - Regional,NASDAQ,75.22,26,28,32,46,13.77,189417454.79724884,13706039.0,0.0156,-38.77,27030,37886,31866,0.714
4346,FRMI,Real Estate,REIT - Specialty,NASDAQ,75.19,26,29,3,3,7.4,3860404443.6547422,638083359.0,0.069699995,-79.99,18000365,20493001,19590419,
4347,CMG,Consumer Cyclical,Restaurants,NYSE,75.19,26,25,20,32,31.79,44177357198.43292,1282734000.0,0.0458,-41.35,17805765,18983948,19481707,0.074
4348,APTV,Consumer Cyclical,Auto Parts,NYSE,75.15,26,24,24,61,56.55,12161831945.015839,211620527.0,0.0639,-36.41,2138985,2628505,3317301,0.054
4349,NXPL,Technology,Software - Application,NASDAQ,75.12,26,48,39,22,5.87,15736425.515017986,2708507.0,0.0049,-47.12,27311,35377,31680,-0.292
4350,RDAC,Financial Services,Shell Companies,NASDAQ,75.12,26,20,9,14,6.15,33028217.635068893,5951030.0,0.0016,-74.36,32828,14889,12689,
4351,FURY,Basic Materials,Other Industrial Metals & Mining,NYSE ARCA,75.1,26,30,35,90,0.52,100579928.16315085,190132195.0,0.0041,-49.02,122546,148185,209077,
4352,ARTW,Industrials,Farm & Heavy Construction Machinery,NASDAQ,75.08,26,66,75,67,2.19,11755132.310395718,5201386.0,0.0004,-53.5,14376,16492,15299,0.292
4353,BFAM,Consumer Cyclical,Personal Services,NYSE,75.08,26,15,22,23,75.77,4028619267.825699,52606675.0,0.0557,-42.05,823490,968813,1254542,0.07
4354,RUM,Communication Services,Internet Content & Information,NASDAQ,75.07,26,38,43,15,5.71,1588285134.4727783,275743936.0,0.16219999,-48.04,2156208,3205736,3414561,0.074
4355,PSEC,Financial Services,Asset Management,NASDAQ,75.04,26,34,46,36,2.12,1127267219.25,501007653.0,0.074,-39.43,4778005,5416478,5415905,-0.121
4356,BNTX,Healthcare,Biotechnology,NASDAQ,75.0,26,34,32,52,89.33,23133853045.19567,252884261.0,0.034,-27.96,747631,894107,926328,-0.354
4357,OCUL,Healthcare,Biotechnology,NASDAQ,74.98,26,41,31,28,8.51,1964074469.7287235,218960358.0,0.144,-48.24,1767351,2793677,2681810,0.008
4358,MOB,Industrials,Aerospace & Defense,NASDAQ,74.98,26,45,92,95,4.67,64935525.253263,12633371.0,0.0352,-57.62,85030,91646,152814,0.39
4359,ITRG,Basic Materials,Other Precious Metals & Mining,NYSE ARCA,74.96,26,32,61,96,2.16,417712226.2572398,202772931.0,0.0211,-55.65,3091755,3489788,3256943,0.082
4360,FRMM,Technology,Software - Application,NASDAQ,74.94,26,57,11,2,5.73,75033621.33232832,13210145.0,0.53099996,-96.72,358233,338797,345216,
4361,COYA,Healthcare,Biotechnology,NASDAQ,74.87,26,50,20,18,4.25,106495609.92517948,23457183.0,0.0394,-45.16,285444,257044,218440,-0.026
4362,AGI,Basic Materials,Gold,NYSE,74.86,25,28,79,85,29.58,11868222610.982454,419965411.0,1.15,-46.62,3724127,4946605,4223655,0.792
4363,GAU,Basic Materials,Gold,NYSE ARCA,74.86,25,32,65,92,1.86,449287681.55338573,261213764.0,0.0084,-48.62,2703519,3551419,3250583,2.487
4364,GTN,Communication Services,Broadcasting,NYSE,74.84,25,19,86,68,3.96,406844285.71916103,102738455.0,0.0001,-38.51,1079170,1355490,1341004,-0.018
4365,HTT,Financial Services,Credit Services,NYSE,74.83,25,23,17,21,2.43,389761593.5591011,155283504.0,0.0085,-52.17,272123,357157,347956,-0.939
4366,MAIA,Healthcare,Biotechnology,NYSE ARCA,74.8,25,31,12,88,1.24,79040982.50079393,60800758.0,0.0612,-61.13,664875,626858,767371,
4367,DSGX,Technology,Software - Application,NASDAQ,74.76,25,20,20,17,68.18,6354832044.129181,85690827.0,3.0,-37.45,459124,536028,546134,0.147
4368,ERIE,Financial Services,Insurance Brokers,NASDAQ,74.74,25,23,18,22,223.55,11886009767.41919,52289868.0,0.1167,-41.27,313509,269906,232803,0.023
4369,GIFT,Communication Services,Internet Content & Information,NASDAQ,74.72,25,30,49,28,0.9,30357587.122057557,34109649.0,0.0023,-31.82,30605,42968,89109,-0.041
4370,OCGN,Healthcare,Biotechnology,NASDAQ,74.69,25,29,87,87,1.21,460389729.002594,338521856.0,0.31309998,-55.6,4595876,8340025,7061855,0.035
4371,TDS,Communication Services,Telecom Services,NYSE,74.68,25,33,62,72,34.37,3907331965.2557373,113850000.0,0.0023999999,-30.03,1010234,1129151,1138726,0.065
4372,DXYZ,Financial Services,Asset Management,NYSE,74.66,25,21,30,58,23.3,791193273.1608887,30465664.0,0.0402,-68.03,990469,2527946,4160455,
4373,AMS,Healthcare,Medical Care Facilities,NYSE ARCA,74.66,25,18,10,22,1.46,9473749.652504921,6625000.0,0.0229,-53.05,15669,162386,154303,0.159
4374,AMPH,Healthcare,Drug Manufacturers - Specialty & Generic,NASDAQ,74.65,25,31,30,50,18.72,870835150.25,44092919.0,0.1825,-40.12,437791,528940,601352,0.004
4375,IDCC,Technology,Software - Application,NASDAQ,74.65,25,32,81,78,258.3,6731338118.541077,25845029.0,0.1338,-37.4,239804,375858,350300,-0.024
4376,GRRR,Technology,Software - Infrastructure,NASDAQ,74.64,25,78,23,29,12.01,334199985.9011364,27757474.0,0.1505,-48.87,1829131,1513813,1649320,0.546
4377,TOUR,Consumer Cyclical,Travel Services,NASDAQ,74.63,25,15,29,18,5.1,55242204.75941944,10863757.0,1.25,-48.22,3505,14705,13821,0.128
4378,CNVS,Communication Services,Entertainment,NASDAQ,74.62,25,38,30,10,2.35,58542552.5,23417021.0,0.0233,-63.68,110893,492394,333880,0.667
4379,PLUG,Industrials,Electrical Equipment & Parts,NASDAQ,74.61,25,85,92,82,2.09,3027300014.3753242,1395069082.0,0.2752,-54.37,42198116,49582755,62295615,0.223
4380,SFIX,Consumer Cyclical,Apparel Retail,NASDAQ,74.6,25,53,24,69,3.58,505683989.1502075,133425856.0,0.1342,-39.73,1196543,2194167,2097060,0.047
4381,STRD,Technology,Software - Application,NASDAQ,74.58,25,14,46,31,60.15,705999627.2533417,11764700.0,4.55,-35.8,80134,168548,157964,0.119
4382,MDAI,Healthcare,Medical Devices,NASDAQ,74.58,25,36,57,31,1.64,53146053.58426273,31823985.0,0.081999995,-44.78,153308,245329,601609,-0.405
4383,ROOT,Financial Services,Insurance - Property & Casualty,NASDAQ,74.57,25,19,12,12,57.95,943722047.3843079,15826296.0,0.15010001,-56.1,194789,244326,250777,0.126
4384,VNT,Technology,Scientific & Technical Instruments,NYSE,74.57,25,22,36,40,30.78,4273280053.7109375,140800000.0,0.1026,-36.14,1198579,1595923,1832521,0.013
4385,DTI,Energy,Oil & Gas Equipment & Services,NASDAQ,74.56,25,13,77,91,2.31,80117133.31466246,35139094.0,0.0475,-50.75,177987,307392,273633,-0.115
4386,SAM,Consumer Defensive,Beverages - Brewers,NYSE,74.51,25,25,59,33,180.15,1861923461.379303,10413442.0,0.2457,-31.88,382118,342422,328037,-0.044
4387,IBTA,Technology,Software - Application,NYSE,74.49,25,64,77,7,26.25,734325254.1926079,23274969.0,0.2875,-36.19,178482,168790,182940,-0.025
4388,MOS,Basic Materials,Agricultural Inputs,NYSE,74.48,25,20,21,31,22.3,7033945964.972481,317846644.0,0.123900004,-40.58,6988130,9354850,8972032,0.144
4389,PDC,Technology,Software - Application,NASDAQ,74.47,25,86,97,88,3.6,24185096.637750864,6774537.0,0.0008,-65.71,148362,115707,98762,-0.438
4390,ACET,Healthcare,Biotechnology,NASDAQ,74.47,25,33,19,13,7.79,75907675.25017929,9348236.0,0.0543,-55.33,97078,91786,97399,
4391,MLCO,Consumer Cyclical,Resorts & Casinos,NASDAQ,74.45,25,19,24,24,5.41,2116188878.889264,388291551.0,0.0347,-46.7,2501331,3023700,2706380,0.109
4392,WOOF,Consumer Cyclical,Specialty Retail,NASDAQ,74.44,25,28,34,21,2.61,759603597.4902623,285565253.0,0.2083,-42.06,1428232,1721280,2062528,0.002
4393,HDL,Consumer Cyclical,Restaurants,NASDAQ,74.34,25,17,20,21,13.19,784291873.5111237,58836600.0,0.0001,-37.8,660,870,1036,0.142
4394,IIIV,Technology,Software - Infrastructure,NASDAQ,74.32,25,20,27,20,20.19,404877023.5315933,19549833.0,0.42380002,-40.57,218836,395578,423481,0.062
4395,LIF,Technology,Software - Application,NASDAQ,74.29,25,29,15,27,48.86,4358694733.076729,81031691.0,0.1364,-56.58,542938,689926,714809,0.381
4396,DNUT,Consumer Defensive,Grocery Stores,NASDAQ,74.26,25,56,53,17,3.15,568919991.7793274,172400000.0,0.16409999,-45.03,2591817,2874009,2701715,-0.022
4397,LSE,Energy,Oil & Gas Equipment & Services,NASDAQ,74.22,25,26,49,19,4.35,74910001.62363052,17025000.0,0.002,-37.68,3046,6322,15137,-0.31
4398,ARVN,Healthcare,Biotechnology,NASDAQ,74.2,25,24,49,86,8.03,516814810.74773026,64521198.0,0.0773,-44.66,582621,731883,773130,-0.917
4399,TEAM,Technology,Software - Application,NASDAQ,74.18,25,15,5,11,86.88,23674004078.311417,253767862.0,0.10609999,-57.83,3659280,4114950,4766914,0.317
4400,FBGL,Industrials,Engineering & Construction,NASDAQ,74.17,25,25,27,64,0.51,8504999.935626984,13500000.0,0.0176,-63.57,82216,667288,477943,2.267
4401,VEEE,Consumer Cyclical,Recreational Vehicles,NASDAQ,74.12,25,1,0,11,12.97,20485071.40384674,529330.0,0.0136,-89.87,12852511,4426220,2680488,0.098
4402,SPRU,Technology,Solar,NYSE,74.11,25,30,85,98,2.17,44086321.75183296,18369300.0,0.0615,-67.85,20261,31507,42278,-0.017
4403,JVA,Consumer Defensive,Packaged Foods,NASDAQ,74.08,25,20,79,19,3.44,20094271.891117096,5708600.0,0.0045,-38.9,23905,74278,58731,-0.051
4404,CATX,Healthcare,Medical Devices,NYSE ARCA,74.03,25,24,85,79,2.91,340998130.1176293,114046197.0,0.23799999,-52.76,1481867,2148705,1803357,-0.778
4405,MGRX,Healthcare,Health Information Services,NASDAQ,74.02,25,9,6,1,0.52,7072977.872186065,17167422.0,0.025,-81.09,748505,1825971,1292483,-0.379
4406,SSYS,Technology,Computer Hardware,NASDAQ,74.01,25,29,21,52,8.03,706665989.8052216,86814000.0,0.0423,-37.31,371014,786891,928644,-0.025
4407,ARMP,Healthcare,Biotechnology,NYSE ARCA,74.0,25,90,99,98,4.66,165565761.5024376,36710810.0,0.040900003,-71.48,216332,215837,156374,0.607
4408,ITRI,Technology,Scientific & Technical Instruments,NASDAQ,73.97,25,22,20,26,84.22,3812740353.810936,44339347.0,0.2019,-40.69,498857,608839,629949,-0.033
4409,GXAI,Communication Services,Electronic Gaming & Multimedia,NASDAQ,73.94,25,26,38,56,1.06,11604205.181109667,10744634.0,0.0167,-64.19,177786,302998,2623771,75.242
4410,PPSI,Industrials,Electrical Equipment & Parts,NASDAQ,73.93,25,61,44,74,2.98,35951901.94582224,11096266.0,0.0058999998,-52.62,49456,80008,176215,-0.367
4411,ARBB,Technology,Information Technology Services,NASDAQ,73.93,25,21,14,21,4.17,7678863.431652069,1765256.0,0.0115,-69.98,1836,3592,6029,0.82
4412,SIDU,Industrials,Aerospace & Defense,NASDAQ,73.93,25,87,94,96,1.85,182044298.50420046,97349892.0,0.2211,-72.75,6164668,10695672,18438663,0.507
4413,APPF,Technology,Software - Application,NASDAQ,73.93,25,16,18,18,165.05,6354988985.022049,35358533.0,0.1091,-49.38,413979,388156,388029,0.204
4414,BOOM,Industrials,Conglomerates,NASDAQ,73.86,25,33,21,59,5.93,128134736.50493813,20468807.0,0.0154,-35.54,152940,355880,300854,-0.149
4415,MOGU,Consumer Cyclical,Internet Retail,NYSE,73.85,25,11,56,32,1.89,15529917.705125213,8173641.0,0.39,-76.67,3859,16783,17217,-0.285
4416,G,Technology,Information Technology Services,NYSE,73.81,25,14,20,48,31.26,5236055990.441437,169506510.0,0.11310001,-35.73,1822825,2429425,2702787,0.067
4417,RMD,Healthcare,Medical Instruments & Supplies,NYSE,73.78,25,23,26,44,195.27,28864770648.978516,145056384.0,0.12,-33.54,1222009,1531943,1518325,0.108
4418,LEN,Consumer Cyclical,Residential Construction,NYSE,73.74,25,31,23,28,84.64,20208693315.349274,240895142.0,0.0031,-41.32,2426754,2846338,2735792,-0.052
4419,LUCD,Healthcare,Medical Devices,NASDAQ,73.72,25,32,28,56,0.91,181232963.575826,190771543.0,0.061100002,-44.14,1955795,1889721,1544157,0.517
4420,GWRE,Technology,Software - Application,NYSE,73.71,24,10,16,12,138.23,12490120082.989563,83256364.0,0.0771,-49.29,1365603,1725977,1797786,0.269
4421,BTDR,Technology,Software - Application,NASDAQ,73.71,24,89,23,23,11.56,2613188577.5299244,243313653.0,0.3207,-58.42,6610691,8946437,10213292,1.694
4422,HURN,Industrials,Consulting Services,NASDAQ,73.71,24,13,26,70,112.3,1861118018.6745758,16211829.0,0.0572,-39.88,263884,310048,285978,0.121
4423,ALZN,Healthcare,Biotechnology,NASDAQ,73.7,24,13,5,12,1.33,4603736.755139351,3804741.0,0.0416,-60.3,60859,244019,171169,
4424,GRO,Basic Materials,Other Industrial Metals & Mining,NYSE ARCA,73.68,24,28,81,50,2.15,133622918.79187703,61294915.0,0.0036000002,-46.12,182295,231848,326163,
4425,PFLT,Financial Services,Asset Management,NYSE,73.67,24,27,38,46,6.86,719329746.0,99217896.0,0.0428,-36.36,1310448,1293256,1209975,0.065
4426,UBER,Technology,Software - Application,NYSE,73.6,24,28,29,32,65.94,147499502618.33344,2035599013.0,0.0286,-35.35,17421194,20189301,20100376,0.145
4427,GMHS,Communication Services,Electronic Gaming & Multimedia,NASDAQ,73.58,24,24,23,14,0.87,51014098.75004208,57319213.0,0.0084,-67.29,15689,88646,1295425,-0.091
4428,CNM,Industrials,Industrial Distribution,NYSE,73.54,24,31,28,34,43.62,8468603988.636951,187192831.0,0.0506,-35.07,1877676,2712415,2508935,-0.001
4429,RSSS,Technology,Software - Application,NASDAQ,73.44,24,22,26,30,2.2,73919046.99592209,33447532.0,0.0032,-46.6,24753,40334,69286,-0.043
4430,NIO,Consumer Cyclical,Auto Manufacturers,NYSE,73.43,24,33,81,27,4.49,12227655354.110834,2505667022.0,0.0683,-44.01,22713898,25794919,33529183,1.122
4431,VYGR,Healthcare,Biotechnology,NASDAQ,73.39,24,32,40,34,3.1,191535484.39977837,60421287.0,0.0695,-44.14,752201,735820,676900,-0.599
4432,XZO,Financial Services,Insurance - Diversified,NYSE,73.37,24,23,23,34,15.31,1463786757.6826286,90918430.0,0.0682,-37.76,135028,203259,215515,0.099
4433,ATHR,Technology,Software - Application,NASDAQ,73.37,24,21,13,27,4.16,52829574.34178829,12144730.0,0.109,-66.98,13144,20641,15566,-0.017
4434,WK,Technology,Software - Application,NYSE,73.37,24,13,16,27,52.42,3208903649.606262,56119336.0,0.1149,-46.01,778193,956334,997394,0.199
4435,GIB,Technology,Information Technology Services,NYSE,73.36,24,17,22,25,66.43,14265693972.46933,209420044.0,11.81,-35.53,407702,499147,480036,0.033
4436,HLI,Financial Services,Capital Markets,NYSE,73.36,24,23,28,28,140.23,9669004394.515457,69059387.0,0.0337,-33.78,762976,835128,760225,-0.046
4437,BHM,Real Estate,REIT - Residential,NYSE ARCA,73.35,24,23,62,21,8.36,35340411.56759262,4109350.0,0.0064,-42.34,15669,10279,8839,0.103
4438,OR,Basic Materials,Gold,NYSE,73.33,24,34,68,89,29.2,5306132808.152008,187495864.0,1.98,-39.24,963246,1099428,973699,0.873
4439,TOON,Communication Services,Entertainment,NYSE ARCA,73.32,24,55,35,56,0.58,36609229.58945024,59142534.0,0.023,-55.04,3373541,1946683,1975952,-0.238
4440,ADXN,Healthcare,Biotechnology,NASDAQ,73.29,24,20,21,35,5.89,7208981.797296524,1265844.0,0.0014,-51.12,1900,4103,2988,-0.892
4441,LXEO,Healthcare,Biotechnology,NASDAQ,73.24,24,20,53,75,4.66,368266467.95304394,78521634.0,0.24149999,-57.6,1046478,1079899,934501,
4442,GILT,Technology,Communication Equipment,NASDAQ,73.23,24,45,89,96,10.73,840746386.6308937,75470948.0,0.026300002,-48.73,565249,713716,879919,0.2
4443,PFSI,Financial Services,Mortgage Finance,NYSE,73.21,24,23,20,28,84.35,4428672636.288643,51924875.0,0.0828,-47.4,407812,521387,523532,-0.166
4444,SPCE,Industrials,Aerospace & Defense,NYSE,73.2,24,26,16,18,2.49,329055416.6450381,128537275.0,0.32799998,-72.02,10083695,24698105,37058309,-0.508
4445,KLAR,Financial Services,Credit Services,NYSE,73.2,24,29,5,10,17.36,7089627862.5,378113486.0,0.1137,-63.44,3572859,4631439,5766791,0.444
4446,GPGI,Industrials,Metal Fabrication,NYSE,73.11,24,23,30,90,14.02,4205889633.2940197,289861445.0,0.2165,-47.65,1367557,1769762,1874979,
4447,EYE,Consumer Cyclical,Specialty Retail,NASDAQ,73.1,24,13,68,87,19.92,1660818428.7755013,80116665.0,0.2919,-33.64,1909631,2126957,2511040,0.066
4448,YJ,Consumer Cyclical,Internet Retail,NASDAQ,73.02,24,25,64,26,1.33,7388310.0,4925540.0,0.010199999,-50.19,20362,12260,14012,-0.183
4449,PAPL,Financial Services,Mortgage Finance,NYSE ARCA,73.01,24,15,20,1,1.15,23740674.004202127,26088652.0,0.0155,-87.93,1564473,563604,417486,-0.048
4450,BAH,Industrials,Consulting Services,NYSE,72.96,24,14,22,25,72.53,7820898703.807106,119934041.0,0.0792,-39.58,2377975,2586971,2345685,-0.065
4451,GDS,Technology,Information Technology Services,NASDAQ,72.94,24,21,71,88,31.63,6243766390.504803,200377613.0,0.0921,-34.93,1485136,2092428,2559961,0.236
4452,RYET,Consumer Defensive,Education & Training Services,NASDAQ,72.93,24,17,22,8,1.03,38212003.21117544,37280004.0,0.0025,-61.42,11851,62500,1251216,-0.911
4453,LOPE,Consumer Defensive,Education & Training Services,NASDAQ,72.87,24,21,33,30,139.94,3723667794.972168,26514296.0,0.0645,-37.26,385892,405750,348556,0.067
4454,CVNA,Consumer Cyclical,Auto & Truck Dealerships,NYSE,72.86,24,37,74,85,60.46,48234857222.77359,716288385.0,0.138,-37.91,8088505,10759018,10505659,0.52
4455,FOUR,Technology,Software - Infrastructure,NYSE,72.85,24,15,12,15,48.35,3991038275.3816986,79328924.0,0.2016,-55.44,911554,1495298,1495138,0.322
4456,INSM,Healthcare,Biotechnology,NASDAQ,72.81,24,18,69,87,106.92,23478625426.1724,216752451.0,0.0834,-49.74,2143441,3717497,3733078,2.296
4457,COUR,Consumer Defensive,Education & Training Services,NYSE,72.8,24,20,24,13,5.37,1592153977.5344276,286358632.0,0.0885,-60.4,5225904,6856244,7116656,0.091
4458,ECC,Financial Services,Asset Management,NYSE,72.8,24,23,17,26,3.57,489172447.9042053,132208768.0,0.0001,-54.05,873902,1050827,961576,-0.191
4459,SRAD,Technology,Software - Application,NASDAQ,72.79,24,12,9,16,14.29,4255784933.42898,295951662.0,0.0968,-55.65,2103009,2091543,2441505,0.113
4460,CMCSA,Communication Services,Telecom Services,NASDAQ,72.79,24,21,38,53,22.3,84983320641.50293,3572228557.0,0.0278,-33.94,35354366,40606165,37008781,0.053
4461,ILAG,Industrials,Building Products & Equipment,NASDAQ,72.79,24,56,31,13,3.45,7747016.079614639,2076948.0,0.0419,-63.91,9831,70397,93342,-0.279
4462,GDTC,Healthcare,Biotechnology,NASDAQ,72.75,24,15,14,4,0.99,11832835.0,11832835.0,0.0108,-73.1,7528,13502,18829,0.469
4463,MMYT,Consumer Cyclical,Travel Services,NASDAQ,72.74,24,26,11,13,49.23,5181645925.710907,94867192.0,0.118999995,-53.11,838499,1217006,1106019,0.019
4464,AZO,Consumer Cyclical,Auto Parts,NYSE,72.74,24,25,35,42,2957.41,49734213529.63623,16325355.0,0.0342,-32.6,155375,401218,391981,0.084
4465,GLE,Technology,Information Technology Services,NASDAQ,72.71,24,20,11,3,0.37,7393200.25742054,18300000.0,0.024500001,-90.49,197218,1009106,4278705,-0.634
4466,KOSS,Technology,Consumer Electronics,NASDAQ,72.7,24,29,31,23,3.75,35972463.94860506,9466438.0,0.0355,-56.34,18484,20811,21736,0.016
4467,MMS,Industrials,Specialty Business Services,NYSE,72.69,24,18,23,77,59.67,3063103122.814884,52540363.0,0.1171,-40.33,622111,751113,722938,-0.041
4468,UROY,Energy,Uranium,NASDAQ,72.69,24,23,62,91,2.96,411924936.28190947,146592507.0,1.15,-46.38,3318046,2703212,2774059,4164.0
4469,BGS,Consumer Defensive,Packaged Foods,NYSE,72.68,24,33,80,37,3.51,301129576.80627537,81167001.0,0.1472,-44.98,2125650,1943303,2192102,-0.039
4470,NOW,Technology,Software - Application,NYSE,72.64,24,12,9,11,98.78,106472235716.88843,1031308000.0,0.060300004,-53.01,24899136,23609768,28336337,0.221
4471,SBC,Industrials,Consulting Services,NASDAQ,72.64,24,19,26,75,3.06,315936976.6140003,102576943.0,0.0293,-46.32,57843,121377,126280,-0.09
4472,MDWD,Healthcare,Biotechnology,NASDAQ,72.58,24,24,29,35,14.23,187771441.13752842,12852255.0,0.145,-32.59,75809,81659,93747,-0.627
4473,AMRC,Industrials,Engineering & Construction,NYSE,72.57,24,65,81,90,21.75,1223707279.18898,52951417.0,0.15439999,-51.59,455030,511723,607668,0.138
4474,ALNY,Healthcare,Biotechnology,NASDAQ,72.54,24,22,29,35,271.77,35710608063.289215,133512573.0,0.0579,-45.16,1355700,1481293,1298944,0.964
4475,POET,Technology,Semiconductors,NASDAQ,72.5,24,93,84,61,6.89,1275440076.956749,172590000.0,0.1571,-66.89,13102068,17528772,30883811,2.019
4476,MED,Consumer Cyclical,Personal Services,NYSE,72.45,24,30,28,24,9.68,114082122.44496346,11119115.0,0.1455,-37.02,190468,255512,226343,-0.343
4477,SYNX,Technology,Communication Equipment,NYSE ARCA,72.44,24,25,33,8,1.06,6999333.852009773,6634440.0,0.0187,-50.7,27866,34805,49053,-0.053
4478,WLTH,Technology,Software - Application,NASDAQ,72.42,24,15,34,11,8.88,1383084894.3460693,149361216.0,0.066700004,-39.8,870181,1671770,1720392,0.071
4479,XTIA,Industrials,Aerospace & Defense,NASDAQ,72.39,23,30,69,25,1.46,56177573.407811165,38477789.0,0.1658,-54.23,654793,886164,1559280,56.223
4480,IZEA,Communication Services,Internet Content & Information,NASDAQ,72.34,23,37,79,55,3.4,60771328.47106099,17513351.0,0.0047999998,-41.97,35610,45393,49492,-0.175
4481,SERA,Healthcare,Medical Devices,NASDAQ,72.33,23,18,13,20,2.05,80275384.38276649,39158725.0,0.0085,-48.1,37873,37724,54898,-0.632
4482,DKNG,Consumer Cyclical,Gambling,NASDAQ,72.31,23,20,16,19,23.01,12373452960.941374,496128817.0,0.0866,-52.83,11844685,11755555,12203873,0.168
4483,WD,Financial Services,Mortgage Finance,NYSE,72.28,23,34,17,20,48.2,1719308612.1423798,34331241.0,0.045700002,-46.44,236180,301990,316700,0.32
4484,PLTR,Technology,Software - Infrastructure,NASDAQ,72.28,23,13,34,61,122.92,317356171220.8849,2397311977.0,0.040700004,-40.77,31949391,40425927,40202062,0.847
4485,ISPR,Consumer Defensive,Tobacco,NASDAQ,72.28,23,17,7,86,1.55,100448943.0,57399396.0,0.040999997,-59.95,81409,182399,163689,-0.287
4486,BABA,Consumer Cyclical,Internet Retail,NYSE,72.27,23,15,29,80,112.14,275568403438.9094,2396872232.0,0.018,-41.8,10526226,13517695,13188453,0.029
4487,NAII,Consumer Defensive,Packaged Foods,NASDAQ,72.26,23,22,20,79,2.4,13931008.559535742,6275229.0,0.0013,-51.61,11598,26759,22141,0.233
4488,RAY,Consumer Defensive,Household & Personal Products,NASDAQ,72.12,23,17,4,10,3.19,15803059.00615549,5874743.0,0.0032,-94.58,8703,7941,12556,-0.131
4489,PDCC,Financial Services,Asset Management,NYSE,72.09,23,26,16,25,9.22,65469010.21393776,6834639.0,0.0064,-48.7,9575,7298,10687,
4490,JRVR,Financial Services,Insurance - Specialty,NASDAQ,72.09,23,13,65,82,4.71,212227176.09518433,46236856.0,0.0417,-34.58,229949,371559,395787,-0.121
4491,VFF,Consumer Defensive,Farm Products,NASDAQ,72.08,23,25,93,98,1.93,239967929.58504438,121811130.0,0.0448,-61.32,597099,947083,956141,0.266
4492,ACIU,Healthcare,Biotechnology,NASDAQ,72.08,23,30,66,80,2.23,223901865.45294213,101773573.0,0.0692,-44.25,208489,256596,275531,0.13
4493,GDYN,Technology,Information Technology Services,NASDAQ,72.06,23,14,11,22,5.69,484194849.4699192,83626054.0,0.09,-47.61,1278116,2352725,2284553,0.037
4494,UI,Technology,Communication Equipment,NYSE,72.06,23,30,96,67,525.7,33042033044.544983,60522085.0,0.1058,-52.21,90198,106476,121283,0.187
4495,RKT,Financial Services,Mortgage Finance,NYSE,72.03,23,32,31,76,13.05,41139908049.94582,2829429722.0,0.1074,-46.43,28926783,34067097,29841044,1.671
4496,NRDS,Communication Services,Internet Content & Information,NASDAQ,72.03,23,18,42,55,8.88,609296745.6401463,65798783.0,0.1254,-45.32,537817,669385,835459,0.062
4497,ALOY,Basic Materials,Other Industrial Metals & Mining,NASDAQ,72.0,23,94,80,96,7.03,606232788.2468452,68231038.0,2.08,-73.87,2163728,2828962,2626261,
4498,FWRG,Consumer Cyclical,Restaurants,NASDAQ,71.99,23,31,19,27,12.12,767478806.4921713,61644885.0,0.099700004,-37.94,805625,1079275,1202653,0.173
4499,HGBL,Financial Services,Capital Markets,NASDAQ,71.98,23,23,27,18,1.2,42732112.082642555,34741554.0,0.002,-45.45,62882,82570,75822,-0.055
4500,ADSK,Technology,Software - Application,NASDAQ,71.98,23,14,24,23,209.75,46103566844.57834,211145251.0,0.0463,-36.26,2124082,3004050,2785586,0.184
4501,PAX,Financial Services,Asset Management,NASDAQ,71.95,23,24,34,69,10.8,1756405001.0430965,159528153.0,0.1249,-39.33,817416,826172,863683,0.22
4502,ALMU,Technology,Semiconductors,NASDAQ,71.94,23,83,76,79,14.22,267257897.98293114,18305335.0,0.2601,-55.27,518611,606870,1051166,-0.026
4503,CHKP,Technology,Software - Infrastructure,NASDAQ,71.92,23,15,16,25,130.57,14262212974.635345,104027807.0,0.0685,-42.03,1251439,1200886,1347433,0.048
4504,YSG,Consumer Defensive,Household & Personal Products,NYSE,71.88,23,14,8,20,3.32,334885514.4978094,93805468.0,0.0034999999,-68.97,82927,117725,171511,0.225
4505,DIT,Consumer Defensive,Food Distribution,NYSE ARCA,71.88,23,32,77,30,63.07,66372284.0,976063.0,0.0038,-34.02,6980,2510,1648,0.171
4506,NAVI,Financial Services,Credit Services,NASDAQ,71.88,23,22,24,20,8.23,813008421.1958828,93989417.0,0.24239999,-43.18,739956,1035375,1119871,-0.008
4507,NN,Technology,Software - Infrastructure,NASDAQ,71.87,23,37,75,62,12.44,1781866480.591218,136436939.0,0.1602,-49.06,2618674,2439251,2592430,-0.353
4508,PNBK,Financial Services,Banks - Regional,NASDAQ,71.86,23,19,21,35,1.12,139939140.818892,117595911.0,0.012,-44.0,252136,738222,571493,0.766
4509,CAVA,Consumer Cyclical,Restaurants,NYSE,71.85,23,70,80,20,62.01,8019224807.875,116473856.0,0.1172,-37.23,3600193,3242457,3340442,0.321
4510,OXLC,Financial Services,Asset Management,NASDAQ,71.84,23,19,18,18,8.5,856387457.6604614,97649648.0,0.0454,-57.39,956995,1044471,1054779,-0.102
4511,GYRE,Healthcare,Biotechnology,NASDAQ,71.81,23,26,35,35,5.94,674507557.7148104,111488849.0,0.0519,-36.94,54032,99280,100194,0.021
4512,BR,Technology,Information Technology Services,NYSE,71.8,23,15,16,24,148.92,17338335726.823334,115658297.0,0.0404,-45.23,825185,1379355,1453271,0.078
4513,BTQ,Technology,Software - Infrastructure,NASDAQ,71.77,23,89,10,9,3.33,475123627.8346484,143976859.0,2.4,-79.19,1692591,4230193,3985574,
4514,IRTC,Healthcare,Medical Devices,NASDAQ,71.77,23,21,29,59,109.2,3643783708.7807007,32862408.0,0.0994,-48.49,441079,562719,555301,0.257
4515,SEAT,Communication Services,Internet Content & Information,NASDAQ,71.75,23,20,9,4,7.01,77900745.66654587,10987411.0,0.2609,-81.55,74280,114190,98562,-0.233
4516,ZLAB,Healthcare,Biotechnology,NASDAQ,71.72,23,25,33,10,19.22,2281035515.3530655,112922546.0,0.073699996,-53.35,710561,869183,902650,-0.065
4517,SPSC,Technology,Software - Application,NASDAQ,71.72,23,16,7,16,61.16,2407985989.73407,36712702.0,0.0988,-56.92,539111,702283,658018,0.058
4518,SPHL,Consumer Cyclical,Residential Construction,NASDAQ,71.69,23,29,8,24,2.59,5903770.17270875,2261981.0,0.015800001,-89.69,25191,641147,1258908,0.058
4519,VNET,Technology,Information Technology Services,NASDAQ,71.67,23,33,40,80,7.21,2103871203.7595649,284691643.0,0.2386,-50.21,2662903,4244727,7573594,0.198
4520,LPA,Real Estate,Real Estate - Development,NYSE ARCA,71.63,23,40,36,10,3.01,97382870.86775208,31617816.0,0.0387,-56.38,30492,851314,517908,0.216
4521,RKTO,Technology,Software - Infrastructure,NASDAQ,71.57,23,22,15,16,0.79,18125728.19043839,22322326.0,0.1375,-67.76,1072240,7839923,12521146,
4522,MYND,Consumer Defensive,Education & Training Services,NYSE ARCA,71.56,23,21,9,11,0.37,19282143.88336584,47144605.0,0.021300001,-67.8,6214,20198,726552,-0.347
4523,OKYO,Healthcare,Biotechnology,NASDAQ,71.53,23,22,18,57,1.55,75045334.75735343,52479257.0,0.0008,-53.72,213802,140794,103712,
4524,DOMH,Financial Services,Capital Markets,NASDAQ,71.51,23,19,13,35,2.64,62414035.34433818,22613781.0,0.0634,-68.57,36338,103159,151971,3.945
4525,WIT,Technology,Information Technology Services,NYSE,71.5,23,26,19,25,1.87,18399553726.10953,9892233110.0,0.0313,-39.48,9041541,13119263,12893856,0.077
4526,HHS,Industrials,Conglomerates,NASDAQ,71.49,23,21,22,20,2.39,18103507.22454548,7419470.0,0.0044,-44.68,2530,3060,3434,-0.103
4527,PACB,Healthcare,Medical Devices,NASDAQ,71.47,23,68,30,88,1.36,447266448.49277115,310601688.0,0.1758,-50.18,6378145,6250948,6271987,0.001
4528,BLND,Technology,Software - Application,NYSE,71.39,23,13,6,14,1.69,438231133.5059738,242116656.0,0.0622,-62.36,2199279,2548326,3433867,0.149
4529,SACH,Real Estate,REIT - Mortgage,NYSE ARCA,71.36,23,37,51,51,0.8,40954121.211712,47955647.0,0.0037,-44.83,112303,161434,546194,
4530,PLRX,Healthcare,Biotechnology,NASDAQ,71.31,23,27,26,11,1.09,71208284.87370622,61920249.0,0.0427,-44.1,885330,603476,577994,
4531,MBC,Consumer Cyclical,"Furnishings, Fixtures & Appliances",NYSE,71.31,23,34,21,31,8.5,1109626405.0644493,127984590.0,0.14930001,-40.23,1717448,2545576,3266903,-0.064
4532,DUOL,Technology,Software - Application,NASDAQ,71.29,23,19,7,5,122.24,6236488994.831818,46593117.0,0.21280001,-73.88,865854,1222904,1316340,0.265
4533,HUYA,Communication Services,Entertainment,NYSE,71.21,23,21,35,91,2.36,551498882.7145958,229791192.0,0.0558,-52.13,393391,679677,1012748,0.146
4534,ARQQ,Technology,Software - Infrastructure,NASDAQ,71.2,23,82,10,17,16.65,303150000.9476986,17402411.0,0.254,-73.15,374422,1136907,982036,8.299
4535,DRIO,Healthcare,Health Information Services,NASDAQ,71.13,23,11,10,18,7.79,49826680.92041588,7312398.0,0.0108,-56.1,26349,18059,13637,-0.173
4536,PBH,Healthcare,Drug Manufacturers - Specialty & Generic,NYSE,71.13,23,17,27,29,49.66,2364818439.9789734,47372166.0,0.08180001,-35.88,475997,638382,723059,-0.05
4537,BAK,Basic Materials,Chemicals,NYSE,71.09,23,21,44,66,2.46,980271161.9609661,398484206.0,0.033299997,-54.4,1477048,2441586,2386625,-0.204
4538,IGC,Healthcare,Biotechnology,NYSE ARCA,71.08,22,26,35,18,0.26,27135203.20468664,104366170.0,0.007900001,-48.0,304581,467063,562354,-0.039
4539,HIMS,Healthcare,Drug Manufacturers - Specialty & Generic,NYSE,71.02,22,59,22,12,28.09,7601070739.117641,231457695.0,0.3182,-60.12,14438006,16455108,17720201,0.038
4540,GHI,Financial Services,Mortgage Finance,NYSE,70.95,22,27,11,22,5.12,123231927.74941921,23562510.0,0.0084,-55.28,50885,61881,59341,-0.027
4541,JMIA,Consumer Cyclical,Internet Retail,NYSE,70.93,22,35,74,98,5.86,805041997.5,123852615.0,0.0505,-60.19,1751262,1699124,1906866,0.394
4542,BIVI,Healthcare,Biotechnology,NASDAQ,70.93,22,46,20,4,1.37,13575309.840377092,7541839.0,0.0598,-84.51,274017,216045,173961,
4543,BON,Basic Materials,Specialty Chemicals,NASDAQ,70.9,22,19,23,21,1.14,9429419.328671694,8128810.0,0.0011,-66.47,9509,11716,17583,
4544,ANY,Financial Services,Capital Markets,NASDAQ,70.9,22,62,4,4,1.91,12991004.264387846,7641767.0,0.0148,-84.84,1358056,796208,4026497,-0.32
4545,ANVS,Healthcare,Biotechnology,NYSE,70.86,22,14,22,71,1.66,74022850.72571087,42541868.0,0.12550001,-69.82,709248,880196,1073661,
4546,GUTS,Healthcare,Biotechnology,NASDAQ,70.75,22,40,6,3,0.77,128505660.4082486,158648963.0,0.0156,-68.51,2923249,1921903,2042239,
4547,HYPR,Healthcare,Medical Devices,NASDAQ,70.74,22,91,76,67,0.95,92420682.24797058,99270336.0,0.040999997,-57.21,882318,1456699,1099333,0.826
4548,VFS,Consumer Cyclical,Auto Manufacturers,NASDAQ,70.71,22,32,74,32,2.85,7369538654.6155405,2339536010.0,0.044499997,-46.07,468399,449929,509771,0.417
4549,STIM,Healthcare,Medical Devices,NASDAQ,70.7,22,16,9,11,1.73,112732301.13182068,69587840.0,0.2236,-64.33,3225942,1984450,2171884,0.078
4550,BRSL,Consumer Cyclical,Gambling,NYSE,70.66,22,21,31,36,10.41,1972808519.4771652,183687948.0,0.0395,-43.94,1428042,1498527,1608884,0.007
4551,CCLD,Healthcare,Health Information Services,NASDAQ,70.6,22,12,79,50,2.22,98583638.84328961,42492949.0,0.0112,-44.64,164670,209050,309794,0.132
4552,BCIC,Financial Services,Asset Management,NASDAQ,70.58,22,20,16,51,7.02,90479385.40175486,12377481.0,0.0076,-48.0,40739,56466,62923,0.452
4553,IQ,Communication Services,Entertainment,NASDAQ,70.57,22,10,9,38,1.22,1148379489.8691583,965024735.0,0.1567,-57.04,6793476,6862302,6529367,-0.134
4554,PZZA,Consumer Cyclical,Restaurants,NASDAQ,70.56,22,35,38,23,30.37,1081160200.1217957,32902014.0,0.2355,-45.51,901398,911089,1040359,-0.077
4555,EVLV,Industrials,Security & Protection Services,NASDAQ,70.54,22,21,64,62,5.24,1018072153.153801,179871410.0,0.053400002,-41.19,1509829,2196706,2700707,0.447
4556,VOYG,Industrials,Aerospace & Defense,NYSE,70.53,22,47,15,18,25.24,1534889584.693285,59262147.0,0.222,-51.83,1616096,2276698,2514377,0.021
4557,BSY,Technology,Software - Application,NASDAQ,70.53,22,14,18,15,31.4,9824784483.515694,303796674.0,0.103199996,-47.0,2408327,3379749,3091181,0.145
4558,AREC,Basic Materials,Coking Coal,NASDAQ,70.52,22,39,72,97,1.74,167944902.6508665,106971272.0,0.1288,-75.53,2995319,3078866,3331249,
4559,EUDA,Real Estate,Real Estate Services,NASDAQ,70.51,22,15,3,6,14.99,33835873.07112217,2994325.0,0.0016,-82.57,3606,3752,5985,0.789
4560,OWL,Financial Services,Asset Management,NYSE,70.5,22,15,9,18,9.45,6433639281.117794,675802413.0,0.22,-54.78,13752077,19443559,20738527,0.103
4561,IMA,Healthcare,Biotechnology,NASDAQ,70.48,22,26,11,11,5.59,60681720.69079399,11279130.0,0.0364,-68.94,12291,11620,18650,
4562,EVAX,Healthcare,Biotechnology,NASDAQ,70.46,22,30,87,64,2.96,25646161.522692442,8340215.0,0.0043,-75.64,13687,21189,25383,
4563,FSI,Basic Materials,Specialty Chemicals,NYSE ARCA,70.44,22,55,70,35,5.01,75720138.84941769,12747498.0,0.0099,-56.36,23832,18080,19892,0.11
4564,TELO,Healthcare,Biotechnology,NASDAQ,70.44,22,26,30,10,1.15,76340202.14383364,68774956.0,0.0173,-52.87,143946,136532,116739,
4565,TRI,Industrials,Specialty Business Services,NASDAQ,70.43,22,14,11,12,90.15,41995034787.18919,436538837.0,7.3,-57.05,2190865,2078108,1990147,0.098
4566,AMTD,Financial Services,Asset Management,NYSE,70.35,22,30,39,33,0.8,90733965.79808962,94910009.0,0.00029999999,-51.52,7404,21514,18550,-0.826
4567,ALT,Healthcare,Biotechnology,NASDAQ,70.35,22,16,10,75,2.77,558140799.7241993,194474154.0,0.24520001,-56.99,2495496,4131602,3594437,
4568,TU,Communication Services,Telecom Services,NYSE,70.29,22,23,26,31,10.22,16238027797.992668,1561348884.0,10.17,-38.95,6008189,6449689,5959667,-0.006
4569,NICE,Technology,Software - Application,NASDAQ,70.25,22,15,20,15,90.26,5868508467.612213,58597188.0,0.048499998,-48.42,593729,585823,656975,0.098
4570,HTLM,Consumer Cyclical,Specialty Retail,NASDAQ,70.23,22,20,13,12,1.82,180720321.90859318,89687500.0,0.0026,-56.56,17258,9919,9591,0.164
4571,CCB,Financial Services,Banks - Regional,NASDAQ,70.21,22,24,28,46,72.19,1204350907.0292358,15248808.0,0.112399995,-39.87,122807,118902,119869,0.17
4572,ADBE,Technology,Software - Application,NASDAQ,70.2,22,12,17,20,225.11,94306875000.0,397500000.0,0.0552,-40.16,5177246,7652755,6715457,0.127
4573,NRDY,Technology,Software - Application,NYSE,70.2,22,24,18,17,0.84,105571829.27114499,127041917.0,0.0661,-51.72,414032,906610,726560,0.024
4574,CRM,Technology,Software - Application,NYSE,70.16,22,13,18,19,163.66,139860633499.1455,819000000.0,0.0715,-40.27,12494859,15221746,15445999,0.133
4575,ASPS,Real Estate,Real Estate Services,NASDAQ,70.05,22,30,34,12,5.8,71621325.0743556,11278949.0,0.0507,-63.66,27454,20064,18982,0.095
4576,BMEA,Healthcare,Biotechnology,NASDAQ,70.03,22,21,49,12,1.25,92543281.13149643,72299440.0,0.2333,-58.19,524725,844351,972805,
4577,AARD,Healthcare,Biotechnology,NASDAQ,69.98,22,21,6,63,6.32,128241168.80185032,21884158.0,0.0367,-64.77,240752,388537,307812,
4578,QFIN,Financial Services,Credit Services,NASDAQ,69.96,22,23,11,8,13.19,1549901427.5864105,121751884.0,0.027999999,-69.16,1093939,1313123,1627827,-0.167
4579,SHOE,Consumer Cyclical,Apparel Retail,NASDAQ,69.95,22,27,41,36,14.55,393422446.7055588,27151308.0,0.21030001,-45.24,1063417,734775,669663,-0.025
4580,MSB,Basic Materials,Steel,NYSE,69.95,22,24,29,63,22.5,320128238.9951134,13120010.0,0.0113,-46.91,45383,44117,50684,-0.526
4581,DXC,Technology,Information Technology Services,NYSE,69.91,22,11,22,37,10.05,1534900133.8900995,162080263.0,0.23709999,-35.91,3084430,5439103,5333876,-0.012
4582,SFWL,Industrials,Integrated Freight & Logistics,NASDAQ,69.88,22,30,31,35,0.7,65833014.362457514,82497514.0,0.0015,-45.74,10941,15290,21080,0.116
4583,LUNR,Industrials,Aerospace & Defense,NASDAQ,69.87,22,83,94,91,12.92,2169315291.129238,160452309.0,0.2595,-72.36,9264256,11800222,13969749,1.987
4584,MLEC,Healthcare,Biotechnology,NASDAQ,69.83,22,35,18,4,7.2,4748811.6923007965,726118.0,0.0322,-87.97,21209,14759,22169,
4585,JBI,Industrials,Building Products & Equipment,NYSE,69.83,22,23,16,20,5.29,736519291.6073985,136392459.0,0.0383,-51.02,956125,1647518,1724499,0.058
4586,STG,Consumer Defensive,Education & Training Services,NYSE,69.82,22,21,9,17,3.81,47929376.823744774,13425596.0,0.0063,-66.96,6620,41893,563524,-0.096
4587,EQS,Financial Services,Asset Management,NYSE,69.81,22,16,25,34,1.07,16480700.54741764,13966696.0,0.002,-57.03,5961,19897,16272,-0.068
4588,DLB,Industrials,Specialty Business Services,NYSE,69.79,22,22,34,27,49.86,4641929474.180946,94598115.0,0.1446,-35.25,780084,938214,892172,0.071
4589,QBTS,Technology,Computer Hardware,NYSE,69.77,22,73,60,94,16.21,6197547524.523659,370445170.0,0.19450001,-65.33,15530245,22535338,31261797,-0.809
4590,PDD,Consumer Cyclical,Internet Retail,NASDAQ,69.73,22,13,28,23,82.66,119764577443.90775,1423396462.0,0.044299997,-40.71,6702773,7680137,9487042,0.11
4591,SPAI,Industrials,Aerospace & Defense,NASDAQ,69.7,22,39,29,79,3.64,80207200.29299998,20618817.0,0.036,-60.26,89454,129554,312958,5.602
4592,NIU,Consumer Cyclical,Auto Manufacturers,NASDAQ,69.7,22,10,26,47,2.57,205502541.5837021,78436088.0,0.0354,-54.67,320460,356243,460408,0.334
4593,MIR,Industrials,Specialty Industrial Machinery,NYSE,69.67,22,29,26,74,16.54,3907151881.790125,244655718.0,0.2067,-45.37,3507533,4129887,4051060,0.275
4594,SEED,Basic Materials,Agricultural Inputs,NASDAQ,69.64,22,23,31,26,1.01,12129600.0,12129600.0,0.008,-59.44,4235,13528,19615,-0.319
4595,SOFI,Financial Services,Credit Services,NASDAQ,69.63,22,29,27,69,16.46,22165768816.788483,1282741200.0,0.1487,-49.71,84519039,84615793,80075995,0.425
4596,EXLS,Technology,Information Technology Services,NASDAQ,69.62,21,14,18,27,27.67,4302367313.647175,152782931.0,0.0949,-41.27,2021770,2684623,2623932,0.138
4597,EGAN,Technology,Software - Application,NASDAQ,69.62,21,18,34,86,6.41,180347036.8821187,27450081.0,0.0868,-59.81,146151,223643,280340,0.071
4598,NB,Basic Materials,Other Industrial Metals & Mining,NASDAQ,69.61,21,53,80,92,4.14,620200857.8022308,145587048.0,0.0685,-67.09,2530375,3060601,3416919,
4599,PWP,Financial Services,Capital Markets,NASDAQ,69.61,21,27,60,63,15.67,1158985941.4512987,72938069.0,0.121300004,-39.56,974811,1284613,1282534,-0.297
4600,ALIT,Technology,Software - Application,NYSE,69.59,21,7,3,5,18.87,572682704.7107143,26342351.0,0.0368,-83.73,617796,1290473,1280404,-0.026
4601,SANA,Healthcare,Biotechnology,NASDAQ,69.57,21,38,34,81,3.18,876618535.0399542,278291590.0,0.2476,-51.45,2338035,3266901,3919299,
4602,FABC,Consumer Cyclical,Auto Manufacturers,NASDAQ,69.55,21,40,17,6,2.53,16900936.2261734,6653912.0,0.3822,-76.04,165085,500915,756005,
4603,JFU,Technology,Information Technology Services,NASDAQ,69.53,21,51,73,98,2.26,25077202.76735115,11773334.0,0.0007,-76.16,2150,5136,6122,-0.176
4604,CRBU,Healthcare,Biotechnology,NASDAQ,69.46,21,28,88,32,1.57,163647946.38535082,99180575.0,0.1011,-55.59,1597026,2368855,2171159,0.019
4605,IRIX,Healthcare,Medical Devices,NASDAQ,69.44,21,44,21,75,0.89,16188061.864501119,17406518.0,0.0027,-46.06,57040,45280,57160,-0.008
4606,SNDL,Consumer Defensive,Beverages - Wineries & Distilleries,NASDAQ,69.44,21,27,31,24,1.25,333183992.55275726,260300000.0,0.0072000003,-56.75,1365526,2047758,1921537,-0.044
4607,CIGI,Real Estate,Real Estate Services,NASDAQ,69.43,21,17,22,31,97.49,5208501342.746109,51103821.0,3.38,-43.16,209343,230901,242728,0.151
4608,DMC,Consumer Defensive,Farm Products,NYSE,69.43,21,20,70,70,28.31,1395421938.3401928,47576609.0,0.083500005,-35.04,326675,498381,531773,-0.049
4609,DSY,Consumer Defensive,Household & Personal Products,NASDAQ,69.42,21,8,2,3,3.16,14873363.033808708,4751873.0,0.0307,-97.84,29331,1997347,3481446,-0.173
4610,NIKI,Healthcare,Biotechnology,NASDAQ,69.41,21,14,23,17,8.38,7321231.063604355,814375.0,0.0107,-81.25,391558,133387,93955,
4611,LMB,Industrials,Building Products & Equipment,NASDAQ,69.4,21,29,41,22,72.74,867257624.25,11921067.0,0.0987,-48.48,169132,206077,254580,0.043
4612,CNTN,Healthcare,Biotechnology,NASDAQ,69.39,21,54,89,97,1.94,177381939.52250862,77122584.0,0.0917,-78.63,714793,1139184,1003230,
4613,MGPI,Consumer Defensive,Beverages - Wineries & Distilleries,NASDAQ,69.36,21,17,21,27,17.69,381690305.8639679,21371237.0,0.0731,-45.74,161454,214291,196010,-0.125
4614,NXL,Healthcare,Medical Devices,NASDAQ,69.35,21,10,5,4,0.48,10521402.030629992,22011302.0,0.026500002,-76.0,274350,238903,716636,-0.636
4615,PPC,Consumer Defensive,Packaged Foods,NASDAQ,69.29,21,14,19,52,28.68,6925907847.726028,237921941.0,0.0278,-43.28,1564598,1603132,1530015,0.016
4616,GLXY,Financial Services,Capital Markets,NASDAQ,69.28,21,77,29,49,22.68,4141967970.7836666,191491823.0,0.1733,-50.61,5333248,6851522,6723995,-0.206
4617,URG,Energy,Uranium,NYSE ARCA,69.28,21,35,80,88,1.22,488718186.76850367,397331853.0,0.1325,-48.09,6540090,12283166,11868760,
4618,CION,Financial Services,Asset Management,NYSE,69.22,21,20,27,49,5.96,304212079.7475767,49789210.0,0.0322,-45.47,481976,580828,526347,-0.117
4619,CMTG,Real Estate,REIT - Mortgage,NYSE,69.21,21,24,33,28,2.18,321100964.21107864,140218764.0,0.0358,-45.36,496613,742211,635524,
4620,FIGR,Financial Services,Capital Markets,NASDAQ,69.17,21,19,23,91,27.59,6405291443.712095,221100849.0,0.0738,-64.63,2510012,3822900,3802372,1.192
4621,KLRS,Healthcare,Biotechnology,NASDAQ,69.15,21,29,56,94,3.73,104210180.36281013,23792278.0,0.060399998,-68.6,1246763,462187,309918,
4622,HDB,Financial Services,Banks - Regional,NYSE,69.1,21,23,17,29,23.23,135427943958.81752,5133735719.0,0.0037,-41.64,9803569,8806479,9390443,-0.018
4623,GROY,Basic Materials,Gold,NYSE ARCA,69.09,21,24,73,95,2.57,588563451.5441597,230809201.0,0.040799998,-52.89,1865324,1866588,1864766,1.287
4624,KEP,Utilities,Utilities - Regulated Electric,NYSE,68.99,21,25,47,94,12.06,14598262964.046083,1283928154.0,0.0029,-48.48,1338209,1201573,1261933,0.007
4625,AGMH,Technology,Computer Hardware,NASDAQ,68.98,21,12,3,5,1.1,2367898.8642270565,2298931.0,0.0235,-93.92,35227,77929,182921,4.307
4626,TRAK,Technology,Software - Application,NYSE,68.91,21,21,11,11,8.15,160109115.27593136,18173565.0,0.1196,-56.56,58960,74006,77596,-0.005
4627,HTFL,Healthcare,Health Information Services,NASDAQ,68.9,21,72,37,29,24.12,2145671728.2638168,86240828.0,0.0872,-41.49,1110357,1855689,1600175,0.413
4628,LPL,Technology,Consumer Electronics,NYSE,68.86,21,38,63,51,3.17,3289999961.8530273,1000000000.0,0.004,-45.63,3752597,2996502,2631505,-0.088
4629,ZS,Technology,Software - Infrastructure,NASDAQ,68.71,21,11,9,18,142.32,24246726573.298645,161709525.0,0.0787,-57.77,2071530,3248376,4956778,0.254
4630,NCNO,Technology,Software - Application,NASDAQ,68.7,21,15,15,19,16.56,1955520199.2911339,109552950.0,0.1868,-51.18,1974500,3370103,3707006,0.106
4631,DLPN,Communication Services,Advertising Agencies,NASDAQ,68.67,21,22,40,79,1.07,14058653.238640666,13017271.0,0.0029,-43.09,12168,20156,24843,0.052
4632,ALEC,Healthcare,Biotechnology,NASDAQ,68.61,21,37,89,79,1.48,166537780.5,111025187.0,0.0545,-56.47,545367,782449,782529,-0.715
4633,ORGO,Healthcare,Drug Manufacturers - Specialty & Generic,NASDAQ,68.53,21,16,9,30,2.39,337127301.0343666,128674548.0,0.16870001,-66.23,803205,802395,948287,-0.571
4634,CMRC,Technology,Software - Application,NASDAQ,68.51,21,19,17,12,2.71,250837218.61240768,82512244.0,0.091000006,-51.13,533948,616226,645331,0.054
4635,CLB,Energy,Oil & Gas Equipment & Services,NYSE,68.49,21,19,67,86,11.67,522736380.9137955,46096682.0,0.3085,-42.68,718186,1108362,880565,-0.014
4636,FIG,Technology,Software - Application,NYSE,68.49,21,6,4,4,21.12,12654619326.469334,528376573.0,0.44439998,-85.22,21516839,21809373,22592635,0.461
4637,PICS,Technology,Software - Infrastructure,NASDAQ,68.48,21,13,11,32,11.85,1492848554.6804695,129587543.0,0.063,-40.6,204821,323190,387320,0.702
4638,BRBI,Financial Services,Capital Markets,NASDAQ,68.45,21,15,26,19,11.45,308162385.2320976,26248926.0,2.09,-82.91,70,610,854,0.057
4639,WAY,Healthcare,Health Information Services,NASDAQ,68.44,21,11,20,14,22.51,4271673170.3749733,191812891.0,0.0775,-45.72,2230815,2745758,2591823,0.224
4640,CNDT,Technology,Information Technology Services,NASDAQ,68.42,21,17,28,8,1.48,251256839.41955924,155096814.0,0.0355,-50.34,862372,1150780,1283494,-0.037
4641,EP,Energy,Oil & Gas E&P,NYSE ARCA,68.4,21,20,20,19,2.55,99480510.0,39792204.0,0.0001,-54.46,57871,136823,112292,-0.145
4642,MBOT,Healthcare,Medical Instruments & Supplies,NASDAQ,68.36,21,14,33,21,1.71,117538401.75,67164801.0,0.1096,-63.38,529921,726600,1240404,
4643,YTRA,Consumer Cyclical,Travel Services,NASDAQ,68.34,21,20,32,88,0.88,53498499.41588527,62135307.0,0.001,-56.0,19331,39830,101288,-0.137
4644,SRL,Financial Services,Capital Markets,NYSE,68.34,21,29,27,85,5.03,80699663.20419598,15226351.0,0.00029999999,-51.59,30072,17850,10710,0.026
4645,SGA,Communication Services,Broadcasting,NASDAQ,68.34,21,17,37,35,8.57,57734010.09396839,6372407.0,0.0018000001,-37.94,16813,19244,17520,-0.056
4646,CGC,Healthcare,Drug Manufacturers - Specialty & Generic,NASDAQ,68.3,21,21,38,21,0.89,396825597.4735043,422154892.0,0.0563,-62.61,2024492,4334120,5614302,0.096
4647,SAP,Technology,Software - Application,NYSE,68.3,21,15,14,16,160.0,187497384122.56516,1178932294.0,0.0095999995,-48.14,3653494,2821521,3081910,0.06
4648,TEAD,Communication Services,Internet Content & Information,NASDAQ,68.29,21,68,20,3,0.78,76720221.96248412,96991430.0,0.0858,-75.08,94804,338571,324158,-0.071
4649,MVO,Energy,Oil & Gas E&P,NYSE,68.29,21,12,62,3,0.6,7705000.191926956,11500000.0,0.1367,-90.31,448570,385483,292448,-0.386
4650,NKE,Consumer Cyclical,Footwear & Accessories,NYSE,68.28,21,16,16,30,41.7,64917900753.27669,1483498703.0,0.0764,-47.99,15994742,25172090,23871098,-0.011
4651,KULR,Technology,Electronic Components,NYSE ARCA,68.24,21,63,7,11,2.52,121656349.24371243,46257165.0,0.17950001,-66.36,1305693,1777911,2515004,0.979
4652,DXLG,Consumer Cyclical,Apparel Retail,NASDAQ,68.2,21,28,15,9,0.63,35374778.08931208,55273092.0,0.021300001,-62.72,38615,97771,106227,-0.021
4653,PPHC,Industrials,Consulting Services,NASDAQ,68.19,21,12,81,58,8.99,266464267.99405575,30007237.0,0.0068,-40.66,133153,130514,123716,0.275
4654,ESAB,Industrials,Metal Fabrication,NYSE,68.19,21,34,24,38,84.44,5578567041.410431,62135967.0,0.0904,-38.55,638022,810944,732900,0.099
4655,NG,Basic Materials,Gold,NYSE ARCA,68.17,21,32,71,92,5.93,2272883505.1983156,438780614.0,0.0714,-58.82,6301427,5317182,4259401,
4656,GSIT,Technology,Semiconductors,NASDAQ,68.08,20,87,80,90,5.63,209127790.5311079,38372073.0,0.121700004,-68.98,642958,1066059,1515615,0.074
4657,OWLT,Healthcare,Medical Devices,NYSE,68.02,20,20,12,95,5.25,162758139.62824535,29063954.0,0.0242,-69.01,140510,201126,214964,0.064
4658,WBTN,Communication Services,Internet Content & Information,NASDAQ,68.01,20,48,49,36,9.0,1410498275.1703644,135234730.0,0.2146,-59.95,387786,337112,352625,-0.015
4659,THRY,Technology,Software - Application,NASDAQ,67.98,20,22,8,6,3.82,170524928.43885756,44349786.0,0.0798,-73.25,467205,561645,675447,-0.075
4660,DOUG,Real Estate,Real Estate Services,NYSE,67.97,20,23,25,81,1.71,170903433.72652602,90906082.0,0.0233,-46.39,356234,448218,436584,-0.154
4661,AIFU,Financial Services,Insurance Brokers,NASDAQ,67.96,20,55,6,5,33.99,204555373.83257294,5925706.0,0.0017,-81.92,7406,15882,10205,-0.398
4662,ASAN,Technology,Software - Application,NYSE,67.95,20,15,7,13,6.86,1772620582.819878,230509827.0,0.3861,-56.33,4930538,5405106,5990453,0.095
4663,FMST,Basic Materials,Other Industrial Metals & Mining,NASDAQ,67.95,20,13,42,45,1.65,31823454.54512608,16488837.0,0.0104,-63.89,209277,147865,130837,
4664,AACG,Consumer Defensive,Education & Training Services,NASDAQ,67.93,20,37,53,56,0.89,42344086.804131985,43208251.0,0.0011,-65.5,3763,19204,15844,-0.117
4665,INFY,Technology,Information Technology Services,NYSE,67.9,20,14,16,42,11.11,46522180862.58395,4048927919.0,0.0563,-62.97,26388055,24679605,22501241,0.066
4666,SG,Consumer Cyclical,Restaurants,NYSE,67.89,20,82,21,10,6.0,841299802.4941692,118827657.0,0.2387,-64.07,6925709,5327176,6052973,-0.029
4667,STRK,Technology,Software - Application,NASDAQ,67.88,20,12,30,42,60.56,,,0.33,-49.11,62879,147709,155975,0.119
4668,FIS,Technology,Information Technology Services,NYSE,67.87,20,12,16,19,41.51,21662405139.5405,516879151.0,0.0433,-49.76,4997113,5814237,6363670,0.301
4669,PULM,Healthcare,Biotechnology,NASDAQ,67.85,20,15,4,6,1.65,6172361.858985424,3652285.0,0.0252,-73.81,14327,79612,58401,
4670,RADX,Healthcare,Biotechnology,NASDAQ,67.84,20,29,32,50,3.55,34922419.59676504,7883165.0,0.01,-78.15,172822,72140,55244,1.545
4671,IONR,Basic Materials,Other Industrial Metals & Mining,NASDAQ,67.82,20,62,30,61,3.21,275880526.0289564,80197826.0,0.0047999998,-60.85,79912,136937,115952,
4672,STEP,Financial Services,Asset Management,NASDAQ,67.76,20,19,25,73,42.61,3557135760.833599,81679353.0,0.078099996,-45.23,1182979,1562799,1448955,0.558
4673,ASTS,Technology,Communication Equipment,NASDAQ,67.74,20,34,80,98,56.2,17267540709.474598,298746383.0,0.2173,-58.02,19291371,21304710,23019366,19.522
4674,CGTX,Healthcare,Biotechnology,NASDAQ,67.7,20,88,90,83,0.92,86007594.6768269,89498015.0,0.0856,-75.98,842897,1918272,1601501,
4675,BHC,Healthcare,Drug Manufacturers - Specialty & Generic,NYSE,67.68,20,27,37,29,4.43,1803887332.0260696,373475644.0,0.024600001,-49.02,1771178,2567012,2295241,0.117
4676,DMRC,Technology,Software - Application,NASDAQ,67.67,20,58,23,7,5.95,134217487.60146141,22406927.0,0.22309999,-65.94,153423,196104,241878,-0.191
4677,BWMN,Industrials,Engineering & Construction,NASDAQ,67.63,20,31,38,62,25.95,443120738.1898613,17507734.0,0.0644,-43.38,163211,154127,137224,0.12
4678,CODX,Healthcare,Medical Devices,NASDAQ,67.62,20,22,3,1,2.1,9065872.580583572,3685314.0,0.0352,-95.48,145124,497578,6913426,1.903
4679,YALA,Technology,Software - Application,NYSE,67.55,20,18,30,60,5.18,816839967.4354486,151828987.0,0.025899999,-44.24,246213,291171,326632,-0.058
4680,RZLV,Technology,Software - Infrastructure,NASDAQ,67.54,20,25,25,24,2.24,921291703.1489024,398827587.0,0.1456,-73.49,9705300,14524646,14509900,48.884
4681,ACM,Industrials,Engineering & Construction,NYSE,67.51,20,15,20,22,70.56,8776830324.466248,128522920.0,0.088,-47.93,1452337,1781879,2149387,0.008
4682,FLO,Consumer Defensive,Packaged Foods,NYSE,67.49,20,17,16,20,7.74,1799822474.1786003,211993230.0,0.2359,-54.07,4010414,6750321,8605292,0.068
4683,DNA,Healthcare,Biotechnology,NYSE,67.47,20,70,20,22,7.36,516716713.8422737,65324491.0,0.1,-58.13,798834,1056191,1147066,-0.491
4684,TREE,Financial Services,Financial Conglomerates,NASDAQ,67.46,20,22,32,48,39.0,645327082.5,13953018.0,0.1195,-49.58,215193,271081,246650,0.365
4685,IBO,Healthcare,Biotechnology,NYSE ARCA,67.43,20,18,81,22,0.44,49166481.361706585,107821231.0,0.047399998,-46.99,29453,55801,61014,
4686,SNPS,Technology,Software - Infrastructure,NASDAQ,67.4,20,47,36,32,373.47,73581674777.26059,191479325.0,0.028399998,-42.7,2125274,2040458,2042642,0.419
4687,NWTG,Consumer Cyclical,Leisure,NASDAQ,67.38,20,12,24,15,1.1,5132661.323953629,4752464.0,0.019,-50.63,41288,67596,61911,-0.181
4688,ULH,Industrials,Trucking,NASDAQ,67.34,20,17,82,17,15.78,376822883.3840761,26369691.0,0.120699994,-48.7,40981,50437,56282,-0.039
4689,YQ,Consumer Defensive,Education & Training Services,NASDAQ,67.31,20,17,19,86,2.2,21309809.86187768,9686277.0,0.0002,-65.89,8550,7666,6628,3.59
4690,FIP,Industrials,Conglomerates,NASDAQ,67.3,20,36,50,58,4.23,491560370.7696724,118163555.0,0.2535,-46.69,813126,946972,930135,0.959
4691,VIA,Technology,Software - Application,NYSE,67.29,20,12,6,6,17.69,1460073768.7314072,81295871.0,0.1839,-68.58,759611,1174647,1025408,0.292
4692,GELS,Healthcare,Drug Manufacturers - Specialty & Generic,NASDAQ,67.28,20,11,7,12,0.7,6490901.820396602,10711059.0,0.023599999,-65.35,179365,7560615,4559763,0.489
4693,STUB,Communication Services,Internet Content & Information,NYSE,67.28,20,58,5,14,8.25,3472795034.25,375437301.0,0.0968,-70.42,6288360,8103036,7552202,0.122
4694,VERU,Healthcare,Biotechnology,NASDAQ,67.27,20,49,13,11,2.25,38199763.436813354,16050320.0,0.047199998,-69.3,249841,353533,2425594,
4695,DOYU,Communication Services,Internet Content & Information,NASDAQ,67.11,20,20,14,28,4.51,139728120.62369633,30178859.0,0.0067000003,-51.71,14387,23169,26387,-0.132
4696,PRTS,Consumer Cyclical,Auto Parts,NASDAQ,67.06,20,30,84,11,5.28,42923381.844714165,8098751.0,0.0465,-61.18,23340,27420,43684,-0.105
4697,MBLY,Consumer Cyclical,Auto Parts,NASDAQ,67.02,20,22,19,12,8.05,7764956444.907962,842186141.0,0.1895,-52.98,9233752,7656510,7207922,0.274
4698,SITC,Real Estate,REIT - Retail,NYSE,67.02,20,19,31,33,4.38,235087436.5208788,52474874.0,0.0783,-64.65,670623,1031424,878798,-0.698
4699,DTST,Technology,Information Technology Services,NASDAQ,67.0,20,25,35,55,3.12,7808044.719350338,2337738.0,0.0095,-42.44,9399,23886,29833,0.109
4700,AMPX,Industrials,Electrical Equipment & Parts,NYSE,66.97,20,88,98,98,9.24,1438932025.5894089,141627170.0,0.1886,-61.86,5486437,6811085,7705473,1.529
4701,AHMA,Consumer Cyclical,Travel Services,NASDAQ,66.96,20,25,1,99,1.59,51127000.85043907,29725000.0,0.0295,-95.97,47188,3673759,3750665,0.046
4702,SRTS,Healthcare,Medical Devices,NASDAQ,66.88,20,18,26,73,3.03,49715417.86601114,16462059.0,0.0136,-48.82,20403,30271,44706,-0.593
4703,SITE,Industrials,Industrial Distribution,NYSE,66.88,20,28,61,59,99.87,4596092742.909782,44308229.0,0.0758,-40.75,590766,754668,821025,0.001
4704,RYM,Consumer Defensive,Tobacco,NASDAQ,66.88,20,76,91,11,19.5,48420222.66371155,2179128.0,0.0219,-63.65,12403,12481,11372,23.695
4705,CSPI,Technology,Information Technology Services,NASDAQ,66.86,20,27,24,23,7.95,82186269.98315811,10071847.0,0.0114,-47.0,15686,54288,40829,0.218
4706,HCM,Healthcare,Drug Manufacturers - Specialty & Generic,NASDAQ,66.83,20,15,27,41,11.01,1863941971.9975433,171950364.0,0.0019,-43.54,49425,50985,55461,-0.165
4707,BGSI,Consumer Cyclical,Auto & Truck Dealerships,NYSE,66.83,20,12,20,50,102.14,2895996391.895508,27830064.0,5.13,-44.22,35251,41630,51782,0.281
4708,ACDC,Energy,Oil & Gas Equipment & Services,NASDAQ,66.81,20,58,87,29,4.26,868419648.9078951,180920753.0,0.0551,-49.53,1415856,1429538,1440079,-0.251
4709,ULBI,Industrials,Electrical Equipment & Parts,NASDAQ,66.78,20,31,65,37,5.3,91778250.00240898,16656669.0,0.0072000003,-44.33,29009,24689,40691,-0.065
4710,OI,Consumer Cyclical,Packaging & Containers,NYSE,66.77,20,18,19,78,9.08,1395026081.7791424,153299563.0,0.0853,-46.3,4301536,3249992,3142471,-0.017
4711,CNET,Communication Services,Advertising Agencies,NASDAQ,66.76,20,32,7,16,0.79,3301586.012537837,3668429.0,0.0335,-71.58,566231,346557,442674,-0.768
4712,SRG,Real Estate,Real Estate Services,NYSE,66.75,20,25,21,30,2.31,148696971.02868652,56324608.0,0.1066,-49.34,224177,200075,324815,-0.984
4713,KMPR,Financial Services,Insurance - Property & Casualty,NYSE,66.73,20,12,18,17,28.81,1649656007.5904846,58874232.0,0.099300005,-53.88,799070,1225126,1205658,-0.071
4714,UEC,Energy,Uranium,NYSE ARCA,66.71,20,35,84,95,9.51,4592415424.334822,494872366.0,0.1486,-53.24,8317780,9650850,10244100,
4715,ONCY,Healthcare,Biotechnology,NASDAQ,66.7,19,45,37,68,0.81,101450959.7956227,119354067.0,0.056500003,-46.36,2067774,1473361,1501516,
4716,TCOM,Consumer Cyclical,Travel Services,NASDAQ,66.65,19,13,24,29,43.64,26730987154.326958,629705222.0,0.021300001,-44.75,2611813,3493684,3323894,0.172
4717,PTC,Technology,Software - Application,NASDAQ,66.63,19,14,21,21,118.52,14365455543.91613,115505791.0,0.0754,-46.05,1448864,2032558,1825900,0.217
4718,GRAB,Technology,Software - Application,NASDAQ,66.62,19,19,20,22,3.31,14601299726.963043,4090000000.0,0.0738,-50.0,37930266,48615208,47817751,0.235
4719,OPCH,Healthcare,Medical Care Facilities,NASDAQ,66.52,19,17,28,71,21.66,3413777901.0192566,157027504.0,0.1154,-41.14,1961165,2423408,2798535,0.013
4720,KROS,Healthcare,Biotechnology,NASDAQ,66.43,19,18,17,78,10.06,210585152.47498798,19791837.0,0.059699997,-55.39,184372,289940,299540,-0.998
4721,GPMT,Real Estate,REIT - Mortgage,NYSE,66.37,19,16,17,27,1.33,66129082.27150142,47919625.0,0.0042,-57.3,132770,163926,157120,0.928
4722,CTM,Technology,Information Technology Services,NYSE ARCA,66.36,19,24,13,34,0.62,58997441.43542254,94698939.0,0.0734,-58.39,1028429,7510693,4955107,0.225
4723,WTF,Financial Services,Capital Markets,NASDAQ,66.33,19,10,16,10,3.02,145194790.25997162,48237472.0,0.0294,-58.17,3400,13283,145428,1.001
4724,TRMB,Technology,Scientific & Technical Instruments,NASDAQ,66.31,19,14,32,27,52.91,12289639566.23996,233111519.0,0.0546,-39.53,2394830,3078560,3025642,0.118
4725,PHIO,Healthcare,Biotechnology,NASDAQ,66.26,19,13,21,6,1.04,11965768.197627783,11617251.0,0.0189,-75.18,2962567,1123589,727131,
4726,CCIF,Financial Services,Asset Management,NYSE,66.24,19,17,15,23,2.66,59356140.58917093,21198622.0,0.0155,-58.17,122536,114258,110089,
4727,AZ,Technology,Software - Application,NASDAQ,66.23,19,16,32,24,5.59,245372233.83260345,44532164.0,0.103199996,-51.89,168329,260143,387175,1.144
4728,LAW,Technology,Software - Application,NYSE,66.21,19,14,27,80,3.52,259744356.53266716,64134406.0,0.0357,-61.36,229712,242100,295522,0.143
4729,SER,Healthcare,Biotechnology,NYSE ARCA,66.21,19,8,6,13,2.07,31944687.36632824,14997505.0,0.0248,-73.86,38551,100840,97170,
4730,BRLS,Consumer Defensive,Packaged Foods,NASDAQ,66.16,19,18,12,2,0.94,18243811.461725116,21463307.0,0.0585,-81.27,42954,29198,22280,0.076
4731,PHR,Healthcare,Health Information Services,NYSE,66.12,19,9,7,8,10.22,662005333.5479364,61811889.0,0.0692,-68.8,692767,976349,1303739,0.129
4732,CPRI,Consumer Cyclical,Luxury Goods,NYSE,66.08,19,38,40,70,15.44,1880360119.9392738,114796106.0,0.088199995,-45.38,3389957,3069025,3400723,-0.037
4733,MZTI,Consumer Defensive,Packaged Foods,NASDAQ,66.06,19,16,18,53,107.19,2938033883.602707,27422381.0,0.337,-43.87,285187,333445,339999,-0.01
4734,TKLF,Consumer Cyclical,Specialty Retail,NASDAQ,66.05,19,18,13,27,2.06,9396773.941100836,4232781.0,0.1041,-52.33,16642,127577,262756,0.63
4735,MLGO,Technology,Software - Infrastructure,NASDAQ,66.04,19,17,7,3,4.16,43656660.91434646,10941519.0,0.12020001,-73.67,32017,50139,530429,-0.068
4736,XYF,Financial Services,Credit Services,NYSE,66.01,19,28,9,6,4.79,178715037.5775361,38516173.0,0.0092,-74.76,43850,58703,88552,-0.141
4737,USAR,Basic Materials,Other Industrial Metals & Mining,NASDAQ,66.0,19,85,83,90,14.15,3829103278.9653664,244671142.0,0.1449,-67.83,10095310,11972246,14267872,
4738,NEUP,Healthcare,Biotechnology,NASDAQ,65.96,19,24,54,18,3.64,18456541.45883274,5404551.0,0.0029,-82.99,833698,346606,234309,
4739,TELA,Healthcare,Medical Devices,NASDAQ,65.94,19,15,14,14,0.69,32724053.003500104,44766146.0,0.0150999995,-68.44,49022,87384,96206,0.029
4740,CPRT,Industrials,Specialty Business Services,NASDAQ,65.92,19,19,18,22,27.94,25561655583.090485,925811482.0,0.053000003,-44.24,10960112,13058824,12263464,0.021
4741,FIEE,Technology,Communication Equipment,NASDAQ,65.92,19,68,98,99,2.75,30276522.493324757,8528598.0,0.0018000001,-65.41,2788,3696,6375,16974.912
4742,POLA,Industrials,Electrical Equipment & Parts,NASDAQ,65.9,19,27,31,9,1.45,5787852.931503415,3640159.0,0.0403,-74.78,26434,57774,96926,0.003
4743,LAB,Healthcare,Medical Devices,NASDAQ,65.86,19,12,15,64,0.83,348401995.87007797,391462923.0,0.0145000005,-51.74,1722863,3899167,3831904,0.046
4744,BBW,Consumer Cyclical,Specialty Retail,NYSE,65.85,19,12,19,80,33.7,427902942.98143387,12537443.0,0.2515,-55.57,296080,380083,392602,-0.024
4745,RGTI,Technology,Computer Hardware,NASDAQ,65.85,19,60,37,63,14.15,4690147052.649926,332398807.0,0.17709999,-75.67,21928333,27446371,41473056,1.989
4746,LFMD,Healthcare,Health Information Services,NASDAQ,65.84,19,26,32,7,3.71,200704421.11220837,48362510.0,0.1582,-70.83,701225,932278,909113,-0.014
4747,IH,Consumer Defensive,Education & Training Services,NYSE,65.82,19,14,25,19,1.45,70024621.18372512,51112862.0,0.0001,-56.46,3275,6558,12091,-0.133
4748,NTLA,Healthcare,Biotechnology,NASDAQ,65.8,19,82,60,73,10.73,1589340900.875,139722277.0,0.4441,-62.02,4317843,5866107,5947880,-0.095
4749,SID,Basic Materials,Steel,NYSE,65.78,19,15,17,70,1.08,1316461391.9915698,1329758969.0,0.0161,-50.91,2322710,3735093,3830248,-0.028
4750,GSM,Basic Materials,Other Industrial Metals & Mining,NASDAQ,65.78,19,22,53,68,3.36,625982714.1295924,186860517.0,0.0297,-41.46,985918,1733369,1622755,0.132
4751,BRLT,Consumer Cyclical,Luxury Goods,NASDAQ,65.78,19,18,27,27,1.14,19022891.242244482,16258882.0,0.0099,-63.23,38005,68358,73641,0.06
4752,ACCS,Communication Services,Advertising Agencies,NYSE ARCA,65.77,19,13,25,25,6.58,25466864.41786194,3882144.0,0.005,-49.77,11387,17665,17181,-0.027
4753,CALX,Technology,Software - Infrastructure,NYSE,65.76,19,13,23,24,36.0,2496439143.930374,63782299.0,0.1269,-49.45,1790890,1410313,1245694,0.271
4754,LYEL,Healthcare,Biotechnology,NASDAQ,65.76,19,19,86,95,12.63,326398041.0818634,24504358.0,0.0617,-71.93,137923,222777,176764,-0.714
4755,AMTX,Basic Materials,Specialty Chemicals,NASDAQ,65.73,19,15,87,18,1.68,110475372.5808686,70366477.0,0.108500004,-55.79,1109527,1299562,1248895,0.274
4756,HLNE,Financial Services,Asset Management,NASDAQ,65.72,19,12,12,52,83.16,3751418632.723114,43697364.0,0.12109999,-48.39,629225,887928,925757,-0.022
4757,IONQ,Technology,Computer Hardware,NYSE,65.61,19,78,50,35,32.84,12982328335.788208,373269948.0,0.118599996,-61.2,19444987,21486532,25625867,7.547
4758,OGG,Basic Materials,Gold,NYSE,65.61,19,24,67,90,2.26,685623100.5,304721378.0,7.14,-52.87,2085853,2422911,3740384,
4759,KRRO,Healthcare,Biotechnology,NASDAQ,65.61,19,40,24,9,10.64,176676494.75,14422571.0,0.13270001,-80.96,177683,264904,213156,
4760,PLBY,Consumer Cyclical,Leisure,NASDAQ,65.6,19,23,78,59,1.22,135246423.49919057,115595238.0,0.0476,-55.64,754502,959717,951932,0.047
4761,THCH,Consumer Cyclical,Restaurants,NASDAQ,65.59,19,17,19,15,1.65,57025020.70342755,32036529.0,0.0047999998,-49.23,6616,7195,6699,-0.146
4762,NMRA,Healthcare,Biotechnology,NASDAQ,65.54,19,34,85,76,1.49,298307635.4905124,185284244.0,0.0623,-59.18,624252,3163124,2297744,
4763,RWAY,Financial Services,Asset Management,NASDAQ,65.5,19,14,18,35,5.36,239075398.83968163,42464546.0,0.0904,-52.58,587279,636419,642471,-0.168
4764,VHC,Technology,Software - Infrastructure,NASDAQ,65.47,19,24,32,91,12.5,49560488.31871033,4185852.0,0.043899998,-56.9,11374,23704,22342,
4765,INDP,Healthcare,Biotechnology,NASDAQ,65.46,19,83,27,5,2.61,337103075.90790653,133242324.0,0.001,-78.3,36375,287795,1238345,
4766,XELB,Consumer Cyclical,Apparel Manufacturing,NASDAQ,65.46,19,61,88,33,1.23,7812395.858977318,6056121.0,0.005,-53.76,48875,91278,434363,-0.141
4767,CRK,Energy,Oil & Gas E&P,NYSE,65.43,19,11,26,82,13.52,3917902443.6944275,293695832.0,0.2894,-51.89,2444332,2563960,2660100,0.142
4768,HUHU,Industrials,Specialty Industrial Machinery,NASDAQ,65.43,19,87,90,74,5.47,128432996.02776814,25893749.0,0.0049,-55.16,51136,66388,79771,0.249
4769,TASK,Technology,Information Technology Services,NASDAQ,65.37,19,9,19,16,5.52,533900928.16313744,91578205.0,0.1295,-69.98,965820,737460,652244,0.103
4770,TUYA,Technology,Software - Infrastructure,NYSE,65.36,19,18,53,27,1.65,1066802147.3070219,613104679.0,0.0104,-42.71,763081,1209157,1071792,0.083
4771,LUNG,Healthcare,Medical Devices,NASDAQ,65.34,19,18,9,15,1.17,59132083.19298661,42237203.0,0.0323,-69.85,218961,464313,417624,-0.087
4772,PMCB,Healthcare,Biotechnology,NASDAQ,65.33,19,27,20,17,0.6,6795665.991051316,10735649.0,0.0322,-60.26,102082,102404,178118,
4773,MNDY,Technology,Software - Application,NASDAQ,65.3,19,10,5,7,77.43,3376347528.1132812,42906944.0,0.1997,-73.92,1660247,1313149,1600137,0.245
4774,BETR,Financial Services,Mortgage Finance,NASDAQ,65.29,18,33,94,90,21.81,441931256.09965324,18869823.0,0.21440001,-76.81,197554,301481,336324,0.516
4775,PPTA,Basic Materials,Other Precious Metals & Mining,NASDAQ,65.27,18,50,80,90,17.84,2114097052.9802341,125094503.0,0.1252,-52.26,1122082,1560877,1679632,
4776,ORLA,Basic Materials,Gold,NYSE ARCA,65.25,18,20,58,92,9.26,3231442553.936597,375312739.0,0.69,-57.87,3335804,3358474,3620670,1.693
4777,COCP,Healthcare,Biotechnology,NASDAQ,65.25,18,28,62,14,0.9,13098080.185640752,13787453.0,0.039100002,-66.29,28555,52721,79725,
4778,XBP,Technology,Software - Infrastructure,NASDAQ,65.24,18,4,4,31,3.18,31538374.785602093,11768050.0,0.0036000002,-87.58,36672,21364,21266,0.027
4779,SCWO,Industrials,Pollution & Treatment Controls,NASDAQ,65.22,18,12,34,33,2.16,36565601.85834885,17495504.0,0.0121,-80.18,60632,65880,62750,0.015
4780,YHGJ,Consumer Cyclical,Packaging & Containers,NASDAQ,65.22,18,19,8,11,2.78,7749454.75465107,2609244.0,0.0033000002,-72.98,12074,6694,7468,0.282
4781,NFLX,Communication Services,Entertainment,NASDAQ,65.21,18,14,33,18,70.09,290334545655.2627,4210798528.0,0.0249,-44.68,56285437,52081675,44516807,0.134
4782,YB,Technology,Software - Application,NASDAQ,65.2,18,19,20,37,13.32,637749988.8712807,46080201.0,0.001,-56.33,35695,41655,44559,0.356
4783,WVE,Healthcare,Biotechnology,NASDAQ,65.2,18,19,25,87,5.81,1119780848.668027,192402202.0,0.1348,-73.26,1962669,2860109,3321513,3.169
4784,PASG,Healthcare,Biotechnology,NASDAQ,65.16,18,9,17,90,4.94,15517872.05488205,3212810.0,0.044299997,-75.3,56490,119016,86930,
4785,PLSM,Healthcare,Medical Devices,NASDAQ,65.12,18,67,9,19,3.43,24840863.64588833,6502844.0,0.0171,-73.55,2644658,2922549,1770991,5.783
4786,CSAN,Energy,Oil & Gas Refining & Marketing,NYSE,65.08,18,13,30,33,3.0,3007579381.7794876,986091616.0,0.0050999997,-50.04,743096,1290865,2030435,0.265
4787,GHG,Consumer Cyclical,Lodging,NYSE,65.07,18,16,15,15,1.12,120067822.52339125,100897325.0,0.0023999999,-59.65,5562,8630,14610,-0.14
4788,VRME,Industrials,Security & Protection Services,NASDAQ,65.07,18,18,26,67,0.65,8720242.798613906,13119066.0,0.0038,-56.95,36486,53102,65173,-0.602
4789,MH,Consumer Defensive,Education & Training Services,NYSE,65.05,18,11,24,57,9.92,1855378793.1169662,191276168.0,0.0729,-44.89,606431,1021740,787854,-0.02
4790,LNSR,Healthcare,Medical Devices,NASDAQ,64.98,18,18,5,49,5.6,71233172.14252567,12281581.0,0.056999996,-58.29,25767,88699,71451,-0.052
4791,MIND,Technology,Scientific & Technical Instruments,NASDAQ,64.98,18,8,16,36,5.55,46990415.043439865,9089055.0,0.0493,-61.72,77268,100229,100619,0.224
4792,FENG,Communication Services,Internet Content & Information,NYSE,64.87,18,16,27,20,1.4,17655841.063631058,12010776.0,0.00090000004,-61.64,3475,8508,20969,0.216
4793,TYL,Technology,Software - Application,NYSE,64.82,18,12,16,14,297.15,13144819129.813232,41140555.0,0.096499994,-52.18,656788,814692,814001,0.086
4794,SAMG,Financial Services,Asset Management,NASDAQ,64.77,18,17,33,35,9.95,76434117.48480892,7681821.0,0.0286,-41.44,59997,69995,57745,0.0
4795,CDZI,Utilities,Utilities - Regulated Water,NASDAQ,64.76,18,22,56,86,3.16,285893380.41909313,84086286.0,0.1354,-54.6,1357740,1082386,1023072,-0.448
4796,PETS,Healthcare,Pharmaceutical Retailers,NASDAQ,64.69,18,12,16,43,1.99,42102604.21145439,21371880.0,0.1017,-51.46,152305,1224641,817577,-0.156
4797,PDSB,Healthcare,Biotechnology,NASDAQ,64.66,18,52,58,16,0.68,41102528.20996785,55921806.0,0.0249,-56.13,238994,417214,726748,
4798,WGS,Healthcare,Diagnostics & Research,NASDAQ,64.66,18,23,12,49,59.1,1884595940.3698997,29688027.0,0.38459998,-65.41,638514,855314,1031386,0.174
4799,TOYO,Technology,Solar,NASDAQ,64.65,18,76,97,93,4.82,222992899.59720802,42718948.0,0.0523,-72.35,695306,980988,821563,1.77
4800,OFS,Financial Services,Asset Management,NASDAQ,64.63,18,20,15,14,3.27,46893276.5,13398079.0,0.0383,-63.63,40272,63694,64348,-0.135
4801,XTNT,Healthcare,Medical Devices,NYSE ARCA,64.58,18,13,29,31,0.43,63118330.32793522,140262960.0,0.0001,-54.74,128564,93874,116824,-0.365
4802,TRUP,Financial Services,Insurance - Property & Casualty,NASDAQ,64.58,18,15,14,18,23.99,1164666635.679779,43620472.0,0.1041,-57.91,309078,363422,373227,0.123
4803,JBDI,Consumer Cyclical,Specialty Retail,NASDAQ,64.58,18,10,16,12,1.07,11417438.85368824,9514532.0,0.006,-82.17,44331,88073,152510,-0.081
4804,BRNS,Healthcare,Biotechnology,NASDAQ,64.58,18,42,13,11,0.6,22711984.27426076,40848893.0,0.0018000001,-79.38,40554,46098,85024,
4805,ZKIN,Basic Materials,Steel,NASDAQ,64.57,18,17,27,91,1.36,79664107.30014086,57312308.0,0.0007,-56.27,8582,38297,30332,-0.435
4806,PRME,Healthcare,Biotechnology,NASDAQ,64.55,18,29,68,76,2.95,565332642.3000269,180617451.0,0.24610001,-57.49,3069345,3912175,3500349,-0.411
4807,RUN,Technology,Solar,NASDAQ,64.51,18,62,36,92,9.94,2826809141.9493313,238549287.0,0.3275,-55.7,9070378,11281682,10101963,0.432
4808,MTEX,Consumer Defensive,Food Distribution,NASDAQ,64.5,18,11,8,19,4.5,8201097.5,1929670.0,0.0107,-63.86,9793,13671,19468,-0.062
4809,CMCL,Basic Materials,Gold,NYSE ARCA,64.49,18,23,45,92,18.66,327935206.5991974,19313028.0,0.12149999,-51.85,260530,280433,258812,0.139
4810,HXHX,Industrials,Integrated Freight & Logistics,NASDAQ,64.47,18,9,18,4,0.5,7837499.901652336,13750000.0,0.015,-72.83,36874,734064,2182190,-0.065
4811,TOVX,Healthcare,Biotechnology,NYSE ARCA,64.46,18,30,73,4,0.22,11014240.073812544,45892668.0,0.0317,-74.42,507131,11993007,7815550,
4812,TIC,Industrials,Specialty Business Services,NYSE,64.39,18,28,24,26,7.13,1514141816.3197346,221042604.0,0.098400004,-52.29,2192686,1943992,2021619,1.084
4813,INVE,Industrials,Building Products & Equipment,NASDAQ,64.34,18,15,83,29,2.69,67217392.45529461,24006212.0,0.0155,-49.25,111899,269453,211565,0.407
4814,LCTX,Healthcare,Biotechnology,NYSE ARCA,64.33,18,24,90,92,1.03,289186013.87877166,249298295.0,0.1893,-50.72,985801,1773247,1528336,0.148
4815,DOX,Technology,Software - Infrastructure,NASDAQ,64.32,18,13,20,34,52.1,5587411433.395386,106164000.0,0.1106,-42.3,1359625,1628105,1462345,0.039
4816,MNY,Communication Services,Internet Content & Information,NASDAQ,64.31,18,19,63,49,0.96,42716169.41622913,44082735.0,0.0028,-60.0,14246,52922,45893,0.154
4817,POOL,Industrials,Industrial Distribution,NASDAQ,64.25,18,27,20,23,183.77,7331238846.780869,36443003.0,0.12149999,-46.73,988582,1104224,1026734,0.062
4818,FTHM,Real Estate,Real Estate Services,NASDAQ,64.24,18,56,26,29,0.85,28699731.516418457,33178880.0,0.0183,-74.78,128680,3572440,2209586,-0.072
4819,RECT,Consumer Cyclical,Specialty Retail,NASDAQ,64.22,18,14,8,6,1.41,18357000.470161438,14500000.0,0.003,-71.69,5936,8248,14757,0.108
4820,GOOS,Consumer Cyclical,Apparel Manufacturing,NYSE,64.15,18,20,39,56,8.89,958061317.9804802,97661700.0,0.0867,-42.37,670864,567181,668972,0.179
4821,TOMZ,Industrials,Pollution & Treatment Controls,NASDAQ,64.12,18,30,26,21,1.54,15990140.372125626,7700154.0,0.0034,-40.31,49694,65299,87417,0.049
4822,TDTH,Technology,Information Technology Services,NASDAQ,64.11,18,1,1,8,2.95,13401553.474977255,4718857.0,,-96.33,145093,2684067,1673546,0.436
4823,SMSI,Technology,Software - Application,NASDAQ,64.08,18,17,68,13,2.5,14477788.720216751,5589880.0,0.0328,-46.24,25345,298068,190034,-0.087
4824,CTSH,Technology,Information Technology Services,NASDAQ,64.04,18,9,18,62,45.45,21176210216.522217,473000000.0,0.1265,-47.78,7784801,12600843,11273132,0.058
4825,MNSO,Consumer Cyclical,Specialty Retail,NYSE,63.93,18,11,21,27,12.21,3805882611.75,298500597.0,0.0294,-54.34,830260,732553,706842,0.285
4826,FVRR,Communication Services,Internet Content & Information,NYSE,63.88,18,12,7,14,10.46,403367177.75988007,35950728.0,0.105399996,-62.64,605126,716645,775755,-0.016
4827,TCRT,Healthcare,Biotechnology,NASDAQ,63.83,18,11,35,64,1.94,5006399.183549404,2442146.0,0.0064999997,-57.73,9515,13725,17085,
4828,KNDI,Consumer Cyclical,Recreational Vehicles,NASDAQ,63.75,18,12,11,30,0.65,71294906.99532002,100415365.0,0.0253,-63.28,1452613,1884874,1166636,-0.323
4829,EQPT,Industrials,Rental & Leasing Services,NASDAQ,63.73,18,18,15,32,19.38,4193212178.8909245,252375097.0,0.1489,-45.41,4253338,3337559,2959729,0.381
4830,ABVC,Healthcare,Biotechnology,NASDAQ,63.7,18,29,10,91,1.15,32500552.5,26000442.0,0.0173,-68.06,91484,170904,154100,
4831,TEM,Healthcare,Health Information Services,NASDAQ,63.64,18,35,22,30,42.69,9421763543.685272,179564767.0,0.3394,-59.08,4868242,5918784,6299612,0.361
4832,BESS,Utilities,Utilities - Renewable,NYSE ARCA,63.58,17,33,4,76,3.08,22570282.613814116,7097573.0,0.0216,-82.01,108255,283585,719777,
4833,INTS,Healthcare,Biotechnology,NASDAQ,63.58,17,10,10,10,4.45,12838395.0,2702820.0,0.049000002,-89.77,22714,52268,42444,
4834,AVD,Basic Materials,Agricultural Inputs,NYSE,63.58,17,27,13,57,2.57,74661382.94912219,28605895.0,0.0088,-56.59,143954,374034,368084,0.067
4835,LFCR,Healthcare,Drug Manufacturers - Specialty & Generic,NASDAQ,63.55,17,36,15,78,4.33,175544018.32108355,37509407.0,0.078200005,-51.78,134117,204929,203565,
4836,BL,Technology,Software - Application,NASDAQ,63.5,17,9,11,23,28.74,1776839229.6356735,58660917.0,0.1848,-51.75,913345,1096295,1317429,0.097
4837,HFFG,Consumer Defensive,Food Distribution,NASDAQ,63.46,17,21,22,17,1.55,88234436.7750467,53475417.0,0.0069,-59.95,89013,302911,232122,0.045
4838,BTBD,Consumer Cyclical,Restaurants,NASDAQ,63.46,17,13,88,23,1.12,6865043.7284731865,6184724.0,0.0084,-80.0,11695,27418,46463,-0.12
4839,VNTG,Industrials,Marine Shipping,NYSE ARCA,63.44,17,10,11,7,0.7,22660574.57625866,31737500.0,0.026199998,-90.86,33000,1468606,891020,
4840,KVYO,Technology,Software - Application,NYSE,63.35,17,8,16,16,16.4,5288274318.543238,299279813.0,0.1601,-55.39,3573588,5220652,5875403,0.279
4841,SMRT,Technology,Software - Application,NYSE,63.31,17,21,54,84,0.95,185895895.941334,192838069.0,0.033800002,-56.82,2150190,2558396,2103508,-0.064
4842,KG,Financial Services,Insurance - Reinsurance,NASDAQ,63.3,17,20,12,7,9.11,71981074.50768471,7824030.0,0.0211,-71.18,17075,24661,16813,11.12
4843,CLRB,Healthcare,Biotechnology,NASDAQ,63.29,17,13,11,14,2.41,20059448.04378414,7991812.0,0.024400001,-63.04,120276,112262,154803,
4844,SKIL,Consumer Defensive,Education & Training Services,NYSE,63.28,17,33,10,9,6.35,57750887.273126125,8967529.0,0.1505,-65.58,70203,133854,110474,-0.047
4845,FEDU,Consumer Defensive,Education & Training Services,NYSE,63.22,17,32,39,20,8.12,22693529.984931946,2261438.0,0.0045,-53.06,540,300,308,-0.062
4846,BAFN,Financial Services,Banks - Regional,NASDAQ,63.22,17,9,26,10,6.03,30701755.673866272,5367440.0,0.0511,-60.54,18262,20817,20770,-0.527
4847,MITQ,Technology,Communication Equipment,NYSE ARCA,63.15,17,21,31,27,0.51,5666410.968895912,9941072.0,0.0092,-69.28,78613,63237,73096,-0.049
4848,SYPR,Consumer Cyclical,Auto Parts,NASDAQ,63.14,17,29,91,93,1.9,41880257.8069818,23011130.0,0.0025,-59.92,56663,53664,94348,-0.125
4849,PRT,Energy,Oil & Gas E&P,NYSE,63.13,17,12,20,29,2.22,28467811.835806847,12165732.0,0.0164,-46.38,35544,49484,61164,-0.619
4850,SBSW,Basic Materials,Other Precious Metals & Mining,NYSE,63.11,17,26,79,98,8.36,5786962664.0,723370333.0,0.019299999,-60.73,4672535,5493365,5269183,0.316
4851,BKYI,Industrials,Security & Protection Services,NASDAQ,62.94,17,13,13,24,4.55,4992655.896492004,1085360.0,0.0188,-76.9,5103,10944,11772,0.335
4852,NCEL,Healthcare,Biotechnology,NASDAQ,62.93,17,30,13,2,3.76,22020033.21151352,5383871.0,0.019,-86.59,16217,28575,42267,
4853,IT,Technology,Information Technology Services,NYSE,62.92,17,9,9,12,140.5,9385985482.36676,66951889.0,0.2469,-61.03,1210056,1424285,1550531,-0.015
4854,LDOS,Technology,Information Technology Services,NYSE,62.88,17,10,26,68,112.14,13393636841.933456,125785466.0,0.052600004,-45.5,1363005,1842328,1606205,0.037
4855,MIRA,Healthcare,Drug Manufacturers - General,NASDAQ,62.86,17,17,18,25,0.88,40341202.618303835,42022087.0,0.0049,-64.08,67553,74271,100522,
4856,GLDG,Basic Materials,Gold,NYSE ARCA,62.85,17,25,42,92,0.83,180431295.48666763,214799168.0,0.0276,-63.44,595016,756998,1382483,
4857,BOLT,Healthcare,Biotechnology,NASDAQ,62.83,17,23,17,28,3.83,8493326.286603928,1921567.0,0.0087,-46.81,16554,28211,27062,-0.979
4858,BNGO,Healthcare,Medical Instruments & Supplies,NASDAQ,62.77,17,17,10,7,1.11,13196249.72641468,11475000.0,0.1009,-79.82,73608,117406,143867,0.036
4859,AMSC,Industrials,Specialty Industrial Machinery,NASDAQ,62.74,17,63,87,21,30.52,1600709941.0519104,48462307.0,0.072,-56.7,658711,860230,1084954,0.296
4860,AEC,Energy,Uranium,NASDAQ,62.73,17,14,28,88,4.43,78957444.68878174,18234976.0,0.0111,-64.53,24846,47408,50061,
4861,CCTG,Industrials,Electrical Equipment & Parts,NASDAQ,62.7,17,33,3,0,0.79,2680744.7693305016,3913496.0,0.044499997,-96.97,1172435,6087898,6870595,-0.082
4862,DJT,Communication Services,Internet Content & Information,NASDAQ,62.69,17,10,9,13,8.56,2675373936.2201996,276953828.0,0.0943,-59.08,4639505,4976728,4759771,0.061
4863,RPID,Healthcare,Medical Devices,NASDAQ,62.67,17,11,17,93,1.99,103131141.30403543,49821809.0,0.0241,-59.72,252081,226000,204976,0.111
4864,MNTN,Technology,Software - Application,NYSE,62.67,17,15,14,5,8.58,660881297.820219,73924086.0,0.0925,-73.19,854336,1395662,1202781,0.142
4865,JKS,Technology,Solar,NYSE,62.65,17,18,41,76,14.8,863584388.1334152,52370188.0,0.089700006,-53.58,671969,718413,800467,-0.115
4866,BRIA,Consumer Cyclical,Apparel Retail,NYSE ARCA,62.63,17,19,23,26,1.28,31250000.0,25000000.0,0.0064999997,-74.14,251404,125258,88348,-0.103
4867,CTEV,Healthcare,Health Information Services,NYSE,62.59,17,82,18,22,21.61,518082297.30485535,17047789.0,0.0947,-70.82,122924,123941,162180,0.058
4868,INO,Healthcare,Biotechnology,NASDAQ,62.59,17,9,14,22,0.97,92146025.83230937,82273237.0,0.2087,-67.45,1416788,1510566,1838389,
4869,MRM,Consumer Cyclical,Personal Services,NASDAQ,62.57,17,16,31,70,0.99,7348814.486519158,7901951.0,0.0154,-77.75,6024,49604,456548,-0.067
4870,BCTX,Healthcare,Biotechnology,NASDAQ,62.56,17,6,8,3,3.58,32450205.67593527,8699787.0,0.0437,-75.61,109417,157412,225183,
4871,PDYN,Technology,Software - Infrastructure,NASDAQ,62.55,17,28,23,23,4.94,230551823.40667248,47244225.0,0.1997,-62.0,852146,1987152,2022565,1.069
4872,BRAG,Consumer Cyclical,Gambling,NASDAQ,62.54,17,15,15,12,1.63,44851788.05805874,26383404.0,6.2,-65.68,28442,38040,50454,0.006
4873,CLVT,Technology,Information Technology Services,NYSE,62.47,17,12,19,14,2.04,1527727525.9564805,639216510.0,0.1753,-57.23,4729712,8380257,6969080,-0.014
4874,STN,Industrials,Engineering & Construction,NYSE,62.47,17,15,29,41,67.46,7934499893.7161255,114066995.0,3.32,-41.09,386867,497365,479411,0.091
4875,CHWY,Consumer Cyclical,Internet Retail,NYSE,62.38,17,9,19,20,20.86,8569248777.456352,409424207.0,0.1078,-52.05,8418384,9951684,9920772,0.077
4876,ZJK,Industrials,Specialty Industrial Machinery,NASDAQ,62.31,17,21,44,8,1.8,124141937.19616377,64322249.0,0.0015,-56.1,16322,23840,22062,0.455
4877,GDEV,Communication Services,Electronic Gaming & Multimedia,NASDAQ,62.31,17,21,41,66,12.6,213449754.79431725,18150489.0,0.001,-70.14,6350,4473,4170,-0.079
4878,JFB,Real Estate,Real Estate - Development,NASDAQ,62.28,17,39,78,99,3.92,80112396.65172863,20230403.0,12.149,-77.66,219058,316482,449943,1.145
4879,PODD,Healthcare,Medical Devices,NASDAQ,62.22,17,10,14,26,163.26,11363562247.336792,69264674.0,0.0791,-54.0,1423998,1453942,1510839,0.339
4880,DSS,Consumer Cyclical,Packaging & Containers,NYSE ARCA,62.2,17,9,6,41,0.55,6025511.039432287,10042518.0,0.1192,-70.98,46364,182801,1794502,-0.126
4881,GRAN,Financial Services,Capital Markets,NASDAQ,62.18,17,13,3,18,1.26,44333124.28742647,24906250.0,0.0354,-78.68,22604,18361,606236,-0.832
4882,TSCO,Consumer Cyclical,Specialty Retail,NASDAQ,62.16,17,11,13,32,31.02,16000957904.196991,524449616.0,0.063,-51.52,11296422,12270374,12374060,0.036
4883,CANF,Healthcare,Biotechnology,NYSE ARCA,62.11,17,8,5,3,3.19,7284660.004329205,2142547.0,0.1509,-84.81,179427,2934425,1774359,-0.433
4884,PAR,Technology,Software - Application,NYSE,62.09,17,14,4,9,15.44,674375369.3841763,41246199.0,0.3014,-78.6,703216,1085595,1211405,0.194
4885,LGVN,Healthcare,Biotechnology,NASDAQ,62.07,17,26,45,6,0.6,19653925.481048584,31597952.0,0.0547,-66.67,181697,251839,302319,0.045
4886,TIL,Healthcare,Biotechnology,NASDAQ,61.97,17,11,17,5,7.13,50322269.85742378,6781977.0,0.0583,-78.93,13278,16266,20693,
4887,ISRG,Healthcare,Medical Instruments & Supplies,NASDAQ,61.96,17,22,30,33,337.5,122334933639.24457,354162842.0,0.0208,-44.11,5269165,3431341,3038691,0.185
4888,SYM,Industrials,Specialty Industrial Machinery,NASDAQ,61.93,17,25,82,83,40.15,5247635703.75,127215411.0,0.3051,-54.31,1218759,1821963,2206077,0.231
4889,BILI,Communication Services,Internet Content & Information,NASDAQ,61.92,17,14,24,89,17.16,7549844383.753471,418505765.0,0.070199996,-52.86,2320882,2279087,3249730,0.067
4890,EFOR,Technology,Information Technology Services,NYSE,61.9,17,4,6,42,20.6,767929981.2316895,41000000.0,0.1109,-66.09,865084,1019984,1070042,0.0
4891,MKTX,Financial Services,Capital Markets,NASDAQ,61.87,17,10,27,27,116.69,4044389859.8578033,35539453.0,0.076799996,-45.72,427446,662125,686647,0.119
4892,UAMY,Basic Materials,Other Industrial Metals & Mining,NYSE,61.84,16,79,96,96,5.17,809093501.7728329,148185622.0,0.2399,-73.77,5779459,6558386,8199809,-0.031
4893,OWLS,Technology,Software - Infrastructure,NASDAQ,61.84,16,10,8,3,5.45,490250447.8982611,88333411.0,1.35,-93.94,21960,22583,28086,0.017
4894,OLED,Technology,Electronic Components,NASDAQ,61.82,16,18,16,19,79.27,3748486454.6472397,46750891.0,0.104399994,-48.55,594794,730734,732240,-0.145
4895,PCOR,Technology,Software - Application,NYSE,61.78,16,10,24,21,42.83,6933405540.320099,150890216.0,0.097600006,-47.97,2728598,3223676,2835955,0.157
4896,KRMN,Industrials,Aerospace & Defense,NYSE,61.76,16,12,59,96,47.44,6118738982.167099,132526299.0,0.098400004,-59.93,5408710,4098836,3841366,0.51
4897,LXEH,Consumer Defensive,Education & Training Services,NASDAQ,61.72,16,5,3,4,1.45,2836667.196557522,1916667.0,0.014099999,-95.58,17686,36448,507813,-0.116
4898,FLX,Industrials,Integrated Freight & Logistics,NASDAQ,61.72,16,17,34,29,2.13,156498015.07163286,73129910.0,0.81,-52.13,129226,192282,181771,-0.027
4899,CNTY,Consumer Cyclical,Resorts & Casinos,NASDAQ,61.7,16,20,23,19,1.17,33197573.364337206,28133538.0,0.0069999998,-58.95,49734,81434,77474,0.052
4900,AFJKU,Financial Services,Shell Companies,NASDAQ,61.69,16,95,99,99,15.0,,,2.61,-81.25,2370,1066,956,
4901,KRUS,Consumer Cyclical,Restaurants,NASDAQ,61.63,16,24,21,48,44.17,567336588.3121643,12149836.0,0.312,-53.98,298050,410210,406844,0.162
4902,BLDR,Industrials,Building Products & Equipment,NYSE,61.63,16,29,17,29,72.86,7987396621.532684,107559876.0,0.0844,-51.76,1981740,2239803,2487498,-0.101
4903,GYRO,Real Estate,Real Estate Services,NASDAQ,61.59,16,15,27,32,5.7,12755986.81948471,2199308.0,0.0004,-52.5,2224,774,1528,-0.018
4904,LANV,Consumer Cyclical,Luxury Goods,NYSE,61.57,16,26,24,15,1.21,187299583.36552083,139775805.0,0.001,-52.36,17733,16464,13308,
4905,SCNX,Healthcare,Pharmaceutical Retailers,NASDAQ,61.56,16,10,7,5,0.37,16821158.008055687,40630816.0,0.0247,-85.77,802402,2750754,1804858,4.491
4906,INSP,Healthcare,Medical Devices,NYSE,61.54,16,11,10,15,49.19,1457945497.8346176,28813153.0,0.21350001,-66.54,705007,1026625,1081311,0.016
4907,LULU,Consumer Cyclical,Apparel Retail,NASDAQ,61.52,16,11,16,20,114.28,13209727488.863434,113553918.0,0.091000006,-50.42,2408541,3150443,3668970,0.043
4908,XPEV,Consumer Cyclical,Auto Manufacturers,NYSE,61.42,16,12,24,30,12.33,12942711409.631947,956593619.0,0.073,-56.33,6717401,7485433,7510476,-0.176
4909,QCLS,Technology,Computer Hardware,NASDAQ,61.41,16,19,10,11,3.23,27015796.209376812,7853429.0,1.0511,-81.44,164120,229393,401718,
4910,VALN,Healthcare,Biotechnology,NASDAQ,61.41,16,17,14,80,4.78,510598210.0,102119642.0,0.0018000001,-60.98,34141,24940,29444,-0.372
4911,LEU,Energy,Uranium,NYSE,61.4,16,21,65,95,163.89,3069939563.736603,19672794.0,0.2328,-64.7,962723,873194,882170,0.049
4912,PSKY,Communication Services,Entertainment,NASDAQ,61.4,16,23,26,24,8.21,9792764257.5,1119173058.0,0.14649999,-60.64,9236907,9227285,8845193,0.022
4913,KTOS,Industrials,Aerospace & Defense,NASDAQ,61.39,16,14,34,95,47.35,8631544634.61377,187519984.0,0.0618,-64.66,3817118,5073392,4983465,0.226
4914,ROL,Consumer Cyclical,Personal Services,NYSE,61.38,16,19,36,66,38.56,21718751113.861084,481462000.0,0.048299998,-41.7,6569172,5260200,5049616,0.102
4915,GURE,Basic Materials,Chemicals,NASDAQ,61.38,16,20,12,17,3.4,5727055.364046335,1539531.0,0.0007,-71.26,1376,10128,11603,3.034
4916,ATEC,Healthcare,Medical Devices,NASDAQ,61.37,16,13,16,60,8.26,1313360658.8334036,153789305.0,0.109799996,-64.53,1925882,2900334,2778890,0.136
4917,PRGO,Healthcare,Drug Manufacturers - Specialty & Generic,NYSE,61.33,16,17,12,11,10.09,1483302531.3481808,138367770.0,0.2728,-64.52,2634679,3753289,3459607,-0.072
4918,TANH,Consumer Defensive,Household & Personal Products,NASDAQ,61.3,16,4,3,6,0.42,6261875.914161742,14428286.0,0.0368,-83.78,446773,405914,376474,-0.169
4919,KRKR,Communication Services,Advertising Agencies,NASDAQ,61.29,16,7,18,26,2.8,5230596.68823719,1973810.0,0.0036000002,-86.89,13149,22289,26561,0.047
4920,ACN,Technology,Information Technology Services,NYSE,61.25,16,8,14,31,146.99,87856533071.12787,611942109.0,0.0581,-49.5,7527974,11282138,9018592,0.056
4921,BLKB,Technology,Software - Application,NASDAQ,61.21,16,7,11,20,32.71,1488200304.4868317,45932106.0,0.175,-56.32,612752,886030,826466,0.042
4922,CTGO,Basic Materials,Gold,NYSE ARCA,61.19,16,16,52,93,15.8,517428896.0,32339306.0,0.0988,-54.04,355408,634146,561751,
4923,TCPC,Financial Services,Asset Management,NASDAQ,61.18,16,16,21,23,3.16,277718180.4490447,83902775.0,0.0617,-59.28,618024,841071,800622,-0.238
4924,PCSA,Healthcare,Biotechnology,NASDAQ,61.15,16,9,12,5,2.6,6394153.7616119385,2768032.0,0.0363,-81.75,76654,68094,72204,
4925,AKBA,Healthcare,Drug Manufacturers - Specialty & Generic,NASDAQ,61.12,16,8,14,10,1.22,359466054.5740849,268258243.0,0.0726,-69.8,2352581,5351130,5284368,-0.066
4926,KWY,Financial Services,Asset Management,NYSE,61.12,16,23,35,75,8.7,276238418.68014526,28625744.0,0.083500005,-47.3,76168,76619,70595,0.385
4927,CINT,Technology,Software - Infrastructure,NYSE,61.02,16,13,22,27,3.11,415159983.9115629,128532502.0,0.007900001,-47.11,99474,179451,191244,0.232
4928,AORT,Healthcare,Medical Devices,NYSE,60.99,16,10,55,75,25.28,1216496325.0750542,48543350.0,0.054,-47.61,495638,747039,747145,0.175
4929,ECX,Consumer Cyclical,Auto Parts,NASDAQ,60.98,16,26,14,40,1.0,432289965.26963246,392990869.0,0.0321,-62.96,780584,2151718,1867158,-0.258
4930,NCT,Industrials,Marine Shipping,NASDAQ,60.98,16,9,2,0,3.41,27679248.956293106,9644338.0,0.0574,-96.86,860917,573365,1223157,-0.06
4931,GOGO,Communication Services,Telecom Services,NASDAQ,60.87,16,8,10,7,3.81,484153902.0221195,135238523.0,0.16290002,-77.35,1201041,2122303,1938082,-0.017
4932,OCCI,Financial Services,Asset Management,NASDAQ,60.81,16,15,12,29,2.34,66675349.70976591,29372401.0,0.0045,-61.89,310785,277578,249695,-0.102
4933,LAES,Technology,Semiconductors,NASDAQ,60.77,16,35,16,60,2.43,565845948.9618464,222773999.0,0.0644,-72.1,13083277,17266062,17574279,1.182
4934,RCAT,Industrials,Aerospace & Defense,NASDAQ,60.72,16,26,72,92,7.64,1148054811.4169297,150268957.0,0.2348,-59.32,7684852,10207324,13803714,8.491
4935,AI,Technology,Software - Infrastructure,NYSE,60.7,16,16,8,8,8.15,1371062575.7006454,155449277.0,0.31239998,-72.93,5173298,5770489,6598885,-0.525
4936,ATCH,Financial Services,Capital Markets,NYSE ARCA,60.61,16,19,67,12,0.18,27812488.548433185,150337774.0,0.052399997,-90.62,5035922,2689134,2303918,0.652
4937,KC,Technology,Software - Application,NASDAQ,60.6,16,12,64,40,9.47,2855986592.6799536,299369665.0,0.045,-48.87,1211661,1441430,1568396,0.372
4938,RXRX,Healthcare,Biotechnology,NASDAQ,60.59,16,24,13,15,2.96,1563094637.6778007,530762198.0,0.3441,-58.77,21519849,22661676,22033381,-0.561
4939,VERX,Technology,Software - Application,NASDAQ,60.57,16,11,7,10,11.87,2071256747.6641302,161816931.0,0.1075,-67.7,1965127,1853902,1704909,0.111
4940,CPNG,Consumer Cyclical,Internet Retail,NYSE,60.57,16,18,25,16,15.5,29833968527.09783,1795064201.0,0.0622,-54.51,20525303,22416821,23083634,0.075
4941,PNNT,Financial Services,Asset Management,NYSE,60.56,16,13,22,31,3.29,218741908.67287922,65296094.0,0.0307,-56.31,640879,803946,853381,-0.187
4942,PSNY,Consumer Cyclical,Auto Manufacturers,NASDAQ,60.53,16,32,21,8,13.68,2159068606.023535,144903937.0,14.32,-67.89,191083,152724,159252,0.454
4943,BCG,Financial Services,Asset Management,NASDAQ,60.5,16,20,29,74,1.36,24878994.200627804,16810131.0,0.0021,-60.47,22714,24268,33548,-0.004
4944,AIOS,Technology,Information Technology Services,NASDAQ,60.43,16,9,2,1,10.64,42184801.4831543,3240000.0,0.0075,-89.14,20470,56046,59386,
4945,ELOG,Industrials,Integrated Freight & Logistics,NASDAQ,60.39,16,10,7,6,0.92,10265600.15296936,12832000.0,0.0015,-74.44,6182,23027,262732,0.278
4946,LASE,Industrials,Specialty Industrial Machinery,NASDAQ,60.37,16,59,2,9,1.08,44121697.92655969,47647622.0,0.0859,-84.05,5472015,6746931,18029103,-0.6
4947,SCM,Financial Services,Asset Management,NYSE,60.33,16,19,22,52,7.01,220288606.80487537,28947254.0,0.0294,-53.73,327116,251368,223061,-0.066
4948,AIMD,Technology,Scientific & Technical Instruments,NASDAQ,60.28,16,34,17,13,1.4,12151494.124415636,7364542.0,0.0039,-68.89,46789,48356,449147,-0.998
4949,CFND,Financial Services,Asset Management,NYSE,60.25,16,9,9,9,3.41,22599998.439361095,6666666.0,0.2,-65.13,24709,34793,31233,
4950,TRDA,Healthcare,Biotechnology,NASDAQ,60.23,16,25,89,88,5.85,267474039.05688858,38820616.0,0.0845,-64.44,452887,389349,378445,-0.957
4951,UPWK,Communication Services,Internet Content & Information,NASDAQ,60.21,15,8,13,84,8.83,1119074373.050273,123518137.0,0.312,-61.34,3223410,3234506,3381350,0.014
4952,HUBS,Technology,Software - Application,NYSE,60.17,15,6,9,7,204.89,11480027894.881042,51190708.0,0.157,-63.94,1526523,1590454,1840392,0.234
4953,LPCN,Healthcare,Biotechnology,NASDAQ,60.15,15,8,9,98,2.08,18384684.347246647,8244253.0,0.0175,-83.19,27756,68795,77131,0.272
4954,SMMT,Healthcare,Biotechnology,NASDAQ,60.11,15,18,61,13,13.66,10718806453.140808,776162645.0,0.29549998,-55.91,3765037,5050922,5289275,
4955,RMTI,Healthcare,Drug Manufacturers - Specialty & Generic,NASDAQ,60.11,15,15,22,29,6.63,24195288.221701622,3947029.0,0.0208,-68.43,31513,40389,37186,-0.083
4956,INTR,Financial Services,Banks - Regional,NASDAQ,60.08,15,12,37,82,5.29,2370792512.4856653,441488373.0,0.041100003,-48.94,4523970,4891106,6079972,0.253
4957,CRWV,Technology,Software - Infrastructure,NASDAQ,60.01,15,42,78,83,71.88,39941204531.17543,545570346.0,0.2697,-53.08,24425920,28266653,28149298,1.116
4958,TME,Communication Services,Internet Content & Information,NYSE,59.99,15,11,8,38,8.86,14931937397.588877,1637273858.0,0.059699997,-66.82,5261032,7873634,9805124,0.073
4959,NCL,Consumer Cyclical,"Furnishings, Fixtures & Appliances",NYSE ARCA,59.96,15,9,4,1,0.16,8543559.895942315,53733083.0,0.0044,-98.81,0,166223,335408,0.443
4960,DWTX,Healthcare,Biotechnology,NASDAQ,59.95,15,6,3,5,1.5,46408782.979641795,33629553.0,0.0082,-84.21,53599,98263,82293,
4961,ACB,Healthcare,Drug Manufacturers - Specialty & Generic,NASDAQ,59.88,15,15,19,27,2.67,162907851.06871605,61942146.0,6.64,-59.94,1116963,1289197,1034934,0.051
4962,CRE,Industrials,Specialty Business Services,NASDAQ,59.87,15,15,4,3,2.54,6263493.1387245655,2013985.0,0.0328,-97.51,31787,1490109,1095593,0.574
4963,BGDE,Financial Services,Capital Markets,NASDAQ,59.83,15,96,9,3,5.39,31526349.13061905,5521252.0,0.056500003,-86.53,98640,138246,129102,-0.651
4964,CURI,Communication Services,Broadcasting,NASDAQ,59.78,15,12,29,63,2.35,151776252.60753632,59287600.0,0.0529,-57.35,348168,379612,486055,0.005
4965,CMMB,Healthcare,Biotechnology,NASDAQ,59.69,15,18,10,4,1.36,11431149.180707932,7327660.0,0.020399999,-71.9,101634,214428,146266,
4966,PSNYW,Consumer Cyclical,Auto Manufacturers,NASDAQ,59.66,15,4,15,4,2.79,760745669.25,144903937.0,0.27,-80.62,369892,125897,78462,0.454
4967,DCGO,Healthcare,Medical Care Facilities,NASDAQ,59.65,15,7,12,7,0.6,64304749.12385845,98778413.0,0.0254,-66.29,539052,1046930,854802,-0.213
4968,QUBT,Technology,Computer Hardware,NASDAQ,59.64,15,25,20,21,7.43,1759172941.617385,225534987.0,0.3177,-71.25,8542007,12568719,18202099,93.641
4969,DRMA,Healthcare,Biotechnology,NASDAQ,59.62,15,8,4,5,1.32,5349450.362611651,4022143.0,0.0417,-82.4,40911,78653,70056,
4970,BDMD,Healthcare,Medical Devices,NASDAQ,59.56,15,5,58,6,1.02,33900654.22998953,31981751.0,0.0038,-72.8,43213,100334,105772,-0.39
4971,HUDI,Basic Materials,Steel,NASDAQ,59.56,15,15,39,30,0.81,11210558.394809604,14299182.0,0.028099999,-85.16,23044,35761,231972,-0.165
4972,QXO,Industrials,Industrial Distribution,NYSE,59.56,15,27,51,85,13.67,14944396572.108679,1037805345.0,0.2712,-50.49,23940369,27401649,23185975,127.163
4973,OPRX,Healthcare,Health Information Services,NASDAQ,59.55,15,6,9,37,6.24,125538352.8237462,18765075.0,0.0631,-71.96,233183,403041,451924,-0.095
4974,NKLR,Utilities,Utilities - Regulated Electric,NASDAQ,59.52,15,16,21,7,5.05,507199184.58110046,110500908.0,0.0437,-76.95,330959,296039,311295,
4975,RXST,Healthcare,Medical Devices,NASDAQ,59.48,15,10,20,19,5.19,229751187.84577656,41396609.0,0.14060001,-60.74,1021061,1396527,1162682,-0.185
4976,GOTU,Consumer Defensive,Education & Training Services,NYSE,59.44,15,16,16,18,1.56,407755945.5362892,238453764.0,0.021,-62.14,281744,463431,518690,0.132
4977,JZXN,Consumer Cyclical,Auto & Truck Dealerships,NASDAQ,59.4,15,12,3,0,1.19,1554743.912972331,1328841.0,0.048699997,-98.75,4225807,6605862,5669917,
4978,HTOO,Utilities,Utilities - Renewable,NASDAQ,59.36,15,14,15,9,2.6,8461408.043684006,3297509.0,0.0028,-79.41,4174,6984,16460,3.663
4979,FGI,Consumer Cyclical,"Furnishings, Fixtures & Appliances",NASDAQ,59.24,15,44,90,91,4.24,8343091.051524639,1931271.0,0.024500001,-66.4,40838,32436,37745,-0.082
4980,INV,Financial Services,Asset Management,NASDAQ,59.24,15,57,92,25,2.89,283230791.1418419,84044748.0,0.11399999,-63.23,2174439,1848743,2287977,5.442
4981,PTLO,Consumer Cyclical,Restaurants,NASDAQ,59.15,15,17,29,17,4.35,338019079.38222885,72380958.0,0.1514,-63.2,958002,1229847,1438844,0.035
4982,PRIM,Industrials,Engineering & Construction,NYSE,59.15,15,22,91,90,86.51,4663754162.928123,54254935.0,0.0766,-57.9,1403820,2192990,2155474,-0.054
4983,AAPG,Healthcare,Biotechnology,NASDAQ,59.14,15,11,22,26,18.29,1749139406.4768066,93337216.0,0.0021,-62.25,5960,15263,13214,1.17
4984,NABL,Technology,Information Technology Services,NYSE,59.12,15,7,18,18,4.08,898564439.7069693,188378290.0,0.059,-54.87,1844175,2174231,2195049,0.131
4985,MGX,Healthcare,Biotechnology,NASDAQ,59.08,15,18,19,15,1.21,46682104.279028416,37646858.0,0.0552,-69.37,202651,186247,186796,-0.698
4986,MP,Basic Materials,Other Industrial Metals & Mining,NYSE,59.05,15,60,78,90,41.3,8053724536.324348,178022198.0,0.16379999,-58.8,5344101,4910840,5729394,1.186
4987,VITL,Consumer Defensive,Farm Products,NASDAQ,59.05,15,7,5,19,13.02,580596559.872694,42848454.0,0.2494,-75.49,1543601,2167537,2458184,0.154
4988,CDIO,Healthcare,Biotechnology,NASDAQ,59.03,15,19,10,2,1.55,5090286.764671087,2959469.0,0.0068,-80.4,138314,72284,72580,1.851
4989,WDH,Financial Services,Insurance - Diversified,NYSE,58.98,15,14,55,61,1.12,423976285.69386256,359301953.0,0.00029999999,-48.62,133500,199363,189234,0.648
4990,RBBN,Technology,Software - Application,NASDAQ,58.93,15,21,23,17,2.01,387505955.7989652,176139067.0,0.039300002,-53.15,875791,792380,941646,-0.103
4991,COIN,Financial Services,Financial Data & Stock Exchanges,NASDAQ,58.89,15,11,20,14,158.29,41394954267.49048,263460766.0,0.113199994,-63.73,7044982,7540487,8323006,-0.308
4992,ARRY,Technology,Solar,NASDAQ,58.88,15,44,38,91,5.32,939879190.1180372,153826378.0,0.24139999,-56.5,6631929,6501783,6163077,-0.261
4993,CAI,Healthcare,Biotechnology,NASDAQ,58.76,15,21,14,19,15.52,4661404595.849524,282680695.0,0.123,-63.48,3670070,3221296,3185754,0.788
4994,CALC,Healthcare,Biotechnology,NASDAQ,58.75,15,9,4,4,0.76,11627350.838599265,15798031.0,0.3391,-89.44,302744,2382001,1564076,
4995,GFUZ,Industrials,Specialty Industrial Machinery,NASDAQ,58.74,15,42,41,51,6.73,670001247.396698,80723040.0,,-54.68,1149195,878158,576277,
4996,NFGC,Basic Materials,Gold,NYSE ARCA,58.73,15,22,46,92,1.39,530033915.7885517,384082549.0,3.6,-61.28,1267344,1615221,1563040,
4997,PRSO,Technology,Semiconductors,NASDAQ,58.73,15,17,31,28,0.68,11473465.256026983,15096665.0,0.045500003,-71.31,286894,433588,618900,-0.751
4998,SIEB,Financial Services,Capital Markets,NASDAQ,58.63,15,16,10,31,1.66,68780770.33256245,40940936.0,0.013200001,-61.4,19296,79728,69533,-0.193
4999,UUUU,Energy,Uranium,NYSE ARCA,58.51,15,71,94,98,11.3,2871570930.338047,249919146.0,0.1904,-59.5,7044008,8655026,9357571,1.121
5000,HSAI,Consumer Cyclical,Auto Parts,NASDAQ,58.48,15,15,56,76,14.6,18857065320.0,1257137688.0,0.0638,-52.67,1285860,1796543,1892978,0.296
5001,YI,Healthcare,Medical Distribution,NASDAQ,58.38,15,19,72,30,3.8,31932980.326732635,8796964.0,0.00090000004,-65.98,8720,26990,26134,-0.331
5002,ERII,Industrials,Pollution & Treatment Controls,NASDAQ,58.31,15,17,18,33,8.42,444320126.68111324,51545259.0,0.0563,-54.04,631093,972774,1042500,0.203
5003,IDAI,Technology,Software - Application,NASDAQ,58.29,15,6,19,61,1.9,11647924.692756653,5599964.0,0.0257,-64.02,26209,91743,80351,0.387
5004,INAB,Healthcare,Biotechnology,NASDAQ,58.29,15,20,13,15,1.2,12754250.871543646,9589662.0,0.004,-56.04,52014,45671,55922,
5005,MENS,Healthcare,Biotechnology,NASDAQ,58.26,15,7,5,1,2.36,171822528.95494366,76027668.0,0.0050999997,-96.48,59794,126014,100912,
5006,PROK,Healthcare,Biotechnology,NASDAQ,58.24,15,57,35,59,1.5,332423536.0384685,205199713.0,0.12810001,-57.75,1176492,1395660,1246380,-0.017
5007,SENS,Healthcare,Medical Devices,NASDAQ,58.15,15,16,26,16,4.86,266757158.11984777,52202965.0,0.113900006,-61.18,492929,757909,679669,0.872
5008,DTSS,Technology,Software - Infrastructure,NASDAQ,58.1,15,10,10,9,0.84,8483087.991902053,10447153.0,0.0771,-66.4,23889,514906,351099,-0.365
5009,IE,Basic Materials,Copper,NYSE ARCA,58.07,15,24,59,95,9.06,1286910669.2050352,158291593.0,0.08140001,-57.96,2373558,2488389,2279139,0.167
5010,GTBP,Healthcare,Biotechnology,NASDAQ,58.06,14,10,3,11,0.32,12838394.047549725,36062904.0,0.095,-86.03,831097,1155182,1686061,
5011,MIST,Healthcare,Biotechnology,NASDAQ,58.01,14,23,62,67,1.16,147530099.17616844,124497980.0,0.1019,-62.09,819411,1250343,1382886,
5012,SY,Healthcare,Health Information Services,NASDAQ,57.98,14,6,84,94,1.93,168639019.69483995,100380372.0,0.0357,-69.27,194039,402163,618751,0.456
5013,VSME,Communication Services,Advertising Agencies,NASDAQ,57.96,14,33,2,0,1.16,3140672.266746998,2779356.0,0.0321,-98.19,187964,5679888,8042164,0.009
5014,GRNQ,Industrials,Consulting Services,NASDAQ,57.95,14,25,90,88,1.25,22659578.75,18127663.0,0.0019,-60.69,7096,32262,23003,0.149
5015,PEW,Industrials,Aerospace & Defense,NYSE,57.94,14,9,12,6,2.33,72618181.15114284,29400073.0,0.103199996,-76.79,450555,865888,693799,0.111
5016,PNR,Industrials,Specialty Industrial Machinery,NYSE,57.88,14,21,24,50,62.88,10092266158.745243,161605541.0,0.048499998,-44.82,4472313,2901587,2662506,0.026
5017,ONMD,Healthcare,Health Information Services,NASDAQ,57.88,14,13,90,34,0.61,38727803.76735711,56952652.0,0.0078,-85.55,99212,285160,283924,-0.299
5018,XRTX,Healthcare,Biotechnology,NASDAQ,57.85,14,25,26,13,2.03,3478435.633496046,1730565.0,0.0147,-71.21,18927,14902,22573,
5019,SKIN,Consumer Defensive,Household & Personal Products,NASDAQ,57.83,14,7,11,59,0.73,109382431.41167164,129600040.0,0.20879999,-72.86,755413,4382294,3080762,-0.067
5020,BTBT,Financial Services,Capital Markets,NASDAQ,57.76,14,41,11,14,1.37,494759991.5742874,353400000.0,0.1522,-69.89,26032848,27373719,27019707,0.109
5021,INTZ,Technology,Software - Infrastructure,NASDAQ,57.73,14,9,9,11,0.75,20922498.699545503,22741846.0,0.012999999,-67.53,358545,4009588,2468981,-0.5
5022,MLCI,Financial Services,Asset Management,NASDAQ,57.73,14,17,22,92,3.16,37258596.586364746,11188768.0,0.0072000003,-63.84,8630,29026,30976,-0.355
5023,NPWR,Industrials,Specialty Industrial Machinery,NYSE,57.71,14,27,18,17,1.41,136111050.16842556,88383801.0,0.040999997,-72.88,756300,766450,808558,
5024,TYGO,Technology,Solar,NASDAQ,57.66,14,52,98,97,1.69,129048353.41970873,75910794.0,0.0387,-68.27,1060507,1500359,1162609,0.337
5025,CHPT,Consumer Cyclical,Specialty Retail,NYSE,57.65,14,16,20,7,5.12,145803665.49374866,25897631.0,0.1723,-62.35,462487,763099,721529,0.043
5026,FWRD,Industrials,Integrated Freight & Logistics,NASDAQ,57.64,14,13,44,79,15.25,434844382.5,31625046.0,0.1163,-53.03,820528,1138026,1229287,-0.051
5027,LCID,Consumer Cyclical,Auto Manufacturers,NASDAQ,57.59,14,4,4,7,6.3,2872290158.9849052,390256808.0,0.3934,-80.97,38218880,22146380,19522148,0.202
5028,LITS,Healthcare,Biotechnology,NASDAQ,57.55,14,7,11,7,0.99,33684948.32448959,34025200.0,0.0047999998,-88.0,168050,279720,387638,
5029,BRTX,Healthcare,Biotechnology,NASDAQ,57.55,14,15,1,14,0.29,8512257.13520217,25478171.0,0.044,-84.66,224543,432971,12531248,-0.073
5030,ZJYL,Healthcare,Medical Instruments & Supplies,NASDAQ,57.53,14,13,6,3,2.06,14872027.513380647,7827383.0,0.005,-88.01,22510,21513,351236,-0.165
5031,FLUT,Consumer Cyclical,Gambling,NYSE,57.51,14,10,8,13,101.25,18486149002.38208,173481132.0,0.09020001,-67.72,2115245,2485495,2621955,0.174
5032,IMTE,Technology,Electronic Components,NASDAQ,57.49,14,10,10,21,0.47,1705984.846433878,3446434.0,0.0074,-69.48,19419,129393,102191,
5033,PLNT,Consumer Cyclical,Leisure,NYSE,57.49,14,9,14,30,53.48,4143071389.935074,79126649.0,0.1451,-53.28,1722602,1726047,1994180,0.197
5034,BARK,Consumer Cyclical,Specialty Retail,NYSE,57.46,14,15,7,23,8.51,81686124.27457714,8792909.0,0.11399999,-62.35,38549,94556,87387,-0.25
5035,BYSI,Healthcare,Biotechnology,NASDAQ,57.44,14,28,30,21,1.12,53044566.23140335,41119820.0,0.0651,-54.1,28581,27927,27604,
5036,AMCI,Technology,Computer Hardware,NASDAQ,57.29,14,8,26,8,4.9,114106693.50972748,22595384.0,0.0377,-88.33,245048,174596,132243,-0.339
5037,YDKG,Communication Services,Advertising Agencies,NASDAQ,57.24,14,9,6,0,0.9,5142145.809547842,5529189.0,0.0256,-99.87,26439,69509,126257,
5038,TMDX,Healthcare,Medical Devices,NASDAQ,57.24,14,14,26,81,72.26,2556816311.798683,34560911.0,0.355,-53.68,841461,991223,1135106,0.212
5039,SNAP,Communication Services,Internet Content & Information,NYSE,57.23,14,18,17,21,4.35,7506939378.706201,1657160934.0,0.1029,-58.21,32177839,41144953,40711969,0.121
5040,STLA,Consumer Cyclical,Auto Manufacturers,NYSE,57.22,14,14,22,36,5.69,16776569848.818851,2897507765.0,0.0348,-53.44,16864101,18849427,18433928,0.065
5041,ACI,Consumer Defensive,Grocery Stores,NYSE,57.19,14,20,31,25,11.03,7400551803.377923,489778423.0,0.1515,-47.25,10868219,9471733,8311887,0.077
5042,TRON,Consumer Cyclical,Leisure,NASDAQ,57.16,14,9,93,92,1.46,673622510.5217304,474382064.0,0.0273,-87.83,426561,815457,757812,0.087
5043,RBLX,Communication Services,Electronic Gaming & Multimedia,NYSE,57.12,14,11,13,15,47.55,37001781760.09937,715978745.0,0.044699997,-68.42,6396423,9676504,10085570,0.393
5044,OLLI,Consumer Defensive,Discount Stores,NASDAQ,57.07,14,13,20,29,66.31,4020748580.0621643,60453292.0,0.121300004,-53.22,1644316,2381812,2277317,0.142
5045,LIVE,Consumer Cyclical,Home Improvement Retail,NASDAQ,57.05,14,22,26,92,9.69,34402546.61412811,3071656.0,0.002,-61.88,10656,10595,10711,-0.038
5046,INLX,Technology,Software - Application,NYSE ARCA,56.97,14,14,15,14,5.4,26520465.028676033,4494994.0,0.00059999997,-62.24,2026,5048,3903,-0.08
5047,NBP,Healthcare,Biotechnology,NASDAQ,56.95,14,7,75,95,1.77,205854335.59126973,115648505.0,0.050100002,-73.93,302830,639610,675206,
5048,ACHR,Industrials,Aerospace & Defense,NYSE,56.93,14,13,13,16,4.77,3387120106.4114785,762864879.0,0.16379999,-67.37,38006512,37711167,44486322,
5049,SNES,Basic Materials,Specialty Chemicals,NASDAQ,56.91,14,11,10,10,1.39,7530864.692401648,5303426.0,0.012200001,-77.72,57557,54255,55527,0.016
5050,ALVO,Healthcare,Drug Manufacturers - Specialty & Generic,NASDAQ,56.88,14,17,8,11,3.06,1170240628.1620626,338219831.0,0.020599999,-69.22,654758,877269,817843,-0.202
5051,BEEP,Industrials,Infrastructure Operations,NASDAQ,56.86,14,8,12,24,1.73,79913382.5170517,41192464.0,0.0076,-57.44,21589,88153,78485,-0.037
5052,BCYC,Healthcare,Biotechnology,NASDAQ,56.86,14,14,11,14,3.87,293905259.9130869,69811225.0,0.074200004,-57.86,273832,549477,452892,-0.911
5053,SQFTP,Real Estate,REIT - Diversified,NASDAQ,56.84,14,11,22,3,6.0,,,0.16,-62.48,3380,2960,2734,-0.085
5054,CNXC,Technology,Information Technology Services,NASDAQ,56.75,14,11,10,21,22.25,1490678309.1213226,61018350.0,0.22940001,-64.19,1341777,2236062,1832621,0.019
5055,ELME,Real Estate,REIT - Residential,NYSE,56.74,14,10,33,29,1.49,135063980.46517038,88857883.0,0.0421,-91.57,1511143,2025617,1635642,0.017
5056,SSII,Healthcare,Medical Devices,NASDAQ,56.71,14,13,15,8,3.47,728478812.0346336,200131536.0,0.00090000004,-65.3,79706,68182,67407,1.168
5057,FUTU,Financial Services,Capital Markets,NASDAQ,56.64,14,14,62,76,99.36,13332495594.880188,140194488.0,0.113199994,-50.94,1399635,1629848,4051843,0.288
5058,LUD,Basic Materials,Steel,NYSE ARCA,56.61,14,34,35,88,4.09,95524900.86555481,22690000.0,0.0049,-83.1,19437,31402,110907,-0.177
5059,VTSI,Technology,Software - Application,NASDAQ,56.54,14,11,29,20,3.17,35051342.42169142,11306885.0,0.0069999998,-57.56,43838,44402,49087,-0.515
5060,PLG,Basic Materials,Other Precious Metals & Mining,NYSE ARCA,56.53,14,15,26,92,1.28,158577540.09960747,127885112.0,0.0541,-68.32,818881,986193,1254116,
5061,CELH,Consumer Defensive,Beverages - Non-Alcoholic,NASDAQ,56.52,14,13,14,79,27.12,7411013977.888565,255640360.0,0.14840001,-59.36,8526511,8480690,9159014,1.377
5062,HIND,Healthcare,Biotechnology,NASDAQ,56.48,14,11,6,1,2.06,15089835.86933899,7018528.0,0.0078,-88.92,12363,16491,20854,-0.841
5063,OM,Healthcare,Medical Devices,NASDAQ,56.47,14,30,8,5,4.04,77856408.66430187,18537241.0,0.1095,-79.39,125124,264451,234120,-0.063
5064,KTTA,Healthcare,Biotechnology,NASDAQ,56.46,14,13,20,23,0.46,15036501.20166874,33414448.0,0.0087,-77.67,381476,1220555,918197,
5065,ATNM,Healthcare,Biotechnology,NYSE ARCA,56.45,14,16,28,21,0.86,28927744.183745503,31374994.0,0.03,-54.5,82515,111781,115111,
5066,NEXM,Basic Materials,Other Industrial Metals & Mining,NASDAQ,56.43,14,12,8,20,2.17,78425962.49983692,35648164.0,6.92,-67.85,39773,28631,33532,
5067,HIT,Technology,Software - Application,NASDAQ,56.38,14,14,79,15,1.06,74080633.4773947,65558083.0,0.0277,-73.63,58936,88988,204601,0.094
5068,USGO,Basic Materials,Other Industrial Metals & Mining,NASDAQ,56.35,14,18,67,84,7.48,112822418.0681305,13877296.0,0.0998,-58.4,46872,62467,59848,
5069,BFRG,Healthcare,Health Information Services,NASDAQ,56.3,13,17,16,5,0.59,11959364.541346073,18541651.0,0.014400001,-71.08,126981,182440,234306,
5070,DPRO,Technology,Computer Hardware,NASDAQ,56.28,13,51,38,89,4.22,154539503.95045853,36882936.0,0.1372,-70.69,757405,1035031,1583101,0.494
5071,MINE,Basic Materials,Gold,NYSE ARCA,56.26,13,11,12,29,2.32,160461012.48310852,67138496.0,1.44,-52.46,14671,41283,44188,
5072,AWRE,Technology,Software - Application,NASDAQ,56.24,13,19,12,29,1.09,24027145.779649615,21646077.0,0.0047,-63.05,50669,39726,44951,-0.062
5073,UPST,Financial Services,Credit Services,NASDAQ,56.23,13,26,13,16,26.93,2824448423.0966396,95711569.0,0.3096,-69.15,3177590,4134460,4355824,0.446
5074,LZM,Basic Materials,Other Industrial Metals & Mining,NYSE,56.18,13,40,42,67,3.19,289133494.2987175,91209302.0,0.001,-50.16,433135,653088,619659,7.051
5075,RC,Real Estate,REIT - Mortgage,NYSE,56.14,13,18,13,9,1.47,256089552.17174077,165219071.0,0.14770001,-67.9,1419466,1513225,1587173,
5076,BNR,Healthcare,Diagnostics & Research,NASDAQ,56.09,13,31,97,99,8.95,105147042.5261774,10546343.0,0.0049,-78.55,13440,23753,22684,-0.189
5077,TSSI,Technology,Information Technology Services,NASDAQ,56.09,13,28,80,16,9.7,274001816.9856186,28073956.0,0.1858,-69.42,818924,829878,1147502,-0.441
5078,QSI,Healthcare,Medical Devices,NASDAQ,56.09,13,18,13,14,0.77,178998859.8008237,217760163.0,0.09819999,-75.16,2471465,4410768,5316561,-0.694
5079,GLIBA,Communication Services,Telecom Services,NASDAQ,56.04,13,9,43,60,22.32,881102264.4754906,39904994.0,0.19379999,-46.69,70842,125844,111600,-0.038
5080,CRML,Basic Materials,Other Industrial Metals & Mining,NASDAQ,56.01,13,92,98,98,5.81,940088033.2084031,146888753.0,0.30290002,-81.93,5889992,5276914,6632304,0.578
5081,BCDA,Healthcare,Biotechnology,NASDAQ,56.0,13,20,17,14,0.85,12353991.991590977,14884328.0,0.0286,-64.88,300462,857260,3769734,
5082,LOOP,Basic Materials,Specialty Chemicals,NASDAQ,55.99,13,10,59,26,0.8,38220494.12813014,48380371.0,0.0159,-62.09,108616,96602,83107,-0.29
5083,MTR,Energy,Oil & Gas E&P,NYSE,55.99,13,12,34,35,2.89,5795764.704501629,1863590.0,0.00059999997,-51.67,6472,12367,9672,-0.467
5084,CDXS,Healthcare,Biotechnology,NASDAQ,55.91,13,68,90,6,1.48,203608310.9468572,90896567.0,0.0361,-61.76,1678983,1145897,1017372,1.021
5085,GLIBK,Communication Services,Telecom Services,NASDAQ,55.81,13,8,42,61,21.95,875914648.7450943,39904994.0,0.0949,-46.69,472020,841040,901350,-0.038
5086,EBON,Technology,Computer Hardware,NASDAQ,55.75,13,19,15,16,2.02,12749650.300310135,6280616.0,0.003,-65.76,2260,16176,11432,-0.213
5087,NXB,Consumer Cyclical,Auto & Truck Dealerships,NYSE ARCA,55.73,13,22,24,15,1.95,50248013.88159084,24999012.0,0.0036000002,-50.0,38794,41464,42930,0.096
5088,BBLG,Healthcare,Biotechnology,NASDAQ,55.66,13,21,11,9,1.07,2100454.122955799,1795260.0,0.0375,-74.09,29742,107167,71304,
5089,SPWH,Consumer Cyclical,Specialty Retail,NASDAQ,55.63,13,14,17,10,1.12,45653158.475452065,39019795.0,0.009,-71.06,382879,417523,462925,0.028
5090,DOMO,Technology,Software - Application,NASDAQ,55.62,13,5,6,8,3.68,157123960.10117865,45150563.0,0.0928,-80.1,4634978,3678219,2484879,-0.009
5091,OGI,Healthcare,Drug Manufacturers - Specialty & Generic,NASDAQ,55.61,13,12,37,53,0.93,126697516.44366193,140775022.0,8.32,-58.48,448739,497376,535515,-0.089
5092,EPAM,Technology,Information Technology Services,NYSE,55.59,13,6,12,75,89.85,4631993216.984894,52244451.0,0.3034,-59.62,1306514,1722341,2004152,0.076
5093,NRSN,Healthcare,Biotechnology,NASDAQ,55.58,13,19,18,25,0.6,24692272.64283943,36099813.0,0.0209,-71.43,102924,179994,154160,
5094,EPOW,Industrials,Electrical Equipment & Parts,NASDAQ,55.57,13,15,24,22,0.53,18899874.212376773,38729250.0,0.0041,-71.51,44517,228949,198117,-0.568
5095,NSRX,Healthcare,Drug Manufacturers - General,NYSE ARCA,55.56,13,21,5,15,3.12,35249534.97831702,11710809.0,0.026300002,-68.77,11250,20003,30320,
5096,LI,Consumer Cyclical,Auto Manufacturers,NASDAQ,55.56,13,10,26,16,12.12,12291957725.446026,992086956.0,0.0477,-61.35,3873732,3814100,4769370,-0.114
5097,GIBO,Communication Services,Internet Content & Information,NASDAQ,55.51,13,9,8,3,30.5,72931712.0,2604704.0,0.0022,-95.38,5454,5557,3740,
5098,MAMO,Consumer Cyclical,Recreational Vehicles,NASDAQ,55.49,13,11,3,64,0.98,39558902.00360119,41640950.0,0.0354,-82.47,63827,498095,335227,-0.147
5099,BMRA,Healthcare,Medical Devices,NASDAQ,55.48,13,15,19,16,1.59,4975333.134206653,3090269.0,0.0119,-65.43,6209,11453,15703,-0.118
5100,EVI,Industrials,Industrial Distribution,NYSE ARCA,55.44,13,12,21,74,13.95,212597752.65101242,12869113.0,0.019299999,-59.94,70929,81573,65277,0.081
5101,SOS,Financial Services,Capital Markets,NYSE,55.44,13,14,6,10,1.0,18170320.0,18170320.0,0.0419,-88.4,26397,28385,27141,-0.621
5102,BCHT,Industrials,Pollution & Treatment Controls,NYSE ARCA,55.4,13,17,6,65,1.4,42089546.2271831,26305966.0,0.0058999998,-70.83,75603,131684,134106,0.316
5103,SSM,Consumer Cyclical,Auto Manufacturers,NASDAQ,55.37,13,10,32,21,4.16,5434534.195878983,1464834.0,0.0078,-85.0,4886,6778,7261,
5104,DTCX,Financial Services,Financial Data & Stock Exchanges,NASDAQ,55.35,13,7,10,5,1.87,83967035.49655008,38873626.0,0.0309,-88.66,109908,216732,242401,12.652
5105,AEYE,Technology,Software - Application,NASDAQ,55.34,13,15,12,14,5.67,82581474.81805086,12493415.0,0.0342,-65.41,70827,144465,132421,0.084
5106,KD,Technology,Information Technology Services,NYSE,55.33,13,8,7,15,12.05,2679283993.079361,220517208.0,0.1388,-69.86,3807658,4253786,4119251,-0.008
5107,AAME,Financial Services,Insurance - Life,NASDAQ,55.28,13,12,62,79,1.57,32227621.11535406,20397228.0,0.0013,-57.68,13033,14251,14278,0.208
5108,TGEN,Industrials,Electrical Equipment & Parts,NYSE ARCA,55.28,13,77,39,20,3.22,106208728.17340088,29917952.0,0.0529,-73.32,249578,240482,400521,-0.129
5109,RNAZ,Healthcare,Biotechnology,NASDAQ,55.24,13,8,17,12,5.93,8011046.150009155,950302.0,0.0556,-71.75,13565,25018,72567,
5110,LEXX,Healthcare,Biotechnology,NASDAQ,55.19,13,13,39,15,0.56,15764815.10047996,24787446.0,0.014400001,-63.87,80223,70944,80198,
5111,EVEX,Industrials,Aerospace & Defense,NYSE,55.16,13,15,13,24,2.29,759304016.3718395,348304584.0,0.0983,-69.22,1080578,1137562,1113131,
5112,UFG,Industrials,Marine Shipping,NASDAQ,55.13,13,17,12,8,0.7,23991635.727584362,32465000.0,0.0092,-93.64,36225,206055,437325,0.843
5113,HUMA,Healthcare,Biotechnology,NASDAQ,55.07,13,8,12,8,0.62,179309379.52580714,269638156.0,0.1179,-78.17,5893180,14555146,11895694,-0.043
5114,BGMS,Healthcare,Biotechnology,NASDAQ,55.06,13,4,6,3,0.92,5243483.134202957,5519456.0,0.024300002,-95.37,38459,140499,2868405,
5115,SILO,Healthcare,Biotechnology,NASDAQ,55.03,13,23,28,6,4.47,5485044.750685692,1128610.0,0.0178,-70.5,87951,293730,187997,0.0
5116,EAF,Industrials,Electrical Equipment & Parts,NYSE,55.02,13,20,19,86,7.44,180511831.64858437,26047884.0,0.0444,-63.39,406694,405841,340576,0.119
5117,WRD,Technology,Software - Application,NASDAQ,55.01,13,12,30,22,5.32,1968681014.859199,329210871.0,0.0425,-57.61,2282808,2467682,2751129,0.576
5118,IDN,Technology,Software - Application,NASDAQ,54.99,13,16,94,90,3.63,75537054.71626139,20251221.0,0.071100004,-60.02,252179,330876,487213,0.129
5119,SORA,Consumer Cyclical,Luxury Goods,NASDAQ,54.95,13,17,23,6,2.09,43014720.474243164,24864000.0,0.0004,-71.07,203945,79375,53005,-0.319
5120,JG,Technology,Software - Application,NASDAQ,54.88,13,7,27,26,4.8,23602027.907360077,5960108.0,0.0017,-59.32,11129,11953,8657,0.049
5121,BNC,Industrials,Farm & Heavy Construction Machinery,NASDAQ,54.85,13,12,5,10,2.79,120639383.24865103,41173850.0,0.0321,-96.63,170843,461524,429564,0.101
5122,ADMA,Healthcare,Biotechnology,NASDAQ,54.83,13,16,11,38,8.27,2018740356.4914274,231772715.0,0.1279,-59.58,2807619,3370523,3338705,0.159
5123,BGI,Consumer Cyclical,Luxury Goods,NYSE ARCA,54.78,13,14,18,37,0.52,10973025.326717377,19594688.0,0.0155,-66.88,339601,149200,373884,0.162
5124,UONE,Communication Services,Broadcasting,NASDAQ,54.77,13,9,4,34,5.15,22542049.516038895,4517445.0,0.092700005,-72.61,7103,20574,24692,-0.158
5125,TTEC,Technology,Information Technology Services,NASDAQ,54.76,13,13,22,29,2.12,105102107.13638234,48658381.0,0.2903,-61.52,375049,629859,566433,-0.071
5126,ASST,Financial Services,Asset Management,NASDAQ,54.75,13,12,21,26,11.49,987101971.8854151,83229511.0,0.2754,-95.44,2582597,4021159,4432687,0.94
5127,AVAV,Industrials,Aerospace & Defense,NASDAQ,54.74,13,10,19,72,149.51,7196461711.556549,50608030.0,0.1073,-64.22,1458839,2050896,1748207,1.333
5128,HCKT,Technology,Information Technology Services,NASDAQ,54.65,12,11,13,22,9.71,260453095.42351913,25188887.0,0.0677,-59.06,373962,360614,382790,-0.11
5129,DARE,Healthcare,Biotechnology,NASDAQ,54.61,12,53,43,18,1.28,29359824.491422653,14979502.0,0.0464,-66.14,278461,189063,267454,4.996
5130,JOBY,Industrials,Airports & Air Services,NYSE,54.56,12,26,19,34,6.93,7111737838.7214985,983642852.0,0.1521,-66.92,58967427,49203039,41452235,
5131,AIFF,Technology,Software - Application,NASDAQ,54.46,12,8,84,4,1.11,17946693.777928233,15605821.0,0.0525,-69.42,73945,129828,228787,10.279
5132,SWVL,Industrials,Railroads,NASDAQ,54.44,12,16,23,8,1.4,14747229.310054779,9964344.0,0.0032,-67.85,11422,35044,30756,
5133,NVNO,Healthcare,Medical Devices,NASDAQ,54.42,12,14,11,2,10.39,7207486.905939102,667669.0,0.0163,-94.37,38933,19224,15354,
5134,KBSX,Consumer Cyclical,Leisure,NASDAQ,54.39,12,10,27,11,0.87,38498763.22038281,44766003.0,0.0095,-52.33,10286,18845,22235,0.362
5135,SOUN,Technology,Software - Application,NASDAQ,54.39,12,16,18,13,6.16,2731677100.2901745,435674180.0,0.4107,-72.21,36907566,29999225,28118197,0.517
5136,AIRO,Industrials,Aerospace & Defense,NASDAQ,54.35,12,9,8,8,6.8,205340061.91755867,31445644.0,0.1311,-73.75,426119,449233,577695,-0.245
5137,BRFH,Consumer Defensive,Beverages - Non-Alcoholic,NASDAQ,54.34,12,15,23,33,1.75,29865477.234891057,16143501.0,0.002,-71.22,6760,6890,8700,0.922
5138,SNOA,Healthcare,Drug Manufacturers - Specialty & Generic,NASDAQ,54.32,12,4,3,36,1.14,5790819.39256382,4785801.0,0.0173,-83.53,37736,133592,134477,0.481
5139,SPRY,Healthcare,Biotechnology,NASDAQ,54.29,12,20,15,24,5.94,695122834.0,99303262.0,0.3158,-68.12,2562468,2157752,2026493,1.845
5140,BQ,Consumer Cyclical,Specialty Retail,NYSE ARCA,54.24,12,12,3,5,0.84,6375986.661387086,7379614.0,0.023699999,-98.5,1139484,598461,1548258,-0.031
5141,ARQ,Industrials,Pollution & Treatment Controls,NASDAQ,54.23,12,12,8,12,2.03,88428089.02373981,42926258.0,0.0162,-74.27,215550,405370,345022,0.066
5142,INVZ,Consumer Cyclical,Auto Parts,NASDAQ,54.19,12,11,11,16,0.61,132819205.67776084,221365334.0,0.1018,-75.98,1285332,2634577,3125390,-0.59
5143,CRCL,Financial Services,Capital Markets,NYSE,54.13,12,11,39,10,62.36,15028906546.221848,248576030.0,0.0971,-73.11,12124004,13787644,14021624,0.2
5144,METCB,Basic Materials,Coking Coal,NASDAQ,54.09,12,26,24,75,7.27,522488328.0,65311041.0,0.031,-66.33,50164,73875,57615,-0.097
5145,LAC,Basic Materials,Other Industrial Metals & Mining,NYSE,54.08,12,37,75,85,2.81,1035634326.8399634,351062478.0,0.081499994,-73.29,10350782,9655700,10929906,
5146,OGEN,Healthcare,Biotechnology,NYSE ARCA,54.06,12,12,7,6,0.51,2481576.403786719,4511957.0,0.172,-65.77,24256,35025,42901,
5147,PLAY,Communication Services,Entertainment,NASDAQ,54.04,12,18,9,34,9.87,354496777.26208305,34788694.0,0.4259,-72.1,1571356,1919612,1804393,-0.015
5148,ZTS,Healthcare,Drug Manufacturers - Specialty & Generic,NYSE,53.93,12,10,26,22,75.35,32096103690.573853,419228118.0,0.0429,-53.05,5827554,6630214,7031896,0.029
5149,CNF,Financial Services,Mortgage Finance,NYSE,53.93,12,12,6,26,2.39,49225992.00617981,16858216.0,0.0007,-72.84,72293,27211,19134,
5150,PCT,Industrials,Pollution & Treatment Controls,NASDAQ,53.92,12,37,14,35,5.85,1213337605.0635338,200717550.0,0.36540002,-66.15,4114347,6156292,5840599,1.612
5151,BTAI,Healthcare,Drug Manufacturers - Specialty & Generic,NASDAQ,53.91,12,17,10,19,0.85,27388436.38590306,30877605.0,0.120799996,-89.48,1084339,1200556,985135,0.226
5152,CISO,Technology,Software - Infrastructure,NASDAQ,53.89,12,6,5,8,0.26,12008033.656787515,45313337.0,0.045,-82.43,170337,1060385,808419,-0.132
5153,CBAT,Industrials,Electrical Equipment & Parts,NASDAQ,53.87,12,15,37,27,0.52,47868753.34213328,88645836.0,0.0031,-58.06,123190,161466,153996,0.993
5154,BMBL,Communication Services,Internet Content & Information,NASDAQ,53.85,12,15,32,9,2.81,380859020.5111084,130431168.0,0.1534,-67.48,2005862,3617814,3286476,-0.141
5155,CVRX,Healthcare,Medical Devices,NASDAQ,53.84,12,14,34,15,4.74,130291480.99093628,26535944.0,0.097200006,-58.05,266120,286516,323232,0.196
5156,AISP,Technology,Software - Infrastructure,NASDAQ,53.82,12,22,10,14,2.01,68879124.0,34439562.0,0.1369,-72.08,292845,559151,629285,0.155
5157,ATGL,Technology,Software - Infrastructure,NASDAQ,53.78,12,9,11,61,10.11,163143372.48802185,16462500.0,0.0032,-79.78,12998,5506,4689,-0.314
5158,NTHI,Healthcare,Biotechnology,NASDAQ,53.78,12,13,10,77,3.43,89724253.88922215,25931865.0,0.0361,-73.6,83382,107984,84922,
5159,NCPL,Financial Services,Capital Markets,NASDAQ,53.72,12,17,3,3,0.4,3296117.477090329,7847899.0,0.0155,-88.98,63913,166897,4457708,-0.382
5160,MTEK,Technology,Electronic Components,NASDAQ,53.66,12,11,11,19,1.0,10429300.0,10429300.0,0.0596,-76.58,35510,316276,605078,-0.762
5161,SOBR,Technology,Scientific & Technical Instruments,NASDAQ,53.61,12,10,2,3,0.6,2212076.1601685286,2876562.0,0.0138,-86.67,48802945,16693991,10203775,-0.088
5162,SUPX,Technology,Software - Infrastructure,NASDAQ,53.59,12,11,6,82,7.05,326065043.8903456,43244701.0,0.0179,-90.78,132792,195000,247488,2.838
5163,CHR,Communication Services,Advertising Agencies,NASDAQ,53.59,12,3,1,0,1.97,3358724.556797862,1845453.0,0.056500003,-99.37,89116,183788,219843,0.022
5164,ABR,Real Estate,REIT - Mortgage,NYSE,53.52,12,11,29,15,4.99,996430998.519011,192361203.0,0.0004,-60.33,3065829,3776853,4226567,-0.103
5165,ESLA,Healthcare,Biotechnology,NASDAQ,53.52,12,25,82,22,0.78,36148750.391382456,43034228.0,0.0053,-75.24,56209,46413,43227,
5166,NA,Technology,Semiconductors,NASDAQ,53.52,12,5,5,12,1.93,41088938.85722637,23214090.0,0.0721,-76.94,28490,95173,107524,0.181
5167,GLMD,Healthcare,Biotechnology,NASDAQ,53.37,12,13,8,6,0.51,4195504.433312416,7684074.0,0.0099,-75.6,1540063,621511,878300,
5168,TLSA,Healthcare,Biotechnology,NASDAQ,53.36,12,18,19,64,0.89,136167276.84500706,127259131.0,0.0431,-65.77,356880,252753,261732,
5169,CLIR,Industrials,Pollution & Treatment Controls,NASDAQ,53.36,12,14,25,20,3.49,22832986.37816906,6307455.0,0.0041,-68.84,15237,14422,17159,-0.524
5170,AEI,Real Estate,Real Estate - Development,NASDAQ,53.35,12,16,22,97,1.09,46286039.925637245,38895830.0,0.0273,-76.04,10306,20838,17975,-0.082
5171,FKWL,Technology,Communication Equipment,NASDAQ,53.34,12,11,23,25,2.34,27928742.25139618,11784280.0,0.0032,-57.3,22736,30508,38853,-0.57
5172,TGE,Financial Services,Asset Management,NYSE,53.32,12,15,6,6,0.89,45553405.684459805,48461070.0,0.0166,-86.3,28524,686521,424366,-0.745
5173,WING,Consumer Cyclical,Restaurants,NASDAQ,53.29,12,20,14,44,135.2,3876009318.354294,27232553.0,0.1542,-64.56,1011582,1117020,1190216,0.074
5174,AUST,Basic Materials,Gold,NYSE ARCA,53.27,12,16,19,86,0.95,13829930.879413366,13693001.0,0.0116,-75.77,31854,73564,93100,
5175,STFS,Communication Services,Advertising Agencies,NASDAQ,53.22,12,97,8,3,3.44,10911113.049850464,1193776.0,0.0504,-96.69,194383,119884,163804,0.331
5176,ARBE,Technology,Scientific & Technical Instruments,NASDAQ,53.22,12,15,8,16,0.68,89043714.76313096,122649743.0,0.0813,-76.39,1896820,1790043,3062006,10.525
5177,MDCX,Healthcare,Drug Manufacturers - General,NASDAQ,53.19,12,7,1,5,0.37,21303468.934548616,56658164.0,0.0195,-88.18,1276906,1653258,1953033,
5178,FMC,Basic Materials,Agricultural Inputs,NYSE,53.17,12,10,12,12,11.3,1403790885.797018,125226662.0,0.275,-74.3,3181179,4549826,3935421,-0.041
5179,WKHS,Consumer Cyclical,Auto Manufacturers,NASDAQ,53.12,12,8,3,3,2.71,28649643.246650696,10893400.0,0.1814,-90.31,79448,115696,144915,2.781
5180,BDTX,Healthcare,Biotechnology,NASDAQ,53.09,12,14,60,31,1.76,102570173.2741108,57301774.0,0.113000005,-64.37,669584,1727741,1898378,
5181,ORCL,Technology,Software - Infrastructure,NYSE,53.06,12,23,28,21,114.99,364120349658.59985,2880471000.0,0.024400001,-66.74,41512124,36849944,31340960,0.206
5182,NUS,Consumer Defensive,Household & Personal Products,NYSE,53.05,12,10,27,82,5.08,254404834.20766258,48550543.0,0.0799,-65.25,567889,767779,742215,-0.12
5183,ODD,Consumer Defensive,Household & Personal Products,NASDAQ,52.82,12,8,4,12,15.34,752983379.240242,46124554.0,0.39080003,-79.67,723548,1323146,1597053,-0.262
5184,LBRDA,Communication Services,Telecom Services,NASDAQ,52.77,12,8,19,19,28.87,4439558478.825943,143861257.0,0.0269,-68.29,248458,244282,225793,
5185,NTRB,Healthcare,Biotechnology,NASDAQ,52.76,11,11,13,14,2.98,37805105.854786634,12155983.0,0.0292,-67.63,13360,13673,12394,-0.351
5186,FLY,Industrials,Aerospace & Defense,NASDAQ,52.76,11,18,35,13,19.69,3164812706.770916,164235217.0,0.13430001,-73.32,3525310,5672210,7036080,0.448
5187,LBRDK,Communication Services,Telecom Services,NASDAQ,52.71,11,8,18,18,28.89,4429775045.528088,143497730.0,0.0332,-68.53,1825589,1818413,1984181,
5188,ARCT,Healthcare,Biotechnology,NASDAQ,52.71,11,18,32,12,5.53,171959572.87127018,28423069.0,0.29770002,-77.12,509952,517014,480656,-0.93
5189,NTRP,Consumer Cyclical,Travel Services,NASDAQ,52.69,11,13,22,25,1.75,28756917.66818762,14823153.0,0.0095,-66.35,743165,292618,193409,9.457
5190,SBET,Financial Services,Capital Markets,NASDAQ,52.63,11,7,34,73,5.81,1192188941.031763,210262597.0,0.1522,-83.06,8329399,10311693,9184245,15.251
5191,CD,Financial Services,Capital Markets,NASDAQ,52.62,11,27,20,23,2.94,246275772.42364883,79443800.0,0.067600004,-92.0,157178,350472,295497,19.249
5192,UCL,Communication Services,Telecom Services,NASDAQ,52.61,11,8,15,26,0.92,35044870.63573301,38092250.0,0.00029999999,-78.04,4357,7252,15859,-0.101
5193,NEOV,Industrials,Electrical Equipment & Parts,NASDAQ,52.6,11,6,15,54,2.15,115852546.770087,54906423.0,0.0769,-69.85,973920,3816666,2905862,0.005
5194,INSG,Technology,Communication Equipment,NASDAQ,52.59,11,30,89,51,6.66,121912531.70455742,16276707.0,0.13159999,-69.59,248318,245032,334377,0.084
5195,INTU,Technology,Software - Application,NASDAQ,52.55,11,5,13,18,296.33,79623884328.27759,273537000.0,0.061100002,-63.58,4042625,5020638,5830765,0.104
5196,APRE,Healthcare,Biotechnology,NASDAQ,52.53,11,22,19,6,0.63,8791770.694294453,12382776.0,0.0067000003,-71.62,48596,85355,108151,
5197,OSRH,Healthcare,Biotechnology,NASDAQ,52.47,11,8,37,12,0.42,16394032.932829857,35104995.0,0.10560001,-66.13,1099249,767179,943547,-0.364
5198,EMPD,Consumer Cyclical,Auto Manufacturers,NASDAQ,52.45,11,14,17,10,3.35,96417682.60655236,28110111.0,0.1294,-82.37,337320,454840,342538,-0.512
5199,ATXG,Industrials,Integrated Freight & Logistics,NASDAQ,52.45,11,10,21,10,3.7,3651279.8606538773,1031435.0,0.018,-81.03,4500,7910,11326,0.686
5200,BTOC,Industrials,Integrated Freight & Logistics,NASDAQ,52.39,11,12,5,7,0.26,11769757.61268264,45443079.0,0.0209,-85.39,87545,91288,221103,-0.091
5201,NAMM,Basic Materials,Gold,NASDAQ,52.39,11,20,5,36,1.52,77910196.65227091,54482657.0,0.16,-83.0,302825,348101,1321193,0.051
5202,TNXP,Healthcare,Biotechnology,NASDAQ,52.33,11,12,11,17,9.88,198141675.29468536,15940601.0,0.225,-85.88,587594,565388,546076,1.832
5203,ATPC,Consumer Defensive,Packaged Foods,NASDAQ,52.29,11,13,2,0,2.46,3071921.753201008,1000626.0,0.0159,-96.68,4527465,4095525,4988537,-0.053
5204,DOCS,Healthcare,Health Information Services,NYSE,52.28,11,8,7,11,20.42,3868296349.1646423,179753544.0,0.1528,-73.31,2574595,3195875,4268307,0.051
5205,BUR,Financial Services,Asset Management,NYSE,52.25,11,5,6,23,4.14,858751731.5136623,219069315.0,0.078,-70.91,1915772,2153894,2333126,
5206,CNEY,Basic Materials,Specialty Chemicals,NASDAQ,52.24,11,22,7,5,0.58,5594655.221445978,8203307.0,0.04,-80.34,10100872,3918557,3217472,-0.024
5207,ABAT,Industrials,Waste Management,NASDAQ,52.24,11,54,79,93,2.21,321937990.929559,136414409.0,0.1699,-80.77,2800544,3939421,6412898,6.971
5208,PEGA,Technology,Software - Application,NASDAQ,52.22,11,9,14,19,26.82,5374452174.660114,167116051.0,0.18120001,-60.62,4932778,3197646,2629635,-0.096
5209,DFSC,Industrials,Aerospace & Defense,NASDAQ,52.2,11,23,23,5,1.51,4986601.852715492,2666632.0,0.0537,-82.24,38206,79668,81781,0.677
5210,EHGO,Industrials,Business Equipment & Supplies,NASDAQ,52.17,11,46,4,5,2.09,6100120.483829141,3227577.0,0.085,-84.49,11751814,15486058,9335256,0.161
5211,RENT,Consumer Cyclical,Apparel Retail,NASDAQ,52.15,11,9,28,89,3.01,106133118.52274632,33586429.0,0.2771,-70.29,55346,97035,102691,0.292
5212,CHTR,Communication Services,Telecom Services,NASDAQ,52.14,11,7,18,17,123.31,18546601777.55249,141178370.0,0.436,-69.34,3240161,3726293,3504618,-0.01
5213,GCL,Communication Services,Electronic Gaming & Multimedia,NASDAQ,52.04,11,5,3,6,0.51,52995603.62187341,128008703.0,0.0055,-88.64,113067,102165,3454463,0.939
5214,MREO,Healthcare,Biotechnology,NASDAQ,52.03,11,5,4,1,0.29,49481769.17056042,159618609.0,0.045300003,-87.76,652887,1361972,3575131,
5215,TIGR,Financial Services,Capital Markets,NASDAQ,52.01,11,9,18,31,4.73,823810071.0691123,178700661.0,0.0624,-65.09,1772965,2176058,4990921,0.271
5216,GDHG,Consumer Cyclical,Leisure,NASDAQ,51.99,11,5,6,2,1.48,27243649.486561418,20032095.0,0.0005,-89.93,89189,786033,473661,-0.482
5217,PTN,Healthcare,Biotechnology,NASDAQ,51.93,11,21,96,92,7.71,16173610.02149582,1779275.0,0.1079,-75.13,12242,19444,17424,
5218,ALDX,Healthcare,Biotechnology,NASDAQ,51.89,11,11,4,76,1.52,101942608.3715992,60321068.0,0.097200006,-75.38,1275782,1786464,1496304,
5219,AIIR,Consumer Defensive,Tobacco,NASDAQ,51.88,11,12,42,34,5.92,970338972.6913166,160386602.0,0.0004,-61.3,17310,10963,82280,
5220,TTGT,Technology,Information Technology Services,NASDAQ,51.83,11,17,32,16,3.4,268953930.02850366,72299443.0,0.1587,-62.22,355729,407643,424823,0.021
5221,COOT,Consumer Defensive,Packaged Foods,NASDAQ,51.81,11,38,25,17,0.4,12899430.822074533,30068604.0,0.0066000004,-91.11,178267,138142,117897,0.098
5222,STXS,Healthcare,Medical Instruments & Supplies,NYSE ARCA,51.77,11,17,19,27,1.29,154118332.00875163,99431185.0,0.051799998,-64.07,1918332,1050424,787558,-0.158
5223,YCBD,Healthcare,Drug Manufacturers - Specialty & Generic,NYSE ARCA,51.69,11,23,36,26,0.54,5983813.754913032,10497919.0,0.055999998,-78.91,290863,202264,204274,0.188
5224,SIGA,Healthcare,Drug Manufacturers - Specialty & Generic,NASDAQ,51.66,11,17,20,44,3.11,246730897.78408575,71724097.0,0.0747,-67.67,588058,623946,567031,-0.113
5225,TWG,Consumer Defensive,Food Distribution,NASDAQ,51.56,11,6,11,8,2.48,65819572.73148918,25913218.0,0.0058999998,-90.59,14476,26022,34473,13.264
5226,VWAV,Industrials,Aerospace & Defense,NASDAQ,51.46,11,16,25,93,2.96,96813061.92695689,27582069.0,0.051599998,-81.27,521457,981565,793429,
5227,HOLO,Technology,Electronic Components,NASDAQ,51.46,11,7,6,5,1.53,34139416.61850929,22912360.0,0.0466,-78.39,301113,379284,534536,0.51
5228,QNRX,Healthcare,Biotechnology,NASDAQ,51.43,11,6,12,21,4.28,8515691.8603096,2008418.0,0.1309,-89.76,13365,470885,295631,
5229,MSC,Consumer Cyclical,Resorts & Casinos,NYSE,51.4,11,13,16,18,1.83,315844604.24500406,192588175.0,0.00029999999,-72.4,2600,15576,11008,0.093
5230,FWDI,Consumer Cyclical,Footwear & Accessories,NASDAQ,51.39,11,8,8,15,3.89,296488027.41326857,73753241.0,0.071,-91.54,910369,1526459,1341363,3.15
5231,SLI,Basic Materials,Other Industrial Metals & Mining,NYSE ARCA,51.37,11,34,78,95,2.12,551121500.3943787,243859072.0,1.1,-66.88,1614175,1867518,1778981,
5232,TWAV,Financial Services,Asset Management,NASDAQ,51.33,11,9,16,7,1.25,4043694.181678176,3456149.0,0.0186,-77.27,37389,107666,1489465,0.137
5233,LFT,Real Estate,REIT - Mortgage,NYSE,51.32,11,16,19,15,0.8,48768700.96507627,52439463.0,0.016,-67.21,225558,360952,282991,2.085
5234,LU,Financial Services,Credit Services,NYSE,51.31,11,7,14,36,1.38,1204697547.481916,866688892.0,3.03,-69.8,518283,1003571,1131096,-0.195
5235,AIFA,Technology,Software - Infrastructure,NASDAQ,51.27,11,24,35,3,1.92,13073917.745896101,6377521.0,0.0535,-85.96,15006,62188,131097,-0.317
5236,BKKT,Technology,Software - Infrastructure,NYSE,51.27,11,17,13,29,7.44,324125199.0,44706924.0,0.2871,-85.06,944601,1289047,1759752,-0.771
5237,GLOB,Technology,Information Technology Services,NYSE,51.26,11,6,8,19,31.3,1391677070.113968,43179556.0,0.28120002,-66.83,1512727,2136349,2116579,-0.007
5238,ATLX,Basic Materials,Other Industrial Metals & Mining,NASDAQ,51.23,11,23,28,38,2.79,89652295.35501194,29490887.0,0.1108,-66.18,408367,439645,624101,1.955
5239,LOT,Consumer Cyclical,Auto Manufacturers,NASDAQ,51.19,11,16,27,12,0.87,661097089.9178171,648134414.0,0.0039,-65.2,92703,94121,96394,-0.398
5240,LSTA,Healthcare,Biotechnology,NASDAQ,51.19,11,66,45,93,1.67,32783006.73154688,9106391.0,0.0139,-67.06,132658,63329,125837,
5241,IPX,Basic Materials,Other Industrial Metals & Mining,NASDAQ,51.17,11,31,22,90,21.56,830735575.9200459,36213407.0,0.026400002,-64.91,319876,351875,302745,
5242,AFJK,Financial Services,Shell Companies,NASDAQ,51.15,11,90,98,99,11.76,37995984.0,3166332.0,0.0038,-90.98,24602,22860,14734,
5243,FGNX,Financial Services,Asset Management,NASDAQ,51.12,11,6,3,5,6.55,34820064.314721584,5736419.0,0.0531,-96.82,128849,128439,132609,-0.025
5244,MCRP,Technology,Computer Hardware,NYSE ARCA,51.11,10,26,41,90,1.28,40819481.49275029,34888447.0,0.015800001,-72.26,242367,910459,606245,0.8
5245,TMC,Basic Materials,Other Industrial Metals & Mining,NASDAQ,51.11,10,19,26,94,3.67,1620247060.2515187,433221138.0,0.103199996,-67.67,3662542,4670474,5319896,
5246,GAME,Communication Services,Electronic Gaming & Multimedia,NASDAQ,51.11,10,36,48,8,0.36,36065053.23581579,103043011.0,0.035099998,-77.91,887165,903955,1302475,0.95
5247,SHAK,Consumer Cyclical,Restaurants,NYSE,51.08,10,10,53,26,57.1,2340342456.0,40350732.0,0.1114,-59.85,1718393,1885197,2198316,0.143
5248,TAOX,Technology,Software - Infrastructure,NASDAQ,50.95,10,13,58,34,3.29,25852881.545031548,7471931.0,0.0519,-69.25,90778,101316,118053,
5249,USBC,Technology,Scientific & Technical Instruments,NYSE ARCA,50.87,10,8,7,6,0.32,131969107.58811265,388144430.0,0.022,-89.54,213945,289338,668411,
5250,RETO,Basic Materials,Building Materials,NASDAQ,50.76,10,3,2,1,2.74,25070877.6831007,8469891.0,0.003,-95.19,8398,8456,42158,1.189
5251,TMS,Financial Services,Financial Conglomerates,NASDAQ,50.71,10,49,49,41,5.74,440552928.64188194,71985774.0,0.16,-56.52,91507,118269,281107,0.18
5252,ACON,Healthcare,Health Information Services,NASDAQ,50.63,10,9,12,4,2.42,6352604.812145233,2462250.0,0.0222,-79.88,36272,59290,69550,0.113
5253,SMPL,Consumer Defensive,Packaged Foods,NASDAQ,50.57,10,12,10,15,10.22,979928566.8124714,88441207.0,0.1301,-69.47,2724515,2622691,2440509,-0.063
5254,COE,Consumer Defensive,Education & Training Services,NYSE ARCA,50.53,10,9,58,25,16.08,95996890.95006943,6007315.0,0.0075,-71.35,23920,19930,14682,0.709
5255,GEMI,Financial Services,Capital Markets,NASDAQ,50.52,10,6,3,4,4.29,529753397.3345423,126432790.0,0.205,-90.65,971276,1458085,2034861,0.423
5256,SUIG,Financial Services,Credit Services,NASDAQ,50.52,10,13,16,11,0.99,91416999.61423874,80900000.0,0.0066000004,-88.57,264359,308133,344721,-0.237
5257,MFI,Technology,Software - Application,NASDAQ,50.5,10,10,26,89,8.3,416464835.070405,50176485.0,0.0007,-86.33,7477,16892,12549,0.378
5258,BSX,Healthcare,Medical Devices,NYSE,50.43,10,7,10,28,44.25,65444216716.97159,1486355179.0,0.0188,-59.59,16527802,19039437,20460472,0.116
5259,LCFY,Communication Services,Internet Content & Information,NASDAQ,50.39,10,33,58,10,2.58,4551609.098528624,1799055.0,0.0064999997,-66.71,11300,12110,14204,0.47
5260,WLDS,Technology,Consumer Electronics,NASDAQ,50.37,10,2,2,6,3.53,2911993.863961816,2189469.0,0.0277,-96.56,5721659,2259108,1387167,1.758
5261,WHR,Consumer Cyclical,"Furnishings, Fixtures & Appliances",NYSE,50.36,10,9,16,47,37.27,2478836255.8434563,64823121.0,0.0017,-62.91,2122709,2466396,2619175,-0.096
5262,MTVA,Healthcare,Biotechnology,NASDAQ,50.36,10,9,5,2,1.48,8831072.897005081,5164370.0,0.0366,-92.22,1026842,506260,4812114,
5263,EVO,Healthcare,Drug Manufacturers - Specialty & Generic,NASDAQ,50.34,10,28,18,25,1.94,696168607.2293491,355188058.0,0.0002,-56.11,87839,52216,46901,-0.217
5264,ASPI,Basic Materials,Chemicals,NASDAQ,50.27,10,54,15,21,3.87,487875857.125,125903447.0,0.21040002,-73.29,4317207,4430109,5225001,2.793
5265,BBAI,Technology,Information Technology Services,NYSE,50.26,10,18,18,40,2.76,1360216396.891439,478949450.0,0.2928,-70.61,24176886,27497585,36269101,-0.009
5266,RNTX,Healthcare,Biotechnology,NASDAQ,50.24,10,16,41,24,0.79,73734644.60508347,85539032.0,0.0105,-63.76,481498,563809,536809,
5267,TCRX,Healthcare,Biotechnology,NASDAQ,50.23,10,16,29,9,0.79,59795998.957276404,65350817.0,0.015800001,-69.26,714432,835030,685166,-0.548
5268,HCWB,Healthcare,Biotechnology,NASDAQ,50.1,10,87,1,1,2.5,6387392.0,1596848.0,0.0278,-94.33,63500,116079,2525589,1290.807
5269,BMR,Technology,Software - Application,NASDAQ,50.1,10,13,24,16,1.24,19101721.946208477,15529855.0,0.0214,-67.79,94208,71399,83833,-0.018
5270,EPSM,Consumer Defensive,Beverages - Wineries & Distilleries,NASDAQ,50.05,10,6,4,1,1.36,15973411.228072166,13423034.0,0.0255,-99.12,15670,72226,1574288,-0.616
5271,TVRD,Healthcare,Biotechnology,NASDAQ,50.05,10,5,7,6,2.51,30020304.44733739,9381345.0,0.0544,-94.25,1122869,4640619,2805817,
5272,ELBM,Basic Materials,Other Industrial Metals & Mining,NASDAQ,49.96,10,15,7,15,0.5,53493713.50732863,106773882.0,0.0091,-94.25,297165,401518,622333,
5273,SQFT,Real Estate,REIT - Diversified,NASDAQ,49.94,10,21,22,5,2.3,3038065.4325807095,1309511.0,0.042,-78.03,3590,7156,8914,-0.085
5274,SVRE,Technology,Scientific & Technical Instruments,NASDAQ,49.92,10,10,6,0,3.56,5319363.2792646885,1662301.0,0.0037,-90.11,122894,1018288,619950,-0.783
5275,EVGN,Healthcare,Biotechnology,NASDAQ,49.83,10,4,15,20,0.54,7625807.852281451,12104457.0,0.0173,-64.0,347831,2570147,2114344,-0.863
5276,BRR,Financial Services,Capital Markets,NASDAQ,49.8,10,4,4,2,1.78,181147048.0,90573524.0,0.0194,-83.36,1394693,949141,1293580,
5277,SCYX,Healthcare,Drug Manufacturers - Specialty & Generic,NASDAQ,49.76,10,10,78,27,3.73,42402504.640594006,9930329.0,0.039100002,-64.41,60940,83813,76488,
5278,BGIN,Technology,Computer Hardware,NASDAQ,49.75,10,11,34,13,2.0,216315912.50251985,113135941.0,0.0036000002,-69.23,4348,5822,11295,-0.875
5279,AURE,Financial Services,Capital Markets,NASDAQ,49.75,10,24,12,11,1.7,65871998.596191406,36800000.0,0.001,-88.36,180534,86314,61316,
5280,PRCT,Healthcare,Medical Devices,NASDAQ,49.63,10,13,11,12,16.69,1093980142.5969315,56918844.0,0.1384,-72.45,1586598,1791056,1600391,0.202
5281,PLCE,Consumer Cyclical,Apparel Manufacturing,NASDAQ,49.61,10,16,12,12,2.41,65821719.16827679,22237067.0,0.3323,-74.79,299422,339157,536382,-0.111
5282,BRBR,Consumer Defensive,Packaged Foods,NYSE,49.48,10,6,7,9,12.95,1409287528.693056,116277850.0,0.1745,-78.09,3481801,5998030,5430164,0.018
5283,RR,Industrials,Specialty Industrial Machinery,NASDAQ,49.46,10,18,19,82,1.55,357753562.1309434,223595973.0,0.2898,-79.14,5757260,8234126,11103124,-0.088
5284,MNTS,Industrials,Aerospace & Defense,NASDAQ,49.45,10,57,5,2,4.71,93425643.11852932,18835815.0,0.0575,-89.19,965557,3113952,6293925,8.984
5285,YSXT,Industrials,Specialty Business Services,NASDAQ,49.39,10,12,10,3,0.86,27100125.760138035,31882500.0,0.0002,-83.17,308313,350137,215646,0.137
5286,HYPD,Healthcare,Biotechnology,NASDAQ,49.37,10,11,84,70,2.51,41532226.92455554,15157747.0,0.0921,-83.27,217972,528030,564858,15.595
5287,MBIO,Healthcare,Biotechnology,NASDAQ,49.3,10,15,11,11,0.56,4758673.298982382,7577505.0,0.0152,-74.43,28031,42177,154604,
5288,NMG,Basic Materials,Other Industrial Metals & Mining,NYSE,49.29,10,13,34,56,1.26,467342334.47594523,329114330.0,2.87,-79.21,592435,661298,900023,
5289,BMNR,Financial Services,Capital Markets,NYSE,49.23,10,47,56,92,15.79,9464621868.736132,603226394.0,0.08140001,-77.99,35821057,37691085,37462933,21.678
5290,NHTC,Consumer Cyclical,Internet Retail,NASDAQ,49.22,10,8,19,27,1.8,16383691.3036834,8577849.0,0.002,-64.71,20106,45542,39737,-0.143
5291,AMBR,Technology,Software - Infrastructure,NASDAQ,49.18,10,7,14,17,1.46,132928100.763224,94275251.0,0.012,-82.24,13432,31504,42484,-0.329
5292,BLSH,Technology,Software - Infrastructure,NYSE,49.15,10,6,25,7,23.96,3398439410.720299,151648346.0,0.1824,-79.69,1323811,1573317,1624996,0.655
5293,HUIZ,Financial Services,Insurance Brokers,NASDAQ,49.07,10,7,15,17,1.17,12834716.327241898,10106076.0,0.0136,-74.17,10373,12927,13258,0.577
5294,KMRK,Consumer Cyclical,Leisure,NASDAQ,49.06,10,10,93,42,0.99,22577001.106739044,21100000.0,0.038900003,-84.98,63702,1390464,1005770,-0.123
5295,BMGL,Healthcare,Medical Care Facilities,NASDAQ,49.04,10,12,7,3,5.79,8234425.1583099365,1565480.0,0.0177,-80.45,45251,30330,76363,0.671
5296,SXTP,Healthcare,Biotechnology,NASDAQ,48.98,10,12,2,10,1.48,4015524.8546390533,2659288.0,0.042600002,-82.83,35273,121771,94124,-0.368
5297,PONY,Technology,Information Technology Services,NASDAQ,48.82,10,8,16,46,7.13,2893194609.613743,434413615.0,0.0846,-71.39,3421700,3799703,4513180,1.45
5298,GEOS,Energy,Oil & Gas Equipment & Services,NASDAQ,48.82,10,5,18,76,7.08,87962102.86727047,12935603.0,0.0356,-76.31,85671,126680,152586,0.095
5299,BLNK,Industrials,Engineering & Construction,NASDAQ,48.81,10,19,24,12,0.52,79168924.57197392,143682259.0,0.1168,-80.38,991610,1777076,1913042,0.003
5300,WIX,Technology,Software - Infrastructure,NASDAQ,48.77,10,3,13,9,51.41,2153157372.878643,41849511.0,0.2728,-73.07,1176200,1369393,1891532,0.143
5301,ABTS,Financial Services,Capital Markets,NASDAQ,48.77,10,4,3,97,1.14,3524122.0994553566,2961447.0,0.0365,-89.5,19001,65593,2570754,0.688
5302,AKAN,Healthcare,Drug Manufacturers - Specialty & Generic,NASDAQ,48.71,10,96,70,0,7.73,4970328.563054085,540841.0,0.033800002,-96.31,608735,410261,440461,
5303,MWG,Industrials,Rental & Leasing Services,NYSE ARCA,48.66,10,10,19,19,1.27,7147413.286442757,5142024.0,0.0153,-79.01,7531,14070,37352,0.08
5304,ALGS,Healthcare,Biotechnology,NASDAQ,48.65,9,13,25,31,4.08,35520398.60362816,6188223.0,0.1035,-70.2,101161,225447,185568,8.1
5305,SLSN,Consumer Defensive,Household & Personal Products,NASDAQ,48.65,9,13,11,6,0.94,55093305.07918954,70632445.0,0.019,-79.34,227453,177624,120536,-0.114
5306,SKYA,Technology,Software - Infrastructure,NASDAQ,48.51,9,4,7,4,1.39,49093713.46734524,42322168.0,0.0150999995,-92.38,118334,275344,275922,
5307,GFAI,Industrials,Security & Protection Services,NASDAQ,48.49,9,8,14,7,0.35,12218913.519957483,31250418.0,0.0327,-76.51,168401,308570,1289850,
5308,CRGO,Industrials,Integrated Freight & Logistics,NASDAQ,48.47,9,13,23,14,1.26,64604372.5,51683498.0,0.0038,-70.28,59026,53962,75443,0.03
5309,ANGI,Communication Services,Internet Content & Information,NASDAQ,48.35,9,7,9,28,5.53,247541853.29109192,40448016.0,0.1269,-71.52,511429,793186,1030211,-0.032
5310,STKE,Financial Services,Capital Markets,NASDAQ,48.25,9,7,6,2,1.06,42265493.41607988,38423175.0,0.0076,-92.23,152105,366131,313671,
5311,FNUC,Basic Materials,Other Industrial Metals & Mining,NASDAQ,48.25,9,8,9,15,1.66,42635701.205495596,26318334.0,0.043899998,-77.66,205463,357154,469012,
5312,NVNI,Technology,Software - Application,NASDAQ,48.16,9,6,10,4,1.13,18473570.641771913,11692133.0,0.056999996,-93.11,193877,177159,639373,-0.025
5313,MMA,Consumer Cyclical,Leisure,NYSE ARCA,48.14,9,14,14,14,0.5,12182429.080995888,26483541.0,0.0396,-83.71,101571,673160,1038222,
5314,YSS,Industrials,Aerospace & Defense,NYSE,48.12,9,28,35,42,17.06,2355966807.649498,131398035.0,0.1145,-61.7,1002098,1408919,1752265,0.095
5315,EVMN,Healthcare,Biotechnology,NYSE,48.1,9,66,78,26,11.36,437263060.585927,36018373.0,0.19709998,-65.78,607363,1165294,863960,
5316,NAGE,Healthcare,Biotechnology,NASDAQ,48.0,9,7,14,22,3.21,261233390.28135753,79644327.0,0.0847,-71.57,757251,719640,796476,0.033
5317,ZG,Communication Services,Internet Content & Information,NASDAQ,47.95,9,7,13,24,30.68,7712908805.625687,228801810.0,0.1539,-65.99,1004634,1311174,1266728,0.184
5318,EJH,Consumer Cyclical,Personal Services,NASDAQ,47.91,9,3,0,6,1.93,5840281.202595234,3200154.0,0.0032,-97.13,11051,10863,18370,-0.003
5319,SKYE,Healthcare,Biotechnology,NASDAQ,47.88,9,15,12,7,0.65,22808275.192569852,35143722.0,0.038,-86.97,125874,126831,152810,
5320,HCWC,Consumer Defensive,Packaged Foods,NYSE ARCA,47.87,9,9,13,7,0.18,5078793.89449048,26590544.0,0.0272,-81.63,253225,706451,3055639,-0.099
5321,CWH,Consumer Cyclical,Auto & Truck Dealerships,NYSE,47.81,9,17,6,31,5.71,392552254.2161064,63519784.0,0.17899999,-70.54,2507246,2356192,2380039,-0.042
5322,CTXR,Healthcare,Biotechnology,NASDAQ,47.78,9,10,13,9,0.52,13616474.497463107,27452570.0,0.1767,-76.26,444141,289337,455678,
5323,VIOT,Consumer Cyclical,"Furnishings, Fixtures & Appliances",NASDAQ,47.73,9,9,11,13,0.75,55877034.776447415,67321730.0,0.0054,-82.68,247426,178972,215133,-0.259
5324,CSGP,Real Estate,Real Estate Services,NASDAQ,47.65,9,7,7,20,27.66,12160833473.095617,408355715.0,0.0377,-71.61,7424426,7134085,7743585,0.225
5325,LNAI,Healthcare,Biotechnology,NASDAQ,47.57,9,7,3,6,2.33,12785569.497330189,4533890.0,0.038,-91.68,31750,1668266,1055231,
5326,JSPR,Healthcare,Biotechnology,NASDAQ,47.52,9,2,5,6,0.69,29447986.167669058,33274561.0,0.0622,-79.59,5865516,2321932,1652187,
5327,METC,Basic Materials,Coking Coal,NASDAQ,47.51,9,22,20,78,10.35,761526728.094326,65311041.0,0.5684,-82.09,1350777,1447825,1539393,-0.097
5328,Z,Communication Services,Internet Content & Information,NASDAQ,47.5,9,7,12,23,30.76,7757525088.750916,228801810.0,0.089499995,-67.23,3175115,4273781,4493641,0.184
5329,GTEC,Consumer Cyclical,Auto Parts,NASDAQ,47.5,9,8,9,10,0.51,15209839.57306087,26544222.0,0.0023999999,-74.24,51512,61830,98256,0.178
5330,QS,Consumer Cyclical,Auto Parts,NASDAQ,47.2,9,32,27,75,4.89,3604750227.4907284,615145076.0,0.19129999,-74.36,30068676,26445418,26067629,
5331,NIPG,Communication Services,Entertainment,NASDAQ,46.98,9,2,6,8,15.5,35747671.329071045,7478592.0,0.25,-78.01,45583,23430,15723,0.423
5332,REAX,Real Estate,Real Estate Services,NASDAQ,46.91,9,7,9,26,1.69,453323794.5721817,217944140.0,6.47,-68.73,3843285,4146748,3876159,0.315
5333,GPUS,Industrials,Conglomerates,NYSE ARCA,46.85,9,23,4,2,0.13,41735115.867147446,347792640.0,0.8818,-87.13,31551612,159731144,120152042,0.762
5334,TOPP,Industrials,Trucking,NYSE ARCA,46.82,9,67,15,8,0.55,19241299.611330032,24700000.0,0.00029999999,-85.75,115065,120378,321735,0.077
5335,DCOY,Healthcare,Biotechnology,NASDAQ,46.78,9,7,2,0,5.04,2984340.5510253906,531968.0,0.2956,-98.79,16097,458379,282045,
5336,CELU,Healthcare,Biotechnology,NASDAQ,46.7,9,5,12,10,0.75,22577848.751849413,28945961.0,0.0621,-82.76,35544,125948,136806,-0.774
5337,LVWR,Consumer Cyclical,Auto Manufacturers,NYSE,46.6,9,5,18,18,1.46,142104711.1916566,204761830.0,0.107,-77.33,11440351,4107833,2517260,0.865
5338,REVB,Healthcare,Biotechnology,NASDAQ,46.52,9,5,3,1,1.06,4611935.394995213,3908420.0,0.0037,-91.77,60085,50088,46815,
5339,APVO,Healthcare,Biotechnology,NASDAQ,46.43,9,7,3,1,4.39,5906537.4147892,1246105.0,0.0638,-92.61,35454,69951,56036,
5340,WXM,Industrials,Industrial Distribution,NASDAQ,46.42,9,11,6,1,3.69,9104698.20089674,2827546.0,0.0197,-91.26,91161,158217,135178,-0.517
5341,SJT,Energy,Oil & Gas E&P,NYSE,46.4,9,8,17,63,2.52,125843754.12248063,46608797.0,0.0253,-61.88,249031,261800,237836,-0.976
5342,LGCL,Technology,Software - Application,NASDAQ,46.39,9,4,9,4,1.36,50064770.84363508,42790404.0,0.054899998,-97.02,8172422,7738764,4647942,0.431
5343,PMEC,Industrials,Specialty Business Services,NASDAQ,46.38,9,16,8,20,0.5,20131024.766660154,38417987.0,0.0172,-79.51,20220,497430,316112,0.03
5344,LDI,Financial Services,Mortgage Finance,NYSE,46.38,9,15,28,70,1.01,591178578.7834067,542365652.0,0.1488,-80.0,2060828,2023509,1933973,0.017
5345,REKR,Technology,Software - Infrastructure,NASDAQ,46.36,9,8,12,15,0.61,77886190.9902668,137608115.0,0.1364,-82.16,2297209,2298483,2379945,0.116
5346,NNE,Industrials,Specialty Industrial Machinery,NASDAQ,46.33,9,17,16,21,15.59,835513692.0392513,52121875.0,0.2873,-74.39,2103478,2598272,2777693,
5347,CMTL,Technology,Communication Equipment,NASDAQ,46.17,9,14,81,98,1.73,48537518.362867236,29961431.0,0.0143,-72.14,397484,930878,702532,-0.164
5348,SONM,Technology,Software - Infrastructure,NASDAQ,46.06,9,40,6,4,3.15,5045896.506146193,1488465.0,0.0127,-81.44,28232,32084,29732,
5349,FAC,Industrials,Electrical Equipment & Parts,NASDAQ,45.97,9,57,48,46,5.11,606821807.3152256,107023245.0,0.14,-79.83,732716,455095,537101,
5350,NOMA,Consumer Cyclical,Leisure,NASDAQ,45.96,9,10,7,3,2.92,51796670.671524525,17381433.0,0.0056,-79.85,6872,9047,9612,1.16
5351,ORIO,Technology,Software - Infrastructure,NASDAQ,45.91,9,17,20,31,0.65,16310499.11391735,23707120.0,0.011,-69.19,44257,33065,34817,-0.003
5352,CRVO,Healthcare,Biotechnology,NASDAQ,45.85,9,10,9,33,2.66,28516853.8136158,9258719.0,0.1269,-79.74,667015,11493558,6944361,
5353,OMEX,Basic Materials,Other Industrial Metals & Mining,NASDAQ,45.85,9,14,7,92,0.69,39947545.34071773,58574115.0,0.0889,-84.42,339228,560019,635409,-0.833
5354,ARBK,Financial Services,Capital Markets,NASDAQ,45.83,9,11,4,0,3.11,46099926.94569254,14634897.0,0.00090000004,-98.48,8102,14420,17240,
5355,GAIA,Communication Services,Entertainment,NASDAQ,45.66,9,11,19,14,1.87,51387776.555755615,25314176.0,0.0039,-70.74,94876,225185,172053,0.02
5356,DXF,Financial Services,Credit Services,NYSE ARCA,45.65,9,2,2,3,0.48,1650337.5291395187,3235956.0,0.0434,-92.85,1331435,8617825,9240451,-0.532
5357,QNTM,Healthcare,Biotechnology,NASDAQ,45.63,9,9,17,11,2.99,20731616.341022253,6398647.0,0.0618,-90.63,95296,128558,286191,
5358,MYSZ,Technology,Software - Application,NASDAQ,45.57,9,7,11,10,0.42,1806811.5,4818164.0,0.0163,-74.55,40582,166047,133646,0.619
5359,SPRB,Healthcare,Biotechnology,NASDAQ,45.57,9,92,5,4,43.08,119834186.63978577,2752278.0,0.1319,-94.86,71084,82801,69622,
5360,FOXX,Technology,Consumer Electronics,NASDAQ,45.53,9,14,35,23,2.55,19222454.29430008,7041192.0,0.0234,-71.28,12226,37472,1965391,-0.239
5361,AQMS,Industrials,Waste Management,NASDAQ,45.52,9,11,18,9,2.71,9313889.993171692,3554920.0,0.0621,-93.12,29907,139529,105993,
5362,PROP,Energy,Oil & Gas E&P,NASDAQ,45.5,9,3,7,11,0.8,75937899.39964896,97732173.0,0.1825,-81.52,1286759,2279096,2428815,5.138
5363,SINT,Healthcare,Medical Devices,NASDAQ,45.49,8,10,16,59,1.4,10108631.912208796,6357630.0,0.0315,-79.35,24880,34780,50250,0.03
5364,PBK,Utilities,Utilities - Renewable,NASDAQ,45.48,8,17,4,32,0.52,31402850.960229635,53956787.0,0.0653,-79.61,363935,4487631,4118855,
5365,KDK,Technology,Software - Infrastructure,NASDAQ,45.35,8,11,38,55,4.15,826684873.8846216,193150662.0,0.067,-63.44,939684,1321834,1156660,0.244
5366,LTBR,Industrials,Electrical Equipment & Parts,NASDAQ,45.34,8,13,26,65,7.5,239107872.2510476,32844487.0,0.1286,-76.07,722767,869115,913165,
5367,OKLO,Utilities,Utilities - Independent Power Producers,NYSE,45.31,8,20,68,86,40.25,7152769581.765671,173990987.0,0.1604,-79.24,8969940,9609386,11725944,
5368,AGNT,Real Estate,Real Estate Services,NASDAQ,45.3,8,12,14,28,4.05,752603559.3830795,164323924.0,0.1251,-66.87,1369963,1445197,1400108,0.053
5369,CTSO,Healthcare,Medical Devices,NASDAQ,45.15,8,11,18,15,0.36,22623390.17897272,62842748.0,0.0359,-70.49,56439,188103,181021,0.016
5370,SLQT,Financial Services,Insurance Brokers,NYSE,45.12,8,27,8,11,0.64,126617700.80701911,176347774.0,0.0097,-76.9,900981,1770620,1737448,0.056
5371,ATER,Consumer Cyclical,"Furnishings, Fixtures & Appliances",NASDAQ,45.1,8,90,68,8,0.4,14064582.48411417,10818910.0,0.0397,-78.61,337639,242499,278625,-0.714
5372,SEGG,Consumer Cyclical,Gambling,NASDAQ,44.99,8,24,6,6,0.63,19142964.329368114,22816406.0,0.051,-95.19,905694,819284,1332924,-0.974
5373,HSDT,Financial Services,Asset Management,NASDAQ,44.94,8,5,5,2,1.63,98381544.03408766,58386675.0,0.026099999,-93.61,140199,267499,328343,72.898
5374,SQNS,Technology,Semiconductors,NYSE,44.9,8,13,6,5,2.5,43585006.4355433,14977665.0,0.0066000004,-91.94,71061,74533,162582,-0.248
5375,MBRX,Healthcare,Biotechnology,NASDAQ,44.89,8,19,3,2,2.12,14836499.326229095,7065000.0,0.2014,-90.14,87177,788405,592981,
5376,LIDR,Technology,Software - Infrastructure,NASDAQ,44.86,8,21,83,68,1.13,56504081.72507763,46314820.0,0.046,-82.45,517360,955413,1210420,0.578
5377,MOBX,Technology,Semiconductors,NASDAQ,44.83,8,4,12,2,1.81,29941396.094837666,15198678.0,0.113800004,-87.43,2477708,1179626,5485745,-0.614
5378,LX,Financial Services,Credit Services,NASDAQ,44.83,8,13,9,8,1.48,253773935.67382622,164788274.0,0.0325,-81.47,3189358,2481549,2265913,0.066
5379,MSAI,Technology,Electronic Components,NASDAQ,44.82,8,3,3,3,4.84,10743389.226658821,2019434.0,1.9882001,-94.96,21062,38914,339766,0.379
5380,TTD,Communication Services,Advertising Agencies,NASDAQ,44.79,8,8,8,7,17.29,8739314502.722843,470108361.0,0.21120001,-81.09,13156883,17384001,18573992,0.118
5381,NXTC,Healthcare,Biotechnology,NASDAQ,44.75,8,1,76,85,4.24,24373015.558691025,4068951.0,0.043899998,-73.06,12400341,4211057,2575938,
5382,ATYR,Healthcare,Biotechnology,NASDAQ,44.71,8,9,16,8,0.47,50006117.184910774,98051212.0,0.17040001,-93.55,1486994,2008288,2912056,
5383,UAVS,Technology,Computer Hardware,NYSE ARCA,44.7,8,17,17,14,0.71,42775898.71765137,58597120.0,0.0416,-80.33,582918,910522,2093441,-0.616
5384,BGLC,Basic Materials,Specialty Chemicals,NASDAQ,44.65,8,12,12,10,1.51,4012741.1593134403,2417314.0,0.0072000003,-83.18,5475,23365,122213,-0.989
5385,ZOOZ,Consumer Cyclical,Specialty Retail,NASDAQ,44.58,8,8,4,2,5.15,40424636.84579849,8101130.0,0.001,-94.91,5510,15526,21832,-1.0
5386,EVGO,Consumer Cyclical,Specialty Retail,NASDAQ,44.5,8,14,12,25,1.42,236979725.80114186,141059365.0,0.3412,-72.59,3043274,3439004,3859552,0.455
5387,EHTH,Financial Services,Insurance Brokers,NASDAQ,44.47,8,16,7,9,1.34,47294117.12270594,31741018.0,0.0239,-77.25,210675,425845,394589,-0.222
5388,VRAX,Healthcare,Biotechnology,NASDAQ,44.32,8,6,3,4,3.19,3020584.4895973206,796988.0,0.077800006,-88.81,1511813,3084393,2703408,6.849
5389,SPRC,Healthcare,Biotechnology,NASDAQ,44.28,8,19,9,1,5.33,2866215.0,573243.0,0.045500003,-93.35,42540,40070,954620,-0.345
5390,RDHL,Healthcare,Drug Manufacturers - Specialty & Generic,NASDAQ,44.27,8,20,15,15,0.63,4287048.498513699,6080920.0,0.0052,-80.97,73301,138767,253848,
5391,MATH,Financial Services,Capital Markets,NASDAQ,44.24,8,7,6,23,0.83,42401911.27673292,47113236.0,0.0011999999,-79.76,23299,39363,71737,-0.39
5392,CTOR,Healthcare,Drug Manufacturers - Specialty & Generic,NASDAQ,44.22,8,16,19,17,0.56,64064050.53141165,92981204.0,0.027,-80.28,71513,53451,65550,
5393,SDEV,Financial Services,Asset Management,NYSE ARCA,44.2,8,5,4,99,1.1,33894557.5,27115646.0,0.061300002,-98.9,139865,1316861,953059,
5394,OCS,Healthcare,Biotechnology,NASDAQ,44.2,8,8,75,87,11.13,736130584.5301561,60388073.0,0.0226,-67.72,294322,446754,762512,-0.267
5395,PLUR,Healthcare,Biotechnology,NASDAQ,44.19,8,9,26,20,1.78,20068555.714345694,10789546.0,0.0076,-68.66,38455,35721,28509,-0.609
5396,FUFU,Financial Services,Capital Markets,NASDAQ,44.17,8,10,10,17,1.31,233315033.2266686,166653598.0,0.0077,-75.65,121327,210849,221623,-0.069
5397,SLGB,Industrials,Integrated Freight & Logistics,NASDAQ,44.14,8,4,2,8,0.61,24705001.11579895,45000000.0,0.0231,-89.97,19636556,7322605,6098455,-0.221
5398,LHAI,Real Estate,Real Estate Services,NASDAQ,44.14,8,2,5,1,0.9,16860599.68471527,16530000.0,0.0019,-95.97,10022849,16682586,10047601,-0.14
5399,TLRY,Healthcare,Drug Manufacturers - Specialty & Generic,NASDAQ,44.06,8,12,32,30,3.88,530864048.54750633,123456750.0,0.1452,-83.28,3669964,3635314,3585696,-0.078
5400,AGRZ,Consumer Defensive,Farm Products,NASDAQ,44.01,8,3,6,0,0.31,7303964.713702798,21673485.0,0.0123000005,-95.69,53200,120100,631202,3.202
5401,ICG,Technology,Semiconductors,NASDAQ,44.0,8,5,12,72,0.8,49723068.56039643,60711927.0,0.0014,-74.11,82324,77274,98634,-0.513
5402,SPRO,Healthcare,Biotechnology,NASDAQ,43.91,8,25,93,93,1.19,91484361.4248625,57901493.0,0.059699997,-61.36,3867549,2424336,1805279,-0.956
5403,ICON,Industrials,Marine Shipping,NASDAQ,43.86,8,6,2,1,0.94,3218583.6365860105,3632713.0,0.0127,-94.39,41840,626410,413554,1.046
5404,ALP,Financial Services,Asset Management,NASDAQ,43.85,8,4,1,0,0.22,4730412.105831742,23534388.0,0.047,-98.41,5797576,4182518,18741227,
5405,GWAV,Industrials,Waste Management,NASDAQ,43.73,8,10,7,4,2.63,2405929.9791197777,829631.0,0.028299998,-92.36,7945,16461,13709,0.853
5406,LUCY,Healthcare,Medical Instruments & Supplies,NASDAQ,43.67,8,8,14,8,0.65,6917834.860319138,8604272.0,0.0039,-71.74,512943,9070531,5473006,0.702
5407,CMCM,Communication Services,Internet Content & Information,NYSE,43.66,8,7,38,64,2.86,96840512.68791103,31038627.0,0.0015,-69.7,4977,19205,21601,-0.0
5408,RAIN,Industrials,Pollution & Treatment Controls,NASDAQ,43.65,8,8,13,8,1.46,16029690.3068676,10341736.0,0.0061000003,-82.86,15761,38787,39550,
5409,CDT,Healthcare,Biotechnology,NASDAQ,43.62,8,0,0,1,3.06,197527.096937567,631077.0,0.0659,-99.32,250280,12759403,8742206,
5410,DLXY,Energy,Oil & Gas Refining & Marketing,NASDAQ,43.54,8,7,8,8,0.45,7521000.136435032,16350000.0,0.020399999,-93.57,62588,433172,624141,0.202
5411,GORO,Basic Materials,Other Precious Metals & Mining,NYSE ARCA,43.49,8,83,68,97,2.0,163392909.0,163392909.0,0.048299998,6.95,2108262,759306,482648,-0.282
5412,PASW,Consumer Cyclical,Textile Manufacturing,NASDAQ,43.48,8,8,4,1,0.12,18184299.732744694,124550000.0,0.001,-96.21,2300188,908566,729401,-0.62
5413,DQ,Technology,Semiconductor Equipment & Materials,NYSE,43.48,8,10,37,75,11.67,821466926.4113245,67666137.0,0.1165,-68.11,620443,853537,912482,-0.784
5414,SLDP,Consumer Cyclical,Auto Parts,NASDAQ,43.44,8,26,78,96,2.08,519712315.6463299,224983692.0,0.113000005,-76.52,3734443,4330604,5175782,-0.589
5415,WBUY,Consumer Cyclical,Internet Retail,NASDAQ,43.37,8,6,9,9,0.85,4105346.9665670395,5481104.0,0.01,-89.16,18161718,6261959,3827533,
5416,IMSR,Utilities,Utilities - Regulated Electric,NASDAQ,43.36,8,22,11,16,4.88,489950605.25,105935266.0,0.123500004,-84.51,2000200,2049600,2677004,
5417,UPB,Healthcare,Biotechnology,NASDAQ,43.35,8,7,9,96,6.41,381484121.32574654,54419987.0,0.1163,-80.97,462230,614090,612964,0.827
5418,NTZ,Consumer Cyclical,"Furnishings, Fixtures & Appliances",NYSE,43.31,8,11,38,31,1.42,17182789.409739017,11014609.0,0.0002,-65.02,3134,2578,3016,0.035
5419,PRZO,Industrials,Aerospace & Defense,NASDAQ,43.31,8,6,10,24,0.49,13456928.707271814,25928572.0,0.041100003,-77.16,250564,503564,3117172,0.06
5420,ITOC,Healthcare,Medical Devices,NASDAQ,43.29,8,7,8,6,0.26,4808100.089430809,17050000.0,0.012200001,-99.19,127405,390878,1041503,0.916
5421,TAOP,Technology,Software - Infrastructure,NASDAQ,43.17,7,17,8,7,0.82,12196065.086833477,9603201.0,0.0032,-82.52,17386,13895,25943,-0.289
5422,MB,Consumer Cyclical,Restaurants,NASDAQ,43.17,7,20,48,30,3.67,68791553.9264679,17155000.0,0.0013,-77.42,2300,6153,9454,-0.12
5423,YAAS,Technology,Software - Application,NASDAQ,43.14,7,5,9,2,0.73,17162341.840194225,22791954.0,0.37,-98.56,240308,200942,173015,-0.18
5424,FSP,Real Estate,REIT - Office,NYSE ARCA,43.09,7,11,10,10,0.43,51845170.0,103690340.0,0.0084,-76.37,299980,839230,718228,-0.033
5425,MASK,Technology,Software - Application,NASDAQ,43.07,7,9,1,2,1.55,5267214.194056034,3211716.0,0.0619,-95.84,339927,1452285,5240241,1.069
5426,ENVX,Industrials,Electrical Equipment & Parts,NASDAQ,43.06,7,27,17,13,3.95,1029684191.0295868,218153440.0,0.2609,-75.17,5694649,5514159,6873373,0.491
5427,FTCI,Technology,Solar,NASDAQ,43.05,7,23,17,95,2.96,61620380.37361622,16005294.0,0.0915,-76.78,217622,143640,133208,-0.17
5428,TGL,Technology,Software - Application,NASDAQ,43.03,7,9,6,1,3.06,7213330.191856384,1954832.0,0.0067000003,-94.72,17699,76119,66463,1.252
5429,AMST,Technology,Software - Application,NASDAQ,43.03,7,6,5,11,0.99,6321224.051182866,5852985.0,0.0219,-79.29,123734,113398,3852872,1.715
5430,AVXL,Healthcare,Biotechnology,NASDAQ,42.93,7,10,7,8,2.4,221485511.3416543,92671758.0,0.1598,-82.84,1013555,1344865,1279221,
5431,UXIN,Consumer Cyclical,Auto & Truck Dealerships,NASDAQ,42.85,7,6,25,37,1.5,370666727.1976285,219980261.0,0.0064,-68.72,187209,360843,259203,1.129
5432,BEEM,Technology,Solar,NASDAQ,42.77,7,16,41,16,1.01,22867632.94480753,22201586.0,0.105100006,-75.0,880416,2587618,1774955,-0.505
5433,ACXP,Healthcare,Biotechnology,NASDAQ,42.75,7,3,7,4,1.42,6661493.695067883,4297738.0,0.0326,-85.74,97863,89324,92696,
5434,CMPX,Healthcare,Biotechnology,NASDAQ,42.71,7,7,8,97,2.07,369180217.16273904,180087915.0,0.2465,-69.91,1861159,2937123,3601667,
5435,LGO,Basic Materials,Other Industrial Metals & Mining,NASDAQ,42.69,7,8,30,29,0.62,62828854.30321181,101336861.0,4.24,-77.04,454978,2395982,1809633,-0.025
5436,JELD,Industrials,Building Products & Equipment,NYSE,42.65,7,24,5,8,1.1,100797041.8727864,86151321.0,0.11399999,-84.23,932016,1837038,1675411,-0.069
5437,XCH,Industrials,Specialty Industrial Machinery,NASDAQ,42.6,7,16,19,19,0.55,59314219.75748181,88528684.0,0.0029,-77.99,61974,1009851,639568,-0.426
5438,NGEN,Healthcare,Biotechnology,NASDAQ,42.53,7,9,82,92,1.63,177709092.54326522,106412633.0,4.49,-74.13,880666,860948,1123969,
5439,SNT,Industrials,Security & Protection Services,NASDAQ,42.45,7,8,14,35,1.76,40363760.135015965,23331653.0,0.0005,-67.04,16194,25988,31922,-0.043
5440,WIMI,Communication Services,Advertising Agencies,NASDAQ,42.44,7,11,9,7,1.15,22429766.406000614,18385054.0,0.013099999,-79.65,83556,79632,123941,-0.068
5441,LESL,Consumer Cyclical,Specialty Retail,NASDAQ,42.42,7,99,13,1,1.24,24240969.516672134,9359448.0,0.15020001,-90.86,2263065,1022838,1776375,0.043
5442,OLOX,Industrials,Metal Fabrication,NASDAQ,42.39,7,2,2,2,5.18,7470113.229502201,1406801.0,0.031,-98.81,128769,65583,717407,-0.412
5443,RENX,Real Estate,Real Estate - Development,NASDAQ,42.26,7,6,6,1,2.0,5173783.609839439,2613022.0,0.0161,-95.76,38302,108704,182750,216.838
5444,SCKT,Technology,Computer Hardware,NASDAQ,42.25,7,10,22,59,0.47,4202888.5014081,8240958.0,0.0117,-65.44,57714,179494,195080,-0.067
5445,DRCT,Communication Services,Advertising Agencies,NASDAQ,42.23,7,4,0,0,2.55,1871013.4088418484,739531.0,0.025999999,-98.52,36026,27122,50415,-0.181
5446,FLYE,Consumer Cyclical,Auto Manufacturers,NASDAQ,42.16,7,6,1,1,1.84,3117857.205513239,1632386.0,0.0188,-98.86,15814,59914,118936,-0.533
5447,VHUB,Consumer Defensive,Grocery Stores,NASDAQ,42.14,7,32,0,39,0.7,94008567.83178616,90392857.0,0.0115,-98.26,87053,125024,210684,-0.864
5448,FJET,Industrials,Aerospace & Defense,NYSE ARCA,42.04,7,8,14,26,3.43,191061446.61726236,49626351.0,0.1345,-89.11,806016,1424138,2291063,
5449,ORBS,Consumer Cyclical,Packaging & Containers,NASDAQ,42.01,7,6,8,14,0.6,223882669.3988428,388011544.0,0.060700003,-99.28,12926918,15737566,19447209,-0.237
5450,EU,Energy,Uranium,NASDAQ,41.9,7,10,16,75,1.14,223367949.96912432,194233004.0,0.1494,-72.73,2584984,3309654,3112708,0.003
5451,SMXT,Technology,Solar,NASDAQ,41.84,7,4,10,22,0.34,20315645.824107647,56906572.0,0.0166,-86.4,135152,253104,1154222,1.141
5452,CENN,Consumer Cyclical,Auto Manufacturers,NASDAQ,41.68,7,3,3,5,3.34,8431846.02809906,2465452.0,0.029000001,-91.57,5780,11693,11860,-0.434
5453,OLB,Technology,Software - Infrastructure,NASDAQ,41.62,7,7,15,5,0.31,5154722.961431444,14664930.0,0.0113,-82.78,256424,207628,232112,-0.287
5454,GPRO,Technology,Consumer Electronics,NASDAQ,41.56,7,21,84,53,0.67,114178093.83702964,172997105.0,0.1424,-78.03,4553797,5657889,6387061,-0.262
5455,WWR,Basic Materials,Other Industrial Metals & Mining,NYSE ARCA,41.56,7,15,17,58,0.4,52122767.77535233,127128703.0,0.0093,-89.33,634922,691364,851546,
5456,CHOW,Technology,Software - Infrastructure,NYSE ARCA,41.56,7,7,3,0,0.37,12066600.12692213,35490000.0,0.0154,-98.31,575712,1236840,6970854,-0.126
5457,HOWL,Healthcare,Biotechnology,NASDAQ,41.55,7,3,22,9,0.43,17883628.690759152,48596817.0,0.0211,-81.93,769104,903658,780886,
5458,FEAM,Basic Materials,Specialty Chemicals,NASDAQ,41.55,7,10,8,6,1.15,46081898.12388003,41515223.0,0.0070999996,-84.67,323702,229444,236560,
5459,AGIG,Utilities,Utilities - Renewable,NYSE ARCA,41.52,7,3,2,6,0.99,44463048.79016566,44022821.0,0.0376,-91.65,81776,129348,139017,
5460,TCX,Technology,Software - Infrastructure,NASDAQ,41.51,7,16,25,80,8.71,113944551.03715038,11149173.0,0.097799994,-65.4,96759,61703,47165,0.022
5461,UP,Industrials,Airports & Air Services,NYSE,41.48,7,6,4,6,6.06,229164988.46448994,36260282.0,0.1532,-91.34,103741,127453,157568,-0.048
5462,DFLI,Industrials,Electrical Equipment & Parts,NASDAQ,41.45,7,19,5,7,1.41,18710396.888866425,12815340.0,0.0716,-94.6,207204,343151,388414,-0.273
5463,NCTY,Financial Services,Capital Markets,NASDAQ,41.4,7,16,12,10,3.21,59412621.23221898,15273167.0,0.0095,-72.33,103070,57486,47056,1.335
5464,BRCB,Consumer Cyclical,Restaurants,NASDAQ,41.34,7,4,10,9,7.88,168700026.96323252,21572893.0,0.069299996,-74.08,279307,441025,676181,0.237
5465,LSH,Industrials,Integrated Freight & Logistics,NASDAQ,41.18,7,6,10,20,0.35,12325066.474951297,34427559.0,0.0034999999,-79.17,201737,169502,136881,1.67
5466,PSTV,Healthcare,Biotechnology,NASDAQ,41.18,7,8,11,4,3.83,25745774.845649958,6883897.0,0.14739999,-83.7,152525,193895,176501,-0.029
5467,YOUL,Consumer Defensive,Education & Training Services,NASDAQ,41.11,7,2,6,9,0.6,40832220.89673698,81016310.0,0.0069,-86.36,1283839,608049,1452355,0.177
5468,GWH,Industrials,Electrical Equipment & Parts,NYSE,41.08,7,9,9,10,0.75,26009415.169723034,29389170.0,0.059899997,-94.59,886594,823824,779728,-0.786
5469,FLYX,Industrials,Airlines,NYSE ARCA,40.82,7,12,14,31,1.16,59548370.715440154,51781193.0,0.00029999999,-86.94,689651,441273,414570,0.093
5470,UK,Real Estate,Real Estate Services,NASDAQ,40.73,7,3,3,13,2.02,7290373.93022871,3682007.0,0.013300001,-86.97,34929,102159,427761,
5471,GLOO,Technology,Software - Application,NASDAQ,40.73,7,14,34,16,3.19,286361383.35969114,87572289.0,1.62,-68.04,566915,392718,301319,2.376
5472,SERV,Industrials,Specialty Industrial Machinery,NASDAQ,40.64,7,9,31,37,4.81,433109288.77373886,85090231.0,0.273,-74.2,2736521,4007393,4803148,5.782
5473,IVVD,Healthcare,Biotechnology,NASDAQ,40.59,7,14,71,97,0.61,218893328.2667334,294607452.0,0.1029,-80.13,2809521,5660947,4925478,0.216
5474,HAIN,Consumer Defensive,Packaged Foods,NASDAQ,40.52,7,11,7,13,0.53,50541950.69518107,90253483.0,0.081099994,-75.58,609316,1332452,1111151,-0.133
5475,PAVM,Healthcare,Medical Devices,NASDAQ,40.47,7,4,19,7,4.74,42417277.81547737,7159034.0,0.0064,-83.33,16359,22259,18653,1.75
5476,SDST,Industrials,Electrical Equipment & Parts,NASDAQ,40.45,7,11,10,19,1.58,18620319.41910386,10579727.0,0.039,-79.4,191722,207777,212482,
5477,IVDA,Industrials,Security & Protection Services,NASDAQ,40.41,7,19,2,7,0.24,3014446.9094307423,11594027.0,0.0327,-90.51,272280,13770703,8463798,0.013
5478,MCRB,Healthcare,Biotechnology,NASDAQ,40.38,7,10,9,56,4.97,51615367.48117447,9683934.0,0.021300001,-83.42,94442,114714,91956,
5479,ZEO,Technology,Solar,NASDAQ,40.36,7,14,12,7,0.54,19151385.155840397,35399972.0,0.0077,-80.36,53344,64014,67884,0.501
5480,BYND,Consumer Defensive,Packaged Foods,NASDAQ,40.25,7,12,12,4,0.56,304567364.2385793,515342392.0,0.2449,-92.72,28040622,30244517,32676332,-0.153
5481,SGLY,Industrials,Integrated Freight & Logistics,NASDAQ,40.22,6,8,15,14,0.27,3264728.880250454,12556650.0,0.0063,-81.38,4626717,1603169,1020321,0.112
5482,EXOZ,Healthcare,Biotechnology,NASDAQ,40.16,6,19,36,23,4.71,55873781.002972126,9281359.0,0.0032,-74.4,9025,13105,9955,
5483,AEHL,Industrials,Building Products & Equipment,NASDAQ,40.1,6,3,0,4,0.54,15066529.04704839,18152445.0,0.0015,-98.93,19514298,6880559,7013315,-0.386
5484,FULC,Healthcare,Biotechnology,NASDAQ,40.06,6,5,55,94,3.72,243211628.0046487,66633321.0,0.097600006,-76.37,1423232,2630707,2882694,
5485,MSTR,Technology,Software - Application,NASDAQ,40.05,6,6,16,7,91.67,34391405515.68568,362587307.0,0.1267,-79.02,14940468,23245139,21265595,0.119
5486,RMCF,Consumer Defensive,Confectioners,NASDAQ,40.04,6,22,82,85,0.9,9062003.317448437,9439587.0,0.012999999,-69.9,38046,129078,97813,-0.041
5487,EMAT,Basic Materials,Other Industrial Metals & Mining,NASDAQ,39.9,6,11,23,4,5.07,3102735181.2234154,621790646.0,0.0066000004,-78.95,67462,76684,98474,
5488,HKPD,Healthcare,Medical Distribution,NASDAQ,39.89,6,5,13,13,0.37,8929994.567943335,23499986.0,0.0223,-85.66,2820717,1005212,1014391,-0.357
5489,UWMC,Financial Services,Mortgage Finance,NYSE,39.81,6,8,19,37,1.83,685235543.9297867,339225520.0,0.20889999,-74.37,15074272,22175177,21813646,0.244
5490,SMTK,Technology,Semiconductor Equipment & Materials,NASDAQ,39.65,6,6,2,6,0.21,4246350.15099071,21446213.0,0.070199996,-94.47,538496,1375972,12513059,-0.13
5491,YXT,Technology,Software - Application,NASDAQ,39.55,6,8,22,24,3.09,19370864.5,5960266.0,0.00029999999,-73.13,7332,9508,32293,0.047
5492,SMR,Industrials,Specialty Industrial Machinery,NYSE,39.54,6,10,7,10,8.09,2671936587.5841165,346105785.0,0.2374,-85.91,31273351,31504790,32779574,-0.958
5493,CYN,Technology,Software - Application,NASDAQ,39.52,6,5,8,2,1.08,16875238.15101993,14423281.0,0.113900006,-89.24,107632,212124,243942,1.218
5494,OCG,Consumer Cyclical,Internet Retail,NASDAQ,39.52,6,4,1,0,1.72,2810552.4924259186,1938312.0,0.0701,-99.99,261741,150837,970242,8.961
5495,OPTU,Communication Services,Telecom Services,NYSE,39.51,6,32,23,12,0.81,337101309.58707815,391523007.0,0.2962,-72.82,5096665,11965081,13049615,-0.04
5496,FMFC,Consumer Cyclical,Footwear & Accessories,NASDAQ,39.35,6,6,7,0,0.25,4575000.0,18300000.0,0.060399998,-98.41,91162,4750674,2922964,-0.17
5497,BEAT,Healthcare,Health Information Services,NASDAQ,39.3,6,5,9,31,0.51,31028321.611967087,55506835.0,0.0367,-87.25,1790074,954938,859358,
5498,SDA,Consumer Cyclical,Auto & Truck Dealerships,NASDAQ,39.27,6,3,14,18,0.75,83953703.86761373,102009359.0,0.0138,-74.4,94833,283337,1130758,0.279
5499,AUID,Technology,Software - Infrastructure,NASDAQ,39.21,6,16,8,6,0.75,15014864.453891516,16720339.0,0.0523,-84.04,172407,562735,392065,0.621
5500,REBN,Consumer Cyclical,Restaurants,NASDAQ,39.18,6,16,65,24,1.0,11375635.09667039,8213455.0,0.0164,-70.85,89115,54115,46725,2.078
5501,FRSX,Consumer Cyclical,Auto Parts,NASDAQ,39.18,6,5,5,3,1.35,4142633.637366295,2980312.0,0.0494,-87.61,57720,116673,1238302,-0.218
5502,OMH,Real Estate,Real Estate Services,NASDAQ,39.16,6,8,15,69,0.5,5752181.57218422,23101131.0,0.0095999995,-73.79,57000238,19177109,11695337,-0.129
5503,HCAI,Industrials,Farm & Heavy Construction Machinery,NASDAQ,39.03,6,62,4,4,4.86,8108033.475934982,1163276.0,0.011,-83.12,38636,40098,362315,
5504,LOCL,Consumer Defensive,Farm Products,NYSE,39.01,6,18,39,22,1.06,27583487.56960869,22796270.0,0.099300005,-73.47,20189,26256,39735,0.149
5505,ZENA,Technology,Software - Infrastructure,NASDAQ,38.97,6,5,9,29,1.38,128938933.6616993,87120900.0,0.0959,-80.59,1965063,2049411,3340172,6.399
5506,CNTX,Healthcare,Biotechnology,NASDAQ,38.93,6,6,95,98,0.61,55127508.39057028,91879177.0,0.0403,-83.15,1598654,3969271,2670338,
5507,NXXT,Utilities,Utilities - Renewable,NASDAQ,38.93,6,6,3,6,0.32,44243574.9483659,158012767.0,0.0639,-88.89,13828203,6911754,23036126,0.294
5508,HTCR,Technology,Software - Application,NASDAQ,38.87,6,5,5,6,2.18,3618328.136252165,1441565.0,0.0425,-93.47,23549,38553,76223,-0.405
5509,EEIQ,Consumer Defensive,Education & Training Services,NASDAQ,38.81,6,5,9,5,2.16,4149489.9285931587,1646623.0,0.0123000005,-92.24,19993,54311,161690,0.168
5510,FLNA,Healthcare,Biotechnology,NASDAQ,38.66,6,9,17,23,0.89,51206366.99580002,48307896.0,0.1371,-82.13,355395,365108,367503,
5511,WLFC,Industrials,Rental & Leasing Services,NASDAQ,38.64,6,85,76,76,69.04,1526801907.7756348,7966616.0,0.156,-71.78,145743,161427,152658,0.246
5512,NSPR,Healthcare,Medical Devices,NASDAQ,38.57,6,3,10,12,0.68,32787272.84163606,46838962.0,0.0017,-76.79,31208,92106,130071,1.222
5513,DVLT,Technology,Software - Infrastructure,NASDAQ,38.53,6,7,27,11,0.36,316557942.2296375,855561995.0,0.1584,-91.22,12393811,20195377,31322976,4.431
5514,XXI,Financial Services,Shell Companies,NYSE,38.48,6,7,10,5,4.52,1851953897.1586761,346807836.0,0.112399995,-85.66,1985947,1516079,1457315,
5515,DAVA,Technology,Software - Infrastructure,NYSE,38.44,6,4,6,7,2.66,149016458.41236806,52842717.0,0.07,-82.5,197361,314630,388314,-0.084
5516,IXHL,Healthcare,Drug Manufacturers - Specialty & Generic,NASDAQ,38.42,6,9,3,34,2.95,37927637.09282303,11964554.0,0.0431,-94.08,132161,242553,255830,
5517,NCNA,Healthcare,Biotechnology,NASDAQ,38.34,6,11,6,4,1.29,5472992.103149891,4161971.0,0.0278,-90.08,41491,61883,54146,
5518,DXST,Industrials,Waste Management,NASDAQ,38.2,6,2,0,90,2.28,5870023.161248684,2215103.0,0.0109,-96.32,2555138,1277586,2668775,-0.2
5519,RGNT,Healthcare,Medical Instruments & Supplies,NYSE ARCA,38.11,6,28,6,18,1.96,16716932.783823967,7023921.0,0.027999999,-87.35,174409,7148476,6686233,
5520,SAGT,Technology,Software - Application,NASDAQ,37.93,6,13,21,18,0.77,16783049.66390133,19050000.0,0.0378,-77.29,110640,3190070,2128626,-0.3
5521,FUBO,Communication Services,Broadcasting,NYSE,37.82,6,5,4,11,8.33,286193335.6223316,29443758.0,0.24139999,-85.29,1448644,1509098,1390936,0.398
5522,SRFM,Industrials,Airlines,NYSE,37.79,6,7,4,9,0.79,80804062.79128325,110994594.0,0.1611,-87.2,2233460,9466933,6931200,0.09
5523,MTEN,Industrials,Metal Fabrication,NASDAQ,37.73,6,7,1,0,1.04,8064534.754194617,6892765.0,0.0137,-99.98,3290070,3966263,4451666,0.17
5524,BAOS,Communication Services,Advertising Agencies,NASDAQ,37.7,6,32,36,76,1.17,3851562.3553659916,1534487.0,0.026500002,-78.33,131063,56494,116500,-0.505
5525,IMNN,Healthcare,Biotechnology,NASDAQ,37.66,6,5,10,7,1.51,7689876.1203353405,4202118.0,0.012200001,-81.57,412240,181990,131864,
5526,VGAS,Utilities,Utilities - Renewable,NASDAQ,37.43,6,13,12,9,0.94,48113593.671862364,44549622.0,0.014099999,-73.37,18204,47008,37522,
5527,UPLD,Technology,Software - Application,NASDAQ,37.38,6,4,3,9,4.1,15797401.936035156,2936320.0,0.0392,-89.51,12404,28356,26190,-0.235
5528,DFDV,Financial Services,Asset Management,NASDAQ,37.38,6,4,7,94,2.7,84782748.79837751,30118205.0,0.2865,-90.28,676895,837378,905909,8.282
5529,SVRN,Industrials,Marine Shipping,NASDAQ,37.36,6,11,2,5,6.71,15006528.0,1875816.0,0.0047999998,-98.36,7371,9330,19888,-0.374
5530,TPET,Energy,Oil & Gas E&P,NYSE ARCA,37.19,6,3,8,11,0.29,14608333.000482976,44267674.0,0.0659,-88.4,3541703,3852431,3967818,7.949
5531,HYFM,Industrials,Farm & Heavy Construction Machinery,NASDAQ,37.14,6,7,6,6,0.66,3249465.295394182,4764612.0,0.0194,-86.19,23389,36049,46427,-0.296
5532,DH,Healthcare,Health Information Services,NASDAQ,37.14,6,3,4,16,0.68,80092896.99422514,105524238.0,0.0493,-85.53,201628,472359,406973,-0.055
5533,GV,Consumer Defensive,Education & Training Services,NASDAQ,36.87,6,5,1,21,0.17,981285.8832888007,5607348.0,0.0075,-95.93,89373,312987,533358,-0.617
5534,ERNA,Healthcare,Biotechnology,NASDAQ,36.67,6,15,1,9,3.93,7487857.948984146,1166333.0,0.04,-94.5,2731813,944127,665794,
5535,SLE,Communication Services,Internet Content & Information,NASDAQ,36.66,6,4,3,1,2.66,4818802.0708703995,1608949.0,0.0165,-98.06,16174,21304,973772,0.105
5536,NVX,Industrials,Electrical Equipment & Parts,NASDAQ,36.59,6,6,10,16,0.41,102382360.74460387,247899186.0,0.0194,-89.38,142194,342494,334400,-0.101
5537,COSM,Healthcare,Medical Distribution,NASDAQ,36.5,6,5,13,13,0.2,14588423.257998392,62078397.0,0.1007,-84.85,6472875,17353488,11246529,0.307
5538,CCOI,Communication Services,Telecom Services,NASDAQ,36.49,6,8,17,8,11.87,549351976.4821787,50077663.0,0.1985,-76.51,1093741,1357313,1243730,-0.032
5539,EXOD,Technology,Software - Infrastructure,NYSE ARCA,36.38,6,5,4,5,5.17,151864710.62265444,30012789.0,0.044899996,-87.05,37794,55591,62764,-0.368
5540,NXGL,Healthcare,Medical Instruments & Supplies,NASDAQ,36.26,5,5,3,8,0.44,4345088.852231324,9225242.0,0.0225,-84.78,88755,394208,283297,-0.056
5541,CXAI,Technology,Software - Application,NASDAQ,36.24,5,7,3,4,0.11,14617611.59811598,109086651.0,0.0341,-90.43,3706790,7155823,27286314,-0.224
5542,STEX,Financial Services,Capital Markets,NASDAQ,36.13,5,3,4,95,0.74,81647180.91544628,104274817.0,0.074,-90.05,964336,1714958,1762267,
5543,AIXC,Technology,Software - Infrastructure,NASDAQ,35.94,5,8,10,10,0.82,15682119.092560172,20234993.0,0.008,-90.69,42213,116307,88030,
5544,LPSN,Technology,Software - Application,NASDAQ,35.86,5,5,7,4,1.53,20718476.71313846,12332427.0,0.051799998,-92.92,50318,81566,91959,-0.12
5545,CLGN,Healthcare,Biotechnology,NASDAQ,35.77,5,3,1,19,0.31,6334249.502782375,18908207.0,0.0032,-90.41,17003,59551,54142,-0.964
5546,FRGT,Technology,Software - Application,NASDAQ,35.6,5,5,3,1,3.01,2185517.4618065357,572125.0,0.041199997,-94.49,69709,233516,269055,-0.054
5547,IBG,Consumer Defensive,Beverages - Wineries & Distilleries,NASDAQ,35.58,5,5,1,1,0.91,1634293.7567059994,1815882.0,0.0463,-97.2,41000,133930,147486,
5548,PLAG,Industrials,Conglomerates,NYSE ARCA,35.55,5,69,18,92,0.67,11243845.155400932,14232715.0,0.0042,-85.08,7065079,2388459,1439519,6.566
5549,CLIK,Consumer Cyclical,Personal Services,NASDAQ,35.47,5,6,6,7,1.63,13101440.24500966,8563033.0,0.0050999997,-88.68,696626,372682,1348723,0.572
5550,NMTC,Healthcare,Medical Devices,NASDAQ,35.4,5,14,39,63,1.9,20364977.133017063,8702982.0,0.0034,-72.7,38248,46036,42069,0.725
5551,MERC,Basic Materials,Paper & Paper Products,NASDAQ,35.37,5,4,5,14,0.67,44208455.71668613,66982506.0,0.0858,-85.01,568531,672810,633736,-0.035
5552,EVTL,Industrials,Aerospace & Defense,NYSE,35.36,5,6,7,50,1.38,188445448.34858894,127328004.0,0.1299,-81.17,2385594,2184614,2508180,
5553,ZDAI,Industrials,Engineering & Construction,NASDAQ,35.16,5,4,2,32,1.69,15283124.808222055,8043750.0,0.027999999,-88.12,60792,848534,596274,-0.432
5554,OIO,Financial Services,Asset Management,NASDAQ,35.15,5,1,1,91,1.98,734326611.371028,348022108.0,0.0007,-84.72,182712,77800,66784,
5555,SST,Industrials,Specialty Business Services,NYSE,35.11,5,27,25,15,1.83,14462606.321632862,8217390.0,0.0729,-80.32,152006,95142,156025,-0.5
5556,AZTR,Healthcare,Biotechnology,NYSE ARCA,35.07,5,5,8,2,0.13,2250748.8588365316,16192438.0,0.026300002,-91.88,1638800,23498823,14308262,
5557,TRIB,Healthcare,Medical Devices,NASDAQ,34.97,5,5,18,31,8.44,6885295.532422751,20250869.0,0.0718,145.35,13123,89236,55477,
5558,XCUR,Healthcare,Biotechnology,NASDAQ,34.93,5,7,13,12,1.76,10708213.8256737,6373937.0,0.0022,-81.47,2331438,812189,493905,
5559,MIMI,Industrials,Engineering & Construction,NASDAQ,34.9,5,12,5,0,1.96,6772697.445023537,2753129.0,0.040700004,-98.57,4812904,3479138,2185462,-0.262
5560,STEM,Utilities,Utilities - Renewable,NYSE,34.88,5,14,18,71,5.49,56070527.83008385,8956953.0,0.12149999,-82.97,106877,105145,137355,-0.108
5561,BLNE,Financial Services,Mortgage Finance,NASDAQ,34.83,5,10,19,73,0.93,30858552.10173136,32828247.0,0.0438,-80.0,248792,447744,574794,1.199
5562,GRML,Basic Materials,Other Precious Metals & Mining,NASDAQ,34.83,5,7,84,14,0.19,31460616.291057765,150529260.0,0.0463,-85.93,15317706,7414105,5981151,
5563,IQST,Communication Services,Telecom Services,NASDAQ,34.69,5,10,3,4,1.02,8352573.104238987,6735946.0,0.114700004,-90.17,15689753,9216347,6200848,
5564,IMMP,Healthcare,Biotechnology,NASDAQ,34.68,5,10,2,87,0.38,60422573.18295619,147372131.0,0.0272,-89.24,296932,375890,629072,0.915
5565,KAPA,Healthcare,Biotechnology,NYSE ARCA,34.67,5,8,17,12,0.28,6637471.741048276,21411199.0,0.0107,-86.73,11950632,4059120,2504152,
5566,PSIX,Industrials,Specialty Industrial Machinery,NASDAQ,34.63,5,9,75,85,29.96,697276112.5,23050450.0,0.1401,-75.4,435017,409325,587501,-0.051
5567,EOSE,Industrials,Electrical Equipment & Parts,NASDAQ,34.58,5,43,17,95,3.47,1465332792.0738802,354802119.0,0.3125,-82.53,26571214,25584708,27300584,4.447
5568,KXIN,Consumer Cyclical,Auto & Truck Dealerships,NASDAQ,34.51,5,3,0,0,5.41,9509131.5,1653762.0,0.0134000005,-99.35,94923,136324,158108,
5569,BGM,Healthcare,Drug Manufacturers - Specialty & Generic,NASDAQ,34.42,5,2,0,4,0.29,112975789.05735314,400623358.0,0.00059999997,-97.54,79540,388513,526534,0.139
5570,BIRD,Consumer Cyclical,Apparel Retail,NASDAQ,34.41,5,33,82,8,2.46,23776338.119905233,8806051.0,0.1876,-89.88,315123,2914507,1918256,-0.305
5571,GLXG,Industrials,Staffing & Employment Services,NASDAQ,34.23,5,5,4,3,0.89,6259590.465732813,5961515.0,0.0175,-88.27,1374124,6308871,4161130,0.022
5572,BTCS,Financial Services,Capital Markets,NASDAQ,34.19,5,6,14,18,0.99,49227843.03453308,49775371.0,0.056199998,-86.89,674762,967734,859340,0.271
5573,REFR,Technology,Electronic Components,NASDAQ,34.14,5,7,14,19,0.46,19177282.7156564,34867786.0,0.0099,-82.96,46676,58682,45627,-0.756
5574,BTCT,Technology,Computer Hardware,NASDAQ,34.09,5,14,10,6,0.64,13621872.824659944,15657325.0,0.16370001,-82.42,214357,3034745,1942825,0.004
5575,BCAB,Healthcare,Biotechnology,NASDAQ,34.08,5,2,2,8,3.37,6555238.379133701,1659554.0,0.0946,-95.29,38591,56667,54514,
5576,CWD,Financial Services,Asset Management,NASDAQ,34.01,5,3,7,3,0.56,6842333.279047012,8840224.0,0.0163,-98.83,303148,11835702,7148097,-0.409
5577,WKSP,Consumer Cyclical,Auto Parts,NASDAQ,34.0,5,6,5,8,0.64,10593811.699833035,14920862.0,0.0247,-85.65,433561,11368627,7063050,0.479
5578,CIRC,Industrials,Staffing & Employment Services,NASDAQ,33.97,5,5,19,85,0.79,69451571.65783131,89963174.0,0.0221,-84.95,3028334,25076561,15157854,1.431
5579,MKZR,Real Estate,REIT - Diversified,NASDAQ,33.84,5,4,9,12,1.56,3766040.2832210064,2255114.0,0.0064999997,-90.77,14129,30429,22871,0.491
5580,EH,Industrials,Aerospace & Defense,NASDAQ,33.76,5,7,12,16,4.9,388328244.76018715,75845362.0,0.1519,-76.04,898668,1173286,1239403,-0.017
5581,UPXI,Communication Services,Internet Content & Information,NASDAQ,33.71,5,5,5,4,0.8,59129148.715372205,73452358.0,0.23030001,-92.47,980902,1860507,2167908,0.442
5582,HERE,Consumer Cyclical,Leisure,NASDAQ,33.69,5,4,10,32,1.84,102786921.57202184,54384615.0,0.0179,-86.5,94063,117064,139424,-0.711
5583,YRD,Financial Services,Credit Services,NYSE,33.65,5,4,5,14,1.18,109360576.25,87488461.0,0.0109,-82.62,74983,2094311,1329414,-0.411
5584,CRDF,Healthcare,Biotechnology,NASDAQ,33.58,5,9,21,13,0.83,68343416.74967408,77662974.0,0.1919,-81.64,2516936,1719108,1722341,-0.624
5585,BIOX,Basic Materials,Agricultural Inputs,NASDAQ,33.52,5,4,3,3,0.34,22335561.46962765,63815891.0,0.0176,-91.14,104630,190753,237324,-0.359
5586,INBS,Healthcare,Medical Devices,NASDAQ,33.51,5,4,2,14,1.75,5049187.051986694,2391846.0,0.0357,-92.97,141093,69317,103194,0.455
5587,INUV,Technology,Software - Application,NYSE ARCA,33.49,5,6,8,10,0.97,19906943.61759472,16452019.0,0.0116,-84.33,331564,274008,251738,-0.703
5588,BZAI,Technology,Software - Application,NASDAQ,33.46,5,12,20,4,0.9,151548934.10744047,142299461.0,0.1273,-86.69,3510122,3626494,5148242,1.719
5589,GOAI,Technology,Software - Infrastructure,NASDAQ,33.45,5,6,8,7,1.91,89511704.7921431,36535389.0,0.01,-89.39,1262603,493684,348474,0.06
5590,IZM,Technology,Electronics & Computer Distribution,NASDAQ,33.41,5,4,2,17,0.26,3316998.5529051125,12018111.0,0.020399999,-90.51,341540,1288233,1355814,0.072
5591,RAYA,Industrials,Electrical Equipment & Parts,NASDAQ,33.37,5,2,1,1,2.72,2763340.0792980194,1054710.0,0.0227,-99.93,25526,50105,48027,-0.231
5592,GTM,Technology,Software - Application,NASDAQ,33.34,5,3,13,19,2.92,904784344.7054486,294718034.0,0.19049999,-76.66,6872102,10876840,11821078,0.015
5593,ENSC,Healthcare,Biotechnology,NASDAQ,33.23,5,3,3,2,0.26,4348444.872770309,15365530.0,0.0119,-90.55,2238026,1308715,1265651,-0.272
5594,ZSQR,Technology,Software - Infrastructure,NASDAQ,33.22,5,53,78,69,5.26,266571872.39255762,52734299.0,2.33,-75.43,677940,781790,573406,0.81
5595,AZI,Consumer Cyclical,Auto & Truck Dealerships,NASDAQ,33.2,5,3,0,2,1.16,2968009.093570709,2452900.0,0.16549999,-99.22,119422,5435434,7638014,-0.63
5596,FUSE,Technology,Software - Application,NASDAQ,33.19,5,6,12,3,0.88,26666478.323744416,28985302.0,0.0475,-96.48,64073,66324,80748,-0.038
5597,RKDA,Consumer Defensive,Packaged Foods,NASDAQ,32.98,5,2,4,7,0.64,1461749.0864112973,2181715.0,0.0107,-90.46,54471,4263877,3830262,-0.083
5598,ANTA,Financial Services,Credit Services,NASDAQ,32.98,5,14,29,17,3.64,97017944.80392551,24014343.0,0.0014,-73.66,7530,4460,3982,0.524
5599,NEGG,Consumer Cyclical,Internet Retail,NASDAQ,32.93,4,9,97,99,14.12,272444759.96956444,20973423.0,0.28219998,-89.76,79332,66880,86372,-0.118
5600,VENU,Consumer Cyclical,Restaurants,NYSE ARCA,32.88,4,8,8,7,2.37,135398900.23359776,57862780.0,0.069699995,-86.96,395157,860229,638953,0.115
5601,VERI,Technology,Software - Infrastructure,NASDAQ,32.74,4,6,16,67,1.04,94813487.2470355,92954401.0,0.1312,-88.96,2248521,2677670,2774510,-0.098
5602,RIME,Technology,Consumer Electronics,NASDAQ,32.71,4,4,16,4,0.46,7404459.674497426,15425958.0,0.0431,-89.96,145034,246924,425606,18.512
5603,GETY,Communication Services,Internet Content & Information,NYSE,32.58,4,27,8,13,0.44,216182958.5168059,418959244.0,0.1292,-86.29,6018992,13436887,9254678,0.011
5604,CAPS,Basic Materials,Building Materials,NASDAQ,32.54,4,2,5,5,0.23,3952824.835011244,15203173.0,0.0379,-88.89,451466,298382,2991487,0.6
5605,BTGO,Financial Services,Capital Markets,NYSE,32.49,4,4,12,17,4.82,550807192.75,115959409.0,0.0458,-80.33,941827,1253652,1661917,1.126
5606,DOGZ,Consumer Cyclical,Leisure,NASDAQ,32.49,4,3,6,0,0.94,13756103.984657407,14510658.0,0.0058999998,-94.33,19062,48337,434152,-0.362
5607,VRM,Financial Services,Credit Services,NASDAQ,32.47,4,6,12,14,7.09,37130381.105965614,5207627.0,0.0365,-76.37,5746,44528,29271,-0.106
5608,LENZ,Healthcare,Biotechnology,NASDAQ,32.46,4,4,5,8,5.48,162415755.53766155,31354394.0,0.5481,-89.13,1204340,1020123,900960,
5609,SPWR,Technology,Solar,NASDAQ,32.24,4,4,6,35,0.48,102259273.10821444,169584205.0,0.0834,-78.85,2644692,3514424,3425924,-0.072
5610,KSCP,Industrials,Security & Protection Services,NASDAQ,32.09,4,4,14,10,1.45,25359945.103574038,17251663.0,0.1454,-85.27,3149355,1436881,1101187,1.062
5611,RCON,Energy,Oil & Gas Equipment & Services,NASDAQ,31.88,4,3,10,14,0.47,35344695.23356426,90627427.0,0.0004,-93.44,4996250,1704143,1055102,1.022
5612,FLUX,Industrials,Electrical Equipment & Parts,NASDAQ,31.87,4,8,13,11,0.59,14162596.66416657,21361383.0,0.0215,-92.19,52891,84107,91822,-0.607
5613,FEMY,Healthcare,Medical Instruments & Supplies,NASDAQ,31.8,4,3,8,13,3.71,9088797.31120348,3019534.0,0.066,-83.29,57634,49064,78703,0.245
5614,DEFT,Financial Services,Capital Markets,NASDAQ,31.8,4,8,9,3,0.39,164855799.94908053,387895989.0,0.0383,-88.63,2085877,2771359,3595681,-0.744
5615,ADGM,Healthcare,Medical Devices,NASDAQ,31.66,4,6,33,24,0.48,11771542.63455367,22210459.0,0.005,-81.41,66317,65315,94693,
5616,SLND,Industrials,Engineering & Construction,NYSE ARCA,31.62,4,2,4,7,0.62,61809524.70439267,54218882.0,0.0247,-88.39,22976074,7829951,4736070,-0.28
5617,CURX,Healthcare,Biotechnology,NASDAQ,31.44,4,4,13,2,0.19,5838207.278756976,28340812.0,0.0067000003,-97.93,63518,82439,76555,
5618,HTCO,Industrials,Marine Shipping,NASDAQ,31.4,4,9,21,12,3.09,27007811.692863464,9063024.0,0.066,-94.54,82854,302308,562388,0.568
5619,HRTX,Healthcare,Biotechnology,NASDAQ,31.39,4,3,23,25,0.46,88961303.20436141,189279369.0,0.2728,-76.88,2663371,3237770,3496234,-0.108
5620,SOC,Energy,Oil & Gas Drilling,NYSE,31.36,4,5,34,8,4.71,833897469.9180088,191700572.0,0.2597,-85.16,8107453,14279814,10075908,
5621,CGTL,Consumer Cyclical,Specialty Retail,NASDAQ,31.35,4,5,52,99,4.81,7666045.17017889,1714999.0,2.2331,-94.99,36567,287430,578811,-0.41
5622,BYRN,Industrials,Aerospace & Defense,NASDAQ,31.27,4,4,4,11,3.54,75795807.09221363,22693356.0,0.1456,-88.44,831137,910912,702009,-0.425
5623,GVH,Industrials,Integrated Freight & Logistics,NASDAQ,31.24,4,94,82,1,1.0,10884782.963388443,2286719.0,0.0176,-90.69,2720870,1650550,999300,0.08
5624,NNOX,Healthcare,Medical Devices,NASDAQ,31.22,4,2,6,10,0.9,77952877.2918824,69600783.0,0.1033,-84.18,1024137,2984605,2303165,0.531
5625,DUO,Real Estate,Real Estate Services,NASDAQ,31.17,4,5,17,9,0.57,21240175.52623737,38548413.0,0.003,-89.33,587470,245103,304460,-0.24
5626,WNW,Consumer Cyclical,Internet Retail,NASDAQ,31.17,4,1,0,23,2.65,4390554.236558199,1330471.0,0.026300002,-99.8,219738,731809,1866681,62.646
5627,ICMB,Financial Services,Asset Management,NASDAQ,31.16,4,7,14,66,0.78,12325330.688847542,14432472.0,0.0372,-75.0,73485,123258,104957,-0.187
5628,SES,Consumer Cyclical,Auto Parts,NYSE,31.13,4,17,12,89,0.5,235602790.45811272,369283364.0,0.0962,-86.6,17197641,13760433,11876108,0.158
5629,MSGY,Industrials,Engineering & Construction,NASDAQ,31.06,4,5,1,3,0.35,5547749.796509743,14225000.0,0.01,-98.42,268711,487443,889446,-0.191
5630,CABO,Communication Services,Telecom Services,NYSE,30.94,4,3,28,6,37.63,222943118.57195663,5672853.0,0.16,-79.18,207193,276751,250690,-0.073
5631,FOFO,Industrials,Consulting Services,NASDAQ,30.73,4,6,4,6,2.0,20290489.545423985,7571078.0,0.0015,-97.06,28235,119371,296765,-0.441
5632,TVGN,Healthcare,Biotechnology,NASDAQ,30.71,4,38,2,4,4.49,17763434.190955162,4219343.0,0.0424,-93.59,14143,19457,29516,
5633,BJDX,Healthcare,Medical Devices,NASDAQ,30.63,4,59,5,5,1.03,1500336.799339056,1034715.0,0.4683,-93.82,2807367,5618429,4976613,
5634,SDOT,Consumer Defensive,Farm Products,NASDAQ,30.61,4,0,2,3,17.52,26737115.093723297,1056803.0,0.0988,-96.19,3474192,4251740,4120597,
5635,GOVX,Healthcare,Biotechnology,NASDAQ,30.56,4,5,1,1,0.73,5074992.7907419205,5210465.0,0.0121,-96.84,299259,468936,6223717,
5636,NYXH,Healthcare,Medical Instruments & Supplies,NASDAQ,30.5,4,4,9,18,1.4,157114324.79902804,100072815.0,0.0034,-83.7,139318,304552,372757,4.989
5637,CAN,Technology,Computer Hardware,NASDAQ,30.48,4,7,11,14,0.24,201286190.59839427,745504380.0,0.102299996,-89.19,5973965,9397528,9763431,-0.243
5638,YDDL,Industrials,Waste Management,NASDAQ,30.47,4,2,28,78,1.75,109265002.02187753,56033333.0,0.0011999999,-89.22,21366,23865,39691,0.083
5639,GNS,Consumer Defensive,Education & Training Services,NYSE ARCA,30.29,4,4,7,23,0.17,33590813.32795185,191947508.0,0.049099997,-87.97,2001362,4276384,12373792,
5640,ARAY,Healthcare,Medical Devices,NASDAQ,30.28,4,6,5,9,0.24,30930559.825473785,118963696.0,0.0466,-88.57,1073451,1616527,3787036,-0.074
5641,OPTT,Industrials,Specialty Industrial Machinery,NYSE ARCA,30.28,4,11,13,36,0.15,51033365.9604564,255166826.0,0.0615,-83.33,5417733,4228557,4843454,-0.378
5642,BHST,Consumer Defensive,Packaged Foods,NASDAQ,30.19,4,6,14,13,1.92,61203174.480886936,22667842.0,0.0037,-85.0,54121,36010,32272,0.082
5643,VTIX,Technology,Computer Hardware,NASDAQ,30.01,4,2,2,2,2.64,93101411.0700798,32898026.0,0.207,-97.15,421502,281640,400286,-0.14
5644,PRFX,Healthcare,Drug Manufacturers - Specialty & Generic,NASDAQ,29.87,4,5,4,5,1.13,3619777.8740549088,3041830.0,0.042,-93.7,128726,2363748,3157939,
5645,SLBT,Healthcare,Biotechnology,NASDAQ,29.7,4,7,20,45,3.12,2411267062.0564356,560759757.0,0.0001,-78.48,101656,1505088,907301,
5646,NEON,Technology,Electronic Components,NASDAQ,29.66,4,5,7,3,0.78,14433314.02008164,16782923.0,0.029000001,-97.39,104189,232669,236633,0.197
5647,NAKA,Financial Services,Capital Markets,NASDAQ,29.65,4,1,2,2,4.87,70652683.34424162,17402139.0,0.1441,-99.26,293371,267693,336023,1.771
5648,INTJ,Industrials,Consulting Services,NASDAQ,29.58,4,4,36,11,3.34,4873875.117301941,1537500.0,0.0011,-89.48,12718,67719,42899,0.035
5649,NFE,Energy,Oil & Gas Midstream,NASDAQ,29.52,4,3,4,10,0.35,101971568.143183,285634650.0,0.18270001,-92.87,2459329,4174119,4528077,-0.508
5650,NNNN,Healthcare,Medical Instruments & Supplies,NASDAQ,29.51,4,9,94,95,9.9,416527477.95410156,43891200.0,0.002,-81.98,30272,46830,38908,0.739
5651,CELZ,Healthcare,Biotechnology,NASDAQ,29.29,4,26,31,15,0.81,5702080.08458519,6487008.0,0.0936,-87.04,206798,6792779,4095303,
5652,SOAR,Industrials,Airports & Air Services,NYSE ARCA,29.29,4,2,2,5,0.13,7126528.073517561,53183044.0,0.1349,-96.64,1399483,9597291,26376488,-0.961
5653,JFIN,Financial Services,Credit Services,NASDAQ,29.16,4,5,8,15,2.16,130300570.03905344,52329546.0,0.0087,-87.18,66147,97072,93859,-0.574
5654,BOXL,Technology,Consumer Electronics,NASDAQ,29.12,4,3,4,0,3.55,2374722.8818306923,667057.0,0.1449,-99.03,15832,980719,596562,0.001
5655,TPST,Healthcare,Biotechnology,NASDAQ,29.0,4,4,4,3,0.93,15436111.353641808,15979411.0,0.0381,-92.4,262336,197318,167829,
5656,HCTI,Healthcare,Health Information Services,NASDAQ,28.95,4,2,0,0,1.62,3731120.78768456,2027783.0,0.0841,-99.88,37281,217780,235910,1.661
5657,MRNO,Real Estate,Real Estate - Development,NASDAQ,28.93,4,3,0,2,0.21,18494768.49181938,79718832.0,0.1216,-97.64,313800,693976,7722870,-0.149
5658,HTZ,Industrials,Rental & Leasing Services,NASDAQ,28.7,3,6,38,30,1.81,568376126.3431742,315764523.0,0.72339994,-78.34,16475774,24391941,17230372,0.105
5659,GRI,Healthcare,Biotechnology,NASDAQ,28.66,3,4,2,0,1.45,2656257.0,1770838.0,0.064899996,-98.2,33265,85331,70109,
5660,EMBC,Healthcare,Medical Instruments & Supplies,NASDAQ,28.66,3,3,24,22,3.29,192814950.25,59327677.0,0.1174,-78.84,1213517,2109455,2154643,-0.144
5661,MRLN,Industrials,Aerospace & Defense,NASDAQ,28.52,3,6,59,44,3.47,346521338.39527416,96524052.0,1.47,-79.59,1655212,2209830,2918654,0.154
5662,ADCT,Healthcare,Drug Manufacturers - Specialty & Generic,NYSE,28.29,3,2,84,88,1.15,171708066.33247352,127191158.0,0.0556,-76.91,760612,1405754,1996860,-0.095
5663,MTNB,Healthcare,Biotechnology,NYSE ARCA,28.24,3,21,19,15,0.24,2203729.778840393,6406191.0,0.001,-92.23,2366775,875125,681625,
5664,FXHO,Technology,Consumer Electronics,NASDAQ,28.2,3,0,2,0,12.04,75362111.5,5197387.0,0.4936,-99.84,54094,549405,350919,-0.281
5665,GCDT,Industrials,Specialty Industrial Machinery,NYSE ARCA,28.16,3,3,1,41,0.47,5986875.046044588,12875000.0,0.0085,-91.97,129161,347687,2204252,1.429
5666,ANPA,Industrials,Specialty Business Services,NASDAQ,28.15,3,7,9,99,4.27,65390597.99782753,15101755.0,0.0064999997,-97.64,36380,17046,14898,
5667,TRAW,Healthcare,Biotechnology,NASDAQ,27.99,3,7,11,34,0.49,10202980.014150143,15228328.0,0.0759,-85.02,132607,385329,492239,
5668,SNTI,Healthcare,Biotechnology,NASDAQ,27.93,3,31,11,5,0.4,13610257.698488176,31144754.0,0.0312,-86.11,589151,305227,268510,
5669,PMAX,Financial Services,Capital Markets,NASDAQ,27.85,3,3,0,48,1.6,3276285.972744584,1715333.0,0.0463,-96.92,1959981,1022243,777494,0.727
5670,QTI,Healthcare,Medical Devices,NASDAQ,27.77,3,5,23,16,2.77,45162001.446068525,13768903.0,0.015,-93.98,59342,41064,59584,1.334
5671,LIQT,Industrials,Pollution & Treatment Controls,NASDAQ,27.72,3,6,66,36,0.65,22734010.211446226,32947841.0,0.002,-80.6,157659,272873,399245,-0.104
5672,MVST,Consumer Cyclical,Auto Parts,NASDAQ,27.56,3,7,13,38,0.8,300507963.7040982,333157384.0,0.105500005,-88.76,5964404,4514674,4955452,-0.48
5673,AIFC,Technology,Software - Infrastructure,NASDAQ,27.52,3,3,3,10,0.43,76910082.71698111,139836511.0,0.1042,-95.59,999252,1174317,1288180,-0.028
5674,SSTK,Communication Services,Internet Content & Information,NYSE,27.48,3,22,30,32,5.58,272228678.13422394,36738014.0,0.053400002,-81.08,1538409,1125559,941073,-0.179
5675,ELTX,Healthcare,Biotechnology,NASDAQ,27.43,3,4,85,31,3.0,81682418.08475018,26264444.0,0.1313,-81.25,473974,3321941,2049478,
5676,MODD,Healthcare,Medical Devices,NASDAQ,27.05,3,6,2,12,2.51,16131216.903247833,5413160.0,0.0307,-91.63,230117,164289,107021,
5677,PSIG,Industrials,Integrated Freight & Logistics,NASDAQ,27.04,3,98,93,83,1.26,19066949.426642418,15376572.0,0.0296,-89.5,151855,1848085,1656001,-0.373
5678,LNKS,Industrials,Electrical Equipment & Parts,NASDAQ,26.95,3,0,0,94,1.24,2249258.161695361,1606613.0,0.0088,-99.7,74801,2860477,2771362,-0.016
5679,SLMT,Technology,Software - Infrastructure,NASDAQ,26.68,3,2,2,1,3.87,55927212.680057526,11009294.0,0.0214,-99.27,120138,113139,123796,5.008
5680,MVIS,Technology,Scientific & Technical Instruments,NASDAQ,26.65,3,4,11,14,0.25,105075113.0753097,350250363.0,0.1766,-85.55,9440480,10838270,10764924,0.587
5681,APUS,Healthcare,Drug Manufacturers - Specialty & Generic,NYSE ARCA,26.52,3,7,35,28,5.65,9960177.215781868,15091177.0,0.0287,-85.98,15957,15178,10676,
5682,XPON,Industrials,Electrical Equipment & Parts,NASDAQ,26.51,3,9,14,13,3.3,3522995.7649102807,11438298.0,0.013099999,-40.0,31080,16298,15611,-0.236
5683,QNCX,Healthcare,Biotechnology,NASDAQ,26.41,3,5,0,0,17.85,18463940.619260788,977963.0,0.1157,-98.04,39798,31166,59280,
5684,AUUD,Technology,Software - Application,NASDAQ,26.13,3,0,1,5,1.07,6705062.5,5364050.0,0.044299997,-97.8,238569,316796,4339797,
5685,PBM,Healthcare,Biotechnology,NASDAQ,26.06,3,5,9,0,2.95,11709986.705366135,3814328.0,0.0135,-99.37,125473,70434,86492,
5686,CSAI,Technology,Software - Infrastructure,NASDAQ,26.02,3,2,5,4,0.24,7447505.638629466,24991629.0,0.026400002,-89.59,967114,1025364,793468,0.782
5687,BIAF,Healthcare,Diagnostics & Research,NASDAQ,25.81,3,2,67,2,0.66,4423274.920032024,6283061.0,0.1318,-95.11,187090,549850,400200,-0.271
5688,CDLX,Communication Services,Advertising Agencies,NASDAQ,25.7,3,4,13,7,3.62,24276866.34301424,5807863.0,0.1238,-88.96,48376,62788,74258,-0.392
5689,AMZE,Technology,Software - Application,NYSE ARCA,25.7,3,3,1,2,0.09,5408311.090511754,58785990.0,0.044499997,-98.78,1199780,3720426,8283030,6.79
5690,ENLV,Healthcare,Biotechnology,NASDAQ,25.67,3,8,17,27,4.2,78773827.31059313,16832015.0,0.0063,-86.67,107232,60323,47541,
5691,ATOS,Healthcare,Biotechnology,NASDAQ,25.49,3,2,7,13,2.3,24837742.625128984,9974997.0,0.0706,-88.11,87660,265246,177486,
5692,AVX,Technology,Software - Infrastructure,NASDAQ,25.41,3,5,2,1,3.46,26884864.087794304,7468018.0,0.0057,-96.79,18432,32681,32352,8.198
5693,XAIR,Healthcare,Medical Devices,NASDAQ,25.29,3,5,2,5,5.16,4020562.9250278473,720531.0,0.0235,-94.6,28073,18876,16233,0.655
5694,VVOS,Healthcare,Medical Devices,NASDAQ,25.25,3,2,4,8,0.39,5835731.817799807,13894600.0,0.10560001,-93.44,156741,714543,2000898,0.705
5695,RDGT,Healthcare,Pharmaceutical Retailers,NASDAQ,25.21,3,0,0,61,1.25,1267458.8399957418,898907.0,0.0374,-99.84,3486697,5168915,3630769,-0.117
5696,LIMN,Healthcare,Biotechnology,NASDAQ,25.18,3,2,1,1,0.11,8260724.754174963,67160362.0,0.0305,-98.83,74394888,49087576,38343971,
5697,CRIS,Healthcare,Biotechnology,NASDAQ,25.11,3,1,6,6,4.89,9023564.643037796,1948934.0,0.0911,-87.46,80421,346977,212655,
5698,CVKD,Healthcare,Biotechnology,NASDAQ,25.06,3,4,8,7,2.04,6649013.784208059,3078247.0,0.0313,-86.07,89558,88129,79395,
5699,IPDN,Industrials,Staffing & Employment Services,NASDAQ,24.97,3,4,7,7,0.35,5388735.491755694,12830323.0,0.0119,-97.18,55904,61758,72862,0.029
5700,LHSW,Technology,Software - Infrastructure,NASDAQ,24.85,3,2,1,2,2.21,7409999.907016754,3250000.0,0.100600004,-95.6,210547,4011228,2510560,0.569
5701,GNLN,Consumer Defensive,Tobacco,NASDAQ,24.79,3,2,1,3,2.11,1572332.9160220623,631459.0,0.026800001,-95.04,7889,14269,14085,-0.695
5702,ACTU,Healthcare,Biotechnology,NASDAQ,24.78,3,7,6,11,1.18,34453228.24904823,23925852.0,0.0656,-87.2,662435,380891,270351,
5703,MNDR,Healthcare,Health Information Services,NASDAQ,24.78,3,3,5,2,2.18,3834467.0255680084,1194538.0,0.0715,-95.16,24809,164816,111699,-0.077
5704,ZEPP,Technology,Consumer Electronics,NYSE,24.6,3,9,95,98,4.9,79190898.79856157,14664981.0,0.0759,-92.08,33855,78425,126621,0.338
5705,RGC,Healthcare,Drug Manufacturers - Specialty & Generic,NASDAQ,24.57,3,3,99,99,5.72,2482334313.7483726,494488909.0,0.0137,-91.71,303995,468141,317075,
5706,TRUG,Consumer Cyclical,Leisure,NASDAQ,24.4,3,0,1,1,1.21,1325275.693725109,1113677.0,0.068,-98.58,1684823,684057,470806,-0.042
5707,ENGN,Healthcare,Biotechnology,NASDAQ,24.29,3,2,73,94,1.82,121920831.63373733,66989466.0,0.021,-85.14,866786,1086195,1290281,
5708,AIM,Healthcare,Biotechnology,NYSE ARCA,23.89,3,3,2,3,0.25,7208303.435600996,27724245.0,0.0798,-98.73,548001,2261237,34228752,0.375
5709,SNGX,Healthcare,Biotechnology,NASDAQ,23.88,3,2,3,13,0.37,5336702.85206151,14824174.0,0.0276,-94.06,362662,569087,8828672,
5710,MPU,Communication Services,Entertainment,NYSE ARCA,23.87,3,3,11,8,0.23,16319805.955223903,67999193.0,0.025899999,-94.82,270767,370029,3950491,-0.492
5711,YDES,Healthcare,Biotechnology,NASDAQ,23.81,3,1,5,33,2.24,173536801.07750177,70831346.0,0.0007,-91.04,42465,254548,158191,0.956
5712,UCAR,Consumer Cyclical,Auto & Truck Dealerships,NASDAQ,23.74,3,16,0,12,0.95,29604050.336247325,25742653.0,0.0116,-97.93,1121637,622815,841195,-0.248
5713,KNRX,Technology,Software - Application,NYSE ARCA,23.67,3,2,15,6,0.4,11195705.605760306,30423113.0,0.0005,-90.0,1244734,452378,316500,-0.486
5714,LICN,Industrials,Specialty Business Services,NASDAQ,23.63,3,4,69,99,1.1,22189714.141884446,16436825.0,0.0388,-88.41,2883016,1845975,1412279,-0.561
5715,AMIX,Healthcare,Medical Devices,NASDAQ,23.49,3,6,8,2,2.92,2416349.8964309692,543000.0,0.0313,-94.73,1246075,427731,293700,
5716,GAUZ,Technology,Electronic Components,NASDAQ,23.44,3,3,4,1,0.31,6934960.779374242,18743137.0,0.0046,-95.85,171581,128307,131438,-0.178
5717,WSHP,Communication Services,Internet Content & Information,NASDAQ,23.41,2,3,2,95,4.51,56074867.207839966,11585716.0,0.9858,-98.2,68590,494853,330266,-0.733
5718,AEON,Healthcare,Biotechnology,NYSE ARCA,23.09,2,19,80,87,0.25,13026848.37094456,44158810.0,0.0115,-82.76,6814459,2308806,1408411,
5719,THH,Industrials,Specialty Business Services,NASDAQ,23.08,2,3,2,0,0.21,11810915.071591735,50046250.0,0.0039,-99.62,113269,888549,778249,0.005
5720,VTGN,Healthcare,Biotechnology,NASDAQ,23.03,2,14,8,1,0.23,9437464.361200735,41032453.0,0.038900003,-95.53,823915,3368591,2259665,
5721,AREN,Communication Services,Internet Content & Information,NYSE ARCA,22.96,2,3,8,68,0.82,47602790.0,47602790.0,0.040700004,-89.55,51178,144999,130029,-0.359
5722,PPCB,Healthcare,Biotechnology,NASDAQ,22.84,2,2,1,0,1.37,3394774.3017282486,2278372.0,0.0083,-99.49,110122,8006407,4830283,
5723,SURG,Communication Services,Telecom Services,NASDAQ,22.84,2,2,3,7,0.24,7863152.973282784,25121895.0,0.0269,-92.55,928279,9237116,5623951,0.511
5724,BDRX,Healthcare,Biotechnology,NASDAQ,22.76,2,3,1,1,1.65,1925660.683462143,904066.0,0.09020001,-97.22,394239,283316,178905,
5725,FGL,Industrials,Engineering & Construction,NASDAQ,22.75,2,1,0,1,1.04,1168573.1781482697,1145660.0,0.0186,-99.27,227138,554372,1249197,0.089
5726,CVM,Healthcare,Biotechnology,NYSE ARCA,22.75,2,2,5,15,1.18,20448257.72996235,17477144.0,0.0156,-91.25,412396,442618,459843,
5727,FBLG,Healthcare,Biotechnology,NASDAQ,22.63,2,0,1,8,0.71,4349443.91322881,5208915.0,0.0278,-95.07,66425,143641,138387,
5728,NWGL,Basic Materials,Lumber & Wood Production,NASDAQ,22.6,2,2,17,54,0.27,4618333.267848343,16553165.0,0.15010001,-85.21,611209,4055986,2787953,-0.119
5729,SNWV,Healthcare,Medical Devices,NASDAQ,22.14,2,3,12,28,5.93,54947455.49191284,8598976.0,0.1105,-87.27,445920,320226,228764,0.031
5730,LNZA,Industrials,Waste Management,NASDAQ,21.7,2,2,84,5,5.53,72906640.15690374,13089163.0,0.113800004,-92.23,66511,196437,178694,0.268
5731,BNKK,Financial Services,Asset Management,NASDAQ,21.66,2,4,4,3,1.12,9681137.70521164,8000940.0,0.0437,-97.61,92723,216067,424936,102.016
5732,VIVS,Healthcare,Biotechnology,NASDAQ,21.42,2,9,22,66,0.42,2026561.121686399,3494071.0,0.0398,-92.08,20454152,6930994,4179800,-0.216
5733,CIGL,Industrials,Security & Protection Services,NASDAQ,21.24,2,1,11,14,0.46,451701081.32,226985468.0,0.0023,,294024,2827906,3115632,0.108
5734,PPBT,Healthcare,Biotechnology,NASDAQ,21.02,2,2,8,5,1.43,1370442.806672573,932274.0,0.0291,-95.07,25090,411910,382514,
5735,VEEA,Technology,Information Technology Services,NASDAQ,20.7,2,5,10,9,0.16,10692689.197381735,55116953.0,0.033800002,-91.4,1248996,2560875,1686457,11.65
5736,SCNI,Healthcare,Biotechnology,NASDAQ,20.69,2,2,5,8,0.23,1292345.75,5169383.0,0.0052,-93.39,1001668,597679,478711,-0.166
5737,ICCM,Healthcare,Medical Devices,NASDAQ,20.67,2,4,4,13,3.08,12506269.076764584,3426375.0,0.14109999,-92.67,89090,6803340,4116987,0.257
5738,ZBAO,Financial Services,Insurance Brokers,NASDAQ,20.61,2,9,17,28,0.19,7697942.258004487,34061692.0,0.038900003,-85.82,56448229,31733623,19209533,0.407
5739,VSEE,Healthcare,Health Information Services,NASDAQ,20.38,2,2,4,3,0.08,4714143.976044059,48599421.0,0.0328,-96.83,5306996,3027822,3344845,-0.049
5740,IVF,Healthcare,Medical Devices,NASDAQ,20.34,2,2,1,1,1.0,1857476.3318681717,1786035.0,0.4271,-99.41,128526,4423402,2973295,0.231
5741,REED,Consumer Defensive,Beverages - Non-Alcoholic,NYSE ARCA,20.33,2,2,28,3,0.93,11857086.0,11857086.0,0.0082,-92.25,13948,25626,31347,-0.288
5742,RVSN,Industrials,Railroads,NASDAQ,20.32,2,1,0,15,4.1,9273116.021813393,2192226.0,0.026300002,-99.54,7878,18169,34999,1.319
5743,WCT,Technology,Software - Application,NASDAQ,20.27,2,1,2,7,0.87,5255230.208782554,4530371.0,0.0723,-96.52,130551,417023,3839470,-0.879
5744,CHAI,Communication Services,Internet Content & Information,NASDAQ,20.05,2,3,3,2,0.4,9194575.032931745,21891846.0,0.0234,-97.81,17288349,6819103,8842747,-0.74
5745,VNRX,Healthcare,Medical Devices,NYSE ARCA,19.83,2,1,5,9,1.0,13248773.187159419,12044339.0,0.028199999,-93.75,200651,248073,288764,2.998
5746,BTOG,Financial Services,Financial Data & Stock Exchanges,NASDAQ,19.75,2,3,3,1,0.83,2493018.4071287513,2695155.0,0.1423,-98.5,119668,1728529,1114679,
5747,ALAR,Technology,Software - Infrastructure,NASDAQ,19.73,2,35,17,13,1.88,15946952.980670929,7348826.0,0.0034,-89.56,178022,335397,244176,0.642
5748,CANG,Financial Services,Capital Markets,NYSE,19.73,2,2,2,10,1.69,73839543.71411973,410219671.0,0.0354,-39.1,128076,178928,142625,-0.332
5749,FNGR,Communication Services,Telecom Services,NASDAQ,19.62,2,3,15,20,0.26,20845522.959262937,61310361.0,0.02,-88.94,242134,428218,869562,-0.88
5750,CLDI,Healthcare,Biotechnology,NYSE ARCA,19.52,2,2,1,4,0.1,2298083.427948877,19311625.0,0.2252,-99.08,11482300,7021603,5515494,
5751,ENVB,Healthcare,Biotechnology,NASDAQ,19.45,2,4,29,2,1.29,5398159.314464927,4028477.0,0.0039,-92.69,127742,184910,177762,
5752,VRRM,Technology,Information Technology Services,NASDAQ,19.43,2,1,15,20,4.05,625855392.9756632,151906653.0,0.0866,-84.16,3743020,5349573,7949176,0.001
5753,CMCT,Real Estate,REIT - Office,NASDAQ,19.4,2,1,0,6,2.8,7841246.673014879,2947837.0,0.0207,-99.81,25132,30604,34210,-0.1
5754,JEM,Consumer Cyclical,Apparel Retail,NASDAQ,19.29,2,14,1,1,6.35,3233969.4751758575,670948.0,0.7083,-99.61,4574880,2254482,1363377,0.235
5755,FLD,Financial Services,Capital Markets,NASDAQ,19.29,2,1,8,5,0.45,19297672.757846117,50783350.0,0.0328,-90.42,279498,608072,2834155,-0.211
5756,SNYR,Healthcare,Medical Distribution,NASDAQ,19.28,2,0,1,15,0.17,2771378.3037195653,14899883.0,0.0197,-95.75,188548,358316,2936819,-0.328
5757,UZX,Consumer Cyclical,Internet Retail,NASDAQ,19.28,2,1,3,16,0.22,17273219.129952908,64212712.0,0.00059999997,-92.9,593254,519578,8571308,-0.252
5758,LZMH,Technology,Information Technology Services,NASDAQ,19.24,2,0,0,2,1.2,11043555.171251297,8978500.0,0.0342,-99.33,54408,55499,428714,0.912
5759,IMCC,Healthcare,Drug Manufacturers - Specialty & Generic,NASDAQ,19.24,2,1,1,16,0.12,1298381.5601075292,9016539.0,0.0461,-96.47,7107112,10072090,6335532,-0.306
5760,VCIG,Industrials,Consulting Services,NASDAQ,19.07,2,29,0,0,0.51,8542120.114958704,9284913.0,0.0047999998,-99.98,5408193,1858961,4348488,-0.503
5761,RMSG,Technology,Software - Application,NASDAQ,19.01,2,5,37,4,0.38,5259340.959693342,14252957.0,0.014099999,-93.04,343090,375906,5497138,
5762,TOPS,Energy,Oil & Gas Midstream,NYSE ARCA,18.93,2,1,5,23,0.78,4156252.5,5541670.0,0.115,-89.46,162628,201369,1092987,-0.169
5763,FEED,Healthcare,Medical Devices,NASDAQ,18.82,2,1,3,4,0.38,2534205.492286682,6091840.0,0.0101,-97.82,267672,372177,934926,-0.363
5764,PSQH,Technology,Software - Application,NYSE,18.8,2,4,8,4,3.34,10103558.607988358,3356664.0,0.0002,-92.16,74369,39163,33260,1.674
5765,ONEG,Industrials,Engineering & Construction,NASDAQ,18.79,2,11,96,83,1.02,17920000.076293945,16000000.0,0.0047999998,-93.18,41223,791804,604544,-0.034
5766,KWM,Communication Services,Entertainment,NASDAQ,18.79,2,1,2,4,0.12,8491065.773228735,68476338.0,0.07,-97.38,14212003,5834394,3908860,1079.59
5767,PLYX,Healthcare,Biotechnology,NASDAQ,18.74,2,1,1,39,2.05,113648862.6138947,49845993.0,0.0189,-95.81,77801,97840,221180,
5768,ABTC,Financial Services,Capital Markets,NASDAQ,18.59,2,5,9,10,5.72,397120004.1770935,73000000.0,0.078600004,-97.37,1451303,1560579,1241860,4.035
5769,TNON,Healthcare,Medical Devices,NASDAQ,18.56,2,8,17,13,0.19,3492573.8759979308,17375989.0,0.22700001,-92.34,594686,14663595,8833821,0.899
5770,TC,Communication Services,Advertising Agencies,NASDAQ,18.38,2,14,21,19,2.3,49939365.67201674,26422945.0,0.001,-89.76,1796853,3498151,2099978,
5771,ISPC,Healthcare,Diagnostics & Research,NASDAQ,18.27,2,1,1,3,1.97,3018029.562942028,1437157.0,0.109,-98.45,138845,101605,158971,-0.852
5772,ARAI,Technology,Scientific & Technical Instruments,NASDAQ,18.24,2,2,1,2,0.29,18824943.245377332,51859347.0,0.026500002,-97.74,405126,645695,840997,
5773,VSA,Consumer Defensive,Education & Training Services,NASDAQ,18.05,2,0,1,0,3.44,10333863.333177567,2792936.0,0.0104,-99.84,580008,277719,587811,
5774,SCAG,Industrials,Farm & Heavy Construction Machinery,NASDAQ,17.92,2,3,3,10,0.34,22145948.344344795,72609665.0,0.0458,-94.82,233415,5432868,5782497,0.913
5775,RCT,Technology,Software - Application,NASDAQ,17.76,2,2,5,7,0.21,14306248.067857862,59362026.0,0.1107,-93.18,3828307,12190569,8615859,0.005
5776,NXTS,Basic Materials,Agricultural Inputs,NASDAQ,17.75,1,8,2,1,1.8,3328132.514559746,1453333.0,0.0727,-98.0,63076,2663662,1613667,
5777,IPST,Financial Services,Capital Markets,NASDAQ,17.59,1,1,0,0,2.44,1818376.5462369919,721578.0,0.0375,-99.54,22850,37906,68906,0.607
5778,GCTK,Healthcare,Medical Instruments & Supplies,NASDAQ,17.58,1,1,1,1,0.29,3227165.357139677,6559279.0,0.0817,-97.95,15630350,6272723,4005340,
5779,JYD,Industrials,Integrated Freight & Logistics,NASDAQ,17.54,1,1,49,5,0.93,5975208.2374334335,8298900.0,0.0089,-92.65,274203,238721,793372,0.086
5780,TRNR,Consumer Cyclical,Personal Services,NASDAQ,17.44,1,1,0,0,3.17,1589495.9558486938,514400.0,0.0855,-99.35,198806,288540,310606,2.791
5781,GOSS,Healthcare,Biotechnology,NASDAQ,17.21,1,1,2,88,0.14,83103943.61412606,488846722.0,0.1114,-96.38,21860186,18101148,17708565,0.715
5782,NAMI,Communication Services,Internet Content & Information,NASDAQ,17.21,1,1,9,6,3.04,10690453.641960144,3162856.0,0.0,-94.07,24760,77619,55443,-0.019
5783,DGNX,Industrials,Consulting Services,NASDAQ,17.02,1,0,1,0,1.41,32884063.1912359,29100941.0,0.075,-99.56,505722,3135827,2408322,2.927
5784,GSUN,Consumer Defensive,Education & Training Services,NASDAQ,17.02,1,5,5,6,0.21,3118978.464792967,10028870.0,0.0249,-93.66,20683862,11366970,6885630,3.046
5785,LRHC,Real Estate,Real Estate Services,NASDAQ,16.91,1,0,0,0,0.97,1745367.5493546724,1616081.0,0.0519,-99.9,99447,490415,449791,0.088
5786,SBEV,Consumer Defensive,Beverages - Wineries & Distilleries,NYSE ARCA,16.8,1,1,1,3,0.09,2368799.9188899994,25200000.0,0.0150999995,-97.31,2030160,18383143,31555764,-0.938
5787,HPAI,Technology,Software - Infrastructure,NASDAQ,16.75,1,1,5,17,0.43,20254037.113262415,37646910.0,0.015700001,-91.73,1116603,484027,617464,0.077
5788,JUNS,Healthcare,Biotechnology,NASDAQ,16.71,1,4,6,7,0.12,8342770.690823048,48224110.0,0.0272,-93.51,39136661,15407983,16709580,
5789,YYAI,Technology,Software - Infrastructure,NASDAQ,16.69,1,0,3,2,11.32,9176516.350190163,1053561.0,0.0428,-99.89,18717,14299,21027,1.131
5790,CYCU,Technology,Information Technology Services,NASDAQ,16.67,1,2,2,4,0.32,3625337.974851966,11472588.0,0.0269,-97.99,2419291,1181387,1205382,-0.155
5791,KUST,Communication Services,Entertainment,NASDAQ,16.46,1,2,1,1,1.35,720888.985054493,626860.0,0.5065,-96.34,15478889,10978753,6739895,0.381
5792,FLZH,Communication Services,Broadcasting,NASDAQ,16.45,1,1,40,3,1.38,92622676.89117765,53539119.0,0.0014,-96.27,36325,418341,278005,
5793,GNPX,Healthcare,Biotechnology,NASDAQ,16.12,1,1,2,2,7.81,3872859.1585235596,504936.0,0.086,-85.8,57106,30793,22907,
5794,MGN,Industrials,Engineering & Construction,NASDAQ,16.07,1,3,0,11,0.08,3811000.0044107437,37000000.0,0.0067000003,-99.07,891672,19899447,14790346,1.259
5795,AEMD,Healthcare,Medical Devices,NASDAQ,16.04,1,2,6,2,0.58,1711813.9372110367,2633560.0,0.0924,-97.88,77990,191160,789594,
5796,NXTT,Technology,Software - Application,NASDAQ,15.96,1,4,1,0,0.61,61621616.337575555,76264374.0,0.0001,-99.88,177788,168459,150585,
5797,SRXH,Consumer Defensive,Packaged Foods,NYSE ARCA,15.9,1,6,6,2,1.8,45476551.73090744,19517834.0,0.0275,-96.15,4563645,7624595,4886540,
5798,TNMG,Communication Services,Publishing,NASDAQ,15.75,1,1,2,5,0.37,1008352.786244452,2931258.0,0.6152,-97.1,1071664,12899181,7850176,0.057
5799,VBIO,Healthcare,Biotechnology,NASDAQ,15.72,1,3,7,4,0.3,1616416.1047372818,3200824.0,0.049099997,-94.64,1329448,802896,519757,
5800,FCUV,Technology,Scientific & Technical Instruments,NASDAQ,15.71,1,1,0,1,2.29,1904617.836810112,702811.0,0.1875,-98.91,23589,3621229,2327929,-0.748
5801,VSTD,Consumer Cyclical,Restaurants,NASDAQ,15.66,1,8,13,2,0.1,2832370.996109247,14524980.0,0.0017,-95.97,346321,178340,174556,0.109
5802,MSS,Consumer Defensive,Grocery Stores,NASDAQ,15.55,1,2,2,3,1.84,2412055.4608643055,4276694.0,0.052600004,-95.35,1637465,899196,601624,-0.086
5803,BYAH,Consumer Defensive,Household & Personal Products,NASDAQ,15.51,1,7,0,0,0.4,2902082.4975173473,6364216.0,0.041199997,-99.17,1697557,9055145,5916229,-0.159
5804,VTAK,Healthcare,Medical Devices,NYSE ARCA,15.46,1,16,4,9,0.26,2021303.7686056495,3609471.0,0.1126,-94.74,10601259,17130329,10318821,2.021
5805,SHPH,Healthcare,Drug Manufacturers - Specialty & Generic,NASDAQ,15.45,1,2,4,6,2.89,1849007.690222025,585129.0,0.2376,-94.83,7938016,4212925,2600079,
5806,AMOD,Technology,Software - Application,NASDAQ,15.21,1,1,2,22,3.78,18921181.39808178,4876593.0,0.0125,-96.37,14890,45805,35217,
5807,ARTL,Healthcare,Biotechnology,NASDAQ,15.19,1,1,5,4,1.02,4008370.9168982506,3485540.0,0.056199998,-97.93,221800,233866,1380112,
5808,CCHH,Consumer Cyclical,Restaurants,NASDAQ,15.16,1,5,6,0,1.37,6034609.201610088,3843700.0,0.0008,-91.1,193751,1226300,809142,0.101
5809,STKH,Consumer Defensive,Packaged Foods,NASDAQ,14.83,1,2,5,5,0.42,852032.1409555972,1775067.0,0.02,-96.2,1874336,661692,448897,
5810,ZSTK,Financial Services,Asset Management,NASDAQ,14.76,1,4,7,19,1.45,4132373.715909958,2430808.0,0.0123000005,-96.91,31183,25194,20686,0.059
5811,EZRA,Financial Services,Insurance Brokers,NASDAQ,14.74,1,2,6,1,2.15,1871761.4165124893,820948.0,0.030199999,-97.24,98460,94093,133447,-0.097
5812,HDRN,Industrials,Specialty Industrial Machinery,NASDAQ,14.72,1,1,47,42,1.71,142997684.0,71498842.0,0.97,-86.32,86658,93672,127785,
5813,VRXA,Healthcare,Biotechnology,NASDAQ,14.52,1,1,76,48,1.8,308269041.77998996,141407813.0,0.26,-93.42,329242,839497,508048,
5814,ELAB,Healthcare,Biotechnology,NASDAQ,14.25,1,2,0,0,0.9,4861813.808329225,4543751.0,0.0729,-99.71,1726689,4632436,3582257,
5815,CRMT,Consumer Cyclical,Auto & Truck Dealerships,NASDAQ,14.24,1,1,5,20,3.04,31394030.171168804,8327329.0,0.277,-94.62,1031210,3076603,2076996,-0.183
5816,MDXH,Healthcare,Diagnostics & Research,NASDAQ,14.15,1,1,16,82,0.41,21727192.364126444,51364520.0,0.00090000004,-92.31,359335,638855,992115,0.127
5817,SLXN,Healthcare,Biotechnology,NASDAQ,14.14,1,0,1,3,2.27,2742841.7788906097,1063117.0,0.0156,-98.98,17868,108559,791683,
5818,OFAL,Industrials,Engineering & Construction,NASDAQ,13.82,1,2,48,2,0.11,3058980.34797889,26370521.0,0.0162,-95.45,1536967,1327549,1181413,
5819,AIRE,Real Estate,Real Estate Services,NASDAQ,13.32,1,1,4,11,1.38,7457003.813256621,5364751.0,0.0851,-96.93,102048,66752,91455,-0.091
5820,DDC,Consumer Defensive,Packaged Foods,NYSE ARCA,13.05,1,3,6,9,0.46,24230624.33689952,47511029.0,0.0057,-97.59,191860,124120,107436,0.078
5821,SHFS,Financial Services,Banks - Regional,NASDAQ,12.97,1,1,6,4,0.19,1349261.4047883153,6455796.0,0.027,-97.93,246306,6816178,4175207,0.257
5822,DCX,Consumer Cyclical,Auto Manufacturers,NASDAQ,12.94,1,2,3,0,0.63,296027989.926321,351577182.0,0.0043,-99.98,71977,1191809,720333,
5823,CETX,Technology,Software - Infrastructure,NASDAQ,12.75,1,2,3,1,2.7,4647080.782070398,1721141.0,0.077199996,-98.78,149650,994276,638423,-0.337
5824,SBFM,Healthcare,Drug Manufacturers - Specialty & Generic,NASDAQ,12.19,1,1,14,15,1.66,3822542.898737192,2123635.0,0.0537,-93.17,52521,92007,2025514,-0.091
5825,GIPR,Real Estate,REIT - Diversified,NASDAQ,12.17,1,4,2,6,0.65,933337.4439736605,833337.0,0.054,-96.73,1146760,602158,1389525,-0.083
5826,WETO,Technology,Software - Infrastructure,NASDAQ,12.06,1,39,7,4,0.1,56717278.747558594,82080000.0,0.0005,-96.02,12902545,4458801,2749851,-0.45
5827,FAMI,Consumer Defensive,Packaged Foods,NASDAQ,12.02,1,26,16,17,0.19,7113210.410740972,37437950.0,0.0167,-91.04,423472,887050,546732,-0.573
5828,KITT,Industrials,Aerospace & Defense,NASDAQ,12.01,1,0,1,3,0.77,5410577.692709684,6840174.0,0.1419,-99.09,236655,253528,304151,-0.034
5829,DAIC,Technology,Information Technology Services,NASDAQ,11.98,1,1,2,0,1.31,1512978.75,1210383.0,0.0235,-99.09,654306,483925,1164822,-0.965
5830,MF,Communication Services,Advertising Agencies,NASDAQ,11.64,1,1,5,17,5.23,10362782.053237915,1818032.0,0.0423,-95.35,1381898,2384336,1477561,-0.326
5831,BNZI,Technology,Software - Application,NASDAQ,11.37,1,0,1,3,2.2,7228864.507900238,2987134.0,0.0769,-97.52,218382,332957,446486,-0.202
5832,RITR,Industrials,Engineering & Construction,NASDAQ,11.37,1,6,3,4,0.11,11864312.351122499,62443750.0,0.0023,-98.57,1706064,2022661,1252248,-0.714
5833,NTCL,Technology,Software - Application,NASDAQ,10.96,1,2,7,1,3.3,5895294.98329258,1318858.0,0.0125,-97.87,70819,132513,169065,-0.029
5834,FTFT,Technology,Software - Application,NASDAQ,10.59,1,2,7,2,1.18,2559402.498908162,1868177.0,0.009,-92.4,178939,103753,70519,-0.608
5835,NCRA,Consumer Defensive,Packaged Foods,NASDAQ,10.3,0,1,2,5,1.38,2168853.1176793575,1560326.0,0.039300002,-98.08,110945,787115,955478,-0.498
5836,DBGI,Consumer Cyclical,Apparel Retail,NASDAQ,10.13,0,1,1,91,12.9,14618814.372862697,22985558.0,0.1075,-28.33,28828,41750,162029,-0.297
5837,BNRG,Utilities,Utilities - Renewable,NASDAQ,9.26,0,0,0,1,0.67,1769645.514523983,2119336.0,0.052399997,-99.22,7010744,3094054,2958230,
5838,BIYA,Technology,Software - Application,NASDAQ,9.14,0,0,2,3,1.93,118371331.58254147,28592110.0,0.0069999998,-92.19,11638014,5772670,3892048,0.532
5839,BGL,Basic Materials,Gold,NASDAQ,8.56,0,0,1,3,0.21,9179965.16759868,43301723.0,0.016900001,-99.03,425920,1258430,907614,
5840,CMND,Healthcare,Biotechnology,NASDAQ,8.5,0,1,1,0,1.61,2881969.02500391,1485551.0,0.1369,-99.69,662229,848253,2472989,
5841,NIVF,Healthcare,Medical Care Facilities,NASDAQ,8.11,0,0,1,0,1.1,4514297.219382048,3419922.0,0.065,-99.81,166849,2348786,2335001,0.119
5842,AIXI,Technology,Software - Application,NASDAQ,8.11,0,6,85,0,1.18,1417705.4848823547,920588.0,0.08,-97.82,731766,1533285,1001783,-0.978
5843,ONFO,Communication Services,Internet Content & Information,NASDAQ,8.03,0,3,88,10,0.09,950444.3177672625,7040328.0,0.0123000005,-96.37,7440554,7972038,4891876,-0.336
5844,CDTG,Industrials,Waste Management,NASDAQ,8.02,0,1,10,8,0.95,5407638.214756966,3021027.0,0.0032,-98.22,451044,371644,351266,-0.361
5845,FCHL,Consumer Defensive,Education & Training Services,NASDAQ,7.89,0,0,0,2,1.14,1516553.2685587406,1318742.0,0.0111,-99.97,23291,96120,1509626,-0.001
5846,PHGE,Industrials,Aerospace & Defense,NYSE ARCA,7.86,0,0,0,9,0.19,2156762.432138264,10783812.0,0.0789,-98.61,1915089,4576143,9841451,
5847,CTNT,Industrials,Integrated Freight & Logistics,NASDAQ,7.71,0,0,0,12,1.73,4991837.915586352,3159391.0,0.2594,-99.59,457030,1893406,1805014,-0.807
5848,CPOP,Communication Services,Entertainment,NASDAQ,7.59,0,2,11,8,0.38,4938165.671868324,12438704.0,0.0094,-85.44,2335449,4224899,3362779,0.648
5849,SUGP,Industrials,Security & Protection Services,NASDAQ,7.51,0,1,14,26,0.48,2285963.372577429,4464772.0,0.0639,-95.97,588580,12926780,9419148,-0.065
5850,POAS,Healthcare,Medical Devices,NYSE ARCA,7.5,0,0,10,40,0.22,3568944.6304030716,16446750.0,0.026500002,-97.03,187620,347990,1477380,0.388
5851,NEXR,Consumer Cyclical,Internet Retail,NASDAQ,7.41,0,1,1,0,0.33,2863690.74678421,6132100.0,0.023599999,-99.7,1465088,12153949,11801365,0.315
5852,CISS,Industrials,Marine Shipping,NASDAQ,7.31,0,0,1,0,0.52,2536367.816581726,1483256.0,0.024300002,-99.94,626230,322946,962346,0.335
5853,JZ,Technology,Information Technology Services,NASDAQ,6.69,0,0,18,4,2.55,6574694.535934925,2408313.0,0.0174,-97.41,139555,181053,221912,0.581
5854,POM,Healthcare,Pharmaceutical Retailers,NASDAQ,6.54,0,1,17,0,0.71,8424435.854450583,7455253.0,0.9,-99.39,76349,67017,79353,0.172
5855,TDIC,Communication Services,Advertising Agencies,NASDAQ,6.27,0,1,10,1,2.67,4534702.111360073,1501557.0,0.0069999998,-99.73,777121,1631587,1908093,0.289
5856,ZNB,Communication Services,Entertainment,NASDAQ,6.27,0,0,0,2,0.28,741221.6110450625,1853054.0,0.052800003,-99.99,5109206,4136502,2618315,
5857,RBNE,Energy,Oil & Gas Midstream,NASDAQ,5.93,0,1,2,6,3.2,2563105.6555538177,582524.0,0.0358,-99.14,362158,171906,120814,2.386
5858,FFAI,Consumer Cyclical,Auto Manufacturers,NASDAQ,5.9,0,6,3,17,6.49,48814907.57995021,364290346.0,0.14739999,79.78,497987,242671,183556,0.62
5859,EDBL,Consumer Defensive,Farm Products,NASDAQ,5.53,0,0,0,2,3.14,2066663.832203865,639834.0,0.0101,-88.71,144672,850882,604774,0.229
5860,ONCO,Healthcare,Biotechnology,NASDAQ,5.49,0,0,0,2,0.82,2805533.884795189,3691492.0,0.0167,-99.64,357334,823324,1079262,-0.789
5861,XXII,Consumer Defensive,Tobacco,NASDAQ,5.36,0,0,0,1,4.27,1494386.8936691284,345124.0,0.045900002,-99.64,9826,25859,27409,-0.433
5862,PMI,Healthcare,Medical Devices,NYSE ARCA,5.15,0,0,2,6,0.09,14377430.961211547,102695935.0,0.0533,-99.34,60701600,24305960,47168334,0.855
5863,LGHL,Financial Services,Capital Markets,NASDAQ,4.91,0,1,2,0,0.91,14535330.25,8305903.0,0.0,-99.8,4103252,1756353,1171354,
5864,VIVK,Energy,Oil & Gas Integrated,NASDAQ,4.6,0,0,30,0,2.91,1507871.993637085,667200.0,0.0227,-99.94,28287269,9727670,5887911,-0.479
5865,PFSA,Healthcare,Medical Devices,NASDAQ,4.58,0,0,0,1,1.71,916900.0101089478,530000.0,0.0508,-99.96,173443,327688,200361,
5866,YMT,Technology,Software - Application,NASDAQ,4.27,0,0,0,18,0.3,3316935.0481797457,7625138.0,0.016,-99.67,243200,776926,788660,-0.077
5867,KALA,Healthcare,Biotechnology,NASDAQ,4.12,0,0,1,4,0.63,14425675.137486458,18589787.0,0.0117999995,-99.94,187904,194418,150522,
5868,JAGX,Healthcare,Biotechnology,NASDAQ,3.75,0,0,1,1,0.96,6383522.3658537865,4910402.0,0.0152,-98.96,113087,94762,98401,8.156
5869,IPW,Consumer Cyclical,Internet Retail,NASDAQ,3.45,0,0,0,2,0.67,1796589.627455771,1891147.0,0.21360001,-99.76,3749090,1860163,1256655,-0.782
5870,GMM,Technology,Information Technology Services,NASDAQ,3.16,0,0,20,7,2.77,5000550.288228989,1953340.0,0.0301,-98.29,3250127,7649989,5329133,0.362
5871,AVAT,Financial Services,Asset Management,NASDAQ,2.74,0,0,49,45,0.31,19836431.092525125,39514805.0,0.04,-97.1,396587,895749,582939,
5872,NUWE,Healthcare,Medical Devices,NASDAQ,2.73,0,0,2,7,2.05,262772.84120702744,92201.0,0.2087,-99.63,151679,166744,142754,0.262
5873,RPGL,Technology,Software - Application,NASDAQ,2.66,0,0,0,1,1.93,1893661.0,1082092.0,0.0197,-99.95,133452,1218674,942751,48.927
5874,CHSN,Consumer Cyclical,Restaurants,NASDAQ,2.59,0,0,0,7,1.19,2458232.0873007774,2319087.0,0.0073,-99.89,196005,1536451,1400339,-0.103
5875,VMAR,Consumer Cyclical,Recreational Vehicles,NASDAQ,2.38,0,0,1,0,0.73,6073327.84670949,6530460.0,0.040900003,-99.97,16481649,6543667,3992337,86.188
5876,ELPW,Industrials,Electrical Equipment & Parts,NASDAQ,2.02,0,1,0,83,0.19,4016243.6370497346,14604522.0,0.19049999,-100.0,21101761,12563693,10864232,
5877,GMEX,Technology,Consumer Electronics,NASDAQ,1.97,0,0,0,0,1.47,1339888.4172677994,905330.0,0.0147,-99.98,1506617,1068500,927118,0.032
5878,HKIT,Technology,Information Technology Services,NASDAQ,1.79,0,0,0,75,3.56,30212648.656716347,8991860.0,0.1476,-99.98,135773,708328,893681,4.409
5879,KIDZ,Consumer Defensive,Education & Training Services,NASDAQ,1.72,0,0,0,1,0.42,844670.376439333,2055159.0,0.044499997,-99.97,29972540,17602273,11264642,-0.364
5880,YHC,Consumer Defensive,Beverages - Wineries & Distilleries,NASDAQ,1.64,0,34,15,12,1.78,2307793.2351312637,1303838.0,0.0069999998,-99.22,333401,648366,390865,-0.481
5881,WHLR,Real Estate,REIT - Retail,NASDAQ,1.36,0,0,0,0,0.25,1567340.3359515667,4294083.0,0.0594,-99.99,641587,2158420,1545524,-0.014
5882,PAVS,Consumer Defensive,Packaged Foods,NASDAQ,1.25,0,0,0,0,4.83,3598597.475839615,862973.0,0.0804,-100.0,1991237,1318971,852511,180.334
5883,SXTC,Healthcare,Drug Manufacturers - Specialty & Generic,NASDAQ,1.21,0,16,0,0,0.06,93634300.27238011,38218081.0,0.0014,-99.99,37828361,12683183,7636500,-0.439
5884,YYGH,Industrials,Specialty Business Services,NASDAQ,1.19,0,0,0,4,1.17,3393824.076796055,3201721.0,0.0334,-99.98,1702447,1767785,1872649,0.442
5885,HUBC,Technology,Software - Infrastructure,NASDAQ,1.11,0,0,0,0,1.08,7304233.49024415,6086861.0,0.0847,-100.0,301900,2875330,5607228,-0.038
5886,RUBI,Industrials,Marine Shipping,NASDAQ,0.98,0,0,0,0,2.22,1585131.3707618713,605012.0,0.02,-100.0,3130520,1797541,1177497,-0.051
5887,LBGJ,Industrials,Specialty Industrial Machinery,NASDAQ,0.96,0,5,0,22,0.03,8093749.108253956,3358402.0,0.029000001,-99.98,83298841,27835583,16793918,-0.096
5888,WOK,Healthcare,Medical Devices,NASDAQ,0.82,0,0,2,0,2.04,4810914.573055506,2417545.0,0.0217,-100.0,246557,1350688,1380606,-0.144
5889,ZCMD,Healthcare,Health Information Services,NASDAQ,0.41,0,0,5,8,1.4,1850470.4275741577,1156544.0,0.32939997,-99.86,17877859,9201119,5801127,-0.232
5890,EZGO,Consumer Cyclical,Recreational Vehicles,NASDAQ,0.27,0,0,6,3,0.98,2559547.92298615,2305899.0,0.0088,-99.96,208283,820017,1176979,0.219
5891,INLF,Industrials,Specialty Industrial Machinery,NASDAQ,0.26,0,0,3,77,3.19,178099.97473335266,69031.0,0.032899998,-99.93,5378944,2951664,1771102,-0.102
5892,GDC,Communication Services,Electronic Gaming & Multimedia,NASDAQ,0.15,0,0,67,90,1.7,6784840.750151753,4162479.0,0.0623,-99.93,560115,1600530,1038850,
5893,HAO,Communication Services,Advertising Agencies,NASDAQ,0.09,0,0,21,46,0.17,486733.8438464552,2222529.0,0.031400003,-99.94,16764165,9168368,6140628,0.412
