Rank,Ticker,Sector,Industry,Exchange,Relative Strength,Percentile,1M_RS_Percentile,3M_RS_Percentile,6M_RS_Percentile,Price,MarketCap,Float,ShortFloatPct,PctFrom52WkHigh,AvgVol10,AvgVol30,AvgVol50,RevenueGrowth
<<<<<<< HEAD
1,BVC,Technology,Software - Application,NASDAQ,579.2,99,99,99,23,11.3,1696800064.086914,168000000.0,0.0005,-24.68,73486,26385,16553,
2,STI,Industrials,Electrical Equipment & Parts,NASDAQ,548.32,99,39,32,72,27.59,276675841.93518066,7745684.0,0.024,-40.02,16229612,5452540,3307762,
3,OPTX,Technology,Electronic Components,NASDAQ,496.97,99,98,99,62,12.8,457176630.66555405,40279878.0,0.0731,-6.88,1094377,1318289,1311785,-0.079
4,BBGI,Communication Services,Broadcasting,NASDAQ,490.09,99,99,14,35,23.06,38139514.805942535,1808417.0,0.0908,-12.55,32866,33862,1571675,-0.129
5,NTCL,Technology,Software - Application,NASDAQ,478.04,99,10,2,3,2.91,125880092.6833992,59942904.0,0.0023,-5.83,12306481,7999283,4899614,-0.029
6,JLHL,Industrials,Building Products & Equipment,NASDAQ,472.76,99,99,88,20,25.12,960898697.2359924,21448632.0,0.018099999,-50.91,50396,67862,124753,0.854
7,AAOI,Technology,Communication Equipment,NASDAQ,465.65,99,99,99,69,175.13,14202969759.0,80242767.0,0.120699994,-25.05,15352953,13117287,12778728,0.514
8,AGL,Healthcare,Medical Care Facilities,NYSE,447.43,99,99,9,4,101.7,1615824648.6425629,16683786.0,0.0614,2.59,246840,487196,462112,-0.073
9,ANL,Healthcare,Biotechnology,NASDAQ,440.14,99,99,99,28,10.47,640759470.8170681,64397938.0,0.052800003,-39.3,129761,192797,403966,1.781
10,OCC,Technology,Communication Equipment,NASDAQ,438.04,99,95,90,97,26.92,109019637.19055653,8863385.0,0.0427,65.97,2717779,1116726,762695,0.044
11,NUAI,Technology,Software - Infrastructure,NASDAQ,413.23,99,99,99,99,4.48,491260991.14014435,101290928.0,0.073699996,-52.57,9093398,7042229,6814131,1.458
12,ERAS,Healthcare,Biotechnology,NASDAQ,407.94,99,99,99,96,13.37,3722485050.7818317,310984542.0,0.113299996,-44.93,6097495,5607268,7134529,
13,MXL,Technology,Semiconductors,NASDAQ,406.1,99,99,75,66,71.95,7246058838.316452,89545959.0,0.047,-32.3,5135892,5745257,5265136,0.43
14,QTTB,Healthcare,Biotechnology,NASDAQ,402.8,99,97,98,88,12.87,222298594.8284769,16956415.0,0.0777,-13.33,862106,1159245,842899,
15,MU,Technology,Semiconductors,NASDAQ,396.21,99,99,98,94,891.88,974373508417.5378,1127734051.0,0.0313,-18.12,55770010,54588343,50196714,1.963
16,BW,Industrials,Specialty Industrial Machinery,NYSE,379.71,99,99,99,99,14.64,2435014818.0044403,148839531.0,0.0955,-33.55,3040638,3750882,3499851,0.443
17,CLYM,Healthcare,Biotechnology,NASDAQ,377.06,99,99,99,98,10.8,604124903.5720549,57263023.0,0.051599998,-13.46,1543136,1103692,929233,
18,OPAD,Real Estate,Real Estate Services,NYSE,373.6,99,8,6,15,4.83,29195114.53386104,47317853.0,0.1342,-23.94,663223,654861,661802,-0.502
19,LITE,Technology,Communication Equipment,NASDAQ,370.68,99,99,99,98,853.26,67192745910.64453,77800000.0,0.1302,-21.41,6721050,6372723,6111208,0.901
20,WDC,Technology,Computer Hardware,NASDAQ,368.39,99,99,99,98,490.09,176380740496.07455,344682131.0,0.097399995,-18.66,6843271,7638583,7389910,0.455
21,AEHR,Technology,Semiconductor Equipment & Materials,NASDAQ,356.67,99,99,97,90,93.32,3096572760.3122864,31453254.0,0.1608,-23.38,2069609,2486619,3376387,-0.437
22,LESL,Consumer Cyclical,Specialty Retail,NASDAQ,356.18,99,12,2,2,7.97,43334245.31110382,9359448.0,0.2755,-44.65,612352,1967004,1248786,-0.16
23,BE,Industrials,Electrical Equipment & Parts,NYSE,351.83,99,99,99,98,234.23,74982243876.82178,284443868.0,0.1166,-27.44,11445141,10795607,10556222,1.304
24,DOCN,Technology,Software - Infrastructure,NYSE,347.99,99,99,95,82,171.47,17728342916.879272,104364181.0,0.1557,-7.04,3044714,3742881,4210388,0.224
25,BAND,Technology,Software - Infrastructure,NASDAQ,346.05,99,99,44,30,59.31,2311649467.690933,32017307.0,0.0315,-21.44,1213344,1382638,1008146,0.198
26,AFJKU,Financial Services,Shell Companies,NASDAQ,337.48,99,98,94,99,48.85,,,35.44,-38.94,1550,530,368,
27,HYLN,Consumer Cyclical,Auto Parts,NYSE ARCA,337.29,99,84,73,37,6.92,1230457973.0066109,178327240.0,0.093,-13.17,6746296,5543578,3624017,4.791
28,RXT,Technology,Software - Infrastructure,NASDAQ,335.66,99,99,89,13,5.28,1172591838.7808323,249222499.0,0.203,-30.98,16912948,32463572,22097113,0.019
29,BNAI,Technology,Software - Infrastructure,NASDAQ,331.04,99,99,99,6,20.09,144275421.28649712,6507687.0,0.1104,-76.72,1493039,714903,728037,9.431
30,RILYP,Financial Services,Financial Conglomerates,NASDAQ,322.4,99,97,98,85,16.69,,,0.68,-4.74,10723,19064,17258,1.134
31,STX,Technology,Computer Hardware,NASDAQ,321.7,99,99,98,97,815.99,191741874118.04004,226252116.0,0.0476,-15.6,3120278,4182889,3952605,0.441
32,VPG,Technology,Scientific & Technical Instruments,NYSE,321.0,99,97,86,88,122.25,1563000538.4140015,13301000.0,0.0748,-10.25,561782,619267,456742,0.176
33,RILYL,Financial Services,Financial Conglomerates,NASDAQ,318.64,99,98,98,88,16.8,,,0.89,-7.08,5528,12099,11665,1.134
34,VICR,Technology,Electronic Components,NASDAQ,314.36,99,99,98,94,275.51,12354384942.769562,45581407.0,0.0759,-23.87,718930,859586,856802,0.202
35,TNGX,Healthcare,Biotechnology,NASDAQ,311.49,99,99,99,97,28.68,2924782096.718113,144647982.0,0.2228,0.95,5754539,3953806,3535277,
36,SLGL,Healthcare,Biotechnology,NASDAQ,308.73,99,99,99,99,73.5,254915929.1537857,3268991.0,0.0238,-24.98,41308,31046,42837,-0.895
37,VSH,Technology,Semiconductors,NYSE,306.05,99,95,71,32,54.65,7785253408.240505,136105827.0,0.10560001,-17.5,10810649,7509869,5610629,0.173
38,VATE,Industrials,Engineering & Construction,NYSE,302.21,99,96,27,22,16.05,258922610.43524933,13641866.0,0.0448,-18.07,76739,65759,64025,0.33
39,EVC,Communication Services,Advertising Agencies,NYSE,301.22,99,98,82,87,8.95,807183650.732193,92039180.0,0.056900002,-11.56,2201556,4360092,2740837,1.144
40,VELO,Technology,Computer Hardware,NASDAQ,299.35,99,93,98,97,22.68,472345893.0681801,29801002.0,0.2038,-14.42,3853771,3432957,3107106,0.482
41,CPOP,Communication Services,Entertainment,NASDAQ,297.38,99,11,10,7,1.52,21877723.10696104,81939041.0,0.0023999999,-41.76,38149827,12817182,7798819,1.816
42,INTC,Technology,Semiconductors,NASDAQ,295.9,99,99,93,90,107.04,498428410797.11914,5026000000.0,0.028099999,-19.37,127932223,140917187,136073596,0.072
43,ANRO,Healthcare,Biotechnology,NYSE,290.45,99,99,99,99,19.68,640815352.4323654,35093940.0,0.054899998,-30.8,364382,341324,349156,
44,MRVL,Technology,Semiconductors,NASDAQ,287.27,99,95,80,59,252.59,230483557067.8711,874800000.0,0.0431,-22.09,76031421,42320133,38066150,0.276
45,ABVX,Healthcare,Biotechnology,NASDAQ,287.04,99,99,99,99,98.03,8091386041.266632,79694535.0,0.0315,-34.13,4666324,2218268,1678866,0.352
46,HUT,Financial Services,Capital Markets,NASDAQ,283.06,99,99,97,92,105.68,12637562890.353027,112594112.0,0.1532,-24.94,4058230,4911490,4904528,2.255
47,RLMD,Healthcare,Biotechnology,NASDAQ,279.64,99,99,99,99,6.38,624096806.8437777,104890223.0,0.0556,-20.25,1164517,1022982,1191301,
48,ICHR,Technology,Semiconductor Equipment & Materials,NASDAQ,279.06,99,98,97,23,72.17,2193486298.90971,34867053.0,0.053000003,-7.47,1195306,1170298,989805,0.047
49,PIII,Healthcare,Medical Care Facilities,NASDAQ,277.64,99,52,7,9,13.54,38513435.38625717,3325858.0,0.1117,-19.83,133422,2635740,1589652,0.038
50,SLS,Healthcare,Biotechnology,NASDAQ,269.23,99,97,99,93,7.15,1618285994.008751,196632574.0,0.3081,-24.82,9600986,9373322,7568857,
51,DMRA,Healthcare,Biotechnology,NASDAQ,268.51,99,99,99,99,20.15,1293232620.028408,61553194.0,0.024500001,-47.42,434250,375360,319948,
52,ORKA,Healthcare,Biotechnology,NASDAQ,268.25,99,99,98,95,64.03,3627169717.328415,60312101.0,0.158,-29.64,1147313,1757727,1725540,
53,LWLG,Basic Materials,Specialty Chemicals,NASDAQ,268.01,99,99,99,92,9.23,1562367521.3790436,154079632.0,0.0889,-50.67,6319109,8430486,8489399,0.273
54,TSEM,Technology,Semiconductors,NASDAQ,267.55,99,98,97,97,233.54,27925856682.203705,118591206.0,0.0295,-22.89,2051726,2277132,2454841,0.155
55,KEEL,Technology,Information Technology Services,NASDAQ,267.27,99,96,89,92,5.25,3097641048.732705,603828651.0,0.11270001,-20.45,60199795,45096588,39871021,-0.224
56,NCEW,Industrials,Integrated Freight & Logistics,NASDAQ,267.13,99,97,89,10,20.3,66240002.44140625,3200000.0,0.015800001,-2.56,2297,2999,4069,-0.156
57,CHRN,Technology,Information Technology Services,NASDAQ,267.04,99,97,97,36,17.24,2723067138.6844273,143093381.0,0.84,-28.17,490081,373823,250132,
58,MRAM,Technology,Semiconductors,NASDAQ,261.84,99,99,82,84,22.86,554769668.2421837,23447577.0,0.127,-55.61,3019760,5887316,3729760,0.132
59,SYRE,Healthcare,Biotechnology,NASDAQ,261.69,99,99,96,95,75.08,6395858415.959236,86841253.0,0.1531,-5.61,1114021,1104457,1223452,
60,EQ,Healthcare,Biotechnology,NASDAQ,261.61,98,98,98,93,2.67,185886078.25785255,63226556.0,0.052600004,-22.61,1888608,823862,649041,
61,ALTO,Basic Materials,Specialty Chemicals,NASDAQ,261.26,98,98,98,95,5.66,420749232.76863813,77486049.0,0.0196,-5.67,2538027,2413692,2000767,-0.008
62,KOD,Healthcare,Biotechnology,NASDAQ,260.53,98,99,99,99,31.41,1943060545.3064384,62578441.0,0.2587,-34.34,790306,679082,817281,
63,PENG,Technology,Information Technology Services,NASDAQ,258.91,98,96,29,28,58.52,3146251030.100174,52560157.0,0.2675,-20.1,3447054,3609124,2887346,-0.062
64,UCTT,Technology,Semiconductor Equipment & Materials,NASDAQ,258.89,98,97,97,34,90.9,3679062834.9594727,44828352.0,0.0879,-4.27,1381301,1188690,1084270,0.029
65,VIAV,Technology,Communication Equipment,NASDAQ,258.84,98,99,98,90,46.82,11732369710.091183,246685647.0,0.0834,-22.52,6765584,7178061,6612820,0.428
66,SIF,Industrials,Aerospace & Defense,NYSE ARCA,258.48,98,99,98,91,20.19,127083879.0513916,6254128.0,0.0167,-10.27,64841,93340,81816,0.39
67,RLYB,Healthcare,Biotechnology,NASDAQ,258.09,98,99,96,85,15.94,92509998.8937378,5800000.0,0.1314,-9.3,88583,457604,298542,0.0
68,SVCO,Technology,Software - Application,NASDAQ,257.34,98,97,63,18,11.48,377886707.678422,33441301.0,0.074,-18.81,887806,575472,473733,0.26
69,SIDU,Industrials,Aerospace & Defense,NASDAQ,257.01,98,96,93,16,3.94,409843049.03360367,97349892.0,0.097399995,-41.97,27782398,25455729,28582667,0.507
70,MAAS,Financial Services,Asset Management,NASDAQ,256.09,98,95,87,30,12.0,4713591594.009361,442175578.0,0.0008,-42.56,43835,48531,246577,
71,TTMI,Technology,Electronic Components,NASDAQ,255.47,98,98,97,95,172.12,17407346382.499634,103850059.0,0.048499998,-14.23,2614605,2690048,2340709,0.304
72,AIP,Technology,Semiconductors,NASDAQ,254.41,98,98,90,92,33.51,1582775486.5977173,46171982.0,0.0448,-14.05,1000448,1124519,908671,0.387
73,NBTX,Healthcare,Biotechnology,NASDAQ,254.2,98,99,99,99,33.55,1798317648.9099655,50713979.0,0.0023,-41.28,49918,80362,77693,
74,QUIK,Technology,Semiconductors,NASDAQ,252.73,98,98,90,37,19.6,354480000.0,17724000.0,0.0785,-19.44,503679,669839,557665,0.168
75,BRUN,Technology,Software - Infrastructure,NASDAQ,250.55,98,91,52,68,29.99,1790031522.8669128,61428674.0,3.05,-28.6,2625830,1842050,1396450,2.479
76,ALMS,Healthcare,Biotechnology,NASDAQ,250.29,98,98,99,98,20.06,2429997070.711937,127491980.0,0.1585,-34.44,1219714,986738,1137476,-0.9
77,DELL,Technology,Computer Hardware,NYSE,249.78,98,94,86,71,369.83,256183246225.09045,649568287.0,0.0708,-21.22,17009446,10133915,8785807,0.875
78,CIEN,Technology,Communication Equipment,NYSE,249.62,98,99,99,97,434.65,69107550840.06134,141552922.0,0.0505,-31.82,4310774,2713761,2666102,0.395
79,ASTI,Technology,Solar,NASDAQ,247.36,98,90,97,95,6.99,61029169.34528828,9461887.0,0.1184,-29.18,3373754,2095494,1968972,2.325
80,ELA,Consumer Cyclical,Luxury Goods,NYSE ARCA,246.64,98,97,91,94,25.28,611180248.8102722,25963476.0,0.0194,-12.53,113345,126901,103571,1.039
81,PL,Industrials,Aerospace & Defense,NYSE,246.36,98,99,99,99,30.72,11482989210.170288,356393196.0,0.1148,-40.65,18172381,12615057,12844938,0.421
82,AMPG,Technology,Communication Equipment,NASDAQ,246.19,98,51,64,76,7.6,131254974.47030687,25338799.0,0.0794,24.59,7894962,5675824,3583552,0.486
83,PRAX,Healthcare,Biotechnology,NASDAQ,245.94,98,99,99,99,240.66,7081208596.0,27878774.0,0.1333,-34.34,644356,473402,437773,
84,SIMO,Technology,Semiconductors,NASDAQ,245.82,98,98,93,79,251.68,8771957328.414001,33907835.0,0.0214,-19.93,1121374,1310558,1030028,1.055
85,TLYS,Consumer Cyclical,Apparel Retail,NYSE,243.9,98,98,91,31,5.18,156405598.08912277,30488420.0,0.044299997,-12.2,795896,376228,413633,0.053
86,SILC,Technology,Communication Equipment,NASDAQ,240.24,98,97,80,28,44.77,217118698.74655914,5706142.0,0.0068,-14.85,147463,189461,139058,0.328
87,GRDX,Healthcare,Biotechnology,NASDAQ,237.61,98,86,68,68,5.79,42247438.365507126,6653140.0,0.0097,-16.44,159321,143897,131354,
88,AMD,Technology,Semiconductors,NASDAQ,234.73,98,97,85,91,452.4,760479533978.7372,1630600639.0,0.0275,-17.21,31563199,37867103,38624887,0.378
89,CVGI,Consumer Cyclical,Auto Parts,NASDAQ,234.36,98,98,97,26,4.94,161572800.4091339,33943864.0,0.0149,-15.99,404196,531322,513191,0.01
90,ROLR,Consumer Cyclical,Gambling,NYSE ARCA,234.01,98,96,92,7,7.05,69433686.8731327,10968987.0,0.0596,-79.07,1604580,769593,2726130,-0.503
91,WATT,Technology,Communication Equipment,NASDAQ,233.75,98,98,96,9,22.92,140223063.2308979,5501101.0,0.1028,-38.02,233346,375105,428969,7.985
92,OSS,Technology,Computer Hardware,NASDAQ,232.65,98,98,96,94,15.76,418348682.0121918,24769017.0,0.1534,-24.52,1449199,2145313,1800949,0.55
93,XMAX,Consumer Cyclical,"Furnishings, Fixtures & Appliances",NASDAQ,231.08,98,98,99,99,8.61,518994970.45505524,63602326.0,0.041300002,-2.49,1002993,1459357,1238290,-0.324
94,TE,Industrials,Electrical Equipment & Parts,NYSE,230.4,98,96,99,99,7.73,2633529198.6268616,279271380.0,0.236,-38.11,38557652,38115350,30855092,2.323
95,WYY,Technology,Information Technology Services,NYSE ARCA,230.13,98,91,67,89,11.71,108462378.21016216,9887181.0,0.0094,-4.41,168963,185097,126564,0.211
96,MAMK,Industrials,Conglomerates,NASDAQ,229.28,98,97,98,99,13.0,216125000.0,16625000.0,0.0291,-9.09,0,0,0,0.437
97,MOVE,Technology,Software - Infrastructure,NASDAQ,228.8,98,95,91,23,16.83,37005958.564567566,1981047.0,0.84,-35.02,45282,66524,84460,
98,IPSC,Healthcare,Biotechnology,NASDAQ,228.75,98,98,99,50,2.12,384155763.8099699,180354809.0,0.0682,-30.26,1071479,834463,969623,
99,OVID,Healthcare,Biotechnology,NASDAQ,226.22,98,99,98,98,2.28,447936262.59938717,186640102.0,0.0623,-26.57,1630617,1713929,2285021,
100,INBX,Healthcare,Biotechnology,NASDAQ,226.18,98,99,98,99,89.47,1276539925.2010345,14671186.0,0.2672,-42.39,314131,461083,470744,
101,STRL,Industrials,Engineering & Construction,NASDAQ,225.81,98,98,95,90,770.25,27078206163.46936,30685954.0,0.066,-23.41,793842,750080,632872,0.916
102,ALAB,Technology,Semiconductors,NASDAQ,224.53,98,88,66,73,330.86,54346600720.86359,171407939.0,0.0954,-11.15,5736066,6138128,6011819,0.934
103,LIXT,Healthcare,Biotechnology,NASDAQ,224.27,98,94,89,97,6.89,121705150.0,17386450.0,0.0021,-8.13,268840,156323,109208,
104,COHR,Technology,Scientific & Technical Instruments,NYSE,224.21,98,98,97,95,354.77,73754065713.24976,195639321.0,0.051999997,-19.37,6715630,6496320,6141926,0.205
105,ENLT,Utilities,Utilities - Renewable,NASDAQ,223.85,98,98,98,95,89.94,12711295005.774857,139715262.0,0.0041,-17.22,314099,225763,188025,0.426
106,NVTS,Technology,Semiconductors,NASDAQ,223.8,98,99,95,93,20.5,6026083137.508514,240274448.0,0.1877,-40.01,38638448,37813106,35685277,-0.387
107,HYMC,Basic Materials,Gold,NASDAQ,223.72,98,99,99,99,22.98,2414660712.311043,91360601.0,0.1612,-60.87,2081903,2179314,2191086,
108,TRT,Technology,Semiconductor Equipment & Materials,NYSE ARCA,223.28,98,98,93,94,9.68,105676657.62117481,10112599.0,0.118599996,-54.72,726214,1170384,1584932,1.236
109,POWL,Industrials,Electrical Equipment & Parts,NASDAQ,222.56,98,98,96,88,262.34,10378283672.741089,36431649.0,0.12529999,-20.02,585559,689359,650933,0.065
110,NBIS,Communication Services,Internet Content & Information,NASDAQ,222.02,98,97,97,94,211.69,57840546955.27136,253898194.0,0.2068,-24.08,18402316,18087072,17420683,6.839
111,ASYS,Technology,Semiconductor Equipment & Materials,NASDAQ,221.93,98,99,93,95,19.31,323281023.48820686,17484101.0,0.0374,-21.18,413301,358267,306356,0.314
112,ANTX,Healthcare,Biotechnology,NASDAQ,221.7,98,99,99,28,4.2,137581732.61566186,36016161.0,0.0278,-39.22,176744,217961,272946,
113,VSAT,Technology,Communication Equipment,NASDAQ,219.18,98,98,98,97,61.5,9174702304.217537,136568953.0,0.096099995,-31.51,3383686,2421132,2071999,0.021
114,AMBQ,Technology,Semiconductors,NYSE,218.64,98,95,24,18,75.12,1592279869.796463,21375754.0,0.048600003,-12.41,585969,801009,603161,0.593
115,ASBP,Healthcare,Biotechnology,NASDAQ,218.25,98,93,1,1,5.61,6916549.757637024,1295234.0,0.0591,-83.97,104923,8604987,16257588,
116,AP,Industrials,Metal Fabrication,NYSE,217.71,98,98,98,89,10.12,198385561.29234123,20326389.0,0.0374,-17.72,138490,152440,150606,0.039
117,ABSI,Healthcare,Biotechnology,NASDAQ,217.26,98,94,25,78,6.38,997792373.2682648,155905056.0,0.2572,-13.67,5832497,4957939,4847005,-0.818
118,STM,Technology,Semiconductors,NYSE,217.1,98,95,82,36,70.74,62855521958.55377,888794130.0,0.0216,-13.12,15217444,13020208,12296760,0.23
119,LQDA,Healthcare,Drug Manufacturers - Specialty & Generic,NASDAQ,217.07,97,96,93,97,65.25,5500202787.45649,88928099.0,0.1426,-1.49,2018239,1807973,1521463,41.585
120,KORE,Communication Services,Telecom Services,NYSE,216.21,97,98,98,97,9.19,161632343.30984402,17587851.0,0.012999999,-0.33,25300,20926,32278,-0.088
121,RFIL,Industrials,Electrical Equipment & Parts,NASDAQ,215.47,97,96,97,66,16.7,173460852.58075714,10814267.0,0.0188,-15.53,210981,228347,220948,-0.012
122,FLEX,Technology,Electronic Components,NASDAQ,215.12,97,97,81,88,139.49,55660133391.30199,366377923.0,0.0184,-16.4,5995632,6654547,5415196,0.169
123,LPTH,Technology,Electronic Components,NASDAQ,214.68,97,96,98,97,14.28,937445865.6718063,62789407.0,0.0706,-24.6,4321807,4027792,3570927,1.089
124,LCUT,Consumer Cyclical,"Furnishings, Fixtures & Appliances",NASDAQ,214.42,97,95,74,29,9.15,203638117.79260254,22855008.0,0.024500001,-6.63,206396,171358,171661,0.024
125,WULF,Financial Services,Capital Markets,NASDAQ,214.24,97,98,98,97,23.19,11892783480.0,495532645.0,0.262,-15.58,26258326,28209025,30432093,-0.011
126,TORO,Energy,Oil & Gas Midstream,NASDAQ,214.1,97,97,93,95,5.1,144837466.14969015,28852085.0,0.03,-40.0,56383,126317,591418,0.077
127,ASX,Technology,Semiconductors,NYSE,213.84,97,97,94,89,34.3,74659972521.51352,2193945789.0,0.0098,-16.55,11611297,9759855,8668875,0.172
128,RVMD,Healthcare,Biotechnology,NASDAQ,212.6,97,97,95,94,144.19,31725769115.94992,212596462.0,0.055,-13.4,3532899,2747643,3400039,
129,VECO,Technology,Semiconductor Equipment & Materials,NASDAQ,212.36,97,96,80,79,65.94,3567407244.8148537,61033485.0,0.16399999,0.78,1651397,1607352,1484901,-0.054
130,CDNL,Industrials,Engineering & Construction,NASDAQ,211.87,97,96,79,65,61.04,924613798.638855,15292984.0,0.0933,-8.72,510006,505595,476831,1.048
131,PUSA,Consumer Cyclical,Leisure,NASDAQ,211.83,97,96,99,98,4.93,111480155.82338715,21604682.0,0.076799996,-40.24,5971642,2502457,1731240,0.106
132,APPS,Technology,Software - Application,NASDAQ,211.76,97,25,26,89,10.22,1087164458.4073353,120661979.0,0.105500005,4.29,10966570,7306733,5293874,0.196
133,FCEL,Industrials,Electrical Equipment & Parts,NASDAQ,211.65,97,98,43,71,16.21,918106413.7381096,52977866.0,0.1035,-41.46,10858596,12228648,9057295,0.607
134,FORM,Technology,Semiconductor Equipment & Materials,NASDAQ,211.62,97,98,97,91,115.81,9097321654.500916,77954772.0,0.0514,-27.2,1580584,2057468,1929882,0.32
135,SMTC,Technology,Semiconductors,NASDAQ,210.59,97,96,93,86,154.28,14067689789.344727,93151168.0,0.068,-10.49,3650377,3471739,3060291,0.159
136,ATEX,Communication Services,Telecom Services,NASDAQ,210.01,97,96,88,20,64.78,1248359711.526352,18732889.0,0.1478,-5.17,384198,364602,350761,0.004
137,SKYT,Technology,Semiconductors,NASDAQ,209.65,97,96,98,91,34.85,1720684992.0042114,49204602.0,0.0757,-12.72,820829,1114139,1147637,1.621
138,SITM,Technology,Semiconductors,NASDAQ,209.58,97,98,86,89,664.23,16515967149.703857,26396828.0,0.0551,-26.34,528493,587151,498202,0.883
139,SATS,Communication Services,Telecom Services,NASDAQ,209.24,97,98,98,99,115.24,33699512030.86377,289813488.0,0.36099997,-21.74,7617804,6524268,6366106,-0.052
140,ACMR,Technology,Semiconductor Equipment & Materials,NASDAQ,209.12,97,92,90,88,79.96,5272362826.501625,69109487.0,0.052199997,-15.13,1732205,1775308,1490653,0.342
141,UMC,Technology,Semiconductors,NYSE,209.08,97,94,83,73,18.9,49432951362.23388,2509286774.0,0.0115,-20.22,18125884,17764684,15050992,0.055
142,ARM,Technology,Semiconductors,NASDAQ,209.05,97,89,35,25,307.43,364895969042.16705,1064053821.0,0.1329,-28.17,12907977,12094889,10785479,0.201
143,PRLD,Healthcare,Biotechnology,NASDAQ,208.28,97,99,98,97,3.95,303448615.112659,79645307.0,0.0736,-28.7,298931,401373,424200,
144,BB,Technology,Software - Infrastructure,NYSE,207.87,97,90,24,71,8.82,5514837750.444126,586061407.0,0.0584,-19.3,54796987,39088695,30192651,0.101
145,WBX,Technology,Electronic Components,NYSE,207.39,97,96,99,99,2.73,49924668.12940788,17517428.0,0.0156,-65.13,11236,10608,14927,-0.211
146,LRCX,Technology,Semiconductor Equipment & Materials,NASDAQ,207.29,97,95,95,93,321.8,379263466393.46313,1250539000.0,0.0294,-7.05,10548606,9654538,9446263,0.238
147,COHU,Technology,Semiconductor Equipment & Materials,NASDAQ,207.01,97,95,88,65,54.47,2349804098.85548,47175347.0,0.16430001,-6.84,1862557,1630765,1423799,0.293
148,DWSN,Energy,Oil & Gas Equipment & Services,NASDAQ,206.97,97,94,98,61,4.87,123590303.79228592,31052840.0,0.0188,-12.09,81225,103988,118591,1.283
149,PSIG,Industrials,Integrated Freight & Logistics,NASDAQ,206.3,97,94,88,72,9.95,141925752.52116394,15376572.0,0.0023999999,5.51,1110854,1057581,825878,-0.373
150,RLAY,Healthcare,Biotechnology,NASDAQ,206.14,97,97,97,96,13.49,2946553388.4051666,217940332.0,0.17940001,-22.78,4511744,4343134,4116434,-0.609
151,ELVR,Basic Materials,Other Industrial Metals & Mining,NASDAQ,205.69,97,98,96,95,72.13,1365269373.9172974,18121442.0,2.26,-28.94,71058,95429,101437,0.076
152,CURR,Technology,Software - Application,NASDAQ,205.16,97,97,97,94,2.93,357056401.7956245,112281885.0,0.0179,-37.99,147892,217427,209846,-0.218
153,MCTA,Healthcare,Medical Care Facilities,NASDAQ,203.68,97,96,98,99,29.35,504260182.13653564,17178000.0,0.1433,-7.41,0,0,0,-0.27
154,CIFR,Technology,Information Technology Services,NASDAQ,203.35,97,98,97,98,21.02,9183154784.72977,409049197.0,0.16350001,-26.55,24210565,25916461,25697707,-0.288
155,TOYO,Technology,Solar,NASDAQ,202.3,97,95,94,89,12.6,595081801.3623486,37758997.0,0.016,-27.71,781060,460586,393784,1.77
156,PDFS,Technology,Software - Application,NASDAQ,201.35,97,95,88,82,57.6,2154094225.9425354,41867720.0,0.0538,-0.93,883349,936633,748985,0.259
157,AMKR,Technology,Semiconductor Equipment & Materials,NASDAQ,200.29,97,96,93,92,69.61,16099319287.653107,247872518.0,0.122200005,-12.44,5565807,5418119,4831389,0.275
158,MKDW,Consumer Cyclical,Auto Parts,NASDAQ,200.15,97,95,3,11,8.75,35644771.61905289,4198442.0,0.0062,-12.94,6357,12909,21543,-0.613
159,RKLB,Industrials,Aerospace & Defense,NASDAQ,199.98,97,98,96,95,105.05,68780046392.07726,624818725.0,0.0581,-30.43,22980518,27118876,25961697,0.635
160,STRO,Healthcare,Biotechnology,NASDAQ,199.97,97,99,98,48,26.09,432322756.03844833,16570439.0,0.0722,-40.5,245590,302773,278498,-0.165
161,GTX,Consumer Cyclical,Auto Parts,NASDAQ,199.8,97,94,88,91,31.98,5982544384.503807,187188503.0,0.0365,-6.87,3170673,3403264,2769346,0.122
162,SLNHP,Financial Services,Capital Markets,NASDAQ,199.47,97,91,96,94,10.9,,,0.41,-12.8,14523,12531,16164,0.583
163,NGL,Energy,Oil & Gas Midstream,NYSE,199.05,97,97,95,94,15.85,1899673511.909011,124814289.0,0.0394,-15.69,418368,328179,274451,-0.133
164,MKSI,Technology,Scientific & Technical Instruments,NASDAQ,198.93,97,96,95,88,316.07,20374686100.593353,67544129.0,0.0729,-7.53,1023092,1256130,1155904,0.152
165,FLNC,Utilities,Utilities - Renewable,NASDAQ,198.27,97,95,96,98,21.62,3042711215.634575,132811490.0,0.38189998,-35.48,17373023,15339961,11011846,0.077
166,NDLS,Consumer Cyclical,Restaurants,NASDAQ,198.04,97,97,47,22,13.62,72472203.82381916,5892049.0,0.0254,-2.37,31509,52619,54019,-0.0
167,TER,Technology,Semiconductor Equipment & Materials,NASDAQ,197.64,97,96,98,94,347.59,56031134898.11096,156542162.0,0.0452,-17.65,3670828,4163702,3658699,0.87
168,SATL,Industrials,Aerospace & Defense,NASDAQ,197.25,97,97,62,8,6.28,1055497953.6748095,148244097.0,0.0935,-47.67,8993803,9874724,10739920,0.803
169,KOPN,Technology,Electronic Components,NASDAQ,196.82,97,97,66,89,4.6,1011745012.248683,185301283.0,0.118999995,-30.41,8342055,11106468,9268053,0.001
170,KLIC,Technology,Semiconductor Equipment & Materials,NASDAQ,196.77,97,96,92,73,102.03,5136995397.9687195,52332877.0,0.036,-7.9,838264,909161,794974,0.498
171,VSXY,Consumer Cyclical,Apparel Retail,NYSE,196.01,97,86,92,96,74.24,5925154711.606049,79425668.0,0.22459999,-8.66,4132687,2796902,2457065,0.153
172,WOLF,Technology,Semiconductors,NYSE,195.94,97,98,33,21,43.42,2661549866.2436256,48339081.0,3.16,-46.28,8174142,10037780,7487918,-0.19
173,NRGV,Utilities,Utilities - Renewable,NYSE,195.82,97,97,96,99,4.33,975006665.6624594,178246198.0,0.133,-34.84,5615150,5356900,4613718,1.564
174,ARCB,Industrials,Trucking,NASDAQ,195.51,97,85,73,57,165.16,3452889558.6676025,22263780.0,0.0683,6.09,424888,358789,337999,0.033
175,NOK,Technology,Communication Equipment,NYSE,195.42,97,96,92,83,13.4,80276842017.85034,5582534171.0,0.0108,-23.21,138298036,126643532,114291497,0.024
176,ANAB,Healthcare,Biotechnology,NASDAQ,195.42,97,98,98,97,52.1,1465812402.6568832,29100902.0,0.2377,-28.0,581086,591002,714380,-0.08
177,DGXX,Utilities,Utilities - Independent Power Producers,NASDAQ,195.35,97,99,70,84,5.99,546161904.8305922,90424157.0,0.09,-34.89,10654806,17826832,11585589,-0.268
178,ARTV,Healthcare,Biotechnology,NASDAQ,194.82,96,99,97,91,7.42,332829151.66626835,48588198.0,0.014099999,-48.93,506052,610330,509734,
179,SOGP,Communication Services,Internet Content & Information,NASDAQ,194.78,96,99,99,99,11.7,51842893.63846207,4174146.0,0.0221,-68.38,20516,25008,60943,0.575
180,BUUU,Industrials,Specialty Business Services,NASDAQ,194.24,96,98,97,92,16.31,273631039.81018066,16695000.0,0.0027,-37.27,20150,27370,18020,0.123
181,CELC,Healthcare,Biotechnology,NASDAQ,194.24,96,99,99,99,88.24,4305087845.11084,48766288.0,0.2945,-41.57,2570110,1667420,1297046,
182,NWPX,Basic Materials,Steel,NASDAQ,194.13,96,95,89,84,122.31,1134854082.66687,9637008.0,0.0382,-0.96,158284,167981,148696,0.191
183,LUNR,Industrials,Aerospace & Defense,NASDAQ,194.04,96,98,94,71,26.53,4710879890.1723175,160452309.0,0.2331,-43.25,14370311,15139787,15707162,1.987
184,PACS,Healthcare,Medical Care Facilities,NYSE,193.27,96,97,97,98,34.33,5857660370.105072,158272376.0,0.0888,-20.31,791842,871207,833642,0.112
185,AMAT,Technology,Semiconductor Equipment & Materials,NASDAQ,192.32,96,93,94,89,497.01,359671569137.81006,793959430.0,0.0231,-2.69,9168911,8113253,7132720,0.114
186,CRML,Basic Materials,Other Industrial Metals & Mining,NASDAQ,192.14,96,97,98,97,9.17,1430696420.5998325,146888753.0,0.2523,-71.48,8027573,11105501,13681850,0.578
187,IMOS,Technology,Semiconductors,NASDAQ,191.79,96,96,95,89,55.12,2004890434.6543808,34770906.0,0.0014,-22.36,133020,113470,97126,0.254
188,AMPX,Industrials,Electrical Equipment & Parts,NYSE,191.02,96,98,99,98,16.43,2788639052.937069,141627170.0,0.1627,-32.18,9737511,9424543,8957904,1.529
189,HCHL,Consumer Cyclical,Restaurants,NASDAQ,190.91,96,90,3,36,4.02,126838704.25,29844401.0,0.010299999,-44.55,1309310,905030,556158,-0.457
190,CUE,Healthcare,Biotechnology,NASDAQ,190.83,96,95,8,8,27.86,123742100.93447113,4200343.0,0.069,-32.74,80228,902842,923068,12.506
191,FATN,Technology,Software - Infrastructure,NASDAQ,190.52,96,76,6,3,6.19,85969990.44497299,14024468.0,0.0223,-43.21,805033,2282867,1405922,0.904
192,OPEN,Real Estate,Real Estate Services,NASDAQ,190.49,96,96,98,99,4.48,4264135987.043564,964736632.0,0.14819999,-58.79,40870204,37734798,36420260,-0.376
193,MTSI,Technology,Semiconductors,NASDAQ,189.96,96,96,92,86,354.4,26352559873.92755,76295774.0,0.0433,-15.4,1865476,1643452,1387535,0.225
194,ONDS,Technology,Communication Equipment,NASDAQ,189.79,96,98,99,99,9.31,5316354723.553467,509717600.0,0.3105,-39.07,94208299,76921333,68567485,10.799
195,VSTS,Industrials,Rental & Leasing Services,NYSE,189.48,96,94,70,68,13.02,1697550354.0940895,132105082.0,0.1001,-3.7,1365226,1767725,1482779,-0.009
196,CRDO,Technology,Semiconductors,NASDAQ,189.14,96,94,81,92,237.68,38160847974.02069,184449940.0,0.0683,-3.36,11323847,7929869,7782973,1.57
197,QXL,Technology,Information Technology Services,NASDAQ,188.68,96,85,20,3,4.52,60013764.0,13336392.0,0.0007,-29.7,104115,66245,57927,-0.871
198,HPE,Technology,Communication Equipment,NYSE,188.53,96,85,65,76,45.49,65150814243.48711,1324203521.0,0.0583,-29.2,60022868,31021222,24304643,0.4
199,IRDM,Communication Services,Telecom Services,NASDAQ,188.29,96,95,76,16,45.61,5007266020.371094,105727744.0,0.0627,-15.27,2526802,2230984,2493528,0.019
200,LAR,Basic Materials,Other Industrial Metals & Mining,NYSE,188.24,96,98,96,93,8.1,1413887438.7493134,163834000.0,0.036199998,-32.78,1835984,2786674,3004894,
201,VNCE,Consumer Cyclical,Apparel Manufacturing,NASDAQ,187.9,96,95,48,94,4.36,56399618.944701195,12847294.0,0.0034999999,-26.1,107127,183099,218375,0.047
202,MAGH,Industrials,Engineering & Construction,NASDAQ,187.67,96,94,96,98,6.76,225446007.63320923,33350000.0,0.0419,-2.59,0,0,0,-0.045
203,INOD,Technology,Information Technology Services,NASDAQ,187.62,96,95,32,54,99.89,3329866895.1224976,32655358.0,0.0929,-20.18,1913677,2792379,2055037,0.544
204,MEC,Industrials,Metal Fabrication,NYSE,186.86,96,88,67,76,33.84,847675699.5,25494006.0,0.0537,1.01,814185,581001,393841,0.068
205,SPHR,Communication Services,Entertainment,NYSE,186.8,96,96,97,96,142.0,4993012318.5,35792203.0,0.36580002,-4.7,734757,733489,698189,0.377
206,CECO,Industrials,Pollution & Treatment Controls,NASDAQ,186.07,96,91,90,93,92.29,2798813758.196617,35873031.0,0.1753,0.32,1406703,1015151,821416,0.165
207,AXGN,Healthcare,Medical Devices,NASDAQ,185.97,96,95,95,96,41.34,2276010826.62854,53177824.0,0.069699995,-9.8,900085,870148,1032729,0.266
208,BFLY,Healthcare,Medical Devices,NYSE,185.28,96,93,92,88,5.39,1195698985.3336382,261640906.0,0.122200005,-5.77,4889898,4881609,4892125,0.25
209,ASRT,Healthcare,Drug Manufacturers - Specialty & Generic,NASDAQ,184.71,96,94,64,28,23.48,151473502.65117645,6462180.0,0.039100002,0.04,281037,433869,363981,-0.625
210,FEIM,Technology,Communication Equipment,NASDAQ,184.56,96,94,95,96,66.63,672400449.6364822,9841927.0,0.1174,-12.72,168641,174840,174576,-0.108
211,DRTS,Healthcare,Biotechnology,NASDAQ,184.05,96,96,95,92,9.24,844546975.0565872,90325876.0,0.0239,-20.48,1328867,1113969,781167,
212,GSAT,Communication Services,Telecom Services,NASDAQ,183.41,96,96,94,97,80.31,10495009712.067162,128788931.0,0.0651,-5.18,1310949,1277053,1681715,0.167
213,SND,Energy,Oil & Gas Equipment & Services,NASDAQ,183.18,96,95,91,93,5.31,234271953.251132,42985681.0,0.028099999,-9.08,449656,337758,311763,0.42
214,NESR,Energy,Oil & Gas Equipment & Services,NASDAQ,183.18,96,97,97,93,23.53,2410249356.029825,100847255.0,0.0424,-13.65,1507090,1833640,1845000,0.335
215,ARWR,Healthcare,Biotechnology,NASDAQ,182.72,96,98,97,99,70.73,10295239149.056183,140857021.0,0.1278,-14.02,1464267,1618255,1710955,-0.864
216,NRXS,Healthcare,Biotechnology,NYSE ARCA,182.49,96,98,98,63,6.8,84709332.08971024,12384405.0,0.0417,-27.12,142231,161343,162510,0.795
217,RXO,Industrials,Trucking,NYSE,182.43,96,82,20,19,28.75,4429759680.97937,164920312.0,0.24790001,3.31,1904614,2795581,2382388,-0.006
218,CPSH,Technology,Electronic Components,NASDAQ,182.12,96,80,89,88,6.81,129483966.51731873,19268448.0,0.0517,-52.68,3829836,2953642,1882633,-0.064
219,ATOM,Technology,Semiconductor Equipment & Materials,NASDAQ,181.97,96,98,88,7,8.02,319794168.86138916,38716000.0,0.1547,-35.14,1346336,2331242,2412469,1.75
220,PODC,Communication Services,Internet Content & Information,NASDAQ,181.63,96,91,76,72,4.22,115999202.31279564,27487964.0,0.0155,-18.85,125337,196465,141491,0.248
221,ON,Technology,Semiconductors,NASDAQ,181.56,96,94,77,57,110.17,45591063007.23322,388803191.0,0.1241,-18.34,12099936,13030555,11862263,0.047
222,LGN,Industrials,Engineering & Construction,NASDAQ,181.56,96,97,90,87,80.69,13745864804.854614,164247394.0,0.059299998,-24.76,1079555,1441725,1859667,1.051
223,FBIOP,Healthcare,Biotechnology,NASDAQ,181.11,96,90,93,74,20.1,,,0.0,-5.32,48738,32392,23811,0.063
224,CLOV,Healthcare,Healthcare Plans,NASDAQ,180.78,96,82,15,23,4.89,2017200920.737175,526684324.0,0.09,15.6,10763256,8448605,7374923,0.62
225,BELFA,Technology,Electronic Components,NASDAQ,180.4,96,95,94,91,245.48,2952176846.861435,12722707.0,0.044899996,-11.13,164351,99240,93382,0.172
226,FIX,Industrials,Engineering & Construction,NYSE,180.25,96,97,97,94,1719.48,64877122048.41943,35183967.0,0.0295,-17.09,497272,426534,412526,0.01
227,TWST,Healthcare,Diagnostics & Research,NASDAQ,180.1,96,89,88,29,67.77,4310420431.094788,62271314.0,0.3416,-15.81,1706344,1603691,1470102,0.193
228,GLW,Technology,Electronic Components,NYSE,180.06,96,97,96,89,168.17,152832066539.37494,860637825.0,0.0279,-20.6,13420804,14610494,12981320,0.2
229,BLDP,Industrials,Electrical Equipment & Parts,NASDAQ,180.03,96,95,83,88,4.38,1483261200.080782,301475849.0,0.0735,-33.33,9758571,11922717,8551870,0.262
230,XMTR,Industrials,Industrial Distribution,NASDAQ,179.96,96,91,39,92,82.37,4456131027.936371,55245857.0,0.090500005,-17.51,1104186,1077072,905265,0.359
231,MX,Technology,Semiconductors,NYSE,179.58,96,83,34,14,6.08,252535111.96451283,36440854.0,0.0105,-38.34,6322813,3847564,2866256,0.033
232,IREN,Financial Services,Capital Markets,NASDAQ,179.47,96,98,98,98,51.52,19423530386.58342,357378674.0,0.1472,-32.98,51403636,54153005,46459623,-0.0
233,IRWD,Healthcare,Drug Manufacturers - Specialty & Generic,NASDAQ,179.06,96,97,97,98,3.35,544870364.4407454,164613406.0,0.115100004,-42.04,1878850,2474066,2207202,1.589
234,NBR,Energy,Oil & Gas Drilling,NYSE,179.03,96,96,93,75,102.87,1419371554.885353,14795909.0,0.0654,-8.88,314640,311446,329970,0.064
235,IMMX,Healthcare,Biotechnology,NASDAQ,178.63,96,98,99,98,8.18,564536299.209435,71189951.0,0.0765,-29.54,1177677,1260505,1029555,
236,AFJK,Financial Services,Shell Companies,NASDAQ,178.43,96,97,94,97,37.7,127919817.63143921,3166332.0,0.0023999999,-71.08,1219,2493,20291,
237,IRD,Healthcare,Biotechnology,NASDAQ,178.39,95,98,99,94,3.89,328024039.2474637,81395539.0,0.0402,-33.05,863003,947207,853482,-0.506
238,STRZ,Communication Services,Entertainment,NASDAQ,178.33,95,94,59,31,27.46,438706093.35980415,16789365.0,0.044299997,-2.76,139231,166007,161628,-0.072
239,CEVA,Technology,Semiconductors,NASDAQ,178.18,95,89,25,20,41.08,1214111352.0320282,27859369.0,0.057600003,-19.84,1212204,1075134,829730,0.115
240,KF,Financial Services,Asset Management,NYSE,177.61,95,95,94,87,66.13,272496539.3638916,4158348.0,0.21,-16.15,25391,25120,24744,0.08
241,AVNS,Healthcare,Medical Devices,NYSE,177.58,95,94,69,25,24.98,1172961028.925518,46824793.0,0.0327,-2.0,1511849,1327209,1734201,0.088
242,ALM,Basic Materials,Other Industrial Metals & Mining,NASDAQ,177.56,95,99,99,98,15.3,4627829405.655504,283741849.0,0.94,-37.32,5862297,4852805,4998309,2.212
243,LITB,Consumer Cyclical,Internet Retail,NYSE,177.32,95,82,92,76,3.59,66896819.10879779,18277819.0,0.0017,-13.91,12885,11678,11157,0.105
244,ZNTL,Healthcare,Biotechnology,NASDAQ,177.1,95,97,95,21,3.6,260542039.78997326,71186348.0,0.0866,-48.2,761881,892873,2353040,
245,WEST,Consumer Defensive,Packaged Foods,NASDAQ,177.07,95,89,28,14,8.93,735587029.7584591,97557962.0,0.1571,-0.51,530524,876441,666710,0.444
246,GCTS,Technology,Semiconductors,NYSE,176.96,95,75,24,19,2.47,225981206.37697577,83081325.0,0.0714,-37.15,6911121,10165383,6544872,2.871
247,BELFB,Technology,Electronic Components,NASDAQ,176.79,95,95,94,92,276.95,3734313915.196594,14222707.0,0.045500003,-10.16,288292,317407,265352,0.172
248,DFTX,Healthcare,Biotechnology,NASDAQ,176.73,95,94,96,91,23.24,2568522656.438648,109066783.0,0.0855,-11.47,2665469,1872259,1970753,
249,TH,Industrials,Specialty Business Services,NASDAQ,176.6,95,97,78,68,17.04,1604321918.0421448,99585466.0,0.1058,-9.98,1916904,1462424,1626574,0.041
250,MTRN,Basic Materials,Other Industrial Metals & Mining,NYSE,175.4,95,92,88,81,224.05,4591927813.75,20801485.0,0.0277,-4.03,340888,319372,267313,0.308
251,ROMA,Industrials,Consulting Services,NASDAQ,175.4,95,99,98,91,6.85,412782466.8050637,59564571.0,0.0171,-41.8,69078,52282,106493,0.176
252,AGX,Industrials,Engineering & Construction,NYSE,175.02,95,97,97,94,588.9,9739450865.119873,14019247.0,0.0473,-24.4,417166,325842,330265,0.502
253,ONTO,Technology,Semiconductor Equipment & Materials,NYSE,174.79,95,95,90,79,269.33,12597061180.329575,49743567.0,0.0279,-14.77,1173588,1213839,1074371,0.095
254,WTI,Energy,Oil & Gas E&P,NYSE,174.47,95,96,94,32,4.28,550477489.6942735,148777698.0,0.2041,-15.75,5337359,6250869,7665307,0.155
255,TXG,Healthcare,Health Information Services,NASDAQ,174.41,95,86,85,83,29.11,3940720222.7918625,126956189.0,0.2591,-18.33,3347033,3038227,2826306,-0.026
256,DNTH,Healthcare,Biotechnology,NASDAQ,174.37,95,98,98,92,76.42,4401178535.609673,54666233.0,0.1354,-20.81,1206133,726317,722952,-0.602
257,MYRG,Industrials,Engineering & Construction,NASDAQ,174.17,95,95,91,85,407.22,6939387960.782837,15571036.0,0.0547,-15.99,274535,306298,291273,0.2
258,IBRX,Healthcare,Biotechnology,NASDAQ,174.13,95,97,98,18,6.98,7247689600.746767,1047353977.0,0.3418,-43.85,12812376,13743432,14264847,1.676
259,BTSG,Healthcare,Health Information Services,NASDAQ,174.01,95,94,91,92,60.59,11324152240.832832,197284877.0,0.082600005,-2.45,4331265,3536445,2853643,0.256
260,GLUE,Healthcare,Biotechnology,NASDAQ,173.96,95,97,96,98,16.52,1382928143.557949,84479418.0,0.17989999,-35.89,1073383,839884,900560,-0.95
261,GFS,Technology,Semiconductors,NASDAQ,173.78,95,93,76,46,74.82,41421893043.74634,548416440.0,0.2208,-19.16,5431912,6177044,5120292,0.031
262,MGNX,Healthcare,Biotechnology,NASDAQ,173.3,95,96,95,15,3.87,248531816.3856666,63563123.0,0.0795,-16.59,549627,1203632,1023955,0.575
263,SNEX,Financial Services,Capital Markets,NASDAQ,172.7,95,92,76,74,124.7,9156717920.396912,79251496.0,0.0769,-0.57,658908,642916,676145,0.238
264,URGN,Healthcare,Biotechnology,NASDAQ,172.61,95,91,77,92,28.0,1308177690.435854,48721701.0,0.1417,-13.5,672139,836106,821783,1.516
265,NSYS,Healthcare,Medical Devices,NASDAQ,172.3,95,87,70,17,17.02,44237473.006793976,2794534.0,0.0015,-5.5,53232,29367,30294,0.127
266,RYDE,Technology,Software - Application,NYSE ARCA,171.73,95,98,96,29,0.75,140872831.14738667,169726306.0,0.010299999,-51.61,424826,305648,821321,0.388
267,BTSGU,Healthcare,Health Information Services,NASDAQ,171.65,95,94,90,91,201.37,,,0.29,-2.19,44521,56590,41550,0.256
268,KLAC,Technology,Semiconductor Equipment & Materials,NASDAQ,171.53,95,91,90,89,2135.64,252006607134.90308,130627521.0,0.2889,-0.98,1193164,1104664,1006234,0.115
269,CENX,Basic Materials,Aluminum,NASDAQ,171.49,95,95,97,89,59.04,5950319599.924313,98974047.0,0.1192,-16.17,2075351,1764293,1762032,0.024
270,BIOA,Healthcare,Drug Manufacturers - Specialty & Generic,NASDAQ,171.47,95,97,99,98,15.48,697907915.3213139,44452734.0,0.0434,-35.5,288240,385076,398626,0.91
271,ACLS,Technology,Semiconductor Equipment & Materials,NASDAQ,171.38,95,94,71,71,157.43,4522800395.070892,30733897.0,0.1237,-8.26,571793,648634,669700,0.033
272,SANM,Technology,Electronic Components,NASDAQ,171.3,95,93,70,91,231.32,13510917136.940384,53597735.0,0.0776,-19.87,865722,895594,875718,1.023
273,VISN,Technology,Communication Equipment,NASDAQ,171.18,95,94,95,97,12.07,2650443164.25,225569631.0,0.0854,-41.27,5505388,8266532,7298787,0.216
274,CMPS,Healthcare,Medical Care Facilities,NASDAQ,171.05,95,93,81,89,11.03,1634236218.8688278,134949320.0,0.057800002,-25.27,4124661,3995857,4547106,
275,TVTX,Healthcare,Biotechnology,NASDAQ,170.78,95,92,79,94,46.74,4260005105.756321,92992905.0,0.19700001,-3.85,2043375,2365241,2522095,0.556
276,AGPU,Technology,Software - Infrastructure,NASDAQ,170.25,95,86,1,4,6.62,80427875.12845278,10404641.0,0.031400003,-79.38,348643,384474,4331514,-0.013
277,NNBR,Industrials,Conglomerates,NASDAQ,169.4,95,80,21,7,2.88,148293565.70027542,52773512.0,0.0585,-11.11,584030,982670,1163186,0.121
278,QTEX,Technology,Computer Hardware,NASDAQ,169.24,95,8,14,60,1.42,67413447.16262579,47474260.0,0.0218,-63.12,41208428,50989682,30780943,
279,LINC,Consumer Defensive,Education & Training Services,NASDAQ,169.1,95,96,95,79,47.43,1522277789.9621887,31720728.0,0.0767,-11.35,534440,568933,488578,0.225
280,LASR,Technology,Semiconductors,NASDAQ,169.08,95,98,99,97,62.7,3714513401.577141,56408709.0,0.0494,-27.89,1126486,1260025,1259155,0.552
281,SUNE,Technology,Solar,NASDAQ,168.88,95,26,19,6,2.6,4659109.7603394985,4123106.0,0.0506,-24.86,34772464,11844428,7201778,-0.431
282,ADEA,Technology,Software - Application,NASDAQ,168.8,95,94,93,28,30.85,3196312795.5315285,110293749.0,0.1106,-10.16,2986708,2594523,2013096,0.195
283,APLD,Technology,Information Technology Services,NASDAQ,168.69,95,98,95,96,38.92,11322188829.945202,285769539.0,0.299,-23.27,21013292,22437794,24015642,1.393
284,EDSA,Healthcare,Biotechnology,NASDAQ,168.51,95,99,98,13,5.21,48550052.79920101,8891951.0,0.026700001,-74.36,281397,447052,622419,
285,CVLG,Industrials,Trucking,NYSE,168.22,95,80,66,40,43.78,1095441452.8023643,25170989.0,0.0432,-0.95,210576,200872,189441,0.14
286,FTRE,Healthcare,Biotechnology,NASDAQ,168.19,95,92,36,92,16.34,1520922451.1837578,94584730.0,0.1179,-12.48,1460976,1529462,1337439,-0.023
287,SSL,Basic Materials,Specialty Chemicals,NYSE,167.55,95,96,96,68,13.54,8587632746.780928,637537682.0,0.0076,-5.78,1393748,1455446,1920043,0.002
288,SEDG,Technology,Solar,NASDAQ,167.45,95,83,93,89,54.54,3841885708.978546,60818202.0,0.1967,-32.87,3055856,4509118,4126513,0.415
289,LSCC,Technology,Semiconductors,NASDAQ,167.15,95,91,88,75,132.37,18574156176.965515,137007857.0,0.077,-15.05,1997585,2485918,2178343,0.422
290,CNTA,Healthcare,Biotechnology,NASDAQ,166.82,95,95,89,89,39.69,6130361467.651634,154728966.0,0.0188,-1.42,1344154,1256504,2900812,
291,GH,Healthcare,Diagnostics & Research,NASDAQ,166.29,95,85,88,96,130.7,16655877162.622574,132599929.0,0.1017,-2.67,2471676,2356962,2296443,0.483
292,TWN,Financial Services,Asset Management,NYSE,166.23,95,94,90,84,92.83,528841783.1383438,5742039.0,0.33080003,-10.27,60593,54364,46492,0.404
293,NAUT,Healthcare,Biotechnology,NASDAQ,166.12,95,97,97,96,2.26,303718476.7811024,127078855.0,0.013200001,-47.56,415152,400507,366986,
294,COGT,Healthcare,Biotechnology,NASDAQ,166.01,95,97,98,99,31.38,5300325562.297165,170868004.0,0.0657,-28.24,2637416,2053695,2155519,
295,EFXT,Energy,Oil & Gas Equipment & Services,NYSE,165.99,95,96,96,93,23.91,2947916892.5351524,122066954.0,1.27,-17.98,477006,561145,600151,0.058
296,OSCR,Healthcare,Healthcare Plans,NYSE,165.49,94,90,29,39,27.85,7389593499.006271,301493000.0,0.075,8.87,8575069,8716816,7685619,0.526
297,KALU,Basic Materials,Aluminum,NASDAQ,165.02,94,93,88,89,174.84,2890653101.664856,16340606.0,0.041500002,-10.08,226758,228882,255489,0.424
298,MOV,Consumer Cyclical,Luxury Goods,NYSE,164.94,94,85,83,79,36.05,828186664.2723274,22227233.0,0.0435,-7.02,333360,223646,193126,0.081
299,SKLZ,Communication Services,Electronic Gaming & Multimedia,NYSE,164.81,94,80,11,27,8.75,131571710.2730484,15607557.0,0.2642,-56.25,290686,888705,1563013,0.329
300,CSTM,Basic Materials,Aluminum,NYSE,164.19,94,94,93,86,32.65,4614138667.40036,136150450.0,0.0452,-11.73,2122595,2349165,2334667,0.244
301,SNX,Technology,Electronics & Computer Distribution,NYSE,164.05,94,88,66,68,267.81,21672372647.791138,80626390.0,0.0179,-6.44,935447,722639,847205,0.181
302,BHE,Technology,Electronic Components,NYSE,163.62,94,93,84,67,82.86,3010800795.427185,35877036.0,0.0469,-7.32,393785,482665,417303,0.072
303,ALOT,Technology,Computer Hardware,NASDAQ,163.59,94,87,42,16,15.92,111975414.51125336,7727772.0,0.0018000001,-0.93,79059,56719,60405,0.005
304,CVV,Industrials,Specialty Industrial Machinery,NASDAQ,163.54,94,95,80,37,6.4,38519826.273797035,6940509.0,0.0256,-24.35,108083,186377,172564,-0.709
305,TIGO,Communication Services,Telecom Services,NASDAQ,163.27,94,92,95,92,89.25,13848976374.595093,167541444.0,0.04,-0.27,3021175,1919618,1726297,0.451
306,AXSM,Healthcare,Biotechnology,NASDAQ,163.11,94,90,81,85,246.34,11955133214.022583,51459766.0,0.0845,1.62,714361,849010,753084,0.574
307,TTI,Industrials,Conglomerates,NYSE,163.02,94,93,92,96,10.38,1358205398.5528822,146200797.0,0.0544,-17.22,2100669,1606839,1679885,-0.006
308,DLTH,Consumer Cyclical,Apparel Retail,NASDAQ,162.65,94,79,28,19,4.53,126587274.8146348,38128698.0,0.0228,-2.79,250992,127807,111552,-0.105
309,TMCI,Healthcare,Medical Devices,NASDAQ,162.37,94,16,4,4,4.23,227704145.1413231,64872976.0,0.0699,-45.63,614471,569083,747336,-0.102
310,DIOD,Technology,Semiconductors,NASDAQ,162.37,94,93,84,33,100.45,4643174705.870239,45944734.0,0.053600002,-17.64,679339,728676,670321,0.221
311,POET,Technology,Semiconductors,NASDAQ,162.35,94,97,86,86,10.98,2046981455.90407,172595406.0,0.19950001,-47.24,37468084,53783764,47246700,2.019
312,CTOS,Industrials,Rental & Leasing Services,NYSE,162.12,94,91,72,74,10.27,2201549776.686989,227432821.0,0.0342,0.49,855552,1089937,1018314,0.093
313,BKSY,Industrials,Specialty Business Services,NYSE,161.75,94,97,94,87,31.79,1289909681.473732,37109026.0,0.19639999,-39.88,2435220,2442356,2373820,-0.297
314,RDNW,Consumer Cyclical,Auto & Truck Dealerships,NASDAQ,161.5,94,94,93,92,7.76,281686392.15991974,38587176.0,0.0698,-9.24,110609,81916,72683,0.064
315,GVH,Industrials,Integrated Freight & Logistics,NASDAQ,161.44,94,97,1,2,3.98,9398826.395323277,2286819.0,0.0231,-98.89,18349,69909,294963,0.207
316,MBX,Healthcare,Biotechnology,NASDAQ,161.4,94,94,97,98,30.99,1441253422.7626343,47597536.0,0.1263,-32.41,577641,664860,590286,
317,CYRX,Industrials,Integrated Freight & Logistics,NASDAQ,161.4,94,89,50,76,14.77,791316304.4865217,50402313.0,0.0454,-11.72,1257299,919599,728911,0.165
318,PUMP,Energy,Oil & Gas Equipment & Services,NYSE,161.11,94,95,96,90,15.07,1807374198.1752014,122616976.0,0.1475,-18.54,5425875,6384045,4793217,-0.247
319,LONA,Healthcare,Biotechnology,NASDAQ,161.09,94,97,97,47,8.43,77214687.58833885,9393514.0,0.0084,-40.68,17364,35761,37420,
320,ATI,Industrials,Metal Fabrication,NYSE,160.5,94,91,94,91,183.37,24219406846.279877,136470427.0,0.042,0.04,1689179,1792403,1798087,0.006
321,UMAC,Technology,Computer Hardware,NYSE ARCA,159.81,94,88,96,38,22.85,1276097780.5638695,47793923.0,0.14060001,-33.5,14271457,7542599,6259403,2.964
322,DHC,Real Estate,REIT - Healthcare Facilities,NASDAQ,159.78,94,94,95,88,8.87,2065172014.130476,242106926.0,0.043,-2.95,2292413,1863721,1663844,-0.053
323,SEI,Energy,Oil & Gas Equipment & Services,NYSE,159.57,94,95,94,88,68.24,4052538198.1740417,58402338.0,0.21790001,-16.0,2326221,2428280,2383036,0.553
324,QUCY,Healthcare,Diagnostics & Research,NASDAQ,159.49,94,2,7,6,1.92,50087959.88562727,22767254.0,0.78419995,-61.05,5268151,35897263,21993228,
325,ECOR,Healthcare,Medical Devices,NASDAQ,159.43,94,79,76,17,9.93,72338567.25519276,8295707.0,0.0369,-4.21,197571,139920,109604,0.426
326,IESC,Industrials,Engineering & Construction,NASDAQ,159.24,94,93,90,92,678.2,14359543254.932373,19923887.0,0.113900006,-8.95,208236,215028,214737,0.168
327,SYNA,Technology,Semiconductors,NASDAQ,159.2,94,90,64,55,128.82,4743934917.134857,38637685.0,0.2211,-13.61,898065,1018115,912941,0.104
328,ARMP,Healthcare,Biotechnology,NYSE ARCA,159.12,94,98,99,97,7.56,275331075.0,36710810.0,0.0209,-53.73,63298,71276,69153,0.607
329,ETON,Healthcare,Drug Manufacturers - Specialty & Generic,NASDAQ,159.06,94,93,75,58,30.95,797939365.5514183,27392358.0,0.0795,-13.21,386725,430091,416839,0.404
330,MOD,Consumer Cyclical,Auto Parts,NYSE,159.02,94,93,93,73,258.17,14604093226.12915,52815785.0,0.072399996,-20.13,1317486,1299995,1128619,0.475
331,HUM,Healthcare,Healthcare Plans,NYSE,158.98,94,84,15,42,364.46,42031128307.84607,120061500.0,0.056700002,3.58,1314380,1650863,1719002,0.235
332,ENS,Industrials,Electrical Equipment & Parts,NYSE,158.81,94,93,89,89,220.76,8292455959.706039,36517773.0,0.051599998,-9.64,461841,459303,388238,0.013
333,WHLRP,Real Estate,REIT - Retail,NASDAQ,158.02,94,88,94,72,8.5,,,0.85,-5.56,3170,2913,6410,-0.014
334,OGN,Healthcare,Drug Manufacturers - General,NYSE,157.83,94,91,17,9,13.38,3508347426.163149,262600862.0,0.0867,-0.74,2685289,4981506,9897819,-0.035
335,STFS,Communication Services,Advertising Agencies,NASDAQ,157.82,94,79,9,3,10.12,12773135.472310066,1193751.0,0.0226,-90.27,123660,466156,281844,0.331
336,FOCL,Healthcare,Medical Distribution,NASDAQ,157.09,94,92,93,88,4.66,170917854.01526356,37481986.0,0.002,-7.72,44140,42293,35750,0.139
337,STLD,Basic Materials,Steel,NASDAQ,157.05,94,87,78,83,268.34,38721131698.5,144212781.0,0.0323,-4.33,1161325,1053041,1117195,0.191
338,CRS,Industrials,Metal Fabrication,NYSE,156.87,94,86,90,89,523.05,24027962266.45691,49685612.0,0.034,4.58,668481,651107,670398,0.116
339,MRVI,Healthcare,Biotechnology,NASDAQ,156.87,94,91,71,82,5.08,740480940.4665432,147506164.0,0.0685,-2.5,3013046,2905375,2528067,0.405
340,CNC,Healthcare,Healthcare Plans,NYSE,156.73,94,89,25,28,65.34,30778367914.16931,493797000.0,0.035099998,2.9,5292237,5939889,5854791,0.051
341,NKTR,Healthcare,Biotechnology,NASDAQ,156.7,94,98,99,98,56.78,1936615343.9293213,33786032.0,0.1427,-47.91,1080456,935635,1066209,0.038
342,HIMX,Technology,Semiconductors,NASDAQ,156.39,94,97,69,37,16.23,3502472339.812359,174425914.0,0.056999996,-35.31,5417310,6078130,4751396,-0.075
343,HTLD,Industrials,Trucking,NASDAQ,156.36,94,81,60,50,15.78,1219687797.304016,77489696.0,0.048699997,-1.93,638896,582648,503429,-0.197
344,AAMI,Financial Services,Asset Management,NYSE,156.26,94,90,86,86,76.08,2636545112.0,35628988.0,0.0337,-0.07,347712,408354,378522,0.393
345,EMPG,Healthcare,Medical Distribution,NASDAQ,156.12,94,94,97,98,17.36,143046405.02929688,8240000.0,0.0396,-4.3,0,0,0,1.416
346,PTEN,Energy,Oil & Gas Drilling,NASDAQ,156.1,94,93,92,33,12.02,4369399272.917585,379617653.0,0.045700002,-8.1,8367628,7838679,9179931,-0.127
347,CODI,Industrials,Conglomerates,NYSE,155.95,94,93,35,7,10.92,800510704.070219,75235966.0,0.0671,-13.61,890676,915008,1024697,-0.059
348,PLXS,Technology,Electronic Components,NASDAQ,155.87,94,91,87,65,275.51,7304770758.503174,26756421.0,0.0557,-5.75,326526,318178,322811,0.187
349,FGMCU,Financial Services,Shell Companies,NASDAQ,155.59,94,59,60,55,17.99,175955223.5710144,10295800.0,0.0,-5.81,1424,578,347,
350,TSAT,Technology,Communication Equipment,NASDAQ,155.48,94,96,87,87,43.89,678154026.6599731,15218896.0,0.062800005,-25.76,377812,270224,252174,-0.254
351,FBYD,Industrials,Conglomerates,NASDAQ,155.28,94,93,30,83,14.34,719498553.1173248,49012162.0,0.0306,-50.59,60267,80245,89519,2.148
352,QMCO,Technology,Computer Hardware,NASDAQ,155.2,94,72,11,15,12.59,185902965.50801754,14638029.0,0.1058,-31.87,2138365,1174158,888823,0.086
353,CLDT,Real Estate,REIT - Hotel & Motel,NYSE,155.2,94,84,71,37,12.22,534033137.21178055,46681220.0,0.0148,5.25,447066,475418,382909,-0.016
354,OUST,Technology,Electronic Components,NASDAQ,155.11,94,86,81,90,38.39,2526542635.751442,63672949.0,0.1004,-22.27,4551894,5311831,3952536,0.489
355,PURR,Financial Services,Capital Markets,NASDAQ,154.85,93,88,91,28,7.57,1232137742.0583372,144447571.0,1.38,-34.85,23043749,15963066,11492823,
356,PHOE,Industrials,Engineering & Construction,NASDAQ,154.81,93,97,97,99,15.5,332639991.7602539,21600000.0,0.0032,-88.36,18115,116328,70907,-0.073
357,RIOT,Financial Services,Capital Markets,NASDAQ,154.65,93,94,78,70,24.08,9325209274.098701,378151230.0,0.185,-16.79,17433957,18380439,18375361,0.036
358,MPTI,Technology,Electronic Components,NYSE ARCA,154.64,93,81,88,71,93.87,381929120.4708023,4321443.0,0.0424,-1.19,88831,78163,80070,0.153
359,AVR,Healthcare,Medical Instruments & Supplies,NASDAQ,154.58,93,86,76,35,9.5,938378870.3397932,97342203.0,0.0615,-6.31,1325468,1161412,1009041,-0.112
360,LEE,Communication Services,Publishing,NASDAQ,154.51,93,87,94,7,10.21,230302129.32795715,22229936.0,0.0188,-14.06,63360,64573,51690,-0.112
361,ALNT,Technology,Electronic Components,NASDAQ,154.46,93,81,93,92,85.76,1442324018.6938477,16996512.0,0.056999996,-5.87,305080,264546,224388,0.046
362,TWLO,Technology,Software - Infrastructure,NYSE,154.22,93,92,67,80,207.09,34299375455.118713,151773860.0,0.0519,-13.16,3342227,3235335,2862859,0.2
363,MRX,Financial Services,Capital Markets,NASDAQ,154.16,93,86,44,71,61.91,3964110289.603119,71930870.0,0.0373,5.61,1001545,935701,1118573,0.551
364,BWEN,Industrials,Specialty Industrial Machinery,NASDAQ,154.15,93,95,53,93,3.96,89169680.62080574,23404116.0,0.025799999,-19.18,495334,1459414,928162,-0.075
365,ELSE,Technology,Scientific & Technical Instruments,NASDAQ,154.12,93,92,39,35,7.62,27058359.640995026,3532423.0,0.00029999999,-0.91,7572,8190,18030,0.152
366,PACK,Consumer Cyclical,Packaging & Containers,NYSE,154.11,93,81,18,58,6.72,580849697.986722,85544875.0,0.055999998,-6.15,423822,739944,592068,0.11
367,NEXA,Basic Materials,Other Industrial Metals & Mining,NYSE,154.09,93,95,95,87,12.11,1728323898.8106604,132438611.0,0.007900001,-28.3,1101105,1192845,1367869,0.417
368,CLMT,Basic Materials,Specialty Chemicals,NASDAQ,153.98,93,93,93,71,34.65,3064965000.418808,87147147.0,0.073699996,-10.58,893736,948852,1017861,0.036
369,DDOG,Technology,Software - Application,NASDAQ,153.94,93,87,45,62,227.63,83333840064.05086,355960189.0,0.0544,-18.33,7185659,6998496,5998923,0.322
370,KOS,Energy,Oil & Gas E&P,NYSE,153.85,93,93,92,6,2.98,1666861825.9974375,593189274.0,0.0478,-10.78,9811250,13504796,16526106,0.277
371,SLNH,Financial Services,Capital Markets,NASDAQ,153.57,93,95,21,90,1.37,211381459.625386,157747354.0,0.17940001,-73.35,19119759,26973236,21815509,0.583
372,STTK,Healthcare,Biotechnology,NASDAQ,153.52,93,99,99,96,4.13,351196762.0097408,76680517.0,0.018,-50.42,1403525,854101,689547,
373,COCO,Consumer Defensive,Beverages - Non-Alcoholic,NASDAQ,153.47,93,93,89,87,78.74,4231475510.7172546,57112643.0,0.1041,-1.2,872411,1360890,1271066,0.373
374,CPIX,Healthcare,Drug Manufacturers - Specialty & Generic,NASDAQ,153.43,93,85,33,45,5.48,86902023.45780087,14983107.0,0.0519,-17.1,106595,153255,1208523,-0.22
375,INTT,Technology,Semiconductor Equipment & Materials,NYSE ARCA,153.33,93,95,95,36,15.49,184323519.14860725,12564657.0,0.0139999995,-22.55,292837,424099,360423,0.272
376,EXTR,Technology,Communication Equipment,NASDAQ,153.22,93,83,31,30,28.58,3664402085.625458,130778088.0,0.0947,-4.03,2082480,2638523,2581808,0.114
377,ASML,Technology,Semiconductor Equipment & Materials,NASDAQ,153.15,93,89,91,85,1734.19,632755593573.2556,385417665.0,0.0026,-2.53,1918318,1735232,1792775,0.132
378,INSW,Energy,Oil & Gas Midstream,NYSE,153.14,93,94,92,79,82.61,4013345689.6123657,49504696.0,0.052800003,-10.85,509917,587872,546079,0.785
379,APYX,Healthcare,Medical Devices,NASDAQ,152.98,93,92,95,97,4.61,187176552.18449545,41873951.0,0.0042,-1.6,196658,228092,184557,0.325
380,WTTR,Energy,Oil & Gas Equipment & Services,NYSE,152.96,93,92,89,49,18.4,2239614685.9723606,124353951.0,0.0344,-10.16,1333796,1748922,1889797,-0.023
381,PBT,Energy,Oil & Gas Midstream,NYSE,152.78,93,93,90,80,28.81,1326952390.1162796,46608796.0,0.008,-10.67,115387,213222,181235,0.162
382,SEPN,Healthcare,Biotechnology,NASDAQ,152.64,93,93,96,97,30.47,1404102835.7550488,45075533.0,0.1047,-6.62,301385,307685,323749,120.11
383,FROG,Technology,Software - Application,NASDAQ,152.49,93,84,33,92,80.36,10174056816.0,121119724.0,0.041500002,-9.87,2591569,2795143,2673595,0.258
384,CYCN,Healthcare,Biotechnology,NASDAQ,152.13,93,93,20,9,3.09,12904335.802594185,4330314.0,0.0074,-63.56,28689,59206,5757089,
385,RMBS,Technology,Semiconductors,NASDAQ,152.05,93,89,80,84,138.12,15713382410.763733,108136967.0,0.0958,-20.67,2618930,2483126,2530628,0.081
386,KFRC,Industrials,Staffing & Employment Services,NYSE,151.36,93,79,22,21,49.16,847911586.3952637,17832000.0,0.0907,0.72,186464,215131,255314,0.001
387,RILY,Financial Services,Financial Conglomerates,NASDAQ,151.31,93,91,93,77,8.32,314496124.15493774,37130592.0,0.1453,-25.98,1099638,1096406,974349,1.134
388,NUE,Basic Materials,Steel,NYSE,151.2,93,88,72,81,250.49,57935020131.497955,227740950.0,0.0278,-5.36,1578791,1430413,1488582,0.213
389,VIVO,Technology,Software - Infrastructure,NASDAQ,150.98,93,82,40,93,4.74,77235125.39875746,16790245.0,0.20629999,-45.08,2174719,1968399,1578263,0.476
390,GRC,Industrials,Specialty Industrial Machinery,NYSE,150.96,93,89,89,79,79.45,2035965536.1528015,26410243.0,0.0209,-0.11,110092,115547,155994,0.077
391,PKE,Industrials,Aerospace & Defense,NYSE,150.93,93,93,92,84,33.59,678530417.5,20877859.0,0.0557,-12.07,394001,258110,249438,0.428
392,KALV,Healthcare,Biotechnology,NASDAQ,150.82,93,95,75,85,27.0,1434841972.219574,53240888.0,0.2531,0.07,2313557,6041615,4070403,
393,AGCC,Consumer Defensive,Beverages - Wineries & Distilleries,NASDAQ,150.66,93,97,96,90,15.04,343392548.04611206,22786500.0,0.002,-41.54,37377,36775,100175,2.741
394,KGS,Energy,Oil & Gas Equipment & Services,NYSE,150.63,93,94,91,46,66.49,6570830552.136017,100918914.0,0.0692,-14.41,1519637,2074805,1670573,0.049
395,KN,Technology,Electronic Components,NYSE,150.52,93,89,81,72,37.31,3187990047.989273,85560660.0,0.0586,-6.54,984928,1019416,921427,0.158
396,LPG,Energy,Oil & Gas Midstream,NYSE,150.31,93,86,83,39,43.37,1778903954.3174286,42782681.0,0.0591,-9.87,668819,644286,560055,1.052
397,PLPC,Industrials,Electrical Equipment & Parts,NASDAQ,150.25,93,92,86,85,352.16,1774446062.5386963,4888012.0,0.107,-11.37,105847,109755,138103,0.187
398,EFOI,Consumer Cyclical,"Furnishings, Fixtures & Appliances",NASDAQ,150.19,93,96,25,59,3.3,22801814.274066925,6369222.0,0.0777,-66.46,57618,77722,3587861,0.541
399,ILPT,Real Estate,REIT - Industrial,NASDAQ,150.09,93,90,86,77,8.66,573989682.4222269,66665471.0,0.0101,-5.36,785464,540288,474630,0.04
400,ATEN,Technology,Software - Infrastructure,NYSE,150.04,93,86,75,45,31.72,2200984187.7779007,71998175.0,0.1373,-3.73,1228234,1054641,1043320,0.134
401,BTE,Energy,Oil & Gas E&P,NYSE,150.0,93,94,92,83,4.75,3443384165.57312,723400000.0,0.6,-11.38,17896768,19208139,21180699,0.016
402,ARW,Technology,Electronics & Computer Distribution,NYSE,149.91,93,88,78,35,215.49,11202936041.881897,51133946.0,0.030199999,-7.63,667122,806950,714708,0.39
403,SHIP,Industrials,Marine Shipping,NASDAQ,149.72,93,95,90,81,15.41,334773654.9671192,21668198.0,0.014400001,-8.33,282622,262824,233938,0.77
404,NVT,Industrials,Electrical Equipment & Parts,NYSE,149.55,93,93,88,85,156.79,26337792911.42633,161720452.0,0.028800001,-11.92,1925704,2166321,2102002,0.535
405,KRYS,Healthcare,Biotechnology,NASDAQ,149.37,93,90,86,89,312.41,8873406556.0,29479756.0,0.17729999,-2.21,255127,290872,274587,0.319
406,KNX,Industrials,Trucking,NYSE,149.37,93,74,72,77,79.25,12767153530.410767,162494000.0,0.0621,-0.89,4736405,4769541,4025335,0.014
407,CAT,Industrials,Farm & Heavy Construction Machinery,NYSE,149.3,93,92,92,89,856.16,416504131881.14575,460591983.0,0.0202,-9.58,3096390,2780786,2529568,0.222
408,ATRO,Industrials,Aerospace & Defense,NASDAQ,149.28,93,92,94,94,82.34,3036394919.3504333,35840355.0,0.0866,-9.17,533739,586479,515911,0.12
409,VRT,Industrials,Electrical Equipment & Parts,NYSE,149.24,93,96,96,85,280.98,115428544047.22266,384108816.0,0.0354,-26.05,6394534,5880791,5749206,0.301
410,ALOY,Basic Materials,Other Industrial Metals & Mining,NASDAQ,149.2,93,84,96,96,13.91,763944427.0186844,61213498.0,1.91,-48.29,3134712,2125777,1977252,
411,ACRS,Healthcare,Biotechnology,NASDAQ,149.14,93,97,95,93,4.1,608933663.447113,139663680.0,0.060100004,-20.39,1284870,1233733,1312916,0.372
412,CERS,Healthcare,Medical Devices,NASDAQ,149.09,93,89,73,90,2.56,542999927.1834698,200368974.0,0.0952,-18.73,2462185,3128525,2292751,0.241
413,MG,Industrials,Security & Protection Services,NYSE,149.09,93,88,89,87,18.17,560291771.829361,31816681.0,0.0419,-7.11,165943,186727,169478,0.046
414,SCHL,Communication Services,Publishing,NASDAQ,148.85,92,86,89,83,44.01,796482880.7441139,18454191.0,0.2236,0.5,267754,302014,525412,-0.019
415,AOSL,Technology,Semiconductors,NASDAQ,148.64,92,91,35,13,38.61,1257341521.544197,29929578.0,0.082100004,-28.95,1070205,1134751,1036917,-0.005
416,AKAN,Healthcare,Drug Manufacturers - Specialty & Generic,NASDAQ,148.63,92,97,0,1,13.81,8352953.4011592865,534418.0,0.0744,-93.4,68654,1796921,2883432,
417,NAVN,Technology,Software - Application,NASDAQ,148.55,92,78,8,12,20.87,5354114655.482319,252552569.0,0.1504,-11.3,3564024,3530044,3241576,0.348
418,POWI,Technology,Semiconductors,NASDAQ,148.52,92,89,62,14,74.63,4291552980.631714,55719984.0,0.1019,-16.15,1312555,1411551,1251313,0.026
419,JBHT,Industrials,Integrated Freight & Logistics,NASDAQ,148.42,92,82,82,86,280.75,26870559045.963318,94299203.0,0.060500003,-3.17,1004470,969143,959430,0.046
420,PDC,Technology,Software - Application,NASDAQ,148.24,92,94,95,96,5.55,13224221.06637001,3050570.0,0.0104,-47.14,78264,73381,117528,-0.449
421,CAPR,Healthcare,Biotechnology,NASDAQ,147.85,92,98,97,98,25.33,1546826609.0100784,57911893.0,0.2082,-37.26,779831,1003490,1006404,
422,BWLP,Energy,Oil & Gas Midstream,NYSE,147.85,92,88,77,37,21.73,3112199382.0,151814604.0,0.0041,-5.2,585686,521028,455117,-0.027
423,PBI,Industrials,Integrated Freight & Logistics,NYSE,147.74,92,88,54,60,16.91,2283542508.1668854,135441425.0,0.0001,-1.28,2715747,3186812,3272497,-0.032
424,MYO,Healthcare,Medical Devices,NYSE ARCA,147.71,92,17,9,12,1.54,49457474.73453927,38638653.0,0.11229999,-49.34,1213228,727469,553289,0.029
425,CORZ,Technology,Software - Infrastructure,NASDAQ,147.58,92,87,82,69,25.69,8217334919.463615,317885292.0,0.2282,-15.66,13484407,15140899,14566779,0.449
426,AIRG,Technology,Communication Equipment,NASDAQ,147.44,92,88,39,23,6.71,86068545.71645737,12675780.0,0.0127,-12.38,124349,118693,110071,-0.042
427,CCCC,Healthcare,Biotechnology,NASDAQ,147.38,92,91,76,29,3.87,425683794.155488,110567222.0,0.1935,-15.83,2631818,2833659,2958893,-0.15
428,CLS,Technology,Electronic Components,NYSE,147.07,92,93,91,96,362.92,42736652620.53378,114973107.0,0.0301,-23.44,2780572,2359257,2367956,0.528
429,CSCO,Technology,Communication Equipment,NASDAQ,147.06,92,83,74,78,118.8,479436110244.9392,3941434665.0,0.015,-8.87,26527872,26847404,23202124,0.12
430,BWA,Consumer Cyclical,Auto Parts,NYSE,147.04,92,84,87,80,71.29,14897497601.464989,205114941.0,0.0471,-9.55,3934288,3757409,2920339,0.005
431,TOI,Healthcare,Medical Care Facilities,NASDAQ,146.88,92,83,95,99,4.68,486916872.26786137,99982933.0,0.0744,-9.39,1982662,1869737,1636574,0.412
432,EDRY,Industrials,Marine Shipping,NASDAQ,146.73,92,93,93,69,22.08,64777157.82893753,2890547.0,0.0034,-9.8,18894,23838,24466,0.389
433,HSHP,Industrials,Marine Shipping,NYSE,146.6,92,94,93,86,14.73,689731355.3953171,47145000.0,0.0352,-11.74,248554,330924,306110,0.527
434,PRM,Basic Materials,Specialty Chemicals,NYSE,146.37,92,90,84,95,33.82,4919912195.188786,163127063.0,0.0275,-3.07,1213662,1420464,1302142,0.736
435,LBRT,Energy,Oil & Gas Equipment & Services,NYSE,146.24,92,95,96,86,28.23,4642795909.70517,163191416.0,0.0992,-18.12,3543473,3461441,3554114,0.045
436,OBE,Energy,Oil & Gas E&P,NYSE ARCA,146.17,92,95,89,36,11.05,738551082.100647,66776768.0,4.81,-24.26,601864,891444,1070078,-0.261
437,PALI,Healthcare,Biotechnology,NASDAQ,145.92,92,91,96,97,1.68,302376627.4572921,173779670.0,0.1551,-41.26,2406196,2687228,3681855,
438,MPWR,Technology,Semiconductors,NASDAQ,145.78,92,91,87,84,1473.04,72762903289.23999,49129267.0,0.0541,-14.06,803299,726253,664317,0.261
439,EFTY,Industrials,Consulting Services,NASDAQ,145.77,92,93,96,98,15.02,302052209.20562744,20110000.0,0.107200004,-17.47,0,0,0,-0.259
440,GPRE,Basic Materials,Chemicals,NASDAQ,145.72,92,94,96,80,14.94,1048351723.4800739,70030174.0,0.2078,-21.12,1376979,1560273,1489545,-0.259
441,TDAY,Communication Services,Publishing,NYSE,145.66,92,88,91,86,7.92,1198925677.6829605,147107452.0,0.1273,-4.35,1779238,1750242,1747229,-0.04
442,ODC,Basic Materials,Specialty Chemicals,NYSE,145.66,92,81,74,34,95.61,1216754970.5342102,14480007.0,0.0319,11.56,121911,85280,72516,0.007
443,FET,Energy,Oil & Gas Equipment & Services,NYSE,145.59,92,95,97,91,51.87,569849055.5351028,11304286.0,0.044499997,-20.72,146779,160199,156345,0.08
444,ARKO,Consumer Cyclical,Specialty Retail,NASDAQ,145.57,92,79,68,56,8.07,840271024.6127262,112185721.0,0.0511,1.51,741976,860125,915513,-0.031
445,MEI,Technology,Electronic Components,NYSE,145.56,92,76,17,20,10.55,402843882.7153101,35430421.0,0.0512,-32.15,607490,1092160,834806,-0.026
446,GLSI,Healthcare,Biotechnology,NASDAQ,145.53,92,93,98,33,22.11,326590128.0,14678208.0,0.21100001,-35.16,190505,147601,141655,
447,PVLA,Healthcare,Biotechnology,NASDAQ,145.51,92,98,98,99,102.19,1558636831.2174683,14342844.0,0.16950001,-32.41,295145,240478,243109,
448,FC,Consumer Defensive,Education & Training Services,NYSE,145.43,92,70,12,13,24.59,269749588.3600769,11272444.0,0.097399995,-0.93,61394,69631,139020,0.001
449,SIFY,Communication Services,Telecom Services,NASDAQ,145.29,92,93,95,96,15.33,1053421854.359436,72350400.0,8.81,-14.12,111547,77662,71525,0.24
450,FSTR,Industrials,Railroads,NASDAQ,145.01,92,90,76,76,40.76,434139789.2454529,10458680.0,0.0136,-5.34,107936,113808,122031,0.239
451,USEA,Industrials,Marine Shipping,NASDAQ,145.0,92,88,74,70,2.59,23559203.602888346,9538139.0,0.0793,-1.52,52879,59183,48097,0.025
452,PLUG,Industrials,Electrical Equipment & Parts,NASDAQ,144.93,92,96,82,84,2.86,4492122483.953247,1395069082.0,0.2752,-37.55,67110242,85618054,79493326,0.223
453,PFAI,Consumer Defensive,Farm Products,NASDAQ,144.84,92,91,51,25,3.72,46359491.559643745,11736580.0,0.0008,-24.54,2080,2513,5608,-0.033
454,ELVN,Healthcare,Biotechnology,NASDAQ,144.83,92,94,89,21,37.0,2114010619.8998566,60904946.0,0.1331,-23.76,1038519,772589,908761,
455,FSLY,Technology,Software - Application,NASDAQ,144.81,92,96,98,79,18.65,2827954952.23999,156500000.0,0.1584,-46.44,8096619,10039649,11320953,0.198
456,UNIT,Real Estate,REIT - Specialty,NASDAQ,144.53,92,88,60,38,11.61,2836086889.4614563,242815652.0,0.1181,-6.26,1739223,2223354,2577002,2.36
457,MSGS,Communication Services,Entertainment,NYSE,144.45,92,86,90,69,386.37,9298915071.118011,24076107.0,0.0625,-0.96,233932,246137,236530,0.019
458,NRXP,Healthcare,Biotechnology,NASDAQ,144.41,92,83,28,36,3.76,177193733.08552742,42800420.0,0.1356,-25.62,1978856,1532422,1345087,
459,HBM,Basic Materials,Copper,NYSE,144.33,92,94,94,94,24.68,10192052352.932682,397196119.0,1.85,-23.23,7121122,6130350,5708512,0.273
460,FTNT,Technology,Software - Infrastructure,NASDAQ,144.31,92,80,41,30,138.88,105999563843.80292,732648391.0,0.0324,-7.46,7001474,6565734,6201686,0.201
461,ELVA,Industrials,Electrical Equipment & Parts,NASDAQ,144.3,92,95,95,93,9.3,511907350.75424194,49507480.0,3.19,-27.23,427620,478723,438570,0.202
462,LXRX,Healthcare,Biotechnology,NASDAQ,143.94,92,96,96,92,1.88,848415090.0733459,444196390.0,0.111099996,-25.69,1868602,2728910,2415696,15.721
463,GEO,Industrials,Security & Protection Services,NYSE,143.92,92,74,21,13,28.14,3381878696.6801376,133618284.0,0.103599995,0.86,1944381,1945033,1793502,0.166
464,LFUS,Technology,Electronic Components,NASDAQ,143.91,92,91,87,59,439.44,11565627262.749268,25288904.0,0.026500002,-12.21,332295,376778,312725,0.185
465,SKM,Communication Services,Telecom Services,NYSE,143.84,92,91,87,30,37.81,14372770985.129883,383888128.0,0.0136,-19.86,3899359,2819593,2490031,-0.014
466,ECO,Industrials,Marine Shipping,NYSE,143.81,92,93,93,88,49.2,1863991895.235157,39044655.0,0.0086,-15.83,396005,458651,467351,1.123
467,ITRN,Technology,Scientific & Technical Instruments,NASDAQ,143.73,92,86,84,80,63.36,1247137938.0089493,19780142.0,0.014099999,-7.23,185301,147547,143080,0.188
468,VACH,Financial Services,Shell Companies,NASDAQ,143.49,92,71,50,52,17.11,335225012.0639801,31625000.0,0.0001,9.12,13323,10454,13118,
469,AIRS,Healthcare,Medical Care Facilities,NASDAQ,143.42,92,80,29,8,4.97,360488439.3288646,70545681.0,0.105500005,-58.58,766276,1259835,1302807,0.0
470,BTDR,Technology,Software - Application,NASDAQ,143.28,92,35,17,14,16.1,4250689350.839773,243313653.0,0.34759998,-42.09,14026582,10358957,8842350,1.694
471,PAYS,Technology,Software - Infrastructure,NASDAQ,143.19,92,92,26,86,6.95,379600196.537364,55905773.0,0.0336,-21.73,639549,800939,812889,0.508
472,NVMI,Technology,Semiconductor Equipment & Materials,NASDAQ,143.17,92,90,92,85,508.35,15132099467.967041,31806161.0,0.0543,-10.03,478001,421060,378758,0.103
473,ADTN,Technology,Communication Equipment,NASDAQ,143.09,91,90,77,38,14.95,1243320865.898323,80998100.0,0.16129999,-25.18,3171585,2997421,2802663,0.155
474,CMTV,Financial Services,Banks - Regional,NASDAQ,142.96,91,90,95,84,40.52,215822357.268425,5591253.0,0.0162,-5.59,19199,17979,21961,0.151
475,SPIR,Industrials,Specialty Business Services,NYSE,142.89,91,94,68,29,16.37,664290174.9330864,38711549.0,0.1233,-36.87,1341217,1550259,2031229,-0.337
476,JCSE,Industrials,Specialty Industrial Machinery,NASDAQ,142.81,91,85,81,41,1.51,7352266.474791646,5251619.0,0.0088,-39.6,41945,33675,116459,0.617
477,EWTX,Healthcare,Biotechnology,NASDAQ,142.81,91,93,91,80,32.92,3829235099.95739,107593006.0,0.1361,-19.24,1948120,1485120,1282478,
478,GHM,Industrials,Specialty Industrial Machinery,NYSE,142.72,91,92,93,88,96.06,1185894721.1042786,11072780.0,0.0434,-12.68,331331,247663,206984,0.205
479,CADL,Healthcare,Biotechnology,NASDAQ,142.69,91,90,27,43,8.35,623529750.6602268,73270239.0,0.2564,-12.75,1793791,2109033,1944634,
480,BBCP,Industrials,Engineering & Construction,NASDAQ,142.63,91,61,61,63,10.69,525603385.9788513,50393420.0,0.042600002,-10.77,853010,366270,260946,0.137
481,ASTS,Technology,Communication Equipment,NASDAQ,142.61,91,82,96,96,87.32,27962660992.949196,298746383.0,0.176,-34.77,24005727,23957825,21200297,19.522
482,RELL,Technology,Electronic Components,NASDAQ,142.59,91,82,64,47,16.34,235822147.5060501,14556922.0,0.0359,-17.72,242647,288422,232199,0.031
483,FATE,Healthcare,Biotechnology,NASDAQ,142.5,91,95,63,39,1.87,230787190.50319004,116559186.0,0.0946,-35.07,4239360,4451876,3165142,-0.203
484,ECG,Industrials,Engineering & Construction,NYSE,142.44,91,95,94,88,136.72,7671042623.053436,51041606.0,0.046,-20.32,573042,671290,610572,0.254
485,SSSS,Financial Services,Asset Management,NASDAQ,142.36,91,91,83,83,14.14,358204651.9530029,26070208.0,0.0098,-5.61,329578,306486,358267,0.467
486,JBL,Technology,Electronic Components,NYSE,142.34,91,90,87,77,352.36,37267745164.98096,105502622.0,0.028299998,-8.41,1170955,1235855,1141909,0.231
487,LIND,Consumer Cyclical,Travel Services,NASDAQ,142.34,91,81,87,77,21.9,1420895989.9902344,65600000.0,0.1008,-7.91,899733,792884,728564,0.157
488,ROIV,Healthcare,Biotechnology,NASDAQ,142.06,91,92,95,94,28.41,20556747548.424026,719270385.0,0.0502,-13.37,4941227,6004942,5606427,-0.667
489,ASTH,Healthcare,Medical Care Facilities,NASDAQ,141.96,91,92,39,17,38.73,1883674133.0441208,49583418.0,0.104399994,-3.01,485242,479617,469694,0.556
490,AA,Basic Materials,Aluminum,NYSE,141.96,91,91,95,87,65.55,18971042952.684402,263889875.0,0.0225,-22.32,4735454,4356568,4724870,-0.052
491,ELMD,Healthcare,Medical Devices,NYSE ARCA,141.93,91,72,38,78,37.18,312075600.7890625,8280064.0,0.018099999,-7.05,57338,68609,55717,0.184
492,CORT,Healthcare,Biotechnology,NASDAQ,141.93,91,32,7,77,78.12,7795873051.129959,107351594.0,0.111999996,-14.15,985324,1208511,1150876,0.049
493,RAPP,Healthcare,Biotechnology,NASDAQ,141.88,91,95,92,95,35.21,1726552063.921898,47826929.0,0.0801,-16.7,242714,298298,318756,
494,OLPX,Consumer Cyclical,Specialty Retail,NASDAQ,141.83,91,88,40,34,2.04,1371118629.8807716,672116988.0,0.048299998,-0.97,4566717,3781002,3950061,0.025
495,MSBI,Financial Services,Banks - Regional,NASDAQ,141.81,91,85,72,75,29.46,591421179.7040234,20729799.0,0.0332,2.29,122704,140421,148914,0.143
496,CASY,Consumer Cyclical,Specialty Retail,NASDAQ,141.8,91,90,85,73,915.6,28241665926.58014,37066933.0,0.0323,1.62,775743,549454,667360,0.003
497,UNFI,Consumer Defensive,Food Distribution,NYSE,141.78,91,88,90,78,50.59,3382934507.7323723,60931817.0,0.051999997,-9.45,891790,665413,636462,-0.026
498,ROG,Technology,Electronic Components,NYSE,141.66,91,90,80,70,137.47,2457207780.7683563,17848535.0,0.0271,-11.69,269026,287662,259935,0.052
499,SGML,Basic Materials,Other Industrial Metals & Mining,NASDAQ,141.63,91,97,89,88,12.99,1488218468.955511,112064646.0,0.0434,-46.94,2557522,3511860,3798442,-0.112
500,DCO,Industrials,Aerospace & Defense,NYSE,141.6,91,88,91,79,153.95,2261174429.3025055,15085559.0,0.0437,-1.52,205144,216364,218894,0.086
501,LOKVU,Financial Services,Shell Companies,NASDAQ,141.58,91,59,65,49,17.48,,,,-12.16,3257,1222,733,
502,TFII,Industrials,Trucking,NYSE,141.52,91,83,65,63,153.57,13108671944.5,82186031.0,2.38,-5.06,435833,360774,375522,-0.008
503,PLTS,Technology,Software - Application,NASDAQ,141.46,91,89,95,97,17.5,316034425.0,18059110.0,0.0011,-10.26,0,0,0,-0.777
504,XOS,Industrials,Farm & Heavy Construction Machinery,NASDAQ,141.44,91,15,19,13,3.66,64741007.21383095,13658441.0,0.119399995,-55.74,15359835,5599358,3368607,0.909
505,AVT,Technology,Electronics & Computer Distribution,NASDAQ,141.17,91,87,78,35,85.39,7120510271.355896,82024081.0,0.090299994,-10.36,1643643,1475481,1358380,0.339
506,CBL,Real Estate,REIT - Retail,NYSE,141.16,91,89,81,84,50.07,1498654639.3835907,30944758.0,0.0402,1.81,221090,244870,219568,0.03
507,WHWK,Healthcare,Biotechnology,NASDAQ,141.15,91,93,95,73,4.02,205227726.16615438,49452463.0,0.0308,-26.84,234218,406589,336695,
508,BWAY,Healthcare,Medical Devices,NASDAQ,141.14,91,96,96,88,14.15,556884144.2646503,40092450.0,0.0043,-18.45,124849,146373,146695,0.346
509,LSTR,Industrials,Integrated Freight & Logistics,NASDAQ,140.9,91,76,62,53,218.92,7398385389.767456,33928210.0,0.0497,-2.64,489849,531546,482157,0.016
510,WILC,Consumer Defensive,Food Distribution,NASDAQ,140.88,91,91,82,91,34.5,467394515.8078003,13906412.0,0.0007,-7.63,3558,4326,3333,0.083
511,MATX,Industrials,Marine Shipping,NYSE,140.8,91,85,83,58,193.43,5668918018.57489,30263281.0,0.0435,0.47,228996,235108,231837,-0.031
512,SPCE,Industrials,Aerospace & Defense,NYSE,140.79,91,34,23,22,4.71,457499658.0735798,104451974.0,0.2258,-47.08,92190531,39521970,28311492,-0.508
513,FGI,Consumer Cyclical,"Furnishings, Fixtures & Appliances",NASDAQ,140.79,91,78,33,83,6.39,11471749.850508213,1931271.0,0.0774,-49.37,34854,57434,174182,-0.082
514,INDV,Healthcare,Drug Manufacturers - Specialty & Generic,NASDAQ,140.77,91,92,93,97,38.09,4446265663.177471,118204585.0,0.138,-7.1,1700442,2217607,1938610,0.192
515,TKR,Industrials,Tools & Accessories,NYSE,140.52,91,83,81,71,132.39,9161461380.548248,69494510.0,0.032,-1.29,1073654,1164818,955266,0.08
516,MT,Basic Materials,Steel,NYSE,140.5,91,86,88,89,63.81,51108353018.79754,760427819.0,0.0084,-11.99,2303585,2294651,1973197,0.045
517,HLIO,Industrials,Specialty Industrial Machinery,NYSE,140.29,91,87,89,83,79.99,2685677403.7255707,33046358.0,0.030299999,-7.78,374924,372571,378374,0.168
518,CAMT,Technology,Semiconductor Equipment & Materials,NASDAQ,140.2,91,91,94,86,166.69,7560963877.306503,46044477.0,0.1026,-22.83,498703,513964,460018,0.025
519,INNV,Healthcare,Medical Care Facilities,NASDAQ,140.11,91,87,96,83,8.32,990875694.7896624,135736393.0,0.0467,-22.17,348361,298817,277244,0.155
520,CAR,Industrials,Rental & Leasing Services,NASDAQ,140.08,91,75,34,81,186.83,6245104037.772736,35324986.0,0.60080004,-77.96,845847,1330619,3204807,0.041
521,EC,Energy,Oil & Gas Integrated,NYSE,140.04,91,83,90,59,16.21,31145895451.011284,2055834735.0,0.0477,-1.46,3135837,3115842,3045351,-0.087
522,DK,Energy,Oil & Gas Refining & Marketing,NYSE,139.94,91,93,93,89,48.01,2958962452.946106,61287542.0,0.1295,-3.01,1058160,1233360,1231392,0.004
523,FRO,Energy,Oil & Gas Midstream,NYSE,139.8,91,92,92,77,36.28,7829646633.665314,222622890.0,0.0431,-9.05,2835055,2728575,2990951,0.669
524,PARR,Energy,Oil & Gas Refining & Marketing,NYSE,139.74,91,95,96,93,57.63,2791030450.1685905,50144277.0,0.1141,-18.13,811288,1147962,1260433,0.045
525,NVEC,Technology,Semiconductors,NASDAQ,139.69,91,85,59,60,104.7,493923125.32237244,4837167.0,0.083900005,-8.45,246084,184201,136908,0.053
526,ATLC,Financial Services,Credit Services,NASDAQ,139.64,91,84,26,69,88.59,1271423524.6317673,15117997.0,0.2321,-4.96,152077,99989,87431,0.608
527,AEIS,Industrials,Electrical Equipment & Parts,NASDAQ,139.59,91,92,96,91,308.17,11795541692.487732,40010657.0,0.0996,-22.46,987597,990599,819599,0.263
528,ADV,Communication Services,Advertising Agencies,NASDAQ,139.59,91,89,13,5,38.53,515192100.0,13295280.0,0.088599995,-28.15,99330,99543,94720,0.058
529,JAZZ,Healthcare,Biotechnology,NASDAQ,139.58,91,92,84,85,229.63,14968555026.942139,62742820.0,0.088999994,-5.63,1048930,945323,952854,0.191
530,RDW,Industrials,Aerospace & Defense,NYSE,139.54,91,82,51,11,14.87,3670050683.3629456,198918728.0,0.17959999,-44.18,54838216,50057375,39722137,0.579
531,BGDE,Financial Services,Capital Markets,NASDAQ,139.53,91,69,5,5,6.38,39010651.03255749,5486730.0,0.0619,-84.05,119313,135527,703996,-0.651
532,ECPG,Financial Services,Credit Services,NASDAQ,139.51,90,91,91,83,80.2,1746535941.8907166,21440412.0,0.0833,-13.43,286761,332313,340460,0.21
533,SEZL,Financial Services,Credit Services,NASDAQ,139.41,90,85,43,64,120.98,3901070546.0250626,33627019.0,0.2881,-35.21,505481,667303,706272,0.292
534,PCTTU,Industrials,Pollution & Treatment Controls,NASDAQ,139.37,90,7,10,12,13.99,,,,-41.34,950,316,190,1.612
535,IFRX,Healthcare,Biotechnology,NASDAQ,139.33,90,96,32,21,1.62,271018865.4764296,147292859.0,0.044699997,-45.07,1249615,2572208,2085799,
536,HP,Energy,Oil & Gas Drilling,NYSE,139.12,90,90,90,79,39.37,3743413370.430481,99930952.0,0.1165,-5.86,1117926,1169898,1139111,-0.082
537,CALY,Consumer Cyclical,Leisure,NYSE,139.0,90,86,90,87,16.26,2660411966.686034,179757563.0,0.047,-9.67,2156617,3050222,2753447,0.092
538,ICCC,Healthcare,Biotechnology,NASDAQ,138.93,90,83,64,68,9.67,86939735.28402805,9046799.0,0.0014,-10.05,23370,30043,29126,0.284
539,ESTA,Healthcare,Medical Devices,NASDAQ,138.74,90,84,86,94,79.46,2186972209.048462,29430390.0,0.15560001,-4.62,525686,537652,489185,0.447
540,CVE,Energy,Oil & Gas Integrated,NYSE,138.73,90,92,89,64,28.37,52625190899.53041,1864819000.0,4.45,-11.54,7030809,8348856,8710021,-0.071
541,ALKS,Healthcare,Drug Manufacturers - Specialty & Generic,NASDAQ,138.67,90,74,40,33,43.84,7133724412.436451,166675807.0,0.1523,-1.64,2274788,2188066,2302663,0.282
542,YPF,Energy,Oil & Gas Integrated,NYSE,138.55,90,76,70,65,54.27,22573589321.5,421936249.0,3.6,-3.35,1795551,2076480,2181378,0.428
543,RSI,Consumer Cyclical,Gambling,NYSE,138.41,90,92,83,82,28.82,2691206335.382126,102953573.0,0.0912,-1.44,2044399,2312936,1941013,0.411
544,DGII,Technology,Communication Equipment,NASDAQ,138.32,90,90,87,82,64.37,2486459908.9920197,37702199.0,0.0684,-9.07,363894,350351,318886,0.251
545,CSTE,Industrials,Building Products & Equipment,NASDAQ,138.21,90,20,5,18,1.68,59126799.569010735,34577075.0,0.0228,-34.88,101120,155010,199312,-0.109
546,PEB,Real Estate,REIT - Hotel & Motel,NYSE,138.17,90,77,70,40,17.23,1914806309.9549103,113369235.0,0.17899999,0.17,2274316,2345592,2413289,0.079
547,IHRT,Communication Services,Broadcasting,NASDAQ,138.17,90,94,67,96,3.9,587982840.1865175,151152397.0,0.0548,-40.55,1606540,1605600,1313748,0.096
548,PTRN,Technology,Software - Application,NASDAQ,138.11,90,76,26,18,20.61,3455783591.187916,176766431.0,0.0399,-1.01,1609282,1529680,1154122,0.432
549,KEYS,Technology,Scientific & Technical Instruments,NYSE,137.99,90,94,92,79,324.0,56366416932.70239,170895368.0,0.0138,-12.47,1713583,1668971,1430512,0.315
550,ANDG,Consumer Cyclical,Personal Services,NYSE,137.96,90,92,46,44,36.87,4334344941.784798,112932382.0,0.2766,-8.34,301071,247527,273228,0.157
551,BMHL,Financial Services,Capital Markets,NASDAQ,137.95,90,55,48,32,5.85,109736636.96758175,25520147.0,0.0018000001,30.29,25377,10815,7203,1.657
552,AMN,Healthcare,Medical Care Facilities,NYSE,137.87,90,88,43,15,29.38,1229130008.5939865,38786052.0,0.0791,-7.78,1086819,1271473,1034891,0.999
553,TYGO,Technology,Solar,NASDAQ,137.8,90,96,98,80,2.97,249746509.36423302,75910794.0,0.014099999,-44.25,721073,762011,633772,0.337
554,TJGC,Communication Services,Advertising Agencies,NASDAQ,137.76,90,89,7,2,5.56,70094000.57792664,10100000.0,0.0139,-72.17,562507,347699,219578,0.084
555,OMER,Healthcare,Biotechnology,NASDAQ,137.6,90,97,95,94,10.2,708554722.6890993,72375355.0,0.2284,-42.21,1676734,1572591,1514162,
556,GLBS,Industrials,Marine Shipping,NASDAQ,137.55,90,90,83,80,2.14,45107007.237576246,21582301.0,0.013200001,-12.3,183866,97725,103913,0.548
557,WYHG,Consumer Defensive,Packaged Foods,NASDAQ,137.46,90,23,5,4,4.29,50079273.59999657,12582732.0,0.0053,-41.39,137448,91632,247225,-0.068
558,DAN,Consumer Cyclical,Auto Parts,NYSE,137.43,90,88,93,87,35.47,3828296558.021801,108235699.0,0.0416,-10.34,1023365,1004338,970137,0.049
559,FTK,Energy,Oil & Gas Equipment & Services,NYSE,137.41,90,66,81,86,23.64,850894416.7207375,36177483.0,0.1505,-7.44,398617,325745,283753,0.265
560,WERN,Industrials,Trucking,NASDAQ,137.35,90,71,38,54,42.75,2605431943.0140305,59950115.0,0.0715,-3.17,916581,1174450,1065554,0.136
561,DSGN,Healthcare,Biotechnology,NASDAQ,137.28,90,97,95,94,10.66,665166749.2745552,62456974.0,0.0616,-38.2,838117,1150239,831057,
562,SNDR,Industrials,Trucking,NYSE,137.2,90,67,41,66,37.06,6516375340.348907,175124308.0,0.1181,-2.05,1095773,1110614,1115600,-0.002
563,CARE,Financial Services,Banks - Regional,NASDAQ,137.13,90,85,66,65,29.12,634216185.7448578,22222010.0,0.0505,1.29,287396,300752,319045,2.6
564,MTZ,Industrials,Engineering & Construction,NYSE,137.12,90,95,93,86,335.58,28754063500.33838,79018556.0,0.0521,-23.98,1495622,1215284,1009632,0.345
565,VBNK,Financial Services,Banks - Regional,NASDAQ,137.04,90,85,72,75,19.5,619123238.5719795,32195697.0,4.35,-6.11,100967,67672,81195,0.295
566,GCO,Consumer Cyclical,Apparel Retail,NYSE,136.94,90,70,68,22,39.02,421143431.1384201,11103175.0,0.1308,-3.39,224514,186684,230050,0.028
567,IMVT,Healthcare,Biotechnology,NASDAQ,136.88,90,86,82,90,31.18,6387160533.180618,205308917.0,0.2244,-14.07,1563017,2185255,1955041,
568,TWIN,Industrials,Specialty Industrial Machinery,NASDAQ,136.8,90,89,87,90,18.84,287158483.36925125,14422827.0,0.0062,-5.75,101154,85401,69558,0.19
569,RHLD,Industrials,Specialty Business Services,NYSE,136.72,90,86,97,99,120.39,979993219.0799713,8257442.0,0.1089,-49.03,191806,188555,177393,2.925
570,TGTX,Healthcare,Biotechnology,NASDAQ,136.66,90,85,29,28,46.62,6147836549.441299,153083580.0,0.26540002,4.41,2244260,2205140,2060120,0.696
571,PKOH,Industrials,Specialty Industrial Machinery,NASDAQ,136.56,90,82,76,53,32.97,460885365.5231514,14398169.0,0.0107,-5.83,56772,80904,64474,0.038
572,MRCY,Industrials,Aerospace & Defense,NASDAQ,136.52,90,83,84,85,106.81,6681015897.848686,60043283.0,0.094,-9.92,842554,654054,584850,0.115
573,QURE,Healthcare,Biotechnology,NASDAQ,136.52,90,89,43,89,26.82,1668135026.3666725,63067485.0,0.1657,-62.49,1703164,1967001,1740956,1.273
574,NTAP,Technology,Software - Infrastructure,NASDAQ,136.51,90,64,40,49,160.66,33083999200.16913,198060348.0,0.1402,-16.68,5099240,3573073,2974904,0.125
575,R,Industrials,Rental & Leasing Services,NYSE,136.3,90,77,72,75,270.25,10261631841.190247,38691018.0,0.0469,0.1,377541,391323,405612,-0.002
576,FTI,Energy,Oil & Gas Equipment & Services,NYSE,136.2,90,92,93,82,69.95,26641260635.865837,398701897.0,0.026300002,-10.07,7713643,5422061,4569892,0.116
577,SAIA,Industrials,Trucking,NASDAQ,136.16,90,82,53,48,463.7,12410062892.004395,26601922.0,0.048499998,-4.39,441973,414511,439006,0.024
578,ILMN,Healthcare,Diagnostics & Research,NASDAQ,135.75,90,84,72,83,162.47,24559017108.154297,151300000.0,0.081099994,-8.32,2244822,1923064,1689788,0.048
579,MRTN,Industrials,Trucking,NASDAQ,135.69,90,74,41,30,17.69,1448207146.25,81589135.0,0.0629,-1.72,925571,927310,900048,-0.088
580,ANDE,Consumer Defensive,Food Distribution,NASDAQ,135.64,90,86,92,86,74.24,2479475734.220215,34054056.0,0.0344,-9.58,308542,349934,317318,-0.012
581,MSGE,Communication Services,Entertainment,NYSE,135.59,90,83,86,86,72.78,3409761353.3384705,47305234.0,0.0484,-0.31,452125,460878,400391,0.016
582,MNTS,Industrials,Aerospace & Defense,NASDAQ,135.57,90,7,2,3,11.34,215634530.89321136,14462410.0,0.0598,-73.97,7092522,8200320,6397138,8.984
583,AMWL,Healthcare,Health Information Services,NYSE,135.57,90,89,42,12,8.42,144027121.54786587,16708483.0,0.0166,-15.46,148364,98911,82066,-0.179
584,CV,Healthcare,Medical Devices,NASDAQ,135.56,90,90,44,99,7.24,359238186.1989393,49963586.0,0.0376,-52.9,123030,111563,121926,0.003
585,ZGN,Consumer Cyclical,Apparel Manufacturing,NYSE,135.52,90,81,67,74,14.4,3929722197.1743965,268240430.0,0.0531,-4.0,1627052,1060717,904604,0.003
586,TEN,Energy,Oil & Gas Midstream,NYSE,135.52,90,94,93,72,37.14,1114721311.0,30127603.0,0.0146,-19.0,333922,321277,338954,0.284
587,DHX,Technology,Software - Application,NYSE,135.41,90,92,83,15,3.5,145578963.6463232,43198507.0,0.0075,-14.63,159623,308184,267882,-0.102
588,TXN,Technology,Semiconductors,NASDAQ,135.39,90,88,65,38,282.01,259431048780.55377,910092791.0,0.0223,-14.93,9404150,8052190,7890810,0.186
589,NVRI,Industrials,Waste Management,NYSE,135.31,90,91,93,95,20.49,542600429.4507103,28114013.0,,-4.3,704238,1760459,1469663,0.003
590,WBD,Communication Services,Entertainment,NASDAQ,135.09,90,91,93,96,26.23,65787266486.64195,2507136702.0,0.0255,-12.57,24413125,18942068,19770001,-0.01
591,PRE,Healthcare,Diagnostics & Research,NASDAQ,134.87,89,93,98,97,19.25,337627775.6362152,17000391.0,0.044,-18.54,310936,271335,223047,
592,NSA,Real Estate,REIT - Industrial,NYSE,134.86,89,85,84,26,45.42,3353340331.753395,77212533.0,0.0001,3.19,861943,872761,905074,0.18
593,APGE,Healthcare,Biotechnology,NASDAQ,134.73,89,91,88,94,82.72,6552844336.9579315,75389375.0,0.19590001,-13.21,1122293,888767,810562,
594,HPP,Real Estate,REIT - Office,NYSE,134.69,89,73,5,9,15.06,745285397.344986,54242024.0,0.0114,-30.6,1505931,1340943,1298158,-0.08
595,PGC,Financial Services,Banks - Regional,NASDAQ,134.6,89,85,75,42,45.57,783506696.7888794,17718378.0,0.0335,2.17,121732,116760,119942,0.255
596,TRVG,Communication Services,Internet Content & Information,NASDAQ,134.49,89,31,27,26,4.71,303307587.6029682,70701070.0,0.0008,-5.8,93578,90619,65073,0.151
597,BRKR,Healthcare,Medical Devices,NASDAQ,134.46,89,68,26,69,54.92,8584002844.448853,152225624.0,0.17,-14.91,3763587,2883352,2462755,0.027
598,APEI,Consumer Defensive,Education & Training Services,NASDAQ,134.35,89,89,94,85,53.89,965784671.1899414,18343488.0,0.13229999,-12.5,197836,242482,251603,0.062
599,JBIO,Healthcare,Biotechnology,NASDAQ,134.3,89,97,80,80,15.26,1005556314.2015934,59359875.0,0.090100005,-45.5,1643538,893629,853083,
600,NHC,Healthcare,Medical Care Facilities,NYSE ARCA,134.24,89,87,89,81,191.81,3001001701.5977783,15619641.0,0.0502,-6.46,115394,107618,114672,0.022
601,VCYT,Healthcare,Diagnostics & Research,NASDAQ,134.22,89,70,43,84,48.17,3888295651.783825,79792647.0,0.1274,-5.01,1320038,1200952,1006663,0.215
602,EZPW,Financial Services,Credit Services,NASDAQ,134.12,89,93,91,87,29.04,1966074544.0482254,61535978.0,0.23290001,-21.79,926527,785919,766119,0.459
603,PRLB,Industrials,Metal Fabrication,NYSE,134.12,89,82,80,78,73.78,1728399414.2772675,23794045.0,0.0372,-6.04,210501,205050,178194,0.104
604,BLZE,Technology,Software - Infrastructure,NASDAQ,134.03,89,84,15,13,7.4,465714326.2962818,60014731.0,0.0295,-31.85,1564099,2891059,1927205,0.117
605,NEWP,Basic Materials,Silver,NYSE ARCA,134.02,89,98,96,97,3.99,784696142.8408718,185069855.0,0.0306,-36.77,1000793,1184734,1016736,
606,CYD,Consumer Cyclical,Auto Manufacturers,NYSE,133.92,89,88,90,94,47.91,2129539950.5067406,37518323.0,0.0251,-22.07,213355,210765,168301,0.23
607,GSIT,Technology,Semiconductors,NASDAQ,133.92,89,96,98,93,7.29,289851494.3123646,36186203.0,0.065799996,-59.83,1541926,2401312,1747427,0.074
608,IMDX,Healthcare,Diagnostics & Research,NASDAQ,133.88,89,77,79,92,5.76,169200467.6893673,32290167.0,0.0747,-32.31,246873,399224,413486,-0.985
609,ESI,Basic Materials,Specialty Chemicals,NYSE,133.82,89,90,81,46,39.48,9705310805.491508,243607198.0,0.0757,-13.27,2590028,3104726,2998723,0.415
610,VVX,Industrials,Aerospace & Defense,NYSE,133.82,89,75,84,54,85.65,2659512587.4016113,31310484.0,0.0355,0.75,514470,612650,522528,0.234
611,PSNL,Healthcare,Diagnostics & Research,NASDAQ,133.7,89,31,71,92,9.61,1125751803.5,104721098.0,0.20709999,-23.3,3497360,2960230,2429708,-0.249
612,APA,Energy,Oil & Gas E&P,NASDAQ,133.6,89,90,91,67,38.0,12926406093.519447,353470227.0,0.0956,-16.78,4680340,6114163,6875602,-0.119
613,BRKRP,Healthcare,Medical Devices,NASDAQ,133.48,89,75,39,86,410.89,,,0.07,-11.37,31230,40200,25990,0.027
614,NTCT,Technology,Software - Infrastructure,NASDAQ,133.42,89,86,79,72,40.3,2901990787.759304,71495215.0,0.0505,-7.99,753706,643402,594735,-0.01
615,PAMT,Industrials,Trucking,NASDAQ,133.23,89,22,16,20,15.0,288388383.07705307,20943237.0,0.0219,0.87,19784,15981,14282,-0.087
616,BWMX,Consumer Cyclical,Specialty Retail,NYSE,133.19,89,76,90,83,18.37,677839372.414856,37243920.0,0.0093,-7.18,86806,83852,89383,0.003
617,GRDN,Healthcare,Medical Care Facilities,NYSE,133.15,89,75,84,84,41.97,2563219235.334114,63320634.0,0.0746,0.43,412467,405355,429163,0.022
618,INTG,Consumer Cyclical,Lodging,NASDAQ,132.95,89,95,97,96,32.65,69879367.22364807,2148812.0,0.0126,-25.52,42201,43600,40280,0.211
619,FN,Technology,Electronic Components,NYSE,132.81,89,92,92,91,580.25,22259225975.0,35829740.0,0.0885,-22.52,1171361,981367,861230,0.393
620,TALK,Healthcare,Health Information Services,NASDAQ,132.77,89,89,93,81,5.21,874415559.374465,167512566.0,0.0394,-0.38,1748436,1604225,1616067,0.182
621,DXPE,Industrials,Industrial Distribution,NASDAQ,132.75,89,77,86,75,160.4,2440536014.163086,15505312.0,0.0427,-12.78,145315,177235,187509,0.095
622,RLJ,Real Estate,REIT - Hotel & Motel,NYSE,132.68,89,73,54,38,10.64,1610455153.556591,151929726.0,0.13,-0.56,2065167,2717629,2553327,0.036
623,DY,Industrials,Engineering & Construction,NYSE,132.56,89,86,89,92,445.89,14003066800.740509,30031455.0,0.0806,-21.29,594852,523210,468712,0.561
624,MPLT,Healthcare,Biotechnology,NASDAQ,132.56,89,92,44,67,27.8,1270132395.1388016,45345676.0,0.0618,-16.47,340049,274153,300977,
625,DAR,Consumer Defensive,Packaged Foods,NYSE,132.55,89,91,92,57,58.61,9448231851.601955,158927363.0,0.0423,-11.22,1866604,2357201,2615842,0.123
626,BFH,Financial Services,Credit Services,NYSE,132.49,89,80,74,83,96.45,3681487716.8125153,40407065.0,0.0,-2.7,761583,612504,662614,0.061
627,CMPR,Industrials,Specialty Business Services,NASDAQ,132.33,89,86,83,85,91.9,2291144183.45047,24232090.0,0.1313,-13.41,169387,202225,169501,0.123
628,TROO,Financial Services,Credit Services,NASDAQ,132.19,89,99,98,92,2.16,273638773.0050101,122160166.0,0.0271,-59.09,479074,424604,322026,0.27
629,ELTX,Healthcare,Biotechnology,NASDAQ,132.15,89,82,89,49,14.3,253081438.42845726,19086081.0,0.1318,-4.48,149379,141206,133671,
630,FNRN,Financial Services,Banks - Regional,NASDAQ,132.11,89,87,81,80,17.83,283020853.5,16407006.0,0.0011,-0.89,112819,76393,49789,0.127
631,TS,Energy,Oil & Gas Equipment & Services,NYSE,132.08,89,89,88,63,61.47,31016132611.055397,504819878.0,0.0228,-4.85,1267173,1679384,1825486,0.061
632,ENVA,Financial Services,Credit Services,NYSE,132.06,89,82,71,89,179.92,4201068324.982422,24884896.0,0.09770001,1.83,218005,215618,222039,0.258
633,ZVRA,Healthcare,Biotechnology,NASDAQ,131.84,89,76,77,41,13.5,627211020.9444466,59115084.0,0.076,2.58,2546746,2043285,1518725,0.775
634,LGND,Healthcare,Biotechnology,NASDAQ,131.78,89,84,89,89,248.24,4749731457.0,20041061.0,0.09,0.35,183999,213369,216075,0.141
635,CMBT,Energy,Oil & Gas Midstream,NYSE,131.77,89,86,83,52,14.87,4288709108.3363123,290169769.0,0.0113,-16.08,1478643,1772157,1701854,1.211
636,MUSA,Consumer Cyclical,Specialty Retail,NYSE,131.68,89,87,70,38,612.16,10094414239.727783,18470685.0,0.0598,0.38,313537,322472,328971,0.071
637,ATER,Consumer Cyclical,"Furnishings, Fixtures & Appliances",NASDAQ,131.59,89,73,12,7,1.18,11251665.987291336,10818910.0,0.0476,-36.9,183958,817812,5663489,-0.714
638,IART,Healthcare,Medical Devices,NASDAQ,131.59,89,65,13,19,17.09,1321769364.163702,77796903.0,0.16309999,-4.15,978859,1158559,997233,0.024
639,CTS,Technology,Electronic Components,NYSE,131.47,89,78,63,43,64.81,1797064349.8706818,28592910.0,0.0219,-3.71,277213,299447,254734,0.107
640,DBI,Consumer Cyclical,Footwear & Accessories,NYSE,131.46,89,88,84,97,7.0,428325935.9446535,50749521.0,0.45720002,-23.66,927666,615515,635811,0.0
641,HAL,Energy,Oil & Gas Equipment & Services,NYSE,131.42,89,90,86,72,39.73,32730883512.243156,835397735.0,0.0519,-8.86,10671658,10589552,12323471,-0.003
642,TUSK,Industrials,Conglomerates,NASDAQ,131.42,89,79,50,17,3.37,159926544.82426238,48170647.0,0.0304,-14.03,308054,390198,342652,0.894
643,VLO,Energy,Oil & Gas Refining & Marketing,NYSE,131.42,89,88,91,71,257.99,75961346466.04065,296932782.0,0.033,-2.87,2658216,2963418,3030677,0.066
644,NAK,Basic Materials,Other Industrial Metals & Mining,NYSE ARCA,131.4,89,89,73,98,1.85,1070194300.7175972,560311162.0,0.0519,-37.92,7725271,7136167,8252928,
645,RDZN,Technology,Software - Application,NASDAQ,131.24,89,85,37,90,1.65,144326640.0396633,84401542.0,0.012,-35.55,463451,810847,555486,0.188
646,PDEX,Healthcare,Medical Instruments & Supplies,NASDAQ,131.23,89,88,78,65,61.98,208199811.46694183,3192759.0,0.266,-10.16,55758,40902,33887,0.146
647,AKAM,Technology,Software - Infrastructure,NASDAQ,131.21,89,92,83,61,129.97,21708956608.154846,145385451.0,0.1468,-21.44,4422832,6423144,5774178,0.058
648,AMRX,Healthcare,Drug Manufacturers - Specialty & Generic,NASDAQ,131.12,89,71,78,87,15.32,4386563390.0,319022792.0,0.038399998,-0.65,1908380,1672733,1629688,0.039
649,UUU,Industrials,Building Products & Equipment,NYSE ARCA,131.07,89,94,95,95,6.2,20168890.45790863,3028362.0,0.0108,-25.03,39355,33145,32995,-0.996
650,TSM,Technology,Semiconductors,NYSE,130.93,88,86,89,84,408.75,2153268485619.8054,5186474013.0,0.0058999998,-9.2,13364665,13153655,13473779,0.351
651,ACHV,Healthcare,Biotechnology,NASDAQ,130.89,88,93,77,88,5.75,526640974.1583967,102659057.0,0.0713,-6.5,1276950,1283463,1470392,
652,ALGM,Technology,Semiconductors,NASDAQ,130.87,88,85,70,33,44.54,8638857300.678864,186222406.0,0.1066,-18.13,2275814,2608918,2284922,0.261
653,ST,Technology,Scientific & Technical Instruments,NYSE,130.86,88,84,69,71,47.02,7248333194.831169,145432046.0,0.061300002,-12.75,2682992,2595650,2283294,0.026
654,DINO,Energy,Oil & Gas Refining & Marketing,NYSE,130.82,88,88,85,72,70.76,12869863337.398605,180275437.0,0.0452,-5.31,2101998,2426112,2250025,0.118
655,HIVE,Financial Services,Capital Markets,NASDAQ,130.75,88,73,32,63,3.5,1008214190.0691619,267430821.0,1.81,-55.36,33207460,30487196,25461626,2.186
656,ALB,Basic Materials,Specialty Chemicals,NYSE,130.74,88,95,95,93,147.22,18331762439.366394,117934651.0,0.00090000004,-33.38,2212380,2141483,2106346,0.327
657,PLSE,Healthcare,Medical Instruments & Supplies,NASDAQ,130.66,88,78,88,22,24.99,1753081999.679718,69209712.0,0.1675,-12.41,291846,356245,317299,
658,WCC,Industrials,Industrial Distribution,NYSE,130.65,88,88,81,86,334.19,17256630165.611572,48704892.0,0.0444,-11.57,489393,625751,575624,0.138
659,ODFL,Industrials,Trucking,NASDAQ,130.65,88,69,74,43,235.95,50446867930.5152,207968283.0,0.0681,-5.29,2254862,2102144,2009094,-0.029
660,ADI,Technology,Semiconductors,NASDAQ,130.6,88,90,82,78,392.67,195511874120.66406,487087040.0,0.0217,-10.7,5058505,4593981,4047475,0.372
661,LNTH,Healthcare,Drug Manufacturers - Specialty & Generic,NASDAQ,130.48,88,89,71,34,100.24,6574412378.916794,65106082.0,0.13159999,-3.62,884773,1065881,912526,0.012
662,BOTJ,Financial Services,Banks - Regional,NASDAQ,130.47,88,85,86,83,24.72,104269633.51629257,4543339.0,0.0019,-17.02,18139,15669,13551,0.182
663,NPO,Industrials,Specialty Industrial Machinery,NYSE,130.42,88,82,79,64,321.7,6594477210.432617,21126664.0,0.0228,-1.61,175276,212448,237225,0.109
664,XPO,Industrials,Trucking,NYSE,130.42,88,79,88,72,216.26,25705741526.78546,117409981.0,0.062,-6.57,2320562,1701950,1496394,0.073
665,SHLS,Technology,Solar,NASDAQ,130.41,88,76,64,92,9.25,1813613412.169856,167771817.0,0.113299996,-29.82,5253634,5780311,5677358,0.749
666,LTRX,Technology,Communication Equipment,NASDAQ,130.4,88,91,92,93,6.45,292632393.7674756,44608597.0,0.0111,-26.29,1913731,1332187,989810,0.059
667,YOU,Technology,Software - Application,NYSE,130.39,88,93,90,85,51.97,5493667228.726215,100764255.0,0.1229,-17.15,1332424,1507738,1490920,0.197
668,GTE,Energy,Oil & Gas E&P,NYSE ARCA,130.32,88,94,95,17,7.98,269442357.7533817,35359890.0,0.076799996,-18.07,278302,348134,414314,0.023
669,VIRT,Financial Services,Capital Markets,NYSE,130.23,88,82,67,32,55.55,4540934836.137749,87024431.0,0.042,-1.65,1327393,1347784,1350974,0.303
670,AVAL,Financial Services,Banks - Regional,NYSE,130.22,88,76,79,89,5.16,5698434408.83543,1187173788.0,0.0017,-3.91,342445,294985,250363,0.19
671,PXS,Energy,Oil & Gas Midstream,NASDAQ,130.17,88,85,84,36,4.62,47305075.10821724,10239194.0,0.0052,-6.1,68023,64601,53456,0.039
672,NAT,Energy,Oil & Gas Midstream,NYSE,130.07,88,92,94,77,5.18,1141336045.2982364,211750663.0,0.0916,-18.3,3767598,3160629,3935367,1.043
673,DUOT,Technology,Software - Application,NASDAQ,130.03,88,54,52,89,11.36,344844002.1516094,29323469.0,0.093,-25.65,673208,766959,654505,-0.45
674,MTC,Technology,Software - Application,NASDAQ,129.96,88,98,99,98,2.62,348557338.5,99587811.0,0.0085,-71.19,142679,110996,113533,-1.0
675,TCMD,Healthcare,Medical Devices,NASDAQ,129.9,88,84,94,96,25.97,572928995.3954697,22556260.0,0.1039,-31.24,251969,350676,308815,0.228
676,PWR,Industrials,Engineering & Construction,NYSE,129.79,88,93,91,82,650.92,104308307973.24329,150060149.0,0.0336,-17.47,1169254,1253061,1112890,0.263
677,ELDN,Healthcare,Biotechnology,NASDAQ,129.77,88,91,79,8,3.46,263210483.055084,77187823.0,0.0879,-24.78,954481,1098653,1365102,
678,KPTI,Healthcare,Biotechnology,NASDAQ,129.77,88,89,88,60,9.11,205779520.71095467,22662943.0,0.234,-17.11,323397,418992,460421,0.168
679,KELYB,Industrials,Staffing & Employment Services,NASDAQ,129.77,88,81,81,13,17.37,666341807.9945564,34669190.0,0.0033000002,-86.1,3675,3248,13971,-0.107
680,CMP,Basic Materials,Other Industrial Metals & Mining,NYSE,129.76,88,85,87,80,28.95,1243225816.027153,41958348.0,0.0388,-16.09,704854,775158,678812,-0.084
681,HURC,Industrials,Specialty Industrial Machinery,NASDAQ,129.74,88,38,42,27,21.7,136213567.6099205,6446454.0,0.0191,-0.96,39915,23411,22331,-0.076
682,AAON,Industrials,Building Products & Equipment,NASDAQ,129.71,88,82,57,27,121.12,10863130580.240479,81911710.0,0.0794,-19.5,1061812,1329467,1134752,0.543
683,PHIN,Consumer Cyclical,Auto Parts,NYSE,129.67,88,83,82,74,80.51,2942394074.115555,37020558.0,0.1121,-3.41,321574,334734,327368,0.103
684,FDX,Industrials,Integrated Freight & Logistics,NYSE,129.59,88,83,88,76,319.25,78978836236.0,238606756.0,0.0168,-6.42,2196496,2076135,1987814,0.083
685,UFCS,Financial Services,Insurance - Property & Casualty,NASDAQ,129.43,88,86,75,78,47.74,1160428376.4355392,25656166.0,0.017,-4.41,132271,137013,120976,0.116
686,PSTL,Real Estate,REIT - Office,NYSE,129.36,88,87,85,60,23.33,628785189.0311737,27651064.0,0.1188,-4.74,332899,334833,287905,0.203
687,GBTG,Consumer Cyclical,Travel Services,NYSE,129.25,88,88,21,52,9.34,4870398652.567863,521455950.0,0.0238,-2.1,4455685,6365245,4324873,0.353
688,SHIM,Industrials,Engineering & Construction,NASDAQ,129.24,88,94,87,85,3.54,157796712.0912552,40986160.0,0.0022,-47.66,169272,207287,211674,-0.279
689,DVA,Healthcare,Medical Care Facilities,NYSE,129.22,88,86,71,24,198.54,12333789835.05249,64185000.0,0.173,-2.05,725497,968942,837373,0.06
690,LXFR,Industrials,Specialty Industrial Machinery,NYSE,129.21,88,69,38,59,17.51,457488582.88297844,27006409.0,0.013300001,-2.94,141715,150798,136591,-0.135
691,XOMA,Healthcare,Biotechnology,NASDAQ,129.2,88,90,58,32,41.76,527851954.6136093,12541030.0,0.115600005,-2.45,109693,170097,236750,-0.226
692,BYFC,Financial Services,Banks - Regional,NASDAQ,129.19,88,83,76,23,10.1,89815021.31154633,9278411.0,0.002,-3.44,3548,5336,4047,0.55
693,OUT,Real Estate,REIT - Specialty,NYSE,129.04,88,90,90,87,30.35,5493181646.325798,176063510.0,0.0454,-13.19,1719415,1744205,1506053,0.1
694,GHRS,Healthcare,Biotechnology,NASDAQ,128.99,88,91,77,70,20.36,1470289155.1077805,68608919.0,0.078,-21.51,267395,238985,243619,
695,HXHX,Industrials,Integrated Freight & Logistics,NASDAQ,128.96,88,15,11,2,0.88,6173750.013113022,13750000.0,0.0135,-52.17,8488720,2883550,1953832,-0.065
696,FOSL,Consumer Cyclical,Footwear & Accessories,NASDAQ,128.87,88,93,96,94,4.2,234042330.33454704,59101598.0,0.059699997,-26.96,604723,809401,765308,-0.036
697,ESOA,Industrials,Engineering & Construction,NASDAQ,128.86,88,91,87,21,15.65,278402412.1036205,18659679.0,0.0325,-21.51,139857,161969,137413,0.215
698,Q,Technology,Semiconductor Equipment & Materials,NYSE,128.68,88,90,82,22,139.74,29736634993.20256,209339207.0,0.0232,-18.53,1795967,1922539,1738367,0.176
699,MITK,Technology,Software - Application,NASDAQ,128.64,88,86,89,58,16.01,672415306.8940611,45158851.0,0.083100006,-10.91,1077363,1254391,1118440,0.056
700,ABCL,Healthcare,Biotechnology,NASDAQ,128.63,88,89,61,53,5.09,1716209673.7125597,305375393.0,0.1823,-25.04,7633058,8904212,7259443,0.963
701,KZIA,Healthcare,Biotechnology,NASDAQ,128.61,88,97,50,81,11.5,125581617.39459038,11426899.0,0.0318,-33.91,203920,206840,243286,3.124
702,CRVS,Healthcare,Biotechnology,NASDAQ,128.59,88,96,98,89,11.16,935085505.2566147,84090424.0,0.2556,-58.59,1618529,1694063,1497641,
703,IONQ,Technology,Computer Hardware,NYSE,128.52,88,86,26,81,56.63,21194267191.788208,373269948.0,0.1974,-33.09,30652506,33503275,33487237,7.547
704,ALMU,Technology,Semiconductors,NASDAQ,128.5,88,91,80,92,22.3,413517520.44317245,18305335.0,0.2379,-29.85,1340149,1790203,1906375,-0.026
705,TRMD,Energy,Oil & Gas Midstream,NASDAQ,128.49,88,92,85,48,29.18,2911320890.589939,102367118.0,0.0094,-17.41,790805,914811,837389,0.222
706,TRGP,Energy,Oil & Gas Midstream,NYSE,128.47,88,84,86,45,272.54,56685307557.22055,214643903.0,0.0242,-2.66,1028071,1162597,1215612,-0.102
707,NERV,Healthcare,Biotechnology,NASDAQ,128.41,88,94,99,96,4.67,231079998.4172182,46588709.0,0.026700001,-62.52,101426,129642,160141,
708,SQM,Basic Materials,Specialty Chemicals,NYSE,128.34,88,93,92,91,74.24,21545659944.60974,285637808.0,1.3,-24.24,1309165,1214395,1297123,0.698
709,ADUR,Industrials,Pollution & Treatment Controls,NASDAQ,128.13,87,82,81,91,15.46,472856803.49913406,33727303.0,5.91,-15.01,732145,520228,417467,
710,PETZ,Consumer Cyclical,Restaurants,NASDAQ,128.07,87,37,65,31,1.61,12181455.698523045,10323268.0,0.0007,-4.17,151606,872178,524381,0.446
711,PANW,Technology,Software - Infrastructure,NASDAQ,128.04,87,73,31,34,263.22,221720740051.26953,815000000.0,0.0348,-13.11,10864313,8907017,8406686,0.311
712,CGNX,Technology,Scientific & Technical Instruments,NASDAQ,128.04,87,91,88,45,58.69,10121630959.032814,166419451.0,0.036199998,-18.37,2184738,2625146,2223109,0.243
713,PBYI,Healthcare,Biotechnology,NASDAQ,127.99,87,87,88,91,7.02,357823186.35913086,50899456.0,0.0967,-11.14,199761,255957,265948,-0.026
714,KODK,Industrials,Specialty Business Services,NYSE,127.95,87,87,57,84,9.71,884256040.9545898,97600000.0,0.0671,-34.7,1086647,1273632,1386439,0.073
715,ORMP,Healthcare,Biotechnology,NASDAQ,127.95,87,93,90,83,3.7,151835762.0712061,40926081.0,0.0184,-26.15,217650,201296,169202,
716,ESPR,Healthcare,Drug Manufacturers - Specialty & Generic,NASDAQ,127.93,87,92,83,95,3.14,805762007.9207478,257431942.0,0.0797,-24.88,11185959,17874396,13933747,0.232
717,OII,Energy,Oil & Gas Equipment & Services,NYSE,127.91,87,87,89,52,39.3,3705536152.5491714,99745249.0,0.0622,-2.04,939391,928163,1041916,0.027
718,GPRK,Energy,Oil & Gas E&P,NYSE,127.9,87,80,82,37,10.95,683700093.5802917,64683076.0,0.0257,-7.75,765752,618674,796992,-0.065
719,NMM,Industrials,Marine Shipping,NYSE,127.89,87,86,86,71,72.12,2037476698.5945053,28424619.0,0.023,-10.62,119416,148818,140091,0.174
720,CMI,Industrials,Specialty Industrial Machinery,NYSE,127.86,87,89,87,87,630.52,89861236169.09155,137989067.0,0.014400001,-12.19,1000409,986509,888587,0.027
721,CROX,Consumer Cyclical,Footwear & Accessories,NASDAQ,127.84,87,71,31,39,121.94,5930459412.979614,49689648.0,0.1353,-0.33,1306659,1277203,1290563,-0.017
722,CCO,Communication Services,Advertising Agencies,NYSE,127.77,87,87,93,90,2.41,1221560462.9404497,508983506.0,0.0493,-0.82,9710105,6925431,6093527,0.119
723,ESLT,Industrials,Aerospace & Defense,NASDAQ,127.77,87,90,95,85,818.97,38560049328.69629,46832552.0,0.0070999996,-19.4,100207,116829,115367,0.155
724,SLB,Energy,Oil & Gas Equipment & Services,NYSE,127.71,87,84,77,53,55.51,82033812262.17613,1495057661.0,0.047,-5.63,13934957,12493392,13708753,0.027
725,STK,Financial Services,Asset Management,NYSE,127.65,87,88,81,74,48.42,900904260.626049,17661327.0,0.4,-17.17,99646,76188,66629,
726,VIK,Consumer Cyclical,Travel Services,NYSE,127.65,87,81,83,87,88.48,40127372821.81079,446157124.0,0.0374,-5.57,2600226,3487852,3254847,0.175
727,FRD,Basic Materials,Steel,NASDAQ,127.61,87,66,35,75,25.55,173537262.4869175,7112183.0,0.0256,3.48,33670,29993,29028,0.786
728,KLXE,Energy,Oil & Gas Equipment & Services,NASDAQ,127.6,87,94,78,11,3.04,57304590.41648865,20539280.0,0.0686,-32.44,463386,345562,335019,-0.06
729,M,Consumer Cyclical,Department Stores,NYSE,127.57,87,68,63,91,23.16,5828921020.503593,263037954.0,0.1415,-5.12,8755506,6548002,5939829,0.021
730,VTRS,Healthcare,Drug Manufacturers - Specialty & Generic,NASDAQ,127.53,87,88,87,75,15.77,18493096278.792473,1164552654.0,0.0328,-10.04,9624390,12104286,10922886,0.081
731,BSTZ,Financial Services,Asset Management,NYSE,127.38,87,82,71,70,28.97,1997017505.0523758,68744150.0,0.0016,-8.26,230738,226536,216779,
732,ATNI,Communication Services,Telecom Services,NASDAQ,127.38,87,84,88,86,27.02,396056964.75,15380853.0,0.019299999,-11.26,60544,67768,69330,0.016
733,INVX,Energy,Oil & Gas Equipment & Services,NYSE,127.38,87,84,83,85,28.73,1842071782.9913635,68759676.0,0.0754,-10.91,381577,424735,409321,-0.006
734,FVR,Real Estate,REIT - Diversified,NYSE,127.37,87,83,79,71,19.62,426311160.04714966,22652028.0,0.0111,3.54,169905,130641,121873,0.107
735,PTGX,Healthcare,Biotechnology,NASDAQ,127.34,87,88,88,93,105.77,6262641326.1035385,64311373.0,0.1319,-1.92,702822,580484,631132,0.99
736,VAL,Energy,Oil & Gas Drilling,NYSE,127.21,87,91,95,62,88.98,6131552664.601898,69251780.0,0.1397,-22.03,792867,884812,906447,-0.25
737,STT,Financial Services,Asset Management,NYSE,127.21,87,81,71,81,161.8,44767067587.75,276767033.0,0.0002,-1.31,1924340,1884356,2014550,-0.028
738,TGB,Basic Materials,Copper,NYSE ARCA,127.12,87,94,95,94,6.43,2431554692.9208455,365647317.0,1.59,-30.49,5856112,5118580,4857414,0.704
739,MYE,Consumer Cyclical,Packaging & Containers,NYSE,127.12,87,80,84,86,24.99,890859652.0514336,37557322.0,0.028900001,3.05,331352,277514,235848,0.018
740,IPWR,Technology,Semiconductors,NASDAQ,126.92,87,83,18,13,5.78,96528568.97862339,16008054.0,0.0159,-37.85,1175904,1169028,813474,
741,CRWD,Technology,Software - Infrastructure,NASDAQ,126.89,87,76,39,68,647.74,170818090488.36914,254564820.0,0.119899996,-17.55,4348873,3509057,3462826,0.256
742,TEVA,Healthcare,Drug Manufacturers - Specialty & Generic,NYSE,126.86,87,89,88,93,33.58,39811756573.5829,1164426972.0,0.023,-10.09,6890466,7041785,6138633,0.023
743,PBF,Energy,Oil & Gas Refining & Marketing,NYSE,126.84,87,88,94,52,42.57,5028109507.5,118308459.0,0.1458,-18.42,2384196,2974488,3060835,0.119
744,IX,Financial Services,Financial Conglomerates,NYSE,126.84,87,84,79,79,38.15,40634184655.61588,1072708118.0,0.0007,-4.63,449930,327350,350510,0.28
745,TSHA,Healthcare,Biotechnology,NASDAQ,126.82,87,95,90,97,5.4,1580485610.0,287361020.0,0.13,-26.03,2277032,2346707,2574228,
746,EMF,Financial Services,Asset Management,NYSE,126.82,87,83,83,80,22.22,336178200.1086979,14947897.0,0.82,-8.82,42959,44279,40529,0.152
747,LEGN,Healthcare,Biotechnology,NASDAQ,126.76,87,65,15,10,34.86,6058831816.648499,185739792.0,0.19639999,-23.04,3922718,2895992,2676369,0.565
748,BDSX,Healthcare,Diagnostics & Research,NASDAQ,126.7,87,93,97,31,15.01,160100807.53504276,10355809.0,0.024300002,-25.73,48282,65850,61330,0.423
749,CLSK,Financial Services,Capital Markets,NASDAQ,126.64,87,80,39,66,14.9,4000528206.695366,256608606.0,0.4584,-36.89,24091839,23776703,22294297,-0.249
750,ORN,Industrials,Engineering & Construction,NYSE,126.59,87,87,80,87,13.32,551732563.7724857,40479278.0,0.0424,-15.96,319005,406568,331485,0.147
751,NXDT,Real Estate,REIT - Diversified,NYSE,126.53,87,82,85,49,5.07,267411936.2062111,51723778.0,0.0208,-9.63,135864,167558,144494,-0.204
752,HQI,Industrials,Staffing & Employment Services,NASDAQ,126.5,87,67,73,14,13.66,182338926.73644066,13940285.0,0.0513,2.02,13257,16639,18055,-0.127
753,MANU,Communication Services,Entertainment,NYSE,126.49,87,66,61,39,22.84,3784934267.706974,172434357.0,0.0801,-5.7,628185,438181,375895,0.18
754,PDS,Energy,Oil & Gas Drilling,NYSE,126.49,87,87,92,80,96.04,1203535413.0,12941241.0,3.07,-7.48,90847,111399,117631,0.06
755,RIG,Energy,Oil & Gas Drilling,NYSE,126.47,87,91,94,70,6.01,6585223621.502224,1106760308.0,0.2189,-21.54,27537444,33263428,32793830,0.193
756,AEVA,Technology,Software - Infrastructure,NASDAQ,126.45,87,86,95,95,22.69,1553985036.4875813,67535203.0,0.1901,-41.52,2564679,2677569,2071979,0.859
757,TYRA,Healthcare,Biotechnology,NASDAQ,126.44,87,96,98,95,25.42,1584290913.54216,59470381.0,0.2507,-37.47,1018388,830056,934165,
758,SPRB,Healthcare,Biotechnology,NASDAQ,126.41,87,91,91,99,47.13,138797380.3799286,2752278.0,0.079,-94.38,44286,45248,68087,
759,TBI,Industrials,Staffing & Employment Services,NYSE,126.41,87,57,14,15,6.55,201579126.80947208,30404091.0,0.05,-15.81,261295,366368,330871,0.076
760,AEF,Financial Services,Asset Management,NYSE ARCA,126.27,87,87,85,79,8.94,362164705.1776428,40601424.0,0.88,-11.83,218326,170895,179949,-0.023
761,NUTR,Consumer Cyclical,Travel Services,NASDAQ,126.27,87,88,93,96,9.0,174412512.0,19379168.0,0.0682,-11.24,0,0,0,3.432
762,AIR,Industrials,Aerospace & Defense,NYSE,126.19,87,80,88,74,117.36,4638501922.875458,39764268.0,0.0298,-7.74,360839,365999,377365,0.246
763,HCC,Basic Materials,Coking Coal,NYSE,126.17,87,78,87,89,95.23,5275972146.196716,52801964.0,0.1117,-13.73,1042176,965665,889273,0.54
764,VIST,Energy,Oil & Gas E&P,NYSE,126.16,87,83,88,63,72.5,8293543501.622864,111442404.0,0.027999999,-10.98,721010,1099900,1260592,0.973
765,E,Energy,Oil & Gas Integrated,NYSE,126.06,87,88,90,72,54.24,78932204156.25998,1467141362.0,0.0017,-6.48,293278,360619,483091,-0.126
766,FGBI,Financial Services,Banks - Regional,NASDAQ,125.77,87,65,87,10,10.13,160032494.95642853,16464248.0,0.0355,-2.22,21681,38650,32346,0.945
767,BHP,Basic Materials,Other Industrial Metals & Mining,NYSE,125.71,86,87,85,73,82.95,210137349111.2472,2540345092.0,0.0061000003,-11.47,3060419,2670789,2638787,0.108
768,FLXS,Consumer Cyclical,"Furnishings, Fixtures & Appliances",NASDAQ,125.67,86,83,75,32,58.15,232068131.74293137,4075661.0,0.0375,-4.63,50769,49663,55687,0.01
769,PTNM,Consumer Defensive,Household & Personal Products,NASDAQ,125.6,86,98,92,95,10.39,239099882.90071487,23012500.0,0.1353,-29.75,0,0,0,-0.239
770,HSPTU,Financial Services,Shell Companies,NASDAQ,125.59,86,40,17,55,12.5,,,0.08,-24.65,8726,5238,3149,
771,RPRX,Healthcare,Biotechnology,NASDAQ,125.58,86,82,83,77,54.52,24765723717.012177,443274104.0,0.029000001,-2.76,5374184,4179191,3685146,0.11
772,WFRD,Energy,Oil & Gas Equipment & Services,NASDAQ,125.56,86,88,87,81,98.01,6988984378.740784,71925332.0,0.0689,-13.38,1000654,1070014,1181082,-0.034
773,STAA,Healthcare,Medical Instruments & Supplies,NASDAQ,125.55,86,82,29,69,29.33,1493156953.6543179,49788495.0,0.2488,-18.23,729387,953082,1049795,1.196
774,AESI,Energy,Oil & Gas Equipment & Services,NYSE,125.54,86,89,68,14,17.03,2083425179.2381592,124905584.0,0.1898,-15.4,2827713,3914697,5098928,-0.108
775,SOLS,Basic Materials,Specialty Chemicals,NASDAQ,125.49,86,89,90,42,77.69,12866321665.364601,158804273.0,0.0323,-14.44,1702177,2108709,1978121,0.106
776,STNG,Energy,Oil & Gas Midstream,NYSE,125.46,86,88,88,58,76.46,3780419316.275528,49768554.0,0.0368,-12.51,653835,993681,1047319,0.462
777,CDNA,Healthcare,Diagnostics & Research,NASDAQ,125.43,86,80,40,65,23.46,1149423452.25,51659481.0,0.1283,-2.33,768129,729046,738123,0.39
778,TMQ,Basic Materials,Other Industrial Metals & Mining,NYSE ARCA,125.38,86,94,94,98,3.54,659124329.4613359,172545639.0,0.070700005,-68.64,2790164,2810934,2679446,
779,COOK,Consumer Cyclical,"Furnishings, Fixtures & Appliances",NYSE,125.35,86,21,6,11,60.64,177312382.84917068,2781807.0,0.0625,-45.12,45762,31694,24338,-0.344
780,CVU,Industrials,Aerospace & Defense,NYSE ARCA,125.34,86,76,90,68,4.71,66444637.84149885,13209669.0,0.0069999998,-12.78,118892,108564,99730,0.127
781,EQNR,Energy,Oil & Gas Integrated,NYSE,125.31,86,89,90,33,37.49,92020742564.6729,2491086789.0,0.0292,-13.74,3136513,3788174,4879366,-0.053
782,CC,Basic Materials,Specialty Chemicals,NYSE,125.25,86,91,85,19,20.31,3082743034.5,150377709.0,0.0885,-29.16,2071687,2867909,2699767,0.01
783,CMTL,Technology,Communication Equipment,NASDAQ,125.23,86,81,96,83,4.29,140345035.44153357,29734119.0,0.0104,-30.92,433847,302592,263455,-0.157
784,TK,Energy,Oil & Gas Midstream,NYSE,125.18,86,87,88,82,11.92,1005856687.2716131,87011821.0,0.0515,-17.11,553325,621718,560907,0.235
785,SVM,Basic Materials,Silver,NYSE ARCA,125.18,86,97,96,96,9.57,2353595048.3438635,221202535.0,0.1266,-39.32,3031947,3534175,3562379,0.962
786,ASC,Industrials,Marine Shipping,NYSE,125.16,86,90,84,38,16.43,670794995.9509468,40802614.0,0.0446,-17.97,559519,705793,640809,0.188
787,TRST,Financial Services,Banks - Regional,NASDAQ,125.15,86,80,77,79,54.69,917951800.4984436,17474811.0,0.0513,3.23,130045,103545,99863,0.079
788,HST,Real Estate,REIT - Hotel & Motel,NASDAQ,125.12,86,78,73,68,23.95,16861728472.993567,684879281.0,0.0732,-3.35,8852049,8566719,8477445,0.028
789,AMG,Financial Services,Asset Management,NYSE,125.04,86,76,81,86,335.34,8895854284.36737,26412085.0,0.0416,-0.81,412232,346904,344752,0.097
790,ENTG,Technology,Semiconductor Equipment & Materials,NASDAQ,125.04,86,87,81,34,128.88,19099943557.739258,152300000.0,0.0735,-19.02,2975345,3174778,2926117,0.05
791,PSMT,Consumer Defensive,Discount Stores,NASDAQ,125.0,86,78,87,82,174.74,5374956107.344696,30895879.0,0.0805,-1.53,262583,236367,245558,0.097
792,MLAB,Technology,Scientific & Technical Instruments,NASDAQ,124.98,86,74,38,27,107.22,573985078.2178497,5524931.0,0.0612,-3.66,227970,183613,151162,0.026
793,DDD,Technology,Computer Hardware,NYSE,124.94,86,83,77,21,2.89,427615936.8425667,146947053.0,0.3114,-29.85,6904339,5837123,4421467,0.011
794,SHOO,Consumer Cyclical,Footwear & Accessories,NASDAQ,124.88,86,75,60,89,44.23,3217951657.86438,73085436.0,0.0945,-5.65,1005914,1047358,1019614,0.18
795,VOYG,Industrials,Aerospace & Defense,NYSE,124.78,86,40,24,10,41.28,2462342162.63657,59262147.0,0.16700001,-44.18,2655437,2551502,2104383,0.021
796,ESE,Technology,Scientific & Technical Instruments,NYSE,124.68,86,81,87,68,304.69,7581475193.57959,25907172.0,0.032899998,-11.99,244184,273531,317154,0.335
797,GOOGL,Communication Services,Internet Content & Information,NASDAQ,124.65,86,90,86,90,356.38,4494199462845.795,12194935223.0,0.014099999,-12.78,37395801,31982653,29212084,0.218
798,CHMG,Financial Services,Banks - Regional,NASDAQ,124.65,86,77,56,74,72.23,342351808.71643066,4819820.0,0.0072000003,-0.11,50486,44902,30857,0.191
799,LOCO,Consumer Cyclical,Restaurants,NASDAQ,124.58,86,80,80,62,15.06,420892209.06578064,30455298.0,0.0709,-5.28,344524,356844,316528,0.059
800,ORA,Utilities,Utilities - Renewable,NYSE,124.53,86,78,78,86,136.69,8603497700.0,61453555.0,0.0942,-6.63,838608,987302,906423,0.758
801,CVEO,Consumer Cyclical,Lodging,NYSE,124.53,86,81,82,44,34.69,378747481.2392578,10943296.0,0.045,-4.96,64132,80147,76598,0.199
802,PGEN,Healthcare,Biotechnology,NASDAQ,124.48,86,89,88,98,3.89,1276309281.2003708,356510980.0,0.2059,-28.88,5533498,4263629,4051439,16.339
803,GNRC,Industrials,Specialty Industrial Machinery,NYSE,124.43,86,89,86,45,239.11,15396515331.76828,58868681.0,0.045300003,-18.72,946257,918075,826123,0.124
804,REX,Basic Materials,Chemicals,NYSE,124.41,86,91,91,86,43.83,1479562232.249237,32937718.0,0.025899999,-17.86,219199,178799,190977,0.036
805,HLIT,Technology,Communication Equipment,NASDAQ,124.36,86,81,40,43,13.5,1439747755.385727,108496436.0,0.0401,-23.64,4680565,4230458,2899443,0.434
806,RAL,Technology,Electronic Components,NYSE,124.34,86,81,34,66,62.45,6735017310.204285,111933148.0,0.105100006,-1.36,1436795,1819611,1503213,0.11
807,CPAC,Basic Materials,Building Materials,NYSE,124.3,86,84,91,92,10.57,890462204.9380398,85621369.0,0.00059999997,-8.09,16025,16568,37459,0.113
808,VAC,Consumer Cyclical,Resorts & Casinos,NYSE,124.27,86,77,61,18,87.73,3073360723.9953003,34343064.0,0.1108,-4.24,644357,548422,516957,0.0
809,RIO,Basic Materials,Other Industrial Metals & Mining,NYSE,124.25,86,88,88,81,99.06,163747333054.53217,1626252151.0,0.011,-12.01,2677035,2592451,2533467,0.146
810,RMR,Real Estate,Real Estate Services,NASDAQ,124.17,86,77,62,33,21.05,346824716.1394577,17093381.0,0.0862,2.31,151064,171374,167556,-0.009
811,LIVN,Healthcare,Medical Devices,NASDAQ,124.15,86,81,76,82,78.38,3974990843.2087708,54933538.0,0.07,3.38,762250,851330,799454,0.143
812,MAC,Real Estate,REIT - Retail,NYSE,124.14,86,79,68,56,24.42,6706691641.167255,283461187.0,0.0614,2.82,2713486,3270275,2927145,-0.067
813,SRZN,Healthcare,Biotechnology,NASDAQ,124.14,86,96,94,96,21.77,249855189.23480606,11610371.0,0.0856,-37.8,115503,94377,111490,4.086
814,GGB,Basic Materials,Steel,NYSE,124.0,86,84,58,79,4.52,9030057475.81115,1967332718.0,0.0067000003,-9.24,20224031,18784653,19326114,-0.038
815,BCBP,Financial Services,Banks - Regional,NASDAQ,123.98,86,73,45,34,11.15,195161880.70588875,17363157.0,0.0227,-4.78,157993,116631,113594,6.506
816,NN,Technology,Software - Infrastructure,NASDAQ,123.93,86,84,73,67,21.55,2947037934.446562,136436939.0,0.1848,-11.75,2588494,2459411,2786470,-0.353
817,OOMA,Technology,Software - Application,NYSE,123.9,86,89,69,28,17.53,470643694.9322109,27474823.0,0.0341,-20.17,379721,342870,310502,0.248
818,APLE,Real Estate,REIT - Hotel & Motel,NYSE,123.89,86,72,47,38,15.86,3692096625.6073627,236067554.0,0.1014,0.38,3158074,3061041,3570122,0.031
819,RCUS,Healthcare,Biotechnology,NYSE,123.88,86,93,94,95,22.12,2916679693.950115,125773162.0,0.1424,-22.98,1199634,1014124,1140936,-0.393
820,ATLO,Financial Services,Banks - Regional,NASDAQ,123.87,86,80,85,84,30.16,264033723.4697342,8857220.0,0.019,0.17,86208,68976,68857,0.28
821,TD,Financial Services,Banks - Diversified,NYSE,123.76,86,83,81,87,114.5,186946097209.99146,1652051000.0,2.23,-0.05,2688974,1921654,2337980,-0.315
822,GNK,Industrials,Marine Shipping,NYSE,123.76,86,89,85,76,23.5,1075917412.462656,43577051.0,0.0238,-13.76,282024,347881,327818,0.606
823,CXW,Industrials,Security & Protection Services,NYSE,123.76,86,48,40,30,26.45,2295201066.064911,98888460.0,0.0292,12.89,1182625,1143625,1009743,0.258
824,NXPI,Technology,Semiconductors,NASDAQ,123.74,86,81,32,61,285.56,74721338383.49435,252471079.0,0.0347,-16.0,4324202,4309794,3841914,0.122
825,C,Financial Services,Banks - Diversified,NYSE,123.67,86,80,78,86,133.38,225937781310.85312,1705576955.0,0.0002,-1.8,12486352,11486790,11471948,0.159
826,SLAB,Technology,Semiconductors,NASDAQ,123.65,85,85,91,43,217.88,7193665434.660507,32981823.0,0.120799996,-0.82,420115,418355,407587,0.201
827,TEO,Communication Services,Telecom Services,NYSE,123.6,85,53,72,84,14.23,5702965751.891987,430737602.0,0.0050999997,-6.69,617830,534653,430162,0.305
828,TX,Basic Materials,Steel,NYSE,123.59,85,77,69,75,47.23,9426694787.422523,196307678.0,0.0099,-8.7,507203,471341,366440,0.0
829,PCLA,Communication Services,Telecom Services,NASDAQ,123.56,85,1,1,1,6.4,68258014.58315611,9613805.0,0.0013,-94.3,130544,2964508,1780666,-0.423
830,IBKR,Financial Services,Capital Markets,NASDAQ,123.52,85,79,80,76,85.42,37598914761.355804,445484764.0,0.0299,-6.15,6052399,5221196,4955719,0.168
831,MRNA,Healthcare,Biotechnology,NASDAQ,123.5,85,93,95,52,45.99,18823539582.056995,396786259.0,0.17899999,-22.77,5584895,7159265,6554315,2.602
832,MBIN,Financial Services,Banks - Regional,NASDAQ,123.43,85,77,78,61,49.6,2182391156.978943,45935408.0,0.0661,-1.3,108365,127731,147641,0.158
833,BJDX,Healthcare,Medical Devices,NASDAQ,123.4,85,4,4,6,4.49,4966632.197356224,1034715.0,0.0069999998,-73.08,7971906,2687695,1618457,
834,ADPT,Healthcare,Diagnostics & Research,NASDAQ,123.36,85,52,75,93,17.07,2704750163.7479095,160044392.0,0.070199996,-17.77,2286401,1934140,1821596,0.351
835,TBLA,Communication Services,Internet Content & Information,NASDAQ,123.28,85,87,31,69,4.72,1251825511.3070068,273324352.0,0.0187,-10.27,2977154,3184938,2461112,0.091
836,SAIH,Technology,Information Technology Services,NASDAQ,123.28,85,90,67,75,11.12,20100989.689292908,1832360.0,0.0067000003,-27.84,2267,2252,2863,-0.705
837,FCAP,Financial Services,Banks - Regional,NASDAQ,123.27,85,77,42,93,64.76,221273418.29804993,3345531.0,0.0148,-8.79,5670,4750,4482,0.183
838,GOOG,Communication Services,Internet Content & Information,NASDAQ,123.26,85,90,85,90,353.32,4460419626255.645,12194935223.0,2.39,-12.65,28499974,22355404,20053738,0.218
839,TALO,Energy,Oil & Gas E&P,NYSE,123.18,85,87,86,69,15.38,2410408741.875139,166925818.0,0.081599995,-9.79,1525836,1800912,1935005,-0.079
840,MUR,Energy,Oil & Gas E&P,NYSE,123.16,85,85,83,75,39.84,5543327841.439087,143349576.0,0.0922,-8.08,1787140,1753956,1851504,0.089
841,ARMK,Industrials,Specialty Business Services,NYSE,123.13,85,75,64,42,53.3,14044349813.11647,262953564.0,0.037100002,-2.33,2661961,3212167,2939850,0.147
842,WSR,Real Estate,REIT - Retail,NYSE,123.09,85,85,81,55,19.05,979569174.1726551,51393977.0,0.0162,-0.16,328686,433415,564051,0.089
843,MEOH,Basic Materials,Chemicals,NASDAQ,123.06,85,91,85,41,58.68,4457728751.426052,77364263.0,0.74,-12.09,630382,801754,1182214,0.086
844,TRVI,Healthcare,Biotechnology,NASDAQ,122.98,85,90,84,95,13.4,1892589496.807808,141979708.0,0.1039,-16.87,925440,1290283,1457286,
845,CGTX,Healthcare,Biotechnology,NASDAQ,122.96,85,88,92,98,1.14,115452435.93592167,89498015.0,0.094,-70.23,1387683,1022787,1126324,
846,WST,Healthcare,Medical Instruments & Supplies,NYSE,122.88,85,79,43,59,330.92,22218668627.5,70647595.0,0.0377,0.01,748305,769628,845957,0.21
847,NOV,Energy,Oil & Gas Equipment & Services,NYSE,122.83,85,83,81,69,21.08,7228013768.151855,358888480.0,0.1447,-2.18,3491950,4039560,4434102,-0.024
848,BEN,Financial Services,Asset Management,NYSE,122.8,85,81,70,62,31.14,16280232245.81483,519637162.0,0.051,-4.1,4497838,4645449,4834941,0.087
849,PENN,Consumer Cyclical,Resorts & Casinos,NASDAQ,122.79,85,55,32,17,21.45,2573807963.061367,133843371.0,0.1727,4.08,4047491,3563740,3937694,0.064
850,OPY,Financial Services,Capital Markets,NYSE,122.67,85,80,80,63,100.07,1042210146.2569427,10708005.0,0.0062,-15.74,107047,81909,82199,0.231
851,SM,Energy,Oil & Gas E&P,NYSE,122.56,85,85,73,10,32.83,7722305439.713509,239748701.0,0.0616,-8.5,3401010,4012623,4431524,0.73
852,LBRX,Healthcare,Biotechnology,NASDAQ,122.53,85,91,90,75,28.39,818144901.2506943,28676652.0,0.16860001,-15.18,191874,162284,226638,
853,INN,Real Estate,REIT - Hotel & Motel,NYSE,122.49,85,64,28,32,6.12,622015522.917202,108365078.0,0.0001,1.32,2351353,1321117,1128942,0.003
854,SXI,Industrials,Specialty Industrial Machinery,NYSE,122.49,85,73,84,78,290.72,3518779242.7872314,12114922.0,0.0871,-2.6,172766,184375,193885,0.081
855,CPRX,Healthcare,Biotechnology,NASDAQ,122.49,85,83,59,69,31.34,3826853675.8615723,122380992.0,0.07,-3.75,1628479,2675973,2347693,0.056
856,FSEA,Financial Services,Banks - Regional,NASDAQ,122.47,85,84,70,66,16.8,78867037.43437576,4691674.0,0.0021,-0.3,18780,63960,41974,0.114
857,HNGE,Healthcare,Health Information Services,NYSE,122.47,85,80,43,65,62.06,4922923724.329105,77380129.0,0.078200005,-6.75,2109385,1892835,1411619,0.472
858,DRH,Real Estate,REIT - Hotel & Motel,NASDAQ,122.45,85,75,74,70,11.64,2374135691.303727,204490591.0,0.093100004,-0.51,1701078,1894509,1812967,0.013
859,URI,Industrials,Rental & Leasing Services,NYSE,122.37,85,68,43,59,1056.35,66892115391.45557,62646557.0,0.0255,-3.2,513461,514870,541194,0.072
860,BSAAU,Financial Services,Shell Companies,NASDAQ,122.34,85,49,54,50,14.0,,,0.26,-12.61,4603,3627,2356,
861,NGS,Energy,Oil & Gas Equipment & Services,NYSE,122.2,85,87,85,81,41.54,502296799.0934944,12598365.0,0.0226,-5.85,100292,103030,95212,0.171
862,PKBK,Financial Services,Banks - Regional,NASDAQ,122.19,85,80,82,80,31.93,369370606.75462914,11842597.0,0.0107,-1.54,66945,85791,96213,0.353
863,OABI,Healthcare,Biotechnology,NASDAQ,122.17,85,67,32,47,2.38,359531998.6851325,144972579.0,0.0373,-14.7,539532,864730,744490,2.473
864,MS,Financial Services,Capital Markets,NYSE,122.15,85,77,63,83,206.66,334273959714.43097,1577284817.0,0.0,-5.7,6414697,5707659,5810823,0.163
865,MCHP,Technology,Semiconductors,NASDAQ,122.14,85,87,55,61,87.91,47887281698.38638,542079281.0,0.0629,-17.0,12293268,11817132,10856455,0.351
866,CIB,Financial Services,Banks - Regional,NYSE,122.07,85,67,87,91,75.87,19035539859.177628,268560110.0,0.0107,-12.1,522636,391145,349595,0.108
867,OSUR,Healthcare,Medical Instruments & Supplies,NASDAQ,122.06,85,64,65,16,4.03,278148151.49363613,68848553.0,0.0469,-6.93,841907,787069,610877,-0.067
868,VYNE,Healthcare,Biotechnology,NASDAQ,122.04,85,81,80,14,0.66,21879475.452347517,33352858.0,0.0037,-66.33,89309,192049,159127,-0.574
869,RLGT,Industrials,Integrated Freight & Logistics,NYSE ARCA,122.02,85,78,63,63,8.88,401347363.32810974,46831666.0,0.0139,1.25,169472,166417,153572,0.001
870,BLTE,Healthcare,Biotechnology,NASDAQ,122.02,85,89,96,97,136.62,5746198039.509979,40085091.0,0.0572,-31.69,300216,190902,173695,
871,PK,Real Estate,REIT - Hotel & Motel,NYSE,121.96,85,52,47,35,13.92,2829133820.156722,201361835.0,0.28260002,-2.21,6151254,5235698,4760286,-0.011
872,NUVL,Healthcare,Biotechnology,NASDAQ,121.89,85,71,72,82,123.35,7184860128.167496,78997915.0,0.104399994,9.14,6888744,2630598,1837944,
873,SMJF,Consumer Cyclical,Textile Manufacturing,NYSE ARCA,121.88,85,15,12,50,5.35,146836505.2843094,27705000.0,0.044499997,-23.57,1077277,667139,764759,0.086
874,CVS,Healthcare,Healthcare Plans,NYSE,121.87,85,82,62,79,98.02,122399706949.89212,1275927307.0,0.0154,-0.42,7804443,8439891,8068412,0.061
875,OPLN,Consumer Cyclical,Auto & Truck Dealerships,NYSE,121.84,85,83,63,81,36.69,3864913898.3817215,105946106.0,0.0184,-5.49,1047714,1047501,858376,0.147
876,XHR,Real Estate,REIT - Hotel & Motel,NYSE,121.81,85,73,64,64,18.46,1696400849.3476105,92245835.0,0.082200006,-0.65,875231,752403,744502,0.022
877,WETO,Technology,Software - Infrastructure,NASDAQ,121.81,85,9,5,3,1.13,86099996.0899353,82000000.0,0.0001,-72.97,86188,160219,118459,-0.45
878,MPC,Energy,Oil & Gas Refining & Marketing,NYSE,121.8,85,84,86,64,263.28,76490320587.2937,291936635.0,0.0235,-3.37,2389286,2389232,2299371,0.088
879,LFVN,Consumer Defensive,Packaged Foods,NASDAQ,121.78,85,15,10,7,9.48,125779748.70878792,12615822.0,0.35990003,-36.8,1254254,594148,431878,-0.252
880,MFG,Financial Services,Banks - Regional,NYSE,121.75,85,76,78,81,9.35,115974463706.16447,12182190980.0,0.00029999999,-9.05,3624824,3402054,3915772,0.167
881,FFIV,Technology,Software - Infrastructure,NASDAQ,121.74,85,78,53,27,390.77,22192511151.805756,56419247.0,0.0342,-5.04,731445,735248,727025,0.11
882,TBBB,Consumer Defensive,Discount Stores,NYSE,121.72,85,67,76,80,40.13,4752584369.742966,120562775.0,0.0729,0.1,1591658,794646,635019,0.334
883,BJRI,Consumer Cyclical,Restaurants,NASDAQ,121.7,85,57,37,75,48.41,904568428.2015686,21016924.0,0.100600004,0.88,401486,380708,352211,0.029
884,MSGM,Communication Services,Electronic Gaming & Multimedia,NASDAQ,121.69,84,92,97,90,4.28,17447549.18347597,4174055.0,0.056500003,-22.99,41147,69739,62091,1.293
885,NVGS,Energy,Oil & Gas Midstream,NYSE,121.69,84,85,74,67,22.54,1344919799.918068,61721879.0,0.04,-7.47,301165,432908,402231,-0.071
886,CHRW,Industrials,Integrated Freight & Logistics,NASDAQ,121.64,84,74,88,88,184.99,21699247870.116028,117873042.0,0.0739,-9.02,1418186,1886455,1857939,-0.008
887,VCTR,Financial Services,Asset Management,NASDAQ,121.63,84,79,66,46,87.86,5471471775.0,62531106.0,0.072399996,-1.3,496424,504708,504204,0.767
888,LPRO,Financial Services,Credit Services,NASDAQ,121.6,84,62,20,12,2.12,249438030.61853456,118217082.0,0.0232,-21.48,1270316,1166252,930023,-0.16
889,PHVS,Healthcare,Biotechnology,NASDAQ,121.52,84,84,84,82,31.51,2172560692.0028,69879726.0,0.0104,-5.46,420437,429632,347975,
890,TNK,Energy,Oil & Gas Midstream,NYSE,121.52,84,86,86,76,72.76,2501286441.8753357,34643858.0,0.0377,-13.37,313585,365268,432851,0.235
891,NE,Energy,Oil & Gas Drilling,NYSE,121.44,84,91,93,47,46.27,7244981292.695221,159545944.0,0.076,-15.84,1069414,1376004,1446922,-0.108
892,LUMN,Communication Services,Telecom Services,NYSE,121.44,84,85,73,90,8.26,9180071476.487007,1030311070.0,0.0655,-30.88,13660889,14497626,14448137,-0.089
893,BG,Consumer Defensive,Farm Products,NYSE,121.43,84,81,90,74,128.21,24535530645.27111,194018115.0,0.0405,-4.94,1943380,1756023,1631274,0.878
894,UNH,Healthcare,Healthcare Plans,NYSE,121.43,84,82,26,28,407.46,362776446174.4547,908144404.0,0.0214,0.82,7748054,7017088,7909690,0.02
895,SBLK,Industrials,Marine Shipping,NASDAQ,121.42,84,85,81,56,26.57,3047024864.2834625,111530926.0,0.0171,-6.77,1233919,1339433,1153523,0.219
896,PLOW,Consumer Cyclical,Auto Parts,NYSE,121.34,84,82,87,77,46.07,1028146015.1482544,23125192.0,0.0319,-11.96,160577,243159,224553,0.198
897,BTX,Financial Services,Asset Management,NYSE,121.31,84,79,49,39,8.67,1022382245.9528675,116710299.0,0.34,-7.62,867898,754236,770069,
898,BLBD,Industrials,Farm & Heavy Construction Machinery,NASDAQ,121.17,84,82,77,66,68.71,2205134331.1777725,31646589.0,0.1201,-15.7,400050,512540,445092,-0.017
899,ROST,Consumer Cyclical,Apparel Retail,NASDAQ,121.08,84,81,87,84,231.92,73898334911.80615,320781076.0,0.0271,-2.31,3888809,3303873,2799145,0.206
900,CBIO,Healthcare,Biotechnology,NASDAQ,121.05,84,87,21,19,17.57,496346850.0,27574825.0,0.2403,-35.9,271113,296924,285108,
901,CHEF,Consumer Defensive,Food Distribution,NASDAQ,121.0,84,78,60,64,85.27,3292385678.3495865,40777629.0,0.137,2.97,352888,462712,456935,0.114
902,MSM,Industrials,Industrial Distribution,NYSE,120.99,84,77,65,51,115.16,6449421382.884956,55834311.0,0.0577,-2.83,772024,701884,681012,0.029
903,ZIM,Industrials,Marine Shipping,NYSE,120.99,84,87,92,82,25.33,3041912076.6952763,120519497.0,0.0271,-15.48,1260937,1400222,1318669,-0.304
904,TBN,Energy,Oil & Gas E&P,NYSE,120.82,84,87,81,70,34.0,1239842564.2026672,34856412.0,0.0378,-34.88,284297,216705,247605,
905,ADM,Consumer Defensive,Farm Products,NYSE,120.74,84,84,83,64,81.28,38999921282.35124,481956527.0,0.0367,-4.79,3614564,4059454,3681506,0.016
906,NXT,Technology,Solar,NASDAQ,120.73,84,90,94,92,111.95,19771613381.683105,150274472.0,0.0698,-31.37,2429165,2480078,2227155,-0.047
907,KYTX,Healthcare,Biotechnology,NASDAQ,120.7,84,97,97,98,7.66,454140220.8846569,60795212.0,0.1024,-43.96,765185,835361,1007945,
908,MAR,Consumer Cyclical,Lodging,NASDAQ,120.69,84,70,77,74,386.23,103500423988.81421,263688623.0,0.0208,-2.63,1549920,1426183,1428852,0.126
909,INGM,Technology,Information Technology Services,NYSE,120.67,84,79,64,61,28.45,6800420523.354586,230444611.0,0.13229999,-10.22,1317066,1649505,1495583,0.137
910,LQDT,Consumer Cyclical,Internet Retail,NASDAQ,120.59,84,78,44,68,37.82,1160877215.8563652,31181231.0,0.0354,-2.6,157818,165999,161609,0.037
911,IFS,Financial Services,Banks - Regional,NYSE,120.53,84,65,78,76,53.51,5233742631.041622,111072639.0,0.0146,0.96,457390,330436,338996,0.248
912,NGNE,Healthcare,Biotechnology,NASDAQ,120.46,84,91,71,58,28.01,418592353.8732319,15801901.0,0.2847,-24.84,152543,150737,155706,
913,MGA,Consumer Cyclical,Auto Parts,NYSE,120.46,84,81,83,82,64.02,17991319512.583923,272224550.0,0.0305,-8.46,1118762,1426894,1469764,0.031
914,NHPBP,Real Estate,REIT - Healthcare Facilities,NASDAQ,120.46,84,79,79,82,22.16,,,0.25,-0.4,12376,12058,14481,-0.002
915,SXC,Basic Materials,Coking Coal,NYSE,120.44,84,38,22,21,9.11,770467031.3662148,84853198.0,0.046,-6.47,1614299,1732643,1498441,0.044
916,HMR,Industrials,Marine Shipping,NASDAQ,120.44,84,14,13,8,1.53,92617438.38425338,58991997.0,0.0019,-26.97,460508,316876,210101,2.144
917,ANIK,Healthcare,Drug Manufacturers - Specialty & Generic,NASDAQ,120.43,84,86,86,22,14.94,192665429.4291687,13305624.0,0.0559,-8.0,73098,94846,104185,0.132
918,DMRC,Technology,Software - Application,NASDAQ,120.39,84,73,12,10,11.41,303158121.79539204,22241975.0,0.286,-34.69,304603,265561,237686,-0.191
919,NEO,Healthcare,Diagnostics & Research,NASDAQ,120.37,84,37,32,80,11.28,1419308352.328148,130211780.0,0.078,-17.9,1599827,1846745,1973997,0.111
920,SOPH,Healthcare,Health Information Services,NASDAQ,120.32,84,72,86,90,5.22,358951830.0,71790366.0,0.0034999999,-8.42,149863,114591,106512,0.22
921,SB,Industrials,Marine Shipping,NYSE,120.29,84,89,88,78,6.58,661872770.0,101826580.0,0.0481,-10.84,693994,598231,527642,0.015
922,PRSU,Consumer Cyclical,Travel Services,NYSE,120.23,84,75,60,52,46.36,1205571624.6188965,27449264.0,0.0696,1.33,245009,227383,221421,0.374
923,VACHU,Financial Services,Shell Companies,NASDAQ,120.21,84,73,85,43,14.5,,,0.48,-27.86,3540,1750,1098,
924,ULCC,Industrials,Airlines,NASDAQ,120.13,84,53,14,52,5.53,1364948663.0486512,229789335.0,0.39880002,-16.97,4255395,5615201,5700827,0.088
925,OKUR,Healthcare,Biotechnology,NASDAQ,120.13,84,86,83,31,4.19,169257063.5114479,40395480.0,0.0055,-22.12,396388,250816,221651,
926,IOVA,Healthcare,Biotechnology,NASDAQ,120.09,84,88,93,21,3.78,1888705143.5963573,446502396.0,0.2556,-32.86,13700047,14970595,14820153,0.448
927,AMAL,Financial Services,Banks - Regional,NASDAQ,120.08,84,77,81,64,43.7,1266972805.0512543,29867347.0,0.0555,-0.7,116826,119815,133507,0.047
928,SPPL,Industrials,Specialty Industrial Machinery,NASDAQ,120.06,84,22,10,59,3.79,36991779.020015,9786185.0,0.0466,-45.86,2266818,1817676,1428035,0.026
929,FNKO,Consumer Cyclical,Leisure,NASDAQ,120.03,84,87,42,10,5.21,284781873.0747223,55839584.0,0.1094,-14.45,652777,813369,724433,0.053
930,RS,Basic Materials,Steel,NYSE,120.03,84,70,54,49,394.29,20134047748.96527,51048522.0,0.0219,-1.77,320966,300845,309695,0.155
931,MIRM,Healthcare,Biotechnology,NASDAQ,119.94,84,88,92,78,94.0,5700525304.6699295,60981227.0,0.17629999,-18.25,669781,1089440,920722,0.433
932,LASE,Industrials,Specialty Industrial Machinery,NASDAQ,119.88,84,10,4,19,2.15,119561611.62184381,38568263.0,0.0535,-68.24,69031628,23846779,15280711,0.902
933,RMT,Financial Services,Asset Management,NYSE,119.87,84,83,79,71,13.55,734794866.2997379,53478521.0,0.0011999999,-5.24,149716,119215,125197,-0.194
934,PEBK,Financial Services,Banks - Regional,NASDAQ,119.86,84,77,79,81,44.13,228744858.24247742,5309769.0,0.014199999,1.75,38832,32960,35616,0.04
935,JXG,Consumer Cyclical,Apparel Manufacturing,NASDAQ,119.86,84,9,3,5,9.5,105523923.75,12059877.0,0.0013,-75.26,7776,7912,5751,1.667
936,SU,Energy,Oil & Gas Integrated,NYSE,119.75,84,88,89,61,62.09,73465967100.91934,1180745189.0,3.65,-11.67,4620723,3734111,3910582,0.175
937,KEN,Utilities,Utilities - Independent Power Producers,NYSE,119.75,84,94,95,94,70.31,3913340535.188896,52108397.0,0.0016,-26.71,28463,28051,27602,0.732
938,CBRL,Consumer Cyclical,Restaurants,NASDAQ,119.73,84,21,22,8,44.49,749653331.8829727,22351023.0,0.4365,-38.15,2047307,1372592,1233277,-0.079
939,CGON,Healthcare,Biotechnology,NASDAQ,119.69,84,95,96,77,54.92,4738236957.229034,88202473.0,0.105900005,-27.26,935013,928101,1026074,19.827
940,HELE,Consumer Defensive,Household & Personal Products,NASDAQ,119.68,84,68,13,12,27.53,566092543.2488441,23257705.0,0.17549999,-18.38,494519,613119,680265,-0.033
941,GEV,Industrials,Specialty Industrial Machinery,NYSE,119.68,84,92,92,90,867.09,250879670595.62195,268719995.0,0.033,-26.64,3150036,2561905,2532975,0.163
942,MLI,Industrials,Metal Fabrication,NYSE,119.66,84,83,77,85,132.44,14683777743.834732,110570613.0,0.0172,-6.41,544790,544343,655456,0.193
943,VMD,Healthcare,Medical Devices,NASDAQ,119.65,84,79,87,46,10.13,382217926.17703056,38336802.0,0.0124,-0.49,204895,246115,250869,0.275
944,PFG,Financial Services,Asset Management,NASDAQ,119.64,83,75,60,70,109.21,22728823308.166992,216012384.0,0.0479,3.46,1187603,1115197,1230228,-0.045
945,GS,Financial Services,Capital Markets,NYSE,119.64,83,76,70,85,1001.29,306418323889.40515,295007421.0,0.0232,-8.84,2451133,2137934,2086932,0.145
946,TECK,Basic Materials,Other Industrial Metals & Mining,NYSE,119.63,83,88,77,60,59.91,30211780213.956757,489894294.0,2.77,-15.92,3235598,3174596,3147753,0.722
947,FISI,Financial Services,Banks - Regional,NASDAQ,119.61,83,73,68,79,37.83,730561202.7156067,19686370.0,0.0297,0.88,128924,100358,105946,0.113
948,TWO,Real Estate,REIT - Mortgage,NYSE,119.61,83,79,33,38,12.33,1296271765.2487984,105046333.0,0.0458,-12.99,1318613,2242444,2271394,15.691
949,NRC,Healthcare,Health Information Services,NASDAQ,119.6,83,83,64,71,21.28,431352347.6846924,22536696.0,0.1617,-6.63,202434,146068,114146,0.037
950,ADAG,Healthcare,Biotechnology,NASDAQ,119.53,83,92,97,36,3.32,219361007.6691785,66072594.0,0.0145000005,-30.11,188818,143562,234039,73.328
951,BKD,Healthcare,Medical Care Facilities,NYSE,119.53,83,80,94,91,13.1,2947023102.9408455,238818725.0,0.16370001,-23.35,4755828,3935029,3626041,-0.067
952,PLRZ,Healthcare,Biotechnology,NASDAQ,119.5,83,89,88,78,11.06,24315305.091567993,1871848.0,0.020499999,-39.23,31147,36025,46291,
953,H,Consumer Cyclical,Lodging,NYSE,119.48,83,62,47,74,190.63,18178839424.473267,94161606.0,0.3549,-2.26,1032207,929509,856727,-0.035
954,FRST,Financial Services,Banks - Regional,NASDAQ,119.42,83,76,73,79,15.23,371581080.0,24772072.0,0.0138,0.33,274992,215824,247700,-0.227
955,BMA,Financial Services,Banks - Regional,NYSE,119.4,83,26,40,89,87.65,5430981364.301147,63939030.0,0.0269,-17.43,295572,311900,303322,-0.033
956,SKK,Industrials,Engineering & Construction,NASDAQ,119.34,83,72,12,7,4.68,9819203.350458145,2448679.0,0.045700002,-73.93,46017,1529212,979363,-0.046
957,HAFN,Industrials,Marine Shipping,NYSE,119.32,83,90,86,58,7.36,3638408005.258291,499781305.0,0.040999997,-22.81,2313437,1742009,1767931,0.225
958,FCFS,Financial Services,Credit Services,NASDAQ,119.27,83,87,85,82,211.73,9882542824.303162,43836687.0,0.0379,-10.27,430468,366156,374913,0.257
959,SPB,Consumer Defensive,Household & Personal Products,NYSE,119.25,83,79,82,42,81.2,1891495072.6833801,23194298.0,0.16620001,-6.62,317565,391425,342953,0.049
960,ALRS,Financial Services,Banks - Regional,NASDAQ,119.24,83,74,69,67,29.68,727474320.8716354,25128646.0,0.0321,1.19,196951,183237,167468,0.187
961,GOLD,Financial Services,Capital Markets,NYSE,119.18,83,82,93,80,40.76,1149153266.8999863,29004374.0,0.1378,-38.89,452798,549992,551921,2.44
962,EGY,Energy,Oil & Gas E&P,NYSE,119.16,83,88,90,22,5.56,566094290.5778103,107012154.0,0.045700002,-17.26,1019976,1226548,1399235,-0.433
963,DAC,Industrials,Marine Shipping,NYSE,119.12,83,84,80,64,128.6,2351349161.748352,18203524.0,0.067,-4.89,83139,100129,85755,0.002
964,XRX,Industrials,Business Equipment & Supplies,NASDAQ,119.11,83,36,6,9,3.24,434188299.7895191,130779611.0,0.258,-52.35,6642112,9875297,7137828,0.267
965,ESCA,Consumer Cyclical,Leisure,NASDAQ,119.1,83,81,83,38,18.56,247110174.93379593,13805038.0,0.0188,-12.95,25653,39534,37818,0.006
966,BSAA,Financial Services,Shell Companies,NASDAQ,119.08,83,49,51,46,13.46,83392368.38722229,7399500.0,0.0023,0.67,24129,22403,14567,
967,IVZ,Financial Services,Asset Management,NYSE,119.07,83,81,77,89,27.46,12124162972.254244,443296629.0,0.0585,-7.26,5875422,4962430,5632572,0.141
968,SCCO,Basic Materials,Copper,NYSE,119.04,83,87,92,88,167.76,144313315790.73398,834325691.0,0.121800005,-24.32,1399643,1337192,1383802,0.362
969,VLY,Financial Services,Banks - Regional,NASDAQ,119.0,83,75,77,79,14.16,7635931618.870932,554131478.0,0.0929,0.28,6118065,5509258,6109367,0.238
970,MCRI,Consumer Cyclical,Resorts & Casinos,NASDAQ,118.97,83,77,62,65,127.22,2177865559.032776,17749516.0,0.019299999,2.45,164557,136225,147515,0.089
971,VGZ,Basic Materials,Gold,NYSE ARCA,118.9,83,88,90,96,2.11,316757831.9567299,145971346.0,0.0070999996,-32.59,1781484,1347164,1289166,
972,VMI,Industrials,Conglomerates,NYSE,118.9,83,79,69,76,512.25,10363006666.816956,19413651.0,0.0223,-6.68,224353,207947,223418,0.062
973,UVSP,Financial Services,Banks - Regional,NASDAQ,118.86,83,74,63,72,41.79,1129704178.6421356,27845802.0,0.019,2.15,185825,180095,197869,0.121
974,ECVT,Basic Materials,Specialty Chemicals,NYSE,118.8,83,89,88,70,12.75,1406477311.1531906,109453484.0,0.023699999,-15.48,1699783,1840307,1956472,0.502
975,NHPAP,Real Estate,REIT - Healthcare Facilities,NASDAQ,118.66,83,80,78,83,22.41,,,0.71,-0.13,17682,17790,14656,-0.002
976,OKTA,Technology,Software - Infrastructure,NASDAQ,118.66,83,25,25,36,114.92,20634410584.967194,173807365.0,0.0558,-19.27,6885090,4216203,4171710,0.112
977,YETI,Consumer Cyclical,Leisure,NYSE,118.64,83,53,53,78,48.27,3588671679.591381,75758323.0,0.142,-5.89,1489529,1652583,1557165,0.083
978,FSBC,Financial Services,Banks - Regional,NASDAQ,118.59,83,74,74,79,44.06,919602111.8452263,21376153.0,0.0229,1.29,120147,100615,98357,0.269
979,MD,Healthcare,Medical Care Facilities,NYSE,118.44,83,80,72,89,23.56,1856776457.8332367,82121911.0,0.059899997,-5.72,703470,881916,771332,0.039
980,LEA,Consumer Cyclical,Auto Parts,NYSE,118.39,83,76,73,75,140.44,7088456508.5,50095099.0,0.0538,-6.58,698446,653462,592069,0.047
981,MCS,Communication Services,Entertainment,NYSE,118.38,83,62,42,30,21.11,625321588.2719288,30728333.0,0.0256,1.73,177244,152354,149188,0.037
982,AVBP,Healthcare,Biotechnology,NASDAQ,118.32,83,87,67,64,30.49,1413549082.566925,46574928.0,0.16690001,-9.3,713776,489678,506197,
983,UNCY,Healthcare,Biotechnology,NASDAQ,118.25,83,89,80,64,7.69,184764188.8770504,26700027.0,0.077800006,-30.09,851768,728296,662113,
984,NUTX,Healthcare,Medical Care Facilities,NASDAQ,118.23,83,77,34,98,133.61,912396712.8097839,6881339.0,0.21049999,-30.8,146762,156700,166344,0.022
985,GLXY,Financial Services,Capital Markets,NASDAQ,118.23,83,81,39,39,30.15,4814104313.342667,191491823.0,0.1409,-34.34,8938418,6202236,6038135,-0.206
986,MWYN,Consumer Cyclical,"Furnishings, Fixtures & Appliances",NASDAQ,118.17,83,16,9,6,1.3,16963634.830370188,20194804.0,0.0119,-52.9,246577,184375,1450395,1.219
987,NEOG,Healthcare,Medical Devices,NASDAQ,118.14,83,72,87,57,9.17,1937289981.8643246,217673041.0,0.0659,-19.77,2434788,2487132,2637391,-0.044
988,RY,Financial Services,Banks - Diversified,NYSE,118.14,83,77,75,82,197.61,269657524587.81372,1389700752.0,3.18,1.06,1535068,1186472,1486709,0.161
989,SHBI,Financial Services,Banks - Regional,NASDAQ,118.09,83,69,69,75,22.13,702239984.0325451,33455931.0,0.0219,4.53,203281,183217,215912,0.148
990,MGM,Consumer Cyclical,Resorts & Casinos,NYSE,118.07,83,55,57,59,46.91,12155491745.412197,255851235.0,0.2049,-9.07,7257898,5913976,5110505,0.042
991,TTE,Energy,Oil & Gas Integrated,NYSE,118.05,83,85,85,63,88.41,197041938423.528,2221191979.0,0.0019,-6.12,1283953,1279107,1620370,0.034
992,IMNM,Healthcare,Biotechnology,NASDAQ,118.02,83,91,94,97,18.16,2104192311.8796806,113250394.0,0.1821,-34.32,1284913,1116711,1120042,
993,PARK,Healthcare,Medical Care Facilities,NASDAQ,118.0,83,87,90,84,17.86,85605419.7063446,4515054.0,0.0055,-21.04,31912,24417,23228,0.062
994,BKR,Energy,Oil & Gas Equipment & Services,NASDAQ,117.92,83,83,81,55,63.02,62093579896.607666,992068697.0,0.025799999,-10.5,7287296,7505525,7982951,0.025
995,HYFT,Healthcare,Biotechnology,NASDAQ,117.92,83,72,86,97,1.61,78475932.42986512,46711866.0,0.014199999,-50.4,493775,456738,350061,0.524
996,LFST,Healthcare,Medical Care Facilities,NASDAQ,117.88,83,81,60,75,7.86,2829393082.8566895,381834432.0,0.0466,-11.59,2084301,5837867,4309918,0.212
997,AMCX,Communication Services,Entertainment,NASDAQ,117.83,83,68,30,81,10.2,430491585.97854614,43927712.0,0.1996,-4.23,582868,575616,474963,-0.024
998,DCOM,Financial Services,Banks - Regional,NYSE,117.83,83,76,69,60,39.23,1666607636.1305237,44113491.0,0.1014,2.43,251478,278239,290007,0.181
999,WS,Basic Materials,Steel,NYSE,117.76,83,65,63,72,41.08,2109479177.0172958,50806338.0,0.057600003,-16.45,214240,231120,241662,0.12
1000,CAMP,Healthcare,Biotechnology,NASDAQ,117.66,83,91,93,98,4.34,213415044.93284225,51925800.0,0.0092,-44.0,81303,79574,77670,0.508
1001,SHMD,Industrials,Specialty Industrial Machinery,NASDAQ,117.66,83,79,96,93,5.0,291894374.2246399,57800864.0,0.0793,-53.05,1100004,1161904,1059088,-0.375
1002,UNF,Industrials,Specialty Business Services,NYSE,117.52,83,82,90,36,272.6,4881207880.425873,18083905.0,0.0587,-3.94,197195,207928,212579,0.034
1003,EGBN,Financial Services,Banks - Regional,NASDAQ,117.49,82,77,78,45,27.94,831615462.2797852,30495616.0,0.102,-4.51,212895,227075,264359,0.353
1004,GIII,Consumer Cyclical,Apparel Manufacturing,NASDAQ,117.44,82,57,41,74,34.07,1422200826.1445541,42189287.0,0.2291,-4.94,786290,549823,496896,-0.082
1005,CM,Financial Services,Banks - Diversified,NYSE,117.43,82,84,84,86,110.14,99349222015.3841,912800674.0,7.2,-5.9,1270426,1032762,1255785,0.153
1006,MDV,Real Estate,REIT - Industrial,NYSE,117.43,82,77,56,49,18.43,188406977.5,10323670.0,0.0095,-1.31,55926,101608,81479,-0.011
1007,NTRS,Financial Services,Asset Management,NASDAQ,117.41,82,79,73,79,166.13,31545006297.147766,185047258.0,0.016,-4.34,1223724,1083361,1101668,0.139
1008,UTI,Consumer Defensive,Education & Training Services,NYSE,117.4,82,81,85,30,39.75,2399024353.3666,55061381.0,0.066300005,-13.1,1467489,1410729,1050513,0.067
1009,CSX,Industrials,Railroads,NASDAQ,117.4,82,77,76,71,46.41,87313947962.26437,1858138856.0,0.0182,-1.78,13383952,12295077,12576020,0.017
1010,SGC,Consumer Cyclical,Apparel Manufacturing,NASDAQ,117.38,82,67,48,27,13.35,200414811.6491928,15632981.0,0.0433,-3.12,40154,39704,35500,0.028
1011,KTCC,Technology,Computer Hardware,NASDAQ,117.37,82,65,44,16,3.75,40505077.30712414,10859270.0,0.0034,-10.71,41729,22429,18221,-0.2
1012,BMO,Financial Services,Banks - Diversified,NYSE,117.35,82,77,77,76,164.39,115127476245.02698,700416619.0,4.84,-0.92,625534,776001,766744,0.158
1013,PLGO,Financial Services,Insurance - Diversified,NYSE,117.32,82,65,68,68,23.34,1864684224.5098057,85496757.0,0.0249,-2.99,428787,468305,454293,-0.073
1014,CYTK,Healthcare,Biotechnology,NASDAQ,117.26,82,89,81,88,67.07,9704882443.412865,135770593.0,0.1875,-16.37,1772520,3045296,2459284,11.258
1015,ANNX,Healthcare,Biotechnology,NASDAQ,117.25,82,93,94,93,4.72,866727019.7699032,163842538.0,0.1584,-34.26,2878141,2439487,2450028,
1016,BNY,Financial Services,Banks - Diversified,NYSE,117.25,82,78,74,80,139.75,97733511798.61748,686379045.0,0.0,-3.61,3646222,3592230,3738392,0.134
1017,WT,Financial Services,Asset Management,NYSE,117.24,82,86,86,54,16.77,2780472280.7339706,152941267.0,0.19129999,-15.52,2969485,2920875,3166857,0.475
1018,OBT,Financial Services,Banks - Regional,NASDAQ,117.22,82,71,79,69,35.82,467667705.8411865,13407904.0,0.0062,-5.71,54845,47995,62049,0.17
1019,FRAF,Financial Services,Banks - Regional,NASDAQ,117.21,82,78,73,88,59.67,263875767.30325317,4493032.0,0.0128999995,-0.55,21311,26780,33592,0.22
1020,TDC,Technology,Software - Infrastructure,NYSE,117.13,82,68,63,79,33.07,3171170071.7926025,94100000.0,0.233,-20.85,2354677,2551352,2167577,0.062
1021,VOYA,Financial Services,Financial Conglomerates,NYSE,117.12,82,67,41,61,89.14,7859863068.703308,90666315.0,0.00029999999,2.26,1213743,1259947,1282326,0.031
1022,SOBO,Energy,Oil & Gas Midstream,NYSE,117.09,82,82,81,60,37.69,7688429478.529953,208584627.0,7.23,-1.82,965682,854697,951084,-0.014
1023,HXL,Industrials,Aerospace & Defense,NYSE,117.08,82,82,84,78,91.57,6725088001.662598,75427184.0,0.0572,-6.81,828898,898299,1053207,0.099
1024,NVCT,Healthcare,Biotechnology,NASDAQ,117.08,82,85,75,74,10.31,253053583.80813122,26525533.0,0.0915,-22.71,72401,105940,83298,
1025,EGG,Industrials,Consulting Services,NYSE ARCA,117.05,82,79,78,11,6.8,155933117.3444748,27845200.0,0.002,-51.01,180445,92278,83797,-0.403
1026,BPOP,Financial Services,Banks - Regional,NASDAQ,117.03,82,74,77,72,156.15,9878787589.318298,64537709.0,0.0296,1.4,501122,467284,493008,0.096
1027,BZFD,Communication Services,Internet Content & Information,NASDAQ,117.02,82,76,7,6,1.37,110622952.51610231,79016396.0,0.1144,-48.88,1059239,6787266,4146739,-0.124
1028,CRUS,Technology,Semiconductors,NASDAQ,117.01,82,83,78,65,157.87,8294426531.261047,50452718.0,0.0618,-12.5,559311,631120,634886,0.057
1029,DAL,Industrials,Airlines,NYSE,116.99,82,70,65,84,76.47,52178489279.807434,656994340.0,0.039100002,-8.78,6265801,7217250,8701780,0.129
1030,HYPR,Healthcare,Medical Devices,NASDAQ,116.96,82,92,79,36,1.4,136993063.20664215,99270336.0,0.0191,-36.94,491842,730494,589388,0.826
1031,ADAM,Real Estate,REIT - Mortgage,NASDAQ,116.94,82,81,76,69,8.99,806952708.7048492,89861108.0,0.0349,-3.54,541775,794311,725931,0.107
1032,KOP,Basic Materials,Specialty Chemicals,NYSE,116.86,82,85,83,35,41.68,784850845.4708939,19231826.0,0.057600003,-10.17,170358,188722,174061,-0.003
1033,BEAM,Healthcare,Biotechnology,NASDAQ,116.85,82,87,70,73,29.49,3024648852.3546944,102879214.0,0.3993,-19.07,1932917,1972669,2066635,3.249
1034,TMP,Financial Services,Banks - Regional,NYSE ARCA,116.84,82,72,69,69,90.23,1257212925.481903,14382941.0,0.018,2.32,67348,59132,61939,0.076
1035,BSRR,Financial Services,Banks - Regional,NASDAQ,116.82,82,73,68,73,40.18,511265304.5557251,13079184.0,0.0273,1.26,53935,57681,51881,0.112
1036,TACT,Technology,Computer Hardware,NASDAQ,116.78,82,28,28,41,5.02,49326141.16004467,10276279.0,0.0037,-11.93,87518,101486,68517,0.104
1037,CCSI,Technology,Software - Infrastructure,NASDAQ,116.73,82,69,79,31,34.23,616331325.0,18397950.0,0.0678,-8.23,173296,177588,147037,0.015
1038,ANGH,Communication Services,Entertainment,NASDAQ,116.66,82,65,31,8,4.27,31726828.0,9064808.0,0.0099,-39.43,8702,7857,5730,0.053
1039,RRBI,Financial Services,Banks - Regional,NASDAQ,116.63,82,79,87,78,93.09,600787648.9735718,6584696.0,0.020399999,-5.83,94479,81439,72809,0.094
1040,HG,Financial Services,Insurance - Reinsurance,NYSE,116.58,82,79,84,82,31.63,3026315386.7921047,99255999.0,0.020299999,-6.18,480321,492563,459108,-0.022
1041,AUGO,Basic Materials,Gold,NASDAQ,116.53,82,96,97,93,53.3,5043400127.410889,83500000.0,0.0917,-51.69,1236108,881279,919317,1.365
1042,RYZ,Industrials,Metal Fabrication,NYSE,116.51,82,46,35,65,28.64,1408778836.8060226,51888724.0,0.0366,-7.31,432405,427635,372501,0.379
1043,AAT,Real Estate,REIT - Diversified,NYSE,116.48,82,69,47,30,24.5,1452509536.3924866,61390936.0,0.0686,1.62,506706,403655,377065,0.018
1044,HFBL,Financial Services,Banks - Regional,NASDAQ,116.47,82,79,78,81,20.0,59550835.5,3053889.0,0.002,-1.48,1490,2113,1938,0.106
1045,PW,Real Estate,REIT - Specialty,NYSE ARCA,116.45,82,12,29,26,12.92,3260975.802025795,367227.0,0.0128999995,-34.08,43939,19842,13593,-0.011
1046,MNST,Consumer Defensive,Beverages - Non-Alcoholic,NASDAQ,116.4,82,75,75,80,91.21,87580629235.14389,978008110.0,0.0286,0.85,6199017,5729909,5285139,0.269
1047,SMFG,Financial Services,Banks - Diversified,NYSE,116.38,82,75,73,78,22.99,147143229339.27808,6353334642.0,0.0017,-5.55,1844534,2065601,2106142,
1048,FGNXP,Financial Services,Asset Management,NASDAQ,116.37,82,80,87,80,24.9,,,4.14,-4.23,5722,2274,2340,-0.025
1049,BLX,Financial Services,Banks - Regional,NYSE,116.34,82,71,71,64,58.24,2092709957.5947266,37230208.0,0.0089,0.78,181259,163703,149927,0.077
1050,SDRL,Energy,Oil & Gas Drilling,NYSE,116.2,82,89,89,39,44.81,2775104011.829788,62530508.0,0.0715,-19.22,648987,653342,662591,0.088
1051,CHRD,Energy,Oil & Gas E&P,NASDAQ,116.17,82,87,82,26,138.25,7588566498.584763,56299183.0,0.0705,-9.02,650775,727451,802893,0.385
1052,UTHR,Healthcare,Drug Manufacturers - Specialty & Generic,NASDAQ,116.09,82,88,88,88,544.1,23340184867.45056,42446733.0,0.0635,-10.71,487230,461676,491596,-0.016
1053,SEB,Industrials,Conglomerates,NYSE ARCA,116.09,82,75,89,88,5173.35,5203796108.034668,957795.0,0.1024,-13.62,12604,9654,10300,0.036
1054,CAKE,Consumer Cyclical,Restaurants,NASDAQ,116.07,82,62,74,33,70.62,3285692918.725075,49685363.0,0.3434,1.32,1130475,1218618,1149845,0.056
1055,TBRG,Healthcare,Health Information Services,NASDAQ,116.04,82,79,23,48,26.07,390727481.3565674,14999136.0,0.060700003,-1.66,269959,259913,345133,-0.011
1056,CYPH,Financial Services,Asset Management,NASDAQ,116.04,82,96,85,98,0.66,55255065.49803913,106464482.0,0.0704,-82.16,10673981,6924593,5109720,
1057,NPKI,Industrials,Building Products & Equipment,NYSE,116.02,82,81,89,90,14.6,1205903651.5302086,84447036.0,0.016900001,-11.52,934783,886254,816852,0.159
1058,ZURA,Healthcare,Biotechnology,NASDAQ,116.02,82,94,99,98,3.55,322594423.0485296,94880710.0,0.088199995,-52.28,1141456,844195,759023,
1059,RBC,Industrials,Tools & Accessories,NYSE,115.99,82,83,87,80,576.74,18667709841.892395,31635359.0,0.0117999995,-8.74,291382,265547,231516,0.183
1060,GORO,Basic Materials,Other Precious Metals & Mining,NYSE ARCA,115.99,82,92,95,96,1.18,189411030.97244453,161889776.0,0.0115,-36.9,1725158,1749166,1770375,-0.282
1061,RES,Energy,Oil & Gas Equipment & Services,NYSE,115.99,82,83,82,63,7.15,1509354324.6677756,221637935.0,0.29299998,-12.38,1376351,1639613,1959740,0.366
1062,BCAX,Healthcare,Biotechnology,NASDAQ,115.98,81,91,88,90,20.21,1314077320.0,65703866.0,0.2094,-16.66,541806,521278,537355,
1063,TII,Basic Materials,Other Industrial Metals & Mining,NYSE ARCA,115.98,81,90,99,99,1.87,204439248.82121277,98288104.0,1.49,-66.9,244473,286481,243728,0.224
1064,ULS,Industrials,Specialty Business Services,NYSE,115.96,81,81,81,82,97.38,19513324671.05255,201563115.0,0.0356,-9.45,655177,704642,686723,0.075
1065,WKC,Energy,Oil & Gas Refining & Marketing,NYSE,115.94,81,55,32,26,31.45,1531933099.41189,51355451.0,0.1792,4.76,710794,775538,809572,0.025
1066,LYTS,Technology,Electronic Components,NASDAQ,115.92,81,76,57,38,24.63,827864682.1906586,36712404.0,0.0405,-1.44,623890,525196,473982,0.136
1067,OVBC,Financial Services,Banks - Regional,NASDAQ,115.9,81,74,76,84,49.06,226834753.48841858,4711002.0,0.0091,-3.2,47334,31701,24520,0.011
1068,CW,Industrials,Aerospace & Defense,NYSE,115.89,81,84,90,82,719.02,27083045516.090332,36941164.0,0.019299999,-5.48,315657,274029,267847,0.134
1069,NTWK,Technology,Software - Application,NASDAQ,115.88,81,81,75,33,4.42,51306110.51872158,11876414.0,0.0011999999,-23.13,28373,46057,33658,0.13
1070,HUHU,Industrials,Specialty Industrial Machinery,NASDAQ,115.86,81,87,34,94,8.79,214918121.63884068,25893749.0,0.00059999997,-27.95,97709,72606,61599,0.249
1071,PBR,Energy,Oil & Gas Integrated,NYSE,115.85,81,89,91,33,18.11,114387503262.75,6444366381.0,2.39,-18.57,14222963,16670221,20914118,0.004
1072,DHT,Energy,Oil & Gas Midstream,NYSE,115.83,81,86,90,67,16.6,2681343194.617491,161041637.0,0.057800002,-19.22,2536349,2802556,3136745,0.781
1073,WHD,Energy,Oil & Gas Equipment & Services,NYSE,115.8,81,75,55,36,58.08,3930471432.4531174,69418430.0,0.059699997,-9.67,661651,719643,788202,0.385
1074,OBK,Financial Services,Banks - Regional,NYSE,115.76,81,75,70,65,49.11,1485250752.0203133,30904093.0,0.0182,0.9,117502,139134,169892,0.093
1075,QCOM,Technology,Semiconductors,NASDAQ,115.76,81,85,24,66,191.2,227600762573.2422,1054000000.0,0.053600002,-26.44,21280104,28158424,22004808,-0.035
1076,HOVR,Industrials,Aerospace & Defense,NASDAQ,115.74,81,94,91,92,2.07,139584225.73098278,61762932.0,0.060900003,-50.48,2938660,3513966,2449914,
1077,CDZIP,Utilities,Utilities - Regulated Water,NASDAQ,115.7,81,71,66,72,22.52,,,1.2,-1.57,9143,5987,6186,-0.448
1078,TOON,Communication Services,Entertainment,NYSE ARCA,115.68,81,39,20,59,0.87,43410621.5634774,59142534.0,0.0156,-3.33,3547214,1407411,956764,-0.238
1079,CHGG,Consumer Defensive,Education & Training Services,NYSE,115.68,81,77,11,13,1.1,130991835.65524793,111958838.0,0.0622,-42.11,1685530,2585870,2176252,-0.479
1080,SIMAU,Financial Services,Shell Companies,NASDAQ,115.62,81,49,53,56,13.8,,,0.0,-23.29,3660,1763,1058,
1081,BALY,Consumer Cyclical,Resorts & Casinos,NYSE,115.59,81,28,48,87,15.35,661298231.6534901,48948795.0,0.0798,-25.99,43523,45097,49176,0.283
1082,CGAU,Basic Materials,Gold,NYSE,115.57,81,93,96,95,14.74,3032546580.7596016,198595055.0,3.3,-30.37,1451046,1534958,1563183,0.618
1083,EHLD,Industrials,Marine Shipping,NASDAQ,115.56,81,82,38,36,8.68,24645381.25,2816615.0,0.0045,-29.66,5096,12248,8323,1.66
1084,RAMP,Technology,Software - Infrastructure,NYSE,115.56,81,63,41,57,37.67,2248487835.6958313,60087866.0,0.09729999,-0.63,2322723,2211711,1550172,0.092
1085,ENPH,Technology,Solar,NASDAQ,115.56,81,32,75,14,50.57,7389926155.178375,131798220.0,0.2743,-31.42,7722082,9381527,8224502,-0.206
1086,WWD,Industrials,Aerospace & Defense,NASDAQ,115.51,81,80,91,87,367.27,21315172112.276123,59582861.0,0.026099999,-9.76,792741,787033,762930,0.234
1087,CNOB,Financial Services,Banks - Regional,NASDAQ,115.47,81,71,60,70,31.95,1541845218.3665848,50288494.0,0.0366,3.33,359677,321285,342291,0.655
1088,UVE,Financial Services,Insurance - Property & Casualty,NYSE,115.47,81,83,82,87,37.85,1042201150.3788986,27911118.0,0.0216,-9.8,175743,190094,200514,-0.003
1089,CRNT,Technology,Communication Equipment,NASDAQ,115.45,81,67,58,16,2.82,259955958.16487193,90893695.0,0.0018000001,-14.29,1076832,766680,636480,-0.041
1090,ACDC,Energy,Oil & Gas Equipment & Services,NASDAQ,115.44,81,81,83,14,7.39,1253780787.2328944,180920753.0,0.0481,-30.93,1554825,1447205,1357569,-0.251
1091,TZOO,Communication Services,Internet Content & Information,NASDAQ,115.44,81,74,16,10,10.04,102591491.11432266,10279709.0,0.0753,-28.9,83552,107594,226876,0.049
1092,SFST,Financial Services,Banks - Regional,NASDAQ,115.42,81,73,79,86,60.52,557571091.5919495,9455165.0,0.014099999,-2.39,113636,115945,140403,0.262
1093,GCBC,Financial Services,Banks - Regional,NASDAQ,115.41,81,51,37,49,28.86,470243909.98835564,17025485.0,0.0075,3.07,22504,14264,12938,0.234
1094,MCHPP,Technology,Semiconductors,NASDAQ,115.4,81,84,48,65,74.26,,,0.49,-15.61,404850,224176,196302,0.351
1095,IHG,Consumer Cyclical,Lodging,NYSE,115.37,81,69,62,77,161.47,24065426159.849182,148414598.0,0.004,-1.37,269955,224235,233415,0.027
1096,ELV,Healthcare,Healthcare Plans,NYSE,115.37,81,75,26,42,404.56,90237483496.3092,217162380.0,0.031400003,-2.88,1813330,1684446,1719206,0.026
1097,PTHS,Healthcare,Biotechnology,NYSE ARCA,115.37,81,86,81,92,27.42,88802727.0982933,3475645.0,0.018099999,-49.49,8633,19241,18586,
1098,NOVT,Technology,Scientific & Technical Instruments,NASDAQ,115.33,81,78,42,34,154.58,5565777047.726715,35611858.0,0.1397,-10.05,567901,532137,448398,0.104
1099,NOVTU,Technology,Scientific & Technical Instruments,NASDAQ,115.32,81,80,63,72,64.92,,,0.57,-13.52,118784,118648,89506,0.104
1100,WBI,Energy,Oil & Gas Equipment & Services,NYSE,115.3,81,75,65,26,30.25,1384152802.0692844,47016059.0,0.0947,-5.17,562636,655622,679471,1.053
1101,AROW,Financial Services,Banks - Regional,NASDAQ,115.26,81,73,73,77,38.07,619177036.6072311,16529019.0,0.0135,-0.05,60736,68398,80823,0.294
1102,TRX,Basic Materials,Gold,NYSE ARCA,115.21,81,96,99,97,0.86,312655542.4516039,325682864.0,0.0046,-69.29,2665512,2889154,3453272,2.741
1103,SILA,Real Estate,REIT - Healthcare Facilities,NYSE,115.21,81,78,62,36,30.29,1671043214.5,55241098.0,0.0114,-1.11,543799,653116,850279,0.091
1104,EXEL,Healthcare,Biotechnology,NASDAQ,115.21,81,76,56,62,52.58,13246413065.86871,251355083.0,0.16379999,-0.76,2622169,2756233,2581717,0.1
1105,SWBI,Industrials,Aerospace & Defense,NASDAQ,115.14,81,88,87,63,14.28,659397302.1415863,44493746.0,0.0336,-9.56,667483,511724,528656,0.171
1106,KRNY,Financial Services,Banks - Regional,NASDAQ,115.13,81,73,65,76,8.64,522972167.79768276,62932869.0,0.016900001,1.65,344703,318447,306846,0.175
1107,IMPP,Energy,Oil & Gas Midstream,NASDAQ,115.09,81,86,83,72,5.28,224711870.77379704,45213658.0,0.1035,-19.63,458090,626050,590448,0.923
1108,AROC,Energy,Oil & Gas Equipment & Services,NYSE,115.07,81,84,88,48,35.69,5993946716.913986,175261596.0,0.0542,-11.04,1732857,1774415,1620463,0.077
1109,APLM,Healthcare,Biotechnology,NASDAQ,115.05,81,89,96,93,13.79,30744728.0,2196052.0,0.0029,-67.26,11249,8509,8947,
1110,PII,Consumer Cyclical,Recreational Vehicles,NYSE,115.04,81,73,50,87,66.51,3757900053.1377563,56886167.0,0.1337,-11.61,731951,844453,1324606,0.075
1111,TRNS,Industrials,Specialty Business Services,NASDAQ,115.03,81,47,70,17,88.04,818774368.5539856,9333953.0,0.066700004,-7.09,202384,172661,153122,0.158
1112,SFL,Industrials,Marine Shipping,NYSE,115.02,81,86,82,29,11.14,1457600917.713272,132992784.0,0.0301,-13.91,1204455,1371178,1287247,-0.067
1113,OVV,Energy,Oil & Gas E&P,NYSE,115.0,81,85,86,31,57.94,15933754891.100178,281018601.0,0.045,-8.7,2666924,3676901,3576706,0.085
1114,BWFG,Financial Services,Banks - Regional,NASDAQ,114.97,81,74,77,86,55.75,427920556.0006714,7973180.0,0.0324,3.28,51006,40888,45389,0.353
1115,HLX,Energy,Oil & Gas Equipment & Services,NYSE,114.96,81,83,82,27,9.63,1361813776.546835,147382447.0,0.0685,-10.42,1175733,1583714,1753220,0.036
1116,FLOC,Energy,Oil & Gas Equipment & Services,NYSE,114.93,81,84,79,33,23.98,969484087.9237213,41824162.0,0.0582,-15.15,732629,704409,721049,0.089
1117,CLF,Basic Materials,Steel,NYSE,114.88,81,57,27,84,12.41,7717710156.892854,570414657.0,0.1391,-25.69,21299708,17453972,17640327,0.063
1118,PSX,Energy,Oil & Gas Refining & Marketing,NYSE,114.86,81,80,85,58,181.72,73403184195.73395,400935020.0,0.0247,-4.66,1975512,2349857,2603318,0.069
1119,LLY,Healthcare,Drug Manufacturers - General,NYSE,114.86,81,71,71,85,1136.37,1008934100764.3748,891741406.0,0.0095,-2.57,3614317,3514299,3278169,0.555
1120,TROX,Basic Materials,Chemicals,NYSE,114.85,81,92,83,16,7.15,1170906874.301445,159524094.0,0.1531,-32.48,2446668,3111136,2979995,0.03
1121,ALXO,Healthcare,Biotechnology,NASDAQ,114.84,80,96,97,92,1.46,207226887.04683208,134562917.0,0.0114,-45.11,999880,959363,1073090,
1122,MASS,Healthcare,Medical Devices,NASDAQ,114.83,80,74,63,84,8.01,299862008.03886175,37813621.0,0.18879999,-14.24,305812,291017,271116,0.136
1123,BAP,Financial Services,Banks - Regional,NYSE,114.78,80,76,87,83,351.66,25622082232.5,79448317.0,0.023699999,-7.51,833567,536442,496739,0.256
1124,CLBK,Financial Services,Banks - Regional,NASDAQ,114.77,80,72,69,64,20.77,2109042244.2591515,104047469.0,0.0987,0.39,350564,391148,324476,0.185
1125,VLN,Technology,Semiconductors,NYSE,114.77,80,87,21,16,2.1,223074280.3392775,105722413.0,0.0001,-43.4,4605639,5278113,3451941,0.002
1126,RHP,Real Estate,REIT - Hotel & Motel,NYSE,114.7,80,65,42,44,118.67,7511896569.122314,63109272.0,0.0387,-0.87,493045,640698,590317,0.132
1127,SHO,Real Estate,REIT - Hotel & Motel,NYSE,114.7,80,66,48,34,11.43,2138623694.3226242,186291270.0,0.0001,-1.38,1802691,1939500,1836572,0.11
1128,FIGS,Consumer Cyclical,Apparel Manufacturing,NYSE,114.66,80,89,97,95,11.48,1982850873.992959,167047253.0,0.145,-34.32,2366340,3520580,3252154,0.28
1129,WSFS,Financial Services,Banks - Regional,NASDAQ,114.64,80,73,73,58,74.04,3735201006.7115936,52044046.0,0.044499997,1.12,419564,389848,386298,0.161
1130,DAVE,Technology,Software - Application,NASDAQ,114.61,80,80,83,88,270.9,3283454287.75,12714247.0,0.1742,-7.83,849648,591862,588189,0.467
1131,TGT,Consumer Defensive,Discount Stores,NYSE,114.6,80,73,80,43,127.98,55670204459.23187,454191112.0,0.0317,-3.85,4145922,5418267,5108766,0.067
1132,UBS,Financial Services,Banks - Diversified,NYSE,114.55,80,74,46,83,46.77,154089615257.95288,3277805164.0,0.0022,-5.25,2276912,2392494,2460576,0.138
1133,NRT,Energy,Oil & Gas E&P,NYSE,114.55,80,84,93,88,7.79,73984251.25296593,9190590.0,0.0047999998,-25.74,74393,61034,69892,-0.037
1134,THFF,Financial Services,Banks - Regional,NASDAQ,114.53,80,69,68,79,74.04,845275989.4547119,11891896.0,0.02,2.8,88088,76399,81199,0.084
1135,DAIO,Technology,Electronic Components,NASDAQ,114.52,80,39,34,58,3.71,33819918.3040781,9394422.0,0.0033000002,-17.37,213079,112433,88235,-0.474
1136,BEP,Utilities,Utilities - Renewable,NYSE,114.49,80,77,77,70,35.27,11075638380.62872,303275965.0,0.0054,-7.48,889236,1068768,908739,-0.042
1137,SOTK,Technology,Scientific & Technical Instruments,NASDAQ,114.47,80,75,77,31,5.12,80297249.26801157,15713747.0,0.00090000004,-10.8,55943,41297,36048,0.095
1138,ASPN,Industrials,Building Products & Equipment,NYSE,114.46,80,72,19,5,5.44,467428823.85466623,82877453.0,0.1104,-44.38,1355289,1795093,1657673,-0.519
1139,CMDB,Industrials,Marine Shipping,NYSE,114.41,80,85,75,84,17.24,400218601.85832024,24240981.0,0.019199999,-13.48,44846,40628,43553,-0.539
1140,SUNC,Energy,Oil & Gas Midstream,NYSE,114.39,80,83,79,42,66.12,3447530795.829193,51517198.0,0.0297,-9.72,439225,575335,518513,1.064
1141,AZZ,Industrials,Specialty Business Services,NYSE,114.37,80,80,80,67,140.26,4133588666.3075867,30016618.0,0.0311,-7.52,252564,208988,207266,0.094
1142,EFSI,Financial Services,Banks - Regional,NASDAQ,114.31,80,59,38,73,42.42,221961530.6755066,5412376.0,0.0186,1.82,29821,23593,19604,4.317
1143,AUPH,Healthcare,Biotechnology,NASDAQ,114.31,80,81,82,91,15.66,2037050488.2630577,128601671.0,0.077800006,-7.23,1271189,1295256,1207133,0.244
1144,BVN,Basic Materials,Other Precious Metals & Mining,NYSE,114.3,80,91,94,93,30.68,7685642653.55298,253986867.0,0.0292,-31.32,1332113,1242677,1294436,1.03
1145,VALE,Basic Materials,Other Industrial Metals & Mining,NYSE,114.3,80,85,89,86,14.93,64927787245.43436,4263150965.0,0.0117,-16.78,22647817,23937675,24410257,0.027
1146,CCNE,Financial Services,Banks - Regional,NASDAQ,114.27,80,73,69,70,32.29,919980831.044857,29629013.0,0.0117,1.54,156178,120229,135953,0.486
1147,FTAI,Industrials,Aerospace & Defense,NASDAQ,114.27,80,89,92,77,225.76,24009544909.658386,102582972.0,0.10560001,-30.22,945766,1290178,1273187,0.655
1148,PAGP,Energy,Oil & Gas Midstream,NASDAQ,114.18,80,78,80,45,24.63,4840734691.853363,197904124.0,0.08,-5.81,1451081,1828427,1826386,0.087
1149,CRSR,Technology,Computer Hardware,NASDAQ,114.16,80,72,16,15,8.63,963008745.5733967,106882211.0,0.122,-34.12,6417128,3480739,2423147,-0.041
1150,SLSR,Basic Materials,Other Precious Metals & Mining,NYSE ARCA,114.14,80,91,92,94,8.3,1468240526.748108,167035328.0,4.23,-27.7,159351,139247,126300,
1151,DBD,Technology,Software - Application,NYSE,114.1,80,74,84,83,80.79,2809747705.744507,34628392.0,0.1379,-9.28,273565,313285,475205,0.06
1152,GWW,Industrials,Industrial Distribution,NYSE,114.08,80,71,59,43,1317.63,61377527292.255615,47213119.0,0.0325,0.85,269809,280166,263147,0.101
1153,SENEB,Consumer Defensive,Packaged Foods,NASDAQ,114.07,80,79,86,78,145.75,987226839.5,6773426.0,0.0007,-11.66,20,180,146,0.011
1154,FCX,Basic Materials,Copper,NYSE,114.06,80,84,85,69,62.08,91098167109.5704,1437559865.0,0.020499999,-13.89,13444350,13497906,14827718,0.088
1155,AVBH,Financial Services,Banks - Regional,NASDAQ,114.04,80,69,72,75,31.89,341472556.2258129,10955167.0,0.0183,0.89,94201,86350,79882,0.292
1156,EBMT,Financial Services,Banks - Regional,NASDAQ,113.98,80,75,78,74,23.41,183204913.0,7965431.0,0.0172,-2.25,65840,55773,58028,0.116
1157,TFSL,Financial Services,Banks - Regional,NASDAQ,113.9,80,65,64,69,16.69,4604695776.615274,280432141.0,0.16219999,1.09,937233,939481,842110,0.098
1158,BBAR,Financial Services,Banks - Regional,NYSE,113.88,80,25,32,86,17.66,3574142127.5,204236693.0,0.048499998,-17.4,654275,694785,629721,0.261
1159,AMLX,Healthcare,Drug Manufacturers - Specialty & Generic,NASDAQ,113.81,80,90,96,96,13.46,1481001708.5086288,111186317.0,0.1689,-27.65,1280412,1179817,1163994,
1160,IMKTA,Consumer Defensive,Grocery Stores,NASDAQ,113.8,80,70,84,62,93.61,1731337401.3831177,18994376.0,0.087,-2.1,145075,146741,140189,0.034
1161,RMAX,Real Estate,Real Estate Services,NYSE,113.72,80,78,15,22,9.16,193430937.36029148,21232815.0,0.061300002,-21.17,225503,556581,814124,-0.057
1162,CX,Basic Materials,Building Materials,NYSE,113.71,80,83,82,92,11.8,17993617474.219875,1442952453.0,1.82,-13.68,4083416,4867565,5302259,0.112
1163,LOBO,Consumer Cyclical,Auto Manufacturers,NASDAQ,113.71,80,26,14,30,0.79,10339927.395584583,13841938.0,0.10609999,-46.62,8861128,3690362,6548393,0.229
1164,CCRN,Healthcare,Medical Care Facilities,NASDAQ,113.71,80,77,27,9,13.18,408687742.7829437,31008174.0,0.028499998,-12.07,433058,922616,685257,-0.178
1165,LAUR,Consumer Defensive,Education & Training Services,NASDAQ,113.7,80,67,84,88,36.49,4734065691.262016,139978289.0,0.0512,-3.75,1303768,1254722,1281673,0.154
1166,IRM,Real Estate,REIT - Specialty,NYSE,113.7,80,80,79,23,123.36,37089427823.02792,297524681.0,0.0337,-8.0,1404336,1569745,1507715,0.216
1167,CFG,Financial Services,Banks - Regional,NYSE,113.7,80,72,76,82,64.96,27055986455.58001,422881942.0,0.0002,-5.57,5055666,4088235,4436087,0.138
1168,NVCR,Healthcare,Medical Devices,NASDAQ,113.63,80,89,28,18,16.65,1987487312.727127,115820940.0,0.0999,-13.51,1533410,1865543,1560130,0.123
1169,KNSA,Healthcare,Drug Manufacturers - Specialty & Generic,NASDAQ,113.6,80,90,89,90,49.27,3725338593.842285,76938016.0,0.0836,-17.71,532610,587610,682652,0.555
1170,ACNB,Financial Services,Banks - Regional,NASDAQ,113.57,80,65,61,78,57.08,560436985.6276398,10212044.0,0.013099999,2.55,53565,50765,61665,0.427
1171,MUFG,Financial Services,Banks - Diversified,NYSE,113.55,80,69,70,69,19.67,224522797125.67377,11276885929.0,0.0007,-2.77,3059777,3031419,3134897,
1172,MAKO,Basic Materials,Gold,NASDAQ,113.54,80,90,91,93,6.83,643600147.0991845,87564647.0,0.26,-24.03,192647,175162,191707,1.158
1173,CNO,Financial Services,Insurance - Life,NYSE,113.54,80,69,54,67,49.63,4472326764.486149,93348503.0,0.0001,3.12,859415,790098,706639,0.025
1174,MCY,Financial Services,Insurance - Property & Casualty,NYSE,113.52,80,80,79,86,101.38,5620284049.30307,55388627.0,0.0364,-2.39,297952,254904,234230,0.105
1175,POCI,Healthcare,Medical Instruments & Supplies,NASDAQ,113.48,80,38,43,30,5.65,63480242.28756809,10944869.0,0.0026,-6.46,58552,63730,52396,1.08
1176,IAUX,Basic Materials,Gold,NYSE ARCA,113.48,80,93,94,96,1.37,1232733093.563618,862051146.0,0.082600005,-38.84,9154875,10624675,13838771,2.729
1177,CBK,Financial Services,Banks - Regional,NASDAQ,113.45,80,69,58,58,30.92,407475736.9240284,13701269.0,0.0172,2.49,76493,54474,57498,0.053
1178,PR,Energy,Oil & Gas E&P,NYSE,113.42,80,85,87,45,19.73,16050813400.960014,837288124.0,0.0251,-12.99,7922808,11259492,11805541,0.009
1179,PDLB,Financial Services,Banks - Regional,NASDAQ,113.39,80,68,70,81,19.37,459570119.0,24187901.0,0.0146,-0.26,104739,71933,62279,0.151
1180,KEX,Industrials,Marine Shipping,NYSE,113.38,79,79,78,67,139.56,7542225763.183594,53472000.0,0.0353,-11.5,517449,614076,642149,0.074
1181,IAE,Financial Services,Asset Management,NYSE,113.38,79,72,72,73,8.58,97398039.61102009,10750335.0,0.32,-6.74,97450,68666,54656,
1182,HZO,Consumer Cyclical,Specialty Retail,NYSE,113.33,79,78,56,34,32.6,727810228.3273773,22028154.0,0.19770001,-10.07,274401,372697,336154,-0.165
1183,PAA,Energy,Oil & Gas Midstream,NASDAQ,113.27,79,78,79,47,22.73,15945016327.538979,705531684.0,0.0235,-6.31,2010863,2873451,2917628,0.087
1184,GKOS,Healthcare,Medical Devices,NYSE,113.25,79,84,48,71,122.49,7341738875.0,58733911.0,0.0682,-17.3,1400567,1227425,981403,0.412
1185,PBFS,Financial Services,Banks - Regional,NASDAQ,113.24,79,64,56,74,16.56,395521220.42708206,24414889.0,0.0088,-2.82,20226,21805,16449,0.083
1186,EME,Industrials,Engineering & Construction,NYSE,113.23,79,85,86,79,776.72,36402701677.20209,44532567.0,0.0234,-18.41,395626,374045,359293,0.197
1187,BORR,Energy,Oil & Gas Drilling,NYSE,113.23,79,94,93,84,4.53,1484783158.4468036,308686731.0,0.094799995,-31.93,9580175,8917135,8472927,0.14
1188,SXT,Basic Materials,Specialty Chemicals,NYSE,113.22,79,69,45,60,119.78,4775811726.328125,42568960.0,0.049200002,-7.4,316965,389258,416917,0.111
1189,KYMR,Healthcare,Biotechnology,NASDAQ,113.19,79,90,90,95,78.23,6097754772.512787,82257588.0,0.157,-24.05,622579,551856,541797,0.555
1190,INDI,Technology,Semiconductors,NASDAQ,113.17,79,77,21,76,3.94,855718833.8501005,211288591.0,0.2928,-34.88,6191749,6168179,5405157,0.026
1191,RRX,Industrials,Specialty Industrial Machinery,NYSE,113.15,79,79,86,48,200.45,13606820314.891571,66569573.0,0.0468,-15.19,906924,1113031,1088384,0.043
1192,PUBM,Technology,Software - Application,NASDAQ,113.12,79,77,32,27,11.18,535955968.72832775,46443325.0,0.0674,-19.45,708156,746705,689313,-0.02
1193,RSVR,Communication Services,Entertainment,NASDAQ,113.1,79,81,84,34,10.49,677628868.4416351,65661714.0,0.1105,-21.66,83625,70431,74969,0.147
1194,DXYZ,Financial Services,Asset Management,NYSE,113.1,79,92,21,23,36.06,1273160126.4521484,30465664.0,0.049000002,-50.51,5621616,6144322,4401703,
1195,CFFN,Financial Services,Banks - Regional,NASDAQ,113.09,79,75,72,75,8.07,976482808.7369862,124392716.0,0.062800005,1.25,636923,748934,808898,0.134
1196,DAO,Consumer Defensive,Education & Training Services,NYSE,113.07,79,80,73,51,11.76,1406599779.0526161,120634631.0,0.0313,-10.23,91388,90596,80715,0.038
1197,TEAD,Communication Services,Internet Content & Information,NASDAQ,113.06,79,30,11,2,1.24,118329547.37494707,96991430.0,0.1191,-60.38,287386,350402,297063,-0.071
1198,CATY,Financial Services,Banks - Regional,NASDAQ,113.06,79,71,55,63,59.49,3902805436.330414,67035475.0,0.0432,1.38,412179,420329,391289,0.141
1199,IHD,Financial Services,Asset Management,NYSE,113.03,79,76,76,72,7.37,138871790.2768612,17735861.0,0.0069999998,-9.46,174665,118895,107975,
1200,TPR,Consumer Cyclical,Luxury Goods,NYSE,112.98,79,70,90,89,140.92,28306465664.58307,202044714.0,0.09060001,-13.0,2645442,2653220,2246260,0.212
1201,TGEN,Industrials,Electrical Equipment & Parts,NYSE ARCA,112.98,79,28,13,90,5.32,171729037.63232422,29917952.0,0.0523,-55.92,410583,588674,564926,-0.129
1202,KRT,Consumer Cyclical,Packaging & Containers,NASDAQ,112.96,79,61,74,29,29.22,567968162.181118,19963731.0,0.0209,-8.05,75529,96339,92323,0.129
1203,COKE,Consumer Defensive,Beverages - Non-Alcoholic,NASDAQ,112.92,79,78,91,87,191.08,11975582377.305725,66564294.0,0.0643,-13.01,521066,654915,558425,0.083
1204,NBN,Financial Services,Banks - Regional,NASDAQ,112.9,79,74,72,52,126.8,1020568902.232666,8555360.0,0.0529,-6.5,161101,134543,125422,0.346
1205,QUAD,Industrials,Specialty Business Services,NYSE,112.86,79,78,68,57,7.59,384118436.5158014,51559523.0,0.0355,-12.15,146774,211031,201568,-0.077
1206,HFRO,Financial Services,Asset Management,NYSE,112.85,79,61,60,66,7.06,371223552.8320484,55406502.0,0.0002,3.37,188600,152816,138884,
1207,SJ,Communication Services,Internet Content & Information,NASDAQ,112.85,79,80,96,13,1.05,49256809.46265221,42462768.0,0.0004,-35.58,72691,67643,61658,-0.08
1208,FANG,Energy,Oil & Gas E&P,NASDAQ,112.84,79,81,79,47,196.55,54186565894.53992,281313297.0,0.0545,-8.37,3007708,2506246,2758299,0.042
1209,FXNC,Financial Services,Banks - Regional,NASDAQ,112.84,79,69,75,74,29.53,262730496.1916027,9040967.0,0.011,-1.07,72410,72100,81066,0.106
1210,CEE,Financial Services,Asset Management,NYSE,112.83,79,75,68,76,20.9,134772410.47745132,6520194.0,0.0005,-4.91,25518,25339,24619,0.631
1211,SENEA,Consumer Defensive,Packaged Foods,NASDAQ,112.81,79,79,89,77,147.95,1010069136.5115509,6881049.0,0.0272,-11.68,160587,131859,131967,0.011
1212,MPAA,Consumer Cyclical,Auto Parts,NASDAQ,112.8,79,44,25,67,14.43,203444005.79135895,19210954.0,0.0832,-20.36,165179,85609,78825,-0.099
1213,VOD,Communication Services,Telecom Services,NASDAQ,112.78,79,78,85,83,15.05,33849309242.399765,2302674128.0,0.0044,-9.39,3414019,4096179,3982635,
1214,PGNY,Healthcare,Healthcare Plans,NASDAQ,112.76,79,58,21,83,25.89,2025675136.0102844,78332370.0,0.096999995,-9.95,1440570,1688670,1527878,0.014
1215,FUN,Consumer Cyclical,Leisure,NYSE,112.73,79,30,23,7,23.14,2117665608.0621223,102203942.0,0.2048,-31.13,2038312,2156720,1965126,0.117
1216,PFIS,Financial Services,Banks - Regional,NASDAQ,112.72,79,68,64,60,62.91,601854155.0272255,10010881.0,0.0137,3.16,51350,59920,59888,0.061
1217,SGHC,Consumer Cyclical,Gambling,NYSE,112.68,79,83,64,85,13.72,6574513423.522495,508076788.0,0.1197,-4.59,3672380,3981556,3725194,0.184
1218,IMO,Energy,Oil & Gas Integrated,NYSE ARCA,112.67,79,85,90,63,120.26,60523806193.65994,497237969.0,0.17899999,-13.76,647609,590746,578307,-0.004
1219,TFIN,Financial Services,Banks - Regional,NYSE,112.66,79,58,41,40,73.07,1696671571.3939896,23806253.0,0.1434,-6.13,208975,231068,260499,0.062
1220,STRS,Real Estate,Real Estate - Diversified,NASDAQ,112.62,79,83,91,79,28.89,220402986.90226746,7982723.0,0.0177,-12.27,142999,69276,52165,-0.248
1221,HUN,Basic Materials,Chemicals,NYSE,112.55,79,81,60,22,14.23,2491710888.209038,175349112.0,0.1735,-10.5,3706156,4923922,4879803,0.007
1222,MTUS,Basic Materials,Steel,NYSE,112.52,79,53,35,75,19.77,818402659.6081009,41627806.0,0.0828,-9.02,283167,305642,287705,0.099
1223,MRK,Healthcare,Drug Manufacturers - General,NYSE,112.51,79,75,83,72,119.09,298330093349.0418,2469824415.0,0.0117999995,-4.83,11593861,9834027,9496758,0.049
1224,GFF,Industrials,Building Products & Equipment,NYSE,112.5,79,55,46,56,90.78,3921596950.5,45866631.0,0.0468,-6.97,300494,353141,370860,-0.011
1225,GRAL,Healthcare,Diagnostics & Research,NASDAQ,112.47,79,64,41,98,58.59,2574137228.494343,42916593.0,0.1694,-50.7,1137009,793203,782303,0.281
1226,AUR,Consumer Cyclical,Auto Parts,NASDAQ,112.47,79,84,25,12,6.05,12375191379.369059,1961203089.0,0.1732,-29.36,35746085,34275418,27807627,
1227,NYAX,Technology,Software - Infrastructure,NASDAQ,112.42,79,88,87,72,63.73,2429579035.0,37378139.0,0.0029,-17.08,15857,29429,28199,0.317
1228,FVCB,Financial Services,Banks - Regional,NASDAQ,112.42,79,70,78,69,16.58,292087925.9217224,17996792.0,0.0088,-9.94,238374,220964,189812,0.167
1229,CTBI,Financial Services,Banks - Regional,NASDAQ,112.35,79,69,66,70,70.29,1227504298.4387665,18163721.0,0.0152,2.28,82883,81347,91664,0.148
1230,GSBC,Financial Services,Banks - Regional,NASDAQ,112.35,79,69,54,63,75.39,798580685.3352661,10893203.0,0.047199998,1.3,94180,106343,98028,0.0
1231,SAH,Consumer Cyclical,Auto & Truck Dealerships,NYSE,112.33,79,75,35,31,84.15,2596593218.217682,31604103.0,0.23120001,-6.1,249154,302514,261012,0.01
1232,KRG,Real Estate,REIT - Retail,NYSE,112.32,79,73,74,57,28.84,5622912905.639238,203066551.0,0.096599996,3.26,1733268,1965782,1928181,-0.092
1233,ATKR,Industrials,Electrical Equipment & Parts,NYSE,112.31,79,69,32,39,76.12,2721979332.8699036,33767266.0,0.0291,-15.57,385131,497683,506878,0.042
1234,LTH,Consumer Cyclical,Leisure,NYSE,112.31,79,73,41,36,33.4,7210102547.954071,222602738.0,0.060900003,-5.46,2122027,3295345,2745679,0.117
1235,CON,Healthcare,Medical Care Facilities,NYSE,112.26,79,70,68,34,26.61,3239992230.549164,127961780.0,0.031,-0.17,815658,899559,763585,0.137
1236,UIS,Technology,Information Technology Services,NYSE,112.23,79,63,14,11,3.7,296724054.41500187,72905170.0,0.0748,-27.17,1351431,1044857,879880,0.013
1237,HAFC,Financial Services,Banks - Regional,NASDAQ,112.22,79,71,57,78,31.21,905792626.133995,29766435.0,0.039300002,-0.38,187379,229843,240553,0.146
1238,RBCAA,Financial Services,Banks - Regional,NASDAQ,112.22,79,61,45,53,87.73,1657698185.0,19617730.0,0.0222,2.51,87162,75130,80380,-0.113
1239,USAR,Basic Materials,Other Industrial Metals & Mining,NASDAQ,112.21,78,90,80,54,20.33,5497492662.695841,244659227.0,0.1174,-53.77,18028319,18383196,17613415,
1240,RBB,Financial Services,Banks - Regional,NASDAQ,112.21,78,75,70,76,24.5,406461312.0,16935888.0,0.0154,-0.93,169831,114923,97048,0.61
1241,UAMY,Basic Materials,Other Industrial Metals & Mining,NYSE,112.19,78,95,99,93,6.86,1142511151.2728329,148185622.0,0.21290001,-65.2,9469805,12585805,11919025,-0.031
1242,BNS,Financial Services,Banks - Diversified,NYSE,112.16,78,75,74,84,81.56,98772679566.65039,1226076000.0,2.95,-0.8,2243231,2066723,2547950,0.126
1243,ROKU,Communication Services,Entertainment,NASDAQ,112.15,78,87,66,83,116.94,18057038312.76789,147693751.0,0.0926,-12.38,2285905,2531651,2489407,0.224
1244,NEXT,Energy,Oil & Gas Equipment & Services,NASDAQ,112.15,78,80,32,14,8.43,2260390108.3492384,264992987.0,0.1527,-30.45,2192414,2950794,3547960,
1245,FRT,Real Estate,REIT - Retail,NYSE,112.13,78,72,68,48,123.62,10587859773.408875,86389197.0,0.0001,0.02,1099842,997437,958268,0.103
1246,EXPD,Industrials,Integrated Freight & Logistics,NYSE,112.12,78,67,68,81,164.71,20984129697.83429,130791133.0,0.0469,-1.48,1524892,1238597,1135668,0.044
1247,MYFW,Financial Services,Banks - Regional,NASDAQ,112.1,78,76,64,76,29.3,283891289.2090454,9728968.0,0.0175,-2.33,44539,38829,33437,0.144
1248,ENGS,Industrials,Waste Management,NASDAQ,112.09,78,70,15,1,1.58,50943067.9309721,31253416.0,0.0004,-87.34,559550,395376,342746,-0.432
1249,SIRI,Communication Services,Entertainment,NASDAQ,112.04,78,76,57,38,27.59,9092104548.406189,336619936.0,0.1453,-8.37,7218142,5563624,5726066,0.011
1250,CHCI,Real Estate,Real Estate Services,NASDAQ,112.03,78,82,67,80,15.88,169687640.51260376,10259228.0,0.006,-19.47,12586,12815,16249,0.415
1251,MCB,Financial Services,Banks - Regional,NYSE,112.0,78,68,71,74,93.89,1126067288.5370407,12394797.0,0.0535,-4.04,104012,110864,142534,0.374
1252,JEF,Financial Services,Capital Markets,NYSE,111.97,78,33,13,36,57.9,11384834896.08495,204432307.0,0.025799999,-18.5,1544241,1944257,1993444,0.266
1253,STOK,Healthcare,Biotechnology,NASDAQ,111.97,78,93,96,98,28.48,1869072480.8051395,62281655.0,0.2157,-29.19,492289,540049,552801,-0.961
1254,HSBC,Financial Services,Banks - Diversified,NYSE,111.9,78,79,81,81,86.16,311411495077.23645,3429641901.0,3.69,-9.88,2173244,1798058,1840860,0.033
1255,WSBF,Financial Services,Banks - Regional,NASDAQ,111.86,78,76,76,77,19.36,339036892.35606766,18053082.0,0.0126,1.89,52889,56006,64085,0.172
1256,ROK,Industrials,Specialty Industrial Machinery,NYSE,111.84,78,78,65,83,440.07,49707186593.802765,111273953.0,0.0337,-5.99,675890,776940,741846,0.119
1257,QBTS,Technology,Computer Hardware,NYSE,111.81,78,78,56,97,23.25,8835117445.813618,370445170.0,0.1548,-50.27,39171397,38958805,36219633,-0.809
1258,VOR,Healthcare,Biotechnology,NASDAQ,111.8,78,92,88,83,13.0,713086133.0518913,54185877.0,0.1014,-80.24,685188,794169,996557,
1259,CMC,Industrials,Metal Fabrication,NYSE,111.78,78,65,65,84,73.57,8222299692.80072,110887384.0,0.077199996,-13.31,1081938,974292,985009,0.215
1260,CMT,Basic Materials,Specialty Chemicals,NYSE ARCA,111.75,78,81,66,73,23.69,197640940.26667213,8563299.0,0.0212,-17.43,23385,27705,32193,-0.047
1261,RUSHB,Consumer Cyclical,Auto & Truck Dealerships,NASDAQ,111.72,78,67,65,57,70.16,5206723497.0,77712291.0,0.014400001,-11.34,53546,67465,68871,-0.09
1262,SRTA,Healthcare,Medical Care Facilities,NASDAQ,111.72,78,79,64,80,5.48,500988836.9992733,86526570.0,0.1014,-15.69,913667,1028252,903439,0.874
1263,CNK,Communication Services,Entertainment,NYSE,111.71,78,37,47,22,33.05,3647281660.1088066,116787759.0,0.1417,0.3,2584318,2187749,2128377,0.189
1264,FSLR,Technology,Solar,NASDAQ,111.69,78,64,56,90,249.27,29980563859.979248,107453363.0,0.105299994,-22.33,3496331,3036703,2612984,0.236
1265,AMR,Basic Materials,Coking Coal,NYSE,111.68,78,71,81,79,194.29,2573185667.203125,12714624.0,0.1814,-23.45,264372,264880,254890,-0.013
1266,XPRO,Energy,Oil & Gas Equipment & Services,NYSE,111.66,78,79,87,70,16.41,1744019465.5170603,113395283.0,0.0698,-12.39,1157532,1025317,1068888,-0.06
1267,TSBK,Financial Services,Banks - Regional,NASDAQ,111.65,78,70,72,73,43.19,325564566.46445084,7827953.0,0.0064999997,-0.83,26791,25980,36132,0.044
1268,APH,Technology,Electronic Components,NYSE,111.61,78,59,87,88,149.22,170768840306.94794,1230234445.0,0.0147,-10.67,10400705,11548785,9783337,0.584
1269,ABLV,Consumer Cyclical,Specialty Retail,NASDAQ,111.61,78,71,17,38,1.1,52847219.130604506,49389922.0,0.0061000003,-37.85,127227,117889,522841,-0.106
1270,TRP,Energy,Oil & Gas Midstream,NYSE,111.61,78,77,81,66,68.78,71548550735.20203,1041766896.0,6.27,-3.76,1989235,2233545,2489677,0.066
1271,SCOR,Technology,Software - Application,NASDAQ,111.6,78,64,74,74,7.92,119994880.32110596,15093696.0,0.0034999999,-22.2,49021,23523,21448,-0.005
1272,WYFI,Technology,Information Technology Services,NASDAQ,111.6,78,84,32,22,22.82,898552823.9961853,38614216.0,0.3413,-44.0,988959,1793129,1380107,0.306
1273,CDRO,Consumer Cyclical,Gambling,NASDAQ,111.56,78,77,63,61,9.7,437420577.0963812,45469915.0,0.023599999,-4.62,37122,26804,27572,0.066
1274,F,Consumer Cyclical,Auto Manufacturers,NYSE,111.55,78,42,56,83,14.3,59371918666.96039,3984692630.0,0.0,-19.57,73098496,75128812,59522993,0.064
1275,PCB,Financial Services,Banks - Regional,NASDAQ,111.53,78,63,60,74,26.3,358715030.4602318,14234723.0,0.0136,3.42,24451,25337,25346,0.176
1276,GM,Consumer Cyclical,Auto Manufacturers,NYSE,111.46,78,73,78,90,79.4,74035729711.78276,901665195.0,0.0242,-9.38,9197377,7752369,7131507,-0.009
1277,ESP,Industrials,Electrical Equipment & Parts,NYSE ARCA,111.43,78,91,89,81,57.93,165614564.50286865,2995922.0,0.0053,-22.52,23550,40936,32942,0.109
1278,VET,Energy,Oil & Gas E&P,NYSE,111.43,78,87,90,42,11.38,1737288023.3764648,153200000.0,8.58,-23.21,1444201,1509867,1653828,0.099
1279,BUD,Consumer Defensive,Beverages - Brewers,NYSE,111.4,78,72,73,62,81.26,151920531115.0,1935293390.0,0.0058999998,-3.79,2013227,1935145,1855827,0.12
1280,MCBS,Financial Services,Banks - Regional,NASDAQ,111.39,78,66,55,42,34.54,968136183.7745972,28660042.0,0.0174,0.66,81830,74046,83848,0.44
1281,GVA,Industrials,Engineering & Construction,NYSE,111.36,78,80,81,80,135.76,6183596170.658661,43746699.0,0.1521,-6.37,748245,796555,673529,0.304
1282,SRV,Financial Services,Asset Management,NYSE,111.33,78,79,76,37,48.5,226192327.86667633,4667609.0,0.8,-5.7,55805,55601,57057,
1283,SN,Consumer Cyclical,"Furnishings, Fixtures & Appliances",NYSE,111.32,78,39,55,69,128.22,16956971768.591408,141520379.0,0.11229999,-4.31,2539538,2561352,2111821,0.156
1284,NTB,Financial Services,Banks - Diversified,NYSE,111.3,78,72,72,79,58.25,2293848739.665905,39610581.0,0.0092,-0.26,239825,196081,170973,0.043
1285,GASS,Industrials,Marine Shipping,NASDAQ,111.3,78,87,84,65,9.35,357726295.06443596,37185686.0,0.0037,-11.37,153598,143026,127525,-0.094
1286,KW,Real Estate,Real Estate Services,NYSE,111.3,78,81,84,74,11.03,1533729089.6339893,139303275.0,0.048600003,-0.54,1300991,1209563,1043972,-0.008
1287,ZD,Communication Services,Advertising Agencies,NASDAQ,111.27,78,77,75,28,45.8,1687429724.5857239,36835400.0,0.19559999,-9.4,568495,586195,585737,-0.019
1288,JVA,Consumer Defensive,Packaged Foods,NASDAQ,111.24,78,76,25,18,4.27,24489893.782234192,5708600.0,0.0045,-24.16,42828,43286,48635,0.2
1289,FMX,Consumer Defensive,Beverages - Brewers,NYSE,111.22,78,78,62,66,123.65,41862937852.1304,340681468.0,2.67,-1.64,549558,534639,485161,0.061
1290,LSTA,Healthcare,Biotechnology,NASDAQ,111.18,78,68,97,24,3.61,30506408.98154688,9106391.0,0.0124,-28.8,412431,158707,134544,
1291,SVRA,Healthcare,Biotechnology,NASDAQ,111.18,78,83,89,96,5.09,1043079540.349411,204927212.0,0.1592,-27.34,1922097,1430262,1367471,
1292,ASH,Basic Materials,Specialty Chemicals,NYSE,111.17,78,52,38,62,64.87,2573273102.3333015,45787777.0,0.1263,-1.19,1068773,1155791,929372,0.006
1293,CRI,Consumer Cyclical,Apparel Retail,NYSE,111.1,78,51,63,33,39.33,1407305917.6240654,36850117.0,0.1038,-11.5,811018,1054982,1061613,0.081
1294,EWBC,Financial Services,Banks - Regional,NASDAQ,111.09,78,68,55,72,128.09,17253309570.74353,136996262.0,0.028299998,0.45,726723,801261,869272,0.141
1295,IMAX,Communication Services,Entertainment,NYSE,111.07,78,61,80,83,42.18,2143969339.42807,55015891.0,0.1715,-2.27,827875,1237431,1161543,-0.061
1296,CURB,Real Estate,REIT - Retail,NYSE,111.06,78,71,76,47,29.63,3089136647.1920776,105539344.0,0.1841,0.47,953228,791286,783107,0.499
1297,WLY,Communication Services,Publishing,NYSE,111.06,78,71,56,16,44.39,2266423495.5287323,51322996.0,0.12189999,-2.74,374072,349446,382725,0.013
1298,AMX,Communication Services,Telecom Services,NYSE,111.03,77,80,82,79,25.43,74619360458.37402,3004000000.0,0.0046,-8.53,1359847,1349865,1490117,0.021
1299,WSC,Industrials,Rental & Leasing Services,NASDAQ,111.01,77,74,22,16,26.47,4743870370.884422,180994679.0,0.19690001,-16.97,2011406,2794012,2618629,-0.02
1300,CNTX,Healthcare,Biotechnology,NASDAQ,111.0,77,96,99,81,1.45,160788559.75,91879177.0,0.0115,-59.94,665234,670878,778822,
1301,WDS,Energy,Oil & Gas E&P,NYSE,110.99,77,83,89,51,22.03,40550465905.14757,1901100143.0,3.93,-12.54,647878,719602,896659,-0.111
1302,HUBG,Industrials,Integrated Freight & Logistics,NASDAQ,110.99,77,37,34,72,44.44,2625320202.96257,61153510.0,0.0713,-16.56,732992,799360,733718,-0.053
1303,PCT,Industrials,Pollution & Treatment Controls,NASDAQ,110.96,77,45,12,13,9.89,2263507390.344572,180863550.0,0.39880002,-43.06,4499476,5075012,4492521,1.612
1304,ERIC,Technology,Communication Equipment,NASDAQ,110.94,77,82,87,77,11.6,41736880854.306274,3322999957.0,0.0149,-15.76,10275466,9383615,10546427,-0.103
1305,ISTR,Financial Services,Banks - Regional,NASDAQ,110.91,77,70,80,85,29.58,400427782.0213032,13793585.0,0.0178,-6.89,150625,137748,155839,0.576
1306,NSP,Industrials,Staffing & Employment Services,NYSE,110.91,77,27,7,11,37.0,1350425699.9290848,38169182.0,0.1421,-42.3,793055,776818,813219,0.017
1307,TKNO,Healthcare,Drug Manufacturers - Specialty & Generic,NASDAQ,110.91,77,75,12,24,4.47,244479964.6121807,53614028.0,0.1162,-33.08,203931,144960,132790,0.131
1308,CDNS,Technology,Software - Application,NASDAQ,110.89,77,67,41,50,385.13,103759221713.3789,275816000.0,0.0198,-7.57,2915032,2394330,2425426,0.187
1309,DOC,Real Estate,REIT - Healthcare Facilities,NYSE,110.88,77,73,51,28,20.47,13643616533.762589,689419702.0,0.0612,0.99,12457471,10122630,9360520,0.071
1310,FLNG,Energy,Oil & Gas Midstream,NYSE,110.86,77,83,82,71,30.34,1610330058.2815247,54092376.0,0.1451,-9.16,470535,477328,464465,-0.09
1311,BKTI,Technology,Communication Equipment,NYSE ARCA,110.86,77,87,90,91,79.7,299535840.0,3744198.0,0.0271,-23.77,45073,41791,55090,0.118
1312,LTRN,Healthcare,Biotechnology,NASDAQ,110.86,77,10,16,30,3.88,45804349.38489723,12758872.0,0.1496,-32.45,250856,292808,626395,
1313,AIT,Industrials,Industrial Distribution,NYSE,110.85,77,72,59,57,314.08,11652973997.70639,36959541.0,0.0239,-0.95,192311,226060,245930,0.073
1314,SCSC,Technology,Electronics & Computer Distribution,NASDAQ,110.81,77,66,31,38,48.86,949358730.982338,20324529.0,0.076799996,0.33,237049,258026,234715,0.088
1315,TTRX,Healthcare,Biotechnology,NASDAQ,110.8,77,26,20,6,5.53,157280857.4497795,29788040.0,2.83,-79.13,82536,51928,42385,
1316,HWM,Industrials,Aerospace & Defense,NYSE,110.8,77,83,88,82,249.49,100787072525.63773,400107483.0,0.0218,-11.13,2898005,2613145,2393653,0.191
1317,PLBC,Financial Services,Banks - Regional,NASDAQ,110.79,77,67,71,55,55.71,377533610.60650635,6968136.0,0.0086,1.48,72925,50631,55933,0.324
1318,EBAY,Consumer Cyclical,Internet Retail,NASDAQ,110.76,77,82,73,63,106.41,48551399322.509766,444000000.0,0.0326,-10.81,4494437,6334569,5691915,0.195
1319,NEU,Basic Materials,Specialty Chemicals,NYSE,110.74,77,38,34,67,823.94,7267630797.382202,9198019.0,0.0939,-5.94,108741,97457,108624,-0.045
1320,UNM,Financial Services,Insurance - Life,NYSE,110.74,77,64,40,49,90.68,13874967662.281952,159776235.0,0.0248,4.37,1254841,1234013,1251808,0.085
1321,RAAQU,Financial Services,Shell Companies,NASDAQ,110.74,77,79,65,46,13.31,,,0.85,-9.64,260,353,3536,
1322,ETSY,Consumer Cyclical,Internet Retail,NYSE,110.72,77,61,47,35,68.73,6344762062.580063,94896231.0,0.1822,-10.17,3025220,3232416,3031890,0.031
1323,REPX,Energy,Oil & Gas E&P,NYSE ARCA,110.7,77,84,80,28,35.89,753283306.3243103,21695947.0,0.0377,-13.58,273132,378654,414856,0.112
1324,BODI,Communication Services,Internet Content & Information,NASDAQ,110.7,77,95,92,94,9.39,73721159.73001099,7241764.0,0.066700004,-44.34,38061,67250,74136,-0.25
1325,CRT,Energy,Oil & Gas E&P,NYSE,110.69,77,78,71,26,10.84,64439998.626708984,6000000.0,0.0043,-2.34,18588,19376,25587,-0.619
1326,MDB,Technology,Software - Infrastructure,NASDAQ,110.68,77,66,41,93,348.28,28210693290.511963,80431927.0,0.0497,-21.69,4015172,2545010,2171494,0.252
1327,VTVT,Healthcare,Biotechnology,NASDAQ,110.62,77,82,94,95,30.44,126588337.15603638,3938654.0,0.060599998,-30.82,27848,38569,49209,
1328,CMRE,Industrials,Marine Shipping,NYSE,110.61,77,84,87,86,15.96,1930606332.7751827,120738359.0,0.048499998,-11.63,477724,498051,435646,-0.053
1329,SLF,Financial Services,Insurance - Diversified,NYSE,110.6,77,70,64,53,74.92,40859698959.82114,554255267.0,9.22,1.02,546082,758567,724472,0.002
1330,FITB,Financial Services,Banks - Regional,NASDAQ,110.57,77,60,58,69,52.65,47137262090.26616,906311548.0,0.0542,-5.03,8339427,6375849,6727459,0.33
1331,EIX,Utilities,Utilities - Regulated Electric,NYSE,110.53,77,75,86,51,71.5,28216940398.10875,384793941.0,0.044899996,-6.19,2548732,2703597,2729984,0.077
1332,HPK,Energy,Oil & Gas E&P,NASDAQ,110.51,77,62,37,6,8.18,955267259.0097313,126358104.0,0.57,-31.83,750366,828505,871109,-0.207
1333,ERO,Basic Materials,Copper,NYSE,110.45,77,90,91,92,25.78,2688286086.6419983,104277968.0,2.62,-35.22,1320044,1370591,1247700,1.104
1334,PAYO,Technology,Software - Infrastructure,NASDAQ,110.44,77,23,19,21,6.67,1687284453.7892075,334778664.0,0.035099998,-12.98,10684667,6386915,4941561,0.061
1335,KFFB,Financial Services,Banks - Regional,NASDAQ,110.4,77,73,83,88,4.68,38573635.16575813,8086716.0,0.0052,-6.02,2310,2646,2336,0.353
1336,ARIS,Basic Materials,Gold,NYSE,110.4,77,95,97,98,14.22,3143471905.517578,206400000.0,3.89,-38.94,1259264,1218068,1244896,1.365
1337,CNQ,Energy,Oil & Gas E&P,NYSE,110.4,77,84,90,41,45.52,95316948591.27045,2085710000.0,1.29,-11.34,7026991,7361837,9619414,-0.012
1338,TRIN,Financial Services,Asset Management,NASDAQ,110.36,77,74,56,57,17.0,1517303473.4432812,89887651.0,0.0713,-2.19,1140109,1097916,1141545,0.329
1339,NFBK,Financial Services,Banks - Regional,NASDAQ,110.35,77,74,70,57,14.74,599313372.8817005,41763997.0,0.0215,2.5,372116,265945,255431,0.245
1340,INM,Healthcare,Drug Manufacturers - Specialty & Generic,NASDAQ,110.33,77,5,7,6,1.51,5236219.6822241545,3314063.0,0.0081,-72.55,129501,3382273,2044896,
1341,FFBC,Financial Services,Banks - Regional,NASDAQ,110.31,77,69,64,58,31.55,3237071227.9273796,104929374.0,0.0433,0.54,963996,823908,879909,0.323
1342,RCKY,Consumer Cyclical,Footwear & Accessories,NASDAQ,110.29,77,73,93,83,38.57,282424050.10360336,7541363.0,0.0312,-20.8,48910,72440,63878,0.091
1343,CBC,Financial Services,Banks - Regional,NASDAQ,110.28,77,69,56,40,29.08,6835790353.498577,239768162.0,0.0419,0.03,699171,631430,672774,0.104
1344,CABA,Healthcare,Biotechnology,NASDAQ,110.23,77,94,91,72,3.04,529928087.0,163054796.0,0.1551,-28.13,3449548,4670686,3578983,
1345,ZION,Financial Services,Banks - Regional,NASDAQ,110.22,77,65,51,67,65.82,9300615521.57671,147091817.0,0.038399998,-0.54,1616162,1446300,1493770,0.102
1346,HCSG,Healthcare,Medical Care Facilities,NASDAQ,110.19,77,77,84,87,21.31,1398303026.0493546,68645212.0,0.0421,-12.63,640304,601538,685200,0.034
1347,CAC,Financial Services,Banks - Regional,NASDAQ,110.18,77,67,69,69,51.8,854191340.0,16914680.0,0.0376,-3.56,91541,97037,98430,0.26
1348,DSY,Consumer Defensive,Household & Personal Products,NASDAQ,110.16,77,3,2,1,7.2,8410815.119365215,4751873.0,0.0173,-95.09,11333103,3786047,2276094,-0.173
1349,CNTB,Healthcare,Biotechnology,NASDAQ,110.14,77,91,95,96,2.08,136631565.81376076,62963853.0,0.026099999,-45.55,253972,192434,270188,
1350,AVTX,Healthcare,Biotechnology,NASDAQ,110.1,77,96,94,97,13.1,688609013.2521744,52565572.0,0.1192,-46.02,1480999,2400359,1763741,
1351,SHG,Financial Services,Banks - Regional,NYSE,110.06,77,77,86,83,64.27,31627958266.191605,470864361.0,0.0007,-12.44,303007,245642,248715,0.066
1352,SRBK,Financial Services,Banks - Regional,NASDAQ,110.05,77,74,75,81,18.9,139176830.0950241,7434660.0,0.0575,-3.62,44522,58157,52084,0.076
1353,GILT,Technology,Communication Equipment,NASDAQ,110.04,77,94,94,90,13.56,1095838199.5078583,75470948.0,0.020399999,-35.21,906032,1054484,869374,0.2
1354,HAE,Healthcare,Medical Devices,NYSE,109.99,77,29,31,84,78.8,3239389612.7639465,45445983.0,0.0771,-9.76,1020526,985128,838881,0.048
1355,MRBK,Financial Services,Banks - Regional,NASDAQ,109.98,77,61,82,79,19.56,224607344.16275024,11890278.0,0.015700001,-9.74,91290,100396,120462,0.039
1356,HBB,Consumer Cyclical,"Furnishings, Fixtures & Appliances",NYSE,109.97,77,68,48,46,19.6,263464458.83457184,13545730.0,0.0195,-10.26,19247,20449,21149,-0.086
1357,XELB,Consumer Cyclical,Apparel Manufacturing,NASDAQ,109.95,76,83,28,9,1.8,12172803.15224433,6056121.0,0.0063,-32.33,1802532,612730,383714,-0.141
1358,NP,Financial Services,Insurance Brokers,NYSE,109.93,76,78,29,71,26.95,3526054940.7085667,138330913.0,0.0398,-18.91,766234,887114,671906,0.288
1359,WMK,Consumer Defensive,Grocery Stores,NYSE,109.92,76,39,39,31,82.06,1935522407.545807,24744597.0,0.1537,3.78,155498,146452,137649,0.046
1360,DDI,Communication Services,Electronic Gaming & Multimedia,NASDAQ,109.88,76,78,37,30,11.5,575810967.1290588,49553440.0,0.0033000002,-6.88,142252,173587,156690,0.127
1361,AD,Communication Services,Telecom Services,NYSE,109.85,76,75,79,65,52.35,4361047095.25074,86442954.0,0.0841,-33.88,635694,359651,274450,0.928
1362,AIZ,Financial Services,Insurance - Property & Casualty,NYSE,109.84,76,69,58,69,257.34,12751084684.364777,49547637.0,0.0295,-1.39,498498,478849,420487,0.113
1363,PINE,Real Estate,REIT - Retail,NYSE,109.82,76,73,79,69,20.21,324875776.4185295,16524709.0,0.014099999,-2.84,136252,167480,150736,0.296
1364,TOPP,Industrials,Trucking,NYSE ARCA,109.82,76,25,9,8,1.4,34278000.18787384,19700000.0,0.0002,-63.73,953649,422339,259105,0.077
1365,CIVB,Financial Services,Banks - Regional,NASDAQ,109.8,76,64,57,72,26.82,548888217.5087128,20783348.0,0.0123000005,-5.26,88107,71469,82579,0.226
1366,DRUG,Healthcare,Biotechnology,NASDAQ,109.76,76,91,91,97,61.56,677032209.0,9812061.0,0.1001,-50.25,504576,323148,266599,
1367,BLFS,Healthcare,Medical Instruments & Supplies,NASDAQ,109.76,76,30,24,40,26.66,1302050091.1123753,48857415.0,0.12100001,-9.99,769948,640429,529655,0.247
1368,AGRO,Consumer Defensive,Farm Products,NYSE,109.74,76,88,84,21,11.28,1648002692.7298622,144308466.0,0.0432,-29.01,778874,1010801,1188736,0.225
1369,HLT,Consumer Cyclical,Lodging,NYSE,109.72,76,63,72,70,338.22,78106157822.6554,227648372.0,0.026400002,-2.49,1644056,1614445,1588417,0.11
1370,JNJ,Healthcare,Drug Manufacturers - General,NYSE,109.66,76,72,86,84,238.49,560327904624.4105,2407216971.0,0.0107,-5.25,7948609,7598126,7610313,0.099
1371,CZWI,Financial Services,Banks - Regional,NASDAQ,109.64,76,78,74,76,20.39,200115324.0,9644112.0,0.0088,-9.86,79937,37955,35215,0.251
1372,DTIL,Healthcare,Biotechnology,NASDAQ,109.64,76,92,83,38,6.45,167714605.5,25802247.0,0.0602,-26.87,405772,319830,280522,372.724
1373,HIW,Real Estate,REIT - Office,NYSE,109.63,76,42,24,25,30.2,3074402699.8154697,110272697.0,0.097200006,-7.81,1802764,1542904,1390710,0.076
1374,UTSI,Technology,Communication Equipment,NASDAQ,109.62,76,57,62,43,2.95,26678448.55674267,9494110.0,0.0032,0.34,6182,6634,5956,-0.158
1375,SPG,Real Estate,REIT - Retail,NYSE,109.57,76,70,70,64,212.82,68201410600.99658,324289912.0,0.0,0.75,1968285,1552148,1476743,0.193
1376,ALHC,Healthcare,Healthcare Plans,NASDAQ,109.56,76,60,56,85,20.56,3177498835.8511915,206733823.0,0.1247,-13.87,8384520,7257180,5771238,0.333
1377,INCY,Healthcare,Biotechnology,NASDAQ,109.53,76,70,74,85,105.39,20453696480.181923,199782155.0,0.0952,-6.14,2241914,1610024,1516830,0.209
1378,IMUX,Healthcare,Biotechnology,NASDAQ,109.52,76,86,91,12,11.71,173946344.14542007,13621483.0,0.1161,-25.75,253103,270091,283577,
1379,KRO,Basic Materials,Specialty Chemicals,NYSE,109.49,76,72,31,13,6.5,739791516.1298237,115053116.0,0.070199996,-17.62,222187,293245,294975,0.041
1380,HOPE,Financial Services,Banks - Regional,NASDAQ,109.48,76,65,53,59,12.89,1610769974.5666637,127838883.0,0.048800003,-1.0,821237,840499,933951,0.184
1381,SMBC,Financial Services,Banks - Regional,NASDAQ,109.48,76,72,68,68,70.96,767789516.782959,11015632.0,0.0184,0.21,122370,88030,98850,0.065
1382,HR,Real Estate,REIT - Healthcare Facilities,NYSE,109.45,76,77,69,55,20.46,6809148875.512508,346521578.0,0.08270001,-0.73,4436132,4748374,4034436,-0.065
1383,RBKB,Financial Services,Banks - Regional,NASDAQ,109.4,76,80,82,68,16.47,181827196.24403763,11100562.0,0.0166,-8.45,15285,13591,11167,0.012
1384,AXG,Financial Services,Capital Markets,NASDAQ,109.39,76,63,91,92,3.5,653256639.3241646,190453827.0,0.0036000002,-31.24,88809,103819,240115,2.958
1385,CPF,Financial Services,Banks - Regional,NYSE,109.38,76,69,61,70,36.13,918502212.6654167,26101229.0,0.024600001,1.77,128757,125002,128027,0.092
1386,GL,Financial Services,Insurance - Life,NYSE,109.38,76,69,61,68,162.52,12359492487.292786,77644761.0,0.01,1.98,507567,555765,537213,0.054
1387,SII,Financial Services,Asset Management,NYSE,109.36,76,93,97,92,112.81,3165843144.594658,25782581.0,2.02,-33.5,164152,179157,187796,2.297
1388,PLD,Real Estate,REIT - Industrial,NYSE,109.35,76,74,73,73,145.77,134760128260.4065,932338000.0,0.0154,-1.46,4098439,3336563,3500213,0.083
1389,BOLD,Healthcare,Biotechnology,NASDAQ,109.34,76,78,36,25,1.38,31899036.655944943,22464111.0,0.0019,-17.86,69807,113299,257303,
1390,DD,Basic Materials,Specialty Chemicals,NYSE,109.31,76,81,85,82,45.06,18976976145.630234,405058202.0,0.033,-14.43,3164418,3833089,3471531,0.043
1391,TRN,Industrials,Railroads,NYSE,109.28,76,79,67,39,33.74,2604600144.832653,79505503.0,0.080699995,-9.69,800004,762341,701080,-0.16
1392,VIR,Healthcare,Biotechnology,NASDAQ,109.28,76,90,92,67,8.25,1458839510.7643776,168651974.0,0.1011,-29.25,1838555,1599081,1707825,
1393,TENX,Healthcare,Biotechnology,NASDAQ,109.23,76,89,95,94,10.55,284614943.9277458,26525159.0,0.0296,-42.6,806432,662290,639278,
1394,SNDA,Healthcare,Medical Care Facilities,NYSE,109.21,76,76,85,80,35.85,1627764366.2312584,47346257.0,0.0405,-9.61,629669,651359,621193,0.385
1395,AMC,Communication Services,Entertainment,NYSE,109.2,76,15,6,10,2.08,1349967351.820632,754171721.0,0.0845,-42.22,41546327,31327769,32929301,0.212
1396,ZYME,Healthcare,Biotechnology,NASDAQ,109.2,76,86,88,94,22.85,1768717705.1589584,73573945.0,0.0908,-23.19,751596,693952,658937,-0.911
1397,TDACU,Financial Services,Shell Companies,NASDAQ,109.19,76,44,49,49,12.7,,,,-26.55,2145,1416,849,
1398,XPER,Technology,Software - Application,NYSE,109.18,76,79,30,21,7.55,358174207.2028198,48271456.0,0.053000003,-11.12,410435,538548,440567,0.002
1399,GLNG,Energy,Oil & Gas Midstream,NASDAQ,109.13,76,85,77,32,50.83,5157180506.185684,101779765.0,0.081999995,-12.04,1328365,1600168,1498541,1.201
1400,FUSB,Financial Services,Banks - Regional,NASDAQ,109.13,76,70,70,47,16.3,89967033.87050247,5567267.0,0.0014,-1.21,8355,4921,5547,0.06
1401,FDMT,Healthcare,Biotechnology,NASDAQ,109.12,76,90,86,96,8.72,451666852.5076275,52276254.0,0.2672,-29.34,999991,763010,731260,216.643
1402,QCRH,Financial Services,Banks - Regional,NASDAQ,109.11,76,65,63,71,95.47,1544325678.1751633,16509789.0,0.0242,-0.55,104340,94890,100062,0.211
1403,BOF,Consumer Defensive,Packaged Foods,NASDAQ,109.11,76,78,92,91,3.51,57588272.653934956,15316030.0,0.004,-29.09,161666,115748,91281,-0.184
1404,HBNC,Financial Services,Banks - Regional,NASDAQ,109.1,76,63,45,73,19.33,962433075.0,51329764.0,0.0286,1.36,410472,318744,320644,0.085
1405,FNWB,Financial Services,Banks - Regional,NASDAQ,109.1,76,41,47,75,10.51,93251837.16242218,9036031.0,0.0046,-4.28,37679,28776,45605,0.664
1406,SMBK,Financial Services,Banks - Regional,NYSE,109.1,76,65,65,72,44.31,722752461.5370598,17098473.0,0.013300001,0.91,87427,68462,68833,0.083
1407,ABAT,Industrials,Waste Management,NASDAQ,109.08,76,76,94,98,3.08,424248797.679559,136414409.0,0.1689,-73.19,14173468,8401112,6534081,6.971
1408,CABR,Healthcare,Drug Manufacturers - Specialty & Generic,NASDAQ,109.08,76,75,33,68,1.1,11455297.473296642,9091506.0,0.0007,-33.33,98471,96050,78066,
1409,FCBC,Financial Services,Banks - Regional,NASDAQ,109.05,76,70,74,32,44.29,813533334.3281593,18866729.0,0.0223,-1.8,99609,80046,79529,0.104
1410,NEWT,Financial Services,Banks - Regional,NASDAQ,109.0,76,69,61,49,13.52,381803511.61943436,28858921.0,0.0945,-9.32,142278,173042,186095,0.107
1411,PBA,Energy,Oil & Gas Midstream,NYSE,108.99,76,75,74,37,48.84,28385656522.56012,581435000.0,7.6,-2.51,1226081,1170910,1136974,-0.077
1412,CHW,Financial Services,Asset Management,NASDAQ,108.98,76,75,68,60,8.57,556897471.6936312,63864387.0,0.00029999999,-6.44,252210,220026,222468,-0.274
1413,IONS,Healthcare,Biotechnology,NASDAQ,108.97,76,84,88,94,73.32,12308755725.655426,165262556.0,0.1291,-15.47,1612794,1746264,1705710,0.87
1414,NXG,Financial Services,Asset Management,NYSE,108.92,76,78,77,64,57.51,334210357.03425217,5682883.0,0.22,-5.47,73045,107138,90959,
1415,SUN,Energy,Oil & Gas Refining & Marketing,NYSE,108.9,76,80,81,52,65.8,12482291820.0,188411952.0,0.032899998,-9.71,330395,570658,471615,1.064
1416,HBT,Financial Services,Banks - Regional,NASDAQ,108.89,75,60,64,67,30.46,1053232235.8565598,36381078.0,0.0095,1.94,110993,93644,84128,0.175
1417,NFJ,Financial Services,Asset Management,NYSE,108.89,75,72,60,60,14.78,1394588113.7624207,94101764.0,0.00090000004,-2.31,153210,157003,174924,
1418,EQIX,Real Estate,REIT - Specialty,NASDAQ,108.88,75,80,80,30,1038.33,106607876059.96289,98624248.0,0.022,-8.0,532504,557178,535224,0.121
1419,UAN,Basic Materials,Agricultural Inputs,NYSE,108.87,75,86,92,79,116.51,1253664769.631195,10569638.0,0.043,-16.48,48995,65361,74819,0.26
1420,KMT,Industrials,Tools & Accessories,NYSE,108.84,75,81,92,84,33.3,2486735742.291172,76210103.0,0.0608,-23.99,1371511,1549987,1329344,0.218
1421,NWBI,Financial Services,Banks - Regional,NASDAQ,108.84,75,67,51,53,14.56,2076204836.293929,146314651.0,0.0463,1.96,1040132,1012974,1054776,0.151
1422,XOM,Energy,Oil & Gas Integrated,NYSE,108.83,75,76,87,53,150.62,621410470937.415,4144947162.0,0.011,-14.62,15542207,16754459,18363411,0.026
1423,ABEV,Consumer Defensive,Beverages - Brewers,NYSE,108.83,75,77,77,70,3.11,48586803622.6466,15572694040.0,5.21,-9.86,27425020,29950266,28421188,-0.001
1424,PFS,Financial Services,Banks - Regional,NYSE,108.83,75,66,68,72,23.12,2932057957.5,130313687.0,0.0635,-3.59,891497,961535,940371,0.092
1425,FULT,Financial Services,Banks - Regional,NASDAQ,108.82,75,63,62,61,22.72,4195382358.5233536,191133586.0,0.0502,-1.17,1687388,1591446,1865029,0.042
1426,FGBIP,Financial Services,Banks - Regional,NASDAQ,108.8,75,74,64,23,20.46,,,1.12,-4.66,1750,2810,2994,0.945
1427,PROF,Healthcare,Medical Devices,NASDAQ,108.78,75,79,37,86,6.71,242008656.87531662,36337637.0,0.0681,-25.03,56543,68747,81126,1.036
1428,TNC,Industrials,Specialty Industrial Machinery,NYSE,108.78,75,55,25,35,85.51,1431438277.4290237,17038903.0,0.096499994,-3.77,126122,207990,235320,0.027
1429,CHI,Financial Services,Asset Management,NASDAQ,108.75,75,74,72,56,12.44,1005606569.0987196,80706787.0,0.0042,-3.57,150531,163293,182770,-0.302
1430,TRON,Consumer Cyclical,Leisure,NASDAQ,108.74,75,93,92,90,1.78,830168612.0,474382064.0,0.028399998,-86.09,653457,747625,838663,0.087
1431,BP,Energy,Oil & Gas Integrated,NYSE,108.74,75,80,83,60,42.95,110650488226.85825,2575063651.0,0.0067000003,-11.02,7730758,8756896,10809245,0.116
1432,NGVT,Basic Materials,Specialty Chemicals,NYSE,108.73,75,78,82,75,68.06,2294583748.8196564,34771690.0,0.0417,-14.16,233605,252095,239803,0.041
1433,ACA,Industrials,Engineering & Construction,NYSE,108.71,75,73,69,75,122.85,6013813521.478851,49096364.0,0.0339,-9.39,264245,290831,278471,0.044
1434,RYM,Consumer Defensive,Tobacco,NASDAQ,108.71,75,74,21,43,27.56,54372962.060344696,2149129.0,0.036199998,-48.63,10338,11022,18509,23.695
1435,STBA,Financial Services,Banks - Regional,NASDAQ,108.71,75,64,57,65,47.24,1640545946.7036285,35976886.0,0.0494,2.38,215226,255965,234053,0.041
1436,BST,Financial Services,Asset Management,NYSE,108.67,75,74,66,65,45.18,1597815290.2735634,34720019.0,0.0004,-10.64,141121,139397,123400,
1437,VRA,Consumer Cyclical,Footwear & Accessories,NASDAQ,108.66,75,88,92,29,3.18,87589813.99033356,28438252.0,0.0533,-27.56,122404,154951,201680,-0.017
1438,BNED,Consumer Cyclical,Specialty Retail,NYSE,108.65,75,74,40,24,10.82,355650750.10512066,34296119.0,0.091800004,-11.38,248287,255465,234013,0.113
1439,VC,Consumer Cyclical,Auto Parts,NASDAQ,108.63,75,66,36,50,117.7,3135479682.220894,26694021.0,0.1246,-8.83,436663,474981,572162,0.021
1440,KVHI,Communication Services,Telecom Services,NASDAQ,108.63,75,95,83,82,7.62,146623087.1481099,19497751.0,0.0078,-41.38,256408,258889,204827,0.272
1441,USIO,Technology,Software - Infrastructure,NASDAQ,108.63,75,30,27,45,1.65,41669950.67682409,27595994.0,0.0032,-18.32,70329,100956,67763,0.157
1442,PDM,Real Estate,REIT - Office,NYSE,108.63,75,50,27,59,9.12,1105168005.596386,125019003.0,0.044099998,-0.76,1165437,1070162,1145815,0.004
1443,UGP,Energy,Oil & Gas Refining & Marketing,NYSE,108.6,75,89,87,68,4.85,5215558908.3558235,1079825878.0,0.005,-21.77,3062629,3311193,3162877,0.103
1444,IEX,Industrials,Specialty Industrial Machinery,NYSE,108.58,75,69,66,44,214.5,15939141899.952026,74015052.0,0.0318,-4.18,656291,700410,685122,0.089
1445,AAPL,Technology,Consumer Electronics,NASDAQ,108.57,75,72,63,78,291.58,4514011939253.296,14687356000.0,0.0095,-8.0,56985911,51826480,47800698,0.166
1446,AAUC,Basic Materials,Gold,NYSE,108.54,75,92,95,95,25.06,3209971339.5,125881229.0,0.0293,-22.17,469209,713163,728829,0.138
1447,ONL,Real Estate,REIT - Office,NYSE,108.5,75,74,62,21,2.8,160260787.96618366,56830068.0,0.0094,-8.2,305024,352381,346616,-0.039
1448,MBBC,Financial Services,Banks - Regional,NASDAQ,108.5,75,82,83,78,14.15,42490741.27437973,2950746.0,0.0023,-10.16,30543,21281,17654,0.343
1449,PANL,Industrials,Marine Shipping,NASDAQ,108.5,75,85,78,87,7.3,471641597.3253813,65414923.0,0.0292,-22.26,646399,651556,576571,0.389
1450,KVACU,Financial Services,Shell Companies,NASDAQ,108.49,75,44,49,49,13.89,,,,15.75,1046,358,215,
1451,WSBK,Financial Services,Banks - Regional,NASDAQ,108.47,75,76,86,62,12.85,115145550.96825218,8960743.0,0.0047999998,-4.0,5472,7684,6448,0.351
1452,ABOS,Healthcare,Biotechnology,NASDAQ,108.46,75,88,97,90,2.24,155289303.8881588,72227580.0,0.0347,-37.78,308033,309941,356854,
1453,SHEN,Communication Services,Telecom Services,NASDAQ,108.43,75,79,75,27,16.18,891790702.5480709,55322001.0,0.061300002,-6.74,312313,343587,318624,0.048
1454,GSL,Industrials,Marine Shipping,NYSE,108.42,75,83,85,84,38.13,1374031136.909996,36035434.0,0.023699999,-10.7,351914,368554,321232,0.022
1455,FBNC,Financial Services,Banks - Regional,NASDAQ,108.41,75,67,71,72,60.8,2452320747.450161,41375413.0,0.056199998,-2.94,194586,197882,203065,0.139
1456,UE,Real Estate,REIT - Retail,NYSE,108.4,75,66,68,41,23.76,2884597585.7434998,126019994.0,0.051999997,3.12,751345,782245,808235,0.054
1457,BNL,Real Estate,REIT - Diversified,NYSE,108.36,75,70,75,57,21.08,3946555687.269373,191766555.0,0.0652,1.57,1567759,1807456,2729397,0.117
1458,ANET,Technology,Computer Hardware,NYSE,108.36,75,66,79,71,151.76,194252074580.01224,1259169438.0,0.02,-15.6,8927547,11551169,9764741,0.351
1459,BATRK,Communication Services,Entertainment,NASDAQ,108.34,75,74,63,38,50.67,3180892093.1775703,64143821.0,0.028199999,-2.65,333777,350825,367641,0.525
1460,HBCP,Financial Services,Banks - Regional,NASDAQ,108.29,75,69,70,77,67.46,513535504.20719147,7842631.0,0.0191,2.09,63744,73258,100042,0.055
1461,DVN,Energy,Oil & Gas E&P,NYSE,108.28,75,78,85,51,46.6,51072688169.99722,1153403107.0,0.024,-11.59,14377451,15150993,14251102,-0.008
1462,BHB,Financial Services,Banks - Regional,NYSE ARCA,108.26,75,62,55,60,36.66,601878687.5232124,16742105.0,0.0113,0.3,82287,93252,96455,0.257
1463,CNXN,Technology,Electronics & Computer Distribution,NASDAQ,108.26,75,43,44,34,74.11,1820059329.541893,25226047.0,0.0359,0.6,136895,106331,88077,0.03
1464,ABX,Financial Services,Insurance - Life,NYSE,108.2,75,80,87,80,9.11,840279956.8748875,95922367.0,0.2229,-13.53,455114,530008,553412,0.346
1465,WLFC,Industrials,Rental & Leasing Services,NASDAQ,108.18,75,83,73,22,181.27,1465538732.8468018,7966616.0,0.123500004,-24.29,110765,125941,112539,0.246
1466,TRS,Consumer Cyclical,Packaging & Containers,NASDAQ,108.17,75,79,73,69,40.43,1403370355.8475494,35827685.0,0.2082,-7.53,434068,491046,477251,0.104
1467,SRCE,Financial Services,Banks - Regional,NASDAQ,108.16,75,68,66,60,77.58,1813590900.123787,24068891.0,0.0277,1.49,120781,115183,130838,0.051
1468,MFC,Financial Services,Insurance - Life,NYSE,108.13,75,73,61,74,39.25,64602750269.0251,1668890514.0,7.38,-2.87,3035661,2470250,2246890,0.121
1469,AYA,Basic Materials,Silver,NASDAQ,108.11,75,94,87,89,16.08,2457014610.3662567,143349749.0,27.3,-26.91,394253,431094,327168,2.466
1470,AVBC,Financial Services,Banks - Regional,NYSE,108.07,75,73,79,69,20.07,356739883.5081711,18570531.0,0.0034999999,-6.35,70158,52079,60207,4.107
1471,IBTA,Technology,Software - Application,NYSE,108.05,75,72,34,10,31.74,764582696.1352158,23274969.0,0.2902,-36.53,180515,201265,200189,-0.025
1472,DSX,Industrials,Marine Shipping,NYSE,108.03,74,90,84,35,2.33,291101790.1824496,124402479.0,0.0479,-20.21,1319066,1041255,803413,-0.004
1473,STRR,Industrials,Conglomerates,NASDAQ,108.03,74,42,43,46,11.66,41721838.10423088,3692198.0,0.0019,-2.75,12651,7470,7054,0.571
1474,RGTI,Technology,Computer Hardware,NASDAQ,108.03,74,69,45,95,19.44,6874007430.200066,332398807.0,0.1487,-66.57,58485768,51300806,43177903,1.989
1475,AIN,Consumer Cyclical,Textile Manufacturing,NYSE,108.0,74,59,35,18,67.63,1920765133.047264,28354963.0,0.0219,-7.36,278244,256601,233286,0.078
1476,CCD,Financial Services,Asset Management,NASDAQ,108.0,74,73,69,53,24.28,714571475.0,28582859.0,0.0021,-6.97,79704,91434,99548,
1477,FBP,Financial Services,Banks - Regional,NYSE,107.99,74,63,54,60,24.76,3761923393.434082,154684352.0,0.0731,0.49,1697476,1267432,1381627,0.081
1478,SG,Consumer Cyclical,Restaurants,NYSE,107.99,74,35,12,8,8.6,881701224.0058308,118827657.0,0.2243,-48.5,6437169,6347603,5427369,-0.029
1479,LEVI,Consumer Cyclical,Apparel Manufacturing,NYSE,107.96,74,58,43,77,22.95,8664953799.111288,384596251.0,0.1004,-7.53,2007893,2600917,2966548,0.141
1480,FUND,Financial Services,Asset Management,NASDAQ,107.93,74,77,79,71,10.11,303441688.6956825,29895734.0,0.001,-3.44,17174,22358,29438,0.038
1481,GPCR,Healthcare,Biotechnology,NASDAQ,107.93,74,67,95,98,41.53,2670980441.4213257,71074516.0,0.109,-56.24,774072,793464,861250,
1482,WLDN,Industrials,Engineering & Construction,NASDAQ,107.9,74,62,71,93,96.73,1468901995.425827,15110606.0,0.0747,-29.39,285313,431641,389888,0.018
1483,KRP,Energy,Oil & Gas E&P,NYSE,107.89,74,70,74,25,15.54,1505433632.2597122,98652268.0,0.0226,-0.7,866804,933614,872608,-0.067
1484,OTLK,Healthcare,Biotechnology,NASDAQ,107.87,74,3,2,95,0.89,115452192.95088905,148587119.0,0.0752,-73.75,27410130,26686893,18042696,
1485,ARGX,Healthcare,Biotechnology,NASDAQ,107.86,74,65,44,85,862.18,55703017118.12683,62494970.0,0.0346,-7.75,350656,340178,322683,0.626
1486,NPCE,Healthcare,Medical Devices,NASDAQ,107.84,74,77,74,89,15.71,536635538.49656105,34093745.0,0.0207,-19.85,143169,194093,179635,-0.02
1487,SAN,Financial Services,Banks - Diversified,NYSE,107.82,74,75,77,90,11.92,174964112323.95667,14400338915.0,0.0070999996,-9.97,8325815,8361628,8679719,0.046
1488,MGTX,Healthcare,Biotechnology,NASDAQ,107.82,74,82,44,76,9.14,833485644.0,92609516.0,0.0832,-22.87,780283,722587,894580,-0.848
1489,WLYB,Communication Services,Publishing,NYSE,107.81,74,72,55,16,43.29,2282077024.9712677,51322996.0,0.0034,-4.67,285,142,301,0.013
1490,MTX,Basic Materials,Specialty Chemicals,NYSE,107.77,74,78,71,37,75.95,2351392355.9986877,31008734.0,0.0229,-9.95,141857,216969,193317,0.112
1491,BC,Consumer Cyclical,Recreational Vehicles,NYSE,107.76,74,71,70,76,78.68,5223944914.343124,64974438.0,0.0001,-12.82,572904,622288,686640,0.128
1492,CREX,Technology,Software - Application,NASDAQ,107.73,74,86,88,66,3.75,42480417.15844536,10567268.0,0.0114,-15.16,32022,31147,33968,0.679
1493,IDR,Basic Materials,Gold,NYSE ARCA,107.72,74,95,92,98,31.75,513346141.0291443,15809859.0,0.0746,-41.96,183865,241488,255581,0.99
1494,STEL,Financial Services,Banks - Regional,NYSE,107.69,74,69,77,66,38.3,1914109045.589882,50920698.0,0.0201,-4.75,412322,301484,302368,0.073
1495,DOW,Basic Materials,Chemicals,NYSE,107.66,74,87,86,20,34.24,24483587528.671326,720741438.0,0.0345,-19.89,11145020,11237030,12894734,-0.061
1496,BATRA,Communication Services,Entertainment,NASDAQ,107.66,74,75,67,41,54.76,3457352049.7757034,64143821.0,0.0652,-2.32,43767,47395,60613,0.525
1497,NCV,Financial Services,Asset Management,NYSE,107.65,74,74,71,67,16.93,387024803.12887,22593393.0,0.0023999999,-3.81,79350,83953,87066,-0.105
1498,FF,Basic Materials,Specialty Chemicals,NYSE,107.65,74,64,75,20,4.57,190806251.26685,43863507.0,0.025999999,-10.74,269967,347812,407189,0.822
1499,WAFD,Financial Services,Banks - Regional,NASDAQ,107.62,74,69,56,63,36.55,2628213211.0510254,73888480.0,0.059,-5.29,495398,496956,600747,0.092
1500,OVLY,Financial Services,Banks - Regional,NASDAQ,107.62,74,67,75,71,34.78,287824390.47724915,8413458.0,0.0069,-1.95,80318,53956,45903,0.061
1501,DTM,Energy,Oil & Gas Midstream,NYSE,107.59,74,79,82,73,140.8,14537011815.0,102014118.0,0.0473,-7.9,580329,709079,729691,0.109
1502,ABCB,Financial Services,Banks - Regional,NYSE,107.59,74,68,68,74,86.56,5751490313.554169,67292503.0,0.050300002,-1.63,418711,381607,465146,0.128
1503,SKT,Real Estate,REIT - Retail,NYSE,107.59,74,64,70,57,39.6,4260745331.118664,114875851.0,0.0559,4.35,992038,945826,846089,0.117
1504,LAMR,Real Estate,REIT - Specialty,NASDAQ,107.57,74,75,71,61,150.74,15365359607.61354,101475101.0,0.089499995,-5.01,483580,681183,600442,0.044
1505,USAS,Basic Materials,Other Industrial Metals & Mining,NYSE ARCA,107.57,74,96,98,99,4.57,1608513135.223051,326933559.0,0.0356,-56.48,4203762,5168547,5084034,1.879
1506,RMCO,Financial Services,Asset Management,NASDAQ,107.57,74,81,98,94,2.53,38656869.62713599,15159557.0,0.00090000004,-49.4,18090,63946,47068,0.772
1507,INV,Financial Services,Asset Management,NASDAQ,107.56,74,92,12,16,5.51,491661767.78486824,84044748.0,0.1178,-29.9,3169312,2671464,2410638,5.442
1508,BCH,Financial Services,Banks - Regional,NYSE,107.55,74,54,78,87,38.65,18425515379.67025,505085406.0,0.0038,-17.36,311523,326684,407784,-0.079
1509,JOYY,Communication Services,Internet Content & Information,NASDAQ,107.54,74,63,70,82,68.25,3329731589.606415,50381779.0,0.048699997,-3.82,370751,322143,302980,0.124
1510,PRG,Industrials,Rental & Leasing Services,NYSE,107.53,74,66,40,32,36.21,1412311131.0,40065564.0,0.1205,-11.98,411302,478730,439636,0.111
1511,KEY,Financial Services,Banks - Regional,NYSE,107.53,74,67,64,77,21.98,23592751219.039566,1084225688.0,0.0,-5.87,14856093,11471244,12396874,0.118
1512,HASI,Financial Services,Asset Management,NYSE,107.52,74,82,80,75,36.37,4942066988.209259,127801066.0,0.1294,-17.58,1251050,1131543,995730,-0.283
1513,BFS,Real Estate,REIT - Retail,NYSE,107.5,74,61,59,34,37.82,896536108.2231445,24535744.0,0.0034,1.07,78942,64497,61512,0.089
1514,BY,Financial Services,Banks - Regional,NYSE,107.45,74,67,66,66,34.7,1533924713.5887756,45409259.0,0.0257,1.08,281653,282121,241328,0.138
1515,KELYA,Industrials,Staffing & Employment Services,NASDAQ,107.43,74,33,24,13,11.72,408056382.1702957,34669190.0,0.0403,-21.55,427255,509331,432517,-0.107
1516,EVR,Financial Services,Capital Markets,NYSE,107.42,74,67,45,77,340.78,13129995260.801025,38682484.0,0.0286,-12.33,394952,497877,527048,1.003
1517,PEBO,Financial Services,Banks - Regional,NASDAQ,107.42,74,64,64,57,36.06,1262350749.0140533,35923471.0,0.0428,1.69,199747,193359,237309,0.067
1518,DIN,Consumer Cyclical,Restaurants,NYSE,107.39,74,67,51,85,32.48,373451558.77461433,12685175.0,0.2143,-18.15,328592,485737,421460,0.048
1519,PNC,Financial Services,Banks - Regional,NYSE,107.37,74,61,62,68,232.64,91705313049.0752,401564632.0,0.0172,-4.63,1924307,1710355,1928935,0.138
1520,FUNC,Financial Services,Banks - Regional,NASDAQ,107.37,74,57,61,79,41.64,256063607.1095276,6446717.0,0.0074,-0.74,18802,16184,12990,0.112
1521,JCI,Industrials,Building Products & Equipment,NYSE,107.37,74,73,83,80,139.36,87643102647.09988,610115603.0,0.0189,-6.08,4587554,3897628,3543034,0.082
1522,TBPH,Healthcare,Biotechnology,NASDAQ,107.35,74,75,61,90,16.37,839798498.6481857,51553005.0,0.15529999,-22.16,397022,358117,385344,0.15
1523,BIIB,Healthcare,Drug Manufacturers - General,NASDAQ,107.34,74,80,78,78,194.24,28839433894.11673,147637117.0,0.0357,-5.7,1004550,1127940,1221792,0.019
1524,DBVT,Healthcare,Biotechnology,NASDAQ,107.33,74,86,96,98,16.04,981907129.7711716,59186686.0,0.0305,-38.74,232610,221770,229860,0.125
1525,BANC,Financial Services,Banks - Regional,NYSE,107.32,74,63,61,82,19.65,2971474691.748123,154202108.0,0.0788,-9.07,2538205,2647085,2883645,0.08
1526,BKU,Financial Services,Banks - Regional,NYSE,107.31,74,67,70,79,48.11,3426215953.5986023,72681714.0,0.0551,-7.68,611291,583977,744262,0.037
1527,SNOW,Technology,Software - Application,NYSE,107.3,74,19,30,72,239.9,82580914096.06934,346600000.0,0.057600003,-15.82,13819313,10012071,9296262,0.335
1528,ESEA,Industrials,Marine Shipping,NASDAQ,107.27,74,85,91,87,66.06,468722176.983284,7055881.0,0.0185,-16.12,72753,69647,76724,-0.009
1529,CNI,Industrials,Railroads,NYSE,107.24,74,66,66,43,119.18,73022506333.92334,606600000.0,3.73,-2.69,1898660,1505830,1429158,-0.005
1530,CLFD,Technology,Communication Equipment,NASDAQ,107.24,74,83,35,27,37.79,544121990.8415222,13589460.0,0.16299999,-28.33,355392,414060,318480,-0.153
1531,MO,Consumer Defensive,Tobacco,NYSE,107.24,74,71,74,50,73.13,120549452331.5329,1669891235.0,0.0309,-1.92,8191433,9110767,8783346,0.053
1532,AIO,Financial Services,Asset Management,NYSE,107.23,74,75,59,42,25.83,904713570.294941,34439039.0,0.19,-6.65,81980,92816,87216,
1533,RNG,Technology,Software - Application,NYSE,107.21,73,87,83,37,38.73,3546380439.934845,83858604.0,0.2201,-22.31,1586800,1898720,1721804,0.053
1534,CAF,Financial Services,Asset Management,NYSE,107.21,73,78,76,76,19.14,326938585.30168915,16817828.0,0.27,-6.95,29112,44610,59838,
1535,NC,Energy,Thermal Coal,NYSE,107.2,73,69,83,85,52.95,401235851.19636536,7540610.0,0.0046,-10.89,11314,11248,10366,-0.043
1536,INBK,Financial Services,Banks - Regional,NASDAQ,107.2,73,70,28,22,25.59,215214389.43519974,8716662.0,0.0256,-10.24,36624,54964,56224,0.137
1537,PRKS,Consumer Cyclical,Leisure,NYSE,107.13,73,28,22,15,44.08,1921715498.1369324,47135528.0,0.38880002,-22.6,904508,1070146,1037119,-0.03
1538,UBSI,Financial Services,Banks - Regional,NASDAQ,107.13,73,63,66,64,44.88,6049358311.263962,137798590.0,0.0404,-2.29,810601,763510,814186,0.106
1539,PTCT,Healthcare,Biotechnology,NASDAQ,107.12,73,79,65,86,73.35,5886914619.116516,82949338.0,0.16770001,-16.17,1181623,1439497,1226110,-0.768
1540,VNO,Real Estate,REIT - Office,NYSE,107.12,73,32,17,23,38.28,6622921816.551361,188097756.0,0.0002,-11.74,1892147,1820032,1822901,-0.022
1541,IVT,Real Estate,REIT - Retail,NYSE,107.1,73,63,69,43,34.76,2606954476.11034,77935857.0,0.0446,2.87,909590,637216,550732,0.119
1542,SION,Healthcare,Biotechnology,NASDAQ,107.09,73,91,92,97,34.03,1596967123.8742447,45150330.0,0.1705,-29.76,420226,377118,417899,
1543,RYAM,Basic Materials,Chemicals,NYSE,107.08,73,90,96,38,7.94,546252272.6257648,67438549.0,0.052199997,-33.0,740769,927476,1016005,-0.095
1544,FNLC,Financial Services,Banks - Regional,NASDAQ,107.06,73,62,66,67,30.8,336130339.95809555,11275758.0,0.0064999997,1.55,21398,17259,18193,0.145
1545,ASRV,Financial Services,Banks - Regional,NASDAQ,107.05,73,78,85,70,3.77,63446362.48178387,16964268.0,0.0062,-6.68,8209,10886,11701,0.03
1546,BURL,Consumer Cyclical,Apparel Retail,NYSE,107.04,73,46,78,49,327.01,19955825643.962524,62942206.0,0.066599995,-7.06,1296398,952849,818177,0.141
1547,ELAN,Healthcare,Drug Manufacturers - Specialty & Generic,NYSE,107.02,73,64,90,91,22.87,11801993227.13523,499449583.0,0.1014,-17.5,6275201,6991117,5950242,0.149
1548,NBIX,Healthcare,Drug Manufacturers - Specialty & Generic,NASDAQ,107.02,73,70,42,71,160.86,16478131705.006714,100549983.0,0.0669,-5.14,1250674,1266111,1227856,0.422
1549,WAB,Industrials,Railroads,NYSE,107.0,73,76,78,67,256.52,44183979862.77167,169677346.0,0.0216,-7.0,861549,911326,1008939,0.13
1550,PPSI,Industrials,Electrical Equipment & Parts,NASDAQ,106.98,73,70,41,53,4.12,46604315.08355522,11096266.0,0.0062,-34.5,274354,329911,273638,-0.367
1551,MTLS,Technology,Software - Application,NASDAQ,106.93,73,56,42,38,6.56,382179456.5063896,58259064.0,0.014199999,-6.29,209618,159869,123265,-0.002
1552,ALLR,Healthcare,Biotechnology,NASDAQ,106.9,73,89,76,34,1.49,25616265.867604733,15910724.0,0.0178,-36.6,197684,251618,204352,
1553,JOUT,Consumer Cyclical,Leisure,NASDAQ,106.89,73,68,85,84,45.86,469685190.87831116,10474692.0,0.1342,-14.34,54936,76868,84141,0.155
1554,ETR,Utilities,Utilities - Regulated Electric,NYSE,106.89,73,76,79,70,110.48,50706388458.62817,457886847.0,0.052600004,-6.73,3695540,4067460,3558674,0.12
1555,BBVA,Financial Services,Banks - Diversified,NYSE,106.89,73,69,75,91,22.02,123659906017.6044,5565252468.0,0.0002,-15.95,1587974,1501764,1642396,0.119
1556,BVS,Healthcare,Medical Devices,NASDAQ,106.88,73,82,75,34,9.05,612442351.3356171,67748048.0,0.034,-19.55,748068,652749,573213,0.066
1557,KNOP,Energy,Oil & Gas Midstream,NYSE,106.86,73,80,83,90,10.71,370753942.4328804,34553025.0,0.0083,-9.08,107494,91454,93086,0.068
1558,KYIV,Communication Services,Telecom Services,NASDAQ,106.85,73,64,30,86,13.3,3169757451.83902,230863624.0,0.0533,-19.3,422905,641615,613141,0.267
1559,COP,Energy,Oil & Gas E&P,NYSE,106.85,73,76,82,37,119.92,142710959236.39233,1218294007.0,0.0229,-11.74,6958959,7274506,7965073,-0.053
1560,SFD,Consumer Defensive,Packaged Foods,NASDAQ,106.84,73,63,65,60,26.83,10572734387.02926,393477263.0,0.0709,-9.98,1157792,1236050,1564048,0.008
1561,KIM,Real Estate,REIT - Retail,NYSE,106.81,73,67,72,33,25.38,16340464351.448853,674389792.0,0.050300002,3.09,4677339,4472569,4494903,0.04
1562,RUSHA,Consumer Cyclical,Auto & Truck Dealerships,NASDAQ,106.76,73,76,73,54,67.77,5208277481.945,77712291.0,0.090500005,-11.98,532779,464116,431681,-0.09
1563,CII,Financial Services,Asset Management,NYSE,106.75,73,76,70,80,24.15,997949506.8339844,40983552.0,0.0138,-7.72,71626,74055,75047,-0.045
1564,ING,Financial Services,Banks - Diversified,NYSE,106.74,73,73,67,85,28.71,85085524188.30037,2867729153.0,0.0011,-8.57,3640997,2830249,2821777,0.029
1565,GRWG,Consumer Cyclical,Specialty Retail,NASDAQ,106.72,73,58,20,89,1.51,96746357.90960729,60090905.0,0.026099999,-37.08,314371,444453,532740,0.075
1566,CAH,Healthcare,Medical Distribution,NYSE,106.72,73,44,85,87,216.3,48178488004.477005,234205855.0,0.0366,-7.41,2213174,2442984,2065510,0.11
1567,LC,Financial Services,Banks - Regional,NYSE,106.69,73,58,41,85,17.22,1978268319.7471142,115350925.0,0.058000002,-20.54,2212842,1892840,2200898,0.125
1568,FCCO,Financial Services,Banks - Regional,NASDAQ,106.69,73,64,67,80,32.0,294720031.3360596,9397960.0,0.0068,1.11,134653,92521,87360,0.281
1569,TRSG,Industrials,Metal Fabrication,NASDAQ,106.69,73,35,22,17,1.61,25511437.224246025,16353486.0,0.0054,-18.69,24475,12105,8249,0.109
1570,CWBC,Financial Services,Banks - Regional,NASDAQ,106.69,73,64,69,77,25.31,668858167.5491219,27134206.0,0.030199999,-1.59,377595,264111,261087,0.111
1571,CVSA,Consumer Defensive,Education & Training Services,NYSE,106.67,73,74,46,27,130.25,4310011890.477013,34030887.0,0.0644,-16.65,273654,293878,287226,0.045
1572,ALX,Real Estate,REIT - Retail,NYSE,106.67,73,62,72,45,267.89,1320694102.3965454,5107290.0,0.1691,2.7,36210,42883,42212,-0.027
1573,DGICB,Financial Services,Insurance - Property & Casualty,NASDAQ,106.66,73,74,41,52,19.15,709499883.3166981,37049603.0,0.008,-6.4,260,533,856,-0.037
1574,BCV,Financial Services,Asset Management,NYSE ARCA,106.65,73,75,73,74,24.71,150276941.00048637,5822431.0,0.0002,-9.59,19267,18282,18721,-0.067
1575,DBRG,Financial Services,Asset Management,NYSE,106.64,73,81,84,77,15.68,2895229447.4294662,184880554.0,0.0991,-0.25,1915561,2601587,2898734,0.589
1576,BKHAU,Financial Services,Shell Companies,NASDAQ,106.59,73,46,61,69,13.75,,,0.0,-14.6,1204,438,262,
1577,MNSB,Financial Services,Banks - Regional,NASDAQ,106.57,73,66,69,69,24.24,169883965.60286522,7117049.0,0.0255,-3.69,37299,36499,46125,0.037
1578,MNPR,Healthcare,Biotechnology,NASDAQ,106.56,73,77,85,94,59.42,398460204.6934128,6699062.0,0.3431,-43.41,122137,168022,171775,
1579,HFWA,Financial Services,Banks - Regional,NASDAQ,106.55,73,62,62,59,28.72,1145058764.5627155,41218817.0,0.0695,-0.9,254082,238244,250428,0.372
1580,BUSE,Financial Services,Banks - Regional,NASDAQ,106.54,73,64,64,62,28.33,2332638066.347275,84577160.0,0.0467,1.61,815517,663132,609653,1.434
1581,CHY,Financial Services,Asset Management,NASDAQ,106.52,73,74,69,63,12.67,1026621391.469492,80330314.0,0.0038,-5.8,210423,228834,225182,-0.285
1582,BHV,Financial Services,Asset Management,NYSE,106.52,73,63,55,53,12.4,19695626.19408989,1588357.0,0.0032,-1.82,6964,5308,4620,-0.02
1583,CHCT,Real Estate,REIT - Healthcare Facilities,NYSE,106.5,73,67,66,41,17.86,499720653.03043556,28571793.0,0.0242,-1.98,154067,186465,189805,0.048
1584,COLB,Financial Services,Banks - Regional,NASDAQ,106.5,73,59,57,72,30.32,8586284211.387276,289490366.0,0.0309,-7.28,2931794,2778171,2763338,0.399
1585,TXMD,Healthcare,Drug Manufacturers - Specialty & Generic,NASDAQ,106.49,73,76,95,91,1.86,23032980.490381718,11574362.0,0.0063,-36.95,72262,37287,31394,0.842
1586,REI,Energy,Oil & Gas E&P,NYSE ARCA,106.47,73,92,91,19,1.29,319855565.0790632,253853625.0,0.0328,-35.5,3972135,5947725,5359463,-0.071
1587,RL,Consumer Cyclical,Apparel Manufacturing,NYSE,106.47,73,58,73,87,376.43,21815715899.782104,59516346.0,0.1022,-4.32,678172,742687,667140,0.166
1588,FMBH,Financial Services,Banks - Regional,NASDAQ,106.45,73,62,59,68,46.14,1198509261.3900146,26615796.0,0.0104,1.74,128583,102834,103102,0.145
1589,TDW,Energy,Oil & Gas Equipment & Services,NYSE,106.45,73,85,89,60,73.44,3604477823.9024963,49730652.0,0.1348,-21.14,607733,726497,760918,-0.431
1590,PGACU,Financial Services,Shell Companies,NASDAQ,106.44,73,46,54,45,12.5,,,0.0,-21.88,738,246,150,
1591,CRGY,Energy,Oil & Gas E&P,NYSE,106.43,72,82,82,22,11.71,3811103774.5219,330251628.0,0.1154,-18.05,5398892,7025224,7172598,0.245
1592,CTO,Real Estate,REIT - Diversified,NYSE,106.43,72,73,70,55,20.98,693239323.3049011,33783592.0,0.0195,0.24,347064,425664,331138,0.15
1593,WASH,Financial Services,Banks - Regional,NASDAQ,106.4,72,56,71,57,34.75,636790835.2917862,19065593.0,0.048699997,-6.28,152786,167158,193823,-0.07
1594,CBNA,Financial Services,Banks - Regional,NYSE,106.31,72,75,77,87,37.49,237537780.40626907,6561817.0,0.003,-3.82,6373,4897,4136,0.215
1595,RVSB,Financial Services,Banks - Regional,NASDAQ,106.31,72,45,46,55,6.08,116396306.4020729,20564719.0,0.026099999,3.93,45746,41912,38117,-0.922
1596,COLD,Real Estate,REIT - Industrial,NYSE,106.26,72,68,24,19,14.36,4196852035.803562,285306052.0,0.0832,-20.58,5880008,5033332,4482407,0.003
1597,WEYS,Consumer Cyclical,Footwear & Accessories,NASDAQ,106.23,72,61,73,74,36.29,334389663.61398315,9532202.0,0.01,-0.79,18839,16349,15975,-0.0
1598,DNUT,Consumer Defensive,Grocery Stores,NASDAQ,106.22,72,42,36,61,3.9,605123998.3558655,172400000.0,0.1823,-31.94,2688792,2535474,2294850,-0.022
1599,BRX,Real Estate,REIT - Retail,NYSE,106.19,72,66,75,37,31.86,9505798254.201344,306836617.0,0.0841,1.17,2596706,2597938,2564253,0.051
1600,LODE,Basic Materials,Other Precious Metals & Mining,NYSE ARCA,106.16,72,54,44,67,3.72,298338425.1877451,75913084.0,0.044699997,-22.5,1726878,1576579,1345069,-0.601
1601,IPGP,Technology,Semiconductor Equipment & Materials,NASDAQ,106.16,72,72,92,54,104.07,4557171166.494873,42443616.0,0.16420001,-33.21,629426,665098,559931,0.166
1602,CDXS,Healthcare,Biotechnology,NASDAQ,106.16,72,88,19,10,2.35,232695206.31885672,90896567.0,0.041300002,-39.28,896675,1004975,1182729,1.021
1603,FCF,Financial Services,Banks - Regional,NYSE,106.14,72,62,55,52,19.53,1943189997.113266,101684455.0,0.0337,1.77,719289,671309,706641,0.091
1604,XIFR,Utilities,Utilities - Renewable,NYSE,106.13,72,70,75,26,11.47,1095449867.1113348,94272795.0,0.0376,-13.43,1004587,1231675,1027475,-0.025
1605,XENE,Healthcare,Biotechnology,NASDAQ,106.12,72,85,89,75,51.34,5000508857.250023,96665550.0,0.0397,-19.72,1565306,1271725,1116515,
1606,CBOE,Financial Services,Financial Data & Stock Exchanges,BATS,106.1,72,85,80,68,301.08,29502948630.693604,104653784.0,0.0298,-18.89,2138412,1356347,1133334,0.065
1607,JAKK,Consumer Cyclical,Leisure,NASDAQ,106.07,72,76,63,20,22.02,247885940.51372147,11444411.0,0.0339,-9.94,42891,54663,54470,-0.058
1608,FLY,Industrials,Aerospace & Defense,NASDAQ,106.06,72,86,18,4,33.42,5928891083.096947,164235217.0,0.097799994,-54.72,9679967,8162555,7841331,0.448
1609,NML,Financial Services,Asset Management,NYSE ARCA,106.04,72,73,78,40,10.41,573388344.8759003,56658928.0,0.0011999999,-2.8,154626,139195,154813,
1610,NXDR,Communication Services,Internet Content & Information,NYSE,106.03,72,72,24,67,2.05,789472565.2896225,381387725.0,0.032,-44.89,2773553,3178104,2819414,0.138
1611,SAIC,Technology,Information Technology Services,NASDAQ,105.99,72,40,35,35,114.23,4834354188.140694,42276819.0,0.0744,-7.44,715036,553282,530491,0.015
1612,SSRM,Basic Materials,Gold,NASDAQ,105.96,72,94,94,93,24.56,5546236232.848125,207491071.0,0.031600002,-32.75,2514737,2911365,3204893,0.837
1613,WES,Energy,Oil & Gas Midstream,NYSE,105.94,72,71,67,55,44.23,17472077590.826153,393781339.0,0.032899998,-7.87,880440,1453006,1454654,0.225
1614,MICC,Consumer Defensive,Packaged Foods,NYSE,105.92,72,31,54,63,17.76,10461129912.266945,612837147.0,7.43,-10.89,1217387,1609092,1532957,-0.041
1615,NODK,Financial Services,Insurance - Property & Casualty,NASDAQ,105.92,72,54,43,50,15.5,304558965.84608555,20481437.0,0.006,2.72,20440,18260,16010,-0.166
1616,WABC,Financial Services,Banks - Regional,NASDAQ,105.91,72,62,61,43,56.96,1328948536.90773,23487955.0,0.0365,-0.07,127293,152261,168702,-0.067
1617,WTFC,Financial Services,Banks - Regional,NASDAQ,105.9,72,62,57,69,154.63,10312761480.731567,67447756.0,0.0327,-5.11,444837,421235,428135,0.104
1618,OSBC,Financial Services,Banks - Regional,NASDAQ,105.89,72,66,64,75,22.12,1108881912.85215,51432372.0,0.0342,-1.38,292058,340482,385629,0.192
1619,IRMD,Healthcare,Medical Devices,NASDAQ,105.88,72,61,89,91,96.0,1189717063.5489273,12783035.0,0.0798,-11.03,146008,142402,126007,0.126
1620,BGC,Financial Services,Capital Markets,NASDAQ,105.88,72,74,60,35,11.09,5202554913.348956,479056637.0,0.0233,-6.88,3138586,3162648,2995269,0.443
1621,NBXG,Financial Services,Asset Management,NYSE,105.86,72,71,46,61,15.58,1253095389.3419495,78761496.0,0.00029999999,-8.03,247949,229853,204325,
1622,GGAL,Financial Services,Banks - Regional,NASDAQ,105.85,72,22,36,81,49.62,8101569438.158894,169453445.0,0.21110001,-20.63,1327329,1291243,1154651,-0.147
1623,NCZ,Financial Services,Asset Management,NYSE,105.84,72,73,72,68,15.24,291713633.41820717,19028939.0,0.00059999997,-4.69,73559,82476,78363,-0.104
1624,ELPC,Utilities,Utilities - Regulated Electric,NYSE,105.84,72,81,84,84,11.04,8322242664.780104,742394526.0,0.0037,-19.4,271199,316669,383145,0.2
1625,WAVE,Utilities,Utilities - Renewable,NASDAQ,105.8,72,86,28,19,7.51,50571489.34893799,5839664.0,0.28,-28.48,22689,30936,23189,
1626,HGV,Consumer Cyclical,Resorts & Casinos,NYSE,105.76,72,52,49,63,49.88,3905358764.005581,78515453.0,0.113900006,-7.32,1474962,1088477,965810,0.119
1627,MRDN,Communication Services,Electronic Gaming & Multimedia,NASDAQ,105.75,72,42,20,10,12.95,154992108.25,12652417.0,0.056399997,-44.66,43871,69920,51496,0.173
1628,LXP,Real Estate,REIT - Industrial,NYSE,105.75,72,70,61,71,52.75,3077910597.5473633,58952512.0,0.0001,-0.77,439752,365727,455226,-0.033
1629,OXY,Energy,Oil & Gas E&P,NYSE,105.73,72,79,84,23,57.1,56624553831.46842,994634701.0,0.0002,-15.34,10143710,11727096,13320138,-0.083
1630,RYOJ,Industrials,Consulting Services,NASDAQ,105.72,72,11,22,87,2.91,35804998.898506165,11550000.0,0.00029999999,-74.54,162378,1997646,1200209,-0.343
1631,BZH,Consumer Cyclical,Residential Construction,NYSE,105.69,72,38,36,28,26.4,709586071.9751358,27333825.0,0.103999995,-6.81,537597,820032,651783,-0.275
1632,UUUU,Energy,Uranium,NYSE ARCA,105.68,72,94,97,96,13.69,3755500943.2783127,249867000.0,0.1575,-50.93,11956501,10825733,10528634,1.121
1633,AMTB,Financial Services,Banks - Regional,NYSE,105.67,72,71,62,43,23.54,896503259.4428234,39354839.0,0.0397,-3.45,205543,211184,240530,0.033
1634,LINE,Real Estate,REIT - Industrial,NASDAQ,105.67,72,48,34,16,44.33,9705758423.132458,227674365.0,0.111499995,-5.66,1041605,1071888,1010927,0.004
1635,JRSH,Consumer Cyclical,Apparel Manufacturing,NASDAQ,105.62,72,46,42,30,3.59,43433795.76892853,12699940.0,0.0221,-0.28,122945,167525,138915,0.18
1636,WNEB,Financial Services,Banks - Regional,NASDAQ,105.62,72,67,75,84,13.72,268470211.0908623,20125203.0,0.0119,-5.51,35536,39568,46709,0.222
1637,FTW,Energy,Oil & Gas E&P,NYSE,105.59,72,60,73,49,12.43,342609132.01358414,27652068.0,6.07,-27.73,141876,98518,96541,
1638,CLLS,Healthcare,Biotechnology,NASDAQ,105.54,72,87,92,96,3.18,307871126.1029649,100611481.0,0.0061000003,-41.97,67146,38695,39495,-0.373
1639,CAL,Consumer Cyclical,Apparel Retail,NYSE,105.54,72,28,16,26,13.74,417373927.1686697,33740819.0,0.1353,-14.87,793001,707560,651138,0.085
1640,HWBK,Financial Services,Banks - Regional,NASDAQ,105.54,72,70,67,72,37.0,251104658.79766464,6896585.0,0.0087,-0.8,7427,8699,8367,0.054
1641,CGEM,Healthcare,Biotechnology,NASDAQ,105.52,72,93,91,83,12.05,830298215.5266304,61458046.0,0.20040001,-28.02,1280698,1109376,951681,
1642,CUBI,Financial Services,Banks - Regional,NYSE,105.51,72,67,65,81,75.91,2498659343.463379,33825088.0,0.0999,-8.05,351090,330530,338636,0.764
1643,CBAN,Financial Services,Banks - Regional,NYSE,105.49,72,65,74,65,20.65,428271695.7169361,21159669.0,0.0211,-4.44,300403,229121,279658,0.339
1644,FDBC,Financial Services,Banks - Regional,NASDAQ,105.49,72,54,44,67,50.58,276036304.57099915,5805180.0,0.0049,1.16,10146,8592,7585,0.108
1645,EDF,Financial Services,Asset Management,NYSE,105.49,72,68,71,55,5.46,171171284.58984375,32114688.0,0.0050999997,0.18,165578,162119,170791,
1646,NKTX,Healthcare,Biotechnology,NASDAQ,105.48,72,91,79,37,2.46,179578847.8976903,71545358.0,0.090299994,-32.6,433431,650920,782224,
1647,UHAL,Industrials,Rental & Leasing Services,NYSE,105.47,72,33,24,24,61.15,10933226849.05838,189977880.0,0.22389999,-5.56,350115,248731,241489,0.031
1648,NATL,Technology,Software - Application,NYSE,105.47,72,78,85,75,44.09,3258177441.7566605,73797901.0,0.0337,-9.09,569624,771854,824402,0.065
1649,ECF,Financial Services,Asset Management,NYSE ARCA,105.45,72,74,68,74,12.7,176893715.08371258,13670303.0,0.0001,-8.3,37015,36738,33665,-0.037
1650,EEX,Communication Services,Advertising Agencies,NYSE,105.42,72,61,65,55,5.03,983609989.5869422,197909463.0,0.0637,-7.71,99350,515826,316980,0.052
1651,TILE,Consumer Cyclical,"Furnishings, Fixtures & Appliances",NASDAQ,105.4,71,52,70,74,30.4,1749813591.4453125,58056192.0,0.0683,-13.41,593991,585170,588600,0.113
1652,PYPD,Healthcare,Biotechnology,NASDAQ,105.39,71,76,81,81,4.51,86283351.0,19174078.0,0.0032,-13.44,155797,123179,96729,
1653,HWC,Financial Services,Banks - Regional,NASDAQ,105.39,71,57,62,72,70.84,5630739596.932983,81157968.0,0.0958,-6.09,1022893,896224,861478,-0.211
1654,GLQ,Financial Services,Asset Management,NYSE ARCA,105.39,71,71,73,71,8.32,159274028.5,18738121.0,0.0061000003,-4.7,122384,105214,87998,-0.297
1655,CRL,Healthcare,Diagnostics & Research,NYSE,105.37,71,58,33,76,186.29,8734735981.804504,48167730.0,0.087,-18.61,802205,901508,873823,0.012
1656,LBTYB,Communication Services,Telecom Services,NASDAQ,105.35,71,78,67,38,13.54,4733364118.0,338097437.0,0.00090000004,-53.33,1333,8481,11940,0.088
1657,MVBF,Financial Services,Banks - Regional,NASDAQ,105.35,71,57,71,84,27.92,357998249.70295715,12849901.0,0.026199998,-5.64,48261,46887,39606,0.039
1658,NWFL,Financial Services,Banks - Regional,NASDAQ,105.33,71,61,64,72,31.79,335324632.1807327,10890699.0,0.0085,-1.37,21250,20240,19716,0.334
1659,NMR,Financial Services,Capital Markets,NYSE,105.28,71,54,60,79,8.52,24579001604.40779,2922592396.0,0.0007,-11.06,1543362,1417610,1617668,0.275
1660,LXU,Basic Materials,Chemicals,NYSE,105.27,71,92,94,59,11.88,901393708.6402559,71938845.0,0.0307,-31.01,1004597,1085449,1248137,0.182
1661,LOVE,Consumer Cyclical,"Furnishings, Fixtures & Appliances",NASDAQ,105.27,71,53,18,15,16.48,232487820.2342987,14779900.0,0.2317,-22.08,159346,138702,208257,0.027
1662,ZM,Technology,Software - Application,NASDAQ,105.25,71,77,35,61,93.96,29798258798.54634,293232218.0,0.0252,-18.11,4481334,5325111,4824582,0.055
1663,VCIG,Industrials,Consulting Services,NASDAQ,105.25,71,0,0,0,5.68,45080645.75020599,6358342.0,0.0481,-99.91,2634521,5433917,3369230,0.219
1664,ACEL,Consumer Cyclical,Gambling,NYSE,105.25,71,52,53,44,13.16,981598408.15382,81392900.0,0.0304,-1.13,256766,316535,309221,0.085
1665,PEO,Financial Services,Asset Management,NYSE,105.23,71,75,82,46,26.11,717356999.1254768,27495477.0,0.0137,-9.59,84108,79659,89773,0.038
1666,FA,Industrials,Specialty Business Services,NASDAQ,105.22,71,70,17,31,15.84,2724008325.990857,171537047.0,0.16790001,-16.68,706504,983901,1003034,0.086
1667,RDVT,Technology,Software - Application,NASDAQ,105.18,71,55,26,78,53.7,747208443.242897,14108921.0,0.0587,-16.27,230539,176466,148931,0.174
1668,ACHC,Healthcare,Medical Care Facilities,NASDAQ,105.16,71,85,79,9,23.91,2251352778.860836,91967027.0,0.3806,-20.83,2430060,2923266,2832060,0.076
1669,BBIO,Healthcare,Biotechnology,NASDAQ,105.13,71,75,89,95,67.4,13242178691.164215,195861242.0,0.1377,-20.65,3101392,2845597,2689754,0.668
1670,ECBK,Financial Services,Banks - Regional,NASDAQ,105.12,71,56,62,67,19.29,158884552.16062546,8753970.0,0.020299999,-3.77,11641,10287,10822,0.444
1671,MET,Financial Services,Insurance - Life,NYSE,105.08,71,48,31,55,86.13,54363972083.18075,643436779.0,0.0189,0.98,3734321,3433817,3406036,0.027
1672,CQP,Energy,Oil & Gas Midstream,NYSE,105.07,71,70,75,37,66.14,31206969900.69638,484054123.0,0.016,-6.37,101944,89208,94456,0.204
1673,TBH,Communication Services,Electronic Gaming & Multimedia,NASDAQ,105.07,71,56,3,4,4.1,14493494.5,3410234.0,0.022,-78.97,128749,102201,136876,
1674,FLG,Financial Services,Banks - Regional,NYSE,105.06,71,65,54,64,14.48,5843748201.242821,416815122.0,0.0002,-2.95,4231554,3979874,4391056,0.212
1675,GCV,Financial Services,Asset Management,NYSE,105.05,71,71,72,66,4.58,92832997.78457737,20050323.0,0.0004,-3.98,89653,78871,62304,
1676,MCHB,Financial Services,Banks - Regional,NASDAQ,105.03,71,61,78,78,15.1,3318802138.5253143,221401080.0,,-5.8,455409,468593,465333,0.307
1677,UMBF,Financial Services,Banks - Regional,NASDAQ,105.02,71,63,49,59,131.96,9871156072.718796,75978727.0,0.0559,-3.05,607886,716872,673225,0.49
1678,HTB,Financial Services,Banks - Regional,NYSE,104.97,71,68,63,78,47.5,793548647.5143433,16805350.0,0.0209,-1.21,70579,59626,61791,0.093
1679,OSW,Consumer Cyclical,Leisure,NASDAQ,104.92,71,62,63,59,23.81,2443462312.2401276,101514846.0,0.0641,-7.53,527901,675297,700360,0.127
1680,CVX,Energy,Oil & Gas Integrated,NYSE,104.92,71,71,85,37,189.8,373046166318.62085,1991597732.0,0.0101,-11.6,7935692,9421177,10341922,0.023
1681,BCAT,Financial Services,Asset Management,NYSE,104.9,71,71,71,60,15.6,1619825693.6568594,104775271.0,1.37,-2.38,687583,713101,645074,
1682,CFBK,Financial Services,Banks - Regional,NASDAQ,104.9,71,50,79,47,30.15,190459717.86963272,6498114.0,0.0078,-12.2,57231,36330,34128,0.05
1683,CAVA,Consumer Cyclical,Restaurants,NYSE,104.9,71,64,87,14,81.56,8456001767.875,116473856.0,0.1225,-17.44,2851699,3274479,2972773,0.321
1684,BOKF,Financial Services,Banks - Regional,NASDAQ,104.85,71,68,75,69,131.6,7851406240.409912,60759992.0,0.08930001,-5.82,248500,259793,297672,0.103
1685,EBC,Financial Services,Banks - Regional,NASDAQ,104.85,71,63,69,72,20.46,4267352903.3583584,214979991.0,0.038900003,-9.37,2703894,1958648,2142300,
1686,CODA,Industrials,Aerospace & Defense,NASDAQ,104.84,71,81,93,76,11.13,133058595.75075531,11276152.0,0.020399999,-35.59,128373,100004,126226,0.288
1687,CENT,Consumer Defensive,Packaged Foods,NASDAQ,104.83,71,60,62,32,41.77,2512842475.092457,62570779.0,0.0637,0.58,80148,66142,62627,0.087
1688,LOB,Financial Services,Banks - Regional,NYSE,104.83,71,58,51,59,38.21,1730676040.2509193,46262391.0,0.0683,-10.91,220970,214363,228026,0.335
1689,SIGI,Financial Services,Insurance - Property & Casualty,NASDAQ,104.82,71,50,38,42,91.34,5303840557.55127,59869520.0,0.0354,-0.34,527113,498511,549388,0.057
1690,EOG,Energy,Oil & Gas E&P,NYSE,104.82,71,73,75,24,140.28,73385558213.21869,532628530.0,0.0376,-7.63,3416120,3409026,3749010,0.156
1691,BWB,Financial Services,Banks - Regional,NASDAQ,104.81,71,55,60,75,19.63,536754814.75,27883367.0,0.015,-3.3,87868,73659,72611,0.462
1692,KNTK,Energy,Oil & Gas Midstream,NYSE,104.81,71,78,69,16,47.62,3326089372.382576,73602334.0,0.1034,-7.55,866626,1030902,1050183,-0.075
1693,CGO,Financial Services,Asset Management,NASDAQ,104.8,71,74,63,46,13.01,133061560.38511848,9827294.0,0.0055,-8.38,29961,32467,31434,-0.325
1694,WTBA,Financial Services,Banks - Regional,NASDAQ,104.8,71,62,72,74,24.82,410206955.688282,17028101.0,0.0168,-6.69,46654,39648,43072,0.166
1695,KSS,Consumer Cyclical,Department Stores,NYSE,104.8,71,38,59,95,15.87,1753163896.1058664,113399993.0,0.2716,-37.07,7196861,5498280,4978214,-0.02
1696,DKL,Energy,Oil & Gas Refining & Marketing,NYSE,104.79,71,72,82,63,52.49,2767404977.6358795,53168204.0,0.029000001,-6.08,54619,54456,54217,0.19
1697,CBT,Basic Materials,Specialty Chemicals,NYSE,104.79,71,71,38,24,83.03,4175140065.1775436,51621417.0,0.08189999,-7.19,511724,471591,416180,-0.034
1698,ISSC,Industrials,Aerospace & Defense,NASDAQ,104.79,71,92,98,80,17.16,309544509.4489174,17892747.0,0.023699999,-44.54,361504,492678,507504,0.02
1699,NUVB,Healthcare,Biotechnology,NYSE,104.78,71,85,88,99,4.58,1678333559.9928298,348201971.0,0.2448,-53.03,4859967,4719869,4139103,25.987
1700,ALCO,Consumer Defensive,Farm Products,NASDAQ,104.76,71,72,72,80,41.41,303846926.24313354,7416327.0,0.023699999,-8.0,19797,18689,22767,-0.703
1701,MOB,Industrials,Aerospace & Defense,NASDAQ,104.75,71,88,86,94,5.62,74410553.503263,12633371.0,0.0499,-49.0,260155,224815,260135,0.39
1702,CNS,Financial Services,Asset Management,NYSE,104.74,71,56,37,23,76.07,3800930707.08197,51405607.0,0.039100002,-3.48,241681,260837,295100,0.083
1703,FBIZ,Financial Services,Banks - Regional,NASDAQ,104.73,71,57,55,74,60.09,486092718.5117569,8362166.0,0.0095,-0.74,34889,32229,41277,0.083
1704,OKE,Energy,Oil & Gas Midstream,NYSE,104.7,71,70,68,26,90.57,55600399189.0,630032852.0,0.047399998,-5.72,3419978,3893666,4127915,0.196
1705,USB,Financial Services,Banks - Regional,NYSE,104.69,71,64,67,73,56.81,86382494008.01547,1551131193.0,0.0,-7.16,8955164,8481534,8741144,0.046
1706,IBIO,Healthcare,Biotechnology,NASDAQ,104.68,71,88,92,92,1.7,90414983.62574422,49678561.0,0.069,-55.5,814769,956909,854475,
1707,CPA,Industrials,Airlines,NYSE,104.68,71,35,63,75,128.51,5450399711.987915,40799460.0,0.0551,-17.84,327603,408087,439756,0.17
1708,ACCO,Industrials,Business Equipment & Supplies,NYSE,104.68,71,59,29,31,4.0,352424766.9211278,92257794.0,0.0629,-6.98,730931,989310,998924,0.083
1709,FIVE,Consumer Cyclical,Specialty Retail,NASDAQ,104.63,71,84,93,90,195.85,10532105572.469208,55295351.0,0.039,-22.17,2204673,1376237,1293810,0.325
1710,PC,Industrials,Specialty Business Services,NASDAQ,104.62,70,60,77,79,9.4,30497781.762342453,3244445.0,0.0986,-32.86,0,0,0,-0.118
1711,ACTG,Industrials,Business Equipment & Supplies,NASDAQ,104.62,70,77,85,58,4.66,446241778.78625107,96589132.0,0.043,-11.57,233448,239369,235651,-0.564
1712,CUZ,Real Estate,REIT - Office,NYSE,104.61,70,58,28,26,29.05,4556121908.644018,164540333.0,0.109,-5.71,1778226,1945908,2000659,0.048
1713,SPNT,Financial Services,Insurance - Reinsurance,NYSE,104.58,70,70,62,82,23.26,2553014982.8902245,117542130.0,0.0294,-4.36,681363,713021,723966,0.065
1714,BSAC,Financial Services,Banks - Regional,NYSE,104.57,70,60,76,84,31.28,14142882031.999477,471115317.0,0.0047,-17.07,408677,463052,459349,-0.026
1715,BVFL,Financial Services,Banks - Regional,NASDAQ,104.55,70,66,70,78,20.23,174824507.97438622,8658965.0,0.0152,-1.51,29267,17392,16997,0.087
1716,WRLD,Financial Services,Credit Services,NASDAQ,104.55,70,58,35,45,171.33,776326052.061142,4640323.0,10.8984995,-7.63,141668,163436,156533,0.073
1717,AG,Basic Materials,Silver,NYSE,104.55,70,96,97,96,15.71,8389144847.305115,493769568.0,1.54,-50.97,11582143,13010254,13614078,0.954
1718,MBAI,Healthcare,Diagnostics & Research,NASDAQ,104.5,70,87,90,94,1.33,10667895.383138776,7730359.0,0.031,-66.07,76495,142965,143203,
1719,VABK,Financial Services,Banks - Regional,NASDAQ,104.44,70,64,58,70,44.67,229101174.25,5422513.0,0.0046,-8.05,6171,5950,5856,0.036
1720,EOD,Financial Services,Asset Management,NYSE,104.43,70,72,73,73,6.48,278205806.08283424,43065914.0,1.04,-3.86,112394,98024,112236,
1721,VG,Energy,Oil & Gas Midstream,NYSE,104.41,70,82,86,4,13.29,31799783257.85369,2484358030.0,0.861,-31.85,11285266,17563345,20843539,0.589
1722,WELL,Real Estate,REIT - Healthcare Facilities,NYSE,104.41,70,75,82,81,211.36,146074871968.22815,705914450.0,0.03,-4.66,4087610,3618003,3209506,0.383
1723,TMHC,Consumer Cyclical,Residential Construction,NYSE,104.4,70,32,42,37,71.6,6586114408.813934,92074857.0,0.0817,-1.24,7629077,3242035,2555377,-0.268
1724,BCS,Financial Services,Banks - Diversified,NYSE,104.39,70,57,62,87,23.64,82161223278.52719,3385299618.0,0.64,-14.66,4995586,5648262,6396561,0.039
1725,IIPR,Real Estate,REIT - Industrial,NYSE,104.38,70,74,40,37,58.16,1685033002.7157211,28774470.0,0.1558,-5.27,516776,387568,366681,-0.038
1726,SFNC,Financial Services,Banks - Regional,NASDAQ,104.38,70,57,44,39,21.95,3130485619.152479,145064209.0,0.042,-1.04,1503940,1124836,1209058,0.241
1727,NKSH,Financial Services,Banks - Regional,NASDAQ,104.37,70,64,83,76,36.15,221620663.14128876,6368410.0,0.0085,-9.63,25109,35416,52783,0.227
1728,SPXC,Industrials,Building Products & Equipment,NYSE,104.37,70,40,73,84,223.63,11404770476.985764,50064839.0,0.0418,-9.34,631377,618205,564815,0.174
1729,CTEV,Healthcare,Health Information Services,NYSE,104.33,70,41,9,95,29.74,440514870.36128616,17047789.0,0.1155,-59.85,99560,180060,142546,0.058
1730,WSM,Consumer Cyclical,Specialty Retail,NYSE,104.32,70,29,56,51,206.94,24135699819.712204,117746611.0,0.056399997,-6.78,1020358,1186569,1124415,0.044
1731,ANSCU,Financial Services,Shell Companies,NASDAQ,104.32,70,43,55,47,12.75,,,0.05,7.14,2073,724,450,
1732,UNP,Industrials,Railroads,NYSE,104.29,70,67,61,59,267.03,161679986512.64545,593713213.0,0.0542,-4.53,3265444,2918844,3016248,0.032
1733,SLNG,Energy,Oil & Gas Integrated,NASDAQ,104.29,70,15,16,62,4.86,91865728.00408888,18596301.0,0.0022,-23.58,82671,42983,39244,-0.401
1734,TRMK,Financial Services,Banks - Regional,NASDAQ,104.28,70,65,69,66,45.22,2587434989.474968,58605547.0,0.0686,-1.67,343665,357498,363187,0.057
1735,FHB,Financial Services,Banks - Regional,NASDAQ,104.28,70,57,43,58,28.01,3327099457.9554005,121648973.0,0.1535,-1.2,1346078,1574116,1675803,0.074
1736,AXR,Real Estate,Real Estate - Development,NYSE,104.27,70,62,84,16,25.65,135441734.11279106,5305199.0,0.0104,-11.58,12007,12409,12645,0.938
1737,GNT,Financial Services,Asset Management,NYSE,104.26,70,76,83,79,8.3,138713663.69043732,16185959.0,0.0001,-10.75,184736,94478,83205,
1738,BLLN,Healthcare,Diagnostics & Research,NASDAQ,104.26,70,38,16,24,99.26,4470301202.253662,45995484.0,0.0588,-28.44,834649,797026,642721,0.838
1739,FIBK,Financial Services,Banks - Regional,NASDAQ,104.25,70,61,67,75,36.22,3455372176.384346,97142879.0,0.144,-7.74,927491,1217903,1229144,0.036
1740,EPD,Energy,Oil & Gas Midstream,NYSE,104.24,70,74,77,52,37.87,81802628797.6502,2163518271.0,0.0257,-5.73,2575962,3809304,4372962,-0.067
1741,GSIW,Financial Services,Capital Markets,NASDAQ,104.24,70,29,7,6,30.85,45028203.45464325,1412428.0,0.0134000005,-91.38,3861,4037,5982,4.146
1742,SJM,Consumer Defensive,Packaged Foods,NYSE,104.18,70,33,59,37,117.05,11042367046.899452,106648319.0,0.0548,-1.96,2006651,1904927,1911082,0.07
1743,ENB,Energy,Oil & Gas Midstream,NYSE,104.16,70,70,77,56,56.44,122963948127.50067,2183696415.0,0.022,-3.44,3960205,4588368,4521585,0.208
1744,HBIO,Healthcare,Medical Instruments & Supplies,NASDAQ,104.1,70,66,29,70,6.2,27963127.539751053,4510182.0,0.0273,-34.04,24778,29249,46985,-0.047
1745,MTB,Financial Services,Banks - Regional,NYSE,104.1,70,53,60,64,223.93,32575239503.931885,146445060.0,0.0432,-6.31,1083064,983594,996524,0.057
1746,NWE,Utilities,Utilities - Regulated Electric,NASDAQ,104.09,70,71,75,79,69.72,4334469962.603027,61508016.0,0.047199998,-7.26,691404,502168,504574,0.066
1747,HRI,Industrials,Rental & Leasing Services,NYSE,104.07,70,36,27,73,141.38,4564161966.10199,33393051.0,0.0862,-24.94,523564,533428,589398,0.323
1748,KO,Consumer Defensive,Beverages - Non-Alcoholic,NYSE,104.06,70,64,71,61,83.59,341961317025.7878,4302482418.0,0.0113,1.13,18636210,15575606,14889302,0.121
1749,TCBK,Financial Services,Banks - Regional,NASDAQ,104.06,70,64,63,72,52.31,1629715491.927826,32150632.0,0.04,-1.64,133279,108149,114813,0.107
1750,GNL,Real Estate,REIT - Diversified,NYSE,104.01,70,67,81,73,9.47,1990036397.6508894,211931451.0,0.0001,-5.63,2594879,2237306,1916187,-0.175
1751,BLMN,Consumer Cyclical,Restaurants,NASDAQ,104.0,70,73,22,25,7.41,622415864.8570371,85614287.0,0.1046,-30.75,2049993,2708177,2466992,0.01
1752,HQL,Financial Services,Asset Management,NYSE,104.0,70,80,79,85,16.51,514504157.5599499,30408047.0,0.33,-10.56,107388,107159,107165,-0.699
1753,COSO,Financial Services,Banks - Regional,NYSE,104.0,70,69,66,72,26.61,315994823.0351124,12167687.0,0.0199,0.95,84827,103855,94837,0.184
1754,UTMD,Healthcare,Medical Instruments & Supplies,NASDAQ,103.99,70,62,69,41,68.6,215399296.10843658,3184025.0,0.0509,-4.47,8398,9869,10881,-0.102
1755,JL,Consumer Cyclical,Apparel Manufacturing,NASDAQ,103.98,70,89,34,79,6.18,23510631.25,3761701.0,0.0062,-24.82,80750,39873,32242,0.193
1756,GABC,Financial Services,Banks - Regional,NASDAQ,103.98,70,57,55,55,45.63,1663347866.625122,37564316.0,0.030199999,1.4,145293,116547,121408,0.423
1757,ZETA,Technology,Software - Infrastructure,NYSE,103.98,70,38,69,57,19.93,5488652928.521084,249257621.0,0.1383,-23.2,10452209,9925889,8586405,0.499
1758,WBS,Financial Services,Banks - Regional,NYSE,103.98,70,72,77,70,71.83,11709654466.547806,162026498.0,0.0,-2.93,3104744,3153854,3000256,0.087
1759,TJX,Consumer Cyclical,Apparel Retail,NYSE,103.97,70,58,73,78,167.66,177537058933.49893,1104704446.0,0.0128,1.11,6705842,6235717,5343398,0.092
1760,API,Technology,Software - Application,NASDAQ,103.95,70,43,37,33,4.47,406684465.82202244,84549786.0,0.0081,-18.65,736456,547445,434421,0.135
1761,NDSN,Industrials,Specialty Industrial Machinery,NASDAQ,103.93,70,71,78,62,278.57,15753136050.17566,55717948.0,0.031,-8.75,352363,391821,368140,0.085
1762,LUV,Industrials,Airlines,NYSE,103.93,70,59,74,84,41.4,20303660485.5057,488773713.0,0.0637,-24.88,5478481,6263187,6907090,0.128
1763,SGHT,Healthcare,Medical Devices,NASDAQ,103.92,70,54,29,97,4.82,242124231.52212715,54409942.0,0.0219,-47.81,132477,188385,254099,0.125
1764,FLS,Industrials,Specialty Industrial Machinery,NYSE,103.9,70,58,83,84,72.86,9393816043.5,127807021.0,0.060599998,-21.16,1732279,2612149,2450743,-0.067
1765,CTNM,Healthcare,Biotechnology,NASDAQ,103.89,70,92,93,89,11.3,429569463.1729374,37386377.0,0.0436,-30.8,196713,196457,221600,
1766,AUB,Financial Services,Banks - Regional,NYSE,103.88,69,59,54,62,38.77,5432670778.093689,143115672.0,0.0879,-8.08,973563,968677,1000856,0.862
1767,FMAO,Financial Services,Banks - Regional,NASDAQ,103.88,69,55,45,59,28.53,386748403.02085876,13768188.0,0.0113,-4.36,74695,92561,76151,0.165
1768,CENTA,Consumer Defensive,Packaged Foods,NASDAQ,103.88,69,60,58,34,36.78,2209374292.4178886,62570779.0,0.028299998,-2.47,299579,318433,293751,0.087
1769,JHG,Financial Services,Asset Management,NYSE,103.88,69,72,79,67,51.72,7974953263.229206,154075609.0,0.0361,-3.79,2015564,2344101,2137692,0.11
1770,RNST,Financial Services,Banks - Regional,NYSE,103.85,69,59,46,50,41.95,3767470828.555298,92272120.0,0.061300002,-0.38,649538,694329,670333,0.602
1771,HYNE,Financial Services,Banks - Regional,NASDAQ,103.85,69,63,52,40,16.25,121382384.29190826,7451343.0,0.024400001,-0.49,26623,23984,21908,0.129
1772,ASB,Financial Services,Banks - Regional,NYSE,103.82,69,61,50,66,28.62,5244336268.599672,188917011.0,0.0,-3.05,1767351,1730943,1945874,0.122
1773,SBSI,Financial Services,Banks - Regional,NYSE,103.82,69,61,54,61,33.9,986269265.0475082,29751711.0,0.0295,-1.82,81350,83623,84894,0.088
1774,TECX,Healthcare,Biotechnology,NASDAQ,103.8,69,81,91,32,28.05,547206394.0,18869186.0,0.2906,-22.15,149736,209452,208001,
1775,ARQT,Healthcare,Biotechnology,NASDAQ,103.79,69,56,79,94,23.23,2655519972.7613754,125083374.0,0.1496,-26.88,1420254,1949614,1599904,0.601
1776,FOR,Real Estate,Real Estate - Development,NYSE,103.79,69,52,63,66,28.32,1437426111.50663,51008733.0,0.0254,-7.87,158212,149224,148432,-0.03
1777,NVDA,Technology,Semiconductors,NASDAQ,103.77,69,79,76,78,200.42,4967727247833.252,24221000000.0,0.0128,-15.27,185830292,169956267,162109340,0.852
1778,CWEN,Utilities,Utilities - Renewable,NYSE,103.77,69,69,84,72,37.4,6190772093.19471,155781878.0,0.0635,-10.4,1039985,1125005,987269,0.188
1779,PECO,Real Estate,REIT - Retail,NASDAQ,103.74,69,66,68,44,41.57,5077706724.428558,125966424.0,0.0398,1.22,945630,921040,906546,0.07
1780,STGW,Communication Services,Advertising Agencies,NASDAQ,103.73,69,70,70,45,6.53,1596182131.2223406,247854366.0,0.109799996,-13.16,1470400,1570573,1446492,0.08
1781,RF,Financial Services,Banks - Regional,NYSE,103.72,69,55,60,72,28.58,24355452795.8123,853379538.0,0.0847,-9.36,10788228,10541389,10434085,0.073
1782,TPC,Industrials,Engineering & Construction,NYSE,103.72,69,84,91,94,68.72,3723381045.1173096,52791452.0,0.0476,-31.28,499074,549398,509214,0.115
1783,DNLI,Healthcare,Biotechnology,NASDAQ,103.7,69,74,84,70,20.61,3098014138.891552,158709737.0,0.0933,-13.29,1775249,1949959,1707959,
1784,ACV,Financial Services,Asset Management,NYSE,103.69,69,69,74,77,27.0,279653149.23423004,10396028.0,0.92,-7.03,28085,23981,30061,
1785,ALH,Consumer Cyclical,"Furnishings, Fixtures & Appliances",NYSE,103.69,69,47,29,25,25.1,4975146581.073624,198608652.0,0.0725,-8.66,615159,687556,878953,0.096
1786,AFBI,Financial Services,Banks - Regional,NASDAQ,103.68,69,69,44,64,22.51,137141004.03697968,6094885.0,0.0013,0.02,7806,8822,23087,0.042
1787,AOD,Financial Services,Asset Management,NYSE,103.66,69,72,71,73,10.06,1079772094.9052124,105446496.0,0.54,-6.59,543765,422621,447539,0.177
1788,ORRF,Financial Services,Banks - Regional,NASDAQ,103.66,69,58,56,70,38.97,740526007.2978363,19647812.0,0.044699997,-4.3,112292,102347,118616,0.054
1789,FNB,Financial Services,Banks - Regional,NYSE,103.63,69,61,60,74,18.11,6297002447.915258,355963949.0,0.099,-5.38,5071794,4704038,5947688,0.096
1790,BTU,Energy,Thermal Coal,NYSE,103.63,69,56,95,91,26.26,3423536261.3759937,121834029.0,0.16399999,-36.17,5154992,3901770,3600892,0.039
1791,ENIC,Utilities,Utilities - Regulated Electric,NYSE,103.61,69,71,66,73,4.23,5768490976.019791,1383331144.0,0.58,-10.76,759382,661420,756326,-0.017
1792,GLE,Technology,Information Technology Services,NASDAQ,103.6,69,56,12,3,0.67,7411500.0218153,18300000.0,0.0427,-82.78,17595951,13972187,8441088,-0.853
1793,OFG,Financial Services,Banks - Regional,NYSE,103.59,69,58,39,44,46.83,1955295770.9143562,42258391.0,0.040900003,-0.04,277785,259661,263517,0.069
1794,OPHC,Financial Services,Banks - Regional,NYSE ARCA,103.58,69,72,81,38,5.5,67475996.5,12268363.0,0.00090000004,-2.48,15116,23838,32105,0.312
1795,CDP,Real Estate,REIT - Office,NYSE,103.58,69,63,71,43,34.19,3701755402.949394,113376883.0,0.0712,2.58,1022436,941368,919681,0.073
1796,SRRK,Healthcare,Biotechnology,NASDAQ,103.56,69,83,61,81,44.09,5308395281.978233,119828338.0,0.16379999,-15.51,1159849,1232723,1415213,
1797,CPSS,Financial Services,Credit Services,NASDAQ,103.54,69,64,31,60,9.65,204617474.57187653,21698565.0,0.0162,-8.01,15704,29741,25260,0.079
1798,CIA,Financial Services,Insurance - Life,NYSE,103.54,69,38,56,79,5.38,261867452.8419056,50553564.0,0.0729,-15.94,88835,88531,90471,0.073
1799,NMI,Financial Services,Asset Management,NYSE,103.54,69,58,56,55,11.2,122574575.40951729,11276410.0,0.0044,0.18,16881,22850,29938,0.046
1800,NECB,Financial Services,Banks - Regional,NASDAQ,103.51,69,59,62,59,25.63,345850575.0,13834023.0,0.0054,-0.08,41824,32801,35082,-0.013
1801,COLM,Consumer Cyclical,Apparel Manufacturing,NASDAQ,103.51,69,48,36,28,64.46,3284261724.6677246,51140792.0,0.1173,-5.62,459434,575118,561350,0.001
1802,MGLD,Financial Services,Asset Management,NYSE ARCA,103.5,69,64,63,25,1.14,48246522.445408344,43077252.0,0.0033000002,-17.39,13896,15715,13871,0.023
1803,HTFL,Healthcare,Health Information Services,NASDAQ,103.5,69,43,19,25,29.43,2423367299.698265,86240828.0,0.0586,-28.61,1154413,1160127,1163422,0.413
1804,IMTX,Healthcare,Biotechnology,NASDAQ,103.47,69,89,90,91,8.87,1338030240.9763327,136673161.0,0.0509,-28.53,675996,607298,482287,-0.59
1805,INDB,Financial Services,Banks - Regional,NASDAQ,103.45,69,59,66,72,81.33,3839236809.9853287,48249803.0,0.0561,-6.52,289545,309258,331625,0.516
1806,ZONE,Industrials,Pollution & Treatment Controls,NYSE ARCA,103.42,69,38,10,0,0.64,4789475.864825249,7955940.0,1.52,-91.82,2083937,2742359,2215295,-0.025
1807,WAT,Healthcare,Diagnostics & Research,NYSE,103.41,69,56,26,68,363.18,35873182544.53064,98185855.0,0.0401,-12.31,1144327,1131319,1030531,0.914
1808,B,Basic Materials,Gold,NYSE,103.39,69,89,91,95,37.19,66274584120.93666,1679538410.0,1.06,-32.0,14370472,13792684,12436250,0.667
1809,IDE,Financial Services,Asset Management,NYSE,103.38,69,71,74,67,13.42,209915037.78167725,15156320.0,0.0021,-6.15,35530,35790,42988,
1810,NTRA,Healthcare,Diagnostics & Research,NASDAQ,103.38,69,63,64,85,216.5,30835703548.77307,143215382.0,0.0272,-15.55,1397391,1597930,1483838,0.388
1811,LAWR,Industrials,Consulting Services,NASDAQ,103.34,69,75,76,86,3.75,172350000.0,45960000.0,0.0179,-22.52,0,0,0,-0.282
1812,LSBK,Financial Services,Banks - Regional,NASDAQ,103.34,69,73,75,82,15.85,124546594.79976654,7862790.0,0.002,-2.64,6832,10920,8898,0.217
1813,WPC,Real Estate,REIT - Diversified,NYSE,103.33,69,69,72,60,75.84,16591835455.627937,222739105.0,0.060700003,0.2,1637426,1365268,1343379,0.089
1814,FOXA,Communication Services,Entertainment,NASDAQ,103.32,69,67,41,83,68.0,28106262353.888626,420186315.0,0.16530001,-10.98,2704661,2856833,3037706,-0.086
1815,IAG,Basic Materials,Gold,NYSE,103.31,69,92,96,96,14.84,8912760044.0979,578000000.0,0.44,-40.33,5217467,5816932,6263803,1.159
1816,NJR,Utilities,Utilities - Regulated Gas,NYSE,103.3,69,73,78,48,55.33,5592064344.53059,100921573.0,0.028399998,-5.53,547978,581176,534003,0.029
1817,SSBI,Financial Services,Banks - Regional,NASDAQ,103.3,69,72,79,77,13.41,90670735.46481895,6771526.0,0.0023,-4.21,3246,4365,3981,-0.036
1818,SHC,Healthcare,Diagnostics & Research,NASDAQ,103.26,69,43,41,80,16.27,4454308413.645227,285166994.0,0.0797,-18.04,2556628,3940912,3456005,0.1
1819,CARR,Industrials,Building Products & Equipment,NYSE,103.26,69,44,38,21,67.97,55781784250.35635,830580423.0,0.028299998,-16.18,7796128,6972942,6763759,0.024
1820,PTN,Healthcare,Biotechnology,NASDAQ,103.25,69,96,95,96,13.64,25176740.571260452,1779275.0,0.088199995,-56.0,10844,14568,14520,
1821,HL,Basic Materials,Other Precious Metals & Mining,NYSE,103.25,69,94,96,98,14.05,9913129137.240467,670712403.0,0.0,-58.88,20331772,16265830,14635358,1.004
1822,CIX,Industrials,Security & Protection Services,NYSE ARCA,103.24,69,46,64,55,25.9,298710898.8594761,12323057.0,0.0189,-19.81,4462,3614,3048,0.007
1823,FLYW,Technology,Software - Infrastructure,NASDAQ,103.24,69,85,46,69,14.23,1777217424.919815,123417880.0,0.0364,-21.16,2432472,2525777,2114234,0.41
1824,OEC,Basic Materials,Specialty Chemicals,NYSE,103.22,69,44,13,6,7.2,378931709.4491906,56388649.0,0.0187,-40.5,424908,463319,469145,-0.038
1825,GOLF,Consumer Cyclical,Leisure,NYSE,103.2,69,48,81,75,94.55,5269864770.0,58554053.0,0.1266,-9.79,312603,355224,319624,0.071
1826,TNL,Consumer Cyclical,Travel Services,NYSE,103.18,69,50,77,85,71.21,4475838538.795456,62424529.0,0.0681,-12.09,1027095,936065,927055,0.029
1827,XPEL,Consumer Cyclical,Auto Parts,NASDAQ,103.16,69,34,43,87,45.31,1228117529.449253,27560985.0,0.1362,-18.96,215434,265398,251012,0.131
1828,WAFU,Consumer Defensive,Education & Training Services,NASDAQ,103.15,68,43,67,45,1.89,7145105.601031184,4410559.0,0.0113,-44.25,44406,23542,17717,0.093
1829,BCARU,Financial Services,Shell Companies,NASDAQ,103.14,68,60,64,53,12.0,,,327.78,-0.08,690,386,302,
1830,BGR,Financial Services,Asset Management,NYSE,103.13,68,76,82,55,15.99,400934693.25,25456171.0,0.001,-9.66,93412,100937,118734,-0.015
1831,BCAL,Financial Services,Banks - Regional,NASDAQ,103.12,68,60,58,76,19.78,619494517.601944,32164824.0,0.025899999,-3.37,152192,164044,176930,-0.082
1832,MDGL,Healthcare,Biotechnology,NASDAQ,103.11,68,77,62,91,471.32,11227645073.117035,23055659.0,0.1988,-23.36,283406,284518,289457,1.268
1833,SD,Energy,Oil & Gas E&P,NYSE,103.1,68,71,84,78,15.3,546759431.281518,36918259.0,0.047,-17.07,326868,352499,360135,0.168
1834,MAMA,Consumer Defensive,Packaged Foods,NASDAQ,103.09,68,82,94,91,13.64,616711034.4715118,40707000.0,0.0732,-23.59,598252,454414,432364,0.607
1835,GTY,Real Estate,REIT - Retail,NYSE,103.09,68,71,78,45,33.58,1994186824.3006096,60466551.0,0.1933,-3.37,392158,394269,405393,0.054
1836,CBFV,Financial Services,Banks - Regional,NASDAQ,103.08,68,56,67,77,36.99,173128218.8481331,5072611.0,0.020299999,-2.01,6098,4326,4049,0.202
1837,OIS,Energy,Oil & Gas Equipment & Services,NYSE,103.06,68,84,96,78,8.39,488770522.91141033,60193415.0,0.028399998,-42.14,816310,907766,834152,-0.091
1838,KRC,Real Estate,REIT - Office,NYSE,103.05,68,51,23,55,38.42,4305804081.268097,116278807.0,0.1304,-14.68,1961834,1665668,1976728,-0.003
1839,AOUT,Consumer Cyclical,Leisure,NASDAQ,103.03,68,49,31,16,10.24,123564410.88539124,12595760.0,0.0686,-23.91,45323,38871,37450,-0.033
1840,CP,Industrials,Railroads,NYSE,103.0,68,64,64,39,89.6,79834135082.63565,887736404.0,0.0138,-2.08,2943464,3136861,2973424,-0.025
1841,BOOM,Industrials,Conglomerates,NASDAQ,102.99,68,56,16,20,6.89,137959754.49506187,20468807.0,0.042,-25.11,267363,299287,298424,-0.149
1842,PVH,Consumer Cyclical,Apparel Manufacturing,NYSE,102.94,68,67,31,31,78.32,3584560997.206833,46074047.0,0.1232,-22.26,1868052,1242297,1317408,0.021
1843,AEG,Financial Services,Insurance - Diversified,NYSE,102.94,68,66,44,65,8.32,12463209386.530397,1512525453.0,0.0023999999,-5.56,5266414,4409161,5064932,-0.137
1844,MBWM,Financial Services,Banks - Regional,NASDAQ,102.93,68,59,65,63,54.38,911050566.4944649,17274375.0,0.016,-2.49,137618,119499,119071,0.258
1845,LINK,Technology,Electronic Components,NASDAQ,102.92,68,26,24,21,4.29,77332531.96673965,15750007.0,0.0377,-57.53,47589,208769,132471,0.154
1846,RHI,Industrials,Staffing & Employment Services,NYSE,102.85,68,28,15,12,31.24,3197697615.5531445,102293589.0,0.29,-31.6,1996380,1917126,2419800,-0.038
1847,EGP,Real Estate,REIT - Industrial,NYSE,102.83,68,71,67,62,200.87,10654824300.995468,53755229.0,0.059699997,-3.3,338931,330257,351808,0.091
1848,FR,Real Estate,REIT - Industrial,NYSE,102.83,68,71,72,69,62.41,8163686952.663696,132570424.0,0.0375,-3.48,988794,923148,897656,0.1
1849,HQH,Financial Services,Asset Management,NYSE,102.83,68,77,71,78,18.77,1093515600.3176346,57192236.0,1.08,-8.26,154078,141042,142607,-0.487
1850,CLPT,Healthcare,Medical Devices,NASDAQ,102.83,68,36,36,68,13.75,386565477.36609936,29989563.0,0.1549,-54.32,663371,596160,555040,0.429
1851,LYB,Basic Materials,Specialty Chemicals,NYSE,102.8,68,86,87,16,65.15,20819617858.5,322784773.0,0.04,-22.39,4897473,5392927,6184628,-0.063
1852,CSWC,Financial Services,Asset Management,NASDAQ,102.8,68,69,59,57,23.58,1442286193.5684662,62140726.0,0.0716,-3.48,639136,661115,664307,-0.04
1853,MC,Financial Services,Capital Markets,NYSE,102.8,68,39,26,56,66.8,5047176984.875702,74376318.0,0.0729,-14.6,812808,890509,1010661,0.043
1854,QQQX,Financial Services,Asset Management,NASDAQ,102.79,68,72,67,67,30.23,1473104046.835188,48826783.0,0.0016,-5.15,84981,83673,103024,
1855,MLR,Consumer Cyclical,Auto Parts,NYSE,102.76,68,62,63,24,47.8,541068590.4634552,11395716.0,0.0325,-4.19,62846,85702,87817,-0.198
1856,MPB,Financial Services,Banks - Regional,NASDAQ,102.76,68,57,68,68,33.74,832834809.589325,25344942.0,0.0241,-4.2,126162,130184,156602,0.333
1857,MDU,Utilities,Utilities - Regulated Gas,NYSE,102.73,68,76,76,75,21.14,4464368800.207153,209006024.0,0.0646,-8.01,1600140,1873133,1690088,-0.102
1858,BIP,Utilities,Utilities - Diversified,NYSE,102.72,68,65,77,65,38.99,17848294800.642048,460007607.0,0.92,-3.3,739035,918251,871285,0.169
1859,TFC,Financial Services,Banks - Regional,NYSE,102.71,68,54,55,74,49.76,61297261280.53046,1245879275.0,0.0231,-11.46,9570721,7630650,8219382,0.052
1860,ARCO,Consumer Cyclical,Restaurants,NYSE,102.71,68,68,61,42,8.38,1727437027.2192106,210663057.0,0.0278,-14.05,1195566,1319198,1213199,0.129
1861,FBLA,Financial Services,Banks - Regional,NASDAQ,102.71,68,66,67,68,14.32,227553763.88697624,16161489.0,0.0382,0.21,67419,84626,110575,-0.004
1862,XERS,Healthcare,Drug Manufacturers - Specialty & Generic,NASDAQ,102.67,68,35,38,85,6.71,1066927870.2640271,172642055.0,0.074099995,-33.43,1603505,1677035,1571479,0.383
1863,CRNC,Technology,Software - Application,NASDAQ,102.67,68,60,18,75,9.95,479442637.975997,45187809.0,0.1358,-27.57,1144401,1226207,989382,-0.177
1864,NBTB,Financial Services,Banks - Regional,NASDAQ,102.67,68,54,44,46,47.47,2413794859.1838684,52010232.0,0.0399,0.85,335272,318307,283220,0.216
1865,BPRN,Financial Services,Banks - Regional,NASDAQ,102.66,68,52,58,71,36.5,239888711.3143921,6811150.0,0.0066000004,-3.92,9477,8335,8967,0.038
1866,PSO,Communication Services,Publishing,NYSE,102.66,68,66,35,33,15.34,9342484679.66489,600416737.0,0.0064999997,-1.92,908929,952913,1005755,0.032
1867,CASS,Industrials,Specialty Business Services,NASDAQ,102.65,68,60,59,54,49.14,611637006.3719444,12871149.0,0.020299999,-6.31,88233,74347,80754,0.032
1868,JBSS,Consumer Defensive,Packaged Foods,NASDAQ,102.63,68,68,71,69,77.95,881510893.5585022,11689575.0,0.0454,-8.46,154142,129564,115368,0.08
1869,RGC,Healthcare,Drug Manufacturers - Specialty & Generic,NASDAQ,102.61,68,90,99,99,20.45,9884833177.73047,494488909.0,0.014400001,-75.54,86383,97744,128350,
1870,EIG,Financial Services,Insurance - Specialty,NYSE,102.6,68,39,35,32,46.62,848843091.8608093,18242921.0,0.1415,-2.69,218946,213255,221045,0.025
1871,AIRJ,Industrials,Building Products & Equipment,NASDAQ,102.59,68,38,22,11,4.12,351279305.86523056,72131276.0,0.0685,-38.96,2730551,1529690,1054976,
1872,PDSB,Healthcare,Biotechnology,NASDAQ,102.56,68,73,10,12,1.06,56931964.995400906,55815653.0,0.0342,-44.65,1168115,1051735,1137031,
1873,USAC,Energy,Oil & Gas Equipment & Services,NYSE,102.53,68,75,76,43,27.71,4037480253.452566,144972359.0,0.036199998,-9.3,155765,189438,177547,0.351
1874,NTLA,Healthcare,Biotechnology,NASDAQ,102.52,68,82,88,17,12.2,1891839625.2500181,139722277.0,0.4678,-56.81,5074987,6800075,6163365,-0.095
1875,PPLI,Communication Services,Internet Content & Information,NASDAQ,102.51,68,67,52,51,42.28,3101958639.9531555,74387496.0,0.19,-8.74,1239773,1352881,1194700,-0.122
1876,ADX,Financial Services,Asset Management,NYSE,102.5,68,71,68,70,24.29,3056971099.078308,122523888.0,0.0061000003,-5.49,316543,264627,291122,-0.153
1877,CLH,Industrials,Waste Management,NYSE,102.5,68,75,82,59,288.64,14957012372.450684,52846032.0,0.0207,-8.94,473933,591894,539782,0.019
1878,CEPU,Utilities,Utilities - Regulated Electric,NYSE,102.49,68,44,77,91,15.1,2195798575.8136883,149986238.0,0.003,-18.39,321314,352921,360440,0.631
1879,CFFI,Financial Services,Banks - Regional,NASDAQ,102.46,68,47,60,68,78.25,243751718.76576233,3254362.0,0.0097,-3.38,5702,5004,4864,0.104
1880,GGT,Financial Services,Asset Management,NYSE,102.45,68,69,63,61,4.25,178527132.11254454,41809633.0,0.0019,-3.19,274875,298301,268913,0.802
1881,TTC,Industrials,Tools & Accessories,NYSE,102.44,68,70,84,35,91.25,8304967572.954758,95229534.0,0.0497,-13.25,1346318,919216,815893,0.081
1882,D,Utilities,Utilities - Regulated Electric,NYSE,102.41,68,56,70,63,66.77,58839386521.62955,879512484.0,0.0368,-3.19,8634202,8546944,6739358,0.231
1883,VRSN,Technology,Software - Infrastructure,NASDAQ,102.4,68,73,39,37,288.09,26837721221.92383,91000000.0,0.0229,-7.81,834724,798038,862914,0.066
1884,NPK,Industrials,Aerospace & Defense,NYSE,102.37,68,81,87,57,129.04,950288966.6038055,7166043.0,0.0879,-13.89,182177,127379,108481,0.145
1885,NCSM,Energy,Oil & Gas Equipment & Services,NASDAQ,102.36,68,68,93,67,52.9,136475196.0,2624523.0,0.052600004,-39.44,54482,43314,38956,-0.087
1886,FOX,Communication Services,Entertainment,NASDAQ,102.35,68,65,41,80,61.03,25160756991.007404,420186315.0,0.08,-10.48,1127680,999136,1176438,-0.086
1887,RGS,Consumer Cyclical,Personal Services,NASDAQ,102.28,67,71,41,77,27.12,68166665.55577469,2498778.0,0.024300002,-13.9,5368,8269,8533,-0.08
1888,LEGH,Consumer Cyclical,Residential Construction,NASDAQ,102.27,67,37,32,20,24.39,566715550.0156078,23781601.0,0.0919,-17.18,82608,87596,80945,-0.037
1889,AAP,Consumer Cyclical,Auto Parts,NYSE,102.23,67,60,72,32,59.36,3427302389.3295593,60329208.0,0.3039,-15.2,2026770,2241746,1852506,0.012
1890,INKT,Healthcare,Biotechnology,NASDAQ,102.23,67,53,32,84,12.19,59135140.559866905,4981899.0,0.0505,-83.96,58530,38860,46384,
1891,PSA,Real Estate,REIT - Industrial,NYSE,102.22,67,63,58,33,323.87,54363005954.90454,175545748.0,0.0513,3.3,951460,890886,967836,0.032
1892,CURV,Consumer Cyclical,Apparel Retail,NYSE,102.21,67,53,20,4,1.76,163177497.5766629,99498475.0,0.16549999,-66.73,1286767,640435,562457,-0.076
1893,SKE,Basic Materials,Other Industrial Metals & Mining,NYSE,102.19,67,93,94,94,24.89,3249770109.418211,124084385.0,6.08,-35.8,571404,600308,629926,
1894,FHN,Financial Services,Banks - Regional,NYSE,102.18,67,59,58,72,24.72,11466766289.65907,474617813.0,0.0002,-6.93,4470191,3766023,4382638,0.097
1895,JFB,Real Estate,Real Estate - Development,NASDAQ,102.16,67,57,98,99,5.25,85391444.6316719,15330600.0,10.7152,-70.09,1104469,534376,393665,1.145
1896,AMBO,Consumer Defensive,Education & Training Services,NYSE ARCA,102.15,67,19,12,86,2.65,6550137.270887375,2860322.0,0.0704,-60.74,37062,367044,224372,0.21
1897,AES,Utilities,Utilities - Diversified,NYSE,102.15,67,55,72,69,14.63,10462023704.119616,713157713.0,0.0249,-17.11,8966618,11187026,10205309,0.087
1898,IHS,Real Estate,Real Estate Services,NYSE,102.12,67,69,87,88,8.3,2794369364.214897,336671000.0,0.0041,-7.26,1202082,1196834,1070430,0.059
1899,DLX,Industrials,Conglomerates,NYSE,102.1,67,77,90,82,23.3,1060358845.7739067,45784061.0,0.1065,-27.35,393330,515300,447116,0.003
1900,BFST,Financial Services,Banks - Regional,NASDAQ,102.09,67,54,59,70,28.9,929688214.531311,32677968.0,0.0196,-4.68,210577,184802,185607,0.148
1901,ITIC,Financial Services,Insurance - Specialty,NASDAQ,102.08,67,34,42,59,252.61,458726390.4246826,1887996.0,0.033,-12.59,34826,29258,26655,0.132
1902,CRON,Healthcare,Drug Manufacturers - Specialty & Generic,NASDAQ,102.08,67,66,57,89,2.74,1023833990.4235189,373662039.0,0.0214,-20.12,1377816,1440885,1638791,0.401
1903,NB,Basic Materials,Other Industrial Metals & Mining,NASDAQ,102.05,67,85,87,97,4.84,746861572.9011154,145587048.0,0.0539,-61.53,3869477,4041235,4331281,
1904,NTST,Real Estate,REIT - Retail,NYSE,102.03,67,71,78,60,20.39,1952478250.1444817,97672750.0,0.3533,-4.27,1356835,1279651,1328737,0.243
1905,ALGT,Industrials,Airlines,NASDAQ,102.03,67,54,73,87,80.15,2260719017.1741943,26874928.0,0.0717,-32.08,521907,646132,574145,0.048
1906,RVTY,Healthcare,Diagnostics & Research,NYSE,102.03,67,53,33,41,101.29,10974135176.418068,111559773.0,0.1279,-14.38,1630353,1544694,1333518,0.07
1907,VS,Technology,Software - Application,NASDAQ,102.02,67,21,16,10,1.51,7254482.053492069,4901677.0,0.0070999996,-46.64,74595,50308,122757,-0.913
1908,MKTW,Financial Services,Financial Data & Stock Exchanges,NASDAQ,102.01,67,71,40,80,17.09,43553061.68544769,2638780.0,0.0121,-21.39,15745,25461,26769,-0.078
1909,AVA,Utilities,Utilities - Diversified,NYSE,102.01,67,53,64,60,42.39,3505522049.2845154,82638430.0,0.048499998,-2.55,930919,705429,623075,-0.076
1910,HOG,Consumer Cyclical,Recreational Vehicles,NYSE,102.0,67,65,21,19,24.42,2578020691.885998,105268302.0,0.1872,-21.86,2006071,2700667,2908414,-0.118
1911,TROW,Financial Services,Asset Management,NASDAQ,101.99,67,59,35,56,106.43,22710117112.217148,214266606.0,0.1358,-9.97,2164297,2071835,2076811,0.053
1912,RCMT,Industrials,Conglomerates,NASDAQ,101.96,67,88,38,36,24.49,168543465.7866783,7087614.0,0.0423,-24.65,66005,78238,82373,-0.017
1913,BOH,Financial Services,Banks - Regional,NYSE,101.93,67,65,66,54,78.29,3053195473.2890015,39621017.0,0.0019,-5.38,308433,373697,383050,0.144
1914,EFC,Real Estate,REIT - Mortgage,NYSE,101.93,67,63,40,67,13.61,1699083629.1169357,125393624.0,0.0573,-3.61,1094825,1230811,1259795,0.765
1915,BAC,Financial Services,Banks - Diversified,NYSE,101.91,67,51,44,75,54.54,382009487737.57556,7096590651.0,0.0,-5.23,41426576,36400622,35531953,0.081
1916,WMB,Energy,Oil & Gas Midstream,NYSE,101.9,67,75,82,48,72.26,88006954029.71164,1222998265.0,0.0187,-9.77,6513292,6613584,6316378,0.09
1917,THG,Financial Services,Insurance - Property & Casualty,NYSE,101.88,67,64,46,66,197.39,6759097465.94696,34986787.0,0.0335,-1.1,318743,303547,295716,0.061
1918,FACTU,Financial Services,Shell Companies,NASDAQ,101.87,67,54,55,55,12.01,,,0.54,-0.0,1724,641,454,
1919,LVO,Communication Services,Internet Content & Information,NASDAQ,101.85,67,31,32,18,6.28,81096882.60305643,13471243.0,0.0171,-31.74,78039,77813,81933,-0.312
1920,CBU,Financial Services,Banks - Regional,NYSE,101.82,67,54,48,46,64.92,3341967943.1292458,52554929.0,0.0529,-3.82,231871,233250,222566,0.095
1921,ARTW,Industrials,Farm & Heavy Construction Machinery,NASDAQ,101.81,67,60,47,64,2.64,13471603.105864525,5181386.0,0.0005,-43.95,14611,14393,26016,0.292
1922,TCBI,Financial Services,Banks - Regional,NASDAQ,101.77,67,63,66,72,100.19,4440897893.528503,43670939.0,0.1009,-8.02,502846,439645,434677,0.169
1923,KYN,Financial Services,Asset Management,NYSE,101.76,67,70,77,42,14.08,2376220866.1582317,169126038.0,0.0007,-4.22,366972,401867,449978,0.085
1924,OSPN,Technology,Software - Infrastructure,NASDAQ,101.76,67,37,20,20,14.13,524580813.35783005,37072850.0,0.0813,-22.06,614970,580900,527660,0.041
1925,RDWR,Technology,Software - Infrastructure,NASDAQ,101.75,67,58,58,33,28.5,1175784793.0744743,42082490.0,0.025899999,-10.71,211015,229201,215331,0.107
1926,MOH,Healthcare,Healthcare Plans,NYSE,101.74,67,78,18,13,197.89,9943806031.799316,52100000.0,0.065,-36.48,943505,977238,1142783,-0.043
1927,QRVO,Technology,Semiconductors,NASDAQ,101.73,67,56,40,64,95.0,8649983675.001434,88013673.0,0.0998,-13.23,1371870,1308160,1184716,-0.07
1928,PLAB,Technology,Semiconductor Equipment & Materials,NASDAQ,101.72,67,95,87,89,28.63,1718870362.6061058,58966394.0,0.0709,-48.88,3543703,1715437,1379548,-0.005
1929,NAZ,Financial Services,Asset Management,NYSE,101.71,67,64,67,59,13.14,171009622.5912304,12828929.0,0.0041,-2.09,20322,19527,19812,
1930,AVGO,Technology,Semiconductors,NASDAQ,101.69,67,83,71,84,372.1,1826303610630.9382,4734668184.0,0.0115,-24.83,42227060,26391950,24822492,0.479
1931,IGD,Financial Services,Asset Management,NYSE,101.66,67,64,63,60,6.2,481886631.07008266,78868514.0,0.0094,-3.28,364564,334964,307836,-0.066
1932,LARK,Financial Services,Banks - Regional,NASDAQ,101.65,67,60,44,75,28.99,174146081.8635559,6097552.0,0.0178,-1.6,14965,9218,7477,0.106
1933,MXF,Financial Services,Asset Management,NYSE,101.64,67,71,76,80,21.04,308589385.49918175,14420065.0,0.00090000004,-8.52,42717,56029,57469,0.172
1934,FHI,Financial Services,Asset Management,NYSE,101.63,67,67,79,73,57.33,4329298507.923187,75912653.0,0.05,-2.91,812415,798735,824337,0.131
1935,CZFS,Financial Services,Banks - Regional,NASDAQ,101.61,67,60,51,43,67.9,314098679.5171509,4804936.0,0.008,-2.41,6795,5595,6205,0.136
1936,ALV,Consumer Cyclical,Auto Parts,NYSE,101.57,67,50,38,68,124.13,9549567212.508179,74863338.0,0.0616,-6.08,713882,714987,780402,0.068
1937,BCML,Financial Services,Banks - Regional,NASDAQ,101.56,67,60,53,73,32.31,346589006.083889,10909317.0,0.0104,-2.53,71813,61531,54348,0.158
1938,UNTY,Financial Services,Banks - Regional,NASDAQ,101.55,67,56,55,74,56.12,553956544.9545593,10040902.0,0.0104,-2.06,76815,48525,53027,0.161
1939,NSTS,Financial Services,Banks - Regional,NASDAQ,101.54,67,58,51,42,13.72,66313179.130636215,4833322.0,0.0015,-0.87,14229,23263,16193,0.153
1940,THRM,Consumer Cyclical,Auto Parts,NASDAQ,101.52,67,33,29,65,35.06,1111678133.75,30666983.0,0.0375,-11.2,330443,276441,268916,0.113
1941,GAIN,Financial Services,Asset Management,NASDAQ,101.5,67,78,60,60,15.38,611267208.6408749,39821967.0,0.0159,-10.27,252114,366608,357250,-0.086
1942,CFR,Financial Services,Banks - Regional,NYSE,101.49,67,52,61,50,144.5,8801634477.649658,62797048.0,0.00029999999,-3.0,540999,557216,525677,0.078
1943,FTV,Technology,Scientific & Technical Instruments,NYSE,101.48,67,65,51,55,60.06,18681882994.7352,304861021.0,0.056900002,-4.37,4058417,3416129,3162519,0.077
1944,VLRS,Industrials,Airlines,NYSE,101.46,67,64,73,83,7.22,844186370.546546,114855290.0,0.0279,-33.15,528054,554448,570008,0.136
1945,LVLU,Consumer Cyclical,Apparel Retail,NASDAQ,101.43,67,86,97,21,7.99,24633884.092683792,2864405.0,0.015700001,-75.28,24469,14376,17931,-0.103
1946,SBFG,Financial Services,Banks - Regional,NASDAQ,101.4,66,62,47,75,22.67,139433095.4312191,6275117.0,0.0249,-5.27,17827,11322,10215,0.118
1947,DCH,Consumer Cyclical,Auto Parts,NYSE,101.38,66,49,52,75,6.04,1500157786.9867,237366732.0,0.115,-34.7,3542483,4400974,4170526,0.686
1948,PFBC,Financial Services,Banks - Regional,NASDAQ,101.37,66,55,47,70,100.7,1151392643.792633,11841948.0,0.10479999,-2.28,94868,102729,97941,0.033
1949,NREF,Real Estate,REIT - Mortgage,NYSE,101.36,66,69,45,54,15.56,300249107.721962,18848029.0,0.045,-3.53,66344,55034,50318,-0.048
1950,SHEL,Energy,Oil & Gas Integrated,NYSE,101.36,66,71,83,54,86.05,237102028710.4049,2776370310.0,0.0183,-9.33,6614855,7569389,7850511,0.007
1951,ALSN,Consumer Cyclical,Auto Parts,NYSE,101.36,66,74,76,54,113.82,9599839800.75,82935981.0,0.0505,-17.29,923874,981311,876388,0.836
1952,SOLV,Healthcare,Medical Instruments & Supplies,NYSE,101.35,66,40,31,65,80.94,14028883789.061096,173174712.0,0.053600002,-8.23,2996394,2167224,1763804,-0.03
1953,NBHC,Financial Services,Banks - Regional,NYSE,101.35,66,60,55,43,42.9,1889724718.6691666,44790822.0,0.056999996,-2.19,360243,300017,337566,0.337
1954,WTS,Industrials,Specialty Industrial Machinery,NYSE,101.34,66,58,76,71,313.36,10491751261.577454,33390890.0,0.0523,-9.22,304697,310922,293711,0.214
1955,KDP,Consumer Defensive,Beverages - Non-Alcoholic,NASDAQ,101.32,66,38,37,36,31.7,41537881583.85205,1360559471.0,0.0495,-11.8,11499636,10467818,11212797,0.094
1956,JWEL,Consumer Cyclical,Internet Retail,NASDAQ,101.32,66,73,76,73,2.41,5370056.037339449,2376131.0,0.0029,-19.67,10441,5430,4664,0.878
1957,PNW,Utilities,Utilities - Regulated Electric,NYSE,101.31,66,63,75,49,103.1,12489549032.092896,121187166.0,0.0849,-1.73,1267027,1269969,1150269,0.114
1958,BTI,Consumer Defensive,Tobacco,NYSE,101.3,66,76,79,82,61.12,129084771052.86957,2161499806.0,0.0034999999,-9.18,3874548,3938226,4006913,0.001
1959,ADAMN,Real Estate,REIT - Mortgage,NASDAQ,101.3,66,66,60,59,23.75,,,2.12,-0.92,6035,10001,11899,0.107
1960,IOTR,Communication Services,Telecom Services,NASDAQ,101.29,66,8,10,5,3.09,8464503.177691221,2565001.0,0.0153,-58.63,4264317,1430299,1041999,0.398
1961,COFS,Financial Services,Banks - Regional,NASDAQ,101.29,66,58,38,61,32.57,475906622.5825405,14975035.0,0.0126,-7.99,87523,74387,74544,1.35
1962,VTOL,Energy,Oil & Gas Equipment & Services,NYSE,101.25,66,63,79,53,42.8,1232786076.8900452,29605814.0,0.0251,-15.05,191163,220874,222404,0.109
1963,VPV,Financial Services,Asset Management,NYSE,101.23,66,63,68,57,11.26,200168166.1911564,17872158.0,0.0046,-0.79,32343,35921,31862,-0.105
1964,MTRX,Industrials,Engineering & Construction,NASDAQ,101.22,66,36,27,35,12.89,381495017.8054333,28133850.0,0.0175,-19.99,244389,289629,235575,0.033
1965,JRS,Financial Services,Asset Management,NYSE,101.21,66,61,52,38,8.49,238073954.4270382,28892471.0,0.0007,1.31,84260,67046,67216,0.281
1966,RCI,Communication Services,Telecom Services,NYSE,101.19,66,61,79,75,38.6,20328677788.16285,540225278.0,8.68,-6.17,1229232,1025020,1347914,0.102
1967,GLV,Financial Services,Asset Management,NYSE ARCA,101.18,66,64,68,67,6.27,78553298.77321625,12409684.0,0.0007,-3.39,67915,52711,43771,-0.063
1968,JOF,Financial Services,Asset Management,NYSE,101.17,66,70,73,76,11.34,323856405.63681793,28333893.0,0.15,-11.13,78841,67417,95108,0.423
1969,BBT,Financial Services,Banks - Regional,NYSE,101.17,66,53,71,62,29.67,2416417752.98534,83816086.0,0.047199998,-9.63,659214,765034,729942,1.418
1970,HTH,Financial Services,Financial Conglomerates,NYSE,101.15,66,62,65,65,37.86,2187273399.373005,58530197.0,0.055,-6.31,278626,303778,310697,-0.034
1971,BKH,Utilities,Utilities - Regulated Gas,NYSE,101.13,66,68,72,79,71.94,5540604335.110168,76128118.0,0.1594,-8.58,1359783,1025331,1016514,-0.03
1972,SLG,Real Estate,REIT - Office,NYSE,101.13,66,34,17,16,51.05,3401884152.122818,71124483.0,0.2007,-23.7,1197677,1120032,1228781,-0.04
1973,CRC,Energy,Oil & Gas E&P,NYSE,101.12,66,76,84,27,58.87,5180294537.889027,88794901.0,0.0498,-18.21,736314,823588,809884,0.067
1974,HERZ,Financial Services,Asset Management,NASDAQ,101.1,66,74,56,89,16.93,34817337.7951355,1948368.0,0.0013,-45.39,18032,8790,7812,1.712
1975,GE,Industrials,Aerospace & Defense,NYSE,101.08,66,57,76,84,318.71,342704109784.0,1044829603.0,0.0137,-8.54,4724935,5226938,5809089,0.247
1976,WLKP,Basic Materials,Chemicals,NYSE,101.08,66,68,65,29,23.28,815589641.6876221,35245880.0,0.0054,-2.51,26919,30739,27393,0.286
1977,CPBI,Financial Services,Banks - Regional,NASDAQ,101.07,66,60,69,64,18.5,77797217.5,4205255.0,0.0023999999,-1.33,4645,4685,3625,0.175
1978,DOV,Industrials,Specialty Industrial Machinery,NYSE,101.07,66,62,70,65,213.76,28919884530.92276,134661414.0,0.026500002,-10.01,816539,814083,914483,0.101
1979,OLP,Real Estate,REIT - Diversified,NYSE,101.04,66,61,57,27,24.65,524757707.7530823,21819448.0,0.0143,-4.83,53073,51721,56368,0.114
1980,HMN,Financial Services,Insurance - Property & Casualty,NYSE,101.04,66,53,42,62,48.5,1896703698.1334229,40381172.0,0.0305,0.35,236132,223180,210546,0.031
1981,NMT,Financial Services,Asset Management,NYSE,101.03,66,70,64,55,12.93,133492671.55340195,10252893.0,0.0041,-5.62,14676,23462,21169,0.015
1982,NRIX,Healthcare,Biotechnology,NASDAQ,101.03,66,79,74,92,15.3,1513861137.8215685,103405813.0,0.1822,-32.0,3871511,1984313,1641864,-0.661
1983,AU,Basic Materials,Gold,NYSE,101.0,66,89,94,96,78.47,42533101858.418106,505624114.0,0.009,-39.24,2799879,2514123,2451733,0.649
1984,SABS,Healthcare,Biotechnology,NASDAQ,101.0,66,79,94,93,3.31,258448646.4706211,76464094.0,0.0373,-49.85,326872,835207,666570,
1985,KB,Financial Services,Banks - Regional,NYSE,101.0,66,72,86,78,100.76,38274354674.845276,354687734.0,0.0013,-15.83,251693,204824,211592,0.152
1986,ATIIU,Financial Services,Shell Companies,NASDAQ,100.98,66,56,60,52,11.95,307118801.9657135,25765000.0,0.0,-76.56,4490,2566,1630,
1987,GRRR,Technology,Software - Infrastructure,NASDAQ,100.97,66,34,15,19,16.11,473987126.38142395,27653859.0,0.1305,-42.26,2709625,1592431,1186091,0.546
1988,VTR,Real Estate,REIT - Healthcare Facilities,NYSE,100.97,66,73,81,78,84.35,39875639048.420525,486169723.0,0.052600004,-7.37,3678414,4604024,4243380,0.219
1989,CCBG,Financial Services,Banks - Regional,NASDAQ,100.97,66,68,62,72,46.31,775377886.6694679,17101409.0,0.022,-5.06,78223,70741,82442,0.022
1990,ONB,Financial Services,Banks - Regional,NASDAQ,100.92,66,60,47,59,24.37,9257496726.264954,386373000.0,0.0771,-6.88,3431330,2933050,3045960,0.462
1991,INVE,Industrials,Building Products & Equipment,NASDAQ,100.91,66,84,52,40,3.88,96264915.61458588,24006212.0,0.016900001,-26.79,89099,157673,212303,0.407
1992,PAL,Industrials,Integrated Freight & Logistics,NASDAQ,100.9,66,19,20,81,8.02,177450769.1522951,27770074.0,0.044299997,-26.89,345175,380165,386379,-0.016
1993,POWW,Industrials,Aerospace & Defense,NASDAQ,100.88,66,68,83,90,2.01,233404557.89855242,117288722.0,0.0287,-9.87,419091,415737,460548,0.532
1994,EVRG,Utilities,Utilities - Regulated Electric,NASDAQ,100.86,66,69,77,66,82.83,19194818817.933083,230513025.0,0.065799996,-2.86,2112583,2138811,1882088,0.05
1995,WRN,Basic Materials,Other Industrial Metals & Mining,NYSE ARCA,100.86,66,92,93,95,2.25,559570960.3036165,225633450.0,0.012,-47.18,1919925,2130535,2067325,
1996,BDL,Consumer Cyclical,Restaurants,NYSE ARCA,100.85,66,49,80,62,35.22,61335351.0,1858647.0,0.0023999999,-2.11,3605,2048,1711,0.059
1997,WHG,Financial Services,Asset Management,NYSE,100.85,66,38,41,71,17.59,163857384.40325165,9487978.0,0.0148,-7.37,15422,14544,12068,0.074
1998,ICLR,Healthcare,Diagnostics & Research,NASDAQ,100.84,66,24,10,54,144.59,11442986487.585068,76567325.0,0.0433,-31.47,1532096,1246415,1222345,0.124
1999,BFC,Financial Services,Banks - Regional,NASDAQ,100.84,66,66,73,77,143.83,1575015289.2606812,11222854.0,0.0336,-5.99,105378,99399,95245,0.491
2000,GLRE,Financial Services,Insurance - Reinsurance,NASDAQ,100.82,66,80,78,58,15.93,515074928.5836029,33166448.0,0.014099999,-17.84,166320,188686,204972,-0.069
2001,GNTA,Healthcare,Biotechnology,NASDAQ,100.8,66,4,5,4,1.65,48125679.900074005,23591020.0,0.00029999999,-83.5,7679737,2859372,1733735,
2002,RRR,Consumer Cyclical,Resorts & Casinos,NASDAQ,100.8,66,34,68,78,62.08,3355342699.575409,58465634.0,0.1149,-10.02,852132,935964,911726,0.019
2003,CACC,Financial Services,Credit Services,NASDAQ,100.79,66,61,36,31,557.21,5697705504.245544,10460071.0,0.2875,-3.9,164355,153451,150283,0.127
2004,ACU,Consumer Defensive,Household & Personal Products,NYSE ARCA,100.77,66,46,74,50,44.86,166626997.32575607,3810359.0,0.0287,-5.18,13728,19916,19993,0.138
2005,MDLZ,Consumer Defensive,Confectioners,NASDAQ,100.76,65,51,43,25,64.18,79637632657.85646,1283649766.0,0.03,-9.8,7525204,7541458,7672410,0.082
2006,XRN,Real Estate,REIT - Healthcare Facilities,NYSE,100.76,65,50,45,38,37.0,475130417.1947479,13234830.0,0.0477,-7.34,138190,199486,153418,0.101
2007,UBCP,Financial Services,Banks - Regional,NASDAQ,100.74,65,73,72,58,15.81,91918374.79471207,5781030.0,0.0018000001,-8.82,8274,8004,14784,0.064
2008,AGD,Financial Services,Asset Management,NYSE,100.73,65,71,70,64,12.05,324656045.6108093,26118748.0,0.62,-13.81,125822,108620,106880,-0.042
2009,JMSB,Financial Services,Banks - Regional,NASDAQ,100.73,65,57,61,63,21.65,302283817.73667717,14112223.0,0.0089,-2.04,34433,32174,39680,0.162
2010,RMNI,Technology,Software - Application,NASDAQ,100.73,65,52,26,77,4.1,384124008.8272095,92560000.0,0.039300002,-23.79,505545,499728,427661,0.012
2011,EQBK,Financial Services,Banks - Regional,NYSE,100.7,65,59,60,70,47.92,962685873.3218689,20640778.0,0.0215,-4.29,87724,81914,98244,0.337
2012,ACT,Financial Services,Insurance - Specialty,NASDAQ,100.68,65,63,69,68,42.57,5833915261.358299,139600745.0,0.1463,-4.98,321940,319340,296220,0.017
2013,SATA,Financial Services,Asset Management,NASDAQ,100.66,65,72,72,58,97.34,,,1.03,-3.96,872690,501376,363554,0.882
2014,FTDR,Consumer Cyclical,Personal Services,NASDAQ,100.63,65,70,79,47,67.1,4469750393.212006,70234922.0,0.053000003,-5.19,535699,560029,571731,0.059
2015,BPYPM,Financial Services,Asset Management,NASDAQ,100.62,65,67,59,59,16.76,,,77.71,-6.37,11219,11726,23747,
2016,EA,Communication Services,Electronic Gaming & Multimedia,NASDAQ,100.61,65,62,76,83,203.2,50902551252.0,250751484.0,0.0444,-0.82,2129694,1929991,1812560,0.119
2017,DPG,Financial Services,Asset Management,NYSE,100.6,65,68,78,62,14.25,518141876.0403013,36488865.0,0.0011999999,-5.94,76197,84729,81605,
2018,AME,Industrials,Specialty Industrial Machinery,NYSE,100.6,65,68,72,66,221.78,51925940802.57205,229203002.0,0.0186,-8.8,1196699,1322613,1195377,0.113
2019,FCNCA,Financial Services,Banks - Regional,NASDAQ,100.58,65,39,36,65,2112.87,24044130878.94043,11586974.0,0.059499998,-5.35,77175,63025,67517,0.049
2020,SEM,Healthcare,Medical Care Facilities,NYSE,100.58,65,68,68,54,16.6,2051151878.2960052,124011594.0,0.027999999,-2.3,1139446,1695722,1576719,0.05
2021,BGSF,Industrials,Staffing & Employment Services,NYSE,100.58,65,78,94,59,5.14,55733467.9557085,10717975.0,0.003,-37.47,10236,11005,13885,-0.0
2022,JOE,Real Estate,Real Estate - Diversified,NYSE,100.58,65,67,86,82,64.57,3724170380.700577,57409746.0,0.028099999,-12.2,200380,235800,223828,0.051
2023,UPC,Healthcare,Drug Manufacturers - Specialty & Generic,NASDAQ,100.57,65,14,15,17,3.63,2118430.2476434708,647838.0,0.0183,-67.0,80165,36218,23995,-0.141
2024,RNR,Financial Services,Insurance - Reinsurance,NYSE,100.56,65,63,74,66,295.75,12298780136.060577,42633041.0,0.0394,-7.06,355026,396462,346241,-0.366
2025,RVT,Financial Services,Asset Management,NYSE,100.52,65,72,71,64,17.5,2157273849.9782047,122363809.0,0.0383,-7.31,325310,216290,199864,0.119
2026,EPR,Real Estate,REIT - Specialty,NYSE,100.51,65,65,67,39,59.36,4388479768.4565735,76507666.0,0.1169,-4.38,648893,673067,701916,0.036
2027,ALFUU,Financial Services,Shell Companies,NASDAQ,100.51,65,44,48,54,12.09,,,0.0,9.02,1389,463,285,
2028,FIEE,Technology,Communication Equipment,NASDAQ,100.5,65,95,99,99,4.15,37611115.87863922,8528598.0,0.0023999999,-47.8,14686,9388,11263,16974.912
2029,WSBC,Financial Services,Banks - Regional,NASDAQ,100.49,65,51,60,66,35.77,3307649399.696045,96180560.0,0.0248,-6.12,903393,710724,697590,1.077
2030,BTO,Financial Services,Asset Management,NYSE,100.48,65,55,49,60,37.9,733418846.4981995,19816776.0,0.2,-4.89,42595,40138,44555,-0.016
2031,IGIC,Financial Services,Insurance - Diversified,NASDAQ,100.47,65,62,49,60,25.24,1092515813.7774353,42659734.0,0.0114,-7.98,61700,60756,52630,-0.026
2032,AAL,Industrials,Airlines,NASDAQ,100.47,65,36,28,82,13.42,8928699349.5,661385137.0,0.1287,-18.67,88867826,71976312,66244663,0.108
2033,MSCI,Financial Services,Financial Data & Stock Exchanges,NYSE,100.46,65,60,46,39,608.52,44760925370.33838,72727592.0,0.024400001,-5.61,696407,643959,616935,0.141
2034,STRW,Real Estate,REIT - Healthcare Facilities,NYSE ARCA,100.44,65,69,62,72,13.24,175082993.88781548,13426610.0,0.0076,-5.43,18949,20176,19959,0.071
2035,NSIT,Technology,Electronics & Computer Distribution,NASDAQ,100.43,65,24,22,9,109.08,3354749051.972496,30203917.0,0.0642,-26.59,571124,655874,531582,0.012
2036,OZK,Financial Services,Banks - Regional,NASDAQ,100.42,65,46,39,49,51.04,5414627233.426094,109165875.0,0.1398,-4.88,909057,969742,1056757,0.014
2037,BUI,Financial Services,Asset Management,NYSE,100.42,65,60,72,70,27.8,669955211.5963211,24522519.0,0.0028,-9.74,74138,76196,91655,
2038,UCB,Financial Services,Banks - Regional,NYSE,100.42,65,54,47,61,33.97,3990352695.8827324,119686643.0,0.042,-7.61,932336,723125,814181,0.144
2039,CVCO,Consumer Cyclical,Residential Construction,NASDAQ,100.41,65,28,45,76,564.51,4225496685.533142,7683979.0,0.0828,-20.83,123791,145163,143946,0.082
2040,PAG,Consumer Cyclical,Auto & Truck Dealerships,NYSE,100.41,65,46,33,50,178.18,11246290359.697403,65760087.0,0.135,-5.98,277374,296831,278312,-0.011
2041,KOF,Consumer Defensive,Beverages - Non-Alcoholic,NYSE,100.41,65,64,63,64,104.21,22367561328.66925,210083226.0,2.05,-10.44,119461,138723,140418,0.011
2042,BBY,Consumer Cyclical,Specialty Retail,NYSE,100.38,65,23,33,45,75.64,15073133870.877205,210695187.0,0.1017,-11.0,5937109,4506226,3990101,0.019
2043,UPS,Industrials,Integrated Freight & Logistics,NYSE,100.38,65,41,50,54,103.26,92259682300.86398,850006279.0,0.0318,-15.64,5956172,6113600,5738916,-0.016
2044,KFY,Industrials,Staffing & Employment Services,NYSE,100.37,65,49,32,40,73.3,3752474116.0053177,51887087.0,0.0511,-6.62,428553,403064,432210,0.073
2045,GUT,Financial Services,Asset Management,NYSE,100.36,65,65,68,67,6.35,558205547.0889769,89599606.0,0.0082,0.32,194697,185229,187457,0.219
2046,NYT,Communication Services,Publishing,NYSE,100.35,65,77,86,79,73.0,12444003854.55082,161862699.0,0.071100004,-16.19,1649186,1886918,1940287,0.121
2047,TEX,Industrials,Farm & Heavy Construction Machinery,NYSE,100.34,65,73,80,68,59.51,6900965312.783203,114216576.0,0.0513,-16.77,1033578,1236406,1166277,0.411
2048,SNA,Industrials,Tools & Accessories,NYSE,100.34,65,59,69,59,378.45,19672813070.207153,51801916.0,0.071100004,-5.6,272450,316416,355656,0.052
2049,VTMX,Real Estate,Real Estate - Development,NYSE,100.33,65,68,74,76,33.7,3111902595.6996536,92013679.0,3.29,-9.92,107346,144705,110081,0.143
2050,NIE,Financial Services,Asset Management,NYSE,100.33,65,68,64,63,26.04,731516665.4298687,27708965.0,0.0005,-4.41,67463,67197,68212,
2051,SBR,Energy,Oil & Gas Midstream,NYSE,100.28,65,67,71,46,78.2,1133689898.344841,14579345.0,0.0021,-7.33,37413,40117,39392,-0.302
2052,OPK,Healthcare,Diagnostics & Research,NASDAQ,100.27,65,26,27,25,1.44,1087332891.8467255,755092256.0,0.0771,-10.0,3256539,2872339,2485399,-0.172
2053,AHRT,Real Estate,REIT - Diversified,NYSE,100.27,65,41,27,32,6.85,510420245.1839237,75955396.0,0.0625,-11.15,1067001,998607,911104,0.078
2054,ALL,Financial Services,Insurance - Property & Casualty,NYSE,100.27,65,58,56,58,223.34,56892598325.2446,257420930.0,0.0001,-1.88,1712584,1737418,1541952,0.03
2055,HNVR,Financial Services,Banks - Regional,NASDAQ,100.26,65,48,37,60,24.12,168897202.3300495,7156661.0,0.0086,-1.51,94191,51517,35132,0.046
2056,MAS,Industrials,Building Products & Equipment,NYSE,100.26,65,42,39,32,70.87,14132368515.481415,203607085.0,0.0692,-10.51,2376152,2603637,2924814,0.065
2057,APG,Industrials,Engineering & Construction,NYSE,100.24,65,68,80,83,41.36,18186910779.903965,433227989.0,0.0225,-17.26,3053454,2869588,2892484,0.153
2058,NLOP,Real Estate,REIT - Office,NYSE,100.24,65,69,56,54,11.8,176731919.2708969,14814075.0,0.044699997,-65.83,97288,133372,155451,-0.709
2059,MCFT,Consumer Cyclical,Recreational Vehicles,NASDAQ,100.23,65,73,58,34,22.21,532163255.2678871,24222270.0,0.0422,-21.91,114350,182796,151570,0.03
2060,LNT,Utilities,Utilities - Regulated Electric,NASDAQ,100.2,65,67,74,60,73.0,18820648395.56907,258277037.0,0.0986,-3.64,2588964,2643841,2309468,0.05
2061,KTB,Consumer Cyclical,Apparel Manufacturing,NYSE,100.2,65,40,52,28,75.94,3872934178.2622147,55272359.0,0.1016,-12.71,743096,833968,733393,0.45
2062,EVT,Financial Services,Asset Management,NYSE,100.19,65,65,67,61,26.17,1976874612.7629776,74542782.0,0.64,-4.7,125460,104343,100756,-0.085
2063,RGP,Industrials,Consulting Services,NASDAQ,100.18,65,42,16,26,4.71,155511935.522583,34329344.0,0.070300005,-25.24,346828,323696,333385,-0.166
2064,THM,Basic Materials,Gold,NYSE ARCA,100.17,64,93,96,97,1.89,558231460.3489985,265824517.0,0.024500001,-48.22,834604,976458,1024540,
2065,NSC,Industrials,Railroads,NYSE,100.17,64,64,67,72,308.93,70398992355.07599,224594001.0,0.032,-5.24,1276956,1191615,1258971,0.002
2066,OPRA,Communication Services,Internet Content & Information,NASDAQ,100.17,64,78,36,18,17.49,1627177417.2223492,89552967.0,0.0668,-16.95,360219,410873,486479,0.232
2067,LYG,Financial Services,Banks - Regional,NYSE,100.15,64,63,74,86,5.16,77344467837.32748,14565813309.0,0.0005,-18.61,24293946,20304265,20358047,0.115
2068,HALO,Healthcare,Biotechnology,NASDAQ,100.15,64,42,54,57,70.5,8484387745.20874,118613000.0,0.146,-14.25,1754895,1812575,1661795,0.422
2069,STHO,Real Estate,Real Estate Services,NASDAQ,100.14,64,69,54,26,8.97,108859384.23845005,12088771.0,0.0089,-3.03,13537,13879,18763,0.432
2070,AEP,Utilities,Utilities - Regulated Electric,NASDAQ,100.13,64,70,80,71,128.53,70265723500.38464,544105032.0,0.052600004,-7.82,4794069,4832219,3853263,0.102
2071,LAC,Basic Materials,Other Industrial Metals & Mining,NYSE,100.12,64,85,80,91,4.15,1590313098.995839,351062478.0,0.08180001,-60.55,14954217,13222745,11495033,
2072,IFBD,Technology,Software - Application,NASDAQ,100.09,64,30,32,15,1.16,7533489.136661589,8188575.0,0.0089,-17.14,305947,157832,96397,2.712
2073,LLYVK,Communication Services,Entertainment,NASDAQ,100.09,64,66,77,58,99.53,8588613306.7623825,92004429.0,0.0304,-3.01,494075,376471,337449,0.352
2074,AVIR,Healthcare,Biotechnology,NASDAQ,100.06,64,88,95,59,4.39,340115170.75,80027099.0,0.1224,-31.94,272234,327484,319924,
2075,CCAQU,Financial Services,Shell Companies,NASDAQ,100.05,64,48,54,50,11.53,,,,-10.06,1802,634,380,
2076,REG,Real Estate,REIT - Retail,NASDAQ,100.03,64,60,72,37,80.1,14230282742.306824,183096790.0,0.0291,-1.91,1707886,1550458,1480891,0.1
2077,RAVE,Consumer Cyclical,Restaurants,NASDAQ,100.0,64,31,36,34,3.16,40787195.66361523,14211567.0,0.0021,-15.73,109960,100326,94726,0.087
2078,MASI,Healthcare,Medical Devices,NASDAQ,99.99,64,77,73,27,179.95,9364640342.082642,52369086.0,0.078200005,0.53,1145090,984963,882788,0.085
2079,NEM,Basic Materials,Gold,NYSE,99.98,64,87,92,93,92.77,106445685121.06625,1067552764.0,0.020499999,-31.22,8728380,7409986,7733210,0.458
2080,SWX,Utilities,Utilities - Regulated Gas,NYSE,99.98,64,69,74,64,88.78,6421098820.908234,72374873.0,0.0269,-5.98,515553,491131,471338,-0.216
2081,ETO,Financial Services,Asset Management,NYSE,99.98,64,64,62,69,29.89,491644140.0,16388138.0,0.28,-4.38,37440,41416,39172,0.234
2082,AREC,Basic Materials,Coking Coal,NASDAQ,99.96,64,81,98,97,2.06,225709372.69826698,106971272.0,0.0853,-71.03,3687261,3340663,3103802,
2083,CLDX,Healthcare,Biotechnology,NASDAQ,99.95,64,84,81,71,29.35,2246443166.5131683,78492072.0,0.1078,-17.99,759239,722493,920959,-0.978
2084,NNN,Real Estate,REIT - Retail,NYSE,99.94,64,62,69,40,46.3,8553557863.742592,190248177.0,0.059899997,0.59,1978791,1995023,1828370,0.041
2085,DSGR,Industrials,Industrial Distribution,NASDAQ,99.94,64,32,33,32,27.22,1266209465.6011772,46195165.0,0.048800003,-19.47,61822,65277,86474,0.038
2086,FRME,Financial Services,Banks - Regional,NASDAQ,99.93,64,51,42,41,41.16,2516498067.363014,63022741.0,0.021300001,-4.77,315819,312576,336941,-0.025
2087,GSK,Healthcare,Drug Manufacturers - General,NYSE,99.91,64,66,81,83,51.17,103309350260.00055,2005228054.0,0.0068,-17.07,4155927,3976902,3988209,0.015
2088,IDA,Utilities,Utilities - Regulated Electric,NYSE,99.91,64,68,77,63,141.65,7831399731.988983,55408235.0,0.1103,-5.4,531791,538563,521242,-0.067
2089,DNP,Financial Services,Asset Management,NYSE,99.91,64,65,67,63,10.75,4043291496.6449356,376821218.0,0.0015,-1.56,787903,693607,677226,0.089
2090,NWN,Utilities,Utilities - Regulated Gas,NYSE,99.9,64,68,80,72,50.0,2094759871.1923828,42080352.0,0.0388,-10.7,249981,271613,243556,-0.008
2091,VUZI,Technology,Consumer Electronics,NASDAQ,99.89,64,74,27,65,2.99,303527653.2805896,83158259.0,0.2015,-46.8,2087318,2533629,1821571,-0.12
2092,HTO,Utilities,Utilities - Regulated Water,NASDAQ,99.88,64,70,75,40,57.75,2402885397.97863,41840247.0,0.1519,-6.66,408699,458186,542487,0.094
2093,NMAI,Financial Services,Asset Management,NYSE,99.88,64,68,63,64,13.51,456594319.2596512,33425646.0,0.0031,-6.05,167404,133298,116824,
2094,IBOC,Financial Services,Banks - Regional,NASDAQ,99.86,64,58,47,61,75.31,4537987395.858307,62181244.0,0.033800002,-0.17,330976,292822,320979,0.054
2095,ESS,Real Estate,REIT - Residential,NYSE,99.85,64,53,38,31,284.64,18342227692.102966,64261739.0,0.045,-3.21,496409,493749,468081,0.064
2096,TITN,Industrials,Industrial Distribution,NASDAQ,99.85,64,61,41,35,19.96,540306498.1733932,23309167.0,0.041199997,-18.86,273377,191849,166911,-0.155
2097,RMBI,Financial Services,Banks - Regional,NASDAQ,99.82,64,58,48,58,14.97,143666095.2262087,9779857.0,0.020599999,-6.64,53025,50138,43939,0.127
2098,BSVN,Financial Services,Banks - Regional,NASDAQ,99.81,64,43,39,54,45.87,429131684.3104248,9519336.0,0.0095,-8.44,12827,11069,11573,0.158
2099,PM,Consumer Defensive,Tobacco,NYSE,99.81,64,65,69,55,182.95,277875446189.38293,1558558846.0,0.0113,-5.23,4096825,4603735,4727493,0.091
2100,DFSC,Industrials,Aerospace & Defense,NASDAQ,99.8,64,92,14,9,3.5,7715332.3918476105,1993626.0,0.0584,-77.23,61140,112270,130712,0.677
2101,ESQ,Financial Services,Banks - Regional,NASDAQ,99.8,64,57,76,78,111.95,933836065.1514587,8639431.0,0.1058,-16.96,97534,96358,110620,0.17
2102,TRC,Industrials,Conglomerates,NYSE,99.79,64,71,73,42,19.45,519338483.62187386,26992645.0,0.0547,-8.73,89511,91473,89122,0.158
2103,SWKS,Technology,Semiconductors,NASDAQ,99.79,64,42,25,27,70.29,11065366652.009743,150405963.0,0.2575,-22.67,5147691,5492120,4456154,-0.01
2104,NVS,Healthcare,Drug Manufacturers - General,NYSE,99.78,64,70,83,77,148.12,284611004487.0415,1908091965.0,0.0023,-13.11,2084042,1522917,1522512,-0.007
2105,EBF,Industrials,Business Equipment & Supplies,NYSE,99.77,64,62,73,39,20.88,520891424.34020996,25298272.0,0.0535,-6.62,107370,140320,148046,0.04
2106,LCNB,Financial Services,Banks - Regional,NASDAQ,99.76,64,47,60,71,17.37,239617833.39246368,14246007.0,0.0050999997,-2.91,21825,20705,22045,-0.006
2107,PROV,Financial Services,Banks - Regional,NASDAQ,99.75,64,63,63,60,17.06,105812452.19711876,6253691.0,0.007900001,-2.07,10427,7835,9009,-0.112
2108,TRNO,Real Estate,REIT - Industrial,NYSE,99.74,64,64,59,49,66.2,6800799634.954315,105717386.0,0.1009,-2.0,855371,709263,657744,0.127
2109,RGCO,Utilities,Utilities - Regulated Gas,NASDAQ,99.73,64,64,56,65,23.73,238636090.25601196,10407156.0,0.0082,-3.14,9068,10682,10593,0.247
2110,SWAG,Communication Services,Advertising Agencies,NASDAQ,99.68,64,56,72,88,1.96,38103418.1729815,18770157.0,0.0016,-44.0,68860,76323,62922,0.089
2111,DRS,Industrials,Aerospace & Defense,NASDAQ,99.68,64,65,79,25,46.11,12311070722.096642,266762087.0,0.0128999995,-6.49,913436,897478,962161,0.059
2112,HSTM,Healthcare,Health Information Services,NASDAQ,99.65,64,43,24,21,26.32,737391338.4331741,29215188.0,0.056700002,-11.17,238088,272056,238077,0.105
2113,KFIIU,Financial Services,Shell Companies,NASDAQ,99.64,64,49,43,69,11.75,274562272.9558945,25829000.0,4.71,-4.32,1214,524,324,
2114,DEA,Real Estate,REIT - Office,NYSE,99.61,64,60,46,33,23.88,1110140020.88097,46449374.0,0.059,-4.25,336730,374493,365500,0.158
2115,ZDGE,Communication Services,Internet Content & Information,NYSE ARCA,99.61,64,50,65,37,3.12,41342811.3150177,13041896.0,0.0064999997,-36.2,71972,63977,66648,0.183
2116,LIN,Basic Materials,Specialty Chemicals,NASDAQ,99.61,64,65,70,33,509.16,234826195927.05597,462347310.0,0.0153,-2.33,2784297,2254829,2135033,0.082
2117,DDL,Consumer Defensive,Grocery Stores,NYSE,99.6,64,60,76,31,2.51,535709951.9763839,218657119.0,0.0161,-26.39,406565,408701,367381,1.952
2118,ET,Energy,Oil & Gas Midstream,NYSE,99.56,64,72,69,34,19.04,66724076280.71306,3441159277.0,0.0105,-8.02,8753748,13185609,14700257,0.321
2119,SEG,Real Estate,Real Estate Services,NYSE,99.55,64,51,46,33,24.12,306477732.23695755,12801910.0,0.1041,-14.89,97735,70958,60299,-0.275
2120,GNW,Financial Services,Insurance - Life,NYSE,99.54,64,60,51,71,8.93,3316860098.5174255,383009256.0,0.026199998,-5.5,2592728,2561986,2669553,-0.005
2121,CBNK,Financial Services,Banks - Regional,NASDAQ,99.53,64,41,41,37,33.51,531967873.81464005,16288055.0,0.0551,-7.94,71841,64283,67924,0.057
2122,PMTS,Financial Services,Credit Services,NASDAQ,99.52,64,65,23,19,18.52,195659107.6448059,11475608.0,0.0364,-27.37,58683,50784,48062,0.198
2123,EE,Energy,Oil & Gas Midstream,NYSE,99.51,63,72,80,37,32.77,1026133214.0957985,31837829.0,0.0889,-24.1,351049,380629,376065,0.376
2124,LOGI,Technology,Computer Hardware,NASDAQ,99.51,63,59,40,76,109.13,16209473657.853584,143535585.0,0.1091,-15.83,1389074,1314584,1127752,0.074
2125,ARI,Real Estate,REIT - Mortgage,NYSE,99.5,63,66,64,58,10.89,1437800756.0371056,130947251.0,0.053400002,-3.11,986766,1264822,1329287,0.002
2126,JXN,Financial Services,Insurance - Life,NYSE,99.49,63,65,71,75,106.64,7522491240.0078125,69743104.0,0.0573,-13.73,569467,588999,562999,-0.226
2127,MBAVU,Financial Services,Shell Companies,NASDAQ,99.48,63,36,45,31,12.4,,,7.75,-26.1,8393,2831,1704,
2128,YMAT,Basic Materials,Specialty Chemicals,NASDAQ,99.45,63,12,2,3,0.7,16641927.945370913,20050516.0,0.0427,-89.15,7603024,20472341,12328094,
2129,FDSB,Financial Services,Banks - Regional,NASDAQ,99.43,63,64,69,67,15.52,79341378.31329346,5264856.0,0.0019,-0.74,26601,13283,10568,0.181
2130,SA,Basic Materials,Gold,NYSE,99.42,63,90,93,95,25.06,3166266873.5909786,107622939.0,0.0429,-37.44,1291266,1020645,945407,
2131,CPT,Real Estate,REIT - Residential,NYSE,99.41,63,40,38,35,115.31,11157600958.39975,99090596.0,0.077,-3.1,1344816,1250215,1216873,-0.005
2132,LILA,Communication Services,Telecom Services,NASDAQ,99.39,63,59,66,76,7.86,1522583988.4757996,201400000.0,0.0219,-13.05,516994,439238,353284,-0.001
2133,DMLP,Energy,Oil & Gas E&P,NASDAQ,99.39,63,67,71,21,27.41,1326059743.910408,48255450.0,0.0125,-5.32,94271,158753,160094,0.364
2134,HEQ,Financial Services,Asset Management,NYSE,99.38,63,63,65,62,11.57,141859705.42391968,12093752.0,0.42,-2.94,30280,39516,42652,
2135,CLST,Financial Services,Banks - Regional,NASDAQ,99.37,63,68,79,79,16.02,64627740.42716217,4051896.0,0.0022,-11.78,3714,5441,7286,0.017
2136,ASPCU,Financial Services,Shell Companies,NASDAQ,99.3,63,37,45,61,11.7,,,2.77,-76.12,3665,2305,1471,
2137,RFL,Real Estate,Real Estate Services,NYSE,99.26,63,44,27,16,1.78,80618814.5198679,52012140.0,0.0025,-44.2,210622,117130,92970,1.74
2138,SGU,Energy,Oil & Gas Refining & Marketing,NYSE,99.25,63,60,65,48,12.78,416662595.9923334,32833933.0,0.0018000001,-5.54,20457,23272,20927,0.032
2139,BCX,Financial Services,Asset Management,NYSE,99.25,63,74,82,73,11.6,887411393.774271,76238090.0,0.0004,-16.31,194039,195293,192191,
2140,GGZ,Financial Services,Asset Management,NYSE,99.25,63,66,74,67,15.57,119622281.44826889,7707621.0,0.0001,-7.32,5511,7737,7768,
2141,PRK,Financial Services,Banks - Regional,NYSE ARCA,99.25,63,51,46,43,176.37,3131347119.065262,18096089.0,0.0286,-1.73,94127,84569,84163,0.212
2142,CNR,Energy,Thermal Coal,NYSE,99.25,63,54,80,50,91.28,4710087201.465454,50407610.0,0.0641,-20.49,671599,721226,793357,0.066
2143,IVR,Real Estate,REIT - Mortgage,NYSE,99.24,63,66,73,70,7.9,724949725.57861,92823269.0,0.09020001,-16.84,1901926,2345815,2214639,
2144,MGY,Energy,Oil & Gas E&P,NYSE,99.24,63,73,82,28,27.81,5087917018.921217,184947909.0,0.1455,-15.11,2159045,2302071,2262977,0.023
2145,TFX,Healthcare,Medical Instruments & Supplies,NYSE,99.24,63,68,30,33,132.15,5748044034.117645,44270211.0,0.08229999,-5.38,615041,731043,814546,0.323
2146,IOSP,Basic Materials,Specialty Chemicals,NASDAQ,99.24,63,36,27,26,83.35,1987232879.476799,24631047.0,0.019199999,-9.54,184874,219118,206490,0.028
2147,NRIM,Financial Services,Banks - Regional,NASDAQ,99.22,63,51,48,82,25.41,551670179.8285904,22244766.0,0.023599999,-17.55,102109,106573,117301,0.062
2148,GAM,Financial Services,Asset Management,NYSE,99.18,63,70,71,74,62.1,1508038019.3395386,23986608.0,0.0004,-6.17,31810,28943,27004,-0.221
2149,EVTV,Consumer Cyclical,Auto Manufacturers,NASDAQ,99.18,63,73,27,4,1.69,23145986.516732216,12930719.0,0.0791,-66.67,650869,708146,544601,2.808
2150,BAYAU,Financial Services,Shell Companies,NASDAQ,99.14,63,51,61,49,12.75,,,,-44.57,1824,1564,938,
2151,CSQ,Financial Services,Asset Management,NASDAQ,99.13,63,68,56,64,19.52,3202581500.8329105,160369635.0,0.0001,-6.24,215738,215696,240923,-0.022
2152,HURA,Healthcare,Biotechnology,NASDAQ,99.13,63,76,85,3,2.08,125136169.6456337,63682528.0,0.1626,-46.67,465272,548034,904638,
2153,HCWB,Healthcare,Biotechnology,NASDAQ,99.11,63,1,3,2,1.21,11672674.465852976,7161150.0,0.62490004,-83.54,1635389,24719899,15688353,1290.807
2154,JMG,Consumer Cyclical,Specialty Retail,NYSE ARCA,99.11,63,64,82,24,6.61,134265627.71201134,20312500.0,,-31.15,0,0,0,0.324
2155,POR,Utilities,Utilities - Regulated Electric,NYSE,99.11,63,56,79,74,50.72,5847837314.558014,115730011.0,0.0638,-7.14,1220591,1306720,1248234,-0.053
2156,UAL,Industrials,Airlines,NASDAQ,99.08,63,38,47,81,102.78,34316758430.999023,324569728.0,0.0434,-13.78,5044600,5652096,6814102,0.106
2157,FMNB,Financial Services,Banks - Regional,NASDAQ,99.08,63,55,37,55,14.54,840261123.1423883,59215021.0,0.013099999,-6.19,368528,316199,323103,0.277
2158,CF,Basic Materials,Agricultural Inputs,NYSE,99.08,63,87,90,30,109.26,17435385978.072464,153629274.0,0.0705,-23.03,2746864,2983951,3398000,0.194
2159,CAPL,Energy,Oil & Gas Refining & Marketing,NYSE,99.07,63,60,59,42,22.46,843210729.6547222,38154331.0,0.0025,-3.77,53415,54725,44771,-0.02
2160,AM,Energy,Oil & Gas Midstream,NYSE,99.06,63,70,84,55,21.49,10221569817.428589,474980000.0,0.0317,-9.84,1851680,2316650,2420114,0.086
2161,MTDR,Energy,Oil & Gas E&P,NYSE,99.05,63,79,79,23,54.91,6652227582.493813,124178227.0,0.08939999,-17.85,1722848,1728179,1727237,-0.064
2162,ARR,Real Estate,REIT - Mortgage,NYSE,99.03,63,69,70,68,16.83,2122429120.4717407,124046116.0,0.0001,-12.84,2924198,3049969,2985215,
2163,OBIO,Healthcare,Biotechnology,NASDAQ,99.03,63,75,82,86,4.02,233534794.21067,59880715.0,0.0229,-25.88,190683,243851,204276,-0.873
2164,RM,Financial Services,Credit Services,NYSE,99.03,63,47,33,70,36.31,330848652.66010284,9208145.0,0.045100003,-21.07,50176,56808,59703,0.096
2165,MEGI,Financial Services,Asset Management,NYSE,99.02,63,65,74,57,15.02,784356321.4963531,52047534.0,0.63,-5.48,134957,146209,152143,
2166,ADAML,Real Estate,REIT - Mortgage,NASDAQ,98.99,63,65,67,61,24.13,,,0.58,-1.27,13163,9237,10568,0.107
2167,PRPO,Healthcare,Diagnostics & Research,NASDAQ,98.97,63,95,96,98,22.55,41985367.870903015,1787372.0,0.0044,-32.95,33820,35596,35344,0.229
2168,LLYVA,Communication Services,Entertainment,NASDAQ,98.95,63,66,77,56,96.15,8336521367.845047,92004429.0,0.045500003,-3.68,225608,321589,234013,0.352
2169,ISBA,Financial Services,Banks - Regional,NASDAQ,98.95,63,67,83,94,42.48,303820137.93816376,7202943.0,0.0255,-27.79,39793,27954,35492,0.137
2170,VNOM,Energy,Oil & Gas Midstream,NASDAQ,98.95,63,75,71,36,44.78,8829014404.090843,194215015.0,0.041100003,-12.42,1883253,1654697,1730358,1.091
2171,CZR,Consumer Cyclical,Resorts & Casinos,NASDAQ,98.95,63,68,61,22,29.47,5947852574.6058655,203693576.0,0.1461,-6.68,18903672,8942880,6753702,0.027
2172,SMP,Consumer Cyclical,Auto Parts,NYSE,98.94,63,46,67,74,38.87,873388424.9786797,22263279.0,0.0403,-15.5,116314,112918,113302,0.091
2173,APT,Industrials,Building Products & Equipment,NYSE ARCA,98.93,63,80,58,32,5.3,52412862.32923508,10216932.0,0.0241,-29.33,72425,151485,103019,0.055
2174,EMO,Financial Services,Asset Management,NYSE,98.88,63,67,77,40,50.76,1005935119.4261131,20014627.0,0.0002,-7.54,50303,55207,55598,
2175,RQI,Financial Services,Asset Management,NYSE,98.87,63,67,68,35,12.84,1818857360.8329325,134431441.0,0.0023999999,-5.38,698489,422899,378193,-0.052
2176,CTRI,Utilities,Utilities - Regulated Gas,NYSE,98.87,63,81,86,82,28.19,3011890329.481407,100934662.0,0.0402,-34.42,1092410,1601316,1362780,0.315
2177,GMED,Healthcare,Medical Devices,NYSE,98.86,63,50,79,85,80.86,10859570080.0,135744626.0,0.030299999,-20.26,1655274,1888244,1546058,0.27
2178,NI,Utilities,Utilities - Regulated Gas,NYSE,98.86,63,66,76,62,46.63,22346663502.076492,479439245.0,0.0315,-4.8,3331542,4406484,4386160,0.082
2179,HRMY,Healthcare,Biotechnology,NASDAQ,98.83,63,26,24,75,35.48,1864144211.3686066,57892676.0,0.153,-13.19,944193,795571,834230,0.166
2180,KMI,Energy,Oil & Gas Midstream,NYSE,98.8,62,70,81,40,31.84,70482480660.72293,2224825757.0,0.0223,-8.53,9212945,9960051,11068923,0.138
2181,UTF,Financial Services,Asset Management,NYSE,98.8,62,63,67,42,26.95,3035644145.197832,111810099.0,0.0007,-1.46,324696,293365,308137,
2182,CTRN,Consumer Cyclical,Apparel Retail,NASDAQ,98.8,62,76,86,90,45.66,360026996.72216034,8361054.0,0.14819999,-19.58,135480,128300,111120,0.144
2183,SBUX,Consumer Cyclical,Restaurants,NASDAQ,98.77,62,72,69,36,98.76,108602014043.42651,1139700000.0,0.0506,-9.29,8242715,8329628,7592065,0.088
2184,AFL,Financial Services,Insurance - Life,NYSE,98.77,62,57,54,56,117.11,60182373961.65094,508984904.0,0.0219,-2.25,3042689,2509789,2315157,0.279
2185,GFR,Energy,Oil & Gas E&P,NYSE,98.76,62,77,81,21,5.79,709928120.8610535,125429000.0,0.001,-17.52,163461,218943,231828,-0.191
2186,MAN,Industrials,Staffing & Employment Services,NYSE,98.76,62,25,19,13,33.07,1502187111.117714,46507342.0,0.1593,-30.14,843671,844903,995876,0.103
2187,APO,Financial Services,Asset Management,NYSE,98.74,62,41,21,47,131.14,73811536485.63327,576517513.0,0.057800002,-16.62,3528383,3425047,3821642,-0.092
2188,XBIO,Healthcare,Biotechnology,NASDAQ,98.72,62,74,74,11,3.0,7079362.843357086,2291056.0,0.0027,-78.46,19183,14081,15106,0.36
2189,USCB,Financial Services,Banks - Regional,NASDAQ,98.7,62,46,58,68,19.35,343178697.72109985,18263900.0,0.0121,-6.9,36770,68233,58320,0.147
2190,ALLO,Healthcare,Biotechnology,NASDAQ,98.69,62,93,93,64,1.78,648890573.0341748,345154561.0,0.1356,-60.09,8200543,6980464,10982512,
2191,LGIH,Consumer Cyclical,Residential Construction,NASDAQ,98.68,62,21,23,18,52.56,1169745212.2003555,23232279.0,0.214,-24.37,397566,413715,428803,-0.09
2192,TBLD,Financial Services,Asset Management,NASDAQ,98.68,62,64,72,65,21.51,698743433.7688808,32081883.0,0.26,-6.56,44572,57900,63462,
2193,TXO,Energy,Oil & Gas E&P,NYSE,98.66,62,37,39,17,13.52,742459270.8993216,55242507.0,0.0234,-16.85,262718,264489,220615,-0.665
2194,SWK,Industrials,Tools & Accessories,NYSE,98.66,62,54,43,39,77.47,12200153184.574005,155455564.0,0.0548,-17.03,1319050,1671140,1960624,0.027
2195,HPQ,Technology,Computer Hardware,NYSE,98.66,62,32,21,29,24.69,23393490340.427456,914522690.0,0.1526,-16.73,27397580,21950510,19879382,0.09
2196,GDV,Financial Services,Asset Management,NYSE,98.66,62,65,67,66,28.52,2498340678.603508,87446297.0,0.0004,-3.58,147728,136706,121273,0.142
2197,THQ,Financial Services,Asset Management,NYSE,98.62,62,63,54,62,18.53,756233918.75,41437475.0,0.0070999996,-9.12,151306,128595,129695,
2198,FFA,Financial Services,Asset Management,NYSE,98.6,62,62,61,63,22.29,448932393.2603607,19988086.0,0.0007,-4.09,28606,25988,28617,-0.051
2199,CBLL,Healthcare,Medical Devices,NASDAQ,98.59,62,62,66,84,18.38,692454275.0,37942700.0,0.0798,-24.46,284335,336718,298301,0.293
2200,UFPT,Healthcare,Medical Devices,NASDAQ,98.59,62,30,38,41,232.48,1732068496.1519775,7736939.0,0.2138,-15.44,191258,222666,214161,0.041
2201,SBS,Utilities,Utilities - Regulated Water,NYSE,98.59,62,75,82,81,5.36,18760458775.431908,3506627871.0,0.0062,-25.12,6990923,5988514,6373588,0.183
2202,ETG,Financial Services,Asset Management,NYSE,98.58,62,60,61,73,22.54,1719532639.6460953,76321908.0,0.06,-4.77,127991,162207,148908,0.442
2203,ZTO,Industrials,Integrated Freight & Logistics,NYSE,98.52,62,73,77,68,22.44,17050942364.37159,765302596.0,0.0269,-14.35,1461390,1836083,1649658,0.22
2204,GTES,Industrials,Specialty Industrial Machinery,NYSE,98.52,62,58,57,35,25.33,6510017941.474777,253999928.0,0.045100003,-11.03,1988948,2080109,2060885,0.004
2205,ITUB,Financial Services,Banks - Regional,NYSE,98.5,62,65,84,81,7.62,83102823579.85953,11021594695.0,0.0064,-20.63,20677035,23950891,22115925,-0.021
2206,OXM,Consumer Cyclical,Apparel Manufacturing,NYSE,98.49,62,47,35,17,43.28,657424118.3642082,14900819.0,0.3502,-23.18,422589,330126,319715,-0.041
2207,NRK,Financial Services,Asset Management,NYSE,98.49,62,64,64,49,10.61,913353656.1743393,87235304.0,0.0058999998,-1.49,295240,298366,273634,-0.018
2208,UYSCU,Financial Services,Shell Companies,NASDAQ,98.48,62,52,50,51,11.41,74120252.5472641,6677500.0,11.66,-18.96,174,418,276,
2209,INVH,Real Estate,REIT - Residential,NYSE,98.47,62,42,31,25,29.71,17845020902.101654,594041956.0,0.039100002,-13.26,5581676,5566552,5404883,0.092
2210,ALLY,Financial Services,Credit Services,NYSE,98.47,62,64,35,71,41.88,13109991502.055122,306523062.0,0.0385,-11.4,3812525,3189281,3363611,0.197
2211,CZNC,Financial Services,Banks - Regional,NASDAQ,98.47,62,54,69,70,21.92,382519117.93463516,17916586.0,0.015800001,-9.12,49303,45361,40964,-0.138
2212,CVBF,Financial Services,Banks - Regional,NASDAQ,98.47,62,49,47,52,20.87,3617331518.0,176455196.0,0.0544,-2.84,1277201,1515863,1821600,0.003
2213,MTA,Basic Materials,Other Precious Metals & Mining,NYSE ARCA,98.45,62,86,92,96,6.65,655968187.4577208,93442762.0,1.82,-28.11,618783,503834,457002,0.78
2214,AXTA,Basic Materials,Specialty Chemicals,NYSE,98.45,62,28,33,39,32.1,6887124019.553345,214018768.0,0.0542,-10.13,3434135,2776501,2530483,-0.006
2215,CVLT,Technology,Software - Application,NASDAQ,98.44,62,25,9,13,125.28,4895624424.948692,41250627.0,0.082100004,-37.57,767326,716338,910711,0.133
2216,BFRI,Healthcare,Drug Manufacturers - Specialty & Generic,NASDAQ,98.43,62,76,69,25,0.86,11971126.67052555,12803344.0,0.0069,-27.73,140828,220752,187315,0.174
2217,SNFCA,Financial Services,Insurance - Life,NASDAQ,98.41,62,56,44,32,9.64,251005229.97939873,26037886.0,0.0106,-3.6,32796,30022,30415,-0.036
2218,MXE,Financial Services,Asset Management,NYSE,98.4,62,73,75,81,12.86,57862746.671453476,4400209.0,2.49,-10.07,1755,2131,2627,0.285
2219,GRPN,Communication Services,Internet Content & Information,NASDAQ,98.39,62,46,10,23,16.09,625216276.0246277,37983980.0,0.5812,-62.65,1646583,2050824,2091512,0.0
2220,PFGC,Consumer Defensive,Food Distribution,NYSE,98.37,62,50,42,52,100.74,15256566760.580162,157089851.0,0.055999998,-7.62,1476515,1778935,1764511,0.064
2221,MNR,Energy,Oil & Gas E&P,NYSE,98.37,62,70,71,24,13.43,2243483330.8350935,166801737.0,0.030199999,-13.91,338075,490918,831465,0.438
2222,RGT,Financial Services,Asset Management,NYSE,98.37,62,66,73,65,14.14,92011188.04423523,6562852.0,0.0011,-5.67,10392,11864,14598,
2223,DGX,Healthcare,Diagnostics & Research,NYSE,98.34,62,45,70,56,203.78,22171387021.208878,110696429.0,0.0337,-4.55,754494,790958,892336,0.092
2224,EPC,Consumer Defensive,Household & Personal Products,NYSE,98.33,62,29,44,16,21.59,915635986.2929878,46081326.0,0.1232,-21.41,811232,908957,757316,0.006
2225,ECAT,Financial Services,Asset Management,NYSE,98.32,62,60,46,59,15.14,1527833161.370267,99468307.0,0.0036000002,-11.67,536068,524346,513717,
2226,CUBE,Real Estate,REIT - Industrial,NYSE,98.31,62,60,50,26,41.68,9126733736.231804,226413630.0,0.0336,-5.55,2394157,2201662,2207943,0.033
2227,MRKR,Healthcare,Biotechnology,NASDAQ,98.3,62,71,65,37,1.43,23675839.624467015,16673127.0,0.0182,-64.86,65791,62240,94668,
2228,FTS,Utilities,Utilities - Regulated Electric,NYSE,98.3,62,65,78,68,56.48,28460535197.375298,509132995.0,26.73,-3.91,833221,716670,741382,0.019
2229,IBCP,Financial Services,Banks - Regional,NASDAQ,98.28,62,50,60,66,35.31,712560946.7910004,20606157.0,0.0304,-9.85,123671,146783,152986,0.097
2230,SNTG,Financial Services,Credit Services,NASDAQ,98.28,62,54,30,47,2.44,6676673.821043968,2805325.0,0.0067000003,-80.79,142114,55934,37230,-0.359
2231,SLDB,Healthcare,Biotechnology,NASDAQ,98.27,62,90,88,73,6.61,659612341.4222279,98449606.0,0.106400006,-25.45,1000784,1134064,1063538,
2232,EQR,Real Estate,REIT - Residential,NYSE,98.26,62,55,39,31,67.61,25551622014.18457,374712144.0,0.0342,-3.7,3489856,3112295,2852583,0.025
2233,FELE,Industrials,Specialty Industrial Machinery,NASDAQ,98.25,62,41,44,50,99.63,4354600678.053223,44182232.0,0.0171,-10.67,279942,263520,293974,0.099
2234,MP,Basic Materials,Other Industrial Metals & Mining,NYSE,98.25,62,85,88,90,53.45,10535353731.968063,178022198.0,0.16780001,-46.68,6465787,6938399,6374621,1.186
2235,CRESY,Industrials,Conglomerates,NASDAQ,98.24,62,35,70,75,11.59,774503145.731163,70925196.0,0.0324,-18.44,275990,276786,270322,0.05
2236,ENTA,Healthcare,Biotechnology,NASDAQ,98.23,62,90,88,96,11.7,328004118.63523483,29078380.0,0.0907,-31.78,189243,211457,173282,0.15
2237,ASGI,Financial Services,Asset Management,NYSE,98.21,62,71,80,76,22.16,717193206.6503525,31622275.0,2.81,-14.61,200606,151332,140795,
2238,MDAI,Healthcare,Medical Devices,NASDAQ,98.2,62,80,21,18,1.83,60147331.19475424,31823985.0,0.0726,-42.99,777806,927152,725947,-0.405
2239,BACCU,Financial Services,Shell Companies,NASDAQ,98.17,62,49,48,62,11.3,,,0.03,-3.83,1550,550,5882,
2240,PRDO,Consumer Defensive,Education & Training Services,NASDAQ,98.14,61,69,76,40,35.22,2148836396.6132164,62703133.0,0.0694,-8.52,589742,620584,595928,0.041
2241,THW,Financial Services,Asset Management,NYSE,98.14,61,72,68,73,12.18,502126065.5826616,40363833.0,0.0033000002,-7.66,107362,95477,94138,
2242,AFB,Financial Services,Asset Management,NYSE,98.08,61,59,56,50,11.31,319356229.0912094,28744936.0,0.74,-0.18,109916,111155,115439,0.071
2243,DJCO,Technology,Software - Application,NASDAQ,98.08,61,58,60,75,527.19,715602547.0206299,1377722.0,0.1721,-21.87,41812,33580,47376,0.25
2244,SPAI,Industrials,Aerospace & Defense,NASDAQ,98.07,61,67,80,22,5.14,113609686.38927269,20618817.0,0.0301,-43.89,451124,453378,345448,5.602
2245,ETN,Industrials,Specialty Industrial Machinery,NYSE,98.05,61,62,68,38,375.46,153743502947.99805,388300000.0,0.023699999,-13.77,2457216,2814108,2559623,0.168
2246,GHC,Consumer Defensive,Education & Training Services,NYSE,98.05,61,54,51,65,1146.78,4877901968.704102,4307084.0,0.0544,-6.37,13889,15653,17099,0.06
2247,KPRX,Healthcare,Biotechnology,NASDAQ,98.04,61,46,26,14,2.63,11079850.0,4431940.0,0.0050999997,-22.42,24833,52374,609674,
2248,CXDO,Communication Services,Telecom Services,NASDAQ,98.03,61,86,61,71,6.94,245384379.17446756,32415373.0,0.026800001,-38.2,1097907,741049,493261,0.29
2249,AFRI,Consumer Defensive,Farm Products,NASDAQ,98.03,61,66,62,80,9.97,263706103.4998846,26963815.0,0.0337,-12.7,10078,17282,13823,-0.222
2250,NXPL,Technology,Software - Application,NASDAQ,98.03,61,42,14,16,6.2,17117764.70494604,2708507.0,0.0224,-44.14,28515,20195,22151,-0.322
2251,BIO,Healthcare,Medical Devices,NYSE,98.03,61,25,41,65,291.01,7876473719.367798,26761598.0,0.0,-15.19,415140,472446,383696,0.011
2252,LANDO,Real Estate,REIT - Specialty,NASDAQ,98.02,61,63,64,38,20.63,,,2.83,-4.05,18388,13922,14305,-0.018
2253,SMC,Energy,Oil & Gas Midstream,NYSE,97.99,61,70,67,35,29.78,403100869.6957855,13814286.0,0.0153,-11.1,69439,69739,58203,0.049
2254,FSBW,Financial Services,Banks - Regional,NASDAQ,97.99,61,41,45,64,43.02,303180617.8545227,7414542.0,0.026600001,-2.71,14500,11483,13602,0.026
2255,WETH,Technology,Electronic Components,NASDAQ,97.96,61,79,58,80,1.42,15749625.505833864,11931534.0,0.00029999999,-61.41,102349,112979,95429,0.067
2256,USFD,Consumer Defensive,Food Distribution,NYSE,97.93,61,54,79,57,90.18,18632954448.57263,220221656.0,0.040799998,-11.7,3007193,2872174,2497270,0.028
2257,CNP,Utilities,Utilities - Regulated Electric,NYSE,97.93,61,61,77,62,42.74,27926494202.83493,654169480.0,0.072,-3.89,5247610,5273373,4951208,0.019
2258,SGMT,Healthcare,Biotechnology,NASDAQ,97.93,61,84,33,68,6.5,417442229.45386696,61751807.0,0.0694,-43.03,663270,890343,1755414,
2259,PPG,Basic Materials,Specialty Chemicals,NYSE,97.93,61,34,44,34,112.97,25366020680.236816,222900000.0,0.038599998,-15.33,1785421,1842110,1940644,0.067
2260,PKX,Basic Materials,Steel,NYSE,97.93,61,86,69,61,58.73,18629935160.59526,302483116.0,0.003,-36.44,490341,346800,279168,0.025
2261,HTD,Financial Services,Asset Management,NYSE,97.93,61,63,70,57,25.59,892882017.0323372,35431825.0,0.0021,-2.37,73234,62401,60284,0.111
2262,OMCL,Healthcare,Health Information Services,NASDAQ,97.91,61,80,42,85,38.18,1955593087.0,45478909.0,0.0715,-30.58,550601,573637,547406,0.149
2263,NVST,Healthcare,Medical Instruments & Supplies,NYSE,97.9,61,57,81,70,24.06,3759015083.3757763,162727923.0,0.078600004,-20.91,2866625,3716981,3131223,0.144
2264,GLO,Financial Services,Asset Management,NYSE ARCA,97.89,61,66,69,66,5.77,252748365.4943924,42766222.0,0.0011,-5.41,125442,166357,140932,-0.186
2265,CPAY,Technology,Software - Infrastructure,NYSE,97.89,61,54,42,37,348.99,22709999554.424988,65361919.0,0.0421,-5.02,542181,556417,541628,0.254
2266,MARA,Financial Services,Capital Markets,NASDAQ,97.88,61,70,17,12,12.62,4697252480.605476,381270503.0,0.29860002,-46.18,39729950,42839936,43259044,-0.184
2267,ADNT,Consumer Cyclical,Auto Parts,NYSE,97.88,61,51,63,39,21.72,1730583427.1601334,78413387.0,0.089899994,-20.5,1048980,1020706,922916,0.07
2268,BPYPN,Real Estate,Real Estate Services,NASDAQ,97.87,61,62,62,59,13.76,,,0.86,-7.53,16769,16456,19507,-0.028
2269,A,Healthcare,Diagnostics & Research,NYSE,97.86,61,30,31,67,131.62,38252583184.89111,282431944.0,0.0222,-17.88,2967624,2503664,2227912,0.1
2270,NDRA,Healthcare,Diagnostics & Research,NASDAQ,97.86,61,86,20,77,4.19,7819002.755256653,1848464.0,0.0272,-64.97,15355,15875,17719,
2271,AKR,Real Estate,REIT - Retail,NYSE,97.85,61,63,57,36,21.4,2990783907.4672527,133517141.0,0.2775,-4.97,1496857,1215549,1176835,-0.012
2272,CB,Financial Services,Insurance - Property & Casualty,NYSE,97.84,61,60,70,67,330.58,126547112523.46161,387860106.0,0.0086,-4.37,2031140,1676823,1622222,0.102
2273,GBCI,Financial Services,Banks - Regional,NYSE,97.83,61,46,45,36,47.89,6136226334.681931,130142654.0,0.0533,-11.3,893570,859523,871070,0.397
2274,RDDT,Communication Services,Internet Content & Information,NYSE,97.82,61,42,26,84,172.21,33390692400.509033,192509040.0,0.0945,-39.14,5314240,5754716,4989666,0.691
2275,LOMA,Basic Materials,Building Materials,NYSE,97.82,61,31,37,83,11.36,1300000498.2646084,116696630.0,0.027,-13.94,497110,447023,406428,0.011
2276,EXR,Real Estate,REIT - Industrial,NYSE,97.82,61,58,53,31,149.6,30698326094.38623,211260936.0,0.0301,-3.6,1043570,1069056,1124596,0.038
2277,LILAK,Communication Services,Telecom Services,NASDAQ,97.81,61,60,68,76,7.88,1532654026.889801,201400000.0,0.0304,-13.69,889384,839641,760070,-0.001
2278,STRT,Consumer Cyclical,Auto Parts,NASDAQ,97.8,61,32,78,88,77.51,323062940.487854,4178799.0,0.075500004,-16.21,83752,98840,107548,-0.045
2279,OTTR,Industrials,Conglomerates,NASDAQ,97.79,61,62,63,61,89.6,3642964554.5619965,41984150.0,0.1893,-2.86,254423,250614,265922,0.029
2280,MIAX,Financial Services,Capital Markets,NYSE,97.79,61,85,67,83,40.79,3721306755.1699677,94907086.0,0.047399998,-28.61,1863668,1491279,1365131,0.13
2281,PNTG,Healthcare,Medical Care Facilities,NASDAQ,97.75,61,77,80,71,32.3,1102479200.639351,34767557.0,0.019199999,-13.96,280618,272172,249811,0.36
2282,BMRC,Financial Services,Banks - Regional,NASDAQ,97.74,61,58,46,76,26.15,420932382.0,16189707.0,0.0434,-8.18,89439,97719,103835,0.253
2283,CAAP,Industrials,Airports & Air Services,NYSE,97.74,61,51,74,85,24.99,4137695684.7145214,163222707.0,0.047199998,-18.07,214362,218370,240550,0.188
2284,AVK,Financial Services,Asset Management,NYSE,97.72,61,62,58,62,12.58,561572060.908987,44148746.0,0.0002,-5.27,156106,149608,153007,0.081
2285,DDS,Consumer Cyclical,Department Stores,NYSE,97.71,61,52,77,89,582.55,9468149814.790527,15617051.0,0.3066,-21.49,126009,123419,107373,0.027
2286,RELY,Technology,Software - Infrastructure,NASDAQ,97.7,61,88,35,16,18.04,3952231549.2172127,210561079.0,0.069,-27.61,4180382,5514504,4639314,0.252
2287,SRI,Consumer Cyclical,Auto Parts,NYSE,97.68,61,41,40,29,6.96,200187891.35835648,28235245.0,0.018099999,-28.32,153731,185810,201946,0.079
2288,MBINL,Financial Services,Banks - Regional,NASDAQ,97.68,61,60,63,45,24.87,,,0.49,-1.85,20306,21105,27143,0.158
2289,MIDD,Industrials,Specialty Industrial Machinery,NASDAQ,97.67,61,55,44,57,153.75,7005081534.119141,45214496.0,0.0672,-9.26,537755,628281,600913,0.15
2290,GUG,Financial Services,Asset Management,NYSE,97.67,61,55,59,58,16.11,515973413.6320839,32980083.0,0.81,-2.36,91091,86647,78900,
2291,XHG,Financial Services,Insurance Brokers,NASDAQ,97.66,61,35,11,4,1.07,49382913.3292197,51547926.0,0.00059999997,-52.02,36164,14698,34058,
2292,SEIC,Financial Services,Asset Management,NASDAQ,97.66,61,65,41,44,88.8,10754809293.693604,120272976.0,0.019299999,-5.49,643005,667841,864197,0.128
2293,CWAN,Technology,Software - Application,NYSE,97.63,61,70,60,36,24.33,7247032776.917162,297375155.0,0.0805,-2.95,2760573,2876894,3348670,0.744
2294,SPKLU,Financial Services,Shell Companies,NASDAQ,97.62,61,55,65,48,12.31,,,32.85,-20.58,479,343,211,
2295,URG,Energy,Uranium,NYSE ARCA,97.61,61,90,83,66,1.47,643677603.7546259,397331853.0,0.081099994,-37.45,13346127,10334895,9250359,
2296,CGEN,Healthcare,Biotechnology,NASDAQ,97.6,61,93,89,44,1.96,198627726.5797062,94584636.0,0.0179,-39.51,567164,553008,549390,-0.047
2297,SYBT,Financial Services,Banks - Regional,NASDAQ,97.6,61,42,34,33,74.26,2119485578.2214355,29515188.0,0.0502,-11.42,165940,157093,163482,0.094
2298,TKO,Communication Services,Entertainment,NYSE,97.6,61,40,70,79,206.43,15255172190.579727,74967673.0,0.1435,-9.04,1161070,1324343,1403832,0.259
2299,VLGEA,Consumer Defensive,Grocery Stores,NASDAQ,97.59,60,77,75,56,41.36,592527710.0527611,14809491.0,0.0346,-14.21,83810,57606,55438,0.016
2300,NTIP,Industrials,Specialty Business Services,NYSE ARCA,97.59,60,68,70,39,1.49,33610952.36416125,22864593.0,0.0008,-21.58,24713,93647,635206,
2301,RNGR,Energy,Oil & Gas Equipment & Services,NYSE,97.58,60,70,78,36,15.75,366641850.14147186,23761623.0,0.0139,-16.29,179043,244431,241846,0.177
2302,HVT,Consumer Cyclical,Home Improvement Retail,NYSE,97.58,60,31,46,70,23.39,364237824.8822422,16095353.0,0.0002,-15.47,76706,91562,95063,0.041
2303,MEDP,Healthcare,Diagnostics & Research,NASDAQ,97.55,60,40,66,89,465.73,12973238728.25,28559689.0,0.08270001,-25.95,272443,313964,382840,0.265
2304,BPYPO,Real Estate,Real Estate Services,NASDAQ,97.54,60,61,63,56,15.09,,,0.17,-7.18,7480,8653,13312,-0.028
2305,DIT,Consumer Defensive,Food Distribution,NYSE ARCA,97.52,60,61,57,34,80.26,79139189.82722473,976063.0,0.0034999999,-16.04,198,379,587,0.171
2306,JPM,Financial Services,Banks - Diversified,NYSE,97.52,60,53,52,74,309.14,836998968557.1082,2679511418.0,0.0101,-8.34,9217828,8546522,8507777,0.127
2307,JOB,Industrials,Staffing & Employment Services,NYSE ARCA,97.51,60,69,83,28,0.23,25270258.238416225,109870686.0,0.0082,-17.86,180866,291232,278965,-0.205
2308,ANGO,Healthcare,Medical Instruments & Supplies,NASDAQ,97.5,60,52,41,85,12.28,493347827.7618933,41318915.0,0.0502,-12.22,304797,296205,389991,0.089
2309,BPYPP,Real Estate,Real Estate Services,NASDAQ,97.5,60,61,63,56,15.34,,,0.88,-8.31,15571,28057,23006,-0.028
2310,EXG,Financial Services,Asset Management,NYSE,97.5,60,59,62,68,9.38,2854383099.2389336,305936026.0,0.63,-4.09,500123,468951,490324,
2311,PRI,Financial Services,Insurance - Life,NYSE,97.49,60,58,39,35,276.45,8289956572.520752,31184008.0,0.044,-4.02,215224,192854,193708,0.081
2312,JCE,Financial Services,Asset Management,NYSE,97.47,60,62,58,62,16.12,274253181.87078476,17002678.0,0.0004,-3.53,57011,37227,40676,
2313,FG,Financial Services,Insurance - Life,NYSE,97.46,60,32,14,36,28.64,3684407501.145382,132484990.0,0.099300005,-21.96,540632,929797,788418,0.307
2314,RFMZ,Financial Services,Asset Management,NYSE,97.43,60,57,55,51,13.46,324365395.80843353,24351757.0,0.66,-0.44,48210,70026,65544,
2315,RLTY,Financial Services,Asset Management,NYSE,97.42,60,60,62,42,15.65,263043438.72509003,16722406.0,0.14,-2.0,50084,45258,46158,
2316,DRDBU,Financial Services,Shell Companies,NASDAQ,97.4,60,40,47,53,11.49,297067047.1552849,26666700.0,0.0,-5.82,710,276,166,
2317,KWR,Basic Materials,Specialty Chemicals,NYSE,97.4,60,41,33,52,136.68,2443285048.758545,17366444.0,0.1601,-25.32,143833,157647,166104,0.085
2318,RTO,Industrials,Specialty Business Services,NYSE,97.4,60,75,82,77,30.12,14946465300.847736,503247977.0,0.0066000004,-13.12,1040967,902829,957033,0.058
2319,WTGUU,Financial Services,Shell Companies,NASDAQ,97.4,60,62,67,50,11.44,,,,-6.61,675,431,259,
2320,BME,Financial Services,Asset Management,NYSE,97.38,60,58,66,70,40.31,516188656.07144547,12924103.0,0.0043,-5.69,51616,53918,50065,0.076
2321,WAL,Financial Services,Banks - Regional,NYSE,97.38,60,31,28,56,81.57,8751206770.603638,109185360.0,0.0011999999,-16.11,815224,1066341,1044704,0.079
2322,CTRE,Real Estate,REIT - Healthcare Facilities,NYSE,97.38,60,76,81,76,37.73,8970042011.329193,236240235.0,0.0361,-12.42,2512005,2402451,2290999,0.032
2323,SVACU,Financial Services,Shell Companies,NASDAQ,97.38,60,50,57,56,11.25,301067041.9827461,26666700.0,0.74,-16.67,455,625,479,
2324,WMT,Consumer Defensive,Discount Stores,NASDAQ,97.37,60,73,80,77,120.59,946056428088.8828,7958079155.0,0.0184,-10.78,27553778,22554876,20226753,0.073
2325,ARBB,Technology,Information Technology Services,NASDAQ,97.37,60,22,15,31,5.79,9903086.395687103,1765256.0,0.048499998,-58.32,11442,78147,48328,3.317
2326,AMZN,Consumer Cyclical,Internet Retail,NASDAQ,97.35,60,76,42,49,238.0,2646571621407.843,10757109436.0,0.0106,-14.56,44993124,43939448,44636474,0.166
2327,BHF,Financial Services,Insurance - Life,NASDAQ,97.34,60,53,58,83,63.09,3598978517.9053116,57445785.0,0.132,-4.88,516930,517613,524296,-0.362
2328,XWEL,Healthcare,Diagnostics & Research,NASDAQ,97.34,60,96,91,15,1.18,11484201.880796194,8444266.0,0.066,-46.36,185468,123889,155529,-0.055
2329,PEN,Healthcare,Medical Devices,NYSE,97.33,60,63,77,76,319.34,12606901607.238007,39331425.0,0.055999998,-11.88,421458,435909,480421,0.156
2330,EMA,Utilities,Utilities - Regulated Electric,NYSE,97.32,60,66,76,71,52.2,15833383486.557007,305900000.0,12.96,-3.44,440120,353626,369970,0.051
2331,DYN,Healthcare,Biotechnology,NASDAQ,97.32,60,77,78,87,17.67,2816947235.1893005,165313796.0,0.1684,-29.32,1598438,1458069,1602077,
2332,TCBX,Financial Services,Banks - Regional,NYSE,97.31,60,39,60,68,40.09,650575088.7195053,16592071.0,0.0253,-8.55,83678,81516,85819,0.256
2333,MMA,Consumer Cyclical,Leisure,NYSE ARCA,97.31,60,13,5,52,0.8,15201552.559256673,26483541.0,0.0238,-73.94,2435318,1148882,865533,
2334,LANDP,Real Estate,REIT - Specialty,NASDAQ,97.3,60,62,62,38,20.43,,,0.23,-3.54,26313,21837,25182,-0.018
2335,LYV,Communication Services,Entertainment,NYSE,97.29,60,65,68,36,167.5,37250339440.369446,232712799.0,0.1372,-4.42,2293596,2577975,2751175,0.122
2336,OPBK,Financial Services,Banks - Regional,NASDAQ,97.28,60,56,45,64,14.24,210157707.17646885,14894239.0,0.0088,-6.75,30084,30678,34212,0.123
2337,MACIU,Financial Services,Shell Companies,NASDAQ,97.27,60,44,55,57,11.56,,,0.0,-42.2,2230,1503,908,
2338,GTLS,Industrials,Specialty Industrial Machinery,NYSE,97.26,60,57,75,74,206.45,9923738028.692139,47869076.0,0.0949,-1.11,1131853,1115351,1228792,-0.117
2339,SUPV,Financial Services,Banks - Regional,NYSE,97.26,60,12,29,87,9.66,888160093.7237463,93985197.0,0.0475,-28.71,709621,860373,776862,0.011
2340,HSIC,Healthcare,Medical Distribution,NASDAQ,97.25,60,33,55,63,78.85,8822852482.003647,113916757.0,0.090500005,-11.69,1494044,1724928,1433690,0.063
2341,PCAR,Industrials,Farm & Heavy Construction Machinery,NASDAQ,97.25,60,57,72,69,113.99,61407077360.32981,526286229.0,0.0286,-13.57,3238211,2831830,2840754,-0.089
2342,AGNC,Real Estate,REIT - Mortgage,NASDAQ,97.24,60,68,68,70,10.18,11674440783.820053,1147929272.0,0.08140001,-16.49,13824378,14582942,14748683,
2343,RMM,Financial Services,Asset Management,NYSE,97.22,60,58,66,47,14.56,286619407.5960846,19739628.0,0.94,-2.15,47344,44258,46654,
2344,MUX,Basic Materials,Other Precious Metals & Mining,NYSE,97.22,60,94,95,95,17.29,1092048831.3802624,59740087.0,0.20629999,-41.78,1029225,1094368,1027621,1.074
2345,DE,Industrials,Farm & Heavy Construction Machinery,NYSE,97.21,60,64,76,51,560.05,157492291901.02692,269937425.0,0.0202,-16.93,1739513,1375114,1279104,-0.111
2346,PLUS,Technology,Software - Application,NASDAQ,97.2,60,61,48,82,83.33,2152798304.57917,26151583.0,0.053600002,-11.33,310584,225594,201472,0.217
2347,SMHI,Industrials,Marine Shipping,NYSE,97.19,60,68,71,65,7.35,198907733.36914015,27062277.0,0.0327,-10.04,97494,80401,78330,-0.202
2348,RIBBU,Financial Services,Shell Companies,NASDAQ,97.18,60,44,71,49,11.89,67676200.24681091,6470000.0,2.0,-6.38,180,273,168,
2349,PH,Industrials,Specialty Industrial Machinery,NYSE,97.16,60,58,78,82,875.6,111251067856.36908,126086389.0,0.0111,-15.4,956453,885891,752470,0.106
2350,FENC,Healthcare,Biotechnology,NASDAQ,97.15,60,32,55,48,8.7,302212154.37443733,34737030.0,0.0208,-16.75,341842,324850,253504,0.726
2351,MPLX,Energy,Oil & Gas Midstream,NYSE,97.15,60,61,72,66,56.39,57312159984.61177,1014733719.0,0.018099999,-5.99,1526506,2127932,2131545,-0.028
2352,GOOD,Real Estate,REIT - Diversified,NASDAQ,97.14,60,59,54,20,12.76,617189160.75,48406993.0,0.0468,-15.1,603381,506317,433110,0.118
2353,INVA,Healthcare,Biotechnology,NASDAQ,97.12,60,62,69,53,23.0,1662173061.266964,73808749.0,0.1168,-8.55,1020272,835270,734736,0.106
2354,NWG,Financial Services,Banks - Regional,NYSE,97.11,60,55,63,85,15.56,62869451231.904045,3981599201.0,0.0002,-19.63,3991729,3818366,3684011,0.075
2355,FER,Industrials,Engineering & Construction,NASDAQ,97.1,60,67,75,86,64.3,47852285746.82648,716244387.0,0.0057,-14.03,1828057,1590152,1454407,0.057
2356,IFF,Basic Materials,Specialty Chemicals,NYSE,97.09,60,66,56,29,74.23,18639707109.117058,255303473.0,0.0574,-12.1,2369770,2141253,1851468,-0.036
2357,AMSC,Industrials,Specialty Industrial Machinery,NASDAQ,97.08,60,90,54,35,36.78,2019382808.5775948,47694445.0,0.08180001,-47.82,1668691,1365340,1338610,0.296
2358,CHCO,Financial Services,Banks - Regional,NASDAQ,97.06,59,42,45,54,129.22,1789013608.2544556,14111166.0,0.0884,-3.27,99763,89377,99854,0.055
2359,MUJ,Financial Services,Asset Management,NYSE,97.05,59,62,68,65,12.39,651517450.5,53185098.0,0.0046,-2.29,92346,108382,107487,0.02
2360,GNTX,Consumer Cyclical,Auto Parts,NASDAQ,97.03,59,35,32,32,24.63,5245003837.523697,212951848.0,0.057800002,-16.17,2249768,2086589,2113529,0.171
2361,TDOC,Healthcare,Health Information Services,NYSE,97.03,59,68,18,28,7.03,1272617297.780139,180513087.0,0.1476,-28.05,4835026,5012728,4805283,-0.025
2362,PRMB,Consumer Defensive,Beverages - Non-Alcoholic,NYSE,97.0,59,68,38,11,22.88,8327833774.746742,362868562.0,0.4355,-27.02,3471695,4180428,3989725,0.008
2363,NEWTP,Financial Services,Banks - Regional,NASDAQ,96.99,59,56,58,41,24.78,,,0.69,-0.4,4104,4838,4134,0.107
2364,AEO,Consumer Cyclical,Apparel Retail,NYSE,96.98,59,37,74,95,17.53,2754905684.013815,167573333.0,0.1237,-38.4,7551763,5567997,5307276,0.097
2365,UTG,Financial Services,Asset Management,NYSE ARCA,96.97,59,73,75,65,39.62,3748554150.0,91428150.0,0.0011999999,-9.75,241046,228252,216807,-0.056
2366,BYD,Consumer Cyclical,Resorts & Casinos,NYSE,96.97,59,47,54,67,86.82,6531391011.873871,74330156.0,0.0594,-3.49,1309519,1060786,1012289,0.006
2367,TEI,Financial Services,Asset Management,NYSE,96.97,59,63,72,77,6.28,297066747.41837883,47228418.0,0.00090000004,-10.29,125151,149453,156946,0.06
2368,ETV,Financial Services,Asset Management,NYSE,96.93,59,60,63,62,14.6,1719794747.9239998,116754569.0,0.84,-2.34,172598,178149,177551,-0.081
2369,TT,Industrials,Building Products & Equipment,NYSE,96.92,59,56,65,46,449.12,100986983303.15067,221055477.0,0.0195,-10.8,1486492,1422267,1337868,0.06
2370,ZWS,Industrials,Pollution & Treatment Controls,NYSE,96.91,59,61,68,75,47.12,7936478761.525513,167542304.0,0.0379,-12.35,855868,848766,1051079,0.114
2371,BMY,Healthcare,Drug Manufacturers - General,NYSE,96.91,59,66,76,67,55.6,116949421250.47603,2042071247.0,0.018,-11.59,13996500,11638630,10617098,0.026
2372,GDOT,Financial Services,Credit Services,NYSE,96.89,59,57,41,75,12.87,717572146.2512779,56680265.0,0.0327,-16.48,495406,448685,449153,0.174
2373,SCL,Basic Materials,Specialty Chemicals,NYSE,96.88,59,34,38,27,51.68,1164739175.7137756,22713323.0,0.0249,-24.0,117010,137190,137054,0.019
2374,OHI,Real Estate,REIT - Healthcare Facilities,NYSE,96.86,59,71,78,73,45.86,13243255303.527832,297802000.0,0.043,-7.03,2856726,2454082,2338477,0.167
2375,BSBK,Financial Services,Banks - Regional,NASDAQ,96.86,59,55,50,40,8.91,114789795.92285156,12854400.0,0.0045,-6.21,30827,21279,15835,0.03
2376,VKI,Financial Services,Asset Management,NYSE ARCA,96.85,59,58,69,62,9.15,393492891.8722496,44412292.0,0.0011,-4.69,108708,111419,116825,0.002
2377,FAF,Financial Services,Insurance - Specialty,NYSE,96.84,59,62,62,48,66.13,6829337657.928467,101900000.0,0.048899997,-7.47,1080916,897588,925643,0.162
2378,LFMDP,Healthcare,Health Information Services,NASDAQ,96.84,59,60,59,38,23.96,,,1.35,-1.56,1724,1498,2034,-0.014
2379,BANR,Financial Services,Banks - Regional,NASDAQ,96.84,59,49,37,48,66.5,2203160803.712387,33967943.0,0.0469,-4.77,208080,243956,233762,0.083
2380,LPL,Technology,Consumer Electronics,NYSE,96.84,59,66,59,64,4.32,4860000133.514404,1000000000.0,0.0033000002,-25.9,2190835,1948575,2179861,-0.088
2381,BDJ,Financial Services,Asset Management,NYSE,96.83,59,56,61,67,9.18,1619043836.8509579,176944689.0,0.00029999999,-5.94,587350,525103,514192,-0.04
2382,NGVC,Consumer Defensive,Grocery Stores,NYSE,96.83,59,25,26,12,31.45,693527667.3893623,23040786.0,0.059899997,-31.6,143157,141702,129817,0.005
2383,UDR,Real Estate,REIT - Residential,NYSE,96.82,59,41,39,29,39.32,12736693845.49097,324915653.0,0.077199996,-6.87,7497307,5139229,4412027,0.042
2384,SBAC,Real Estate,REIT - Specialty,NASDAQ,96.8,59,56,37,30,207.33,22063229249.490097,106063017.0,0.031400003,-14.74,965399,852503,1197909,0.059
2385,MARPS,Energy,Oil & Gas Midstream,NASDAQ,96.79,59,68,78,44,4.75,9079999.923706055,2000000.0,0.005,-39.87,14283,10701,17602,-0.311
2386,NAC,Financial Services,Asset Management,NYSE,96.79,59,59,64,64,12.05,1877483678.7603416,156326698.0,0.0050999997,-1.63,576808,638369,629439,
2387,AMH,Real Estate,REIT - Residential,NYSE,96.79,59,37,31,30,33.22,11997015510.907562,360595592.0,0.028199999,-10.46,2734511,3293540,3077296,0.028
2388,QSR,Consumer Cyclical,Restaurants,NYSE,96.77,59,70,70,65,73.2,25211856748.87326,346983973.0,0.0572,-10.69,3517540,3564723,3326180,0.073
2389,FLR,Industrials,Engineering & Construction,NYSE,96.77,59,48,56,37,46.84,6642700445.567413,139669896.0,0.0854,-18.54,2561722,3124530,2662436,-0.08
2390,ETW,Financial Services,Asset Management,NYSE,96.76,59,61,64,66,9.23,1008873427.7973232,108597786.0,0.23,-3.85,271115,246101,277537,0.046
2391,PAM,Industrials,Conglomerates,NYSE,96.75,59,41,58,82,83.6,4402708709.27179,53744004.0,0.012999999,-11.53,234169,260903,254847,0.384
2392,MITT,Real Estate,REIT - Mortgage,NYSE,96.75,59,59,56,77,7.74,244250682.5405717,31803475.0,0.0002,-16.5,160866,183735,190337,-0.781
2393,KGEI,Energy,Oil & Gas E&P,NASDAQ,96.71,59,72,32,11,5.54,190981425.0772333,35630862.0,2.55,-33.01,179218,216879,227121,0.195
2394,BN,Financial Services,Asset Management,NYSE,96.69,59,53,40,64,44.61,99618363027.8035,2233595660.0,2.81,-10.01,4569891,5125770,5301554,0.079
2395,KINS,Financial Services,Insurance - Property & Casualty,NASDAQ,96.69,59,31,54,68,15.84,223501101.05042267,14484841.0,0.0273,-18.43,91092,129427,128514,0.232
2396,DMAAU,Financial Services,Shell Companies,NASDAQ,96.68,59,45,48,48,11.32,341305374.435997,29171400.0,16.44,-9.44,1067,1246,790,
2397,TY,Financial Services,Asset Management,NYSE,96.68,59,58,48,49,34.7,1844536871.4776993,53233385.0,0.02,-2.66,31947,28515,31383,-0.031
2398,ATRA,Healthcare,Biotechnology,NASDAQ,96.67,59,87,9,94,9.86,89380906.92742157,9010172.0,0.0864,-48.5,89866,2866572,1745619,-0.995
2399,L,Financial Services,Insurance - Property & Casualty,NYSE,96.65,59,53,71,72,108.05,22134557605.814323,205768873.0,0.025899999,-5.96,1031126,914562,783041,0.014
2400,BHRB,Financial Services,Banks - Regional,NASDAQ,96.65,59,44,52,70,66.1,1299460945.8953705,20149806.0,0.0311,-6.77,204071,167787,155284,0.029
2401,NMS,Financial Services,Asset Management,NYSE,96.63,59,62,58,52,12.28,76831780.56459045,6231288.0,0.0013,-1.68,9459,12863,12177,
2402,ANIP,Healthcare,Drug Manufacturers - Specialty & Generic,NASDAQ,96.62,59,51,42,68,81.85,1844004879.8561096,22734618.0,0.19440001,-17.74,321886,379388,366399,0.205
2403,BRCC,Consumer Defensive,Packaged Foods,NYSE,96.62,59,77,13,12,1.26,150935167.14665127,117004009.0,0.0825,-40.0,1733907,1730202,1231201,0.214
2404,AEE,Utilities,Utilities - Regulated Electric,NYSE,96.61,59,61,75,54,108.77,30240648151.283203,276751616.0,0.0403,-5.9,1796038,1807146,1705671,0.037
2405,MMI,Real Estate,Real Estate Services,NYSE,96.61,59,59,31,23,30.36,1138436435.2278748,37821808.0,0.066,-9.7,238538,268782,232353,0.182
2406,EONR,Energy,Oil & Gas E&P,NYSE ARCA,96.56,59,93,98,14,0.62,30080942.992692947,49968344.0,0.1084,-60.76,1513176,1886615,4367477,-0.16
2407,CEPT,Financial Services,Shell Companies,NASDAQ,96.56,59,62,49,42,11.8,371241210.4988098,30580000.0,0.020499999,-16.01,671002,761424,645280,
2408,AFRM,Financial Services,Credit Services,NASDAQ,96.52,59,55,21,63,62.81,21302897924.055862,334898565.0,0.0647,-37.19,4601209,5141806,5067025,0.326
2409,FOF,Financial Services,Asset Management,NYSE,96.5,59,61,70,62,13.44,381611318.6430931,27773750.0,0.0022,-10.64,46152,56697,58140,
2410,NPB,Financial Services,Banks - Regional,NYSE,96.5,59,61,68,68,18.02,603453169.2838516,34581842.0,0.0094,-7.48,112795,124281,141839,0.279
2411,MED,Consumer Cyclical,Personal Services,NYSE,96.48,59,57,22,20,12.14,134541295.74160576,11119115.0,0.2037,-21.47,179227,198242,197431,-0.343
2412,HNST,Consumer Defensive,Household & Personal Products,NASDAQ,96.46,59,73,21,10,3.46,357755498.75,110078615.0,0.106800005,-34.47,1566622,1754277,1681022,-0.197
2413,SFBS,Financial Services,Banks - Regional,NYSE,96.46,59,37,41,30,80.14,4271899700.8588486,54662823.0,0.0608,-11.58,206236,209965,234843,0.185
2414,TRV,Financial Services,Insurance - Property & Casualty,NYSE,96.46,59,58,70,66,303.36,64484503152.25,212644693.0,0.0306,-3.12,1470822,1371370,1385748,0.01
2415,MSBIP,Financial Services,Banks - Regional,NASDAQ,96.46,59,59,66,63,25.44,,,8.41,-1.93,2600,1846,2396,0.143
2416,VFC,Consumer Cyclical,Apparel Manufacturing,NYSE,96.45,59,66,54,80,16.41,6499459465.729313,391769705.0,0.1031,-26.31,6537637,8033759,7525709,0.01
2417,BWXT,Industrials,Aerospace & Defense,NYSE,96.44,58,77,88,82,183.0,17035743701.96428,91614649.0,0.0402,-24.32,1062889,1013499,990897,0.261
2418,TGS,Energy,Oil & Gas Integrated,NYSE,96.44,58,42,69,81,30.72,4442795810.578667,150552212.0,0.0081,-15.49,318832,398340,367894,0.132
2419,CHRS,Healthcare,Biotechnology,NASDAQ,96.43,58,81,91,77,1.36,223662362.3552084,154249900.0,0.1878,-48.01,849471,1213977,1124852,0.62
2420,LGI,Financial Services,Asset Management,NYSE,96.43,58,57,70,65,17.82,236184892.33595657,13012942.0,0.0043,-10.36,33875,38741,44415,0.112
2421,AUBN,Financial Services,Banks - Regional,NASDAQ,96.43,58,47,56,73,25.13,87645793.57302856,3493256.0,0.0019,-13.34,2310,4013,3040,0.115
2422,ASIX,Basic Materials,Chemicals,NYSE,96.42,58,74,59,14,21.43,579080080.9391327,26959036.0,0.0252,-19.83,170038,304589,320567,0.07
2423,CNOBP,Financial Services,Banks - Regional,NASDAQ,96.42,58,59,63,63,24.92,,,0.83,-0.78,6000,5016,5548,0.655
2424,DNN,Energy,Uranium,NYSE ARCA,96.42,58,86,94,82,2.83,2742201368.967257,905016962.0,3.2,-36.12,22962672,22769717,24553420,-0.196
2425,SAFE,Real Estate,REIT - Diversified,NYSE,96.39,58,58,43,20,15.75,1108522798.1795425,71610002.0,0.074,-8.22,331743,356211,365400,0.119
2426,TXT,Industrials,Aerospace & Defense,NYSE,96.36,58,58,71,63,91.33,15837808707.880234,173888981.0,0.035,-10.08,1399267,1412479,1277939,0.118
2427,TOMZ,Industrials,Pollution & Treatment Controls,NASDAQ,96.3,58,37,21,24,0.84,22568482.772192955,21700465.0,0.0343,-30.0,365050,669500,763776,0.049
2428,REYN,Consumer Cyclical,Packaging & Containers,NASDAQ,96.29,58,34,39,54,23.45,4733835094.456703,210767377.0,0.18100001,-10.67,1023302,1205207,1149364,0.072
2429,SRE,Utilities,Utilities - Diversified,NYSE,96.25,58,63,78,70,91.03,59761929402.446,653707401.0,0.0167,-9.91,3891672,3530747,3407456,-0.039
2430,NEE,Utilities,Utilities - Regulated Electric,NYSE,96.22,58,73,79,73,85.12,179028356293.00507,2085605358.0,0.0001,-13.8,12692306,12130665,10703773,0.073
2431,STRRP,Industrials,Conglomerates,NASDAQ,96.21,58,64,66,65,9.78,,,0.75,-10.44,10147,6839,5139,0.571
2432,TRTX,Real Estate,REIT - Mortgage,NYSE,96.2,58,47,42,65,8.58,657119776.5,77308209.0,0.044499997,-12.89,580234,549711,571036,0.119
2433,NIC,Financial Services,Banks - Regional,NYSE,96.18,58,56,77,63,144.83,2917461492.457733,21251905.0,0.028099999,-11.21,232302,172404,172664,0.465
2434,CVI,Energy,Oil & Gas Refining & Marketing,NYSE,96.18,58,81,59,73,31.15,3332589510.2475204,100530599.0,0.2041,-25.25,720479,850946,927711,0.203
2435,OGE,Utilities,Utilities - Regulated Electric,NYSE,96.13,58,61,70,46,47.64,9864692386.348888,206374321.0,0.064,-4.97,1514739,1497876,1516893,0.007
2436,TAVIU,Financial Services,Shell Companies,NASDAQ,96.12,58,47,51,52,11.36,,,7.33,-4.54,163,432,259,
2437,HIFS,Financial Services,Banks - Regional,NASDAQ,96.11,58,36,59,64,289.44,632566334.6862793,2197250.0,0.1496,-14.37,23384,24504,36816,-0.305
2438,WBTN,Communication Services,Internet Content & Information,NASDAQ,96.1,58,59,28,50,11.2,1552494638.4944534,135234730.0,0.24370001,-50.16,346117,347462,329657,-0.015
2439,IRON,Healthcare,Biotechnology,NASDAQ,96.1,58,59,37,91,67.25,2559338963.0,38199089.0,0.1732,-32.41,461444,484391,444000,
2440,TENB,Technology,Software - Infrastructure,NASDAQ,96.1,58,20,16,16,26.8,3071074490.1154194,110271973.0,0.1658,-24.91,4115479,4027533,3738943,0.096
2441,AUDC,Technology,Communication Equipment,NASDAQ,96.09,58,46,35,33,9.4,244609221.80119514,25453614.0,0.0034999999,-18.26,125886,137718,111093,0.029
2442,BATL,Energy,Oil & Gas E&P,NYSE ARCA,96.07,58,92,99,18,2.06,29064881.834934592,22018849.0,0.8285,-93.06,26919942,12128574,12662864,-0.35
2443,XNCR,Healthcare,Biotechnology,NASDAQ,96.07,58,73,54,88,11.83,872646618.8593292,74141596.0,0.2052,-36.7,715153,750797,759792,-0.862
2444,GLPI,Real Estate,REIT - Specialty,NASDAQ,96.05,58,60,63,36,48.41,13359573721.37532,283221841.0,0.06,-3.08,2653856,1932362,2043429,0.063
2445,NLY,Real Estate,REIT - Mortgage,NYSE,96.05,58,66,68,72,21.41,15549511076.222494,732776229.0,0.0,-12.68,8871057,6567595,6277147,0.488
2446,TV,Communication Services,Telecom Services,NYSE,96.05,58,65,77,87,2.79,1407250240.2114868,527060000.0,0.51,-20.06,1192869,1140946,1232125,-0.031
2447,SSD,Basic Materials,Lumber & Wood Production,NYSE,96.03,58,42,62,41,186.22,7627456988.903046,41138325.0,0.037,-12.15,299240,306603,306518,0.091
2448,CR,Industrials,Specialty Industrial Machinery,NYSE,96.0,58,34,42,64,195.65,10905850293.20517,57745686.0,0.0273,-8.71,501137,548095,558895,0.249
2449,VKQ,Financial Services,Asset Management,NYSE,96.0,58,57,61,58,9.83,537307852.7608824,55335515.0,0.0047,-1.6,167224,250944,254292,0.027
2450,AMGN,Healthcare,Drug Manufacturers - General,NASDAQ,95.99,58,59,79,74,337.73,188671211177.86066,539708274.0,0.0228,-13.69,2631171,2695720,2603156,0.058
2451,BOE,Financial Services,Asset Management,NYSE,95.95,58,59,56,62,11.71,651633479.8468351,55600125.0,0.0011,-3.86,126447,114502,125405,-0.018
2452,CCIXU,Financial Services,Shell Companies,NASDAQ,95.94,58,45,42,41,11.44,,,5.0,-8.48,1305,441,271,
2453,CNTN,Healthcare,Biotechnology,NASDAQ,95.93,58,83,97,80,2.95,160551220.67144394,69804880.0,0.0469,-67.51,1074448,693469,670709,
2454,GRBK,Consumer Cyclical,Residential Construction,NYSE,95.9,58,33,50,48,70.0,2968776517.786621,43144552.0,0.0001,-13.55,251438,237792,225063,-0.049
2455,AXINU,Financial Services,Shell Companies,NASDAQ,95.9,58,46,50,49,10.92,,,0.0,-7.06,5671,4170,2540,
2456,OYSEU,Financial Services,Shell Companies,NASDAQ,95.88,58,45,49,49,10.99,,,,-6.79,20,6,4,
2457,HUBB,Industrials,Electrical Equipment & Parts,NYSE,95.88,58,60,75,62,467.59,25196016496.164734,52841777.0,0.0585,-17.31,658741,729939,623707,0.111
2458,VZ,Communication Services,Telecom Services,NYSE,95.87,58,65,80,41,46.95,189445103286.72192,4175558910.0,0.021,-9.15,23782968,21395886,23429825,0.029
2459,DTSQU,Financial Services,Shell Companies,NASDAQ,95.86,58,51,56,57,11.5,,,,-33.53,2750,963,578,
2460,AMTX,Basic Materials,Specialty Chemicals,NASDAQ,95.86,58,79,82,10,2.01,158324573.25,70366477.0,0.0714,-47.11,1006948,1503496,1576299,0.274
2461,SPRU,Technology,Solar,NYSE,95.85,58,82,89,97,2.95,47576485.423350334,18369300.0,0.0495,-56.3,54652,52310,52250,-0.017
2462,LEO,Financial Services,Asset Management,NYSE,95.83,58,56,60,59,6.44,396792732.8513775,62290854.0,0.0011999999,-1.68,222798,211702,212703,0.035
2463,PRU,Financial Services,Insurance - Life,NYSE,95.83,58,41,31,67,105.17,36337153648.2969,347325107.0,0.0401,-12.18,1937567,1978759,2104499,0.153
2464,DTE,Utilities,Utilities - Regulated Electric,NYSE,95.83,58,55,72,43,146.07,30324288074.80284,208028313.0,0.0296,-5.54,1613294,1689721,1429414,0.158
2465,WALD,Consumer Defensive,Household & Personal Products,NASDAQ,95.82,58,26,22,18,1.87,220606983.50954437,128259872.0,0.0234,-41.93,1397698,2213836,1503981,-0.017
2466,FUL,Basic Materials,Specialty Chemicals,NYSE,95.82,58,42,40,47,61.19,3262699222.918709,54487294.0,0.0543,-10.84,756052,625877,604522,-0.023
2467,MBNKO,Financial Services,Banks - Regional,NASDAQ,95.82,58,59,63,61,25.89,,,2.33,-7.54,2410,2633,2640,0.267
2468,DKS,Consumer Cyclical,Specialty Retail,NYSE,95.8,58,54,37,51,214.97,19227830187.59404,89502537.0,0.133,-9.58,1326414,1235904,1203696,0.627
2469,CCJ,Energy,Uranium,NYSE,95.8,58,84,91,87,95.03,45051532307.632935,435532978.0,1.84,-29.73,3670474,3283058,3169074,0.071
2470,HWKN,Basic Materials,Specialty Chemicals,NASDAQ,95.76,58,72,59,50,153.78,3236028205.163086,20868176.0,0.059699997,-17.39,112919,136143,157369,-0.016
2471,ACRE,Real Estate,REIT - Mortgage,NYSE,95.75,58,54,57,66,4.97,276850741.171381,55481113.0,0.0355,-15.62,390595,408468,390121,-0.886
2472,ADAMM,Real Estate,REIT - Mortgage,NASDAQ,95.75,58,60,64,60,25.26,,,1.49,-1.41,10411,10543,12772,0.107
2473,ITT,Industrials,Specialty Industrial Machinery,NYSE,95.74,58,69,75,67,184.24,17199834030.630615,89839824.0,0.0648,-18.21,677846,689895,778099,0.327
2474,AWR,Utilities,Utilities - Regulated Water,NYSE,95.73,57,58,50,41,78.52,3071528323.2558365,39192653.0,0.0327,-3.35,305942,291067,326744,0.143
2475,ABBV,Healthcare,Drug Manufacturers - General,NYSE,95.73,57,46,61,70,224.95,401468325167.2767,1766792821.0,0.014199999,-8.11,5553272,5820520,6117732,0.124
2476,SPFI,Financial Services,Banks - Regional,NASDAQ,95.73,57,48,66,66,41.85,787464882.4698715,19145754.0,0.0167,-7.19,104998,104769,104793,0.106
2477,PDX,Financial Services,Asset Management,NYSE,95.72,57,65,61,28,20.96,950022623.75,44706947.0,0.62,-17.12,91977,90959,106735,
2478,MTCH,Communication Services,Internet Content & Information,NASDAQ,95.7,57,65,38,39,34.35,8029033397.796234,233266526.0,0.052800003,-12.37,2762479,3481923,3361857,0.039
2479,ASA,Financial Services,Asset Management,NYSE,95.69,57,89,92,94,52.4,1064713432.1182251,18787956.0,0.0015,-37.02,96794,95571,77550,-0.003
2480,RGR,Industrials,Aerospace & Defense,NYSE,95.69,57,59,66,23,38.89,618158696.1086998,15944253.0,0.0374,-19.33,116778,128989,132327,0.041
2481,CINF,Financial Services,Insurance - Property & Casualty,NASDAQ,95.68,57,54,65,66,166.43,25568170546.63376,154686742.0,0.0221,-4.5,669767,629279,676455,0.116
2482,LSF,Consumer Defensive,Packaged Foods,NYSE ARCA,95.67,57,18,22,3,3.4,36314347.8752718,11004348.0,0.011,-56.41,47824,48851,49824,0.15
2483,PB,Financial Services,Banks - Regional,NYSE,95.65,57,37,39,54,71.11,6995281290.596817,100854689.0,0.0582,-7.89,955109,901556,907087,0.199
2484,BXP,Real Estate,REIT - Office,NYSE,95.65,57,33,21,39,65.48,9940226073.041824,159477391.0,0.0926,-17.46,1487988,1498376,1704125,0.006
2485,HEI,Industrials,Aerospace & Defense,NYSE,95.65,57,33,43,60,320.88,46287273153.214905,139659277.0,0.0113,-11.28,785888,826276,730183,0.253
2486,CL,Consumer Defensive,Household & Personal Products,NYSE,95.62,57,44,67,32,89.95,70880770544.99039,800189310.0,0.0277,-9.44,5517198,5388632,5343973,0.084
2487,RFM,Financial Services,Asset Management,NYSE,95.61,57,55,59,47,14.61,88540838.72091293,6114699.0,2.24,-1.95,13408,12862,11745,
2488,WOR,Industrials,Metal Fabrication,NYSE,95.6,57,32,32,68,57.49,2839514682.461876,49546582.0,0.028299998,-18.93,180443,165897,172518,0.244
2489,HOFT,Consumer Cyclical,"Furnishings, Fixtures & Appliances",NASDAQ,95.59,57,67,80,37,12.33,138490455.0612774,10777467.0,0.0218,-22.89,28452,37647,39420,-0.205
2490,DARE,Healthcare,Biotechnology,NASDAQ,95.58,57,82,11,27,2.0,28161463.68857217,14979502.0,0.053200003,-78.24,201854,636151,744250,4.996
2491,SPCB,Industrials,Security & Protection Services,NASDAQ,95.5,57,82,29,82,9.67,57497625.0909996,5528618.0,0.015,-28.74,91341,93033,77732,0.08
2492,MHO,Consumer Cyclical,Residential Construction,NYSE,95.5,57,36,50,46,137.4,3538679661.482086,25767710.0,0.061,-13.54,198217,203455,223433,-0.057
2493,LRN,Consumer Defensive,Education & Training Services,NYSE,95.49,57,30,32,7,99.84,4252909339.242859,42524840.0,0.2227,-41.67,750176,734122,716237,0.027
2494,TDY,Technology,Scientific & Technical Instruments,NYSE,95.46,57,64,81,41,601.35,27902650848.125977,46329138.0,0.0376,-13.27,329146,300248,325555,0.076
2495,NEXN,Communication Services,Advertising Agencies,NASDAQ,95.45,57,36,34,17,8.67,475298229.99094677,55720779.0,0.060500003,-25.16,214721,266820,276316,0.109
2496,IIM,Financial Services,Asset Management,NYSE,95.44,57,52,66,59,12.65,584326816.0053749,47085159.0,0.0016,-3.95,121848,120666,123913,0.018
2497,CI,Healthcare,Healthcare Plans,NYSE,95.43,57,55,36,33,295.81,76576843216.15979,264532404.0,0.025799999,-12.71,1663681,1721023,1579522,0.046
2498,RIGL,Healthcare,Biotechnology,NASDAQ,95.43,57,41,36,93,30.91,553767260.0463867,18502080.0,0.219,-40.83,320412,406637,379302,0.103
2499,DX,Real Estate,REIT - Mortgage,NYSE,95.43,57,62,65,74,12.76,2768992148.4679327,215150907.0,0.044899996,-14.53,3456344,4157201,4781934,
2500,DSM,Financial Services,Asset Management,NYSE,95.4,57,57,60,57,6.13,301515010.3861127,49428691.0,0.0023,-2.7,118136,94885,99939,0.015
2501,LECO,Industrials,Tools & Accessories,NASDAQ,95.39,57,63,76,71,253.22,14361345411.815186,54787110.0,0.0227,-18.32,337008,349769,362727,0.117
2502,NET,Technology,Software - Infrastructure,NYSE,95.38,57,42,76,80,219.67,88405443252.90868,353466247.0,0.032,-20.64,4995179,4872573,4680623,0.335
2503,OXLCN,Financial Services,Asset Management,NASDAQ,95.37,57,57,57,57,24.88,,,1.32,-0.88,3793,3297,2780,-0.102
2504,EMD,Financial Services,Asset Management,NYSE,95.36,57,61,64,70,10.36,602231369.5224962,58130443.0,0.0022,-8.32,198664,207178,208572,-0.03
2505,CHT,Communication Services,Telecom Services,NYSE,95.36,57,46,55,43,45.59,34567182892.12317,775744655.0,0.0064,-3.06,140005,136741,141069,0.075
2506,EEA,Financial Services,Asset Management,NYSE,95.36,57,49,53,66,10.53,71483196.55763245,6820916.0,0.0004,-7.87,51411,52400,53568,0.491
2507,AMRC,Industrials,Engineering & Construction,NYSE,95.36,57,75,85,88,25.79,1506997279.3415298,52951417.0,0.1453,-42.6,662389,664946,617089,0.138
2508,FBK,Financial Services,Banks - Regional,NYSE,95.35,57,40,51,73,53.97,2740017724.883713,51523462.0,0.045500003,-13.46,369915,296605,311609,0.319
2509,HESM,Energy,Oil & Gas Midstream,NYSE,95.35,57,63,65,30,38.78,4982581161.25042,128350881.0,0.0851,-12.14,1268675,2274985,2183665,0.021
2510,NBBK,Financial Services,Banks - Regional,NASDAQ,95.34,57,54,69,71,20.51,873859781.8108749,43846451.0,0.0424,-10.28,176363,245071,291266,0.363
2511,EGHAU,Financial Services,Shell Companies,NASDAQ,95.34,57,59,54,50,11.0,,,0.05,-11.86,3422,1427,866,
2512,FSI,Basic Materials,Specialty Chemicals,NYSE ARCA,95.34,57,56,32,77,6.34,79736740.39538193,12737498.0,0.0072000003,-44.77,13984,23888,22966,0.11
2513,PKG,Consumer Cyclical,Packaging & Containers,NYSE,95.34,57,54,65,42,216.64,19852961177.11798,89098647.0,0.0525,-13.17,652500,687263,771276,0.106
2514,RSF,Financial Services,Asset Management,NYSE,95.33,57,58,63,56,14.63,62228928.34321976,4252062.0,2.38,-2.92,8851,10953,10548,
2515,DEI,Real Estate,REIT - Office,NYSE,95.31,57,49,19,15,12.42,2043320225.4547205,167485267.0,0.2789,-26.9,3021091,2849640,2566362,-0.002
2516,ADSE,Industrials,Electrical Equipment & Parts,NASDAQ,95.31,57,44,35,65,11.47,852023273.6100893,75002051.0,0.0025,-17.48,3823,4281,6914,-0.449
2517,TOWN,Financial Services,Banks - Regional,NASDAQ,95.3,57,45,42,50,35.04,3116915541.9760895,91298055.0,3.7,-7.45,529779,527629,493413,0.362
2518,VTN,Financial Services,Asset Management,NYSE,95.28,57,53,66,69,11.18,161955866.36460972,14643387.0,0.0032,-7.6,14456,23785,22001,-0.172
2519,NWS,Communication Services,Entertainment,NASDAQ,95.26,57,50,33,31,30.9,17000525210.705217,545063319.0,0.1767,-13.15,1263828,1351002,1382925,0.088
2520,DMB,Financial Services,Asset Management,NYSE,95.25,57,58,61,57,11.0,200993226.5642643,18405973.0,0.49,-2.48,37105,42561,44537,-0.0
2521,SPXX,Financial Services,Asset Management,NYSE,95.25,57,57,47,58,17.98,324836162.66399384,17976545.0,0.0031,-2.97,269021,245630,281658,-0.082
2522,SYPR,Consumer Cyclical,Auto Parts,NASDAQ,95.24,57,83,91,70,2.56,66272057.03341484,23011130.0,0.0038,-45.99,154555,129471,118163,-0.125
2523,CRBU,Healthcare,Biotechnology,NASDAQ,95.23,57,85,85,74,1.79,190426699.74363148,99180575.0,0.0749,-49.36,1644539,1677089,1604837,0.019
2524,FRBA,Financial Services,Banks - Regional,NASDAQ,95.22,57,32,41,71,16.43,400528285.54645157,25064349.0,0.0078,-9.28,63857,82949,71483,-0.052
2525,EURKU,Financial Services,Shell Companies,NASDAQ,95.22,57,45,51,53,11.5,,,,-16.67,850,283,170,
2526,CET,Financial Services,Asset Management,NYSE ARCA,95.22,57,61,63,66,51.74,1551336412.5,29549265.0,0.0011,-4.68,34668,34806,35435,0.484
2527,MIY,Financial Services,Asset Management,NYSE,95.21,57,53,68,60,12.22,351632074.94425774,28964750.0,0.0021,-5.27,57815,60475,66023,0.039
2528,OXLCO,Financial Services,Asset Management,NASDAQ,95.18,57,61,58,57,24.04,,,0.32,-3.76,2300,3183,2420,-0.102
2529,AGNCN,Real Estate,REIT - Mortgage,NASDAQ,95.17,57,56,59,56,25.93,,,4.24,-0.69,21686,19218,26915,
2530,ATAI,Healthcare,Biotechnology,NASDAQ,95.17,57,84,85,95,3.78,1454258379.855555,368166674.0,0.0748,-44.0,5674984,4775094,5806094,-0.387
2531,AXIL,Technology,Consumer Electronics,NYSE ARCA,95.15,57,68,26,88,6.3,46701360.79981184,6817717.0,0.0398,-38.54,26276,260775,160177,0.054
2532,FVNNU,Financial Services,Shell Companies,NASDAQ,95.15,57,48,50,42,11.29,,,,-24.48,743,325,195,
2533,RMI,Financial Services,Asset Management,NYSE,95.14,57,60,68,50,15.41,96892991.58415318,6374539.0,3.6,-5.81,9850,16266,17136,
2534,AGM,Financial Services,Credit Services,NYSE,95.12,56,49,26,34,179.9,1963560207.615326,10848998.0,0.00059999997,-14.59,169497,130509,113935,0.142
2535,RSKD,Technology,Software - Application,NYSE,95.12,56,38,34,49,4.84,684171199.5,144036042.0,0.019299999,-14.79,1115948,1057922,913255,0.071
2536,NVG,Financial Services,Asset Management,NYSE,95.11,56,56,63,61,12.72,2684670731.35128,213577629.0,0.0028,-6.4,463586,542452,551267,-0.02
2537,SON,Consumer Cyclical,Packaging & Containers,NYSE,95.1,56,64,79,33,48.99,4695274206.557812,98868689.0,0.0975,-16.17,1232578,1261442,1338209,-0.019
2538,LSAK,Technology,Software - Infrastructure,NASDAQ,95.09,56,62,74,40,4.75,408104441.1034641,85736223.0,0.0052,-14.26,100845,154838,135563,0.134
2539,VMO,Financial Services,Asset Management,NYSE,95.08,56,58,65,58,9.69,651477006.8093681,67440685.0,0.0033000002,-4.06,252575,288511,271503,-0.004
2540,MEGL,Financial Services,Capital Markets,NASDAQ,95.06,56,31,21,76,1.44,6178141.144883633,5064050.0,0.0502,-45.04,103401,49350,35132,0.267
2541,ABM,Industrials,Specialty Business Services,NYSE,95.06,56,25,28,40,44.87,2489986216.388397,58532820.0,0.0659,-10.47,784413,525821,496150,0.084
2542,VCEL,Healthcare,Biotechnology,NASDAQ,95.05,56,28,29,28,37.38,1853776637.438034,51068228.0,0.1347,-18.69,581999,642283,620977,0.301
2543,AGNCP,Real Estate,REIT - Mortgage,NASDAQ,95.04,56,55,57,56,25.22,,,0.28,-1.37,34191,52953,88724,
2544,NCA,Financial Services,Asset Management,NYSE,95.04,56,62,68,56,9.27,305053501.53350353,33121987.0,0.0032,-5.41,58683,56967,58262,0.01
2545,BKHA,Financial Services,Shell Companies,NASDAQ,95.03,56,55,61,58,11.89,49261433.65398216,4153578.0,0.09,-0.75,534,771,734,
2546,AX,Financial Services,Banks - Regional,NYSE,95.03,56,40,65,66,88.15,4995039660.471497,56884635.0,0.0802,-13.51,323853,406124,391856,0.193
2547,JHX,Basic Materials,Building Materials,NYSE,95.02,56,24,30,24,22.01,13149928271.591022,580314579.0,3.34,-26.22,7252796,7452208,7365649,0.445
2548,QETA,Financial Services,Shell Companies,NASDAQ,95.01,56,49,57,55,11.97,44860544.56075668,3747748.0,0.0005,-8.42,100,150,534,
2549,ETB,Financial Services,Asset Management,NYSE,95.0,56,60,65,63,15.06,447670649.8766613,29374715.0,0.1,-3.89,61514,51514,58088,-0.102
2550,BROS,Consumer Cyclical,Restaurants,NYSE,94.99,56,25,25,53,60.28,7616934436.241798,137192622.0,0.4441,-19.25,3209696,4144858,4139769,0.308
2551,NBH,Financial Services,Asset Management,NYSE ARCA,94.99,56,55,56,51,10.43,302696570.888875,29618059.0,0.0018000001,-1.97,79270,84263,99940,0.005
2552,MBINM,Financial Services,Banks - Regional,NASDAQ,94.98,56,57,59,55,25.61,,,1.3,-1.35,8965,6578,11273,0.158
2553,PNRG,Energy,Oil & Gas E&P,NASDAQ,94.97,56,85,77,35,191.47,297064809.8754883,1618000.0,0.081099994,-31.35,53729,50413,69597,-0.164
2554,EDD,Financial Services,Asset Management,NYSE,94.96,56,58,71,73,5.44,348707204.43478775,64456047.0,0.47,-11.97,352558,311086,353667,
2555,REPL,Healthcare,Biotechnology,NASDAQ,94.93,56,8,27,92,8.47,781962723.9792681,82572619.0,0.5135,-36.03,10027427,7641469,8969093,
2556,NZF,Financial Services,Asset Management,NYSE,94.93,56,56,61,62,12.65,2437111434.2196465,193729050.0,0.0023999999,-2.84,525002,552514,539090,-0.012
2557,BRSP,Real Estate,REIT - Mortgage,NYSE,94.91,56,62,57,64,5.63,723043285.5985689,130278065.0,0.0382,-8.68,851140,881626,822256,0.069
2558,URBN,Consumer Cyclical,Apparel Retail,NASDAQ,94.91,56,43,39,85,72.69,6394108624.378403,89678939.0,0.1263,-13.82,1035462,1293970,1268196,0.114
2559,HTHT,Consumer Cyclical,Lodging,NASDAQ,94.9,56,72,84,86,44.54,13838571855.0,307523819.0,0.0401,-21.36,3014601,2292527,2180150,0.111
2560,AER,Industrials,Rental & Leasing Services,NYSE,94.9,56,65,69,82,135.07,21593398115.91339,157685101.0,0.0095,-12.82,1393542,1401424,1306986,0.079
2561,BLD,Industrials,Engineering & Construction,NYSE,94.9,56,36,51,79,393.22,11309048108.976929,28144562.0,0.0838,-29.72,936245,792781,829553,0.172
2562,ALGN,Healthcare,Medical Instruments & Supplies,NASDAQ,94.87,56,40,61,46,170.5,12013225016.390121,71618127.0,0.0784,-18.15,1015086,1013595,1006895,0.062
2563,PPIH,Industrials,Building Products & Equipment,NASDAQ,94.83,56,82,85,93,25.65,253039950.85121727,8123273.0,0.013300001,-30.15,157327,110649,104993,0.225
2564,NAAS,Consumer Cyclical,Specialty Retail,NASDAQ,94.81,56,19,8,10,2.98,37744834.836856365,12055201.0,0.0061000003,-48.97,4714,7838,6916,-0.353
2565,MNSBP,Financial Services,Banks - Regional,NASDAQ,94.8,56,57,61,57,25.0,,,4.23,-11.5,2454,1921,1462,0.037
2566,BWBBP,Financial Services,Banks - Regional,NASDAQ,94.8,56,55,68,45,20.21,,,1.8,-10.1,2261,2353,1918,0.462
2567,MLP,Real Estate,Real Estate Services,NYSE,94.8,56,34,34,26,17.73,339287468.96445084,19864606.0,0.029000001,-12.83,12542,14014,15336,-0.413
2568,EMN,Basic Materials,Specialty Chemicals,NYSE,94.79,56,55,48,24,71.34,8214900707.637939,114349960.0,0.0596,-14.53,996972,1179980,1223568,-0.049
2569,LMND,Financial Services,Insurance - Property & Casualty,NYSE,94.76,56,45,69,94,55.86,3953197731.608467,76820789.0,0.1591,-44.08,1685401,1746153,1661754,0.706
2570,EW,Healthcare,Medical Devices,NYSE,94.75,56,46,65,73,85.98,49495767472.839355,575800000.0,0.0225,-3.91,5390753,4941841,5164900,0.167
2571,MAA,Real Estate,REIT - Residential,NYSE,94.75,56,35,35,31,139.78,16007564885.687897,116384802.0,0.0279,-9.19,1125220,988063,957924,0.008
2572,SBGI,Communication Services,Broadcasting,NASDAQ,94.75,56,33,45,69,14.2,999493324.3789845,72165581.0,0.2637,-20.58,394350,431600,445068,0.04
2573,LZB,Consumer Cyclical,"Furnishings, Fixtures & Appliances",NYSE,94.75,56,38,34,61,37.36,1498575191.9591217,41248971.0,0.0553,-10.43,357873,400741,379452,0.038
2574,DECK,Consumer Cyclical,Footwear & Accessories,NYSE,94.73,56,30,39,24,111.18,15017197498.962059,138880957.0,0.0493,-12.11,1788431,2173343,1942154,0.096
2575,JF,Financial Services,Credit Services,NASDAQ,94.73,56,59,41,56,1.02,17789949.904716015,18340154.0,0.0016,-26.09,23280,12160,13476,
2576,AGNCM,Real Estate,REIT - Mortgage,NASDAQ,94.73,56,56,58,56,25.04,,,1.09,-1.26,16426,13155,21655,
2577,KTF,Financial Services,Asset Management,NYSE,94.73,56,55,60,51,9.16,356081103.3973007,39172838.0,0.58,-2.24,93746,114632,133409,-0.015
2578,JGH,Financial Services,Asset Management,NYSE,94.72,56,53,55,43,12.8,358604409.0,28125836.0,0.0018000001,-6.57,83624,82001,77934,
2579,EOLS,Healthcare,Drug Manufacturers - Specialty & Generic,NASDAQ,94.71,56,66,13,24,6.72,439251194.1943188,65854751.0,0.0949,-36.72,776921,896603,834672,0.067
2580,CEV,Financial Services,Asset Management,NYSE ARCA,94.71,56,56,64,58,10.42,72023806.39014244,7033575.0,0.32,-3.34,36204,24988,26660,0.058
2581,ARDX,Healthcare,Biotechnology,NASDAQ,94.7,56,75,66,73,5.61,1373483377.584865,247029387.0,0.0987,-33.21,3024678,3968196,3598035,0.275
2582,DORM,Consumer Cyclical,Auto Parts,NASDAQ,94.69,56,28,24,31,126.83,3796010650.191986,29882789.0,0.0726,-24.0,278706,267502,247919,0.042
2583,ECCC,Financial Services,Asset Management,NYSE,94.68,56,57,60,65,24.18,,,0.46,-3.28,4411,9810,7836,-0.191
2584,AHCO,Healthcare,Medical Devices,NASDAQ,94.67,56,69,66,68,9.93,1345575609.9904861,136054152.0,0.0698,-26.06,1303471,1440457,1355824,0.054
2585,WEC,Utilities,Utilities - Regulated Electric,NYSE,94.65,56,53,71,48,114.01,36790714336.06412,325725678.0,0.052199997,-4.69,2296920,2124096,1971660,0.09
2586,SONO,Technology,Consumer Electronics,NASDAQ,94.64,56,49,41,87,14.67,1796460349.5912037,119128671.0,0.13069999,-25.98,1516260,1704716,1451362,0.084
2587,PMM,Financial Services,Asset Management,NYSE,94.63,56,56,61,53,6.29,266423720.35319567,42833397.0,0.0022,-3.53,105676,109822,112747,-0.002
2588,TLS,Technology,Software - Infrastructure,NASDAQ,94.63,56,46,54,88,4.56,306758610.36468744,74819175.0,0.0242,-45.45,1142340,867750,707038,0.559
2589,COLAU,Financial Services,Shell Companies,NASDAQ,94.63,56,40,51,46,11.25,94060394.81220245,7944290.0,0.0,-17.88,247,119,73,
2590,TOL,Consumer Cyclical,Residential Construction,NYSE,94.63,56,41,73,69,138.9,12890585952.301025,93471000.0,0.0496,-17.5,971956,1084185,1040001,-0.076
2591,NEA,Financial Services,Asset Management,NYSE,94.63,56,57,63,61,11.59,3438982218.0,299041932.0,0.0044,-2.61,824117,859295,849665,-0.014
2592,BIDU,Communication Services,Internet Content & Information,NASDAQ,94.62,55,76,72,71,117.48,41395139739.98245,340252659.0,0.0322,-28.93,2643182,2824187,2476060,-0.012
2593,ASTE,Industrials,Farm & Heavy Construction Machinery,NASDAQ,94.62,55,52,79,69,49.46,1154919794.3748093,22992630.0,0.0269,-24.71,184323,235461,209248,0.203
2594,MATW,Industrials,Conglomerates,NASDAQ,94.62,55,73,55,67,25.58,790981815.2027855,31202438.0,0.13520001,-17.3,294257,256109,214095,-0.395
2595,MBINN,Financial Services,Banks - Regional,NASDAQ,94.61,55,61,60,31,20.36,,,3.43,-5.74,8916,9172,8547,0.158
2596,SPHL,Consumer Cyclical,Residential Construction,NASDAQ,94.61,55,12,26,11,3.92,12101598.134280682,2261981.0,0.0091,-84.39,4362483,1459831,880382,0.058
2597,SNPS,Technology,Software - Infrastructure,NASDAQ,94.6,55,62,39,39,460.54,89009165394.94705,191479325.0,0.027,-29.34,2382567,1845805,1783557,0.419
2598,KBDC,Financial Services,Asset Management,NYSE,94.59,55,63,39,57,14.53,951459038.8042068,66350002.0,0.011,-10.75,269133,251004,269066,
2599,ATHE,Healthcare,Biotechnology,NASDAQ,94.58,55,74,38,23,4.15,70690208.32860088,18125694.0,5.0193,-40.71,176604,74994,53790,0.746
2600,ASM,Basic Materials,Other Precious Metals & Mining,NYSE ARCA,94.56,55,92,96,98,5.48,1023582801.0642357,175271023.0,0.0295,-54.3,3834411,4304307,4397718,1.093
2601,AGNCO,Real Estate,REIT - Mortgage,NASDAQ,94.56,55,57,59,56,25.54,,,0.71,-1.28,14343,14267,29980,
2602,O,Real Estate,REIT - Retail,NYSE,94.52,55,60,73,53,62.11,56732845667.48707,932492530.0,0.0419,-8.58,7147146,6121635,5755529,0.12
2603,DXCM,Healthcare,Medical Devices,NASDAQ,94.51,55,28,36,26,74.77,28114705339.738174,385872977.0,0.052399997,-16.9,5748148,6769006,5685873,0.15
2604,TAYD,Industrials,Specialty Industrial Machinery,NASDAQ,94.51,55,37,94,88,54.77,170709505.43041992,3219112.0,0.012999999,-39.39,18337,24385,40683,0.058
2605,TLN,Utilities,Utilities - Independent Power Producers,NASDAQ,94.49,55,66,60,85,336.59,16666796771.679688,45695008.0,0.0574,-25.41,706054,755581,705524,0.967
2606,IQI,Financial Services,Asset Management,NYSE,94.47,55,55,62,60,9.99,522491920.4120703,52883797.0,0.0021,-4.13,136382,132877,144324,0.009
2607,IGR,Financial Services,Asset Management,NYSE,94.47,55,55,60,27,4.59,687355195.184555,151399824.0,2.29,-14.53,677689,616263,603525,-0.153
2608,CIM,Real Estate,REIT - Mortgage,NYSE,94.46,55,65,59,35,13.22,1107473259.1749458,83646018.0,0.0201,-11.16,575651,582760,638308,-0.766
2609,GD,Industrials,Aerospace & Defense,NYSE,94.45,55,60,74,75,341.07,93687834644.50995,270430187.0,0.0115,-7.74,1050108,1226879,1290455,0.103
2610,ED,Utilities,Utilities - Regulated Electric,NYSE,94.45,55,53,75,51,107.6,39159967240.564384,368529705.0,0.036,-7.42,2761521,2553580,2223534,0.062
2611,VIASP,Utilities,Utilities - Regulated Electric,NASDAQ,94.45,55,58,64,67,25.51,,,0.73,-4.39,6980,4216,4346,0.102
2612,EURK,Financial Services,Shell Companies,NASDAQ,94.45,55,54,60,55,11.5,55013354.35912895,4825733.0,0.0002,-9.16,1004,1344,1222,
2613,MMD,Financial Services,Asset Management,NYSE,94.44,55,51,57,46,15.44,286950036.82534504,18779453.0,0.13,-2.4,48513,58257,60118,-0.15
2614,SIM,Basic Materials,Steel,NYSE ARCA,94.44,55,52,67,63,30.05,4610653659.840111,153432738.0,2.05,-13.13,10,110,118,0.032
2615,ASG,Financial Services,Asset Management,NYSE,94.43,55,53,44,47,5.23,326886454.40987587,62862782.0,0.00029999999,-8.08,324882,292480,288670,-0.245
2616,BCAR,Financial Services,Shell Companies,NASDAQ,94.41,55,52,51,46,10.57,431574820.8057003,40561542.0,0.0014,-5.37,837271,847440,634934,
2617,TSQ,Communication Services,Advertising Agencies,NYSE,94.4,55,57,54,17,6.5,116161030.47314453,17953792.0,0.0212,-30.18,43205,59608,87451,-0.019
2618,NGG,Utilities,Utilities - Regulated Electric,NYSE,94.39,55,67,83,74,80.38,81462334796.16655,995142123.0,0.0015,-15.07,1055207,1551069,1269095,0.02
2619,OLMA,Healthcare,Biotechnology,NASDAQ,94.38,55,91,97,99,9.82,900552462.6624575,87347471.0,0.1612,-72.92,1607398,1261102,1107945,
2620,FTAIM,Industrials,Aerospace & Defense,NASDAQ,94.37,55,56,60,61,26.71,,,2.24,-2.84,4280,4266,3998,0.655
2621,BNT,Financial Services,Insurance - Diversified,NYSE,94.36,55,53,52,65,44.52,12190437659.042305,274374017.0,16.3,-10.71,20632,20397,24260,-0.367
2622,MTH,Consumer Cyclical,Residential Construction,NYSE,94.34,55,26,35,37,70.56,4564489561.765671,66800665.0,0.0691,-16.73,878717,830059,875355,-0.177
2623,VFL,Financial Services,Asset Management,NYSE ARCA,94.33,55,55,55,54,10.23,124990074.28694916,12278003.0,0.0002,-2.57,39172,35477,36006,
2624,RUM,Communication Services,Internet Content & Information,NASDAQ,94.33,55,65,18,22,7.0,1640289182.8502197,216396992.0,0.2214,-36.31,3965209,3599263,3325229,0.074
2625,FAST,Industrials,Industrial Distribution,NASDAQ,94.33,55,40,67,47,46.03,53716561555.24749,1148035061.0,0.027999999,-9.09,7111339,6847723,7117863,0.124
2626,SSB,Financial Services,Banks - Regional,NYSE,94.32,55,40,44,43,96.67,9309717828.954079,97668043.0,0.0286,-10.87,699877,730965,807201,0.228
2627,PVL,Energy,Oil & Gas E&P,NYSE,94.32,55,75,69,63,1.88,60720001.101493835,33000000.0,0.0004,-7.84,77512,91224,93204,85.032
2628,ATLCP,Financial Services,Credit Services,NASDAQ,94.3,55,54,65,60,23.94,,,0.88,-4.24,9933,6084,5762,0.608
2629,PCVX,Healthcare,Biotechnology,NASDAQ,94.29,55,82,85,47,45.42,6838674307.653351,144397682.0,0.096,-30.12,1315562,1608124,1430450,
2630,ATII,Financial Services,Shell Companies,NASDAQ,94.28,55,53,53,52,10.91,325490000.0,29590000.0,0.0023999999,-4.3,346114,338318,310350,
2631,WFC,Financial Services,Banks - Diversified,NYSE,94.27,55,31,39,78,81.97,250751934609.52576,3060189494.0,0.0,-16.15,15817142,16657217,16529412,0.057
2632,PDPA,Financial Services,Asset Management,NYSE,94.27,55,54,57,56,25.25,,,1.68,-3.44,720,1290,1830,
2633,GROW,Financial Services,Asset Management,NASDAQ,94.25,55,41,87,41,2.78,33119204.26636505,12404196.0,0.00029999999,-23.84,30802,23310,28496,0.313
2634,APOG,Industrials,Building Products & Equipment,NASDAQ,94.23,55,29,25,27,38.54,790200659.213047,21351005.0,0.0251,-22.9,255376,197762,210533,0.016
2635,PBHC,Financial Services,Banks - Regional,NASDAQ,94.22,55,33,33,34,15.03,86777598.80400085,6256496.0,0.0014,-5.83,7343,6301,4506,-0.042
2636,XEL,Utilities,Utilities - Regulated Electric,NASDAQ,94.21,55,60,73,61,78.1,49342266593.93585,624269560.0,0.059299998,-7.28,6795984,5813801,5205604,0.029
2637,BCE,Communication Services,Telecom Services,NYSE,94.19,55,54,72,55,24.71,22762955050.677853,932525817.0,6.81,-6.83,4885574,3591924,3481338,0.04
2638,DNOW,Industrials,Industrial Distribution,NYSE,94.16,55,28,22,29,13.8,2415083284.75708,182545984.0,0.0964,-20.05,2926555,3355181,3090329,0.975
2639,DTSQ,Financial Services,Shell Companies,NASDAQ,94.16,55,56,59,56,11.33,41283522.396832466,3653409.0,0.0014,-12.17,1520,2036,2504,
2640,CCI,Real Estate,REIT - Specialty,NYSE,94.16,55,45,39,33,93.38,41240346941.307976,436451983.0,0.0375,-19.33,4447519,3755046,3489221,-0.048
2641,OMDA,Healthcare,Health Information Services,NASDAQ,94.15,55,38,27,14,17.1,1065911748.6522446,59448507.0,0.1043,-36.47,1190644,1221168,1033834,0.42
2642,MYN,Financial Services,Asset Management,NYSE,94.14,55,56,58,54,10.02,382365798.3016052,38313208.0,0.0015,-2.34,109186,126405,139331,0.065
2643,VLYPN,Financial Services,Banks - Regional,NASDAQ,94.11,55,56,61,58,26.05,,,0.45,-2.12,22082,12864,26220,0.238
2644,RMMZ,Financial Services,Asset Management,NYSE,94.11,55,56,56,56,14.85,125303097.41973877,8455000.0,0.0041,-2.88,17259,16856,17041,
2645,NKX,Financial Services,Asset Management,NYSE,94.11,55,51,62,57,12.54,670719750.3935966,53443804.0,0.0047999998,-5.0,123792,134957,158776,
2646,ASTL,Basic Materials,Steel,NASDAQ,94.11,55,52,18,18,4.56,522727554.26025677,105388619.0,0.023599999,-37.06,1213970,1327730,1194958,-0.426
2647,HBAN,Financial Services,Banks - Regional,NASDAQ,94.09,55,37,38,62,16.84,33488198225.18674,2027130587.0,0.028099999,-13.46,25275050,21649446,21968432,0.336
2648,WRBY,Healthcare,Medical Instruments & Supplies,NYSE,94.09,55,80,38,69,25.02,2788090077.6581345,122715236.0,0.14039999,-19.29,2736389,3317573,2818161,0.083
2649,VVV,Consumer Cyclical,Auto & Truck Dealerships,NYSE,94.07,55,30,44,21,36.32,4556864044.288616,127536079.0,0.1429,-12.12,2017149,2384119,2181687,0.25
2650,TR,Consumer Defensive,Confectioners,NYSE,94.06,55,65,79,63,39.49,2885821592.709152,75171181.0,0.0884,-12.36,188934,162478,141012,0.021
2651,NPV,Financial Services,Asset Management,NYSE,94.06,55,55,57,38,11.53,225362543.35510254,19562720.0,0.0004,-2.37,36335,38858,37215,0.067
2652,FMN,Financial Services,Asset Management,NYSE,94.05,55,55,58,55,11.21,87413079.56607819,7818701.0,0.0019,-1.67,16138,16489,19895,-0.223
2653,VGM,Financial Services,Asset Management,NYSE,94.04,54,59,64,64,10.15,544488956.6512146,54231968.0,0.0067000003,-4.78,284849,218576,195283,0.038
2654,AWP,Financial Services,Asset Management,NYSE,94.04,54,58,63,56,11.55,348870573.6258211,30629549.0,1.64,-9.13,119177,109459,121337,0.461
2655,EXP,Basic Materials,Building Materials,NYSE,94.04,54,29,30,39,213.19,6583289867.6185,30948147.0,0.08,-12.5,413536,409878,399459,0.019
2656,CBSH,Financial Services,Banks - Regional,NASDAQ,94.04,54,32,31,30,54.56,7733478120.680855,145777158.0,0.0397,-13.66,1334842,1193990,1201260,0.173
2657,GIC,Industrials,Industrial Distribution,NYSE,94.03,54,37,69,60,31.6,1178059273.2390823,38261099.0,0.0217,-18.54,68014,101318,89402,0.092
2658,PNI,Financial Services,Asset Management,NYSE,94.02,54,53,58,46,7.04,78687179.78620529,11209000.0,0.68,-2.22,47297,41629,40893,0.87
2659,NNY,Financial Services,Asset Management,NYSE,94.01,54,54,62,56,8.65,162231189.56178284,18886052.0,0.0008,-3.24,28918,31929,33291,
2660,PJT,Financial Services,Capital Markets,NYSE,94.0,54,35,26,55,157.25,4060143329.0841675,25824598.0,0.083900005,-19.61,290655,338208,350605,0.289
2661,DLR,Real Estate,REIT - Specialty,NYSE,93.99,54,70,73,29,180.78,65639137456.00632,351406070.0,0.0,-13.14,2203677,2007782,2082259,0.167
2662,YHC,Consumer Defensive,Beverages - Wineries & Distilleries,NASDAQ,93.99,54,29,13,7,0.83,15640065.57736516,21366210.0,0.0106,-92.55,709741,325940,213318,-0.642
2663,BOC,Industrials,Conglomerates,NYSE,93.99,54,26,33,37,13.68,417452494.191967,30404407.0,0.069,-5.59,210496,250798,214861,0.019
2664,POWWP,Industrials,Aerospace & Defense,NASDAQ,93.98,54,63,67,70,23.81,,,0.18,-6.61,2058,3029,4933,0.532
2665,RRGB,Consumer Cyclical,Restaurants,NASDAQ,93.97,54,31,18,17,4.53,80843472.75288296,18499651.0,0.1441,-42.59,259710,482643,399326,-0.036
2666,CCEC,Industrials,Marine Shipping,NASDAQ,93.97,54,44,53,49,21.46,1335119558.4144974,60113445.0,0.0022,-13.57,20171,12877,11638,-0.039
2667,RTX,Industrials,Aerospace & Defense,NYSE,93.96,54,60,85,82,177.41,243736241031.273,1346683428.0,0.0107,-17.29,5790874,5677388,5399572,0.087
2668,AFCG,Financial Services,Asset Management,NASDAQ,93.95,54,55,13,11,3.41,82115665.78438854,23528844.0,0.062800005,-41.0,129588,298779,246085,0.101
2669,MFM,Financial Services,Asset Management,NYSE,93.95,54,56,59,53,5.44,221177573.7564497,41187631.0,0.53,-4.06,216898,169822,142653,0.014
2670,SPRO,Healthcare,Biotechnology,NASDAQ,93.94,54,91,91,92,2.54,163282206.39465833,57901493.0,0.0343,-21.12,847808,750332,629247,-0.956
2671,NNI,Financial Services,Credit Services,NYSE,93.91,54,38,59,72,130.72,4636566943.825226,35934023.0,0.0275,-9.46,144776,138348,141891,-0.071
2672,MFIN,Financial Services,Credit Services,NASDAQ,93.91,54,37,42,68,9.9,228005694.52784443,23849967.0,0.0434,-10.0,97391,75097,65842,-0.064
2673,CHD,Consumer Defensive,Household & Personal Products,NYSE,93.9,54,42,63,26,98.19,22921923551.313858,236943602.0,0.0505,-7.4,2077960,2079756,1987612,0.002
2674,LATAU,Financial Services,Shell Companies,NASDAQ,93.88,54,41,50,47,10.59,,,582.35,-6.28,1612,670,408,
2675,GLU,Financial Services,Asset Management,NYSE ARCA,93.87,54,62,76,71,18.8,114535611.74730682,5990356.0,0.00090000004,-13.32,9630,9483,9882,0.219
2676,CCEP,Consumer Defensive,Beverages - Non-Alcoholic,NASDAQ,93.86,54,45,72,63,97.51,41948696676.38618,442777049.0,0.050300002,-12.07,2290133,1866484,1833786,0.002
2677,IGA,Financial Services,Asset Management,NYSE,93.86,54,53,59,59,9.65,147737606.71568298,15341392.0,0.0017,-4.55,38685,49578,54793,-0.066
2678,FCT,Financial Services,Asset Management,NYSE,93.85,54,57,57,60,9.57,248920855.05762482,25983388.0,0.005,-7.0,121065,93711,83613,-0.026
2679,TCBS,Financial Services,Banks - Regional,NASDAQ,93.85,54,53,52,54,16.99,48763123.6993103,2885392.0,0.0011,-15.05,6164,3308,2282,0.121
2680,EPSN,Energy,Oil & Gas E&P,NASDAQ,93.85,54,72,44,20,5.93,175139491.27610683,30248617.0,0.1101,-30.24,123791,173813,191388,0.584
2681,CODX,Healthcare,Medical Devices,NASDAQ,93.83,54,4,2,9,4.88,20748318.241750717,3685314.0,0.0558,-89.51,3518907,11455485,6930521,1.903
2682,LUCK,Consumer Cyclical,Leisure,NYSE,93.83,54,42,30,29,8.83,1040595636.9876957,136382126.0,0.32419997,-23.94,99928,92776,77535,0.007
2683,SBCF,Financial Services,Banks - Regional,NASDAQ,93.81,54,48,61,72,30.88,2932962628.68132,97246772.0,0.0591,-13.14,661767,760232,737851,0.241
2684,NMCO,Financial Services,Asset Management,NYSE,93.81,54,58,57,47,10.73,591004144.6558704,55389329.0,0.0093,-2.45,151200,154363,146464,
2685,SVCCU,Financial Services,Shell Companies,NASDAQ,93.81,54,45,51,53,10.94,229982543.420887,21614900.0,0.02,-13.79,1665,758,2489,
2686,NWSA,Communication Services,Entertainment,NASDAQ,93.8,54,52,33,29,26.97,14858426200.695093,545063319.0,0.0399,-14.68,4186823,4523684,4601176,0.088
2687,XYZ,Technology,Software - Infrastructure,NYSE,93.79,54,75,37,28,66.63,40561586058.17413,595181000.0,0.0456,-19.24,5792667,5985302,5654395,0.049
2688,NAMS,Healthcare,Biotechnology,NASDAQ,93.78,54,83,69,88,29.33,3684813471.5943947,116903979.0,0.0717,-30.51,1395721,1514387,1290684,0.021
2689,EDUC,Communication Services,Publishing,NASDAQ,93.78,54,66,50,31,1.36,11830795.838243961,8511364.0,0.0002,-26.09,71148,60602,50541,-0.37
2690,GRMN,Technology,Scientific & Technical Instruments,NYSE,93.78,54,69,69,37,231.72,45623994065.94104,192856206.0,0.0241,-15.22,713396,770085,760865,0.142
2691,IMPPP,Energy,Oil & Gas Midstream,NASDAQ,93.77,54,57,65,63,25.68,,,1.75,-7.56,297,585,651,0.923
2692,UTL,Utilities,Utilities - Diversified,NYSE,93.77,54,47,63,43,51.6,921669239.2944603,17990811.0,0.037100002,-6.32,166231,126757,116394,0.27
2693,MUC,Financial Services,Asset Management,NYSE,93.75,54,55,59,51,10.8,1013419033.0369892,94183923.0,0.00090000004,-2.17,376626,300632,279975,0.073
2694,EMR,Industrials,Specialty Industrial Machinery,NYSE,93.74,54,46,58,61,137.11,77361009265.13672,560100000.0,0.0241,-16.98,2412328,2917286,2862021,0.029
2695,RAAQ,Financial Services,Shell Companies,NASDAQ,93.72,54,62,61,47,10.83,255529992.10357666,23000000.0,0.0033000002,-10.5,390036,274542,265153,
2696,ARLP,Energy,Thermal Coal,NASDAQ,93.7,54,58,75,40,25.25,3296238589.594763,128658801.0,0.0156,-14.26,285395,346555,373149,-0.045
2697,AFG,Financial Services,Insurance - Property & Casualty,NYSE,93.69,54,57,48,59,132.42,11005583112.008926,83086083.0,0.023599999,-11.73,498242,456140,456606,0.003
2698,NAN,Financial Services,Asset Management,NYSE,93.68,54,55,59,54,11.46,366761314.8554344,31947851.0,0.0072000003,-1.8,51900,71833,66956,
2699,TATT,Industrials,Aerospace & Defense,NASDAQ,93.68,54,31,94,82,40.99,571387837.5782356,12983137.0,0.051999997,-36.45,248263,203127,212306,-0.024
2700,OCCIM,Financial Services,Asset Management,NASDAQ,93.66,54,61,55,57,25.06,,,1.24,-3.84,2700,1863,1626,0.092
2701,BAYA,Financial Services,Shell Companies,NASDAQ,93.66,54,53,62,60,12.05,33270246.7554245,2738292.0,0.02,-10.74,7918,4259,2839,
2702,LTC,Real Estate,REIT - Healthcare Facilities,NYSE,93.66,54,59,72,42,37.34,1845091449.751648,51181456.0,0.053400002,-8.48,570264,438858,395086,-0.19
2703,PTON,Consumer Cyclical,Leisure,NASDAQ,93.65,54,34,10,23,5.59,2498363398.9913344,432991925.0,0.1424,-39.24,11647580,16178200,14845972,0.011
2704,VIV,Communication Services,Telecom Services,NYSE,93.65,54,71,88,75,12.82,20467859355.024895,1597803176.0,0.0137,-25.72,1160073,1117211,1062418,0.074
2705,MYI,Financial Services,Asset Management,NYSE,93.63,54,52,57,53,10.96,719840323.2589512,66467251.0,0.0008,-4.36,318647,298849,316389,0.063
2706,MPT,Real Estate,REIT - Healthcare Facilities,NYSE,93.62,54,57,46,59,4.98,2978538011.407852,598100000.0,0.2974,-23.03,5403934,5646888,5273666,0.126
2707,CWT,Utilities,Utilities - Regulated Water,NYSE,93.62,54,38,48,37,46.07,2742476446.574234,59853262.0,0.039100002,-8.66,586829,520239,539383,0.052
2708,SCD,Financial Services,Asset Management,NYSE,93.59,54,52,58,36,15.32,353215718.2876148,22906337.0,0.08,-9.08,59095,55891,71147,0.334
2709,XOMAO,Healthcare,Biotechnology,NASDAQ,93.57,54,54,58,58,25.38,,,0.02,-3.86,2485,5555,5453,-0.226
2710,PCQ,Financial Services,Asset Management,NYSE,93.57,54,52,58,48,8.81,168171653.4833908,18981000.0,0.93,-4.13,176236,150498,160011,1.649
2711,UYSC,Financial Services,Shell Companies,NASDAQ,93.53,54,55,54,49,10.69,81867736.90642929,7658348.0,0.0088,-9.02,110,626,3442,
2712,LKFN,Financial Services,Banks - Regional,NASDAQ,93.5,53,44,40,34,61.17,1494566065.956627,24913586.0,0.0919,-11.86,189196,191438,160741,0.188
2713,ACP,Financial Services,Asset Management,NYSE,93.5,53,51,52,44,5.27,653702237.1663265,125470678.0,0.0,-12.02,488145,461018,533405,0.281
2714,AMBP,Consumer Cyclical,Packaging & Containers,NYSE,93.48,53,44,76,78,4.05,2354962911.3610296,597706314.0,0.0479,-19.48,1117723,1249707,1221276,0.186
2715,AGNCL,Real Estate,REIT - Mortgage,NASDAQ,93.48,53,56,60,53,25.07,,,0.48,-1.45,12484,10971,14690,
2716,PMO,Financial Services,Asset Management,NYSE,93.47,53,52,58,56,10.51,292367102.6006756,28058263.0,0.00059999997,-3.31,41255,60081,62073,0.006
2717,NAD,Financial Services,Asset Management,NYSE,93.47,53,55,61,64,11.86,2740870417.6642704,233464265.0,0.0026,-3.66,694773,701291,682760,-0.016
2718,AHR,Real Estate,REIT - Healthcare Facilities,NYSE,93.47,53,71,86,87,46.82,9815175089.210037,206722308.0,0.097799994,-14.36,2566266,2596788,2452121,0.209
2719,IEP,Energy,Oil & Gas Refining & Marketing,NASDAQ,93.46,53,57,64,39,7.2,4979894495.183224,672050553.0,0.1175,-26.15,703172,1042664,927284,0.198
2720,GF,Financial Services,Asset Management,NYSE,93.45,53,51,45,61,11.49,192664793.20248222,16231238.0,0.0028,-10.37,43405,55001,54225,1.191
2721,CRWS,Consumer Cyclical,"Furnishings, Fixtures & Appliances",NASDAQ,93.44,53,43,42,21,2.86,29418914.25,10697787.0,0.0029,-11.18,53007,33495,34497,-0.113
2722,ALISU,Financial Services,Shell Companies,NASDAQ,93.43,53,50,57,52,10.68,,,0.1,-3.87,860,396,576,
2723,PCG,Utilities,Utilities - Regulated Electric,NYSE,93.42,53,47,79,38,16.72,37680066440.2113,2202224728.0,0.0,-12.73,18362516,18854565,20487143,0.15
2724,JFR,Financial Services,Asset Management,NYSE,93.41,53,43,42,41,7.66,1221742780.3116798,160967425.0,0.0013,-10.83,769675,694291,707831,0.043
2725,VEON,Communication Services,Telecom Services,NASDAQ,93.41,53,33,66,76,49.47,3559006369.4539413,69241367.0,0.0046,-22.7,90290,103843,97062,0.171
2726,FITBI,Financial Services,Banks - Regional,NASDAQ,93.4,53,53,57,58,25.66,,,1.74,-1.27,29488,26746,35189,-0.01
2727,AVB,Real Estate,REIT - Residential,NYSE,93.4,53,51,34,27,186.59,26915969103.863678,141872069.0,0.0394,-11.09,1202763,1152614,1070664,0.025
2728,SPMA,Financial Services,Asset Management,NYSE,93.4,53,56,59,58,25.09,,,0.34,-3.43,6227,6195,5291,-0.333
2729,ICUI,Healthcare,Medical Instruments & Supplies,NASDAQ,93.4,53,30,34,57,139.83,3414373662.1048737,24993585.0,0.078200005,-12.76,296860,300923,284152,-0.123
2730,LNG,Energy,Oil & Gas Midstream,NYSE,93.39,53,64,76,23,241.81,50045178650.56372,209551868.0,0.019,-19.64,2065646,2282205,2476745,0.242
2731,AFYA,Consumer Defensive,Education & Training Services,NASDAQ,93.38,53,34,33,27,14.69,1320575837.7449522,91452623.0,0.0683,-20.74,74885,81521,87823,0.082
2732,BMN,Financial Services,Asset Management,NYSE,93.38,53,53,60,51,26.43,159777500.0629139,6147653.0,1.21,-5.47,7955,9695,9449,
2733,EIIA,Financial Services,Asset Management,NYSE,93.38,53,55,59,58,25.2,,,0.1,-4.29,1833,2674,4308,
2734,DAAQU,Financial Services,Shell Companies,NASDAQ,93.37,53,41,46,41,10.99,,,24.67,-8.03,305,555,507,
2735,RDN,Financial Services,Insurance - Specialty,NYSE,93.35,53,62,42,59,34.73,4494561523.347977,132975196.0,0.0388,-10.58,1371320,1362676,1184254,0.588
2736,FT,Financial Services,Asset Management,NYSE,93.35,53,54,65,61,7.95,199295915.10582447,25131894.0,0.48,-4.79,40210,46086,41102,
2737,NUV,Financial Services,Asset Management,NYSE,93.35,53,56,62,57,9.13,1880326946.8479195,207541596.0,0.0022,-1.4,552353,557737,529576,0.062
2738,ALTG,Industrials,Rental & Leasing Services,NYSE,93.34,53,56,52,20,6.42,208878169.2822647,32535540.0,0.032899998,-28.59,261018,362592,291225,-0.03
2739,AZN,Healthcare,Drug Manufacturers - General,NYSE,93.33,53,63,76,80,178.96,288382821914.99414,1550862203.0,0.0014,-15.87,2109358,2023526,1987649,0.125
2740,RIV,Financial Services,Asset Management,NYSE,93.33,53,57,56,60,11.3,313674686.48413086,27371264.0,0.0011999999,-8.58,71390,72170,72084,
2741,OCCIN,Financial Services,Asset Management,NASDAQ,93.29,53,53,58,56,24.8,,,0.46,-0.52,2961,2697,2444,0.092
2742,LIEN,Financial Services,Asset Management,NASDAQ,93.28,53,37,44,56,9.89,223413575.22946358,22820590.0,0.0045,-13.55,55941,68167,69100,0.401
2743,ORCL,Technology,Software - Infrastructure,NYSE,93.28,53,49,24,30,201.26,614553488215.21,2876046000.0,0.0212,-41.79,30079976,23326418,26683885,0.217
2744,VCV,Financial Services,Asset Management,NYSE,93.28,53,50,61,60,10.67,517590756.280941,48508974.0,0.0033000002,-6.24,98417,93572,95891,-0.033
2745,OIA,Financial Services,Asset Management,NYSE,93.27,53,56,60,54,6.07,289186742.17357635,47878600.0,0.0017,-5.16,106048,104102,103521,0.044
2746,KSPI,Technology,Software - Infrastructure,NASDAQ,93.27,53,64,30,24,78.57,15424512833.269684,190027266.0,0.015700001,-20.8,511299,509589,525019,0.313
2747,OFLX,Industrials,Specialty Industrial Machinery,NASDAQ,93.27,53,30,31,26,30.49,304343804.44932175,10094322.0,0.0148,-19.59,38587,46082,43331,-0.01
2748,FE,Utilities,Utilities - Regulated Electric,NYSE,93.26,53,45,80,64,46.43,26850774084.360886,578431175.0,0.0519,-11.29,4912488,5795772,5122149,0.116
2749,FGMC,Financial Services,Shell Companies,NASDAQ,93.25,53,51,53,51,10.43,107488147.67971039,10295800.0,0.0045,-11.3,268803,127101,92216,
2750,MHD,Financial Services,Asset Management,NYSE,93.23,53,55,58,52,11.67,607449806.509552,52141616.0,0.0021,-3.15,392093,392454,416212,0.112
2751,DPRO,Technology,Computer Hardware,NASDAQ,93.23,53,77,93,94,5.72,228464586.49325752,36495939.0,0.1177,-60.28,3214793,2063741,1898880,0.494
2752,NVAX,Healthcare,Biotechnology,NASDAQ,93.22,53,76,88,22,8.56,1560517711.6731014,164438119.0,0.2771,-28.49,5127332,5849634,4775160,-0.791
2753,MMM,Industrials,Conglomerates,NYSE,93.21,53,28,42,69,156.85,80196179186.30547,521567261.0,0.0164,-11.59,3984849,3914999,3757607,0.013
2754,MPA,Financial Services,Asset Management,NYSE,93.21,53,56,59,50,11.3,145812836.7639351,12949630.0,0.001,-3.0,30905,28878,29453,0.036
2755,CAPN,Financial Services,Shell Companies,NASDAQ,93.21,53,55,56,55,11.03,58327653.34792709,5288092.0,0.00059999997,-3.58,680,1913,1454,
2756,WF,Financial Services,Banks - Regional,NYSE,93.21,53,68,87,85,58.99,14693328614.739159,242584261.0,0.0007,-30.36,217227,159369,148831,0.059
2757,INFU,Healthcare,Medical Devices,NYSE ARCA,93.2,53,62,81,77,8.88,186478931.10077477,20181703.0,0.008,-19.57,135976,219062,167467,-0.03
2758,CLM,Financial Services,Asset Management,NYSE ARCA,93.15,53,60,54,69,7.41,2246331740.4551783,297921983.0,20.28,-13.13,1549294,1599211,1653078,1.473
2759,AMT,Real Estate,REIT - Specialty,NYSE,93.14,53,36,41,30,192.5,90439160279.4115,465893069.0,0.0222,-17.85,3218147,2996945,3064043,0.068
2760,FINS,Financial Services,Asset Management,NYSE,93.14,53,50,56,58,12.74,424728177.4847517,33416851.0,0.92,-5.98,30956,33232,33827,
2761,RGA,Financial Services,Insurance - Reinsurance,NYSE,93.14,53,54,57,57,205.35,13427578328.326675,65513163.0,0.0154,-10.41,356214,374938,345522,0.235
2762,HEPS,Consumer Cyclical,Internet Retail,NASDAQ,93.12,53,41,62,21,2.82,939502316.8811798,357225200.0,0.103999995,-15.32,261819,359813,310081,0.608
2763,FEBO,Technology,Consumer Electronics,NASDAQ,93.11,53,66,84,71,1.02,9292499.709874392,11062500.0,0.0191,-30.14,454665,154958,96725,-0.359
2764,PFE,Healthcare,Drug Manufacturers - General,NYSE,93.1,53,57,67,61,25.6,148413531378.757,5699444169.0,0.0276,-10.96,34265235,35107101,34964137,0.054
2765,PGZ,Financial Services,Asset Management,NYSE,93.08,53,51,57,48,9.93,66271686.44639969,6694110.0,0.0013,-6.67,20122,20030,23524,
2766,GATX,Industrials,Rental & Leasing Services,NYSE,93.07,53,65,57,58,171.7,6073101696.803345,35502758.0,0.0442,-16.47,235773,229007,218732,0.384
2767,IQV,Healthcare,Diagnostics & Research,NYSE,93.05,53,38,30,78,182.17,30617804490.66162,166900000.0,0.0342,-26.26,1601700,1791483,1624454,0.084
2768,IRS,Real Estate,Real Estate Services,NYSE,93.04,53,28,61,73,15.13,1281019531.9290848,84611592.0,0.002,-20.95,230367,192865,180389,0.293
2769,EVN,Financial Services,Asset Management,NYSE,93.03,52,48,57,59,10.86,428599527.6460476,39906847.0,1.03,-3.29,77050,86760,92454,0.077
2770,TYG,Financial Services,Asset Management,NYSE,93.03,52,66,81,51,42.98,929409222.8139572,21514102.0,0.0546,-16.02,227649,228659,179997,0.931
2771,NATR,Consumer Defensive,Packaged Foods,NASDAQ,93.03,52,70,88,89,20.47,348004613.18943024,17584871.0,0.0231,-27.26,163014,124244,106020,0.085
2772,CIG,Utilities,Utilities - Regulated Electric,NYSE,93.03,52,70,75,58,2.05,5978824889.935704,2860681883.0,0.0,-25.72,7183878,6197226,6255303,0.063
2773,SPME,Financial Services,Asset Management,NYSE,93.01,52,54,60,54,25.21,,,2.13,-3.04,1631,3357,3530,-0.333
2774,NDMO,Financial Services,Asset Management,NYSE,92.99,52,51,56,45,10.42,612408168.7068062,59630783.0,0.0027,-3.7,131512,123077,115260,
2775,MGRC,Industrials,Rental & Leasing Services,NASDAQ,92.98,52,45,38,31,112.96,2674285450.139084,24561770.0,0.0186,-12.03,173465,187748,223119,0.016
2776,DLTR,Consumer Defensive,Discount Stores,NASDAQ,92.97,52,22,75,91,110.32,20908595760.8703,192174588.0,0.0841,-22.53,4571881,4087230,3831370,0.072
2777,NRO,Financial Services,Asset Management,NYSE ARCA,92.97,52,52,51,35,2.99,188818263.54853106,63361833.0,0.33,-11.28,212950,237333,253008,0.285
2778,ELLO,Utilities,Utilities - Renewable,NYSE ARCA,92.95,52,64,88,89,21.15,293582788.48423004,13783230.0,0.0001,-30.29,21542,20260,13922,-0.022
2779,CHSCL,Consumer Defensive,Farm Products,NASDAQ,92.94,52,54,57,53,25.82,,,1.73,-1.0,18069,16593,21265,0.072
2780,ETX,Financial Services,Asset Management,NYSE,92.93,52,52,55,59,19.02,205826623.41957092,10896063.0,0.0023,-4.9,9771,12577,14308,
2781,CRF,Financial Services,Asset Management,NYSE ARCA,92.93,52,59,53,66,7.1,1167838277.06285,162199765.0,0.111899994,-13.94,1050127,1132589,1126847,12.282
2782,CAAS,Consumer Cyclical,Auto Parts,NASDAQ,92.93,52,61,40,35,4.46,133656204.68085575,30170702.0,0.0029,-13.4,29403,38984,34638,0.214
2783,IBM,Technology,Information Technology Services,NYSE,92.93,52,24,35,76,272.36,267716919713.2373,939885280.0,0.0317,-18.08,14811759,10145246,8598107,0.095
2784,ES,Utilities,Utilities - Regulated Electric,NYSE,92.92,52,52,73,67,69.18,26551249191.147423,376080025.0,0.0299,-9.46,3114244,2681238,2349700,0.094
2785,FIVN,Technology,Software - Infrastructure,NASDAQ,92.92,52,50,14,16,21.35,1800785032.8082123,76563988.0,0.136,-29.72,3331954,4115881,3291170,0.092
2786,GIL,Consumer Cyclical,Apparel Manufacturing,NYSE,92.91,52,42,68,81,57.04,10668274815.355484,185180953.0,0.039100002,-22.61,837586,999092,1033869,0.638
2787,EG,Financial Services,Insurance - Reinsurance,NYSE,92.91,52,57,41,36,336.55,13233139569.735535,39571602.0,0.0348,-8.62,530616,394285,363571,-0.047
2788,SO,Utilities,Utilities - Regulated Electric,NYSE,92.91,52,55,72,41,94.02,104388079954.67503,1127301098.0,0.0231,-6.76,6098511,5801627,5159488,0.08
2789,PIPR,Financial Services,Capital Markets,NYSE,92.9,52,49,43,72,76.53,5181161357.692032,67577429.0,0.0507,-19.5,549593,619341,606402,0.328
2790,LEDS,Technology,Semiconductors,NASDAQ,92.88,52,78,18,26,1.84,15194081.795628905,8257653.0,0.0025,-45.4,49180,61570,46448,-0.902
2791,LGL,Technology,Scientific & Technical Instruments,NYSE ARCA,92.88,52,53,75,27,6.91,46868763.39030075,6685986.0,0.0057,-29.06,15422,12784,9636,0.182
2792,GLP,Energy,Oil & Gas Midstream,NYSE,92.87,52,61,47,23,48.93,1668335965.8345032,33971410.0,0.010299999,-13.41,57972,75634,60606,0.159
2793,DRI,Consumer Cyclical,Restaurants,NYSE,92.86,52,45,64,42,203.64,22691674235.107056,114535003.0,0.0641,-10.79,1017432,993117,1094176,0.059
2794,KVAC,Financial Services,Shell Companies,NASDAQ,92.84,52,59,58,56,12.19,67179555.14971447,5506521.0,0.0001,-2.87,4581,1817,1110,
2795,SLMBP,Financial Services,Credit Services,NASDAQ,92.83,52,52,56,58,75.05,,,3.12,-9.63,3980,3203,3226,0.025
2796,NCPL,Financial Services,Capital Markets,NASDAQ,92.81,52,5,3,6,0.89,7314241.722055376,7847899.0,0.0121,-89.83,1810160,7383900,4540428,-0.382
2797,TLPH,Healthcare,Drug Manufacturers - Specialty & Generic,NASDAQ,92.81,52,80,55,93,0.81,40481723.95513916,51899648.0,0.0223,-48.41,158681,152000,142292,
2798,SENS,Healthcare,Medical Devices,NASDAQ,92.81,52,15,20,13,7.3,348193780.53277016,52202965.0,0.1008,-41.97,569641,1113063,780302,0.718
2799,CCID,Financial Services,Asset Management,NYSE,92.8,52,54,53,50,25.21,,,1.33,-1.25,3020,2673,1940,
2800,WTFCN,Financial Services,Banks - Regional,NASDAQ,92.78,52,57,59,58,26.21,,,1.39,-4.03,67919,36466,31437,0.104
2801,BH,Consumer Cyclical,Restaurants,NYSE,92.78,52,21,62,79,311.86,921427957.6226807,3139020.0,2.52,-35.51,65726,65398,73407,0.026
2802,MQY,Financial Services,Asset Management,NYSE,92.78,52,51,55,43,11.38,813156522.5181198,71833617.0,0.002,-4.69,423950,401450,409602,0.071
2803,ACNT,Basic Materials,Chemicals,NASDAQ,92.78,52,36,38,80,13.76,122467814.9739027,9038215.0,0.0493,-23.21,62299,68543,78353,0.089
2804,DCTH,Healthcare,Medical Devices,NASDAQ,92.77,52,64,29,20,11.19,368345976.12379265,34521647.0,0.1082,-32.91,627377,527589,427845,0.263
2805,BEPC,Utilities,Utilities - Renewable,NYSE,92.77,52,45,78,80,37.49,7061815348.713776,182381589.0,5.68,-17.02,1595308,1779616,1517845,-0.026
2806,DUK,Utilities,Utilities - Regulated Electric,NYSE,92.77,52,53,73,47,125.04,96841443027.39554,779596217.0,0.023,-7.03,3233800,3247846,3190004,0.113
2807,EICA,Financial Services,Asset Management,NYSE,92.76,52,54,57,56,24.92,,,0.48,-3.86,3125,2961,2625,-0.085
2808,RIBB,Financial Services,Shell Companies,NASDAQ,92.76,52,52,55,51,10.71,51337806.84285545,4793446.0,0.00059999997,-2.55,1410,580,1660,
2809,VLYPO,Financial Services,Banks - Regional,NASDAQ,92.74,52,54,58,57,25.05,,,1.2,-2.68,5620,4946,5520,0.238
2810,EOT,Financial Services,Asset Management,NYSE,92.74,52,52,68,48,17.1,264061158.93956566,15624921.0,0.11,-5.0,42537,38012,34395,
2811,RGEN,Healthcare,Medical Instruments & Supplies,NASDAQ,92.73,52,24,27,76,130.76,6899230541.685791,56407740.0,0.1013,-25.61,996637,1258949,1132981,0.148
2812,FFIN,Financial Services,Banks - Regional,NASDAQ,92.73,52,35,32,26,33.21,4653797020.810738,143281930.0,0.0765,-14.27,931635,793111,741829,0.131
2813,TARS,Healthcare,Biotechnology,NASDAQ,92.72,52,52,80,91,61.27,2550460237.000519,43023959.0,0.1178,-28.13,670240,738443,645232,1.069
2814,LBTYA,Communication Services,Telecom Services,NASDAQ,92.72,52,61,67,36,11.78,3976025936.504362,338097437.0,0.0646,-12.87,1651093,1803681,2001094,0.088
2815,HE,Utilities,Utilities - Regulated Electric,NYSE,92.71,52,56,83,60,13.07,2337486342.3744736,172635624.0,0.14220001,-24.8,1617785,1990251,1767473,0.003
2816,RDCM,Communication Services,Telecom Services,NASDAQ,92.69,52,78,27,42,12.69,206216799.53185272,16738377.0,0.0145000005,-24.19,375137,270562,224283,0.12
2817,SAR,Financial Services,Asset Management,NYSE,92.68,52,48,46,51,22.34,363746855.2090454,16267748.0,0.0448,-12.87,90075,101888,103103,-0.006
2818,DSWL,Technology,Electronic Components,NASDAQ,92.68,52,64,74,78,3.26,52108231.22605944,15935239.0,0.00090000004,-27.23,5658,8156,9807,-0.055
2819,DYNC,Financial Services,Shell Companies,NASDAQ,92.67,52,49,49,48,10.78,239040000.62159824,22133333.0,0.0078,-29.27,93066,114072,242311,
2820,SBI,Financial Services,Asset Management,NYSE,92.66,52,53,59,54,7.76,108856302.94859886,14082316.0,1.22,-3.12,30819,40039,43001,-0.017
2821,SPEGU,Financial Services,Shell Companies,NASDAQ,92.66,52,45,52,51,10.6,,,0.04,-22.4,410,536,424,
2822,AGNCZ,Real Estate,REIT - Mortgage,NASDAQ,92.63,52,51,55,49,25.37,,,0.6,-3.79,59286,48525,61589,
2823,PAAS,Basic Materials,Gold,NYSE,92.63,52,92,91,93,44.17,20047833771.514893,421350000.0,0.7,-36.89,4786854,5193274,4946436,0.493
2824,JRI,Financial Services,Asset Management,NYSE,92.61,52,58,49,63,12.86,345848300.6706867,27448277.0,0.0044,-9.88,165007,151849,143873,
2825,BMEZ,Financial Services,Asset Management,NYSE,92.59,52,49,51,63,14.25,895645114.5515213,62501404.0,0.0016,-9.81,194143,191731,189866,
2826,GENC,Industrials,Farm & Heavy Construction Machinery,NYSE ARCA,92.58,52,52,62,24,14.86,215175069.83317566,14657702.0,0.0061000003,-14.6,45080,31206,27180,-0.115
2827,PI,Technology,Semiconductors,NASDAQ,92.56,52,72,24,76,122.69,3683429251.3454056,30459185.0,0.1398,-50.34,483631,546063,491006,-0.0
2828,STRC,Technology,Software - Application,NASDAQ,92.55,52,59,66,60,95.81,,,0.47,-4.59,4214487,3695065,3793999,0.119
2829,CAPNU,Financial Services,Shell Companies,NASDAQ,92.55,52,39,60,46,11.29,,,3.0,-3.98,40,13,18,
2830,STAG,Real Estate,REIT - Industrial,NYSE,92.54,51,56,61,60,37.99,7124300028.368664,191205055.0,0.0468,-5.0,1206285,1190041,1155107,0.091
2831,ASND,Healthcare,Biotechnology,NASDAQ,92.53,51,76,79,80,209.79,13001548198.963165,61779750.0,0.0334,-16.33,622893,632697,686360,1.443
2832,ONBPO,Financial Services,Banks - Regional,NASDAQ,92.52,51,52,57,55,24.9,,,1.96,-2.31,4320,5363,6784,0.462
2833,WDFC,Basic Materials,Specialty Chemicals,NASDAQ,92.52,51,32,61,28,222.48,2736694204.5674744,13455402.0,0.054899998,-12.15,162915,147798,177515,0.107
2834,STRA,Consumer Defensive,Education & Training Services,NASDAQ,92.51,51,42,45,37,81.52,1854345420.9805908,22730392.0,0.066300005,-9.19,211008,254049,273453,0.008
2835,JLL,Real Estate,Real Estate Services,NYSE,92.5,51,65,58,77,298.22,13719043666.820526,46393575.0,0.0174,-17.86,392171,403987,398308,0.111
2836,SPKL,Financial Services,Shell Companies,NASDAQ,92.5,51,59,56,54,11.53,100208187.846632,8658791.0,1.6538,-8.38,69152,54677,33470,
2837,ARTNA,Utilities,Utilities - Regulated Water,NASDAQ,92.5,51,45,48,46,33.06,340293467.0276947,10324438.0,0.0095999995,-5.27,30624,40644,41240,0.073
2838,LHX,Industrials,Aerospace & Defense,NYSE,92.49,51,62,88,73,303.0,57347172264.81088,186294951.0,0.0156,-20.1,1044023,1272271,1291544,1.9
2839,NOEMU,Financial Services,Shell Companies,NASDAQ,92.48,51,61,58,62,11.25,,,0.0,-4.98,35,118,117,
2840,EPRX,Healthcare,Biotechnology,NASDAQ,92.48,51,79,90,87,5.92,388695322.1898737,65326947.0,22.37,-36.48,284744,254454,217834,
2841,VLYPP,Financial Services,Banks - Regional,NASDAQ,92.48,51,54,57,56,25.07,,,17.4,-3.98,8973,3921,3638,0.238
2842,AOMR,Real Estate,REIT - Mortgage,NYSE,92.46,51,47,42,41,8.42,206044142.0950203,24914647.0,0.0234,-16.97,147389,125993,101281,
2843,RA,Financial Services,Asset Management,NYSE,92.45,51,51,57,54,12.72,700629562.142395,55254696.0,0.32,-6.4,134232,171247,161270,
2844,LCCCU,Financial Services,Shell Companies,NASDAQ,92.43,51,46,51,49,10.61,,,2.95,-8.53,5642,2664,1642,
2845,MMU,Financial Services,Asset Management,NYSE,92.43,51,50,60,60,10.28,553288936.4906311,54618848.0,0.0011,-4.01,136073,144681,130956,-0.021
2846,CHH,Consumer Cyclical,Lodging,NYSE,92.42,51,35,35,18,104.23,4995859975.257019,45495493.0,0.3464,-23.61,687747,700965,644727,0.035
2847,TACHU,Financial Services,Shell Companies,NASDAQ,92.42,51,45,51,52,10.66,,,0.73,-3.09,3400,1146,692,
2848,PERF,Technology,Software - Application,NYSE,92.41,51,40,22,25,1.68,170087276.19912922,101848671.0,0.00029999999,-37.08,104599,86879,88583,0.12
2849,NBB,Financial Services,Asset Management,NYSE,92.4,51,53,52,56,15.68,460615766.0826416,29394752.0,0.0039,-5.66,52858,50376,48617,
2850,TACOU,Financial Services,Shell Companies,NASDAQ,92.38,51,49,45,40,10.75,,,0.99,-7.45,658,3432,2757,
2851,PRA,Financial Services,Insurance - Property & Casualty,NYSE,92.38,51,51,71,78,24.72,1275226862.2117157,51607726.0,0.2408,-0.52,1257185,1004701,985715,-0.049
2852,OCFC,Financial Services,Banks - Regional,NASDAQ,92.38,51,50,46,72,18.29,1044865216.5037079,57600069.0,0.0877,-11.26,1291062,874114,797218,0.085
2853,SFWL,Industrials,Integrated Freight & Logistics,NASDAQ,92.36,51,30,42,45,0.99,70947863.2201364,82497514.0,0.001,-23.26,42985,22051,19341,0.116
2854,PED,Energy,Oil & Gas E&P,NYSE ARCA,92.36,51,77,85,19,13.67,177706739.5133257,13301403.0,0.014099999,-27.63,12840,23053,26216,3.604
2855,LTM,Industrials,Airlines,NYSE,92.36,51,57,73,88,47.42,14145387043.14164,292743939.0,0.0155,-32.66,760531,853680,933970,0.219
2856,WMG,Communication Services,Entertainment,NASDAQ,92.35,51,69,39,30,28.69,15611952912.224426,521615528.0,0.0784,-19.0,2637000,2944030,2492152,0.167
2857,AXIA,Utilities,Utilities - Renewable,NYSE,92.34,51,78,84,92,9.74,22040466224.56788,2249027122.0,0.0054,-28.06,2051433,2024071,2412886,0.221
2858,BIRK,Consumer Cyclical,Footwear & Accessories,NYSE,92.34,51,27,26,38,43.95,7786582439.101837,183906056.0,0.1656,-23.16,2351372,2878517,2529172,0.077
2859,BACC,Financial Services,Shell Companies,NASDAQ,92.33,51,51,49,52,10.43,292484226.04667187,27962163.0,0.00029999999,-0.67,77084,60398,41044,
2860,CHSCM,Consumer Defensive,Farm Products,NASDAQ,92.33,51,55,57,54,24.89,,,1.17,-2.01,21557,19792,24097,0.072
2861,NIO,Consumer Cyclical,Auto Manufacturers,NYSE,92.32,51,76,81,41,5.18,13430375572.462639,2505667022.0,0.0721,-35.41,36119342,40095770,38846386,1.122
2862,AIRT,Industrials,Conglomerates,NASDAQ,92.32,51,39,67,32,22.27,58052684.48283005,2702639.0,0.0207,-16.59,860,1006,1284,-0.087
2863,UMBFO,Financial Services,Banks - Regional,NASDAQ,92.32,51,57,59,59,26.36,,,1.32,-6.02,13578,9619,17253,0.49
2864,HPF,Financial Services,Asset Management,NYSE,92.32,51,54,54,49,15.76,343165647.9091358,21650829.0,2.43,-8.0,47381,41560,38276,0.013
2865,ANSC,Financial Services,Shell Companies,NASDAQ,92.31,51,51,55,55,11.41,472392079.93529606,41547237.0,0.0001,0.09,80941,77200,48514,
2866,RCAT,Industrials,Aerospace & Defense,NASDAQ,92.31,51,74,96,35,10.9,1905410420.6184464,150268957.0,0.2101,-41.96,25156884,15577348,13978136,8.491
2867,CWK,Real Estate,Real Estate Services,NYSE,92.31,51,39,38,73,13.22,3132597725.036435,234300505.0,0.041100003,-24.02,2135161,1897583,1697482,0.11
2868,VOC,Energy,Oil & Gas E&P,NYSE,92.31,51,70,82,34,2.94,48619998.21662903,17000000.0,0.0015,-23.44,76986,94575,100223,-0.165
2869,VOXR,Basic Materials,Other Precious Metals & Mining,NASDAQ,92.3,51,88,91,92,4.68,347264797.211607,68901746.0,0.0175,-30.15,437426,428812,402247,4.983
2870,IBO,Healthcare,Biotechnology,NYSE ARCA,92.3,51,72,27,14,0.57,61134634.94362301,107821231.0,0.066700004,-70.77,92258,65606,91021,
2871,CLWT,Industrials,Pollution & Treatment Controls,NASDAQ,92.3,51,34,43,29,1.31,9116100.861362457,7411464.0,0.0067000003,-19.63,2420045,810765,487111,-0.092
2872,AVNT,Basic Materials,Specialty Chemicals,NYSE,92.29,51,40,52,21,34.97,3112642942.0352516,91710167.0,0.0277,-22.03,683769,744139,660003,0.025
2873,COLA,Financial Services,Shell Companies,NASDAQ,92.27,51,53,55,52,10.65,48135441.86144924,4494439.0,0.0058,-4.48,58794,69888,42846,
2874,AXIN,Financial Services,Shell Companies,NASDAQ,92.26,51,47,50,47,10.37,282755333.6695776,27266667.0,0.03,-0.77,299538,203309,123635,
2875,SLI,Basic Materials,Other Industrial Metals & Mining,NYSE ARCA,92.25,51,87,92,98,3.28,846190986.816864,243859072.0,2.45,-48.75,1525024,1674201,1726540,
2876,NPFD,Financial Services,Asset Management,NYSE,92.24,51,54,62,58,18.76,452111055.9870682,24164141.0,0.0019,-6.76,49027,54042,50629,0.068
2877,P,Technology,Computer Hardware,NYSE,92.23,51,75,45,62,66.53,23971452822.490417,332152604.0,0.0436,-33.86,4893933,3869901,3349030,
2878,UMH,Real Estate,REIT - Residential,NYSE,92.22,51,40,37,42,15.34,1299636155.192995,85166195.0,0.0001,-12.04,625406,762815,707889,0.076
2879,REGCP,Real Estate,REIT - Retail,NASDAQ,92.21,51,49,50,53,23.3,,,0.56,-5.86,3568,4469,4473,0.1
2880,FTAIN,Industrials,Aerospace & Defense,NASDAQ,92.21,51,53,58,56,24.97,,,0.89,-3.55,10215,22728,18025,0.655
2881,SPH,Utilities,Utilities - Regulated Gas,NYSE,92.21,51,59,69,47,19.13,1277103847.25,66343057.0,0.007900001,-8.03,130599,155913,132927,-0.062
2882,SYF,Financial Services,Credit Services,NYSE,92.21,51,48,38,81,69.56,23828466711.455383,336370242.0,0.08140001,-21.64,3633331,3737247,3758910,0.061
2883,FSHP,Financial Services,Shell Companies,NASDAQ,92.2,51,51,55,53,11.02,55381199.640499115,5025517.0,0.00029999999,-8.17,72990,26376,16178,
2884,FVN,Financial Services,Shell Companies,NASDAQ,92.18,51,51,55,52,10.87,81852402.87780762,7544000.0,0.0001,0.18,1612,3647,10796,
2885,HTZ,Industrials,Rental & Leasing Services,NASDAQ,92.16,50,43,23,43,4.98,1607241470.2518425,315764523.0,0.396,-41.0,5700926,8619322,11495311,0.105
2886,NL,Industrials,Security & Protection Services,NYSE,92.16,50,34,41,25,6.01,294370377.74733067,48898734.0,0.0123000005,-30.12,98586,87425,62251,0.007
2887,LNC,Financial Services,Insurance - Life,NYSE,92.16,50,34,31,82,36.21,6642746784.725002,191213197.0,0.0002,-22.66,1639667,1815315,1755377,0.125
2888,REGCO,Real Estate,REIT - Retail,NASDAQ,92.16,50,49,51,50,22.3,,,1.12,-8.0,4166,4038,4039,0.1
2889,PFD,Financial Services,Asset Management,NYSE,92.16,50,49,52,57,11.41,146904730.43228912,12852557.0,0.4,-6.17,24126,23458,20521,-0.009
2890,EFSCP,Financial Services,Banks - Regional,NASDAQ,92.15,50,60,62,50,19.8,,,0.010199999,-17.77,1872,2444,2472,0.126
2891,VNET,Technology,Information Technology Services,NASDAQ,92.14,50,33,70,83,8.8,2516674167.5604973,284691643.0,0.24120001,-39.23,8123535,10203741,8135455,0.198
2892,VACI,Financial Services,Shell Companies,NYSE,92.13,50,48,47,44,10.22,322664676.07508755,31326667.0,0.00029999999,-2.57,327392,317500,300408,
2893,ONBPP,Financial Services,Banks - Regional,NASDAQ,92.13,50,50,55,53,24.75,,,0.37,-3.32,13949,23986,21679,0.462
2894,QSEAU,Financial Services,Shell Companies,NASDAQ,92.13,50,58,52,49,10.71,,,11.0,-7.19,1220,530,326,
2895,YHNAU,Financial Services,Shell Companies,NASDAQ,92.12,50,57,49,52,10.83,,,0.15,-10.2,617,345,207,
2896,IRT,Real Estate,REIT - Residential,NYSE,92.11,50,38,33,33,16.98,3917578212.6596336,235714682.0,0.060399998,-9.39,3353746,2699742,2539455,0.023
2897,GCT,Technology,Software - Infrastructure,NASDAQ,92.1,50,83,93,95,31.71,1148067042.8220634,36411894.0,0.1402,-38.85,783456,817958,780173,0.322
2898,GBDC,Financial Services,Asset Management,NASDAQ,92.1,50,47,35,41,13.21,3396857150.3028975,260495181.0,0.052699998,-15.48,1094422,1309677,1660572,-0.12
2899,HPS,Financial Services,Asset Management,NYSE,92.1,50,53,59,45,14.33,465483427.2600126,32168861.0,3.22,-8.61,66704,52784,56734,0.011
2900,HIX,Financial Services,Asset Management,NYSE,92.1,50,44,54,51,3.92,353073266.15177345,90069709.0,0.34,-10.91,377372,407980,377830,-0.081
2901,NMRK,Real Estate,Real Estate Services,NASDAQ,92.09,50,61,43,74,14.98,2593679884.4206953,177527717.0,0.029000001,-24.48,1371005,1472621,1412009,0.272
2902,MSEX,Utilities,Utilities - Regulated Water,NASDAQ,92.08,50,39,40,37,53.72,993980418.8370705,18624329.0,0.0548,-13.61,110693,115264,145870,0.1
2903,SMG,Basic Materials,Agricultural Inputs,NYSE,92.07,50,41,63,37,59.38,3355352200.2556915,58181937.0,0.1197,-17.93,1010850,1028093,992516,0.05
2904,LB,Energy,Oil & Gas Equipment & Services,NYSE,92.05,50,59,76,22,65.86,1956540980.1365662,27839229.0,0.122700006,-23.06,345310,377196,344178,0.161
2905,AEXA,Financial Services,Shell Companies,NYSE,92.04,50,50,56,53,11.2,557422269.421318,49460714.0,0.011,-5.96,102399,123539,101655,
2906,CHAR,Financial Services,Shell Companies,NASDAQ,92.04,50,52,54,52,10.74,115358422.2179203,10671454.0,0.64,-4.96,5227,8039,9091,
2907,CHSCN,Consumer Defensive,Farm Products,NASDAQ,92.03,50,53,58,55,25.09,,,1.37,-2.68,26426,18618,20423,0.072
2908,RFAIU,Financial Services,Shell Companies,NASDAQ,92.03,50,46,53,55,11.03,,,,-18.3,2070,716,430,
2909,WIW,Financial Services,Asset Management,NYSE,92.03,50,51,56,51,8.46,517617784.4339895,61184135.0,0.26,-6.31,285196,246178,244177,0.243
2910,NMPAU,Financial Services,Shell Companies,NASDAQ,92.02,50,51,51,53,10.4,,,0.08,-8.85,70,203,302,
2911,PGP,Financial Services,Asset Management,NYSE,92.02,50,62,63,71,8.36,98842915.83575535,11587681.0,0.9,-11.16,41222,42534,35622,0.001
2912,BRT,Real Estate,REIT - Residential,NYSE,92.01,50,48,36,30,14.97,275558771.26213074,18822320.0,0.0148,-10.31,27599,26569,39879,-0.009
2913,MUA,Financial Services,Asset Management,NYSE,92.01,50,50,57,44,10.71,536782384.1764641,50354821.0,0.0011,-9.16,94626,105608,108931,-0.021
2914,HPI,Financial Services,Asset Management,NYSE,92.01,50,52,54,53,15.98,429746110.5289459,26792150.0,1.17,-9.26,51342,54837,59632,0.012
2915,WKEY,Technology,Semiconductors,NASDAQ,92.0,50,72,68,85,7.21,87101149.15726948,11378334.0,0.061300002,-63.59,126821,150760,132244,1.089
2916,ULH,Industrials,Trucking,NASDAQ,92.0,50,12,21,9,17.58,453822357.96782684,26369691.0,0.0942,-42.85,54537,94399,78029,-0.039
2917,PLUT,Financial Services,Capital Markets,NASDAQ,91.98,50,15,60,50,3.1,47769199.82433319,15350000.0,0.0008,-26.01,2783,7767,6458,-0.204
2918,TDAC,Financial Services,Shell Companies,NASDAQ,91.98,50,49,53,51,10.72,235286544.98577118,21907500.0,0.02,-0.74,221726,188365,113535,
2919,FRMEP,Financial Services,Banks - Regional,NASDAQ,91.98,50,54,57,56,25.1,,,1.1,-7.35,1209,1639,1241,-0.025
2920,APACU,Financial Services,Shell Companies,NASDAQ,91.98,50,52,51,46,10.34,,,0.46,-2.13,840,426,496,
2921,TTAM,Basic Materials,Building Materials,NYSE,91.97,50,40,61,73,15.67,2888959840.61574,184362465.0,0.1224,-19.31,361856,272888,244193,0.015
2922,RBA,Industrials,Specialty Business Services,NYSE,91.97,50,34,39,41,105.64,19466486602.020264,186300000.0,0.0789,-11.66,874498,1042209,1053575,0.114
2923,IMXI,Technology,Software - Infrastructure,NASDAQ,91.95,50,65,75,67,14.67,449912649.6599312,30094492.0,0.0435,-8.03,463588,697826,557751,-0.149
2924,NXP,Financial Services,Asset Management,NYSE,91.94,50,51,57,48,14.31,735893172.0610619,52006586.0,0.00090000004,-2.32,134306,125202,138937,0.16
2925,CHSCO,Consumer Defensive,Farm Products,NASDAQ,91.94,50,52,55,49,26.35,,,0.7,-3.66,19094,17918,20750,0.072
2926,ELS,Real Estate,REIT - Residential,NYSE,91.94,50,48,66,41,64.32,12107521492.975044,193937553.0,0.0464,-6.78,1633005,1487771,1425095,0.012
2927,HBANL,Financial Services,Banks - Regional,NASDAQ,91.93,50,54,53,56,25.11,,,1.69,-4.98,12797,14279,19931,0.336
2928,KIO,Financial Services,Asset Management,NYSE,91.93,50,41,43,41,11.25,461492967.2807598,40985165.0,0.81,-12.31,138790,170533,176776,
2929,JMIA,Consumer Cyclical,Internet Retail,NYSE,91.93,50,67,89,98,6.91,809996097.3753977,123852615.0,0.0494,-53.06,2135169,2655056,2510385,0.394
2930,TLNCU,Financial Services,Shell Companies,NASDAQ,91.93,50,47,50,52,10.45,,,2.47,-12.84,1088,416,665,
2931,SNSE,Healthcare,Biotechnology,NASDAQ,91.93,50,97,99,32,11.41,19659435.138090134,1341941.0,0.8643,-68.96,52704,38458,39892,
2932,QSEA,Financial Services,Shell Companies,NASDAQ,91.91,50,49,53,48,10.49,119803950.0,11409900.0,0.0002,-3.36,161410,117513,71792,
2933,DTF,Financial Services,Asset Management,NYSE,91.91,50,50,55,51,11.44,80347952.9552536,7029567.0,0.0026,-1.38,7816,9935,11615,-0.052
2934,VSEC,Industrials,Aerospace & Defense,NASDAQ,91.89,50,57,84,79,173.18,5065999296.621094,28057152.0,0.09060001,-25.55,406069,474229,496647,0.268
2935,WHLRD,Real Estate,REIT - Retail,NASDAQ,91.88,50,50,61,74,36.84,,,7.93,-12.29,310,560,528,-0.014
2936,YHNA,Financial Services,Shell Companies,NASDAQ,91.88,50,50,56,55,10.86,46544014.58858013,4285821.0,0.0001,-4.74,10,676,498,
2937,ADC,Real Estate,REIT - Retail,NYSE,91.87,50,55,68,41,75.53,8816751319.019806,120102859.0,0.0001,-7.98,1286713,1100094,1093974,0.187
2938,KMX,Consumer Cyclical,Auto & Truck Dealerships,NYSE,91.86,50,22,24,10,48.5,6686846928.6512375,141820715.0,0.1372,-32.63,3170648,2881002,3279577,-0.012
2939,METCB,Basic Materials,Coking Coal,NASDAQ,91.86,50,27,46,43,11.25,779491363.9662237,65174863.0,0.0067000003,-48.51,33374,31648,27392,-0.097
2940,LFMD,Healthcare,Health Information Services,NASDAQ,91.86,50,39,32,7,4.97,236492667.4429083,48362510.0,0.1447,-68.62,928926,965298,1071035,-0.014
2941,MKLYU,Financial Services,Shell Companies,NASDAQ,91.85,50,46,49,48,10.33,,,1.6,-9.47,60,453,366,
2942,NMZ,Financial Services,Asset Management,NYSE,91.85,50,48,54,46,10.27,1196151125.118187,117500107.0,0.0028,-4.64,817383,781687,628248,
2943,SIMA,Financial Services,Shell Companies,NASDAQ,91.85,50,53,55,52,10.87,89180872.88546562,8219435.0,0.0042,-15.74,17548,19409,90427,
2944,WAFDP,Financial Services,Banks - Regional,NASDAQ,91.84,50,55,54,58,16.26,,,1.39,-7.03,22409,16479,15881,0.092
2945,KHC,Consumer Defensive,Packaged Foods,NASDAQ,91.84,50,33,34,32,24.05,26774858975.572346,1185777638.0,0.098500006,-17.61,15127801,15016240,14273700,0.008
=======
1,BVC,Technology,Software - Application,NASDAQ,554.92,99,99,99,26,11.79,1696800064.086914,168000000.0,0.0005,-21.42,71838,25859,16493,
2,JLHL,Industrials,Building Products & Equipment,NASDAQ,522.53,99,99,88,17,28.6,960898697.2359924,21448632.0,0.018099999,-44.11,53968,76149,124511,0.854
3,ANL,Healthcare,Biotechnology,NASDAQ,491.72,99,99,99,20,10.84,640759470.8170681,64397938.0,0.052800003,-37.16,130038,230796,404317,1.781
4,BW,Industrials,Specialty Industrial Machinery,NYSE,455.07,99,99,99,99,15.49,2435014818.0044403,148839531.0,0.0955,-29.69,3146153,3744071,3525044,0.443
5,OPTX,Technology,Electronic Components,NASDAQ,445.08,99,98,99,47,11.63,457176630.66555405,40279878.0,0.0731,-15.39,1159544,1315851,1303930,-0.079
6,NTCL,Technology,Software - Application,NASDAQ,442.79,99,11,2,4,2.8,125880092.6833992,59942904.0,0.0023,-9.39,18600852,7476420,4589028,-0.029
7,AAOI,Technology,Communication Equipment,NASDAQ,440.9,99,99,99,78,162.88,14202969759.0,80242767.0,0.120699994,-30.29,14689442,12792760,12712546,0.514
8,BBGI,Communication Services,Broadcasting,NASDAQ,426.18,99,99,13,42,20.93,38139514.805942535,1808417.0,0.0908,-20.63,32102,35184,1571454,-0.129
9,AGL,Healthcare,Medical Care Facilities,NYSE,425.46,99,99,10,4,102.16,1615824648.6425629,16683786.0,0.0614,3.05,252554,488778,462793,-0.073
10,MU,Technology,Semiconductors,NASDAQ,418.17,99,99,98,95,935.89,974373508417.5378,1127734051.0,0.0313,-14.08,57569991,54272367,50587460,1.963
11,NUAI,Technology,Software - Infrastructure,NASDAQ,417.65,99,99,99,99,4.6,491260991.14014435,101290928.0,0.073699996,-51.3,8995717,7076845,6786353,1.458
12,MXL,Technology,Semiconductors,NASDAQ,399.61,99,99,71,69,72.61,7246058838.316452,89545959.0,0.047,-31.68,5284034,5835424,5225022,0.43
13,BE,Industrials,Electrical Equipment & Parts,NYSE,396.36,99,99,99,98,259.61,74982243876.82178,284443868.0,0.1166,-19.58,10567764,10791301,10513512,1.304
14,STI,Industrials,Electrical Equipment & Parts,NASDAQ,395.74,99,32,27,77,20.47,276675841.93518066,7745684.0,0.024,-55.5,15755507,5293849,3212821,
15,ERAS,Healthcare,Biotechnology,NASDAQ,394.3,99,99,99,96,13.41,3722485050.7818317,310984542.0,0.113299996,-44.77,6352544,7188281,7162530,
16,CLYM,Healthcare,Biotechnology,NASDAQ,392.12,99,99,99,97,11.14,604124903.5720549,57263023.0,0.051599998,-10.74,1587342,1173760,923628,
17,WDC,Technology,Computer Hardware,NASDAQ,380.01,99,99,99,98,517.72,176380740496.07455,344682131.0,0.097399995,-14.08,6869777,7681495,7451219,0.455
18,BAND,Technology,Software - Infrastructure,NASDAQ,363.22,99,99,52,27,63.36,2311649467.690933,32017307.0,0.0315,-16.08,1221424,1362741,1001748,0.198
19,LESL,Consumer Cyclical,Specialty Retail,NASDAQ,362.17,99,10,2,2,8.18,43334245.31110382,9359448.0,0.2755,-43.19,520110,1927356,1225784,-0.16
20,LITE,Technology,Communication Equipment,NASDAQ,358.36,99,99,99,99,821.76,67192745910.64453,77800000.0,0.1302,-24.31,6565576,6364622,6144121,0.901
21,QTTB,Healthcare,Biotechnology,NASDAQ,355.21,99,96,99,89,11.89,222298594.8284769,16956415.0,0.0777,-19.93,2912584,1143211,841814,
22,AEHR,Technology,Semiconductor Equipment & Materials,NASDAQ,352.11,99,99,97,91,94.31,3096572760.3122864,31453254.0,0.1608,-22.57,2143510,2571700,3365646,-0.437
23,TNGX,Healthcare,Biotechnology,NASDAQ,339.76,99,99,99,98,31.56,2924782096.718113,144647982.0,0.2228,11.09,5062795,3721185,3384793,
24,DOCN,Technology,Software - Infrastructure,NYSE,336.27,99,99,95,83,168.33,17728342916.879272,104364181.0,0.1557,-8.74,3019373,3748577,4277608,0.224
25,OCC,Technology,Communication Equipment,NASDAQ,328.92,99,96,90,97,21.01,109019637.19055653,8863385.0,0.0427,29.53,2536955,1036805,712119,0.044
26,STX,Technology,Computer Hardware,NASDAQ,325.33,99,99,98,97,846.01,191741874118.04004,226252116.0,0.0476,-12.49,3182841,4275827,3972418,0.441
27,VSH,Technology,Semiconductors,NYSE,324.61,99,96,68,36,58.58,7785253408.240505,136105827.0,0.10560001,-11.56,10483950,7306503,5485064,0.173
28,RILYP,Financial Services,Financial Conglomerates,NASDAQ,317.2,99,97,98,20,16.82,,,0.68,-4.0,10467,19319,17505,1.134
29,EVC,Communication Services,Advertising Agencies,NYSE,316.58,99,99,81,87,9.18,807183650.732193,92039180.0,0.056900002,-9.29,2279240,4306006,2706606,1.144
30,VICR,Technology,Electronic Components,NASDAQ,316.3,99,99,98,94,283.48,12354384942.769562,45581407.0,0.0759,-21.67,763663,869277,866438,0.202
31,BNAI,Technology,Software - Infrastructure,NASDAQ,311.83,99,99,99,8,19.18,144275421.28649712,6507687.0,0.1104,-77.77,1489226,711352,724331,9.431
32,RILYL,Financial Services,Financial Conglomerates,NASDAQ,308.93,99,98,98,17,16.75,,,0.89,-7.36,5427,12165,12069,1.134
33,VPG,Technology,Scientific & Technical Instruments,NYSE,308.64,99,94,86,87,122.66,1563000538.4140015,13301000.0,0.0748,-9.95,589112,603717,448020,0.176
34,AFJKU,Financial Services,Shell Companies,NASDAQ,307.82,99,98,94,99,48.85,,,35.44,-38.94,1560,530,368,
35,HYLN,Consumer Cyclical,Auto Parts,NYSE ARCA,307.81,99,86,76,50,6.34,1230457973.0066109,178327240.0,0.093,-20.45,6985849,5350689,3537611,4.791
36,ANRO,Healthcare,Biotechnology,NYSE,305.87,99,99,99,99,21.15,640815352.4323654,35093940.0,0.054899998,-25.64,347763,335354,346262,
37,SLGL,Healthcare,Biotechnology,NASDAQ,303.12,99,99,99,99,76.22,254915929.1537857,3268991.0,0.0238,-22.2,41959,31533,43459,-0.895
38,LWLG,Basic Materials,Specialty Chemicals,NASDAQ,302.3,99,99,99,97,9.41,1562367521.3790436,154079632.0,0.0889,-49.71,6422252,8468624,8516714,0.273
39,ABVX,Healthcare,Biotechnology,NASDAQ,301.31,99,99,99,99,102.72,8091386041.266632,79694535.0,0.0315,-30.98,4639531,2193283,1667122,0.352
40,HUT,Financial Services,Capital Markets,NASDAQ,299.66,99,99,96,91,112.65,12637562890.353027,112594112.0,0.1532,-19.99,4197681,4951307,4947272,2.255
41,DMRA,Healthcare,Biotechnology,NASDAQ,298.78,99,99,99,99,20.96,1293232620.028408,61553194.0,0.024500001,-45.31,403103,361287,314090,
42,INTC,Technology,Semiconductors,NASDAQ,298.12,99,99,93,91,107.92,498428410797.11914,5026000000.0,0.028099999,-18.7,124767565,141677308,135266119,0.072
43,MRVL,Technology,Semiconductors,NASDAQ,294.91,99,96,75,66,266.88,230483557067.8711,874800000.0,0.0431,-17.68,75957010,41393003,37396562,0.276
44,AFJK,Financial Services,Shell Companies,NASDAQ,292.08,99,97,93,98,43.0,127919817.63143921,3166332.0,0.0023999999,-67.02,1131,3277,20248,
45,VATE,Industrials,Engineering & Construction,NYSE,291.78,99,96,26,18,16.63,258922610.43524933,13641866.0,0.0448,-15.11,76787,64785,65495,0.33
46,TLYS,Consumer Cyclical,Apparel Retail,NYSE,288.36,99,98,90,30,5.31,156405598.08912277,30488420.0,0.044299997,-10.0,787231,373737,418094,0.053
47,RXT,Technology,Software - Infrastructure,NASDAQ,288.35,99,99,88,12,4.66,1172591838.7808323,249222499.0,0.203,-39.08,16249604,31627984,21634234,0.019
48,CHRN,Technology,Information Technology Services,NASDAQ,286.44,99,97,98,37,18.79,2723067138.6844273,143093381.0,0.84,-21.71,470559,362073,242685,
49,SLS,Healthcare,Biotechnology,NASDAQ,283.65,99,97,99,91,7.68,1618285994.008751,196632574.0,0.3081,-19.24,9853491,9260440,7608424,
50,KEEL,Technology,Information Technology Services,NASDAQ,282.47,99,97,89,93,5.42,3097641048.732705,603828651.0,0.11270001,-17.88,60391968,44174379,39614123,-0.224
51,ORKA,Healthcare,Biotechnology,NASDAQ,274.5,99,99,98,96,66.93,3627169717.328415,60312101.0,0.158,-26.45,1105704,1819974,1720338,
52,ICHR,Technology,Semiconductor Equipment & Materials,NASDAQ,273.25,99,99,97,26,71.6,2193486298.90971,34867053.0,0.053000003,-8.21,1114958,1147006,968473,0.047
53,PENG,Technology,Information Technology Services,NASDAQ,266.87,99,95,31,32,61.69,3146251030.100174,52560157.0,0.2675,-15.77,3445906,3603612,2861347,-0.062
54,RLMD,Healthcare,Biotechnology,NASDAQ,266.77,99,99,99,99,6.27,624096806.8437777,104890223.0,0.0556,-21.63,1075602,1011380,1177406,
55,GRDX,Healthcare,Biotechnology,NASDAQ,264.2,99,86,55,71,6.37,42247438.365507126,6653140.0,0.0097,-8.07,156400,142360,130364,
56,SYRE,Healthcare,Biotechnology,NASDAQ,263.65,99,99,95,95,76.44,6395858415.959236,86841253.0,0.1531,-3.9,1071578,1107386,1218053,
57,MRAM,Technology,Semiconductors,NASDAQ,262.54,99,99,81,86,23.28,554769668.2421837,23447577.0,0.127,-54.8,3472446,5871785,3712439,0.132
58,RLYB,Healthcare,Biotechnology,NASDAQ,262.23,99,99,97,84,15.91,92509998.8937378,5800000.0,0.1314,-9.47,89037,459605,299433,0.0
59,NBTX,Healthcare,Biotechnology,NASDAQ,261.66,99,99,99,99,34.34,1798317648.9099655,50713979.0,0.0023,-39.9,44863,83201,77416,
60,TSEM,Technology,Semiconductors,NASDAQ,261.33,98,98,96,97,228.08,27925856682.203705,118591206.0,0.0295,-24.69,1956109,2290523,2509987,0.155
61,UCTT,Technology,Semiconductor Equipment & Materials,NASDAQ,259.58,98,98,97,41,91.88,3679062834.9594727,44828352.0,0.0879,-3.23,1360096,1187658,1080785,0.029
62,CVGI,Consumer Cyclical,Auto Parts,NASDAQ,257.01,98,98,94,30,5.16,161572800.4091339,33943864.0,0.0149,-12.24,427212,532654,521260,0.01
63,DELL,Technology,Computer Hardware,NYSE,256.58,98,94,83,67,381.78,256183246225.09045,649568287.0,0.0708,-18.68,17003028,10004286,8821981,0.875
64,PRAX,Healthcare,Biotechnology,NASDAQ,256.14,98,99,99,99,250.33,7081208596.0,27878774.0,0.1333,-31.7,631869,474056,439863,
65,SIF,Industrials,Aerospace & Defense,NYSE ARCA,256.13,98,99,98,91,20.07,127083879.0513916,6254128.0,0.0167,-10.8,70889,93423,82605,0.39
66,TTMI,Technology,Electronic Components,NASDAQ,255.85,98,98,97,97,173.86,17407346382.499634,103850059.0,0.048499998,-13.36,2967063,2737384,2345536,0.304
67,VIAV,Technology,Communication Equipment,NASDAQ,254.99,98,99,97,91,46.43,11732369710.091183,246685647.0,0.0834,-23.17,7044059,7223656,6670153,0.428
68,EQ,Healthcare,Biotechnology,NASDAQ,254.55,98,97,98,93,2.7,185886078.25785255,63226556.0,0.052600004,-21.74,1926079,816216,656331,
69,VELO,Technology,Computer Hardware,NASDAQ,253.76,98,92,98,97,19.43,472345893.0681801,29801002.0,0.2038,-26.68,3147971,3180313,2987652,0.482
70,CIEN,Technology,Communication Equipment,NYSE,252.95,98,99,98,97,439.34,69107550840.06134,141552922.0,0.0505,-31.09,4099666,2688445,2659099,0.395
71,KOD,Healthcare,Biotechnology,NASDAQ,252.68,98,99,99,99,31.06,1943060545.3064384,62578441.0,0.2587,-35.08,773128,671049,850681,
72,SVCO,Technology,Software - Application,NASDAQ,252.3,98,97,64,16,11.41,377886707.678422,33441301.0,0.074,-19.31,862842,574220,470460,0.26
73,AIP,Technology,Semiconductors,NASDAQ,252.23,98,98,87,93,33.76,1582775486.5977173,46171982.0,0.0448,-13.41,1008939,1122496,903041,0.387
74,TE,Industrials,Electrical Equipment & Parts,NYSE,252.01,98,97,99,99,8.46,2633529198.6268616,279271380.0,0.236,-32.27,42614985,37291028,30334855,2.323
75,NCEW,Industrials,Integrated Freight & Logistics,NASDAQ,251.35,98,96,90,9,19.65,66240002.44140625,3200000.0,0.015800001,-5.68,2043,2991,4030,-0.156
76,SIDU,Industrials,Aerospace & Defense,NASDAQ,251.25,98,97,91,20,3.77,409843049.03360367,97349892.0,0.097399995,-44.48,32005456,25234435,28385011,0.507
77,QUIK,Technology,Semiconductors,NASDAQ,250.8,98,98,91,45,19.7,354480000.0,17724000.0,0.0785,-19.03,519958,688876,555363,0.168
78,ALTO,Basic Materials,Specialty Chemicals,NASDAQ,250.31,98,99,98,96,5.26,420749232.76863813,77486049.0,0.0196,-12.33,2533909,2352039,1966433,-0.008
79,SIMO,Technology,Semiconductors,NASDAQ,249.06,98,98,93,82,259.75,8771957328.414001,33907835.0,0.0214,-17.37,1147510,1334686,1031094,1.055
80,PIII,Healthcare,Medical Care Facilities,NASDAQ,245.53,98,40,8,10,12.54,38513435.38625717,3325858.0,0.1117,-25.75,155603,2633441,1588838,0.038
81,ASTI,Technology,Solar,NASDAQ,245.04,98,92,97,95,6.82,61029169.34528828,9461887.0,0.1184,-30.9,3926129,2083209,1962073,2.325
82,ALMS,Healthcare,Biotechnology,NASDAQ,244.56,98,98,99,98,20.01,2429997070.711937,127491980.0,0.1585,-34.61,1185971,985007,1225992,-0.9
83,AMD,Technology,Semiconductors,NASDAQ,243.13,98,97,84,90,475.51,760479533978.7372,1630600639.0,0.0275,-12.98,31517095,38365508,38884947,0.378
84,NVTS,Technology,Semiconductors,NASDAQ,242.1,98,99,95,94,22.85,6026083137.508514,240274448.0,0.1877,-33.13,39278496,38059222,35602303,-0.387
85,STRL,Industrials,Engineering & Construction,NASDAQ,241.94,98,98,94,91,842.01,27078206163.46936,30685954.0,0.066,-16.27,756432,738944,632564,0.916
86,PL,Industrials,Aerospace & Defense,NYSE,241.5,98,99,99,99,31.17,11482989210.170288,356393196.0,0.1148,-39.78,18742930,12493600,12967564,0.421
87,BRUN,Technology,Software - Infrastructure,NASDAQ,241.42,98,93,54,64,29.15,1790031522.8669128,61428674.0,3.05,-30.6,2682482,1830700,1382694,2.479
88,ELA,Consumer Cyclical,Luxury Goods,NYSE ARCA,241.15,98,97,91,95,24.87,611180248.8102722,25963476.0,0.0194,-13.94,117915,124868,102473,1.039
89,ENLT,Utilities,Utilities - Renewable,NASDAQ,240.25,98,98,98,95,97.75,12711295005.774857,139715262.0,0.0041,-10.03,309681,221497,186964,0.426
90,ROLR,Consumer Cyclical,Gambling,NYSE ARCA,238.32,98,96,93,7,7.46,69433686.8731327,10968987.0,0.0596,-77.85,1606686,796972,2724351,-0.503
91,IPSC,Healthcare,Biotechnology,NASDAQ,237.17,98,98,99,33,2.21,384155763.8099699,180354809.0,0.0682,-27.3,1139468,826289,982013,
92,HYMC,Basic Materials,Gold,NASDAQ,236.16,98,99,99,99,24.85,2414660712.311043,91360601.0,0.1612,-57.69,1972289,2161029,2196653,
93,POWL,Industrials,Electrical Equipment & Parts,NASDAQ,235.95,98,98,96,88,283.51,10378283672.741089,36431649.0,0.12529999,-13.56,555445,687025,653081,0.065
94,TRT,Technology,Semiconductor Equipment & Materials,NYSE ARCA,232.41,98,98,94,94,10.01,105676657.62117481,10112599.0,0.118599996,-53.18,822365,1191961,1580013,1.236
95,OVID,Healthcare,Biotechnology,NASDAQ,232.19,98,99,98,98,2.42,447936262.59938717,186640102.0,0.0623,-22.06,1566437,1709889,2309357,
96,PUSA,Consumer Cyclical,Leisure,NASDAQ,231.45,98,95,99,98,5.08,111480155.82338715,21604682.0,0.076799996,-38.42,5968233,2486144,1728176,0.106
97,WULF,Financial Services,Capital Markets,NASDAQ,230.85,98,98,97,97,25.3,11892783480.0,495532645.0,0.262,-7.9,27062044,28155448,30476190,-0.011
98,LCUT,Consumer Cyclical,"Furnishings, Fixtures & Appliances",NASDAQ,230.52,98,94,38,31,9.15,203638117.79260254,22855008.0,0.024500001,-6.63,201534,167471,172602,0.024
99,OSS,Technology,Computer Hardware,NASDAQ,230.23,98,98,97,92,15.71,418348682.0121918,24769017.0,0.1534,-24.76,1466640,2149483,1810450,0.55
100,MAMK,Industrials,Conglomerates,NASDAQ,230.19,98,96,98,99,13.0,216125000.0,16625000.0,0.0291,-9.09,0,0,0,0.437
101,MAAS,Financial Services,Asset Management,NASDAQ,229.82,98,95,88,43,10.97,4713591594.009361,442175578.0,0.0008,-47.49,40295,58551,245733,
102,SILC,Technology,Communication Equipment,NASDAQ,229.75,98,97,81,30,43.43,217118698.74655914,5706142.0,0.0068,-17.4,154764,182681,134552,0.328
103,LIXT,Healthcare,Biotechnology,NASDAQ,228.83,98,95,88,96,6.87,121705150.0,17386450.0,0.0021,-8.4,273502,150760,106224,
104,WATT,Technology,Communication Equipment,NASDAQ,226.69,98,98,94,10,23.92,140223063.2308979,5501101.0,0.1028,-35.32,236484,399184,437124,7.985
105,FLEX,Technology,Electronic Components,NASDAQ,226.5,98,97,81,89,147.21,55660133391.30199,366377923.0,0.0184,-11.78,6091128,6663009,5376031,0.169
106,WYY,Technology,Information Technology Services,NYSE ARCA,225.57,98,92,43,88,11.65,108462378.21016216,9887181.0,0.0094,-4.9,170271,186250,124736,0.211
107,COHR,Technology,Scientific & Technical Instruments,NYSE,224.86,98,98,97,96,355.94,73754065713.24976,195639321.0,0.051999997,-19.1,6549528,6521082,6193619,0.205
108,ALAB,Technology,Semiconductors,NASDAQ,224.85,98,87,49,74,341.7,54346600720.86359,171407939.0,0.0954,-8.24,5655151,6105303,5996210,0.934
109,FCEL,Industrials,Electrical Equipment & Parts,NASDAQ,224.67,98,98,36,71,17.49,918106413.7381096,52977866.0,0.1035,-36.84,10875353,12048514,8902526,0.607
110,SUNE,Technology,Solar,NASDAQ,223.31,98,56,18,6,3.56,4659109.7603394985,4123106.0,0.0506,2.89,34332146,11690258,7117915,-0.431
111,XMAX,Consumer Cyclical,"Furnishings, Fixtures & Appliances",NASDAQ,223.27,98,98,99,99,8.29,518994970.45505524,63602326.0,0.041300002,-6.12,1009484,1479814,1243738,-0.324
112,NBIS,Communication Services,Internet Content & Information,NASDAQ,222.96,98,98,96,94,220.12,57840546955.27136,253898194.0,0.2068,-21.06,18301962,18122297,17454690,6.839
113,VSAT,Technology,Communication Equipment,NASDAQ,222.48,98,98,98,97,63.94,9174702304.217537,136568953.0,0.096099995,-28.79,3397360,2374356,2041698,0.021
114,INBX,Healthcare,Biotechnology,NASDAQ,222.43,98,99,98,99,89.1,1276539925.2010345,14671186.0,0.2672,-42.62,301594,461444,466968,
115,ABSI,Healthcare,Biotechnology,NASDAQ,221.78,98,94,23,74,6.83,997792373.2682648,155905056.0,0.2572,-7.58,5532457,5020545,4808197,-0.818
116,STM,Technology,Semiconductors,NYSE,221.51,98,96,82,40,73.32,62855521958.55377,888794130.0,0.0216,-9.95,14952566,12821565,12150729,0.23
117,CIFR,Technology,Information Technology Services,NASDAQ,221.18,98,98,97,98,23.03,9183154784.72977,409049197.0,0.16350001,-19.53,25705851,25975933,25948944,-0.288
118,MOVE,Technology,Software - Infrastructure,NASDAQ,219.81,98,97,88,26,16.7,37005958.564567566,1981047.0,0.84,-35.52,49873,66037,85399,
119,ARM,Technology,Semiconductors,NASDAQ,218.97,97,90,31,26,324.86,364895969042.16705,1064053821.0,0.1329,-24.1,13050961,12276270,10787622,0.201
120,FORM,Technology,Semiconductor Equipment & Materials,NASDAQ,217.89,97,98,97,92,120.62,9097321654.500916,77954772.0,0.0514,-24.18,1567443,2087597,1917532,0.32
121,ASX,Technology,Semiconductors,NYSE,216.37,97,97,95,89,35.08,74659972521.51352,2193945789.0,0.0098,-14.65,11742422,9702880,8637158,0.172
122,AP,Industrials,Metal Fabrication,NYSE,216.21,97,98,98,89,10.44,198385561.29234123,20326389.0,0.0374,-15.12,135652,157567,151096,0.039
123,RVMD,Healthcare,Biotechnology,NASDAQ,215.87,97,97,95,94,149.55,31725769115.94992,212596462.0,0.055,-10.18,3492938,2824516,3369397,
124,UMC,Technology,Semiconductors,NYSE,215.45,97,94,83,71,19.88,49432951362.23388,2509286774.0,0.0115,-16.08,19137615,17594835,14950221,0.055
125,VECO,Technology,Semiconductor Equipment & Materials,NASDAQ,215.31,97,96,78,80,67.19,3567407244.8148537,61033485.0,0.16399999,2.69,1416242,1554524,1436362,-0.054
126,ASYS,Technology,Semiconductor Equipment & Materials,NASDAQ,215.22,97,99,95,95,19.07,323281023.48820686,17484101.0,0.0374,-22.16,436103,355824,303818,0.314
127,FLNC,Utilities,Utilities - Renewable,NASDAQ,214.94,97,96,96,98,23.46,3042711215.634575,132811490.0,0.38189998,-29.99,16184459,14918769,10726239,0.077
128,RLAY,Healthcare,Biotechnology,NASDAQ,214.13,97,97,97,97,14.09,2946553388.4051666,217940332.0,0.17940001,-19.35,4562648,4482322,4096977,-0.609
129,SATS,Communication Services,Telecom Services,NASDAQ,214.02,97,98,98,99,116.77,33699512030.86377,289813488.0,0.36099997,-20.7,7487600,6354103,6293672,-0.052
130,TORO,Energy,Oil & Gas Midstream,NASDAQ,213.55,97,97,94,94,5.03,144837466.14969015,28852085.0,0.03,-40.82,57310,136410,591134,0.077
131,CDNL,Industrials,Engineering & Construction,NASDAQ,213.05,97,97,79,75,61.81,924613798.638855,15292984.0,0.0933,-7.57,542487,504199,478239,1.048
132,SMTC,Technology,Semiconductors,NASDAQ,212.61,97,96,92,87,157.52,14067689789.344727,93151168.0,0.068,-8.61,4131403,3498344,3112430,0.159
133,AMPG,Technology,Communication Equipment,NASDAQ,212.21,97,37,49,76,6.84,131254974.47030687,25338799.0,0.0794,12.13,7099531,5251300,3342822,0.486
134,ANTX,Healthcare,Biotechnology,NASDAQ,211.33,97,99,99,27,3.91,137581732.61566186,36016161.0,0.0278,-43.42,169663,220637,274268,
135,ASBP,Healthcare,Biotechnology,NASDAQ,210.68,97,93,1,1,5.97,6916549.757637024,1295234.0,0.0591,-82.94,186072,9134480,16258046,
136,WOLF,Technology,Semiconductors,NYSE,210.47,97,97,25,20,48.78,2661549866.2436256,48339081.0,3.16,-39.64,9099641,9966570,7364660,-0.19
137,WBX,Technology,Electronic Components,NYSE,210.36,97,95,99,99,2.8,49924668.12940788,17517428.0,0.0156,-64.24,13149,10589,15139,-0.211
138,KORE,Communication Services,Telecom Services,NYSE,209.81,97,97,98,97,9.18,161632343.30984402,17587851.0,0.012999999,-0.43,24542,21674,32750,-0.088
139,LRCX,Technology,Semiconductor Equipment & Materials,NASDAQ,209.48,97,96,95,93,327.16,379263466393.46313,1250539000.0,0.0294,-5.5,10089178,9590736,9416411,0.238
140,NRGV,Utilities,Utilities - Renewable,NYSE,209.45,97,98,95,99,4.69,975006665.6624594,178246198.0,0.133,-29.42,5475048,5307489,4577619,1.564
141,RFIL,Industrials,Electrical Equipment & Parts,NASDAQ,209.04,97,96,95,69,16.11,173460852.58075714,10814267.0,0.0188,-18.51,206091,223983,220772,-0.012
142,ACMR,Technology,Semiconductor Equipment & Materials,NASDAQ,208.41,97,94,90,89,81.33,5272362826.501625,69109487.0,0.052199997,-13.67,1842937,1771415,1492423,0.342
143,ATEX,Communication Services,Telecom Services,NASDAQ,208.28,97,96,90,20,64.55,1248359711.526352,18732889.0,0.1478,-5.5,364366,352912,343677,0.004
144,TER,Technology,Semiconductor Equipment & Materials,NASDAQ,207.64,97,97,98,94,369.21,56031134898.11096,156542162.0,0.0452,-12.53,3624324,4192241,3646500,0.87
145,PSIG,Industrials,Integrated Freight & Logistics,NASDAQ,205.35,97,93,89,67,9.72,141925752.52116394,15376572.0,0.0023999999,3.08,1150782,986634,807346,-0.373
146,COHU,Technology,Semiconductor Equipment & Materials,NASDAQ,204.6,97,96,85,69,54.99,2349804098.85548,47175347.0,0.16430001,-5.95,1917459,1617259,1398381,0.293
147,SKYT,Technology,Semiconductors,NASDAQ,203.75,97,96,98,92,35.15,1720684992.0042114,49204602.0,0.0757,-11.97,852530,1134146,1164694,1.621
148,BB,Technology,Software - Infrastructure,NYSE,203.55,97,90,25,66,8.84,5514837750.444126,586061407.0,0.0584,-19.12,57116442,38395177,29803956,0.101
149,BLDP,Industrials,Electrical Equipment & Parts,NASDAQ,203.33,97,95,79,88,4.74,1483261200.080782,301475849.0,0.0735,-27.85,10372729,11808003,8493939,0.262
150,AMBQ,Technology,Semiconductors,NYSE,203.27,97,85,22,17,76.04,1592279869.796463,21375754.0,0.048600003,-11.34,623403,789047,598866,0.593
151,CURR,Technology,Software - Application,NASDAQ,202.55,97,97,95,93,2.96,357056401.7956245,112281885.0,0.0179,-37.35,139078,214786,207275,-0.218
152,TOYO,Technology,Solar,NASDAQ,202.4,97,96,94,91,12.93,595081801.3623486,37758997.0,0.016,-25.82,770399,458566,386327,1.77
153,PRLD,Healthcare,Biotechnology,NASDAQ,201.85,97,99,98,96,3.94,303448615.112659,79645307.0,0.0736,-28.88,296836,408545,423883,
154,GTX,Consumer Cyclical,Auto Parts,NASDAQ,201.61,97,94,89,91,32.81,5982544384.503807,187188503.0,0.0365,-4.46,3163886,3382665,2741533,0.122
155,ELVR,Basic Materials,Other Industrial Metals & Mining,NASDAQ,201.41,97,98,96,96,73.63,1365269373.9172974,18121442.0,2.26,-27.46,70013,100457,101128,0.076
156,MCTA,Healthcare,Medical Care Facilities,NASDAQ,201.33,97,96,98,99,29.35,504260182.13653564,17178000.0,0.1433,-7.41,0,0,0,-0.27
157,LPTH,Technology,Electronic Components,NASDAQ,201.25,97,97,98,97,14.07,937445865.6718063,62789407.0,0.0706,-25.71,4537998,4106736,3560171,1.089
158,NOK,Technology,Communication Equipment,NYSE,200.76,97,96,91,82,13.85,80276842017.85034,5582534171.0,0.0108,-20.63,140762180,127850610,113223266,0.024
159,SATL,Industrials,Aerospace & Defense,NASDAQ,200.71,97,98,61,8,6.42,1055497953.6748095,148244097.0,0.0935,-46.5,10611629,9749816,10893633,0.803
160,SITM,Technology,Semiconductors,NASDAQ,200.57,97,98,84,90,659.52,16515967149.703857,26396828.0,0.0551,-26.87,520890,581350,498846,0.883
161,HPE,Technology,Communication Equipment,NYSE,200.54,97,85,65,75,48.27,65150814243.48711,1324203521.0,0.0583,-24.87,58474605,30297748,24138091,0.4
162,IMOS,Technology,Semiconductors,NASDAQ,200.38,97,97,94,90,58.58,2004890434.6543808,34770906.0,0.0014,-17.48,140137,113255,96787,0.254
163,PDFS,Technology,Software - Application,NASDAQ,200.12,97,96,86,85,58.74,2154094225.9425354,41867720.0,0.0538,1.03,854068,927576,736535,0.259
164,MKSI,Technology,Scientific & Technical Instruments,NASDAQ,200.08,97,96,95,90,320.96,20374686100.593353,67544129.0,0.0729,-6.1,1004045,1255358,1158883,0.152
165,KOPN,Technology,Electronic Components,NASDAQ,200.07,97,96,58,90,4.93,1011745012.248683,185301283.0,0.118999995,-25.42,8465237,12261002,9225127,0.001
166,DGXX,Utilities,Utilities - Independent Power Producers,NASDAQ,200.02,97,98,43,80,5.9,546161904.8305922,90424157.0,0.09,-35.87,11363369,17675589,11518913,-0.268
167,ARCB,Industrials,Trucking,NASDAQ,199.71,97,87,75,49,173.22,3452889558.6676025,22263780.0,0.0683,11.27,382398,349926,326159,0.033
168,AMKR,Technology,Semiconductor Equipment & Materials,NASDAQ,199.7,97,97,92,94,70.91,16099319287.653107,247872518.0,0.122200005,-10.81,5506096,5466812,4767765,0.275
169,APPS,Technology,Software - Application,NASDAQ,199.06,97,25,26,87,9.85,1087164458.4073353,120661979.0,0.105500005,0.51,15607451,7083883,5153894,0.196
170,CELC,Healthcare,Biotechnology,NASDAQ,197.76,97,99,99,99,92.59,4305087845.11084,48766288.0,0.2945,-38.69,2438133,1625531,1268812,
171,SLNHP,Financial Services,Capital Markets,NASDAQ,197.52,97,90,96,93,11.05,,,0.41,-11.6,13521,12597,16074,0.583
172,BUUU,Industrials,Specialty Business Services,NASDAQ,197.0,97,98,98,91,16.15,273631039.81018066,16695000.0,0.0027,-37.88,19904,27014,17814,0.123
173,AMPX,Industrials,Electrical Equipment & Parts,NYSE,196.39,97,98,99,98,17.42,2788639052.937069,141627170.0,0.1627,-28.09,9786467,9544469,9069027,1.529
174,MKDW,Consumer Cyclical,Auto Parts,NASDAQ,196.32,97,95,3,11,8.69,35644771.61905289,4198442.0,0.0062,-13.53,7031,13420,41192,-0.613
175,CUE,Healthcare,Biotechnology,NASDAQ,195.8,97,95,7,10,30.44,123742100.93447113,4200343.0,0.069,-26.51,79321,924720,922514,12.506
176,KLIC,Technology,Semiconductor Equipment & Materials,NASDAQ,195.72,97,96,92,76,102.64,5136995397.9687195,52332877.0,0.036,-7.35,866084,907464,791912,0.498
177,RKLB,Industrials,Aerospace & Defense,NASDAQ,195.54,97,98,96,95,108.23,68780046392.07726,624818725.0,0.0581,-28.32,24609434,27168061,26142284,0.635
178,LAR,Basic Materials,Other Industrial Metals & Mining,NYSE,195.26,96,98,97,93,8.53,1413887438.7493134,163834000.0,0.036199998,-29.21,1877763,2820854,3118846,
179,IRWD,Healthcare,Drug Manufacturers - Specialty & Generic,NASDAQ,195.13,96,98,97,98,3.22,544870364.4407454,164613406.0,0.115100004,-44.29,1986482,2474950,2208172,1.589
180,VSXY,Consumer Cyclical,Apparel Retail,NYSE,195.07,96,86,93,96,74.96,5925154711.606049,79425668.0,0.22459999,-7.78,4268942,2782797,2473176,0.153
181,LQDA,Healthcare,Drug Manufacturers - Specialty & Generic,NASDAQ,194.54,96,95,94,96,64.01,5500202787.45649,88928099.0,0.1426,-3.37,1943378,1762926,1501459,41.585
182,CRML,Basic Materials,Other Industrial Metals & Mining,NASDAQ,194.45,96,97,98,97,9.41,1430696420.5998325,146888753.0,0.2523,-70.73,8347121,12120170,13739498,0.578
183,VNCE,Consumer Cyclical,Apparel Manufacturing,NASDAQ,194.35,96,94,64,94,4.44,56399618.944701195,12847294.0,0.0034999999,-24.75,111313,188067,217622,0.047
184,HCHL,Consumer Cyclical,Restaurants,NASDAQ,194.29,96,78,3,35,4.05,126838704.25,29844401.0,0.010299999,-44.14,1471434,905504,554412,-0.457
185,ANAB,Healthcare,Biotechnology,NASDAQ,194.02,96,98,98,97,51.63,1465812402.6568832,29100902.0,0.2377,-28.65,599898,599729,733529,-0.08
186,DNTH,Healthcare,Biotechnology,NASDAQ,193.37,96,98,98,92,84.57,4401178535.609673,54666233.0,0.1354,-12.36,761220,575990,642010,-0.602
187,LUNR,Industrials,Aerospace & Defense,NASDAQ,193.35,96,97,94,76,27.47,4710879890.1723175,160452309.0,0.2331,-41.24,16517390,15144810,15803316,1.987
188,PACS,Healthcare,Medical Care Facilities,NYSE,193.28,96,94,97,98,35.2,5857660370.105072,158272376.0,0.0888,-18.29,770464,883191,845756,0.112
189,NWPX,Basic Materials,Steel,NASDAQ,192.85,96,94,89,85,123.26,1134854082.66687,9637008.0,0.0382,-0.19,157620,165840,148146,0.191
190,STRO,Healthcare,Biotechnology,NASDAQ,192.75,96,99,98,51,25.79,432322756.03844833,16570439.0,0.0722,-41.19,257932,302534,276006,-0.165
191,NGL,Energy,Oil & Gas Midstream,NYSE,191.71,96,97,95,94,15.69,1899673511.909011,124814289.0,0.0394,-16.54,428136,329965,283571,-0.133
192,CECO,Industrials,Pollution & Treatment Controls,NASDAQ,190.93,96,92,89,94,95.44,2798813758.196617,35873031.0,0.1753,3.74,1350235,1063405,808077,0.165
193,AXGN,Healthcare,Medical Devices,NASDAQ,190.53,96,95,95,96,42.87,2276010826.62854,53177824.0,0.069699995,-6.46,868014,917744,1025592,0.266
194,NDLS,Consumer Cyclical,Restaurants,NASDAQ,190.46,96,96,40,28,13.34,72472203.82381916,5892049.0,0.0254,-4.37,31619,54103,55615,-0.0
195,MTSI,Technology,Semiconductors,NASDAQ,190.26,96,96,91,86,358.72,26352559873.92755,76295774.0,0.0433,-14.37,1843605,1632841,1383783,0.225
196,MAGH,Industrials,Engineering & Construction,NASDAQ,190.15,96,94,97,98,6.76,225446007.63320923,33350000.0,0.0419,-2.59,0,0,0,-0.045
197,IREN,Financial Services,Capital Markets,NASDAQ,190.12,96,98,98,98,54.02,19423530386.58342,357378674.0,0.1472,-29.73,55898985,54136378,46485923,-0.0
198,AMAT,Technology,Semiconductor Equipment & Materials,NASDAQ,189.93,96,94,94,90,499.21,359671569137.81006,793959430.0,0.0231,-2.26,8470726,8058812,7023493,0.114
199,LGN,Industrials,Engineering & Construction,NASDAQ,189.62,96,97,89,84,85.58,13745864804.854614,164247394.0,0.059299998,-20.2,1116015,1458218,1884487,1.051
200,FIX,Industrials,Engineering & Construction,NYSE,189.24,96,97,97,94,1831.56,64877122048.41943,35183967.0,0.0295,-11.69,471990,420420,412310,0.01
201,ON,Technology,Semiconductors,NASDAQ,188.56,96,95,75,59,117.0,45591063007.23322,388803191.0,0.1241,-13.28,12172034,12974184,11766158,0.047
202,ARWR,Healthcare,Biotechnology,NASDAQ,188.53,96,98,96,99,73.33,10295239149.056183,140857021.0,0.1278,-10.86,1447757,1622892,1711189,-0.864
203,MEC,Industrials,Metal Fabrication,NYSE,188.39,96,89,61,78,34.74,847675699.5,25494006.0,0.0537,3.7,774482,555010,378738,0.068
204,OPEN,Real Estate,Real Estate Services,NASDAQ,188.13,96,96,98,99,4.34,4264135987.043564,964736632.0,0.14819999,-60.07,41495638,37396336,36111369,-0.376
205,FATN,Technology,Software - Infrastructure,NASDAQ,187.74,96,68,6,3,6.2,85969990.44497299,14024468.0,0.0223,-43.12,841698,2283076,1408103,0.904
206,ONDS,Technology,Communication Equipment,NASDAQ,186.49,96,99,99,99,9.65,5316354723.553467,509717600.0,0.3105,-36.85,99412807,76939969,69179163,10.799
207,QTEX,Technology,Computer Hardware,NASDAQ,185.66,96,8,12,64,1.6,67413447.16262579,47474260.0,0.0218,-58.44,48358678,50745032,30630133,
208,GLW,Technology,Electronic Components,NYSE,185.57,96,97,96,90,173.94,152832066539.37494,860637825.0,0.0279,-17.87,13478465,14940381,13057503,0.2
209,ARTV,Healthcare,Biotechnology,NASDAQ,184.94,96,99,96,96,7.27,332829151.66626835,48588198.0,0.014099999,-49.97,486336,602725,503165,
210,SPHR,Communication Services,Entertainment,NYSE,184.79,96,96,96,96,139.63,4993012318.5,35792203.0,0.36580002,-6.29,702260,744586,700512,0.377
211,NESR,Energy,Oil & Gas Equipment & Services,NASDAQ,184.34,96,97,96,93,24.06,2410249356.029825,100847255.0,0.0424,-11.71,1480684,1824228,1845448,0.335
212,ASRT,Healthcare,Drug Manufacturers - Specialty & Generic,NASDAQ,184.05,96,94,59,29,23.46,151473502.65117645,6462180.0,0.039100002,-0.04,272437,423765,358119,-0.625
213,MX,Technology,Semiconductors,NYSE,183.03,96,87,31,15,6.28,252535111.96451283,36440854.0,0.0105,-36.31,6553614,3862844,2833250,0.033
214,TVTX,Healthcare,Biotechnology,NASDAQ,182.64,96,92,79,94,48.57,4260005105.756321,92992905.0,0.19700001,-0.08,2150800,2338893,2501950,0.556
215,IRD,Healthcare,Biotechnology,NASDAQ,182.04,96,98,99,94,4.08,328024039.2474637,81395539.0,0.0402,-29.78,886710,961553,846340,-0.506
216,HIMX,Technology,Semiconductors,NASDAQ,181.99,96,97,72,36,18.27,3502472339.812359,174425914.0,0.056999996,-27.18,4949671,5901697,4655508,-0.075
217,DRTS,Healthcare,Biotechnology,NASDAQ,181.58,96,96,96,91,9.19,844546975.0565872,90325876.0,0.0239,-20.91,1324861,1116167,777922,
218,VSTS,Industrials,Rental & Leasing Services,NYSE,181.53,96,87,75,78,12.87,1697550354.0940895,132105082.0,0.1001,-4.81,1433069,1746209,1472935,-0.009
219,ATOM,Technology,Semiconductor Equipment & Materials,NASDAQ,181.43,96,97,85,7,8.05,319794168.86138916,38716000.0,0.1547,-34.9,1460081,2362257,2411890,1.75
220,IRDM,Communication Services,Telecom Services,NASDAQ,181.32,96,95,76,18,45.1,5007266020.371094,105727744.0,0.0627,-16.22,2444191,2179743,2468228,0.019
221,CRDO,Technology,Semiconductors,NASDAQ,180.71,96,95,83,93,234.32,38160847974.02069,184449940.0,0.0683,-4.73,10355084,7676394,7635340,1.57
222,APLD,Technology,Information Technology Services,NASDAQ,180.7,96,98,96,96,41.91,11322188829.945202,285769539.0,0.299,-17.38,21383686,22450795,24116347,1.393
223,GCTS,Technology,Semiconductors,NYSE,180.44,96,71,22,23,2.58,225981206.37697577,83081325.0,0.0714,-34.35,7761101,10045883,6479024,2.871
224,AGX,Industrials,Engineering & Construction,NYSE,180.22,96,97,97,94,613.93,9739450865.119873,14019247.0,0.0473,-21.19,415949,325903,343299,0.502
225,RXO,Industrials,Trucking,NYSE,179.94,96,84,21,21,29.12,4429759680.97937,164920312.0,0.24790001,4.64,1788046,2742562,2357897,-0.006
226,CEVA,Technology,Semiconductors,NASDAQ,179.84,96,89,22,23,43.06,1214111352.0320282,27859369.0,0.057600003,-15.98,1203581,1072890,821588,0.115
227,SANM,Technology,Electronic Components,NASDAQ,179.29,96,94,71,92,242.36,13510917136.940384,53597735.0,0.0776,-16.05,870128,980232,872651,1.023
228,FEIM,Technology,Communication Equipment,NASDAQ,179.14,96,95,96,96,66.94,672400449.6364822,9841927.0,0.1174,-12.31,176424,174074,175514,-0.108
229,DWSN,Energy,Oil & Gas Equipment & Services,NASDAQ,179.09,96,94,98,59,4.25,123590303.79228592,31052840.0,0.0188,-23.29,72246,102802,122225,1.283
230,SEDG,Technology,Solar,NASDAQ,178.82,96,84,92,88,57.8,3841885708.978546,60818202.0,0.1967,-28.86,3490839,4493106,4141445,0.415
231,KF,Financial Services,Asset Management,NYSE,178.37,96,96,93,88,68.26,272496539.3638916,4158348.0,0.21,-13.45,25340,25236,24900,0.08
232,MTRN,Basic Materials,Other Industrial Metals & Mining,NYSE,178.35,96,92,85,80,231.27,4591927813.75,20801485.0,0.0277,-0.93,325114,312218,262458,0.308
233,PODC,Communication Services,Internet Content & Information,NASDAQ,178.17,96,90,75,70,4.25,115999202.31279564,27487964.0,0.0155,-18.27,160977,196569,140373,0.248
234,SND,Energy,Oil & Gas Equipment & Services,NASDAQ,178.09,96,94,91,95,5.36,234271953.251132,42985681.0,0.028099999,-8.22,438353,337627,319462,0.42
235,NKTR,Healthcare,Biotechnology,NASDAQ,178.04,96,98,99,99,56.23,1936615343.9293213,33786032.0,0.1427,-48.41,1132850,945973,1070548,0.038
236,TWST,Healthcare,Diagnostics & Research,NASDAQ,177.81,96,89,86,32,70.06,4310420431.094788,62271314.0,0.3416,-12.97,1720709,1592123,1468697,0.193
237,ALM,Basic Materials,Other Industrial Metals & Mining,NASDAQ,177.75,95,98,99,97,15.97,4627829405.655504,283741849.0,0.94,-34.58,5823860,4807996,4988530,2.212
238,TXG,Healthcare,Health Information Services,NASDAQ,177.49,95,86,90,82,30.59,3940720222.7918625,126956189.0,0.2591,-14.18,3370373,2988564,2789964,-0.026
239,ACLS,Technology,Semiconductor Equipment & Materials,NASDAQ,177.47,95,95,68,73,164.57,4522800395.070892,30733897.0,0.1237,-4.1,542937,648879,666601,0.033
240,NRXS,Healthcare,Biotechnology,NYSE ARCA,177.26,95,98,98,54,6.8,84709332.08971024,12384405.0,0.0417,-27.12,150606,163085,164195,0.795
241,GSAT,Communication Services,Telecom Services,NASDAQ,177.26,95,96,94,97,81.01,10495009712.067162,128788931.0,0.0651,-4.36,1341804,1274231,1682026,0.167
242,FBIOP,Healthcare,Biotechnology,NASDAQ,177.11,95,90,93,77,20.2,,,0.0,-4.85,50550,31933,23584,0.063
243,INOD,Technology,Information Technology Services,NASDAQ,176.65,95,96,30,53,98.77,3329866895.1224976,32655358.0,0.0929,-21.07,1994461,2786193,2066420,0.544
244,QXL,Technology,Information Technology Services,NASDAQ,176.36,95,79,20,4,4.26,60013764.0,13336392.0,0.0007,-33.75,107384,64741,57122,-0.871
245,BELFA,Technology,Electronic Components,NASDAQ,176.28,95,95,93,91,245.49,2952176846.861435,12722707.0,0.044899996,-11.12,152491,92393,89720,0.172
246,AVNS,Healthcare,Medical Devices,NYSE,176.26,95,94,68,27,25.03,1172961028.925518,46824793.0,0.0327,-1.8,1535843,1342817,1731602,0.088
247,MYRG,Industrials,Engineering & Construction,NASDAQ,175.71,95,95,91,86,423.44,6939387960.782837,15571036.0,0.0547,-12.64,267761,306963,294824,0.2
248,SOGP,Communication Services,Internet Content & Information,NASDAQ,175.71,95,99,99,99,11.56,51842893.63846207,4174146.0,0.0221,-68.76,22563,25081,61456,0.575
249,ONTO,Technology,Semiconductor Equipment & Materials,NYSE,175.66,95,95,90,81,274.03,12597061180.329575,49743567.0,0.0279,-13.28,1159061,1208457,1068282,0.095
250,MGNX,Healthcare,Biotechnology,NASDAQ,175.48,95,94,95,18,3.91,248531816.3856666,63563123.0,0.0795,-15.73,567180,1200313,1025342,0.575
251,CENX,Basic Materials,Aluminum,NASDAQ,175.33,95,95,97,87,60.91,5950319599.924313,98974047.0,0.1192,-13.52,2057880,1733960,1818854,0.024
252,IBRX,Healthcare,Biotechnology,NASDAQ,174.85,95,97,99,19,7.25,7247689600.746767,1047353977.0,0.3418,-41.67,13331197,13794492,14567903,1.676
253,CPSH,Technology,Electronic Components,NASDAQ,174.1,95,80,88,89,6.81,129483966.51731873,19268448.0,0.0517,-52.68,4822826,2889542,1842555,-0.064
254,BELFB,Technology,Electronic Components,NASDAQ,174.01,95,95,94,93,276.04,3734313915.196594,14222707.0,0.045500003,-10.46,282301,310200,263128,0.172
255,STRZ,Communication Services,Entertainment,NASDAQ,173.92,95,94,63,27,27.27,438706093.35980415,16789365.0,0.044299997,-3.43,140067,166139,162005,-0.072
256,TH,Industrials,Specialty Business Services,NASDAQ,173.71,95,97,81,68,16.44,1604321918.0421448,99585466.0,0.1058,-13.15,1883177,1458799,1612523,0.041
257,IMMX,Healthcare,Biotechnology,NASDAQ,172.74,95,98,99,98,8.01,564536299.209435,71189951.0,0.0765,-31.01,1227729,1243829,1025695,
258,SSL,Basic Materials,Specialty Chemicals,NYSE,172.62,95,96,96,68,13.58,8587632746.780928,637537682.0,0.0076,-5.5,1477095,1478288,1947719,0.002
259,BIOA,Healthcare,Drug Manufacturers - Specialty & Generic,NASDAQ,172.51,95,97,98,98,15.8,697907915.3213139,44452734.0,0.0434,-34.17,394463,385227,408718,0.91
260,CSTM,Basic Materials,Aluminum,NYSE,172.38,95,95,92,86,34.0,4614138667.40036,136150450.0,0.0452,-8.08,2442508,2387759,2332093,0.244
261,AGPU,Technology,Software - Infrastructure,NASDAQ,172.17,95,84,2,4,6.77,80427875.12845278,10404641.0,0.031400003,-78.91,393761,393743,4326766,-0.013
262,COGT,Healthcare,Biotechnology,NASDAQ,171.42,95,98,98,99,31.98,5300325562.297165,170868004.0,0.0657,-26.87,2685195,2017748,2136315,
263,GLUE,Healthcare,Biotechnology,NASDAQ,171.37,95,97,97,98,16.61,1382928143.557949,84479418.0,0.17989999,-35.55,1044030,834830,903420,-0.95
264,ROMA,Industrials,Consulting Services,NASDAQ,171.18,95,98,98,92,6.43,412782466.8050637,59564571.0,0.0171,-45.37,69907,52025,128603,0.176
265,VISN,Technology,Communication Equipment,NASDAQ,170.95,95,95,95,97,12.14,2650443164.25,225569631.0,0.0854,-40.92,5044622,8672214,7202972,0.216
266,EFXT,Energy,Oil & Gas Equipment & Services,NYSE,170.84,95,96,96,93,24.71,2947916892.5351524,122066954.0,1.27,-15.23,512950,577700,602904,0.058
267,MOD,Consumer Cyclical,Auto Parts,NYSE,170.72,95,93,91,78,278.18,14604093226.12915,52815785.0,0.072399996,-13.94,1437430,1284240,1121602,0.475
268,NAUT,Healthcare,Biotechnology,NASDAQ,170.64,95,97,97,96,2.35,303718476.7811024,127078855.0,0.013200001,-45.48,443424,404458,368122,
269,CMPS,Healthcare,Medical Care Facilities,NASDAQ,170.52,95,93,82,89,11.26,1634236218.8688278,134949320.0,0.057800002,-23.71,4198275,4029231,4527585,
270,UMAC,Technology,Computer Hardware,NYSE ARCA,170.47,95,90,97,36,23.9,1276097780.5638695,47793923.0,0.14060001,-30.44,14497674,7476461,6300728,2.964
271,LSCC,Technology,Semiconductors,NASDAQ,170.42,95,93,86,79,137.56,18574156176.965515,137007857.0,0.077,-11.72,1965455,2510358,2166479,0.422
272,NSYS,Healthcare,Medical Devices,NASDAQ,170.2,95,87,66,16,16.97,44237473.006793976,2794534.0,0.0015,-5.77,54661,29047,31178,0.127
273,BFLY,Healthcare,Medical Devices,NYSE,170.02,95,93,92,89,5.12,1195698985.3336382,261640906.0,0.122200005,-10.49,4424976,4827782,4841237,0.25
274,KLAC,Technology,Semiconductor Equipment & Materials,NASDAQ,169.96,95,92,90,89,2139.37,252006607134.90308,130627521.0,0.2889,-0.8,1126892,1095560,994000,0.115
275,NBR,Energy,Oil & Gas Drilling,NYSE,169.82,95,96,94,79,96.45,1419371554.885353,14795909.0,0.0654,-14.57,305049,315516,327269,0.064
276,GFS,Technology,Semiconductors,NASDAQ,169.74,95,94,72,50,75.26,41421893043.74634,548416440.0,0.2208,-18.68,7281284,6179008,5146542,0.031
277,BTSG,Healthcare,Health Information Services,NASDAQ,169.71,95,93,91,92,61.0,11324152240.832832,197284877.0,0.082600005,-1.79,4145194,3472911,2817488,0.256
278,ZNTL,Healthcare,Biotechnology,NASDAQ,169.7,95,97,94,22,3.58,260542039.78997326,71186348.0,0.0866,-48.49,755401,913453,2354502,
279,TWN,Financial Services,Asset Management,NYSE,169.69,95,95,89,85,94.69,528841783.1383438,5742039.0,0.33080003,-8.47,60113,52814,45206,0.404
280,URGN,Healthcare,Biotechnology,NASDAQ,169.53,95,92,78,92,28.18,1308177690.435854,48721701.0,0.1417,-12.94,657847,831382,830173,1.516
281,BHE,Technology,Electronic Components,NYSE,169.36,95,94,83,72,86.72,3010800795.427185,35877036.0,0.0469,-3.0,377862,487197,412394,0.072
282,IESC,Industrials,Engineering & Construction,NASDAQ,169.04,95,93,88,92,726.31,14359543254.932373,19923887.0,0.113900006,-2.49,211056,221902,214409,0.168
283,LITB,Consumer Cyclical,Internet Retail,NYSE,169.03,95,79,94,66,3.55,66896819.10879779,18277819.0,0.0017,-14.87,15923,11601,11312,0.105
284,RYDE,Technology,Software - Application,NYSE ARCA,168.85,95,98,97,88,0.73,140872831.14738667,169726306.0,0.010299999,-52.9,429895,336845,837291,0.388
285,DFTX,Healthcare,Biotechnology,NASDAQ,168.59,95,94,96,91,22.95,2568522656.438648,109066783.0,0.0855,-12.57,2592063,1832441,1952768,
286,CVLG,Industrials,Trucking,NYSE,168.37,95,82,64,38,45.08,1095441452.8023643,25170989.0,0.0432,1.99,220485,199531,186611,0.14
287,DLTH,Consumer Cyclical,Apparel Retail,NASDAQ,168.04,95,81,26,67,4.67,126587274.8146348,38128698.0,0.0228,0.21,228600,119126,109054,-0.105
288,SNEX,Financial Services,Capital Markets,NASDAQ,167.84,95,92,75,73,122.09,9156717920.396912,79251496.0,0.0769,-2.66,616497,640035,678289,0.238
289,MOV,Consumer Cyclical,Luxury Goods,NYSE,167.63,95,88,82,78,36.93,828186664.2723274,22227233.0,0.0435,-4.75,379804,221658,191834,0.081
290,FTRE,Healthcare,Biotechnology,NASDAQ,167.45,95,90,32,92,16.88,1520922451.1837578,94584730.0,0.1179,-9.59,1450369,1544156,1339301,-0.023
291,BTSGU,Healthcare,Health Information Services,NASDAQ,167.37,95,93,90,92,203.01,,,0.29,-1.39,39904,53074,39568,0.256
292,KALU,Basic Materials,Aluminum,NASDAQ,166.79,95,94,88,89,180.26,2890653101.664856,16340606.0,0.041500002,-7.29,223851,229337,255722,0.424
293,NNBR,Industrials,Conglomerates,NASDAQ,166.58,95,85,23,7,2.85,148293565.70027542,52773512.0,0.0585,-12.04,932387,993432,1168263,0.121
294,LASR,Technology,Semiconductors,NASDAQ,166.3,95,98,99,97,63.48,3714513401.577141,56408709.0,0.0494,-26.99,1124205,1269878,1298303,0.552
295,CNTA,Healthcare,Biotechnology,NASDAQ,166.24,95,95,87,89,39.76,6130361467.651634,154728966.0,0.0188,-1.24,1273680,1234393,2898916,
296,FBYD,Industrials,Conglomerates,NASDAQ,166.01,94,91,22,86,14.65,719498553.1173248,49012162.0,0.0306,-49.52,61609,81039,93007,2.148
297,LONA,Healthcare,Biotechnology,NASDAQ,165.98,94,97,97,45,8.46,77214687.58833885,9393514.0,0.0084,-40.46,21122,35724,37948,
298,ARMP,Healthcare,Biotechnology,NYSE ARCA,165.74,94,98,99,98,7.78,275331075.0,36710810.0,0.0209,-52.39,67151,74087,69172,0.607
299,CTOS,Industrials,Rental & Leasing Services,NYSE,165.71,94,91,65,76,10.5,2201549776.686989,227432821.0,0.0342,2.74,864518,1147939,1018349,0.093
300,WTI,Energy,Oil & Gas E&P,NYSE,165.43,94,94,96,30,3.84,550477489.6942735,148777698.0,0.2041,-24.41,5091972,6210857,7734548,0.155
301,ADEA,Technology,Software - Application,NASDAQ,164.17,94,95,93,29,30.53,3196312795.5315285,110293749.0,0.1106,-11.09,2929846,2563337,2005238,0.195
302,PURR,Financial Services,Capital Markets,NASDAQ,164.17,94,88,89,22,8.25,1232137742.0583372,144447571.0,1.38,-29.0,23409361,15737547,11377536,
303,SNX,Technology,Electronics & Computer Distribution,NYSE,163.95,94,89,66,67,272.8,21672372647.791138,80626390.0,0.0179,-4.7,972145,719505,873203,0.181
304,RIOT,Financial Services,Capital Markets,NASDAQ,163.88,94,94,77,74,25.3,9325209274.098701,378151230.0,0.185,-12.58,17326979,18485933,18356019,0.036
305,PUMP,Energy,Oil & Gas Equipment & Services,NYSE,163.68,94,96,96,92,14.67,1807374198.1752014,122616976.0,0.1475,-20.7,5423563,6254331,4734830,-0.247
306,DIOD,Technology,Semiconductors,NASDAQ,162.87,94,95,82,34,103.51,4643174705.870239,45944734.0,0.053600002,-15.13,743440,735940,671410,0.221
307,POET,Technology,Semiconductors,NASDAQ,162.7,94,97,86,83,10.77,2046981455.90407,172595406.0,0.19950001,-48.25,37608752,55753817,46986592,2.019
308,NEXA,Basic Materials,Other Industrial Metals & Mining,NYSE,162.66,94,94,95,87,12.75,1728323898.8106604,132438611.0,0.007900001,-24.51,1107664,1199911,1359740,0.417
309,LINC,Consumer Defensive,Education & Training Services,NASDAQ,161.66,94,96,95,77,46.38,1522277789.9621887,31720728.0,0.0767,-13.31,518792,562380,489112,0.225
310,ENS,Industrials,Electrical Equipment & Parts,NYSE,161.42,94,93,89,89,226.55,8292455959.706039,36517773.0,0.051599998,-7.27,453077,449049,383219,0.013
311,RDNW,Consumer Cyclical,Auto & Truck Dealerships,NASDAQ,161.32,94,96,93,91,7.25,281686392.15991974,38587176.0,0.0698,-15.2,113961,86210,73334,0.064
312,CYRX,Industrials,Integrated Freight & Logistics,NASDAQ,161.0,94,89,45,77,15.19,791316304.4865217,50402313.0,0.0454,-9.21,1241466,910788,723469,0.165
313,SLNH,Financial Services,Capital Markets,NASDAQ,160.87,94,94,23,88,1.42,211381459.625386,157747354.0,0.17940001,-72.37,20533137,26917099,21637343,0.583
314,XMTR,Industrials,Industrial Distribution,NASDAQ,160.61,94,90,38,91,81.03,4456131027.936371,55245857.0,0.090500005,-18.86,1092338,1075132,914631,0.359
315,BWEN,Industrials,Specialty Industrial Machinery,NASDAQ,160.56,94,35,44,95,4.11,89169680.62080574,23404116.0,0.025799999,-16.12,496641,1444097,918732,-0.075
316,RMBS,Technology,Semiconductors,NASDAQ,159.86,94,90,81,86,146.84,15713382410.763733,108136967.0,0.0958,-15.66,2634837,2709312,2550489,0.081
317,GH,Healthcare,Diagnostics & Research,NASDAQ,159.5,94,83,88,96,130.12,16655877162.622574,132599929.0,0.1017,-3.1,2636494,2391684,2302694,0.483
318,CPIX,Healthcare,Drug Manufacturers - Specialty & Generic,NASDAQ,159.19,94,84,32,25,5.72,86902023.45780087,14983107.0,0.0519,-13.46,101146,163745,1207641,-0.22
319,ALOT,Technology,Computer Hardware,NASDAQ,159.12,94,87,45,17,15.58,111975414.51125336,7727772.0,0.0018000001,-3.05,89737,55102,59327,0.005
320,SYNA,Technology,Semiconductors,NASDAQ,159.08,94,92,60,62,130.88,4743934917.134857,38637685.0,0.2211,-12.23,895391,1006683,915844,0.104
321,TIGO,Communication Services,Telecom Services,NASDAQ,158.69,94,91,95,92,87.36,13848976374.595093,167541444.0,0.04,-2.38,2991561,1893453,1712530,0.451
322,SKLZ,Communication Services,Electronic Gaming & Multimedia,NYSE,158.65,94,78,10,28,8.81,131571710.2730484,15607557.0,0.2642,-55.95,311005,946045,1560801,0.329
323,ATI,Industrials,Metal Fabrication,NYSE,158.52,94,91,94,91,187.13,24219406846.279877,136470427.0,0.042,2.09,1578870,1745076,1785320,0.006
324,QUCY,Healthcare,Diagnostics & Research,NASDAQ,158.1,94,2,8,6,2.04,50087959.88562727,22767254.0,0.78419995,-58.62,5830012,36129000,21979374,
325,AXSM,Healthcare,Biotechnology,NASDAQ,157.97,94,89,80,84,245.64,11955133214.022583,51459766.0,0.0845,1.33,708220,845486,748038,0.574
326,SEI,Energy,Oil & Gas Equipment & Services,NYSE,157.95,94,94,91,89,68.61,4052538198.1740417,58402338.0,0.21790001,-15.55,2379152,2527697,2406932,0.553
327,CAT,Industrials,Farm & Heavy Construction Machinery,NYSE,157.63,94,93,92,90,914.7,416504131881.14575,460591983.0,0.0202,-3.39,2927498,2704896,2498721,0.222
328,PHOE,Industrials,Engineering & Construction,NASDAQ,157.46,94,97,97,99,15.25,332639991.7602539,21600000.0,0.0032,-88.54,19382,116074,70928,-0.073
329,OSCR,Healthcare,Healthcare Plans,NYSE,157.2,94,86,31,56,27.22,7389593499.006271,301493000.0,0.075,6.41,8149973,8670177,7657740,0.526
330,AAMI,Financial Services,Asset Management,NYSE,157.15,94,91,86,86,77.34,2636545112.0,35628988.0,0.0337,1.59,384928,409062,376429,0.393
331,PLPC,Industrials,Electrical Equipment & Parts,NASDAQ,157.09,94,93,90,87,370.03,1774446062.5386963,4888012.0,0.107,-6.87,102378,110182,139445,0.187
332,EDSA,Healthcare,Biotechnology,NASDAQ,157.08,94,99,98,13,4.94,48550052.79920101,8891951.0,0.026700001,-75.69,331641,577737,624914,
333,DHC,Real Estate,REIT - Healthcare Facilities,NASDAQ,156.98,94,94,96,89,8.79,2065172014.130476,242106926.0,0.043,-3.83,2348483,1864164,1660092,-0.053
334,ETON,Healthcare,Drug Manufacturers - Specialty & Generic,NASDAQ,156.96,94,93,77,60,30.53,797939365.5514183,27392358.0,0.0795,-14.39,404198,428816,419005,0.404
335,PLXS,Technology,Electronic Components,NASDAQ,156.95,94,92,85,71,281.48,7304770758.503174,26756421.0,0.0557,-3.71,310045,321851,327789,0.187
336,APYX,Healthcare,Medical Devices,NASDAQ,156.8,94,90,95,97,4.86,187176552.18449545,41873951.0,0.0042,3.74,187461,226773,182352,0.325
337,TSAT,Technology,Communication Equipment,NASDAQ,156.68,94,96,89,86,44.51,678154026.6599731,15218896.0,0.062800005,-24.71,382294,267198,248910,-0.254
338,EFOI,Consumer Cyclical,"Furnishings, Fixtures & Appliances",NASDAQ,156.54,94,95,35,37,3.47,22801814.274066925,6369222.0,0.0777,-64.74,59085,84818,3587583,0.541
339,GVH,Industrials,Integrated Freight & Logistics,NASDAQ,156.44,94,96,1,2,4.0,9398826.395323277,2286819.0,0.0231,-98.88,18504,72314,325624,0.207
340,CLOV,Healthcare,Healthcare Plans,NASDAQ,156.42,94,78,16,23,4.29,2017200920.737175,526684324.0,0.09,1.42,8646774,7767148,6937378,0.62
341,AOSL,Technology,Semiconductors,NASDAQ,156.27,94,92,33,13,41.03,1257341521.544197,29929578.0,0.082100004,-24.49,1132735,1140515,1023383,-0.005
342,BKSY,Industrials,Specialty Business Services,NYSE,156.25,94,96,93,87,31.65,1289909681.473732,37109026.0,0.19639999,-40.15,2514917,2444999,2374281,-0.297
343,INTT,Technology,Semiconductor Equipment & Materials,NYSE ARCA,156.14,94,95,95,40,15.62,184323519.14860725,12564657.0,0.0139999995,-21.9,310489,426986,359341,0.272
344,QMCO,Technology,Computer Hardware,NASDAQ,155.32,94,79,10,14,13.05,185902965.50801754,14638029.0,0.1058,-29.38,2089578,1151646,883713,0.086
345,CORZ,Technology,Software - Infrastructure,NASDAQ,155.18,94,88,80,76,27.01,8217334919.463615,317885292.0,0.2282,-11.33,13917555,15241198,14631803,0.449
346,LEE,Communication Services,Publishing,NASDAQ,155.05,94,88,95,7,10.39,230302129.32795715,22229936.0,0.0188,-12.54,68042,64014,51834,-0.112
347,ALNT,Technology,Electronic Components,NASDAQ,155.01,94,83,92,92,86.92,1442324018.6938477,16996512.0,0.056999996,-4.6,303956,260188,222811,0.046
348,CNC,Healthcare,Healthcare Plans,NYSE,154.87,94,86,25,32,66.21,30778367914.16931,493797000.0,0.035099998,4.27,4871051,6267003,5829390,0.051
349,WHLRP,Real Estate,REIT - Retail,NASDAQ,154.8,94,88,92,72,8.5,,,0.85,-5.56,3210,2913,7252,-0.014
350,EMPG,Healthcare,Medical Distribution,NASDAQ,154.79,94,93,97,98,17.36,143046405.02929688,8240000.0,0.0396,-4.3,0,0,0,1.416
351,WEST,Consumer Defensive,Packaged Foods,NASDAQ,154.76,94,90,30,14,7.98,735587029.7584591,97557962.0,0.1571,-11.1,450448,843886,645863,0.444
352,HTLD,Industrials,Trucking,NASDAQ,154.68,94,83,62,52,16.01,1219687797.304016,77489696.0,0.048699997,-0.5,616150,577396,494260,-0.197
353,CCTG,Industrials,Electrical Equipment & Parts,NASDAQ,154.49,94,4,1,0,1.78,1819775.6539957523,3913496.0,0.0418,-93.18,15189112,5367644,3247606,-0.082
354,OGN,Healthcare,Drug Manufacturers - General,NYSE,154.26,94,91,17,10,13.4,3508347426.163149,262600862.0,0.0867,-0.59,2875453,6156601,9933490,-0.035
355,TTI,Industrials,Conglomerates,NYSE,154.0,93,93,93,96,9.78,1358205398.5528822,146200797.0,0.0544,-22.01,1997175,1562128,1663429,-0.006
356,ASML,Technology,Semiconductor Equipment & Materials,NASDAQ,153.98,93,90,91,86,1777.77,632755593573.2556,385417665.0,0.0026,-0.09,1796455,1713455,1784061,0.132
357,AA,Basic Materials,Aluminum,NYSE,153.96,93,91,94,86,72.41,18971042952.684402,263889875.0,0.0225,-14.19,4364301,4250447,4845246,-0.052
358,STLD,Basic Materials,Steel,NASDAQ,153.96,93,88,78,82,269.8,38721131698.5,144212781.0,0.0323,-3.81,1165878,1051489,1110849,0.191
359,NVT,Industrials,Electrical Equipment & Parts,NYSE,153.91,93,93,87,85,163.8,26337792911.42633,161720452.0,0.028800001,-7.98,1871164,2148694,2083118,0.535
360,MPTI,Technology,Electronic Components,NYSE ARCA,153.86,93,83,87,67,93.03,381929120.4708023,4321443.0,0.0424,-2.07,81168,76599,80483,0.153
361,SKM,Communication Services,Telecom Services,NYSE,153.67,93,90,85,33,41.21,14372770985.129883,383888128.0,0.0136,-12.65,3950010,2763360,2447324,-0.014
362,FROG,Technology,Software - Application,NASDAQ,153.45,93,84,30,92,81.26,10174056816.0,121119724.0,0.041500002,-8.86,2512971,2815897,2683822,0.258
363,ATRO,Industrials,Aerospace & Defense,NASDAQ,153.38,93,92,93,94,84.59,3036394919.3504333,35840355.0,0.0866,-6.69,463725,551498,500139,0.12
364,SEPN,Healthcare,Biotechnology,NASDAQ,153.05,93,91,96,97,31.01,1404102835.7550488,45075533.0,0.1047,-4.96,301832,311217,324732,120.11
365,PKE,Industrials,Aerospace & Defense,NYSE,152.81,93,93,92,85,34.4,678530417.5,20877859.0,0.0557,-9.95,387705,255538,249015,0.428
366,PTNM,Consumer Defensive,Household & Personal Products,NASDAQ,152.71,93,98,92,95,10.39,239099882.90071487,23012500.0,0.1353,-29.75,0,0,0,-0.239
367,ELSE,Technology,Scientific & Technical Instruments,NASDAQ,152.66,93,92,41,38,7.68,27058359.640995026,3532423.0,0.00029999999,-0.13,5875,8208,17829,0.152
368,HUM,Healthcare,Healthcare Plans,NYSE,152.55,93,77,15,56,363.18,42031128307.84607,120061500.0,0.056700002,3.21,1270320,1710180,1731016,0.235
369,WTTR,Energy,Oil & Gas Equipment & Services,NYSE,152.45,93,92,89,61,18.32,2239614685.9723606,124353951.0,0.0344,-10.55,1380648,1752039,1909541,-0.023
370,AVR,Healthcare,Medical Instruments & Supplies,NASDAQ,152.42,93,85,72,30,9.47,938378870.3397932,97342203.0,0.0615,-6.61,1254402,1143587,994232,-0.112
371,KN,Technology,Electronic Components,NYSE,152.33,93,90,80,73,38.21,3187990047.989273,85560660.0,0.0586,-4.28,959044,1002034,906146,0.158
372,VRT,Industrials,Electrical Equipment & Parts,NYSE,152.31,93,97,96,86,289.52,115428544047.22266,384108816.0,0.0354,-23.8,6236096,5925465,5750267,0.301
373,ACRS,Healthcare,Biotechnology,NASDAQ,152.13,93,96,93,93,4.3,608933663.447113,139663680.0,0.060100004,-16.5,1229135,1254045,1318497,0.372
374,CLMT,Basic Materials,Specialty Chemicals,NASDAQ,152.04,93,93,94,73,34.05,3064965000.418808,87147147.0,0.073699996,-12.13,888127,949175,1096435,0.036
375,ELVA,Industrials,Electrical Equipment & Parts,NASDAQ,152.0,93,95,95,93,9.85,511907350.75424194,49507480.0,3.19,-22.93,419516,475955,439691,0.202
376,TOI,Healthcare,Medical Care Facilities,NASDAQ,152.0,93,79,92,99,4.96,486916872.26786137,99982933.0,0.0744,-3.97,1943833,1842437,1646344,0.412
377,GRC,Industrials,Specialty Industrial Machinery,NYSE,151.92,93,90,87,81,81.11,2035965536.1528015,26410243.0,0.0209,1.97,106141,116647,155598,0.077
378,STTK,Healthcare,Biotechnology,NASDAQ,151.76,93,99,99,97,4.27,351196762.0097408,76680517.0,0.018,-48.74,1217530,792176,651754,
379,ARW,Technology,Electronics & Computer Distribution,NYSE,151.14,93,88,79,36,219.4,11202936041.881897,51133946.0,0.030199999,-5.96,746713,807991,718962,0.39
380,ILPT,Real Estate,REIT - Industrial,NASDAQ,151.11,93,90,86,81,8.79,573989682.4222269,66665471.0,0.0101,-3.93,792610,542960,472388,0.04
381,TROO,Financial Services,Credit Services,NASDAQ,151.05,93,98,97,88,2.32,273638773.0050101,122160166.0,0.0271,-56.06,466182,433400,323388,0.27
382,EXTR,Technology,Communication Equipment,NASDAQ,150.9,93,86,29,31,28.73,3664402085.625458,130778088.0,0.0947,-3.53,2051490,2670096,2574552,0.114
383,DDOG,Technology,Software - Application,NASDAQ,150.89,93,87,43,65,227.34,83333840064.05086,355960189.0,0.0544,-18.43,7281732,6987807,6037528,0.322
384,MG,Industrials,Security & Protection Services,NYSE,150.81,93,89,88,86,18.54,560291771.829361,31816681.0,0.0419,-5.21,169744,185684,168684,0.046
385,BTE,Energy,Oil & Gas E&P,NYSE,150.72,93,94,93,84,4.71,3443384165.57312,723400000.0,0.6,-12.13,18353074,19493581,21549048,0.016
386,LBRT,Energy,Oil & Gas Equipment & Services,NYSE,150.59,93,95,96,88,28.13,4642795909.70517,163191416.0,0.0992,-18.41,3510725,3470868,3555939,0.045
387,OUST,Technology,Electronic Components,NASDAQ,150.47,93,85,82,90,38.52,2526542635.751442,63672949.0,0.1004,-22.01,4764749,5265919,3933999,0.489
388,NUE,Basic Materials,Steel,NYSE,150.42,93,88,75,77,254.32,57935020131.497955,227740950.0,0.0278,-3.91,1596909,1509289,1481283,0.213
389,PTEN,Energy,Oil & Gas Drilling,NASDAQ,150.32,93,93,93,41,11.59,4369399272.917585,379617653.0,0.045700002,-11.39,8622332,7874810,9272328,-0.127
390,SGML,Basic Materials,Other Industrial Metals & Mining,NASDAQ,150.25,93,97,89,88,14.15,1488218468.955511,112064646.0,0.0434,-42.2,2515070,3482023,4144264,-0.112
391,BWA,Consumer Cyclical,Auto Parts,NYSE,150.25,93,86,86,80,73.27,14897497601.464989,205114941.0,0.0471,-7.04,4184481,3662210,2875792,0.005
392,ECOR,Healthcare,Medical Devices,NASDAQ,150.24,93,80,71,18,9.52,72338567.25519276,8295707.0,0.0369,-8.16,212325,135501,106599,0.426
393,CRS,Industrials,Metal Fabrication,NYSE,150.07,93,86,89,89,523.77,24027962266.45691,49685612.0,0.034,4.72,634420,645813,675384,0.116
394,AIRS,Healthcare,Medical Care Facilities,NASDAQ,149.85,93,82,8,9,5.28,360488439.3288646,70545681.0,0.105500005,-56.0,784355,1260231,1320649,0.0
395,KOS,Energy,Oil & Gas E&P,NYSE,149.82,93,92,93,6,2.79,1666861825.9974375,593189274.0,0.0478,-16.47,9715757,13582905,16796569,0.277
396,CLDT,Real Estate,REIT - Hotel & Motel,NYSE,149.73,93,84,67,37,11.97,534033137.21178055,46681220.0,0.0148,3.1,397701,455677,372332,-0.016
397,PRE,Healthcare,Diagnostics & Research,NASDAQ,149.56,93,91,98,96,20.93,337627775.6362152,17000391.0,0.044,-11.43,334823,264031,218336,
398,RILY,Financial Services,Financial Conglomerates,NASDAQ,149.56,93,92,93,18,8.32,314496124.15493774,37130592.0,0.1453,-25.98,1134133,1110561,977248,1.134
399,SIFY,Communication Services,Telecom Services,NASDAQ,149.35,93,93,95,96,16.12,1053421854.359436,72350400.0,8.81,-9.69,108633,75401,71008,0.24
400,CLS,Technology,Electronic Components,NYSE,149.3,93,94,91,97,371.86,42736652620.53378,114973107.0,0.0301,-21.55,2859281,2503720,2385484,0.528
401,ECG,Industrials,Engineering & Construction,NYSE,149.3,93,95,93,89,146.58,7671042623.053436,51041606.0,0.046,-14.57,517894,657988,602716,0.254
402,MRVI,Healthcare,Biotechnology,NASDAQ,149.22,93,93,67,81,5.1,740480940.4665432,147506164.0,0.0685,-2.11,2895102,2845354,2491650,0.405
403,CAPR,Healthcare,Biotechnology,NASDAQ,148.83,93,98,97,98,26.01,1546826609.0100784,57911893.0,0.2082,-35.57,686508,979182,991575,
404,MPWR,Technology,Semiconductors,NASDAQ,148.7,93,93,86,84,1531.98,72762903289.23999,49129267.0,0.0541,-10.62,815204,722854,661330,0.261
405,GHM,Industrials,Specialty Industrial Machinery,NYSE,148.68,93,91,93,88,100.28,1185894721.1042786,11072780.0,0.0434,-8.84,347190,249613,207088,0.205
406,PLUG,Industrials,Electrical Equipment & Parts,NASDAQ,148.62,93,96,80,83,2.91,4492122483.953247,1395069082.0,0.2752,-36.46,73867701,85436487,79649346,0.223
407,TWLO,Technology,Software - Infrastructure,NYSE,148.57,93,92,67,79,204.69,34299375455.118713,151773860.0,0.0519,-14.17,3405373,3246794,2855486,0.2
408,GPRE,Basic Materials,Chemicals,NASDAQ,148.49,93,94,97,82,14.8,1048351723.4800739,70030174.0,0.2078,-21.86,1377858,1554719,1495797,-0.259
409,AIRG,Technology,Communication Equipment,NASDAQ,148.4,93,87,44,26,6.84,86068545.71645737,12675780.0,0.0127,-10.68,125613,120124,111678,-0.042
410,CVV,Industrials,Specialty Industrial Machinery,NASDAQ,148.31,93,94,82,41,6.01,38519826.273797035,6940509.0,0.0256,-28.96,109073,187071,174448,-0.709
411,CYD,Consumer Cyclical,Auto Manufacturers,NYSE,148.27,93,87,90,93,53.45,2129539950.5067406,37518323.0,0.0251,-13.06,216463,202371,164068,0.23
412,BTDR,Technology,Software - Application,NASDAQ,148.27,93,33,13,13,17.41,4250689350.839773,243313653.0,0.34759998,-37.37,14780036,10215192,8776567,1.694
413,PACK,Consumer Cyclical,Packaging & Containers,NYSE,148.14,93,82,18,64,6.94,580849697.986722,85544875.0,0.055999998,-3.07,459765,744855,589261,0.11
414,EDRY,Industrials,Marine Shipping,NASDAQ,148.09,92,93,92,69,22.27,64777157.82893753,2890547.0,0.0034,-9.03,20148,23722,25063,0.389
415,WHWK,Healthcare,Biotechnology,NASDAQ,147.95,92,92,94,69,4.22,205227726.16615438,49452463.0,0.0308,-23.2,257794,407248,338178,
416,GLSI,Healthcare,Biotechnology,NASDAQ,147.8,92,92,98,32,22.23,326590128.0,14678208.0,0.21100001,-34.81,201747,148375,143619,
417,RDW,Industrials,Aerospace & Defense,NYSE,147.78,92,82,55,13,15.75,3670050683.3629456,198918728.0,0.17959999,-40.88,63897394,49596221,39455168,0.579
418,MNTS,Industrials,Aerospace & Defense,NASDAQ,147.76,92,9,2,2,12.69,215634530.89321136,14462410.0,0.0598,-70.88,10984610,8068103,6328528,8.984
419,LFUS,Technology,Electronic Components,NASDAQ,147.71,92,92,86,65,456.0,11565627262.749268,25288904.0,0.026500002,-8.9,321081,374420,311744,0.185
420,FET,Energy,Oil & Gas Equipment & Services,NYSE,147.69,92,95,97,92,52.18,569849055.5351028,11304286.0,0.044499997,-20.25,152055,160655,158959,0.08
421,STFS,Communication Services,Advertising Agencies,NASDAQ,147.68,92,80,8,3,9.61,12773135.472310066,1193751.0,0.0226,-90.76,129418,465596,281739,0.331
422,JBHT,Industrials,Integrated Freight & Logistics,NASDAQ,147.65,92,84,81,85,287.19,26870559045.963318,94299203.0,0.060500003,-0.95,943921,956493,948572,0.046
423,HBM,Basic Materials,Copper,NYSE,147.33,92,93,94,94,25.59,10192052352.932682,397196119.0,1.85,-20.4,6925164,5972451,5618754,0.273
424,FSTR,Industrials,Railroads,NASDAQ,147.3,92,90,74,75,42.1,434139789.2454529,10458680.0,0.0136,-2.23,108923,114454,121302,0.239
425,KGS,Energy,Oil & Gas Equipment & Services,NYSE,147.29,92,94,91,61,67.08,6570830552.136017,100918914.0,0.0692,-13.65,1547989,2048269,1668661,0.049
426,CSCO,Technology,Communication Equipment,NASDAQ,147.23,92,82,74,79,120.36,479436110244.9392,3941434665.0,0.015,-7.68,26842227,26791662,23317019,0.12
427,FGMCU,Financial Services,Shell Companies,NASDAQ,147.0,92,57,59,53,17.19,175955223.5710144,10295800.0,0.0,-10.0,1393,560,348,
428,VIVO,Technology,Software - Infrastructure,NASDAQ,146.95,92,84,71,88,4.76,77235125.39875746,16790245.0,0.20629999,-44.84,2377948,1950049,1565781,0.476
429,CODI,Industrials,Conglomerates,NYSE,146.78,92,93,32,7,10.64,800510704.070219,75235966.0,0.0671,-15.82,785078,878299,1061995,-0.059
430,MRX,Financial Services,Capital Markets,NASDAQ,146.58,92,84,44,68,60.49,3964110289.603119,71930870.0,0.0373,3.19,932864,918584,1132390,0.551
431,PVLA,Healthcare,Biotechnology,NASDAQ,146.54,92,97,98,99,104.37,1558636831.2174683,14342844.0,0.16950001,-30.96,270682,238640,241576,
432,LPG,Energy,Oil & Gas Midstream,NYSE,146.44,92,87,81,40,43.4,1778903954.3174286,42782681.0,0.0591,-9.81,683880,640800,554810,1.052
433,MBX,Healthcare,Biotechnology,NASDAQ,146.05,92,95,96,98,29.87,1441253422.7626343,47597536.0,0.1263,-34.85,531076,661452,579811,
434,INSW,Energy,Oil & Gas Midstream,NYSE,145.92,92,94,92,79,81.22,4013345689.6123657,49504696.0,0.052800003,-12.35,501133,583927,548660,0.785
435,POWI,Technology,Semiconductors,NASDAQ,145.85,92,91,64,14,74.71,4291552980.631714,55719984.0,0.1019,-16.06,1433568,1406082,1231281,0.026
436,FOCL,Healthcare,Medical Distribution,NASDAQ,145.84,92,92,94,89,4.52,170917854.01526356,37481986.0,0.002,-10.5,46281,42237,36168,0.139
437,EZPW,Financial Services,Credit Services,NASDAQ,145.84,92,93,92,87,32.07,1966074544.0482254,61535978.0,0.23290001,-13.63,728550,729740,724416,0.459
438,BGDE,Financial Services,Capital Markets,NASDAQ,145.45,92,58,4,5,6.87,39010651.03255749,5486730.0,0.0619,-82.82,117812,165760,703924,-0.651
439,JBL,Technology,Electronic Components,NYSE,145.43,92,91,85,82,362.38,37267745164.98096,105502622.0,0.028299998,-5.8,1187738,1260419,1151215,0.231
440,KRYS,Healthcare,Biotechnology,NASDAQ,145.38,92,91,87,90,309.75,8873406556.0,29479756.0,0.17729999,-3.05,240126,285815,277071,0.319
441,CADL,Healthcare,Biotechnology,NASDAQ,145.24,92,89,24,35,8.67,623529750.6602268,73270239.0,0.2564,-9.4,1808775,2077595,1936823,
442,SHIP,Industrials,Marine Shipping,NASDAQ,145.21,92,95,90,81,15.41,334773654.9671192,21668198.0,0.014400001,-8.33,295823,264177,236866,0.77
443,ATEN,Technology,Software - Infrastructure,NYSE,145.01,92,87,78,42,30.95,2200984187.7779007,71998175.0,0.1373,-6.07,1229713,1056551,1057608,0.134
444,KNX,Industrials,Trucking,NYSE,145.01,92,78,70,74,80.35,12767153530.410767,162494000.0,0.0621,0.49,4612347,4673252,3968447,0.014
445,NRXP,Healthcare,Biotechnology,NASDAQ,145.01,92,81,22,29,3.87,177193733.08552742,42800420.0,0.1356,-23.44,2107806,1530392,1343603,
446,EFTY,Industrials,Consulting Services,NASDAQ,144.91,92,93,96,98,15.02,302052209.20562744,20110000.0,0.107200004,-17.47,0,0,0,-0.259
447,HLIO,Industrials,Specialty Industrial Machinery,NYSE,144.85,92,81,89,84,83.82,2685677403.7255707,33046358.0,0.030299999,-3.37,357434,365988,380310,0.168
448,EWTX,Healthcare,Biotechnology,NASDAQ,144.71,92,93,91,86,34.06,3829235099.95739,107593006.0,0.1361,-16.45,1859955,1551255,1265677,
449,TYGO,Technology,Solar,NASDAQ,144.59,92,97,98,79,3.16,249746509.36423302,75910794.0,0.014099999,-40.68,682526,751008,627351,0.337
450,KFRC,Industrials,Staffing & Employment Services,NYSE,144.5,92,79,23,21,47.89,847911586.3952637,17832000.0,0.0907,-1.88,186272,268660,255468,0.001
451,AERT,Industrials,Consulting Services,NASDAQ,144.49,92,80,15,26,0.79,39263998.17536044,50209716.0,0.0064999997,-47.96,146826,148928,287563,-0.008
452,PBT,Energy,Oil & Gas Midstream,NYSE,144.35,92,90,90,82,27.55,1326952390.1162796,46608796.0,0.008,-14.57,126685,212045,182689,0.162
453,ASTS,Technology,Communication Equipment,NASDAQ,144.29,92,89,96,96,88.71,27962660992.949196,298746383.0,0.176,-33.73,26073045,23941551,21154425,19.522
454,BWAY,Healthcare,Medical Devices,NASDAQ,144.24,92,96,96,88,14.43,556884144.2646503,40092450.0,0.0043,-16.84,124174,145668,147278,0.346
455,ROG,Technology,Electronic Components,NYSE,143.89,92,90,82,67,140.79,2457207780.7683563,17848535.0,0.0271,-9.56,257620,290730,254550,0.052
456,ODC,Basic Materials,Specialty Chemicals,NYSE,143.8,92,81,78,34,98.59,1216754970.5342102,14480007.0,0.0319,15.04,119384,81151,71094,0.007
457,TWIN,Industrials,Specialty Industrial Machinery,NASDAQ,143.78,92,89,88,90,20.16,287158483.36925125,14422827.0,0.0062,0.85,96255,83825,67955,0.19
458,PDC,Technology,Software - Application,NASDAQ,143.72,92,96,95,97,5.34,13224221.06637001,3050570.0,0.0104,-49.14,78192,80264,117832,-0.449
459,ROIV,Healthcare,Biotechnology,NASDAQ,143.65,92,92,96,93,29.05,20556747548.424026,719270385.0,0.0502,-11.41,5194380,6017203,5608770,-0.667
460,MTZ,Industrials,Engineering & Construction,NYSE,143.54,92,95,93,87,353.08,28754063500.33838,79018556.0,0.0521,-20.01,1390698,1193482,1011999,0.345
461,KALV,Healthcare,Biotechnology,NASDAQ,143.52,92,95,76,88,26.99,1434841972.219574,53240888.0,0.2531,0.04,2133812,5923224,4014482,
462,LOKVU,Financial Services,Shell Companies,NASDAQ,143.31,92,57,66,54,17.9,,,,-10.05,3408,1196,717,
463,TDAY,Communication Services,Publishing,NYSE,143.27,92,88,91,87,7.91,1198925677.6829605,147107452.0,0.1273,-4.47,1766052,1747440,1755734,-0.04
464,CV,Healthcare,Medical Devices,NASDAQ,143.19,92,91,61,99,7.49,359238186.1989393,49963586.0,0.0376,-51.27,113425,112218,122883,0.003
465,NVMI,Technology,Semiconductor Equipment & Materials,NASDAQ,143.07,92,92,92,86,514.49,15132099467.967041,31806161.0,0.0543,-8.94,472248,416382,378641,0.103
466,CYCN,Healthcare,Biotechnology,NASDAQ,142.84,92,94,16,9,3.0,12904335.802594185,4330314.0,0.0074,-64.62,28879,61576,5757349,
467,COCO,Consumer Defensive,Beverages - Non-Alcoholic,NASDAQ,142.79,92,91,88,87,74.22,4231475510.7172546,57112643.0,0.1041,-6.88,799834,1366608,1272640,0.373
468,MT,Basic Materials,Steel,NYSE,142.69,92,87,88,89,66.31,51108353018.79754,760427819.0,0.0084,-8.54,2226703,2230581,1954688,0.045
469,PBI,Industrials,Integrated Freight & Logistics,NYSE,142.59,92,89,50,56,16.78,2283542508.1668854,135441425.0,0.0001,-2.04,2694595,3244661,3287205,-0.032
470,FTNT,Technology,Software - Infrastructure,NASDAQ,142.52,92,82,41,29,138.39,105999563843.80292,732648391.0,0.0324,-7.78,7059224,6485954,6216326,0.201
471,MEI,Technology,Electronic Components,NYSE,142.46,92,79,19,21,10.78,402843882.7153101,35430421.0,0.0512,-30.68,610375,1097538,832937,-0.026
472,BWLP,Energy,Oil & Gas Midstream,NYSE,142.43,92,88,72,35,21.31,3112199382.0,151814604.0,0.0041,-7.03,558469,515746,451223,-0.027
473,IFRX,Healthcare,Biotechnology,NASDAQ,142.41,91,97,37,24,1.66,271018865.4764296,147292859.0,0.044699997,-43.71,1222063,2677994,2073224,
474,PFAI,Consumer Defensive,Farm Products,NASDAQ,142.4,91,91,41,28,3.8,46359491.559643745,11736580.0,0.0008,-22.92,2187,2492,5605,-0.033
475,FATE,Healthcare,Biotechnology,NASDAQ,142.39,91,95,66,47,1.9,230787190.50319004,116559186.0,0.0946,-34.03,4780262,4408824,3141830,-0.203
476,TKR,Industrials,Tools & Accessories,NYSE,142.37,91,83,81,72,137.09,9161461380.548248,69494510.0,0.032,2.21,1076943,1154637,950006,0.08
477,TFII,Industrials,Trucking,NYSE,142.35,91,84,67,61,159.36,13108671944.5,82186031.0,2.38,-1.48,402588,364462,368763,-0.008
478,AVT,Technology,Electronics & Computer Distribution,NASDAQ,142.05,91,87,78,37,86.93,7120510271.355896,82024081.0,0.090299994,-8.74,1625547,1506415,1350609,0.339
479,ECPG,Financial Services,Credit Services,NASDAQ,141.95,91,92,91,82,82.57,1746535941.8907166,21440412.0,0.0833,-10.87,233264,312894,329986,0.21
480,OBE,Energy,Oil & Gas E&P,NYSE ARCA,141.92,91,95,90,40,10.72,738551082.100647,66776768.0,4.81,-26.53,646227,930455,1090883,-0.261
481,BBCP,Industrials,Engineering & Construction,NASDAQ,141.9,91,70,62,63,10.71,525603385.9788513,50393420.0,0.042600002,-10.6,820623,357847,262902,0.137
482,PALI,Healthcare,Biotechnology,NASDAQ,141.83,91,91,96,97,1.69,302376627.4572921,173779670.0,0.1551,-40.91,2566152,2767527,3831294,
483,CERS,Healthcare,Medical Devices,NASDAQ,141.75,91,88,65,88,2.58,542999927.1834698,200368974.0,0.0952,-18.1,2447608,3088249,2280533,0.241
484,DCO,Industrials,Aerospace & Defense,NYSE,141.71,91,87,91,78,156.28,2261174429.3025055,15085559.0,0.0437,-0.03,203369,215429,217911,0.086
485,MSGS,Communication Services,Entertainment,NYSE,141.7,91,87,90,69,384.11,9298915071.118011,24076107.0,0.0625,-1.54,226329,241923,233689,0.019
486,USEA,Industrials,Marine Shipping,NASDAQ,141.62,91,89,83,65,2.59,23559203.602888346,9538139.0,0.0793,-1.52,70327,59155,49079,0.025
487,SCHL,Communication Services,Publishing,NASDAQ,141.51,91,87,89,83,42.7,796482880.7441139,18454191.0,0.2236,-2.49,262527,307719,528971,-0.019
488,FTK,Energy,Oil & Gas Equipment & Services,NYSE,141.47,91,66,86,88,24.21,850894416.7207375,36177483.0,0.1505,-5.21,400457,320952,281863,0.265
489,ITRN,Technology,Scientific & Technical Instruments,NASDAQ,141.33,91,88,84,82,63.65,1247137938.0089493,19780142.0,0.014099999,-6.81,196985,148441,144987,0.188
490,HSHP,Industrials,Marine Shipping,NYSE,141.16,91,94,93,86,14.61,689731355.3953171,47145000.0,0.0352,-12.46,247713,325437,303828,0.527
491,PRM,Basic Materials,Specialty Chemicals,NYSE,140.87,91,90,87,95,32.77,4919912195.188786,163127063.0,0.0275,-6.08,1187777,1409719,1291449,0.736
492,DAN,Consumer Cyclical,Auto Parts,NYSE,140.87,91,88,93,86,36.55,3828296558.021801,108235699.0,0.0416,-7.61,1061494,1015404,976794,0.049
493,AKAN,Healthcare,Drug Manufacturers - Specialty & Generic,NASDAQ,140.63,91,97,0,1,13.76,8352953.4011592865,534418.0,0.0744,-93.42,85842,2054330,2883535,
494,LSTR,Industrials,Integrated Freight & Logistics,NASDAQ,140.57,91,78,62,54,223.46,7398385389.767456,33928210.0,0.0497,-0.62,515907,536472,481935,0.016
495,TMCI,Healthcare,Medical Devices,NASDAQ,140.24,91,8,4,4,3.73,227704145.1413231,64872976.0,0.0699,-52.06,582892,555417,741286,-0.102
496,KEYS,Technology,Scientific & Technical Instruments,NYSE,139.88,91,94,92,80,331.43,56366416932.70239,170895368.0,0.0138,-10.47,1698912,1672884,1428864,0.315
497,TJGC,Communication Services,Advertising Agencies,NASDAQ,139.87,91,82,9,2,5.83,70094000.57792664,10100000.0,0.0139,-70.82,554326,348825,218227,0.084
498,FSLY,Technology,Software - Application,NASDAQ,139.85,91,96,98,81,18.63,2827954952.23999,156500000.0,0.1584,-46.5,8133891,10109333,11493708,0.198
499,PLTS,Technology,Software - Application,NASDAQ,139.83,91,89,95,97,17.5,316034425.0,18059110.0,0.0011,-10.26,0,0,0,-0.777
500,HPP,Real Estate,REIT - Office,NYSE,139.75,91,50,5,9,15.5,745285397.344986,54242024.0,0.0114,-28.57,1483622,1351247,1287736,-0.08
501,LIND,Consumer Cyclical,Travel Services,NASDAQ,139.72,91,82,86,78,22.27,1420895989.9902344,65600000.0,0.1008,-6.35,932019,797293,732169,0.157
502,FC,Consumer Defensive,Education & Training Services,NYSE,139.45,91,72,12,13,23.94,269749588.3600769,11272444.0,0.097399995,-3.55,60847,69195,138595,0.001
503,UUU,Industrials,Building Products & Equipment,NYSE ARCA,139.45,91,93,96,95,6.43,20168890.45790863,3028362.0,0.0108,-22.25,40094,32571,33068,-0.996
504,NEWP,Basic Materials,Silver,NYSE ARCA,139.44,91,98,96,96,4.13,784696142.8408718,185069855.0,0.0306,-34.55,957276,1174915,1024227,
505,BDSX,Healthcare,Diagnostics & Research,NASDAQ,139.43,91,93,97,29,15.36,160100807.53504276,10355809.0,0.024300002,-24.0,49667,65782,61873,0.423
506,JCSE,Industrials,Specialty Industrial Machinery,NASDAQ,139.42,91,86,84,38,1.44,7352266.474791646,5251619.0,0.0088,-42.4,31410,31186,848940,0.617
507,AEIS,Industrials,Electrical Equipment & Parts,NASDAQ,139.4,91,94,96,92,311.64,11795541692.487732,40010657.0,0.0996,-21.59,1020319,990476,818763,0.263
508,DGII,Technology,Communication Equipment,NASDAQ,139.2,91,91,85,85,66.18,2486459908.9920197,37702199.0,0.0684,-6.51,354285,348831,317399,0.251
509,MPLT,Healthcare,Biotechnology,NASDAQ,139.01,91,91,49,70,29.27,1270132395.1388016,45345676.0,0.0618,-12.05,348542,276284,302120,
510,AGCC,Consumer Defensive,Beverages - Wineries & Distilleries,NASDAQ,138.86,91,97,97,92,15.2,343392548.04611206,22786500.0,0.002,-40.91,37305,39011,104073,2.741
511,SPIR,Industrials,Specialty Business Services,NYSE,138.86,91,94,67,28,16.26,664290174.9330864,38711549.0,0.1233,-37.29,1562499,1559006,2029101,-0.337
512,NAVN,Technology,Software - Application,NASDAQ,138.82,91,74,9,16,20.68,5354114655.482319,252552569.0,0.1504,-12.11,3275207,3435019,3223951,0.348
513,WBD,Communication Services,Entertainment,NASDAQ,138.59,91,92,94,97,26.56,65787266486.64195,2507136702.0,0.0255,-11.47,25127739,19010219,20011193,-0.01
514,COOK,Consumer Cyclical,"Furnishings, Fixtures & Appliances",NYSE,138.57,91,26,8,10,66.0,177312382.84917068,2781807.0,0.0625,-40.27,46120,31113,24276,-0.344
515,CMTV,Financial Services,Banks - Regional,NASDAQ,138.56,91,89,95,82,39.73,215822357.268425,5591253.0,0.0162,-7.43,18892,18124,21994,0.151
516,MATX,Industrials,Marine Shipping,NYSE,138.45,91,87,83,54,194.23,5668918018.57489,30263281.0,0.0435,0.88,221357,232332,231585,-0.031
517,HIVE,Financial Services,Capital Markets,NASDAQ,138.43,91,77,30,62,3.74,1008214190.0691619,267430821.0,1.81,-52.3,35221726,30266705,25223111,2.186
518,ICCC,Healthcare,Biotechnology,NASDAQ,138.42,91,82,68,70,9.77,86939735.28402805,9046799.0,0.0014,-9.12,22276,29688,28751,0.284
519,ECO,Industrials,Marine Shipping,NYSE,138.38,91,93,93,88,49.04,1863991895.235157,39044655.0,0.0086,-16.1,441586,462775,471415,1.123
520,YPF,Energy,Oil & Gas Integrated,NYSE,138.08,91,76,74,61,53.61,22573589321.5,421936249.0,3.6,-4.52,2150140,2089196,2258390,0.428
521,NTAP,Technology,Software - Infrastructure,NASDAQ,138.06,91,66,36,52,165.0,33083999200.16913,198060348.0,0.1402,-14.43,5384388,3528499,2958941,0.125
522,NVRI,Industrials,Waste Management,NYSE,138.06,91,91,93,95,21.13,542600429.4507103,28114013.0,,-1.31,1099064,1768624,1480854,0.003
523,MSBI,Financial Services,Banks - Regional,NASDAQ,138.03,91,86,72,73,28.89,591421179.7040234,20729799.0,0.0332,0.31,120304,142184,148224,0.143
524,RELL,Technology,Electronic Components,NASDAQ,138.03,91,84,62,50,16.26,235822147.5060501,14556922.0,0.0359,-18.13,255434,284994,230812,0.031
525,VACH,Financial Services,Shell Companies,NASDAQ,138.0,91,51,56,50,17.3,335225012.0639801,31625000.0,0.0001,10.33,13442,10204,13160,
526,EC,Energy,Oil & Gas Integrated,NYSE,137.92,91,82,90,61,15.88,31145895451.011284,2055834735.0,0.0477,-3.47,3184497,3070592,3108329,-0.087
527,PAYS,Technology,Software - Infrastructure,NASDAQ,137.9,91,92,26,86,6.89,379600196.537364,55905773.0,0.0336,-22.41,651436,805045,835993,0.508
528,PCTTU,Industrials,Pollution & Treatment Controls,NASDAQ,137.86,91,7,10,12,14.0,,,,-41.3,942,314,188,1.612
529,PDEX,Healthcare,Medical Instruments & Supplies,NASDAQ,137.79,91,87,77,63,65.0,208199811.46694183,3192759.0,0.266,-5.78,52821,39377,33116,0.146
530,CAMT,Technology,Semiconductor Equipment & Materials,NASDAQ,137.75,91,94,94,87,168.15,7560963877.306503,46044477.0,0.1026,-22.15,508934,518208,460890,0.025
531,CSTE,Industrials,Building Products & Equipment,NASDAQ,137.6,91,20,4,16,1.74,59126799.569010735,34577075.0,0.0228,-32.56,112653,161584,200806,-0.109
532,WILC,Consumer Defensive,Food Distribution,NASDAQ,137.54,90,91,82,91,34.05,467394515.8078003,13906412.0,0.0007,-8.84,4516,4318,3355,0.083
533,INDV,Healthcare,Drug Manufacturers - Specialty & Generic,NASDAQ,137.49,90,92,93,97,38.26,4446265663.177471,118204585.0,0.138,-6.68,1786327,2227999,1955789,0.192
534,GCO,Consumer Cyclical,Apparel Retail,NYSE,137.31,90,76,57,21,39.69,421143431.1384201,11103175.0,0.1308,-1.73,236868,188946,230921,0.028
535,NVEC,Technology,Semiconductors,NASDAQ,137.12,90,86,47,59,105.17,493923125.32237244,4837167.0,0.083900005,-8.04,218831,172067,129102,0.053
536,ATLC,Financial Services,Credit Services,NASDAQ,137.06,90,85,27,64,88.78,1271423524.6317673,15117997.0,0.2321,-4.75,149935,99845,86139,0.608
537,NAK,Basic Materials,Other Industrial Metals & Mining,NYSE ARCA,137.02,90,89,73,98,1.94,1070194300.7175972,560311162.0,0.0519,-34.9,7589014,7157468,8270054,
538,CBL,Real Estate,REIT - Retail,NYSE,136.9,90,88,80,84,49.76,1498654639.3835907,30944758.0,0.0402,1.18,258190,244103,216922,0.03
539,ABCL,Healthcare,Biotechnology,NASDAQ,136.88,90,91,59,59,5.3,1716209673.7125597,305375393.0,0.1823,-21.94,7872971,9196647,7234604,0.963
540,GSIT,Technology,Semiconductors,NASDAQ,136.77,90,97,97,93,7.63,289851494.3123646,36186203.0,0.065799996,-57.96,1728967,2400545,1745625,0.074
541,DHX,Technology,Software - Application,NYSE,136.75,90,92,76,15,3.53,145578963.6463232,43198507.0,0.0075,-13.9,169668,310409,269579,-0.102
542,PWR,Industrials,Engineering & Construction,NYSE,136.75,90,93,91,82,691.95,104308307973.24329,150060149.0,0.0336,-12.27,1068963,1239511,1109852,0.263
543,AKAM,Technology,Software - Infrastructure,NASDAQ,136.7,90,93,85,58,137.81,21708956608.154846,145385451.0,0.1468,-16.71,4324609,6344059,5751857,0.058
544,OLPX,Consumer Cyclical,Specialty Retail,NASDAQ,136.62,90,87,34,26,2.04,1371118629.8807716,672116988.0,0.048299998,-0.97,4596844,3671211,4090422,0.025
545,APGE,Healthcare,Biotechnology,NASDAQ,136.52,90,92,90,95,85.0,6552844336.9579315,75389375.0,0.19590001,-10.82,1446897,891569,814617,
546,SPRB,Healthcare,Biotechnology,NASDAQ,136.51,90,89,83,99,49.03,138797380.3799286,2752278.0,0.079,-94.15,43880,46886,68082,
547,ELVN,Healthcare,Biotechnology,NASDAQ,136.47,90,93,89,23,36.11,2114010619.8998566,60904946.0,0.1331,-25.59,964167,751189,923597,
548,WCC,Industrials,Industrial Distribution,NYSE,136.42,90,89,80,86,355.3,17256630165.611572,48704892.0,0.0444,-5.98,474854,639914,574470,0.138
549,MTC,Technology,Software - Application,NASDAQ,136.32,90,98,99,99,2.67,348557338.5,99587811.0,0.0085,-70.64,142349,109066,112825,-1.0
550,LXRX,Healthcare,Biotechnology,NASDAQ,136.29,90,95,97,93,1.88,848415090.0733459,444196390.0,0.111099996,-25.69,1933412,2719147,2457206,15.721
551,ALKS,Healthcare,Drug Manufacturers - Specialty & Generic,NASDAQ,136.28,90,64,38,33,44.29,7133724412.436451,166675807.0,0.1523,-0.63,2338164,2192121,2320778,0.282
552,IMDX,Healthcare,Diagnostics & Research,NASDAQ,136.28,90,66,84,91,5.85,169200467.6893673,32290167.0,0.0747,-31.26,274206,404345,418385,-0.985
553,CORT,Healthcare,Biotechnology,NASDAQ,136.23,90,31,7,84,77.49,7795873051.129959,107351594.0,0.111999996,-14.85,1028481,1184063,1160836,0.049
554,IMVT,Healthcare,Biotechnology,NASDAQ,136.23,90,86,82,89,31.61,6387160533.180618,205308917.0,0.2244,-12.88,1590136,2214335,1948519,
555,PKOH,Industrials,Specialty Industrial Machinery,NASDAQ,136.23,90,85,75,58,33.52,460885365.5231514,14398169.0,0.0107,-4.26,59326,82338,64151,0.038
556,R,Industrials,Rental & Leasing Services,NYSE,136.22,90,80,71,73,276.95,10261631841.190247,38691018.0,0.0469,2.58,368730,397950,403376,-0.002
557,GLBS,Industrials,Marine Shipping,NASDAQ,136.18,90,89,84,83,2.16,45107007.237576246,21582301.0,0.013200001,-11.48,72919,61259,82491,0.548
558,PLSE,Healthcare,Medical Instruments & Supplies,NASDAQ,136.16,90,52,89,26,25.77,1753081999.679718,69209712.0,0.1675,-9.67,292593,355411,315572,
559,GEO,Industrials,Security & Protection Services,NYSE,136.15,90,72,18,14,27.03,3381878696.6801376,133618284.0,0.103599995,-3.12,1752486,1867155,1759545,0.166
560,SNDR,Industrials,Trucking,NYSE,136.13,90,71,41,64,38.03,6516375340.348907,175124308.0,0.1181,0.52,982104,1069274,1091982,-0.002
561,AMN,Healthcare,Medical Care Facilities,NYSE,136.09,90,88,47,15,30.33,1229130008.5939865,38786052.0,0.0791,-4.8,1088244,1268411,1033504,0.999
562,UNIT,Real Estate,REIT - Specialty,NASDAQ,136.05,90,88,64,44,11.41,2836086889.4614563,242815652.0,0.1181,-7.87,1692502,2301294,2574122,2.36
563,VBNK,Financial Services,Banks - Regional,NASDAQ,136.01,90,85,74,73,19.67,619123238.5719795,32195697.0,4.35,-5.3,96052,66517,80490,0.295
564,ST,Technology,Scientific & Technical Instruments,NYSE,135.93,90,86,69,73,49.65,7248333194.831169,145432046.0,0.061300002,-7.87,2673073,2578974,2259652,0.026
565,SAIA,Industrials,Trucking,NASDAQ,135.91,90,85,50,49,479.3,12410062892.004395,26601922.0,0.048499998,-1.18,397169,401343,434303,0.024
566,ASTH,Healthcare,Medical Care Facilities,NASDAQ,135.89,90,89,40,17,38.29,1883674133.0441208,49583418.0,0.104399994,-4.11,429669,469569,459283,0.556
567,SSSS,Financial Services,Asset Management,NASDAQ,135.8,90,91,84,83,13.72,358204651.9530029,26070208.0,0.0098,-8.41,311588,304362,355609,0.467
568,HP,Energy,Oil & Gas Drilling,NYSE,135.78,90,90,91,82,37.91,3743413370.430481,99930952.0,0.1165,-9.35,1120928,1164789,1136535,-0.082
569,BRKR,Healthcare,Medical Devices,NASDAQ,135.64,90,67,28,72,57.24,8584002844.448853,152225624.0,0.17,-11.31,3866786,2866388,2460681,0.027
570,JAZZ,Healthcare,Biotechnology,NASDAQ,135.44,90,92,84,85,229.19,14968555026.942139,62742820.0,0.088999994,-5.81,1016879,933833,943715,0.191
571,TSM,Technology,Semiconductors,NYSE,135.41,90,87,88,85,427.92,2153268485619.8054,5186474013.0,0.0058999998,-4.94,13629634,13242651,13547660,0.351
572,ALB,Basic Materials,Specialty Chemicals,NYSE,135.34,90,95,95,93,152.79,18331762439.366394,117934651.0,0.00090000004,-30.86,2134310,2112623,2094408,0.327
573,CVE,Energy,Oil & Gas Integrated,NYSE,135.33,90,92,90,69,27.65,52625190899.53041,1864819000.0,4.45,-13.78,7111368,8412992,8940933,-0.071
574,ULCC,Industrials,Airlines,NASDAQ,135.32,90,68,16,68,6.35,1364948663.0486512,229789335.0,0.39880002,-4.65,4506592,5671367,5706102,0.088
575,XOS,Industrials,Farm & Heavy Construction Machinery,NASDAQ,135.29,90,15,23,14,3.58,64741007.21383095,13658441.0,0.119399995,-56.71,14578123,5337154,3212064,0.909
576,FRO,Energy,Oil & Gas Midstream,NYSE,135.29,90,92,91,79,36.27,7829646633.665314,222622890.0,0.0431,-9.07,2918248,2707382,2999505,0.669
577,CALY,Consumer Cyclical,Leisure,NYSE,135.24,90,88,91,88,16.0,2660411966.686034,179757563.0,0.047,-11.11,2335698,3073682,2758709,0.092
578,MRCY,Industrials,Aerospace & Defense,NASDAQ,135.21,90,84,83,87,108.82,6681015897.848686,60043283.0,0.094,-8.22,840139,651966,589939,0.115
579,ADV,Communication Services,Advertising Agencies,NASDAQ,135.17,90,87,11,5,37.86,515192100.0,13295280.0,0.088599995,-29.4,107000,99820,96794,0.058
580,ESTA,Healthcare,Medical Devices,NASDAQ,135.09,90,85,88,94,79.82,2186972209.048462,29430390.0,0.15560001,-4.19,499510,532056,486372,0.447
581,IHRT,Communication Services,Broadcasting,NASDAQ,135.08,90,96,67,96,3.83,587982840.1865175,151152397.0,0.0548,-41.62,1694946,1624135,1308483,0.096
582,DMRC,Technology,Software - Application,NASDAQ,135.06,90,71,13,10,11.67,303158121.79539204,22241975.0,0.286,-33.2,306808,260519,237049,-0.191
583,CLSK,Financial Services,Capital Markets,NASDAQ,134.99,90,81,35,75,15.97,4000528206.695366,256608606.0,0.4584,-32.36,24790740,23523683,22259558,-0.249
584,RAPP,Healthcare,Biotechnology,NASDAQ,134.97,90,95,93,94,35.84,1726552063.921898,47826929.0,0.0801,-15.21,236110,295776,318972,
585,ESI,Basic Materials,Specialty Chemicals,NYSE,134.89,90,91,80,52,41.28,9705310805.491508,243607198.0,0.0757,-9.31,2507302,3168490,3007518,0.415
586,WERN,Industrials,Trucking,NASDAQ,134.82,90,75,41,52,43.5,2605431943.0140305,59950115.0,0.0715,-1.47,894056,1167975,1059711,0.136
587,TXN,Technology,Semiconductors,NASDAQ,134.65,90,89,62,38,288.63,259431048780.55377,910092791.0,0.0223,-12.93,9343180,8086160,7864298,0.186
588,XPO,Industrials,Trucking,NYSE,134.54,90,83,88,70,227.58,25705741526.78546,117409981.0,0.062,-1.68,2108144,1642118,1454304,0.073
589,SHLS,Technology,Solar,NASDAQ,134.52,90,81,62,93,9.63,1813613412.169856,167771817.0,0.113299996,-26.93,5740010,5706603,5655826,0.749
590,FOSL,Consumer Cyclical,Footwear & Accessories,NASDAQ,134.49,90,95,96,96,4.18,234042330.33454704,59101598.0,0.059699997,-27.3,640707,810355,764587,-0.036
591,MRTN,Industrials,Trucking,NASDAQ,134.47,89,76,42,30,18.03,1448207146.25,81589135.0,0.0629,0.17,927878,934102,899029,-0.088
592,ARKO,Consumer Cyclical,Specialty Retail,NASDAQ,134.45,89,80,74,56,7.63,840271024.6127262,112185721.0,0.0511,-4.03,727673,842577,918058,-0.031
593,ZGN,Consumer Cyclical,Apparel Manufacturing,NYSE,134.1,89,81,67,76,14.78,3929722197.1743965,268240430.0,0.0531,-1.47,1488400,1005733,872710,0.003
594,SKK,Industrials,Engineering & Construction,NASDAQ,134.0,89,78,13,8,5.26,9819203.350458145,2448679.0,0.045700002,-70.7,41357,1527275,977899,-0.046
595,FGI,Consumer Cyclical,"Furnishings, Fixtures & Appliances",NASDAQ,133.91,89,81,26,62,5.9,11471749.850508213,1931271.0,0.0774,-53.25,31730,60916,248384,-0.082
596,DK,Energy,Oil & Gas Refining & Marketing,NYSE,133.9,89,93,94,91,46.55,2958962452.946106,61287542.0,0.1295,-5.96,1028625,1236325,1230467,0.004
597,CARE,Financial Services,Banks - Regional,NASDAQ,133.9,89,85,66,64,28.72,634216185.7448578,22222010.0,0.0505,-0.1,288980,310026,321072,2.6
598,YOU,Technology,Software - Application,NYSE,133.76,89,93,89,84,53.19,5493667228.726215,100764255.0,0.1229,-15.21,1314888,1470196,1493443,0.197
599,KELYB,Industrials,Staffing & Employment Services,NASDAQ,133.69,89,71,84,13,17.91,666341807.9945564,34669190.0,0.0033000002,-85.67,4974,3228,14012,-0.107
600,CVU,Industrials,Aerospace & Defense,NYSE ARCA,133.67,89,76,91,63,4.97,66444637.84149885,13209669.0,0.0069999998,-7.96,116137,104625,99991,0.127
601,LASE,Industrials,Specialty Industrial Machinery,NASDAQ,133.49,89,10,5,29,2.51,119561611.62184381,38568263.0,0.0535,-62.92,68033143,23552834,15092724,0.902
602,IART,Healthcare,Medical Devices,NASDAQ,133.48,89,71,13,21,17.9,1321769364.163702,77796903.0,0.16309999,0.39,969873,1155907,991696,0.024
603,PEB,Real Estate,REIT - Hotel & Motel,NYSE,133.47,89,79,65,48,17.09,1914806309.9549103,113369235.0,0.17899999,-0.64,2203528,2339112,2393089,0.079
604,ALOY,Basic Materials,Other Industrial Metals & Mining,NASDAQ,133.45,89,83,97,95,12.53,763944427.0186844,61213498.0,1.91,-53.42,3062945,2085131,1943137,
605,ADTN,Technology,Communication Equipment,NASDAQ,133.38,89,92,72,37,14.26,1243320865.898323,80998100.0,0.16129999,-28.63,3636298,2986816,2787231,0.155
606,CAR,Industrials,Rental & Leasing Services,NASDAQ,133.37,89,74,41,79,181.34,6245104037.772736,35324986.0,0.60080004,-78.61,913119,1436673,3238539,0.041
607,CMI,Industrials,Specialty Industrial Machinery,NYSE,133.35,89,89,86,88,669.23,89861236169.09155,137989067.0,0.014400001,-6.8,961179,969846,884389,0.027
608,MSGE,Communication Services,Entertainment,NYSE,133.31,89,82,85,86,72.39,3409761353.3384705,47305234.0,0.0484,-0.84,412623,446744,390230,0.016
609,FN,Technology,Electronic Components,NYSE,133.19,89,93,90,92,586.0,22259225975.0,35829740.0,0.0885,-21.75,1118423,973874,853992,0.393
610,SEZL,Financial Services,Credit Services,NASDAQ,133.18,89,83,43,44,121.5,3901070546.0250626,33627019.0,0.2881,-34.94,577859,669403,711931,0.292
611,OMER,Healthcare,Biotechnology,NASDAQ,133.15,89,95,95,94,9.97,708554722.6890993,72375355.0,0.2284,-43.51,1977498,1581622,1508839,
612,AMWL,Healthcare,Health Information Services,NYSE,133.11,89,89,45,12,8.5,144027121.54786587,16708483.0,0.0166,-14.66,159260,94836,80120,-0.179
613,ELMD,Healthcare,Medical Devices,NYSE ARCA,133.1,89,59,39,78,36.29,312075600.7890625,8280064.0,0.018099999,-9.28,57273,67397,56954,0.184
614,PRLB,Industrials,Metal Fabrication,NYSE,132.94,89,82,79,78,75.48,1728399414.2772675,23794045.0,0.0372,-3.87,200473,200777,177910,0.104
615,JXG,Consumer Cyclical,Apparel Manufacturing,NASDAQ,132.91,89,8,3,3,9.48,105523923.75,12059877.0,0.0013,-75.31,8604,7818,5700,1.667
616,ANDE,Consumer Defensive,Food Distribution,NASDAQ,132.91,89,87,93,86,72.14,2479475734.220215,34054056.0,0.0344,-12.14,292159,341683,315661,-0.012
617,NHC,Healthcare,Medical Care Facilities,NYSE ARCA,132.9,89,87,88,83,192.12,3001001701.5977783,15619641.0,0.0502,-6.31,111319,105023,114165,0.022
618,ALGM,Technology,Semiconductors,NASDAQ,132.88,89,89,67,37,46.63,8638857300.678864,186222406.0,0.1066,-14.28,2315418,2635832,2298771,0.261
619,FDX,Industrials,Integrated Freight & Logistics,NYSE,132.87,89,83,89,75,331.76,78978836236.0,238606756.0,0.0168,-2.75,2270719,2074256,1988652,0.083
620,GNRC,Industrials,Specialty Industrial Machinery,NYSE,132.83,89,90,85,50,260.99,15396515331.76828,58868681.0,0.045300003,-11.28,845641,900407,813242,0.124
621,ODFL,Industrials,Trucking,NASDAQ,132.81,89,73,74,42,248.73,50446867930.5152,207968283.0,0.0681,-0.16,2086313,2073117,1994780,-0.029
622,BLZE,Technology,Software - Infrastructure,NASDAQ,132.64,89,84,16,13,7.38,465714326.2962818,60014731.0,0.0295,-32.03,1615922,2882737,1924630,0.117
623,PGC,Financial Services,Banks - Regional,NASDAQ,132.61,89,85,74,43,45.17,783506696.7888794,17718378.0,0.0335,1.28,119186,117252,120243,0.255
624,INTG,Consumer Cyclical,Lodging,NASDAQ,132.59,89,94,96,95,32.54,69879367.22364807,2148812.0,0.0126,-25.78,50562,45360,40062,0.211
625,FTI,Energy,Oil & Gas Equipment & Services,NYSE,132.59,89,91,93,85,68.39,26641260635.865837,398701897.0,0.026300002,-12.07,7992158,5414516,4587767,0.116
626,BRKRP,Healthcare,Medical Devices,NASDAQ,132.4,89,73,48,85,419.49,,,0.07,-9.52,32550,40173,26184,0.027
627,PTRN,Technology,Software - Application,NASDAQ,132.36,89,65,25,18,20.41,3455783591.187916,176766431.0,0.0399,-1.97,1519137,1471682,1131007,0.432
628,RSI,Consumer Cyclical,Gambling,NYSE,132.34,89,92,85,80,27.59,2691206335.382126,102953573.0,0.0912,-5.64,1901289,2251926,1898699,0.411
629,PARR,Energy,Oil & Gas Refining & Marketing,NYSE,132.3,89,95,97,94,54.64,2791030450.1685905,50144277.0,0.1141,-22.38,909650,1179440,1275674,0.045
630,DY,Industrials,Engineering & Construction,NYSE,132.23,89,86,88,92,453.79,14003066800.740509,30031455.0,0.0806,-19.89,691526,513288,466007,0.561
631,DBI,Consumer Cyclical,Footwear & Accessories,NYSE,132.12,89,90,85,97,7.02,428325935.9446535,50749521.0,0.45720002,-23.45,858430,593416,631638,0.0
632,STAA,Healthcare,Medical Instruments & Supplies,NASDAQ,132.08,89,81,32,60,29.87,1493156953.6543179,49788495.0,0.2488,-16.73,785241,960107,1063110,1.196
633,GRDN,Healthcare,Medical Care Facilities,NYSE,132.0,89,79,84,81,41.83,2563219235.334114,63320634.0,0.0746,0.1,399113,403031,436268,0.022
634,DSGN,Healthcare,Biotechnology,NASDAQ,131.98,89,97,94,93,10.55,665166749.2745552,62456974.0,0.0616,-38.84,861411,1137217,822530,
635,VVX,Industrials,Aerospace & Defense,NYSE,131.82,89,71,84,56,85.52,2659512587.4016113,31310484.0,0.0355,0.6,579648,611136,535961,0.234
636,DXPE,Industrials,Industrial Distribution,NASDAQ,131.78,89,79,86,73,162.83,2440536014.163086,15505312.0,0.0427,-11.46,150401,181687,189400,0.095
637,AAON,Industrials,Building Products & Equipment,NASDAQ,131.78,89,87,60,29,129.66,10863130580.240479,81911710.0,0.0794,-13.82,1071258,1324452,1129923,0.543
638,VCYT,Healthcare,Diagnostics & Research,NASDAQ,131.74,89,69,42,85,49.24,3888295651.783825,79792647.0,0.1274,-2.9,1286952,1185804,1006000,0.215
639,ADI,Technology,Semiconductors,NASDAQ,131.66,89,91,82,78,404.62,195511874120.66406,487087040.0,0.0217,-7.98,5081076,4593208,4048373,0.372
640,CROX,Consumer Cyclical,Footwear & Accessories,NASDAQ,131.62,89,71,30,36,127.77,5930459412.979614,49689648.0,0.1353,4.44,1337944,1261548,1281038,-0.017
641,APA,Energy,Oil & Gas E&P,NASDAQ,131.59,89,91,92,72,36.61,12926406093.519447,353470227.0,0.0956,-19.82,4715219,6155069,7025701,-0.119
642,NSA,Real Estate,REIT - Industrial,NYSE,131.48,89,83,53,28,45.19,3353340331.753395,77212533.0,0.0001,2.67,826321,917777,915014,0.18
643,CTS,Technology,Electronic Components,NYSE,131.35,89,81,62,44,66.27,1797064349.8706818,28592910.0,0.0219,-1.55,272415,295898,251293,0.107
644,NTCT,Technology,Software - Infrastructure,NASDAQ,131.19,89,89,79,72,40.15,2901990787.759304,71495215.0,0.0505,-8.33,753718,641816,594615,-0.01
645,DAR,Consumer Defensive,Packaged Foods,NYSE,131.18,89,91,93,60,58.36,9448231851.601955,158927363.0,0.0423,-11.6,1890618,2372032,2676377,0.123
646,HAL,Energy,Oil & Gas Equipment & Services,NYSE,131.17,89,89,87,75,39.62,32730883512.243156,835397735.0,0.0519,-9.11,11419386,10743452,12508833,-0.003
647,TMQ,Basic Materials,Other Industrial Metals & Mining,NYSE ARCA,131.05,89,93,95,98,3.74,659124329.4613359,172545639.0,0.070700005,-66.87,2895319,2815936,2683721,
648,CMPR,Industrials,Specialty Business Services,NASDAQ,131.02,89,86,83,84,92.57,2291144183.45047,24232090.0,0.1313,-12.78,167507,198012,167189,0.123
649,MYE,Consumer Cyclical,Packaging & Containers,NYSE,130.94,89,82,85,87,26.06,890859652.0514336,37557322.0,0.028900001,7.46,305844,269358,231752,0.018
650,ILMN,Healthcare,Diagnostics & Research,NASDAQ,130.91,88,83,74,84,160.03,24559017108.154297,151300000.0,0.081099994,-9.7,2157000,1872400,1658882,0.048
651,BWMX,Consumer Cyclical,Specialty Retail,NYSE,130.7,88,76,91,83,18.44,677839372.414856,37243920.0,0.0093,-6.82,82953,84397,89168,0.003
652,CGNX,Technology,Scientific & Technical Instruments,NASDAQ,130.5,88,92,87,35,61.32,10121630959.032814,166419451.0,0.036199998,-14.71,2177247,2601019,2202483,0.243
653,ESLT,Industrials,Aerospace & Defense,NASDAQ,130.49,88,88,95,83,837.59,38560049328.69629,46832552.0,0.0070999996,-17.56,112561,117453,118708,0.155
654,TS,Energy,Oil & Gas Equipment & Services,NYSE,130.38,88,88,88,64,61.31,31016132611.055397,504819878.0,0.0228,-5.09,1393980,1686783,1828636,0.061
655,SPCE,Industrials,Aerospace & Defense,NYSE,130.27,88,38,21,22,4.59,457499658.0735798,104451974.0,0.2258,-48.43,92105264,38580318,27741722,-0.508
656,NAT,Energy,Oil & Gas Midstream,NYSE,130.19,88,92,94,78,5.32,1141336045.2982364,211750663.0,0.0916,-16.09,3781113,3143674,3961976,1.043
657,SQM,Basic Materials,Specialty Chemicals,NYSE,130.1,88,93,92,91,75.66,21545659944.60974,285637808.0,1.3,-22.8,1439482,1218214,1319042,0.698
658,ORN,Industrials,Engineering & Construction,NYSE,130.09,88,88,81,88,13.89,551732563.7724857,40479278.0,0.0424,-12.37,338569,406396,332539,0.147
659,TRVG,Communication Services,Internet Content & Information,NASDAQ,130.07,88,36,28,27,4.64,303307587.6029682,70701070.0,0.0008,-7.2,86943,90347,63506,0.151
660,BOTJ,Financial Services,Banks - Regional,NASDAQ,130.01,88,84,87,82,24.99,104269633.51629257,4543339.0,0.0019,-16.11,16596,14882,13183,0.182
661,PHIN,Consumer Cyclical,Auto Parts,NYSE,130.01,88,85,82,72,81.51,2942394074.115555,37020558.0,0.1121,-2.21,303841,333127,327644,0.103
662,SVM,Basic Materials,Silver,NYSE ARCA,130.01,88,96,96,95,10.07,2353595048.3438635,221202535.0,0.1266,-36.14,3024382,3629297,3568252,0.962
663,RLJ,Real Estate,REIT - Hotel & Motel,NYSE,130.0,88,73,50,39,10.62,1610455153.556591,151929726.0,0.13,-0.75,2079610,2729536,2552630,0.036
664,RCUS,Healthcare,Biotechnology,NYSE,129.78,88,93,93,95,23.64,2916679693.950115,125773162.0,0.1424,-17.69,1071263,995464,1114534,-0.393
665,TCMD,Healthcare,Medical Devices,NASDAQ,129.75,88,84,94,96,26.34,572928995.3954697,22556260.0,0.1039,-30.26,249040,360400,308124,0.228
666,NPO,Industrials,Specialty Industrial Machinery,NYSE,129.67,88,84,77,66,329.43,6594477210.432617,21126664.0,0.0228,0.75,169659,213913,238977,0.109
667,TEN,Energy,Oil & Gas Midstream,NYSE,129.65,88,94,93,75,37.1,1114721311.0,30127603.0,0.0146,-19.08,352833,322487,341192,0.284
668,NXDT,Real Estate,REIT - Diversified,NYSE,129.61,88,84,85,36,5.13,267411936.2062111,51723778.0,0.0208,-8.56,154132,167967,147246,-0.204
669,ZVRA,Healthcare,Biotechnology,NASDAQ,129.6,88,73,78,51,13.66,627211020.9444466,59115084.0,0.076,3.8,2529121,1969303,1479546,0.775
670,VTRS,Healthcare,Drug Manufacturers - Specialty & Generic,NASDAQ,129.5,88,87,87,76,16.2,18493096278.792473,1164552654.0,0.0328,-7.59,9441914,12180878,10899938,0.081
671,ELDN,Healthcare,Biotechnology,NASDAQ,129.37,88,90,77,8,3.55,263210483.055084,77187823.0,0.0879,-22.83,976976,1109518,1370983,
672,PSTL,Real Estate,REIT - Office,NYSE,129.31,88,87,85,62,23.45,628785189.0311737,27651064.0,0.1188,-4.25,322972,329590,285382,0.203
673,VLO,Energy,Oil & Gas Refining & Marketing,NYSE,129.24,88,89,92,73,253.78,75961346466.04065,296932782.0,0.033,-4.45,2673035,2974848,3069445,0.066
674,QURE,Healthcare,Biotechnology,NASDAQ,129.2,88,86,37,87,26.46,1668135026.3666725,63067485.0,0.1657,-62.99,1640945,1956878,1740887,1.273
675,NERV,Healthcare,Biotechnology,NASDAQ,129.14,88,94,99,96,4.74,231079998.4172182,46588709.0,0.026700001,-61.96,102620,130900,161544,
676,DUOT,Technology,Software - Application,NASDAQ,129.06,88,51,46,87,11.35,344844002.1516094,29323469.0,0.093,-25.72,802819,764029,663757,-0.45
677,STK,Financial Services,Asset Management,NYSE,129.05,88,88,80,73,49.68,900904260.626049,17661327.0,0.4,-15.02,96819,74613,66087,
678,XOMA,Healthcare,Biotechnology,NASDAQ,128.86,88,90,51,30,41.95,527851954.6136093,12541030.0,0.115600005,-2.01,101684,196384,235774,-0.226
679,TALK,Healthcare,Health Information Services,NASDAQ,128.85,88,89,94,80,5.21,874415559.374465,167512566.0,0.0394,-0.38,1651814,1559464,1680270,0.182
680,TYRA,Healthcare,Biotechnology,NASDAQ,128.72,88,96,98,94,25.94,1584290913.54216,59470381.0,0.2507,-36.19,994603,836307,952716,
681,APEI,Consumer Defensive,Education & Training Services,NASDAQ,128.69,88,91,95,85,52.4,965784671.1899414,18343488.0,0.13229999,-14.92,202800,245970,253398,0.062
682,FNRN,Financial Services,Banks - Regional,NASDAQ,128.64,88,87,82,80,17.61,283020853.5,16407006.0,0.0011,-2.11,103826,71048,46279,0.127
683,ENVA,Financial Services,Credit Services,NYSE,128.57,88,82,75,89,179.41,4201068324.982422,24884896.0,0.09770001,1.55,208134,216904,219994,0.258
684,JBIO,Healthcare,Biotechnology,NASDAQ,128.56,88,97,76,83,15.22,1005556314.2015934,59359875.0,0.090100005,-45.64,1545476,866625,830617,
685,TUSK,Industrials,Conglomerates,NASDAQ,128.55,88,78,49,14,3.34,159926544.82426238,48170647.0,0.0304,-14.8,326271,390383,345246,0.894
686,CCCC,Healthcare,Biotechnology,NASDAQ,128.55,88,90,80,36,3.58,425683794.155488,110567222.0,0.1935,-22.14,2667470,2815026,2927784,-0.15
687,VIST,Energy,Oil & Gas E&P,NYSE,128.3,88,81,88,65,71.5,8293543501.622864,111442404.0,0.027999999,-12.21,689893,1108111,1284974,0.973
688,ANNX,Healthcare,Biotechnology,NASDAQ,128.27,88,94,94,94,5.2,866727019.7699032,163842538.0,0.1584,-27.58,2806149,2423263,2442897,
689,BMHL,Financial Services,Capital Markets,NASDAQ,128.25,88,54,44,26,5.45,109736636.96758175,25520147.0,0.0018000001,21.38,21065,9328,6391,1.657
690,XELB,Consumer Cyclical,Apparel Manufacturing,NASDAQ,128.21,88,86,39,9,2.1,12172803.15224433,6056121.0,0.0063,-21.05,21005,18981,27611,-0.141
691,DINO,Energy,Oil & Gas Refining & Marketing,NYSE,128.2,88,89,86,76,69.62,12869863337.398605,180275437.0,0.0452,-6.84,2138970,2440946,2249782,0.118
692,Q,Technology,Semiconductor Equipment & Materials,NYSE,128.2,88,88,78,20,144.7,29736634993.20256,209339207.0,0.0232,-15.64,1789958,1911239,1740287,0.176
693,NXT,Technology,Solar,NASDAQ,128.16,88,91,94,92,119.27,19771613381.683105,150274472.0,0.0698,-26.89,2280203,2425764,2203438,-0.047
694,OUT,Real Estate,REIT - Specialty,NYSE,128.04,88,91,89,85,30.65,5493181646.325798,176063510.0,0.0454,-12.33,1686676,1717942,1506245,0.1
695,WFRD,Energy,Oil & Gas Equipment & Services,NASDAQ,128.03,88,87,87,83,101.26,6988984378.740784,71925332.0,0.0689,-10.51,1031791,1093550,1180596,-0.034
696,CDXS,Healthcare,Biotechnology,NASDAQ,127.69,88,88,24,10,2.47,232695206.31885672,90896567.0,0.041300002,-36.18,886917,1030612,1190225,1.021
697,ADUR,Industrials,Pollution & Treatment Controls,NASDAQ,127.51,88,82,77,91,16.88,472856803.49913406,33727303.0,5.91,-7.2,671400,493070,405690,
698,OII,Energy,Oil & Gas Equipment & Services,NYSE,127.48,88,88,89,65,39.01,3705536152.5491714,99745249.0,0.0622,-2.77,946507,924965,1041479,0.027
699,LGND,Healthcare,Biotechnology,NASDAQ,127.46,88,84,89,89,243.28,4749731457.0,20041061.0,0.09,-1.66,179091,211017,215606,0.141
700,FCFS,Financial Services,Credit Services,NASDAQ,127.39,88,87,87,82,229.35,9882542824.303162,43836687.0,0.0379,-2.81,372978,344686,361433,0.257
701,BFH,Financial Services,Credit Services,NYSE,127.34,88,81,77,83,94.22,3681487716.8125153,40407065.0,0.0,-4.95,688848,584822,645983,0.061
702,CRVS,Healthcare,Biotechnology,NASDAQ,127.33,88,95,98,91,11.17,935085505.2566147,84090424.0,0.2556,-58.55,1589772,1678017,1493406,
703,ENTG,Technology,Semiconductor Equipment & Materials,NASDAQ,127.32,88,89,78,38,134.35,19099943557.739258,152300000.0,0.0735,-15.58,2973353,3211227,2922464,0.05
704,LTRX,Technology,Communication Equipment,NASDAQ,127.31,88,90,93,93,6.37,292632393.7674756,44608597.0,0.0111,-27.2,1912112,1307717,976702,0.059
705,GBTG,Consumer Cyclical,Travel Services,NYSE,127.21,88,86,21,52,9.35,4870398652.567863,521455950.0,0.0238,-1.99,4221353,6297574,4279916,0.353
706,INNV,Healthcare,Medical Care Facilities,NASDAQ,127.19,88,86,96,85,7.69,990875694.7896624,135736393.0,0.0467,-28.06,327700,293193,275464,0.155
707,BSTZ,Financial Services,Asset Management,NYSE,127.15,88,84,68,69,29.23,1997017505.0523758,68744150.0,0.0016,-7.44,233658,232669,217829,
708,HSPTU,Financial Services,Shell Companies,NASDAQ,127.12,87,39,18,53,12.8,,,0.08,-22.85,11443,5013,3020,
709,SOLS,Basic Materials,Specialty Chemicals,NASDAQ,127.01,87,89,90,45,80.28,12866321665.364601,158804273.0,0.0323,-11.59,1705865,2132385,1989169,0.106
710,LXFR,Industrials,Specialty Industrial Machinery,NYSE,126.9,87,73,37,62,17.52,457488582.88297844,27006409.0,0.013300001,-2.88,140054,150148,137026,-0.135
711,IX,Financial Services,Financial Conglomerates,NYSE,126.74,87,82,78,80,38.9,40634184655.61588,1072708118.0,0.0007,-2.75,461670,338513,351596,0.28
712,RHLD,Industrials,Specialty Business Services,NYSE,126.57,87,87,95,99,122.13,979993219.0799713,8257442.0,0.1089,-48.29,198219,189406,181061,2.925
713,GPRK,Energy,Oil & Gas E&P,NYSE,126.56,87,80,80,34,10.84,683700093.5802917,64683076.0,0.0257,-8.68,757893,621061,801154,-0.065
714,AVAL,Financial Services,Banks - Regional,NYSE,126.56,87,77,76,89,5.09,5698434408.83543,1187173788.0,0.0017,-5.21,360314,291374,249502,0.19
715,NUTR,Consumer Cyclical,Travel Services,NASDAQ,126.44,87,87,93,96,9.0,174412512.0,19379168.0,0.0682,-11.24,0,0,0,3.432
716,PAMT,Industrials,Trucking,NASDAQ,126.39,87,20,16,21,14.34,288388383.07705307,20943237.0,0.0219,-3.56,19993,16337,13864,-0.087
717,DVA,Healthcare,Medical Care Facilities,NYSE,126.27,87,86,75,25,198.19,12333789835.05249,64185000.0,0.173,-2.22,708909,964259,837703,0.06
718,OSUR,Healthcare,Medical Instruments & Supplies,NASDAQ,126.21,87,66,53,17,4.24,278148151.49363613,68848553.0,0.0469,-2.08,866507,780962,604325,-0.067
719,PANW,Technology,Software - Infrastructure,NASDAQ,126.21,87,72,32,33,260.52,221720740051.26953,815000000.0,0.0348,-14.01,11038799,8902976,8519199,0.311
720,BHP,Basic Materials,Other Industrial Metals & Mining,NYSE,126.21,87,87,83,71,84.73,210137349111.2472,2540345092.0,0.0061000003,-9.57,3104786,2669465,2671569,0.108
721,HST,Real Estate,REIT - Hotel & Motel,NASDAQ,126.18,87,79,74,69,24.47,16861728472.993567,684879281.0,0.0732,-1.25,8544154,8446288,8381440,0.028
722,TEVA,Healthcare,Drug Manufacturers - Specialty & Generic,NYSE,126.13,87,88,85,93,34.45,39811756573.5829,1164426972.0,0.023,-7.76,6781145,7170345,6129321,0.023
723,STT,Financial Services,Asset Management,NYSE,126.0,87,80,73,82,163.25,44767067587.75,276767033.0,0.0002,-0.43,1789798,1840422,1977419,-0.028
724,ORA,Utilities,Utilities - Renewable,NYSE,125.98,87,75,79,86,138.18,8603497700.0,61453555.0,0.0942,-5.61,837721,977057,901752,0.758
725,HURC,Industrials,Specialty Industrial Machinery,NASDAQ,125.92,87,40,40,30,21.51,136213567.6099205,6446454.0,0.0191,-1.83,34033,21304,21412,-0.076
726,GOOGL,Communication Services,Internet Content & Information,NASDAQ,125.91,87,90,86,90,364.26,4494199462845.795,12194935223.0,0.014099999,-10.85,36529320,31851720,29279866,0.218
727,KZIA,Healthcare,Biotechnology,NASDAQ,125.81,87,97,33,73,11.42,125581617.39459038,11426899.0,0.0318,-34.37,218014,213334,243268,3.124
728,RIO,Basic Materials,Other Industrial Metals & Mining,NYSE,125.81,87,87,87,79,101.42,163747333054.53217,1626252151.0,0.011,-9.91,2599386,2610655,2569005,0.146
729,AEF,Financial Services,Asset Management,NYSE ARCA,125.76,87,88,83,80,9.1,362164705.1776428,40601424.0,0.88,-10.26,223084,170241,180766,-0.023
730,TGB,Basic Materials,Copper,NYSE ARCA,125.74,87,94,95,95,6.57,2431554692.9208455,365647317.0,1.59,-28.97,5665450,5107633,4812454,0.704
731,FLXS,Consumer Cyclical,"Furnishings, Fixtures & Appliances",NASDAQ,125.73,87,84,74,36,57.97,232068131.74293137,4075661.0,0.0375,-4.92,53173,51111,55532,0.01
732,PBYI,Healthcare,Biotechnology,NASDAQ,125.72,87,85,87,91,7.05,357823186.35913086,50899456.0,0.0967,-10.76,198728,258062,266311,-0.026
733,VIK,Consumer Cyclical,Travel Services,NYSE,125.7,87,81,81,87,90.31,40127372821.81079,446157124.0,0.0374,-3.62,2967510,3464066,3269792,0.175
734,AIR,Industrials,Aerospace & Defense,NYSE,125.66,87,83,87,74,120.13,4638501922.875458,39764268.0,0.0298,-5.57,345279,368586,381517,0.246
735,CCO,Communication Services,Advertising Agencies,NYSE,125.65,87,88,93,90,2.4,1221560462.9404497,508983506.0,0.0493,-1.23,9572620,6918656,6093150,0.119
736,RIG,Energy,Oil & Gas Drilling,NYSE,125.48,87,92,95,75,5.87,6585223621.502224,1106760308.0,0.2189,-23.37,28960997,34548039,33260463,0.193
737,GEV,Industrials,Specialty Industrial Machinery,NYSE,125.47,87,92,92,90,920.15,250879670595.62195,268719995.0,0.033,-22.15,2821369,2517056,2478561,0.163
738,ELTX,Healthcare,Biotechnology,NASDAQ,125.46,87,86,88,59,14.2,253081438.42845726,19086081.0,0.1318,-5.14,135352,135827,132042,
739,RPRX,Healthcare,Biotechnology,NASDAQ,125.44,87,81,83,76,55.63,24765723717.012177,443274104.0,0.029000001,-0.78,5454064,4266481,3685104,0.11
740,GLXY,Financial Services,Capital Markets,NASDAQ,125.34,87,79,32,41,32.68,4814104313.342667,191491823.0,0.1409,-28.83,8416006,6166922,5989819,-0.206
741,VIRT,Financial Services,Capital Markets,NYSE,125.27,87,80,69,30,54.56,4540934836.137749,87024431.0,0.042,-3.4,1315927,1336585,1333043,0.303
742,PTGX,Healthcare,Biotechnology,NASDAQ,125.23,87,89,87,93,105.87,6262641326.1035385,64311373.0,0.1319,-1.83,664924,576464,633144,0.99
743,GHRS,Healthcare,Biotechnology,NASDAQ,125.22,87,90,77,72,20.35,1470289155.1077805,68608919.0,0.078,-21.55,274409,239183,242847,
744,CRWD,Technology,Software - Infrastructure,NASDAQ,125.2,87,76,47,72,644.93,170818090488.36914,254564820.0,0.119899996,-17.91,4424123,3487474,3500052,0.256
745,ESPR,Healthcare,Drug Manufacturers - Specialty & Generic,NASDAQ,125.19,87,91,73,95,3.14,805762007.9207478,257431942.0,0.0797,-24.88,11108443,17850357,13919246,0.232
746,PSMT,Consumer Defensive,Discount Stores,NASDAQ,125.18,87,77,87,81,176.26,5374956107.344696,30895879.0,0.0805,-0.67,255816,236858,246095,0.097
747,SLB,Energy,Oil & Gas Equipment & Services,NYSE,125.18,87,84,77,58,55.85,82033812262.17613,1495057661.0,0.047,-5.05,14515852,12600904,13912450,0.027
748,LUMN,Communication Services,Telecom Services,NYSE,125.18,87,84,71,90,8.47,9180071476.487007,1030311070.0,0.0655,-29.12,14569029,14446936,14467725,-0.089
749,ATER,Consumer Cyclical,"Furnishings, Fixtures & Appliances",NASDAQ,125.09,87,72,9,8,1.12,11251665.987291336,10818910.0,0.0476,-40.11,174666,9403588,5658951,-0.714
750,AUGO,Basic Materials,Gold,NASDAQ,125.08,87,96,98,93,57.05,5043400127.410889,83500000.0,0.0917,-48.29,1221654,881708,926942,1.365
751,NXPI,Technology,Semiconductors,NASDAQ,125.06,87,85,32,62,297.41,74721338383.49435,252471079.0,0.0347,-12.51,4231226,4309655,3818841,0.122
752,VAL,Energy,Oil & Gas Drilling,NYSE,124.96,87,92,95,71,87.49,6131552664.601898,69251780.0,0.1397,-23.34,828082,927097,919948,-0.25
753,PXS,Energy,Oil & Gas Midstream,NASDAQ,124.95,87,86,83,37,4.54,47305075.10821724,10239194.0,0.0052,-7.72,61721,62437,52638,0.039
754,VYNE,Healthcare,Biotechnology,NASDAQ,124.91,87,81,74,11,0.67,21879475.452347517,33352858.0,0.0037,-65.82,99564,195041,161370,-0.574
755,REX,Basic Materials,Chemicals,NYSE,124.9,87,91,91,87,44.19,1479562232.249237,32937718.0,0.025899999,-17.19,223548,177346,195279,0.036
756,GOOG,Communication Services,Internet Content & Information,NASDAQ,124.87,87,90,86,90,362.29,4460419626255.645,12194935223.0,2.39,-10.43,28148959,22292039,20100719,0.218
757,TRGP,Energy,Oil & Gas Midstream,NYSE,124.82,87,83,87,56,264.17,56685307557.22055,214643903.0,0.0242,-5.65,1047222,1166460,1228668,-0.102
758,PSNL,Healthcare,Diagnostics & Research,NASDAQ,124.82,87,31,71,94,9.75,1125751803.5,104721098.0,0.20709999,-22.19,3535236,2959832,2415653,-0.249
759,MRNA,Healthcare,Biotechnology,NASDAQ,124.8,87,92,95,51,47.73,18823539582.056995,396786259.0,0.17899999,-19.85,5530169,7142726,6576103,2.602
760,RLGT,Industrials,Integrated Freight & Logistics,NYSE ARCA,124.79,87,69,60,60,9.16,401347363.32810974,46831666.0,0.0139,4.45,178083,165641,152692,0.001
761,TRVI,Healthcare,Biotechnology,NASDAQ,124.78,87,90,84,96,13.59,1892589496.807808,141979708.0,0.1039,-15.69,864579,1282943,1448907,
762,LBRX,Healthcare,Biotechnology,NASDAQ,124.76,87,91,88,73,29.27,818144901.2506943,28676652.0,0.16860001,-12.55,192675,159618,224967,
763,IONQ,Technology,Computer Hardware,NYSE,124.73,87,85,30,78,56.69,21194267191.788208,373269948.0,0.1974,-33.02,31276328,33436439,33392087,7.547
764,BYFC,Financial Services,Banks - Regional,NASDAQ,124.72,87,82,76,22,9.85,89815021.31154633,9278411.0,0.002,-5.83,3985,5358,4027,0.55
765,SOPH,Healthcare,Health Information Services,NASDAQ,124.7,87,77,83,89,5.4,358951830.0,71790366.0,0.0034999999,-5.26,137838,111552,104637,0.22
766,ORMP,Healthcare,Biotechnology,NASDAQ,124.7,87,93,89,84,3.65,151835762.0712061,40926081.0,0.0184,-27.15,213661,203100,167464,
767,UFCS,Financial Services,Insurance - Property & Casualty,NASDAQ,124.66,86,86,75,78,46.32,1160428376.4355392,25656166.0,0.017,-7.25,127888,137396,120439,0.116
768,E,Energy,Oil & Gas Integrated,NYSE,124.64,86,88,91,74,53.56,78932204156.25998,1467141362.0,0.0017,-7.66,314978,375939,489643,-0.126
769,HOVR,Industrials,Aerospace & Defense,NASDAQ,124.55,86,93,92,92,2.26,139584225.73098278,61762932.0,0.060900003,-45.93,3673135,3502565,2430789,
770,LNTH,Healthcare,Drug Manufacturers - Specialty & Generic,NASDAQ,124.5,86,86,75,37,99.98,6574412378.916794,65106082.0,0.13159999,-3.87,979010,1090756,912516,0.012
771,AMG,Financial Services,Asset Management,NYSE,124.44,86,76,82,86,342.12,8895854284.36737,26412085.0,0.0416,1.2,428892,346730,345394,0.097
772,HCC,Basic Materials,Coking Coal,NYSE,124.4,86,78,88,89,94.67,5275972146.196716,52801964.0,0.1117,-14.24,1118336,968545,897669,0.54
773,ACHV,Healthcare,Biotechnology,NASDAQ,124.38,86,91,77,88,5.6,526640974.1583967,102659057.0,0.0713,-8.94,1335721,1286017,1455738,
774,EMF,Financial Services,Asset Management,NYSE,124.37,86,85,82,80,22.27,336178200.1086979,14947897.0,0.82,-8.62,42672,44024,41002,0.152
775,AESI,Energy,Oil & Gas Equipment & Services,NYSE,124.36,86,90,71,15,16.52,2083425179.2381592,124905584.0,0.1898,-17.93,2939955,4063041,5102507,-0.108
776,SHIM,Industrials,Engineering & Construction,NASDAQ,124.36,86,94,89,70,3.5,157796712.0912552,40986160.0,0.0022,-48.25,200360,213950,208816,-0.279
777,BLTE,Healthcare,Biotechnology,NASDAQ,124.25,86,88,95,96,141.42,5746198039.509979,40085091.0,0.0572,-29.29,305111,191490,174814,
778,BLBD,Industrials,Farm & Heavy Construction Machinery,NASDAQ,124.18,86,83,76,67,71.16,2205134331.1777725,31646589.0,0.1201,-12.7,401912,513254,442828,-0.017
779,FVR,Real Estate,REIT - Diversified,NYSE,124.18,86,82,78,70,19.47,426311160.04714966,22652028.0,0.0111,2.74,155336,126612,120433,0.107
780,INN,Real Estate,REIT - Hotel & Motel,NYSE,124.12,86,68,27,34,6.2,622015522.917202,108365078.0,0.0001,2.65,2385073,1322537,1120728,0.003
781,PLRZ,Healthcare,Biotechnology,NASDAQ,124.06,86,89,84,80,11.45,24315305.091567993,1871848.0,0.020499999,-37.09,31598,37122,45893,
782,CHRW,Industrials,Integrated Freight & Logistics,NASDAQ,124.05,86,77,88,87,191.65,21699247870.116028,117873042.0,0.0739,-5.75,1410619,1934623,1862497,-0.008
783,CMBT,Energy,Oil & Gas Midstream,NYSE,124.0,86,85,81,53,14.69,4288709108.3363123,290169769.0,0.0113,-17.1,1542448,1777966,1696243,1.211
784,UNFI,Consumer Defensive,Food Distribution,NYSE,123.98,86,89,90,76,46.33,3382934507.7323723,60931817.0,0.051999997,-17.08,825733,643261,630038,-0.026
785,CMP,Basic Materials,Other Industrial Metals & Mining,NYSE,123.96,86,85,88,76,29.32,1243225816.027153,41958348.0,0.0388,-15.01,720622,780474,679048,-0.084
786,BCBP,Financial Services,Banks - Regional,NASDAQ,123.93,86,75,43,34,11.14,195161880.70588875,17363157.0,0.0227,-4.87,156911,114620,112704,6.506
787,CC,Basic Materials,Specialty Chemicals,NYSE,123.84,86,93,85,19,20.22,3082743034.5,150377709.0,0.0885,-29.47,2070216,2858648,2707139,0.01
788,TBI,Industrials,Staffing & Employment Services,NYSE,123.79,86,57,17,16,6.56,201579126.80947208,30404091.0,0.05,-15.68,255281,366427,389796,0.076
789,CHMG,Financial Services,Banks - Regional,NASDAQ,123.7,86,77,57,74,71.47,342351808.71643066,4819820.0,0.0072000003,-1.16,48505,43575,29833,0.191
790,SHOO,Consumer Cyclical,Footwear & Accessories,NASDAQ,123.66,86,79,49,89,44.96,3217951657.86438,73085436.0,0.0945,-4.1,1027733,1051701,1027814,0.18
791,VAC,Consumer Cyclical,Resorts & Casinos,NYSE,123.58,86,81,59,19,89.63,3073360723.9953003,34343064.0,0.1108,-2.16,664381,545780,519908,0.0
792,MCHP,Technology,Semiconductors,NASDAQ,123.56,86,89,46,63,91.47,47887281698.38638,542079281.0,0.0629,-13.63,12555311,11919947,10824432,0.351
793,ESOA,Industrials,Engineering & Construction,NASDAQ,123.47,86,90,85,22,15.49,278402412.1036205,18659679.0,0.0325,-22.32,161604,165094,137776,0.215
794,TRST,Financial Services,Banks - Regional,NASDAQ,123.37,86,79,79,83,53.92,917951800.4984436,17474811.0,0.0513,1.77,127837,102852,99369,0.079
795,SLAB,Technology,Semiconductors,NASDAQ,123.33,86,86,90,45,218.8,7193665434.660507,32981823.0,0.120799996,-0.4,414654,426858,405234,0.201
796,FCAP,Financial Services,Banks - Regional,NASDAQ,123.28,86,76,47,92,64.99,221273418.29804993,3345531.0,0.0148,-8.46,5953,4904,4574,0.183
797,PDS,Energy,Oil & Gas Drilling,NYSE,123.28,86,87,93,80,93.86,1203535413.0,12941241.0,3.07,-9.58,94626,112272,118565,0.06
798,GTE,Energy,Oil & Gas E&P,NYSE ARCA,123.25,86,93,95,19,7.41,269442357.7533817,35359890.0,0.076799996,-23.92,288095,348825,427905,0.023
799,TX,Basic Materials,Steel,NYSE,123.22,86,78,71,74,48.01,9426694787.422523,196307678.0,0.0099,-7.19,568201,472350,363640,0.0
800,MEOH,Basic Materials,Chemicals,NASDAQ,123.17,86,90,88,42,57.66,4457728751.426052,77364263.0,0.74,-13.62,602712,806457,1218580,0.086
801,AMRX,Healthcare,Drug Manufacturers - Specialty & Generic,NASDAQ,123.14,86,73,77,88,14.69,4386563390.0,319022792.0,0.038399998,-4.73,1719452,1594850,1581444,0.039
802,ARMK,Industrials,Specialty Business Services,NYSE,123.08,86,66,64,43,53.77,14044349813.11647,262953564.0,0.037100002,-1.47,2776172,3219797,2930816,0.147
803,KODK,Industrials,Specialty Business Services,NYSE,123.07,86,87,46,85,9.48,884256040.9545898,97600000.0,0.0671,-36.25,1100291,1269747,1396170,0.073
804,EQNR,Energy,Oil & Gas Integrated,NYSE,123.06,86,88,91,34,36.59,92020742564.6729,2491086789.0,0.0292,-15.81,3184619,3829639,4975195,-0.053
805,MLAB,Technology,Scientific & Technical Instruments,NASDAQ,123.05,86,75,39,28,109.03,573985078.2178497,5524931.0,0.0612,-2.03,236000,177416,147646,0.026
806,ESE,Technology,Scientific & Technical Instruments,NYSE,122.96,86,81,87,72,304.52,7581475193.57959,25907172.0,0.032899998,-12.04,232612,270857,322310,0.335
807,IPWR,Technology,Semiconductors,NASDAQ,122.88,86,81,17,18,5.72,96528568.97862339,16008054.0,0.0159,-38.49,2011174,1164654,807578,
808,NMM,Industrials,Marine Shipping,NYSE,122.86,86,87,84,71,72.2,2037476698.5945053,28424619.0,0.023,-10.52,128459,148776,143083,0.174
809,KEN,Utilities,Utilities - Independent Power Producers,NYSE,122.8,86,93,95,94,74.06,3913340535.188896,52108397.0,0.0016,-22.8,29287,28699,27241,0.732
810,MGA,Consumer Cyclical,Auto Parts,NYSE,122.79,86,82,83,80,66.09,17991319512.583923,272224550.0,0.0305,-5.5,1121509,1445403,1474521,0.031
811,ATLO,Financial Services,Banks - Regional,NASDAQ,122.77,86,80,85,84,30.15,264033723.4697342,8857220.0,0.019,0.13,84029,72439,68643,0.28
812,CYPH,Financial Services,Asset Management,NASDAQ,122.76,86,97,69,98,0.68,55255065.49803913,106464482.0,0.0704,-81.62,10753835,6861938,5057979,
813,TGTX,Healthcare,Biotechnology,NASDAQ,122.75,86,85,28,32,43.37,6147836549.441299,153083580.0,0.26540002,-2.87,1848158,2096306,1982289,0.696
814,SPPL,Industrials,Specialty Industrial Machinery,NASDAQ,122.69,86,20,10,65,3.75,36991779.020015,9786185.0,0.0466,-46.43,2231073,1920177,1419844,0.026
815,TRX,Basic Materials,Gold,NYSE ARCA,122.68,86,95,99,97,0.93,312655542.4516039,325682864.0,0.0046,-66.79,2715520,3002503,3472312,2.741
816,CGTX,Healthcare,Biotechnology,NASDAQ,122.65,86,89,91,98,1.15,115452435.93592167,89498015.0,0.094,-69.97,1418834,1023668,1213844,
817,ATNI,Communication Services,Telecom Services,NASDAQ,122.63,86,85,86,85,26.31,396056964.75,15380853.0,0.019299999,-13.6,65142,67614,69650,0.016
818,INVX,Energy,Oil & Gas Equipment & Services,NYSE,122.63,86,83,83,87,28.43,1842071782.9913635,68759676.0,0.0754,-11.84,394437,423402,410709,-0.006
819,BODI,Communication Services,Internet Content & Information,NASDAQ,122.61,86,95,90,93,9.67,73721159.73001099,7241764.0,0.066700004,-42.68,40768,69642,75493,-0.25
820,URI,Industrials,Rental & Leasing Services,NYSE,122.6,86,67,43,58,1094.17,66892115391.45557,62646557.0,0.0255,0.27,513995,517115,541999,0.072
821,IBKR,Financial Services,Capital Markets,NASDAQ,122.5,86,79,78,77,86.33,37598914761.355804,445484764.0,0.0299,-5.15,6239705,5207348,4955891,0.168
822,VRA,Consumer Cyclical,Footwear & Accessories,NASDAQ,122.49,86,92,94,16,3.3,87589813.99033356,28438252.0,0.0533,-24.83,111724,157564,206200,-0.017
823,FSEA,Financial Services,Banks - Regional,NASDAQ,122.46,86,83,71,66,16.82,78867037.43437576,4691674.0,0.0021,-0.18,24696,63832,41911,0.114
824,APLE,Real Estate,REIT - Hotel & Motel,NYSE,122.46,86,72,48,40,15.92,3692096625.6073627,236067554.0,0.1014,0.76,3212475,3067301,3618347,0.031
825,SRZN,Healthcare,Biotechnology,NASDAQ,122.44,85,96,95,96,21.5,249855189.23480606,11610371.0,0.0856,-38.57,113982,96110,111106,4.086
826,KYTX,Healthcare,Biotechnology,NASDAQ,122.44,85,97,97,99,7.85,454140220.8846569,60795212.0,0.1024,-42.57,769886,846275,1011477,
827,QCOM,Technology,Semiconductors,NASDAQ,122.39,85,90,25,68,205.42,227600762573.2422,1054000000.0,0.053600002,-20.97,21906548,28274792,21847321,-0.035
828,TD,Financial Services,Banks - Diversified,NYSE,122.35,85,81,81,87,114.64,186946097209.99146,1652051000.0,2.23,0.07,2849323,1939901,2358232,-0.315
829,DAL,Industrials,Airlines,NYSE,122.34,85,72,59,84,81.17,52178489279.807434,656994340.0,0.039100002,-3.17,6793936,7228452,8860721,0.129
830,HLIT,Technology,Communication Equipment,NASDAQ,122.31,85,80,36,47,13.41,1439747755.385727,108496436.0,0.0401,-24.15,5284984,4179401,2898536,0.434
831,FRD,Basic Materials,Steel,NASDAQ,122.3,85,65,37,74,25.24,173537262.4869175,7112183.0,0.0256,2.23,31460,28750,28198,0.786
832,TECK,Basic Materials,Other Industrial Metals & Mining,NYSE,122.26,85,88,77,57,61.9,30211780213.956757,489894294.0,2.77,-13.12,3246876,3183962,3146061,0.722
833,PK,Real Estate,REIT - Hotel & Motel,NYSE,122.24,85,56,44,36,14.15,2829133820.156722,201361835.0,0.28260002,-0.6,6175398,5183129,4741287,-0.011
834,TSHA,Healthcare,Biotechnology,NASDAQ,122.1,85,95,90,97,5.36,1580485610.0,287361020.0,0.13,-26.58,2141330,2321766,2562260,
835,KPTI,Healthcare,Biotechnology,NASDAQ,121.97,85,90,83,64,8.69,205779520.71095467,22662943.0,0.234,-20.93,357320,417136,471310,0.168
836,RAL,Technology,Electronic Components,NYSE,121.96,85,62,33,67,63.8,6735017310.204285,111933148.0,0.105100006,0.77,1463208,1816836,1505233,0.11
837,C,Financial Services,Banks - Diversified,NYSE,121.95,85,79,78,86,134.73,225937781310.85312,1705576955.0,0.0002,-0.81,11624087,11244002,11540955,0.159
838,APLM,Healthcare,Biotechnology,NASDAQ,121.92,85,88,97,92,14.3,30744728.0,2196052.0,0.0029,-66.05,13220,8580,8926,
839,MANU,Communication Services,Entertainment,NYSE,121.91,85,66,56,38,22.61,3784934267.706974,172434357.0,0.0801,-6.65,710606,436952,378753,0.18
840,SXI,Industrials,Specialty Industrial Machinery,NYSE,121.86,85,75,83,79,294.87,3518779242.7872314,12114922.0,0.0871,-1.21,172041,184357,196674,0.081
841,ANGH,Communication Services,Entertainment,NASDAQ,121.86,85,59,25,8,4.3,31726828.0,9064808.0,0.0099,-39.01,6738,7202,5259,0.053
842,WST,Healthcare,Medical Instruments & Supplies,NYSE,121.79,85,81,41,60,334.66,22218668627.5,70647595.0,0.0377,1.14,739776,784415,846959,0.21
843,BTX,Financial Services,Asset Management,NYSE,121.79,85,79,45,40,8.86,1022382245.9528675,116710299.0,0.34,-5.59,823277,743789,761843,
844,BEN,Financial Services,Asset Management,NYSE,121.74,85,80,70,62,31.8,16280232245.81483,519637162.0,0.051,-2.06,4299532,4859587,4825568,0.087
845,WSR,Real Estate,REIT - Retail,NYSE,121.69,85,84,80,55,19.07,979569174.1726551,51393977.0,0.0162,-0.05,441331,447950,562456,0.089
846,GNK,Industrials,Marine Shipping,NYSE,121.63,85,88,82,74,23.87,1075917412.462656,43577051.0,0.0238,-12.4,285647,345285,324959,0.606
847,SCCO,Basic Materials,Copper,NYSE,121.62,85,86,92,88,175.17,144313315790.73398,834325691.0,0.121800005,-20.98,1368579,1360654,1390973,0.362
848,OPY,Financial Services,Capital Markets,NYSE,121.61,85,79,80,62,99.9,1042210146.2569427,10708005.0,0.0062,-15.89,98934,80071,80196,0.231
849,FFIV,Technology,Software - Infrastructure,NASDAQ,121.6,85,78,59,29,395.23,22192511151.805756,56419247.0,0.0342,-3.96,758625,776225,728053,0.11
850,VMI,Industrials,Conglomerates,NYSE,121.56,85,79,70,76,533.45,10363006666.816956,19413651.0,0.0223,-2.81,223740,207956,224808,0.062
851,CVEO,Consumer Cyclical,Lodging,NYSE,121.55,85,80,82,45,34.35,378747481.2392578,10943296.0,0.045,-5.89,64996,79068,76219,0.199
852,MAC,Real Estate,REIT - Retail,NYSE,121.47,85,77,67,60,24.39,6706691641.167255,283461187.0,0.0614,2.69,2545134,3269648,2891056,-0.067
853,MITK,Technology,Software - Application,NASDAQ,121.44,85,85,90,47,15.49,672415306.8940611,45158851.0,0.083100006,-13.8,1077837,1236252,1099975,0.056
854,CGON,Healthcare,Biotechnology,NASDAQ,121.44,85,94,96,81,56.67,4738236957.229034,88202473.0,0.105900005,-24.94,957862,921747,1029220,19.827
855,XRX,Industrials,Business Equipment & Supplies,NASDAQ,121.42,85,31,8,9,3.39,434188299.7895191,130779611.0,0.258,-50.15,6797757,9818532,7155001,0.267
856,MS,Financial Services,Capital Markets,NYSE,121.39,85,77,64,83,210.25,334273959714.43097,1577284817.0,0.0,-4.07,6384421,5610087,5795370,0.163
857,DRH,Real Estate,REIT - Hotel & Motel,NASDAQ,121.38,85,76,73,71,11.7,2374135691.303727,204490591.0,0.093100004,0.0,1825816,1919618,1827523,0.013
858,OPLN,Consumer Cyclical,Auto & Truck Dealerships,NYSE,121.34,85,83,67,77,37.14,3864913898.3817215,105946106.0,0.0184,-4.33,1125219,1039253,862423,0.147
859,MUR,Energy,Oil & Gas E&P,NYSE,121.27,85,85,86,78,38.63,5543327841.439087,143349576.0,0.0922,-10.87,1790273,1732071,1858674,0.089
860,INGM,Technology,Information Technology Services,NYSE,121.25,85,80,57,60,29.13,6800420523.354586,230444611.0,0.13229999,-8.08,1288788,1649349,1499269,0.137
861,PCLA,Communication Services,Telecom Services,NASDAQ,121.23,85,1,1,2,6.5,68258014.58315611,9613805.0,0.0013,-94.21,203643,2963411,1780114,-0.423
862,MFG,Financial Services,Banks - Regional,NYSE,121.11,85,76,78,83,9.57,115974463706.16447,12182190980.0,0.00029999999,-6.91,3521127,3391599,3937467,0.167
863,NGNE,Healthcare,Biotechnology,NASDAQ,121.02,85,91,68,66,28.81,418592353.8732319,15801901.0,0.2847,-22.69,138484,146354,154328,
864,TRMD,Energy,Oil & Gas Midstream,NASDAQ,120.98,85,91,84,58,28.96,2911320890.589939,102367118.0,0.0094,-18.03,839359,925626,837127,0.222
865,CVS,Healthcare,Healthcare Plans,NYSE,120.91,85,79,63,79,97.06,122399706949.89212,1275927307.0,0.0154,-1.39,7353879,8386506,8016365,0.061
866,TEO,Communication Services,Telecom Services,NYSE,120.91,85,44,73,83,14.02,5702965751.891987,430737602.0,0.0050999997,-8.07,751072,520770,428060,0.305
867,GGB,Basic Materials,Steel,NYSE,120.91,85,84,59,77,4.56,9030057475.81115,1967332718.0,0.0067000003,-8.43,20223749,18956459,19331915,-0.038
868,MBIN,Financial Services,Banks - Regional,NASDAQ,120.86,85,78,79,63,48.92,2182391156.978943,45935408.0,0.0661,-2.66,104801,130517,148986,0.158
869,PKBK,Financial Services,Banks - Regional,NASDAQ,120.79,85,80,82,79,31.85,369370606.75462914,11842597.0,0.0107,-1.79,71534,85984,95742,0.353
870,CBIO,Healthcare,Biotechnology,NASDAQ,120.78,85,87,17,21,18.0,496346850.0,27574825.0,0.2403,-34.33,299050,293986,287260,
871,ENPH,Technology,Solar,NASDAQ,120.74,85,32,70,14,53.51,7389926155.178375,131798220.0,0.2743,-27.43,8206413,9488284,8201362,-0.206
872,ECVT,Basic Materials,Specialty Chemicals,NYSE,120.71,85,89,87,71,12.79,1406477311.1531906,109453484.0,0.023699999,-15.21,1743145,1831478,1967805,0.502
873,CPAC,Basic Materials,Building Materials,NYSE,120.71,85,84,91,66,10.42,890462204.9380398,85621369.0,0.00059999997,-9.39,16141,16857,38150,0.113
874,PCT,Industrials,Pollution & Treatment Controls,NASDAQ,120.59,85,50,12,14,10.8,2263507390.344572,180863550.0,0.39880002,-37.82,4399361,4985703,4485854,1.612
875,GOLD,Financial Services,Capital Markets,NYSE,120.59,85,84,94,79,41.89,1149153266.8999863,29004374.0,0.1378,-37.2,456395,555728,560091,2.44
876,PARK,Healthcare,Medical Care Facilities,NASDAQ,120.58,85,84,90,87,17.86,85605419.7063446,4515054.0,0.0055,-21.04,32039,23629,23021,0.062
877,MLI,Industrials,Metal Fabrication,NYSE,120.57,85,84,77,85,135.66,14683777743.834732,110570613.0,0.0172,-4.13,558018,548856,658597,0.193
878,SWBI,Industrials,Aerospace & Defense,NASDAQ,120.52,85,87,87,64,14.85,659397302.1415863,44493746.0,0.0336,-5.95,606953,490367,518200,0.171
879,M,Consumer Cyclical,Department Stores,NYSE,120.41,85,73,63,92,22.18,5828921020.503593,263037954.0,0.1415,-9.14,8499854,6411581,5898724,0.021
880,HYFT,Healthcare,Biotechnology,NASDAQ,120.4,85,74,85,98,1.66,78475932.42986512,46711866.0,0.014199999,-48.86,429541,428017,336486,0.524
881,OKTA,Technology,Software - Infrastructure,NASDAQ,120.32,85,27,28,33,119.96,20634410584.967194,173807365.0,0.0558,-15.73,6960134,4194524,4205926,0.112
882,GS,Financial Services,Capital Markets,NYSE,120.32,85,76,69,86,1032.01,306418323889.40515,295007421.0,0.0232,-6.04,2381565,2091631,2061547,0.145
883,NOV,Energy,Oil & Gas Equipment & Services,NYSE,120.32,85,81,83,75,20.82,7228013768.151855,358888480.0,0.1447,-3.39,3409536,4221182,4464771,-0.024
884,MSM,Industrials,Industrial Distribution,NYSE,120.31,85,77,70,53,116.84,6449421382.884956,55834311.0,0.0577,-1.42,738216,700868,673533,0.029
885,TALO,Energy,Oil & Gas E&P,NYSE,120.22,84,88,88,74,14.75,2410408741.875139,166925818.0,0.081599995,-13.49,1529912,1784727,1972282,-0.079
886,XHR,Real Estate,REIT - Hotel & Motel,NYSE,120.16,84,75,64,63,18.47,1696400849.3476105,92245835.0,0.082200006,-0.59,873650,756590,742620,0.022
887,DTIL,Healthcare,Biotechnology,NASDAQ,120.13,84,92,74,37,6.86,167714605.5,25802247.0,0.0602,-22.22,469061,312633,279236,372.724
888,VCTR,Financial Services,Asset Management,NASDAQ,120.13,84,78,65,48,89.12,5471471775.0,62531106.0,0.072399996,0.11,501581,502253,509074,0.767
889,UNH,Healthcare,Healthcare Plans,NYSE,120.12,84,80,26,29,413.0,362776446174.4547,908144404.0,0.0214,2.19,7554414,7154544,7935576,0.02
890,ASC,Industrials,Marine Shipping,NYSE,120.11,84,90,82,39,16.47,670794995.9509468,40802614.0,0.0446,-17.77,556533,697524,637966,0.188
891,STNG,Energy,Oil & Gas Midstream,NYSE,120.08,84,89,88,60,76.21,3780419316.275528,49768554.0,0.0368,-12.79,700718,1013069,1052505,0.462
892,NUVL,Healthcare,Biotechnology,NASDAQ,120.08,84,73,71,84,123.25,7184860128.167496,78997915.0,0.104399994,9.06,6322621,2432300,1726472,
893,PBF,Energy,Oil & Gas Refining & Marketing,NYSE,120.06,84,88,94,69,40.36,5028109507.5,118308459.0,0.1458,-22.65,2352416,2954025,3057799,0.119
894,HNGE,Healthcare,Health Information Services,NYSE,120.06,84,83,52,65,62.78,4922923724.329105,77380129.0,0.078200005,-5.66,1918656,1829975,1371459,0.472
895,OABI,Healthcare,Biotechnology,NASDAQ,120.05,84,49,32,37,2.4,359531998.6851325,144972579.0,0.0373,-13.98,567642,862354,740730,2.473
896,ASPN,Industrials,Building Products & Equipment,NYSE,120.01,84,73,23,5,5.52,467428823.85466623,82877453.0,0.1104,-43.56,1489687,1808359,1683379,-0.519
897,OKUR,Healthcare,Biotechnology,NASDAQ,119.96,84,86,78,40,4.25,169257063.5114479,40395480.0,0.0055,-21.0,409381,248890,227792,
898,MAR,Consumer Cyclical,Lodging,NASDAQ,119.93,84,72,75,74,393.61,103500423988.81421,263688623.0,0.0208,-0.77,1530995,1407325,1421243,0.126
899,TROX,Basic Materials,Chemicals,NYSE,119.93,84,94,86,17,7.08,1170906874.301445,159524094.0,0.1531,-33.14,2488745,3123458,3003041,0.03
900,FGBI,Financial Services,Banks - Regional,NASDAQ,119.91,84,65,87,9,9.94,160032494.95642853,16464248.0,0.0355,-4.05,23561,41020,31792,0.945
901,DDD,Technology,Computer Hardware,NYSE,119.9,84,69,76,20,2.95,427615936.8425667,146947053.0,0.3114,-28.4,7172144,5785948,4409664,0.011
902,CRUS,Technology,Semiconductors,NASDAQ,119.65,84,85,77,66,164.07,8294426531.261047,50452718.0,0.0618,-9.06,547900,638193,635210,0.057
903,SXC,Basic Materials,Coking Coal,NYSE,119.61,84,38,25,22,8.98,770467031.3662148,84853198.0,0.046,-7.8,1675041,1728813,1492464,0.044
904,RS,Basic Materials,Steel,NYSE,119.6,84,73,56,44,401.8,20134047748.96527,51048522.0,0.0219,0.1,311632,305677,307140,0.155
905,ADAG,Healthcare,Biotechnology,NASDAQ,119.59,84,93,97,24,3.4,219361007.6691785,66072594.0,0.0145000005,-28.42,214879,144889,232829,73.328
906,PEBK,Financial Services,Banks - Regional,NASDAQ,119.53,84,77,80,81,44.16,228744858.24247742,5309769.0,0.014199999,1.82,37335,33035,35443,0.04
907,SB,Industrials,Marine Shipping,NYSE,119.42,84,88,87,77,6.66,661872770.0,101826580.0,0.0481,-9.76,694722,595410,534960,0.015
908,TII,Basic Materials,Other Industrial Metals & Mining,NYSE ARCA,119.38,84,87,99,99,1.97,204439248.82121277,98288104.0,1.49,-65.13,244285,284355,245999,0.224
909,WYHG,Consumer Defensive,Packaged Foods,NASDAQ,119.36,84,30,5,4,3.87,50079273.59999657,12582732.0,0.0053,-47.13,134859,110666,246647,-0.068
910,BG,Consumer Defensive,Farm Products,NYSE,119.34,84,81,91,72,126.68,24535530645.27111,194018115.0,0.0405,-6.07,1845332,1735100,1626726,0.878
911,RDZN,Technology,Software - Application,NASDAQ,119.33,84,84,56,89,1.6,144326640.0396633,84401542.0,0.012,-37.5,451668,804379,548393,0.188
912,RMT,Financial Services,Asset Management,NYSE,119.32,84,84,79,70,13.7,734794866.2997379,53478521.0,0.0011999999,-4.2,144071,117577,123878,-0.194
913,CAMP,Healthcare,Biotechnology,NASDAQ,119.32,84,90,92,97,4.01,213415044.93284225,51925800.0,0.0092,-48.26,69568,75099,76295,0.508
914,BJDX,Healthcare,Medical Devices,NASDAQ,119.29,84,4,4,6,4.5,4966632.197356224,1034715.0,0.0069999998,-73.02,7982838,2684412,1617165,
915,MIRM,Healthcare,Biotechnology,NASDAQ,119.27,84,87,92,75,95.48,5700525304.6699295,60981227.0,0.17629999,-16.97,689474,1094438,952806,0.433
916,KLXE,Energy,Oil & Gas Equipment & Services,NASDAQ,119.26,84,93,80,13,2.89,57304590.41648865,20539280.0,0.0686,-35.78,453370,345543,332242,-0.06
917,NE,Energy,Oil & Gas Drilling,NYSE,119.14,84,91,93,59,45.3,7244981292.695221,159545944.0,0.076,-17.61,1138232,1423010,1453776,-0.108
918,TK,Energy,Oil & Gas Midstream,NYSE,119.13,84,88,89,83,11.81,1005856687.2716131,87011821.0,0.0515,-17.87,591872,621454,564496,0.235
919,HYPR,Healthcare,Medical Devices,NASDAQ,119.13,84,91,76,30,1.42,136993063.20664215,99270336.0,0.0191,-36.04,520960,729756,589532,0.826
920,BMA,Financial Services,Banks - Regional,NYSE,119.07,84,27,40,89,88.0,5430981364.301147,63939030.0,0.0269,-17.1,340122,314354,303210,-0.033
921,MPC,Energy,Oil & Gas Refining & Marketing,NYSE,118.99,84,84,86,69,258.15,76490320587.2937,291936635.0,0.0235,-5.25,2319429,2363583,2298111,0.088
922,GORO,Basic Materials,Other Precious Metals & Mining,NYSE ARCA,118.95,84,91,95,96,1.19,189411030.97244453,161889776.0,0.0115,-36.36,1889776,1772588,1782263,-0.282
923,NN,Technology,Software - Infrastructure,NASDAQ,118.95,84,83,76,57,20.87,2947037934.446562,136436939.0,0.1848,-14.54,2745704,2522574,2809076,-0.353
924,NHPBP,Real Estate,REIT - Healthcare Facilities,NASDAQ,118.94,84,79,81,81,22.13,,,0.25,-0.54,13977,12129,14465,-0.002
925,NEOG,Healthcare,Medical Devices,NASDAQ,118.93,84,74,87,47,9.29,1937289981.8643246,217673041.0,0.0659,-18.72,2630862,2537244,2639360,-0.044
926,BNY,Financial Services,Banks - Diversified,NYSE,118.9,84,75,76,82,143.25,97733511798.61748,686379045.0,0.0,-1.19,3753866,3589272,3776731,0.134
927,TBLA,Communication Services,Internet Content & Information,NASDAQ,118.87,84,86,32,66,4.69,1251825511.3070068,273324352.0,0.0187,-10.84,2970575,3160711,2442707,0.091
928,PLOW,Consumer Cyclical,Auto Parts,NYSE,118.86,84,83,87,77,46.05,1028146015.1482544,23125192.0,0.0319,-12.0,158264,243451,224040,0.198
929,ADM,Consumer Defensive,Farm Products,NYSE,118.85,84,82,85,66,80.12,38999921282.35124,481956527.0,0.0367,-6.15,3613574,4054811,3683492,0.016
930,AMAL,Financial Services,Banks - Regional,NASDAQ,118.84,84,77,82,63,43.52,1266972805.0512543,29867347.0,0.0555,-1.11,113347,120585,132773,0.047
931,VACHU,Financial Services,Shell Companies,NASDAQ,118.82,84,71,86,41,14.5,,,0.48,-27.86,3540,1750,1098,
932,SU,Energy,Oil & Gas Integrated,NYSE,118.79,84,87,90,63,61.2,73465967100.91934,1180745189.0,3.65,-12.93,4501405,3691991,3933887,0.175
933,CASY,Consumer Cyclical,Specialty Retail,NASDAQ,118.79,84,89,85,70,761.18,28241665926.58014,37066933.0,0.0323,-15.52,641906,491708,632693,0.003
934,LEA,Consumer Cyclical,Auto Parts,NYSE,118.73,84,77,71,74,142.16,7088456508.5,50095099.0,0.0538,-5.43,702726,643175,585629,0.047
935,CGAU,Basic Materials,Gold,NYSE,118.72,84,92,96,95,15.4,3032546580.7596016,198595055.0,3.3,-27.26,1378109,1527243,1543325,0.618
936,MSGM,Communication Services,Electronic Gaming & Multimedia,NASDAQ,118.64,84,90,95,89,4.23,17447549.18347597,4174055.0,0.056500003,-23.89,44428,73366,63157,1.293
937,MUSA,Consumer Cyclical,Specialty Retail,NYSE,118.54,84,87,71,34,556.33,10094414239.727783,18470685.0,0.0598,-8.77,296597,315452,325799,0.071
938,ELV,Healthcare,Healthcare Plans,NYSE,118.51,84,70,27,50,424.43,90237483496.3092,217162380.0,0.031400003,1.89,1720209,1667469,1708783,0.026
939,CDNA,Healthcare,Diagnostics & Research,NASDAQ,118.49,84,81,43,69,22.75,1149423452.25,51659481.0,0.1283,-5.29,738719,729883,735219,0.39
940,SBLK,Industrials,Marine Shipping,NASDAQ,118.49,84,84,81,56,26.75,3047024864.2834625,111530926.0,0.0171,-6.14,1356829,1328069,1173765,0.219
941,IVZ,Financial Services,Asset Management,NYSE,118.49,84,80,77,89,27.91,12124162972.254244,443296629.0,0.0585,-5.74,5634481,5166120,5609794,0.141
942,CPRX,Healthcare,Biotechnology,NASDAQ,118.47,84,83,61,68,31.34,3826853675.8615723,122380992.0,0.07,-3.75,1898969,2714299,2343827,0.056
943,EME,Industrials,Engineering & Construction,NYSE,118.42,84,86,86,79,827.78,36402701677.20209,44532567.0,0.0234,-13.04,381987,373785,358437,0.197
944,FRAF,Financial Services,Banks - Regional,NASDAQ,118.4,83,78,73,89,61.13,263875767.30325317,4493032.0,0.0128999995,1.88,19635,26308,33633,0.22
945,MYO,Healthcare,Medical Devices,NYSE ARCA,118.38,83,18,9,11,1.31,49457474.73453927,38638653.0,0.11229999,-56.91,1078635,663411,520071,0.029
946,MGM,Consumer Cyclical,Resorts & Casinos,NYSE,118.37,83,57,64,62,47.15,12155491745.412197,255851235.0,0.2049,-8.61,7986570,5972460,5123238,0.042
947,RMR,Real Estate,Real Estate Services,NASDAQ,118.34,83,78,62,34,20.53,346824716.1394577,17093381.0,0.0862,-0.22,137879,173243,165291,-0.009
948,LIVN,Healthcare,Medical Devices,NASDAQ,118.3,83,79,71,82,77.17,3974990843.2087708,54933538.0,0.07,1.79,728791,835420,784254,0.143
949,VGZ,Basic Materials,Gold,NYSE ARCA,118.27,83,87,91,97,2.17,316757831.9567299,145971346.0,0.0070999996,-30.67,1658984,1309714,1271368,
950,ZIM,Industrials,Marine Shipping,NYSE,118.27,83,89,93,84,25.5,3041912076.6952763,120519497.0,0.0271,-14.91,1241572,1400484,1330034,-0.304
951,LFVN,Consumer Defensive,Packaged Foods,NASDAQ,118.17,83,15,11,7,9.5,125779748.70878792,12615822.0,0.35990003,-36.67,1275956,566668,412781,-0.252
952,FRST,Financial Services,Banks - Regional,NASDAQ,118.16,83,77,76,81,15.18,371581080.0,24772072.0,0.0138,-0.0,254993,219811,245310,-0.227
953,MAKO,Basic Materials,Gold,NASDAQ,118.16,83,90,92,93,7.21,643600147.0991845,87564647.0,0.26,-19.8,171170,170010,189656,1.158
954,VOR,Healthcare,Biotechnology,NASDAQ,118.13,83,93,86,68,13.28,713086133.0518913,54185877.0,0.1014,-79.82,688527,783655,1002925,
955,WS,Basic Materials,Steel,NYSE,118.08,83,72,64,70,41.96,2109479177.0172958,50806338.0,0.057600003,-14.66,204546,227295,242673,0.12
956,IOVA,Healthcare,Biotechnology,NASDAQ,118.03,83,91,92,19,3.88,1888705143.5963573,446502396.0,0.2556,-31.08,14097963,15052481,14842036,0.448
957,YETI,Consumer Cyclical,Leisure,NYSE,117.99,83,64,46,78,49.28,3588671679.591381,75758323.0,0.142,-3.92,1518219,1645059,1553315,0.083
958,NTRS,Financial Services,Asset Management,NASDAQ,117.99,83,77,74,79,170.6,31545006297.147766,185047258.0,0.016,-1.76,1167314,1070048,1082618,0.139
959,CIB,Financial Services,Banks - Regional,NYSE,117.96,83,64,86,91,74.9,19035539859.177628,268560110.0,0.0107,-13.22,515841,393207,347790,0.108
960,TGEN,Industrials,Electrical Equipment & Parts,NYSE ARCA,117.94,83,33,12,92,5.67,171729037.63232422,29917952.0,0.0523,-53.02,475395,590171,565199,-0.129
961,ALMU,Technology,Semiconductors,NASDAQ,117.91,83,92,76,95,22.56,413517520.44317245,18305335.0,0.2379,-29.03,1332886,1813428,1900447,-0.026
962,FSBC,Financial Services,Banks - Regional,NASDAQ,117.89,83,75,74,80,43.94,919602111.8452263,21376153.0,0.0229,1.01,108987,98079,96053,0.269
963,HUN,Basic Materials,Chemicals,NYSE,117.84,83,83,62,24,14.54,2491710888.209038,175349112.0,0.1735,-8.55,3923113,4937801,4937228,0.007
964,ZURA,Healthcare,Biotechnology,NASDAQ,117.82,83,94,99,98,3.69,322594423.0485296,94880710.0,0.088199995,-50.4,1136763,836527,758058,
965,DRUG,Healthcare,Biotechnology,NASDAQ,117.81,83,91,91,97,67.8,677032209.0,9812061.0,0.1001,-45.21,458981,308670,255988,
966,HELE,Consumer Defensive,Household & Personal Products,NASDAQ,117.8,83,70,13,12,26.97,566092543.2488441,23257705.0,0.17549999,-20.04,499763,624137,680834,-0.033
967,SPB,Consumer Defensive,Household & Personal Products,NYSE,117.77,83,78,81,51,82.72,1891495072.6833801,23194298.0,0.16620001,-4.88,327398,388952,344113,0.049
968,ACDC,Energy,Oil & Gas Equipment & Services,NASDAQ,117.68,83,79,79,17,6.86,1253780787.2328944,180920753.0,0.0481,-35.89,1573342,1449464,1362628,-0.251
969,FISI,Financial Services,Banks - Regional,NASDAQ,117.63,83,74,68,80,37.54,730561202.7156067,19686370.0,0.0297,0.11,119597,96209,103241,0.113
970,TTE,Energy,Oil & Gas Integrated,NYSE,117.63,83,84,86,65,88.48,197041938423.528,2221191979.0,0.0019,-6.04,1343780,1293950,1635220,0.034
971,AEVA,Technology,Software - Infrastructure,NASDAQ,117.6,83,75,95,96,22.17,1553985036.4875813,67535203.0,0.1901,-42.86,2898415,2654281,2070009,0.859
972,MDV,Real Estate,REIT - Industrial,NYSE,117.59,83,76,54,52,18.67,188406977.5,10323670.0,0.0095,-0.03,58501,101870,81932,-0.011
973,TWO,Real Estate,REIT - Mortgage,NYSE,117.55,83,77,34,37,12.39,1296271765.2487984,105046333.0,0.0458,-12.56,1219797,2218785,2371109,15.691
974,WT,Financial Services,Asset Management,NYSE,117.46,83,87,88,56,17.1,2780472280.7339706,152941267.0,0.19129999,-13.85,2818612,2868600,3174054,0.475
975,NHPAP,Real Estate,REIT - Healthcare Facilities,NASDAQ,117.44,83,78,79,81,22.39,,,0.71,-0.22,18332,17800,14630,-0.002
976,CSX,Industrials,Railroads,NASDAQ,117.44,83,77,77,71,47.28,87313947962.26437,1858138856.0,0.0182,0.06,13402740,12326373,12768432,0.017
977,PII,Consumer Cyclical,Recreational Vehicles,NYSE,117.43,83,76,44,86,69.47,3757900053.1377563,56886167.0,0.1337,-7.68,740611,956313,1326080,0.075
978,ADPT,Healthcare,Diagnostics & Research,NASDAQ,117.41,83,54,76,93,17.36,2704750163.7479095,160044392.0,0.070199996,-16.38,2263327,1874919,1797863,0.351
979,H,Consumer Cyclical,Lodging,NYSE,117.36,83,62,45,76,194.08,18178839424.473267,94161606.0,0.3549,-0.49,1005273,912884,842862,-0.035
980,IMNM,Healthcare,Biotechnology,NASDAQ,117.32,83,92,94,97,18.39,2104192311.8796806,113250394.0,0.1821,-33.49,1263007,1103149,1119381,
981,BEAM,Healthcare,Biotechnology,NASDAQ,117.29,83,86,68,78,30.47,3024648852.3546944,102879214.0,0.3993,-16.38,2050409,2003303,2080851,3.249
982,ENGS,Industrials,Waste Management,NASDAQ,117.25,83,47,12,1,1.65,50943067.9309721,31253416.0,0.0004,-86.78,580014,392184,345672,-0.432
983,ROST,Consumer Cyclical,Apparel Retail,NASDAQ,117.22,83,80,87,84,229.45,73898334911.80615,320781076.0,0.0271,-3.35,3904178,3254446,2804127,0.206
984,WYFI,Technology,Information Technology Services,NASDAQ,117.21,83,85,33,24,23.29,898552823.9961853,38614216.0,0.3413,-42.85,1042388,1790639,1387389,0.306
985,CRNT,Technology,Communication Equipment,NASDAQ,117.18,83,68,47,17,2.91,259955958.16487193,90893695.0,0.0018000001,-11.55,1078190,761170,640004,-0.041
986,VLY,Financial Services,Banks - Regional,NASDAQ,117.17,83,76,78,80,14.11,7635931618.870932,554131478.0,0.0929,-0.07,5861750,5317096,6023402,0.238
987,ALLR,Healthcare,Biotechnology,NASDAQ,117.17,83,91,76,43,1.61,25616265.867604733,15910724.0,0.0178,-31.49,221086,244965,200109,
988,TACT,Technology,Computer Hardware,NASDAQ,117.13,83,24,31,52,4.95,49326141.16004467,10276279.0,0.0037,-13.16,91529,100609,68145,0.104
989,LQDT,Consumer Cyclical,Internet Retail,NASDAQ,117.12,83,77,48,69,37.74,1160877215.8563652,31181231.0,0.0354,-2.81,155877,165252,161067,0.037
990,PHVS,Healthcare,Biotechnology,NASDAQ,117.1,83,81,80,78,31.6,2172560692.0028,69879726.0,0.0104,-5.19,416242,433747,348624,
991,BKD,Healthcare,Medical Care Facilities,NYSE,117.09,83,80,94,91,12.86,2947023102.9408455,238818725.0,0.16370001,-24.75,4393455,3827275,3593395,-0.067
992,NGS,Energy,Oil & Gas Equipment & Services,NYSE,117.09,83,84,84,83,40.57,502296799.0934944,12598365.0,0.0226,-8.05,99307,104642,95013,0.171
993,EGY,Energy,Oil & Gas E&P,NYSE,117.08,83,88,90,25,5.4,566094290.5778103,107012154.0,0.045700002,-19.64,1041324,1248371,1426372,-0.433
994,NEO,Healthcare,Diagnostics & Research,NASDAQ,117.07,83,39,29,83,11.44,1419308352.328148,130211780.0,0.078,-16.74,1467820,1870486,1956118,0.111
995,IFS,Financial Services,Banks - Regional,NYSE,117.01,83,60,76,73,52.55,5233742631.041622,111072639.0,0.0146,-0.85,437289,329086,337063,0.248
996,ALXO,Healthcare,Biotechnology,NASDAQ,116.99,83,96,96,92,1.55,207226887.04683208,134562917.0,0.0114,-41.73,1352990,961373,1074292,
997,WETO,Technology,Software - Infrastructure,NASDAQ,116.97,83,8,4,3,1.11,86099996.0899353,82000000.0,0.0001,-73.44,92198,158622,119053,-0.45
998,BKR,Energy,Oil & Gas Equipment & Services,NASDAQ,116.94,83,82,81,62,63.55,62093579896.607666,992068697.0,0.025799999,-9.74,7547415,7588871,8056515,0.025
999,CYTK,Healthcare,Biotechnology,NASDAQ,116.94,83,90,82,88,68.45,9704882443.412865,135770593.0,0.1875,-14.65,1787505,3070001,2478709,11.258
1000,MCHPP,Technology,Semiconductors,NASDAQ,116.91,83,85,42,65,77.08,,,0.49,-12.41,474767,226749,196501,0.351
1001,BEP,Utilities,Utilities - Renewable,NYSE,116.91,83,77,77,68,36.46,11075638380.62872,303275965.0,0.0054,-4.35,856047,1053492,912069,-0.042
1002,FGNXP,Financial Services,Asset Management,NASDAQ,116.75,83,78,88,77,24.98,,,4.14,-3.92,4856,1955,2227,-0.025
1003,RRX,Industrials,Specialty Industrial Machinery,NYSE,116.72,82,80,86,58,213.3,13606820314.891571,66569573.0,0.0468,-9.75,875762,1100724,1076978,0.043
1004,EGBN,Financial Services,Banks - Regional,NASDAQ,116.67,82,78,78,48,27.65,831615462.2797852,30495616.0,0.102,-5.5,223675,228385,265331,0.353
1005,CABR,Healthcare,Drug Manufacturers - Specialty & Generic,NASDAQ,116.64,82,56,36,80,1.2,11455297.473296642,9091506.0,0.0007,-27.27,94383,94524,77838,
1006,FNKO,Consumer Cyclical,Leisure,NASDAQ,116.63,82,89,53,11,5.18,284781873.0747223,55839584.0,0.1094,-14.94,691791,810253,731052,0.053
1007,CXW,Industrials,Security & Protection Services,NYSE,116.63,82,51,36,31,25.18,2295201066.064911,98888460.0,0.0292,7.47,1027986,1086348,985337,0.258
1008,BCAX,Healthcare,Biotechnology,NASDAQ,116.61,82,92,86,90,20.56,1314077320.0,65703866.0,0.2094,-15.22,503682,507014,542968,
1009,SAIH,Technology,Information Technology Services,NASDAQ,116.6,82,91,45,77,10.76,20100989.689292908,1832360.0,0.0067000003,-30.18,2326,2255,3057,-0.705
1010,RY,Financial Services,Banks - Diversified,NYSE,116.56,82,76,75,82,197.89,269657524587.81372,1389700752.0,3.18,1.21,1426248,1156709,1463679,0.161
1011,ALRS,Financial Services,Banks - Regional,NASDAQ,116.53,82,75,69,67,29.3,727474320.8716354,25128646.0,0.0321,-0.1,193797,182569,167251,0.187
1012,BPOP,Financial Services,Banks - Regional,NASDAQ,116.52,82,74,78,73,156.0,9878787589.318298,64537709.0,0.0296,1.31,476781,459080,484656,0.096
1013,TDC,Technology,Software - Infrastructure,NYSE,116.52,82,78,64,80,33.47,3171170071.7926025,94100000.0,0.233,-19.89,2230356,2516288,2151073,0.062
1014,CABA,Healthcare,Biotechnology,NASDAQ,116.51,82,95,91,76,3.22,529928087.0,163054796.0,0.1551,-23.88,3694385,4666615,3569521,
1015,LOCO,Consumer Cyclical,Restaurants,NASDAQ,116.51,82,81,77,66,14.43,420892209.06578064,30455298.0,0.0709,-9.25,330876,349252,314247,0.059
1016,NOVTU,Technology,Scientific & Technical Instruments,NASDAQ,116.5,82,69,61,69,67.36,,,0.57,-10.27,117988,118399,89967,0.104
1017,RBC,Industrials,Tools & Accessories,NYSE,116.47,82,83,87,82,592.41,18667709841.892395,31635359.0,0.0117999995,-6.26,288332,263800,230040,0.183
1018,AMLX,Healthcare,Drug Manufacturers - Specialty & Generic,NASDAQ,116.45,82,90,96,96,13.55,1481001708.5086288,111186317.0,0.1689,-27.17,1246278,1181966,1165425,
1019,DCOM,Financial Services,Banks - Regional,NYSE,116.44,82,76,69,61,38.95,1666607636.1305237,44113491.0,0.1014,1.7,254484,277298,288840,0.181
1020,DAC,Industrials,Marine Shipping,NYSE,116.42,82,84,79,64,130.34,2351349161.748352,18203524.0,0.067,-3.6,88384,99704,85858,0.002
1021,ATKR,Industrials,Electrical Equipment & Parts,NYSE,116.41,82,71,32,39,80.78,2721979332.8699036,33767266.0,0.0291,-10.4,382885,503525,500857,0.042
1022,CLF,Basic Materials,Steel,NYSE,116.36,82,65,26,81,12.72,7717710156.892854,570414657.0,0.1391,-23.83,23440527,17919959,17691259,0.063
1023,CW,Industrials,Aerospace & Defense,NYSE,116.35,82,82,88,83,733.57,27083045516.090332,36941164.0,0.019299999,-3.57,310773,270814,266798,0.134
1024,SHMD,Industrials,Specialty Industrial Machinery,NASDAQ,116.34,82,78,96,95,4.96,291894374.2246399,57800864.0,0.0793,-53.43,1124121,1158820,1061744,-0.375
1025,PRSU,Consumer Cyclical,Travel Services,NYSE,116.3,82,74,61,57,45.6,1205571624.6188965,27449264.0,0.0696,-0.33,234936,222298,220343,0.374
1026,NOVT,Technology,Scientific & Technical Instruments,NASDAQ,116.3,82,64,41,33,160.65,5565777047.726715,35611858.0,0.1397,-6.52,543192,523077,443686,0.104
1027,VOYG,Industrials,Aerospace & Defense,NYSE,116.29,82,50,23,10,39.47,2462342162.63657,59262147.0,0.16700001,-46.63,2870895,2501578,2093177,0.021
1028,UVSP,Financial Services,Banks - Regional,NASDAQ,116.26,82,75,61,74,41.21,1129704178.6421356,27845802.0,0.019,0.73,181744,180434,199652,0.121
1029,GM,Consumer Cyclical,Auto Manufacturers,NYSE,116.21,82,72,79,90,83.76,74035729711.78276,901665195.0,0.0242,-4.41,9344591,7957210,7097424,-0.009
1030,FSLR,Technology,Solar,NASDAQ,116.18,82,70,51,89,262.19,29980563859.979248,107453363.0,0.105299994,-18.31,3439626,3004768,2594827,0.236
1031,KTCC,Technology,Computer Hardware,NASDAQ,116.17,82,69,45,15,3.73,40505077.30712414,10859270.0,0.0034,-11.19,43151,22337,18418,-0.2
1032,ULS,Industrials,Specialty Business Services,NYSE,116.14,82,81,81,81,98.57,19513324671.05255,201563115.0,0.0356,-8.34,682703,704241,705406,0.075
1033,SM,Energy,Oil & Gas E&P,NYSE,116.08,82,85,74,12,31.08,7722305439.713509,239748701.0,0.0616,-13.38,3464115,4060371,4476375,0.73
1034,INV,Financial Services,Asset Management,NASDAQ,116.08,82,93,11,16,5.71,491661767.78486824,84044748.0,0.1178,-27.35,3411590,2717673,2410892,5.442
1035,CM,Financial Services,Banks - Diversified,NYSE,116.05,82,82,83,85,110.75,99349222015.3841,912800674.0,7.2,-5.38,1283143,1065117,1270746,0.153
1036,MCRI,Consumer Cyclical,Resorts & Casinos,NASDAQ,116.03,82,77,66,66,124.89,2177865559.032776,17749516.0,0.019299999,0.57,152390,133203,144990,0.089
1037,AAT,Real Estate,REIT - Diversified,NYSE,116.01,82,66,45,32,24.42,1452509536.3924866,61390936.0,0.0686,1.29,532883,402664,375316,0.018
1038,VMD,Healthcare,Medical Devices,NASDAQ,115.94,82,76,83,54,9.92,382217926.17703056,38336802.0,0.0124,-2.55,207155,247711,252173,0.275
1039,ADAM,Real Estate,REIT - Mortgage,NASDAQ,115.94,82,79,79,70,9.05,806952708.7048492,89861108.0,0.0349,-2.9,550002,808767,732858,0.107
1040,ARIS,Basic Materials,Gold,NYSE,115.93,82,95,97,98,15.08,3143471905.517578,206400000.0,3.89,-35.25,1164688,1192809,1236473,1.365
1041,MD,Healthcare,Medical Care Facilities,NYSE,115.92,82,79,73,90,23.66,1856776457.8332367,82121911.0,0.059899997,-5.32,688142,878627,778274,0.039
1042,PGEN,Healthcare,Biotechnology,NASDAQ,115.74,82,91,89,97,3.71,1276309281.2003708,356510980.0,0.2059,-32.18,5677813,4181191,4227888,16.339
1043,BBAR,Financial Services,Banks - Regional,NYSE,115.73,82,26,35,85,18.14,3574142127.5,204236693.0,0.048499998,-15.15,818872,696214,630068,0.261
1044,NVCR,Healthcare,Medical Devices,NASDAQ,115.69,82,88,26,19,17.24,1987487312.727127,115820940.0,0.0999,-10.44,1569942,1877727,1564506,0.123
1045,CHEF,Consumer Defensive,Food Distribution,NASDAQ,115.68,82,77,63,61,82.69,3292385678.3495865,40777629.0,0.137,-0.14,329305,463058,452745,0.114
1046,AVBP,Healthcare,Biotechnology,NASDAQ,115.65,82,86,62,71,30.55,1413549082.566925,46574928.0,0.16690001,-9.12,720327,493465,504999,
1047,SOTK,Technology,Scientific & Technical Instruments,NASDAQ,115.62,82,73,71,28,5.23,80297249.26801157,15713747.0,0.00090000004,-8.89,60829,43063,36227,0.095
1048,FCX,Basic Materials,Copper,NYSE,115.6,82,83,84,67,64.25,91098167109.5704,1437559865.0,0.020499999,-10.88,12851457,13516675,14828819,0.088
1049,BMO,Financial Services,Banks - Diversified,NYSE,115.55,82,77,76,76,165.22,115127476245.02698,700416619.0,4.84,-0.42,648316,869108,768519,0.158
1050,TBN,Energy,Oil & Gas E&P,NYSE,115.49,82,85,79,72,33.46,1239842564.2026672,34856412.0,0.0378,-35.91,283110,213130,248872,
1051,CCSI,Technology,Software - Infrastructure,NASDAQ,115.45,82,77,81,32,34.22,616331325.0,18397950.0,0.0678,-8.26,174741,175213,146918,0.015
1052,F,Consumer Cyclical,Auto Manufacturers,NYSE,115.43,82,43,58,83,14.95,59371918666.96039,3984692630.0,0.0,-15.92,76228459,74673596,59193501,0.064
1053,LEGN,Healthcare,Biotechnology,NASDAQ,115.4,82,50,14,11,33.49,6058831816.648499,185739792.0,0.19639999,-26.07,3799649,2891359,2653895,0.565
1054,TNK,Energy,Oil & Gas Midstream,NYSE,115.35,82,87,86,76,72.01,2501286441.8753357,34643858.0,0.0377,-14.26,336155,370175,437081,0.235
1055,NPKI,Industrials,Building Products & Equipment,NYSE,115.32,82,82,88,90,14.8,1205903651.5302086,84447036.0,0.016900001,-10.3,938997,891982,815833,0.159
1056,ESCA,Consumer Cyclical,Leisure,NASDAQ,115.31,82,85,84,40,18.2,247110174.93379593,13805038.0,0.0188,-14.63,25355,39101,38009,0.006
1057,TBBB,Consumer Defensive,Discount Stores,NYSE,115.29,82,71,75,79,39.52,4752584369.742966,120562775.0,0.0729,-1.42,1561975,773988,627271,0.334
1058,AZZ,Industrials,Specialty Business Services,NYSE,115.29,82,81,80,66,144.17,4133588666.3075867,30016618.0,0.0311,-4.94,252605,205755,204463,0.094
1059,NVGS,Energy,Oil & Gas Midstream,NYSE,115.29,82,84,74,70,22.59,1344919799.918068,61721879.0,0.04,-7.27,319991,433880,405126,-0.071
1060,HXL,Industrials,Aerospace & Defense,NYSE,115.28,82,83,82,78,93.06,6725088001.662598,75427184.0,0.0572,-5.29,836271,910533,1062078,0.099
1061,HQI,Industrials,Staffing & Employment Services,NASDAQ,115.28,82,68,73,14,12.56,182338926.73644066,13940285.0,0.0513,-6.2,12467,16592,18019,-0.127
1062,FIGS,Consumer Cyclical,Apparel Manufacturing,NYSE,115.25,81,89,97,95,11.66,1982850873.992959,167047253.0,0.145,-33.3,2294767,3530422,3239417,0.28
1063,ABLV,Consumer Cyclical,Specialty Retail,NASDAQ,115.23,81,68,21,32,1.1,52847219.130604506,49389922.0,0.0061000003,-37.85,124203,113394,519834,-0.106
1064,IRM,Real Estate,REIT - Specialty,NYSE,115.2,81,81,77,24,126.14,37089427823.02792,297524681.0,0.0337,-5.93,1428503,1598714,1513608,0.216
1065,TPR,Consumer Cyclical,Luxury Goods,NYSE,115.18,81,73,90,89,145.62,28306465664.58307,202044714.0,0.09060001,-10.09,2541895,2621228,2224507,0.212
1066,SHBI,Financial Services,Banks - Regional,NASDAQ,115.14,81,69,69,76,21.67,702239984.0325451,33455931.0,0.0219,2.36,193073,184041,216406,0.148
1067,KOP,Basic Materials,Specialty Chemicals,NYSE,115.01,81,86,83,32,41.86,784850845.4708939,19231826.0,0.057600003,-9.78,168079,189689,174867,-0.003
1068,TMP,Financial Services,Banks - Regional,NYSE ARCA,115.0,81,73,67,70,89.48,1257212925.481903,14382941.0,0.018,1.47,64293,58591,61826,0.076
1069,OOMA,Technology,Software - Application,NYSE,114.98,81,89,70,25,17.34,470643694.9322109,27474823.0,0.0341,-21.04,444727,332579,309383,0.248
1070,EGHAU,Financial Services,Shell Companies,NASDAQ,114.96,81,56,55,48,13.67,,,0.05,9.54,4100,1366,830,
1071,VOYA,Financial Services,Financial Conglomerates,NYSE,114.89,81,64,39,60,88.47,7859863068.703308,90666315.0,0.00029999999,1.49,1216344,1280154,1282984,0.031
1072,UAMY,Basic Materials,Other Industrial Metals & Mining,NYSE,114.82,81,94,98,94,7.28,1142511151.2728329,148185622.0,0.21290001,-63.06,9347908,12838909,11895003,-0.031
1073,SFST,Financial Services,Banks - Regional,NASDAQ,114.81,81,74,78,87,60.01,557571091.5919495,9455165.0,0.014099999,-3.21,113441,116343,141606,0.262
1074,PFG,Financial Services,Asset Management,NASDAQ,114.8,81,73,58,71,106.66,22728823308.166992,216012384.0,0.0479,1.04,1127967,1109135,1223901,-0.045
1075,WWD,Industrials,Aerospace & Defense,NASDAQ,114.77,81,81,90,87,380.75,21315172112.276123,59582861.0,0.026099999,-6.45,742795,792305,755731,0.234
1076,BSRR,Financial Services,Banks - Regional,NASDAQ,114.71,81,75,68,75,39.62,511265304.5557251,13079184.0,0.0273,-0.15,54299,57516,51591,0.112
1077,SGC,Consumer Cyclical,Apparel Manufacturing,NASDAQ,114.71,81,63,42,28,13.04,200414811.6491928,15632981.0,0.0433,-5.37,38406,39288,35075,0.028
1078,IAUX,Basic Materials,Gold,NYSE ARCA,114.66,81,92,94,95,1.4,1232733093.563618,862051146.0,0.082600005,-37.5,8669373,10643441,13923194,2.729
1079,SMJF,Consumer Cyclical,Textile Manufacturing,NYSE ARCA,114.65,81,14,19,42,5.32,146836505.2843094,27705000.0,0.044499997,-24.0,908046,644795,732345,0.086
1080,PBR,Energy,Oil & Gas Integrated,NYSE,114.64,81,89,91,35,17.82,114387503262.75,6444366381.0,2.39,-19.87,14193324,16647318,21557504,0.004
1081,UNF,Industrials,Specialty Business Services,NYSE,114.62,81,81,90,37,270.48,4881207880.425873,18083905.0,0.0587,-4.68,196831,205047,214268,0.034
1082,HFBL,Financial Services,Banks - Regional,NASDAQ,114.6,81,80,79,87,19.99,59550835.5,3053889.0,0.002,-1.53,1860,2026,1962,0.106
1083,IBTA,Technology,Software - Application,NYSE,114.6,81,73,28,9,33.32,764582696.1352158,23274969.0,0.2902,-33.37,171765,195535,198429,-0.025
1084,BORR,Energy,Oil & Gas Drilling,NYSE,114.57,81,95,94,88,4.56,1484783158.4468036,308686731.0,0.094799995,-31.48,10680648,9101526,8499301,0.14
1085,VALE,Basic Materials,Other Industrial Metals & Mining,NYSE,114.57,81,86,89,86,15.14,64927787245.43436,4263150965.0,0.0117,-15.61,23257682,24223580,24506296,0.027
1086,UTI,Consumer Defensive,Education & Training Services,NYSE,114.53,81,79,85,32,39.28,2399024353.3666,55061381.0,0.066300005,-14.12,1449634,1373271,1030158,0.067
1087,ANIK,Healthcare,Drug Manufacturers - Specialty & Generic,NASDAQ,114.49,81,85,87,24,14.57,192665429.4291687,13305624.0,0.0559,-10.28,65081,95720,104284,0.132
1088,OVBC,Financial Services,Banks - Regional,NASDAQ,114.44,81,74,75,84,48.53,226834753.48841858,4711002.0,0.0091,-4.24,58682,30430,23796,0.011
1089,RMAX,Real Estate,Real Estate Services,NYSE,114.43,81,77,16,23,9.32,193430937.36029148,21232815.0,0.061300002,-19.79,252374,700324,814750,-0.057
1090,OBT,Financial Services,Banks - Regional,NASDAQ,114.42,81,72,77,71,35.49,467667705.8411865,13407904.0,0.0062,-6.58,49508,46872,61181,0.17
1091,LLY,Healthcare,Drug Manufacturers - General,NYSE,114.34,81,68,73,85,1144.68,1008934100764.3748,891741406.0,0.0095,-1.85,3594211,3506873,3283892,0.555
1092,NUTX,Healthcare,Medical Care Facilities,NASDAQ,114.34,81,77,35,98,135.4,912396712.8097839,6881339.0,0.21049999,-29.87,137713,156281,165850,0.022
1093,RHP,Real Estate,REIT - Hotel & Motel,NYSE,114.32,81,67,41,47,120.39,7511896569.122314,63109272.0,0.0387,0.57,472098,644116,588739,0.132
1094,SIMAU,Financial Services,Shell Companies,NASDAQ,114.29,81,48,54,54,13.8,,,0.0,-23.29,3661,1763,1058,
1095,CX,Basic Materials,Building Materials,NYSE,114.26,81,83,81,91,12.08,17993617474.219875,1442952453.0,1.82,-11.63,4091591,4914203,5314918,0.112
1096,CLBK,Financial Services,Banks - Regional,NASDAQ,114.25,81,73,70,66,20.94,2109042244.2591515,104047469.0,0.0987,1.21,359706,394608,321495,0.185
1097,TRNS,Industrials,Specialty Business Services,NASDAQ,114.21,81,53,69,17,90.0,818774368.5539856,9333953.0,0.066700004,-5.02,225577,172855,150929,0.158
1098,SDRL,Energy,Oil & Gas Drilling,NYSE,114.2,81,89,89,50,44.05,2775104011.829788,62530508.0,0.0715,-20.59,619278,652189,656899,0.088
1099,VTVT,Healthcare,Biotechnology,NASDAQ,114.16,81,77,92,94,31.77,126588337.15603638,3938654.0,0.060599998,-27.8,30735,41498,49463,
1100,HZO,Consumer Cyclical,Specialty Retail,NYSE,114.14,81,81,52,37,33.67,727810228.3273773,22028154.0,0.19770001,-7.12,291593,368777,339378,-0.165
1101,POCI,Healthcare,Medical Instruments & Supplies,NASDAQ,114.13,81,33,43,32,5.68,63480242.28756809,10944869.0,0.0026,-5.96,67616,63285,52569,1.08
1102,SHO,Real Estate,REIT - Hotel & Motel,NYSE,114.12,81,68,45,35,11.58,2138623694.3226242,186291270.0,0.0001,-0.09,1813781,1908003,1826530,0.11
1103,PENN,Consumer Cyclical,Resorts & Casinos,NASDAQ,114.12,81,57,35,18,20.32,2573807963.061367,133843371.0,0.1727,-1.41,4091312,3488340,3859540,0.064
1104,OBK,Financial Services,Banks - Regional,NYSE,114.1,81,74,71,66,48.81,1485250752.0203133,30904093.0,0.0182,0.29,116164,141168,171816,0.093
1105,RES,Energy,Oil & Gas Equipment & Services,NYSE,114.1,81,83,83,69,6.96,1509354324.6677756,221637935.0,0.29299998,-14.71,1371100,1651323,1982078,0.366
1106,BVN,Basic Materials,Other Precious Metals & Mining,NYSE,114.07,81,91,94,92,30.99,7685642653.55298,253986867.0,0.0292,-30.62,1234028,1273712,1296729,1.03
1107,IHG,Consumer Cyclical,Lodging,NYSE,113.98,81,67,61,76,162.97,24065426159.849182,148414598.0,0.004,-0.45,286383,222657,232226,0.027
1108,CDZIP,Utilities,Utilities - Regulated Water,NASDAQ,113.97,81,68,68,70,22.49,,,1.2,-1.7,9462,6127,6282,-0.448
1109,KEX,Industrials,Marine Shipping,NYSE,113.91,81,81,79,69,143.06,7542225763.183594,53472000.0,0.0353,-9.28,484855,607331,634107,0.074
1110,MCS,Communication Services,Entertainment,NYSE,113.9,81,66,44,33,20.61,625321588.2719288,30728333.0,0.0256,-0.67,175539,150539,147561,0.037
1111,TBRG,Healthcare,Health Information Services,NASDAQ,113.9,81,78,22,52,26.0,390727481.3565674,14999136.0,0.060700003,-1.92,264515,283208,344157,-0.011
1112,UBS,Financial Services,Banks - Diversified,NYSE,113.86,81,71,47,77,47.86,154089615257.95288,3277805164.0,0.0022,-3.04,2313386,2383802,2477483,0.138
1113,TZOO,Communication Services,Internet Content & Information,NASDAQ,113.86,81,68,17,10,10.15,102591491.11432266,10279709.0,0.0753,-28.12,83105,114495,227583,0.049
1114,SLSR,Basic Materials,Other Precious Metals & Mining,NYSE ARCA,113.81,81,89,92,94,8.5,1468240526.748108,167035328.0,4.23,-25.96,140583,132731,123298,
1115,FTAI,Industrials,Aerospace & Defense,NASDAQ,113.79,81,91,91,80,233.75,24009544909.658386,102582972.0,0.10560001,-27.75,903288,1329946,1277419,0.655
1116,SMFG,Financial Services,Banks - Diversified,NYSE,113.69,81,74,72,79,23.07,147143229339.27808,6353334642.0,0.0017,-5.22,1722514,2074564,2094042,
1117,LYTS,Technology,Electronic Components,NASDAQ,113.67,81,76,58,42,24.53,827864682.1906586,36712404.0,0.0405,-1.84,582616,521442,462369,0.136
1118,BWFG,Financial Services,Banks - Regional,NASDAQ,113.65,81,74,77,86,55.31,427920556.0006714,7973180.0,0.0324,2.46,45463,40381,44262,0.353
1119,BLX,Financial Services,Banks - Regional,NYSE,113.65,81,72,73,64,57.46,2092709957.5947266,37230208.0,0.0089,-0.57,179006,166702,148399,0.077
1120,ROK,Industrials,Specialty Industrial Machinery,NYSE,113.57,81,78,65,83,460.47,49707186593.802765,111273953.0,0.0337,-1.63,665067,775412,744721,0.119
1121,UIS,Technology,Information Technology Services,NYSE,113.53,80,57,14,11,3.83,296724054.41500187,72905170.0,0.0748,-24.61,1518809,1029526,882983,0.013
1122,SJ,Communication Services,Internet Content & Information,NASDAQ,113.5,80,80,95,12,1.07,49256809.46265221,42462768.0,0.0004,-34.36,57907,63169,58513,-0.08
1123,RAMP,Technology,Software - Infrastructure,NYSE,113.47,80,64,44,49,37.54,2248487835.6958313,60087866.0,0.09729999,-0.98,2498971,2177563,1530438,0.092
1124,PSX,Energy,Oil & Gas Refining & Marketing,NYSE,113.42,80,81,85,67,179.0,73403184195.73395,400935020.0,0.0247,-6.09,1975716,2364622,2611705,0.069
1125,EXEL,Healthcare,Biotechnology,NASDAQ,113.4,80,76,56,60,52.99,13246413065.86871,251355083.0,0.16379999,0.02,2565659,2722393,2563795,0.1
1126,SILA,Real Estate,REIT - Healthcare Facilities,NYSE,113.39,80,77,64,34,30.27,1671043214.5,55241098.0,0.0114,-1.18,551978,665059,857135,0.091
1127,AMCX,Communication Services,Entertainment,NASDAQ,113.36,80,66,34,82,9.92,430491585.97854614,43927712.0,0.1996,-6.85,592133,569291,471680,-0.024
1128,RRBI,Financial Services,Banks - Regional,NASDAQ,113.36,80,78,87,79,90.75,600787648.9735718,6584696.0,0.020399999,-8.19,90076,79902,72061,0.094
1129,CNOB,Financial Services,Banks - Regional,NASDAQ,113.35,80,72,58,70,31.7,1541845218.3665848,50288494.0,0.0366,2.52,334700,318746,338534,0.655
1130,EHLD,Industrials,Marine Shipping,NASDAQ,113.32,80,82,37,28,8.68,24645381.25,2816615.0,0.0045,-29.66,8596,12215,8387,1.66
1131,RYM,Consumer Defensive,Tobacco,NASDAQ,113.29,80,68,33,29,27.98,54372962.060344696,2149129.0,0.036199998,-47.85,11978,11646,18411,23.695
1132,STOK,Healthcare,Biotechnology,NASDAQ,113.29,80,93,96,97,29.37,1869072480.8051395,62281655.0,0.2157,-26.98,471466,534558,551055,-0.961
1133,NTWK,Technology,Software - Application,NASDAQ,113.24,80,80,79,36,4.37,51306110.51872158,11876414.0,0.0011999999,-24.0,33854,46404,34444,0.13
1134,CMT,Basic Materials,Specialty Chemicals,NYSE ARCA,113.19,80,81,64,72,23.24,197640940.26667213,8563299.0,0.0212,-19.0,21165,27341,32051,-0.047
1135,HSBC,Financial Services,Banks - Diversified,NYSE,113.18,80,79,80,81,89.34,311411495077.23645,3429641901.0,3.69,-6.56,2093195,1755048,1823727,0.033
1136,WSC,Industrials,Rental & Leasing Services,NASDAQ,113.17,80,73,22,17,27.53,4743870370.884422,180994679.0,0.19690001,-13.64,2006575,2826301,2639557,-0.02
1137,MNST,Consumer Defensive,Beverages - Non-Alcoholic,NASDAQ,113.13,80,75,77,78,90.15,87580629235.14389,978008110.0,0.0286,-0.32,6043517,5622659,5245269,0.269
1138,GVA,Industrials,Engineering & Construction,NYSE,113.12,80,80,81,79,140.05,6183596170.658661,43746699.0,0.1521,-3.41,746437,785795,670001,0.304
1139,DAVE,Technology,Software - Application,NASDAQ,113.1,80,80,84,88,278.71,3283454287.75,12714247.0,0.1742,-5.17,836400,579830,583308,0.467
1140,WHD,Energy,Oil & Gas Equipment & Services,NYSE,113.1,80,75,60,43,58.0,3930471432.4531174,69418430.0,0.059699997,-9.8,683524,719141,795736,0.385
1141,CFG,Financial Services,Banks - Regional,NYSE,113.06,80,73,75,83,65.67,27055986455.58001,422881942.0,0.0002,-4.54,4845306,4100248,4410985,0.138
1142,HAFN,Industrials,Marine Shipping,NYSE,113.05,80,90,86,61,7.31,3638408005.258291,499781305.0,0.040999997,-23.34,2483688,1773512,1783931,0.225
1143,APH,Technology,Electronic Components,NYSE,113.05,80,52,85,89,154.07,170768840306.94794,1230234445.0,0.0147,-7.76,10201826,11475798,9705547,0.584
1144,SEB,Industrials,Conglomerates,NYSE ARCA,113.02,80,74,89,89,5048.16,5203796108.034668,957795.0,0.1024,-15.71,12973,9594,10244,0.036
1145,AROW,Financial Services,Banks - Regional,NASDAQ,113.01,80,74,74,75,37.69,619177036.6072311,16529019.0,0.0135,-1.05,55057,66525,81029,0.294
1146,NRT,Energy,Oil & Gas E&P,NYSE,112.95,80,83,95,88,7.69,73984251.25296593,9190590.0,0.0047999998,-26.69,76887,60279,70673,-0.037
1147,CHRD,Energy,Oil & Gas E&P,NASDAQ,112.88,80,87,81,29,134.07,7588566498.584763,56299183.0,0.0705,-11.77,633309,725606,805031,0.385
1148,GRAL,Healthcare,Diagnostics & Research,NASDAQ,112.85,80,63,38,98,60.9,2574137228.494343,42916593.0,0.1694,-48.75,1122913,781087,780820,0.281
1149,EXPD,Industrials,Integrated Freight & Logistics,NYSE,112.82,80,69,69,81,166.34,20984129697.83429,130791133.0,0.0469,-0.51,1432923,1217111,1119004,0.044
1150,PTHS,Healthcare,Biotechnology,NYSE ARCA,112.81,80,83,79,90,26.9,88802727.0982933,3475645.0,0.018099999,-50.45,6537,19989,17993,
1151,GWW,Industrials,Industrial Distribution,NYSE,112.81,80,70,62,44,1329.8,61377527292.255615,47213119.0,0.0325,1.78,264981,278833,260734,0.101
1152,FLOC,Energy,Oil & Gas Equipment & Services,NYSE,112.79,80,82,80,32,23.66,969484087.9237213,41824162.0,0.0582,-16.28,756940,706976,729534,0.089
1153,TFSL,Financial Services,Banks - Regional,NASDAQ,112.78,80,63,65,68,16.69,4604695776.615274,280432141.0,0.16219999,1.09,902340,927256,829944,0.098
1154,DD,Basic Materials,Specialty Chemicals,NYSE,112.77,80,83,85,82,47.06,18976976145.630234,405058202.0,0.033,-10.63,3203647,3770842,3475451,0.043
1155,SRTA,Healthcare,Medical Care Facilities,NASDAQ,112.68,80,83,67,78,5.61,500988836.9992733,86526570.0,0.1014,-13.69,877737,1004672,888993,0.874
1156,EGG,Industrials,Consulting Services,NYSE ARCA,112.64,80,79,78,9,6.58,155933117.3444748,27845200.0,0.002,-52.59,180888,93486,85201,-0.403
1157,RYZ,Industrials,Metal Fabrication,NYSE,112.62,80,66,36,60,28.57,1408778836.8060226,51888724.0,0.0366,-7.54,417888,419366,370615,0.379
1158,VLN,Technology,Semiconductors,NYSE,112.61,80,89,20,18,2.15,223074280.3392775,105722413.0,0.0001,-42.05,4641382,5247664,3426060,0.002
1159,SII,Financial Services,Asset Management,NYSE,112.6,80,92,97,92,118.08,3165843144.594658,25782581.0,2.02,-30.39,160392,177810,187646,2.297
1160,HG,Financial Services,Insurance - Reinsurance,NYSE,112.6,80,79,84,84,30.9,3026315386.7921047,99255999.0,0.020299999,-8.35,473954,487601,456266,-0.022
1161,IMUX,Healthcare,Biotechnology,NASDAQ,112.54,80,85,90,13,12.26,173946344.14542007,13621483.0,0.1161,-22.26,273602,276277,283797,
1162,WKC,Energy,Oil & Gas Refining & Marketing,NYSE,112.54,80,54,35,30,31.13,1531933099.41189,51355451.0,0.1792,3.7,657972,780687,797056,0.025
1163,CMTL,Technology,Communication Equipment,NASDAQ,112.53,80,83,95,81,4.18,140345035.44153357,29734119.0,0.0104,-32.69,430943,300014,265862,-0.157
1164,IMKTA,Consumer Defensive,Grocery Stores,NASDAQ,112.52,80,72,86,61,92.85,1731337401.3831177,18994376.0,0.087,-2.9,143120,145643,139844,0.034
1165,AVBH,Financial Services,Banks - Regional,NASDAQ,112.49,80,67,72,73,31.81,341472556.2258129,10955167.0,0.0183,0.63,91820,89900,80368,0.292
1166,GCBC,Financial Services,Banks - Regional,NASDAQ,112.49,80,48,37,45,28.63,470243909.98835564,17025485.0,0.0075,2.25,20291,14013,12852,0.234
1167,BAP,Financial Services,Banks - Regional,NYSE,112.47,80,73,87,81,349.61,25622082232.5,79448317.0,0.023699999,-8.05,798032,523420,488422,0.256
1168,WSFS,Financial Services,Banks - Regional,NASDAQ,112.47,80,74,74,62,73.27,3735201006.7115936,52044046.0,0.044499997,0.07,391869,383989,384465,0.161
1169,DHT,Energy,Oil & Gas Midstream,NYSE,112.45,80,86,90,66,16.72,2681343194.617491,161041637.0,0.057800002,-18.64,2808031,2827670,3166324,0.781
1170,EBMT,Financial Services,Banks - Regional,NASDAQ,112.42,80,74,78,72,23.29,183204913.0,7965431.0,0.0172,-2.76,64624,54954,57964,0.116
1171,THFF,Financial Services,Banks - Regional,NASDAQ,112.37,80,70,68,79,72.78,845275989.4547119,11891896.0,0.02,1.06,81436,76065,79959,0.084
1172,ROKU,Communication Services,Entertainment,NASDAQ,112.36,80,88,60,82,120.91,18057038312.76789,147693751.0,0.0926,-9.4,2299524,2518541,2485166,0.224
1173,DBD,Technology,Software - Application,NYSE,112.35,80,77,84,82,81.6,2809747705.744507,34628392.0,0.1379,-8.37,277046,313582,475853,0.06
1174,AUPH,Healthcare,Biotechnology,NASDAQ,112.33,80,80,81,91,15.78,2037050488.2630577,128601671.0,0.077800006,-6.52,1395020,1283626,1209656,0.244
1175,CNTX,Healthcare,Biotechnology,NASDAQ,112.3,80,95,99,85,1.52,160788559.75,91879177.0,0.0115,-58.01,726697,688395,776419,
1176,SFL,Industrials,Marine Shipping,NYSE,112.27,80,84,81,32,11.11,1457600917.713272,132992784.0,0.0301,-14.14,1219134,1375584,1293430,-0.067
1177,UVE,Financial Services,Insurance - Property & Casualty,NYSE,112.21,80,82,83,87,37.2,1042201150.3788986,27911118.0,0.0216,-11.34,174000,194773,198872,-0.003
1178,HLX,Energy,Oil & Gas Equipment & Services,NYSE,112.21,80,84,81,36,9.5,1361813776.546835,147382447.0,0.0685,-11.63,1278973,1641867,1776978,0.036
1179,CHGG,Consumer Defensive,Education & Training Services,NYSE,112.2,79,78,10,13,1.11,130991835.65524793,111958838.0,0.0622,-41.58,1749950,2578130,2180292,-0.479
1180,GKOS,Healthcare,Medical Devices,NYSE,112.2,79,84,46,70,126.34,7341738875.0,58733911.0,0.0682,-14.7,1381774,1196594,965174,0.412
1181,RMCO,Financial Services,Asset Management,NASDAQ,112.19,79,78,98,94,2.61,38656869.62713599,15159557.0,0.00090000004,-47.8,18891,64000,47676,0.772
1182,AYA,Basic Materials,Silver,NASDAQ,112.1,79,93,88,89,16.68,2457014610.3662567,143349749.0,27.3,-24.18,405115,425958,332453,2.466
1183,LINK,Technology,Electronic Components,NASDAQ,112.07,79,28,23,15,4.79,77332531.96673965,15750007.0,0.0377,-52.58,49928,208389,132419,0.154
1184,NYAX,Technology,Software - Infrastructure,NASDAQ,112.06,79,85,86,73,64.25,2429579035.0,37378139.0,0.0029,-16.41,19142,29690,28312,0.317
1185,PLGO,Financial Services,Insurance - Diversified,NYSE,112.06,79,67,67,68,22.61,1864684224.5098057,85496757.0,0.0249,-6.03,445660,464186,453816,-0.073
1186,PUBM,Technology,Software - Application,NASDAQ,112.05,79,74,31,24,11.51,535955968.72832775,46443325.0,0.0674,-17.07,750620,752956,699374,-0.02
1187,CRI,Consumer Cyclical,Apparel Retail,NYSE,112.04,79,50,63,30,39.8,1407305917.6240654,36850117.0,0.1038,-10.44,850217,1059555,1065417,0.081
1188,MBBC,Financial Services,Banks - Regional,NASDAQ,112.03,79,79,85,77,14.71,42490741.27437973,2950746.0,0.0023,-6.6,11737,14815,13519,0.343
1189,CGEM,Healthcare,Biotechnology,NASDAQ,112.02,79,91,89,87,13.18,830298215.5266304,61458046.0,0.20040001,-21.27,1207068,1057372,924683,
1190,TGT,Consumer Defensive,Discount Stores,NYSE,112.0,79,71,80,42,126.61,55670204459.23187,454191112.0,0.0317,-4.88,4394435,5422811,5125435,0.067
1191,IBIO,Healthcare,Biotechnology,NASDAQ,111.97,79,88,90,90,1.7,90414983.62574422,49678561.0,0.069,-55.5,823272,961747,852918,
1192,KRNY,Financial Services,Banks - Regional,NASDAQ,111.95,79,73,67,77,8.46,522972167.79768276,62932869.0,0.016900001,-0.47,321306,312058,301643,0.175
1193,IMPP,Energy,Oil & Gas Midstream,NASDAQ,111.94,79,85,84,76,5.18,224711870.77379704,45213658.0,0.1035,-21.16,475605,635485,595001,0.923
1194,GILT,Technology,Communication Equipment,NASDAQ,111.93,79,94,94,91,13.79,1095838199.5078583,75470948.0,0.020399999,-34.11,973396,1053992,870597,0.2
1195,IAE,Financial Services,Asset Management,NYSE,111.91,79,73,70,72,8.65,97398039.61102009,10750335.0,0.32,-5.98,97778,66962,53795,
1196,ERIC,Technology,Communication Equipment,NASDAQ,111.9,79,82,85,76,11.86,41736880854.306274,3322999957.0,0.0149,-13.87,10426474,9344511,10548704,-0.103
1197,OVV,Energy,Oil & Gas E&P,NYSE,111.89,79,85,88,36,56.59,15933754891.100178,281018601.0,0.045,-10.83,2763916,3763168,3614265,0.085
1198,SAH,Consumer Cyclical,Auto & Truck Dealerships,NYSE,111.84,79,78,32,32,84.82,2596593218.217682,31604103.0,0.23120001,-5.36,245319,299903,262483,0.01
1199,NRC,Healthcare,Health Information Services,NASDAQ,111.78,79,80,58,65,19.75,431352347.6846924,22536696.0,0.1617,-13.34,135461,122903,100288,0.037
1200,IMO,Energy,Oil & Gas Integrated,NYSE ARCA,111.76,79,84,90,69,118.98,60523806193.65994,497237969.0,0.17899999,-14.67,648821,584003,585964,-0.004
1201,INDI,Technology,Semiconductors,NASDAQ,111.75,79,81,18,79,4.02,855718833.8501005,211288591.0,0.2928,-33.55,6153633,6056587,5335040,0.026
1202,LPRO,Financial Services,Credit Services,NASDAQ,111.75,79,61,16,11,2.1,249438030.61853456,118217082.0,0.0232,-22.22,1625490,1163663,941650,-0.16
1203,CCNE,Financial Services,Banks - Regional,NASDAQ,111.75,79,76,69,71,31.77,919980831.044857,29629013.0,0.0117,-0.09,152505,120055,136925,0.486
1204,PBFS,Financial Services,Banks - Regional,NASDAQ,111.72,79,61,61,73,16.54,395521220.42708206,24414889.0,0.0088,-2.93,19506,21512,16457,0.083
1205,IHD,Financial Services,Asset Management,NYSE,111.71,79,77,74,71,7.41,138871790.2768612,17735861.0,0.0069999998,-8.97,174333,116351,107262,
1206,EFSI,Financial Services,Banks - Regional,NASDAQ,111.68,79,58,39,74,41.96,221961530.6755066,5412376.0,0.0186,0.72,31150,22450,19110,4.317
1207,JCI,Industrials,Building Products & Equipment,NYSE,111.66,79,74,82,78,147.75,87643102647.09988,610115603.0,0.0189,-0.42,4284403,3785597,3489512,0.082
1208,SXT,Basic Materials,Specialty Chemicals,NYSE,111.65,79,69,45,61,119.47,4775811726.328125,42568960.0,0.049200002,-7.64,321009,399033,416993,0.111
1209,NSP,Industrials,Staffing & Employment Services,NYSE,111.64,79,23,6,10,37.27,1350425699.9290848,38169182.0,0.1421,-41.87,813760,777793,815036,0.017
1210,MRK,Healthcare,Drug Manufacturers - General,NYSE,111.64,79,75,84,74,119.6,298330093349.0418,2469824415.0,0.0117999995,-4.43,11284088,9730612,9513237,0.049
1211,BC,Consumer Cyclical,Recreational Vehicles,NYSE,111.63,79,75,65,76,83.14,5223944914.343124,64974438.0,0.0001,-7.88,566185,622278,704231,0.128
1212,FANG,Energy,Oil & Gas E&P,NASDAQ,111.6,79,81,81,55,194.24,54186565894.53992,281313297.0,0.0545,-9.45,2890631,2476993,2778228,0.042
1213,FRT,Real Estate,REIT - Retail,NYSE,111.56,79,72,67,51,124.44,10587859773.408875,86389197.0,0.0001,0.69,1059746,980962,945709,0.103
1214,BOF,Consumer Defensive,Packaged Foods,NASDAQ,111.53,79,82,91,91,3.68,57588272.653934956,15316030.0,0.004,-25.66,163463,117194,91896,-0.184
1215,SHG,Financial Services,Banks - Regional,NYSE,111.52,79,78,85,83,65.99,31627958266.191605,470864361.0,0.0007,-10.1,298817,241889,247333,0.066
1216,MASS,Healthcare,Medical Devices,NASDAQ,111.52,79,73,60,85,7.99,299862008.03886175,37813621.0,0.18879999,-14.45,318718,292119,271779,0.136
1217,MBAI,Healthcare,Diagnostics & Research,NASDAQ,111.51,79,84,94,93,1.4,10667895.383138776,7730359.0,0.031,-64.29,74950,143563,143434,
1218,MCY,Financial Services,Insurance - Property & Casualty,NYSE,111.5,79,78,79,86,101.11,5620284049.30307,55388627.0,0.0364,-2.65,285628,254216,231821,0.105
1219,HWM,Industrials,Aerospace & Defense,NYSE,111.46,79,83,88,83,257.16,100787072525.63773,400107483.0,0.0218,-8.4,2822311,2612193,2386630,0.191
1220,ACNB,Financial Services,Banks - Regional,NASDAQ,111.46,79,65,58,78,56.13,560436985.6276398,10212044.0,0.013099999,0.84,57022,52947,61894,0.427
1221,FLY,Industrials,Aerospace & Defense,NASDAQ,111.39,79,80,16,4,33.44,5928891083.096947,164235217.0,0.097799994,-54.69,10336033,8105584,7845772,0.448
1222,CBK,Financial Services,Banks - Regional,NASDAQ,111.38,79,68,57,56,30.88,407475736.9240284,13701269.0,0.0172,2.35,76175,54445,56891,0.053
1223,CDRO,Consumer Cyclical,Gambling,NASDAQ,111.37,79,74,67,59,9.7,437420577.0963812,45469915.0,0.023599999,-4.62,39999,26406,27635,0.066
1224,FXNC,Financial Services,Banks - Regional,NASDAQ,111.35,79,70,74,74,29.48,262730496.1916027,9040967.0,0.011,-1.24,69968,72392,80775,0.106
1225,JVA,Consumer Defensive,Packaged Foods,NASDAQ,111.33,79,78,25,16,4.28,24489893.782234192,5708600.0,0.0045,-23.98,41835,43555,49411,0.2
1226,AMR,Basic Materials,Coking Coal,NYSE,111.32,79,71,83,81,193.58,2573185667.203125,12714624.0,0.1814,-23.73,286897,263322,258807,-0.013
1227,PGNY,Healthcare,Healthcare Plans,NASDAQ,111.32,79,51,23,84,25.83,2025675136.0102844,78332370.0,0.096999995,-10.16,1547746,1694022,1523585,0.014
1228,PROF,Healthcare,Medical Devices,NASDAQ,111.29,79,77,35,88,6.82,242008656.87531662,36337637.0,0.0681,-23.8,59040,69226,82808,1.036
1229,MUFG,Financial Services,Banks - Diversified,NYSE,111.26,79,68,70,73,19.83,224522797125.67377,11276885929.0,0.0007,-1.98,3067956,3106538,3134955,
1230,SIRI,Communication Services,Entertainment,NASDAQ,111.19,79,78,53,36,27.61,9092104548.406189,336619936.0,0.1453,-8.3,5009582,4867250,5261664,0.011
1231,PDLB,Financial Services,Banks - Regional,NASDAQ,111.17,79,68,70,81,19.06,459570119.0,24187901.0,0.0146,-1.85,101197,69235,60797,0.151
1232,AIT,Industrials,Industrial Distribution,NYSE,111.16,79,72,59,58,322.81,11652973997.70639,36959541.0,0.0239,1.8,202701,239883,246930,0.073
1233,KW,Real Estate,Real Estate Services,NYSE,111.14,79,82,84,76,11.03,1533729089.6339893,139303275.0,0.048600003,-0.54,1149121,1158207,1009868,-0.008
1234,ELAN,Healthcare,Drug Manufacturers - Specialty & Generic,NYSE,111.12,79,68,89,90,24.5,11801993227.13523,499449583.0,0.1014,-11.62,6466223,6919971,5927986,0.149
1235,PAGP,Energy,Oil & Gas Midstream,NASDAQ,111.08,79,78,82,51,24.35,4840734691.853363,197904124.0,0.08,-6.88,1364450,1831690,1808082,0.087
1236,USAR,Basic Materials,Other Industrial Metals & Mining,NASDAQ,111.08,79,91,85,51,20.9,5497492662.695841,244659227.0,0.1174,-52.48,18163890,18440100,17594542,
1237,AROC,Energy,Oil & Gas Equipment & Services,NYSE,111.08,79,82,88,60,35.17,5993946716.913986,175261596.0,0.0542,-12.34,1736288,1774159,1633195,0.077
1238,BKHAU,Financial Services,Shell Companies,NASDAQ,111.05,79,44,63,67,14.69,,,0.0,-8.76,1069,393,235,
1239,CATY,Financial Services,Banks - Regional,NASDAQ,111.04,78,72,55,63,59.08,3902805436.330414,67035475.0,0.0432,0.68,417902,419357,391160,0.141
1240,QUAD,Industrials,Specialty Business Services,NYSE,111.04,78,77,70,59,7.64,384118436.5158014,51559523.0,0.0355,-11.57,143599,209926,201811,-0.077
1241,GIII,Consumer Cyclical,Apparel Manufacturing,NASDAQ,111.03,78,61,47,75,34.0,1422200826.1445541,42189287.0,0.2291,-5.13,757428,537259,494159,-0.082
1242,ERO,Basic Materials,Copper,NYSE,111.02,78,87,89,92,26.26,2688286086.6419983,104277968.0,2.62,-34.02,1286737,1367752,1238757,1.104
1243,CEE,Financial Services,Asset Management,NYSE,110.97,78,77,72,75,20.89,134772410.47745132,6520194.0,0.0005,-4.96,19581,23013,23460,0.631
1244,MYFW,Financial Services,Banks - Regional,NASDAQ,110.95,78,76,62,75,29.4,283891289.2090454,9728968.0,0.0175,-2.0,37257,36462,31777,0.144
1245,AGRO,Consumer Defensive,Farm Products,NYSE,110.93,78,88,83,22,11.29,1648002692.7298622,144308466.0,0.0432,-28.95,738787,1003679,1236023,0.225
1246,RBB,Financial Services,Banks - Regional,NASDAQ,110.85,78,76,69,77,24.5,406461312.0,16935888.0,0.0154,-0.93,146898,107706,92427,0.61
1247,SOBO,Energy,Oil & Gas Midstream,NYSE,110.75,78,80,81,60,36.09,7688429478.529953,208584627.0,7.23,-5.99,979357,871469,994039,-0.014
1248,CFFN,Financial Services,Banks - Regional,NASDAQ,110.74,78,76,71,73,7.96,976482808.7369862,124392716.0,0.062800005,-0.13,639773,790077,813606,0.134
1249,KRT,Consumer Cyclical,Packaging & Containers,NASDAQ,110.71,78,59,71,28,29.22,567968162.181118,19963731.0,0.0209,-8.05,74429,95226,92589,0.129
1250,GFF,Industrials,Building Products & Equipment,NYSE,110.7,78,62,42,57,92.27,3921596950.5,45866631.0,0.0468,-5.44,290181,354333,370664,-0.011
1251,CCRN,Healthcare,Medical Care Facilities,NASDAQ,110.66,78,75,30,9,13.18,408687742.7829437,31008174.0,0.028499998,-12.07,441585,920905,685453,-0.178
1252,WBI,Energy,Oil & Gas Equipment & Services,NYSE,110.66,78,70,72,29,29.34,1384152802.0692844,47016059.0,0.0947,-8.03,564953,654207,695626,1.053
1253,DAIO,Technology,Electronic Components,NASDAQ,110.64,78,41,36,58,3.63,33819918.3040781,9394422.0,0.0033000002,-19.15,212562,110580,87294,-0.474
1254,CHCI,Real Estate,Real Estate Services,NASDAQ,110.62,78,80,66,84,15.56,169687640.51260376,10259228.0,0.006,-21.1,12437,12649,16811,0.415
1255,EBAY,Consumer Cyclical,Internet Retail,NASDAQ,110.57,78,79,75,64,108.66,48551399322.509766,444000000.0,0.0326,-8.93,4560828,6327709,5678153,0.195
1256,SRV,Financial Services,Asset Management,NYSE,110.57,78,78,79,39,48.44,226192327.86667633,4667609.0,0.8,-5.81,55874,56544,57674,
1257,FVCB,Financial Services,Banks - Regional,NASDAQ,110.56,78,70,79,71,16.47,292087925.9217224,17996792.0,0.0088,-10.54,215136,215645,182907,0.167
1258,ACA,Industrials,Engineering & Construction,NYSE,110.55,78,75,69,75,127.34,6013813521.478851,49096364.0,0.0339,-6.08,253691,289717,279804,0.044
1259,PCB,Financial Services,Banks - Regional,NASDAQ,110.48,78,64,60,74,25.97,358715030.4602318,14234723.0,0.0136,2.12,22660,24916,25248,0.176
1260,CMC,Industrials,Metal Fabrication,NYSE,110.47,78,69,66,84,75.76,8222299692.80072,110887384.0,0.077199996,-10.73,1125800,973050,1006324,0.215
1261,PAA,Energy,Oil & Gas Midstream,NASDAQ,110.46,78,78,81,53,22.47,15945016327.538979,705531684.0,0.0235,-7.38,2171540,2999106,2927244,0.087
1262,PFIS,Financial Services,Banks - Regional,NASDAQ,110.44,78,69,64,63,61.85,601854155.0272255,10010881.0,0.0137,1.43,48849,60613,59667,0.061
1263,MCB,Financial Services,Banks - Regional,NYSE,110.44,78,68,72,75,93.93,1126067288.5370407,12394797.0,0.0535,-4.0,98175,111165,144001,0.374
1264,SENEB,Consumer Defensive,Packaged Foods,NASDAQ,110.43,78,78,87,76,145.75,987226839.5,6773426.0,0.0007,-11.66,30,186,146,0.011
1265,FDMT,Healthcare,Biotechnology,NASDAQ,110.42,78,92,84,96,9.23,451666852.5076275,52276254.0,0.2672,-25.2,978073,756897,742370,216.643
1266,DAO,Consumer Defensive,Education & Training Services,NYSE,110.42,78,78,74,57,11.84,1406599779.0526161,120634631.0,0.0313,-9.62,98218,90102,80193,0.038
1267,RBCAA,Financial Services,Banks - Regional,NASDAQ,110.42,78,61,44,56,86.17,1657698185.0,19617730.0,0.0222,0.69,87935,76341,81385,-0.113
1268,CURB,Real Estate,REIT - Retail,NYSE,110.42,78,72,77,47,29.8,3089136647.1920776,105539344.0,0.1841,1.05,841894,774351,769154,0.499
1269,BNS,Financial Services,Banks - Diversified,NYSE,110.41,78,73,74,83,81.7,98772679566.65039,1226076000.0,2.95,-0.63,2533016,2109828,2553171,0.126
1270,ABAT,Industrials,Waste Management,NASDAQ,110.36,78,76,94,98,3.24,424248797.679559,136414409.0,0.1689,-71.8,14353075,8451318,6490447,6.971
1271,TSBK,Financial Services,Banks - Regional,NASDAQ,110.35,78,71,72,72,42.77,325564566.46445084,7827953.0,0.0064999997,-1.79,25222,25907,36054,0.044
1272,AG,Basic Materials,Silver,NYSE,110.32,78,95,97,95,16.54,8389144847.305115,493769568.0,1.54,-48.38,11544934,13029894,13735394,0.954
1273,UTHR,Healthcare,Drug Manufacturers - Specialty & Generic,NASDAQ,110.3,78,86,89,88,553.14,23340184867.45056,42446733.0,0.0635,-9.22,464547,455005,514723,-0.016
1274,EWBC,Financial Services,Banks - Regional,NASDAQ,110.27,78,70,58,72,128.66,17253309570.74353,136996262.0,0.028299998,0.89,720610,801620,874614,0.141
1275,HFRO,Financial Services,Asset Management,NYSE,110.27,78,58,58,63,6.98,371223552.8320484,55406502.0,0.0002,2.2,188041,149193,139304,
1276,AUR,Consumer Cyclical,Auto Parts,NASDAQ,110.25,78,84,23,13,6.16,12375191379.369059,1961203089.0,0.1732,-28.08,35445697,33914159,27660331,
1277,MTUS,Basic Materials,Steel,NYSE,110.25,78,64,37,74,19.84,818402659.6081009,41627806.0,0.0828,-8.7,299871,305130,286908,0.099
1278,SENEA,Consumer Defensive,Packaged Foods,NASDAQ,110.24,78,79,89,78,145.4,1010069136.5115509,6881049.0,0.0272,-13.2,178513,129817,130336,0.011
1279,GSBC,Financial Services,Banks - Regional,NASDAQ,110.17,78,70,52,65,74.48,798580685.3352661,10893203.0,0.047199998,0.08,97706,107075,97071,0.0
1280,RUSHB,Consumer Cyclical,Auto & Truck Dealerships,NASDAQ,110.17,78,70,63,62,70.02,5206723497.0,77712291.0,0.014400001,-11.51,53427,67025,69923,-0.09
1281,VET,Energy,Oil & Gas E&P,NYSE,110.16,78,87,90,54,11.12,1737288023.3764648,153200000.0,8.58,-24.97,1485793,1530807,1700910,0.099
1282,SUNC,Energy,Oil & Gas Midstream,NYSE,110.12,78,80,79,45,65.04,3447530795.829193,51517198.0,0.0297,-11.2,397298,561082,509659,1.064
1283,ZD,Communication Services,Advertising Agencies,NASDAQ,110.12,78,78,68,30,46.37,1687429724.5857239,36835400.0,0.19559999,-8.27,588421,584977,596298,-0.019
1284,NVCT,Healthcare,Biotechnology,NASDAQ,110.1,78,86,77,73,9.8,253053583.80813122,26525533.0,0.0915,-26.54,75009,104109,83247,
1285,NTB,Financial Services,Banks - Diversified,NYSE,110.07,78,72,73,79,58.0,2293848739.665905,39610581.0,0.0092,-0.68,231580,192356,171342,0.043
1286,KRG,Real Estate,REIT - Retail,NYSE,110.07,78,72,74,58,28.7,5622912905.639238,203066551.0,0.096599996,2.76,1691065,2051321,1915317,-0.092
1287,VC,Consumer Cyclical,Auto Parts,NASDAQ,110.06,78,69,35,53,119.35,3135479682.220894,26694021.0,0.1246,-7.55,437719,480763,570017,0.021
1288,HUHU,Industrials,Specialty Industrial Machinery,NASDAQ,110.05,78,86,37,95,8.36,214918121.63884068,25893749.0,0.00059999997,-31.48,98446,66722,57925,0.249
1289,BJRI,Consumer Cyclical,Restaurants,NASDAQ,110.01,78,61,37,75,45.63,904568428.2015686,21016924.0,0.100600004,-4.92,393219,367426,346067,0.029
1290,GRWG,Consumer Cyclical,Specialty Retail,NASDAQ,110.0,78,64,27,86,1.59,96746357.90960729,60090905.0,0.026099999,-33.75,312906,444022,529697,0.075
1291,NBN,Financial Services,Banks - Regional,NASDAQ,109.99,78,76,72,52,124.32,1020568902.232666,8555360.0,0.0529,-8.33,169755,138608,125131,0.346
1292,UAN,Basic Materials,Agricultural Inputs,NYSE,109.98,78,86,92,78,116.77,1253664769.631195,10569638.0,0.043,-16.29,50896,67418,75351,0.26
1293,BZFD,Communication Services,Internet Content & Information,NASDAQ,109.98,78,10,7,6,1.34,110622952.51610231,79016396.0,0.1144,-50.0,1315292,6772404,4141222,-0.124
1294,BSAAU,Financial Services,Shell Companies,NASDAQ,109.98,78,47,55,48,12.71,,,0.26,-20.66,4532,3604,2342,
1295,SCOR,Technology,Software - Application,NASDAQ,109.97,78,63,61,74,7.91,119994880.32110596,15093696.0,0.0034999999,-22.3,43391,21643,20364,-0.005
1296,STRS,Real Estate,Real Estate - Diversified,NASDAQ,109.97,78,83,92,75,28.59,220402986.90226746,7982723.0,0.0177,-13.18,141632,69000,52384,-0.248
1297,CNO,Financial Services,Insurance - Life,NYSE,109.96,78,66,53,66,48.7,4472326764.486149,93348503.0,0.0001,1.18,831180,777026,701434,0.025
1298,VIR,Healthcare,Biotechnology,NASDAQ,109.93,77,90,91,75,8.51,1458839510.7643776,168651974.0,0.1011,-27.02,1810821,1598540,1704186,
1299,PR,Energy,Oil & Gas E&P,NYSE,109.9,77,84,88,54,19.2,16050813400.960014,837288124.0,0.0251,-15.33,8474883,11563554,11878094,0.009
1300,HMR,Industrials,Marine Shipping,NASDAQ,109.85,77,11,12,9,1.41,92617438.38425338,58991997.0,0.0019,-32.7,512067,314285,208035,2.144
1301,EQIX,Real Estate,REIT - Specialty,NASDAQ,109.83,77,80,80,30,1059.84,106607876059.96289,98624248.0,0.022,-6.1,513522,563867,537446,0.121
1302,MCBS,Financial Services,Banks - Regional,NASDAQ,109.82,77,67,54,45,34.27,968136183.7745972,28660042.0,0.0174,-0.13,78939,73349,83641,0.44
1303,RFL,Real Estate,Real Estate Services,NYSE,109.82,77,42,25,16,1.93,80618814.5198679,52012140.0,0.0025,-39.5,183187,108052,87483,1.74
1304,ACHC,Healthcare,Medical Care Facilities,NASDAQ,109.8,77,85,81,9,25.5,2251352778.860836,91967027.0,0.3806,-15.56,2341076,2932545,2836419,0.076
1305,INM,Healthcare,Drug Manufacturers - Specialty & Generic,NASDAQ,109.79,77,5,6,5,1.53,5236219.6822241545,3314063.0,0.0081,-72.18,153275,3381415,2044625,
1306,XPRO,Energy,Oil & Gas Equipment & Services,NYSE,109.78,77,81,86,79,16.26,1744019465.5170603,113395283.0,0.0698,-13.19,1140159,1015873,1078513,-0.06
1307,CTBI,Financial Services,Banks - Regional,NASDAQ,109.77,77,70,66,68,69.14,1227504298.4387665,18163721.0,0.0152,0.61,85950,81950,91322,0.148
1308,ONL,Real Estate,REIT - Office,NYSE,109.75,77,72,66,22,2.84,160260787.96618366,56830068.0,0.0094,-6.89,363020,371853,347036,-0.039
1309,EIX,Utilities,Utilities - Regulated Electric,NYSE,109.74,77,74,85,54,71.26,28216940398.10875,384793941.0,0.044899996,-6.51,2523055,2721128,2756849,0.077
1310,HAFC,Financial Services,Banks - Regional,NASDAQ,109.68,77,72,57,79,30.72,905792626.133995,29766435.0,0.039300002,-1.95,182879,231799,240673,0.146
1311,CLFD,Technology,Communication Equipment,NASDAQ,109.67,77,85,34,25,39.37,544121990.8415222,13589460.0,0.16299999,-25.34,436992,408550,315800,-0.153
1312,CNTB,Healthcare,Biotechnology,NASDAQ,109.66,77,85,96,95,2.12,136631565.81376076,62963853.0,0.026099999,-44.5,260846,191255,296903,
1313,BLFS,Healthcare,Medical Instruments & Supplies,NASDAQ,109.65,77,32,21,41,27.55,1302050091.1123753,48857415.0,0.12100001,-6.99,799039,636806,531625,0.247
1314,KNSA,Healthcare,Drug Manufacturers - Specialty & Generic,NASDAQ,109.65,77,90,89,90,48.7,3725338593.842285,76938016.0,0.0836,-18.66,548017,673359,679985,0.555
1315,LFST,Healthcare,Medical Care Facilities,NASDAQ,109.64,77,78,56,76,7.66,2829393082.8566895,381834432.0,0.0466,-13.84,2166379,6022399,4290337,0.212
1316,LXU,Basic Materials,Chemicals,NYSE,109.63,77,92,95,63,11.94,901393708.6402559,71938845.0,0.0307,-30.66,1021592,1104750,1291874,0.182
1317,NGVT,Basic Materials,Specialty Chemicals,NYSE,109.6,77,82,81,74,69.04,2294583748.8196564,34771690.0,0.0417,-12.93,224190,251083,242246,0.041
1318,TEAD,Communication Services,Internet Content & Information,NASDAQ,109.59,77,47,12,2,1.18,118329547.37494707,96991430.0,0.1191,-62.3,284617,362015,297947,-0.071
1319,SCSC,Technology,Electronics & Computer Distribution,NASDAQ,109.57,77,64,32,34,48.87,949358730.982338,20324529.0,0.076799996,0.35,237049,260049,234767,0.088
1320,HBB,Consumer Cyclical,"Furnishings, Fixtures & Appliances",NYSE,109.55,77,76,41,48,19.79,263464458.83457184,13545730.0,0.0195,-9.39,18222,20137,21214,-0.086
1321,RAAQU,Financial Services,Shell Companies,NASDAQ,109.55,77,74,67,45,13.31,,,0.85,-9.64,260,360,3550,
1322,CDNS,Technology,Software - Application,NASDAQ,109.49,77,68,38,53,390.9,103759221713.3789,275816000.0,0.0198,-6.19,2972883,2497841,2432860,0.187
1323,CMDB,Industrials,Marine Shipping,NYSE,109.45,77,85,75,84,16.68,400218601.85832024,24240981.0,0.019199999,-16.29,41697,40102,42947,-0.539
1324,HLT,Consumer Cyclical,Lodging,NYSE,109.43,77,64,71,68,342.57,78106157822.6554,227648372.0,0.026400002,-1.23,1747830,1665190,1591704,0.11
1325,LEVI,Consumer Cyclical,Apparel Manufacturing,NYSE,109.33,77,61,40,74,23.57,8664953799.111288,384596251.0,0.1004,-5.04,2043644,2617704,2958540,0.141
1326,IEX,Industrials,Specialty Industrial Machinery,NYSE,109.3,77,69,65,45,222.14,15939141899.952026,74015052.0,0.0318,-0.76,664646,708572,694103,0.089
1327,DOC,Real Estate,REIT - Healthcare Facilities,NYSE,109.28,77,72,47,30,20.5,13643616533.762589,689419702.0,0.0612,1.13,12690247,10295839,9405893,0.071
1328,TRP,Energy,Oil & Gas Midstream,NYSE,109.27,77,75,81,67,68.17,71548550735.20203,1041766896.0,6.27,-4.62,2053553,2295967,2498470,0.066
1329,ETSY,Consumer Cyclical,Internet Retail,NYSE,109.25,77,60,44,36,68.76,6344762062.580063,94896231.0,0.1822,-10.14,3046230,3322193,3028142,0.031
1330,KRO,Basic Materials,Specialty Chemicals,NYSE,109.22,77,79,35,15,6.53,739791516.1298237,115053116.0,0.070199996,-17.24,237776,293045,294973,0.041
1331,PTN,Healthcare,Biotechnology,NASDAQ,109.22,77,95,96,98,14.2,25176740.571260452,1779275.0,0.088199995,-54.19,10862,14404,14854,
1332,LAUR,Consumer Defensive,Education & Training Services,NASDAQ,109.17,77,65,85,87,35.22,4734065691.262016,139978289.0,0.0512,-7.1,1218335,1243311,1271713,0.154
1333,WDS,Energy,Oil & Gas E&P,NYSE,109.15,77,82,89,52,21.72,40550465905.14757,1901100143.0,3.93,-13.78,623263,704544,903584,-0.111
1334,BCV,Financial Services,Asset Management,NYSE ARCA,109.1,77,75,72,73,25.39,150276941.00048637,5822431.0,0.0002,-7.1,17789,17483,18443,-0.067
1335,BST,Financial Services,Asset Management,NYSE,109.08,77,74,66,64,46.06,1597815290.2735634,34720019.0,0.0004,-8.9,145083,139697,124016,
1336,RBKB,Financial Services,Banks - Regional,NASDAQ,109.08,77,83,86,63,16.48,181827196.24403763,11100562.0,0.0166,-8.39,14029,13206,10995,0.012
1337,FUSB,Financial Services,Banks - Regional,NASDAQ,109.07,77,69,73,62,16.45,89967033.87050247,5567267.0,0.0014,-0.3,8164,4861,5740,0.06
1338,BUD,Consumer Defensive,Beverages - Brewers,NYSE,109.02,77,71,73,61,81.02,151920531115.0,1935293390.0,0.0058999998,-4.07,1888395,1916395,1819255,0.12
1339,JEF,Financial Services,Capital Markets,NYSE,109.0,77,33,13,39,59.03,11384834896.08495,204432307.0,0.025799999,-16.91,1509934,1952258,2008380,0.266
1340,BALY,Consumer Cyclical,Resorts & Casinos,NYSE,108.99,77,29,45,84,14.93,661298231.6534901,48948795.0,0.0798,-28.01,43123,44301,50650,0.283
1341,FFBC,Financial Services,Banks - Regional,NASDAQ,108.99,77,69,65,61,31.38,3237071227.9273796,104929374.0,0.0433,0.0,931701,818340,875052,0.323
1342,TNC,Industrials,Specialty Industrial Machinery,NYSE,108.99,77,63,27,34,86.65,1431438277.4290237,17038903.0,0.096499994,-2.49,121752,215757,236594,0.027
1343,LOBO,Consumer Cyclical,Auto Manufacturers,NASDAQ,108.98,77,24,16,44,0.77,10339927.395584583,13841938.0,0.10609999,-47.97,8842149,3693969,6542593,0.229
1344,AAUC,Basic Materials,Gold,NYSE,108.98,77,92,96,95,25.49,3209971339.5,125881229.0,0.0293,-20.84,471324,740974,728416,0.138
1345,AIRJ,Industrials,Building Products & Equipment,NASDAQ,108.91,77,33,22,10,4.44,351279305.86523056,72131276.0,0.0685,-34.22,2858161,1475077,1030150,
1346,FEBO,Technology,Consumer Electronics,NASDAQ,108.9,77,68,85,65,1.17,9292499.709874392,11062500.0,0.0191,-19.86,449610,153170,95848,-0.359
1347,RCKY,Consumer Cyclical,Footwear & Accessories,NASDAQ,108.89,77,78,94,85,38.67,282424050.10360336,7541363.0,0.0312,-20.6,49506,74112,64361,0.091
1348,NUVB,Healthcare,Biotechnology,NYSE,108.88,77,84,88,99,4.93,1678333559.9928298,348201971.0,0.2448,-49.44,4501706,4651992,4078021,25.987
1349,WSBF,Financial Services,Banks - Regional,NASDAQ,108.84,77,75,77,77,18.97,339036892.35606766,18053082.0,0.0126,-0.16,44993,57131,64388,0.172
1350,KMT,Industrials,Tools & Accessories,NYSE,108.83,77,83,92,84,34.01,2486735742.291172,76210103.0,0.0608,-22.37,1499691,1539743,1328194,0.218
1351,RL,Consumer Cyclical,Apparel Manufacturing,NYSE,108.81,77,63,72,88,391.16,21815715899.782104,59516346.0,0.1022,-0.57,676961,730790,669068,0.166
1352,NXG,Financial Services,Asset Management,NYSE,108.8,77,78,78,66,58.1,334210357.03425217,5682883.0,0.22,-4.5,73318,108499,97075,
1353,CNQ,Energy,Oil & Gas E&P,NYSE,108.79,77,82,91,48,44.81,95316948591.27045,2085710000.0,1.29,-12.72,6796425,7533368,9711769,-0.012
1354,RSVR,Communication Services,Entertainment,NASDAQ,108.75,77,80,84,35,10.18,677628868.4416351,65661714.0,0.1105,-23.97,85322,69957,76014,0.147
1355,USAS,Basic Materials,Other Industrial Metals & Mining,NYSE ARCA,108.73,77,95,98,99,4.72,1608513135.223051,326933559.0,0.0356,-55.05,4112318,5136879,5251777,1.879
1356,SSRM,Basic Materials,Gold,NASDAQ,108.69,76,93,94,92,25.72,5546236232.848125,207491071.0,0.031600002,-29.57,2412787,2931312,3214429,0.837
1357,CAC,Financial Services,Banks - Regional,NASDAQ,108.69,76,67,69,69,51.24,854191340.0,16914680.0,0.0376,-4.6,97059,98759,98715,0.26
1358,PLD,Real Estate,REIT - Industrial,NYSE,108.69,76,73,72,74,147.52,134760128260.4065,932338000.0,0.0154,-0.28,4148616,3384185,3514395,0.083
1359,ITP,Basic Materials,Paper & Paper Products,NYSE ARCA,108.65,76,19,24,41,0.26,3053775.72134614,16965420.0,0.010199999,-33.33,2119544,900824,2042946,0.021
1360,ISTR,Financial Services,Banks - Regional,NASDAQ,108.65,76,68,80,85,29.3,400427782.0213032,13793585.0,0.0178,-7.77,152151,143570,154008,0.576
1361,PDM,Real Estate,REIT - Office,NYSE,108.63,76,53,28,57,9.23,1105168005.596386,125019003.0,0.044099998,0.44,1085053,1054837,1126052,0.004
1362,NEU,Basic Materials,Specialty Chemicals,NYSE,108.63,76,36,30,70,822.17,7267630797.382202,9198019.0,0.0939,-6.14,110124,96908,108676,-0.045
1363,JOUT,Consumer Cyclical,Leisure,NASDAQ,108.62,76,72,84,82,46.93,469685190.87831116,10474692.0,0.1342,-12.35,55522,78617,83966,0.155
1364,FMX,Consumer Defensive,Beverages - Brewers,NYSE,108.58,76,76,65,64,122.2,41862937852.1304,340681468.0,2.67,-2.79,537900,529046,484760,0.061
1365,SGHC,Consumer Cyclical,Gambling,NYSE,108.56,76,83,68,81,13.35,6574513423.522495,508076788.0,0.1197,-7.16,3416302,3882284,3681098,0.184
1366,AIN,Consumer Cyclical,Textile Manufacturing,NYSE,108.55,76,56,35,19,69.52,1920765133.047264,28354963.0,0.0219,-4.77,266436,250748,232513,0.078
1367,NFBK,Financial Services,Banks - Regional,NASDAQ,108.54,76,74,70,59,14.65,599313372.8817005,41763997.0,0.0215,1.88,350528,259916,249831,0.245
1368,PLBC,Financial Services,Banks - Regional,NASDAQ,108.54,76,65,70,59,55.36,377533610.60650635,6968136.0,0.0086,0.84,67174,48784,54888,0.324
1369,TRIN,Financial Services,Asset Management,NASDAQ,108.48,76,72,61,59,17.01,1517303473.4432812,89887651.0,0.0713,-2.13,1058587,1072289,1136869,0.329
1370,EVR,Financial Services,Capital Markets,NYSE,108.47,76,65,43,78,357.11,13129995260.801025,38682484.0,0.0286,-8.13,372699,504516,526513,1.003
1371,REPX,Energy,Oil & Gas E&P,NYSE ARCA,108.46,76,81,81,33,34.81,753283306.3243103,21695947.0,0.0377,-16.18,279116,382502,415235,0.112
1372,BSAA,Financial Services,Shell Companies,NASDAQ,108.45,76,46,52,45,12.4,83392368.38722229,7399500.0,0.0023,-7.26,23746,22005,14329,
1373,CZWI,Financial Services,Banks - Regional,NASDAQ,108.43,76,78,73,76,20.39,200115324.0,9644112.0,0.0088,-9.86,64744,32964,32954,0.251
1374,AMTX,Basic Materials,Specialty Chemicals,NASDAQ,108.43,76,82,85,11,2.09,158324573.25,70366477.0,0.0714,-45.0,1047472,1513484,1610984,0.274
1375,WLY,Communication Services,Publishing,NYSE,108.42,76,71,54,16,43.96,2266423495.5287323,51322996.0,0.12189999,-3.68,353853,342798,380870,0.013
1376,BOLD,Healthcare,Biotechnology,NASDAQ,108.41,76,79,37,23,1.4,31899036.655944943,22464111.0,0.0019,-16.67,72606,116245,258719,
1377,TRON,Consumer Cyclical,Leisure,NASDAQ,108.41,76,94,89,90,1.78,830168612.0,474382064.0,0.028399998,-86.09,687699,751699,868479,0.087
1378,SRBK,Financial Services,Banks - Regional,NASDAQ,108.4,76,73,75,82,18.81,139176830.0950241,7434660.0,0.0575,-4.08,48124,58684,51664,0.076
1379,SAN,Financial Services,Banks - Diversified,NYSE,108.4,76,74,78,91,12.27,174964112323.95667,14400338915.0,0.0070999996,-7.33,8101115,8260205,8690007,0.046
1380,CRT,Energy,Oil & Gas E&P,NYSE,108.38,76,77,74,30,10.79,64439998.626708984,6000000.0,0.0043,-2.79,18743,20801,26516,-0.619
1381,TENX,Healthcare,Biotechnology,NASDAQ,108.36,76,88,95,93,10.73,284614943.9277458,26525159.0,0.0296,-41.62,816246,680318,636367,
1382,HUBG,Industrials,Integrated Freight & Logistics,NASDAQ,108.34,76,64,35,70,44.86,2625320202.96257,61153510.0,0.0713,-15.77,734684,790544,735902,-0.053
1383,FBP,Financial Services,Banks - Regional,NYSE,108.34,76,65,56,60,24.75,3761923393.434082,154684352.0,0.0731,0.45,1759546,1255575,1373201,0.081
1384,ZYME,Healthcare,Biotechnology,NASDAQ,108.32,76,87,87,95,23.26,1768717705.1589584,73573945.0,0.0908,-21.82,741148,687529,658591,-0.911
1385,KVHI,Communication Services,Telecom Services,NASDAQ,108.31,76,94,77,82,7.51,146623087.1481099,19497751.0,0.0078,-42.23,341861,256053,203892,0.272
1386,BP,Energy,Oil & Gas Integrated,NYSE,108.3,76,80,84,65,42.67,110650488226.85825,2575063651.0,0.0067000003,-11.6,8784608,8936136,11111795,0.116
1387,WAB,Industrials,Railroads,NYSE,108.25,76,76,77,68,265.77,44183979862.77167,169677346.0,0.0216,-3.65,841466,900772,1000863,0.13
1388,LODE,Basic Materials,Other Precious Metals & Mining,NYSE ARCA,108.22,76,58,53,52,3.84,298338425.1877451,75913084.0,0.044699997,-20.0,1707892,1559560,1343918,-0.601
1389,AXG,Financial Services,Capital Markets,NASDAQ,108.21,76,68,92,87,3.46,653256639.3241646,190453827.0,0.0036000002,-32.02,88709,106216,241539,2.958
1390,FUN,Consumer Cyclical,Leisure,NYSE,108.19,76,34,22,7,22.43,2117665608.0621223,102203942.0,0.2048,-33.24,2106001,2073180,1941554,0.117
1391,KFFB,Financial Services,Banks - Regional,NASDAQ,108.18,76,80,88,90,4.64,38573635.16575813,8086716.0,0.0052,-6.83,2167,2599,2319,0.353
1392,XOM,Energy,Oil & Gas Integrated,NYSE,108.18,76,75,88,57,148.91,621410470937.415,4144947162.0,0.011,-15.59,15381522,16665314,18602722,0.026
1393,FITB,Financial Services,Banks - Regional,NASDAQ,108.16,76,61,55,70,52.71,47137262090.26616,906311548.0,0.0542,-4.92,8261857,6230149,6722219,0.33
1394,AMX,Communication Services,Telecom Services,NYSE,108.14,76,81,81,79,25.27,74619360458.37402,3004000000.0,0.0046,-9.1,1407670,1392513,1486300,0.021
1395,MACIU,Financial Services,Shell Companies,NASDAQ,108.13,76,43,55,55,13.0,,,0.0,-35.0,2543,1451,876,
1396,AVTX,Healthcare,Biotechnology,NASDAQ,108.07,76,96,93,97,12.9,688609013.2521744,52565572.0,0.1192,-46.85,1418230,2374756,1742142,
1397,SA,Basic Materials,Gold,NYSE,108.06,76,90,93,94,27.8,3166266873.5909786,107622939.0,0.0429,-30.6,1145167,988995,918833,
1398,MRBK,Financial Services,Banks - Regional,NASDAQ,108.03,76,63,82,78,19.36,224607344.16275024,11890278.0,0.015700001,-10.66,92128,102946,120509,0.039
1399,COKE,Consumer Defensive,Beverages - Non-Alcoholic,NASDAQ,108.02,76,78,92,86,185.09,11975582377.305725,66564294.0,0.0643,-15.73,487109,642673,552523,0.083
1400,TRN,Industrials,Railroads,NYSE,108.0,76,81,65,41,34.15,2604600144.832653,79505503.0,0.080699995,-8.59,860899,757499,702011,-0.16
1401,TFIN,Financial Services,Banks - Regional,NYSE,107.99,76,60,36,40,72.59,1696671571.3939896,23806253.0,0.1434,-6.74,208999,233866,260287,0.062
1402,PRG,Industrials,Rental & Leasing Services,NYSE,107.99,76,67,39,30,36.91,1412311131.0,40065564.0,0.1205,-10.28,433557,486429,442663,0.111
1403,ALGT,Industrials,Airlines,NASDAQ,107.98,76,63,73,88,86.69,2260719017.1741943,26874928.0,0.0717,-26.53,543866,644335,573531,0.048
1404,CHI,Financial Services,Asset Management,NASDAQ,107.98,76,75,72,55,12.54,1005606569.0987196,80706787.0,0.0042,-2.79,154824,164318,185586,-0.302
1405,CREX,Technology,Software - Application,NASDAQ,107.98,76,86,89,66,3.85,42480417.15844536,10567268.0,0.0114,-12.9,32924,31688,34018,0.679
1406,TDACU,Financial Services,Shell Companies,NASDAQ,107.93,76,42,50,47,12.7,,,,-26.55,3449,1416,849,
1407,COLD,Real Estate,REIT - Industrial,NYSE,107.92,76,63,24,19,14.89,4196852035.803562,285306052.0,0.0832,-17.64,5801723,4938434,4525846,0.003
1408,ISSC,Industrials,Aerospace & Defense,NASDAQ,107.9,76,92,98,76,18.02,309544509.4489174,17892747.0,0.023699999,-41.76,396610,494813,518676,0.02
1409,KYMR,Healthcare,Biotechnology,NASDAQ,107.89,76,91,91,95,76.91,6097754772.512787,82257588.0,0.157,-25.33,594526,546862,541279,0.555
1410,GASS,Industrials,Marine Shipping,NASDAQ,107.85,76,86,84,64,9.39,357726295.06443596,37185686.0,0.0037,-11.0,158482,141614,127012,-0.094
1411,VOD,Communication Services,Telecom Services,NASDAQ,107.83,76,82,85,81,14.67,33849309242.399765,2302674128.0,0.0044,-11.68,3318360,4006226,3964680,
1412,IONS,Healthcare,Biotechnology,NASDAQ,107.78,76,83,88,94,74.58,12308755725.655426,165262556.0,0.1291,-14.02,1586748,1772749,1714585,0.87
1413,THM,Basic Materials,Gold,NYSE ARCA,107.78,76,93,97,97,2.06,558231460.3489985,265824517.0,0.024500001,-43.56,835505,973401,1023405,
1414,SHEN,Communication Services,Telecom Services,NASDAQ,107.78,76,81,77,27,16.28,891790702.5480709,55322001.0,0.061300002,-6.17,310176,342925,317187,0.048
1415,SNDA,Healthcare,Medical Care Facilities,NYSE,107.75,75,77,84,80,35.66,1627764366.2312584,47346257.0,0.0405,-10.09,611021,664627,621164,0.385
1416,CMRE,Industrials,Marine Shipping,NYSE,107.72,75,86,86,87,16.05,1930606332.7751827,120738359.0,0.048499998,-11.13,495590,501413,437710,-0.053
1417,HAE,Healthcare,Medical Devices,NYSE,107.71,75,25,31,83,78.71,3239389612.7639465,45445983.0,0.0771,-9.86,1034471,967587,830172,0.048
1418,MTX,Basic Materials,Specialty Chemicals,NYSE,107.71,75,79,70,36,76.52,2351392355.9986877,31008734.0,0.0229,-9.27,138913,217764,194546,0.112
1419,CCD,Financial Services,Asset Management,NASDAQ,107.7,75,74,68,56,24.59,714571475.0,28582859.0,0.0021,-5.79,80354,91138,101132,
1420,HR,Real Estate,REIT - Healthcare Facilities,NYSE,107.7,75,75,69,57,20.38,6809148875.512508,346521578.0,0.08270001,-1.12,4050235,4558215,3922319,-0.065
1421,SLF,Financial Services,Insurance - Diversified,NYSE,107.69,75,68,64,50,73.97,40859698959.82114,554255267.0,9.22,-0.26,557466,773368,727433,0.002
1422,SMBC,Financial Services,Banks - Regional,NASDAQ,107.68,75,72,68,66,70.0,767789516.782959,11015632.0,0.0184,-1.14,110432,84117,96362,0.065
1423,CHW,Financial Services,Asset Management,NASDAQ,107.68,75,75,67,60,8.62,556897471.6936312,63864387.0,0.00029999999,-5.9,255489,218859,225159,-0.274
1424,CIVB,Financial Services,Banks - Regional,NASDAQ,107.68,75,64,55,73,26.48,548888217.5087128,20783348.0,0.0123000005,-6.46,82039,69799,81849,0.226
1425,WLYB,Communication Services,Publishing,NYSE,107.66,75,68,53,15,43.29,2282077024.9712677,51322996.0,0.0034,-4.67,285,142,301,0.013
1426,HRI,Industrials,Rental & Leasing Services,NYSE,107.66,75,37,28,71,149.89,4564161966.10199,33393051.0,0.0862,-20.42,492047,562432,589997,0.323
1427,HOPE,Financial Services,Banks - Regional,NASDAQ,107.65,75,66,53,61,12.78,1610769974.5666637,127838883.0,0.048800003,-1.84,784526,870595,927537,0.184
1428,ZION,Financial Services,Banks - Regional,NASDAQ,107.64,75,65,48,68,64.83,9300615521.57671,147091817.0,0.038399998,-2.04,1494233,1413381,1476086,0.102
1429,RYAM,Basic Materials,Chemicals,NYSE,107.64,75,91,96,46,8.0,546252272.6257648,67438549.0,0.052199997,-32.49,758697,932812,1018621,-0.095
1430,ZETA,Technology,Software - Infrastructure,NYSE,107.63,75,38,66,52,21.08,5488652928.521084,249257621.0,0.1383,-18.77,10902646,9955652,8655875,0.499
1431,SN,Consumer Cyclical,"Furnishings, Fixtures & Appliances",NYSE,107.61,75,45,45,70,128.48,16956971768.591408,141520379.0,0.11229999,-4.11,2561997,2538422,2114207,0.156
1432,WSBK,Financial Services,Banks - Regional,NASDAQ,107.61,75,75,87,59,12.87,115145550.96825218,8960743.0,0.0047999998,-3.85,9380,8153,6432,0.351
1433,HCSG,Healthcare,Medical Care Facilities,NASDAQ,107.6,75,81,83,87,21.31,1398303026.0493546,68645212.0,0.0421,-12.63,616355,600858,681061,0.034
1434,TILE,Consumer Cyclical,"Furnishings, Fixtures & Appliances",NASDAQ,107.55,75,56,73,74,31.35,1749813591.4453125,58056192.0,0.0683,-10.71,568734,576311,590054,0.113
1435,MGTX,Healthcare,Biotechnology,NASDAQ,107.55,75,82,39,82,9.21,833485644.0,92609516.0,0.0832,-22.28,806747,726785,913289,-0.848
1436,FGBIP,Financial Services,Banks - Regional,NASDAQ,107.54,75,73,65,22,20.46,,,1.12,-4.66,1747,2809,2993,0.945
1437,FCBC,Financial Services,Banks - Regional,NASDAQ,107.54,75,70,73,33,43.67,813533334.3281593,18866729.0,0.0223,-3.17,90653,77061,78028,0.104
1438,CON,Healthcare,Medical Care Facilities,NYSE,107.54,75,67,66,36,26.11,3239992230.549164,127961780.0,0.031,-2.04,768754,880448,757450,0.137
1439,DDI,Communication Services,Electronic Gaming & Multimedia,NASDAQ,107.53,75,77,44,28,11.48,575810967.1290588,49553440.0,0.0033000002,-7.04,132052,214600,154558,0.127
1440,QBTS,Technology,Computer Hardware,NYSE,107.51,75,81,76,97,23.52,8835117445.813618,370445170.0,0.1548,-49.69,40275410,38726076,36224730,-0.809
1441,XPER,Technology,Software - Application,NYSE,107.49,75,78,30,22,7.62,358174207.2028198,48271456.0,0.053000003,-10.3,418110,536540,440222,0.002
1442,BTU,Energy,Thermal Coal,NYSE,107.47,75,57,95,91,27.13,3423536261.3759937,121834029.0,0.16399999,-34.05,5137891,3843987,3653586,0.039
1443,JNJ,Healthcare,Drug Manufacturers - General,NYSE,107.46,75,69,86,84,237.0,560327904624.4105,2407216971.0,0.0107,-5.84,7820511,7600237,7612810,0.099
1444,NBIX,Healthcare,Drug Manufacturers - Specialty & Generic,NASDAQ,107.45,75,66,42,75,165.24,16478131705.006714,100549983.0,0.0669,-2.55,1213989,1258416,1221151,0.422
1445,HASI,Financial Services,Asset Management,NYSE,107.45,75,82,80,75,36.8,4942066988.209259,127801066.0,0.1294,-16.61,1178315,1118001,1002959,-0.283
1446,ARGX,Healthcare,Biotechnology,NASDAQ,107.44,75,65,45,84,884.0,55703017118.12683,62494970.0,0.0346,-5.42,330977,334572,320811,0.626
1447,AU,Basic Materials,Gold,NYSE,107.44,75,90,94,96,84.43,42533101858.418106,505624114.0,0.009,-34.62,2500611,2450667,2422112,0.649
1448,SPRC,Healthcare,Biotechnology,NASDAQ,107.44,75,6,1,3,9.31,6557899.6794576645,573243.0,0.0126,-88.38,4634520,1562360,1338864,-0.345
1449,WLDN,Industrials,Engineering & Construction,NASDAQ,107.44,75,65,72,93,98.82,1468901995.425827,15110606.0,0.0747,-27.87,282730,444670,389974,0.018
1450,IAG,Basic Materials,Gold,NYSE,107.43,75,91,96,96,15.44,8912760044.0979,578000000.0,0.44,-37.92,4995088,5819099,6250513,1.159
1451,MTLS,Technology,Software - Application,NASDAQ,107.42,75,41,42,38,6.63,382179456.5063896,58259064.0,0.014199999,-5.29,216484,159884,122752,-0.002
1452,AVGO,Technology,Semiconductors,NASDAQ,107.36,75,85,67,87,392.16,1826303610630.9382,4734668184.0,0.0115,-20.78,40177089,25972566,24621567,0.479
1453,NFJ,Financial Services,Asset Management,NYSE,107.35,75,71,60,60,14.8,1394588113.7624207,94101764.0,0.00090000004,-2.18,147557,158439,183453,
1454,CNK,Communication Services,Entertainment,NYSE,107.34,75,39,44,22,32.02,3647281660.1088066,116787759.0,0.1417,-2.82,2434239,2110886,2102133,0.189
1455,TKNO,Healthcare,Drug Manufacturers - Specialty & Generic,NASDAQ,107.26,75,70,11,25,4.46,244479964.6121807,53614028.0,0.1162,-33.23,213625,143225,132125,0.131
1456,HBNC,Financial Services,Banks - Regional,NASDAQ,107.26,75,64,45,74,19.18,962433075.0,51329764.0,0.0286,0.58,407075,313605,319923,0.085
1457,NEWT,Financial Services,Banks - Regional,NASDAQ,107.25,75,74,60,48,13.51,381803511.61943436,28858921.0,0.0945,-9.39,148970,174983,188656,0.107
1458,CPF,Financial Services,Banks - Regional,NYSE,107.24,75,69,62,70,35.6,918502212.6654167,26101229.0,0.024600001,0.28,126257,124952,128701,0.092
1459,BIIB,Healthcare,Drug Manufacturers - General,NASDAQ,107.22,75,80,78,78,199.1,28839433894.11673,147637117.0,0.0357,-3.34,986936,1133488,1216407,0.019
1460,PFS,Financial Services,Banks - Regional,NYSE,107.21,75,67,70,73,22.96,2932057957.5,130313687.0,0.0635,-4.25,880972,961654,938982,0.092
1461,CAKE,Consumer Cyclical,Restaurants,NASDAQ,107.19,75,63,73,37,67.94,3285692918.725075,49685363.0,0.3434,-2.53,1105547,1217779,1141435,0.056
1462,XENE,Healthcare,Biotechnology,NASDAQ,107.13,75,85,89,77,52.79,5000508857.250023,96665550.0,0.0397,-17.45,1667136,1254282,1112491,
1463,IIPR,Real Estate,REIT - Industrial,NYSE,107.13,75,74,49,33,60.34,1685033002.7157211,28774470.0,0.1558,-1.72,213175,285445,309659,-0.038
1464,LC,Financial Services,Banks - Regional,NYSE,107.13,75,61,41,86,17.64,1978268319.7471142,115350925.0,0.058000002,-18.6,2210169,2275049,2185097,0.125
1465,B,Basic Materials,Gold,NYSE,107.11,75,89,92,95,39.15,66274584120.93666,1679538410.0,1.06,-28.41,13666915,13720188,12458909,0.667
1466,BKTI,Technology,Communication Equipment,NYSE ARCA,107.09,75,90,91,91,79.99,299535840.0,3744198.0,0.0271,-23.49,44811,41147,55208,0.118
1467,TDW,Energy,Oil & Gas Equipment & Services,NYSE,107.07,75,86,90,69,73.15,3604477823.9024963,49730652.0,0.1348,-21.45,621923,739144,777216,-0.431
1468,DOW,Basic Materials,Chemicals,NYSE,107.05,75,86,87,20,33.22,24483587528.671326,720741438.0,0.0345,-22.27,11444784,11112118,12940554,-0.061
1469,FNWB,Financial Services,Banks - Regional,NASDAQ,107.02,75,47,44,74,10.48,93251837.16242218,9036031.0,0.0046,-4.55,36988,30492,45615,0.664
1470,BNL,Real Estate,REIT - Diversified,NYSE,107.01,75,68,74,59,20.94,3946555687.269373,191766555.0,0.0652,0.89,1582000,1820666,2733148,0.117
1471,WLFC,Industrials,Rental & Leasing Services,NASDAQ,107.0,75,83,73,22,184.7,1465538732.8468018,7966616.0,0.123500004,-22.86,110100,127636,112354,0.246
1472,IDR,Basic Materials,Gold,NYSE ARCA,106.99,75,94,92,98,32.22,513346141.0291443,15809859.0,0.0746,-41.1,181966,241368,257981,0.99
1473,HL,Basic Materials,Other Precious Metals & Mining,NYSE,106.97,75,94,96,98,14.51,9913129137.240467,670712403.0,0.0,-57.54,19144278,15900686,14518027,1.004
1474,NVDA,Technology,Semiconductors,NASDAQ,106.91,74,80,75,77,208.19,4967727247833.252,24221000000.0,0.0128,-11.99,187478160,170928030,162799430,0.852
1475,GLNG,Energy,Oil & Gas Midstream,NASDAQ,106.91,74,84,74,33,50.71,5157180506.185684,101779765.0,0.081999995,-12.25,1434237,1628402,1521295,1.201
1476,TPC,Industrials,Engineering & Construction,NYSE,106.88,74,85,90,94,71.48,3723381045.1173096,52791452.0,0.0476,-28.52,513373,546194,510260,0.115
1477,UE,Real Estate,REIT - Retail,NYSE,106.88,74,64,67,44,23.63,2884597585.7434998,126019994.0,0.051999997,2.56,753312,795797,811690,0.054
1478,DBVT,Healthcare,Biotechnology,NASDAQ,106.86,74,85,96,98,16.03,981907129.7711716,59186686.0,0.0305,-38.78,309885,217231,227939,0.125
1479,KEY,Financial Services,Banks - Regional,NYSE,106.83,74,68,65,76,22.1,23592751219.039566,1084225688.0,0.0,-5.35,13190701,10875603,12148808,0.118
1480,BHV,Financial Services,Asset Management,NYSE,106.78,74,61,61,57,12.4,19695626.19408989,1588357.0,0.0032,-1.82,7470,5410,4912,-0.02
1481,CWEN,Utilities,Utilities - Renewable,NYSE,106.77,74,70,82,72,38.94,6190772093.19471,155781878.0,0.0635,-6.71,1031785,1108305,978989,0.188
1482,LSTA,Healthcare,Biotechnology,NASDAQ,106.76,74,67,97,25,3.46,30506408.98154688,9106391.0,0.0124,-31.76,333833,130304,118796,
1483,NWBI,Financial Services,Banks - Regional,NASDAQ,106.75,74,67,53,57,14.39,2076204836.293929,146314651.0,0.0463,0.77,1040647,1058799,1063633,0.151
1484,QCRH,Financial Services,Banks - Regional,NASDAQ,106.74,74,66,63,69,94.96,1544325678.1751633,16509789.0,0.0242,-1.08,98132,93704,99478,0.211
1485,CODA,Industrials,Aerospace & Defense,NASDAQ,106.72,74,79,94,71,11.36,133058595.75075531,11276152.0,0.020399999,-34.26,122763,102514,128310,0.288
1486,CRSR,Technology,Computer Hardware,NASDAQ,106.72,74,75,16,15,8.41,963008745.5733967,106882211.0,0.122,-35.8,7261537,3426079,2407399,-0.041
1487,BHB,Financial Services,Banks - Regional,NYSE ARCA,106.71,74,62,53,61,36.4,601878687.5232124,16742105.0,0.0113,-0.41,84122,93937,97242,0.257
1488,INBK,Financial Services,Banks - Regional,NASDAQ,106.7,74,72,29,22,25.41,215214389.43519974,8716662.0,0.0256,-10.87,37165,55131,56275,0.137
1489,NDSN,Industrials,Specialty Industrial Machinery,NASDAQ,106.67,74,72,79,62,290.13,15753136050.17566,55717948.0,0.031,-4.96,368694,391894,370054,0.085
1490,SKE,Basic Materials,Other Industrial Metals & Mining,NYSE,106.65,74,91,95,94,26.02,3249770109.418211,124084385.0,6.08,-32.89,548385,590181,627199,
1491,FUND,Financial Services,Asset Management,NASDAQ,106.64,74,78,79,70,10.09,303441688.6956825,29895734.0,0.001,-3.63,16985,24021,29551,0.038
1492,STBA,Financial Services,Banks - Regional,NASDAQ,106.62,74,65,58,68,46.51,1640545946.7036285,35976886.0,0.0494,0.8,210998,257326,235987,0.041
1493,ING,Financial Services,Banks - Diversified,NYSE,106.61,74,73,65,85,29.27,85085524188.30037,2867729153.0,0.0011,-6.78,3199636,2676318,2758165,0.029
1494,AIO,Financial Services,Asset Management,NYSE,106.55,74,74,56,43,26.13,904713570.294941,34439039.0,0.19,-5.57,89307,94659,89163,
1495,ABEV,Consumer Defensive,Beverages - Brewers,NYSE,106.55,74,77,78,69,3.12,48586803622.6466,15572694040.0,5.21,-9.57,27930092,29319247,28211258,-0.001
1496,LTH,Consumer Cyclical,Leisure,NYSE,106.55,74,67,43,35,32.62,7210102547.954071,222602738.0,0.060900003,-7.67,2022796,3269285,2723531,0.117
1497,UGP,Energy,Oil & Gas Refining & Marketing,NYSE,106.54,74,88,88,75,4.86,5215558908.3558235,1079825878.0,0.005,-21.61,3340048,3291062,3167483,0.103
1498,HIW,Real Estate,REIT - Office,NYSE,106.53,74,34,24,26,29.8,3074402699.8154697,110272697.0,0.097200006,-9.04,1583496,1492522,1357199,0.076
1499,OXY,Energy,Oil & Gas E&P,NYSE,106.53,74,77,86,25,56.55,56624553831.46842,994634701.0,0.0002,-16.16,10384884,11853181,13601528,-0.083
1500,BBVA,Financial Services,Banks - Diversified,NYSE,106.52,74,68,75,91,22.53,123659906017.6044,5565252468.0,0.0002,-14.01,1462239,1465286,1639579,0.119
1501,ZONE,Industrials,Pollution & Treatment Controls,NYSE ARCA,106.52,74,34,9,0,0.62,4789475.864825249,7955940.0,1.52,-92.07,2405360,2749630,2223504,-0.025
1502,ANET,Technology,Computer Hardware,NYSE,106.51,74,60,78,72,152.16,194252074580.01224,1259169438.0,0.02,-15.37,8939625,11569591,9778323,0.351
1503,RNG,Technology,Software - Application,NYSE,106.5,74,89,84,33,39.21,3546380439.934845,83858604.0,0.2201,-21.34,1572586,1899368,1724505,0.053
1504,CBT,Basic Materials,Specialty Chemicals,NYSE,106.5,74,71,40,24,84.39,4175140065.1775436,51621417.0,0.08189999,-5.67,540481,463523,414484,-0.034
1505,XIFR,Utilities,Utilities - Renewable,NYSE,106.49,74,73,72,25,11.64,1095449867.1113348,94272795.0,0.0376,-12.15,954868,1224166,1042465,-0.025
1506,DXYZ,Financial Services,Asset Management,NYSE,106.46,74,96,23,39,34.7,1273160126.4521484,30465664.0,0.049000002,-52.38,5765497,5980192,4327309,
1507,MNPR,Healthcare,Biotechnology,NASDAQ,106.45,74,82,85,95,60.63,398460204.6934128,6699062.0,0.3431,-42.26,131481,167933,172422,
1508,TXMD,Healthcare,Drug Manufacturers - Specialty & Generic,NASDAQ,106.42,74,76,94,92,1.88,23032980.490381718,11574362.0,0.0063,-36.27,70986,36292,31417,0.842
1509,CAF,Financial Services,Asset Management,NYSE,106.42,74,78,78,76,19.3,326938585.30168915,16817828.0,0.27,-6.17,29582,45554,60556,
1510,SPG,Real Estate,REIT - Retail,NYSE,106.41,74,67,70,64,211.89,68201410600.99658,324289912.0,0.0,0.31,1952154,1552001,1484906,0.193
1511,OVLY,Financial Services,Banks - Regional,NASDAQ,106.41,74,66,75,69,34.77,287824390.47724915,8413458.0,0.0069,-1.97,92166,53278,44729,0.061
1512,CBC,Financial Services,Banks - Regional,NASDAQ,106.4,74,66,56,37,28.59,6835790353.498577,239768162.0,0.0419,-1.65,711901,645147,678104,0.104
1513,NCV,Financial Services,Asset Management,NYSE,106.33,74,75,71,67,17.01,387024803.12887,22593393.0,0.0023999999,-3.35,85968,85612,89449,-0.105
1514,ESP,Industrials,Electrical Equipment & Parts,NYSE ARCA,106.32,74,90,91,82,56.18,165614564.50286865,2995922.0,0.0053,-24.86,24607,41139,32909,0.109
1515,SMBK,Financial Services,Banks - Regional,NYSE,106.32,74,66,65,72,43.55,722752461.5370598,17098473.0,0.013300001,-0.82,82994,67284,68062,0.083
1516,IVT,Real Estate,REIT - Retail,NYSE,106.3,74,62,68,45,34.68,2606954476.11034,77935857.0,0.0446,2.63,845415,610091,530515,0.119
1517,PANL,Industrials,Marine Shipping,NASDAQ,106.29,74,81,80,87,7.31,471641597.3253813,65414923.0,0.0292,-22.15,664393,647677,578730,0.389
1518,FULT,Financial Services,Banks - Regional,NASDAQ,106.25,74,63,64,62,22.5,4195382358.5233536,191133586.0,0.0502,-2.13,1537167,1589165,1845431,0.042
1519,PBA,Energy,Oil & Gas Midstream,NYSE,106.25,74,73,74,43,48.11,28385656522.56012,581435000.0,7.6,-3.97,1171209,1151186,1150031,-0.077
1520,VNO,Real Estate,REIT - Office,NYSE,106.24,74,29,19,24,38.45,6622921816.551361,188097756.0,0.0002,-11.34,1867722,1811517,1819632,-0.022
1521,UNM,Financial Services,Insurance - Life,NYSE,106.22,74,63,40,48,88.0,13874967662.281952,159776235.0,0.0248,1.29,1169810,1223993,1242194,0.085
1522,SRCE,Financial Services,Banks - Regional,NASDAQ,106.2,74,68,66,61,76.7,1813590900.123787,24068891.0,0.0277,0.34,124644,115158,131068,0.051
1523,BZH,Consumer Cyclical,Residential Construction,NYSE,106.19,74,55,36,30,27.04,709586071.9751358,27333825.0,0.103999995,-4.55,525818,812442,648225,-0.275
1524,REI,Energy,Oil & Gas E&P,NYSE ARCA,106.18,74,90,92,19,1.26,319855565.0790632,253853625.0,0.0328,-37.0,4048097,6029795,5479317,-0.071
1525,GSL,Industrials,Marine Shipping,NYSE,106.17,74,84,85,83,38.56,1374031136.909996,36035434.0,0.023699999,-9.7,379358,367816,322705,0.022
1526,HBT,Financial Services,Banks - Regional,NASDAQ,106.17,74,60,64,68,29.76,1053232235.8565598,36381078.0,0.0095,-0.4,93786,89422,80995,0.175
1527,CNXN,Technology,Electronics & Computer Distribution,NASDAQ,106.16,74,54,43,31,73.28,1820059329.541893,25226047.0,0.0359,-0.53,126869,102593,85635,0.03
1528,SION,Healthcare,Biotechnology,NASDAQ,106.16,74,94,91,97,33.69,1596967123.8742447,45150330.0,0.1705,-30.46,406486,379845,418325,
1529,CHY,Financial Services,Asset Management,NASDAQ,106.12,74,74,68,62,12.78,1026621391.469492,80330314.0,0.0038,-4.98,208950,229323,228430,-0.285
1530,TBPH,Healthcare,Biotechnology,NASDAQ,106.12,74,74,63,91,16.49,839798498.6481857,51553005.0,0.15529999,-21.59,396619,357839,390223,0.15
1531,FLNG,Energy,Oil & Gas Midstream,NYSE,106.11,74,82,82,71,29.72,1610330058.2815247,54092376.0,0.1451,-11.02,477922,476110,464370,-0.09
1532,UUUU,Energy,Uranium,NYSE ARCA,106.11,74,95,97,95,14.37,3755500943.2783127,249867000.0,0.1575,-48.49,11965438,10866732,10557311,1.121
1533,ASRV,Financial Services,Banks - Regional,NASDAQ,106.1,73,76,87,69,3.76,63446362.48178387,16964268.0,0.0062,-6.93,9167,10705,11757,0.03
1534,CWBC,Financial Services,Banks - Regional,NASDAQ,106.1,73,65,69,78,25.34,668858167.5491219,27134206.0,0.030199999,-1.48,347835,258991,253289,0.111
1535,BATRK,Communication Services,Entertainment,NASDAQ,106.09,73,74,63,39,49.84,3180892093.1775703,64143821.0,0.028199999,-4.25,335485,348118,367625,0.525
1536,SKT,Real Estate,REIT - Retail,NYSE,106.07,73,63,69,57,39.47,4260745331.118664,114875851.0,0.0559,4.01,957117,925772,834269,0.117
1537,PNC,Financial Services,Banks - Regional,NYSE,106.05,73,60,63,68,232.18,91705313049.0752,401564632.0,0.0172,-4.82,1804455,1680971,1916151,0.138
1538,BANC,Financial Services,Banks - Regional,NYSE,106.05,73,66,59,83,19.54,2971474691.748123,154202108.0,0.0788,-9.58,2749015,2661025,2897291,0.08
1539,JL,Consumer Cyclical,Apparel Manufacturing,NASDAQ,106.04,73,89,38,79,6.26,23510631.25,3761701.0,0.0062,-23.84,91028,40279,32363,0.193
1540,PINE,Real Estate,REIT - Retail,NYSE,106.04,73,73,79,71,19.73,324875776.4185295,16524709.0,0.014099999,-5.14,129644,167061,150566,0.296
1541,TRS,Consumer Cyclical,Packaging & Containers,NASDAQ,106.01,73,80,73,70,40.54,1403370355.8475494,35827685.0,0.2082,-7.27,424673,491854,474128,0.104
1542,FLS,Industrials,Specialty Industrial Machinery,NYSE,105.99,73,62,84,85,75.97,9393816043.5,127807021.0,0.060599998,-17.79,1873569,2653643,2461567,-0.067
1543,ECF,Financial Services,Asset Management,NYSE ARCA,105.98,73,75,69,74,12.87,176893715.08371258,13670303.0,0.0001,-7.08,36471,36467,33630,-0.037
1544,ABCB,Financial Services,Banks - Regional,NYSE,105.96,73,70,69,75,86.1,5751490313.554169,67292503.0,0.050300002,-2.15,408055,382038,466367,0.128
1545,NPCE,Healthcare,Medical Devices,NASDAQ,105.93,73,76,73,89,15.96,536635538.49656105,34093745.0,0.0207,-18.57,147183,196744,182730,-0.02
1546,NTLA,Healthcare,Biotechnology,NASDAQ,105.88,73,84,86,21,12.89,1891839625.2500181,139722277.0,0.4678,-54.37,5335742,7174300,6157028,-0.095
1547,HBCP,Financial Services,Banks - Regional,NASDAQ,105.88,73,69,69,77,66.13,513535504.20719147,7842631.0,0.0191,0.08,66091,72167,101142,0.055
1548,NEM,Basic Materials,Gold,NYSE,105.87,73,86,92,93,98.54,106445685121.06625,1067552764.0,0.020499999,-26.94,8233901,7350010,7719036,0.458
1549,PPSI,Industrials,Electrical Equipment & Parts,NASDAQ,105.86,73,75,35,54,4.18,46604315.08355522,11096266.0,0.0062,-33.55,326103,357894,272044,-0.367
1550,MOB,Industrials,Aerospace & Defense,NASDAQ,105.85,73,91,89,95,5.84,74410553.503263,12633371.0,0.0499,-47.01,292848,233262,261507,0.39
1551,BDL,Consumer Cyclical,Restaurants,NYSE ARCA,105.84,73,48,78,70,36.72,61335351.0,1858647.0,0.0023999999,2.06,3387,1959,1657,0.059
1552,NBXG,Financial Services,Asset Management,NYSE,105.81,73,71,43,61,15.9,1253095389.3419495,78761496.0,0.00029999999,-6.14,259857,225629,204661,
1553,GGAL,Financial Services,Banks - Regional,NASDAQ,105.79,73,24,36,77,49.99,8101569438.158894,169453445.0,0.21110001,-20.04,1621436,1297168,1162947,-0.147
1554,BVS,Healthcare,Medical Devices,NASDAQ,105.75,73,82,73,36,9.2,612442351.3356171,67748048.0,0.034,-18.21,813255,649235,573889,0.066
1555,SFD,Consumer Defensive,Packaged Foods,NASDAQ,105.73,73,62,65,56,26.67,10572734387.02926,393477263.0,0.0709,-10.52,1217923,1337537,1593410,0.008
1556,BY,Financial Services,Banks - Regional,NYSE,105.72,73,66,67,66,34.52,1533924713.5887756,45409259.0,0.0257,0.55,261352,275464,236350,0.138
1557,WMK,Consumer Defensive,Grocery Stores,NYSE,105.67,73,38,38,31,79.26,1935522407.545807,24744597.0,0.1537,0.24,148645,143918,137783,0.046
1558,CPA,Industrials,Airlines,NYSE,105.67,73,35,57,75,135.37,5450399711.987915,40799460.0,0.0551,-13.45,336464,404994,441734,0.17
1559,LAMR,Real Estate,REIT - Specialty,NASDAQ,105.63,73,76,71,57,150.54,15365359607.61354,101475101.0,0.089499995,-5.14,485868,676792,607089,0.044
1560,FDBC,Financial Services,Banks - Regional,NASDAQ,105.61,73,55,46,67,50.39,276036304.57099915,5805180.0,0.0049,0.78,10255,8458,7573,0.108
1561,KNOP,Energy,Oil & Gas Midstream,NYSE,105.6,73,80,84,90,10.6,370753942.4328804,34553025.0,0.0083,-10.02,112619,91563,95609,0.068
1562,WAFD,Financial Services,Banks - Regional,NASDAQ,105.58,73,69,57,64,36.11,2628213211.0510254,73888480.0,0.059,-6.43,495476,501825,603801,0.092
1563,ZM,Technology,Software - Application,NASDAQ,105.56,73,78,35,56,96.83,29798258798.54634,293232218.0,0.0252,-15.61,4503103,5315444,4831970,0.055
1564,MAMA,Consumer Defensive,Packaged Foods,NASDAQ,105.55,73,81,93,91,13.51,616711034.4715118,40707000.0,0.0732,-24.31,573196,442838,425759,0.607
1565,AAPL,Technology,Consumer Electronics,NASDAQ,105.53,73,73,63,77,290.55,4514011939253.296,14687356000.0,0.0095,-8.33,57095836,51516055,47602989,0.166
1566,MFC,Financial Services,Insurance - Life,NYSE,105.5,73,72,58,72,38.86,64602750269.0251,1668890514.0,7.38,-3.84,2945039,2514803,2231207,0.121
1567,STEL,Financial Services,Banks - Regional,NYSE,105.49,73,70,78,67,37.99,1914109045.589882,50920698.0,0.0201,-5.52,399584,289258,295786,0.073
1568,PEBO,Financial Services,Banks - Regional,NASDAQ,105.46,73,65,64,58,35.61,1262350749.0140533,35923471.0,0.0428,0.42,183853,194024,236010,0.067
1569,OEC,Basic Materials,Specialty Chemicals,NYSE,105.42,73,47,14,6,7.25,378931709.4491906,56388649.0,0.0187,-40.08,439786,470488,481143,-0.038
1570,FOR,Real Estate,Real Estate - Development,NYSE,105.4,73,58,61,64,29.03,1437426111.50663,51008733.0,0.0254,-5.56,162386,148175,148799,-0.03
1571,CNI,Industrials,Railroads,NYSE,105.39,73,63,66,44,120.31,73022506333.92334,606600000.0,3.73,-1.77,1930858,1523606,1431175,-0.005
1572,DBRG,Financial Services,Asset Management,NYSE,105.39,73,82,83,81,15.7,2895229447.4294662,184880554.0,0.0991,-0.13,2087511,2741263,2942144,0.589
1573,FBNC,Financial Services,Banks - Regional,NASDAQ,105.39,73,66,72,72,60.0,2452320747.450161,41375413.0,0.056199998,-4.21,185445,196511,203809,0.139
1574,ETR,Utilities,Utilities - Regulated Electric,NYSE,105.39,73,75,79,70,109.66,50706388458.62817,457886847.0,0.052600004,-7.42,3556177,4030135,3556889,0.12
1575,COP,Energy,Oil & Gas E&P,NYSE,105.38,73,75,84,41,116.79,142710959236.39233,1218294007.0,0.0229,-14.04,6469336,7158378,7928853,-0.053
1576,ELPC,Utilities,Utilities - Regulated Electric,NYSE,105.38,73,80,83,86,11.33,8322242664.780104,742394526.0,0.0037,-17.28,269201,311627,400188,0.2
1577,NC,Energy,Thermal Coal,NYSE,105.38,73,71,83,86,52.17,401235851.19636536,7540610.0,0.0046,-12.2,11356,11282,10467,-0.043
1578,GPCR,Healthcare,Biotechnology,NASDAQ,105.36,73,69,95,98,41.25,2670980441.4213257,71074516.0,0.109,-56.53,715649,791873,858219,
1579,NATL,Technology,Software - Application,NYSE,105.33,73,76,86,74,44.39,3258177441.7566605,73797901.0,0.0337,-8.47,558193,777401,895226,0.065
1580,DTM,Energy,Oil & Gas Midstream,NYSE,105.31,73,78,83,74,140.61,14537011815.0,102014118.0,0.0473,-8.03,578909,720129,733935,0.109
1581,RGTI,Technology,Computer Hardware,NASDAQ,105.27,73,76,60,96,19.69,6874007430.200066,332398807.0,0.1487,-66.14,60880964,50801644,43057412,1.989
1582,YMAT,Basic Materials,Specialty Chemicals,NASDAQ,105.26,73,25,2,3,0.75,16641927.945370913,20050516.0,0.0427,-88.37,8040412,20460327,12321918,
1583,KELYA,Industrials,Staffing & Employment Services,NASDAQ,105.22,73,27,25,13,11.71,408056382.1702957,34669190.0,0.0403,-21.62,441709,511579,435505,-0.107
1584,CNS,Financial Services,Asset Management,NYSE,105.22,73,55,37,22,77.28,3800930707.08197,51405607.0,0.039100002,-1.94,231577,258605,295979,0.083
1585,AIZ,Financial Services,Insurance - Property & Casualty,NYSE,105.19,73,65,56,67,250.99,12751084684.364777,49547637.0,0.0295,-3.82,479954,479824,416794,0.113
1586,RUSHA,Consumer Cyclical,Auto & Truck Dealerships,NASDAQ,105.17,73,78,71,55,68.54,5208277481.945,77712291.0,0.090500005,-10.98,538101,466320,436038,-0.09
1587,TEX,Industrials,Farm & Heavy Construction Machinery,NYSE,105.16,73,79,81,65,63.67,6900965312.783203,114216576.0,0.0513,-10.95,1046170,1233380,1174994,0.411
1588,BRX,Real Estate,REIT - Retail,NYSE,105.16,73,65,75,39,31.83,9505798254.201344,306836617.0,0.0841,1.08,2641230,2720933,2570672,0.051
1589,WSM,Consumer Cyclical,Specialty Retail,NYSE,105.08,73,29,54,52,213.17,24135699819.712204,117746611.0,0.056399997,-3.98,1027749,1177329,1134433,0.044
1590,GL,Financial Services,Insurance - Life,NYSE,105.05,73,66,61,67,159.33,12359492487.292786,77644761.0,0.01,-0.02,517629,565549,545271,0.054
1591,NCZ,Financial Services,Asset Management,NYSE,105.05,73,75,72,67,15.38,291713633.41820717,19028939.0,0.00059999997,-3.81,75738,83906,80787,-0.104
1592,KRP,Energy,Oil & Gas E&P,NYSE,105.04,72,66,75,27,15.31,1505433632.2597122,98652268.0,0.0226,-2.17,871807,936665,871197,-0.067
1593,BUSE,Financial Services,Banks - Regional,NASDAQ,105.04,72,64,63,62,28.21,2332638066.347275,84577160.0,0.0467,1.18,823890,659726,607676,1.434
1594,PGACU,Financial Services,Shell Companies,NASDAQ,105.03,72,45,56,44,12.5,,,0.0,-21.88,738,246,150,
1595,UTSI,Technology,Communication Equipment,NASDAQ,105.02,72,51,61,23,2.84,26678448.55674267,9494110.0,0.0032,-3.4,7709,6606,6365,-0.158
1596,MVBF,Financial Services,Banks - Regional,NASDAQ,105.02,72,58,71,84,27.98,357998249.70295715,12849901.0,0.026199998,-5.44,45126,45465,39049,0.039
1597,AD,Communication Services,Telecom Services,NYSE,105.01,72,74,80,59,50.79,4361047095.25074,86442954.0,0.0841,-35.85,594678,342026,315739,0.928
1598,FACTU,Financial Services,Shell Companies,NASDAQ,105.0,72,52,56,53,12.61,,,0.54,5.0,1626,628,437,
1599,CGO,Financial Services,Asset Management,NASDAQ,104.97,72,74,62,46,13.22,133061560.38511848,9827294.0,0.0055,-6.9,31521,32270,31410,-0.325
1600,ASH,Basic Materials,Specialty Chemicals,NYSE,104.97,72,42,35,64,62.5,2573273102.3333015,45787777.0,0.1263,-4.8,1041990,1148753,917270,0.006
1601,CUZ,Real Estate,REIT - Office,NYSE,104.97,72,50,30,26,29.23,4556121908.644018,164540333.0,0.109,-5.13,1692777,1965382,2014005,0.048
1602,MC,Financial Services,Capital Markets,NYSE,104.97,72,39,26,58,70.78,5047176984.875702,74376318.0,0.0729,-9.51,801739,910083,1009653,0.043
1603,WAVE,Utilities,Utilities - Renewable,NASDAQ,104.97,72,77,29,16,7.9,50571489.34893799,5839664.0,0.28,-24.76,25273,31237,22880,
1604,LUV,Industrials,Airlines,NYSE,104.96,72,59,71,83,43.17,20303660485.5057,488773713.0,0.0637,-21.67,5888886,6282832,6964279,0.128
1605,FUNC,Financial Services,Banks - Regional,NASDAQ,104.94,72,58,61,79,40.96,256063607.1095276,6446717.0,0.0074,-2.36,19509,15283,12545,0.112
1606,CII,Financial Services,Asset Management,NYSE,104.93,72,76,70,80,24.21,997949506.8339844,40983552.0,0.0138,-7.49,74140,74836,76462,-0.045
1607,CARR,Industrials,Building Products & Equipment,NYSE,104.93,72,48,37,20,71.24,55781784250.35635,830580423.0,0.028299998,-12.15,7637820,6927210,6720012,0.024
1608,SNOW,Technology,Software - Application,NYSE,104.92,72,19,34,68,239.66,82580914096.06934,346600000.0,0.057600003,-15.91,14977798,9926479,9249285,0.335
1609,WASH,Financial Services,Banks - Regional,NASDAQ,104.91,72,57,71,58,34.5,636790835.2917862,19065593.0,0.048699997,-6.96,142618,168949,193829,-0.07
1610,BKU,Financial Services,Banks - Regional,NYSE,104.91,72,68,70,80,47.67,3426215953.5986023,72681714.0,0.0551,-8.52,586108,588636,750457,0.037
1611,NMR,Financial Services,Capital Markets,NYSE,104.9,72,56,58,81,8.71,24579001604.40779,2922592396.0,0.0007,-9.08,1567206,1400072,1632787,0.275
1612,INCY,Healthcare,Biotechnology,NASDAQ,104.87,72,71,73,85,103.23,20453696480.181923,199782155.0,0.0952,-8.07,2066110,1604470,1493592,0.209
1613,UBSI,Financial Services,Banks - Regional,NASDAQ,104.85,72,63,66,64,44.33,6049358311.263962,137798590.0,0.0404,-3.48,759046,753202,814629,0.106
1614,AMSC,Industrials,Specialty Industrial Machinery,NASDAQ,104.85,72,92,58,40,40.53,2019382808.5775948,47694445.0,0.08180001,-42.5,1682843,1364304,1342158,0.296
1615,OPHC,Financial Services,Banks - Regional,NYSE ARCA,104.84,72,73,81,36,5.5,67475996.5,12268363.0,0.00090000004,-2.48,18813,23887,32094,0.312
1616,BATRA,Communication Services,Entertainment,NASDAQ,104.84,72,74,66,41,53.69,3457352049.7757034,64143821.0,0.0652,-4.23,45863,47841,61436,0.525
1617,JRSH,Consumer Cyclical,Apparel Manufacturing,NASDAQ,104.8,72,51,42,30,3.6,43433795.76892853,12699940.0,0.0221,0.0,123154,167654,138264,0.18
1618,AVBC,Financial Services,Banks - Regional,NYSE,104.78,72,72,79,67,19.84,356739883.5081711,18570531.0,0.0034999999,-7.42,65902,51730,59944,4.107
1619,SPXC,Industrials,Building Products & Equipment,NYSE,104.78,72,44,71,85,228.01,11404770476.985764,50064839.0,0.0418,-7.57,612232,613790,560724,0.174
1620,FMBH,Financial Services,Banks - Regional,NASDAQ,104.78,72,61,56,68,45.67,1198509261.3900146,26615796.0,0.0104,0.71,126301,101960,103710,0.145
1621,LOB,Financial Services,Banks - Regional,NYSE,104.73,72,59,49,57,38.63,1730676040.2509193,46262391.0,0.0683,-9.93,215552,215410,228142,0.335
1622,CTNM,Healthcare,Biotechnology,NASDAQ,104.72,72,91,91,88,11.43,429569463.1729374,37386377.0,0.0436,-30.01,195158,196499,222123,
1623,MDB,Technology,Software - Infrastructure,NASDAQ,104.7,72,61,38,92,340.28,28210693290.511963,80431927.0,0.0497,-23.48,4176456,2534302,2164131,0.252
1624,BFS,Real Estate,REIT - Retail,NYSE,104.69,72,59,59,36,37.43,896536108.2231445,24535744.0,0.0034,0.03,73605,62938,60971,0.089
1625,PYPD,Healthcare,Biotechnology,NASDAQ,104.65,72,72,77,81,4.57,86283351.0,19174078.0,0.0032,-12.28,174480,122093,97140,
1626,KIM,Real Estate,REIT - Retail,NYSE,104.65,72,65,72,35,25.19,16340464351.448853,674389792.0,0.050300002,2.32,4251352,4322764,4407978,0.04
1627,ABX,Financial Services,Insurance - Life,NYSE,104.62,72,79,88,80,8.94,840279956.8748875,95922367.0,0.2229,-15.14,458123,530821,564732,0.346
1628,NB,Basic Materials,Other Industrial Metals & Mining,NASDAQ,104.62,72,82,86,97,4.99,746861572.9011154,145587048.0,0.0539,-60.33,3718658,4039929,4325315,
1629,CTO,Real Estate,REIT - Diversified,NYSE,104.61,72,72,70,54,20.81,693239323.3049011,33783592.0,0.0195,-0.57,355448,414586,325253,0.15
1630,NXDR,Communication Services,Internet Content & Information,NYSE,104.61,72,68,24,62,2.05,789472565.2896225,381387725.0,0.032,-44.89,2851777,3154809,2857395,0.138
1631,ALX,Real Estate,REIT - Retail,NYSE,104.59,72,63,73,46,265.84,1320694102.3965454,5107290.0,0.1691,1.92,27929,40386,40967,-0.027
1632,MNSB,Financial Services,Banks - Regional,NASDAQ,104.54,72,65,70,68,24.08,169883965.60286522,7117049.0,0.0255,-4.33,37185,39145,47091,0.037
1633,BNED,Consumer Cyclical,Specialty Retail,NYSE,104.54,72,71,38,26,10.63,355650750.10512066,34296119.0,0.091800004,-12.94,233864,247604,230496,0.113
1634,TBH,Communication Services,Electronic Gaming & Multimedia,NASDAQ,104.53,72,51,3,5,4.09,14493494.5,3410234.0,0.022,-79.02,126985,104805,136935,
1635,HTB,Financial Services,Banks - Regional,NYSE,104.51,72,67,65,78,47.54,793548647.5143433,16805350.0,0.0209,-1.12,63051,57683,61042,0.093
1636,FCCO,Financial Services,Banks - Regional,NASDAQ,104.51,72,63,66,80,31.72,294720031.3360596,9397960.0,0.0068,0.22,129202,89644,85736,0.281
1637,ESEA,Industrials,Marine Shipping,NASDAQ,104.48,72,86,89,87,67.08,468722176.983284,7055881.0,0.0185,-14.83,74046,68932,80767,-0.009
1638,SLNG,Energy,Oil & Gas Integrated,NASDAQ,104.44,72,18,24,56,4.79,91865728.00408888,18596301.0,0.0022,-24.69,81359,42929,39209,-0.401
1639,SVRA,Healthcare,Biotechnology,NASDAQ,104.43,72,83,89,97,4.93,1043079540.349411,204927212.0,0.1592,-29.62,1809084,1390044,1352086,
1640,MCHB,Financial Services,Banks - Regional,NASDAQ,104.43,72,60,76,81,15.05,3318802138.5253143,221401080.0,,-6.11,436642,463934,459080,0.307
1641,GNL,Real Estate,REIT - Diversified,NYSE,104.41,72,63,81,71,9.56,1990036397.6508894,211931451.0,0.0001,-4.73,2499864,2168508,1900564,-0.175
1642,FCF,Financial Services,Banks - Regional,NYSE,104.4,72,62,56,56,19.35,1943189997.113266,101684455.0,0.0337,0.83,692519,684309,705443,0.091
1643,IPGP,Technology,Semiconductor Equipment & Materials,NASDAQ,104.4,72,75,91,56,106.37,4557171166.494873,42443616.0,0.16420001,-31.74,621354,665381,556848,0.166
1644,KSS,Consumer Cyclical,Department Stores,NYSE,104.38,72,59,57,95,16.05,1753163896.1058664,113399993.0,0.2716,-36.36,7351868,5470006,4956553,-0.02
1645,MO,Consumer Defensive,Tobacco,NYSE,104.36,72,66,75,45,71.56,120549452331.5329,1669891235.0,0.0309,-4.02,8098864,9196278,8806320,0.053
1646,SAIC,Technology,Information Technology Services,NASDAQ,104.34,72,29,34,35,114.08,4834354188.140694,42276819.0,0.0744,-7.56,731658,554246,536895,0.015
1647,IRMD,Healthcare,Medical Devices,NASDAQ,104.33,72,61,89,91,96.42,1189717063.5489273,12783035.0,0.0798,-10.64,140870,143393,125240,0.126
1648,COLB,Financial Services,Banks - Regional,NASDAQ,104.33,72,62,57,74,30.15,8586284211.387276,289490366.0,0.0309,-7.8,2990738,2769476,2762239,0.399
1649,LVLU,Consumer Cyclical,Apparel Retail,NASDAQ,104.32,72,88,98,19,8.04,24633884.092683792,2864405.0,0.015700001,-75.12,23900,14566,17894,-0.103
1650,SUN,Energy,Oil & Gas Refining & Marketing,NYSE,104.31,71,77,81,56,64.22,12482291820.0,188411952.0,0.032899998,-11.88,317442,571324,473370,1.064
1651,FF,Basic Materials,Specialty Chemicals,NYSE,104.31,71,79,74,21,4.51,190806251.26685,43863507.0,0.025999999,-11.91,250276,344028,412283,0.822
1652,SRRK,Healthcare,Biotechnology,NASDAQ,104.3,71,82,63,84,45.58,5308395281.978233,119828338.0,0.16379999,-12.66,1097142,1230124,1400942,
1653,OSBC,Financial Services,Banks - Regional,NASDAQ,104.3,71,66,64,74,21.94,1108881912.85215,51432372.0,0.0342,-2.18,291986,346938,385267,0.192
1654,BLLN,Healthcare,Diagnostics & Research,NASDAQ,104.28,71,55,16,27,102.39,4470301202.253662,45995484.0,0.0588,-26.18,810596,774658,627803,0.838
1655,COLM,Consumer Cyclical,Apparel Manufacturing,NASDAQ,104.27,71,51,36,29,65.73,3284261724.6677246,51140792.0,0.1173,-3.76,490497,581275,571459,0.001
1656,VUZI,Technology,Consumer Electronics,NASDAQ,104.24,71,79,29,53,3.19,303527653.2805896,83158259.0,0.2015,-43.24,2153774,2486084,1795082,-0.12
1657,EBC,Financial Services,Banks - Regional,NASDAQ,104.23,71,64,69,75,20.59,4267352903.3583584,214979991.0,0.038900003,-8.79,2412338,1897952,2088967,
1658,TECX,Healthcare,Biotechnology,NASDAQ,104.21,71,81,93,30,28.56,547206394.0,18869186.0,0.2906,-20.73,162424,212234,210572,
1659,AMTB,Financial Services,Banks - Regional,NYSE,104.21,71,71,59,45,23.32,896503259.4428234,39354839.0,0.0397,-4.35,207094,213241,240300,0.033
1660,AXR,Real Estate,Real Estate - Development,NYSE,104.2,71,65,71,18,25.96,135441734.11279106,5305199.0,0.0104,-10.51,12295,12511,12967,0.938
1661,BGC,Financial Services,Capital Markets,NASDAQ,104.19,71,73,58,34,10.97,5202554913.348956,479056637.0,0.0233,-7.89,3324928,3231556,3001139,0.443
1662,PEO,Financial Services,Asset Management,NYSE,104.13,71,74,83,51,25.9,717356999.1254768,27495477.0,0.0137,-10.32,87674,81054,91694,0.038
1663,GCV,Financial Services,Asset Management,NYSE,104.13,71,71,72,68,4.64,92832997.78457737,20050323.0,0.0004,-2.73,96285,79445,62817,
1664,LSBK,Financial Services,Banks - Regional,NASDAQ,104.12,71,72,77,80,16.14,124546594.79976654,7862790.0,0.002,-0.86,9007,10935,8901,0.217
1665,FNLC,Financial Services,Banks - Regional,NASDAQ,104.12,71,62,66,67,30.06,336130339.95809555,11275758.0,0.0064999997,-0.89,20183,16904,18062,0.145
1666,PTCT,Healthcare,Biotechnology,NASDAQ,104.11,71,81,60,86,73.68,5886914619.116516,82949338.0,0.16770001,-15.79,1230700,1463810,1220678,-0.768
1667,HOG,Consumer Cyclical,Recreational Vehicles,NYSE,104.1,71,65,21,19,25.49,2578020691.885998,105268302.0,0.1872,-18.43,1958564,2703168,2927600,-0.118
1668,WNEB,Financial Services,Banks - Regional,NASDAQ,104.09,71,67,76,84,13.57,268470211.0908623,20125203.0,0.0119,-6.54,33924,40114,46656,0.222
1669,WBS,Financial Services,Banks - Regional,NYSE,104.09,71,74,77,71,72.62,11709654466.547806,162026498.0,0.0,-1.86,3091485,3103268,3019717,0.087
1670,PVH,Consumer Cyclical,Apparel Manufacturing,NYSE,104.08,71,68,30,35,79.92,3584560997.206833,46074047.0,0.1232,-20.67,1837890,1221900,1331544,0.021
1671,DSX,Industrials,Marine Shipping,NYSE,104.05,71,87,83,37,2.33,291101790.1824496,124402479.0,0.0479,-20.21,1654492,1026290,796378,-0.004
1672,KRC,Real Estate,REIT - Office,NYSE,104.05,71,44,24,57,38.59,4305804081.268097,116278807.0,0.1304,-14.3,1923500,1695923,1979572,-0.003
1673,HFWA,Financial Services,Banks - Regional,NASDAQ,104.05,71,64,60,61,28.34,1145058764.5627155,41218817.0,0.0695,-2.21,243744,241731,251498,0.372
1674,SWAG,Communication Services,Advertising Agencies,NASDAQ,104.05,71,60,75,89,2.03,38103418.1729815,18770157.0,0.0016,-42.0,71482,77550,62354,0.089
1675,TOPP,Industrials,Trucking,NYSE ARCA,104.03,71,24,10,8,1.35,34278000.18787384,19700000.0,0.0002,-65.03,1189159,418086,256317,0.077
1676,LTRN,Healthcare,Biotechnology,NASDAQ,104.01,71,10,15,31,3.81,45804349.38489723,12758872.0,0.1496,-33.67,250543,297434,700924,
1677,DGICB,Financial Services,Insurance - Property & Casualty,NASDAQ,103.98,71,76,41,45,19.15,709499883.3166981,37049603.0,0.008,-6.4,450,570,864,-0.037
1678,MLR,Consumer Cyclical,Auto Parts,NYSE,103.97,71,66,64,25,48.84,541068590.4634552,11395716.0,0.0325,-2.1,63202,85474,88510,-0.198
1679,LOVE,Consumer Cyclical,"Furnishings, Fixtures & Appliances",NASDAQ,103.96,71,55,19,15,16.58,232487820.2342987,14779900.0,0.2317,-21.61,161246,138772,212297,0.027
1680,CBAN,Financial Services,Banks - Regional,NYSE,103.95,71,65,74,67,20.5,428271695.7169361,21159669.0,0.0211,-5.14,296015,234845,278295,0.339
1681,JAKK,Consumer Cyclical,Leisure,NASDAQ,103.95,71,79,62,20,21.89,247885940.51372147,11444411.0,0.0339,-10.47,49155,54578,55035,-0.058
1682,PRKS,Consumer Cyclical,Leisure,NYSE,103.94,71,29,20,15,44.51,1921715498.1369324,47135528.0,0.38880002,-21.84,970860,1066500,1033002,-0.03
1683,WTFC,Financial Services,Banks - Regional,NASDAQ,103.92,71,64,55,68,155.2,10312761480.731567,67447756.0,0.0327,-4.76,433553,414887,428652,0.104
1684,ACTG,Industrials,Business Equipment & Supplies,NASDAQ,103.89,71,75,85,56,4.73,446241778.78625107,96589132.0,0.043,-10.25,230591,237730,239838,-0.564
1685,POWW,Industrials,Aerospace & Defense,NASDAQ,103.89,71,72,80,89,2.0,233404557.89855242,117288722.0,0.0287,-10.31,442294,413994,465076,0.532
1686,HQL,Financial Services,Asset Management,NYSE,103.88,71,80,78,85,16.78,514504157.5599499,30408047.0,0.33,-9.1,105114,107001,107388,-0.699
1687,CAH,Healthcare,Medical Distribution,NYSE,103.86,71,40,86,88,212.67,48178488004.477005,234205855.0,0.0366,-8.96,1995131,2366870,2019612,0.11
1688,MOH,Healthcare,Healthcare Plans,NYSE,103.86,71,72,20,14,203.06,9943806031.799316,52100000.0,0.065,-34.82,969926,1016292,1140803,-0.043
1689,WABC,Financial Services,Banks - Regional,NASDAQ,103.86,71,62,61,45,56.53,1328948536.90773,23487955.0,0.0365,-0.82,132098,153349,170967,-0.067
1690,UMBF,Financial Services,Banks - Regional,NASDAQ,103.85,71,65,48,60,131.82,9871156072.718796,75978727.0,0.0559,-3.15,609628,740279,672785,0.49
1691,GNT,Financial Services,Asset Management,NYSE,103.85,71,76,82,77,8.34,138713663.69043732,16185959.0,0.0001,-10.32,171719,90153,81001,
1692,NEXT,Energy,Oil & Gas Equipment & Services,NASDAQ,103.84,71,75,32,14,8.13,2260390108.3492384,264992987.0,0.1527,-32.92,2258679,2957523,3629911,
1693,EOD,Financial Services,Asset Management,NYSE,103.83,71,73,72,73,6.53,278205806.08283424,43065914.0,1.04,-3.12,112551,98620,112780,
1694,CHCT,Real Estate,REIT - Healthcare Facilities,NYSE,103.81,71,65,65,41,17.7,499720653.03043556,28571793.0,0.0242,-2.85,155352,186404,190574,0.048
1695,MARA,Financial Services,Capital Markets,NASDAQ,103.81,71,73,18,12,13.31,4697252480.605476,381270503.0,0.29860002,-43.24,39799248,42763832,43320385,-0.184
1696,CVX,Energy,Oil & Gas Integrated,NYSE,103.78,71,70,85,39,186.76,373046166318.62085,1991597732.0,0.0101,-13.02,7940109,9466386,10362129,0.023
1697,KVACU,Financial Services,Shell Companies,NASDAQ,103.77,71,43,50,47,13.44,,,,12.0,495,175,105,
1698,WEYS,Consumer Cyclical,Footwear & Accessories,NASDAQ,103.72,71,69,71,75,35.92,334389663.61398315,9532202.0,0.01,-1.8,15196,14838,15201,-0.0
1699,CUBI,Financial Services,Banks - Regional,NYSE,103.7,71,66,62,82,75.3,2498659343.463379,33825088.0,0.0999,-8.79,359437,333332,341861,0.764
1700,CRGY,Energy,Oil & Gas E&P,NYSE,103.7,71,82,84,28,11.44,3811103774.5219,330251628.0,0.1154,-19.94,5572421,6949580,7209088,0.245
1701,MRDN,Communication Services,Electronic Gaming & Multimedia,NASDAQ,103.67,71,53,21,9,12.92,154992108.25,12652417.0,0.056399997,-44.79,39885,70078,50493,0.173
1702,API,Technology,Software - Application,NASDAQ,103.65,71,56,42,29,4.54,406684465.82202244,84549786.0,0.0081,-17.38,947088,543106,434829,0.135
1703,FA,Industrials,Specialty Business Services,NASDAQ,103.59,71,73,20,33,15.91,2724008325.990857,171537047.0,0.16790001,-16.31,691809,996369,1008607,0.086
1704,GLQ,Financial Services,Asset Management,NYSE ARCA,103.57,71,70,73,70,8.33,159274028.5,18738121.0,0.0061000003,-4.58,115684,104801,87508,-0.297
1705,LXP,Real Estate,REIT - Industrial,NYSE,103.57,71,69,57,70,52.59,3077910597.5473633,58952512.0,0.0001,-1.07,420714,365208,454980,-0.033
1706,QRVO,Technology,Semiconductors,NASDAQ,103.56,71,65,40,65,97.94,8649983675.001434,88013673.0,0.0998,-10.55,1386597,1290452,1172195,-0.07
1707,ALSN,Consumer Cyclical,Auto Parts,NYSE,103.55,71,77,76,56,117.91,9599839800.75,82935981.0,0.0505,-14.32,927697,980325,873573,0.836
1708,EDF,Financial Services,Asset Management,NYSE,103.55,71,67,70,51,5.47,171171284.58984375,32114688.0,0.0050999997,0.37,164894,159658,172170,
1709,NCSM,Energy,Oil & Gas Equipment & Services,NASDAQ,103.54,71,70,94,73,54.51,136475196.0,2624523.0,0.052600004,-37.6,53752,43634,39606,-0.087
1710,FTV,Technology,Scientific & Technical Instruments,NYSE,103.52,70,63,54,58,62.78,18681882994.7352,304861021.0,0.056900002,-0.04,4000868,3441539,3151113,0.077
1711,FMAO,Financial Services,Banks - Regional,NASDAQ,103.51,70,58,45,63,28.54,386748403.02085876,13768188.0,0.0113,-4.32,74071,91387,75274,0.165
1712,AOUT,Consumer Cyclical,Leisure,NASDAQ,103.51,70,55,29,15,10.16,123564410.88539124,12595760.0,0.0686,-24.5,43445,36645,36365,-0.033
1713,SSBI,Financial Services,Banks - Regional,NASDAQ,103.5,70,70,82,73,13.49,90670735.46481895,6771526.0,0.0023,-3.64,3127,4349,4005,-0.036
1714,APG,Industrials,Engineering & Construction,NYSE,103.48,70,71,78,83,43.68,18186910779.903965,433227989.0,0.0225,-12.62,2916142,2845087,2889520,0.153
1715,ETN,Industrials,Specialty Industrial Machinery,NYSE,103.46,70,71,65,40,401.72,153743502947.99805,388300000.0,0.023699999,-7.74,2391340,2780080,2554312,0.168
1716,LYB,Basic Materials,Specialty Chemicals,NYSE,103.46,70,86,88,16,63.64,20819617858.5,322784773.0,0.04,-24.18,4881921,5328330,6243500,-0.063
1717,BWB,Financial Services,Banks - Regional,NASDAQ,103.46,70,53,59,76,19.58,536754814.75,27883367.0,0.015,-3.55,80769,73613,71527,0.462
1718,UNP,Industrials,Railroads,NYSE,103.43,70,66,64,62,271.28,161679986512.64545,593713213.0,0.0542,-3.01,3416103,2924334,3020874,0.032
1719,WTBA,Financial Services,Banks - Regional,NASDAQ,103.43,70,62,70,74,24.52,410206955.688282,17028101.0,0.0168,-7.82,45253,39547,42388,0.166
1720,BCH,Financial Services,Banks - Regional,NYSE,103.41,70,54,76,87,38.54,18425515379.67025,505085406.0,0.0038,-17.6,328094,324124,410418,-0.079
1721,NKTX,Healthcare,Biotechnology,NASDAQ,103.41,70,89,79,40,2.45,179578847.8976903,71545358.0,0.090299994,-32.88,441707,649852,783309,
1722,MGLD,Financial Services,Asset Management,NYSE ARCA,103.41,70,68,62,23,1.16,48246522.445408344,43077252.0,0.0033000002,-15.94,12589,15256,13451,0.023
1723,LBTYB,Communication Services,Telecom Services,NASDAQ,103.4,70,76,70,41,13.58,4733364118.0,338097437.0,0.00090000004,-53.19,1380,8666,12158,0.088
1724,IMAX,Communication Services,Entertainment,NYSE,103.4,70,60,79,86,40.11,2143969339.42807,55015891.0,0.1715,-7.07,806609,1206679,1146283,-0.061
1725,BCAT,Financial Services,Asset Management,NYSE,103.4,70,71,71,59,15.6,1619825693.6568594,104775271.0,1.37,-2.38,673108,702486,644613,
1726,BAYAU,Financial Services,Shell Companies,NASDAQ,103.38,70,49,62,47,13.45,,,,-41.52,2213,1447,868,
1727,WES,Energy,Oil & Gas Midstream,NYSE,103.33,70,70,69,58,43.5,17472077590.826153,393781339.0,0.032899998,-9.39,876790,1474653,1453576,0.225
1728,CIX,Industrials,Security & Protection Services,NYSE ARCA,103.33,70,38,71,54,25.9,298710898.8594761,12323057.0,0.0189,-19.81,4551,3533,3018,0.007
1729,TRSG,Industrials,Metal Fabrication,NASDAQ,103.3,70,35,25,14,1.59,25511437.224246025,16353486.0,0.0054,-19.7,22667,11449,7859,0.109
1730,UPS,Industrials,Integrated Freight & Logistics,NYSE,103.28,70,47,51,53,107.87,92259682300.86398,850006279.0,0.0318,-11.88,6130448,6385892,5756141,-0.016
1731,BOKF,Financial Services,Banks - Regional,NASDAQ,103.27,70,69,75,69,130.86,7851406240.409912,60759992.0,0.08930001,-6.35,259312,263334,301160,0.103
1732,TMHC,Consumer Cyclical,Residential Construction,NYSE,103.2,70,33,40,39,71.64,6586114408.813934,92074857.0,0.0817,-1.19,6938758,3019959,2423847,-0.268
1733,BURL,Consumer Cyclical,Apparel Retail,NYSE,103.15,70,54,76,58,324.42,19955825643.962524,62942206.0,0.066599995,-7.8,1362016,947635,820351,0.141
1734,DVN,Energy,Oil & Gas E&P,NYSE,103.13,70,79,85,56,44.07,51072688169.99722,1153403107.0,0.024,-16.39,13428234,14868554,14047362,-0.008
1735,HWC,Financial Services,Banks - Regional,NASDAQ,103.11,70,62,63,73,70.1,5630739596.932983,81157968.0,0.0958,-7.07,991796,886518,864021,-0.211
1736,JHG,Financial Services,Asset Management,NYSE,103.11,70,73,79,68,51.87,7974953263.229206,154075609.0,0.0361,-3.52,1945299,2330786,2196823,0.11
1737,OSW,Consumer Cyclical,Leisure,NASDAQ,103.09,70,65,62,60,23.96,2443462312.2401276,101514846.0,0.0641,-6.95,517624,689464,705010,0.127
1738,BCS,Financial Services,Banks - Diversified,NYSE,103.06,70,60,61,87,24.32,82161223278.52719,3385299618.0,0.64,-12.2,4814270,5621786,6378812,0.039
1739,JOYY,Communication Services,Internet Content & Information,NASDAQ,103.05,70,64,73,82,66.09,3329731589.606415,50381779.0,0.048699997,-6.86,394155,323568,302939,0.124
1740,PLAB,Technology,Semiconductor Equipment & Materials,NASDAQ,103.04,70,95,84,92,29.56,1718870362.6061058,58966394.0,0.0709,-47.21,3575757,1706179,1374233,-0.005
1741,CRON,Healthcare,Drug Manufacturers - Specialty & Generic,NASDAQ,103.02,70,63,64,87,2.79,1023833990.4235189,373662039.0,0.0214,-18.66,1373294,1440968,1643316,0.401
1742,IMTX,Healthcare,Biotechnology,NASDAQ,103.01,70,90,88,92,9.16,1338030240.9763327,136673161.0,0.0509,-26.19,687137,601192,478163,-0.59
1743,SWKS,Technology,Semiconductors,NASDAQ,102.99,70,58,26,29,73.56,11065366652.009743,150405963.0,0.2575,-19.08,5294339,5454996,4445159,-0.01
1744,PECO,Real Estate,REIT - Retail,NASDAQ,102.98,70,65,70,46,41.72,5077706724.428558,125966424.0,0.0398,1.58,940995,929008,907485,0.07
1745,THRM,Consumer Cyclical,Auto Parts,NASDAQ,102.96,70,35,29,65,36.37,1111678133.75,30666983.0,0.0375,-7.88,325837,275679,268363,0.113
1746,WRN,Basic Materials,Other Industrial Metals & Mining,NYSE ARCA,102.96,70,91,93,95,2.33,559570960.3036165,225633450.0,0.012,-45.31,1914685,2116921,2058215,
1747,CFBK,Financial Services,Banks - Regional,NASDAQ,102.94,70,45,79,42,30.1,190459717.86963272,6498114.0,0.0078,-12.35,51381,33840,33148,0.05
1748,OIS,Energy,Oil & Gas Equipment & Services,NYSE,102.94,70,85,96,81,8.39,488770522.91141033,60193415.0,0.028399998,-42.14,819177,903785,841667,-0.091
1749,UBCP,Financial Services,Banks - Regional,NASDAQ,102.92,70,73,76,55,16.34,91918374.79471207,5781030.0,0.0018000001,-5.77,14782,8194,15020,0.064
1750,AOD,Financial Services,Asset Management,NYSE,102.91,70,73,70,72,10.16,1079772094.9052124,105446496.0,0.54,-5.66,525980,419330,450000,0.177
1751,DCH,Consumer Cyclical,Auto Parts,NYSE,102.9,70,57,42,72,6.3,1500157786.9867,237366732.0,0.115,-31.89,3704284,4348094,4180106,0.686
1752,NTRA,Healthcare,Diagnostics & Research,NASDAQ,102.88,70,60,58,86,222.82,30835703548.77307,143215382.0,0.0272,-13.08,1418495,1618021,1482503,0.388
1753,LEGH,Consumer Cyclical,Residential Construction,NASDAQ,102.86,70,39,27,20,24.83,566715550.0156078,23781601.0,0.0919,-15.69,79838,86379,81321,-0.037
1754,UAL,Industrials,Airlines,NASDAQ,102.86,70,40,41,78,109.63,34316758430.999023,324569728.0,0.0434,-8.04,5492721,5611553,6836716,0.106
1755,AXIL,Technology,Consumer Electronics,NYSE ARCA,102.85,70,59,27,86,6.32,46701360.79981184,6817717.0,0.0398,-38.34,22129,259429,159417,0.054
1756,UHAL,Industrials,Rental & Leasing Services,NYSE,102.82,70,34,25,25,61.76,10933226849.05838,189977880.0,0.22389999,-4.62,352856,247505,242509,0.031
1757,MTB,Financial Services,Banks - Regional,NYSE,102.79,70,54,58,63,225.43,32575239503.931885,146445060.0,0.0432,-5.68,996036,961932,993939,0.057
1758,ALCO,Consumer Defensive,Farm Products,NASDAQ,102.79,70,70,75,79,41.16,303846926.24313354,7416327.0,0.023699999,-8.55,18615,18451,23063,-0.703
1759,MDGL,Healthcare,Biotechnology,NASDAQ,102.78,70,75,67,91,476.89,11227645073.117035,23055659.0,0.1988,-22.46,269740,282440,291296,1.268
1760,NODK,Financial Services,Insurance - Property & Casualty,NASDAQ,102.76,70,49,45,50,15.21,304558965.84608555,20481437.0,0.006,0.8,20193,18097,16012,-0.166
1761,CBNA,Financial Services,Banks - Regional,NYSE,102.73,70,75,79,86,36.8,237537780.40626907,6561817.0,0.003,-5.59,6825,4788,4103,0.215
1762,DFSC,Industrials,Aerospace & Defense,NASDAQ,102.69,70,86,11,12,3.67,7715332.3918476105,1993626.0,0.0584,-76.12,62946,115628,130705,0.677
1763,BBIO,Healthcare,Biotechnology,NASDAQ,102.66,70,73,89,95,67.68,13242178691.164215,195861242.0,0.1377,-20.32,3193106,3204772,2678729,0.668
1764,IDE,Financial Services,Asset Management,NYSE,102.66,70,69,74,66,13.56,209915037.78167725,15156320.0,0.0021,-5.17,33930,34953,43010,
1765,CVSA,Consumer Defensive,Education & Training Services,NYSE,102.65,70,72,49,26,126.08,4310011890.477013,34030887.0,0.0644,-19.31,280234,297381,290942,0.045
1766,FOXA,Communication Services,Entertainment,NASDAQ,102.64,70,68,42,83,68.32,28106262353.888626,420186315.0,0.16530001,-10.56,2636295,2836111,3068757,-0.086
1767,NWFL,Financial Services,Banks - Regional,NASDAQ,102.64,70,61,63,71,31.31,335324632.1807327,10890699.0,0.0085,-2.85,20309,20093,19755,0.334
1768,TRMK,Financial Services,Banks - Regional,NASDAQ,102.64,70,66,68,66,44.87,2587434989.474968,58605547.0,0.0686,-2.44,334313,355557,360230,0.057
1769,NPK,Industrials,Aerospace & Defense,NYSE,102.63,69,81,85,58,131.02,950288966.6038055,7166043.0,0.0879,-12.57,180690,126653,108908,0.145
1770,AFBI,Financial Services,Banks - Regional,NASDAQ,102.63,69,67,46,60,22.51,137141004.03697968,6094885.0,0.0013,0.02,7996,9002,23465,0.042
1771,FBIZ,Financial Services,Banks - Regional,NASDAQ,102.62,69,58,51,74,59.24,486092718.5117569,8362166.0,0.0095,-2.15,31737,31872,40737,0.083
1772,AUB,Financial Services,Banks - Regional,NYSE,102.62,69,60,55,63,38.63,5432670778.093689,143115672.0,0.0879,-8.42,962644,966998,1000580,0.862
1773,OFG,Financial Services,Banks - Regional,NYSE,102.62,69,60,40,45,46.74,1955295770.9143562,42258391.0,0.040900003,-0.23,285568,258656,263179,0.069
1774,TNL,Consumer Cyclical,Travel Services,NYSE,102.6,69,54,78,85,72.17,4475838538.795456,62424529.0,0.0681,-10.9,1003939,932226,920981,0.029
1775,AAL,Industrials,Airlines,NASDAQ,102.6,69,37,27,78,14.09,8928699349.5,661385137.0,0.1287,-14.61,84206175,68904211,64355221,0.108
1776,BVFL,Financial Services,Banks - Regional,NASDAQ,102.59,69,67,72,77,19.8,174824507.97438622,8658965.0,0.0152,-3.6,18406,13882,15111,0.087
1777,WRLD,Financial Services,Credit Services,NASDAQ,102.54,69,62,37,49,169.5,776326052.061142,4640323.0,10.8984995,-8.62,143955,162801,155193,0.073
1778,NML,Financial Services,Asset Management,NYSE ARCA,102.53,69,71,78,43,10.18,573388344.8759003,56658928.0,0.0011999999,-4.95,163295,140111,157765,
1779,EOG,Energy,Oil & Gas E&P,NYSE,102.51,69,74,76,27,137.33,73385558213.21869,532628530.0,0.0376,-9.57,3306761,3399963,3771098,0.156
1780,ARTW,Industrials,Farm & Heavy Construction Machinery,NASDAQ,102.51,69,63,53,68,2.68,13471603.105864525,5181386.0,0.0005,-43.1,13803,14381,25890,0.292
1781,SABS,Healthcare,Biotechnology,NASDAQ,102.5,69,82,95,93,3.36,258448646.4706211,76464094.0,0.0373,-49.09,333732,835864,671174,
1782,LINE,Real Estate,REIT - Industrial,NASDAQ,102.49,69,47,33,18,44.55,9705758423.132458,227674365.0,0.111499995,-5.19,1098982,1055434,1017586,0.004
1783,CQP,Energy,Oil & Gas Midstream,NYSE,102.47,69,68,77,37,65.29,31206969900.69638,484054123.0,0.016,-7.57,98968,87732,97331,0.204
1784,LOGI,Technology,Computer Hardware,NASDAQ,102.46,69,65,36,75,113.04,16209473657.853584,143535585.0,0.1091,-12.82,1356486,1306582,1120689,0.074
1785,JFB,Real Estate,Real Estate - Development,NASDAQ,102.41,69,57,98,99,5.21,85391444.6316719,15330600.0,10.7152,-70.31,1095676,531085,392715,1.145
1786,PC,Industrials,Specialty Business Services,NASDAQ,102.39,69,55,77,78,9.4,30497781.762342453,3244445.0,0.0986,-32.86,0,0,0,-0.118
1787,CTRI,Utilities,Utilities - Regulated Gas,NYSE,102.37,69,83,85,82,29.51,3011890329.481407,100934662.0,0.0402,-31.35,1107022,1609987,1369638,0.315
1788,IOTR,Communication Services,Telecom Services,NASDAQ,102.36,69,11,8,5,3.19,8464503.177691221,2565001.0,0.0153,-57.3,4263687,1430992,1041645,0.398
1789,CBOE,Financial Services,Financial Data & Stock Exchanges,BATS,102.35,69,82,80,65,290.6,29502948630.693604,104653784.0,0.0298,-21.71,2106373,1337667,1122372,0.065
1790,MET,Financial Services,Insurance - Life,NYSE,102.32,69,47,31,56,85.57,54363972083.18075,643436779.0,0.0189,0.33,3476202,3358090,3367946,0.027
1791,CIA,Financial Services,Insurance - Life,NYSE,102.31,69,45,45,77,5.42,261867452.8419056,50553564.0,0.0729,-15.31,81864,86521,91816,0.073
1792,ACV,Financial Services,Asset Management,NYSE,102.29,69,71,73,75,27.22,279653149.23423004,10396028.0,0.92,-6.27,26364,23358,29824,
1793,FIBK,Financial Services,Banks - Regional,NASDAQ,102.29,69,65,67,76,36.1,3455372176.384346,97142879.0,0.144,-8.05,960256,1236262,1229173,0.036
1794,SIGI,Financial Services,Insurance - Property & Casualty,NASDAQ,102.28,69,46,39,43,90.25,5303840557.55127,59869520.0,0.0354,-1.53,520253,500564,548530,0.057
1795,SBSI,Financial Services,Banks - Regional,NYSE,102.28,69,61,51,63,33.65,986269265.0475082,29751711.0,0.0295,-2.55,76218,81439,84299,0.088
1796,ADX,Financial Services,Asset Management,NYSE,102.27,69,70,69,68,24.7,3056971099.078308,122523888.0,0.0061000003,-3.89,301110,267416,291796,-0.153
1797,NJR,Utilities,Utilities - Regulated Gas,NYSE,102.24,69,69,79,47,54.94,5592064344.53059,100921573.0,0.028399998,-6.2,555073,585267,537558,0.029
1798,BSAC,Financial Services,Banks - Regional,NYSE,102.23,69,56,74,84,31.4,14142882031.999477,471115317.0,0.0047,-16.76,426313,487411,471854,-0.026
1799,EGP,Real Estate,REIT - Industrial,NYSE,102.23,69,70,66,63,202.48,10654824300.995468,53755229.0,0.059699997,-2.52,333110,329680,350552,0.091
1800,AES,Utilities,Utilities - Diversified,NYSE,102.22,69,57,72,71,14.66,10462023704.119616,713157713.0,0.0249,-16.94,8952453,11329754,10244354,0.087
1801,BCARU,Financial Services,Shell Companies,NASDAQ,102.15,69,58,65,52,12.0,,,327.78,-0.08,690,386,302,
1802,DOV,Industrials,Specialty Industrial Machinery,NYSE,102.14,69,65,69,67,220.97,28919884530.92276,134661414.0,0.026500002,-6.98,798089,822799,913833,0.101
1803,TCBI,Financial Services,Banks - Regional,NASDAQ,102.12,69,64,68,74,100.95,4440897893.528503,43670939.0,0.1009,-7.32,519601,436400,431742,0.169
1804,FHB,Financial Services,Banks - Regional,NASDAQ,102.12,69,59,43,59,27.87,3327099457.9554005,121648973.0,0.1535,-1.69,1387056,1614058,1682707,0.074
1805,ASB,Financial Services,Banks - Regional,NYSE,102.1,69,61,50,67,28.39,5244336268.599672,188917011.0,0.0,-3.83,1675047,1707772,1941143,0.122
1806,MPAA,Consumer Cyclical,Auto Parts,NASDAQ,102.1,69,36,27,65,13.2,203444005.79135895,19210954.0,0.0832,-27.15,139905,77421,75219,-0.099
1807,PSO,Communication Services,Publishing,NYSE,102.09,69,63,34,33,15.48,9342484679.66489,600416737.0,0.0064999997,-1.02,901344,932941,1009244,0.032
1808,MCFT,Consumer Cyclical,Recreational Vehicles,NASDAQ,102.06,69,77,56,34,22.9,532163255.2678871,24222270.0,0.0422,-19.48,119797,181485,152269,0.03
1809,QQQX,Financial Services,Asset Management,NASDAQ,102.06,69,73,67,66,30.39,1473104046.835188,48826783.0,0.0016,-4.64,81383,83651,103536,
1810,KYIV,Communication Services,Telecom Services,NASDAQ,102.06,69,67,34,85,13.61,3169757451.83902,230863624.0,0.0533,-17.42,439083,647114,647500,0.267
1811,NET,Technology,Software - Infrastructure,NYSE,102.06,69,58,79,80,236.13,88405443252.90868,353466247.0,0.032,-14.7,4745148,4796799,4648561,0.335
1812,SLG,Real Estate,REIT - Office,NYSE,102.03,69,33,18,16,51.53,3401884152.122818,71124483.0,0.2007,-22.99,1250367,1121122,1224525,-0.04
1813,AKR,Real Estate,REIT - Retail,NYSE,101.96,69,62,54,39,22.53,2990783907.4672527,133517141.0,0.2775,0.04,966678,1033909,1076917,-0.012
1814,CENT,Consumer Defensive,Packaged Foods,NASDAQ,101.96,69,58,61,33,41.44,2512842475.092457,62570779.0,0.0637,-0.22,77705,64298,62051,0.087
1815,CDP,Real Estate,REIT - Office,NYSE,101.96,69,61,71,46,34.12,3701755402.949394,113376883.0,0.0712,2.37,987795,973088,920929,0.073
1816,SFNC,Financial Services,Banks - Regional,NASDAQ,101.95,69,58,44,38,21.71,3130485619.152479,145064209.0,0.042,-2.12,1328125,1064248,1170519,0.241
1817,TTRX,Healthcare,Biotechnology,NASDAQ,101.91,69,23,22,5,5.05,157280857.4497795,29788040.0,2.83,-80.94,77748,50356,41837,
1818,MICC,Consumer Defensive,Packaged Foods,NYSE,101.9,69,29,54,64,17.46,10461129912.266945,612837147.0,7.43,-12.39,1203305,1619188,1538475,-0.041
1819,LAC,Basic Materials,Other Industrial Metals & Mining,NYSE,101.89,69,86,83,90,4.34,1590313098.995839,351062478.0,0.08180001,-58.75,15103632,13495977,11555824,
1820,COSO,Financial Services,Banks - Regional,NYSE,101.89,69,65,65,66,26.33,315994823.0351124,12167687.0,0.0199,-0.11,69156,100592,92803,0.184
1821,STGW,Communication Services,Advertising Agencies,NASDAQ,101.89,69,73,70,46,6.39,1596182131.2223406,247854366.0,0.109799996,-15.03,1612980,1554283,1448036,0.08
1822,FNB,Financial Services,Banks - Regional,NYSE,101.86,69,61,58,73,18.04,6297002447.915258,355963949.0,0.099,-5.75,4950857,4654595,5964853,0.096
1823,FR,Real Estate,REIT - Industrial,NYSE,101.82,69,70,71,70,62.92,8163686952.663696,132570424.0,0.0375,-2.69,1035890,930430,897562,0.1
1824,CRL,Healthcare,Diagnostics & Research,NYSE,101.77,69,51,36,77,189.85,8734735981.804504,48167730.0,0.087,-17.05,843986,897682,876321,0.012
1825,DKL,Energy,Oil & Gas Refining & Marketing,NYSE,101.77,69,72,82,64,51.63,2767404977.6358795,53168204.0,0.029000001,-7.62,51819,54853,54579,0.19
1826,STRR,Industrials,Conglomerates,NASDAQ,101.77,69,36,47,51,11.06,41721838.10423088,3692198.0,0.0019,-7.76,11226,6858,6901,0.571
1827,ASIX,Basic Materials,Chemicals,NYSE,101.77,69,75,60,13,21.5,579080080.9391327,26959036.0,0.0252,-19.57,177129,306443,323977,0.07
1828,WPC,Real Estate,REIT - Diversified,NYSE,101.76,68,65,72,61,75.49,16591835455.627937,222739105.0,0.060700003,-0.26,1622360,1367016,1358166,0.089
1829,ACCO,Industrials,Business Equipment & Supplies,NYSE,101.76,68,58,32,31,3.98,352424766.9211278,92257794.0,0.0629,-7.44,767613,983381,1009326,0.083
1830,RF,Financial Services,Banks - Regional,NYSE,101.74,68,55,57,71,28.6,24355452795.8123,853379538.0,0.0847,-9.29,10988132,10414617,10510394,0.073
1831,NECB,Financial Services,Banks - Regional,NASDAQ,101.74,68,61,57,59,25.26,345850575.0,13834023.0,0.0054,-1.52,40326,32565,34989,-0.013
1832,SHC,Healthcare,Diagnostics & Research,NASDAQ,101.72,68,42,40,79,16.53,4454308413.645227,285166994.0,0.0797,-16.73,2649109,3940996,3454657,0.1
1833,HWBK,Financial Services,Banks - Regional,NASDAQ,101.72,68,69,66,74,36.15,251104658.79766464,6896585.0,0.0087,-3.08,6912,8570,8292,0.054
1834,CCJ,Energy,Uranium,NYSE,101.71,68,85,92,88,102.27,45051532307.632935,435532978.0,1.84,-24.38,3167975,3152495,3081825,0.071
1835,DNLI,Healthcare,Biotechnology,NASDAQ,101.71,68,74,84,72,20.79,3098014138.891552,158709737.0,0.0933,-12.54,1693005,1904435,1693681,
1836,GABC,Financial Services,Banks - Regional,NASDAQ,101.67,68,58,55,58,44.94,1663347866.625122,37564316.0,0.030199999,-0.13,133071,114767,119396,0.423
1837,USB,Financial Services,Banks - Regional,NYSE,101.66,68,64,68,73,56.02,86382494008.01547,1551131193.0,0.0,-8.45,8098151,8177360,8584546,0.046
1838,NKSH,Financial Services,Banks - Regional,NASDAQ,101.65,68,69,83,76,35.7,221620663.14128876,6368410.0,0.0085,-10.75,22929,38133,52883,0.227
1839,CAL,Consumer Cyclical,Apparel Retail,NYSE,101.63,68,35,16,24,13.77,417373927.1686697,33740819.0,0.1353,-14.68,783978,694789,649197,0.085
1840,SBFG,Financial Services,Banks - Regional,NASDAQ,101.62,68,60,43,76,22.89,139433095.4312191,6275117.0,0.0249,-4.35,17359,11213,10107,0.118
1841,BGR,Financial Services,Asset Management,NYSE,101.59,68,75,83,59,15.78,400934693.25,25456171.0,0.001,-10.85,112372,100737,120042,-0.015
1842,PAYO,Technology,Software - Infrastructure,NASDAQ,101.57,68,23,19,19,6.39,1687284453.7892075,334778664.0,0.035099998,-16.63,9532032,5937184,4689590,0.061
1843,DIN,Consumer Cyclical,Restaurants,NYSE,101.57,68,65,57,85,31.52,373451558.77461433,12685175.0,0.2143,-20.56,306323,476517,420060,0.048
1844,NDRA,Healthcare,Diagnostics & Research,NASDAQ,101.55,68,78,22,81,4.42,7819002.755256653,1848464.0,0.0272,-63.04,17425,15741,18031,
1845,TCBK,Financial Services,Banks - Regional,NASDAQ,101.55,68,64,64,73,51.31,1629715491.927826,32150632.0,0.04,-3.52,121863,105974,113744,0.107
1846,SGHT,Healthcare,Medical Devices,NASDAQ,101.54,68,67,31,97,4.85,242124231.52212715,54409942.0,0.0219,-47.49,133252,188010,261966,0.125
1847,FLG,Financial Services,Banks - Regional,NYSE,101.53,68,65,47,68,14.23,5843748201.242821,416815122.0,0.0002,-4.62,3969804,3950718,4384660,0.212
1848,GGT,Financial Services,Asset Management,NYSE,101.53,68,68,63,60,4.27,178527132.11254454,41809633.0,0.0019,-2.73,258600,293223,268078,0.802
1849,WTS,Industrials,Specialty Industrial Machinery,NYSE,101.53,68,58,76,71,319.83,10491751261.577454,33390890.0,0.0523,-7.34,302411,306030,289768,0.214
1850,HQH,Financial Services,Asset Management,NYSE,101.52,68,76,70,79,18.9,1093515600.3176346,57192236.0,1.08,-7.62,157558,142059,143979,-0.487
1851,XPEL,Consumer Cyclical,Auto Parts,NASDAQ,101.51,68,42,44,87,45.83,1228117529.449253,27560985.0,0.1362,-18.03,215946,264522,259077,0.131
1852,EEX,Communication Services,Advertising Agencies,NYSE,101.51,68,61,50,17,5.01,983609989.5869422,197909463.0,0.0637,-8.07,95370,513580,315854,0.052
1853,WAT,Healthcare,Diagnostics & Research,NYSE,101.49,68,56,26,68,371.15,35873182544.53064,98185855.0,0.0401,-10.38,1140413,1143944,1032392,0.914
1854,TFX,Healthcare,Medical Instruments & Supplies,NYSE,101.49,68,69,29,33,135.75,5748044034.117645,44270211.0,0.08229999,-2.81,623946,739288,819531,0.323
1855,HYNE,Financial Services,Banks - Regional,NASDAQ,101.44,68,62,52,38,16.26,121382384.29190826,7451343.0,0.024400001,-0.43,24815,23301,21627,0.129
1856,MBWM,Financial Services,Banks - Regional,NASDAQ,101.43,68,60,66,64,53.89,911050566.4944649,17274375.0,0.016,-3.37,137009,117829,118873,0.258
1857,BPYPM,Financial Services,Asset Management,NASDAQ,101.42,68,66,63,53,16.86,,,77.71,-5.81,12885,11255,23953,
1858,ENIC,Utilities,Utilities - Regulated Electric,NYSE,101.42,68,71,66,72,4.21,5768490976.019791,1383331144.0,0.58,-11.18,746141,657877,750528,-0.017
1859,RNST,Financial Services,Banks - Regional,NYSE,101.42,68,60,47,53,41.51,3767470828.555298,92272120.0,0.061300002,-1.42,627980,690116,669714,0.602
1860,FHI,Financial Services,Asset Management,NYSE,101.41,68,65,80,72,57.65,4329298507.923187,75912653.0,0.05,-2.37,811957,803189,820465,0.131
1861,INDB,Financial Services,Banks - Regional,NASDAQ,101.41,68,59,67,73,80.61,3839236809.9853287,48249803.0,0.0561,-7.34,288941,311440,332906,0.516
1862,ALH,Consumer Cyclical,"Furnishings, Fixtures & Appliances",NYSE,101.39,68,47,28,25,26.15,4975146581.073624,198608652.0,0.0725,-4.84,601267,683105,881507,0.096
1863,AME,Industrials,Specialty Industrial Machinery,NYSE,101.37,68,68,72,66,229.8,51925940802.57205,229203002.0,0.0186,-5.5,1181741,1336600,1190986,0.113
1864,CACC,Financial Services,Credit Services,NASDAQ,101.36,68,60,39,32,569.32,5697705504.245544,10460071.0,0.2875,-1.81,158038,152346,148907,0.127
1865,SNSE,Healthcare,Biotechnology,NASDAQ,101.36,68,97,99,35,12.63,19659435.138090134,1341941.0,0.8643,-65.64,52759,39823,40279,
1866,NBTB,Financial Services,Banks - Regional,NASDAQ,101.33,68,55,45,52,47.21,2413794859.1838684,52010232.0,0.0399,0.3,330163,318977,283830,0.216
1867,MDU,Utilities,Utilities - Regulated Gas,NYSE,101.32,68,75,79,75,20.97,4464368800.207153,209006024.0,0.0646,-8.75,1660691,1874883,1695424,-0.102
1868,CF,Basic Materials,Agricultural Inputs,NYSE,101.32,68,85,92,31,108.58,17435385978.072464,153629274.0,0.0705,-23.51,2711014,2951091,3457182,0.194
1869,URG,Energy,Uranium,NYSE ARCA,101.31,68,88,90,68,1.54,643677603.7546259,397331853.0,0.081099994,-34.47,13143839,10214936,9163159,
1870,KB,Financial Services,Banks - Regional,NYSE,101.3,68,77,85,77,102.25,38274354674.845276,354687734.0,0.0013,-14.59,250129,203096,210735,0.152
1871,CVCO,Consumer Cyclical,Residential Construction,NASDAQ,101.3,68,29,41,76,578.31,4225496685.533142,7683979.0,0.0828,-18.89,130996,143478,142789,0.082
1872,BCML,Financial Services,Banks - Regional,NASDAQ,101.29,68,60,60,74,32.28,346589006.083889,10909317.0,0.0104,-2.62,66038,59476,52923,0.158
1873,NAZ,Financial Services,Asset Management,NYSE,101.26,68,60,68,54,13.31,171009622.5912304,12828929.0,0.0041,-0.82,21264,20034,20836,
1874,GAIN,Financial Services,Asset Management,NASDAQ,101.24,68,75,62,58,15.32,611267208.6408749,39821967.0,0.0159,-10.62,256266,373462,361191,-0.086
1875,UNTY,Financial Services,Banks - Regional,NASDAQ,101.22,68,59,53,76,56.1,553956544.9545593,10040902.0,0.0104,-2.09,72078,47686,52109,0.161
1876,NREF,Real Estate,REIT - Mortgage,NYSE,101.21,68,70,40,58,15.8,300249107.721962,18848029.0,0.045,-2.05,59887,53285,50789,-0.048
1877,LPL,Technology,Consumer Electronics,NYSE,101.21,68,65,49,67,4.62,4860000133.514404,1000000000.0,0.0033000002,-20.75,2156800,1924133,2200508,-0.088
1878,RMNI,Technology,Software - Application,NASDAQ,101.19,68,54,28,77,4.17,384124008.8272095,92560000.0,0.039300002,-22.49,458323,482081,416464,0.012
1879,CZFS,Financial Services,Banks - Regional,NASDAQ,101.18,68,58,46,47,67.51,314098679.5171509,4804936.0,0.008,-2.97,6195,5405,6161,0.136
1880,NP,Financial Services,Insurance Brokers,NYSE,101.18,68,76,30,65,25.15,3526054940.7085667,138330913.0,0.0398,-24.33,742883,865081,665180,0.288
1881,NCPL,Financial Services,Capital Markets,NASDAQ,101.18,68,5,3,7,0.87,7314241.722055376,7847899.0,0.0121,-90.06,4635620,7387576,4537642,-0.382
1882,RVTY,Healthcare,Diagnostics & Research,NYSE,101.16,68,52,32,49,104.13,10974135176.418068,111559773.0,0.1279,-11.98,1609744,1543891,1331126,0.07
1883,ENB,Energy,Oil & Gas Midstream,NYSE,101.15,68,66,77,58,55.54,122963948127.50067,2183696415.0,0.022,-4.98,3997787,4591675,4585169,0.208
1884,CP,Industrials,Railroads,NYSE,101.11,68,62,65,40,90.2,79834135082.63565,887736404.0,0.0138,-1.42,3063631,3108243,2970566,-0.025
1885,BCAL,Financial Services,Banks - Regional,NASDAQ,101.11,68,61,56,77,19.61,619494517.601944,32164824.0,0.025899999,-4.2,149073,163377,175578,-0.082
1886,FTW,Energy,Oil & Gas E&P,NYSE,101.1,68,56,71,47,12.4,342609132.01358414,27652068.0,6.07,-27.91,138998,98682,97363,
1887,ORRF,Financial Services,Banks - Regional,NASDAQ,101.07,67,58,53,71,38.43,740526007.2978363,19647812.0,0.044699997,-5.62,104389,101373,118223,0.054
1888,D,Utilities,Utilities - Regulated Electric,NYSE,101.01,67,54,72,63,66.25,58839386521.62955,879512484.0,0.0368,-3.94,8635477,8449239,6670975,0.231
1889,EPD,Energy,Oil & Gas Midstream,NYSE,101.01,67,73,77,53,37.35,81802628797.6502,2163518271.0,0.0257,-7.02,2754566,3916388,4428123,-0.067
1890,CENTA,Consumer Defensive,Packaged Foods,NASDAQ,101.0,67,60,55,35,36.49,2209374292.4178886,62570779.0,0.028299998,-3.24,289916,314138,295491,0.087
1891,BOOM,Industrials,Conglomerates,NASDAQ,101.0,67,47,15,22,6.81,137959754.49506187,20468807.0,0.042,-25.98,266830,302736,299132,-0.149
1892,DRS,Industrials,Aerospace & Defense,NASDAQ,100.98,67,55,80,26,47.35,12311070722.096642,266762087.0,0.0128999995,-3.97,929407,913339,976145,0.059
1893,TTC,Industrials,Tools & Accessories,NYSE,100.93,67,70,84,36,91.92,8304967572.954758,95229534.0,0.0497,-12.62,1293840,898663,804780,0.081
1894,MPB,Financial Services,Banks - Regional,NASDAQ,100.92,67,59,68,69,33.46,832834809.589325,25344942.0,0.0241,-5.0,113355,126435,158693,0.333
1895,GE,Industrials,Aerospace & Defense,NYSE,100.92,67,58,78,84,330.44,342704109784.0,1044829603.0,0.0137,-5.18,4888050,5402280,5917922,0.247
1896,NMT,Financial Services,Asset Management,NYSE,100.89,67,69,64,51,13.0,133492671.55340195,10252893.0,0.0041,-5.11,15328,23619,21385,0.015
1897,FBLA,Financial Services,Banks - Regional,NASDAQ,100.88,67,65,65,67,14.17,227553763.88697624,16161489.0,0.0382,-0.84,65303,86334,111154,-0.004
1898,CSWC,Financial Services,Asset Management,NASDAQ,100.88,67,67,61,59,23.54,1442286193.5684662,62140726.0,0.0716,-3.64,621487,655092,668959,-0.04
1899,DLX,Industrials,Conglomerates,NYSE,100.86,67,77,90,81,23.21,1060358845.7739067,45784061.0,0.1065,-27.63,398709,513643,447313,0.003
1900,FOX,Communication Services,Entertainment,NASDAQ,100.85,67,67,42,81,60.9,25160756991.007404,420186315.0,0.08,-10.67,1127014,990684,1196942,-0.086
1901,UTMD,Healthcare,Medical Instruments & Supplies,NASDAQ,100.85,67,61,68,37,68.07,215399296.10843658,3184025.0,0.0509,-5.21,7688,9756,11029,-0.102
1902,SNA,Industrials,Tools & Accessories,NYSE,100.85,67,60,70,61,387.26,19672813070.207153,51801916.0,0.071100004,-3.4,267868,321276,355721,0.052
1903,DEA,Real Estate,REIT - Office,NYSE,100.84,67,59,46,34,24.31,1110140020.88097,46449374.0,0.059,-2.53,330443,370437,362178,0.158
1904,CEPU,Utilities,Utilities - Regulated Electric,NYSE,100.83,67,49,79,91,14.82,2195798575.8136883,149986238.0,0.003,-19.9,329604,359814,363314,0.631
1905,AGD,Financial Services,Asset Management,NYSE,100.82,67,71,70,62,12.17,324656045.6108093,26118748.0,0.62,-12.95,121857,108092,107119,-0.042
1906,MMA,Consumer Cyclical,Leisure,NYSE ARCA,100.81,67,12,5,56,0.81,15201552.559256673,26483541.0,0.0238,-73.62,1614568,888332,707331,
1907,AVA,Utilities,Utilities - Diversified,NYSE,100.8,67,51,65,61,42.06,3505522049.2845154,82638430.0,0.048499998,-3.31,950175,693331,617651,-0.076
1908,ICLR,Healthcare,Diagnostics & Research,NASDAQ,100.78,67,21,11,57,151.82,11442986487.585068,76567325.0,0.0433,-28.05,1605416,1264865,1223601,0.124
1909,JWEL,Consumer Cyclical,Internet Retail,NASDAQ,100.76,67,70,74,72,2.41,5370056.037339449,2376131.0,0.0029,-19.67,10193,5317,4624,0.878
1910,GOLF,Consumer Cyclical,Leisure,NYSE,100.74,67,56,81,76,94.28,5269864770.0,58554053.0,0.1266,-10.05,309581,348913,318126,0.071
1911,VLRS,Industrials,Airlines,NYSE,100.74,67,68,74,81,7.46,844186370.546546,114855290.0,0.0279,-30.93,568016,562928,582097,0.136
1912,PPLI,Communication Services,Internet Content & Information,NASDAQ,100.73,67,70,50,46,42.22,3101958639.9531555,74387496.0,0.19,-8.87,1274905,1361438,1204417,-0.122
1913,DPRO,Technology,Computer Hardware,NASDAQ,100.73,67,79,92,94,5.98,228464586.49325752,36495939.0,0.1177,-58.47,3250505,2065041,1909971,0.494
1914,PCAR,Industrials,Farm & Heavy Construction Machinery,NASDAQ,100.73,67,59,72,68,119.69,61407077360.32981,526286229.0,0.0286,-9.24,3256355,2947151,2829443,-0.089
1915,IHS,Real Estate,Real Estate Services,NYSE,100.72,67,70,86,88,8.26,2794369364.214897,336671000.0,0.0041,-7.71,1197841,1193853,1064944,0.059
1916,SSP,Communication Services,Broadcasting,NASDAQ,100.71,67,89,90,96,3.38,312154217.69701195,91540824.0,0.0651,-37.29,558505,660981,622471,-0.014
1917,REPL,Healthcare,Biotechnology,NASDAQ,100.7,67,7,26,79,9.24,781962723.9792681,82572619.0,0.5135,-30.21,9908598,7680432,8927951,
1918,INVE,Industrials,Building Products & Equipment,NASDAQ,100.7,67,83,58,39,3.89,96264915.61458588,24006212.0,0.016900001,-26.6,95915,163955,215179,0.407
1919,GLV,Financial Services,Asset Management,NYSE ARCA,100.69,67,63,70,66,6.33,78553298.77321625,12409684.0,0.0007,-2.47,69158,53109,44149,-0.063
1920,ALV,Consumer Cyclical,Auto Parts,NYSE,100.69,67,54,39,69,126.14,9549567212.508179,74863338.0,0.0616,-4.56,701909,711293,779071,0.068
1921,SD,Energy,Oil & Gas E&P,NYSE,100.67,67,72,87,80,14.84,546759431.281518,36918259.0,0.047,-19.57,332514,351098,364078,0.168
1922,BFST,Financial Services,Banks - Regional,NASDAQ,100.67,67,56,57,70,28.69,929688214.531311,32677968.0,0.0196,-5.38,200023,181441,183754,0.148
1923,ECBK,Financial Services,Banks - Regional,NASDAQ,100.66,67,58,57,67,18.97,158884552.16062546,8753970.0,0.020299999,-5.36,9699,9546,10631,0.444
1924,CPBI,Financial Services,Banks - Regional,NASDAQ,100.65,67,58,71,62,18.75,77797217.5,4205255.0,0.0023999999,0.0,5304,4554,3568,0.175
1925,WELL,Real Estate,REIT - Healthcare Facilities,NYSE,100.64,67,73,82,81,206.77,146074871968.22815,705914450.0,0.03,-6.73,4052497,3615015,3198815,0.383
1926,PRPO,Healthcare,Diagnostics & Research,NASDAQ,100.64,67,95,96,97,23.32,41985367.870903015,1787372.0,0.0044,-30.66,36499,38123,35283,0.229
1927,SHEL,Energy,Oil & Gas Integrated,NYSE,100.61,67,71,83,57,85.43,237102028710.4049,2776370310.0,0.0183,-9.98,7043407,8026562,7928083,0.007
1928,CLH,Industrials,Waste Management,NYSE,100.6,67,75,83,58,287.99,14957012372.450684,52846032.0,0.0207,-9.15,491367,581439,538363,0.019
1929,ALLY,Financial Services,Credit Services,NYSE,100.58,67,63,37,73,43.35,13109991502.055122,306523062.0,0.0385,-8.29,3626617,3096849,3340017,0.197
1930,OKE,Energy,Oil & Gas Midstream,NYSE,100.58,67,68,71,28,87.79,55600399189.0,630032852.0,0.047399998,-8.62,3484074,3960381,4169616,0.196
1931,RDWR,Technology,Software - Infrastructure,NASDAQ,100.58,67,64,61,34,28.27,1175784793.0744743,42082490.0,0.025899999,-11.43,211439,229279,217453,0.107
1932,LIN,Basic Materials,Specialty Chemicals,NASDAQ,100.56,67,64,72,29,515.59,234826195927.05597,462347310.0,0.0153,-1.09,2686847,2260625,2132819,0.082
1933,ESQ,Financial Services,Banks - Regional,NASDAQ,100.56,67,54,77,78,110.78,933836065.1514587,8639431.0,0.1058,-17.83,100096,97515,110553,0.17
1934,JOE,Real Estate,Real Estate - Diversified,NYSE,100.55,67,67,86,82,65.48,3724170380.700577,57409746.0,0.028099999,-10.96,204803,234021,224304,0.051
1935,FIVE,Consumer Cyclical,Specialty Retail,NASDAQ,100.53,67,86,93,91,190.83,10532105572.469208,55295351.0,0.039,-24.16,2111978,1339669,1269159,0.325
1936,RVT,Financial Services,Asset Management,NYSE,100.51,67,74,70,64,17.75,2157273849.9782047,122363809.0,0.0383,-5.99,286979,203463,195691,0.119
1937,USAC,Energy,Oil & Gas Equipment & Services,NYSE,100.51,67,68,75,46,27.66,4037480253.452566,144972359.0,0.036199998,-9.46,172254,191354,178620,0.351
1938,XRN,Real Estate,REIT - Healthcare Facilities,NYSE,100.51,67,47,43,38,37.07,475130417.1947479,13234830.0,0.0477,-7.16,140805,196875,152511,0.101
1939,ACEL,Consumer Cyclical,Gambling,NYSE,100.51,67,52,59,51,12.64,981598408.15382,81392900.0,0.0304,-5.03,254250,312986,309290,0.085
1940,GTES,Industrials,Specialty Industrial Machinery,NYSE,100.5,67,60,56,37,26.4,6510017941.474777,253999928.0,0.045100003,-7.27,2087250,2075503,2085502,0.004
1941,TJX,Consumer Cyclical,Apparel Retail,NYSE,100.49,67,55,74,78,164.87,177537058933.49893,1104704446.0,0.0128,-0.57,6375813,6032707,5242134,0.092
1942,AMRC,Industrials,Engineering & Construction,NYSE,100.49,67,80,83,89,26.93,1506997279.3415298,52951417.0,0.1453,-40.06,644545,645945,609501,0.138
1943,BOH,Financial Services,Banks - Regional,NYSE,100.49,67,66,68,55,77.98,3053195473.2890015,39621017.0,0.0019,-5.75,307022,375724,382356,0.144
1944,MXF,Financial Services,Asset Management,NYSE,100.48,67,70,75,80,21.12,308589385.49918175,14420065.0,0.00090000004,-8.17,44413,56711,56302,0.172
1945,NTST,Real Estate,REIT - Retail,NYSE,100.48,67,69,79,62,20.29,1952478250.1444817,97672750.0,0.3533,-4.74,1386936,1305885,1324609,0.243
1946,STRW,Real Estate,REIT - Healthcare Facilities,NYSE ARCA,100.45,66,70,66,77,13.2,175082993.88781548,13426610.0,0.0076,-5.71,19549,20349,20345,0.071
1947,GTY,Real Estate,REIT - Retail,NYSE,100.45,66,69,77,46,33.19,1994186824.3006096,60466551.0,0.1933,-4.49,395384,397551,407992,0.054
1948,SPAI,Industrials,Aerospace & Defense,NASDAQ,100.44,66,68,79,27,5.22,113609686.38927269,20618817.0,0.0301,-43.01,449073,450307,346914,5.602
1949,FLYW,Technology,Software - Infrastructure,NASDAQ,100.42,66,84,49,65,14.13,1777217424.919815,123417880.0,0.0364,-21.72,2488617,2483772,2092241,0.41
1950,JBSS,Consumer Defensive,Packaged Foods,NASDAQ,100.4,66,66,71,70,76.86,881510893.5585022,11689575.0,0.0454,-9.74,158133,129671,114876,0.08
1951,NMI,Financial Services,Asset Management,NYSE,100.39,66,57,56,55,10.97,122574575.40951729,11276410.0,0.0044,-1.88,16896,24412,30223,0.046
1952,WLKP,Basic Materials,Chemicals,NYSE,100.38,66,69,69,29,23.21,815589641.6876221,35245880.0,0.0054,-2.81,27477,31165,28381,0.286
1953,EFC,Real Estate,REIT - Mortgage,NYSE,100.36,66,61,39,67,13.59,1699083629.1169357,125393624.0,0.0573,-3.75,1102619,1243073,1266655,0.765
1954,HGV,Consumer Cyclical,Resorts & Casinos,NYSE,100.35,66,57,49,59,48.75,3905358764.005581,78515453.0,0.113900006,-9.42,1460351,1065783,958000,0.119
1955,CGEN,Healthcare,Biotechnology,NASDAQ,100.35,66,93,89,43,2.02,198627726.5797062,94584636.0,0.0179,-37.65,568661,568583,546180,-0.047
1956,AEG,Financial Services,Insurance - Diversified,NYSE,100.35,66,66,43,65,8.32,12463209386.530397,1512525453.0,0.0023999999,-5.56,4904011,4334313,5017928,-0.137
1957,LYG,Financial Services,Banks - Regional,NYSE,100.32,66,66,73,86,5.34,77344467837.32748,14565813309.0,0.0005,-15.77,20616004,19098644,20067666,0.115
1958,ABOS,Healthcare,Biotechnology,NASDAQ,100.31,66,88,97,89,2.19,155289303.8881588,72227580.0,0.0347,-39.17,292192,303984,356888,
1959,FLR,Industrials,Engineering & Construction,NYSE,100.28,66,43,53,41,49.48,6642700445.567413,139669896.0,0.0854,-13.95,2552739,3111873,2669207,-0.08
1960,FHN,Financial Services,Banks - Regional,NYSE,100.26,66,60,57,72,24.74,11466766289.65907,474617813.0,0.0002,-6.85,4457384,3700274,4364128,0.097
1961,NSTS,Financial Services,Banks - Regional,NASDAQ,100.23,66,53,55,42,13.72,66313179.130636215,4833322.0,0.0015,-0.87,14297,23042,16215,0.153
1962,SOLV,Healthcare,Medical Instruments & Supplies,NYSE,100.23,66,40,31,66,82.46,14028883789.061096,173174712.0,0.053600002,-6.51,3138774,2155424,1767630,-0.03
1963,KO,Consumer Defensive,Beverages - Non-Alcoholic,NYSE,100.19,66,60,72,60,81.34,341961317025.7878,4302482418.0,0.0113,-1.6,17378803,15739841,14743684,0.121
1964,CASS,Industrials,Specialty Business Services,NASDAQ,100.19,66,61,60,55,48.35,611637006.3719444,12871149.0,0.020299999,-7.82,82003,72797,79122,0.032
1965,EVT,Financial Services,Asset Management,NYSE,100.18,66,64,66,61,26.55,1976874612.7629776,74542782.0,0.64,-3.31,121753,101874,100250,-0.085
1966,STHO,Real Estate,Real Estate Services,NASDAQ,100.17,66,71,49,26,9.07,108859384.23845005,12088771.0,0.0089,-1.95,14686,13825,18997,0.432
1967,CBU,Financial Services,Banks - Regional,NYSE,100.14,66,55,47,51,64.77,3341967943.1292458,52554929.0,0.0529,-4.04,229349,231726,222159,0.095
1968,TITN,Industrials,Industrial Distribution,NASDAQ,100.1,66,69,45,35,20.61,540306498.1733932,23309167.0,0.041199997,-16.22,256381,177353,159192,-0.155
1969,TOMZ,Industrials,Pollution & Treatment Controls,NASDAQ,100.09,66,39,21,23,0.91,22568482.772192955,21700465.0,0.0343,-24.17,354624,674228,757974,0.049
1970,MDAI,Healthcare,Medical Devices,NASDAQ,100.07,66,84,22,17,1.86,60147331.19475424,31823985.0,0.0726,-42.06,898221,930120,735908,-0.405
1971,HPQ,Technology,Computer Hardware,NYSE,100.07,66,35,21,27,24.94,23393490340.427456,914522690.0,0.1526,-15.89,28662282,21614724,19926924,0.09
1972,VABK,Financial Services,Banks - Regional,NASDAQ,100.06,66,61,53,67,43.4,229101174.25,5422513.0,0.0046,-10.66,5743,6157,5840,0.036
1973,PNW,Utilities,Utilities - Regulated Electric,NYSE,100.05,66,61,77,48,102.65,12489549032.092896,121187166.0,0.0849,-2.16,1232045,1273791,1149009,0.114
1974,PSA,Real Estate,REIT - Industrial,NYSE,100.05,66,61,63,33,322.86,54363005954.90454,175545748.0,0.0513,2.98,857452,889600,955142,0.032
1975,JOF,Financial Services,Asset Management,NYSE,100.04,66,71,73,76,11.38,323856405.63681793,28333893.0,0.15,-10.82,79058,69586,96879,0.423
1976,KFY,Industrials,Staffing & Employment Services,NYSE,100.03,66,42,34,43,73.76,3752474116.0053177,51887087.0,0.0511,-6.04,427324,402641,438112,0.073
1977,ATRA,Healthcare,Biotechnology,NASDAQ,100.03,66,78,12,95,9.77,89380906.92742157,9010172.0,0.0864,-48.97,101153,2865804,1746040,-0.995
1978,BFC,Financial Services,Banks - Regional,NASDAQ,100.02,66,65,72,77,143.7,1575015289.2606812,11222854.0,0.0336,-6.08,102300,97163,93528,0.491
1979,VTOL,Energy,Oil & Gas Equipment & Services,NYSE,99.97,66,64,79,60,42.85,1232786076.8900452,29605814.0,0.0251,-14.95,189701,221617,221552,0.109
1980,BLMN,Consumer Cyclical,Restaurants,NASDAQ,99.97,66,75,21,26,7.43,622415864.8570371,85614287.0,0.1046,-30.56,2012422,2668457,2448010,0.01
1981,JMSB,Financial Services,Banks - Regional,NASDAQ,99.96,66,57,58,65,21.81,302283817.73667717,14112223.0,0.0089,-1.31,28519,30979,38617,0.162
1982,CRC,Energy,Oil & Gas E&P,NYSE,99.96,66,77,85,31,58.45,5180294537.889027,88794901.0,0.0498,-18.8,722807,822379,830151,0.067
1983,NLOP,Real Estate,REIT - Office,NYSE,99.95,66,69,55,55,11.88,176731919.2708969,14814075.0,0.044699997,-65.6,96079,138213,158795,-0.709
1984,SWK,Industrials,Tools & Accessories,NYSE,99.95,66,59,41,42,80.12,12200153184.574005,155455564.0,0.0548,-14.19,1221690,1692113,1949006,0.027
1985,RGP,Industrials,Consulting Services,NASDAQ,99.93,66,40,17,27,4.69,155511935.522583,34329344.0,0.070300005,-25.56,352316,319868,332165,-0.166
1986,MAS,Industrials,Building Products & Equipment,NYSE,99.91,66,49,38,32,72.35,14132368515.481415,203607085.0,0.0692,-8.64,2342271,2640177,2925750,0.065
1987,TROW,Financial Services,Asset Management,NASDAQ,99.9,66,60,36,54,105.91,22710117112.217148,214266606.0,0.1358,-10.41,1989753,2048657,2076640,0.053
1988,TFC,Financial Services,Banks - Regional,NYSE,99.9,66,56,52,74,49.43,61297261280.53046,1245879275.0,0.0231,-12.05,9475497,7618565,8237845,0.052
1989,DDS,Consumer Cyclical,Department Stores,NYSE,99.86,66,63,77,90,609.19,9468149814.790527,15617051.0,0.3066,-17.9,134285,122425,108137,0.027
1990,AAP,Consumer Cyclical,Auto Parts,NYSE,99.86,66,61,66,33,60.04,3427302389.3295593,60329208.0,0.3039,-14.23,2196957,2234222,1857499,0.012
1991,HTO,Utilities,Utilities - Regulated Water,NASDAQ,99.84,66,67,77,38,57.64,2402885397.97863,41840247.0,0.1519,-6.84,401266,456158,544405,0.094
1992,LOMA,Basic Materials,Building Materials,NYSE,99.82,66,35,38,84,11.73,1300000498.2646084,116696630.0,0.027,-11.14,536837,449542,407693,0.011
1993,ATIIU,Financial Services,Shell Companies,NASDAQ,99.81,66,54,61,50,11.95,307118801.9657135,25765000.0,0.0,-76.56,4494,2568,1630,
1994,RGS,Consumer Cyclical,Personal Services,NASDAQ,99.81,66,77,37,77,26.99,68166665.55577469,2498778.0,0.024300002,-14.32,5483,8244,8586,-0.08
1995,MIDD,Industrials,Specialty Industrial Machinery,NASDAQ,99.8,66,64,47,56,161.4,7005081534.119141,45214496.0,0.0672,-4.75,561927,629509,600773,0.15
1996,PAG,Consumer Cyclical,Auto & Truck Dealerships,NYSE,99.79,66,57,34,49,180.2,11246290359.697403,65760087.0,0.135,-4.91,271144,302461,276374,-0.011
1997,NSIT,Technology,Electronics & Computer Distribution,NASDAQ,99.78,66,24,21,9,109.8,3354749051.972496,30203917.0,0.0642,-26.1,604970,662513,533088,0.012
1998,IGD,Financial Services,Asset Management,NYSE,99.76,66,63,62,60,6.18,481886631.07008266,78868514.0,0.0094,-3.59,359245,331011,306663,-0.066
1999,ARCO,Consumer Cyclical,Restaurants,NYSE,99.76,66,66,62,48,8.29,1727437027.2192106,210663057.0,0.0278,-14.97,1136337,1269822,1185295,0.129
2000,EVRG,Utilities,Utilities - Regulated Electric,NASDAQ,99.75,66,67,78,66,82.27,19194818817.933083,230513025.0,0.065799996,-3.52,2144836,2133402,1889169,0.05
2001,VG,Energy,Oil & Gas Midstream,NYSE,99.75,66,72,89,4,12.47,31799783257.85369,2484358030.0,0.861,-36.05,11438206,17606028,21047757,0.589
2002,BFRI,Healthcare,Drug Manufacturers - Specialty & Generic,NASDAQ,99.75,66,81,67,32,0.88,11971126.67052555,12803344.0,0.0069,-26.05,145153,222627,186822,0.174
2003,CNR,Energy,Thermal Coal,NYSE,99.73,65,55,83,54,91.27,4710087201.465454,50407610.0,0.0641,-20.5,660779,711539,803321,0.066
2004,RYOJ,Industrials,Consulting Services,NASDAQ,99.73,65,10,23,90,2.81,35804998.898506165,11550000.0,0.00029999999,-75.42,516310,1996613,1199634,-0.343
2005,OPK,Healthcare,Diagnostics & Research,NASDAQ,99.69,65,28,28,30,1.44,1087332891.8467255,755092256.0,0.0771,-10.0,3247532,2847807,2493842,-0.172
2006,HCWB,Healthcare,Biotechnology,NASDAQ,99.68,65,1,1,3,1.18,11672674.465852976,7161150.0,0.62490004,-83.95,1901091,24740170,15682644,1290.807
2007,COFS,Financial Services,Banks - Regional,NASDAQ,99.68,65,58,37,60,32.4,475906622.5825405,14975035.0,0.0126,-8.47,83192,73294,73736,1.35
2008,UNCY,Healthcare,Biotechnology,NASDAQ,99.67,65,87,80,65,7.27,184764188.8770504,26700027.0,0.077800006,-33.91,849550,706096,653670,
2009,NRIX,Healthcare,Biotechnology,NASDAQ,99.66,65,81,71,92,15.64,1513861137.8215685,103405813.0,0.1822,-30.49,3695630,1935186,1610798,-0.661
2010,CAAP,Industrials,Airports & Air Services,NYSE,99.66,65,53,73,85,25.74,4137695684.7145214,163222707.0,0.047199998,-15.61,204251,214827,242342,0.188
2011,TT,Industrials,Building Products & Equipment,NYSE,99.65,65,60,66,46,470.76,100986983303.15067,221055477.0,0.0195,-6.5,1448196,1407242,1335707,0.06
2012,DMLP,Energy,Oil & Gas E&P,NASDAQ,99.64,65,62,71,22,27.53,1326059743.910408,48255450.0,0.0125,-4.91,96322,160214,165312,0.364
2013,VPV,Financial Services,Asset Management,NYSE,99.6,65,63,69,54,11.24,200168166.1911564,17872158.0,0.0046,-0.97,32474,36574,32380,-0.105
2014,EIG,Financial Services,Insurance - Specialty,NYSE,99.6,65,37,35,32,45.76,848843091.8608093,18242921.0,0.1415,-4.49,216373,212424,221294,0.025
2015,NYT,Communication Services,Publishing,NYSE,99.59,65,76,87,79,73.59,12444003854.55082,161862699.0,0.071100004,-15.51,1644420,1903230,1941650,0.121
2016,VNOM,Energy,Oil & Gas Midstream,NASDAQ,99.57,65,74,71,37,45.12,8829014404.090843,194215015.0,0.041100003,-11.75,1764466,1608998,1725641,1.091
2017,OMCL,Healthcare,Health Information Services,NASDAQ,99.57,65,79,44,83,40.69,1955593087.0,45478909.0,0.0715,-26.02,510143,619897,541636,0.149
2018,EA,Communication Services,Electronic Gaming & Multimedia,NASDAQ,99.55,65,59,76,81,202.48,50902551252.0,250751484.0,0.0444,-1.18,2119407,1931932,1810957,0.119
2019,PDSB,Healthcare,Biotechnology,NASDAQ,99.53,65,86,10,12,1.03,56931964.995400906,55815653.0,0.0342,-46.21,1162388,1070602,1127307,
2020,NBHC,Financial Services,Banks - Regional,NYSE,99.52,65,62,55,51,42.68,1889724718.6691666,44790822.0,0.056999996,-2.69,355568,301252,341047,0.337
2021,BIP,Utilities,Utilities - Diversified,NYSE,99.52,65,61,78,65,38.67,17848294800.642048,460007607.0,0.92,-4.09,740330,912153,870954,0.169
2022,RDVT,Technology,Software - Application,NASDAQ,99.52,65,51,27,77,52.87,747208443.242897,14108921.0,0.0587,-17.56,233949,174909,149667,0.174
2023,WSBC,Financial Services,Banks - Regional,NASDAQ,99.51,65,53,60,68,35.59,3307649399.696045,96180560.0,0.0248,-6.59,821652,690157,684244,1.077
2024,BBT,Financial Services,Banks - Regional,NYSE,99.51,65,56,71,61,29.37,2416417752.98534,83816086.0,0.047199998,-10.54,658568,760342,729629,1.418
2025,LAWR,Industrials,Consulting Services,NASDAQ,99.5,65,73,77,85,3.75,172350000.0,45960000.0,0.0179,-22.52,0,0,0,-0.282
2026,CPSS,Financial Services,Credit Services,NASDAQ,99.5,65,65,28,58,9.24,204617474.57187653,21698565.0,0.0162,-11.92,13818,29132,24959,0.079
2027,EQBK,Financial Services,Banks - Regional,NYSE,99.49,65,59,57,70,47.56,962685873.3218689,20640778.0,0.0215,-5.01,85899,83389,97841,0.337
2028,SMP,Consumer Cyclical,Auto Parts,NYSE,99.47,65,55,67,73,39.31,873388424.9786797,22263279.0,0.0403,-14.54,138233,111777,113496,0.091
2029,BPRN,Financial Services,Banks - Regional,NASDAQ,99.47,65,56,60,72,35.82,239888711.3143921,6811150.0,0.0066000004,-5.71,8828,8362,8983,0.038
2030,CCIXU,Financial Services,Shell Companies,NASDAQ,99.47,65,43,44,40,12.0,,,5.0,-4.0,211,70,48,
2031,MTRX,Industrials,Engineering & Construction,NASDAQ,99.47,65,40,28,37,13.29,381495017.8054333,28133850.0,0.0175,-17.5,254045,288651,235955,0.033
2032,CFR,Financial Services,Banks - Regional,NYSE,99.45,65,52,62,53,143.69,8801634477.649658,62797048.0,0.00029999999,-3.54,483470,538583,518708,0.078
2033,WMB,Energy,Oil & Gas Midstream,NYSE,99.44,65,74,82,55,71.59,88006954029.71164,1222998265.0,0.0187,-10.6,6821691,6720433,6384388,0.09
2034,LARK,Financial Services,Banks - Regional,NASDAQ,99.41,65,58,42,74,28.98,174146081.8635559,6097552.0,0.0178,-1.63,15206,8908,7477,0.106
2035,CCBG,Financial Services,Banks - Regional,NASDAQ,99.39,65,68,61,70,45.62,775377886.6694679,17101409.0,0.022,-6.48,77934,70844,83178,0.022
2036,PFBC,Financial Services,Banks - Regional,NASDAQ,99.39,65,57,49,72,99.3,1151392643.792633,11841948.0,0.10479999,-3.64,96893,101921,98152,0.033
2037,TRNO,Real Estate,REIT - Industrial,NYSE,99.36,65,63,56,51,66.93,6800799634.954315,105717386.0,0.1009,-0.92,816804,676751,640234,0.127
2038,CRNC,Technology,Software - Application,NASDAQ,99.31,65,64,17,75,9.91,479442637.975997,45187809.0,0.1358,-27.86,1187150,1221130,989168,-0.177
2039,SATA,Financial Services,Asset Management,NASDAQ,99.3,65,72,71,53,97.2,,,1.03,-4.09,909268,497566,364901,0.882
2040,NIE,Financial Services,Asset Management,NYSE,99.29,65,67,63,63,26.28,731516665.4298687,27708965.0,0.0005,-3.52,69487,67085,70149,
2041,RGC,Healthcare,Drug Manufacturers - Specialty & Generic,NASDAQ,99.28,65,92,99,99,20.31,9884833177.73047,494488909.0,0.014400001,-75.71,94875,98925,128827,
2042,HBIO,Healthcare,Medical Instruments & Supplies,NASDAQ,99.27,65,84,25,70,6.04,27963127.539751053,4510182.0,0.0273,-35.74,25741,29850,47694,-0.047
2043,BAC,Financial Services,Banks - Diversified,NYSE,99.26,65,49,45,75,54.42,382009487737.57556,7096590651.0,0.0,-5.44,42631473,35888341,35668820,0.081
2044,NSC,Industrials,Railroads,NYSE,99.2,65,64,68,73,312.32,70398992355.07599,224594001.0,0.032,-4.2,1275681,1193943,1260434,0.002
2045,HNVR,Financial Services,Banks - Regional,NASDAQ,99.2,65,49,36,60,24.13,168897202.3300495,7156661.0,0.0086,-1.47,92418,49856,33789,0.046
2046,TRC,Industrials,Conglomerates,NYSE,99.2,65,69,73,45,19.43,519338483.62187386,26992645.0,0.0547,-8.82,91676,92438,89593,0.158
2047,AHRT,Real Estate,REIT - Diversified,NYSE,99.12,65,39,26,32,6.85,510420245.1839237,75955396.0,0.0625,-11.15,1111995,991721,912773,0.078
2048,RDDT,Communication Services,Internet Content & Information,NYSE,99.12,65,49,24,83,178.11,33390692400.509033,192509040.0,0.0945,-37.05,5589146,5828065,5020299,0.691
2049,ETO,Financial Services,Asset Management,NYSE,99.1,65,66,62,69,30.1,491644140.0,16388138.0,0.28,-3.71,35178,40479,39673,0.234
2050,ONB,Financial Services,Banks - Regional,NASDAQ,99.08,65,59,46,61,24.28,9257496726.264954,386373000.0,0.0771,-7.22,3219855,2912408,3033851,0.462
2051,ANSCU,Financial Services,Shell Companies,NASDAQ,99.07,65,41,56,46,12.25,,,0.05,2.94,1250,450,286,
2052,JXN,Financial Services,Insurance - Life,NYSE,99.07,65,64,73,76,107.47,7522491240.0078125,69743104.0,0.0573,-13.06,555717,581659,563571,-0.226
2053,MKTW,Financial Services,Financial Data & Stock Exchanges,NASDAQ,99.06,65,72,39,80,17.11,43553061.68544769,2638780.0,0.0121,-21.3,15187,25445,27573,-0.078
2054,TLN,Utilities,Utilities - Independent Power Producers,NASDAQ,99.03,65,70,61,82,358.74,16666796771.679688,45695008.0,0.0574,-20.51,666130,733313,698016,0.967
2055,BCX,Financial Services,Asset Management,NYSE,99.03,65,74,82,72,11.63,887411393.774271,76238090.0,0.0004,-16.09,193734,193084,194784,
2056,RCMT,Industrials,Conglomerates,NASDAQ,99.01,65,87,36,34,24.3,168543465.7866783,7087614.0,0.0423,-25.23,68167,78322,82875,-0.017
2057,OSPN,Technology,Software - Infrastructure,NASDAQ,99.0,65,35,21,19,13.97,524580813.35783005,37072850.0,0.0813,-22.95,619286,575072,529667,0.041
2058,DNUT,Consumer Defensive,Grocery Stores,NASDAQ,98.98,65,56,31,69,3.73,605123998.3558655,172400000.0,0.1823,-34.9,2571252,2502760,2275136,-0.022
2059,ISBA,Financial Services,Banks - Regional,NASDAQ,98.97,65,60,84,93,41.85,303820137.93816376,7202943.0,0.0255,-28.86,36401,27333,35052,0.137
2060,SWX,Utilities,Utilities - Regulated Gas,NYSE,98.96,65,65,75,63,88.02,6421098820.908234,72374873.0,0.0269,-6.79,500374,490048,470022,-0.216
2061,NVS,Healthcare,Drug Manufacturers - General,NYSE,98.95,65,66,83,75,149.12,284611004487.0415,1908091965.0,0.0023,-12.52,2027809,1559569,1533057,-0.007
2062,OLP,Real Estate,REIT - Diversified,NYSE,98.95,65,62,57,26,24.42,524757707.7530823,21819448.0,0.0143,-5.71,54142,51910,57530,0.114
2063,PROV,Financial Services,Banks - Regional,NASDAQ,98.94,64,63,63,60,17.06,105812452.19711876,6253691.0,0.007900001,-2.07,9570,7733,9096,-0.112
2064,WHG,Financial Services,Asset Management,NYSE,98.93,64,38,44,71,17.51,163857384.40325165,9487978.0,0.0148,-7.79,14679,14193,12177,0.074
2065,ITIC,Financial Services,Insurance - Specialty,NASDAQ,98.93,64,34,42,62,247.82,458726390.4246826,1887996.0,0.033,-14.24,34456,28998,26247,0.132
2066,DNP,Financial Services,Asset Management,NYSE,98.93,64,64,68,61,10.74,4043291496.6449356,376821218.0,0.0015,-1.65,779144,677918,672046,0.089
2067,DPG,Financial Services,Asset Management,NYSE,98.93,64,67,78,61,14.16,518141876.0403013,36488865.0,0.0011999999,-6.53,76870,84626,83096,
2068,PKX,Basic Materials,Steel,NYSE,98.92,64,89,69,65,60.38,18629935160.59526,302483116.0,0.003,-34.65,492738,348766,277895,0.025
2069,SMCI,Technology,Computer Hardware,NASDAQ,98.92,64,32,25,17,40.64,25043065223.40329,601418482.0,0.18049999,-34.83,52075324,43300868,38571220,1.227
2070,CLPT,Healthcare,Medical Devices,NASDAQ,98.9,64,31,33,49,13.59,386565477.36609936,29989563.0,0.1549,-54.85,674642,592040,560304,0.429
2071,BWXT,Industrials,Aerospace & Defense,NYSE,98.89,64,77,86,82,188.96,17035743701.96428,91614649.0,0.0402,-21.86,1055270,1015346,996856,0.261
2072,HPK,Energy,Oil & Gas E&P,NASDAQ,98.89,64,40,29,7,7.36,955267259.0097313,126358104.0,0.57,-38.67,786245,833491,889073,-0.207
2073,RVSB,Financial Services,Banks - Regional,NASDAQ,98.87,64,44,47,55,5.75,116396306.4020729,20564719.0,0.026099999,-1.71,44759,41623,38023,-0.922
2074,JRS,Financial Services,Asset Management,NYSE,98.85,64,60,51,37,8.41,238073954.4270382,28892471.0,0.0007,0.36,88191,65150,66260,0.281
2075,MUX,Basic Materials,Other Precious Metals & Mining,NYSE,98.85,64,93,96,94,17.79,1092048831.3802624,59740087.0,0.20629999,-40.1,1002521,1088070,1018418,1.074
2076,MASI,Healthcare,Medical Devices,NASDAQ,98.84,64,76,74,27,179.95,9364640342.082642,52369086.0,0.078200005,0.53,1138028,982609,881375,0.085
2077,FELE,Industrials,Specialty Industrial Machinery,NASDAQ,98.83,64,47,43,51,102.63,4354600678.053223,44182232.0,0.0171,-7.98,287889,273209,292145,0.099
2078,SLDB,Healthcare,Biotechnology,NASDAQ,98.83,64,90,87,69,6.57,659612341.4222279,98449606.0,0.106400006,-25.9,974665,1119441,1065797,
2079,KYN,Financial Services,Asset Management,NYSE,98.82,64,67,78,44,13.89,2376220866.1582317,169126038.0,0.0007,-5.51,386345,411875,453803,0.085
2080,ESS,Real Estate,REIT - Residential,NYSE,98.82,64,52,39,33,284.78,18342227692.102966,64261739.0,0.045,-3.17,503050,503686,468992,0.064
2081,AXTA,Basic Materials,Specialty Chemicals,NYSE,98.81,64,29,33,36,32.85,6887124019.553345,214018768.0,0.0542,-8.03,4387198,2768949,2530653,-0.006
2082,AEP,Utilities,Utilities - Regulated Electric,NASDAQ,98.79,64,67,81,70,127.76,70265723500.38464,544105032.0,0.052600004,-8.38,4518529,4713213,3788849,0.102
2083,ALHC,Healthcare,Healthcare Plans,NASDAQ,98.79,64,42,49,85,19.2,3177498835.8511915,206733823.0,0.1247,-19.56,7361873,6971827,5574998,0.333
2084,BBY,Consumer Cyclical,Specialty Retail,NYSE,98.78,64,24,32,41,75.12,15073133870.877205,210695187.0,0.1017,-11.61,6362234,4509271,4027662,0.019
2085,ARI,Real Estate,REIT - Mortgage,NYSE,98.77,64,66,64,62,11.0,1437800756.0371056,130947251.0,0.053400002,-2.14,1068352,1279290,1351198,0.002
2086,LVO,Communication Services,Internet Content & Information,NASDAQ,98.76,64,33,30,17,6.14,81096882.60305643,13471243.0,0.0171,-33.26,83508,78666,82915,-0.312
2087,OZK,Financial Services,Banks - Regional,NASDAQ,98.75,64,48,38,51,50.72,5414627233.426094,109165875.0,0.1398,-5.48,921408,979509,1058139,0.014
2088,RHI,Industrials,Staffing & Employment Services,NYSE,98.75,64,26,16,11,30.7,3197697615.5531445,102293589.0,0.29,-32.78,1920718,1938209,2421121,-0.038
2089,LNT,Utilities,Utilities - Regulated Electric,NASDAQ,98.74,64,63,75,60,72.37,18820648395.56907,258277037.0,0.0986,-4.47,2509963,2604137,2286748,0.05
2090,GMED,Healthcare,Medical Devices,NYSE,98.74,64,55,78,85,82.52,10859570080.0,135744626.0,0.030299999,-18.62,1712569,1850596,1527643,0.27
2091,RAVE,Consumer Cyclical,Restaurants,NASDAQ,98.73,64,32,34,34,3.15,40787195.66361523,14211567.0,0.0021,-16.0,116553,100747,94930,0.087
2092,GUT,Financial Services,Asset Management,NYSE,98.72,64,62,63,68,6.29,558205547.0889769,89599606.0,0.0082,-0.63,178997,178025,182305,0.219
2093,CSQ,Financial Services,Asset Management,NASDAQ,98.71,64,67,54,63,19.8,3202581500.8329105,160369635.0,0.0001,-4.9,208579,213959,243087,-0.022
2094,VRSN,Technology,Software - Infrastructure,NASDAQ,98.71,64,71,39,35,283.89,26837721221.92383,91000000.0,0.0229,-9.15,822058,790266,859243,0.066
2095,SEM,Healthcare,Medical Care Facilities,NYSE,98.69,64,69,68,60,16.63,2051151878.2960052,124011594.0,0.027999999,-2.12,1170616,1722788,1591485,0.05
2096,XBIO,Healthcare,Biotechnology,NASDAQ,98.69,64,77,42,14,3.08,7079362.843357086,2291056.0,0.0027,-77.89,18894,13988,15206,0.36
2097,NWN,Utilities,Utilities - Regulated Gas,NYSE,98.67,64,66,81,71,49.67,2094759871.1923828,42080352.0,0.0388,-11.29,282725,268838,244405,-0.008
2098,SEG,Real Estate,Real Estate Services,NYSE,98.64,64,45,44,33,24.08,306477732.23695755,12801910.0,0.1041,-15.03,99039,70429,60437,-0.275
2099,KWR,Basic Materials,Specialty Chemicals,NYSE,98.63,64,52,33,55,142.94,2443285048.758545,17366444.0,0.1601,-21.89,136501,156260,165712,0.085
2100,CLST,Financial Services,Banks - Regional,NASDAQ,98.62,64,68,80,79,15.96,64627740.42716217,4051896.0,0.0022,-12.11,3240,5000,7018,0.017
2101,ET,Energy,Oil & Gas Midstream,NYSE,98.6,64,70,71,34,19.06,66724076280.71306,3441159277.0,0.0105,-7.92,8772826,13696305,14855599,0.321
2102,HTH,Financial Services,Financial Conglomerates,NYSE,98.59,64,62,64,65,37.45,2187273399.373005,58530197.0,0.055,-7.32,287501,307740,311464,-0.034
2103,KTB,Consumer Cyclical,Apparel Manufacturing,NYSE,98.59,64,46,52,30,77.18,3872934178.2622147,55272359.0,0.1016,-11.29,744047,825152,729245,0.45
2104,UCB,Financial Services,Banks - Regional,NYSE,98.55,64,55,48,62,33.74,3990352695.8827324,119686643.0,0.042,-8.24,922228,725389,817073,0.144
2105,ADAMN,Real Estate,REIT - Mortgage,NASDAQ,98.53,64,65,63,57,23.51,,,2.12,-1.92,6365,9961,11967,0.107
2106,IFF,Basic Materials,Specialty Chemicals,NYSE,98.49,64,66,53,28,75.78,18639707109.117058,255303473.0,0.0574,-10.27,2408360,2119533,1837324,-0.036
2107,AMC,Communication Services,Entertainment,NYSE,98.48,64,16,6,11,1.94,1349967351.820632,754171721.0,0.0845,-46.11,39126700,30486130,32695476,0.212
2108,HMN,Financial Services,Insurance - Property & Casualty,NYSE,98.47,64,51,42,62,47.67,1896703698.1334229,40381172.0,0.0305,-1.37,233603,219371,209986,0.031
2109,ITT,Industrials,Specialty Industrial Machinery,NYSE,98.46,64,70,77,65,192.02,17199834030.630615,89839824.0,0.0648,-14.76,664348,685639,805243,0.327
2110,MCRP,Technology,Computer Hardware,NYSE ARCA,98.45,64,71,97,11,2.09,78499005.75,34888447.0,0.0063,-54.71,138012,150914,115978,0.8
2111,SG,Consumer Cyclical,Restaurants,NYSE,98.45,64,35,10,8,8.0,881701224.0058308,118827657.0,0.2243,-52.1,6610838,6214079,5374831,-0.029
2112,KNTK,Energy,Oil & Gas Midstream,NYSE,98.45,64,76,68,18,45.55,3326089372.382576,73602334.0,0.1034,-11.57,852658,1039619,1047431,-0.075
2113,BTI,Consumer Defensive,Tobacco,NYSE,98.43,64,68,78,81,59.95,129084771052.86957,2161499806.0,0.0034999999,-10.92,3857501,3939143,4060012,0.001
2114,FCNCA,Financial Services,Banks - Regional,NASDAQ,98.4,64,39,36,63,2100.68,24044130878.94043,11586974.0,0.059499998,-5.89,76005,63198,68763,0.049
2115,FDSB,Financial Services,Banks - Regional,NASDAQ,98.36,64,61,70,64,15.49,79341378.31329346,5264856.0,0.0019,-0.93,24356,12555,10263,0.181
2116,GAM,Financial Services,Asset Management,NYSE,98.35,64,70,70,72,62.48,1508038019.3395386,23986608.0,0.0004,-5.59,31406,28975,27253,-0.221
2117,VTMX,Real Estate,Real Estate - Development,NYSE,98.33,64,70,73,77,33.72,3111902595.6996536,92013679.0,3.29,-9.86,110866,144385,110095,0.143
2118,PPG,Basic Materials,Specialty Chemicals,NYSE,98.33,64,37,42,33,116.36,25366020680.236816,222900000.0,0.038599998,-12.79,1807592,1841654,1926048,0.067
2119,PRK,Financial Services,Banks - Regional,NYSE ARCA,98.32,64,53,45,47,176.0,3131347119.065262,18096089.0,0.0286,-1.94,91743,84337,83234,0.212
2120,BSVN,Financial Services,Banks - Regional,NASDAQ,98.32,64,48,40,52,45.6,429131684.3104248,9519336.0,0.0095,-8.98,12875,11271,11623,0.158
2121,LGIH,Consumer Cyclical,Residential Construction,NASDAQ,98.29,64,24,21,18,53.27,1169745212.2003555,23232279.0,0.214,-23.35,395164,434594,428176,-0.09
2122,KDP,Consumer Defensive,Beverages - Non-Alcoholic,NASDAQ,98.27,63,37,37,37,31.48,41537881583.85205,1360559471.0,0.0495,-12.41,10972763,10398234,11139062,0.094
2123,ARR,Real Estate,REIT - Mortgage,NYSE,98.26,63,69,70,67,17.16,2122429120.4717407,124046116.0,0.0001,-11.13,2814935,3013228,2967257,
2124,LIDR,Technology,Software - Infrastructure,NASDAQ,98.26,63,88,86,95,1.73,83366673.79153728,46314820.0,0.1025,-73.14,1128200,1576380,3379552,0.578
2125,A,Healthcare,Diagnostics & Research,NYSE,98.26,63,29,32,66,135.48,38252583184.89111,282431944.0,0.0222,-15.47,3063364,2506908,2215748,0.1
2126,ASM,Basic Materials,Other Precious Metals & Mining,NYSE ARCA,98.25,63,89,95,98,5.77,1023582801.0642357,175271023.0,0.0295,-51.88,3642265,4299071,4400993,1.093
2127,ASA,Financial Services,Asset Management,NYSE,98.23,63,88,93,94,54.56,1064713432.1182251,18787956.0,0.0015,-34.42,103478,92389,75597,-0.003
2128,ACT,Financial Services,Insurance - Specialty,NASDAQ,98.19,63,63,69,69,41.85,5833915261.358299,139600745.0,0.1463,-6.58,324940,317420,295310,0.017
2129,KOF,Consumer Defensive,Beverages - Non-Alcoholic,NYSE,98.19,63,60,64,63,104.35,22367561328.66925,210083226.0,2.05,-10.32,119757,142085,140115,0.011
2130,ECAT,Financial Services,Asset Management,NYSE,98.18,63,59,46,60,15.33,1527833161.370267,99468307.0,0.0036000002,-10.56,534416,518405,512649,
2131,IVR,Real Estate,REIT - Mortgage,NYSE,98.17,63,66,73,68,7.96,724949725.57861,92823269.0,0.09020001,-16.21,2097234,2361444,2211646,
2132,AREC,Basic Materials,Coking Coal,NASDAQ,98.17,63,80,98,97,2.11,225709372.69826698,106971272.0,0.0853,-70.32,3757765,3308001,3085973,
2133,MSCI,Financial Services,Financial Data & Stock Exchanges,NYSE,98.16,63,59,47,36,607.54,44760925370.33838,72727592.0,0.024400001,-5.76,742795,654201,617785,0.141
2134,BUI,Financial Services,Asset Management,NYSE,98.15,63,60,73,65,27.62,669955211.5963211,24522519.0,0.0028,-10.32,75014,75621,92534,
2135,NVST,Healthcare,Medical Instruments & Supplies,NYSE,98.15,63,59,81,68,24.59,3759015083.3757763,162727923.0,0.078600004,-19.17,2871860,3759850,3122106,0.144
2136,FER,Industrials,Engineering & Construction,NASDAQ,98.14,63,68,73,85,65.81,47852285746.82648,716244387.0,0.0057,-12.01,1752412,1565614,1444894,0.057
2137,CBNK,Financial Services,Banks - Regional,NASDAQ,98.12,63,41,41,36,33.22,531967873.81464005,16288055.0,0.0551,-8.74,65909,63193,68595,0.057
2138,VTR,Real Estate,REIT - Healthcare Facilities,NYSE,98.12,63,71,81,78,82.47,39875639048.420525,486169723.0,0.052600004,-9.43,3585468,4687219,4229303,0.219
2139,LECO,Industrials,Tools & Accessories,NASDAQ,98.11,63,66,75,71,265.45,14361345411.815186,54787110.0,0.0227,-14.37,323977,347155,361381,0.117
2140,SSD,Basic Materials,Lumber & Wood Production,NYSE,98.11,63,47,63,41,193.2,7627456988.903046,41138325.0,0.037,-8.86,305722,317544,307022,0.091
2141,EPR,Real Estate,REIT - Specialty,NYSE,98.1,63,64,68,40,59.02,4388479768.4565735,76507666.0,0.1169,-4.93,661622,676384,708314,0.036
2142,BTO,Financial Services,Asset Management,NYSE,98.1,63,56,46,61,37.77,733418846.4981995,19816776.0,0.2,-5.22,41241,39687,44924,-0.016
2143,NMAI,Financial Services,Asset Management,NYSE,98.1,63,67,64,63,13.54,456594319.2596512,33425646.0,0.0031,-5.84,170015,132088,117447,
2144,GGZ,Financial Services,Asset Management,NYSE,98.1,63,67,75,65,15.63,119622281.44826889,7707621.0,0.0001,-6.96,4917,7539,7663,
2145,ZDGE,Communication Services,Internet Content & Information,NYSE ARCA,98.09,63,53,63,39,3.14,41342811.3150177,13041896.0,0.0064999997,-35.79,75953,64294,67520,0.183
2146,THG,Financial Services,Insurance - Property & Casualty,NYSE,98.08,63,62,47,67,192.43,6759097465.94696,34986787.0,0.0335,-3.59,302827,295632,292323,0.061
2147,CURV,Consumer Cyclical,Apparel Retail,NYSE,98.07,63,35,18,3,1.73,163177497.5766629,99498475.0,0.16549999,-67.3,1255618,633086,559149,-0.076
2148,PRMB,Consumer Defensive,Beverages - Non-Alcoholic,NYSE,98.03,63,71,44,10,23.38,8327833774.746742,362868562.0,0.4355,-25.42,3622423,4199117,4022186,0.008
2149,DSGR,Industrials,Industrial Distribution,NASDAQ,98.03,63,34,16,32,27.46,1266209465.6011772,46195165.0,0.048800003,-18.76,62454,64471,87214,0.038
2150,SEIC,Financial Services,Asset Management,NASDAQ,98.02,63,62,46,40,90.26,10754809293.693604,120272976.0,0.019299999,-3.94,638499,695963,872631,0.128
2151,MGIH,Consumer Cyclical,Packaging & Containers,NASDAQ,98.02,63,35,28,14,1.69,15862499.624490738,11250000.0,0.0041,-65.08,90935,37721,26399,-0.24
2152,IBOC,Financial Services,Banks - Regional,NASDAQ,98.0,63,58,50,65,74.48,4537987395.858307,62181244.0,0.033800002,-1.27,310942,283847,317838,0.054
2153,DE,Industrials,Farm & Heavy Construction Machinery,NYSE,97.99,63,65,79,53,577.33,157492291901.02692,269937425.0,0.0202,-14.37,1725057,1355699,1274817,-0.111
2154,CFFI,Financial Services,Banks - Regional,NASDAQ,97.99,63,53,57,64,76.05,243751718.76576233,3254362.0,0.0097,-6.1,4353,4477,4574,0.104
2155,GSK,Healthcare,Drug Manufacturers - General,NYSE,97.98,63,63,81,82,51.25,103309350260.00055,2005228054.0,0.0068,-16.94,3954998,4032762,3953919,0.015
2156,PAL,Industrials,Integrated Freight & Logistics,NASDAQ,97.98,63,27,18,81,8.01,177450769.1522951,27770074.0,0.044299997,-26.98,325867,375122,381859,-0.016
2157,HALO,Healthcare,Biotechnology,NASDAQ,97.97,63,33,53,54,71.48,8484387745.20874,118613000.0,0.146,-13.06,1764625,1791431,1645075,0.422
2158,IDA,Utilities,Utilities - Regulated Electric,NYSE,97.97,63,67,77,62,140.3,7831399731.988983,55408235.0,0.1103,-6.3,509596,533115,520677,-0.067
2159,JMG,Consumer Cyclical,Specialty Retail,NYSE ARCA,97.96,63,62,76,27,6.61,134265627.71201134,20312500.0,,-31.15,0,0,0,0.324
2160,LSAK,Technology,Software - Infrastructure,NASDAQ,97.96,63,68,70,40,4.9,408104441.1034641,85736223.0,0.0052,-11.55,100665,154315,135351,0.134
2161,JOB,Industrials,Staffing & Employment Services,NYSE ARCA,97.95,63,70,82,28,0.23,25270258.238416225,109870686.0,0.0082,-17.86,202509,295509,279313,-0.205
2162,SUPV,Financial Services,Banks - Regional,NYSE,97.95,63,12,31,86,9.82,888160093.7237463,93985197.0,0.0475,-27.53,916030,861496,781440,0.011
2163,LCNB,Financial Services,Banks - Regional,NASDAQ,97.94,63,48,62,74,17.07,239617833.39246368,14246007.0,0.0050999997,-4.58,21262,20900,22350,-0.006
2164,NRIM,Financial Services,Banks - Regional,NASDAQ,97.94,63,53,47,83,25.22,551670179.8285904,22244766.0,0.023599999,-18.17,102583,107077,117376,0.062
2165,SPNT,Financial Services,Insurance - Reinsurance,NYSE,97.92,63,71,64,83,22.18,2553014982.8902245,117542130.0,0.0294,-8.8,625508,696266,714117,0.065
2166,OPRA,Communication Services,Internet Content & Information,NASDAQ,97.89,63,78,34,17,17.61,1627177417.2223492,89552967.0,0.0668,-16.38,366402,465747,492674,0.232
2167,NNN,Real Estate,REIT - Retail,NYSE,97.88,63,59,71,39,45.99,8553557863.742592,190248177.0,0.059899997,-0.09,1871618,1992339,1803449,0.041
2168,CLDX,Healthcare,Biotechnology,NASDAQ,97.88,63,86,81,74,29.6,2246443166.5131683,78492072.0,0.1078,-17.3,762620,732533,924578,-0.978
2169,LANDO,Real Estate,REIT - Specialty,NASDAQ,97.88,63,63,64,36,20.79,,,2.83,-3.3,17851,13613,14564,-0.018
2170,PH,Industrials,Specialty Industrial Machinery,NYSE,97.84,63,57,78,82,905.53,111251067856.36908,126086389.0,0.0111,-12.51,957916,881332,754979,0.106
2171,IGIC,Financial Services,Insurance - Diversified,NASDAQ,97.81,63,62,46,60,24.9,1092515813.7774353,42659734.0,0.0114,-9.22,62365,58065,51403,-0.026
2172,HEQ,Financial Services,Asset Management,NYSE,97.81,63,63,64,61,11.53,141859705.42391968,12093752.0,0.42,-3.27,30949,40419,43125,
2173,CPAY,Technology,Software - Infrastructure,NYSE,97.78,63,56,45,34,357.84,22709999554.424988,65361919.0,0.0421,-2.61,541317,551262,540521,0.254
2174,AVIR,Healthcare,Biotechnology,NASDAQ,97.77,63,88,95,54,4.36,340115170.75,80027099.0,0.1224,-32.4,281776,331318,321411,
2175,MRKR,Healthcare,Biotechnology,NASDAQ,97.77,63,73,58,56,1.41,23675839.624467015,16673127.0,0.0182,-65.36,67110,63990,96618,
2176,SBS,Utilities,Utilities - Regulated Water,NYSE,97.76,63,79,82,84,5.42,18760458775.431908,3506627871.0,0.0062,-24.28,6378691,5875910,6297936,0.183
2177,POR,Utilities,Utilities - Regulated Electric,NYSE,97.75,63,56,80,74,50.24,5847837314.558014,115730011.0,0.0638,-8.02,1357740,1306066,1251742,-0.053
2178,NI,Utilities,Utilities - Regulated Gas,NYSE,97.72,63,63,77,63,46.33,22346663502.076492,479439245.0,0.0315,-5.41,3274644,4589144,4383172,0.082
2179,HUBB,Industrials,Electrical Equipment & Parts,NYSE,97.72,63,63,73,64,486.47,25196016496.164734,52841777.0,0.0585,-13.98,651884,715571,613881,0.111
2180,REG,Real Estate,REIT - Retail,NASDAQ,97.71,62,59,72,39,79.55,14230282742.306824,183096790.0,0.0291,-2.58,1667992,1555997,1469358,0.1
2181,ALLO,Healthcare,Biotechnology,NASDAQ,97.71,62,92,93,59,1.82,648890573.0341748,345154561.0,0.1356,-59.19,8477855,6925068,10915379,
2182,CZR,Consumer Cyclical,Resorts & Casinos,NASDAQ,97.71,62,76,69,25,29.45,5947852574.6058655,203693576.0,0.1461,-6.74,18773317,8879725,6763527,0.027
2183,CPT,Real Estate,REIT - Residential,NYSE,97.71,62,39,38,33,115.4,11157600958.39975,99090596.0,0.077,-3.03,1311413,1246634,1212844,-0.005
2184,SCL,Basic Materials,Specialty Chemicals,NYSE,97.66,62,38,38,27,52.4,1164739175.7137756,22713323.0,0.0249,-22.94,105865,136261,135507,0.019
2185,AMZN,Consumer Cyclical,Internet Retail,NASDAQ,97.65,62,77,41,47,244.19,2646571621407.843,10757109436.0,0.0106,-12.34,44819526,43952998,44727993,0.166
2186,BIO,Healthcare,Medical Devices,NYSE,97.63,62,26,42,67,297.17,7876473719.367798,26761598.0,0.0,-13.39,433891,470860,387754,0.011
2187,RM,Financial Services,Credit Services,NYSE,97.63,62,49,35,73,36.19,330848652.66010284,9208145.0,0.045100003,-21.33,47959,55976,59421,0.096
2188,RUM,Communication Services,Internet Content & Information,NASDAQ,97.63,62,69,18,20,7.49,1640289182.8502197,216396992.0,0.2214,-31.85,4219105,3591881,3309165,0.074
2189,NRK,Financial Services,Asset Management,NYSE,97.61,62,63,65,50,10.65,913353656.1743393,87235304.0,0.0058999998,-1.11,284843,292317,275120,-0.018
2190,LILA,Communication Services,Telecom Services,NASDAQ,97.61,62,64,61,78,7.72,1522583988.4757996,201400000.0,0.0219,-14.6,531445,432685,353977,-0.001
2191,PM,Consumer Defensive,Tobacco,NYSE,97.61,62,59,70,51,178.49,277875446189.38293,1558558846.0,0.0113,-7.54,4003244,4550301,4701852,0.091
2192,DKS,Consumer Cyclical,Specialty Retail,NYSE,97.58,62,60,41,56,219.58,19227830187.59404,89502537.0,0.133,-7.64,1559656,1235142,1206197,0.627
2193,PNTG,Healthcare,Medical Care Facilities,NASDAQ,97.58,62,73,80,70,32.77,1102479200.639351,34767557.0,0.019199999,-12.71,278098,271372,250603,0.36
2194,INKT,Healthcare,Biotechnology,NASDAQ,97.57,62,53,40,85,11.82,59135140.559866905,4981899.0,0.0505,-84.45,57065,38421,47485,
2195,ETG,Financial Services,Asset Management,NYSE,97.57,62,62,60,72,22.67,1719532639.6460953,76321908.0,0.06,-4.22,124183,161721,150246,0.442
2196,STRT,Consumer Cyclical,Auto Parts,NASDAQ,97.49,62,38,75,89,77.53,323062940.487854,4178799.0,0.075500004,-16.18,87819,97769,107453,-0.045
2197,OLN,Basic Materials,Chemicals,NYSE,97.47,62,80,67,25,24.51,2795051355.536522,113897769.0,0.1166,-19.53,2054471,2035790,2235224,-0.037
2198,FFA,Financial Services,Asset Management,NYSE,97.47,62,62,62,62,22.41,448932393.2603607,19988086.0,0.0007,-3.57,30957,26389,29393,-0.051
2199,ARQT,Healthcare,Biotechnology,NASDAQ,97.46,62,62,79,95,22.79,2655519972.7613754,125083374.0,0.1496,-28.27,1431439,1936393,1598333,0.601
2200,EBF,Industrials,Business Equipment & Supplies,NYSE,97.46,62,62,74,38,20.55,520891424.34020996,25298272.0,0.0535,-8.09,110160,141420,150364,0.04
2201,CBLL,Healthcare,Medical Devices,NASDAQ,97.44,62,79,62,84,18.5,692454275.0,37942700.0,0.0798,-23.96,271050,334690,299442,0.293
2202,UTG,Financial Services,Asset Management,NYSE ARCA,97.41,62,71,75,62,40.14,3748554150.0,91428150.0,0.0011999999,-8.56,230095,223998,215911,-0.056
2203,ADAML,Real Estate,REIT - Mortgage,NASDAQ,97.4,62,64,69,61,24.18,,,0.58,-1.06,8490,7516,9636,0.107
2204,OPXS,Industrials,Aerospace & Defense,NASDAQ,97.4,62,28,83,91,13.41,84701654.94099617,6959873.0,0.0095999995,-24.49,41008,41616,39773,-0.103
2205,NAAS,Consumer Cyclical,Specialty Retail,NASDAQ,97.36,62,21,7,11,3.02,37744834.836856365,12055201.0,0.0061000003,-48.29,4612,7720,7166,-0.353
2206,APT,Industrials,Building Products & Equipment,NYSE ARCA,97.35,62,81,61,32,5.37,52412862.32923508,10216932.0,0.0241,-28.4,77423,150047,102332,0.055
2207,IOSP,Basic Materials,Specialty Chemicals,NASDAQ,97.35,62,36,27,27,82.83,1987232879.476799,24631047.0,0.019199999,-10.1,177847,215735,207041,0.028
2208,CVBF,Financial Services,Banks - Regional,NASDAQ,97.34,62,52,45,56,20.78,3617331518.0,176455196.0,0.0544,-3.26,1295764,1546178,1819386,0.003
2209,EQR,Real Estate,REIT - Residential,NYSE,97.34,62,54,40,31,67.86,25551622014.18457,374712144.0,0.0342,-3.35,3418127,3104362,2823195,0.025
2210,JHX,Basic Materials,Building Materials,NYSE,97.33,62,27,30,23,23.23,13149928271.591022,580314579.0,3.34,-22.13,7705604,7499774,7465138,0.445
2211,DNN,Energy,Uranium,NYSE ARCA,97.33,62,88,95,80,2.95,2742201368.967257,905016962.0,3.2,-33.41,22651948,22597512,24879635,-0.196
2212,MTA,Basic Materials,Other Precious Metals & Mining,NYSE ARCA,97.32,62,85,92,96,6.73,655968187.4577208,93442762.0,1.82,-27.24,636648,500926,461005,0.78
2213,MXE,Financial Services,Asset Management,NYSE,97.31,62,69,74,79,12.92,57862746.671453476,4400209.0,2.49,-9.65,1367,2179,2531,0.285
2214,BGSF,Industrials,Staffing & Employment Services,NYSE,97.31,62,79,94,67,5.08,55733467.9557085,10717975.0,0.003,-38.2,10040,12520,14062,-0.0
2215,ORCL,Technology,Software - Infrastructure,NYSE,97.3,62,56,25,27,205.81,614553488215.21,2876046000.0,0.0212,-40.47,27262052,23106794,26280294,0.217
2216,VFC,Consumer Cyclical,Apparel Manufacturing,NYSE,97.3,62,70,48,81,17.01,6499459465.729313,391769705.0,0.1031,-23.62,7028776,8136568,7527005,0.01
2217,OLMA,Healthcare,Biotechnology,NASDAQ,97.29,62,93,96,99,10.45,900552462.6624575,87347471.0,0.1612,-71.18,1524306,1228378,1091979,
2218,HSIC,Healthcare,Medical Distribution,NASDAQ,97.28,62,33,59,63,80.03,8822852482.003647,113916757.0,0.090500005,-10.37,1521623,1709417,1420838,0.063
2219,MTDR,Energy,Oil & Gas E&P,NYSE,97.28,62,79,81,26,53.73,6652227582.493813,124178227.0,0.08939999,-19.61,1673129,1723113,1723935,-0.064
2220,NWE,Utilities,Utilities - Regulated Electric,NASDAQ,97.28,62,69,77,80,65.68,4334469962.603027,61508016.0,0.047199998,-12.64,649722,498457,499788,0.066
2221,DGX,Healthcare,Diagnostics & Research,NYSE,97.27,62,46,72,60,204.53,22171387021.208878,110696429.0,0.0337,-4.2,739690,796420,894742,0.092
2222,CEPT,Financial Services,Shell Companies,NASDAQ,97.27,62,58,51,41,12.12,371241210.4988098,30580000.0,0.020499999,-13.74,706152,752804,641806,
2223,FRME,Financial Services,Banks - Regional,NASDAQ,97.27,62,53,42,44,40.62,2516498067.363014,63022741.0,0.021300001,-6.02,312737,312072,336281,-0.025
2224,TOON,Communication Services,Entertainment,NYSE ARCA,97.27,62,32,20,60,0.75,43410621.5634774,59142534.0,0.0156,-16.67,3320100,1324980,906270,-0.238
2225,SMHI,Industrials,Marine Shipping,NYSE,97.26,62,69,71,69,7.45,198907733.36914015,27062277.0,0.0327,-8.81,89658,76919,77121,-0.202
2226,MNR,Energy,Oil & Gas E&P,NYSE,97.25,62,69,71,25,13.36,2243483330.8350935,166801737.0,0.030199999,-14.36,358789,499163,833117,0.438
2227,ZWS,Industrials,Pollution & Treatment Controls,NYSE,97.23,62,65,71,75,48.32,7936478761.525513,167542304.0,0.0379,-10.12,852607,854585,1055161,0.114
2228,CRESY,Industrials,Conglomerates,NASDAQ,97.23,62,39,76,77,11.43,774503145.731163,70925196.0,0.0324,-19.56,273287,273185,267017,0.05
2229,RGCO,Utilities,Utilities - Regulated Gas,NASDAQ,97.22,62,60,56,66,23.33,238636090.25601196,10407156.0,0.0082,-4.78,8624,10434,10532,0.247
2230,GDV,Financial Services,Asset Management,NYSE,97.22,62,64,67,64,28.54,2498340678.603508,87446297.0,0.0004,-3.52,140177,134222,119327,0.142
2231,FMNB,Financial Services,Banks - Regional,NASDAQ,97.21,62,57,37,56,14.39,840261123.1423883,59215021.0,0.013099999,-7.16,354484,313988,322832,0.277
2232,BXP,Real Estate,REIT - Office,NYSE,97.21,62,30,22,40,66.61,9940226073.041824,159477391.0,0.0926,-16.03,1442702,1540254,1723128,0.006
2233,SPKLU,Financial Services,Shell Companies,NASDAQ,97.2,62,53,67,47,12.4,,,32.85,-20.0,414,321,198,
2234,PETZ,Consumer Cyclical,Restaurants,NASDAQ,97.19,62,35,62,29,1.22,12181455.698523045,10323268.0,0.0007,-27.38,30419,830073,499133,0.446
2235,SBR,Energy,Oil & Gas Midstream,NYSE,97.19,62,64,70,54,76.69,1133689898.344841,14579345.0,0.0021,-9.12,37780,40430,39500,-0.302
2236,XERS,Healthcare,Drug Manufacturers - Specialty & Generic,NASDAQ,97.17,62,31,40,85,6.5,1066927870.2640271,172642055.0,0.074099995,-35.52,1476222,1634410,1577678,0.383
2237,MEGI,Financial Services,Asset Management,NYSE,97.17,62,63,74,57,14.94,784356321.4963531,52047534.0,0.63,-5.98,143104,148794,152714,
2238,TBLD,Financial Services,Asset Management,NASDAQ,97.16,62,64,73,65,21.52,698743433.7688808,32081883.0,0.26,-6.52,44641,58450,62608,
2239,APO,Financial Services,Asset Management,NYSE,97.15,62,37,22,52,132.7,73811536485.63327,576517513.0,0.057800002,-15.63,3469779,3437989,3836991,-0.092
2240,EMN,Basic Materials,Specialty Chemicals,NYSE,97.14,61,58,46,24,72.93,8214900707.637939,114349960.0,0.0596,-12.63,1039305,1182951,1255821,-0.049
2241,SGMT,Healthcare,Biotechnology,NASDAQ,97.14,61,83,35,69,6.52,417442229.45386696,61751807.0,0.0694,-42.86,671828,1041349,1752703,
2242,WAFU,Consumer Defensive,Education & Training Services,NASDAQ,97.14,61,50,59,48,1.74,7145105.601031184,4410559.0,0.0113,-48.67,18045,14958,12577,0.093
2243,RGT,Financial Services,Asset Management,NYSE,97.12,61,67,73,63,14.14,92011188.04423523,6562852.0,0.0011,-5.67,10095,12108,14695,
2244,RTO,Industrials,Specialty Business Services,NYSE,97.11,61,74,83,76,30.19,14946465300.847736,503247977.0,0.0066000004,-12.92,1024240,904133,961704,0.058
2245,NWG,Financial Services,Banks - Regional,NYSE,97.07,61,59,60,84,16.05,62869451231.904045,3981599201.0,0.0002,-17.1,3680270,3745160,3652062,0.075
2246,ADNT,Consumer Cyclical,Auto Parts,NYSE,97.07,61,57,66,37,21.97,1730583427.1601334,78413387.0,0.089899994,-19.58,998593,987384,919792,0.07
2247,INVH,Real Estate,REIT - Residential,NYSE,97.07,61,45,31,25,29.8,17845020902.101654,594041956.0,0.039100002,-12.99,5727148,5616969,5410645,0.092
2248,SPRU,Technology,Solar,NYSE,97.05,61,82,92,97,3.0,47576485.423350334,18369300.0,0.0495,-55.56,55105,50355,52115,-0.017
2249,PKG,Consumer Cyclical,Packaging & Containers,NYSE,97.05,61,57,66,42,227.33,19852961177.11798,89098647.0,0.0525,-8.89,648831,704700,764758,0.106
2250,BACCU,Financial Services,Shell Companies,NASDAQ,97.04,61,47,49,59,11.3,,,0.03,-3.83,1550,550,5882,
2251,UTF,Financial Services,Asset Management,NYSE,97.03,61,61,67,43,26.94,3035644145.197832,111810099.0,0.0007,-1.5,320888,293102,312013,
2252,PAAS,Basic Materials,Gold,NYSE,97.0,61,90,92,92,46.13,20047833771.514893,421350000.0,0.7,-34.09,4626883,5211581,4946690,0.493
2253,PMTS,Financial Services,Credit Services,NASDAQ,96.99,61,59,23,20,18.48,195659107.6448059,11475608.0,0.0364,-27.53,56143,49184,47642,0.198
2254,AEO,Consumer Cyclical,Apparel Retail,NYSE,96.99,61,39,75,94,17.57,2754905684.013815,167573333.0,0.1237,-38.26,7607514,5531178,5301198,0.097
2255,GLO,Financial Services,Asset Management,NYSE ARCA,96.98,61,66,70,66,5.82,252748365.4943924,42766222.0,0.0011,-4.59,140208,168326,142437,-0.186
2256,CCAQU,Financial Services,Shell Companies,NASDAQ,96.98,61,46,55,48,11.3,,,,-11.86,1591,530,318,
2257,FTDR,Consumer Cyclical,Personal Services,NASDAQ,96.97,61,69,79,47,65.87,4469750393.212006,70234922.0,0.053000003,-6.92,518323,568314,579590,0.059
2258,RMBI,Financial Services,Banks - Regional,NASDAQ,96.95,61,56,48,57,14.76,143666095.2262087,9779857.0,0.020599999,-7.95,53472,50274,43584,0.127
2259,IBCP,Financial Services,Banks - Regional,NASDAQ,96.94,61,52,59,66,35.21,712560946.7910004,20606157.0,0.0304,-10.11,121646,147835,155743,0.097
2260,KMI,Energy,Oil & Gas Midstream,NYSE,96.89,61,68,82,42,31.34,70482480660.72293,2224825757.0,0.0223,-9.97,9402131,10114670,11136176,0.138
2261,RNGR,Energy,Oil & Gas Equipment & Services,NYSE,96.89,61,70,79,43,15.65,366641850.14147186,23761623.0,0.0139,-16.82,198944,262161,246760,0.177
2262,FIEE,Technology,Communication Equipment,NASDAQ,96.89,61,96,99,99,4.03,37611115.87863922,8528598.0,0.0023999999,-49.31,14992,9370,11378,16974.912
2263,MGY,Energy,Oil & Gas E&P,NYSE,96.88,61,72,84,31,27.28,5087917018.921217,184947909.0,0.1455,-16.73,2144234,2306468,2266544,0.023
2264,TCBX,Financial Services,Banks - Regional,NYSE,96.86,61,39,58,68,40.0,650575088.7195053,16592071.0,0.0253,-8.76,79942,80080,84564,0.256
2265,SONO,Technology,Consumer Electronics,NASDAQ,96.86,61,61,41,87,15.38,1796460349.5912037,119128671.0,0.13069999,-22.4,1512606,1701775,1455045,0.084
2266,VS,Technology,Software - Application,NASDAQ,96.85,61,22,15,10,1.46,7254482.053492069,4901677.0,0.0070999996,-48.41,70553,50744,121664,-0.913
2267,ACU,Consumer Defensive,Household & Personal Products,NYSE ARCA,96.85,61,49,71,48,44.02,166626997.32575607,3810359.0,0.0287,-6.95,13623,19794,20038,0.138
2268,EXG,Financial Services,Asset Management,NYSE,96.85,61,60,63,67,9.47,2854383099.2389336,305936026.0,0.63,-3.17,475895,461888,492025,
2269,TXT,Industrials,Aerospace & Defense,NYSE,96.84,61,60,72,65,93.29,15837808707.880234,173888981.0,0.035,-8.15,1368449,1404219,1278179,0.118
2270,GLRE,Financial Services,Insurance - Reinsurance,NASDAQ,96.78,61,80,73,58,15.47,515074928.5836029,33166448.0,0.014099999,-20.22,169141,191640,206786,-0.069
2271,AUDC,Technology,Communication Equipment,NASDAQ,96.76,61,52,34,31,9.52,244609221.80119514,25453614.0,0.0034999999,-17.22,127498,134799,110401,0.029
2272,MBINL,Financial Services,Banks - Regional,NASDAQ,96.75,61,59,65,41,24.93,,,0.49,-1.62,21167,23472,27301,0.158
2273,AVK,Financial Services,Asset Management,NYSE,96.74,61,63,58,62,12.67,561572060.908987,44148746.0,0.0002,-4.59,167663,150981,156532,0.081
2274,CAPL,Energy,Oil & Gas Refining & Marketing,NYSE,96.73,61,64,64,44,22.02,843210729.6547222,38154331.0,0.0025,-5.66,52242,54367,45966,-0.02
2275,MDLZ,Consumer Defensive,Confectioners,NASDAQ,96.71,61,48,38,25,62.93,79637632657.85646,1283649766.0,0.03,-11.55,7740792,7690390,7735696,0.082
2276,GHC,Consumer Defensive,Education & Training Services,NYSE,96.71,61,54,54,65,1141.3,4877901968.704102,4307084.0,0.0544,-6.81,13853,15811,17172,0.06
2277,BMY,Healthcare,Drug Manufacturers - General,NYSE,96.7,61,63,76,64,56.48,116949421250.47603,2042071247.0,0.018,-10.19,13825969,11479226,10750143,0.026
2278,POLEU,Financial Services,Shell Companies,NASDAQ,96.68,61,37,66,50,11.99,,,16.75,-2.2,110,144,86,
2279,THW,Financial Services,Asset Management,NYSE,96.67,61,70,66,73,12.17,502126065.5826616,40363833.0,0.0033000002,-7.73,107968,94846,94977,
2280,BPYPO,Real Estate,Real Estate Services,NASDAQ,96.67,61,61,67,51,15.08,,,0.17,-7.25,6421,8247,13110,-0.028
2281,BYD,Consumer Cyclical,Resorts & Casinos,NYSE,96.67,61,50,60,67,87.77,6531391011.873871,74330156.0,0.0594,-2.43,1286096,1061442,1004959,0.006
2282,THQ,Financial Services,Asset Management,NYSE,96.66,61,62,53,64,18.57,756233918.75,41437475.0,0.0070999996,-8.93,150777,126752,132969,
2283,AFRI,Consumer Defensive,Farm Products,NASDAQ,96.65,61,65,64,80,9.93,263706103.4998846,26963815.0,0.0337,-13.05,9665,17185,13757,-0.222
2284,ASGI,Financial Services,Asset Management,NYSE,96.64,61,71,79,76,22.05,717193206.6503525,31622275.0,2.81,-15.03,194926,149788,140839,
2285,AFL,Financial Services,Insurance - Life,NYSE,96.6,61,54,56,58,115.61,60182373961.65094,508984904.0,0.0219,-3.51,3050192,2489467,2310154,0.279
2286,SVACU,Financial Services,Shell Companies,NASDAQ,96.59,61,48,59,54,11.28,301067041.9827461,26666700.0,0.74,-16.44,560,616,492,
2287,OTTR,Industrials,Conglomerates,NASDAQ,96.57,61,58,66,60,89.23,3642964554.5619965,41984150.0,0.1893,-3.26,236410,243246,263920,0.029
2288,ALGN,Healthcare,Medical Instruments & Supplies,NASDAQ,96.56,61,42,57,50,178.1,12013225016.390121,71618127.0,0.0784,-14.5,1056892,1032607,1005312,0.062
2289,NIC,Financial Services,Banks - Regional,NYSE,96.56,61,59,78,63,147.31,2917461492.457733,21251905.0,0.028099999,-9.69,214029,165866,169913,0.465
2290,BPYPP,Real Estate,Real Estate Services,NASDAQ,96.55,61,58,68,43,15.44,,,0.88,-7.71,16013,27957,23224,-0.028
2291,HSTM,Healthcare,Health Information Services,NASDAQ,96.55,61,40,22,22,26.0,737391338.4331741,29215188.0,0.056700002,-12.25,238845,272045,239073,0.105
2292,EVTV,Consumer Cyclical,Auto Manufacturers,NASDAQ,96.54,61,66,24,6,1.68,23145986.516732216,12930719.0,0.0791,-66.86,688257,707205,548001,2.808
2293,WETH,Technology,Electronic Components,NASDAQ,96.53,61,79,65,83,1.46,15749625.505833864,11931534.0,0.00029999999,-60.33,128576,112778,96813,0.067
2294,DXCM,Healthcare,Medical Devices,NASDAQ,96.53,61,25,33,25,78.19,28114705339.738174,385872977.0,0.052399997,-13.1,5824723,6785451,5663754,0.15
2295,FLWS,Consumer Cyclical,Specialty Retail,NASDAQ,96.52,61,41,15,17,4.32,278187426.0006523,64098483.0,0.39419997,-48.82,417842,706244,892986,-0.116
2296,HTD,Financial Services,Asset Management,NYSE,96.51,61,60,69,57,25.48,892882017.0323372,35431825.0,0.0021,-2.79,75753,61197,59600,0.111
2297,GNTX,Consumer Cyclical,Auto Parts,NASDAQ,96.51,61,37,32,30,24.84,5245003837.523697,212951848.0,0.057800002,-15.45,2100337,2055775,2101225,0.171
2298,IFBD,Technology,Software - Application,NASDAQ,96.49,61,24,37,15,1.12,7533489.136661589,8188575.0,0.0089,-20.0,459650,155036,94920,2.712
2299,TDY,Technology,Scientific & Technical Instruments,NYSE,96.48,60,64,81,44,619.26,27902650848.125977,46329138.0,0.0376,-10.69,344918,305606,329527,0.076
2300,MHO,Consumer Cyclical,Residential Construction,NYSE,96.47,60,41,49,48,140.78,3538679661.482086,25767710.0,0.061,-11.41,203404,207744,225496,-0.057
2301,ETW,Financial Services,Asset Management,NYSE,96.46,60,61,63,65,9.34,1008873427.7973232,108597786.0,0.23,-2.71,268774,250241,281514,0.046
2302,CAVA,Consumer Cyclical,Restaurants,NYSE,96.45,60,68,84,13,76.28,8456001767.875,116473856.0,0.1225,-22.79,2676789,3224936,2936113,0.321
2303,CVI,Energy,Oil & Gas Refining & Marketing,NYSE,96.44,60,82,66,76,31.38,3332589510.2475204,100530599.0,0.2041,-24.69,671738,841786,932079,0.203
2304,DEI,Real Estate,REIT - Office,NYSE,96.43,60,49,20,16,12.63,2043320225.4547205,167485267.0,0.2789,-25.66,3150589,2828629,2554745,-0.002
2305,GRBK,Consumer Cyclical,Residential Construction,NYSE,96.42,60,35,49,48,71.44,2968776517.786621,43144552.0,0.0001,-11.77,244970,234936,226790,-0.049
2306,RCAT,Industrials,Aerospace & Defense,NASDAQ,96.4,60,74,96,37,11.49,1905410420.6184464,150268957.0,0.2101,-38.82,26050840,15529436,14125772,8.491
2307,MP,Basic Materials,Other Industrial Metals & Mining,NYSE,96.4,60,85,88,90,54.3,10535353731.968063,178022198.0,0.16780001,-45.84,6331256,6853578,6478665,1.186
2308,AFB,Financial Services,Asset Management,NYSE,96.39,60,57,57,47,11.24,319356229.0912094,28744936.0,0.74,-0.79,116188,113892,114999,0.071
2309,CUBE,Real Estate,REIT - Industrial,NYSE,96.38,60,58,50,27,41.69,9126733736.231804,226413630.0,0.0336,-5.53,2348609,2237963,2199119,0.033
2310,AWR,Utilities,Utilities - Regulated Water,NYSE,96.38,60,52,54,40,79.18,3071528323.2558365,39192653.0,0.0327,-2.54,277171,279297,320072,0.143
2311,USFD,Consumer Defensive,Food Distribution,NYSE,96.36,60,52,83,54,89.25,18632954448.57263,220221656.0,0.040799998,-12.61,2774831,2767043,2455666,0.028
2312,LANDP,Real Estate,REIT - Specialty,NASDAQ,96.34,60,62,64,35,20.42,,,0.23,-3.59,25850,22613,25704,-0.018
2313,CTRE,Real Estate,REIT - Healthcare Facilities,NYSE,96.33,60,72,82,77,37.7,8970042011.329193,236240235.0,0.0361,-12.49,2476474,2408928,2291106,0.032
2314,ATHE,Healthcare,Biotechnology,NASDAQ,96.32,60,73,36,23,4.29,70690208.32860088,18125694.0,5.0193,-38.71,175409,75013,55157,0.746
2315,JPM,Financial Services,Banks - Diversified,NYSE,96.32,60,48,53,75,312.7,836998968557.1082,2679511418.0,0.0101,-7.28,9101826,8361835,8483681,0.127
2316,FTS,Utilities,Utilities - Regulated Electric,NYSE,96.32,60,61,79,67,55.78,28460535197.375298,509132995.0,26.73,-5.1,779144,696918,740584,0.019
2317,OPBK,Financial Services,Banks - Regional,NASDAQ,96.31,60,57,43,64,14.24,210157707.17646885,14894239.0,0.0088,-6.75,28094,31521,34136,0.123
2318,MARPS,Energy,Oil & Gas Midstream,NASDAQ,96.28,60,71,82,38,4.7,9079999.923706055,2000000.0,0.005,-40.51,10618,9196,17183,-0.311
2319,BSBK,Financial Services,Banks - Regional,NASDAQ,96.28,60,51,56,39,8.95,114789795.92285156,12854400.0,0.0045,-5.79,28987,20735,15621,0.03
2320,JCE,Financial Services,Asset Management,NYSE,96.27,60,62,57,61,16.18,274253181.87078476,17002678.0,0.0004,-3.17,53145,35965,40669,
2321,SGU,Energy,Oil & Gas Refining & Marketing,NYSE,96.27,60,60,64,49,12.74,416662595.9923334,32833933.0,0.0018000001,-5.84,20601,23517,20930,0.032
2322,RCI,Communication Services,Telecom Services,NYSE,96.26,60,61,79,72,37.56,20328677788.16285,540225278.0,8.68,-8.7,1239753,1048044,1348312,0.102
2323,PDX,Financial Services,Asset Management,NYSE,96.25,60,64,64,27,21.13,950022623.75,44706947.0,0.62,-16.45,92880,90496,107684,
2324,EMO,Financial Services,Asset Management,NYSE,96.24,60,65,78,41,50.06,1005935119.4261131,20014627.0,0.0002,-8.82,55053,57321,55732,
2325,CNP,Utilities,Utilities - Regulated Electric,NYSE,96.24,60,59,79,62,42.39,27926494202.83493,654169480.0,0.072,-4.68,5392607,5298195,4940497,0.019
2326,CBFV,Financial Services,Banks - Regional,NASDAQ,96.24,60,57,65,76,34.71,173128218.8481331,5072611.0,0.020299999,-8.05,4882,3854,3854,0.202
2327,FAF,Financial Services,Insurance - Specialty,NYSE,96.23,60,61,61,52,66.42,6829337657.928467,101900000.0,0.048899997,-7.07,1067331,891673,919468,0.162
2328,AGNC,Real Estate,REIT - Mortgage,NASDAQ,96.23,60,68,69,69,10.31,11674440783.820053,1147929272.0,0.08140001,-15.42,13629922,14536140,14878568,
2329,LILAK,Communication Services,Telecom Services,NASDAQ,96.22,60,65,64,78,7.74,1532654026.889801,201400000.0,0.0304,-15.22,907829,830936,765639,-0.001
2330,MMI,Real Estate,Real Estate Services,NYSE,96.2,60,57,29,23,30.57,1138436435.2278748,37821808.0,0.066,-9.07,247365,267388,233797,0.182
2331,USCB,Financial Services,Banks - Regional,NASDAQ,96.18,60,49,57,67,19.07,343178697.72109985,18263900.0,0.0121,-8.25,35754,69338,58132,0.147
2332,PFGC,Consumer Defensive,Food Distribution,NYSE,96.18,60,48,44,51,99.76,15256566760.580162,157089851.0,0.055999998,-8.52,1455668,1777332,1763739,0.064
2333,NEWTP,Financial Services,Banks - Regional,NASDAQ,96.18,60,55,59,38,24.9,,,0.69,0.08,4165,4848,4167,0.107
2334,BN,Financial Services,Asset Management,NYSE,96.18,60,54,38,66,45.51,99618363027.8035,2233595660.0,2.81,-8.19,4455541,5174330,5406842,0.079
2335,AM,Energy,Oil & Gas Midstream,NYSE,96.18,60,69,85,59,21.26,10221569817.428589,474980000.0,0.0317,-10.8,1901435,2331331,2436441,0.086
2336,OXM,Consumer Cyclical,Apparel Manufacturing,NYSE,96.18,60,60,38,17,43.16,657424118.3642082,14900819.0,0.3502,-23.39,370937,312305,316521,-0.041
2337,TATT,Industrials,Aerospace & Defense,NASDAQ,96.15,60,26,93,82,43.33,571387837.5782356,12983137.0,0.051999997,-32.82,256277,204285,216559,-0.024
2338,DLR,Real Estate,REIT - Specialty,NYSE,96.14,60,69,72,30,184.93,65639137456.00632,351406070.0,0.0,-11.15,2164899,2028923,2086779,0.167
2339,NAMS,Healthcare,Biotechnology,NASDAQ,96.12,60,84,64,90,30.38,3684813471.5943947,116903979.0,0.0717,-28.02,1403935,1534248,1283651,0.021
2340,BPYPN,Real Estate,Real Estate Services,NASDAQ,96.11,60,60,66,56,13.64,,,0.86,-8.33,16200,16290,19274,-0.028
2341,LGI,Financial Services,Asset Management,NYSE,96.11,60,58,68,64,18.04,236184892.33595657,13012942.0,0.0043,-9.26,33302,39474,45594,0.112
2342,CZNC,Financial Services,Banks - Regional,NASDAQ,96.11,60,55,69,70,21.63,382519117.93463516,17916586.0,0.015800001,-10.32,44892,43484,40226,-0.138
2343,SAFE,Real Estate,REIT - Diversified,NYSE,96.08,60,56,41,21,15.83,1108522798.1795425,71610002.0,0.074,-7.75,322234,354034,365010,0.119
2344,RQI,Financial Services,Asset Management,NYSE,96.08,60,65,68,35,12.73,1818857360.8329325,134431441.0,0.0023999999,-6.19,618637,395769,365229,-0.052
2345,SNFCA,Financial Services,Insurance - Life,NASDAQ,96.08,60,57,35,34,9.54,251005229.97939873,26037886.0,0.0106,-4.6,32729,29846,30787,-0.036
2346,GTLS,Industrials,Specialty Industrial Machinery,NYSE,96.06,60,58,76,73,207.29,9923738028.692139,47869076.0,0.0949,-0.71,1075015,1090411,1260835,-0.117
2347,RIBBU,Financial Services,Shell Companies,NASDAQ,96.06,60,42,72,48,11.89,67676200.24681091,6470000.0,2.0,-6.38,330,273,168,
2348,SMC,Energy,Oil & Gas Midstream,NYSE,96.04,60,67,69,35,29.3,403100869.6957855,13814286.0,0.0153,-12.54,70473,69357,58424,0.049
2349,HVT,Consumer Cyclical,Home Improvement Retail,NYSE,96.01,60,36,46,71,23.33,364237824.8822422,16095353.0,0.0002,-15.68,77776,90768,95679,0.041
2350,ASTE,Industrials,Farm & Heavy Construction Machinery,NASDAQ,96.01,60,65,80,69,51.7,1154919794.3748093,22992630.0,0.0269,-21.3,184964,236778,209034,0.203
2351,CSIQ,Technology,Solar,NASDAQ,96.0,60,76,87,95,16.12,1163734973.4919891,67816724.0,0.314,-53.4,3034434,3406121,2987934,-0.2
2352,LFMDP,Healthcare,Health Information Services,NASDAQ,95.99,60,58,56,39,23.93,,,1.35,-1.68,1871,1653,2088,-0.014
2353,DRDBU,Financial Services,Shell Companies,NASDAQ,95.99,60,38,48,51,11.49,297067047.1552849,26666700.0,0.0,-5.82,800,276,178,
2354,BLD,Industrials,Engineering & Construction,NYSE,95.98,60,43,47,78,409.0,11309048108.976929,28144562.0,0.0838,-26.89,897552,816140,820852,0.172
2355,OMDA,Healthcare,Health Information Services,NASDAQ,95.96,60,33,26,14,18.32,1065911748.6522446,59448507.0,0.1043,-31.93,1114848,1186342,1014197,0.42
2356,BME,Financial Services,Asset Management,NYSE,95.96,60,53,66,70,40.48,516188656.07144547,12924103.0,0.0043,-5.29,49508,53662,50331,0.076
2357,SRE,Utilities,Utilities - Diversified,NYSE,95.95,60,62,78,69,90.87,59761929402.446,653707401.0,0.0167,-10.07,3802662,3501894,3403654,-0.039
2358,GBCI,Financial Services,Banks - Regional,NYSE,95.94,59,52,45,37,47.79,6136226334.681931,130142654.0,0.0533,-11.48,856433,854834,866716,0.397
2359,JFU,Technology,Information Technology Services,NASDAQ,95.94,59,84,94,99,3.09,33200801.094045162,11773334.0,0.00029999999,-67.41,5405,8691,8191,-0.176
2360,ETV,Financial Services,Asset Management,NYSE,95.91,59,60,63,61,14.67,1719794747.9239998,116754569.0,0.84,-1.87,180624,180904,181650,-0.081
2361,EE,Energy,Oil & Gas Midstream,NYSE,95.9,59,70,80,41,32.12,1026133214.0957985,31837829.0,0.0889,-25.61,350140,378343,379960,0.376
2362,CB,Financial Services,Insurance - Property & Casualty,NYSE,95.89,59,58,71,66,325.13,126547112523.46161,387860106.0,0.0086,-5.94,1997625,1671715,1610145,0.102
2363,TEI,Financial Services,Asset Management,NYSE,95.89,59,62,72,76,6.3,297066747.41837883,47228418.0,0.00090000004,-10.0,136843,151611,161894,0.06
2364,TY,Financial Services,Asset Management,NYSE,95.87,59,57,43,47,34.97,1844536871.4776993,53233385.0,0.02,-1.91,32372,29854,31960,-0.031
2365,DJCO,Technology,Software - Application,NASDAQ,95.86,59,58,74,70,527.52,715602547.0206299,1377722.0,0.1721,-21.82,42291,33320,48468,0.25
2366,TXO,Energy,Oil & Gas E&P,NYSE,95.86,59,36,38,18,13.32,742459270.8993216,55242507.0,0.0234,-18.08,276036,266435,224297,-0.665
2367,ALL,Financial Services,Insurance - Property & Casualty,NYSE,95.85,59,56,55,61,217.18,56892598325.2446,257420930.0,0.0001,-4.59,1662459,1720183,1529965,0.03
2368,EDIT,Healthcare,Biotechnology,NASDAQ,95.84,59,90,73,77,2.65,415881586.83410454,153461838.0,0.0979,-41.59,4423902,2517764,2163006,-0.392
2369,CWAN,Technology,Software - Application,NYSE,95.84,59,71,58,33,24.35,7247032776.917162,297375155.0,0.0805,-2.87,2675571,2867517,3383780,0.744
2370,WAL,Financial Services,Banks - Regional,NYSE,95.84,59,32,29,58,81.9,8751206770.603638,109185360.0,0.0011999999,-15.77,910584,1075238,1049662,0.079
2371,HERZ,Financial Services,Asset Management,NASDAQ,95.84,59,75,50,88,16.82,34817337.7951355,1948368.0,0.0013,-45.74,18362,8960,7898,1.712
2372,CHRS,Healthcare,Biotechnology,NASDAQ,95.82,59,87,90,81,1.42,223662362.3552084,154249900.0,0.1878,-45.72,902016,1212578,1127659,0.62
2373,KPRX,Healthcare,Biotechnology,NASDAQ,95.82,59,38,27,14,2.59,11079850.0,4431940.0,0.0050999997,-23.6,27135,54111,610983,
2374,BMRC,Financial Services,Banks - Regional,NASDAQ,95.81,59,56,46,77,25.97,420932382.0,16189707.0,0.0434,-8.81,84336,99045,103555,0.253
2375,RFMZ,Financial Services,Asset Management,NYSE,95.8,59,56,56,49,13.35,324365395.80843353,24351757.0,0.66,-1.26,54418,70709,66817,
2376,TISI,Industrials,Specialty Business Services,NYSE,95.77,59,39,41,26,17.5,81004885.90108109,4571382.0,0.0056,-17.96,15517,11109,9331,0.083
2377,SON,Consumer Cyclical,Packaging & Containers,NYSE,95.76,59,66,80,32,49.9,4695274206.557812,98868689.0,0.0975,-14.61,1179880,1264916,1334110,-0.019
2378,HOFT,Consumer Cyclical,"Furnishings, Fixtures & Appliances",NASDAQ,95.76,59,74,82,34,12.27,138490455.0612774,10777467.0,0.0218,-23.26,27357,38959,39369,-0.205
2379,NXE,Energy,Uranium,NYSE,95.72,59,88,93,79,9.93,6804428671.131116,661909421.0,7.1,-28.87,7028541,6430230,6017742,
2380,NAC,Financial Services,Asset Management,NYSE,95.72,59,58,64,61,12.08,1877483678.7603416,156326698.0,0.0050999997,-1.39,595859,644383,641719,
2381,KINS,Financial Services,Insurance - Property & Casualty,NASDAQ,95.71,59,25,58,68,15.76,223501101.05042267,14484841.0,0.0273,-18.85,93303,129217,128742,0.232
2382,COLAU,Financial Services,Shell Companies,NASDAQ,95.71,59,38,51,45,11.51,94060394.81220245,7944290.0,0.0,-15.99,219,113,67,
2383,ASPCU,Financial Services,Shell Companies,NASDAQ,95.7,59,32,41,59,11.7,,,2.77,-76.12,3745,2332,1490,
2384,MPLX,Energy,Oil & Gas Midstream,NYSE,95.69,59,59,74,66,56.5,57312159984.61177,1014733719.0,0.018099999,-5.8,1489764,2142198,2134494,-0.028
2385,AMH,Real Estate,REIT - Residential,NYSE,95.69,59,37,32,30,33.47,11997015510.907562,360595592.0,0.028199999,-9.78,2763047,3319885,3089431,0.028
2386,MUJ,Financial Services,Asset Management,NYSE,95.66,59,60,68,63,12.35,651517450.5,53185098.0,0.0046,-2.6,91071,109020,109272,0.02
2387,PW,Real Estate,REIT - Specialty,NYSE ARCA,95.66,59,11,31,19,10.4,3260975.802025795,367227.0,0.0128999995,-46.94,41033,18681,12869,-0.011
2388,BDJ,Financial Services,Asset Management,NYSE,95.66,59,55,61,66,9.22,1619043836.8509579,176944689.0,0.00029999999,-5.53,553942,513284,511936,-0.04
2389,UDR,Real Estate,REIT - Residential,NYSE,95.63,59,39,39,29,39.37,12736693845.49097,324915653.0,0.077199996,-6.75,7394735,5142865,4394909,0.042
2390,AMGN,Healthcare,Drug Manufacturers - General,NASDAQ,95.62,59,56,80,71,344.57,188671211177.86066,539708274.0,0.0228,-11.94,2512031,2670903,2592536,0.058
2391,MSBIP,Financial Services,Banks - Regional,NASDAQ,95.6,59,58,67,60,25.44,,,8.41,-1.93,2986,1865,2689,0.143
2392,CR,Industrials,Specialty Industrial Machinery,NYSE,95.6,59,36,41,67,200.92,10905850293.20517,57745686.0,0.0273,-6.25,461208,568162,551825,0.249
2393,EMA,Utilities,Utilities - Regulated Electric,NYSE,95.59,59,63,77,68,51.66,15833383486.557007,305900000.0,12.96,-4.44,452734,350881,370848,0.051
2394,TOL,Consumer Cyclical,Residential Construction,NYSE,95.57,59,47,68,69,144.14,12890585952.301025,93471000.0,0.0496,-14.39,1009141,1077507,1067228,-0.076
2395,DMAAU,Financial Services,Shell Companies,NASDAQ,95.57,59,43,50,47,11.32,341305374.435997,29171400.0,16.44,-9.44,1912,1246,790,
2396,NMS,Financial Services,Asset Management,NYSE,95.51,59,61,59,52,12.25,76831780.56459045,6231288.0,0.0013,-1.92,7823,12347,12084,
2397,USIO,Technology,Software - Infrastructure,NASDAQ,95.51,59,26,30,42,1.46,41669950.67682409,27595994.0,0.0032,-27.72,66963,95167,65180,0.157
2398,GOOD,Real Estate,REIT - Diversified,NASDAQ,95.51,59,59,50,20,12.78,617189160.75,48406993.0,0.0468,-14.97,562867,492612,427689,0.118
2399,GRRR,Technology,Software - Infrastructure,NASDAQ,95.51,59,39,13,21,16.08,473987126.38142395,27653859.0,0.1305,-42.37,2765409,1556906,1174013,0.546
2400,OHI,Real Estate,REIT - Healthcare Facilities,NYSE,95.5,59,69,80,73,45.67,13243255303.527832,297802000.0,0.043,-7.42,2863454,2479744,2321280,0.167
2401,SBUX,Consumer Cyclical,Restaurants,NASDAQ,95.5,59,72,73,35,97.41,108602014043.42651,1139700000.0,0.0506,-10.53,8237308,8377229,7561397,0.088
2402,BHF,Financial Services,Insurance - Life,NASDAQ,95.44,59,53,60,82,62.78,3598978517.9053116,57445785.0,0.132,-5.35,489118,512409,520637,-0.362
2403,ANGO,Healthcare,Medical Instruments & Supplies,NASDAQ,95.41,59,56,39,84,12.34,493347827.7618933,41318915.0,0.0502,-11.79,304069,295149,391643,0.089
2404,SYBT,Financial Services,Banks - Regional,NASDAQ,95.4,59,44,34,34,73.95,2119485578.2214355,29515188.0,0.0502,-11.79,170489,156339,165347,0.094
2405,AFCG,Financial Services,Asset Management,NASDAQ,95.4,59,54,15,12,3.46,82115665.78438854,23528844.0,0.062800005,-40.14,126153,300841,250082,0.101
2406,GNW,Financial Services,Insurance - Life,NYSE,95.39,59,60,49,74,8.71,3316860098.5174255,383009256.0,0.026199998,-7.83,2568137,2550405,2683205,-0.005
2407,PAM,Industrials,Conglomerates,NYSE,95.38,59,42,60,81,82.55,4402708709.27179,53744004.0,0.012999999,-12.65,261461,261383,255982,0.384
2408,OGE,Utilities,Utilities - Regulated Electric,NYSE,95.38,59,58,71,45,47.4,9864692386.348888,206374321.0,0.064,-5.45,1516067,1525965,1535713,0.007
2409,RMM,Financial Services,Asset Management,NYSE,95.37,59,55,65,48,14.47,286619407.5960846,19739628.0,0.94,-2.76,44741,42847,46294,
2410,CWK,Real Estate,Real Estate Services,NYSE,95.36,59,39,36,71,13.81,3132597725.036435,234300505.0,0.041100003,-20.63,2127601,1862623,1693460,0.11
2411,ANY,Financial Services,Capital Markets,NASDAQ,95.35,59,13,3,9,3.11,26862452.626356125,6649122.0,0.036,-75.32,17491805,5978195,3628759,-0.32
2412,NLY,Real Estate,REIT - Mortgage,NYSE,95.35,59,66,69,71,21.71,15549511076.222494,732776229.0,0.0,-11.46,9161038,6528799,6353901,0.488
2413,UYSCU,Financial Services,Shell Companies,NASDAQ,95.32,59,50,51,49,11.1,74120252.5472641,6677500.0,11.66,-21.16,550,413,264,
2414,CNOBP,Financial Services,Banks - Regional,NASDAQ,95.31,59,57,65,61,24.92,,,0.83,-0.78,5991,5013,5546,0.655
2415,RRR,Consumer Cyclical,Resorts & Casinos,NASDAQ,95.31,59,34,69,76,59.77,3355342699.575409,58465634.0,0.1149,-13.36,874898,943659,917459,0.019
2416,EXR,Real Estate,REIT - Industrial,NYSE,95.3,59,55,55,31,148.23,30698326094.38623,211260936.0,0.0301,-4.48,1025603,1119821,1124520,0.038
2417,HTFL,Healthcare,Health Information Services,NASDAQ,95.29,58,42,17,23,28.67,2423367299.698265,86240828.0,0.0586,-30.45,1091925,1136291,1160763,0.413
2418,CHCO,Financial Services,Banks - Regional,NASDAQ,95.28,58,42,46,55,128.18,1789013608.2544556,14111166.0,0.0884,-4.05,95853,89237,99406,0.055
2419,CET,Financial Services,Asset Management,NYSE ARCA,95.27,58,61,63,65,52.71,1551336412.5,29549265.0,0.0011,-2.89,33100,34103,35084,0.484
2420,MPT,Real Estate,REIT - Healthcare Facilities,NYSE,95.27,58,51,45,63,5.04,2978538011.407852,598100000.0,0.2974,-22.1,5364021,5554907,5246732,0.126
2421,GNTA,Healthcare,Biotechnology,NASDAQ,95.26,58,4,5,4,1.6,48125679.900074005,23591020.0,0.00029999999,-84.0,8435273,2843797,1724860,
2422,LB,Energy,Oil & Gas Equipment & Services,NYSE,95.26,58,63,81,26,67.98,1956540980.1365662,27839229.0,0.122700006,-20.58,341945,369925,346699,0.161
2423,PLUS,Technology,Software - Application,NASDAQ,95.26,58,68,46,81,82.15,2152798304.57917,26151583.0,0.053600002,-12.59,310280,225680,201988,0.217
2424,BOE,Financial Services,Asset Management,NYSE,95.25,58,58,56,61,11.81,651633479.8468351,55600125.0,0.0011,-3.04,122725,114875,125817,-0.018
2425,JLL,Real Estate,Real Estate Services,NYSE,95.22,58,61,59,75,305.61,13719043666.820526,46393575.0,0.0174,-15.82,402162,407014,401934,0.111
2426,WMT,Consumer Defensive,Discount Stores,NASDAQ,95.21,58,69,81,77,118.88,946056428088.8828,7958079155.0,0.0184,-12.04,27486435,22341748,20180619,0.073
2427,FUL,Basic Materials,Specialty Chemicals,NYSE,95.2,58,46,39,48,62.03,3262699222.918709,54487294.0,0.0543,-9.62,756557,613602,614463,-0.023
2428,RLTY,Financial Services,Asset Management,NYSE,95.2,58,58,61,40,15.69,263043438.72509003,16722406.0,0.14,-1.75,47170,45110,46324,
2429,P,Technology,Computer Hardware,NYSE,95.19,58,80,41,63,70.0,23971452822.490417,332152604.0,0.0436,-30.41,5019774,3787708,3316196,
2430,OESX,Industrials,Electrical Equipment & Parts,NASDAQ,95.18,58,49,55,95,9.65,38618148.41693115,4056528.0,0.0128999995,-48.23,87683,54654,49710,0.077
2431,HE,Utilities,Utilities - Regulated Electric,NYSE,95.18,58,60,83,60,13.45,2337486342.3744736,172635624.0,0.14220001,-22.61,1590794,1991451,1764472,0.003
2432,GRMN,Technology,Scientific & Technical Instruments,NYSE,95.18,58,71,68,36,237.85,45623994065.94104,192856206.0,0.0241,-12.98,743778,784586,763805,0.142
2433,DTE,Utilities,Utilities - Regulated Electric,NYSE,95.18,58,54,73,43,145.95,30324288074.80284,208028313.0,0.0296,-5.61,1554685,1674781,1414841,0.158
2434,EONR,Energy,Oil & Gas E&P,NYSE ARCA,95.17,58,93,99,17,0.57,30080942.992692947,49968344.0,0.1084,-63.92,1309131,1968820,4738222,-0.16
2435,NEE,Utilities,Utilities - Regulated Electric,NYSE,95.17,58,72,81,72,84.83,179028356293.00507,2085605358.0,0.0001,-14.1,13006448,12115009,10736719,0.073
2436,IRS,Real Estate,Real Estate Services,NYSE,95.15,58,28,60,71,15.58,1281019531.9290848,84611592.0,0.002,-18.6,227568,198736,181333,0.293
2437,MAN,Industrials,Staffing & Employment Services,NYSE,95.15,58,23,19,13,32.65,1502187111.117714,46507342.0,0.1593,-31.03,878865,850351,1002841,0.103
2438,MITT,Real Estate,REIT - Mortgage,NYSE,95.13,58,57,51,75,7.83,244250682.5405717,31803475.0,0.0002,-15.53,158046,182888,192751,-0.781
2439,LCCCU,Financial Services,Shell Companies,NASDAQ,95.12,58,45,52,47,11.05,,,2.95,-4.74,5928,2636,1625,
2440,UFPT,Healthcare,Medical Devices,NASDAQ,95.11,58,31,40,39,231.12,1732068496.1519775,7736939.0,0.2138,-15.93,186199,220109,213515,0.041
2441,FENC,Healthcare,Biotechnology,NASDAQ,95.08,58,34,48,61,8.77,302212154.37443733,34737030.0,0.0208,-16.08,349378,321846,254721,0.726
2442,AXINU,Financial Services,Shell Companies,NASDAQ,95.06,58,44,52,47,10.95,,,0.0,-6.81,5820,4153,2530,
2443,EMD,Financial Services,Asset Management,NYSE,95.06,58,60,65,67,10.46,602231369.5224962,58130443.0,0.0022,-7.43,215663,212137,218132,-0.03
2444,APOG,Industrials,Building Products & Equipment,NASDAQ,95.04,58,30,27,27,39.45,790200659.213047,21351005.0,0.0251,-21.08,244459,197019,210263,0.016
2445,BHRB,Financial Services,Banks - Regional,NASDAQ,95.04,58,50,49,71,65.49,1299460945.8953705,20149806.0,0.0311,-7.63,200912,171097,154258,0.029
2446,OYSEU,Financial Services,Shell Companies,NASDAQ,95.03,58,43,51,50,11.0,,,,-6.7,10,3,2,
2447,TAVIU,Financial Services,Shell Companies,NASDAQ,95.01,58,45,51,50,11.36,,,7.33,-4.54,297,432,259,
2448,VKQ,Financial Services,Asset Management,NYSE,95.01,58,55,62,55,9.82,537307852.7608824,55335515.0,0.0047,-1.7,161473,252787,256062,0.027
2449,MLP,Real Estate,Real Estate Services,NYSE,95.0,58,35,34,28,17.78,339287468.96445084,19864606.0,0.029000001,-12.59,11210,13676,15180,-0.413
2450,RNR,Financial Services,Insurance - Reinsurance,NYSE,94.99,58,61,75,64,282.74,12298780136.060577,42633041.0,0.0394,-11.14,336792,386890,337930,-0.366
2451,ITUB,Financial Services,Banks - Regional,NYSE,94.99,58,66,84,82,7.53,83102823579.85953,11021594695.0,0.0064,-21.56,19329860,23758596,22027378,-0.021
2452,RGR,Industrials,Aerospace & Defense,NYSE,94.97,58,56,63,24,38.88,618158696.1086998,15944253.0,0.0374,-19.35,114981,127973,133242,0.041
2453,PEN,Healthcare,Medical Devices,NYSE,94.93,58,62,78,75,321.06,12606901607.238007,39331425.0,0.055999998,-11.41,419564,429018,501410,0.156
2454,DCTH,Healthcare,Medical Devices,NASDAQ,94.92,58,54,27,21,11.69,368345976.12379265,34521647.0,0.1082,-29.92,626715,514201,422771,0.263
2455,CI,Healthcare,Healthcare Plans,NYSE,94.91,58,45,37,32,295.0,76576843216.15979,264532404.0,0.025799999,-12.95,1653978,1730359,1596983,0.046
2456,CLLS,Healthcare,Biotechnology,NASDAQ,94.91,58,85,91,98,2.99,307871126.1029649,100611481.0,0.0061000003,-45.44,58478,35112,37523,-0.373
2457,EEA,Financial Services,Asset Management,NYSE,94.89,58,50,53,65,10.65,71483196.55763245,6820916.0,0.0004,-6.82,51026,51778,53797,0.491
2458,ZTO,Industrials,Integrated Freight & Logistics,NYSE,94.89,58,73,80,65,21.94,17050942364.37159,765302596.0,0.0269,-16.26,1529836,1845275,1646383,0.22
2459,OXLCO,Financial Services,Asset Management,NASDAQ,94.89,58,62,60,54,24.22,,,0.32,-3.04,2373,3184,2560,-0.102
2460,GFR,Energy,Oil & Gas E&P,NYSE,94.89,58,72,82,22,5.65,709928120.8610535,125429000.0,0.001,-19.52,177184,221524,231572,-0.191
2461,FSBW,Financial Services,Banks - Regional,NASDAQ,94.87,58,42,43,63,41.75,303180617.8545227,7414542.0,0.026600001,-5.59,13097,11102,13423,0.026
2462,CTEV,Healthcare,Health Information Services,NYSE,94.86,58,39,8,94,28.35,440514870.36128616,17047789.0,0.1155,-61.73,106003,180444,143244,0.058
2463,DX,Real Estate,REIT - Mortgage,NYSE,94.86,58,62,65,72,12.96,2768992148.4679327,215150907.0,0.044899996,-13.19,3394008,4158112,4809695,
2464,TKO,Communication Services,Entertainment,NYSE,94.85,58,39,68,79,204.44,15255172190.579727,74967673.0,0.1435,-9.91,1187709,1319846,1436813,0.259
2465,OBIO,Healthcare,Biotechnology,NASDAQ,94.83,58,71,76,84,4.03,233534794.21067,59880715.0,0.0229,-25.7,175233,240051,201478,-0.873
2466,SYPR,Consumer Cyclical,Auto Parts,NASDAQ,94.83,58,85,92,73,2.62,66272057.03341484,23011130.0,0.0038,-44.73,198966,129612,118681,-0.125
2467,PRDO,Consumer Defensive,Education & Training Services,NASDAQ,94.8,58,69,80,38,34.33,2148836396.6132164,62703133.0,0.0694,-10.83,603570,622606,599136,0.041
2468,TRTX,Real Estate,REIT - Mortgage,NYSE,94.8,58,51,42,66,8.56,657119776.5,77308209.0,0.044499997,-13.1,585489,550876,580459,0.119
2469,CBRL,Consumer Cyclical,Restaurants,NASDAQ,94.8,58,24,22,8,36.3,749653331.8829727,22351023.0,0.4365,-49.53,951934,992014,1012522,-0.079
2470,NPB,Financial Services,Banks - Regional,NYSE,94.8,58,62,69,69,17.83,603453169.2838516,34581842.0,0.0094,-8.45,106516,121355,140837,0.279
2471,BEPC,Utilities,Utilities - Renewable,NYSE,94.78,58,47,76,80,38.86,7061815348.713776,182381589.0,5.68,-13.99,1634478,1759272,1523725,-0.026
2472,DTSQU,Financial Services,Shell Companies,NASDAQ,94.76,58,49,57,55,11.5,,,,-33.53,2750,963,578,
2473,GD,Industrials,Aerospace & Defense,NYSE,94.76,58,56,75,74,345.68,93687834644.50995,270430187.0,0.0115,-6.5,986086,1252775,1293829,0.103
2474,NXPL,Technology,Software - Application,NASDAQ,94.75,58,62,14,16,6.08,17117764.70494604,2708507.0,0.0224,-45.23,33624,19958,22257,-0.322
2475,MBNKO,Financial Services,Banks - Regional,NASDAQ,94.72,58,57,64,60,25.89,,,2.33,-7.54,2406,2632,2639,0.267
2476,QSR,Consumer Cyclical,Restaurants,NYSE,94.69,57,69,68,63,72.67,25211856748.87326,346983973.0,0.0572,-11.33,3421237,3585142,3308207,0.073
2477,NTIP,Industrials,Specialty Business Services,NYSE ARCA,94.69,57,69,67,56,1.46,33610952.36416125,22864593.0,0.0008,-23.16,24445,100648,635041,
2478,EVH,Healthcare,Health Information Services,NYSE,94.69,57,30,9,5,4.72,474670079.140533,112481067.0,0.1344,-60.88,2724148,2759212,2776529,0.026
2479,RFM,Financial Services,Asset Management,NYSE,94.67,57,55,59,45,14.59,88540838.72091293,6114699.0,2.24,-2.08,12337,12395,11877,
2480,BKH,Utilities,Utilities - Regulated Gas,NYSE,94.67,57,66,76,79,67.78,5540604335.110168,76128118.0,0.1594,-13.86,1277041,993650,1002340,-0.03
2481,JMIA,Consumer Cyclical,Internet Retail,NYSE,94.66,57,63,89,98,7.31,809996097.3753977,123852615.0,0.0494,-50.34,2206423,2668397,2517560,0.394
2482,GUG,Financial Services,Asset Management,NYSE,94.66,57,56,60,58,15.87,515973413.6320839,32980083.0,0.81,-3.82,114454,86124,79468,
2483,L,Financial Services,Insurance - Property & Casualty,NYSE,94.65,57,51,72,72,106.95,22134557605.814323,205768873.0,0.025899999,-6.92,1039316,915845,782633,0.014
2484,OFLX,Industrials,Specialty Industrial Machinery,NASDAQ,94.62,57,30,32,24,31.18,304343804.44932175,10094322.0,0.0148,-17.77,37473,45271,43386,-0.01
2485,MTCH,Communication Services,Internet Content & Information,NASDAQ,94.61,57,66,41,42,34.72,8029033397.796234,233266526.0,0.052800003,-11.43,2687014,3475661,3379926,0.039
2486,ABBV,Healthcare,Drug Manufacturers - General,NYSE,94.6,57,39,60,71,225.42,401468325167.2767,1766792821.0,0.014199999,-7.92,5584243,5886611,6180948,0.124
2487,EMR,Industrials,Specialty Industrial Machinery,NYSE,94.57,57,49,57,64,142.42,77361009265.13672,560100000.0,0.0241,-13.76,2339536,2872722,2859427,0.029
2488,BIDU,Communication Services,Internet Content & Information,NASDAQ,94.57,57,79,73,66,121.11,41395139739.98245,340252659.0,0.0322,-26.73,2679580,2806470,2460034,-0.012
2489,ACRE,Real Estate,REIT - Mortgage,NYSE,94.56,57,51,59,66,4.97,276850741.171381,55481113.0,0.0355,-15.62,395796,409778,400145,-0.886
2490,AACBU,Financial Services,Shell Companies,NASDAQ,94.53,57,43,56,53,11.17,295806250.0,25175000.0,0.5,-14.8,1125,375,227,
2491,HIFS,Financial Services,Banks - Regional,NASDAQ,94.52,57,38,55,60,288.07,632566334.6862793,2197250.0,0.1496,-14.77,23392,25374,37772,-0.305
2492,NGG,Utilities,Utilities - Regulated Electric,NYSE,94.52,57,64,84,72,81.08,81462334796.16655,995142123.0,0.0015,-14.33,1088538,1553149,1270833,0.02
2493,RSF,Financial Services,Asset Management,NYSE,94.51,57,55,62,53,14.61,62228928.34321976,4252062.0,2.38,-3.05,9084,10754,10642,
2494,AER,Industrials,Rental & Leasing Services,NYSE,94.51,57,68,68,82,139.02,21593398115.91339,157685101.0,0.0095,-10.27,1393571,1402147,1301732,0.079
2495,CDE,Basic Materials,Gold,NYSE,94.49,57,85,95,93,16.09,16869851464.729013,1030534551.0,0.045100003,-42.06,26841863,22395874,21644942,1.378
2496,SJM,Consumer Defensive,Packaged Foods,NYSE,94.49,57,31,60,40,112.39,11042367046.899452,106648319.0,0.0548,-5.86,1879519,1947946,1891409,0.07
2497,RTX,Industrials,Aerospace & Defense,NYSE,94.49,57,59,86,83,181.56,243736241031.273,1346683428.0,0.0107,-15.36,5528745,5622301,5345081,0.087
2498,FOF,Financial Services,Asset Management,NYSE,94.49,57,62,70,61,13.5,381611318.6430931,27773750.0,0.0022,-10.24,50186,55818,59003,
2499,IEP,Energy,Oil & Gas Refining & Marketing,NASDAQ,94.48,57,57,65,39,7.39,4979894495.183224,672050553.0,0.1175,-24.21,738729,1057709,929827,0.198
2500,ARBB,Technology,Information Technology Services,NASDAQ,94.47,57,17,21,65,5.66,9903086.395687103,1765256.0,0.048499998,-59.25,11722,78107,48422,3.317
2501,BANR,Financial Services,Banks - Regional,NASDAQ,94.47,57,52,38,53,65.37,2203160803.712387,33967943.0,0.0469,-6.39,205474,241408,235582,0.083
2502,IRON,Healthcare,Biotechnology,NASDAQ,94.47,57,59,36,91,68.34,2559338963.0,38199089.0,0.1732,-31.32,472013,488724,450694,
2503,ADAMM,Real Estate,REIT - Mortgage,NASDAQ,94.47,57,59,66,59,25.25,,,1.49,-1.44,9838,10329,13037,0.107
2504,SPXX,Financial Services,Asset Management,NYSE,94.46,57,56,49,57,18.08,324836162.66399384,17976545.0,0.0031,-2.43,253857,241592,276721,-0.082
2505,PBHC,Financial Services,Banks - Regional,NASDAQ,94.45,57,31,34,33,15.03,86777598.80400085,6256496.0,0.0014,-5.83,10456,6105,4355,-0.042
2506,WOR,Industrials,Metal Fabrication,NYSE,94.45,57,33,32,71,58.32,2839514682.461876,49546582.0,0.028299998,-17.75,173608,163942,176791,0.244
2507,LEO,Financial Services,Asset Management,NYSE,94.43,57,57,59,55,6.43,396792732.8513775,62290854.0,0.0011999999,-1.83,215419,213006,215241,0.035
2508,VLGEA,Consumer Defensive,Grocery Stores,NASDAQ,94.42,57,75,75,60,39.7,592527710.0527611,14809491.0,0.0346,-17.65,82078,56782,55191,0.016
2509,AEE,Utilities,Utilities - Regulated Electric,NYSE,94.41,57,59,75,54,107.99,30240648151.283203,276751616.0,0.0403,-6.57,1808824,1807691,1713266,0.037
2510,MIY,Financial Services,Asset Management,NYSE,94.41,57,50,68,57,12.31,351632074.94425774,28964750.0,0.0021,-4.57,56850,59860,65926,0.039
2511,BNT,Financial Services,Insurance - Diversified,NYSE,94.41,57,53,46,66,45.47,12190437659.042305,274374017.0,16.3,-8.8,20902,20140,24770,-0.367
2512,CCIIU,Financial Services,Shell Companies,NASDAQ,94.41,57,42,51,47,11.0,,,0.1,-10.71,965,505,4923,
2513,IBO,Healthcare,Biotechnology,NYSE ARCA,94.4,57,74,28,14,0.58,61134634.94362301,107821231.0,0.066700004,-70.26,88570,63293,89738,
2514,EW,Healthcare,Medical Devices,NYSE,94.39,57,39,62,68,87.54,49495767472.839355,575800000.0,0.0225,-2.17,5725707,5003809,5183557,0.167
2515,PCVX,Healthcare,Biotechnology,NASDAQ,94.37,57,82,84,57,46.88,6838674307.653351,144397682.0,0.096,-27.88,1326590,1593253,1426870,
2516,MBINN,Financial Services,Banks - Regional,NASDAQ,94.37,57,59,62,32,20.55,,,3.43,-4.86,9348,8966,8405,0.158
2517,TRV,Financial Services,Insurance - Property & Casualty,NYSE,94.34,57,56,70,65,300.25,64484503152.25,212644693.0,0.0306,-4.11,1460827,1367205,1387049,0.01
2518,RMI,Financial Services,Asset Management,NYSE,94.31,57,62,72,49,15.24,96892991.58415318,6374539.0,3.6,-6.85,10784,16978,17234,
2519,CCEC,Industrials,Marine Shipping,NASDAQ,94.3,57,39,51,51,22.02,1335119558.4144974,60113445.0,0.0022,-11.32,20868,12972,11561,-0.039
2520,OXLCN,Financial Services,Asset Management,NASDAQ,94.3,57,57,58,55,24.9,,,1.32,-0.8,4205,3271,2813,-0.102
2521,DSM,Financial Services,Asset Management,NYSE,94.29,57,56,60,54,6.13,301515010.3861127,49428691.0,0.0023,-2.7,123242,95734,103058,0.015
2522,PRI,Financial Services,Insurance - Life,NYSE,94.29,57,53,40,34,271.79,8289956572.520752,31184008.0,0.044,-5.64,214416,193375,194061,0.081
2523,VMO,Financial Services,Asset Management,NYSE,94.28,57,56,65,56,9.72,651477006.8093681,67440685.0,0.0033000002,-3.76,258041,287580,275152,-0.004
2524,DAKT,Technology,Electronic Components,NASDAQ,94.28,57,57,76,68,19.29,932058321.070797,48747818.0,0.0476,-31.77,268272,276497,297898,0.216
2525,RELY,Technology,Software - Infrastructure,NASDAQ,94.27,57,88,33,17,18.36,3952231549.2172127,210561079.0,0.069,-26.32,3994868,5473239,4587191,0.252
2526,AZN,Healthcare,Drug Manufacturers - General,NYSE,94.27,57,64,76,79,183.43,288382821914.99414,1550862203.0,0.0014,-13.77,2122241,2051670,1990072,0.125
2527,ATLCP,Financial Services,Credit Services,NASDAQ,94.26,57,52,66,59,24.07,,,0.88,-3.72,10125,6088,5925,0.608
2528,GLPI,Real Estate,REIT - Specialty,NASDAQ,94.25,57,59,67,34,47.82,13359573721.37532,283221841.0,0.06,-4.26,2642610,1958323,2045156,0.063
2529,MEDP,Healthcare,Diagnostics & Research,NASDAQ,94.24,57,38,66,89,466.79,12973238728.25,28559689.0,0.08270001,-25.78,265567,331269,381929,0.265
2530,SPFI,Financial Services,Banks - Regional,NASDAQ,94.2,57,51,66,66,41.46,787464882.4698715,19145754.0,0.0167,-8.05,99332,105914,103844,0.106
2531,OGC,Basic Materials,Gold,NYSE,94.19,57,87,97,96,25.03,5761944192.25,223764823.0,3.44,-42.23,174302,284067,253880,0.985
2532,GDOT,Financial Services,Credit Services,NYSE,94.19,57,62,46,77,12.75,717572146.2512779,56680265.0,0.0327,-17.26,487460,452483,454884,0.174
2533,URBN,Consumer Cyclical,Apparel Retail,NASDAQ,94.18,56,52,39,85,73.78,6394108624.378403,89678939.0,0.1263,-12.53,1090773,1288874,1276526,0.114
2534,KGC,Basic Materials,Gold,NYSE,94.18,56,83,92,94,25.27,31309549299.9301,1194109463.0,2.06,-35.39,7942985,7778075,7944771,0.608
2535,TSQ,Communication Services,Advertising Agencies,NYSE,94.18,56,64,76,15,6.55,116161030.47314453,17953792.0,0.0212,-29.65,46129,61283,93073,-0.019
2536,SPRO,Healthcare,Biotechnology,NASDAQ,94.17,56,91,91,92,2.57,163282206.39465833,57901493.0,0.0343,-20.19,949080,732263,620304,-0.956
2537,ETB,Financial Services,Asset Management,NYSE,94.14,56,60,64,63,15.13,447670649.8766613,29374715.0,0.1,-3.45,60494,51331,58280,-0.102
2538,MTH,Consumer Cyclical,Residential Construction,NYSE,94.13,56,28,34,38,72.09,4564489561.765671,66800665.0,0.0691,-14.93,823599,824373,870383,-0.177
2539,EURKU,Financial Services,Shell Companies,NASDAQ,94.13,56,43,53,52,11.5,,,,-16.67,732,244,146,
2540,CHH,Consumer Cyclical,Lodging,NYSE,94.13,56,33,35,16,108.58,4995859975.257019,45495493.0,0.3464,-20.43,684592,698047,641472,0.035
2541,XNCR,Healthcare,Biotechnology,NASDAQ,94.12,56,77,48,90,11.89,872646618.8593292,74141596.0,0.2052,-36.38,699470,764250,765738,-0.862
2542,FVNNU,Financial Services,Shell Companies,NASDAQ,94.05,56,48,52,50,11.29,,,,-24.48,818,329,197,
2543,DMB,Financial Services,Asset Management,NYSE,94.03,56,57,63,52,10.97,200993226.5642643,18405973.0,0.49,-2.75,38324,43378,45960,-0.0
2544,VTN,Financial Services,Asset Management,NYSE,94.02,56,53,66,68,11.2,161955866.36460972,14643387.0,0.0032,-7.44,15213,23974,22408,-0.172
2545,DDL,Consumer Defensive,Grocery Stores,NYSE,94.02,56,59,75,20,2.47,535709951.9763839,218657119.0,0.0161,-27.57,390405,392838,366759,1.952
2546,AFRM,Financial Services,Credit Services,NASDAQ,94.01,56,60,21,43,65.11,21302897924.055862,334898565.0,0.0647,-34.89,4823910,5132123,5076118,0.326
2547,ATII,Financial Services,Shell Companies,NASDAQ,93.98,56,52,55,50,11.0,325490000.0,29590000.0,0.0023999999,-3.51,370389,335076,307243,
2548,AGNCM,Real Estate,REIT - Mortgage,NASDAQ,93.96,56,54,59,52,25.1,,,1.09,-1.03,16247,13005,21773,
2549,HTZ,Industrials,Rental & Leasing Services,NASDAQ,93.95,56,58,24,49,5.29,1607241470.2518425,315764523.0,0.396,-37.32,5828037,8604862,11467025,0.105
2550,SLI,Basic Materials,Other Industrial Metals & Mining,NYSE ARCA,93.95,56,85,94,97,3.41,846190986.816864,243859072.0,2.45,-46.72,1566002,1688197,1755732,
2551,SYF,Financial Services,Credit Services,NYSE,93.93,56,51,38,82,72.33,23828466711.455383,336370242.0,0.08140001,-18.52,3659863,3780364,3754616,0.061
2552,VKI,Financial Services,Asset Management,NYSE ARCA,93.93,56,56,70,59,9.0,393492891.8722496,44412292.0,0.0011,-6.25,102385,110668,117783,0.002
2553,AGNCN,Real Estate,REIT - Mortgage,NASDAQ,93.92,56,55,59,54,25.84,,,4.24,-1.03,20610,18993,27356,
2554,JGH,Financial Services,Asset Management,NYSE,93.91,56,53,56,42,12.85,358604409.0,28125836.0,0.0018000001,-6.2,92482,83117,78396,
2555,QETA,Financial Services,Shell Companies,NASDAQ,93.91,56,49,58,55,11.97,44860544.56075668,3747748.0,0.0005,-8.42,100,150,552,
2556,NBBK,Financial Services,Banks - Regional,NASDAQ,93.9,56,54,70,71,20.26,873859781.8108749,43846451.0,0.0424,-11.37,177539,251639,291727,0.363
2557,METCB,Basic Materials,Coking Coal,NASDAQ,93.89,56,28,49,68,11.76,779491363.9662237,65174863.0,0.0067000003,-46.17,34110,31130,27518,-0.097
2558,PIPR,Financial Services,Capital Markets,NYSE,93.87,56,48,38,74,79.12,5181161357.692032,67577429.0,0.0507,-16.77,556406,623732,608341,0.328
2559,APD,Basic Materials,Specialty Chemicals,NYSE,93.87,56,62,66,24,282.98,62873893051.23505,222680686.0,0.0143,-8.11,1150715,1125631,1110641,0.088
2560,STRRP,Industrials,Conglomerates,NASDAQ,93.87,56,63,74,63,9.7,,,0.75,-11.17,11687,6819,5547,0.571
2561,CVLT,Technology,Software - Application,NASDAQ,93.85,56,26,10,12,121.77,4895624424.948692,41250627.0,0.082100004,-39.32,739377,745402,908901,0.133
2562,GIL,Consumer Cyclical,Apparel Manufacturing,NYSE,93.84,56,43,69,76,59.19,10668274815.355484,185180953.0,0.039100002,-19.69,852038,1007329,1036995,0.638
2563,SBAC,Real Estate,REIT - Specialty,NASDAQ,93.83,56,57,38,31,204.78,22063229249.490097,106063017.0,0.031400003,-15.78,959120,865760,1198736,0.059
2564,ECCC,Financial Services,Asset Management,NYSE,93.81,56,53,60,63,24.25,,,0.46,-3.0,4860,10050,7814,-0.191
2565,FBK,Financial Services,Banks - Regional,NYSE,93.79,56,43,50,75,53.67,2740017724.883713,51523462.0,0.045500003,-13.94,364693,293931,310812,0.319
2566,WEC,Utilities,Utilities - Regulated Electric,NYSE,93.78,56,50,72,48,113.1,36790714336.06412,325725678.0,0.052199997,-5.45,2299617,2110482,1971101,0.09
2567,EXP,Basic Materials,Building Materials,NYSE,93.78,56,30,30,40,217.38,6583289867.6185,30948147.0,0.08,-10.78,422239,407643,401255,0.019
2568,APP,Communication Services,Advertising Agencies,NASDAQ,93.76,56,54,46,93,520.84,187185505202.02423,335939521.0,0.040999997,-30.15,4967869,4852776,4617027,0.59
2569,NZF,Financial Services,Asset Management,NYSE,93.75,56,55,62,61,12.66,2437111434.2196465,193729050.0,0.0023999999,-2.76,499317,539762,540663,-0.012
2570,FG,Financial Services,Insurance - Life,NYSE,93.75,56,32,13,37,28.23,3684407501.145382,132484990.0,0.099300005,-23.08,574811,932597,791350,0.307
2571,TENB,Technology,Software - Infrastructure,NASDAQ,93.66,56,21,17,16,26.69,3071074490.1154194,110271973.0,0.1658,-25.22,4115443,4062884,3741060,0.096
2572,CIM,Real Estate,REIT - Mortgage,NYSE,93.65,56,67,56,36,13.38,1107473259.1749458,83646018.0,0.0201,-10.08,585393,582921,648480,-0.766
2573,AGNCP,Real Estate,REIT - Mortgage,NASDAQ,93.65,56,53,58,54,25.15,,,0.28,-1.64,33019,53516,94019,
2574,CDLR,Industrials,Engineering & Construction,NYSE,93.63,56,83,82,24,22.89,2296010178.5984535,96471019.0,0.0097,-23.73,82460,88386,87856,0.905
2575,BCAR,Financial Services,Shell Companies,NASDAQ,93.62,56,53,52,45,10.6,431574820.8057003,40561542.0,0.0014,-5.1,840923,849061,630656,
2576,HWKN,Basic Materials,Specialty Chemicals,NASDAQ,93.62,56,75,59,52,155.6,3236028205.163086,20868176.0,0.059699997,-16.41,113491,139593,158652,-0.016
2577,PB,Financial Services,Banks - Regional,NYSE,93.61,56,38,38,57,70.48,6995281290.596817,100854689.0,0.0582,-8.7,909778,890039,903125,0.199
2578,WMG,Communication Services,Entertainment,NASDAQ,93.59,56,62,40,29,29.36,15611952912.224426,521615528.0,0.0784,-17.11,2797386,2954788,2539765,0.167
2579,NNVC,Healthcare,Biotechnology,NYSE ARCA,93.59,56,69,32,28,1.4,31436860.811374903,22780334.0,0.0334,-37.22,3609039,1563746,1032647,
2580,IBM,Technology,Information Technology Services,NYSE,93.57,56,23,35,78,277.49,267716919713.2373,939885280.0,0.0317,-16.53,15210820,10141180,8570062,0.095
2581,ATAI,Healthcare,Biotechnology,NASDAQ,93.56,56,83,87,95,3.89,1454258379.855555,368166674.0,0.0748,-42.37,5797712,4772800,5798940,-0.387
2582,BKHA,Financial Services,Shell Companies,NASDAQ,93.56,56,55,60,56,11.89,49261433.65398216,4153578.0,0.09,-0.75,210,836,674,
2583,CRBU,Healthcare,Biotechnology,NASDAQ,93.53,56,86,85,78,1.84,190426699.74363148,99180575.0,0.0749,-47.95,1921071,1682573,1610874,0.019
2584,DECK,Consumer Cyclical,Footwear & Accessories,NYSE,93.53,56,31,38,23,112.48,15017197498.962059,138880957.0,0.0493,-11.08,1882634,2163754,1951236,0.096
2585,VIASP,Utilities,Utilities - Regulated Electric,NASDAQ,93.53,56,56,65,65,25.51,,,0.73,-4.39,6665,4191,4289,0.102
2586,AX,Financial Services,Banks - Regional,NYSE,93.53,56,45,67,67,88.36,4995039660.471497,56884635.0,0.0802,-13.3,319622,407317,391562,0.193
2587,CHNR,Basic Materials,Other Industrial Metals & Mining,NASDAQ,93.5,56,58,23,23,4.27,5301957.096399307,1256388.0,0.0683,-47.93,86646,47642,31777,
2588,REAL,Consumer Cyclical,Luxury Goods,NASDAQ,93.49,56,72,76,94,9.54,1068726133.5712738,120487728.0,0.1591,-45.15,2766201,3758367,3458990,0.185
2589,IIM,Financial Services,Asset Management,NYSE,93.46,56,50,66,57,12.56,584326816.0053749,47085159.0,0.0016,-4.63,116793,121557,125556,0.018
2590,TGS,Energy,Oil & Gas Integrated,NYSE,93.44,56,49,72,80,29.87,4442795810.578667,150552212.0,0.0081,-17.83,328870,392253,369760,0.132
2591,CLM,Financial Services,Asset Management,NYSE ARCA,93.42,55,60,55,69,7.55,2246331740.4551783,297921983.0,20.28,-11.49,1383494,1546198,1638476,1.473
2592,BIRK,Consumer Cyclical,Footwear & Accessories,NYSE,93.42,55,29,26,35,45.2,7786582439.101837,183906056.0,0.1656,-20.98,2494291,2870057,2528748,0.077
2593,INFU,Healthcare,Medical Devices,NYSE ARCA,93.42,55,63,80,75,9.01,186478931.10077477,20181703.0,0.008,-18.39,142405,218051,168447,-0.03
2594,MNSBP,Financial Services,Banks - Regional,NASDAQ,93.42,55,54,62,57,24.86,,,4.23,-12.0,2361,1883,1486,0.037
2595,REYN,Consumer Cyclical,Packaging & Containers,NASDAQ,93.42,55,34,39,57,23.03,4733835094.456703,210767377.0,0.18100001,-12.27,1004474,1209071,1144150,0.072
2596,NGVC,Consumer Defensive,Grocery Stores,NYSE,93.41,55,24,26,12,30.42,693527667.3893623,23040786.0,0.059899997,-33.84,139076,138918,129033,0.005
2597,MYN,Financial Services,Asset Management,NYSE,93.41,55,54,59,52,10.05,382365798.3016052,38313208.0,0.0015,-2.05,107200,128646,144180,0.065
2598,GROW,Financial Services,Asset Management,NASDAQ,93.41,55,41,87,52,2.78,33119204.26636505,12404196.0,0.00029999999,-23.84,31630,23703,28906,0.313
2599,UTL,Utilities,Utilities - Diversified,NYSE,93.4,55,45,65,43,51.53,921669239.2944603,17990811.0,0.037100002,-6.45,159493,124684,115302,0.27
2600,VNET,Technology,Information Technology Services,NASDAQ,93.39,55,48,81,81,9.28,2516674167.5604973,284691643.0,0.24120001,-35.91,8611433,10225911,8143270,0.198
2601,NNY,Financial Services,Asset Management,NYSE,93.38,55,52,61,53,8.69,162231189.56178284,18886052.0,0.0008,-2.8,27163,32024,33054,
2602,FAST,Industrials,Industrial Distribution,NASDAQ,93.37,55,40,68,47,46.58,53716561555.24749,1148035061.0,0.027999999,-8.0,7210751,6813353,7112860,0.124
2603,WBTN,Communication Services,Internet Content & Information,NASDAQ,93.36,55,73,30,46,11.08,1552494638.4944534,135234730.0,0.24370001,-50.69,347415,346488,329937,-0.015
2604,MED,Consumer Cyclical,Personal Services,NYSE,93.36,55,51,22,20,12.18,134541295.74160576,11119115.0,0.2037,-21.22,182590,199063,203098,-0.343
2605,MBINM,Financial Services,Banks - Regional,NASDAQ,93.36,55,55,62,53,25.4,,,1.3,-2.16,10622,6394,11362,0.158
2606,NVG,Financial Services,Asset Management,NYSE,93.36,55,55,64,59,12.63,2684670731.35128,213577629.0,0.0028,-7.06,456075,543721,561501,-0.02
2607,SIM,Basic Materials,Steel,NYSE ARCA,93.35,55,53,69,61,30.05,4610653659.840111,153432738.0,2.05,-13.13,10,110,118,0.032
2608,MUC,Financial Services,Asset Management,NYSE,93.35,55,53,59,48,10.84,1013419033.0369892,94183923.0,0.00090000004,-1.81,343434,287661,277420,0.073
2609,AMBA,Technology,Semiconductor Equipment & Materials,NASDAQ,93.32,55,73,25,67,65.75,2786507131.2812614,43868185.0,0.0665,-32.0,2655580,1508780,1201088,0.169
2610,VFL,Financial Services,Asset Management,NYSE ARCA,93.31,55,54,56,50,10.21,124990074.28694916,12278003.0,0.0002,-2.76,36335,34961,35421,
2611,KTF,Financial Services,Asset Management,NYSE,93.31,55,54,60,48,9.15,356081103.3973007,39172838.0,0.58,-2.35,94571,119883,137864,-0.015
2612,ARLP,Energy,Thermal Coal,NASDAQ,93.3,55,54,77,41,25.37,3296238589.594763,128658801.0,0.0156,-13.85,284384,362548,383928,-0.045
2613,TSLA,Consumer Cyclical,Auto Manufacturers,NASDAQ,93.29,55,71,70,86,396.68,1468488033561.0,3755723871.0,0.0225,-20.48,45673540,51113730,58916526,0.158
2614,NBH,Financial Services,Asset Management,NYSE ARCA,93.28,55,54,57,48,10.35,302696570.888875,29618059.0,0.0018000001,-2.73,78631,84627,101350,0.005
2615,FTAIM,Industrials,Aerospace & Defense,NASDAQ,93.28,55,54,61,60,26.71,,,2.24,-2.84,4284,4268,3998,0.655
2616,NEA,Financial Services,Asset Management,NYSE,93.28,55,56,63,59,11.56,3438982218.0,299041932.0,0.0044,-2.86,767759,844896,849579,-0.014
2617,VLYPN,Financial Services,Banks - Regional,NASDAQ,93.27,55,55,63,54,26.02,,,0.45,-2.24,22104,12724,26360,0.238
2618,AUBN,Financial Services,Banks - Regional,NASDAQ,93.27,55,44,53,70,25.0,87645793.57302856,3493256.0,0.0019,-13.79,2432,3944,3118,0.115
2619,TDOC,Healthcare,Health Information Services,NYSE,93.27,55,67,18,29,6.93,1272617297.780139,180513087.0,0.1476,-29.07,4778186,5048115,4804413,-0.025
2620,AGNCO,Real Estate,REIT - Mortgage,NASDAQ,93.26,55,55,60,54,25.5,,,0.71,-1.43,13074,13874,32862,
2621,SPCB,Industrials,Security & Protection Services,NASDAQ,93.25,55,70,31,80,9.74,57497625.0909996,5528618.0,0.015,-28.22,96976,104755,78377,0.08
2622,NWS,Communication Services,Entertainment,NASDAQ,93.25,55,53,32,30,31.06,17000525210.705217,545063319.0,0.1767,-12.7,1310347,1349339,1409379,0.088
2623,NKX,Financial Services,Asset Management,NYSE,93.25,55,50,63,54,12.56,670719750.3935966,53443804.0,0.0047999998,-4.85,127015,135875,161399,
2624,EXPE,Consumer Cyclical,Travel Services,NASDAQ,93.25,55,54,67,89,231.06,27470653569.805298,120022077.0,0.0744,-23.94,1504277,1702052,1660229,0.147
2625,TEL,Technology,Electronic Components,NYSE,93.24,55,46,60,84,210.91,62071639875.75943,291895799.0,0.029000001,-16.49,2692907,2765495,2674489,0.145
2626,NIO,Consumer Cyclical,Auto Manufacturers,NYSE,93.23,55,74,79,37,5.28,13430375572.462639,2505667022.0,0.0721,-34.16,42548936,40238498,39165397,1.122
2627,HEI,Industrials,Aerospace & Defense,NYSE,93.23,55,33,43,61,326.42,46287273153.214905,139659277.0,0.0113,-9.75,820991,827100,735192,0.253
2628,CE,Basic Materials,Chemicals,NYSE,93.23,55,71,79,20,50.92,5596079231.304596,109662539.0,0.0892,-27.98,1674359,2005823,2151151,-0.022
2629,GENC,Industrials,Farm & Heavy Construction Machinery,NYSE ARCA,93.22,55,49,65,24,15.01,215175069.83317566,14657702.0,0.0061000003,-13.74,44688,30236,26937,-0.115
2630,DLTR,Consumer Defensive,Discount Stores,NASDAQ,93.21,55,23,68,91,112.15,20908595760.8703,192174588.0,0.0841,-21.24,4963792,4131564,3829580,0.072
2631,POWWP,Industrials,Aerospace & Defense,NASDAQ,93.21,55,61,71,68,23.68,,,0.18,-7.12,2412,3170,5026,0.532
2632,ULH,Industrials,Trucking,NASDAQ,93.21,55,12,17,11,18.22,453822357.96782684,26369691.0,0.0942,-40.77,54858,94629,78199,-0.039
2633,CCL,Consumer Cyclical,Travel Services,NYSE,93.2,55,32,41,66,27.73,37966675594.21448,1385139577.0,0.0427,-18.51,22118464,28360064,27312206,0.061
2634,TACOU,Financial Services,Shell Companies,NASDAQ,93.19,55,47,47,40,11.0,,,0.99,-5.29,613,3451,2750,
2635,PDPA,Financial Services,Asset Management,NYSE,93.19,55,52,58,54,25.25,,,1.68,-3.44,718,1289,1829,
2636,RSKD,Technology,Software - Application,NYSE,93.18,55,39,32,51,4.96,684171199.5,144036042.0,0.019299999,-12.68,1086435,1037268,901631,0.071
2637,EDUC,Communication Services,Publishing,NASDAQ,93.18,55,63,62,24,1.36,11830795.838243961,8511364.0,0.0002,-26.09,63960,58183,49086,-0.37
2638,TV,Communication Services,Telecom Services,NYSE,93.18,55,64,76,85,2.77,1407250240.2114868,527060000.0,0.51,-20.63,1170242,1298097,1229218,-0.031
2639,LZB,Consumer Cyclical,"Furnishings, Fixtures & Appliances",NYSE,93.18,55,36,35,60,37.33,1498575191.9591217,41248971.0,0.0553,-10.5,352931,402190,380146,0.038
2640,VOXR,Basic Materials,Other Precious Metals & Mining,NASDAQ,93.16,55,86,90,93,4.85,347264797.211607,68901746.0,0.0175,-27.61,405557,416172,396391,4.983
2641,IQI,Financial Services,Asset Management,NYSE,93.16,55,54,62,59,9.94,522491920.4120703,52883797.0,0.0021,-4.61,131850,131730,149056,0.009
2642,LLYVK,Communication Services,Entertainment,NASDAQ,93.16,55,65,74,59,94.66,8588613306.7623825,92004429.0,0.0304,-7.76,481774,363131,331704,0.352
2643,SBGI,Communication Services,Broadcasting,NASDAQ,93.14,55,41,45,68,14.08,999493324.3789845,72165581.0,0.2637,-21.25,383414,422368,443044,0.04
2644,SFBS,Financial Services,Banks - Regional,NYSE,93.14,55,38,40,29,79.26,4271899700.8588486,54662823.0,0.0608,-12.56,204422,211044,238146,0.185
2645,HESM,Energy,Oil & Gas Midstream,NYSE,93.1,55,62,67,32,38.58,4982581161.25042,128350881.0,0.0851,-12.6,1412236,2385882,2185369,0.021
2646,MATW,Industrials,Conglomerates,NASDAQ,93.09,55,73,52,67,25.53,790981815.2027855,31202438.0,0.13520001,-17.46,284762,248340,212684,-0.395
2647,EDD,Financial Services,Asset Management,NYSE,93.09,55,55,69,71,5.43,348707204.43478775,64456047.0,0.47,-12.14,366864,312238,373956,
2648,CHT,Communication Services,Telecom Services,NYSE,93.08,55,45,55,44,45.12,34567182892.12317,775744655.0,0.0064,-4.06,138212,136627,142110,0.075
2649,ED,Utilities,Utilities - Regulated Electric,NYSE,93.08,55,48,76,50,106.4,39159967240.564384,368529705.0,0.036,-8.46,2863046,2534625,2226119,0.062
2650,TOWN,Financial Services,Banks - Regional,NASDAQ,93.07,55,48,42,53,34.64,3116915541.9760895,91298055.0,3.7,-8.51,539025,526735,491819,0.362
2651,SVCCU,Financial Services,Shell Companies,NASDAQ,93.07,55,43,53,51,10.98,229982543.420887,21614900.0,0.02,-13.48,2200,733,2474,
2652,ILAG,Industrials,Building Products & Equipment,NASDAQ,93.06,54,69,7,25,3.73,7269318.0,2076948.0,0.0087,-60.98,798,2872,4953,-0.279
2653,VVV,Consumer Cyclical,Auto & Truck Dealerships,NYSE,93.06,54,36,45,20,37.1,4556864044.288616,127536079.0,0.1429,-10.23,1883933,2350054,2175186,0.25
2654,VCIG,Industrials,Consulting Services,NASDAQ,93.04,54,0,0,0,6.04,45080645.75020599,6358342.0,0.0481,-99.91,4902428,5428159,3368025,0.219
2655,DTSQ,Financial Services,Shell Companies,NASDAQ,93.04,54,53,60,57,11.33,41283522.396832466,3653409.0,0.0014,-12.17,1560,2346,2518,
2656,NEXN,Communication Services,Advertising Agencies,NASDAQ,93.04,54,37,39,17,8.55,475298229.99094677,55720779.0,0.060500003,-26.2,221411,270277,277862,0.109
2657,GF,Financial Services,Asset Management,NYSE,93.03,54,53,46,58,11.68,192664793.20248222,16231238.0,0.0028,-8.89,74648,55526,53983,1.191
2658,PNI,Financial Services,Asset Management,NYSE,93.03,54,53,58,42,7.03,78687179.78620529,11209000.0,0.68,-2.36,49492,42174,41614,0.87
2659,XEL,Utilities,Utilities - Regulated Electric,NASDAQ,93.03,54,59,75,64,77.87,49342266593.93585,624269560.0,0.059299998,-7.55,6488899,5680723,5148871,0.029
2660,CWT,Utilities,Utilities - Regulated Water,NYSE,93.01,54,34,52,36,46.39,2742476446.574234,59853262.0,0.039100002,-8.03,611463,517177,537444,0.052
2661,CTRN,Consumer Cyclical,Apparel Retail,NASDAQ,93.0,54,78,86,91,43.69,360026996.72216034,8361054.0,0.14819999,-23.05,141652,126890,110956,0.144
2662,IGA,Financial Services,Asset Management,NYSE,92.98,54,51,57,59,9.69,147737606.71568298,15341392.0,0.0017,-4.15,37617,50389,55603,-0.066
2663,NCA,Financial Services,Asset Management,NYSE,92.97,54,61,67,51,9.21,305053501.53350353,33121987.0,0.0032,-6.02,59701,56260,58670,0.01
2664,PJT,Financial Services,Capital Markets,NYSE,92.96,54,34,25,55,162.0,4060143329.0841675,25824598.0,0.083900005,-17.19,302932,348057,351232,0.289
2665,AGNCL,Real Estate,REIT - Mortgage,NASDAQ,92.95,54,52,61,52,25.21,,,0.48,-0.9,12371,11113,14826,
2666,RMMZ,Financial Services,Asset Management,NYSE,92.95,54,54,57,49,14.82,125303097.41973877,8455000.0,0.0041,-3.07,15671,16643,16978,
2667,GRPN,Communication Services,Internet Content & Information,NASDAQ,92.91,54,36,9,22,16.61,625216276.0246277,37983980.0,0.5812,-61.44,1776116,2044048,2088439,0.0
2668,FCT,Financial Services,Asset Management,NYSE,92.9,54,55,58,58,9.58,248920855.05762482,25983388.0,0.005,-6.9,123234,93908,84618,-0.026
2669,NPV,Financial Services,Asset Management,NYSE,92.88,54,55,58,37,11.51,225362543.35510254,19562720.0,0.0004,-2.54,36152,38957,37450,0.067
2670,GATX,Industrials,Rental & Leasing Services,NYSE,92.87,54,66,60,59,175.05,6073101696.803345,35502758.0,0.0442,-14.84,227767,226535,219313,0.384
2671,LIEN,Financial Services,Asset Management,NASDAQ,92.86,54,35,48,55,9.99,223413575.22946358,22820590.0,0.0045,-12.67,58601,68287,69380,0.401
2672,ALFUU,Financial Services,Shell Companies,NASDAQ,92.86,54,43,51,53,11.3,,,0.0,1.89,1170,390,241,
2673,MIAX,Financial Services,Capital Markets,NYSE,92.84,54,83,65,81,39.8,3721306755.1699677,94907086.0,0.047399998,-30.35,1824913,1468037,1350722,0.13
2674,FRBA,Financial Services,Banks - Regional,NASDAQ,92.83,54,34,41,71,16.2,400528285.54645157,25064349.0,0.0078,-10.55,57376,86772,70543,-0.052
2675,HOV,Consumer Cyclical,Residential Construction,NYSE,92.83,54,27,43,24,114.0,638696073.0,5859597.0,0.0797,-29.66,86011,112947,116266,-0.027
2676,EURK,Financial Services,Shell Companies,NASDAQ,92.83,54,53,61,55,11.44,55013354.35912895,4825733.0,0.0002,-9.64,950,1326,1336,
2677,EIIA,Financial Services,Asset Management,NYSE,92.82,54,54,60,56,25.29,,,0.1,-3.95,1750,2666,4344,
2678,ELLO,Utilities,Utilities - Renewable,NYSE ARCA,92.8,54,64,86,84,21.05,293582788.48423004,13783230.0,0.0001,-30.62,22979,19923,13837,-0.022
2679,RIV,Financial Services,Asset Management,NYSE,92.8,54,57,56,59,11.41,313674686.48413086,27371264.0,0.0011999999,-7.69,70673,71057,71672,
2680,EML,Industrials,Tools & Accessories,NASDAQ,92.79,54,59,36,18,22.11,129664651.0,6030914.0,0.053200003,-17.41,21593,17787,15790,-0.057
2681,CXDO,Communication Services,Telecom Services,NASDAQ,92.78,54,88,47,68,6.82,245384379.17446756,32415373.0,0.026800001,-39.27,1082323,723474,483926,0.29
2682,ASG,Financial Services,Asset Management,NYSE,92.77,54,54,42,49,5.25,326886454.40987587,62862782.0,0.00029999999,-7.73,293913,288701,284782,-0.245
2683,KE,Industrials,Electrical Equipment & Parts,NASDAQ,92.74,54,67,42,85,25.4,587515245.0891495,24048925.0,0.0572,-23.47,188216,170235,153003,-0.058
2684,CINF,Financial Services,Insurance - Property & Casualty,NASDAQ,92.74,54,54,64,67,163.83,25568170546.63376,154686742.0,0.0221,-5.99,644668,638319,670593,0.116
2685,INVA,Healthcare,Biotechnology,NASDAQ,92.74,54,61,70,57,22.54,1662173061.266964,73808749.0,0.1168,-10.38,1005655,828161,760569,0.106
2686,LSF,Consumer Defensive,Packaged Foods,NYSE ARCA,92.71,54,19,17,3,3.39,36314347.8752718,11004348.0,0.011,-56.54,44740,47643,49510,0.15
2687,APM,Healthcare,Biotechnology,NASDAQ,92.71,54,22,14,63,1.12,8225194.492335081,8143757.0,0.0023,-74.94,587407,207389,136095,
2688,VGM,Financial Services,Asset Management,NYSE,92.7,54,58,65,61,10.12,544488956.6512146,54231968.0,0.0067000003,-5.07,281204,217611,200416,0.038
2689,HAS,Consumer Cyclical,Leisure,NASDAQ,92.7,54,72,83,78,84.26,11910686495.739532,141490692.0,0.056700002,-21.24,1951133,1977281,1980360,0.127
2690,GLU,Financial Services,Asset Management,NYSE ARCA,92.67,54,62,76,68,18.81,114535611.74730682,5990356.0,0.00090000004,-13.28,8892,9327,9786,0.219
2691,HBAN,Financial Services,Banks - Regional,NASDAQ,92.66,54,37,38,63,16.82,33488198225.18674,2027130587.0,0.028099999,-13.57,24483950,21369250,21871390,0.336
2692,ICUI,Healthcare,Medical Instruments & Supplies,NASDAQ,92.65,54,30,35,59,142.0,3414373662.1048737,24993585.0,0.078200005,-11.41,305408,302169,285217,-0.123
2693,VCV,Financial Services,Asset Management,NYSE,92.64,54,48,61,57,10.68,517590756.280941,48508974.0,0.0033000002,-6.15,90735,92541,94833,-0.033
2694,LTM,Industrials,Airlines,NYSE,92.63,54,59,69,88,49.26,14145387043.14164,292743939.0,0.0155,-30.05,793618,862459,952625,0.219
2695,FMN,Financial Services,Asset Management,NYSE,92.63,54,54,57,53,11.19,87413079.56607819,7818701.0,0.0019,-1.84,15443,17041,20898,-0.223
2696,WH,Consumer Cyclical,Lodging,NYSE,92.63,54,50,36,28,80.48,6135565036.183182,74860482.0,0.1003,-13.17,1133388,1195982,1178655,0.035
2697,NMRK,Real Estate,Real Estate Services,NASDAQ,92.61,54,58,42,72,15.19,2593679884.4206953,177527717.0,0.029000001,-23.42,1368185,1473288,1443369,0.272
2698,RAAQ,Financial Services,Shell Companies,NASDAQ,92.61,54,63,58,46,10.82,255529992.10357666,23000000.0,0.0033000002,-10.58,371190,268283,257784,
2699,ANIP,Healthcare,Drug Manufacturers - Specialty & Generic,NASDAQ,92.59,54,39,40,69,81.2,1844004879.8561096,22734618.0,0.19440001,-18.39,329456,378118,364915,0.205
2700,OCCIM,Financial Services,Asset Management,NASDAQ,92.58,54,59,56,55,25.06,,,1.24,-3.84,2734,1874,1632,0.092
2701,BRSP,Real Estate,REIT - Mortgage,NYSE,92.58,54,64,54,64,5.55,723043285.5985689,130278065.0,0.0382,-9.98,837978,880599,822553,0.069
2702,DORM,Consumer Cyclical,Auto Parts,NASDAQ,92.57,54,30,23,31,127.98,3796010650.191986,29882789.0,0.0726,-23.31,281813,269164,248824,0.042
2703,MHD,Financial Services,Asset Management,NYSE,92.57,54,53,59,48,11.7,607449806.509552,52141616.0,0.0021,-2.9,369107,387432,420559,0.112
2704,MAA,Real Estate,REIT - Residential,NYSE,92.56,54,34,35,30,138.91,16007564885.687897,116384802.0,0.0279,-9.76,1091483,983467,950028,0.008
2705,MPA,Financial Services,Asset Management,NYSE,92.56,54,54,58,48,11.31,145812836.7639351,12949630.0,0.001,-2.92,33071,28760,29360,0.036
2706,PMM,Financial Services,Asset Management,NYSE,92.54,54,55,63,51,6.23,266423720.35319567,42833397.0,0.0022,-4.45,106740,110823,113044,-0.002
2707,IMPPP,Energy,Oil & Gas Midstream,NASDAQ,92.53,54,58,68,61,25.73,,,1.75,-7.38,452,577,650,0.923
2708,LLYVA,Communication Services,Entertainment,NASDAQ,92.51,54,65,74,58,91.75,8336521367.845047,92004429.0,0.045500003,-8.08,267929,310249,231253,0.352
2709,OCCIN,Financial Services,Asset Management,NASDAQ,92.51,54,51,59,54,24.82,,,0.46,-0.44,3121,2653,2428,0.092
2710,BCE,Communication Services,Telecom Services,NYSE,92.5,53,49,70,53,24.58,22762955050.677853,932525817.0,6.81,-7.32,4895259,3577209,3480787,0.04
2711,AHCO,Healthcare,Medical Devices,NASDAQ,92.5,53,68,69,68,9.81,1345575609.9904861,136054152.0,0.0698,-26.95,1300563,1445621,1387106,0.054
2712,PCQ,Financial Services,Asset Management,NYSE,92.5,53,51,57,44,8.82,168171653.4833908,18981000.0,0.93,-4.03,176594,146088,161042,1.649
2713,UYSC,Financial Services,Shell Companies,NASDAQ,92.49,53,53,55,47,10.69,81867736.90642929,7658348.0,0.0088,-9.02,220,626,3516,
2714,GSHRU,Financial Services,Shell Companies,NASDAQ,92.48,53,44,54,46,10.8,,,,1.89,369,133,79,
2715,BAYA,Financial Services,Shell Companies,NASDAQ,92.46,53,52,62,57,12.05,33270246.7554245,2738292.0,0.02,-10.74,8680,4200,2782,
2716,LHX,Industrials,Aerospace & Defense,NYSE,92.45,53,56,88,73,308.17,57347172264.81088,186294951.0,0.0156,-18.74,1046618,1292979,1301117,1.9
2717,CIG,Utilities,Utilities - Regulated Electric,NYSE,92.44,53,73,73,62,2.08,5978824889.935704,2860681883.0,0.0,-24.64,7382785,6105475,6239477,0.063
2718,HNST,Consumer Defensive,Household & Personal Products,NASDAQ,92.44,53,65,21,10,3.41,357755498.75,110078615.0,0.106800005,-35.42,1590763,1755341,1683002,-0.197
2719,LYV,Communication Services,Entertainment,NYSE,92.44,53,63,68,38,162.66,37250339440.369446,232712799.0,0.1372,-7.18,2224121,2530093,2728218,0.122
2720,CRF,Financial Services,Asset Management,NYSE ARCA,92.43,53,57,55,66,7.19,1167838277.06285,162199765.0,0.111899994,-12.85,1009467,1116272,1126933,12.282
2721,VCEL,Healthcare,Biotechnology,NASDAQ,92.43,53,27,30,34,37.03,1853776637.438034,51068228.0,0.1347,-19.45,565158,649649,626957,0.301
2722,SPME,Financial Services,Asset Management,NYSE,92.42,53,52,61,50,25.22,,,2.13,-3.0,2390,3536,3610,-0.333
2723,PRU,Financial Services,Insurance - Life,NYSE,92.42,53,41,31,67,103.7,36337153648.2969,347325107.0,0.0401,-13.41,1895561,1993213,2100618,0.153
2724,NAN,Financial Services,Asset Management,NYSE,92.4,53,53,59,51,11.44,366761314.8554344,31947851.0,0.0072000003,-1.97,60746,72765,67831,
2725,XOMAO,Healthcare,Biotechnology,NASDAQ,92.4,53,53,60,57,25.4,,,0.02,-3.79,2928,6099,5729,-0.226
2726,NL,Industrials,Security & Protection Services,NYSE,92.39,53,32,45,26,5.97,294370377.74733067,48898734.0,0.0123000005,-30.58,115980,86750,62470,0.007
2727,ITGR,Healthcare,Medical Devices,NYSE,92.39,53,34,35,11,94.1,3123166205.2041397,33954839.0,0.1499,-23.98,488059,615803,535273,0.005
2728,EXK,Basic Materials,Silver,NYSE,92.38,53,91,92,93,7.83,2368550416.0,296068802.0,2.54,-48.32,6293513,7669907,7612816,2.302
2729,O,Real Estate,REIT - Retail,NYSE,92.38,53,58,74,53,61.25,56732845667.48707,932492530.0,0.0419,-9.85,7065202,6118357,5751436,0.12
2730,NWSA,Communication Services,Entertainment,NASDAQ,92.37,53,53,33,30,27.2,14858426200.695093,545063319.0,0.0399,-13.95,4338090,4559730,4644950,0.088
2731,AURA,Healthcare,Biotechnology,NASDAQ,92.37,53,85,34,33,6.35,685452891.3716526,103386558.0,0.0366,-33.4,384520,686413,540086,
2732,TDWDU,Financial Services,Shell Companies,NASDAQ,92.37,53,46,53,42,10.5,,,526.25,-0.24,1067,355,217,
2733,KGEI,Energy,Oil & Gas E&P,NASDAQ,92.36,53,74,37,12,5.26,190981425.0772333,35630862.0,2.55,-36.4,196944,217984,228154,0.195
2734,DHI,Consumer Cyclical,Residential Construction,NYSE,92.36,53,39,44,62,151.07,41289193383.6326,283579613.0,0.0651,-18.14,2184795,2183185,2436445,-0.023
2735,CAPN,Financial Services,Shell Companies,NASDAQ,92.35,53,52,57,52,11.03,58327653.34792709,5288092.0,0.00059999997,-3.58,680,1913,1458,
2736,RIGL,Healthcare,Biotechnology,NASDAQ,92.35,53,28,33,94,30.72,553767260.0463867,18502080.0,0.219,-41.19,332053,409597,379472,0.103
2737,RIBB,Financial Services,Shell Companies,NASDAQ,92.33,53,50,56,49,10.78,51337806.84285545,4793446.0,0.00059999997,-1.91,1051,760,1588,
2738,NMCO,Financial Services,Asset Management,NYSE,92.33,53,56,57,48,10.71,591004144.6558704,55389329.0,0.0093,-2.64,151478,154046,146131,
2739,ULBI,Industrials,Electrical Equipment & Parts,NASDAQ,92.32,53,39,62,22,6.49,111433116.56310225,16656669.0,0.027999999,-31.83,64181,59483,47044,-0.065
2740,CEV,Financial Services,Asset Management,NYSE ARCA,92.32,53,56,65,56,10.27,72023806.39014244,7033575.0,0.32,-4.73,36994,24074,26162,0.058
2741,MMD,Financial Services,Asset Management,NYSE,92.27,53,50,59,44,15.24,286950036.82534504,18779453.0,0.13,-3.67,57968,58749,62923,-0.15
2742,ES,Utilities,Utilities - Regulated Electric,NYSE,92.25,53,45,74,66,69.41,26551249191.147423,376080025.0,0.0299,-9.16,2997109,2625706,2344537,0.094
2743,MBAVU,Financial Services,Shell Companies,NASDAQ,92.24,53,33,46,30,11.6,,,7.75,-30.87,4506,1532,925,
2744,OIA,Financial Services,Asset Management,NYSE,92.23,53,55,61,53,6.07,289186742.17357635,47878600.0,0.0017,-5.16,122996,105245,105479,0.044
2745,FITBI,Financial Services,Banks - Regional,NASDAQ,92.22,53,51,58,57,25.64,,,1.74,-1.35,29643,27527,36028,-0.01
2746,IGR,Financial Services,Asset Management,NYSE,92.21,53,56,57,26,4.57,687355195.184555,151399824.0,2.29,-14.9,694460,625123,607412,-0.153
2747,LGL,Technology,Scientific & Technical Instruments,NYSE ARCA,92.2,53,59,76,28,6.92,46868763.39030075,6685986.0,0.0057,-28.95,25895,12288,9329,0.182
2748,SPKL,Financial Services,Shell Companies,NASDAQ,92.19,53,56,57,50,11.62,100208187.846632,8658791.0,1.6538,-7.67,71931,54243,33216,
2749,PCG,Utilities,Utilities - Regulated Electric,NYSE,92.18,53,40,78,37,16.58,37680066440.2113,2202224728.0,0.0,-13.47,18339354,19229551,20580282,0.15
2750,AMBP,Consumer Cyclical,Packaging & Containers,NYSE,92.18,53,42,76,79,4.07,2354962911.3610296,597706314.0,0.0479,-19.09,1146649,1259756,1243623,0.186
2751,ALTG,Industrials,Rental & Leasing Services,NYSE,92.17,53,56,62,21,6.47,208878169.2822647,32535540.0,0.032899998,-28.03,293096,363788,291791,-0.03
2752,QS,Consumer Cyclical,Auto Parts,NASDAQ,92.17,53,49,43,94,7.32,4718162779.851845,615145076.0,0.19,-61.62,22637441,23983257,22799962,
2753,LEG,Consumer Cyclical,"Furnishings, Fixtures & Appliances",NYSE,92.16,53,36,59,80,10.47,1365688915.786911,136432456.0,0.1864,-19.46,2347131,2786537,3180678,-0.102
2754,WY,Real Estate,REIT - Specialty,NYSE,92.16,53,32,40,28,24.65,17651122738.252888,721042609.0,0.040799998,-11.52,5203510,5365263,4935752,-0.02
2755,GIC,Industrials,Industrial Distribution,NYSE,92.15,53,36,69,56,31.48,1178059273.2390823,38261099.0,0.0217,-18.85,70568,101092,89649,0.092
2756,LBTYA,Communication Services,Telecom Services,NASDAQ,92.15,53,64,68,38,11.74,3976025936.504362,338097437.0,0.0646,-13.17,1660972,1807340,2017582,0.088
2757,MYI,Financial Services,Asset Management,NYSE,92.13,53,52,59,48,10.95,719840323.2589512,66467251.0,0.0008,-4.45,315721,300603,320620,0.063
2758,KFIIU,Financial Services,Shell Companies,NASDAQ,92.12,53,47,45,67,10.99,274562272.9558945,25829000.0,4.71,-10.5,756,272,173,
2759,HRMY,Healthcare,Biotechnology,NASDAQ,92.12,53,25,24,75,34.1,1864144211.3686066,57892676.0,0.153,-16.56,810756,749432,809077,0.166
2760,SPMA,Financial Services,Asset Management,NYSE,92.09,53,53,60,58,25.08,,,0.34,-3.46,5727,5635,4985,-0.333
2761,NAD,Financial Services,Asset Management,NYSE,92.09,53,55,63,61,11.81,2740870417.6642704,233464265.0,0.0026,-4.06,636607,688832,686365,-0.016
2762,IMXI,Technology,Software - Infrastructure,NASDAQ,92.08,53,63,75,64,15.01,449912649.6599312,30094492.0,0.0435,-5.89,482319,692846,555061,-0.149
2763,DCI,Industrials,Specialty Industrial Machinery,NYSE,92.07,53,43,67,80,86.16,9695960011.266235,115911056.0,0.0321,-23.64,1018681,697577,654496,0.058
2764,PMO,Financial Services,Asset Management,NYSE,92.04,53,51,59,55,10.46,292367102.6006756,28058263.0,0.00059999997,-3.77,40907,60579,63001,0.006
2765,WSBCO,Financial Services,Banks - Regional,NASDAQ,92.03,53,52,57,48,25.45,,,0.0018000001,-2.23,4239,27893,21959,1.077
2766,AWP,Financial Services,Asset Management,NYSE,92.03,53,57,62,54,11.47,348870573.6258211,30629549.0,1.64,-9.76,114549,109509,122457,0.461
2767,FINS,Financial Services,Asset Management,NYSE,92.02,53,50,55,57,12.75,424728177.4847517,33416851.0,0.92,-5.9,31186,33042,34599,
2768,ALISU,Financial Services,Shell Companies,NASDAQ,92.02,53,48,58,50,10.64,,,0.1,-4.23,431,217,468,
2769,SSB,Financial Services,Banks - Regional,NYSE,92.02,53,41,45,46,95.66,9309717828.954079,97668043.0,0.0286,-11.8,660366,724938,803799,0.228
2770,WF,Financial Services,Banks - Regional,NYSE,91.99,52,72,87,85,59.34,14693328614.739159,242584261.0,0.0007,-29.95,212772,156887,148868,0.059
2771,MNY,Communication Services,Internet Content & Information,NASDAQ,91.99,52,67,85,73,1.29,59026781.57643199,44082735.0,0.0095,-46.25,51577,32659,28903,0.27
2772,ARTNA,Utilities,Utilities - Regulated Water,NASDAQ,91.99,52,37,54,43,32.98,340293467.0276947,10324438.0,0.0095999995,-5.5,32615,41018,41881,0.073
2773,DIT,Consumer Defensive,Food Distribution,NYSE ARCA,91.98,52,71,43,36,77.5,79139189.82722473,976063.0,0.0034999999,-18.92,384,434,604,0.171
2774,ONBPO,Financial Services,Banks - Regional,NASDAQ,91.97,52,50,58,55,25.0,,,1.96,-1.92,4415,5675,6921,0.462
2775,DYNC,Financial Services,Shell Companies,NASDAQ,91.96,52,46,50,48,10.8,239040000.62159824,22133333.0,0.0078,-29.13,97400,113386,250708,
2776,SBCF,Financial Services,Banks - Regional,NASDAQ,91.96,52,50,59,74,30.78,2932962628.68132,97246772.0,0.0591,-13.42,629817,765345,730959,0.241
2777,VZ,Communication Services,Telecom Services,NYSE,91.96,52,62,82,38,45.78,189445103286.72192,4175558910.0,0.021,-11.42,22867248,21532646,23420437,0.029
2778,LNG,Energy,Oil & Gas Midstream,NYSE,91.95,52,60,78,22,239.4,50045178650.56372,209551868.0,0.019,-20.44,2085644,2302954,2506498,0.242
2779,PLUT,Financial Services,Capital Markets,NASDAQ,91.95,52,23,63,59,3.09,47769199.82433319,15350000.0,0.0008,-26.25,2964,7898,6510,-0.204
2780,STRC,Technology,Software - Application,NASDAQ,91.94,52,58,67,58,96.18,,,0.47,-4.22,4214421,3695133,3798856,0.119
2781,ACNT,Basic Materials,Chemicals,NASDAQ,91.92,52,33,40,80,13.73,122467814.9739027,9038215.0,0.0493,-23.38,60508,69289,80067,0.089
2782,EICA,Financial Services,Asset Management,NYSE,91.92,52,53,59,54,24.95,,,0.48,-3.74,3016,2938,2595,-0.085
2783,PGZ,Financial Services,Asset Management,NYSE,91.89,52,51,57,48,9.92,66271686.44639969,6694110.0,0.0013,-6.77,21968,20482,23629,
2784,MSEX,Utilities,Utilities - Regulated Water,NASDAQ,91.89,52,36,42,36,53.85,993980418.8370705,18624329.0,0.0548,-13.4,108034,114794,145242,0.1
2785,DYN,Healthcare,Biotechnology,NASDAQ,91.88,52,78,77,87,17.92,2816947235.1893005,165313796.0,0.1684,-28.32,1576602,1486667,1610734,
2786,AVB,Real Estate,REIT - Residential,NYSE,91.88,52,51,34,27,186.85,26915969103.863678,141872069.0,0.0394,-10.96,1156084,1163948,1065008,0.025
2787,MGRC,Industrials,Rental & Leasing Services,NASDAQ,91.87,52,46,37,31,112.78,2674285450.139084,24561770.0,0.0186,-12.17,167077,189152,226495,0.016
2788,AFG,Financial Services,Insurance - Property & Casualty,NYSE,91.86,52,53,50,59,131.28,11005583112.008926,83086083.0,0.023599999,-12.49,471848,452469,456091,0.003
2789,BWMN,Industrials,Engineering & Construction,NASDAQ,91.85,52,53,33,72,32.24,567950866.9167862,17507734.0,0.0468,-29.65,99378,121852,111159,0.12
2790,KBDC,Financial Services,Asset Management,NYSE,91.85,52,55,38,56,14.43,951459038.8042068,66350002.0,0.011,-11.36,262169,249823,269879,
2791,U,Technology,Software - Application,NYSE,91.85,52,32,12,90,28.44,12733725895.794977,436534997.0,0.0859,-45.47,10548357,10991949,12044655,0.168
2792,EPSN,Energy,Oil & Gas E&P,NASDAQ,91.84,52,68,46,20,5.83,175139491.27610683,30248617.0,0.1101,-31.41,122527,172079,193735,0.584
2793,VLYPP,Financial Services,Banks - Regional,NASDAQ,91.84,52,52,57,55,25.1,,,17.4,-3.87,8674,3834,3662,0.238
2794,MFM,Financial Services,Asset Management,NYSE,91.84,52,56,57,52,5.38,221177573.7564497,41187631.0,0.53,-5.11,148522,143544,126570,0.014
2795,IQV,Healthcare,Diagnostics & Research,NYSE,91.84,52,36,30,78,186.25,30617804490.66162,166900000.0,0.0342,-24.61,1618716,1799372,1625479,0.084
2796,SENS,Healthcare,Medical Devices,NASDAQ,91.84,52,13,15,14,7.43,348193780.53277016,52202965.0,0.1008,-40.94,545700,1097516,775610,0.718
2797,KVAC,Financial Services,Shell Companies,NASDAQ,91.83,52,51,59,52,12.2,67179555.14971447,5506521.0,0.0001,-2.79,5110,1810,1106,
2798,NYC,Real Estate,Real Estate Services,NYSE,91.82,52,27,36,21,8.99,24118250.76830864,2919885.0,0.0032,-44.85,11398,21912,13971,-0.403
2799,HTHT,Consumer Cyclical,Lodging,NASDAQ,91.82,52,71,83,85,43.71,13838571855.0,307523819.0,0.0401,-22.83,3167019,2287446,2183473,0.111
2800,CCEP,Consumer Defensive,Beverages - Non-Alcoholic,NASDAQ,91.82,52,44,73,60,96.87,41948696676.38618,442777049.0,0.050300002,-12.65,2291113,1888271,1858418,0.002
2801,WFC,Financial Services,Banks - Diversified,NYSE,91.81,52,28,38,79,82.0,250751934609.52576,3060189494.0,0.0,-16.12,15968929,16682846,16534485,0.057
2802,CHSCL,Consumer Defensive,Farm Products,NASDAQ,91.81,52,52,58,50,25.74,,,1.73,-1.3,17256,15895,21089,0.072
2803,WTFCN,Financial Services,Banks - Regional,NASDAQ,91.8,52,55,60,56,26.21,,,1.39,-4.03,70757,36499,31491,0.104
2804,CL,Consumer Defensive,Household & Personal Products,NYSE,91.79,52,41,65,31,87.8,70880770544.99039,800189310.0,0.0277,-11.61,5479663,5436131,5461972,0.084
2805,SBI,Financial Services,Asset Management,NYSE,91.79,52,51,61,50,7.76,108856302.94859886,14082316.0,1.22,-3.12,32053,40101,43266,-0.017
2806,TCBS,Financial Services,Banks - Regional,NASDAQ,91.79,52,53,55,53,16.78,48763123.6993103,2885392.0,0.0011,-16.1,4505,2565,1837,0.121
2807,MQY,Financial Services,Asset Management,NYSE,91.77,52,51,56,41,11.41,813156522.5181198,71833617.0,0.002,-4.44,424178,395116,414303,0.071
2808,AHR,Real Estate,REIT - Healthcare Facilities,NYSE,91.77,52,68,87,86,46.71,9815175089.210037,206722308.0,0.097799994,-14.56,2552472,2586824,2447662,0.209
2809,JFR,Financial Services,Asset Management,NYSE,91.75,52,42,43,40,7.63,1221742780.3116798,160967425.0,0.0013,-11.18,752838,688559,709661,0.043
2810,DSP,Technology,Software - Application,NASDAQ,91.73,52,37,64,38,11.88,242462852.78609276,20021706.0,0.0525,-21.74,297839,268283,240083,0.253
2811,RDN,Financial Services,Insurance - Specialty,NYSE,91.72,52,65,44,63,34.25,4494561523.347977,132975196.0,0.0388,-11.82,1457716,1355815,1179049,0.588
2812,PRTA,Healthcare,Biotechnology,NASDAQ,91.7,52,64,65,69,8.47,460184951.2328825,52353237.0,0.1626,-28.22,484488,527526,491001,17.064
2813,BMN,Financial Services,Asset Management,NYSE,91.7,52,50,64,48,26.44,159777500.0629139,6147653.0,1.21,-5.44,7875,10205,9435,
2814,PTON,Consumer Cyclical,Leisure,NASDAQ,91.69,52,32,10,23,5.57,2498363398.9913344,432991925.0,0.1424,-39.46,12701745,16190871,15422929,0.011
2815,ASND,Healthcare,Biotechnology,NASDAQ,91.69,52,75,79,80,213.23,13001548198.963165,61779750.0,0.0334,-14.96,612200,691433,682892,1.443
2816,PFE,Healthcare,Drug Manufacturers - General,NYSE,91.68,52,56,68,65,25.7,148413531378.757,5699444169.0,0.0276,-10.61,34245571,35735690,35113630,0.054
2817,FT,Financial Services,Asset Management,NYSE,91.68,52,53,66,60,7.92,199295915.10582447,25131894.0,0.48,-5.15,38714,46538,41056,
2818,SCD,Financial Services,Asset Management,NYSE,91.66,52,51,58,35,15.25,353215718.2876148,22906337.0,0.08,-9.5,57769,55506,70835,0.334
2819,BBDC,Financial Services,Asset Management,NYSE,91.65,52,46,40,52,8.46,873255428.5370026,104706884.0,0.0222,-14.72,914023,802487,732752,-0.06
2820,VLYPO,Financial Services,Banks - Regional,NASDAQ,91.65,52,53,57,57,25.07,,,1.2,-2.6,5814,4971,5994,0.238
2821,MGYR,Financial Services,Banks - Regional,NASDAQ,91.63,52,52,64,64,17.25,110189524.51932907,6462729.0,0.0011999999,-13.75,3828,2719,2809,0.072
2822,PPIH,Industrials,Building Products & Equipment,NASDAQ,91.6,52,84,87,92,25.27,253039950.85121727,8123273.0,0.013300001,-31.18,142490,104186,101076,0.225
2823,ACP,Financial Services,Asset Management,NYSE,91.6,52,44,49,41,5.26,653702237.1663265,125470678.0,0.0,-12.19,505516,462458,538205,0.281
2824,FSI,Basic Materials,Specialty Chemicals,NYSE ARCA,91.6,52,55,37,75,6.26,79736740.39538193,12737498.0,0.0072000003,-45.47,13053,23821,23052,0.11
2825,FIVN,Technology,Software - Infrastructure,NASDAQ,91.59,52,51,15,14,21.68,1800785032.8082123,76563988.0,0.136,-28.64,3328478,4106649,3286271,0.092
2826,BWBBP,Financial Services,Banks - Regional,NASDAQ,91.59,52,52,64,56,19.83,,,1.8,-11.79,2410,2580,2020,0.462
2827,SPEGU,Financial Services,Shell Companies,NASDAQ,91.59,52,44,53,49,10.6,,,0.04,-22.4,407,535,423,
2828,SO,Utilities,Utilities - Regulated Electric,NYSE,91.58,52,50,72,40,92.95,104388079954.67503,1127301098.0,0.0231,-7.82,5868474,5744111,5164138,0.08
2829,FERG,Industrials,Industrial Distribution,NYSE,91.57,51,58,69,69,235.44,44524246448.190765,193937826.0,0.0166,-13.33,1460027,1421179,1427565,0.036
2830,DUK,Utilities,Utilities - Regulated Electric,NYSE,91.57,51,50,74,47,123.82,96841443027.39554,779596217.0,0.023,-7.93,3244062,3219204,3208854,0.113
2831,CCI,Real Estate,REIT - Specialty,NYSE,91.56,51,42,42,33,92.57,41240346941.307976,436451983.0,0.0375,-20.03,4272710,3690323,3457508,-0.048
2832,CHD,Consumer Defensive,Household & Personal Products,NYSE,91.55,51,37,63,26,97.03,22921923551.313858,236943602.0,0.0505,-8.5,2090691,2088947,1989482,0.002
2833,EOT,Financial Services,Asset Management,NYSE,91.55,51,51,68,46,17.06,264061158.93956566,15624921.0,0.11,-5.22,55810,37600,35180,
2834,AGNCZ,Real Estate,REIT - Mortgage,NASDAQ,91.55,51,50,57,48,25.38,,,0.6,-3.75,59407,49022,62237,
2835,ETX,Financial Services,Asset Management,NYSE,91.53,51,50,55,57,19.0,205826623.41957092,10896063.0,0.0023,-5.0,11122,12634,14680,
2836,NRO,Financial Services,Asset Management,NYSE ARCA,91.52,51,52,48,34,3.0,188818263.54853106,63361833.0,0.33,-10.98,229298,252066,257239,0.285
2837,PGP,Financial Services,Asset Management,NYSE,91.52,51,60,64,69,8.43,98842915.83575535,11587681.0,0.9,-10.41,40630,41566,35422,0.001
2838,UMBFO,Financial Services,Banks - Regional,NASDAQ,91.52,51,55,62,56,26.47,,,1.32,-5.63,13236,9775,17325,0.49
2839,CHSCM,Consumer Defensive,Farm Products,NASDAQ,91.52,51,53,57,51,24.99,,,1.17,-1.61,20337,19509,24109,0.072
2840,CHAR,Financial Services,Shell Companies,NASDAQ,91.51,51,50,55,50,10.8,115358422.2179203,10671454.0,0.64,-4.42,19850,9713,9072,
2841,CAPNU,Financial Services,Shell Companies,NASDAQ,91.49,51,38,61,45,11.29,,,3.0,-3.98,40,13,18,
2842,AVNT,Basic Materials,Specialty Chemicals,NYSE,91.49,51,50,49,21,35.45,3112642942.0352516,91710167.0,0.0277,-20.96,654561,724490,658860,0.025
2843,XYZ,Technology,Software - Infrastructure,NYSE,91.47,51,74,40,28,68.29,40561586058.17413,595181000.0,0.0456,-17.22,6101914,6026671,5693996,0.049
2844,BOC,Industrials,Conglomerates,NYSE,91.46,51,26,34,40,13.51,417452494.191967,30404407.0,0.069,-6.76,214395,250825,214375,0.019
2845,JBLU,Industrials,Airlines,NASDAQ,91.45,51,39,28,32,4.92,1804291600.4215136,372018894.0,0.2019,-24.31,24622017,25111095,26343569,0.047
2846,TACHU,Financial Services,Shell Companies,NASDAQ,91.45,51,44,53,50,10.66,,,0.73,-3.09,3400,1146,692,
2847,WYNN,Consumer Cyclical,Resorts & Casinos,NASDAQ,91.45,51,30,42,80,107.44,10843637794.325157,103786729.0,0.1079,-20.25,1427972,1502707,1454814,0.092
2848,REGCP,Real Estate,REIT - Retail,NASDAQ,91.44,51,47,51,50,23.3,,,0.56,-5.86,3400,4420,4640,0.1
2849,ENTA,Healthcare,Biotechnology,NASDAQ,91.43,51,92,87,96,11.35,328004118.63523483,29078380.0,0.0907,-33.82,204349,210069,172933,0.15
2850,SLMBP,Financial Services,Credit Services,NASDAQ,91.41,51,50,58,53,74.9,,,3.12,-9.81,3921,3203,3206,0.025
2851,NOEMU,Financial Services,Shell Companies,NASDAQ,91.41,51,60,60,61,11.25,,,0.0,-4.98,99,192,117,
2852,TLNCU,Financial Services,Shell Companies,NASDAQ,91.39,51,46,52,51,10.54,,,2.47,-12.09,1066,385,647,
2853,CCID,Financial Services,Asset Management,NYSE,91.39,51,52,54,48,25.1,,,1.33,-1.68,4026,2698,1973,
2854,NUV,Financial Services,Asset Management,NYSE,91.38,51,54,62,56,9.06,1880326946.8479195,207541596.0,0.0022,-2.16,566866,543985,526317,0.062
2855,RGA,Financial Services,Insurance - Reinsurance,NYSE,91.37,51,52,57,59,203.3,13427578328.326675,65513163.0,0.0154,-11.3,360164,370491,343004,0.235
2856,FE,Utilities,Utilities - Regulated Electric,NYSE,91.37,51,43,80,64,45.91,26850774084.360886,578431175.0,0.0519,-12.29,5111447,5841162,5119709,0.116
2857,VSEC,Industrials,Aerospace & Defense,NASDAQ,91.35,51,64,84,80,178.62,5065999296.621094,28057152.0,0.09060001,-23.21,399494,474044,506160,0.268
2858,PFD,Financial Services,Asset Management,NYSE,91.35,51,49,53,55,11.44,146904730.43228912,12852557.0,0.4,-5.92,23419,23056,20541,-0.009
2859,CUBWU,Financial Services,Shell Companies,NASDAQ,91.34,51,44,46,36,11.05,,,0.23,-14.34,813,292,177,
2860,OC,Industrials,Building Products & Equipment,NYSE,91.34,51,33,28,18,122.9,9598975379.047073,80528319.0,0.0699,-22.91,993672,1164037,1131728,-0.105
2861,FFIN,Financial Services,Banks - Regional,NASDAQ,91.33,51,35,33,27,33.12,4653797020.810738,143281930.0,0.0765,-14.51,894695,779701,730823,0.131
2862,ARDX,Healthcare,Biotechnology,NASDAQ,91.32,51,73,67,77,5.6,1373483377.584865,247029387.0,0.0987,-33.33,2967063,3934947,3591498,0.275
2863,EPRX,Healthcare,Biotechnology,NASDAQ,91.31,51,78,90,87,5.96,388695322.1898737,65326947.0,22.37,-36.05,280011,255247,215206,
2864,PNRG,Energy,Oil & Gas E&P,NASDAQ,91.3,51,84,76,34,184.04,297064809.8754883,1618000.0,0.081099994,-34.01,53937,51689,69569,-0.164
2865,CTVA,Basic Materials,Agricultural Inputs,NYSE,91.3,51,71,77,41,75.01,51519203783.569336,668820000.0,0.0293,-12.4,3586457,3606365,3591239,0.11
2866,BACC,Financial Services,Shell Companies,NASDAQ,91.29,51,50,51,50,10.44,292484226.04667187,27962163.0,0.00029999999,-0.57,85066,63245,41113,
2867,WAFDP,Financial Services,Banks - Regional,NASDAQ,91.28,51,54,55,56,16.35,,,1.39,-6.52,20993,15864,15858,0.092
2868,HBANL,Financial Services,Banks - Regional,NASDAQ,91.26,51,52,54,53,25.19,,,1.69,-4.67,13605,14258,20045,0.336
2869,AIRT,Industrials,Conglomerates,NASDAQ,91.25,51,38,69,31,22.27,58052684.48283005,2702639.0,0.0207,-16.59,860,1006,1284,-0.087
2870,HEPS,Consumer Cyclical,Internet Retail,NASDAQ,91.25,51,52,65,20,2.77,939502316.8811798,357225200.0,0.103999995,-16.82,226037,352105,309517,0.608
2871,NNI,Financial Services,Credit Services,NYSE,91.25,51,37,63,70,128.9,4636566943.825226,35934023.0,0.0275,-10.72,140953,136047,141656,-0.071
2872,FGMC,Financial Services,Shell Companies,NASDAQ,91.24,51,49,54,49,10.32,107488147.67971039,10295800.0,0.0045,-12.24,266729,124313,90329,
2873,TAYD,Industrials,Specialty Industrial Machinery,NASDAQ,91.24,51,36,94,87,54.81,170709505.43041992,3219112.0,0.012999999,-39.35,18140,25286,42210,0.058
2874,PERF,Technology,Software - Application,NYSE,91.21,51,35,21,26,1.69,170087276.19912922,101848671.0,0.00029999999,-36.7,115917,88045,91023,0.12
2875,COLA,Financial Services,Shell Companies,NASDAQ,91.21,51,52,56,49,10.65,48135441.86144924,4494439.0,0.0058,-4.48,77125,69391,42779,
2876,FTAIN,Industrials,Aerospace & Defense,NASDAQ,91.19,51,51,59,54,24.97,,,0.89,-3.55,10430,22726,18070,0.655
2877,UMH,Real Estate,REIT - Residential,NYSE,91.19,51,40,38,39,15.27,1299636155.192995,85166195.0,0.0001,-12.44,643003,766564,713058,0.076
2878,STAG,Real Estate,REIT - Industrial,NYSE,91.18,51,55,60,61,38.01,7124300028.368664,191205055.0,0.0468,-4.95,1152244,1183321,1152164,0.091
2879,KIO,Financial Services,Asset Management,NYSE,91.18,51,41,42,39,11.31,461492967.2807598,40985165.0,0.81,-11.85,141786,170358,181887,
2880,UA,Consumer Cyclical,Apparel Manufacturing,NYSE,91.18,51,54,81,14,5.61,2297891110.959486,426324892.0,8.2,-29.05,2953902,3137357,2925791,-0.008
2881,PRA,Financial Services,Insurance - Property & Casualty,NYSE,91.17,51,49,74,77,24.7,1275226862.2117157,51607726.0,0.2408,-0.6,1317856,1016032,986529,-0.049
2882,NDMO,Financial Services,Asset Management,NYSE,91.17,51,51,49,41,10.37,612408168.7068062,59630783.0,0.0027,-4.16,119786,119892,113833,
2883,HPI,Financial Services,Asset Management,NYSE,91.17,51,51,53,51,16.07,429746110.5289459,26792150.0,1.17,-8.75,48454,53868,59454,0.012
2884,IDT,Communication Services,Telecom Services,NYSE,91.16,51,41,33,25,56.13,1394350677.4466095,24863599.0,0.0235,-21.08,180366,138418,131537,0.045
2885,FSHP,Financial Services,Shell Companies,NASDAQ,91.16,51,49,56,53,11.02,55381199.640499115,5025517.0,0.00029999999,-8.17,73110,26400,16178,
2886,LTC,Real Estate,REIT - Healthcare Facilities,NYSE,91.14,51,59,74,46,36.61,1845091449.751648,51181456.0,0.053400002,-10.27,559094,435848,395936,-0.19
2887,AXIN,Financial Services,Shell Companies,NASDAQ,91.14,51,45,51,45,10.36,282755333.6695776,27266667.0,0.03,-0.86,320626,203385,126205,
2888,YUM,Consumer Cyclical,Restaurants,NYSE,91.13,50,43,67,58,151.63,41582969399.93335,275621202.0,0.0277,-10.48,2361616,2038338,1786107,0.152
2889,VIV,Communication Services,Telecom Services,NYSE,91.13,50,68,88,78,12.81,20467859355.024895,1597803176.0,0.0137,-25.78,1170214,1113728,1051660,0.074
2890,BESS,Utilities,Utilities - Renewable,NYSE ARCA,91.12,50,3,6,86,4.5,24983456.82462454,7097573.0,0.005,-73.71,2182148,918786,565531,
2891,HPF,Financial Services,Asset Management,NYSE,91.11,50,54,54,48,15.79,343165647.9091358,21650829.0,2.43,-7.82,47442,40740,38264,0.013
2892,DTF,Financial Services,Asset Management,NYSE,91.09,50,49,57,50,11.48,80347952.9552536,7029567.0,0.0026,-1.03,8280,10106,11648,-0.052
2893,SAR,Financial Services,Asset Management,NYSE,91.08,50,44,50,49,22.34,363746855.2090454,16267748.0,0.0448,-12.87,91739,102053,104009,-0.006
2894,QSEAU,Financial Services,Shell Companies,NASDAQ,91.07,50,56,52,47,10.71,,,11.0,-7.19,1590,530,326,
2895,YHNAU,Financial Services,Shell Companies,NASDAQ,91.06,50,55,50,50,10.83,,,0.15,-10.2,663,361,216,
2896,NMPAU,Financial Services,Shell Companies,NASDAQ,91.05,50,49,52,50,10.4,,,0.08,-8.85,450,203,302,
2897,HPS,Financial Services,Asset Management,NYSE,91.05,50,55,58,45,14.38,465483427.2600126,32168861.0,3.22,-8.29,66380,53030,57134,0.011
2898,FVN,Financial Services,Shell Companies,NASDAQ,91.04,50,50,56,50,10.86,81852402.87780762,7544000.0,0.0001,0.09,1450,6926,10764,
2899,LMAT,Healthcare,Medical Instruments & Supplies,NASDAQ,91.04,50,70,84,32,96.59,2158937897.4284134,22850739.0,0.0635,-18.15,292155,295245,246907,0.112
2900,ALDFU,Financial Services,Shell Companies,NASDAQ,91.03,50,42,51,45,11.09,,,0.01,-15.34,4570,1623,988,
2901,QSEA,Financial Services,Shell Companies,NASDAQ,91.03,50,49,54,47,10.5,119803950.0,11409900.0,0.0002,-3.27,135677,108969,66673,
2902,NATR,Consumer Defensive,Packaged Foods,NASDAQ,91.02,50,72,89,89,20.14,348004613.18943024,17584871.0,0.0231,-28.43,160160,122410,105680,0.085
2903,CBSH,Financial Services,Banks - Regional,NASDAQ,91.02,50,31,31,31,53.88,7733478120.680855,145777158.0,0.0397,-14.73,1245304,1185828,1183594,0.173
2904,LKFN,Financial Services,Banks - Regional,NASDAQ,91.01,50,46,40,34,60.37,1494566065.956627,24913586.0,0.0919,-13.01,166068,184709,156877,0.188
2905,EFSCP,Financial Services,Banks - Regional,NASDAQ,91.01,50,59,65,52,19.93,,,0.010199999,-17.23,2197,2429,2455,0.126
2906,GCT,Technology,Software - Infrastructure,NASDAQ,91.01,50,85,93,94,32.72,1148067042.8220634,36411894.0,0.1402,-36.91,764150,819840,776992,0.322
2907,AXIA,Utilities,Utilities - Renewable,NYSE,90.99,50,77,84,92,9.83,22040466224.56788,2249027122.0,0.0054,-27.4,2176271,2048020,2424614,0.221
2908,CAAS,Consumer Cyclical,Auto Parts,NASDAQ,90.98,50,63,46,38,4.42,133656204.68085575,30170702.0,0.0029,-14.17,29149,39106,34639,0.214
2909,RFAIU,Financial Services,Shell Companies,NASDAQ,90.97,50,44,54,53,11.03,,,,-18.3,2068,716,429,
2910,WRBY,Healthcare,Medical Instruments & Supplies,NYSE,90.97,50,85,40,73,24.82,2788090077.6581345,122715236.0,0.14039999,-19.94,2471419,3238523,2792931,0.083
2911,TDAC,Financial Services,Shell Companies,NASDAQ,90.97,50,47,54,49,10.72,235286544.98577118,21907500.0,0.02,-0.74,530617,187362,112937,
2912,WIW,Financial Services,Asset Management,NYSE,90.97,50,48,54,53,8.47,517617784.4339895,61184135.0,0.26,-6.2,283738,245342,246313,0.243
2913,CATO,Consumer Cyclical,Apparel Retail,NYSE,90.97,50,38,31,28,3.23,63469169.77239752,19958858.0,0.028900001,-34.35,109767,97102,81277,0.005
2914,NBB,Financial Services,Asset Management,NYSE,90.97,50,51,49,56,15.65,460615766.0826416,29394752.0,0.0039,-5.84,56303,50897,48904,
2915,PVL,Energy,Oil & Gas E&P,NYSE,90.97,50,71,63,63,1.83,60720001.101493835,33000000.0,0.0004,-10.29,62773,85767,97014,85.032
2916,ANSC,Financial Services,Shell Companies,NASDAQ,90.96,50,49,56,53,11.36,472392079.93529606,41547237.0,0.0001,-0.35,98816,76835,48301,
2917,CHSCO,Consumer Defensive,Farm Products,NASDAQ,90.95,50,51,56,48,26.3,,,0.7,-3.84,18380,17736,20656,0.072
2918,REGCO,Real Estate,REIT - Retail,NASDAQ,90.95,50,44,55,50,22.16,,,1.12,-8.58,4188,4149,4087,0.1
2919,IHT,Real Estate,REIT - Hotel & Motel,NYSE ARCA,90.94,50,15,11,10,1.44,13446052.12680173,9402834.0,0.0026,-66.04,21915,16465,15019,0.076
2920,NVAX,Healthcare,Biotechnology,NASDAQ,90.94,50,76,88,22,8.67,1560517711.6731014,164438119.0,0.2771,-27.57,5802955,5857845,4797339,-0.791
2921,NMZ,Financial Services,Asset Management,NYSE,90.93,50,45,56,46,10.28,1196151125.118187,117500107.0,0.0028,-4.55,788787,766749,625493,
2922,SIMA,Financial Services,Shell Companies,NASDAQ,90.93,50,52,56,49,10.88,89180872.88546562,8219435.0,0.0042,-15.66,15744,17524,89264,
2923,APACU,Financial Services,Shell Companies,NASDAQ,90.92,50,50,52,44,10.34,,,0.46,-2.13,838,426,495,
2924,CRSP,Healthcare,Biotechnology,NASDAQ,90.9,50,66,44,71,51.48,5105417210.547485,98484128.0,0.3241,-34.4,1869212,1707800,1738176,0.686
2925,MFA,Real Estate,REIT - Mortgage,NYSE,90.89,50,62,65,50,9.36,947431012.0979977,102093862.0,0.0328,-11.45,1343260,1401996,1356012,-0.465
2926,TLS,Technology,Software - Infrastructure,NASDAQ,90.88,50,64,55,88,4.41,306758610.36468744,74819175.0,0.0242,-47.25,1128592,849967,706708,0.559
2927,LEDS,Technology,Semiconductors,NASDAQ,90.86,50,77,20,25,1.88,15194081.795628905,8257653.0,0.0025,-44.21,40635,58818,44629,-0.902
2928,TREX,Industrials,Building Products & Equipment,NYSE,90.86,50,26,27,10,44.41,4119584763.386879,103898729.0,0.0951,-35.43,1802539,2073473,1908935,0.01
2929,YJ,Consumer Cyclical,Internet Retail,NASDAQ,90.86,50,74,57,20,1.79,7930119.470460415,4925540.0,0.0078,-32.96,28472,11277,8860,-0.183
2930,SKY,Consumer Cyclical,Residential Construction,NYSE,90.85,50,24,42,63,77.64,4104413279.3049774,54893854.0,0.067,-21.71,697050,784136,655974,0.046
2931,HIX,Financial Services,Asset Management,NYSE,90.85,50,43,49,47,3.93,353073266.15177345,90069709.0,0.34,-10.68,408879,413023,380581,-0.081
2932,AEXA,Financial Services,Shell Companies,NYSE,90.82,50,49,55,52,11.24,557422269.421318,49460714.0,0.011,-5.63,107374,122074,103358,
2933,OCFC,Financial Services,Banks - Regional,NASDAQ,90.82,50,54,46,71,18.11,1044865216.5037079,57600069.0,0.0877,-12.13,1278294,890881,795476,0.085
2934,YHNA,Financial Services,Shell Companies,NASDAQ,90.82,50,49,57,53,10.86,46544014.58858013,4285821.0,0.0001,-4.74,10,676,498,
2935,WKEY,Technology,Semiconductors,NASDAQ,90.81,50,78,61,88,7.41,87101149.15726948,11378334.0,0.061300002,-62.58,140769,150119,135257,1.089
2936,CHSCN,Consumer Defensive,Farm Products,NASDAQ,90.8,50,51,58,52,25.05,,,1.37,-2.83,26952,18360,21248,0.072
2937,ADAMZ,Real Estate,REIT - Mortgage,NASDAQ,90.8,50,50,66,54,18.65,,,0.21,-14.13,7927,5739,6461,0.107
2938,PML,Financial Services,Asset Management,NYSE,90.79,50,49,57,41,7.52,494715363.8048172,66494000.0,0.34,-6.12,540776,489752,464637,0.729
2939,CNL,Basic Materials,Gold,NYSE ARCA,90.79,50,84,88,91,13.88,1295570937.55412,92739507.0,23.47,-36.82,66899,58823,61115,
2940,MKLYU,Financial Services,Shell Companies,NASDAQ,90.78,50,44,50,46,10.33,,,1.6,-9.47,910,463,366,
2941,CRWV,Technology,Software - Infrastructure,NASDAQ,90.76,50,80,56,55,98.45,54769806701.95029,545570346.0,0.1714,-47.35,30207699,29414119,30980439,1.116
2942,RDCM,Communication Services,Telecom Services,NASDAQ,90.75,50,77,28,55,12.79,206216799.53185272,16738377.0,0.0145000005,-23.6,373002,275437,222204,0.12
2943,WIA,Financial Services,Asset Management,NYSE,90.75,50,47,53,52,8.08,188443834.780653,23322257.0,0.24,-5.39,49973,46434,45114,0.25
2944,EXC,Utilities,Utilities - Regulated Electric,NASDAQ,90.73,50,40,76,60,45.33,46811772496.5,1023208142.0,0.040799998,-10.5,9045201,8640953,8188632,0.079
2945,HVIIU,Financial Services,Shell Companies,NASDAQ,90.73,50,48,53,51,10.77,259289644.57921982,24008300.0,0.0,-23.07,146,132,140,
>>>>>>> 212d5e8 (RS Ratings update 2026-06-10)
